GCF_002128025.1;protein_0,GCF_002090235.1;protein_0,GCF_002096015.1;protein_0,GCF_041931755.1;protein_77,GCF_001558175.1;protein_0,,,,,
GCF_002128025.1;protein_1,GCF_002090235.1;protein_1,GCF_002096015.1;protein_1,GCF_041931755.1;protein_78,GCF_001558175.1;protein_1,,,,,
GCF_002128025.1;protein_10,GCF_002090235.1;protein_10,GCF_002096015.1;protein_10,GCF_041931755.1;protein_87,GCF_001558175.1;protein_10,,,,,
GCF_002128025.1;protein_101,GCF_002090235.1;protein_101,GCF_002096015.1;protein_101,GCF_041931755.1;protein_177,GCF_001558175.1;protein_100,,,,,
GCF_002128025.1;protein_102,GCF_002090235.1;protein_102,GCF_002096015.1;protein_102,GCF_041931755.1;protein_178,GCF_001558175.1;protein_101,,,,,
GCF_002128025.1;protein_103,GCF_002090235.1;protein_103,GCF_002096015.1;protein_103,GCF_041931755.1;protein_179,GCF_001558175.1;protein_102,,,,,
GCF_002128025.1;protein_108,GCF_002090235.1;protein_108,GCF_002096015.1;protein_108,GCF_041931755.1;protein_184,GCF_001558175.1;protein_107,,,,,
GCF_002128025.1;protein_109,,,GCF_041931755.1;protein_185,GCF_001558175.1;protein_108,,,,,
GCF_002128025.1;protein_11,GCF_002090235.1;protein_11,GCF_002096015.1;protein_11,GCF_041931755.1;protein_88,GCF_001558175.1;protein_11,,,,,
GCF_002128025.1;protein_110,GCF_002090235.1;protein_110,GCF_002096015.1;protein_110,GCF_041931755.1;protein_186,,,,,,
GCF_002128025.1;protein_111,GCF_002090235.1;protein_111,GCF_002096015.1;protein_111,GCF_041931755.1;protein_187,GCF_001558175.1;protein_111,,,,,
GCF_002128025.1;protein_112,GCF_002090235.1;protein_112,GCF_002096015.1;protein_112,GCF_041931755.1;protein_188,GCF_001558175.1;protein_112,,,,,
GCF_002128025.1;protein_113,GCF_002090235.1;protein_113,GCF_002096015.1;protein_113,GCF_041931755.1;protein_189,GCF_001558175.1;protein_113,,,,,
GCF_002128025.1;protein_114,GCF_002090235.1;protein_114,GCF_002096015.1;protein_114,GCF_041931755.1;protein_190,GCF_001558175.1;protein_114,,,,,
GCF_002128025.1;protein_116,GCF_002090235.1;protein_117,GCF_002096015.1;protein_116,GCF_041931755.1;protein_193,GCF_001558175.1;protein_116,,,,,
GCF_002128025.1;protein_117,GCF_002090235.1;protein_118,GCF_002096015.1;protein_117,GCF_041931755.1;protein_194,GCF_001558175.1;protein_117,,,,,
GCF_002128025.1;protein_118,GCF_002090235.1;protein_119,GCF_002096015.1;protein_118,GCF_041931755.1;protein_195,GCF_001558175.1;protein_118,,,,,
GCF_002128025.1;protein_12,GCF_002090235.1;protein_12,GCF_002096015.1;protein_12,GCF_041931755.1;protein_89,GCF_001558175.1;protein_12,,,,,
GCF_002128025.1;protein_120,GCF_002090235.1;protein_121,GCF_002096015.1;protein_120,GCF_041931755.1;protein_197,GCF_001558175.1;protein_120,,,,,
GCF_002128025.1;protein_121,GCF_002090235.1;protein_122,GCF_002096015.1;protein_121,GCF_041931755.1;protein_198,GCF_001558175.1;protein_121,,,,,
GCF_002128025.1;protein_122,GCF_002090235.1;protein_123,GCF_002096015.1;protein_122,,GCF_001558175.1;protein_122,,,,,
GCF_002128025.1;protein_123,GCF_002090235.1;protein_124,GCF_002096015.1;protein_123,GCF_041931755.1;protein_201,GCF_001558175.1;protein_123,,,,,
GCF_002128025.1;protein_124,GCF_002090235.1;protein_125,GCF_002096015.1;protein_124,GCF_041931755.1;protein_202,GCF_001558175.1;protein_124,,,,,
GCF_002128025.1;protein_125,GCF_002090235.1;protein_126,GCF_002096015.1;protein_125,GCF_041931755.1;protein_203,GCF_001558175.1;protein_125,,,,,
GCF_002128025.1;protein_126,GCF_002090235.1;protein_127,GCF_002096015.1;protein_126,GCF_041931755.1;protein_204,GCF_001558175.1;protein_126,,,,,
GCF_002128025.1;protein_127,GCF_002090235.1;protein_128,GCF_002096015.1;protein_127,GCF_041931755.1;protein_205,GCF_001558175.1;protein_127,,,,,
GCF_002128025.1;protein_128,GCF_002090235.1;protein_129,GCF_002096015.1;protein_128,GCF_041931755.1;protein_206,GCF_001558175.1;protein_128,,,,,
GCF_002128025.1;protein_129,GCF_002090235.1;protein_130,GCF_002096015.1;protein_129,GCF_041931755.1;protein_207,GCF_001558175.1;protein_129,,,,,
GCF_002128025.1;protein_13,GCF_002090235.1;protein_13,GCF_002096015.1;protein_13,GCF_041931755.1;protein_90,GCF_001558175.1;protein_13,,,,,
GCF_002128025.1;protein_130,GCF_002090235.1;protein_131,GCF_002096015.1;protein_130,GCF_041931755.1;protein_208,GCF_001558175.1;protein_130,,,,,
GCF_002128025.1;protein_131,GCF_002090235.1;protein_132,GCF_002096015.1;protein_131,GCF_041931755.1;protein_209,GCF_001558175.1;protein_131,,,,,
GCF_002128025.1;protein_132,GCF_002090235.1;protein_133,GCF_002096015.1;protein_132,GCF_041931755.1;protein_210,GCF_001558175.1;protein_132,,,,,
GCF_002128025.1;protein_133,GCF_002090235.1;protein_134,GCF_002096015.1;protein_133,GCF_041931755.1;protein_211,GCF_001558175.1;protein_133,,,,,
GCF_002128025.1;protein_134,GCF_002090235.1;protein_135,GCF_002096015.1;protein_134,GCF_041931755.1;protein_212,GCF_001558175.1;protein_134,,,,,
GCF_002128025.1;protein_135,GCF_002090235.1;protein_136,GCF_002096015.1;protein_135,GCF_041931755.1;protein_213,GCF_001558175.1;protein_135,,,,,
GCF_002128025.1;protein_136,GCF_002090235.1;protein_137,GCF_002096015.1;protein_136,GCF_041931755.1;protein_214,GCF_001558175.1;protein_136,,,,,
GCF_002128025.1;protein_137,GCF_002090235.1;protein_138,GCF_002096015.1;protein_137,GCF_041931755.1;protein_215,GCF_001558175.1;protein_137,,,,,
GCF_002128025.1;protein_139,GCF_002090235.1;protein_140,GCF_002096015.1;protein_139,GCF_041931755.1;protein_217,GCF_001558175.1;protein_139,,,,,
GCF_002128025.1;protein_14,GCF_002090235.1;protein_14,GCF_002096015.1;protein_14,GCF_041931755.1;protein_91,GCF_001558175.1;protein_14,,,,,
GCF_002128025.1;protein_140,GCF_002090235.1;protein_141,GCF_002096015.1;protein_140,GCF_041931755.1;protein_218,GCF_001558175.1;protein_140,,,,,
GCF_002128025.1;protein_144,GCF_002090235.1;protein_145,GCF_002096015.1;protein_144,GCF_041931755.1;protein_225,GCF_001558175.1;protein_144,,,,,
GCF_002128025.1;protein_145,GCF_002090235.1;protein_146,GCF_002096015.1;protein_145,GCF_041931755.1;protein_226,GCF_001558175.1;protein_145,,,,,
GCF_002128025.1;protein_146,GCF_002090235.1;protein_147,GCF_002096015.1;protein_146,GCF_041931755.1;protein_227,GCF_001558175.1;protein_146,,,,,
GCF_002128025.1;protein_147,GCF_002090235.1;protein_148,GCF_002096015.1;protein_147,GCF_041931755.1;protein_228,GCF_001558175.1;protein_147,,,,,
GCF_002128025.1;protein_148,GCF_002090235.1;protein_149,GCF_002096015.1;protein_148,GCF_041931755.1;protein_229,GCF_001558175.1;protein_148,,,,,
GCF_002128025.1;protein_149,GCF_002090235.1;protein_150,GCF_002096015.1;protein_149,GCF_041931755.1;protein_230,GCF_001558175.1;protein_149,,,,,
GCF_002128025.1;protein_15,GCF_002090235.1;protein_15,GCF_002096015.1;protein_15,GCF_041931755.1;protein_92,GCF_001558175.1;protein_15,,,,,
GCF_002128025.1;protein_150,GCF_002090235.1;protein_151,GCF_002096015.1;protein_150,GCF_041931755.1;protein_231,GCF_001558175.1;protein_150,,,,,
GCF_002128025.1;protein_151,GCF_002090235.1;protein_152,GCF_002096015.1;protein_151,GCF_041931755.1;protein_232,GCF_001558175.1;protein_151,,,,,
GCF_002128025.1;protein_152,GCF_002090235.1;protein_153,GCF_002096015.1;protein_152,GCF_041931755.1;protein_233,GCF_001558175.1;protein_152,,,,,
GCF_002128025.1;protein_153,GCF_002090235.1;protein_154,GCF_002096015.1;protein_153,GCF_041931755.1;protein_234,,,,,,
GCF_002128025.1;protein_154,GCF_002090235.1;protein_155,GCF_002096015.1;protein_154,GCF_041931755.1;protein_235,GCF_001558175.1;protein_158,,,,,
GCF_002128025.1;protein_155,GCF_002090235.1;protein_156,GCF_002096015.1;protein_155,GCF_041931755.1;protein_236,GCF_001558175.1;protein_159,,,,,
GCF_002128025.1;protein_156,GCF_002090235.1;protein_157,GCF_002096015.1;protein_156,GCF_041931755.1;protein_237,GCF_001558175.1;protein_160,,,,,
GCF_002128025.1;protein_158,GCF_002090235.1;protein_159,GCF_002096015.1;protein_158,GCF_041931755.1;protein_239,GCF_001558175.1;protein_162,,,,,
GCF_002128025.1;protein_159,GCF_002090235.1;protein_160,GCF_002096015.1;protein_159,GCF_041931755.1;protein_240,GCF_001558175.1;protein_163,,,,,
GCF_002128025.1;protein_16,GCF_002090235.1;protein_16,GCF_002096015.1;protein_16,GCF_041931755.1;protein_93,GCF_001558175.1;protein_16,,,,,
GCF_001558175.1;protein_525,GCF_002096015.1;protein_162,GCF_002090235.1;protein_109,GCF_002090235.1;protein_163,,GCF_041931755.1;protein_602,GCF_001558175.1;protein_166,GCF_041931755.1;protein_243,GCF_002128025.1;protein_162,GCF_002096015.1;protein_109
GCF_002128025.1;protein_163,GCF_002090235.1;protein_164,GCF_002096015.1;protein_163,GCF_041931755.1;protein_244,GCF_001558175.1;protein_167,,,,,
GCF_002128025.1;protein_164,GCF_002090235.1;protein_165,GCF_002096015.1;protein_164,GCF_041931755.1;protein_245,GCF_001558175.1;protein_168,,,,,
GCF_002128025.1;protein_165,GCF_002090235.1;protein_166,GCF_002096015.1;protein_165,GCF_041931755.1;protein_246,GCF_001558175.1;protein_169,,,,,
GCF_002128025.1;protein_166,GCF_002090235.1;protein_167,GCF_002096015.1;protein_166,GCF_041931755.1;protein_247,GCF_001558175.1;protein_170,,,,,
GCF_002128025.1;protein_167,GCF_002090235.1;protein_168,GCF_002096015.1;protein_167,,GCF_001558175.1;protein_171,,,,,
GCF_002128025.1;protein_168,GCF_002090235.1;protein_169,GCF_002096015.1;protein_168,GCF_041931755.1;protein_249,GCF_001558175.1;protein_172,,,,,
GCF_002128025.1;protein_169,GCF_002090235.1;protein_170,GCF_002096015.1;protein_169,GCF_041931755.1;protein_250,GCF_001558175.1;protein_173,,,,,
GCF_002128025.1;protein_17,GCF_002090235.1;protein_17,GCF_002096015.1;protein_17,GCF_041931755.1;protein_94,GCF_001558175.1;protein_17,,,,,
GCF_002128025.1;protein_170,GCF_002090235.1;protein_171,GCF_002096015.1;protein_170,GCF_041931755.1;protein_251,GCF_001558175.1;protein_174,,,,,
GCF_002128025.1;protein_171,GCF_002090235.1;protein_172,GCF_002096015.1;protein_171,GCF_041931755.1;protein_252,GCF_001558175.1;protein_175,,,,,
GCF_002128025.1;protein_172,GCF_002090235.1;protein_173,GCF_002096015.1;protein_172,GCF_041931755.1;protein_253,GCF_001558175.1;protein_176,,,,,
GCF_002128025.1;protein_173,GCF_002090235.1;protein_174,GCF_002096015.1;protein_173,GCF_041931755.1;protein_254,GCF_001558175.1;protein_177,,,,,
GCF_002128025.1;protein_174,GCF_002090235.1;protein_175,GCF_002096015.1;protein_174,GCF_041931755.1;protein_255,GCF_001558175.1;protein_178,,,,,
GCF_002128025.1;protein_175,GCF_002090235.1;protein_176,GCF_002096015.1;protein_175,GCF_041931755.1;protein_256,GCF_001558175.1;protein_179,,,,,
GCF_002128025.1;protein_176,GCF_002090235.1;protein_177,GCF_002096015.1;protein_176,GCF_041931755.1;protein_257,GCF_001558175.1;protein_180,,,,,
GCF_002128025.1;protein_177,GCF_002090235.1;protein_178,GCF_002096015.1;protein_177,GCF_041931755.1;protein_258,GCF_001558175.1;protein_181,,,,,
GCF_002128025.1;protein_178,GCF_002090235.1;protein_179,GCF_002096015.1;protein_178,GCF_041931755.1;protein_259,GCF_001558175.1;protein_182,,,,,
GCF_002128025.1;protein_179,GCF_002090235.1;protein_180,GCF_002096015.1;protein_179,GCF_041931755.1;protein_260,GCF_001558175.1;protein_183,,,,,
GCF_002128025.1;protein_18,GCF_002090235.1;protein_18,GCF_002096015.1;protein_18,GCF_041931755.1;protein_95,GCF_001558175.1;protein_18,,,,,
GCF_002128025.1;protein_180,GCF_002090235.1;protein_181,GCF_002096015.1;protein_180,GCF_041931755.1;protein_261,GCF_001558175.1;protein_184,,,,,
GCF_002128025.1;protein_181,GCF_002090235.1;protein_182,GCF_002096015.1;protein_181,GCF_041931755.1;protein_262,GCF_001558175.1;protein_185,,,,,
GCF_002128025.1;protein_182,GCF_002090235.1;protein_183,GCF_002096015.1;protein_182,GCF_041931755.1;protein_263,GCF_001558175.1;protein_186,,,,,
GCF_002128025.1;protein_183,GCF_002090235.1;protein_184,GCF_002096015.1;protein_183,GCF_041931755.1;protein_264,GCF_001558175.1;protein_187,,,,,
GCF_002128025.1;protein_184,GCF_002090235.1;protein_185,GCF_002096015.1;protein_184,GCF_041931755.1;protein_265,GCF_001558175.1;protein_188,,,,,
GCF_002128025.1;protein_185,GCF_002090235.1;protein_186,GCF_002096015.1;protein_185,GCF_041931755.1;protein_266,GCF_001558175.1;protein_189,,,,,
GCF_002128025.1;protein_186,GCF_002090235.1;protein_187,GCF_002096015.1;protein_186,GCF_041931755.1;protein_267,GCF_001558175.1;protein_190,,,,,
GCF_002128025.1;protein_187,GCF_002090235.1;protein_188,GCF_002096015.1;protein_187,GCF_041931755.1;protein_268,GCF_001558175.1;protein_191,,,,,
GCF_002128025.1;protein_188,GCF_002090235.1;protein_189,GCF_002096015.1;protein_188,GCF_041931755.1;protein_269,GCF_001558175.1;protein_192,,,,,
GCF_002128025.1;protein_189,GCF_002090235.1;protein_190,GCF_002096015.1;protein_189,GCF_041931755.1;protein_270,GCF_001558175.1;protein_193,,,,,
GCF_002128025.1;protein_19,GCF_002090235.1;protein_19,GCF_002096015.1;protein_19,GCF_041931755.1;protein_96,GCF_001558175.1;protein_19,,,,,
GCF_002128025.1;protein_190,GCF_002090235.1;protein_191,GCF_002096015.1;protein_190,GCF_041931755.1;protein_271,GCF_001558175.1;protein_194,,,,,
GCF_002128025.1;protein_191,GCF_002090235.1;protein_192,GCF_002096015.1;protein_191,GCF_041931755.1;protein_272,GCF_001558175.1;protein_195,,,,,
GCF_002128025.1;protein_192,GCF_002090235.1;protein_193,GCF_002096015.1;protein_192,GCF_041931755.1;protein_273,GCF_001558175.1;protein_196,,,,,
GCF_002128025.1;protein_193,GCF_002090235.1;protein_194,GCF_002096015.1;protein_193,GCF_041931755.1;protein_274,GCF_001558175.1;protein_197,,,,,
GCF_002128025.1;protein_194,GCF_002090235.1;protein_195,GCF_002096015.1;protein_194,GCF_041931755.1;protein_275,GCF_001558175.1;protein_198,,,,,
GCF_002128025.1;protein_195,GCF_002090235.1;protein_196,GCF_002096015.1;protein_195,GCF_041931755.1;protein_276,GCF_001558175.1;protein_199,,,,,
GCF_002128025.1;protein_196,GCF_002090235.1;protein_197,GCF_002096015.1;protein_196,GCF_041931755.1;protein_277,GCF_001558175.1;protein_200,,,,,
GCF_002128025.1;protein_197,GCF_002090235.1;protein_198,GCF_002096015.1;protein_197,GCF_041931755.1;protein_278,GCF_001558175.1;protein_201,,,,,
GCF_002128025.1;protein_198,GCF_002090235.1;protein_199,GCF_002096015.1;protein_198,GCF_041931755.1;protein_279,GCF_001558175.1;protein_202,,,,,
GCF_002128025.1;protein_199,GCF_002090235.1;protein_200,GCF_002096015.1;protein_199,GCF_041931755.1;protein_280,GCF_001558175.1;protein_203,,,,,
GCF_002128025.1;protein_2,GCF_002090235.1;protein_2,GCF_002096015.1;protein_2,GCF_041931755.1;protein_79,GCF_001558175.1;protein_2,,,,,
GCF_002128025.1;protein_20,GCF_002090235.1;protein_20,GCF_002096015.1;protein_20,GCF_041931755.1;protein_97,GCF_001558175.1;protein_20,,,,,
GCF_002128025.1;protein_200,GCF_002090235.1;protein_201,GCF_002096015.1;protein_200,GCF_041931755.1;protein_281,GCF_001558175.1;protein_204,,,,,
GCF_002128025.1;protein_201,GCF_002090235.1;protein_202,GCF_002096015.1;protein_201,GCF_041931755.1;protein_282,GCF_001558175.1;protein_205,,,,,
GCF_002128025.1;protein_202,GCF_002090235.1;protein_203,GCF_002096015.1;protein_202,GCF_041931755.1;protein_283,GCF_001558175.1;protein_206,,,,,
GCF_002128025.1;protein_203,GCF_002090235.1;protein_204,GCF_002096015.1;protein_203,GCF_041931755.1;protein_284,GCF_001558175.1;protein_207,,,,,
GCF_002128025.1;protein_204,GCF_002090235.1;protein_205,GCF_002096015.1;protein_204,GCF_041931755.1;protein_285,GCF_001558175.1;protein_208,,,,,
GCF_002128025.1;protein_205,GCF_002090235.1;protein_206,GCF_002096015.1;protein_205,GCF_041931755.1;protein_286,GCF_001558175.1;protein_209,,,,,
GCF_002128025.1;protein_206,GCF_002090235.1;protein_207,GCF_002096015.1;protein_206,GCF_041931755.1;protein_287,GCF_001558175.1;protein_210,,,,,
GCF_002128025.1;protein_207,GCF_002090235.1;protein_208,GCF_002096015.1;protein_207,GCF_041931755.1;protein_288,GCF_001558175.1;protein_211,,,,,
GCF_002128025.1;protein_208,GCF_002090235.1;protein_209,GCF_002096015.1;protein_208,GCF_041931755.1;protein_289,GCF_001558175.1;protein_212,,,,,
GCF_002128025.1;protein_209,GCF_002090235.1;protein_210,GCF_002096015.1;protein_209,GCF_041931755.1;protein_290,GCF_001558175.1;protein_213,,,,,
GCF_002128025.1;protein_21,GCF_002090235.1;protein_21,GCF_002096015.1;protein_21,GCF_041931755.1;protein_98,GCF_001558175.1;protein_21,,,,,
GCF_002128025.1;protein_210,GCF_002090235.1;protein_211,GCF_002096015.1;protein_210,GCF_041931755.1;protein_291,GCF_001558175.1;protein_214,,,,,
GCF_002128025.1;protein_211,GCF_002090235.1;protein_212,GCF_002096015.1;protein_211,GCF_041931755.1;protein_292,GCF_001558175.1;protein_215,,,,,
GCF_002128025.1;protein_212,GCF_002090235.1;protein_213,GCF_002096015.1;protein_212,GCF_041931755.1;protein_293,GCF_001558175.1;protein_216,,,,,
GCF_002128025.1;protein_213,GCF_002090235.1;protein_214,GCF_002096015.1;protein_213,GCF_041931755.1;protein_294,GCF_001558175.1;protein_217,,,,,
GCF_002128025.1;protein_215,GCF_002090235.1;protein_216,GCF_002096015.1;protein_215,GCF_041931755.1;protein_296,GCF_001558175.1;protein_219,,,,,
GCF_002128025.1;protein_216,GCF_002090235.1;protein_217,GCF_002096015.1;protein_216,GCF_041931755.1;protein_297,GCF_001558175.1;protein_220,,,,,
GCF_002128025.1;protein_217,GCF_002090235.1;protein_218,GCF_002096015.1;protein_217,GCF_041931755.1;protein_298,GCF_001558175.1;protein_221,,,,,
GCF_002128025.1;protein_218,GCF_002090235.1;protein_219,GCF_002096015.1;protein_218,GCF_041931755.1;protein_299,GCF_001558175.1;protein_222,,,,,
GCF_002128025.1;protein_22,GCF_002090235.1;protein_22,GCF_002096015.1;protein_22,GCF_041931755.1;protein_99,GCF_001558175.1;protein_22,,,,,
GCF_002128025.1;protein_221,GCF_002090235.1;protein_222,GCF_002096015.1;protein_221,GCF_041931755.1;protein_302,GCF_001558175.1;protein_225,,,,,
GCF_002128025.1;protein_222,GCF_002090235.1;protein_223,GCF_002096015.1;protein_222,GCF_041931755.1;protein_303,GCF_001558175.1;protein_226,,,,,
GCF_002128025.1;protein_223,GCF_002090235.1;protein_224,GCF_002096015.1;protein_223,GCF_041931755.1;protein_304,GCF_001558175.1;protein_227,,,,,
GCF_002128025.1;protein_224,GCF_002090235.1;protein_225,GCF_002096015.1;protein_224,GCF_041931755.1;protein_305,GCF_001558175.1;protein_228,,,,,
GCF_002128025.1;protein_225,GCF_002090235.1;protein_226,GCF_002096015.1;protein_225,GCF_041931755.1;protein_306,GCF_001558175.1;protein_229,,,,,
GCF_002128025.1;protein_226,GCF_002090235.1;protein_227,GCF_002096015.1;protein_226,GCF_041931755.1;protein_307,GCF_001558175.1;protein_230,,,,,
GCF_002128025.1;protein_227,GCF_002090235.1;protein_228,GCF_002096015.1;protein_227,GCF_041931755.1;protein_308,GCF_001558175.1;protein_231,,,,,
GCF_002128025.1;protein_228,GCF_002090235.1;protein_229,GCF_002096015.1;protein_228,GCF_041931755.1;protein_309,GCF_001558175.1;protein_232,,,,,
GCF_002128025.1;protein_229,GCF_002090235.1;protein_230,GCF_002096015.1;protein_229,GCF_041931755.1;protein_310,GCF_001558175.1;protein_233,,,,,
GCF_002128025.1;protein_23,GCF_002090235.1;protein_23,GCF_002096015.1;protein_23,GCF_041931755.1;protein_100,GCF_001558175.1;protein_23,,,,,
GCF_002128025.1;protein_230,GCF_002090235.1;protein_231,GCF_002096015.1;protein_230,GCF_041931755.1;protein_311,GCF_001558175.1;protein_234,,,,,
GCF_002128025.1;protein_231,GCF_002090235.1;protein_232,GCF_002096015.1;protein_231,GCF_041931755.1;protein_312,GCF_001558175.1;protein_235,,,,,
GCF_002128025.1;protein_232,GCF_002090235.1;protein_233,GCF_002096015.1;protein_232,GCF_041931755.1;protein_313,GCF_001558175.1;protein_236,,,,,
GCF_002128025.1;protein_233,GCF_002090235.1;protein_234,GCF_002096015.1;protein_233,GCF_041931755.1;protein_314,GCF_001558175.1;protein_237,,,,,
GCF_002128025.1;protein_234,GCF_002090235.1;protein_235,GCF_002096015.1;protein_234,GCF_041931755.1;protein_315,GCF_001558175.1;protein_238,,,,,
GCF_002128025.1;protein_235,GCF_002090235.1;protein_236,GCF_002096015.1;protein_235,GCF_041931755.1;protein_316,GCF_001558175.1;protein_239,,,,,
GCF_002128025.1;protein_236,GCF_002090235.1;protein_237,GCF_002096015.1;protein_236,GCF_041931755.1;protein_317,GCF_001558175.1;protein_240,,,,,
GCF_002128025.1;protein_237,GCF_002090235.1;protein_238,GCF_002096015.1;protein_237,GCF_041931755.1;protein_318,GCF_001558175.1;protein_241,,,,,
GCF_002128025.1;protein_238,GCF_002090235.1;protein_239,GCF_002096015.1;protein_238,GCF_041931755.1;protein_319,GCF_001558175.1;protein_242,,,,,
GCF_002128025.1;protein_239,GCF_002090235.1;protein_240,GCF_002096015.1;protein_239,GCF_041931755.1;protein_320,GCF_001558175.1;protein_243,,,,,
GCF_002128025.1;protein_24,GCF_002090235.1;protein_24,GCF_002096015.1;protein_24,GCF_041931755.1;protein_101,GCF_001558175.1;protein_24,,,,,
GCF_002128025.1;protein_240,GCF_002090235.1;protein_241,GCF_002096015.1;protein_240,GCF_041931755.1;protein_321,GCF_001558175.1;protein_244,,,,,
GCF_002128025.1;protein_241,GCF_002090235.1;protein_242,GCF_002096015.1;protein_241,GCF_041931755.1;protein_322,GCF_001558175.1;protein_245,,,,,
GCF_002128025.1;protein_242,GCF_002090235.1;protein_243,GCF_002096015.1;protein_242,GCF_041931755.1;protein_323,GCF_001558175.1;protein_246,,,,,
GCF_002128025.1;protein_243,GCF_002090235.1;protein_244,GCF_002096015.1;protein_243,GCF_041931755.1;protein_324,GCF_001558175.1;protein_247,,,,,
GCF_002128025.1;protein_244,GCF_002090235.1;protein_245,GCF_002096015.1;protein_244,GCF_041931755.1;protein_325,GCF_001558175.1;protein_248,,,,,
GCF_002128025.1;protein_245,GCF_002090235.1;protein_246,GCF_002096015.1;protein_245,GCF_041931755.1;protein_326,GCF_001558175.1;protein_249,,,,,
GCF_002128025.1;protein_246,GCF_002090235.1;protein_247,GCF_002096015.1;protein_246,GCF_041931755.1;protein_327,GCF_001558175.1;protein_250,,,,,
GCF_002128025.1;protein_247,GCF_002090235.1;protein_248,GCF_002096015.1;protein_247,GCF_041931755.1;protein_328,GCF_001558175.1;protein_251,,,,,
GCF_002128025.1;protein_248,GCF_002090235.1;protein_249,GCF_002096015.1;protein_248,GCF_041931755.1;protein_329,GCF_001558175.1;protein_252,,,,,
GCF_002128025.1;protein_249,GCF_002090235.1;protein_250,GCF_002096015.1;protein_249,GCF_041931755.1;protein_330,GCF_001558175.1;protein_253,,,,,
GCF_002128025.1;protein_25,GCF_002090235.1;protein_25,GCF_002096015.1;protein_25,GCF_041931755.1;protein_102,GCF_001558175.1;protein_25,,,,,
GCF_002128025.1;protein_250,GCF_002090235.1;protein_251,GCF_002096015.1;protein_250,GCF_041931755.1;protein_331,GCF_001558175.1;protein_254,,,,,
GCF_002128025.1;protein_251,GCF_002090235.1;protein_252,GCF_002096015.1;protein_251,GCF_041931755.1;protein_332,GCF_001558175.1;protein_255,,,,,
GCF_002128025.1;protein_252,GCF_002090235.1;protein_253,GCF_002096015.1;protein_252,GCF_041931755.1;protein_333,GCF_001558175.1;protein_256,,,,,
GCF_002128025.1;protein_253,GCF_002090235.1;protein_254,GCF_002096015.1;protein_253,GCF_041931755.1;protein_334,GCF_001558175.1;protein_257,,,,,
GCF_002128025.1;protein_254,GCF_002090235.1;protein_255,GCF_002096015.1;protein_254,GCF_041931755.1;protein_335,GCF_001558175.1;protein_258,,,,,
GCF_002128025.1;protein_255,GCF_002090235.1;protein_256,GCF_002096015.1;protein_255,GCF_041931755.1;protein_336,GCF_001558175.1;protein_259,,,,,
GCF_002128025.1;protein_256,GCF_002090235.1;protein_257,GCF_002096015.1;protein_256,GCF_041931755.1;protein_337,GCF_001558175.1;protein_260,,,,,
GCF_002128025.1;protein_257,GCF_002090235.1;protein_258,GCF_002096015.1;protein_257,GCF_041931755.1;protein_338,GCF_001558175.1;protein_261,,,,,
GCF_002128025.1;protein_258,GCF_002090235.1;protein_259,GCF_002096015.1;protein_258,GCF_041931755.1;protein_339,GCF_001558175.1;protein_262,,,,,
GCF_002128025.1;protein_259,GCF_002090235.1;protein_260,GCF_002096015.1;protein_259,GCF_041931755.1;protein_340,GCF_001558175.1;protein_263,,,,,
GCF_002128025.1;protein_26,GCF_002090235.1;protein_26,GCF_002096015.1;protein_26,GCF_041931755.1;protein_103,GCF_001558175.1;protein_26,,,,,
GCF_002128025.1;protein_260,GCF_002090235.1;protein_261,GCF_002096015.1;protein_260,GCF_041931755.1;protein_341,GCF_001558175.1;protein_264,,,,,
GCF_002128025.1;protein_261,GCF_002090235.1;protein_262,GCF_002096015.1;protein_261,GCF_041931755.1;protein_342,GCF_001558175.1;protein_265,,,,,
GCF_002128025.1;protein_262,GCF_002090235.1;protein_263,GCF_002096015.1;protein_262,GCF_041931755.1;protein_343,GCF_001558175.1;protein_266,,,,,
GCF_002128025.1;protein_263,GCF_002090235.1;protein_264,GCF_002096015.1;protein_263,GCF_041931755.1;protein_344,GCF_001558175.1;protein_267,,,,,
GCF_002128025.1;protein_264,GCF_002090235.1;protein_265,GCF_002096015.1;protein_264,GCF_041931755.1;protein_345,GCF_001558175.1;protein_268,,,,,
GCF_002128025.1;protein_265,GCF_002090235.1;protein_266,GCF_002096015.1;protein_265,GCF_041931755.1;protein_346,GCF_001558175.1;protein_269,,,,,
GCF_002128025.1;protein_266,GCF_002090235.1;protein_267,GCF_002096015.1;protein_266,GCF_041931755.1;protein_347,GCF_001558175.1;protein_270,,,,,
GCF_002128025.1;protein_267,GCF_002090235.1;protein_268,GCF_002096015.1;protein_267,GCF_041931755.1;protein_348,GCF_001558175.1;protein_271,,,,,
GCF_002128025.1;protein_268,GCF_002090235.1;protein_269,GCF_002096015.1;protein_268,GCF_041931755.1;protein_349,GCF_001558175.1;protein_272,,,,,
GCF_002128025.1;protein_269,GCF_002090235.1;protein_270,GCF_002096015.1;protein_269,GCF_041931755.1;protein_350,GCF_001558175.1;protein_273,,,,,
GCF_002128025.1;protein_27,GCF_002090235.1;protein_27,GCF_002096015.1;protein_27,GCF_041931755.1;protein_104,GCF_001558175.1;protein_27,,,,,
GCF_002128025.1;protein_270,GCF_002090235.1;protein_271,GCF_002096015.1;protein_270,GCF_041931755.1;protein_351,GCF_001558175.1;protein_274,,,,,
GCF_002128025.1;protein_271,GCF_002090235.1;protein_272,GCF_002096015.1;protein_271,GCF_041931755.1;protein_352,GCF_001558175.1;protein_275,,,,,
GCF_002128025.1;protein_272,GCF_002090235.1;protein_273,GCF_002096015.1;protein_272,GCF_041931755.1;protein_353,GCF_001558175.1;protein_276,,,,,
GCF_002128025.1;protein_273,GCF_002090235.1;protein_274,GCF_002096015.1;protein_273,GCF_041931755.1;protein_354,GCF_001558175.1;protein_277,,,,,
GCF_002128025.1;protein_274,GCF_002090235.1;protein_275,GCF_002096015.1;protein_274,GCF_041931755.1;protein_355,GCF_001558175.1;protein_278,,,,,
GCF_002128025.1;protein_275,GCF_002090235.1;protein_276,GCF_002096015.1;protein_275,GCF_041931755.1;protein_356,GCF_001558175.1;protein_279,,,,,
GCF_002128025.1;protein_276,GCF_002090235.1;protein_277,GCF_002096015.1;protein_276,GCF_041931755.1;protein_357,GCF_001558175.1;protein_280,,,,,
GCF_002128025.1;protein_277,GCF_002090235.1;protein_278,GCF_002096015.1;protein_277,GCF_041931755.1;protein_358,GCF_001558175.1;protein_281,,,,,
GCF_002128025.1;protein_278,GCF_002090235.1;protein_279,GCF_002096015.1;protein_278,GCF_041931755.1;protein_359,GCF_001558175.1;protein_282,,,,,
GCF_002128025.1;protein_279,GCF_002090235.1;protein_280,GCF_002096015.1;protein_279,GCF_041931755.1;protein_360,GCF_001558175.1;protein_283,,,,,
GCF_002128025.1;protein_28,GCF_002090235.1;protein_28,GCF_002096015.1;protein_28,GCF_041931755.1;protein_105,GCF_001558175.1;protein_28,,,,,
GCF_002128025.1;protein_280,GCF_002090235.1;protein_281,GCF_002096015.1;protein_280,GCF_041931755.1;protein_361,GCF_001558175.1;protein_284,,,,,
GCF_002128025.1;protein_281,GCF_002090235.1;protein_282,GCF_002096015.1;protein_281,GCF_041931755.1;protein_362,GCF_001558175.1;protein_285,,,,,
GCF_002128025.1;protein_282,GCF_002090235.1;protein_283,GCF_002096015.1;protein_282,GCF_041931755.1;protein_363,GCF_001558175.1;protein_286,,,,,
GCF_002128025.1;protein_283,GCF_002090235.1;protein_284,GCF_002096015.1;protein_283,GCF_041931755.1;protein_364,GCF_001558175.1;protein_287,,,,,
GCF_002128025.1;protein_284,GCF_002090235.1;protein_285,GCF_002096015.1;protein_284,GCF_041931755.1;protein_365,GCF_001558175.1;protein_288,,,,,
GCF_002128025.1;protein_285,GCF_002090235.1;protein_286,GCF_002096015.1;protein_285,GCF_041931755.1;protein_366,GCF_001558175.1;protein_289,,,,,
GCF_002128025.1;protein_287,GCF_002090235.1;protein_288,GCF_002096015.1;protein_287,GCF_041931755.1;protein_368,GCF_001558175.1;protein_291,,,,,
GCF_002128025.1;protein_288,GCF_002090235.1;protein_289,,GCF_041931755.1;protein_369,,,,,,
GCF_002128025.1;protein_289,GCF_002090235.1;protein_290,GCF_002096015.1;protein_289,GCF_041931755.1;protein_370,GCF_001558175.1;protein_293,,,,,
GCF_002128025.1;protein_29,GCF_002090235.1;protein_29,GCF_002096015.1;protein_29,GCF_041931755.1;protein_106,GCF_001558175.1;protein_29,,,,,
GCF_002128025.1;protein_290,GCF_002090235.1;protein_291,GCF_002096015.1;protein_290,GCF_041931755.1;protein_371,GCF_001558175.1;protein_294,,,,,
GCF_002128025.1;protein_291,GCF_002090235.1;protein_292,GCF_002096015.1;protein_291,GCF_041931755.1;protein_372,GCF_001558175.1;protein_295,,,,,
GCF_002128025.1;protein_292,GCF_002090235.1;protein_293,GCF_002096015.1;protein_292,GCF_041931755.1;protein_373,GCF_001558175.1;protein_296,,,,,
GCF_002128025.1;protein_293,GCF_002090235.1;protein_294,GCF_002096015.1;protein_293,GCF_041931755.1;protein_374,GCF_001558175.1;protein_297,,,,,
GCF_002128025.1;protein_294,GCF_002090235.1;protein_295,GCF_002096015.1;protein_294,GCF_041931755.1;protein_375,GCF_001558175.1;protein_298,,,,,
GCF_002128025.1;protein_295,GCF_002090235.1;protein_296,GCF_002096015.1;protein_295,GCF_041931755.1;protein_376,GCF_001558175.1;protein_299,,,,,
GCF_002128025.1;protein_296,GCF_002090235.1;protein_297,GCF_002096015.1;protein_296,GCF_041931755.1;protein_377,GCF_001558175.1;protein_300,,,,,
GCF_002128025.1;protein_297,GCF_002090235.1;protein_298,GCF_002096015.1;protein_297,GCF_041931755.1;protein_378,GCF_001558175.1;protein_301,,,,,
GCF_002128025.1;protein_298,GCF_002090235.1;protein_299,GCF_002096015.1;protein_298,GCF_041931755.1;protein_379,GCF_001558175.1;protein_302,,,,,
GCF_002128025.1;protein_299,GCF_002090235.1;protein_300,GCF_002096015.1;protein_299,GCF_041931755.1;protein_380,GCF_001558175.1;protein_303,,,,,
GCF_002128025.1;protein_3,GCF_002090235.1;protein_3,GCF_002096015.1;protein_3,GCF_041931755.1;protein_80,GCF_001558175.1;protein_3,,,,,
GCF_002128025.1;protein_30,GCF_002090235.1;protein_30,GCF_002096015.1;protein_30,GCF_041931755.1;protein_107,GCF_001558175.1;protein_30,,,,,
GCF_002128025.1;protein_300,GCF_002090235.1;protein_301,GCF_002096015.1;protein_300,,GCF_001558175.1;protein_304,,,,,
GCF_002128025.1;protein_301,GCF_002090235.1;protein_302,GCF_002096015.1;protein_301,GCF_041931755.1;protein_382,GCF_001558175.1;protein_305,,,,,
GCF_002128025.1;protein_302,GCF_002090235.1;protein_303,GCF_002096015.1;protein_302,GCF_041931755.1;protein_383,GCF_001558175.1;protein_306,,,,,
GCF_002128025.1;protein_303,GCF_002090235.1;protein_304,,,GCF_001558175.1;protein_307,,,,,
GCF_002128025.1;protein_304,GCF_002090235.1;protein_305,GCF_002096015.1;protein_305,GCF_041931755.1;protein_385,GCF_001558175.1;protein_308,,,,,
GCF_002128025.1;protein_305,GCF_002090235.1;protein_306,GCF_002096015.1;protein_306,GCF_041931755.1;protein_386,GCF_001558175.1;protein_309,,,,,
GCF_002128025.1;protein_306,GCF_002090235.1;protein_307,GCF_002096015.1;protein_307,GCF_041931755.1;protein_387,GCF_001558175.1;protein_310,,,,,
GCF_002128025.1;protein_307,GCF_002090235.1;protein_308,GCF_002096015.1;protein_308,GCF_041931755.1;protein_388,GCF_001558175.1;protein_311,,,,,
GCF_002128025.1;protein_308,GCF_002090235.1;protein_309,GCF_002096015.1;protein_309,GCF_041931755.1;protein_389,GCF_001558175.1;protein_312,,,,,
GCF_002128025.1;protein_309,GCF_002090235.1;protein_310,GCF_002096015.1;protein_310,GCF_041931755.1;protein_390,GCF_001558175.1;protein_313,,,,,
GCF_002128025.1;protein_31,GCF_002090235.1;protein_31,GCF_002096015.1;protein_31,GCF_041931755.1;protein_108,GCF_001558175.1;protein_31,,,,,
GCF_002128025.1;protein_310,GCF_002090235.1;protein_311,GCF_002096015.1;protein_311,GCF_041931755.1;protein_391,GCF_001558175.1;protein_314,,,,,
GCF_002128025.1;protein_311,GCF_002090235.1;protein_312,GCF_002096015.1;protein_312,GCF_041931755.1;protein_392,GCF_001558175.1;protein_315,,,,,
GCF_002128025.1;protein_312,GCF_002090235.1;protein_313,GCF_002096015.1;protein_313,GCF_041931755.1;protein_393,GCF_001558175.1;protein_316,,,,,
GCF_002128025.1;protein_313,GCF_002090235.1;protein_314,GCF_002096015.1;protein_314,GCF_041931755.1;protein_394,GCF_001558175.1;protein_317,,,,,
GCF_002128025.1;protein_314,GCF_002090235.1;protein_315,GCF_002096015.1;protein_315,GCF_041931755.1;protein_395,GCF_001558175.1;protein_318,,,,,
GCF_002128025.1;protein_315,GCF_002090235.1;protein_316,GCF_002096015.1;protein_316,GCF_041931755.1;protein_396,GCF_001558175.1;protein_319,,,,,
GCF_002128025.1;protein_316,GCF_002090235.1;protein_317,GCF_002096015.1;protein_317,GCF_041931755.1;protein_397,GCF_001558175.1;protein_320,,,,,
GCF_002128025.1;protein_317,GCF_002090235.1;protein_318,GCF_002096015.1;protein_318,GCF_041931755.1;protein_398,GCF_001558175.1;protein_321,,,,,
GCF_002128025.1;protein_318,GCF_002090235.1;protein_319,GCF_002096015.1;protein_319,GCF_041931755.1;protein_399,GCF_001558175.1;protein_322,,,,,
GCF_002128025.1;protein_319,GCF_002090235.1;protein_320,GCF_002096015.1;protein_320,GCF_041931755.1;protein_400,GCF_001558175.1;protein_323,,,,,
GCF_002128025.1;protein_32,GCF_002090235.1;protein_32,GCF_002096015.1;protein_32,GCF_041931755.1;protein_109,GCF_001558175.1;protein_32,,,,,
GCF_002128025.1;protein_320,GCF_002090235.1;protein_321,GCF_002096015.1;protein_321,GCF_041931755.1;protein_401,GCF_001558175.1;protein_324,,,,,
GCF_002128025.1;protein_321,GCF_002090235.1;protein_322,GCF_002096015.1;protein_322,GCF_041931755.1;protein_402,GCF_001558175.1;protein_325,,,,,
GCF_002128025.1;protein_322,GCF_002090235.1;protein_323,GCF_002096015.1;protein_323,GCF_041931755.1;protein_403,GCF_001558175.1;protein_326,,,,,
GCF_002128025.1;protein_323,GCF_002090235.1;protein_324,GCF_002096015.1;protein_324,GCF_041931755.1;protein_404,GCF_001558175.1;protein_327,,,,,
GCF_002128025.1;protein_324,GCF_002090235.1;protein_325,GCF_002096015.1;protein_325,GCF_041931755.1;protein_405,GCF_001558175.1;protein_328,,,,,
GCF_002128025.1;protein_325,GCF_002090235.1;protein_326,GCF_002096015.1;protein_326,GCF_041931755.1;protein_406,GCF_001558175.1;protein_329,,,,,
GCF_002128025.1;protein_326,GCF_002090235.1;protein_327,GCF_002096015.1;protein_327,GCF_041931755.1;protein_407,GCF_001558175.1;protein_330,,,,,
GCF_002128025.1;protein_327,GCF_002090235.1;protein_328,GCF_002096015.1;protein_328,GCF_041931755.1;protein_408,GCF_001558175.1;protein_331,,,,,
GCF_002128025.1;protein_328,GCF_002090235.1;protein_329,GCF_002096015.1;protein_329,GCF_041931755.1;protein_409,GCF_001558175.1;protein_332,,,,,
GCF_002128025.1;protein_329,GCF_002090235.1;protein_330,GCF_002096015.1;protein_330,GCF_041931755.1;protein_410,GCF_001558175.1;protein_333,,,,,
GCF_002128025.1;protein_33,GCF_002090235.1;protein_33,GCF_002096015.1;protein_33,GCF_041931755.1;protein_110,GCF_001558175.1;protein_33,,,,,
GCF_002128025.1;protein_330,GCF_002090235.1;protein_331,GCF_002096015.1;protein_331,GCF_041931755.1;protein_411,GCF_001558175.1;protein_334,,,,,
GCF_002128025.1;protein_331,GCF_002090235.1;protein_332,GCF_002096015.1;protein_332,GCF_041931755.1;protein_412,GCF_001558175.1;protein_335,,,,,
GCF_002128025.1;protein_332,GCF_002090235.1;protein_333,GCF_002096015.1;protein_333,GCF_041931755.1;protein_413,GCF_001558175.1;protein_336,,,,,
GCF_002128025.1;protein_333,GCF_002090235.1;protein_334,GCF_002096015.1;protein_334,GCF_041931755.1;protein_414,GCF_001558175.1;protein_337,,,,,
GCF_002128025.1;protein_334,GCF_002090235.1;protein_335,GCF_002096015.1;protein_335,GCF_041931755.1;protein_415,GCF_001558175.1;protein_338,,,,,
GCF_002128025.1;protein_335,GCF_002090235.1;protein_336,GCF_002096015.1;protein_336,GCF_041931755.1;protein_416,GCF_001558175.1;protein_339,,,,,
GCF_002128025.1;protein_336,GCF_002090235.1;protein_337,GCF_002096015.1;protein_337,GCF_041931755.1;protein_417,GCF_001558175.1;protein_340,,,,,
GCF_002128025.1;protein_337,GCF_002090235.1;protein_338,GCF_002096015.1;protein_338,GCF_041931755.1;protein_418,GCF_001558175.1;protein_341,,,,,
GCF_002128025.1;protein_338,GCF_002090235.1;protein_339,GCF_002096015.1;protein_339,GCF_041931755.1;protein_419,GCF_001558175.1;protein_342,,,,,
GCF_002128025.1;protein_339,GCF_002090235.1;protein_340,GCF_002096015.1;protein_340,GCF_041931755.1;protein_420,GCF_001558175.1;protein_343,,,,,
GCF_002128025.1;protein_34,GCF_002090235.1;protein_34,GCF_002096015.1;protein_34,GCF_041931755.1;protein_111,GCF_001558175.1;protein_34,,,,,
GCF_002128025.1;protein_340,GCF_002090235.1;protein_341,GCF_002096015.1;protein_341,GCF_041931755.1;protein_421,GCF_001558175.1;protein_344,,,,,
GCF_002128025.1;protein_341,GCF_002090235.1;protein_342,GCF_002096015.1;protein_342,GCF_041931755.1;protein_422,GCF_001558175.1;protein_345,,,,,
GCF_002128025.1;protein_342,GCF_002090235.1;protein_343,GCF_002096015.1;protein_343,GCF_041931755.1;protein_423,GCF_001558175.1;protein_346,,,,,
GCF_002128025.1;protein_343,GCF_002090235.1;protein_344,GCF_002096015.1;protein_344,GCF_041931755.1;protein_424,GCF_001558175.1;protein_347,,,,,
GCF_002128025.1;protein_344,GCF_002090235.1;protein_345,GCF_002096015.1;protein_345,GCF_041931755.1;protein_425,GCF_001558175.1;protein_348,,,,,
GCF_002128025.1;protein_345,GCF_002090235.1;protein_346,GCF_002096015.1;protein_346,GCF_041931755.1;protein_426,GCF_001558175.1;protein_349,,,,,
GCF_002128025.1;protein_346,GCF_002090235.1;protein_347,GCF_002096015.1;protein_347,GCF_041931755.1;protein_427,GCF_001558175.1;protein_350,,,,,
GCF_002128025.1;protein_347,GCF_002090235.1;protein_348,GCF_002096015.1;protein_348,GCF_041931755.1;protein_428,GCF_001558175.1;protein_351,,,,,
GCF_002128025.1;protein_348,GCF_002090235.1;protein_349,GCF_002096015.1;protein_349,GCF_041931755.1;protein_429,GCF_001558175.1;protein_352,,,,,
GCF_002128025.1;protein_349,GCF_002090235.1;protein_350,GCF_002096015.1;protein_350,GCF_041931755.1;protein_430,GCF_001558175.1;protein_353,,,,,
GCF_002128025.1;protein_35,GCF_002090235.1;protein_35,GCF_002096015.1;protein_35,GCF_041931755.1;protein_112,GCF_001558175.1;protein_35,,,,,
GCF_002128025.1;protein_350,GCF_002090235.1;protein_351,GCF_002096015.1;protein_351,GCF_041931755.1;protein_431,GCF_001558175.1;protein_354,,,,,
GCF_002128025.1;protein_351,GCF_002090235.1;protein_352,GCF_002096015.1;protein_352,GCF_041931755.1;protein_432,GCF_001558175.1;protein_355,,,,,
GCF_002128025.1;protein_352,GCF_002090235.1;protein_353,GCF_002096015.1;protein_353,GCF_041931755.1;protein_433,GCF_001558175.1;protein_356,,,,,
GCF_002128025.1;protein_353,GCF_002090235.1;protein_354,GCF_002096015.1;protein_354,GCF_041931755.1;protein_434,GCF_001558175.1;protein_357,,,,,
GCF_002128025.1;protein_354,GCF_002090235.1;protein_355,GCF_002096015.1;protein_355,GCF_041931755.1;protein_435,GCF_001558175.1;protein_358,,,,,
GCF_002128025.1;protein_355,GCF_002090235.1;protein_356,GCF_002096015.1;protein_356,GCF_041931755.1;protein_436,GCF_001558175.1;protein_359,,,,,
GCF_002128025.1;protein_356,GCF_002090235.1;protein_357,GCF_002096015.1;protein_357,GCF_041931755.1;protein_437,GCF_001558175.1;protein_360,,,,,
GCF_002128025.1;protein_357,GCF_002090235.1;protein_358,GCF_002096015.1;protein_358,GCF_041931755.1;protein_438,GCF_001558175.1;protein_361,,,,,
GCF_002128025.1;protein_358,GCF_002090235.1;protein_359,GCF_002096015.1;protein_359,GCF_041931755.1;protein_439,GCF_001558175.1;protein_362,,,,,
GCF_002128025.1;protein_359,GCF_002090235.1;protein_360,GCF_002096015.1;protein_360,GCF_041931755.1;protein_440,GCF_001558175.1;protein_363,,,,,
GCF_002128025.1;protein_36,GCF_002090235.1;protein_36,GCF_002096015.1;protein_36,GCF_041931755.1;protein_113,GCF_001558175.1;protein_36,,,,,
GCF_002128025.1;protein_360,GCF_002090235.1;protein_361,GCF_002096015.1;protein_361,,GCF_001558175.1;protein_364,,,,,
GCF_002128025.1;protein_361,GCF_002090235.1;protein_362,GCF_002096015.1;protein_362,GCF_041931755.1;protein_442,GCF_001558175.1;protein_365,,,,,
GCF_002128025.1;protein_362,,GCF_002096015.1;protein_363,,,,,,,
GCF_002128025.1;protein_363,GCF_002090235.1;protein_364,GCF_002096015.1;protein_364,GCF_041931755.1;protein_443,GCF_001558175.1;protein_366,,,,,
GCF_002128025.1;protein_364,GCF_002090235.1;protein_365,GCF_002096015.1;protein_365,GCF_041931755.1;protein_444,GCF_001558175.1;protein_367,,,,,
GCF_002128025.1;protein_365,GCF_002090235.1;protein_366,GCF_002096015.1;protein_366,GCF_041931755.1;protein_445,GCF_001558175.1;protein_368,,,,,
GCF_002128025.1;protein_366,GCF_002090235.1;protein_367,GCF_002096015.1;protein_367,GCF_041931755.1;protein_446,GCF_001558175.1;protein_369,,,,,
GCF_002128025.1;protein_367,GCF_002090235.1;protein_368,GCF_002096015.1;protein_368,GCF_041931755.1;protein_447,GCF_001558175.1;protein_370,,,,,
GCF_002128025.1;protein_368,GCF_002090235.1;protein_369,GCF_002096015.1;protein_369,GCF_041931755.1;protein_448,GCF_001558175.1;protein_371,,,,,
GCF_002128025.1;protein_369,GCF_002090235.1;protein_370,GCF_002096015.1;protein_370,GCF_041931755.1;protein_449,GCF_001558175.1;protein_372,,,,,
GCF_002128025.1;protein_37,GCF_002090235.1;protein_37,GCF_002096015.1;protein_37,GCF_041931755.1;protein_114,GCF_001558175.1;protein_37,,,,,
GCF_002128025.1;protein_370,GCF_002090235.1;protein_371,GCF_002096015.1;protein_371,GCF_041931755.1;protein_450,GCF_001558175.1;protein_373,,,,,
GCF_002128025.1;protein_371,GCF_002090235.1;protein_372,GCF_002096015.1;protein_372,GCF_041931755.1;protein_451,GCF_001558175.1;protein_374,,,,,
GCF_002128025.1;protein_372,GCF_002090235.1;protein_373,GCF_002096015.1;protein_373,GCF_041931755.1;protein_452,GCF_001558175.1;protein_375,,,,,
GCF_002128025.1;protein_373,GCF_002090235.1;protein_374,GCF_002096015.1;protein_374,GCF_041931755.1;protein_453,GCF_001558175.1;protein_376,,,,,
GCF_002128025.1;protein_374,GCF_002090235.1;protein_375,GCF_002096015.1;protein_375,GCF_041931755.1;protein_454,GCF_001558175.1;protein_377,,,,,
GCF_002128025.1;protein_375,GCF_002090235.1;protein_376,GCF_002096015.1;protein_376,GCF_041931755.1;protein_455,GCF_001558175.1;protein_378,,,,,
GCF_002128025.1;protein_376,GCF_002090235.1;protein_377,GCF_002096015.1;protein_377,GCF_041931755.1;protein_456,GCF_001558175.1;protein_379,,,,,
GCF_002128025.1;protein_377,GCF_002090235.1;protein_378,GCF_002096015.1;protein_378,GCF_041931755.1;protein_457,GCF_001558175.1;protein_380,,,,,
GCF_002128025.1;protein_378,GCF_002090235.1;protein_379,GCF_002096015.1;protein_379,GCF_041931755.1;protein_458,GCF_001558175.1;protein_381,,,,,
GCF_002128025.1;protein_379,GCF_002090235.1;protein_380,GCF_002096015.1;protein_380,GCF_041931755.1;protein_459,GCF_001558175.1;protein_382,,,,,
GCF_002128025.1;protein_38,GCF_002090235.1;protein_38,GCF_002096015.1;protein_38,GCF_041931755.1;protein_115,GCF_001558175.1;protein_38,,,,,
GCF_002128025.1;protein_380,GCF_002090235.1;protein_381,GCF_002096015.1;protein_381,GCF_041931755.1;protein_460,GCF_001558175.1;protein_383,,,,,
GCF_002128025.1;protein_381,GCF_002090235.1;protein_382,GCF_002096015.1;protein_382,GCF_041931755.1;protein_461,GCF_001558175.1;protein_384,,,,,
GCF_002128025.1;protein_382,GCF_002090235.1;protein_383,GCF_002096015.1;protein_383,GCF_041931755.1;protein_462,GCF_001558175.1;protein_385,,,,,
GCF_002128025.1;protein_384,GCF_002090235.1;protein_385,GCF_002096015.1;protein_385,GCF_041931755.1;protein_464,GCF_001558175.1;protein_387,,,,,
GCF_002128025.1;protein_385,GCF_002090235.1;protein_386,GCF_002096015.1;protein_386,GCF_041931755.1;protein_465,GCF_001558175.1;protein_388,,,,,
GCF_002128025.1;protein_387,GCF_002090235.1;protein_388,,GCF_041931755.1;protein_223,GCF_001558175.1;protein_390,,,,,
GCF_002128025.1;protein_389,GCF_002090235.1;protein_390,GCF_002096015.1;protein_391,GCF_041931755.1;protein_469,GCF_001558175.1;protein_392,,,,,
GCF_002128025.1;protein_39,GCF_002090235.1;protein_39,GCF_002096015.1;protein_39,GCF_041931755.1;protein_116,GCF_001558175.1;protein_39,,,,,
GCF_002128025.1;protein_390,GCF_002090235.1;protein_391,GCF_002096015.1;protein_392,GCF_041931755.1;protein_470,GCF_001558175.1;protein_393,,,,,
GCF_002128025.1;protein_391,GCF_002090235.1;protein_392,GCF_002096015.1;protein_393,GCF_041931755.1;protein_471,GCF_001558175.1;protein_394,,,,,
GCF_002128025.1;protein_392,GCF_002090235.1;protein_393,GCF_002096015.1;protein_394,GCF_041931755.1;protein_472,GCF_001558175.1;protein_395,,,,,
GCF_002128025.1;protein_393,GCF_002090235.1;protein_394,GCF_002096015.1;protein_395,GCF_041931755.1;protein_473,GCF_001558175.1;protein_396,,,,,
GCF_002128025.1;protein_394,GCF_002090235.1;protein_395,GCF_002096015.1;protein_396,GCF_041931755.1;protein_474,GCF_001558175.1;protein_397,,,,,
GCF_002128025.1;protein_395,GCF_002090235.1;protein_396,GCF_002096015.1;protein_397,GCF_041931755.1;protein_475,GCF_001558175.1;protein_398,,,,,
GCF_002128025.1;protein_396,GCF_002090235.1;protein_397,GCF_002096015.1;protein_398,GCF_041931755.1;protein_476,GCF_001558175.1;protein_399,,,,,
GCF_002128025.1;protein_397,GCF_002090235.1;protein_398,GCF_002096015.1;protein_399,GCF_041931755.1;protein_477,GCF_001558175.1;protein_400,,,,,
GCF_002128025.1;protein_398,GCF_002090235.1;protein_399,GCF_002096015.1;protein_400,GCF_041931755.1;protein_478,GCF_001558175.1;protein_401,,,,,
GCF_002128025.1;protein_399,GCF_002090235.1;protein_400,GCF_002096015.1;protein_401,GCF_041931755.1;protein_479,GCF_001558175.1;protein_402,,,,,
GCF_002128025.1;protein_4,GCF_002090235.1;protein_4,GCF_002096015.1;protein_4,GCF_041931755.1;protein_81,GCF_001558175.1;protein_4,,,,,
GCF_002128025.1;protein_40,GCF_002090235.1;protein_40,GCF_002096015.1;protein_40,GCF_041931755.1;protein_117,GCF_001558175.1;protein_40,,,,,
GCF_002128025.1;protein_400,GCF_002090235.1;protein_401,GCF_002096015.1;protein_402,GCF_041931755.1;protein_480,GCF_001558175.1;protein_403,,,,,
GCF_002128025.1;protein_401,GCF_002090235.1;protein_402,GCF_002096015.1;protein_403,GCF_041931755.1;protein_481,GCF_001558175.1;protein_404,,,,,
GCF_002128025.1;protein_402,GCF_002090235.1;protein_403,GCF_002096015.1;protein_404,GCF_041931755.1;protein_482,GCF_001558175.1;protein_405,,,,,
GCF_002128025.1;protein_403,GCF_002090235.1;protein_404,GCF_002096015.1;protein_405,GCF_041931755.1;protein_483,GCF_001558175.1;protein_406,,,,,
GCF_002128025.1;protein_404,GCF_002090235.1;protein_405,GCF_002096015.1;protein_406,GCF_041931755.1;protein_484,GCF_001558175.1;protein_407,,,,,
GCF_002128025.1;protein_405,GCF_002090235.1;protein_406,GCF_002096015.1;protein_407,GCF_041931755.1;protein_485,GCF_001558175.1;protein_408,,,,,
GCF_002128025.1;protein_406,GCF_002090235.1;protein_407,GCF_002096015.1;protein_408,GCF_041931755.1;protein_486,GCF_001558175.1;protein_409,,,,,
GCF_002128025.1;protein_407,GCF_002090235.1;protein_408,GCF_002096015.1;protein_409,GCF_041931755.1;protein_487,GCF_001558175.1;protein_410,,,,,
GCF_002128025.1;protein_408,GCF_002090235.1;protein_409,GCF_002096015.1;protein_410,GCF_041931755.1;protein_488,GCF_001558175.1;protein_411,,,,,
GCF_002128025.1;protein_409,GCF_002090235.1;protein_410,GCF_002096015.1;protein_411,GCF_041931755.1;protein_489,GCF_001558175.1;protein_412,,,,,
GCF_002128025.1;protein_41,GCF_002090235.1;protein_41,GCF_002096015.1;protein_41,GCF_041931755.1;protein_118,GCF_001558175.1;protein_41,,,,,
GCF_002128025.1;protein_410,GCF_002090235.1;protein_411,GCF_002096015.1;protein_412,GCF_041931755.1;protein_490,GCF_001558175.1;protein_413,,,,,
GCF_002128025.1;protein_411,GCF_002090235.1;protein_412,GCF_002096015.1;protein_413,GCF_041931755.1;protein_491,GCF_001558175.1;protein_414,,,,,
GCF_002128025.1;protein_412,GCF_002090235.1;protein_413,GCF_002096015.1;protein_414,GCF_041931755.1;protein_492,GCF_001558175.1;protein_415,,,,,
GCF_002128025.1;protein_413,GCF_002090235.1;protein_414,GCF_002096015.1;protein_415,GCF_041931755.1;protein_493,GCF_001558175.1;protein_416,,,,,
GCF_002128025.1;protein_414,GCF_002090235.1;protein_415,GCF_002096015.1;protein_416,GCF_041931755.1;protein_494,GCF_001558175.1;protein_417,,,,,
GCF_002128025.1;protein_415,GCF_002090235.1;protein_416,GCF_002096015.1;protein_417,GCF_041931755.1;protein_495,GCF_001558175.1;protein_418,,,,,
GCF_002128025.1;protein_416,GCF_002090235.1;protein_417,GCF_002096015.1;protein_418,GCF_041931755.1;protein_496,GCF_001558175.1;protein_419,,,,,
GCF_002128025.1;protein_417,GCF_002090235.1;protein_418,GCF_002096015.1;protein_419,GCF_041931755.1;protein_497,GCF_001558175.1;protein_420,,,,,
GCF_002128025.1;protein_418,GCF_002090235.1;protein_419,GCF_002096015.1;protein_420,GCF_041931755.1;protein_498,GCF_001558175.1;protein_421,,,,,
GCF_002128025.1;protein_419,GCF_002090235.1;protein_420,GCF_002096015.1;protein_421,GCF_041931755.1;protein_499,GCF_001558175.1;protein_422,,,,,
GCF_002128025.1;protein_42,GCF_002090235.1;protein_42,GCF_002096015.1;protein_42,GCF_041931755.1;protein_119,GCF_001558175.1;protein_42,,,,,
GCF_002128025.1;protein_420,GCF_002090235.1;protein_421,GCF_002096015.1;protein_422,GCF_041931755.1;protein_500,GCF_001558175.1;protein_423,,,,,
GCF_002128025.1;protein_421,GCF_002090235.1;protein_422,GCF_002096015.1;protein_423,GCF_041931755.1;protein_501,GCF_001558175.1;protein_424,,,,,
GCF_002128025.1;protein_422,GCF_002090235.1;protein_423,GCF_002096015.1;protein_424,GCF_041931755.1;protein_502,GCF_001558175.1;protein_425,,,,,
GCF_002128025.1;protein_423,GCF_002090235.1;protein_424,GCF_002096015.1;protein_425,GCF_041931755.1;protein_503,GCF_001558175.1;protein_426,,,,,
GCF_002128025.1;protein_424,GCF_002090235.1;protein_425,GCF_002096015.1;protein_426,GCF_041931755.1;protein_504,GCF_001558175.1;protein_427,,,,,
GCF_002128025.1;protein_425,GCF_002090235.1;protein_426,GCF_002096015.1;protein_427,GCF_041931755.1;protein_505,GCF_001558175.1;protein_428,,,,,
GCF_002128025.1;protein_426,GCF_002090235.1;protein_427,GCF_002096015.1;protein_428,GCF_041931755.1;protein_506,GCF_001558175.1;protein_429,,,,,
GCF_002128025.1;protein_427,GCF_002090235.1;protein_428,GCF_002096015.1;protein_429,GCF_041931755.1;protein_507,GCF_001558175.1;protein_430,,,,,
GCF_002128025.1;protein_428,GCF_002090235.1;protein_429,GCF_002096015.1;protein_430,GCF_041931755.1;protein_508,GCF_001558175.1;protein_431,,,,,
GCF_002128025.1;protein_43,GCF_002090235.1;protein_43,GCF_002096015.1;protein_43,GCF_041931755.1;protein_120,GCF_001558175.1;protein_43,,,,,
GCF_002128025.1;protein_431,GCF_002090235.1;protein_432,GCF_002096015.1;protein_433,GCF_041931755.1;protein_512,GCF_001558175.1;protein_435,,,,,
GCF_002128025.1;protein_435,GCF_002090235.1;protein_436,GCF_002096015.1;protein_437,GCF_041931755.1;protein_516,GCF_001558175.1;protein_439,,,,,
GCF_002128025.1;protein_436,GCF_002090235.1;protein_437,GCF_002096015.1;protein_438,GCF_041931755.1;protein_517,GCF_001558175.1;protein_440,,,,,
GCF_002128025.1;protein_437,GCF_002090235.1;protein_438,GCF_002096015.1;protein_439,GCF_041931755.1;protein_518,GCF_001558175.1;protein_441,,,,,
GCF_002128025.1;protein_438,GCF_002090235.1;protein_439,GCF_002096015.1;protein_440,GCF_041931755.1;protein_519,GCF_001558175.1;protein_442,,,,,
GCF_002128025.1;protein_439,GCF_002090235.1;protein_440,GCF_002096015.1;protein_441,GCF_041931755.1;protein_520,GCF_001558175.1;protein_443,,,,,
GCF_002128025.1;protein_44,GCF_002090235.1;protein_44,GCF_002096015.1;protein_44,GCF_041931755.1;protein_121,GCF_001558175.1;protein_44,,,,,
GCF_002128025.1;protein_440,GCF_002090235.1;protein_441,GCF_002096015.1;protein_442,GCF_041931755.1;protein_521,GCF_001558175.1;protein_444,,,,,
GCF_002128025.1;protein_441,GCF_002090235.1;protein_442,GCF_002096015.1;protein_443,GCF_041931755.1;protein_522,GCF_001558175.1;protein_445,,,,,
GCF_002128025.1;protein_442,GCF_002090235.1;protein_443,GCF_002096015.1;protein_444,GCF_041931755.1;protein_523,GCF_001558175.1;protein_446,,,,,
GCF_002128025.1;protein_443,GCF_002090235.1;protein_444,GCF_002096015.1;protein_445,GCF_041931755.1;protein_524,GCF_001558175.1;protein_447,,,,,
GCF_002128025.1;protein_444,GCF_002090235.1;protein_445,GCF_002096015.1;protein_446,GCF_041931755.1;protein_525,GCF_001558175.1;protein_448,,,,,
GCF_002128025.1;protein_445,GCF_002090235.1;protein_446,GCF_002096015.1;protein_447,GCF_041931755.1;protein_526,GCF_001558175.1;protein_449,,,,,
GCF_002128025.1;protein_446,GCF_002090235.1;protein_447,GCF_002096015.1;protein_448,GCF_041931755.1;protein_527,GCF_001558175.1;protein_450,,,,,
GCF_002128025.1;protein_447,GCF_002090235.1;protein_448,GCF_002096015.1;protein_449,GCF_041931755.1;protein_528,GCF_001558175.1;protein_451,,,,,
GCF_002128025.1;protein_448,GCF_002090235.1;protein_449,GCF_002096015.1;protein_450,GCF_041931755.1;protein_529,GCF_001558175.1;protein_452,,,,,
GCF_002128025.1;protein_449,GCF_002090235.1;protein_450,GCF_002096015.1;protein_451,GCF_041931755.1;protein_530,GCF_001558175.1;protein_453,,,,,
GCF_002128025.1;protein_45,GCF_002090235.1;protein_45,GCF_002096015.1;protein_45,GCF_041931755.1;protein_122,GCF_001558175.1;protein_45,,,,,
GCF_002128025.1;protein_450,GCF_002090235.1;protein_451,GCF_002096015.1;protein_452,GCF_041931755.1;protein_531,GCF_001558175.1;protein_454,,,,,
GCF_002128025.1;protein_451,GCF_002090235.1;protein_452,GCF_002096015.1;protein_453,GCF_041931755.1;protein_532,GCF_001558175.1;protein_455,,,,,
GCF_002128025.1;protein_452,GCF_002090235.1;protein_453,GCF_002096015.1;protein_454,GCF_041931755.1;protein_533,GCF_001558175.1;protein_456,,,,,
GCF_002128025.1;protein_453,GCF_002090235.1;protein_454,GCF_002096015.1;protein_455,GCF_041931755.1;protein_534,GCF_001558175.1;protein_457,,,,,
GCF_002128025.1;protein_454,GCF_002090235.1;protein_455,GCF_002096015.1;protein_456,GCF_041931755.1;protein_535,GCF_001558175.1;protein_458,,,,,
GCF_002128025.1;protein_455,GCF_002090235.1;protein_456,GCF_002096015.1;protein_457,GCF_041931755.1;protein_536,GCF_001558175.1;protein_459,,,,,
GCF_002128025.1;protein_456,GCF_002090235.1;protein_457,GCF_002096015.1;protein_458,GCF_041931755.1;protein_537,GCF_001558175.1;protein_460,,,,,
GCF_002128025.1;protein_457,GCF_002090235.1;protein_458,GCF_002096015.1;protein_459,GCF_041931755.1;protein_538,GCF_001558175.1;protein_461,,,,,
GCF_002128025.1;protein_458,GCF_002090235.1;protein_459,GCF_002096015.1;protein_460,GCF_041931755.1;protein_539,GCF_001558175.1;protein_462,,,,,
GCF_002128025.1;protein_459,GCF_002090235.1;protein_460,GCF_002096015.1;protein_461,GCF_041931755.1;protein_540,GCF_001558175.1;protein_463,,,,,
GCF_002128025.1;protein_46,GCF_002090235.1;protein_46,GCF_002096015.1;protein_46,GCF_041931755.1;protein_123,GCF_001558175.1;protein_46,,,,,
GCF_002128025.1;protein_460,GCF_002090235.1;protein_461,GCF_002096015.1;protein_462,GCF_041931755.1;protein_541,GCF_001558175.1;protein_464,,,,,
GCF_002128025.1;protein_461,GCF_002090235.1;protein_462,GCF_002096015.1;protein_463,GCF_041931755.1;protein_542,GCF_001558175.1;protein_465,,,,,
GCF_002128025.1;protein_462,GCF_002090235.1;protein_463,GCF_002096015.1;protein_464,GCF_041931755.1;protein_543,GCF_001558175.1;protein_466,,,,,
GCF_002128025.1;protein_463,GCF_002090235.1;protein_464,GCF_002096015.1;protein_465,GCF_041931755.1;protein_544,GCF_001558175.1;protein_467,,,,,
GCF_002128025.1;protein_464,GCF_002090235.1;protein_465,GCF_002096015.1;protein_466,GCF_041931755.1;protein_545,GCF_001558175.1;protein_468,,,,,
GCF_002128025.1;protein_465,GCF_002090235.1;protein_466,GCF_002096015.1;protein_467,GCF_041931755.1;protein_546,GCF_001558175.1;protein_469,,,,,
GCF_002128025.1;protein_466,GCF_002090235.1;protein_467,GCF_002096015.1;protein_468,GCF_041931755.1;protein_547,GCF_001558175.1;protein_470,,,,,
GCF_002128025.1;protein_467,GCF_002090235.1;protein_468,GCF_002096015.1;protein_469,GCF_041931755.1;protein_548,GCF_001558175.1;protein_471,,,,,
GCF_002128025.1;protein_468,GCF_002090235.1;protein_469,GCF_002096015.1;protein_470,GCF_041931755.1;protein_549,GCF_001558175.1;protein_472,,,,,
GCF_002128025.1;protein_469,GCF_002090235.1;protein_470,GCF_002096015.1;protein_471,GCF_041931755.1;protein_550,GCF_001558175.1;protein_473,,,,,
GCF_002128025.1;protein_47,GCF_002090235.1;protein_47,GCF_002096015.1;protein_47,GCF_041931755.1;protein_124,GCF_001558175.1;protein_47,,,,,
GCF_002128025.1;protein_470,GCF_002090235.1;protein_471,GCF_002096015.1;protein_472,GCF_041931755.1;protein_551,GCF_001558175.1;protein_474,,,,,
GCF_002128025.1;protein_471,GCF_002090235.1;protein_472,GCF_002096015.1;protein_473,GCF_041931755.1;protein_552,GCF_001558175.1;protein_475,,,,,
GCF_002128025.1;protein_472,GCF_002090235.1;protein_473,GCF_002096015.1;protein_474,GCF_041931755.1;protein_553,GCF_001558175.1;protein_476,,,,,
GCF_002128025.1;protein_473,GCF_002090235.1;protein_474,GCF_002096015.1;protein_475,GCF_041931755.1;protein_554,GCF_001558175.1;protein_477,,,,,
GCF_002128025.1;protein_474,GCF_002090235.1;protein_475,GCF_002096015.1;protein_476,GCF_041931755.1;protein_555,GCF_001558175.1;protein_478,,,,,
GCF_002128025.1;protein_475,GCF_002090235.1;protein_476,GCF_002096015.1;protein_477,GCF_041931755.1;protein_556,GCF_001558175.1;protein_479,,,,,
GCF_002128025.1;protein_476,GCF_002090235.1;protein_477,GCF_002096015.1;protein_478,GCF_041931755.1;protein_557,GCF_001558175.1;protein_480,,,,,
GCF_002128025.1;protein_477,GCF_002090235.1;protein_478,GCF_002096015.1;protein_479,GCF_041931755.1;protein_558,GCF_001558175.1;protein_481,,,,,
GCF_002128025.1;protein_48,GCF_002090235.1;protein_48,GCF_002096015.1;protein_48,,,,,,,
GCF_002128025.1;protein_484,GCF_002090235.1;protein_485,GCF_002096015.1;protein_486,GCF_041931755.1;protein_565,GCF_001558175.1;protein_488,,,,,
GCF_002128025.1;protein_485,GCF_002090235.1;protein_486,GCF_002096015.1;protein_487,GCF_041931755.1;protein_566,GCF_001558175.1;protein_489,,,,,
GCF_002128025.1;protein_486,GCF_002090235.1;protein_487,GCF_002096015.1;protein_488,GCF_041931755.1;protein_567,GCF_001558175.1;protein_490,,,,,
GCF_002128025.1;protein_487,GCF_002090235.1;protein_488,GCF_002096015.1;protein_489,GCF_041931755.1;protein_568,GCF_001558175.1;protein_491,,,,,
GCF_002128025.1;protein_488,GCF_002090235.1;protein_489,GCF_002096015.1;protein_490,GCF_041931755.1;protein_569,GCF_001558175.1;protein_492,,,,,
GCF_002128025.1;protein_489,GCF_002090235.1;protein_490,GCF_002096015.1;protein_491,GCF_041931755.1;protein_570,GCF_001558175.1;protein_493,,,,,
GCF_002128025.1;protein_49,GCF_002090235.1;protein_49,GCF_002096015.1;protein_49,GCF_041931755.1;protein_125,GCF_001558175.1;protein_48,,,,,
GCF_002128025.1;protein_490,GCF_002090235.1;protein_491,GCF_002096015.1;protein_492,GCF_041931755.1;protein_571,GCF_001558175.1;protein_494,,,,,
GCF_002128025.1;protein_491,GCF_002090235.1;protein_492,GCF_002096015.1;protein_493,GCF_041931755.1;protein_572,GCF_001558175.1;protein_495,,,,,
GCF_002128025.1;protein_492,GCF_002090235.1;protein_493,GCF_002096015.1;protein_494,GCF_041931755.1;protein_573,GCF_001558175.1;protein_496,,,,,
GCF_002128025.1;protein_493,GCF_002090235.1;protein_494,GCF_002096015.1;protein_495,GCF_041931755.1;protein_574,GCF_001558175.1;protein_497,,,,,
GCF_002128025.1;protein_494,GCF_002090235.1;protein_495,GCF_002096015.1;protein_496,GCF_041931755.1;protein_575,GCF_001558175.1;protein_498,,,,,
GCF_002128025.1;protein_495,GCF_002090235.1;protein_496,GCF_002096015.1;protein_497,GCF_041931755.1;protein_576,GCF_001558175.1;protein_499,,,,,
GCF_002128025.1;protein_496,GCF_002090235.1;protein_497,GCF_002096015.1;protein_498,GCF_041931755.1;protein_577,GCF_001558175.1;protein_500,,,,,
GCF_002128025.1;protein_497,GCF_002090235.1;protein_498,GCF_002096015.1;protein_499,GCF_041931755.1;protein_578,GCF_001558175.1;protein_501,,,,,
GCF_002128025.1;protein_498,GCF_002090235.1;protein_499,GCF_002096015.1;protein_500,GCF_041931755.1;protein_579,GCF_001558175.1;protein_502,,,,,
GCF_002128025.1;protein_499,GCF_002090235.1;protein_500,GCF_002096015.1;protein_501,GCF_041931755.1;protein_580,GCF_001558175.1;protein_503,,,,,
GCF_002128025.1;protein_5,GCF_002090235.1;protein_5,GCF_002096015.1;protein_5,GCF_041931755.1;protein_82,GCF_001558175.1;protein_5,,,,,
GCF_002128025.1;protein_50,GCF_002090235.1;protein_50,GCF_002096015.1;protein_50,GCF_041931755.1;protein_126,GCF_001558175.1;protein_49,,,,,
GCF_002128025.1;protein_500,GCF_002090235.1;protein_501,GCF_002096015.1;protein_502,GCF_041931755.1;protein_581,GCF_001558175.1;protein_504,,,,,
GCF_002128025.1;protein_501,GCF_002090235.1;protein_502,GCF_002096015.1;protein_503,GCF_041931755.1;protein_582,GCF_001558175.1;protein_505,,,,,
GCF_002128025.1;protein_502,GCF_002090235.1;protein_503,GCF_002096015.1;protein_504,GCF_041931755.1;protein_583,GCF_001558175.1;protein_506,,,,,
GCF_002128025.1;protein_503,GCF_002090235.1;protein_504,GCF_002096015.1;protein_505,GCF_041931755.1;protein_584,GCF_001558175.1;protein_507,,,,,
GCF_002128025.1;protein_504,GCF_002090235.1;protein_505,GCF_002096015.1;protein_506,GCF_041931755.1;protein_585,GCF_001558175.1;protein_508,,,,,
GCF_002128025.1;protein_505,GCF_002090235.1;protein_506,GCF_002096015.1;protein_507,GCF_041931755.1;protein_586,GCF_001558175.1;protein_509,,,,,
GCF_002128025.1;protein_506,GCF_002090235.1;protein_507,GCF_002096015.1;protein_508,GCF_041931755.1;protein_587,GCF_001558175.1;protein_510,,,,,
GCF_002128025.1;protein_507,GCF_002090235.1;protein_508,GCF_002096015.1;protein_509,GCF_041931755.1;protein_588,GCF_001558175.1;protein_511,,,,,
GCF_002128025.1;protein_508,GCF_002090235.1;protein_509,GCF_002096015.1;protein_510,GCF_041931755.1;protein_589,GCF_001558175.1;protein_512,,,,,
GCF_002128025.1;protein_509,GCF_002090235.1;protein_510,GCF_002096015.1;protein_511,GCF_041931755.1;protein_590,GCF_001558175.1;protein_513,,,,,
GCF_002128025.1;protein_51,GCF_002090235.1;protein_51,GCF_002096015.1;protein_51,GCF_041931755.1;protein_127,GCF_001558175.1;protein_50,,,,,
GCF_002128025.1;protein_510,GCF_002090235.1;protein_511,GCF_002096015.1;protein_512,GCF_041931755.1;protein_591,GCF_001558175.1;protein_514,,,,,
GCF_002128025.1;protein_511,GCF_002090235.1;protein_512,GCF_002096015.1;protein_513,GCF_041931755.1;protein_592,GCF_001558175.1;protein_515,,,,,
GCF_002128025.1;protein_512,GCF_002090235.1;protein_513,GCF_002096015.1;protein_514,GCF_041931755.1;protein_593,GCF_001558175.1;protein_516,,,,,
GCF_002128025.1;protein_513,GCF_002090235.1;protein_514,GCF_002096015.1;protein_515,GCF_041931755.1;protein_594,GCF_001558175.1;protein_517,,,,,
GCF_002128025.1;protein_514,GCF_002090235.1;protein_515,GCF_002096015.1;protein_516,GCF_041931755.1;protein_595,GCF_001558175.1;protein_518,,,,,
GCF_002128025.1;protein_515,GCF_002090235.1;protein_516,GCF_002096015.1;protein_517,GCF_041931755.1;protein_596,GCF_001558175.1;protein_519,,,,,
GCF_002128025.1;protein_518,GCF_002090235.1;protein_519,GCF_002096015.1;protein_520,GCF_041931755.1;protein_599,GCF_001558175.1;protein_522,,,,,
GCF_002128025.1;protein_52,GCF_002090235.1;protein_52,GCF_002096015.1;protein_52,GCF_041931755.1;protein_128,GCF_001558175.1;protein_51,,,,,
GCF_002128025.1;protein_522,GCF_002090235.1;protein_523,GCF_002096015.1;protein_524,GCF_041931755.1;protein_603,GCF_001558175.1;protein_526,,,,,
GCF_002128025.1;protein_525,GCF_002090235.1;protein_526,GCF_002096015.1;protein_527,GCF_041931755.1;protein_606,GCF_001558175.1;protein_529,,,,,
GCF_002128025.1;protein_526,GCF_002090235.1;protein_527,GCF_002096015.1;protein_528,GCF_041931755.1;protein_607,GCF_001558175.1;protein_530,,,,,
GCF_002128025.1;protein_527,GCF_002090235.1;protein_528,GCF_002096015.1;protein_529,GCF_041931755.1;protein_608,GCF_001558175.1;protein_531,,,,,
GCF_002128025.1;protein_528,GCF_002090235.1;protein_529,GCF_002096015.1;protein_530,GCF_041931755.1;protein_609,GCF_001558175.1;protein_532,,,,,
GCF_002128025.1;protein_529,GCF_002090235.1;protein_530,GCF_002096015.1;protein_531,GCF_041931755.1;protein_610,GCF_001558175.1;protein_533,,,,,
GCF_002128025.1;protein_53,GCF_002090235.1;protein_53,GCF_002096015.1;protein_53,GCF_041931755.1;protein_129,GCF_001558175.1;protein_52,,,,,
GCF_002128025.1;protein_530,GCF_002090235.1;protein_531,GCF_002096015.1;protein_532,,GCF_001558175.1;protein_534,,,,,
GCF_002128025.1;protein_531,GCF_002090235.1;protein_532,GCF_002096015.1;protein_533,GCF_041931755.1;protein_611,GCF_001558175.1;protein_535,,,,,
GCF_002128025.1;protein_532,,,GCF_041931755.1;protein_612,,,,,,
GCF_002128025.1;protein_535,GCF_002090235.1;protein_534,GCF_002096015.1;protein_535,GCF_041931755.1;protein_613,GCF_001558175.1;protein_537,,,,,
GCF_002128025.1;protein_536,GCF_002090235.1;protein_535,GCF_002096015.1;protein_536,GCF_041931755.1;protein_614,GCF_001558175.1;protein_538,,,,,
GCF_002128025.1;protein_537,GCF_002090235.1;protein_536,GCF_002096015.1;protein_537,GCF_041931755.1;protein_615,GCF_001558175.1;protein_539,,,,,
GCF_002128025.1;protein_538,GCF_002090235.1;protein_537,GCF_002096015.1;protein_538,GCF_041931755.1;protein_616,GCF_001558175.1;protein_540,,,,,
GCF_002128025.1;protein_539,GCF_002090235.1;protein_538,GCF_002096015.1;protein_539,GCF_041931755.1;protein_617,GCF_001558175.1;protein_541,,,,,
GCF_002128025.1;protein_54,GCF_002090235.1;protein_54,GCF_002096015.1;protein_54,GCF_041931755.1;protein_130,GCF_001558175.1;protein_53,,,,,
GCF_002128025.1;protein_540,GCF_002090235.1;protein_539,GCF_002096015.1;protein_540,GCF_041931755.1;protein_618,GCF_001558175.1;protein_542,,,,,
GCF_002128025.1;protein_541,GCF_002090235.1;protein_540,GCF_002096015.1;protein_541,GCF_041931755.1;protein_619,GCF_001558175.1;protein_543,,,,,
GCF_002128025.1;protein_542,GCF_002090235.1;protein_541,GCF_002096015.1;protein_542,GCF_041931755.1;protein_620,,,,,,
GCF_002128025.1;protein_543,GCF_002090235.1;protein_542,GCF_002096015.1;protein_543,GCF_041931755.1;protein_621,GCF_001558175.1;protein_544,,,,,
GCF_002128025.1;protein_544,GCF_002090235.1;protein_543,GCF_002096015.1;protein_544,GCF_041931755.1;protein_622,GCF_001558175.1;protein_545,,,,,
GCF_002128025.1;protein_545,GCF_002090235.1;protein_544,GCF_002096015.1;protein_545,GCF_041931755.1;protein_623,GCF_001558175.1;protein_546,,,,,
GCF_002128025.1;protein_546,GCF_002090235.1;protein_545,GCF_002096015.1;protein_546,GCF_041931755.1;protein_624,GCF_001558175.1;protein_547,,,,,
GCF_002128025.1;protein_547,GCF_002090235.1;protein_546,GCF_002096015.1;protein_547,GCF_041931755.1;protein_625,GCF_001558175.1;protein_548,,,,,
GCF_002128025.1;protein_548,GCF_002090235.1;protein_547,GCF_002096015.1;protein_548,GCF_041931755.1;protein_626,GCF_001558175.1;protein_549,,,,,
GCF_002128025.1;protein_549,GCF_002090235.1;protein_548,GCF_002096015.1;protein_549,GCF_041931755.1;protein_627,GCF_001558175.1;protein_550,,,,,
GCF_002128025.1;protein_55,GCF_002090235.1;protein_55,GCF_002096015.1;protein_55,GCF_041931755.1;protein_131,GCF_001558175.1;protein_54,,,,,
GCF_002128025.1;protein_550,GCF_002090235.1;protein_549,GCF_002096015.1;protein_550,GCF_041931755.1;protein_628,GCF_001558175.1;protein_551,,,,,
GCF_002128025.1;protein_551,GCF_002090235.1;protein_550,GCF_002096015.1;protein_551,GCF_041931755.1;protein_629,GCF_001558175.1;protein_552,,,,,
GCF_002128025.1;protein_552,GCF_002090235.1;protein_551,GCF_002096015.1;protein_552,GCF_041931755.1;protein_630,GCF_001558175.1;protein_553,,,,,
GCF_002128025.1;protein_553,GCF_002090235.1;protein_552,GCF_002096015.1;protein_553,GCF_041931755.1;protein_631,GCF_001558175.1;protein_554,,,,,
GCF_002128025.1;protein_554,GCF_002090235.1;protein_553,GCF_002096015.1;protein_554,GCF_041931755.1;protein_632,GCF_001558175.1;protein_555,,,,,
GCF_002128025.1;protein_555,GCF_002090235.1;protein_554,GCF_002096015.1;protein_555,GCF_041931755.1;protein_633,GCF_001558175.1;protein_556,,,,,
GCF_002128025.1;protein_556,GCF_002090235.1;protein_555,GCF_002096015.1;protein_556,GCF_041931755.1;protein_634,GCF_001558175.1;protein_557,,,,,
GCF_002128025.1;protein_557,GCF_002090235.1;protein_556,GCF_002096015.1;protein_557,GCF_041931755.1;protein_635,GCF_001558175.1;protein_558,,,,,
GCF_002128025.1;protein_558,GCF_002090235.1;protein_557,GCF_002096015.1;protein_558,GCF_041931755.1;protein_636,GCF_001558175.1;protein_559,,,,,
GCF_002128025.1;protein_559,GCF_002090235.1;protein_558,GCF_002096015.1;protein_559,GCF_041931755.1;protein_637,GCF_001558175.1;protein_560,,,,,
GCF_002128025.1;protein_56,GCF_002090235.1;protein_56,GCF_002096015.1;protein_56,GCF_041931755.1;protein_132,GCF_001558175.1;protein_55,,,,,
GCF_002128025.1;protein_560,GCF_002090235.1;protein_559,GCF_002096015.1;protein_560,GCF_041931755.1;protein_638,GCF_001558175.1;protein_561,,,,,
GCF_002128025.1;protein_561,GCF_002090235.1;protein_560,GCF_002096015.1;protein_561,GCF_041931755.1;protein_639,GCF_001558175.1;protein_562,,,,,
GCF_002128025.1;protein_562,GCF_002090235.1;protein_561,GCF_002096015.1;protein_562,GCF_041931755.1;protein_640,GCF_001558175.1;protein_563,,,,,
GCF_002128025.1;protein_563,GCF_002090235.1;protein_562,GCF_002096015.1;protein_563,GCF_041931755.1;protein_641,GCF_001558175.1;protein_564,,,,,
GCF_002128025.1;protein_564,GCF_002090235.1;protein_563,GCF_002096015.1;protein_564,GCF_041931755.1;protein_642,GCF_001558175.1;protein_565,,,,,
GCF_002128025.1;protein_565,GCF_002090235.1;protein_564,GCF_002096015.1;protein_565,GCF_041931755.1;protein_643,GCF_001558175.1;protein_566,,,,,
GCF_002128025.1;protein_566,GCF_002090235.1;protein_565,GCF_002096015.1;protein_566,GCF_041931755.1;protein_644,GCF_001558175.1;protein_567,,,,,
GCF_002128025.1;protein_567,GCF_002090235.1;protein_566,GCF_002096015.1;protein_567,GCF_041931755.1;protein_645,GCF_001558175.1;protein_568,,,,,
GCF_002128025.1;protein_568,GCF_002090235.1;protein_567,GCF_002096015.1;protein_568,GCF_041931755.1;protein_646,GCF_001558175.1;protein_569,,,,,
GCF_002128025.1;protein_569,GCF_002090235.1;protein_568,GCF_002096015.1;protein_569,GCF_041931755.1;protein_647,GCF_001558175.1;protein_570,,,,,
GCF_002128025.1;protein_57,GCF_002090235.1;protein_57,GCF_002096015.1;protein_57,GCF_041931755.1;protein_133,GCF_001558175.1;protein_56,,,,,
GCF_002128025.1;protein_570,GCF_002090235.1;protein_569,GCF_002096015.1;protein_570,GCF_041931755.1;protein_648,GCF_001558175.1;protein_571,,,,,
GCF_002128025.1;protein_571,GCF_002090235.1;protein_570,GCF_002096015.1;protein_571,GCF_041931755.1;protein_649,GCF_001558175.1;protein_572,,,,,
GCF_002128025.1;protein_572,GCF_002090235.1;protein_571,GCF_002096015.1;protein_572,GCF_041931755.1;protein_650,GCF_001558175.1;protein_573,,,,,
GCF_002128025.1;protein_573,GCF_002090235.1;protein_572,GCF_002096015.1;protein_573,GCF_041931755.1;protein_651,GCF_001558175.1;protein_574,,,,,
GCF_002128025.1;protein_574,GCF_002090235.1;protein_573,GCF_002096015.1;protein_574,GCF_041931755.1;protein_652,GCF_001558175.1;protein_575,,,,,
GCF_002128025.1;protein_575,GCF_002090235.1;protein_574,GCF_002096015.1;protein_575,GCF_041931755.1;protein_653,GCF_001558175.1;protein_576,,,,,
GCF_002128025.1;protein_576,GCF_002090235.1;protein_575,GCF_002096015.1;protein_576,GCF_041931755.1;protein_654,GCF_001558175.1;protein_577,,,,,
GCF_002128025.1;protein_577,GCF_002090235.1;protein_576,GCF_002096015.1;protein_577,GCF_041931755.1;protein_655,GCF_001558175.1;protein_578,,,,,
GCF_002128025.1;protein_578,GCF_002090235.1;protein_577,GCF_002096015.1;protein_578,GCF_041931755.1;protein_656,GCF_001558175.1;protein_579,,,,,
GCF_002128025.1;protein_579,GCF_002090235.1;protein_578,GCF_002096015.1;protein_579,GCF_041931755.1;protein_657,GCF_001558175.1;protein_580,,,,,
GCF_002128025.1;protein_58,GCF_002090235.1;protein_58,GCF_002096015.1;protein_58,GCF_041931755.1;protein_134,GCF_001558175.1;protein_57,,,,,
GCF_002128025.1;protein_580,GCF_002090235.1;protein_579,GCF_002096015.1;protein_580,GCF_041931755.1;protein_658,GCF_001558175.1;protein_581,,,,,
GCF_002128025.1;protein_581,GCF_002090235.1;protein_580,GCF_002096015.1;protein_581,GCF_041931755.1;protein_659,GCF_001558175.1;protein_582,,,,,
GCF_002128025.1;protein_582,GCF_002090235.1;protein_581,GCF_002096015.1;protein_582,GCF_041931755.1;protein_660,GCF_001558175.1;protein_583,,,,,
GCF_002128025.1;protein_583,GCF_002090235.1;protein_582,GCF_002096015.1;protein_583,GCF_041931755.1;protein_661,GCF_001558175.1;protein_584,,,,,
GCF_002128025.1;protein_584,GCF_002090235.1;protein_583,GCF_002096015.1;protein_584,GCF_041931755.1;protein_662,GCF_001558175.1;protein_585,,,,,
GCF_002128025.1;protein_585,GCF_002090235.1;protein_584,GCF_002096015.1;protein_585,GCF_041931755.1;protein_663,GCF_001558175.1;protein_586,,,,,
GCF_002128025.1;protein_586,GCF_002090235.1;protein_585,GCF_002096015.1;protein_586,GCF_041931755.1;protein_664,GCF_001558175.1;protein_587,,,,,
GCF_002128025.1;protein_587,GCF_002090235.1;protein_586,GCF_002096015.1;protein_587,GCF_041931755.1;protein_665,GCF_001558175.1;protein_588,,,,,
GCF_002128025.1;protein_588,GCF_002090235.1;protein_587,GCF_002096015.1;protein_588,GCF_041931755.1;protein_666,GCF_001558175.1;protein_589,,,,,
GCF_002128025.1;protein_589,GCF_002090235.1;protein_588,GCF_002096015.1;protein_589,GCF_041931755.1;protein_667,GCF_001558175.1;protein_590,,,,,
GCF_002128025.1;protein_59,GCF_002090235.1;protein_59,GCF_002096015.1;protein_59,GCF_041931755.1;protein_135,GCF_001558175.1;protein_58,,,,,
GCF_002128025.1;protein_590,GCF_002090235.1;protein_589,GCF_002096015.1;protein_590,GCF_041931755.1;protein_668,GCF_001558175.1;protein_591,,,,,
GCF_002128025.1;protein_591,GCF_002090235.1;protein_590,GCF_002096015.1;protein_591,GCF_041931755.1;protein_669,GCF_001558175.1;protein_592,,,,,
GCF_002128025.1;protein_592,GCF_002090235.1;protein_591,GCF_002096015.1;protein_592,GCF_041931755.1;protein_670,GCF_001558175.1;protein_593,,,,,
GCF_002128025.1;protein_593,GCF_002090235.1;protein_592,GCF_002096015.1;protein_593,GCF_041931755.1;protein_671,GCF_001558175.1;protein_594,,,,,
GCF_002128025.1;protein_594,GCF_002090235.1;protein_593,GCF_002096015.1;protein_594,GCF_041931755.1;protein_672,GCF_001558175.1;protein_595,,,,,
GCF_002128025.1;protein_595,GCF_002090235.1;protein_594,GCF_002096015.1;protein_595,GCF_041931755.1;protein_673,GCF_001558175.1;protein_596,,,,,
GCF_002128025.1;protein_596,GCF_002090235.1;protein_595,GCF_002096015.1;protein_596,GCF_041931755.1;protein_674,GCF_001558175.1;protein_597,,,,,
GCF_002128025.1;protein_597,GCF_002090235.1;protein_596,GCF_002096015.1;protein_597,GCF_041931755.1;protein_675,GCF_001558175.1;protein_598,,,,,
GCF_002128025.1;protein_598,GCF_002090235.1;protein_597,GCF_002096015.1;protein_598,GCF_041931755.1;protein_676,GCF_001558175.1;protein_599,,,,,
GCF_002128025.1;protein_599,GCF_002090235.1;protein_598,GCF_002096015.1;protein_599,GCF_041931755.1;protein_677,GCF_001558175.1;protein_600,,,,,
GCF_002128025.1;protein_6,GCF_002090235.1;protein_6,GCF_002096015.1;protein_6,GCF_041931755.1;protein_83,GCF_001558175.1;protein_6,,,,,
GCF_002128025.1;protein_60,GCF_002090235.1;protein_60,GCF_002096015.1;protein_60,GCF_041931755.1;protein_136,GCF_001558175.1;protein_59,,,,,
GCF_002128025.1;protein_600,GCF_002090235.1;protein_599,GCF_002096015.1;protein_600,GCF_041931755.1;protein_678,GCF_001558175.1;protein_601,,,,,
GCF_002128025.1;protein_601,GCF_002090235.1;protein_600,GCF_002096015.1;protein_601,GCF_041931755.1;protein_679,GCF_001558175.1;protein_602,,,,,
GCF_002128025.1;protein_602,GCF_002090235.1;protein_601,GCF_002096015.1;protein_602,GCF_041931755.1;protein_680,GCF_001558175.1;protein_603,,,,,
GCF_002128025.1;protein_603,GCF_002090235.1;protein_602,GCF_002096015.1;protein_603,GCF_041931755.1;protein_681,GCF_001558175.1;protein_604,,,,,
GCF_002128025.1;protein_604,GCF_002090235.1;protein_603,GCF_002096015.1;protein_604,GCF_041931755.1;protein_682,GCF_001558175.1;protein_605,,,,,
GCF_002128025.1;protein_605,GCF_002090235.1;protein_604,GCF_002096015.1;protein_605,GCF_041931755.1;protein_683,GCF_001558175.1;protein_606,,,,,
GCF_002128025.1;protein_606,GCF_002090235.1;protein_605,GCF_002096015.1;protein_606,GCF_041931755.1;protein_684,GCF_001558175.1;protein_607,,,,,
GCF_002128025.1;protein_607,GCF_002090235.1;protein_606,GCF_002096015.1;protein_607,GCF_041931755.1;protein_685,GCF_001558175.1;protein_608,,,,,
GCF_002128025.1;protein_608,GCF_002090235.1;protein_607,GCF_002096015.1;protein_608,GCF_041931755.1;protein_686,GCF_001558175.1;protein_609,,,,,
GCF_002128025.1;protein_609,GCF_002090235.1;protein_608,GCF_002096015.1;protein_609,GCF_041931755.1;protein_687,GCF_001558175.1;protein_610,,,,,
GCF_002128025.1;protein_61,GCF_002090235.1;protein_61,GCF_002096015.1;protein_61,GCF_041931755.1;protein_137,GCF_001558175.1;protein_60,,,,,
GCF_002128025.1;protein_610,GCF_002090235.1;protein_609,GCF_002096015.1;protein_610,GCF_041931755.1;protein_688,GCF_001558175.1;protein_611,,,,,
GCF_002128025.1;protein_611,GCF_002090235.1;protein_610,GCF_002096015.1;protein_612,GCF_041931755.1;protein_690,GCF_001558175.1;protein_613,,,,,
GCF_002128025.1;protein_612,GCF_002090235.1;protein_611,GCF_002096015.1;protein_613,GCF_041931755.1;protein_691,GCF_001558175.1;protein_614,,,,,
GCF_002128025.1;protein_613,GCF_002090235.1;protein_612,GCF_002096015.1;protein_614,GCF_041931755.1;protein_692,GCF_001558175.1;protein_615,,,,,
GCF_002128025.1;protein_614,GCF_002090235.1;protein_613,GCF_002096015.1;protein_615,GCF_041931755.1;protein_693,GCF_001558175.1;protein_616,,,,,
GCF_002128025.1;protein_615,GCF_002090235.1;protein_614,GCF_002096015.1;protein_616,GCF_041931755.1;protein_694,GCF_001558175.1;protein_617,,,,,
GCF_002128025.1;protein_616,GCF_002090235.1;protein_615,GCF_002096015.1;protein_617,GCF_041931755.1;protein_695,GCF_001558175.1;protein_618,,,,,
GCF_002128025.1;protein_617,GCF_002090235.1;protein_616,GCF_002096015.1;protein_618,GCF_041931755.1;protein_696,GCF_001558175.1;protein_619,,,,,
GCF_002128025.1;protein_618,GCF_002090235.1;protein_617,GCF_002096015.1;protein_619,GCF_041931755.1;protein_697,GCF_001558175.1;protein_620,,,,,
GCF_002128025.1;protein_619,GCF_002090235.1;protein_618,GCF_002096015.1;protein_620,GCF_041931755.1;protein_698,GCF_001558175.1;protein_621,,,,,
GCF_002128025.1;protein_62,GCF_002090235.1;protein_62,GCF_002096015.1;protein_62,GCF_041931755.1;protein_138,GCF_001558175.1;protein_61,,,,,
GCF_002128025.1;protein_620,GCF_002090235.1;protein_619,GCF_002096015.1;protein_621,GCF_041931755.1;protein_699,GCF_001558175.1;protein_622,,,,,
GCF_002128025.1;protein_621,GCF_002090235.1;protein_620,GCF_002096015.1;protein_622,GCF_041931755.1;protein_700,GCF_001558175.1;protein_623,,,,,
GCF_002128025.1;protein_622,GCF_002090235.1;protein_621,GCF_002096015.1;protein_623,GCF_041931755.1;protein_701,GCF_001558175.1;protein_624,,,,,
GCF_002128025.1;protein_623,GCF_002090235.1;protein_622,GCF_002096015.1;protein_624,GCF_041931755.1;protein_702,GCF_001558175.1;protein_625,,,,,
GCF_002128025.1;protein_624,GCF_002090235.1;protein_623,GCF_002096015.1;protein_625,GCF_041931755.1;protein_703,GCF_001558175.1;protein_626,,,,,
GCF_002128025.1;protein_625,GCF_002090235.1;protein_624,GCF_002096015.1;protein_626,GCF_041931755.1;protein_704,GCF_001558175.1;protein_627,,,,,
GCF_002128025.1;protein_626,GCF_002090235.1;protein_625,GCF_002096015.1;protein_627,GCF_041931755.1;protein_705,GCF_001558175.1;protein_628,,,,,
GCF_002128025.1;protein_627,GCF_002090235.1;protein_626,GCF_002096015.1;protein_628,GCF_041931755.1;protein_706,GCF_001558175.1;protein_629,,,,,
GCF_002128025.1;protein_628,GCF_002090235.1;protein_627,GCF_002096015.1;protein_629,GCF_041931755.1;protein_707,GCF_001558175.1;protein_630,,,,,
GCF_002128025.1;protein_629,GCF_002090235.1;protein_628,GCF_002096015.1;protein_630,GCF_041931755.1;protein_708,GCF_001558175.1;protein_631,,,,,
GCF_002128025.1;protein_63,GCF_002090235.1;protein_63,GCF_002096015.1;protein_63,GCF_041931755.1;protein_139,GCF_001558175.1;protein_62,,,,,
GCF_002128025.1;protein_630,GCF_002090235.1;protein_629,GCF_002096015.1;protein_631,GCF_041931755.1;protein_709,GCF_001558175.1;protein_632,,,,,
GCF_002128025.1;protein_631,GCF_002090235.1;protein_630,GCF_002096015.1;protein_632,GCF_041931755.1;protein_710,GCF_001558175.1;protein_633,,,,,
GCF_002128025.1;protein_632,GCF_002090235.1;protein_631,GCF_002096015.1;protein_633,GCF_041931755.1;protein_711,GCF_001558175.1;protein_634,,,,,
GCF_002128025.1;protein_633,GCF_002090235.1;protein_632,GCF_002096015.1;protein_634,GCF_041931755.1;protein_712,GCF_001558175.1;protein_635,,,,,
GCF_002128025.1;protein_634,GCF_002090235.1;protein_633,GCF_002096015.1;protein_635,GCF_041931755.1;protein_713,GCF_001558175.1;protein_636,,,,,
GCF_002128025.1;protein_635,GCF_002090235.1;protein_634,GCF_002096015.1;protein_636,GCF_041931755.1;protein_714,GCF_001558175.1;protein_637,,,,,
GCF_002128025.1;protein_636,GCF_002090235.1;protein_635,GCF_002096015.1;protein_637,GCF_041931755.1;protein_715,GCF_001558175.1;protein_638,,,,,
GCF_002128025.1;protein_637,GCF_002090235.1;protein_636,GCF_002096015.1;protein_638,GCF_041931755.1;protein_716,GCF_001558175.1;protein_639,,,,,
GCF_002128025.1;protein_638,GCF_002090235.1;protein_637,GCF_002096015.1;protein_639,GCF_041931755.1;protein_717,GCF_001558175.1;protein_640,,,,,
GCF_002128025.1;protein_639,GCF_002090235.1;protein_638,GCF_002096015.1;protein_640,GCF_041931755.1;protein_718,GCF_001558175.1;protein_641,,,,,
GCF_002128025.1;protein_64,GCF_002090235.1;protein_64,GCF_002096015.1;protein_64,GCF_041931755.1;protein_140,GCF_001558175.1;protein_63,,,,,
GCF_002128025.1;protein_640,GCF_002090235.1;protein_639,GCF_002096015.1;protein_641,GCF_041931755.1;protein_719,GCF_001558175.1;protein_642,,,,,
GCF_002128025.1;protein_641,GCF_002090235.1;protein_640,GCF_002096015.1;protein_642,GCF_041931755.1;protein_720,GCF_001558175.1;protein_643,,,,,
GCF_002128025.1;protein_642,GCF_002090235.1;protein_641,GCF_002096015.1;protein_643,GCF_041931755.1;protein_0,GCF_001558175.1;protein_644,,,,,
GCF_002128025.1;protein_644,GCF_002090235.1;protein_643,GCF_002096015.1;protein_645,GCF_041931755.1;protein_2,GCF_001558175.1;protein_646,,,,,
GCF_002128025.1;protein_645,GCF_002090235.1;protein_644,GCF_002096015.1;protein_646,GCF_041931755.1;protein_3,GCF_001558175.1;protein_647,,,,,
GCF_002128025.1;protein_646,GCF_002090235.1;protein_645,GCF_002096015.1;protein_647,GCF_041931755.1;protein_4,GCF_001558175.1;protein_648,,,,,
GCF_002128025.1;protein_647,GCF_002090235.1;protein_646,GCF_002096015.1;protein_648,GCF_041931755.1;protein_5,GCF_001558175.1;protein_649,,,,,
GCF_002128025.1;protein_648,GCF_002090235.1;protein_647,GCF_002096015.1;protein_649,GCF_041931755.1;protein_6,GCF_001558175.1;protein_650,,,,,
GCF_002128025.1;protein_649,GCF_002090235.1;protein_648,GCF_002096015.1;protein_650,GCF_041931755.1;protein_7,GCF_001558175.1;protein_651,,,,,
GCF_002128025.1;protein_65,GCF_002090235.1;protein_65,GCF_002096015.1;protein_65,GCF_041931755.1;protein_141,GCF_001558175.1;protein_64,,,,,
GCF_002128025.1;protein_650,GCF_002090235.1;protein_649,GCF_002096015.1;protein_651,GCF_041931755.1;protein_8,GCF_001558175.1;protein_652,,,,,
GCF_002128025.1;protein_651,GCF_002090235.1;protein_650,GCF_002096015.1;protein_652,GCF_041931755.1;protein_9,GCF_001558175.1;protein_653,,,,,
GCF_002128025.1;protein_652,GCF_002090235.1;protein_651,GCF_002096015.1;protein_653,GCF_041931755.1;protein_10,GCF_001558175.1;protein_654,,,,,
GCF_002128025.1;protein_653,GCF_002090235.1;protein_652,GCF_002096015.1;protein_654,GCF_041931755.1;protein_11,GCF_001558175.1;protein_655,,,,,
GCF_002128025.1;protein_654,GCF_002090235.1;protein_653,GCF_002096015.1;protein_655,GCF_041931755.1;protein_12,GCF_001558175.1;protein_656,,,,,
GCF_002128025.1;protein_655,GCF_002090235.1;protein_654,GCF_002096015.1;protein_656,GCF_041931755.1;protein_13,GCF_001558175.1;protein_657,,,,,
GCF_002128025.1;protein_656,GCF_002090235.1;protein_655,GCF_002096015.1;protein_657,GCF_041931755.1;protein_14,GCF_001558175.1;protein_658,,,,,
GCF_002128025.1;protein_657,GCF_002090235.1;protein_656,GCF_002096015.1;protein_658,GCF_041931755.1;protein_15,GCF_001558175.1;protein_659,,,,,
GCF_002128025.1;protein_658,GCF_002090235.1;protein_657,GCF_002096015.1;protein_659,GCF_041931755.1;protein_16,GCF_001558175.1;protein_660,,,,,
GCF_002128025.1;protein_659,GCF_002090235.1;protein_658,GCF_002096015.1;protein_660,GCF_041931755.1;protein_17,GCF_001558175.1;protein_661,,,,,
GCF_002128025.1;protein_66,GCF_002090235.1;protein_66,GCF_002096015.1;protein_66,GCF_041931755.1;protein_142,GCF_001558175.1;protein_65,,,,,
GCF_002128025.1;protein_660,GCF_002090235.1;protein_659,GCF_002096015.1;protein_661,GCF_041931755.1;protein_18,GCF_001558175.1;protein_662,,,,,
GCF_002128025.1;protein_661,GCF_002090235.1;protein_660,GCF_002096015.1;protein_662,,,,,,,
GCF_002128025.1;protein_662,GCF_002090235.1;protein_661,GCF_002096015.1;protein_663,,,,,,,
GCF_002128025.1;protein_663,GCF_002090235.1;protein_662,GCF_002096015.1;protein_664,GCF_041931755.1;protein_20,GCF_001558175.1;protein_664,,,,,
GCF_002128025.1;protein_664,GCF_002090235.1;protein_663,GCF_002096015.1;protein_665,GCF_041931755.1;protein_21,GCF_001558175.1;protein_665,,,,,
GCF_002128025.1;protein_665,GCF_002090235.1;protein_664,GCF_002096015.1;protein_666,GCF_041931755.1;protein_22,GCF_001558175.1;protein_666,,,,,
GCF_002128025.1;protein_666,GCF_002090235.1;protein_665,GCF_002096015.1;protein_667,GCF_041931755.1;protein_23,GCF_001558175.1;protein_667,,,,,
GCF_002128025.1;protein_667,GCF_002090235.1;protein_666,GCF_002096015.1;protein_668,GCF_041931755.1;protein_24,GCF_001558175.1;protein_668,,,,,
GCF_002128025.1;protein_668,GCF_002090235.1;protein_667,GCF_002096015.1;protein_669,GCF_041931755.1;protein_25,GCF_001558175.1;protein_669,,,,,
GCF_002128025.1;protein_669,GCF_002090235.1;protein_668,GCF_002096015.1;protein_670,GCF_041931755.1;protein_26,GCF_001558175.1;protein_670,,,,,
GCF_002128025.1;protein_67,GCF_002090235.1;protein_67,GCF_002096015.1;protein_67,GCF_041931755.1;protein_143,GCF_001558175.1;protein_66,,,,,
GCF_002128025.1;protein_670,GCF_002090235.1;protein_669,GCF_002096015.1;protein_671,GCF_041931755.1;protein_27,GCF_001558175.1;protein_671,,,,,
GCF_002128025.1;protein_671,GCF_002090235.1;protein_670,GCF_002096015.1;protein_672,GCF_041931755.1;protein_28,GCF_001558175.1;protein_672,,,,,
GCF_002128025.1;protein_672,GCF_002090235.1;protein_671,GCF_002096015.1;protein_673,GCF_041931755.1;protein_29,GCF_001558175.1;protein_673,,,,,
GCF_002128025.1;protein_673,GCF_002090235.1;protein_672,GCF_002096015.1;protein_674,GCF_041931755.1;protein_30,GCF_001558175.1;protein_674,,,,,
GCF_002128025.1;protein_674,GCF_002090235.1;protein_673,GCF_002096015.1;protein_675,GCF_041931755.1;protein_31,GCF_001558175.1;protein_675,,,,,
GCF_002128025.1;protein_675,GCF_002090235.1;protein_674,GCF_002096015.1;protein_676,GCF_041931755.1;protein_32,GCF_001558175.1;protein_676,,,,,
GCF_002128025.1;protein_676,GCF_002090235.1;protein_675,GCF_002096015.1;protein_677,GCF_041931755.1;protein_33,GCF_001558175.1;protein_677,,,,,
GCF_002128025.1;protein_677,GCF_002090235.1;protein_676,GCF_002096015.1;protein_678,GCF_041931755.1;protein_34,GCF_001558175.1;protein_678,,,,,
GCF_002128025.1;protein_678,GCF_002090235.1;protein_677,GCF_002096015.1;protein_679,GCF_041931755.1;protein_35,GCF_001558175.1;protein_679,,,,,
GCF_002128025.1;protein_679,GCF_002090235.1;protein_678,GCF_002096015.1;protein_680,GCF_041931755.1;protein_36,GCF_001558175.1;protein_680,,,,,
GCF_002128025.1;protein_68,GCF_002090235.1;protein_68,GCF_002096015.1;protein_68,GCF_041931755.1;protein_144,GCF_001558175.1;protein_67,,,,,
GCF_002128025.1;protein_680,GCF_002090235.1;protein_679,GCF_002096015.1;protein_681,GCF_041931755.1;protein_37,GCF_001558175.1;protein_681,,,,,
GCF_002128025.1;protein_681,GCF_002090235.1;protein_680,GCF_002096015.1;protein_682,GCF_041931755.1;protein_38,GCF_001558175.1;protein_682,,,,,
GCF_002128025.1;protein_682,GCF_002090235.1;protein_681,GCF_002096015.1;protein_683,GCF_041931755.1;protein_39,GCF_001558175.1;protein_683,,,,,
GCF_002128025.1;protein_683,GCF_002090235.1;protein_682,GCF_002096015.1;protein_684,GCF_041931755.1;protein_40,GCF_001558175.1;protein_684,,,,,
GCF_002128025.1;protein_684,GCF_002090235.1;protein_683,GCF_002096015.1;protein_685,GCF_041931755.1;protein_41,GCF_001558175.1;protein_685,,,,,
GCF_002128025.1;protein_685,GCF_002090235.1;protein_684,GCF_002096015.1;protein_686,GCF_041931755.1;protein_42,GCF_001558175.1;protein_686,,,,,
GCF_002128025.1;protein_686,GCF_002090235.1;protein_685,GCF_002096015.1;protein_687,GCF_041931755.1;protein_43,GCF_001558175.1;protein_687,,,,,
GCF_002128025.1;protein_687,GCF_002090235.1;protein_686,GCF_002096015.1;protein_688,GCF_041931755.1;protein_44,GCF_001558175.1;protein_688,,,,,
GCF_002128025.1;protein_688,GCF_002090235.1;protein_687,GCF_002096015.1;protein_689,GCF_041931755.1;protein_45,GCF_001558175.1;protein_689,,,,,
GCF_002128025.1;protein_689,GCF_002090235.1;protein_688,GCF_002096015.1;protein_690,GCF_041931755.1;protein_46,GCF_001558175.1;protein_690,,,,,
GCF_002128025.1;protein_69,GCF_002090235.1;protein_69,GCF_002096015.1;protein_69,GCF_041931755.1;protein_145,GCF_001558175.1;protein_68,,,,,
GCF_002128025.1;protein_690,GCF_002090235.1;protein_689,GCF_002096015.1;protein_691,GCF_041931755.1;protein_47,GCF_001558175.1;protein_691,,,,,
GCF_002128025.1;protein_691,GCF_002090235.1;protein_690,GCF_002096015.1;protein_692,GCF_041931755.1;protein_48,GCF_001558175.1;protein_692,,,,,
GCF_002128025.1;protein_692,GCF_002090235.1;protein_691,GCF_002096015.1;protein_693,GCF_041931755.1;protein_49,GCF_001558175.1;protein_693,,,,,
GCF_002128025.1;protein_693,GCF_002090235.1;protein_692,GCF_002096015.1;protein_694,GCF_041931755.1;protein_50,GCF_001558175.1;protein_694,,,,,
GCF_002128025.1;protein_694,GCF_002090235.1;protein_693,GCF_002096015.1;protein_695,GCF_041931755.1;protein_51,GCF_001558175.1;protein_695,,,,,
GCF_002128025.1;protein_695,GCF_002090235.1;protein_694,GCF_002096015.1;protein_696,GCF_041931755.1;protein_52,GCF_001558175.1;protein_696,,,,,
GCF_002128025.1;protein_696,GCF_002090235.1;protein_695,GCF_002096015.1;protein_697,GCF_041931755.1;protein_53,GCF_001558175.1;protein_697,,,,,
GCF_002128025.1;protein_697,GCF_002090235.1;protein_696,GCF_002096015.1;protein_698,GCF_041931755.1;protein_54,GCF_001558175.1;protein_698,,,,,
GCF_002128025.1;protein_698,GCF_002090235.1;protein_697,GCF_002096015.1;protein_699,GCF_041931755.1;protein_55,GCF_001558175.1;protein_699,,,,,
GCF_002128025.1;protein_699,GCF_002090235.1;protein_698,GCF_002096015.1;protein_700,GCF_041931755.1;protein_56,GCF_001558175.1;protein_700,,,,,
GCF_002128025.1;protein_7,GCF_002090235.1;protein_7,GCF_002096015.1;protein_7,GCF_041931755.1;protein_84,GCF_001558175.1;protein_7,,,,,
GCF_002128025.1;protein_70,GCF_002090235.1;protein_70,GCF_002096015.1;protein_70,GCF_041931755.1;protein_146,GCF_001558175.1;protein_69,,,,,
GCF_002128025.1;protein_700,GCF_002090235.1;protein_699,GCF_002096015.1;protein_701,GCF_041931755.1;protein_57,GCF_001558175.1;protein_701,,,,,
GCF_002128025.1;protein_701,GCF_002090235.1;protein_700,GCF_002096015.1;protein_702,GCF_041931755.1;protein_58,GCF_001558175.1;protein_702,,,,,
GCF_002128025.1;protein_702,GCF_002090235.1;protein_701,GCF_002096015.1;protein_703,GCF_041931755.1;protein_59,GCF_001558175.1;protein_703,,,,,
GCF_002128025.1;protein_703,GCF_002090235.1;protein_702,GCF_002096015.1;protein_704,GCF_041931755.1;protein_60,GCF_001558175.1;protein_704,,,,,
GCF_002128025.1;protein_704,GCF_002090235.1;protein_703,GCF_002096015.1;protein_705,GCF_041931755.1;protein_61,GCF_001558175.1;protein_705,,,,,
GCF_002128025.1;protein_705,GCF_002090235.1;protein_704,GCF_002096015.1;protein_706,GCF_041931755.1;protein_62,GCF_001558175.1;protein_706,,,,,
GCF_002128025.1;protein_706,GCF_002090235.1;protein_705,GCF_002096015.1;protein_707,GCF_041931755.1;protein_63,GCF_001558175.1;protein_707,,,,,
GCF_002128025.1;protein_707,GCF_002090235.1;protein_706,GCF_002096015.1;protein_708,GCF_041931755.1;protein_64,GCF_001558175.1;protein_708,,,,,
GCF_002128025.1;protein_708,GCF_002090235.1;protein_707,GCF_002096015.1;protein_709,GCF_041931755.1;protein_65,GCF_001558175.1;protein_709,,,,,
GCF_002128025.1;protein_709,GCF_002090235.1;protein_708,GCF_002096015.1;protein_710,GCF_041931755.1;protein_66,GCF_001558175.1;protein_710,,,,,
GCF_002128025.1;protein_71,GCF_002090235.1;protein_71,GCF_002096015.1;protein_71,GCF_041931755.1;protein_147,GCF_001558175.1;protein_70,,,,,
GCF_002128025.1;protein_710,GCF_002090235.1;protein_709,GCF_002096015.1;protein_711,GCF_041931755.1;protein_67,GCF_001558175.1;protein_711,,,,,
GCF_002128025.1;protein_711,GCF_002090235.1;protein_710,GCF_002096015.1;protein_712,GCF_041931755.1;protein_68,GCF_001558175.1;protein_712,,,,,
GCF_002128025.1;protein_712,GCF_002090235.1;protein_711,GCF_002096015.1;protein_713,GCF_041931755.1;protein_69,GCF_001558175.1;protein_713,,,,,
GCF_002128025.1;protein_713,GCF_002090235.1;protein_712,GCF_002096015.1;protein_714,GCF_041931755.1;protein_70,GCF_001558175.1;protein_714,,,,,
GCF_002128025.1;protein_714,GCF_002090235.1;protein_713,GCF_002096015.1;protein_715,GCF_041931755.1;protein_71,GCF_001558175.1;protein_715,,,,,
GCF_002128025.1;protein_715,GCF_002090235.1;protein_714,GCF_002096015.1;protein_716,GCF_041931755.1;protein_72,GCF_001558175.1;protein_716,,,,,
GCF_002128025.1;protein_716,GCF_002090235.1;protein_715,GCF_002096015.1;protein_717,GCF_041931755.1;protein_73,GCF_001558175.1;protein_717,,,,,
GCF_002128025.1;protein_717,GCF_002090235.1;protein_716,GCF_002096015.1;protein_718,GCF_041931755.1;protein_74,GCF_001558175.1;protein_718,,,,,
GCF_002128025.1;protein_718,GCF_002090235.1;protein_717,GCF_002096015.1;protein_719,GCF_041931755.1;protein_75,GCF_001558175.1;protein_719,,,,,
GCF_002128025.1;protein_719,GCF_002090235.1;protein_718,GCF_002096015.1;protein_720,GCF_041931755.1;protein_76,GCF_001558175.1;protein_720,,,,,
GCF_002128025.1;protein_72,GCF_002090235.1;protein_72,GCF_002096015.1;protein_72,GCF_041931755.1;protein_148,GCF_001558175.1;protein_71,,,,,
GCF_002128025.1;protein_73,GCF_002090235.1;protein_73,GCF_002096015.1;protein_73,GCF_041931755.1;protein_149,GCF_001558175.1;protein_72,,,,,
GCF_002128025.1;protein_74,GCF_002090235.1;protein_74,GCF_002096015.1;protein_74,GCF_041931755.1;protein_150,GCF_001558175.1;protein_73,,,,,
GCF_002128025.1;protein_75,GCF_002090235.1;protein_75,GCF_002096015.1;protein_75,GCF_041931755.1;protein_151,GCF_001558175.1;protein_74,,,,,
GCF_002128025.1;protein_76,GCF_002090235.1;protein_76,GCF_002096015.1;protein_76,GCF_041931755.1;protein_152,GCF_001558175.1;protein_75,,,,,
GCF_002128025.1;protein_77,GCF_002090235.1;protein_77,GCF_002096015.1;protein_77,GCF_041931755.1;protein_153,GCF_001558175.1;protein_76,,,,,
GCF_002128025.1;protein_78,GCF_002090235.1;protein_78,GCF_002096015.1;protein_78,GCF_041931755.1;protein_154,GCF_001558175.1;protein_77,,,,,
GCF_002128025.1;protein_79,GCF_002090235.1;protein_79,GCF_002096015.1;protein_79,GCF_041931755.1;protein_155,GCF_001558175.1;protein_78,,,,,
GCF_002128025.1;protein_8,GCF_002090235.1;protein_8,GCF_002096015.1;protein_8,GCF_041931755.1;protein_85,GCF_001558175.1;protein_8,,,,,
GCF_002128025.1;protein_80,GCF_002090235.1;protein_80,GCF_002096015.1;protein_80,GCF_041931755.1;protein_156,GCF_001558175.1;protein_79,,,,,
GCF_002128025.1;protein_81,GCF_002090235.1;protein_81,GCF_002096015.1;protein_81,GCF_041931755.1;protein_157,GCF_001558175.1;protein_80,,,,,
GCF_002128025.1;protein_82,GCF_002090235.1;protein_82,GCF_002096015.1;protein_82,GCF_041931755.1;protein_158,GCF_001558175.1;protein_81,,,,,
GCF_002128025.1;protein_83,GCF_002090235.1;protein_83,GCF_002096015.1;protein_83,GCF_041931755.1;protein_159,GCF_001558175.1;protein_82,,,,,
GCF_002128025.1;protein_84,GCF_002090235.1;protein_84,GCF_002096015.1;protein_84,GCF_041931755.1;protein_160,GCF_001558175.1;protein_83,,,,,
GCF_002128025.1;protein_85,GCF_002090235.1;protein_85,GCF_002096015.1;protein_85,GCF_041931755.1;protein_161,GCF_001558175.1;protein_84,,,,,
GCF_002128025.1;protein_86,GCF_002090235.1;protein_86,GCF_002096015.1;protein_86,GCF_041931755.1;protein_162,GCF_001558175.1;protein_85,,,,,
GCF_002128025.1;protein_87,GCF_002090235.1;protein_87,GCF_002096015.1;protein_87,GCF_041931755.1;protein_163,GCF_001558175.1;protein_86,,,,,
GCF_002128025.1;protein_88,GCF_002090235.1;protein_88,GCF_002096015.1;protein_88,GCF_041931755.1;protein_164,GCF_001558175.1;protein_87,,,,,
GCF_002128025.1;protein_89,GCF_002090235.1;protein_89,GCF_002096015.1;protein_89,GCF_041931755.1;protein_165,GCF_001558175.1;protein_88,,,,,
GCF_002128025.1;protein_9,GCF_002090235.1;protein_9,GCF_002096015.1;protein_9,GCF_041931755.1;protein_86,GCF_001558175.1;protein_9,,,,,
GCF_002128025.1;protein_90,GCF_002090235.1;protein_90,GCF_002096015.1;protein_90,GCF_041931755.1;protein_166,GCF_001558175.1;protein_89,,,,,
GCF_002128025.1;protein_91,GCF_002090235.1;protein_91,GCF_002096015.1;protein_91,GCF_041931755.1;protein_167,GCF_001558175.1;protein_90,,,,,
GCF_002128025.1;protein_92,GCF_002090235.1;protein_92,GCF_002096015.1;protein_92,GCF_041931755.1;protein_168,GCF_001558175.1;protein_91,,,,,
GCF_002128025.1;protein_93,GCF_002090235.1;protein_93,GCF_002096015.1;protein_93,GCF_041931755.1;protein_169,GCF_001558175.1;protein_92,,,,,
GCF_002128025.1;protein_94,GCF_002090235.1;protein_94,GCF_002096015.1;protein_94,GCF_041931755.1;protein_170,GCF_001558175.1;protein_93,,,,,
GCF_002128025.1;protein_95,GCF_002090235.1;protein_95,GCF_002096015.1;protein_95,GCF_041931755.1;protein_171,GCF_001558175.1;protein_94,,,,,
GCF_002128025.1;protein_96,GCF_002090235.1;protein_96,GCF_002096015.1;protein_96,GCF_041931755.1;protein_172,GCF_001558175.1;protein_95,,,,,
GCF_002090235.1;protein_97,,,,,,,,,
GCF_002090235.1;protein_98,,,,,,,,,
GCF_002090235.1;protein_99,,,,,,,,,
GCF_002090235.1;protein_100,,,,,,,,,
GCF_002090235.1;protein_104,,,,,,,,,
GCF_002090235.1;protein_105,,,,,,,,,
GCF_002090235.1;protein_106,,,,,,,,,
GCF_002090235.1;protein_107,,,,,,,,,
GCF_002090235.1;protein_115,,,,,,,,,
GCF_002090235.1;protein_116,,,,,,,,,
GCF_002090235.1;protein_120,,,,,,,,,
GCF_002090235.1;protein_142,,,,,,,,,
GCF_002090235.1;protein_143,,,,,,,,,
GCF_002090235.1;protein_144,,,,,,,,,
GCF_002090235.1;protein_158,,,,,,,,,
GCF_002090235.1;protein_161,,,,,,,,,
GCF_002090235.1;protein_162,,,,,,,,,
GCF_002090235.1;protein_220,,,,,,,,,
GCF_002090235.1;protein_221,,,,,,,,,
GCF_002090235.1;protein_287,,,,,,,,,
GCF_002090235.1;protein_363,,,,,,,,,
GCF_002090235.1;protein_387,,,,,,,,,
GCF_002090235.1;protein_430,,,,,,,,,
GCF_002090235.1;protein_431,,,,,,,,,
GCF_002090235.1;protein_433,,,,,,,,,
GCF_002090235.1;protein_434,,,,,,,,,
GCF_002090235.1;protein_479,,,,,,,,,
GCF_002090235.1;protein_480,,,,,,,,,
GCF_002090235.1;protein_481,,,,,,,,,
GCF_002090235.1;protein_482,,,,,,,,,
GCF_002090235.1;protein_483,,,,,,,,,
GCF_002090235.1;protein_484,,,,,,,,,
GCF_002090235.1;protein_517,,,,,,,,,
GCF_002090235.1;protein_518,,,,,,,,,
GCF_002090235.1;protein_520,,,,,,,,,
GCF_002090235.1;protein_521,,,,,,,,,
GCF_002090235.1;protein_524,,,,,,,,,
GCF_002090235.1;protein_525,,,,,,,,,
GCF_002090235.1;protein_642,,,,,,,,,
GCF_001558175.1;protein_96,,,,,,,,,
GCF_001558175.1;protein_98,,,,,,,,,
GCF_001558175.1;protein_99,,,,,,,,,
GCF_001558175.1;protein_103,,,,,,,,,
GCF_001558175.1;protein_104,,,,,,,,,
GCF_001558175.1;protein_105,,,,,,,,,
GCF_001558175.1;protein_106,,,,,,,,,
GCF_001558175.1;protein_109,,,,,,,,,
GCF_001558175.1;protein_110,,,,,,,,,
GCF_001558175.1;protein_115,,,,,,,,,
GCF_001558175.1;protein_119,,,,,,,,,
GCF_001558175.1;protein_141,,,,,,,,,
GCF_001558175.1;protein_142,,,,,,,,,
GCF_001558175.1;protein_143,,,,,,,,,
GCF_001558175.1;protein_153,,,,,,,,,
GCF_001558175.1;protein_154,,,,,,,,,
GCF_001558175.1;protein_155,,,,,,,,,
GCF_001558175.1;protein_156,,,,,,,,,
GCF_001558175.1;protein_157,,,,,,,,,
GCF_001558175.1;protein_161,,,,,,,,,
GCF_001558175.1;protein_164,,,,,,,,,
GCF_001558175.1;protein_165,,,,,,,,,
GCF_001558175.1;protein_223,,,,,,,,,
GCF_001558175.1;protein_224,,,,,,,,,
GCF_001558175.1;protein_389,,,,,,,,,
GCF_001558175.1;protein_433,,,,,,,,,
GCF_001558175.1;protein_434,,,,,,,,,
GCF_001558175.1;protein_436,,,,,,,,,
GCF_001558175.1;protein_437,,,,,,,,,
GCF_001558175.1;protein_482,,,,,,,,,
GCF_001558175.1;protein_483,,,,,,,,,
GCF_001558175.1;protein_485,,,,,,,,,
GCF_001558175.1;protein_486,,,,,,,,,
GCF_001558175.1;protein_487,,,,,,,,,
GCF_001558175.1;protein_520,,,,,,,,,
GCF_001558175.1;protein_521,,,,,,,,,
GCF_001558175.1;protein_523,,,,,,,,,
GCF_001558175.1;protein_524,,,,,,,,,
GCF_001558175.1;protein_527,,,,,,,,,
GCF_001558175.1;protein_528,,,,,,,,,
GCF_001558175.1;protein_645,,,,,,,,,
GCF_002128025.1;protein_97,,,,,,,,,
GCF_002128025.1;protein_99,,,,,,,,,
GCF_002128025.1;protein_100,,,,,,,,,
GCF_002128025.1;protein_104,,,,,,,,,
GCF_002128025.1;protein_105,,,,,,,,,
GCF_002128025.1;protein_106,,,,,,,,,
GCF_002128025.1;protein_107,,,,,,,,,
GCF_002128025.1;protein_115,,,,,,,,,
GCF_002128025.1;protein_119,,,,,,,,,
GCF_002128025.1;protein_141,,,,,,,,,
GCF_002128025.1;protein_142,,,,,,,,,
GCF_002128025.1;protein_143,,,,,,,,,
GCF_002128025.1;protein_157,,,,,,,,,
GCF_002128025.1;protein_160,,,,,,,,,
GCF_002128025.1;protein_161,,,,,,,,,
GCF_002128025.1;protein_219,,,,,,,,,
GCF_002128025.1;protein_220,,,,,,,,,
GCF_002128025.1;protein_286,,,,,,,,,
GCF_002128025.1;protein_386,,,,,,,,,
GCF_002128025.1;protein_429,,,,,,,,,
GCF_002128025.1;protein_430,,,,,,,,,
GCF_002128025.1;protein_432,,,,,,,,,
GCF_002128025.1;protein_433,,,,,,,,,
GCF_002128025.1;protein_478,,,,,,,,,
GCF_002128025.1;protein_479,,,,,,,,,
GCF_002128025.1;protein_481,,,,,,,,,
GCF_002128025.1;protein_482,,,,,,,,,
GCF_002128025.1;protein_483,,,,,,,,,
GCF_002128025.1;protein_516,,,,,,,,,
GCF_002128025.1;protein_517,,,,,,,,,
GCF_002128025.1;protein_519,,,,,,,,,
GCF_002128025.1;protein_520,,,,,,,,,
GCF_002128025.1;protein_523,,,,,,,,,
GCF_002128025.1;protein_524,,,,,,,,,
GCF_002128025.1;protein_533,,,,,,,,,
GCF_002128025.1;protein_534,,,,,,,,,
GCF_002128025.1;protein_643,,,,,,,,,
GCF_041931755.1;protein_1,,,,,,,,,
GCF_041931755.1;protein_173,,,,,,,,,
GCF_041931755.1;protein_175,,,,,,,,,
GCF_041931755.1;protein_176,,,,,,,,,
GCF_041931755.1;protein_180,,,,,,,,,
GCF_041931755.1;protein_181,,,,,,,,,
GCF_041931755.1;protein_182,,,,,,,,,
GCF_041931755.1;protein_183,,,,,,,,,
GCF_041931755.1;protein_191,,,,,,,,,
GCF_041931755.1;protein_192,,,,,,,,,
GCF_041931755.1;protein_196,,,,,,,,,
GCF_041931755.1;protein_199,,,,,,,,,
GCF_041931755.1;protein_200,,,,,,,,,
GCF_041931755.1;protein_219,,,,,,,,,
GCF_041931755.1;protein_220,,,,,,,,,
GCF_041931755.1;protein_221,,,,,,,,,
GCF_041931755.1;protein_222,,,,,,,,,
GCF_041931755.1;protein_224,,,,,,,,,
GCF_041931755.1;protein_238,,,,,,,,,
GCF_041931755.1;protein_241,,,,,,,,,
GCF_041931755.1;protein_242,,,,,,,,,
GCF_041931755.1;protein_248,,,,,,,,,
GCF_041931755.1;protein_300,,,,,,,,,
GCF_041931755.1;protein_301,,,,,,,,,
GCF_041931755.1;protein_381,,,,,,,,,
GCF_041931755.1;protein_384,,,,,,,,,
GCF_041931755.1;protein_441,,,,,,,,,
GCF_041931755.1;protein_466,,,,,,,,,
GCF_041931755.1;protein_467,,,,,,,,,
GCF_041931755.1;protein_510,,,,,,,,,
GCF_041931755.1;protein_511,,,,,,,,,
GCF_041931755.1;protein_513,,,,,,,,,
GCF_041931755.1;protein_514,,,,,,,,,
GCF_041931755.1;protein_559,,,,,,,,,
GCF_041931755.1;protein_560,,,,,,,,,
GCF_041931755.1;protein_562,,,,,,,,,
GCF_041931755.1;protein_563,,,,,,,,,
GCF_041931755.1;protein_564,,,,,,,,,
GCF_041931755.1;protein_597,,,,,,,,,
GCF_041931755.1;protein_598,,,,,,,,,
GCF_041931755.1;protein_600,,,,,,,,,
GCF_041931755.1;protein_601,,,,,,,,,
GCF_041931755.1;protein_604,,,,,,,,,
GCF_041931755.1;protein_605,,,,,,,,,
GCF_041931755.1;protein_689,,,,,,,,,
GCF_002096015.1;protein_97,,,,,,,,,
GCF_002096015.1;protein_99,,,,,,,,,
GCF_002096015.1;protein_100,,,,,,,,,
GCF_002096015.1;protein_104,,,,,,,,,
GCF_002096015.1;protein_105,,,,,,,,,
GCF_002096015.1;protein_106,,,,,,,,,
GCF_002096015.1;protein_107,,,,,,,,,
GCF_002096015.1;protein_115,,,,,,,,,
GCF_002096015.1;protein_119,,,,,,,,,
GCF_002096015.1;protein_141,,,,,,,,,
GCF_002096015.1;protein_142,,,,,,,,,
GCF_002096015.1;protein_143,,,,,,,,,
GCF_002096015.1;protein_157,,,,,,,,,
GCF_002096015.1;protein_160,,,,,,,,,
GCF_002096015.1;protein_161,,,,,,,,,
GCF_002096015.1;protein_219,,,,,,,,,
GCF_002096015.1;protein_220,,,,,,,,,
GCF_002096015.1;protein_286,,,,,,,,,
GCF_002096015.1;protein_303,,,,,,,,,
GCF_002096015.1;protein_304,,,,,,,,,
GCF_002096015.1;protein_387,,,,,,,,,
GCF_002096015.1;protein_388,,,,,,,,,
GCF_002096015.1;protein_389,,,,,,,,,
GCF_002096015.1;protein_390,,,,,,,,,
GCF_002096015.1;protein_431,,,,,,,,,
GCF_002096015.1;protein_432,,,,,,,,,
GCF_002096015.1;protein_434,,,,,,,,,
GCF_002096015.1;protein_435,,,,,,,,,
GCF_002096015.1;protein_480,,,,,,,,,
GCF_002096015.1;protein_481,,,,,,,,,
GCF_002096015.1;protein_483,,,,,,,,,
GCF_002096015.1;protein_484,,,,,,,,,
GCF_002096015.1;protein_485,,,,,,,,,
GCF_002096015.1;protein_518,,,,,,,,,
GCF_002096015.1;protein_519,,,,,,,,,
GCF_002096015.1;protein_521,,,,,,,,,
GCF_002096015.1;protein_522,,,,,,,,,
GCF_002096015.1;protein_525,,,,,,,,,
GCF_002096015.1;protein_526,,,,,,,,,
GCF_002096015.1;protein_644,,,,,,,,,
