GCF_000685705.1,GCF_020735805.1,GCF_021184145.1,GCF_017821655.1,GCF_016757555.1,GCF_006337485.1,GCF_006337745.1,GCF_030323385.1,GCF_002952455.1,GCF_002952675.1
GCF_000685705.1;protein_0,GCF_020735805.1;protein_571,GCF_021184145.1;protein_948,GCF_017821655.1;protein_0,GCF_016757555.1;protein_0,GCF_006337485.1;protein_1494,GCF_006337745.1;protein_1491,GCF_030323385.1;protein_149,GCF_002952455.1;protein_1480,GCF_002952675.1;protein_1485
GCF_000685705.1;protein_1,GCF_020735805.1;protein_572,GCF_021184145.1;protein_949,GCF_017821655.1;protein_1,GCF_016757555.1;protein_1,GCF_006337485.1;protein_1493,GCF_006337745.1;protein_1490,GCF_030323385.1;protein_150,GCF_002952455.1;protein_1479,GCF_002952675.1;protein_1484
GCF_000685705.1;protein_10,GCF_020735805.1;protein_581,GCF_021184145.1;protein_958,GCF_017821655.1;protein_10,GCF_016757555.1;protein_10,GCF_006337485.1;protein_1484,GCF_006337745.1;protein_1481,GCF_030323385.1;protein_159,GCF_002952455.1;protein_1470,GCF_002952675.1;protein_1475
GCF_000685705.1;protein_100,GCF_020735805.1;protein_217,GCF_021184145.1;protein_599,GCF_017821655.1;protein_1178,GCF_016757555.1;protein_1179,GCF_006337485.1;protein_273,GCF_006337745.1;protein_296,GCF_030323385.1;protein_1348,GCF_002952455.1;protein_229,GCF_002952675.1;protein_230
GCF_000685705.1;protein_1001,GCF_020735805.1;protein_1280,GCF_021184145.1;protein_92,GCF_017821655.1;protein_699,GCF_016757555.1;protein_584,GCF_006337485.1;protein_714,GCF_006337745.1;protein_780,GCF_030323385.1;protein_865,GCF_002952455.1;protein_862,GCF_002952675.1;protein_866
GCF_000685705.1;protein_1002,GCF_020735805.1;protein_1281,GCF_021184145.1;protein_93,GCF_017821655.1;protein_700,GCF_016757555.1;protein_583,GCF_006337485.1;protein_713,GCF_006337745.1;protein_779,GCF_030323385.1;protein_866,GCF_002952455.1;protein_863,GCF_002952675.1;protein_867
GCF_000685705.1;protein_1003,GCF_020735805.1;protein_1282,GCF_021184145.1;protein_94,GCF_017821655.1;protein_701,GCF_016757555.1;protein_582,GCF_006337485.1;protein_712,GCF_006337745.1;protein_778,GCF_030323385.1;protein_867,GCF_002952455.1;protein_864,GCF_002952675.1;protein_868
GCF_000685705.1;protein_1004,GCF_020735805.1;protein_1283,GCF_021184145.1;protein_95,GCF_017821655.1;protein_702,GCF_016757555.1;protein_581,GCF_006337485.1;protein_711,GCF_006337745.1;protein_777,GCF_030323385.1;protein_868,GCF_002952455.1;protein_865,GCF_002952675.1;protein_869
GCF_000685705.1;protein_1005,GCF_020735805.1;protein_1284,GCF_021184145.1;protein_96,GCF_017821655.1;protein_703,GCF_016757555.1;protein_580,GCF_006337485.1;protein_710,GCF_006337745.1;protein_776,GCF_030323385.1;protein_869,GCF_002952455.1;protein_866,GCF_002952675.1;protein_870
GCF_000685705.1;protein_1006,GCF_020735805.1;protein_1285,GCF_021184145.1;protein_97,GCF_017821655.1;protein_704,GCF_016757555.1;protein_579,GCF_006337485.1;protein_709,GCF_006337745.1;protein_775,GCF_030323385.1;protein_870,GCF_002952455.1;protein_867,GCF_002952675.1;protein_871
GCF_000685705.1;protein_1007,GCF_020735805.1;protein_1286,GCF_021184145.1;protein_98,GCF_017821655.1;protein_705,GCF_016757555.1;protein_578,GCF_006337485.1;protein_708,GCF_006337745.1;protein_774,GCF_030323385.1;protein_871,GCF_002952455.1;protein_868,GCF_002952675.1;protein_872
GCF_000685705.1;protein_1008,GCF_020735805.1;protein_1287,GCF_021184145.1;protein_99,GCF_017821655.1;protein_706,GCF_016757555.1;protein_577,GCF_006337485.1;protein_707,GCF_006337745.1;protein_773,GCF_030323385.1;protein_872,GCF_002952455.1;protein_869,GCF_002952675.1;protein_873
GCF_000685705.1;protein_1009,GCF_020735805.1;protein_1288,GCF_021184145.1;protein_100,GCF_017821655.1;protein_707,GCF_016757555.1;protein_576,GCF_006337485.1;protein_706,GCF_006337745.1;protein_772,GCF_030323385.1;protein_873,GCF_002952455.1;protein_870,GCF_002952675.1;protein_874
GCF_000685705.1;protein_101,GCF_020735805.1;protein_216,GCF_021184145.1;protein_598,GCF_017821655.1;protein_1177,GCF_016757555.1;protein_1178,GCF_006337485.1;protein_274,GCF_006337745.1;protein_297,GCF_030323385.1;protein_1347,GCF_002952455.1;protein_230,GCF_002952675.1;protein_231
GCF_000685705.1;protein_1010,GCF_020735805.1;protein_1289,GCF_021184145.1;protein_101,GCF_017821655.1;protein_708,GCF_016757555.1;protein_575,GCF_006337485.1;protein_705,GCF_006337745.1;protein_771,GCF_030323385.1;protein_874,GCF_002952455.1;protein_871,GCF_002952675.1;protein_875
GCF_000685705.1;protein_1011,GCF_020735805.1;protein_1290,GCF_021184145.1;protein_102,GCF_017821655.1;protein_709,GCF_016757555.1;protein_574,GCF_006337485.1;protein_704,GCF_006337745.1;protein_770,GCF_030323385.1;protein_875,GCF_002952455.1;protein_872,GCF_002952675.1;protein_876
GCF_000685705.1;protein_1012,GCF_020735805.1;protein_1291,GCF_021184145.1;protein_103,GCF_017821655.1;protein_710,GCF_016757555.1;protein_573,GCF_006337485.1;protein_703,GCF_006337745.1;protein_769,GCF_030323385.1;protein_876,GCF_002952455.1;protein_873,GCF_002952675.1;protein_877
GCF_000685705.1;protein_1013,GCF_020735805.1;protein_1292,GCF_021184145.1;protein_104,GCF_017821655.1;protein_711,GCF_016757555.1;protein_572,GCF_006337485.1;protein_702,GCF_006337745.1;protein_768,GCF_030323385.1;protein_877,GCF_002952455.1;protein_874,GCF_002952675.1;protein_878
GCF_000685705.1;protein_1014,GCF_020735805.1;protein_1293,GCF_021184145.1;protein_105,GCF_017821655.1;protein_712,GCF_016757555.1;protein_571,GCF_006337485.1;protein_701,GCF_006337745.1;protein_767,GCF_030323385.1;protein_878,GCF_002952455.1;protein_875,GCF_002952675.1;protein_879
GCF_000685705.1;protein_1015,GCF_020735805.1;protein_1294,GCF_021184145.1;protein_106,GCF_017821655.1;protein_713,GCF_016757555.1;protein_570,GCF_006337485.1;protein_700,GCF_006337745.1;protein_766,GCF_030323385.1;protein_879,GCF_002952455.1;protein_876,GCF_002952675.1;protein_880
GCF_000685705.1;protein_1016,GCF_020735805.1;protein_1295,GCF_021184145.1;protein_107,GCF_017821655.1;protein_714,GCF_016757555.1;protein_569,GCF_006337485.1;protein_699,GCF_006337745.1;protein_765,GCF_030323385.1;protein_880,GCF_002952455.1;protein_877,GCF_002952675.1;protein_881
GCF_000685705.1;protein_1017,GCF_020735805.1;protein_1296,GCF_021184145.1;protein_108,GCF_017821655.1;protein_715,GCF_016757555.1;protein_568,GCF_006337485.1;protein_698,GCF_006337745.1;protein_764,GCF_030323385.1;protein_881,GCF_002952455.1;protein_878,GCF_002952675.1;protein_882
GCF_000685705.1;protein_1018,GCF_020735805.1;protein_1297,GCF_021184145.1;protein_109,GCF_017821655.1;protein_716,GCF_016757555.1;protein_567,GCF_006337485.1;protein_697,GCF_006337745.1;protein_763,GCF_030323385.1;protein_882,GCF_002952455.1;protein_879,GCF_002952675.1;protein_883
GCF_000685705.1;protein_1019,GCF_020735805.1;protein_1298,GCF_021184145.1;protein_110,GCF_017821655.1;protein_717,GCF_016757555.1;protein_566,GCF_006337485.1;protein_696,GCF_006337745.1;protein_762,GCF_030323385.1;protein_883,GCF_002952455.1;protein_880,GCF_002952675.1;protein_884
GCF_000685705.1;protein_1024,GCF_020735805.1;protein_1302,GCF_021184145.1;protein_115,GCF_017821655.1;protein_721,GCF_016757555.1;protein_562,GCF_006337485.1;protein_693,GCF_006337745.1;protein_757,GCF_030323385.1;protein_889,GCF_002952455.1;protein_885,GCF_002952675.1;protein_889
GCF_000685705.1;protein_1025,GCF_020735805.1;protein_1303,GCF_021184145.1;protein_116,GCF_017821655.1;protein_722,GCF_016757555.1;protein_561,GCF_006337485.1;protein_692,GCF_006337745.1;protein_756,GCF_030323385.1;protein_890,GCF_002952455.1;protein_886,GCF_002952675.1;protein_890
GCF_000685705.1;protein_1026,GCF_020735805.1;protein_1304,GCF_021184145.1;protein_117,GCF_017821655.1;protein_723,GCF_016757555.1;protein_560,GCF_006337485.1;protein_691,GCF_006337745.1;protein_755,GCF_030323385.1;protein_891,GCF_002952455.1;protein_887,GCF_002952675.1;protein_891
GCF_000685705.1;protein_1027,GCF_020735805.1;protein_1305,GCF_021184145.1;protein_118,GCF_017821655.1;protein_724,GCF_016757555.1;protein_559,GCF_006337485.1;protein_690,GCF_006337745.1;protein_754,GCF_030323385.1;protein_892,GCF_002952455.1;protein_888,GCF_002952675.1;protein_892
GCF_000685705.1;protein_1029,GCF_020735805.1;protein_1307,GCF_021184145.1;protein_120,GCF_017821655.1;protein_726,GCF_016757555.1;protein_557,GCF_006337485.1;protein_688,GCF_006337745.1;protein_752,GCF_030323385.1;protein_894,GCF_002952455.1;protein_890,GCF_002952675.1;protein_894
GCF_000685705.1;protein_103,GCF_020735805.1;protein_214,GCF_021184145.1;protein_596,GCF_017821655.1;protein_1175,GCF_016757555.1;protein_1176,GCF_006337485.1;protein_276,GCF_006337745.1;protein_298,GCF_030323385.1;protein_1345,GCF_002952455.1;protein_232,GCF_002952675.1;protein_233
GCF_000685705.1;protein_1030,GCF_020735805.1;protein_1308,GCF_021184145.1;protein_121,GCF_017821655.1;protein_727,GCF_016757555.1;protein_556,GCF_006337485.1;protein_687,GCF_006337745.1;protein_751,GCF_030323385.1;protein_895,GCF_002952455.1;protein_891,GCF_002952675.1;protein_895
GCF_000685705.1;protein_1031,GCF_020735805.1;protein_1309,GCF_021184145.1;protein_122,GCF_017821655.1;protein_728,GCF_016757555.1;protein_555,GCF_006337485.1;protein_686,GCF_006337745.1;protein_750,GCF_030323385.1;protein_896,GCF_002952455.1;protein_892,GCF_002952675.1;protein_896
GCF_000685705.1;protein_1032,GCF_020735805.1;protein_1310,GCF_021184145.1;protein_123,GCF_017821655.1;protein_729,GCF_016757555.1;protein_554,GCF_006337485.1;protein_685,GCF_006337745.1;protein_749,GCF_030323385.1;protein_897,GCF_002952455.1;protein_893,GCF_002952675.1;protein_897
GCF_000685705.1;protein_1033,GCF_020735805.1;protein_1311,GCF_021184145.1;protein_124,GCF_017821655.1;protein_730,GCF_016757555.1;protein_553,GCF_006337485.1;protein_684,GCF_006337745.1;protein_748,GCF_030323385.1;protein_898,GCF_002952455.1;protein_894,GCF_002952675.1;protein_898
GCF_000685705.1;protein_1034,GCF_020735805.1;protein_1312,GCF_021184145.1;protein_125,GCF_017821655.1;protein_731,GCF_016757555.1;protein_552,GCF_006337485.1;protein_683,GCF_006337745.1;protein_747,GCF_030323385.1;protein_899,GCF_002952455.1;protein_895,GCF_002952675.1;protein_899
GCF_000685705.1;protein_1035,GCF_020735805.1;protein_1313,GCF_021184145.1;protein_126,GCF_017821655.1;protein_732,GCF_016757555.1;protein_551,GCF_006337485.1;protein_682,GCF_006337745.1;protein_746,GCF_030323385.1;protein_900,GCF_002952455.1;protein_896,GCF_002952675.1;protein_900
GCF_000685705.1;protein_1036,GCF_020735805.1;protein_1314,GCF_021184145.1;protein_127,GCF_017821655.1;protein_733,GCF_016757555.1;protein_550,GCF_006337485.1;protein_681,GCF_006337745.1;protein_745,GCF_030323385.1;protein_901,GCF_002952455.1;protein_897,GCF_002952675.1;protein_901
GCF_000685705.1;protein_1038,GCF_020735805.1;protein_1315,GCF_021184145.1;protein_129,GCF_017821655.1;protein_734,GCF_016757555.1;protein_549,GCF_006337485.1;protein_679,GCF_006337745.1;protein_744,GCF_030323385.1;protein_902,GCF_002952455.1;protein_898,GCF_002952675.1;protein_902
GCF_000685705.1;protein_1039,GCF_020735805.1;protein_1316,GCF_021184145.1;protein_130,GCF_017821655.1;protein_735,GCF_016757555.1;protein_548,GCF_006337485.1;protein_678,GCF_006337745.1;protein_743,GCF_030323385.1;protein_903,GCF_002952455.1;protein_899,GCF_002952675.1;protein_903
GCF_000685705.1;protein_104,GCF_020735805.1;protein_213,GCF_021184145.1;protein_595,GCF_017821655.1;protein_1174,GCF_016757555.1;protein_1175,GCF_006337485.1;protein_277,GCF_006337745.1;protein_299,GCF_030323385.1;protein_1344,GCF_002952455.1;protein_233,GCF_002952675.1;protein_234
GCF_000685705.1;protein_1040,GCF_020735805.1;protein_1317,GCF_021184145.1;protein_131,GCF_017821655.1;protein_736,GCF_016757555.1;protein_547,GCF_006337485.1;protein_677,GCF_006337745.1;protein_742,GCF_030323385.1;protein_904,GCF_002952455.1;protein_900,GCF_002952675.1;protein_904
GCF_000685705.1;protein_1041,GCF_020735805.1;protein_1318,GCF_021184145.1;protein_132,GCF_017821655.1;protein_737,GCF_016757555.1;protein_546,GCF_006337485.1;protein_676,GCF_006337745.1;protein_741,GCF_030323385.1;protein_905,GCF_002952455.1;protein_901,GCF_002952675.1;protein_905
GCF_000685705.1;protein_1042,GCF_020735805.1;protein_1319,GCF_021184145.1;protein_133,GCF_017821655.1;protein_738,GCF_016757555.1;protein_545,GCF_006337485.1;protein_675,GCF_006337745.1;protein_740,GCF_030323385.1;protein_906,GCF_002952455.1;protein_902,GCF_002952675.1;protein_906
GCF_000685705.1;protein_1043,GCF_020735805.1;protein_1320,GCF_021184145.1;protein_134,GCF_017821655.1;protein_739,GCF_016757555.1;protein_544,GCF_006337485.1;protein_674,GCF_006337745.1;protein_739,GCF_030323385.1;protein_907,GCF_002952455.1;protein_903,GCF_002952675.1;protein_907
GCF_000685705.1;protein_1044,GCF_020735805.1;protein_1321,GCF_021184145.1;protein_135,GCF_017821655.1;protein_740,GCF_016757555.1;protein_543,GCF_006337485.1;protein_673,GCF_006337745.1;protein_738,GCF_030323385.1;protein_908,GCF_002952455.1;protein_904,GCF_002952675.1;protein_908
GCF_000685705.1;protein_1046,GCF_020735805.1;protein_1323,GCF_021184145.1;protein_137,GCF_017821655.1;protein_743,GCF_016757555.1;protein_541,GCF_006337485.1;protein_671,GCF_006337745.1;protein_736,GCF_030323385.1;protein_910,GCF_002952455.1;protein_906,GCF_002952675.1;protein_910
GCF_000685705.1;protein_1047,GCF_020735805.1;protein_1324,GCF_021184145.1;protein_138,GCF_017821655.1;protein_744,GCF_016757555.1;protein_540,GCF_006337485.1;protein_670,GCF_006337745.1;protein_735,GCF_030323385.1;protein_911,GCF_002952455.1;protein_907,GCF_002952675.1;protein_911
GCF_000685705.1;protein_1048,GCF_020735805.1;protein_1325,GCF_021184145.1;protein_139,GCF_017821655.1;protein_745,GCF_016757555.1;protein_539,GCF_006337485.1;protein_669,GCF_006337745.1;protein_734,GCF_030323385.1;protein_912,GCF_002952455.1;protein_908,GCF_002952675.1;protein_912
GCF_000685705.1;protein_1049,GCF_020735805.1;protein_1326,GCF_021184145.1;protein_140,GCF_017821655.1;protein_746,GCF_016757555.1;protein_538,GCF_006337485.1;protein_668,GCF_006337745.1;protein_733,GCF_030323385.1;protein_913,GCF_002952455.1;protein_909,GCF_002952675.1;protein_913
GCF_000685705.1;protein_105,GCF_020735805.1;protein_212,GCF_021184145.1;protein_594,GCF_017821655.1;protein_1173,GCF_016757555.1;protein_1174,GCF_006337485.1;protein_278,GCF_006337745.1;protein_300,GCF_030323385.1;protein_1343,GCF_002952455.1;protein_234,GCF_002952675.1;protein_235
GCF_000685705.1;protein_1050,GCF_020735805.1;protein_1327,GCF_021184145.1;protein_141,GCF_017821655.1;protein_747,GCF_016757555.1;protein_537,GCF_006337485.1;protein_667,GCF_006337745.1;protein_732,GCF_030323385.1;protein_914,GCF_002952455.1;protein_910,GCF_002952675.1;protein_914
GCF_000685705.1;protein_1051,GCF_020735805.1;protein_1328,GCF_021184145.1;protein_142,GCF_017821655.1;protein_748,GCF_016757555.1;protein_536,GCF_006337485.1;protein_666,GCF_006337745.1;protein_731,GCF_030323385.1;protein_915,GCF_002952455.1;protein_911,GCF_002952675.1;protein_915
GCF_000685705.1;protein_1052,GCF_020735805.1;protein_1329,GCF_021184145.1;protein_143,GCF_017821655.1;protein_749,GCF_016757555.1;protein_535,GCF_006337485.1;protein_665,GCF_006337745.1;protein_730,GCF_030323385.1;protein_916,GCF_002952455.1;protein_912,GCF_002952675.1;protein_916
GCF_000685705.1;protein_1053,GCF_020735805.1;protein_1330,GCF_021184145.1;protein_144,GCF_017821655.1;protein_750,GCF_016757555.1;protein_534,GCF_006337485.1;protein_664,GCF_006337745.1;protein_729,GCF_030323385.1;protein_917,GCF_002952455.1;protein_913,GCF_002952675.1;protein_917
GCF_000685705.1;protein_1054,GCF_020735805.1;protein_1331,GCF_021184145.1;protein_145,GCF_017821655.1;protein_751,GCF_016757555.1;protein_533,GCF_006337485.1;protein_663,GCF_006337745.1;protein_728,GCF_030323385.1;protein_918,GCF_002952455.1;protein_914,GCF_002952675.1;protein_918
GCF_000685705.1;protein_1055,GCF_020735805.1;protein_1332,GCF_021184145.1;protein_146,GCF_017821655.1;protein_752,GCF_016757555.1;protein_532,GCF_006337485.1;protein_662,GCF_006337745.1;protein_727,GCF_030323385.1;protein_919,GCF_002952455.1;protein_915,GCF_002952675.1;protein_919
GCF_000685705.1;protein_1056,GCF_020735805.1;protein_1333,GCF_021184145.1;protein_147,GCF_017821655.1;protein_753,GCF_016757555.1;protein_531,GCF_006337485.1;protein_661,GCF_006337745.1;protein_726,GCF_030323385.1;protein_920,GCF_002952455.1;protein_916,GCF_002952675.1;protein_920
GCF_000685705.1;protein_1057,GCF_020735805.1;protein_1334,GCF_021184145.1;protein_148,GCF_017821655.1;protein_754,GCF_016757555.1;protein_530,GCF_006337485.1;protein_660,GCF_006337745.1;protein_725,GCF_030323385.1;protein_921,GCF_002952455.1;protein_917,GCF_002952675.1;protein_921
GCF_000685705.1;protein_1058,GCF_020735805.1;protein_1335,GCF_021184145.1;protein_149,GCF_017821655.1;protein_755,GCF_016757555.1;protein_529,GCF_006337485.1;protein_659,GCF_006337745.1;protein_724,GCF_030323385.1;protein_922,GCF_002952455.1;protein_918,GCF_002952675.1;protein_922
GCF_000685705.1;protein_106,GCF_020735805.1;protein_211,GCF_021184145.1;protein_593,GCF_017821655.1;protein_1172,GCF_016757555.1;protein_1173,GCF_006337485.1;protein_279,GCF_006337745.1;protein_301,GCF_030323385.1;protein_1342,GCF_002952455.1;protein_235,GCF_002952675.1;protein_236
GCF_000685705.1;protein_1060,GCF_020735805.1;protein_1336,GCF_021184145.1;protein_150,GCF_017821655.1;protein_756,GCF_016757555.1;protein_528,GCF_006337485.1;protein_658,GCF_006337745.1;protein_722,GCF_030323385.1;protein_923,GCF_002952455.1;protein_919,GCF_002952675.1;protein_923
GCF_000685705.1;protein_1061,GCF_020735805.1;protein_1337,GCF_021184145.1;protein_151,GCF_017821655.1;protein_757,GCF_016757555.1;protein_527,GCF_006337485.1;protein_657,GCF_006337745.1;protein_721,GCF_030323385.1;protein_924,GCF_002952455.1;protein_920,GCF_002952675.1;protein_924
GCF_000685705.1;protein_1062,GCF_020735805.1;protein_1338,GCF_021184145.1;protein_152,GCF_017821655.1;protein_758,GCF_016757555.1;protein_526,GCF_006337485.1;protein_656,GCF_006337745.1;protein_720,GCF_030323385.1;protein_925,GCF_002952455.1;protein_921,GCF_002952675.1;protein_925
GCF_000685705.1;protein_1064,GCF_020735805.1;protein_1340,GCF_021184145.1;protein_154,GCF_017821655.1;protein_760,GCF_016757555.1;protein_524,GCF_006337485.1;protein_654,GCF_006337745.1;protein_718,GCF_030323385.1;protein_927,GCF_002952455.1;protein_923,GCF_002952675.1;protein_927
GCF_000685705.1;protein_1065,GCF_020735805.1;protein_1341,GCF_021184145.1;protein_155,GCF_017821655.1;protein_761,GCF_016757555.1;protein_523,GCF_006337485.1;protein_653,GCF_006337745.1;protein_717,GCF_030323385.1;protein_928,GCF_002952455.1;protein_924,GCF_002952675.1;protein_928
GCF_000685705.1;protein_1066,GCF_020735805.1;protein_1342,GCF_021184145.1;protein_156,GCF_017821655.1;protein_762,GCF_016757555.1;protein_522,GCF_006337485.1;protein_652,GCF_006337745.1;protein_716,GCF_030323385.1;protein_929,GCF_002952455.1;protein_925,GCF_002952675.1;protein_929
GCF_000685705.1;protein_1067,GCF_020735805.1;protein_1343,GCF_021184145.1;protein_157,GCF_017821655.1;protein_763,GCF_016757555.1;protein_521,GCF_006337485.1;protein_651,GCF_006337745.1;protein_715,GCF_030323385.1;protein_930,GCF_002952455.1;protein_926,GCF_002952675.1;protein_930
GCF_000685705.1;protein_1068,GCF_020735805.1;protein_1344,GCF_021184145.1;protein_158,GCF_017821655.1;protein_764,GCF_016757555.1;protein_520,GCF_006337485.1;protein_650,GCF_006337745.1;protein_714,GCF_030323385.1;protein_931,GCF_002952455.1;protein_927,GCF_002952675.1;protein_931
GCF_000685705.1;protein_1069,GCF_020735805.1;protein_1345,GCF_021184145.1;protein_159,GCF_017821655.1;protein_765,GCF_016757555.1;protein_519,GCF_006337485.1;protein_649,GCF_006337745.1;protein_713,GCF_030323385.1;protein_932,GCF_002952455.1;protein_928,GCF_002952675.1;protein_932
GCF_000685705.1;protein_107,GCF_020735805.1;protein_210,GCF_021184145.1;protein_592,GCF_017821655.1;protein_1171,GCF_016757555.1;protein_1172,GCF_006337485.1;protein_280,GCF_006337745.1;protein_302,GCF_030323385.1;protein_1341,GCF_002952455.1;protein_236,GCF_002952675.1;protein_237
GCF_000685705.1;protein_1070,GCF_020735805.1;protein_1346,GCF_021184145.1;protein_160,GCF_017821655.1;protein_766,GCF_016757555.1;protein_518,GCF_006337485.1;protein_648,GCF_006337745.1;protein_712,GCF_030323385.1;protein_933,GCF_002952455.1;protein_929,GCF_002952675.1;protein_933
GCF_000685705.1;protein_1071,GCF_020735805.1;protein_1347,GCF_021184145.1;protein_161,GCF_017821655.1;protein_767,GCF_016757555.1;protein_517,GCF_006337485.1;protein_647,GCF_006337745.1;protein_711,GCF_030323385.1;protein_934,GCF_002952455.1;protein_930,GCF_002952675.1;protein_934
GCF_000685705.1;protein_1072,GCF_020735805.1;protein_1348,GCF_021184145.1;protein_162,GCF_017821655.1;protein_768,GCF_016757555.1;protein_516,GCF_006337485.1;protein_646,GCF_006337745.1;protein_710,GCF_030323385.1;protein_935,GCF_002952455.1;protein_931,GCF_002952675.1;protein_935
GCF_000685705.1;protein_1073,GCF_020735805.1;protein_1349,GCF_021184145.1;protein_163,GCF_017821655.1;protein_769,GCF_016757555.1;protein_515,GCF_006337485.1;protein_645,GCF_006337745.1;protein_709,GCF_030323385.1;protein_936,GCF_002952455.1;protein_932,GCF_002952675.1;protein_936
GCF_000685705.1;protein_1074,GCF_020735805.1;protein_1353,GCF_021184145.1;protein_167,GCF_017821655.1;protein_770,GCF_016757555.1;protein_514,GCF_006337485.1;protein_640,GCF_006337745.1;protein_708,GCF_030323385.1;protein_937,GCF_002952455.1;protein_933,GCF_002952675.1;protein_937
GCF_000685705.1;protein_1075,GCF_020735805.1;protein_1354,GCF_021184145.1;protein_168,GCF_017821655.1;protein_771,GCF_016757555.1;protein_513,GCF_006337485.1;protein_639,GCF_006337745.1;protein_707,GCF_030323385.1;protein_938,GCF_002952455.1;protein_934,GCF_002952675.1;protein_938
GCF_000685705.1;protein_1076,GCF_020735805.1;protein_1355,GCF_021184145.1;protein_169,GCF_017821655.1;protein_772,GCF_016757555.1;protein_512,GCF_006337485.1;protein_638,GCF_006337745.1;protein_706,GCF_030323385.1;protein_939,GCF_002952455.1;protein_935,GCF_002952675.1;protein_939
GCF_000685705.1;protein_1077,GCF_020735805.1;protein_1356,GCF_021184145.1;protein_170,GCF_017821655.1;protein_773,GCF_016757555.1;protein_511,GCF_006337485.1;protein_637,GCF_006337745.1;protein_705,GCF_030323385.1;protein_940,GCF_002952455.1;protein_936,GCF_002952675.1;protein_940
GCF_000685705.1;protein_1078,GCF_020735805.1;protein_1357,GCF_021184145.1;protein_171,GCF_017821655.1;protein_774,GCF_016757555.1;protein_510,GCF_006337485.1;protein_636,GCF_006337745.1;protein_704,GCF_030323385.1;protein_941,GCF_002952455.1;protein_937,GCF_002952675.1;protein_941
GCF_000685705.1;protein_1079,GCF_020735805.1;protein_1358,GCF_021184145.1;protein_172,GCF_017821655.1;protein_775,GCF_016757555.1;protein_509,GCF_006337485.1;protein_635,GCF_006337745.1;protein_703,GCF_030323385.1;protein_942,GCF_002952455.1;protein_938,GCF_002952675.1;protein_942
GCF_000685705.1;protein_108,GCF_020735805.1;protein_209,GCF_021184145.1;protein_591,GCF_017821655.1;protein_1170,GCF_016757555.1;protein_1171,GCF_006337485.1;protein_281,GCF_006337745.1;protein_303,GCF_030323385.1;protein_1340,GCF_002952455.1;protein_237,GCF_002952675.1;protein_238
GCF_000685705.1;protein_1080,GCF_020735805.1;protein_1359,GCF_021184145.1;protein_173,GCF_017821655.1;protein_776,GCF_016757555.1;protein_508,GCF_006337485.1;protein_634,GCF_006337745.1;protein_702,GCF_030323385.1;protein_943,GCF_002952455.1;protein_939,GCF_002952675.1;protein_943
GCF_000685705.1;protein_1081,GCF_020735805.1;protein_1360,GCF_021184145.1;protein_174,GCF_017821655.1;protein_777,GCF_016757555.1;protein_507,GCF_006337485.1;protein_633,GCF_006337745.1;protein_701,GCF_030323385.1;protein_944,GCF_002952455.1;protein_940,GCF_002952675.1;protein_944
GCF_000685705.1;protein_1082,GCF_020735805.1;protein_1361,GCF_021184145.1;protein_175,GCF_017821655.1;protein_778,GCF_016757555.1;protein_506,GCF_006337485.1;protein_632,GCF_006337745.1;protein_700,GCF_030323385.1;protein_945,GCF_002952455.1;protein_941,GCF_002952675.1;protein_945
GCF_000685705.1;protein_1083,GCF_020735805.1;protein_1362,GCF_021184145.1;protein_176,GCF_017821655.1;protein_779,GCF_016757555.1;protein_505,GCF_006337485.1;protein_631,GCF_006337745.1;protein_699,GCF_030323385.1;protein_946,GCF_002952455.1;protein_942,GCF_002952675.1;protein_946
GCF_000685705.1;protein_1084,GCF_020735805.1;protein_1363,GCF_021184145.1;protein_177,GCF_017821655.1;protein_780,GCF_016757555.1;protein_504,GCF_006337485.1;protein_630,GCF_006337745.1;protein_698,GCF_030323385.1;protein_947,GCF_002952455.1;protein_943,GCF_002952675.1;protein_947
GCF_000685705.1;protein_1086,GCF_020735805.1;protein_1364,GCF_021184145.1;protein_178,GCF_017821655.1;protein_782,GCF_016757555.1;protein_503,GCF_006337485.1;protein_629,GCF_006337745.1;protein_697,GCF_030323385.1;protein_948,GCF_002952455.1;protein_944,GCF_002952675.1;protein_948
GCF_000685705.1;protein_1087,GCF_020735805.1;protein_1365,GCF_021184145.1;protein_179,GCF_017821655.1;protein_783,GCF_016757555.1;protein_502,GCF_006337485.1;protein_628,GCF_006337745.1;protein_696,GCF_030323385.1;protein_949,GCF_002952455.1;protein_945,GCF_002952675.1;protein_949
GCF_000685705.1;protein_1088,GCF_020735805.1;protein_1366,GCF_021184145.1;protein_180,GCF_017821655.1;protein_784,GCF_016757555.1;protein_501,GCF_006337485.1;protein_627,GCF_006337745.1;protein_695,GCF_030323385.1;protein_950,GCF_002952455.1;protein_946,GCF_002952675.1;protein_950
GCF_000685705.1;protein_1089,GCF_020735805.1;protein_1367,GCF_021184145.1;protein_181,GCF_017821655.1;protein_785,GCF_016757555.1;protein_500,GCF_006337485.1;protein_626,GCF_006337745.1;protein_694,GCF_030323385.1;protein_951,GCF_002952455.1;protein_947,GCF_002952675.1;protein_951
GCF_000685705.1;protein_109,GCF_020735805.1;protein_208,GCF_021184145.1;protein_590,GCF_017821655.1;protein_1169,GCF_016757555.1;protein_1170,GCF_006337485.1;protein_282,GCF_006337745.1;protein_304,GCF_030323385.1;protein_1339,GCF_002952455.1;protein_238,GCF_002952675.1;protein_239
GCF_000685705.1;protein_1090,GCF_020735805.1;protein_1368,GCF_021184145.1;protein_182,GCF_017821655.1;protein_786,GCF_016757555.1;protein_499,GCF_006337485.1;protein_625,GCF_006337745.1;protein_693,GCF_030323385.1;protein_952,GCF_002952455.1;protein_948,GCF_002952675.1;protein_952
GCF_000685705.1;protein_1091,GCF_020735805.1;protein_1369,GCF_021184145.1;protein_183,GCF_017821655.1;protein_787,GCF_016757555.1;protein_498,GCF_006337485.1;protein_624,GCF_006337745.1;protein_692,GCF_030323385.1;protein_953,GCF_002952455.1;protein_949,GCF_002952675.1;protein_953
GCF_000685705.1;protein_1092,GCF_020735805.1;protein_1370,GCF_021184145.1;protein_184,GCF_017821655.1;protein_788,GCF_016757555.1;protein_497,GCF_006337485.1;protein_623,GCF_006337745.1;protein_691,GCF_030323385.1;protein_954,GCF_002952455.1;protein_950,GCF_002952675.1;protein_954
GCF_000685705.1;protein_1093,GCF_020735805.1;protein_1371,GCF_021184145.1;protein_185,GCF_017821655.1;protein_789,GCF_016757555.1;protein_496,GCF_006337485.1;protein_622,GCF_006337745.1;protein_690,GCF_030323385.1;protein_955,GCF_002952455.1;protein_951,GCF_002952675.1;protein_955
GCF_000685705.1;protein_1094,GCF_020735805.1;protein_1372,GCF_021184145.1;protein_186,GCF_017821655.1;protein_790,GCF_016757555.1;protein_495,GCF_006337485.1;protein_621,GCF_006337745.1;protein_689,GCF_030323385.1;protein_956,GCF_002952455.1;protein_952,GCF_002952675.1;protein_956
GCF_000685705.1;protein_1095,GCF_020735805.1;protein_1373,GCF_021184145.1;protein_187,GCF_017821655.1;protein_791,GCF_016757555.1;protein_494,GCF_006337485.1;protein_620,GCF_006337745.1;protein_688,GCF_030323385.1;protein_957,GCF_002952455.1;protein_953,GCF_002952675.1;protein_957
GCF_000685705.1;protein_1096,GCF_020735805.1;protein_1374,GCF_021184145.1;protein_188,GCF_017821655.1;protein_792,GCF_016757555.1;protein_493,GCF_006337485.1;protein_619,GCF_006337745.1;protein_687,GCF_030323385.1;protein_958,GCF_002952455.1;protein_954,GCF_002952675.1;protein_958
GCF_000685705.1;protein_1097,GCF_020735805.1;protein_1375,GCF_021184145.1;protein_189,GCF_017821655.1;protein_793,GCF_016757555.1;protein_492,GCF_006337485.1;protein_618,GCF_006337745.1;protein_686,GCF_030323385.1;protein_959,GCF_002952455.1;protein_955,GCF_002952675.1;protein_959
GCF_000685705.1;protein_1098,GCF_020735805.1;protein_1376,GCF_021184145.1;protein_190,GCF_017821655.1;protein_794,GCF_016757555.1;protein_491,GCF_006337485.1;protein_617,GCF_006337745.1;protein_685,GCF_030323385.1;protein_960,GCF_002952455.1;protein_956,GCF_002952675.1;protein_960
GCF_000685705.1;protein_1099,GCF_020735805.1;protein_1377,GCF_021184145.1;protein_191,GCF_017821655.1;protein_795,GCF_016757555.1;protein_490,GCF_006337485.1;protein_616,GCF_006337745.1;protein_684,GCF_030323385.1;protein_961,GCF_002952455.1;protein_957,GCF_002952675.1;protein_961
GCF_000685705.1;protein_11,GCF_020735805.1;protein_582,GCF_021184145.1;protein_959,GCF_017821655.1;protein_12,GCF_016757555.1;protein_11,GCF_006337485.1;protein_1483,GCF_006337745.1;protein_1480,GCF_030323385.1;protein_160,GCF_002952455.1;protein_1469,GCF_002952675.1;protein_1474
GCF_000685705.1;protein_110,GCF_020735805.1;protein_207,GCF_021184145.1;protein_589,GCF_017821655.1;protein_1168,GCF_016757555.1;protein_1169,GCF_006337485.1;protein_283,GCF_006337745.1;protein_305,GCF_030323385.1;protein_1338,GCF_002952455.1;protein_239,GCF_002952675.1;protein_240
GCF_000685705.1;protein_1100,GCF_020735805.1;protein_1378,GCF_021184145.1;protein_192,GCF_017821655.1;protein_796,GCF_016757555.1;protein_489,GCF_006337485.1;protein_615,GCF_006337745.1;protein_683,GCF_030323385.1;protein_962,GCF_002952455.1;protein_958,GCF_002952675.1;protein_962
GCF_000685705.1;protein_1101,GCF_020735805.1;protein_1379,GCF_021184145.1;protein_193,GCF_017821655.1;protein_797,GCF_016757555.1;protein_488,GCF_006337485.1;protein_614,GCF_006337745.1;protein_682,GCF_030323385.1;protein_963,GCF_002952455.1;protein_959,GCF_002952675.1;protein_963
GCF_000685705.1;protein_1102,GCF_020735805.1;protein_1380,GCF_021184145.1;protein_194,GCF_017821655.1;protein_798,GCF_016757555.1;protein_487,GCF_006337485.1;protein_613,GCF_006337745.1;protein_681,GCF_030323385.1;protein_964,GCF_002952455.1;protein_960,GCF_002952675.1;protein_964
GCF_000685705.1;protein_1107,GCF_020735805.1;protein_1385,GCF_021184145.1;protein_199,GCF_017821655.1;protein_802,GCF_016757555.1;protein_482,GCF_006337485.1;protein_609,GCF_006337745.1;protein_677,GCF_030323385.1;protein_968,GCF_002952455.1;protein_966,GCF_002952675.1;protein_970
GCF_000685705.1;protein_1108,GCF_020735805.1;protein_1386,GCF_021184145.1;protein_200,GCF_017821655.1;protein_803,GCF_016757555.1;protein_481,GCF_006337485.1;protein_608,GCF_006337745.1;protein_676,GCF_030323385.1;protein_969,GCF_002952455.1;protein_967,GCF_002952675.1;protein_971
GCF_000685705.1;protein_1109,GCF_020735805.1;protein_1387,GCF_021184145.1;protein_201,GCF_017821655.1;protein_804,GCF_016757555.1;protein_480,GCF_006337485.1;protein_607,GCF_006337745.1;protein_675,GCF_030323385.1;protein_970,GCF_002952455.1;protein_968,GCF_002952675.1;protein_972
GCF_000685705.1;protein_111,GCF_020735805.1;protein_206,GCF_021184145.1;protein_588,GCF_017821655.1;protein_1167,GCF_016757555.1;protein_1168,GCF_006337485.1;protein_284,GCF_006337745.1;protein_306,GCF_030323385.1;protein_1337,GCF_002952455.1;protein_240,GCF_002952675.1;protein_241
GCF_000685705.1;protein_1110,GCF_020735805.1;protein_1388,GCF_021184145.1;protein_202,GCF_017821655.1;protein_805,GCF_016757555.1;protein_479,GCF_006337485.1;protein_606,GCF_006337745.1;protein_674,GCF_030323385.1;protein_971,GCF_002952455.1;protein_969,GCF_002952675.1;protein_973
GCF_000685705.1;protein_1111,GCF_020735805.1;protein_1389,GCF_021184145.1;protein_203,GCF_017821655.1;protein_806,GCF_016757555.1;protein_478,GCF_006337485.1;protein_605,GCF_006337745.1;protein_673,GCF_030323385.1;protein_972,GCF_002952455.1;protein_970,GCF_002952675.1;protein_974
GCF_000685705.1;protein_1112,GCF_020735805.1;protein_1390,GCF_021184145.1;protein_204,GCF_017821655.1;protein_807,GCF_016757555.1;protein_477,GCF_006337485.1;protein_604,GCF_006337745.1;protein_672,GCF_030323385.1;protein_973,GCF_002952455.1;protein_971,GCF_002952675.1;protein_975
GCF_000685705.1;protein_1113,GCF_020735805.1;protein_1391,GCF_021184145.1;protein_205,GCF_017821655.1;protein_808,GCF_016757555.1;protein_476,GCF_006337485.1;protein_603,GCF_006337745.1;protein_671,GCF_030323385.1;protein_974,GCF_002952455.1;protein_972,GCF_002952675.1;protein_976
GCF_000685705.1;protein_1114,GCF_020735805.1;protein_1392,GCF_021184145.1;protein_206,GCF_017821655.1;protein_809,GCF_016757555.1;protein_475,GCF_006337485.1;protein_602,GCF_006337745.1;protein_670,GCF_030323385.1;protein_975,GCF_002952455.1;protein_973,GCF_002952675.1;protein_977
GCF_000685705.1;protein_1115,GCF_020735805.1;protein_1393,GCF_021184145.1;protein_207,GCF_017821655.1;protein_810,GCF_016757555.1;protein_474,GCF_006337485.1;protein_601,GCF_006337745.1;protein_669,GCF_030323385.1;protein_976,GCF_002952455.1;protein_974,GCF_002952675.1;protein_978
GCF_000685705.1;protein_1116,GCF_020735805.1;protein_1394,GCF_021184145.1;protein_208,GCF_017821655.1;protein_811,GCF_016757555.1;protein_473,GCF_006337485.1;protein_600,GCF_006337745.1;protein_668,GCF_030323385.1;protein_977,GCF_002952455.1;protein_975,GCF_002952675.1;protein_979
GCF_000685705.1;protein_1117,GCF_020735805.1;protein_1395,GCF_021184145.1;protein_209,GCF_017821655.1;protein_812,GCF_016757555.1;protein_472,GCF_006337485.1;protein_599,GCF_006337745.1;protein_667,GCF_030323385.1;protein_978,GCF_002952455.1;protein_976,GCF_002952675.1;protein_980
GCF_000685705.1;protein_1118,GCF_020735805.1;protein_1396,GCF_021184145.1;protein_210,GCF_017821655.1;protein_813,GCF_016757555.1;protein_471,GCF_006337485.1;protein_598,GCF_006337745.1;protein_666,GCF_030323385.1;protein_979,GCF_002952455.1;protein_977,GCF_002952675.1;protein_981
GCF_000685705.1;protein_1119,GCF_020735805.1;protein_1397,GCF_021184145.1;protein_211,GCF_017821655.1;protein_814,GCF_016757555.1;protein_470,GCF_006337485.1;protein_597,GCF_006337745.1;protein_665,GCF_030323385.1;protein_980,GCF_002952455.1;protein_978,GCF_002952675.1;protein_982
GCF_000685705.1;protein_112,GCF_020735805.1;protein_205,GCF_021184145.1;protein_587,GCF_017821655.1;protein_1166,GCF_016757555.1;protein_1167,GCF_006337485.1;protein_285,GCF_006337745.1;protein_307,GCF_030323385.1;protein_1336,GCF_002952455.1;protein_241,GCF_002952675.1;protein_242
GCF_000685705.1;protein_1120,GCF_020735805.1;protein_1398,GCF_021184145.1;protein_212,GCF_017821655.1;protein_815,GCF_016757555.1;protein_469,GCF_006337485.1;protein_596,GCF_006337745.1;protein_664,GCF_030323385.1;protein_981,GCF_002952455.1;protein_979,GCF_002952675.1;protein_983
GCF_000685705.1;protein_1121,GCF_020735805.1;protein_1399,GCF_021184145.1;protein_213,GCF_017821655.1;protein_816,GCF_016757555.1;protein_468,GCF_006337485.1;protein_595,GCF_006337745.1;protein_663,GCF_030323385.1;protein_982,GCF_002952455.1;protein_980,GCF_002952675.1;protein_984
GCF_000685705.1;protein_1122,GCF_020735805.1;protein_1400,GCF_021184145.1;protein_214,GCF_017821655.1;protein_817,GCF_016757555.1;protein_467,GCF_006337485.1;protein_594,GCF_006337745.1;protein_662,GCF_030323385.1;protein_983,GCF_002952455.1;protein_981,GCF_002952675.1;protein_985
GCF_000685705.1;protein_1123,GCF_020735805.1;protein_1401,GCF_021184145.1;protein_215,GCF_017821655.1;protein_818,GCF_016757555.1;protein_466,GCF_006337485.1;protein_593,GCF_006337745.1;protein_661,GCF_030323385.1;protein_984,GCF_002952455.1;protein_982,GCF_002952675.1;protein_986
GCF_000685705.1;protein_1124,GCF_020735805.1;protein_1402,GCF_021184145.1;protein_216,GCF_017821655.1;protein_819,GCF_016757555.1;protein_465,GCF_006337485.1;protein_592,GCF_006337745.1;protein_660,GCF_030323385.1;protein_985,GCF_002952455.1;protein_983,GCF_002952675.1;protein_987
GCF_000685705.1;protein_1125,GCF_020735805.1;protein_1403,GCF_021184145.1;protein_217,GCF_017821655.1;protein_820,GCF_016757555.1;protein_464,GCF_006337485.1;protein_591,GCF_006337745.1;protein_659,GCF_030323385.1;protein_986,GCF_002952455.1;protein_984,GCF_002952675.1;protein_988
GCF_000685705.1;protein_1126,GCF_020735805.1;protein_1404,GCF_021184145.1;protein_218,GCF_017821655.1;protein_821,GCF_016757555.1;protein_463,GCF_006337485.1;protein_590,GCF_006337745.1;protein_658,GCF_030323385.1;protein_987,GCF_002952455.1;protein_985,GCF_002952675.1;protein_989
GCF_000685705.1;protein_1127,GCF_020735805.1;protein_1405,GCF_021184145.1;protein_219,GCF_017821655.1;protein_822,GCF_016757555.1;protein_462,GCF_006337485.1;protein_589,GCF_006337745.1;protein_657,GCF_030323385.1;protein_988,GCF_002952455.1;protein_986,GCF_002952675.1;protein_990
GCF_000685705.1;protein_1128,GCF_020735805.1;protein_1406,GCF_021184145.1;protein_220,GCF_017821655.1;protein_823,GCF_016757555.1;protein_461,GCF_006337485.1;protein_588,GCF_006337745.1;protein_656,GCF_030323385.1;protein_989,GCF_002952455.1;protein_987,GCF_002952675.1;protein_991
GCF_000685705.1;protein_1129,GCF_020735805.1;protein_1407,GCF_021184145.1;protein_221,GCF_017821655.1;protein_824,GCF_016757555.1;protein_460,GCF_006337485.1;protein_587,GCF_006337745.1;protein_655,GCF_030323385.1;protein_990,GCF_002952455.1;protein_988,GCF_002952675.1;protein_992
GCF_000685705.1;protein_113,GCF_020735805.1;protein_204,GCF_021184145.1;protein_586,GCF_017821655.1;protein_1165,GCF_016757555.1;protein_1166,GCF_006337485.1;protein_286,GCF_006337745.1;protein_308,GCF_030323385.1;protein_1335,GCF_002952455.1;protein_242,GCF_002952675.1;protein_243
GCF_000685705.1;protein_1130,GCF_020735805.1;protein_1408,GCF_021184145.1;protein_222,GCF_017821655.1;protein_825,GCF_016757555.1;protein_459,GCF_006337485.1;protein_586,GCF_006337745.1;protein_654,GCF_030323385.1;protein_991,GCF_002952455.1;protein_989,GCF_002952675.1;protein_993
GCF_000685705.1;protein_1131,GCF_020735805.1;protein_1409,GCF_021184145.1;protein_223,GCF_017821655.1;protein_826,GCF_016757555.1;protein_458,GCF_006337485.1;protein_585,GCF_006337745.1;protein_653,GCF_030323385.1;protein_992,GCF_002952455.1;protein_990,GCF_002952675.1;protein_994
GCF_000685705.1;protein_1132,GCF_020735805.1;protein_1410,GCF_021184145.1;protein_224,GCF_017821655.1;protein_827,GCF_016757555.1;protein_457,GCF_006337485.1;protein_584,GCF_006337745.1;protein_652,GCF_030323385.1;protein_993,GCF_002952455.1;protein_991,GCF_002952675.1;protein_995
GCF_000685705.1;protein_1135,GCF_020735805.1;protein_1020,GCF_021184145.1;protein_1397,GCF_017821655.1;protein_444,GCF_016757555.1;protein_454,GCF_006337485.1;protein_976,GCF_006337745.1;protein_1034,GCF_030323385.1;protein_604,GCF_002952455.1;protein_996,GCF_002952675.1;protein_1000
GCF_000685705.1;protein_1136,GCF_020735805.1;protein_1019,GCF_021184145.1;protein_1396,GCF_017821655.1;protein_443,GCF_016757555.1;protein_453,GCF_006337485.1;protein_977,GCF_006337745.1;protein_1035,GCF_030323385.1;protein_603,GCF_002952455.1;protein_997,GCF_002952675.1;protein_1001
GCF_000685705.1;protein_1137,GCF_020735805.1;protein_1018,GCF_021184145.1;protein_1395,GCF_017821655.1;protein_442,GCF_016757555.1;protein_452,GCF_006337485.1;protein_978,GCF_006337745.1;protein_1036,GCF_030323385.1;protein_602,GCF_002952455.1;protein_998,GCF_002952675.1;protein_1002
GCF_000685705.1;protein_114,GCF_020735805.1;protein_203,GCF_021184145.1;protein_585,GCF_017821655.1;protein_1164,GCF_016757555.1;protein_1165,GCF_006337485.1;protein_287,GCF_006337745.1;protein_309,GCF_030323385.1;protein_1334,GCF_002952455.1;protein_243,GCF_002952675.1;protein_244
GCF_000685705.1;protein_1141,GCF_020735805.1;protein_1013,GCF_021184145.1;protein_1390,GCF_017821655.1;protein_438,GCF_016757555.1;protein_447,GCF_006337485.1;protein_980,GCF_006337745.1;protein_1039,GCF_030323385.1;protein_600,GCF_002952455.1;protein_1003,GCF_002952675.1;protein_1007
GCF_000685705.1;protein_1142,GCF_020735805.1;protein_1012,GCF_021184145.1;protein_1389,GCF_017821655.1;protein_437,GCF_016757555.1;protein_446,GCF_006337485.1;protein_981,GCF_006337745.1;protein_1040,GCF_030323385.1;protein_599,GCF_002952455.1;protein_1004,GCF_002952675.1;protein_1008
GCF_000685705.1;protein_1143,GCF_020735805.1;protein_1011,GCF_021184145.1;protein_1388,GCF_017821655.1;protein_436,GCF_016757555.1;protein_445,GCF_006337485.1;protein_982,GCF_006337745.1;protein_1041,GCF_030323385.1;protein_598,GCF_002952455.1;protein_1005,GCF_002952675.1;protein_1009
GCF_000685705.1;protein_1145,GCF_020735805.1;protein_1009,GCF_021184145.1;protein_1386,GCF_017821655.1;protein_434,GCF_016757555.1;protein_443,GCF_006337485.1;protein_984,GCF_006337745.1;protein_1043,GCF_030323385.1;protein_596,GCF_002952455.1;protein_1007,GCF_002952675.1;protein_1011
GCF_000685705.1;protein_1146,GCF_020735805.1;protein_1008,GCF_021184145.1;protein_1385,GCF_017821655.1;protein_433,GCF_016757555.1;protein_442,GCF_006337485.1;protein_985,GCF_006337745.1;protein_1044,GCF_030323385.1;protein_595,GCF_002952455.1;protein_1008,GCF_002952675.1;protein_1012
GCF_000685705.1;protein_1147,GCF_020735805.1;protein_1007,GCF_021184145.1;protein_1384,GCF_017821655.1;protein_432,GCF_016757555.1;protein_441,GCF_006337485.1;protein_986,GCF_006337745.1;protein_1045,GCF_030323385.1;protein_594,GCF_002952455.1;protein_1009,GCF_002952675.1;protein_1013
GCF_000685705.1;protein_1148,GCF_020735805.1;protein_1006,GCF_021184145.1;protein_1383,GCF_017821655.1;protein_431,GCF_016757555.1;protein_440,GCF_006337485.1;protein_987,GCF_006337745.1;protein_1046,GCF_030323385.1;protein_593,GCF_002952455.1;protein_1010,GCF_002952675.1;protein_1014
GCF_000685705.1;protein_115,GCF_020735805.1;protein_202,GCF_021184145.1;protein_584,GCF_017821655.1;protein_1163,GCF_016757555.1;protein_1164,GCF_006337485.1;protein_288,GCF_006337745.1;protein_310,GCF_030323385.1;protein_1333,GCF_002952455.1;protein_244,GCF_002952675.1;protein_245
GCF_000685705.1;protein_1150,GCF_020735805.1;protein_1004,GCF_021184145.1;protein_1382,GCF_017821655.1;protein_429,GCF_016757555.1;protein_438,GCF_006337485.1;protein_989,GCF_006337745.1;protein_1047,GCF_030323385.1;protein_592,GCF_002952455.1;protein_1012,GCF_002952675.1;protein_1016
GCF_000685705.1;protein_1152,GCF_020735805.1;protein_1002,GCF_021184145.1;protein_1380,GCF_017821655.1;protein_428,GCF_016757555.1;protein_436,GCF_006337485.1;protein_991,GCF_006337745.1;protein_1049,GCF_030323385.1;protein_590,GCF_002952455.1;protein_1013,GCF_002952675.1;protein_1017
GCF_000685705.1;protein_1153,GCF_020735805.1;protein_1001,GCF_021184145.1;protein_1379,GCF_017821655.1;protein_427,GCF_016757555.1;protein_435,GCF_006337485.1;protein_992,GCF_006337745.1;protein_1050,GCF_030323385.1;protein_589,GCF_002952455.1;protein_1014,GCF_002952675.1;protein_1018
GCF_000685705.1;protein_1154,GCF_020735805.1;protein_1000,GCF_021184145.1;protein_1378,GCF_017821655.1;protein_426,GCF_016757555.1;protein_434,GCF_006337485.1;protein_993,GCF_006337745.1;protein_1051,GCF_030323385.1;protein_588,GCF_002952455.1;protein_1015,GCF_002952675.1;protein_1019
GCF_000685705.1;protein_1155,GCF_020735805.1;protein_999,GCF_021184145.1;protein_1377,GCF_017821655.1;protein_425,GCF_016757555.1;protein_433,GCF_006337485.1;protein_994,GCF_006337745.1;protein_1052,GCF_030323385.1;protein_587,GCF_002952455.1;protein_1016,GCF_002952675.1;protein_1020
GCF_000685705.1;protein_1156,GCF_020735805.1;protein_998,GCF_021184145.1;protein_1376,GCF_017821655.1;protein_424,GCF_016757555.1;protein_432,GCF_006337485.1;protein_995,GCF_006337745.1;protein_1053,GCF_030323385.1;protein_586,GCF_002952455.1;protein_1017,GCF_002952675.1;protein_1021
GCF_000685705.1;protein_1157,GCF_020735805.1;protein_997,GCF_021184145.1;protein_1375,GCF_017821655.1;protein_423,GCF_016757555.1;protein_431,GCF_006337485.1;protein_996,GCF_006337745.1;protein_1054,GCF_030323385.1;protein_585,GCF_002952455.1;protein_1018,GCF_002952675.1;protein_1022
GCF_000685705.1;protein_1158,GCF_020735805.1;protein_996,GCF_021184145.1;protein_1374,GCF_017821655.1;protein_422,GCF_016757555.1;protein_430,GCF_006337485.1;protein_997,GCF_006337745.1;protein_1055,GCF_030323385.1;protein_584,GCF_002952455.1;protein_1019,GCF_002952675.1;protein_1023
GCF_000685705.1;protein_116,GCF_020735805.1;protein_201,GCF_021184145.1;protein_583,GCF_017821655.1;protein_1162,GCF_016757555.1;protein_1163,GCF_006337485.1;protein_289,GCF_006337745.1;protein_311,GCF_030323385.1;protein_1332,GCF_002952455.1;protein_245,GCF_002952675.1;protein_246
GCF_000685705.1;protein_1163,GCF_020735805.1;protein_994,GCF_021184145.1;protein_1370,GCF_017821655.1;protein_420,GCF_016757555.1;protein_428,GCF_006337485.1;protein_1000,GCF_006337745.1;protein_1059,GCF_030323385.1;protein_580,GCF_002952455.1;protein_1023,GCF_002952675.1;protein_1027
GCF_000685705.1;protein_1165,GCF_020735805.1;protein_992,GCF_021184145.1;protein_1368,GCF_017821655.1;protein_418,GCF_016757555.1;protein_426,GCF_006337485.1;protein_1002,GCF_006337745.1;protein_519,GCF_030323385.1;protein_578,GCF_002952455.1;protein_1025,GCF_002952675.1;protein_1029
GCF_000685705.1;protein_1166,GCF_020735805.1;protein_991,GCF_021184145.1;protein_1367,GCF_017821655.1;protein_417,GCF_016757555.1;protein_425,GCF_006337485.1;protein_1003,GCF_006337745.1;protein_518,GCF_030323385.1;protein_577,GCF_002952455.1;protein_1026,GCF_002952675.1;protein_1030
GCF_000685705.1;protein_1167,GCF_020735805.1;protein_990,GCF_021184145.1;protein_1365,GCF_017821655.1;protein_416,GCF_016757555.1;protein_424,GCF_006337485.1;protein_1004,GCF_006337745.1;protein_517,GCF_030323385.1;protein_576,GCF_002952455.1;protein_1027,GCF_002952675.1;protein_1031
GCF_000685705.1;protein_1168,GCF_020735805.1;protein_989,GCF_021184145.1;protein_1364,GCF_017821655.1;protein_415,GCF_016757555.1;protein_423,GCF_006337485.1;protein_1005,GCF_006337745.1;protein_516,GCF_030323385.1;protein_575,GCF_002952455.1;protein_1028,GCF_002952675.1;protein_1032
GCF_000685705.1;protein_1169,GCF_020735805.1;protein_988,GCF_021184145.1;protein_1363,GCF_017821655.1;protein_414,GCF_016757555.1;protein_422,GCF_006337485.1;protein_1006,GCF_006337745.1;protein_515,GCF_030323385.1;protein_574,GCF_002952455.1;protein_1029,GCF_002952675.1;protein_1033
GCF_000685705.1;protein_117,GCF_020735805.1;protein_200,GCF_021184145.1;protein_582,GCF_017821655.1;protein_1161,GCF_016757555.1;protein_1162,GCF_006337485.1;protein_293,GCF_006337745.1;protein_312,GCF_030323385.1;protein_1328,GCF_002952455.1;protein_248,GCF_002952675.1;protein_249
GCF_000685705.1;protein_1170,GCF_020735805.1;protein_987,GCF_021184145.1;protein_1362,GCF_017821655.1;protein_413,GCF_016757555.1;protein_421,GCF_006337485.1;protein_1007,GCF_006337745.1;protein_514,GCF_030323385.1;protein_573,GCF_002952455.1;protein_1030,GCF_002952675.1;protein_1034
GCF_000685705.1;protein_1171,GCF_020735805.1;protein_986,GCF_021184145.1;protein_1361,GCF_017821655.1;protein_412,GCF_016757555.1;protein_420,GCF_006337485.1;protein_1008,GCF_006337745.1;protein_513,GCF_030323385.1;protein_572,GCF_002952455.1;protein_1031,GCF_002952675.1;protein_1035
GCF_000685705.1;protein_1172,GCF_020735805.1;protein_985,GCF_021184145.1;protein_1360,GCF_017821655.1;protein_411,GCF_016757555.1;protein_419,GCF_006337485.1;protein_1009,GCF_006337745.1;protein_512,GCF_030323385.1;protein_571,GCF_002952455.1;protein_1032,GCF_002952675.1;protein_1036
GCF_000685705.1;protein_1173,GCF_020735805.1;protein_984,GCF_021184145.1;protein_1359,GCF_017821655.1;protein_410,GCF_016757555.1;protein_418,GCF_006337485.1;protein_1010,GCF_006337745.1;protein_511,GCF_030323385.1;protein_570,GCF_002952455.1;protein_1033,GCF_002952675.1;protein_1037
GCF_000685705.1;protein_1174,GCF_020735805.1;protein_983,GCF_021184145.1;protein_1358,GCF_017821655.1;protein_409,GCF_016757555.1;protein_417,GCF_006337485.1;protein_1011,GCF_006337745.1;protein_510,GCF_030323385.1;protein_569,GCF_002952455.1;protein_1034,GCF_002952675.1;protein_1038
GCF_000685705.1;protein_1175,GCF_020735805.1;protein_982,GCF_021184145.1;protein_1357,GCF_017821655.1;protein_408,GCF_016757555.1;protein_416,GCF_006337485.1;protein_1012,GCF_006337745.1;protein_509,GCF_030323385.1;protein_568,GCF_002952455.1;protein_1035,GCF_002952675.1;protein_1039
GCF_000685705.1;protein_1176,GCF_020735805.1;protein_981,GCF_021184145.1;protein_1356,GCF_017821655.1;protein_407,GCF_016757555.1;protein_415,GCF_006337485.1;protein_1013,GCF_006337745.1;protein_508,GCF_030323385.1;protein_567,GCF_002952455.1;protein_1036,GCF_002952675.1;protein_1040
GCF_000685705.1;protein_1177,GCF_020735805.1;protein_980,GCF_021184145.1;protein_1355,GCF_017821655.1;protein_406,GCF_016757555.1;protein_414,GCF_006337485.1;protein_1014,GCF_006337745.1;protein_507,GCF_030323385.1;protein_566,GCF_002952455.1;protein_1037,GCF_002952675.1;protein_1041
GCF_000685705.1;protein_1178,GCF_020735805.1;protein_979,GCF_021184145.1;protein_1354,GCF_017821655.1;protein_405,GCF_016757555.1;protein_413,GCF_006337485.1;protein_1015,GCF_006337745.1;protein_506,GCF_030323385.1;protein_565,GCF_002952455.1;protein_1038,GCF_002952675.1;protein_1042
GCF_000685705.1;protein_1179,GCF_020735805.1;protein_978,GCF_021184145.1;protein_1353,GCF_017821655.1;protein_404,GCF_016757555.1;protein_412,GCF_006337485.1;protein_1016,GCF_006337745.1;protein_505,GCF_030323385.1;protein_564,GCF_002952455.1;protein_1039,GCF_002952675.1;protein_1043
GCF_000685705.1;protein_118,GCF_020735805.1;protein_199,GCF_021184145.1;protein_581,GCF_017821655.1;protein_1160,GCF_016757555.1;protein_1161,GCF_006337485.1;protein_294,GCF_006337745.1;protein_313,GCF_030323385.1;protein_1327,GCF_002952455.1;protein_249,GCF_002952675.1;protein_250
GCF_000685705.1;protein_1180,GCF_020735805.1;protein_977,GCF_021184145.1;protein_1352,GCF_017821655.1;protein_403,GCF_016757555.1;protein_411,GCF_006337485.1;protein_1017,GCF_006337745.1;protein_504,GCF_030323385.1;protein_563,GCF_002952455.1;protein_1040,GCF_002952675.1;protein_1044
GCF_000685705.1;protein_1181,GCF_020735805.1;protein_976,GCF_021184145.1;protein_1351,GCF_017821655.1;protein_402,GCF_016757555.1;protein_410,GCF_006337485.1;protein_1018,GCF_006337745.1;protein_503,GCF_030323385.1;protein_562,GCF_002952455.1;protein_1041,GCF_002952675.1;protein_1045
GCF_000685705.1;protein_1182,GCF_020735805.1;protein_975,GCF_021184145.1;protein_1350,GCF_017821655.1;protein_401,GCF_016757555.1;protein_409,GCF_006337485.1;protein_1019,GCF_006337745.1;protein_502,GCF_030323385.1;protein_561,GCF_002952455.1;protein_1042,GCF_002952675.1;protein_1046
GCF_000685705.1;protein_1183,GCF_020735805.1;protein_974,GCF_021184145.1;protein_1349,GCF_017821655.1;protein_400,GCF_016757555.1;protein_408,GCF_006337485.1;protein_1020,GCF_006337745.1;protein_501,GCF_030323385.1;protein_560,GCF_002952455.1;protein_1043,GCF_002952675.1;protein_1047
GCF_000685705.1;protein_1184,GCF_020735805.1;protein_973,GCF_021184145.1;protein_1348,GCF_017821655.1;protein_399,GCF_016757555.1;protein_407,GCF_006337485.1;protein_1021,GCF_006337745.1;protein_500,GCF_030323385.1;protein_559,GCF_002952455.1;protein_1044,GCF_002952675.1;protein_1048
GCF_000685705.1;protein_1185,GCF_020735805.1;protein_972,GCF_021184145.1;protein_1347,GCF_017821655.1;protein_398,GCF_016757555.1;protein_406,GCF_006337485.1;protein_1022,GCF_006337745.1;protein_499,GCF_030323385.1;protein_558,GCF_002952455.1;protein_1045,GCF_002952675.1;protein_1049
GCF_000685705.1;protein_1186,GCF_020735805.1;protein_971,GCF_021184145.1;protein_1346,GCF_017821655.1;protein_397,GCF_016757555.1;protein_405,GCF_006337485.1;protein_1023,GCF_006337745.1;protein_498,GCF_030323385.1;protein_557,GCF_002952455.1;protein_1046,GCF_002952675.1;protein_1050
GCF_000685705.1;protein_1187,GCF_020735805.1;protein_970,GCF_021184145.1;protein_1345,GCF_017821655.1;protein_396,GCF_016757555.1;protein_404,GCF_006337485.1;protein_1024,GCF_006337745.1;protein_497,GCF_030323385.1;protein_556,GCF_002952455.1;protein_1047,GCF_002952675.1;protein_1051
GCF_000685705.1;protein_1188,GCF_020735805.1;protein_969,GCF_021184145.1;protein_1344,GCF_017821655.1;protein_395,GCF_016757555.1;protein_403,GCF_006337485.1;protein_1025,GCF_006337745.1;protein_496,GCF_030323385.1;protein_555,GCF_002952455.1;protein_1048,GCF_002952675.1;protein_1052
GCF_000685705.1;protein_1189,GCF_020735805.1;protein_968,GCF_021184145.1;protein_1343,GCF_017821655.1;protein_394,GCF_016757555.1;protein_402,GCF_006337485.1;protein_1026,GCF_006337745.1;protein_495,GCF_030323385.1;protein_554,GCF_002952455.1;protein_1049,GCF_002952675.1;protein_1053
GCF_000685705.1;protein_119,GCF_020735805.1;protein_198,GCF_021184145.1;protein_580,GCF_017821655.1;protein_1159,GCF_016757555.1;protein_1160,GCF_006337485.1;protein_295,GCF_006337745.1;protein_314,GCF_030323385.1;protein_1326,GCF_002952455.1;protein_250,GCF_002952675.1;protein_251
GCF_000685705.1;protein_1190,GCF_020735805.1;protein_967,GCF_021184145.1;protein_1342,GCF_017821655.1;protein_393,GCF_016757555.1;protein_401,GCF_006337485.1;protein_1027,GCF_006337745.1;protein_494,GCF_030323385.1;protein_553,GCF_002952455.1;protein_1050,GCF_002952675.1;protein_1054
GCF_000685705.1;protein_1191,GCF_020735805.1;protein_966,GCF_021184145.1;protein_1341,GCF_017821655.1;protein_392,GCF_016757555.1;protein_400,GCF_006337485.1;protein_1028,GCF_006337745.1;protein_493,GCF_030323385.1;protein_552,GCF_002952455.1;protein_1051,GCF_002952675.1;protein_1055
GCF_000685705.1;protein_1192,GCF_020735805.1;protein_965,GCF_021184145.1;protein_1340,GCF_017821655.1;protein_391,GCF_016757555.1;protein_399,GCF_006337485.1;protein_1029,GCF_006337745.1;protein_492,GCF_030323385.1;protein_551,GCF_002952455.1;protein_1052,GCF_002952675.1;protein_1056
GCF_000685705.1;protein_1193,GCF_020735805.1;protein_964,GCF_021184145.1;protein_1339,GCF_017821655.1;protein_390,GCF_016757555.1;protein_398,GCF_006337485.1;protein_1030,GCF_006337745.1;protein_491,GCF_030323385.1;protein_550,GCF_002952455.1;protein_1053,GCF_002952675.1;protein_1057
GCF_000685705.1;protein_1194,GCF_020735805.1;protein_963,GCF_021184145.1;protein_1338,GCF_017821655.1;protein_389,GCF_016757555.1;protein_397,GCF_006337485.1;protein_1031,GCF_006337745.1;protein_490,GCF_030323385.1;protein_549,GCF_002952455.1;protein_1054,GCF_002952675.1;protein_1058
GCF_000685705.1;protein_1195,GCF_020735805.1;protein_962,GCF_021184145.1;protein_1337,GCF_017821655.1;protein_388,GCF_016757555.1;protein_396,GCF_006337485.1;protein_1032,GCF_006337745.1;protein_489,GCF_030323385.1;protein_548,GCF_002952455.1;protein_1055,GCF_002952675.1;protein_1059
GCF_000685705.1;protein_1196,GCF_020735805.1;protein_961,GCF_021184145.1;protein_1336,GCF_017821655.1;protein_387,GCF_016757555.1;protein_395,GCF_006337485.1;protein_1033,GCF_006337745.1;protein_488,GCF_030323385.1;protein_547,GCF_002952455.1;protein_1056,GCF_002952675.1;protein_1060
GCF_000685705.1;protein_1197,GCF_020735805.1;protein_960,GCF_021184145.1;protein_1335,GCF_017821655.1;protein_385,GCF_016757555.1;protein_394,GCF_006337485.1;protein_1034,GCF_006337745.1;protein_486,GCF_030323385.1;protein_545,GCF_002952455.1;protein_1057,GCF_002952675.1;protein_1061
GCF_000685705.1;protein_1198,GCF_020735805.1;protein_959,GCF_021184145.1;protein_1334,GCF_017821655.1;protein_384,GCF_016757555.1;protein_393,GCF_006337485.1;protein_1035,GCF_006337745.1;protein_485,GCF_030323385.1;protein_544,GCF_002952455.1;protein_1058,GCF_002952675.1;protein_1062
GCF_000685705.1;protein_12,GCF_020735805.1;protein_583,GCF_021184145.1;protein_960,GCF_017821655.1;protein_13,GCF_016757555.1;protein_12,GCF_006337485.1;protein_1482,GCF_006337745.1;protein_1479,GCF_030323385.1;protein_161,GCF_002952455.1;protein_1468,GCF_002952675.1;protein_1473
GCF_000685705.1;protein_120,GCF_020735805.1;protein_197,GCF_021184145.1;protein_579,GCF_017821655.1;protein_1158,GCF_016757555.1;protein_1159,GCF_006337485.1;protein_296,GCF_006337745.1;protein_315,GCF_030323385.1;protein_1325,GCF_002952455.1;protein_251,GCF_002952675.1;protein_252
GCF_000685705.1;protein_1200,GCF_020735805.1;protein_957,GCF_021184145.1;protein_1333,GCF_017821655.1;protein_383,GCF_016757555.1;protein_391,GCF_006337485.1;protein_1037,GCF_006337745.1;protein_483,GCF_030323385.1;protein_542,GCF_002952455.1;protein_1060,GCF_002952675.1;protein_1064
GCF_000685705.1;protein_1201,GCF_020735805.1;protein_956,GCF_021184145.1;protein_1332,GCF_017821655.1;protein_382,GCF_016757555.1;protein_390,GCF_006337485.1;protein_1038,GCF_006337745.1;protein_482,GCF_030323385.1;protein_541,GCF_002952455.1;protein_1061,GCF_002952675.1;protein_1065
GCF_000685705.1;protein_1202,GCF_020735805.1;protein_955,GCF_021184145.1;protein_1331,GCF_017821655.1;protein_381,GCF_016757555.1;protein_389,GCF_006337485.1;protein_1039,GCF_006337745.1;protein_481,GCF_030323385.1;protein_540,GCF_002952455.1;protein_1062,GCF_002952675.1;protein_1066
GCF_000685705.1;protein_1203,GCF_020735805.1;protein_954,GCF_021184145.1;protein_1330,GCF_017821655.1;protein_380,GCF_016757555.1;protein_388,GCF_006337485.1;protein_1040,GCF_006337745.1;protein_480,GCF_030323385.1;protein_539,GCF_002952455.1;protein_1063,GCF_002952675.1;protein_1067
GCF_000685705.1;protein_1204,GCF_020735805.1;protein_953,GCF_021184145.1;protein_1329,GCF_017821655.1;protein_379,GCF_016757555.1;protein_387,GCF_006337485.1;protein_1041,GCF_006337745.1;protein_479,GCF_030323385.1;protein_538,GCF_002952455.1;protein_1064,GCF_002952675.1;protein_1068
GCF_000685705.1;protein_1205,GCF_020735805.1;protein_952,GCF_021184145.1;protein_1328,GCF_017821655.1;protein_378,GCF_016757555.1;protein_386,GCF_006337485.1;protein_1042,GCF_006337745.1;protein_478,GCF_030323385.1;protein_537,GCF_002952455.1;protein_1065,GCF_002952675.1;protein_1069
GCF_000685705.1;protein_1206,GCF_020735805.1;protein_951,GCF_021184145.1;protein_1327,GCF_017821655.1;protein_377,GCF_016757555.1;protein_385,GCF_006337485.1;protein_1043,GCF_006337745.1;protein_477,GCF_030323385.1;protein_536,GCF_002952455.1;protein_1066,GCF_002952675.1;protein_1070
GCF_000685705.1;protein_1207,GCF_020735805.1;protein_950,GCF_021184145.1;protein_1326,GCF_017821655.1;protein_376,GCF_016757555.1;protein_384,GCF_006337485.1;protein_1044,GCF_006337745.1;protein_476,GCF_030323385.1;protein_535,GCF_002952455.1;protein_1067,GCF_002952675.1;protein_1071
GCF_000685705.1;protein_1208,GCF_020735805.1;protein_949,GCF_021184145.1;protein_1325,GCF_017821655.1;protein_375,GCF_016757555.1;protein_383,GCF_006337485.1;protein_1045,GCF_006337745.1;protein_475,GCF_030323385.1;protein_534,GCF_002952455.1;protein_1068,GCF_002952675.1;protein_1072
GCF_000685705.1;protein_1209,GCF_020735805.1;protein_948,GCF_021184145.1;protein_1324,GCF_017821655.1;protein_374,GCF_016757555.1;protein_382,GCF_006337485.1;protein_1046,GCF_006337745.1;protein_474,GCF_030323385.1;protein_533,GCF_002952455.1;protein_1069,GCF_002952675.1;protein_1073
GCF_000685705.1;protein_121,GCF_020735805.1;protein_196,GCF_021184145.1;protein_578,GCF_017821655.1;protein_1157,GCF_016757555.1;protein_1158,GCF_006337485.1;protein_297,GCF_006337745.1;protein_316,GCF_030323385.1;protein_1324,GCF_002952455.1;protein_252,GCF_002952675.1;protein_253
GCF_000685705.1;protein_1210,GCF_020735805.1;protein_947,GCF_021184145.1;protein_1323,GCF_017821655.1;protein_373,GCF_016757555.1;protein_381,GCF_006337485.1;protein_1047,GCF_006337745.1;protein_473,GCF_030323385.1;protein_532,GCF_002952455.1;protein_1070,GCF_002952675.1;protein_1074
GCF_000685705.1;protein_1211,GCF_020735805.1;protein_946,GCF_021184145.1;protein_1322,GCF_017821655.1;protein_372,GCF_016757555.1;protein_380,GCF_006337485.1;protein_1048,GCF_006337745.1;protein_472,GCF_030323385.1;protein_531,GCF_002952455.1;protein_1071,GCF_002952675.1;protein_1075
GCF_000685705.1;protein_1212,GCF_020735805.1;protein_945,GCF_021184145.1;protein_1321,GCF_017821655.1;protein_371,GCF_016757555.1;protein_379,GCF_006337485.1;protein_1049,GCF_006337745.1;protein_471,GCF_030323385.1;protein_530,GCF_002952455.1;protein_1072,GCF_002952675.1;protein_1076
GCF_000685705.1;protein_1213,GCF_020735805.1;protein_944,GCF_021184145.1;protein_1320,GCF_017821655.1;protein_370,GCF_016757555.1;protein_378,GCF_006337485.1;protein_1050,GCF_006337745.1;protein_470,GCF_030323385.1;protein_529,GCF_002952455.1;protein_1073,GCF_002952675.1;protein_1077
GCF_000685705.1;protein_1214,GCF_020735805.1;protein_943,GCF_021184145.1;protein_1319,GCF_017821655.1;protein_369,GCF_016757555.1;protein_376,GCF_006337485.1;protein_1051,GCF_006337745.1;protein_469,GCF_030323385.1;protein_528,GCF_002952455.1;protein_1074,GCF_002952675.1;protein_1078
GCF_000685705.1;protein_1215,GCF_020735805.1;protein_942,GCF_021184145.1;protein_1318,GCF_017821655.1;protein_368,GCF_016757555.1;protein_375,GCF_006337485.1;protein_1052,GCF_006337745.1;protein_468,GCF_030323385.1;protein_527,GCF_002952455.1;protein_1075,GCF_002952675.1;protein_1079
GCF_000685705.1;protein_1216,GCF_020735805.1;protein_941,GCF_021184145.1;protein_1317,GCF_017821655.1;protein_367,GCF_016757555.1;protein_374,GCF_006337485.1;protein_1053,GCF_006337745.1;protein_467,GCF_030323385.1;protein_526,GCF_002952455.1;protein_1076,GCF_002952675.1;protein_1080
GCF_000685705.1;protein_1217,GCF_020735805.1;protein_940,GCF_021184145.1;protein_1316,GCF_017821655.1;protein_366,GCF_016757555.1;protein_373,GCF_006337485.1;protein_1054,GCF_006337745.1;protein_466,GCF_030323385.1;protein_525,GCF_002952455.1;protein_1077,GCF_002952675.1;protein_1081
GCF_000685705.1;protein_1218,GCF_020735805.1;protein_939,GCF_021184145.1;protein_1315,GCF_017821655.1;protein_365,GCF_016757555.1;protein_372,GCF_006337485.1;protein_1055,GCF_006337745.1;protein_465,GCF_030323385.1;protein_524,GCF_002952455.1;protein_1078,GCF_002952675.1;protein_1082
GCF_000685705.1;protein_1219,GCF_020735805.1;protein_938,GCF_021184145.1;protein_1314,GCF_017821655.1;protein_364,GCF_016757555.1;protein_371,GCF_006337485.1;protein_1056,GCF_006337745.1;protein_464,GCF_030323385.1;protein_523,GCF_002952455.1;protein_1079,GCF_002952675.1;protein_1083
GCF_000685705.1;protein_122,GCF_020735805.1;protein_195,GCF_021184145.1;protein_577,GCF_017821655.1;protein_1156,GCF_016757555.1;protein_1157,GCF_006337485.1;protein_299,GCF_006337745.1;protein_317,GCF_030323385.1;protein_1323,GCF_002952455.1;protein_253,GCF_002952675.1;protein_254
GCF_000685705.1;protein_1220,GCF_020735805.1;protein_937,GCF_021184145.1;protein_1313,GCF_017821655.1;protein_363,GCF_016757555.1;protein_370,GCF_006337485.1;protein_1057,GCF_006337745.1;protein_463,GCF_030323385.1;protein_522,GCF_002952455.1;protein_1080,GCF_002952675.1;protein_1084
GCF_000685705.1;protein_1221,GCF_020735805.1;protein_936,GCF_021184145.1;protein_1312,GCF_017821655.1;protein_362,GCF_016757555.1;protein_369,GCF_006337485.1;protein_1058,GCF_006337745.1;protein_462,GCF_030323385.1;protein_521,GCF_002952455.1;protein_1081,GCF_002952675.1;protein_1085
GCF_000685705.1;protein_1222,GCF_020735805.1;protein_935,GCF_021184145.1;protein_1311,GCF_017821655.1;protein_361,GCF_016757555.1;protein_368,GCF_006337485.1;protein_1059,GCF_006337745.1;protein_461,GCF_030323385.1;protein_520,GCF_002952455.1;protein_1082,GCF_002952675.1;protein_1086
GCF_000685705.1;protein_1223,GCF_020735805.1;protein_934,GCF_021184145.1;protein_1310,GCF_017821655.1;protein_360,GCF_016757555.1;protein_367,GCF_006337485.1;protein_1060,GCF_006337745.1;protein_460,GCF_030323385.1;protein_519,GCF_002952455.1;protein_1083,GCF_002952675.1;protein_1087
GCF_000685705.1;protein_1225,GCF_020735805.1;protein_932,GCF_021184145.1;protein_1308,GCF_017821655.1;protein_358,GCF_016757555.1;protein_365,GCF_006337485.1;protein_1062,GCF_006337745.1;protein_458,GCF_030323385.1;protein_517,GCF_002952455.1;protein_1085,GCF_002952675.1;protein_1089
GCF_000685705.1;protein_1226,GCF_020735805.1;protein_931,GCF_021184145.1;protein_1307,GCF_017821655.1;protein_357,GCF_016757555.1;protein_364,GCF_006337485.1;protein_1063,GCF_006337745.1;protein_457,GCF_030323385.1;protein_516,GCF_002952455.1;protein_1086,GCF_002952675.1;protein_1090
GCF_000685705.1;protein_1227,GCF_020735805.1;protein_930,GCF_021184145.1;protein_1306,GCF_017821655.1;protein_356,GCF_016757555.1;protein_363,GCF_006337485.1;protein_1064,GCF_006337745.1;protein_456,GCF_030323385.1;protein_515,GCF_002952455.1;protein_1087,GCF_002952675.1;protein_1091
GCF_000685705.1;protein_1229,GCF_020735805.1;protein_929,GCF_021184145.1;protein_1304,GCF_017821655.1;protein_354,GCF_016757555.1;protein_361,GCF_006337485.1;protein_1065,GCF_006337745.1;protein_454,GCF_030323385.1;protein_514,GCF_002952455.1;protein_1089,GCF_002952675.1;protein_1093
GCF_000685705.1;protein_123,GCF_020735805.1;protein_194,GCF_021184145.1;protein_576,GCF_017821655.1;protein_1155,GCF_016757555.1;protein_1156,GCF_006337485.1;protein_300,GCF_006337745.1;protein_318,GCF_030323385.1;protein_1322,GCF_002952455.1;protein_254,GCF_002952675.1;protein_255
GCF_000685705.1;protein_1230,GCF_020735805.1;protein_928,GCF_021184145.1;protein_1303,GCF_017821655.1;protein_353,GCF_016757555.1;protein_360,GCF_006337485.1;protein_1066,GCF_006337745.1;protein_453,GCF_030323385.1;protein_513,GCF_002952455.1;protein_1090,GCF_002952675.1;protein_1094
GCF_000685705.1;protein_1231,GCF_020735805.1;protein_927,GCF_021184145.1;protein_1302,GCF_017821655.1;protein_352,GCF_016757555.1;protein_359,GCF_006337485.1;protein_1067,GCF_006337745.1;protein_452,GCF_030323385.1;protein_512,GCF_002952455.1;protein_1091,GCF_002952675.1;protein_1095
GCF_000685705.1;protein_1234,GCF_020735805.1;protein_926,GCF_021184145.1;protein_1299,GCF_017821655.1;protein_349,GCF_016757555.1;protein_356,GCF_006337485.1;protein_1070,GCF_006337745.1;protein_449,GCF_030323385.1;protein_509,GCF_002952455.1;protein_1094,GCF_002952675.1;protein_1098
GCF_000685705.1;protein_1235,GCF_020735805.1;protein_925,GCF_021184145.1;protein_1298,GCF_017821655.1;protein_348,GCF_016757555.1;protein_355,GCF_006337485.1;protein_1071,GCF_006337745.1;protein_448,GCF_030323385.1;protein_508,GCF_002952455.1;protein_1095,GCF_002952675.1;protein_1099
GCF_000685705.1;protein_1236,GCF_020735805.1;protein_924,GCF_021184145.1;protein_1297,GCF_017821655.1;protein_347,GCF_016757555.1;protein_354,GCF_006337485.1;protein_1072,GCF_006337745.1;protein_447,GCF_030323385.1;protein_507,GCF_002952455.1;protein_1096,GCF_002952675.1;protein_1100
GCF_000685705.1;protein_1237,GCF_020735805.1;protein_923,GCF_021184145.1;protein_1296,GCF_017821655.1;protein_346,GCF_016757555.1;protein_353,GCF_006337485.1;protein_1073,GCF_006337745.1;protein_446,GCF_030323385.1;protein_506,GCF_002952455.1;protein_1097,GCF_002952675.1;protein_1101
GCF_000685705.1;protein_1238,GCF_020735805.1;protein_922,GCF_021184145.1;protein_1295,GCF_017821655.1;protein_343,GCF_016757555.1;protein_352,GCF_006337485.1;protein_1074,GCF_006337745.1;protein_445,GCF_030323385.1;protein_505,GCF_002952455.1;protein_1098,GCF_002952675.1;protein_1102
GCF_000685705.1;protein_1239,GCF_020735805.1;protein_921,GCF_021184145.1;protein_1294,GCF_017821655.1;protein_342,GCF_016757555.1;protein_351,GCF_006337485.1;protein_1075,GCF_006337745.1;protein_444,GCF_030323385.1;protein_504,GCF_002952455.1;protein_1099,GCF_002952675.1;protein_1103
GCF_000685705.1;protein_1240,GCF_020735805.1;protein_920,GCF_021184145.1;protein_1293,GCF_017821655.1;protein_341,GCF_016757555.1;protein_350,GCF_006337485.1;protein_1076,GCF_006337745.1;protein_443,GCF_030323385.1;protein_503,GCF_002952455.1;protein_1100,GCF_002952675.1;protein_1104
GCF_000685705.1;protein_1241,GCF_020735805.1;protein_919,GCF_021184145.1;protein_1292,GCF_017821655.1;protein_340,GCF_016757555.1;protein_349,GCF_006337485.1;protein_1077,GCF_006337745.1;protein_442,GCF_030323385.1;protein_502,GCF_002952455.1;protein_1101,GCF_002952675.1;protein_1105
GCF_000685705.1;protein_1242,GCF_020735805.1;protein_918,GCF_021184145.1;protein_1291,GCF_017821655.1;protein_339,GCF_016757555.1;protein_348,GCF_006337485.1;protein_1078,GCF_006337745.1;protein_441,GCF_030323385.1;protein_501,GCF_002952455.1;protein_1102,GCF_002952675.1;protein_1106
GCF_000685705.1;protein_1243,GCF_020735805.1;protein_917,GCF_021184145.1;protein_1290,GCF_017821655.1;protein_338,GCF_016757555.1;protein_347,GCF_006337485.1;protein_1079,GCF_006337745.1;protein_440,GCF_030323385.1;protein_500,GCF_002952455.1;protein_1103,GCF_002952675.1;protein_1107
GCF_000685705.1;protein_1244,GCF_020735805.1;protein_916,GCF_021184145.1;protein_1289,GCF_017821655.1;protein_337,GCF_016757555.1;protein_346,GCF_006337485.1;protein_1080,GCF_006337745.1;protein_439,GCF_030323385.1;protein_499,GCF_002952455.1;protein_1104,GCF_002952675.1;protein_1108
GCF_000685705.1;protein_1245,GCF_020735805.1;protein_915,GCF_021184145.1;protein_1288,GCF_017821655.1;protein_336,GCF_016757555.1;protein_345,GCF_006337485.1;protein_1081,GCF_006337745.1;protein_438,GCF_030323385.1;protein_498,GCF_002952455.1;protein_1105,GCF_002952675.1;protein_1109
GCF_000685705.1;protein_1246,GCF_020735805.1;protein_914,GCF_021184145.1;protein_1287,GCF_017821655.1;protein_335,GCF_016757555.1;protein_344,GCF_006337485.1;protein_1082,GCF_006337745.1;protein_437,GCF_030323385.1;protein_497,GCF_002952455.1;protein_1106,GCF_002952675.1;protein_1110
GCF_000685705.1;protein_1249,GCF_020735805.1;protein_910,GCF_021184145.1;protein_1283,GCF_017821655.1;protein_331,GCF_016757555.1;protein_340,GCF_006337485.1;protein_1086,GCF_006337745.1;protein_1153,GCF_030323385.1;protein_492,GCF_002952455.1;protein_1110,GCF_002952675.1;protein_1114
GCF_000685705.1;protein_125,GCF_020735805.1;protein_192,GCF_021184145.1;protein_574,GCF_017821655.1;protein_1153,GCF_016757555.1;protein_1154,GCF_006337485.1;protein_302,GCF_006337745.1;protein_320,GCF_030323385.1;protein_1320,GCF_002952455.1;protein_256,GCF_002952675.1;protein_257
GCF_000685705.1;protein_1250,GCF_020735805.1;protein_909,GCF_021184145.1;protein_1282,GCF_017821655.1;protein_330,GCF_016757555.1;protein_339,GCF_006337485.1;protein_1087,GCF_006337745.1;protein_1154,GCF_030323385.1;protein_491,GCF_002952455.1;protein_1111,GCF_002952675.1;protein_1115
GCF_000685705.1;protein_1251,GCF_020735805.1;protein_908,GCF_021184145.1;protein_1281,GCF_017821655.1;protein_329,GCF_016757555.1;protein_338,GCF_006337485.1;protein_1088,GCF_006337745.1;protein_1155,GCF_030323385.1;protein_490,GCF_002952455.1;protein_1112,GCF_002952675.1;protein_1116
GCF_000685705.1;protein_1252,GCF_020735805.1;protein_907,GCF_021184145.1;protein_1280,GCF_017821655.1;protein_328,GCF_016757555.1;protein_337,GCF_006337485.1;protein_1089,GCF_006337745.1;protein_1156,GCF_030323385.1;protein_489,GCF_002952455.1;protein_1113,GCF_002952675.1;protein_1117
GCF_000685705.1;protein_1253,GCF_020735805.1;protein_906,GCF_021184145.1;protein_1279,GCF_017821655.1;protein_327,GCF_016757555.1;protein_336,GCF_006337485.1;protein_1090,GCF_006337745.1;protein_1157,GCF_030323385.1;protein_488,GCF_002952455.1;protein_1114,GCF_002952675.1;protein_1118
GCF_000685705.1;protein_1254,GCF_020735805.1;protein_905,GCF_021184145.1;protein_1278,GCF_017821655.1;protein_326,GCF_016757555.1;protein_335,GCF_006337485.1;protein_1091,GCF_006337745.1;protein_1158,GCF_030323385.1;protein_487,GCF_002952455.1;protein_1115,GCF_002952675.1;protein_1119
GCF_000685705.1;protein_1255,GCF_020735805.1;protein_904,GCF_021184145.1;protein_1277,GCF_017821655.1;protein_325,GCF_016757555.1;protein_334,GCF_006337485.1;protein_1092,GCF_006337745.1;protein_1159,GCF_030323385.1;protein_486,GCF_002952455.1;protein_1116,GCF_002952675.1;protein_1120
GCF_000685705.1;protein_1256,GCF_020735805.1;protein_903,GCF_021184145.1;protein_1276,GCF_017821655.1;protein_324,GCF_016757555.1;protein_333,GCF_006337485.1;protein_1093,GCF_006337745.1;protein_1160,GCF_030323385.1;protein_485,GCF_002952455.1;protein_1117,GCF_002952675.1;protein_1121
GCF_000685705.1;protein_1257,GCF_020735805.1;protein_902,GCF_021184145.1;protein_1275,GCF_017821655.1;protein_323,GCF_016757555.1;protein_332,GCF_006337485.1;protein_1094,GCF_006337745.1;protein_1161,GCF_030323385.1;protein_484,GCF_002952455.1;protein_1118,GCF_002952675.1;protein_1122
GCF_000685705.1;protein_126,GCF_020735805.1;protein_191,GCF_021184145.1;protein_573,GCF_017821655.1;protein_1152,GCF_016757555.1;protein_1153,GCF_006337485.1;protein_303,GCF_006337745.1;protein_321,GCF_030323385.1;protein_1319,GCF_002952455.1;protein_257,GCF_002952675.1;protein_258
GCF_000685705.1;protein_1260,GCF_020735805.1;protein_896,GCF_021184145.1;protein_1274,GCF_017821655.1;protein_322,GCF_016757555.1;protein_326,GCF_006337485.1;protein_1100,GCF_006337745.1;protein_1167,GCF_030323385.1;protein_483,GCF_002952455.1;protein_1119,GCF_002952675.1;protein_1123
GCF_000685705.1;protein_127,GCF_020735805.1;protein_190,GCF_021184145.1;protein_572,GCF_017821655.1;protein_1151,GCF_016757555.1;protein_1152,GCF_006337485.1;protein_304,GCF_006337745.1;protein_322,GCF_030323385.1;protein_1318,GCF_002952455.1;protein_258,GCF_002952675.1;protein_259
GCF_000685705.1;protein_128,GCF_020735805.1;protein_189,GCF_021184145.1;protein_571,GCF_017821655.1;protein_1150,GCF_016757555.1;protein_1151,GCF_006337485.1;protein_305,GCF_006337745.1;protein_323,GCF_030323385.1;protein_1317,GCF_002952455.1;protein_259,GCF_002952675.1;protein_260
GCF_000685705.1;protein_1289,GCF_020735805.1;protein_1533,GCF_021184145.1;protein_399,GCF_017821655.1;protein_977,GCF_016757555.1;protein_981,GCF_006337485.1;protein_475,GCF_006337745.1;protein_1091,GCF_030323385.1;protein_1140,GCF_002952455.1;protein_427,GCF_002952675.1;protein_428
GCF_000685705.1;protein_129,GCF_020735805.1;protein_188,GCF_021184145.1;protein_570,GCF_017821655.1;protein_1149,GCF_016757555.1;protein_1150,GCF_006337485.1;protein_306,GCF_006337745.1;protein_324,GCF_030323385.1;protein_1316,GCF_002952455.1;protein_260,GCF_002952675.1;protein_261
GCF_000685705.1;protein_1290,GCF_020735805.1;protein_1534,GCF_021184145.1;protein_400,GCF_017821655.1;protein_978,GCF_016757555.1;protein_982,GCF_006337485.1;protein_474,GCF_006337745.1;protein_1092,GCF_030323385.1;protein_1141,GCF_002952455.1;protein_426,GCF_002952675.1;protein_427
GCF_000685705.1;protein_1291,GCF_020735805.1;protein_1535,GCF_021184145.1;protein_401,GCF_017821655.1;protein_979,GCF_016757555.1;protein_983,GCF_006337485.1;protein_473,GCF_006337745.1;protein_1093,GCF_030323385.1;protein_1142,GCF_002952455.1;protein_425,GCF_002952675.1;protein_426
GCF_000685705.1;protein_1292,GCF_020735805.1;protein_1536,GCF_021184145.1;protein_402,GCF_017821655.1;protein_980,GCF_016757555.1;protein_984,GCF_006337485.1;protein_472,GCF_006337745.1;protein_1094,GCF_030323385.1;protein_1143,GCF_002952455.1;protein_424,GCF_002952675.1;protein_425
GCF_000685705.1;protein_1293,GCF_020735805.1;protein_1537,GCF_021184145.1;protein_403,GCF_017821655.1;protein_981,GCF_016757555.1;protein_985,GCF_006337485.1;protein_471,GCF_006337745.1;protein_1095,GCF_030323385.1;protein_1144,GCF_002952455.1;protein_423,GCF_002952675.1;protein_424
GCF_000685705.1;protein_1294,GCF_020735805.1;protein_1538,GCF_021184145.1;protein_404,GCF_017821655.1;protein_982,GCF_016757555.1;protein_986,GCF_006337485.1;protein_470,GCF_006337745.1;protein_1096,GCF_030323385.1;protein_1145,GCF_002952455.1;protein_422,GCF_002952675.1;protein_423
GCF_000685705.1;protein_1295,GCF_020735805.1;protein_1539,GCF_021184145.1;protein_405,GCF_017821655.1;protein_983,GCF_016757555.1;protein_987,GCF_006337485.1;protein_469,GCF_006337745.1;protein_1097,GCF_030323385.1;protein_1146,GCF_002952455.1;protein_421,GCF_002952675.1;protein_422
GCF_000685705.1;protein_1296,GCF_020735805.1;protein_1540,GCF_021184145.1;protein_406,GCF_017821655.1;protein_984,GCF_016757555.1;protein_988,GCF_006337485.1;protein_468,GCF_006337745.1;protein_1098,GCF_030323385.1;protein_1147,GCF_002952455.1;protein_420,GCF_002952675.1;protein_421
GCF_000685705.1;protein_1297,GCF_020735805.1;protein_27,GCF_021184145.1;protein_407,GCF_017821655.1;protein_985,GCF_016757555.1;protein_989,GCF_006337485.1;protein_467,GCF_006337745.1;protein_1099,GCF_030323385.1;protein_1148,GCF_002952455.1;protein_419,GCF_002952675.1;protein_420
GCF_000685705.1;protein_1298,GCF_020735805.1;protein_28,GCF_021184145.1;protein_408,GCF_017821655.1;protein_986,GCF_016757555.1;protein_990,GCF_006337485.1;protein_465,GCF_006337745.1;protein_1100,GCF_030323385.1;protein_1149,GCF_002952455.1;protein_418,GCF_002952675.1;protein_419
GCF_000685705.1;protein_1299,GCF_020735805.1;protein_29,GCF_021184145.1;protein_409,GCF_017821655.1;protein_987,GCF_016757555.1;protein_991,GCF_006337485.1;protein_464,GCF_006337745.1;protein_1101,GCF_030323385.1;protein_1150,GCF_002952455.1;protein_417,GCF_002952675.1;protein_418
GCF_000685705.1;protein_13,GCF_020735805.1;protein_584,GCF_021184145.1;protein_961,GCF_017821655.1;protein_14,GCF_016757555.1;protein_13,GCF_006337485.1;protein_1481,GCF_006337745.1;protein_1478,GCF_030323385.1;protein_162,GCF_002952455.1;protein_1467,GCF_002952675.1;protein_1472
GCF_000685705.1;protein_130,GCF_020735805.1;protein_187,GCF_021184145.1;protein_569,GCF_017821655.1;protein_1148,GCF_016757555.1;protein_1149,GCF_006337485.1;protein_307,GCF_006337745.1;protein_325,GCF_030323385.1;protein_1315,GCF_002952455.1;protein_261,GCF_002952675.1;protein_262
GCF_000685705.1;protein_1300,GCF_020735805.1;protein_30,GCF_021184145.1;protein_410,GCF_017821655.1;protein_988,GCF_016757555.1;protein_992,GCF_006337485.1;protein_463,GCF_006337745.1;protein_1102,GCF_030323385.1;protein_1151,GCF_002952455.1;protein_416,GCF_002952675.1;protein_417
GCF_000685705.1;protein_1301,GCF_020735805.1;protein_31,GCF_021184145.1;protein_411,GCF_017821655.1;protein_989,GCF_016757555.1;protein_993,GCF_006337485.1;protein_462,GCF_006337745.1;protein_1103,GCF_030323385.1;protein_1152,GCF_002952455.1;protein_415,GCF_002952675.1;protein_416
GCF_000685705.1;protein_1302,GCF_020735805.1;protein_32,GCF_021184145.1;protein_412,GCF_017821655.1;protein_990,GCF_016757555.1;protein_994,GCF_006337485.1;protein_461,GCF_006337745.1;protein_1104,GCF_030323385.1;protein_1153,GCF_002952455.1;protein_414,GCF_002952675.1;protein_415
GCF_000685705.1;protein_1303,GCF_020735805.1;protein_33,GCF_021184145.1;protein_413,GCF_017821655.1;protein_991,GCF_016757555.1;protein_995,GCF_006337485.1;protein_460,GCF_006337745.1;protein_1105,GCF_030323385.1;protein_1154,GCF_002952455.1;protein_413,GCF_002952675.1;protein_414
GCF_000685705.1;protein_1304,GCF_020735805.1;protein_34,GCF_021184145.1;protein_414,GCF_017821655.1;protein_992,GCF_016757555.1;protein_996,GCF_006337485.1;protein_459,GCF_006337745.1;protein_1106,GCF_030323385.1;protein_1155,GCF_002952455.1;protein_412,GCF_002952675.1;protein_413
GCF_000685705.1;protein_1305,GCF_020735805.1;protein_35,GCF_021184145.1;protein_415,GCF_017821655.1;protein_993,GCF_016757555.1;protein_997,GCF_006337485.1;protein_458,GCF_006337745.1;protein_1107,GCF_030323385.1;protein_1156,GCF_002952455.1;protein_411,GCF_002952675.1;protein_412
GCF_000685705.1;protein_1306,GCF_020735805.1;protein_36,GCF_021184145.1;protein_416,GCF_017821655.1;protein_994,GCF_016757555.1;protein_998,GCF_006337485.1;protein_457,GCF_006337745.1;protein_1108,GCF_030323385.1;protein_1157,GCF_002952455.1;protein_410,GCF_002952675.1;protein_411
GCF_000685705.1;protein_1307,GCF_020735805.1;protein_37,GCF_021184145.1;protein_417,GCF_017821655.1;protein_995,GCF_016757555.1;protein_999,GCF_006337485.1;protein_456,GCF_006337745.1;protein_1109,GCF_030323385.1;protein_1158,GCF_002952455.1;protein_409,GCF_002952675.1;protein_410
GCF_000685705.1;protein_1308,GCF_020735805.1;protein_38,GCF_021184145.1;protein_418,GCF_017821655.1;protein_996,GCF_016757555.1;protein_1000,GCF_006337485.1;protein_455,GCF_006337745.1;protein_1110,GCF_030323385.1;protein_1159,GCF_002952455.1;protein_408,GCF_002952675.1;protein_409
GCF_000685705.1;protein_1309,GCF_020735805.1;protein_39,GCF_021184145.1;protein_419,GCF_017821655.1;protein_997,GCF_016757555.1;protein_1001,GCF_006337485.1;protein_454,GCF_006337745.1;protein_1111,GCF_030323385.1;protein_1160,GCF_002952455.1;protein_407,GCF_002952675.1;protein_408
GCF_000685705.1;protein_131,GCF_020735805.1;protein_186,GCF_021184145.1;protein_568,GCF_017821655.1;protein_1147,GCF_016757555.1;protein_1148,GCF_006337485.1;protein_308,GCF_006337745.1;protein_326,GCF_030323385.1;protein_1314,GCF_002952455.1;protein_262,GCF_002952675.1;protein_263
GCF_000685705.1;protein_1310,GCF_020735805.1;protein_40,GCF_021184145.1;protein_420,GCF_017821655.1;protein_998,GCF_016757555.1;protein_1002,GCF_006337485.1;protein_453,GCF_006337745.1;protein_1112,GCF_030323385.1;protein_1161,GCF_002952455.1;protein_406,GCF_002952675.1;protein_407
GCF_000685705.1;protein_1311,GCF_020735805.1;protein_41,GCF_021184145.1;protein_421,GCF_017821655.1;protein_999,GCF_016757555.1;protein_1003,GCF_006337485.1;protein_452,GCF_006337745.1;protein_1113,GCF_030323385.1;protein_1162,GCF_002952455.1;protein_405,GCF_002952675.1;protein_406
GCF_000685705.1;protein_1312,GCF_020735805.1;protein_42,GCF_021184145.1;protein_422,GCF_017821655.1;protein_1000,GCF_016757555.1;protein_1004,GCF_006337485.1;protein_451,GCF_006337745.1;protein_1114,GCF_030323385.1;protein_1163,GCF_002952455.1;protein_404,GCF_002952675.1;protein_405
GCF_000685705.1;protein_1313,GCF_020735805.1;protein_43,GCF_021184145.1;protein_423,GCF_017821655.1;protein_1001,GCF_016757555.1;protein_1005,GCF_006337485.1;protein_450,GCF_006337745.1;protein_1115,GCF_030323385.1;protein_1164,GCF_002952455.1;protein_403,GCF_002952675.1;protein_404
GCF_000685705.1;protein_1314,GCF_020735805.1;protein_44,GCF_021184145.1;protein_424,GCF_017821655.1;protein_1002,GCF_016757555.1;protein_1006,GCF_006337485.1;protein_449,GCF_006337745.1;protein_1116,GCF_030323385.1;protein_1165,GCF_002952455.1;protein_402,GCF_002952675.1;protein_403
GCF_000685705.1;protein_1315,GCF_020735805.1;protein_45,GCF_021184145.1;protein_425,GCF_017821655.1;protein_1003,GCF_016757555.1;protein_1007,GCF_006337485.1;protein_448,GCF_006337745.1;protein_1117,GCF_030323385.1;protein_1166,GCF_002952455.1;protein_401,GCF_002952675.1;protein_402
GCF_000685705.1;protein_1316,GCF_020735805.1;protein_46,GCF_021184145.1;protein_426,GCF_017821655.1;protein_1004,GCF_016757555.1;protein_1008,GCF_006337485.1;protein_447,GCF_006337745.1;protein_1118,GCF_030323385.1;protein_1167,GCF_002952455.1;protein_400,GCF_002952675.1;protein_401
GCF_000685705.1;protein_1317,GCF_020735805.1;protein_47,GCF_021184145.1;protein_427,GCF_017821655.1;protein_1005,GCF_016757555.1;protein_1009,GCF_006337485.1;protein_446,GCF_006337745.1;protein_1119,GCF_030323385.1;protein_1168,GCF_002952455.1;protein_399,GCF_002952675.1;protein_400
GCF_000685705.1;protein_1318,GCF_020735805.1;protein_48,GCF_021184145.1;protein_428,GCF_017821655.1;protein_1006,GCF_016757555.1;protein_1010,GCF_006337485.1;protein_445,GCF_006337745.1;protein_1120,GCF_030323385.1;protein_1169,GCF_002952455.1;protein_398,GCF_002952675.1;protein_399
GCF_000685705.1;protein_1319,GCF_020735805.1;protein_49,GCF_021184145.1;protein_429,GCF_017821655.1;protein_1007,GCF_016757555.1;protein_1011,GCF_006337485.1;protein_444,GCF_006337745.1;protein_1121,GCF_030323385.1;protein_1170,GCF_002952455.1;protein_397,GCF_002952675.1;protein_398
GCF_000685705.1;protein_132,GCF_020735805.1;protein_185,GCF_021184145.1;protein_567,GCF_017821655.1;protein_1146,GCF_016757555.1;protein_1147,GCF_006337485.1;protein_309,GCF_006337745.1;protein_327,GCF_030323385.1;protein_1313,GCF_002952455.1;protein_263,GCF_002952675.1;protein_264
GCF_000685705.1;protein_1320,GCF_020735805.1;protein_50,GCF_021184145.1;protein_430,GCF_017821655.1;protein_1008,GCF_016757555.1;protein_1012,GCF_006337485.1;protein_443,GCF_006337745.1;protein_1122,GCF_030323385.1;protein_1171,GCF_002952455.1;protein_396,GCF_002952675.1;protein_397
GCF_000685705.1;protein_1321,GCF_020735805.1;protein_51,GCF_021184145.1;protein_431,GCF_017821655.1;protein_1009,GCF_016757555.1;protein_1013,GCF_006337485.1;protein_442,GCF_006337745.1;protein_1123,GCF_030323385.1;protein_1172,GCF_002952455.1;protein_395,GCF_002952675.1;protein_396
GCF_000685705.1;protein_1322,GCF_020735805.1;protein_52,GCF_021184145.1;protein_432,GCF_017821655.1;protein_1010,GCF_016757555.1;protein_1014,GCF_006337485.1;protein_441,GCF_006337745.1;protein_1124,GCF_030323385.1;protein_1173,GCF_002952455.1;protein_394,GCF_002952675.1;protein_395
GCF_000685705.1;protein_1323,GCF_020735805.1;protein_53,GCF_021184145.1;protein_433,GCF_017821655.1;protein_1011,GCF_016757555.1;protein_1015,GCF_006337485.1;protein_440,GCF_006337745.1;protein_1125,GCF_030323385.1;protein_1174,GCF_002952455.1;protein_393,GCF_002952675.1;protein_394
GCF_000685705.1;protein_1324,GCF_020735805.1;protein_54,GCF_021184145.1;protein_434,GCF_017821655.1;protein_1012,GCF_016757555.1;protein_1016,GCF_006337485.1;protein_439,GCF_006337745.1;protein_1126,GCF_030323385.1;protein_1175,GCF_002952455.1;protein_392,GCF_002952675.1;protein_393
GCF_000685705.1;protein_1325,GCF_020735805.1;protein_55,GCF_021184145.1;protein_435,GCF_017821655.1;protein_1013,GCF_016757555.1;protein_1017,GCF_006337485.1;protein_438,GCF_006337745.1;protein_1127,GCF_030323385.1;protein_1176,GCF_002952455.1;protein_391,GCF_002952675.1;protein_392
GCF_000685705.1;protein_1326,GCF_020735805.1;protein_56,GCF_021184145.1;protein_436,GCF_017821655.1;protein_1014,GCF_016757555.1;protein_1018,GCF_006337485.1;protein_437,GCF_006337745.1;protein_1128,GCF_030323385.1;protein_1177,GCF_002952455.1;protein_390,GCF_002952675.1;protein_391
GCF_000685705.1;protein_1327,GCF_020735805.1;protein_57,GCF_021184145.1;protein_437,GCF_017821655.1;protein_1015,GCF_016757555.1;protein_1019,GCF_006337485.1;protein_436,GCF_006337745.1;protein_1129,GCF_030323385.1;protein_1178,GCF_002952455.1;protein_389,GCF_002952675.1;protein_390
GCF_000685705.1;protein_1329,GCF_020735805.1;protein_59,GCF_021184145.1;protein_439,GCF_017821655.1;protein_1017,GCF_016757555.1;protein_1021,GCF_006337485.1;protein_434,GCF_006337745.1;protein_1131,GCF_030323385.1;protein_1180,GCF_002952455.1;protein_387,GCF_002952675.1;protein_388
GCF_000685705.1;protein_133,GCF_020735805.1;protein_184,GCF_021184145.1;protein_566,GCF_017821655.1;protein_1145,GCF_016757555.1;protein_1146,GCF_006337485.1;protein_310,GCF_006337745.1;protein_328,GCF_030323385.1;protein_1312,GCF_002952455.1;protein_264,GCF_002952675.1;protein_265
GCF_000685705.1;protein_1330,GCF_020735805.1;protein_60,GCF_021184145.1;protein_440,GCF_017821655.1;protein_1018,GCF_016757555.1;protein_1022,GCF_006337485.1;protein_433,GCF_006337745.1;protein_1132,GCF_030323385.1;protein_1181,GCF_002952455.1;protein_386,GCF_002952675.1;protein_387
GCF_000685705.1;protein_1331,GCF_020735805.1;protein_61,GCF_021184145.1;protein_441,GCF_017821655.1;protein_1019,GCF_016757555.1;protein_1023,GCF_006337485.1;protein_432,GCF_006337745.1;protein_1133,GCF_030323385.1;protein_1182,GCF_002952455.1;protein_385,GCF_002952675.1;protein_386
GCF_000685705.1;protein_1332,GCF_020735805.1;protein_62,GCF_021184145.1;protein_442,GCF_017821655.1;protein_1020,GCF_016757555.1;protein_1024,GCF_006337485.1;protein_431,GCF_006337745.1;protein_1134,GCF_030323385.1;protein_1183,GCF_002952455.1;protein_384,GCF_002952675.1;protein_385
GCF_000685705.1;protein_1333,GCF_020735805.1;protein_63,GCF_021184145.1;protein_443,GCF_017821655.1;protein_1021,GCF_016757555.1;protein_1025,GCF_006337485.1;protein_430,GCF_006337745.1;protein_1135,GCF_030323385.1;protein_1184,GCF_002952455.1;protein_383,GCF_002952675.1;protein_384
GCF_000685705.1;protein_1335,GCF_020735805.1;protein_65,GCF_021184145.1;protein_445,GCF_017821655.1;protein_1023,GCF_016757555.1;protein_1027,GCF_006337485.1;protein_428,GCF_006337745.1;protein_1137,GCF_030323385.1;protein_1186,GCF_002952455.1;protein_381,GCF_002952675.1;protein_382
GCF_000685705.1;protein_1336,GCF_020735805.1;protein_66,GCF_021184145.1;protein_446,GCF_017821655.1;protein_1024,GCF_016757555.1;protein_1028,GCF_006337485.1;protein_427,GCF_006337745.1;protein_1138,GCF_030323385.1;protein_1187,GCF_002952455.1;protein_380,GCF_002952675.1;protein_381
GCF_000685705.1;protein_1337,GCF_020735805.1;protein_67,GCF_021184145.1;protein_447,GCF_017821655.1;protein_1025,GCF_016757555.1;protein_1029,GCF_006337485.1;protein_426,GCF_006337745.1;protein_1139,GCF_030323385.1;protein_1188,GCF_002952455.1;protein_379,GCF_002952675.1;protein_380
GCF_000685705.1;protein_134,GCF_020735805.1;protein_183,GCF_021184145.1;protein_565,GCF_017821655.1;protein_1144,GCF_016757555.1;protein_1145,GCF_006337485.1;protein_311,GCF_006337745.1;protein_329,GCF_030323385.1;protein_1311,GCF_002952455.1;protein_265,GCF_002952675.1;protein_266
GCF_000685705.1;protein_1340,GCF_020735805.1;protein_68,GCF_021184145.1;protein_448,GCF_017821655.1;protein_1026,GCF_016757555.1;protein_1032,GCF_006337485.1;protein_425,GCF_006337745.1;protein_1140,GCF_030323385.1;protein_1191,GCF_002952455.1;protein_378,GCF_002952675.1;protein_379
GCF_000685705.1;protein_1342,GCF_020735805.1;protein_70,GCF_021184145.1;protein_450,GCF_017821655.1;protein_1029,GCF_016757555.1;protein_1034,GCF_006337485.1;protein_423,GCF_006337745.1;protein_1143,GCF_030323385.1;protein_1193,GCF_002952455.1;protein_376,GCF_002952675.1;protein_377
GCF_000685705.1;protein_1343,GCF_020735805.1;protein_71,GCF_021184145.1;protein_451,GCF_017821655.1;protein_1030,GCF_016757555.1;protein_1035,GCF_006337485.1;protein_422,GCF_006337745.1;protein_1144,GCF_030323385.1;protein_1194,GCF_002952455.1;protein_375,GCF_002952675.1;protein_376
GCF_000685705.1;protein_1344,GCF_020735805.1;protein_72,GCF_021184145.1;protein_452,GCF_017821655.1;protein_1031,GCF_016757555.1;protein_1036,GCF_006337485.1;protein_421,GCF_006337745.1;protein_1145,GCF_030323385.1;protein_1195,GCF_002952455.1;protein_374,GCF_002952675.1;protein_375
GCF_000685705.1;protein_1345,GCF_020735805.1;protein_73,GCF_021184145.1;protein_453,GCF_017821655.1;protein_1032,GCF_016757555.1;protein_1037,GCF_006337485.1;protein_420,GCF_006337745.1;protein_1146,GCF_030323385.1;protein_1196,GCF_002952455.1;protein_373,GCF_002952675.1;protein_374
GCF_000685705.1;protein_1346,GCF_020735805.1;protein_74,GCF_021184145.1;protein_454,GCF_017821655.1;protein_1033,GCF_016757555.1;protein_1038,GCF_006337485.1;protein_419,GCF_006337745.1;protein_1147,GCF_030323385.1;protein_1197,GCF_002952455.1;protein_372,GCF_002952675.1;protein_373
GCF_000685705.1;protein_1347,GCF_020735805.1;protein_75,GCF_021184145.1;protein_455,GCF_017821655.1;protein_1034,GCF_016757555.1;protein_1039,GCF_006337485.1;protein_418,GCF_006337745.1;protein_1148,GCF_030323385.1;protein_1198,GCF_002952455.1;protein_371,GCF_002952675.1;protein_372
GCF_000685705.1;protein_1348,GCF_020735805.1;protein_76,GCF_021184145.1;protein_456,GCF_017821655.1;protein_1035,GCF_016757555.1;protein_1040,GCF_006337485.1;protein_417,GCF_006337745.1;protein_1149,GCF_030323385.1;protein_1199,GCF_002952455.1;protein_370,GCF_002952675.1;protein_371
GCF_000685705.1;protein_1349,GCF_020735805.1;protein_77,GCF_021184145.1;protein_458,GCF_017821655.1;protein_1037,GCF_016757555.1;protein_1041,GCF_006337485.1;protein_416,GCF_006337745.1;protein_1150,GCF_030323385.1;protein_1200,GCF_002952455.1;protein_369,GCF_002952675.1;protein_370
GCF_000685705.1;protein_135,GCF_020735805.1;protein_182,GCF_021184145.1;protein_564,GCF_017821655.1;protein_1143,GCF_016757555.1;protein_1144,GCF_006337485.1;protein_312,GCF_006337745.1;protein_330,GCF_030323385.1;protein_1310,GCF_002952455.1;protein_266,GCF_002952675.1;protein_267
GCF_000685705.1;protein_1350,GCF_020735805.1;protein_78,GCF_021184145.1;protein_459,GCF_017821655.1;protein_1038,GCF_016757555.1;protein_1042,GCF_006337485.1;protein_415,GCF_006337745.1;protein_1151,GCF_030323385.1;protein_1201,GCF_002952455.1;protein_368,GCF_002952675.1;protein_369
GCF_000685705.1;protein_1351,GCF_020735805.1;protein_79,GCF_021184145.1;protein_460,GCF_017821655.1;protein_1039,GCF_016757555.1;protein_1043,GCF_006337485.1;protein_414,GCF_006337745.1;protein_432,GCF_030323385.1;protein_1202,GCF_002952455.1;protein_367,GCF_002952675.1;protein_368
GCF_000685705.1;protein_1352,GCF_020735805.1;protein_80,GCF_021184145.1;protein_461,GCF_017821655.1;protein_1040,GCF_016757555.1;protein_1044,GCF_006337485.1;protein_413,GCF_006337745.1;protein_431,GCF_030323385.1;protein_1203,GCF_002952455.1;protein_366,GCF_002952675.1;protein_367
GCF_000685705.1;protein_1353,GCF_020735805.1;protein_81,GCF_021184145.1;protein_462,GCF_017821655.1;protein_1041,GCF_016757555.1;protein_1045,GCF_006337485.1;protein_412,GCF_006337745.1;protein_430,GCF_030323385.1;protein_1204,GCF_002952455.1;protein_365,GCF_002952675.1;protein_366
GCF_000685705.1;protein_1354,GCF_020735805.1;protein_82,GCF_021184145.1;protein_463,GCF_017821655.1;protein_1042,GCF_016757555.1;protein_1046,GCF_006337485.1;protein_411,GCF_006337745.1;protein_429,GCF_030323385.1;protein_1205,GCF_002952455.1;protein_364,GCF_002952675.1;protein_365
GCF_000685705.1;protein_1355,GCF_020735805.1;protein_83,GCF_021184145.1;protein_464,GCF_017821655.1;protein_1043,GCF_016757555.1;protein_1047,GCF_006337485.1;protein_410,GCF_006337745.1;protein_428,GCF_030323385.1;protein_1206,GCF_002952455.1;protein_363,GCF_002952675.1;protein_364
GCF_000685705.1;protein_1356,GCF_020735805.1;protein_84,GCF_021184145.1;protein_465,GCF_017821655.1;protein_1044,GCF_016757555.1;protein_1048,GCF_006337485.1;protein_409,GCF_006337745.1;protein_427,GCF_030323385.1;protein_1207,GCF_002952455.1;protein_362,GCF_002952675.1;protein_363
GCF_000685705.1;protein_1357,GCF_020735805.1;protein_85,GCF_021184145.1;protein_466,GCF_017821655.1;protein_1045,GCF_016757555.1;protein_1049,GCF_006337485.1;protein_408,GCF_006337745.1;protein_426,GCF_030323385.1;protein_1208,GCF_002952455.1;protein_361,GCF_002952675.1;protein_362
GCF_000685705.1;protein_1359,GCF_020735805.1;protein_87,GCF_021184145.1;protein_469,GCF_017821655.1;protein_1048,GCF_016757555.1;protein_1052,GCF_006337485.1;protein_405,GCF_006337745.1;protein_424,GCF_030323385.1;protein_1211,GCF_002952455.1;protein_359,GCF_002952675.1;protein_360
GCF_000685705.1;protein_136,GCF_020735805.1;protein_181,GCF_021184145.1;protein_563,GCF_017821655.1;protein_1142,GCF_016757555.1;protein_1143,GCF_006337485.1;protein_313,GCF_006337745.1;protein_331,GCF_030323385.1;protein_1309,GCF_002952455.1;protein_267,GCF_002952675.1;protein_268
GCF_000685705.1;protein_1360,GCF_020735805.1;protein_88,GCF_021184145.1;protein_470,GCF_017821655.1;protein_1049,GCF_016757555.1;protein_1053,GCF_006337485.1;protein_404,GCF_006337745.1;protein_423,GCF_030323385.1;protein_1212,GCF_002952455.1;protein_358,GCF_002952675.1;protein_359
GCF_000685705.1;protein_1361,GCF_020735805.1;protein_89,GCF_021184145.1;protein_471,GCF_017821655.1;protein_1050,GCF_016757555.1;protein_1054,GCF_006337485.1;protein_403,GCF_006337745.1;protein_422,GCF_030323385.1;protein_1213,GCF_002952455.1;protein_357,GCF_002952675.1;protein_358
GCF_000685705.1;protein_1362,GCF_020735805.1;protein_90,GCF_021184145.1;protein_472,GCF_017821655.1;protein_1051,GCF_016757555.1;protein_1055,GCF_006337485.1;protein_402,GCF_006337745.1;protein_421,GCF_030323385.1;protein_1214,GCF_002952455.1;protein_356,GCF_002952675.1;protein_357
GCF_000685705.1;protein_1363,GCF_020735805.1;protein_91,GCF_021184145.1;protein_473,GCF_017821655.1;protein_1052,GCF_016757555.1;protein_1056,GCF_006337485.1;protein_401,GCF_006337745.1;protein_420,GCF_030323385.1;protein_1215,GCF_002952455.1;protein_355,GCF_002952675.1;protein_356
GCF_000685705.1;protein_1364,GCF_020735805.1;protein_92,GCF_021184145.1;protein_474,GCF_017821655.1;protein_1053,GCF_016757555.1;protein_1057,GCF_006337485.1;protein_400,GCF_006337745.1;protein_419,GCF_030323385.1;protein_1216,GCF_002952455.1;protein_354,GCF_002952675.1;protein_355
GCF_000685705.1;protein_1365,GCF_020735805.1;protein_93,GCF_021184145.1;protein_475,GCF_017821655.1;protein_1054,GCF_016757555.1;protein_1058,GCF_006337485.1;protein_399,GCF_006337745.1;protein_418,GCF_030323385.1;protein_1217,GCF_002952455.1;protein_353,GCF_002952675.1;protein_354
GCF_000685705.1;protein_1366,GCF_020735805.1;protein_94,GCF_021184145.1;protein_476,GCF_017821655.1;protein_1055,GCF_016757555.1;protein_1059,GCF_006337485.1;protein_398,GCF_006337745.1;protein_417,GCF_030323385.1;protein_1218,GCF_002952455.1;protein_352,GCF_002952675.1;protein_353
GCF_000685705.1;protein_1367,GCF_020735805.1;protein_95,GCF_021184145.1;protein_477,GCF_017821655.1;protein_1056,GCF_016757555.1;protein_1060,GCF_006337485.1;protein_397,GCF_006337745.1;protein_416,GCF_030323385.1;protein_1219,GCF_002952455.1;protein_351,GCF_002952675.1;protein_352
GCF_000685705.1;protein_137,GCF_020735805.1;protein_180,GCF_021184145.1;protein_562,GCF_017821655.1;protein_1141,GCF_016757555.1;protein_1142,GCF_006337485.1;protein_314,GCF_006337745.1;protein_332,GCF_030323385.1;protein_1308,GCF_002952455.1;protein_268,GCF_002952675.1;protein_269
GCF_000685705.1;protein_1371,GCF_020735805.1;protein_99,GCF_021184145.1;protein_483,GCF_017821655.1;protein_1060,GCF_016757555.1;protein_1063,GCF_006337485.1;protein_393,GCF_006337745.1;protein_412,GCF_030323385.1;protein_1225,GCF_002952455.1;protein_346,GCF_002952675.1;protein_347
GCF_000685705.1;protein_1372,GCF_020735805.1;protein_100,GCF_021184145.1;protein_484,GCF_017821655.1;protein_1061,GCF_016757555.1;protein_1064,GCF_006337485.1;protein_392,GCF_006337745.1;protein_411,GCF_030323385.1;protein_1226,GCF_002952455.1;protein_345,GCF_002952675.1;protein_346
GCF_000685705.1;protein_1373,GCF_020735805.1;protein_101,GCF_021184145.1;protein_485,GCF_017821655.1;protein_1062,GCF_016757555.1;protein_1065,GCF_006337485.1;protein_391,GCF_006337745.1;protein_410,GCF_030323385.1;protein_1227,GCF_002952455.1;protein_344,GCF_002952675.1;protein_345
GCF_000685705.1;protein_1374,GCF_020735805.1;protein_102,GCF_021184145.1;protein_486,GCF_017821655.1;protein_1063,GCF_016757555.1;protein_1066,GCF_006337485.1;protein_390,GCF_006337745.1;protein_409,GCF_030323385.1;protein_1228,GCF_002952455.1;protein_343,GCF_002952675.1;protein_344
GCF_000685705.1;protein_1375,GCF_020735805.1;protein_103,GCF_021184145.1;protein_488,GCF_017821655.1;protein_1064,GCF_016757555.1;protein_1067,GCF_006337485.1;protein_389,GCF_006337745.1;protein_408,GCF_030323385.1;protein_1229,GCF_002952455.1;protein_342,GCF_002952675.1;protein_343
GCF_000685705.1;protein_1376,GCF_020735805.1;protein_104,GCF_021184145.1;protein_489,GCF_017821655.1;protein_1065,GCF_016757555.1;protein_1068,GCF_006337485.1;protein_388,GCF_006337745.1;protein_407,GCF_030323385.1;protein_1230,GCF_002952455.1;protein_341,GCF_002952675.1;protein_342
GCF_000685705.1;protein_1377,GCF_020735805.1;protein_105,GCF_021184145.1;protein_490,GCF_017821655.1;protein_1066,GCF_016757555.1;protein_1069,GCF_006337485.1;protein_387,GCF_006337745.1;protein_406,GCF_030323385.1;protein_1231,GCF_002952455.1;protein_340,GCF_002952675.1;protein_341
GCF_000685705.1;protein_1378,GCF_020735805.1;protein_106,GCF_021184145.1;protein_491,GCF_017821655.1;protein_1067,GCF_016757555.1;protein_1070,GCF_006337485.1;protein_386,GCF_006337745.1;protein_405,GCF_030323385.1;protein_1232,GCF_002952455.1;protein_339,GCF_002952675.1;protein_340
GCF_000685705.1;protein_1379,GCF_020735805.1;protein_107,GCF_021184145.1;protein_492,GCF_017821655.1;protein_1068,GCF_016757555.1;protein_1071,GCF_006337485.1;protein_385,GCF_006337745.1;protein_404,GCF_030323385.1;protein_1233,GCF_002952455.1;protein_338,GCF_002952675.1;protein_339
GCF_000685705.1;protein_138,GCF_020735805.1;protein_179,GCF_021184145.1;protein_561,GCF_017821655.1;protein_1140,GCF_016757555.1;protein_1141,GCF_006337485.1;protein_315,GCF_006337745.1;protein_333,GCF_030323385.1;protein_1307,GCF_002952455.1;protein_269,GCF_002952675.1;protein_270
GCF_000685705.1;protein_1380,GCF_020735805.1;protein_108,GCF_021184145.1;protein_493,GCF_017821655.1;protein_1069,GCF_016757555.1;protein_1072,GCF_006337485.1;protein_384,GCF_006337745.1;protein_403,GCF_030323385.1;protein_1234,GCF_002952455.1;protein_337,GCF_002952675.1;protein_338
GCF_000685705.1;protein_1381,GCF_020735805.1;protein_109,GCF_021184145.1;protein_494,GCF_017821655.1;protein_1070,GCF_016757555.1;protein_1073,GCF_006337485.1;protein_383,GCF_006337745.1;protein_402,GCF_030323385.1;protein_1235,GCF_002952455.1;protein_336,GCF_002952675.1;protein_337
GCF_000685705.1;protein_1382,GCF_020735805.1;protein_110,GCF_021184145.1;protein_495,GCF_017821655.1;protein_1071,GCF_016757555.1;protein_1074,GCF_006337485.1;protein_382,GCF_006337745.1;protein_401,GCF_030323385.1;protein_1236,GCF_002952455.1;protein_335,GCF_002952675.1;protein_336
GCF_000685705.1;protein_1383,GCF_020735805.1;protein_111,GCF_021184145.1;protein_496,GCF_017821655.1;protein_1072,GCF_016757555.1;protein_1075,GCF_006337485.1;protein_381,GCF_006337745.1;protein_400,GCF_030323385.1;protein_1237,GCF_002952455.1;protein_334,GCF_002952675.1;protein_335
GCF_000685705.1;protein_1384,GCF_020735805.1;protein_112,GCF_021184145.1;protein_497,GCF_017821655.1;protein_1073,GCF_016757555.1;protein_1076,GCF_006337485.1;protein_380,GCF_006337745.1;protein_399,GCF_030323385.1;protein_1238,GCF_002952455.1;protein_333,GCF_002952675.1;protein_334
GCF_000685705.1;protein_1385,GCF_020735805.1;protein_113,GCF_021184145.1;protein_498,GCF_017821655.1;protein_1074,GCF_016757555.1;protein_1077,GCF_006337485.1;protein_379,GCF_006337745.1;protein_398,GCF_030323385.1;protein_1239,GCF_002952455.1;protein_332,GCF_002952675.1;protein_333
GCF_000685705.1;protein_1386,GCF_020735805.1;protein_114,GCF_021184145.1;protein_499,GCF_017821655.1;protein_1075,GCF_016757555.1;protein_1078,GCF_006337485.1;protein_378,GCF_006337745.1;protein_397,GCF_030323385.1;protein_1240,GCF_002952455.1;protein_331,GCF_002952675.1;protein_332
GCF_000685705.1;protein_1387,GCF_020735805.1;protein_115,GCF_021184145.1;protein_500,GCF_017821655.1;protein_1076,GCF_016757555.1;protein_1079,GCF_006337485.1;protein_377,GCF_006337745.1;protein_396,GCF_030323385.1;protein_1241,GCF_002952455.1;protein_330,GCF_002952675.1;protein_331
GCF_000685705.1;protein_1388,GCF_020735805.1;protein_116,GCF_021184145.1;protein_501,GCF_017821655.1;protein_1077,GCF_016757555.1;protein_1080,GCF_006337485.1;protein_376,GCF_006337745.1;protein_395,GCF_030323385.1;protein_1242,GCF_002952455.1;protein_329,GCF_002952675.1;protein_330
GCF_000685705.1;protein_1389,GCF_020735805.1;protein_117,GCF_021184145.1;protein_502,GCF_017821655.1;protein_1078,GCF_016757555.1;protein_1081,GCF_006337485.1;protein_375,GCF_006337745.1;protein_394,GCF_030323385.1;protein_1243,GCF_002952455.1;protein_328,GCF_002952675.1;protein_329
GCF_000685705.1;protein_139,GCF_020735805.1;protein_178,GCF_021184145.1;protein_560,GCF_017821655.1;protein_1139,GCF_016757555.1;protein_1140,GCF_006337485.1;protein_316,GCF_006337745.1;protein_334,GCF_030323385.1;protein_1306,GCF_002952455.1;protein_270,GCF_002952675.1;protein_271
GCF_000685705.1;protein_1390,GCF_020735805.1;protein_118,GCF_021184145.1;protein_503,GCF_017821655.1;protein_1079,GCF_016757555.1;protein_1082,GCF_006337485.1;protein_374,GCF_006337745.1;protein_393,GCF_030323385.1;protein_1244,GCF_002952455.1;protein_327,GCF_002952675.1;protein_328
GCF_000685705.1;protein_1391,GCF_020735805.1;protein_119,GCF_021184145.1;protein_504,GCF_017821655.1;protein_1080,GCF_016757555.1;protein_1083,GCF_006337485.1;protein_373,GCF_006337745.1;protein_392,GCF_030323385.1;protein_1245,GCF_002952455.1;protein_326,GCF_002952675.1;protein_327
GCF_000685705.1;protein_1392,GCF_020735805.1;protein_120,GCF_021184145.1;protein_505,GCF_017821655.1;protein_1081,GCF_016757555.1;protein_1084,GCF_006337485.1;protein_372,GCF_006337745.1;protein_391,GCF_030323385.1;protein_1246,GCF_002952455.1;protein_325,GCF_002952675.1;protein_326
GCF_000685705.1;protein_1393,GCF_020735805.1;protein_121,GCF_021184145.1;protein_506,GCF_017821655.1;protein_1082,GCF_016757555.1;protein_1085,GCF_006337485.1;protein_371,GCF_006337745.1;protein_390,GCF_030323385.1;protein_1247,GCF_002952455.1;protein_324,GCF_002952675.1;protein_325
GCF_000685705.1;protein_1394,GCF_020735805.1;protein_122,GCF_021184145.1;protein_507,GCF_017821655.1;protein_1083,GCF_016757555.1;protein_1086,GCF_006337485.1;protein_370,GCF_006337745.1;protein_389,GCF_030323385.1;protein_1248,GCF_002952455.1;protein_323,GCF_002952675.1;protein_324
GCF_000685705.1;protein_1395,GCF_020735805.1;protein_123,GCF_021184145.1;protein_508,GCF_017821655.1;protein_1084,GCF_016757555.1;protein_1087,GCF_006337485.1;protein_369,GCF_006337745.1;protein_388,GCF_030323385.1;protein_1249,GCF_002952455.1;protein_322,GCF_002952675.1;protein_323
GCF_000685705.1;protein_1397,GCF_020735805.1;protein_125,GCF_021184145.1;protein_510,GCF_017821655.1;protein_1086,GCF_016757555.1;protein_1089,GCF_006337485.1;protein_367,GCF_006337745.1;protein_386,GCF_030323385.1;protein_1251,GCF_002952455.1;protein_320,GCF_002952675.1;protein_321
GCF_000685705.1;protein_1398,GCF_020735805.1;protein_126,GCF_021184145.1;protein_511,GCF_017821655.1;protein_1087,GCF_016757555.1;protein_1361,GCF_006337485.1;protein_366,GCF_006337745.1;protein_385,GCF_030323385.1;protein_1252,GCF_002952455.1;protein_319,GCF_002952675.1;protein_320
GCF_000685705.1;protein_1399,GCF_020735805.1;protein_405,GCF_021184145.1;protein_780,GCF_017821655.1;protein_1426,GCF_016757555.1;protein_1362,GCF_006337485.1;protein_88,GCF_006337745.1;protein_86,GCF_030323385.1;protein_1535,GCF_002952455.1;protein_89,GCF_002952675.1;protein_89
GCF_000685705.1;protein_14,GCF_020735805.1;protein_585,GCF_021184145.1;protein_962,GCF_017821655.1;protein_15,GCF_016757555.1;protein_14,GCF_006337485.1;protein_1480,GCF_006337745.1;protein_1477,GCF_030323385.1;protein_163,GCF_002952455.1;protein_1466,GCF_002952675.1;protein_1471
GCF_000685705.1;protein_1400,GCF_020735805.1;protein_406,GCF_021184145.1;protein_781,GCF_017821655.1;protein_1425,GCF_016757555.1;protein_1363,GCF_006337485.1;protein_87,GCF_006337745.1;protein_85,GCF_030323385.1;protein_1536,GCF_002952455.1;protein_88,GCF_002952675.1;protein_88
GCF_000685705.1;protein_1401,GCF_020735805.1;protein_407,GCF_021184145.1;protein_782,GCF_017821655.1;protein_1424,GCF_016757555.1;protein_1364,GCF_006337485.1;protein_86,GCF_006337745.1;protein_84,GCF_030323385.1;protein_1537,GCF_002952455.1;protein_87,GCF_002952675.1;protein_87
GCF_000685705.1;protein_1402,GCF_020735805.1;protein_408,GCF_021184145.1;protein_783,GCF_017821655.1;protein_1423,GCF_016757555.1;protein_1365,GCF_006337485.1;protein_85,GCF_006337745.1;protein_83,GCF_030323385.1;protein_1538,GCF_002952455.1;protein_86,GCF_002952675.1;protein_86
GCF_000685705.1;protein_1403,GCF_020735805.1;protein_409,GCF_021184145.1;protein_784,GCF_017821655.1;protein_1422,GCF_016757555.1;protein_1366,GCF_006337485.1;protein_84,GCF_006337745.1;protein_82,GCF_030323385.1;protein_1539,GCF_002952455.1;protein_85,GCF_002952675.1;protein_85
GCF_000685705.1;protein_1404,GCF_020735805.1;protein_410,GCF_021184145.1;protein_785,GCF_017821655.1;protein_1421,GCF_016757555.1;protein_1367,GCF_006337485.1;protein_83,GCF_006337745.1;protein_81,GCF_030323385.1;protein_1540,GCF_002952455.1;protein_84,GCF_002952675.1;protein_84
GCF_000685705.1;protein_1405,GCF_020735805.1;protein_411,GCF_021184145.1;protein_786,GCF_017821655.1;protein_1420,GCF_016757555.1;protein_1368,GCF_006337485.1;protein_82,GCF_006337745.1;protein_80,GCF_030323385.1;protein_1541,GCF_002952455.1;protein_83,GCF_002952675.1;protein_83
GCF_000685705.1;protein_1406,GCF_020735805.1;protein_412,GCF_021184145.1;protein_787,GCF_017821655.1;protein_1419,GCF_016757555.1;protein_1369,GCF_006337485.1;protein_81,GCF_006337745.1;protein_79,GCF_030323385.1;protein_1542,GCF_002952455.1;protein_82,GCF_002952675.1;protein_82
GCF_000685705.1;protein_1407,GCF_020735805.1;protein_413,GCF_021184145.1;protein_788,GCF_017821655.1;protein_1418,GCF_016757555.1;protein_1370,GCF_006337485.1;protein_80,GCF_006337745.1;protein_78,GCF_030323385.1;protein_1543,GCF_002952455.1;protein_81,GCF_002952675.1;protein_81
GCF_000685705.1;protein_1408,GCF_020735805.1;protein_414,GCF_021184145.1;protein_789,GCF_017821655.1;protein_1417,GCF_016757555.1;protein_1371,GCF_006337485.1;protein_79,GCF_006337745.1;protein_77,GCF_030323385.1;protein_1544,GCF_002952455.1;protein_80,GCF_002952675.1;protein_80
GCF_000685705.1;protein_1409,GCF_020735805.1;protein_415,GCF_021184145.1;protein_790,GCF_017821655.1;protein_1416,GCF_016757555.1;protein_1372,GCF_006337485.1;protein_78,GCF_006337745.1;protein_76,GCF_030323385.1;protein_1545,GCF_002952455.1;protein_79,GCF_002952675.1;protein_79
GCF_000685705.1;protein_141,GCF_020735805.1;protein_175,GCF_021184145.1;protein_558,GCF_017821655.1;protein_1137,GCF_016757555.1;protein_1137,GCF_006337485.1;protein_319,GCF_006337745.1;protein_337,GCF_030323385.1;protein_1303,GCF_002952455.1;protein_273,GCF_002952675.1;protein_274
GCF_000685705.1;protein_1410,GCF_020735805.1;protein_416,GCF_021184145.1;protein_791,GCF_017821655.1;protein_1415,GCF_016757555.1;protein_1373,GCF_006337485.1;protein_77,GCF_006337745.1;protein_75,GCF_030323385.1;protein_1546,GCF_002952455.1;protein_78,GCF_002952675.1;protein_78
GCF_000685705.1;protein_1411,GCF_020735805.1;protein_417,GCF_021184145.1;protein_792,GCF_017821655.1;protein_1414,GCF_016757555.1;protein_1374,GCF_006337485.1;protein_76,GCF_006337745.1;protein_74,GCF_030323385.1;protein_1547,GCF_002952455.1;protein_77,GCF_002952675.1;protein_77
GCF_000685705.1;protein_1412,GCF_020735805.1;protein_418,GCF_021184145.1;protein_793,GCF_017821655.1;protein_1413,GCF_016757555.1;protein_1375,GCF_006337485.1;protein_75,GCF_006337745.1;protein_73,GCF_030323385.1;protein_1548,GCF_002952455.1;protein_76,GCF_002952675.1;protein_76
GCF_000685705.1;protein_1414,GCF_020735805.1;protein_420,GCF_021184145.1;protein_795,GCF_017821655.1;protein_1412,GCF_016757555.1;protein_1377,GCF_006337485.1;protein_73,GCF_006337745.1;protein_71,GCF_030323385.1;protein_73,GCF_002952455.1;protein_74,GCF_002952675.1;protein_74
GCF_000685705.1;protein_1415,GCF_020735805.1;protein_421,GCF_021184145.1;protein_796,GCF_017821655.1;protein_1411,GCF_016757555.1;protein_1378,GCF_006337485.1;protein_72,GCF_006337745.1;protein_70,GCF_030323385.1;protein_72,GCF_002952455.1;protein_73,GCF_002952675.1;protein_73
GCF_000685705.1;protein_1416,GCF_020735805.1;protein_422,GCF_021184145.1;protein_797,GCF_017821655.1;protein_1410,GCF_016757555.1;protein_1379,GCF_006337485.1;protein_71,GCF_006337745.1;protein_69,GCF_030323385.1;protein_71,GCF_002952455.1;protein_72,GCF_002952675.1;protein_72
GCF_000685705.1;protein_1417,GCF_020735805.1;protein_423,GCF_021184145.1;protein_798,GCF_017821655.1;protein_1409,GCF_016757555.1;protein_1380,GCF_006337485.1;protein_70,GCF_006337745.1;protein_68,GCF_030323385.1;protein_70,GCF_002952455.1;protein_71,GCF_002952675.1;protein_71
GCF_000685705.1;protein_1418,GCF_020735805.1;protein_424,GCF_021184145.1;protein_799,GCF_017821655.1;protein_1408,GCF_016757555.1;protein_1381,GCF_006337485.1;protein_69,GCF_006337745.1;protein_67,GCF_030323385.1;protein_69,GCF_002952455.1;protein_70,GCF_002952675.1;protein_70
GCF_000685705.1;protein_1419,GCF_020735805.1;protein_425,GCF_021184145.1;protein_800,GCF_017821655.1;protein_1407,GCF_016757555.1;protein_1382,GCF_006337485.1;protein_68,GCF_006337745.1;protein_66,GCF_030323385.1;protein_68,GCF_002952455.1;protein_69,GCF_002952675.1;protein_69
GCF_000685705.1;protein_142,GCF_020735805.1;protein_174,GCF_021184145.1;protein_557,GCF_017821655.1;protein_1136,GCF_016757555.1;protein_1136,GCF_006337485.1;protein_320,GCF_006337745.1;protein_338,GCF_030323385.1;protein_1302,GCF_002952455.1;protein_274,GCF_002952675.1;protein_275
GCF_000685705.1;protein_1420,GCF_020735805.1;protein_426,GCF_021184145.1;protein_801,GCF_017821655.1;protein_1406,GCF_016757555.1;protein_1383,GCF_006337485.1;protein_67,GCF_006337745.1;protein_65,GCF_030323385.1;protein_67,GCF_002952455.1;protein_68,GCF_002952675.1;protein_68
GCF_000685705.1;protein_1421,GCF_020735805.1;protein_427,GCF_021184145.1;protein_802,GCF_017821655.1;protein_1405,GCF_016757555.1;protein_1384,GCF_006337485.1;protein_66,GCF_006337745.1;protein_64,GCF_030323385.1;protein_66,GCF_002952455.1;protein_67,GCF_002952675.1;protein_67
GCF_000685705.1;protein_1422,GCF_020735805.1;protein_428,GCF_021184145.1;protein_803,GCF_017821655.1;protein_1404,GCF_016757555.1;protein_1385,GCF_006337485.1;protein_65,GCF_006337745.1;protein_63,GCF_030323385.1;protein_65,GCF_002952455.1;protein_66,GCF_002952675.1;protein_66
GCF_000685705.1;protein_1423,GCF_020735805.1;protein_429,GCF_021184145.1;protein_804,GCF_017821655.1;protein_1403,GCF_016757555.1;protein_1386,GCF_006337485.1;protein_64,GCF_006337745.1;protein_62,GCF_030323385.1;protein_64,GCF_002952455.1;protein_65,GCF_002952675.1;protein_65
GCF_000685705.1;protein_1424,GCF_020735805.1;protein_430,GCF_021184145.1;protein_805,GCF_017821655.1;protein_1402,GCF_016757555.1;protein_1387,GCF_006337485.1;protein_63,GCF_006337745.1;protein_61,GCF_030323385.1;protein_63,GCF_002952455.1;protein_64,GCF_002952675.1;protein_64
GCF_000685705.1;protein_1425,GCF_020735805.1;protein_431,GCF_021184145.1;protein_806,GCF_017821655.1;protein_1401,GCF_016757555.1;protein_1388,GCF_006337485.1;protein_62,GCF_006337745.1;protein_60,GCF_030323385.1;protein_62,GCF_002952455.1;protein_63,GCF_002952675.1;protein_63
GCF_000685705.1;protein_1426,GCF_020735805.1;protein_432,GCF_021184145.1;protein_807,GCF_017821655.1;protein_1400,GCF_016757555.1;protein_1389,GCF_006337485.1;protein_61,GCF_006337745.1;protein_59,GCF_030323385.1;protein_61,GCF_002952455.1;protein_62,GCF_002952675.1;protein_62
GCF_000685705.1;protein_1427,GCF_020735805.1;protein_433,GCF_021184145.1;protein_808,GCF_017821655.1;protein_1399,GCF_016757555.1;protein_1390,GCF_006337485.1;protein_60,GCF_006337745.1;protein_58,GCF_030323385.1;protein_60,GCF_002952455.1;protein_61,GCF_002952675.1;protein_61
GCF_000685705.1;protein_1428,GCF_020735805.1;protein_434,GCF_021184145.1;protein_809,GCF_017821655.1;protein_1398,GCF_016757555.1;protein_1391,GCF_006337485.1;protein_59,GCF_006337745.1;protein_57,GCF_030323385.1;protein_59,GCF_002952455.1;protein_60,GCF_002952675.1;protein_60
GCF_000685705.1;protein_1429,GCF_020735805.1;protein_435,GCF_021184145.1;protein_810,GCF_017821655.1;protein_1397,GCF_016757555.1;protein_1392,GCF_006337485.1;protein_58,GCF_006337745.1;protein_56,GCF_030323385.1;protein_58,GCF_002952455.1;protein_59,GCF_002952675.1;protein_59
GCF_000685705.1;protein_143,GCF_020735805.1;protein_173,GCF_021184145.1;protein_556,GCF_017821655.1;protein_1135,GCF_016757555.1;protein_1135,GCF_006337485.1;protein_321,GCF_006337745.1;protein_339,GCF_030323385.1;protein_1301,GCF_002952455.1;protein_275,GCF_002952675.1;protein_276
GCF_000685705.1;protein_1433,GCF_020735805.1;protein_439,GCF_021184145.1;protein_814,GCF_017821655.1;protein_1392,GCF_016757555.1;protein_1398,GCF_006337485.1;protein_54,GCF_006337745.1;protein_52,GCF_030323385.1;protein_54,GCF_002952455.1;protein_55,GCF_002952675.1;protein_55
GCF_000685705.1;protein_1434,GCF_020735805.1;protein_440,GCF_021184145.1;protein_815,GCF_017821655.1;protein_1391,GCF_016757555.1;protein_1399,GCF_006337485.1;protein_53,GCF_006337745.1;protein_51,GCF_030323385.1;protein_53,GCF_002952455.1;protein_54,GCF_002952675.1;protein_54
GCF_000685705.1;protein_1435,GCF_020735805.1;protein_441,GCF_021184145.1;protein_816,GCF_017821655.1;protein_1390,GCF_016757555.1;protein_1400,GCF_006337485.1;protein_52,GCF_006337745.1;protein_50,GCF_030323385.1;protein_52,GCF_002952455.1;protein_53,GCF_002952675.1;protein_53
GCF_000685705.1;protein_1436,GCF_020735805.1;protein_442,GCF_021184145.1;protein_817,GCF_017821655.1;protein_1389,GCF_016757555.1;protein_1401,GCF_006337485.1;protein_51,GCF_006337745.1;protein_49,GCF_030323385.1;protein_51,GCF_002952455.1;protein_52,GCF_002952675.1;protein_52
GCF_000685705.1;protein_1437,GCF_020735805.1;protein_443,GCF_021184145.1;protein_818,GCF_017821655.1;protein_1388,GCF_016757555.1;protein_1402,GCF_006337485.1;protein_50,GCF_006337745.1;protein_48,GCF_030323385.1;protein_50,GCF_002952455.1;protein_51,GCF_002952675.1;protein_51
GCF_000685705.1;protein_1438,GCF_020735805.1;protein_444,GCF_021184145.1;protein_819,GCF_017821655.1;protein_1387,GCF_016757555.1;protein_1403,GCF_006337485.1;protein_49,GCF_006337745.1;protein_47,GCF_030323385.1;protein_49,GCF_002952455.1;protein_50,GCF_002952675.1;protein_50
GCF_000685705.1;protein_1439,GCF_020735805.1;protein_445,GCF_021184145.1;protein_820,GCF_017821655.1;protein_1386,GCF_016757555.1;protein_1404,GCF_006337485.1;protein_48,GCF_006337745.1;protein_46,GCF_030323385.1;protein_48,GCF_002952455.1;protein_49,GCF_002952675.1;protein_49
GCF_000685705.1;protein_1440,GCF_020735805.1;protein_446,GCF_021184145.1;protein_821,GCF_017821655.1;protein_1385,GCF_016757555.1;protein_1405,GCF_006337485.1;protein_47,GCF_006337745.1;protein_45,GCF_030323385.1;protein_47,GCF_002952455.1;protein_48,GCF_002952675.1;protein_48
GCF_000685705.1;protein_1441,GCF_020735805.1;protein_447,GCF_021184145.1;protein_822,GCF_017821655.1;protein_1384,GCF_016757555.1;protein_1406,GCF_006337485.1;protein_46,GCF_006337745.1;protein_44,GCF_030323385.1;protein_46,GCF_002952455.1;protein_47,GCF_002952675.1;protein_47
GCF_000685705.1;protein_1442,GCF_020735805.1;protein_448,GCF_021184145.1;protein_823,GCF_017821655.1;protein_1383,GCF_016757555.1;protein_1407,GCF_006337485.1;protein_45,GCF_006337745.1;protein_43,GCF_030323385.1;protein_45,GCF_002952455.1;protein_46,GCF_002952675.1;protein_46
GCF_000685705.1;protein_1443,GCF_020735805.1;protein_449,GCF_021184145.1;protein_824,GCF_017821655.1;protein_1382,GCF_016757555.1;protein_1408,GCF_006337485.1;protein_44,GCF_006337745.1;protein_42,GCF_030323385.1;protein_44,GCF_002952455.1;protein_45,GCF_002952675.1;protein_45
GCF_000685705.1;protein_1444,GCF_020735805.1;protein_450,GCF_021184145.1;protein_825,GCF_017821655.1;protein_1381,GCF_016757555.1;protein_1409,GCF_006337485.1;protein_43,GCF_006337745.1;protein_41,GCF_030323385.1;protein_43,GCF_002952455.1;protein_44,GCF_002952675.1;protein_44
GCF_000685705.1;protein_1445,GCF_020735805.1;protein_451,GCF_021184145.1;protein_826,GCF_017821655.1;protein_1380,GCF_016757555.1;protein_1410,GCF_006337485.1;protein_42,GCF_006337745.1;protein_40,GCF_030323385.1;protein_42,GCF_002952455.1;protein_43,GCF_002952675.1;protein_43
GCF_000685705.1;protein_1446,GCF_020735805.1;protein_452,GCF_021184145.1;protein_827,GCF_017821655.1;protein_1379,GCF_016757555.1;protein_1411,GCF_006337485.1;protein_41,GCF_006337745.1;protein_39,GCF_030323385.1;protein_41,GCF_002952455.1;protein_42,GCF_002952675.1;protein_42
GCF_000685705.1;protein_1447,GCF_020735805.1;protein_453,GCF_021184145.1;protein_828,GCF_017821655.1;protein_1378,GCF_016757555.1;protein_1412,GCF_006337485.1;protein_40,GCF_006337745.1;protein_38,GCF_030323385.1;protein_40,GCF_002952455.1;protein_41,GCF_002952675.1;protein_41
GCF_000685705.1;protein_1448,GCF_020735805.1;protein_454,GCF_021184145.1;protein_829,GCF_017821655.1;protein_1377,GCF_016757555.1;protein_1413,GCF_006337485.1;protein_39,GCF_006337745.1;protein_37,GCF_030323385.1;protein_39,GCF_002952455.1;protein_40,GCF_002952675.1;protein_40
GCF_000685705.1;protein_1449,GCF_020735805.1;protein_455,GCF_021184145.1;protein_830,GCF_017821655.1;protein_1376,GCF_016757555.1;protein_1414,GCF_006337485.1;protein_38,GCF_006337745.1;protein_36,GCF_030323385.1;protein_38,GCF_002952455.1;protein_39,GCF_002952675.1;protein_39
GCF_000685705.1;protein_1450,GCF_020735805.1;protein_456,GCF_021184145.1;protein_831,GCF_017821655.1;protein_1375,GCF_016757555.1;protein_1415,GCF_006337485.1;protein_37,GCF_006337745.1;protein_35,GCF_030323385.1;protein_37,GCF_002952455.1;protein_38,GCF_002952675.1;protein_38
GCF_000685705.1;protein_1451,GCF_020735805.1;protein_457,GCF_021184145.1;protein_832,GCF_017821655.1;protein_1374,GCF_016757555.1;protein_1416,GCF_006337485.1;protein_36,GCF_006337745.1;protein_34,GCF_030323385.1;protein_36,GCF_002952455.1;protein_37,GCF_002952675.1;protein_37
GCF_000685705.1;protein_1452,GCF_020735805.1;protein_458,GCF_021184145.1;protein_833,GCF_017821655.1;protein_1373,GCF_016757555.1;protein_1417,GCF_006337485.1;protein_35,GCF_006337745.1;protein_33,GCF_030323385.1;protein_35,GCF_002952455.1;protein_36,GCF_002952675.1;protein_36
GCF_000685705.1;protein_1453,GCF_020735805.1;protein_459,GCF_021184145.1;protein_834,GCF_017821655.1;protein_1372,GCF_016757555.1;protein_1418,GCF_006337485.1;protein_34,GCF_006337745.1;protein_32,GCF_030323385.1;protein_34,GCF_002952455.1;protein_35,GCF_002952675.1;protein_35
GCF_000685705.1;protein_1454,GCF_020735805.1;protein_460,GCF_021184145.1;protein_835,GCF_017821655.1;protein_1371,GCF_016757555.1;protein_1419,GCF_006337485.1;protein_33,GCF_006337745.1;protein_31,GCF_030323385.1;protein_33,GCF_002952455.1;protein_34,GCF_002952675.1;protein_34
GCF_000685705.1;protein_1455,GCF_020735805.1;protein_461,GCF_021184145.1;protein_836,GCF_017821655.1;protein_1370,GCF_016757555.1;protein_1420,GCF_006337485.1;protein_32,GCF_006337745.1;protein_30,GCF_030323385.1;protein_32,GCF_002952455.1;protein_33,GCF_002952675.1;protein_33
GCF_000685705.1;protein_1456,GCF_020735805.1;protein_462,GCF_021184145.1;protein_837,GCF_017821655.1;protein_1369,GCF_016757555.1;protein_1421,GCF_006337485.1;protein_31,GCF_006337745.1;protein_29,GCF_030323385.1;protein_31,GCF_002952455.1;protein_32,GCF_002952675.1;protein_32
GCF_000685705.1;protein_1457,GCF_020735805.1;protein_463,GCF_021184145.1;protein_838,GCF_017821655.1;protein_1368,GCF_016757555.1;protein_1422,GCF_006337485.1;protein_30,GCF_006337745.1;protein_28,GCF_030323385.1;protein_30,GCF_002952455.1;protein_31,GCF_002952675.1;protein_31
GCF_000685705.1;protein_1458,GCF_020735805.1;protein_464,GCF_021184145.1;protein_839,GCF_017821655.1;protein_1367,GCF_016757555.1;protein_1423,GCF_006337485.1;protein_29,GCF_006337745.1;protein_27,GCF_030323385.1;protein_29,GCF_002952455.1;protein_30,GCF_002952675.1;protein_30
GCF_000685705.1;protein_146,GCF_020735805.1;protein_168,GCF_021184145.1;protein_554,GCF_017821655.1;protein_1131,GCF_016757555.1;protein_1132,GCF_006337485.1;protein_324,GCF_006337745.1;protein_341,GCF_030323385.1;protein_1299,GCF_002952455.1;protein_277,GCF_002952675.1;protein_278
GCF_000685705.1;protein_1460,GCF_020735805.1;protein_468,GCF_021184145.1;protein_842,GCF_017821655.1;protein_1364,GCF_016757555.1;protein_1427,GCF_006337485.1;protein_26,GCF_006337745.1;protein_24,GCF_030323385.1;protein_26,GCF_002952455.1;protein_26,GCF_002952675.1;protein_26
GCF_000685705.1;protein_1461,GCF_020735805.1;protein_469,GCF_021184145.1;protein_843,GCF_017821655.1;protein_1363,GCF_016757555.1;protein_1428,GCF_006337485.1;protein_25,GCF_006337745.1;protein_23,GCF_030323385.1;protein_25,GCF_002952455.1;protein_25,GCF_002952675.1;protein_25
GCF_000685705.1;protein_1462,GCF_020735805.1;protein_470,GCF_021184145.1;protein_844,GCF_017821655.1;protein_1362,GCF_016757555.1;protein_1429,GCF_006337485.1;protein_24,GCF_006337745.1;protein_22,GCF_030323385.1;protein_24,GCF_002952455.1;protein_24,GCF_002952675.1;protein_24
GCF_000685705.1;protein_1463,GCF_020735805.1;protein_471,GCF_021184145.1;protein_845,GCF_017821655.1;protein_1361,GCF_016757555.1;protein_1430,GCF_006337485.1;protein_23,GCF_006337745.1;protein_21,GCF_030323385.1;protein_23,GCF_002952455.1;protein_23,GCF_002952675.1;protein_23
GCF_000685705.1;protein_1464,GCF_020735805.1;protein_472,GCF_021184145.1;protein_846,GCF_017821655.1;protein_1360,GCF_016757555.1;protein_1431,GCF_006337485.1;protein_22,GCF_006337745.1;protein_20,GCF_030323385.1;protein_22,GCF_002952455.1;protein_22,GCF_002952675.1;protein_22
GCF_000685705.1;protein_1465,GCF_020735805.1;protein_473,GCF_021184145.1;protein_847,GCF_017821655.1;protein_1359,GCF_016757555.1;protein_1432,GCF_006337485.1;protein_21,GCF_006337745.1;protein_19,GCF_030323385.1;protein_21,GCF_002952455.1;protein_21,GCF_002952675.1;protein_21
GCF_000685705.1;protein_1466,GCF_020735805.1;protein_474,GCF_021184145.1;protein_848,GCF_017821655.1;protein_1358,GCF_016757555.1;protein_1433,GCF_006337485.1;protein_20,GCF_006337745.1;protein_18,GCF_030323385.1;protein_20,GCF_002952455.1;protein_20,GCF_002952675.1;protein_20
GCF_000685705.1;protein_1467,GCF_020735805.1;protein_475,GCF_021184145.1;protein_849,GCF_017821655.1;protein_1357,GCF_016757555.1;protein_1434,GCF_006337485.1;protein_19,GCF_006337745.1;protein_17,GCF_030323385.1;protein_19,GCF_002952455.1;protein_19,GCF_002952675.1;protein_19
GCF_000685705.1;protein_1468,GCF_020735805.1;protein_476,GCF_021184145.1;protein_850,GCF_017821655.1;protein_1356,GCF_016757555.1;protein_1435,GCF_006337485.1;protein_18,GCF_006337745.1;protein_16,GCF_030323385.1;protein_18,GCF_002952455.1;protein_18,GCF_002952675.1;protein_18
GCF_000685705.1;protein_1469,GCF_020735805.1;protein_477,GCF_021184145.1;protein_851,GCF_017821655.1;protein_1355,GCF_016757555.1;protein_1436,GCF_006337485.1;protein_17,GCF_006337745.1;protein_15,GCF_030323385.1;protein_17,GCF_002952455.1;protein_17,GCF_002952675.1;protein_17
GCF_000685705.1;protein_147,GCF_020735805.1;protein_167,GCF_021184145.1;protein_553,GCF_017821655.1;protein_1130,GCF_016757555.1;protein_1131,GCF_006337485.1;protein_325,GCF_006337745.1;protein_342,GCF_030323385.1;protein_1298,GCF_002952455.1;protein_278,GCF_002952675.1;protein_279
GCF_000685705.1;protein_1470,GCF_020735805.1;protein_478,GCF_021184145.1;protein_852,GCF_017821655.1;protein_1354,GCF_016757555.1;protein_1437,GCF_006337485.1;protein_16,GCF_006337745.1;protein_14,GCF_030323385.1;protein_16,GCF_002952455.1;protein_16,GCF_002952675.1;protein_16
GCF_000685705.1;protein_1472,GCF_020735805.1;protein_480,GCF_021184145.1;protein_854,GCF_017821655.1;protein_1352,GCF_016757555.1;protein_1439,GCF_006337485.1;protein_14,GCF_006337745.1;protein_12,GCF_030323385.1;protein_14,GCF_002952455.1;protein_14,GCF_002952675.1;protein_14
GCF_000685705.1;protein_1473,GCF_020735805.1;protein_481,GCF_021184145.1;protein_855,GCF_017821655.1;protein_1351,GCF_016757555.1;protein_1440,GCF_006337485.1;protein_13,GCF_006337745.1;protein_11,GCF_030323385.1;protein_13,GCF_002952455.1;protein_13,GCF_002952675.1;protein_13
GCF_000685705.1;protein_1475,GCF_020735805.1;protein_485,GCF_021184145.1;protein_859,GCF_017821655.1;protein_1346,GCF_016757555.1;protein_1447,GCF_006337485.1;protein_8,GCF_006337745.1;protein_7,GCF_030323385.1;protein_8,GCF_002952455.1;protein_8,GCF_002952675.1;protein_8
GCF_000685705.1;protein_1478,GCF_020735805.1;protein_487,GCF_021184145.1;protein_861,GCF_017821655.1;protein_1343,GCF_016757555.1;protein_1450,GCF_006337485.1;protein_5,GCF_006337745.1;protein_5,GCF_030323385.1;protein_5,GCF_002952455.1;protein_6,GCF_002952675.1;protein_6
GCF_000685705.1;protein_1479,GCF_020735805.1;protein_488,GCF_021184145.1;protein_862,GCF_017821655.1;protein_1342,GCF_016757555.1;protein_1451,GCF_006337485.1;protein_4,GCF_006337745.1;protein_4,GCF_030323385.1;protein_4,GCF_002952455.1;protein_5,GCF_002952675.1;protein_5
GCF_000685705.1;protein_148,GCF_020735805.1;protein_166,GCF_021184145.1;protein_552,GCF_017821655.1;protein_1129,GCF_016757555.1;protein_1130,GCF_006337485.1;protein_326,GCF_006337745.1;protein_343,GCF_030323385.1;protein_1297,GCF_002952455.1;protein_279,GCF_002952675.1;protein_280
GCF_000685705.1;protein_1480,GCF_020735805.1;protein_489,GCF_021184145.1;protein_863,GCF_017821655.1;protein_1341,GCF_016757555.1;protein_1452,GCF_006337485.1;protein_3,GCF_006337745.1;protein_3,GCF_030323385.1;protein_3,GCF_002952455.1;protein_4,GCF_002952675.1;protein_4
GCF_000685705.1;protein_1481,GCF_020735805.1;protein_490,GCF_021184145.1;protein_864,GCF_017821655.1;protein_1340,GCF_016757555.1;protein_1453,GCF_006337485.1;protein_2,GCF_006337745.1;protein_2,GCF_030323385.1;protein_2,GCF_002952455.1;protein_3,GCF_002952675.1;protein_3
GCF_000685705.1;protein_1482,GCF_020735805.1;protein_491,GCF_021184145.1;protein_865,GCF_017821655.1;protein_1339,GCF_016757555.1;protein_1454,GCF_006337485.1;protein_1,GCF_006337745.1;protein_1,GCF_030323385.1;protein_1,GCF_002952455.1;protein_2,GCF_002952675.1;protein_2
GCF_000685705.1;protein_1483,GCF_020735805.1;protein_492,GCF_021184145.1;protein_866,GCF_017821655.1;protein_1338,GCF_016757555.1;protein_1455,GCF_006337485.1;protein_0,GCF_006337745.1;protein_0,GCF_030323385.1;protein_0,GCF_002952455.1;protein_1,GCF_002952675.1;protein_1
GCF_000685705.1;protein_1484,GCF_020735805.1;protein_493,GCF_021184145.1;protein_867,GCF_017821655.1;protein_1337,GCF_016757555.1;protein_1456,GCF_006337485.1;protein_1571,GCF_006337745.1;protein_1551,GCF_030323385.1;protein_1555,GCF_002952455.1;protein_0,GCF_002952675.1;protein_0
GCF_000685705.1;protein_1485,GCF_020735805.1;protein_494,GCF_021184145.1;protein_868,GCF_017821655.1;protein_1336,GCF_016757555.1;protein_1457,GCF_006337485.1;protein_1570,GCF_006337745.1;protein_1550,GCF_030323385.1;protein_1554,GCF_002952455.1;protein_1557,GCF_002952675.1;protein_1563
GCF_000685705.1;protein_1486,GCF_020735805.1;protein_495,GCF_021184145.1;protein_869,GCF_017821655.1;protein_1335,GCF_016757555.1;protein_1458,GCF_006337485.1;protein_1569,GCF_006337745.1;protein_1549,GCF_030323385.1;protein_1553,GCF_002952455.1;protein_1556,GCF_002952675.1;protein_1562
GCF_000685705.1;protein_1487,GCF_020735805.1;protein_496,GCF_021184145.1;protein_870,GCF_017821655.1;protein_1334,GCF_016757555.1;protein_1459,GCF_006337485.1;protein_1568,GCF_006337745.1;protein_1548,GCF_030323385.1;protein_1552,GCF_002952455.1;protein_1555,GCF_002952675.1;protein_1561
GCF_000685705.1;protein_149,GCF_020735805.1;protein_165,GCF_021184145.1;protein_551,GCF_017821655.1;protein_1128,GCF_016757555.1;protein_1129,GCF_006337485.1;protein_327,GCF_006337745.1;protein_344,GCF_030323385.1;protein_1296,GCF_002952455.1;protein_280,GCF_002952675.1;protein_281
GCF_000685705.1;protein_1493,GCF_020735805.1;protein_502,GCF_021184145.1;protein_878,GCF_017821655.1;protein_1329,GCF_016757555.1;protein_1465,GCF_006337485.1;protein_1563,GCF_006337745.1;protein_126,GCF_030323385.1;protein_78,GCF_002952455.1;protein_1550,GCF_002952675.1;protein_1555
GCF_000685705.1;protein_1494,GCF_020735805.1;protein_503,GCF_021184145.1;protein_879,GCF_017821655.1;protein_1328,GCF_016757555.1;protein_1466,GCF_006337485.1;protein_1562,GCF_006337745.1;protein_127,GCF_030323385.1;protein_79,GCF_002952455.1;protein_1549,GCF_002952675.1;protein_1554
GCF_000685705.1;protein_1495,GCF_020735805.1;protein_504,GCF_021184145.1;protein_880,GCF_017821655.1;protein_1327,GCF_016757555.1;protein_1468,GCF_006337485.1;protein_1561,GCF_006337745.1;protein_128,GCF_030323385.1;protein_81,GCF_002952455.1;protein_1548,GCF_002952675.1;protein_1553
GCF_000685705.1;protein_1497,GCF_020735805.1;protein_506,GCF_021184145.1;protein_883,GCF_017821655.1;protein_1324,GCF_016757555.1;protein_1474,GCF_006337485.1;protein_1559,GCF_006337745.1;protein_130,GCF_030323385.1;protein_84,GCF_002952455.1;protein_1546,GCF_002952675.1;protein_1551
GCF_000685705.1;protein_1498,GCF_020735805.1;protein_507,GCF_021184145.1;protein_884,GCF_017821655.1;protein_1323,GCF_016757555.1;protein_1475,GCF_006337485.1;protein_1558,GCF_006337745.1;protein_131,GCF_030323385.1;protein_85,GCF_002952455.1;protein_1545,GCF_002952675.1;protein_1550
GCF_000685705.1;protein_1499,GCF_020735805.1;protein_508,GCF_021184145.1;protein_885,GCF_017821655.1;protein_1322,GCF_016757555.1;protein_1476,GCF_006337485.1;protein_1557,GCF_006337745.1;protein_132,GCF_030323385.1;protein_86,GCF_002952455.1;protein_1544,GCF_002952675.1;protein_1549
GCF_000685705.1;protein_15,GCF_020735805.1;protein_586,GCF_021184145.1;protein_963,GCF_017821655.1;protein_16,GCF_016757555.1;protein_15,GCF_006337485.1;protein_1479,GCF_006337745.1;protein_1476,GCF_030323385.1;protein_164,GCF_002952455.1;protein_1465,GCF_002952675.1;protein_1470
GCF_000685705.1;protein_150,GCF_020735805.1;protein_164,GCF_021184145.1;protein_550,GCF_017821655.1;protein_1127,GCF_016757555.1;protein_1128,GCF_006337485.1;protein_328,GCF_006337745.1;protein_345,GCF_030323385.1;protein_1295,GCF_002952455.1;protein_281,GCF_002952675.1;protein_282
GCF_000685705.1;protein_1500,GCF_020735805.1;protein_509,GCF_021184145.1;protein_886,GCF_017821655.1;protein_1321,GCF_016757555.1;protein_1477,GCF_006337485.1;protein_1556,GCF_006337745.1;protein_133,GCF_030323385.1;protein_87,GCF_002952455.1;protein_1543,GCF_002952675.1;protein_1548
GCF_000685705.1;protein_1501,GCF_020735805.1;protein_510,GCF_021184145.1;protein_887,GCF_017821655.1;protein_1320,GCF_016757555.1;protein_1478,GCF_006337485.1;protein_1555,GCF_006337745.1;protein_134,GCF_030323385.1;protein_88,GCF_002952455.1;protein_1542,GCF_002952675.1;protein_1547
GCF_000685705.1;protein_1506,GCF_020735805.1;protein_512,GCF_021184145.1;protein_889,GCF_017821655.1;protein_1318,GCF_016757555.1;protein_1481,GCF_006337485.1;protein_1550,GCF_006337745.1;protein_136,GCF_030323385.1;protein_90,GCF_002952455.1;protein_1540,GCF_002952675.1;protein_1545
GCF_000685705.1;protein_1507,GCF_020735805.1;protein_513,GCF_021184145.1;protein_890,GCF_017821655.1;protein_1317,GCF_016757555.1;protein_1482,GCF_006337485.1;protein_1551,GCF_006337745.1;protein_137,GCF_030323385.1;protein_91,GCF_002952455.1;protein_1539,GCF_002952675.1;protein_1544
GCF_000685705.1;protein_1508,GCF_020735805.1;protein_514,GCF_021184145.1;protein_891,GCF_017821655.1;protein_1316,GCF_016757555.1;protein_1483,GCF_006337485.1;protein_1552,GCF_006337745.1;protein_138,GCF_030323385.1;protein_92,GCF_002952455.1;protein_1538,GCF_002952675.1;protein_1543
GCF_000685705.1;protein_1509,GCF_020735805.1;protein_515,GCF_021184145.1;protein_892,GCF_017821655.1;protein_1315,GCF_016757555.1;protein_1484,GCF_006337485.1;protein_1553,GCF_006337745.1;protein_139,GCF_030323385.1;protein_93,GCF_002952455.1;protein_1537,GCF_002952675.1;protein_1542
GCF_000685705.1;protein_151,GCF_020735805.1;protein_163,GCF_021184145.1;protein_549,GCF_017821655.1;protein_1126,GCF_016757555.1;protein_1127,GCF_006337485.1;protein_329,GCF_006337745.1;protein_346,GCF_030323385.1;protein_1294,GCF_002952455.1;protein_282,GCF_002952675.1;protein_283
GCF_000685705.1;protein_1512,GCF_020735805.1;protein_535,GCF_021184145.1;protein_895,GCF_017821655.1;protein_1478,GCF_016757555.1;protein_1487,GCF_006337485.1;protein_1548,GCF_006337745.1;protein_1526,GCF_030323385.1;protein_113,GCF_002952455.1;protein_1534,GCF_002952675.1;protein_1539
GCF_000685705.1;protein_1513,GCF_020735805.1;protein_534,GCF_021184145.1;protein_896,GCF_017821655.1;protein_1479,GCF_016757555.1;protein_1488,GCF_006337485.1;protein_1547,GCF_006337745.1;protein_1527,GCF_030323385.1;protein_112,GCF_002952455.1;protein_1533,GCF_002952675.1;protein_1538
GCF_000685705.1;protein_1515,GCF_020735805.1;protein_532,GCF_021184145.1;protein_898,GCF_017821655.1;protein_1481,GCF_016757555.1;protein_1490,GCF_006337485.1;protein_1545,GCF_006337745.1;protein_1529,GCF_030323385.1;protein_110,GCF_002952455.1;protein_1531,GCF_002952675.1;protein_1536
GCF_000685705.1;protein_1517,GCF_020735805.1;protein_530,GCF_021184145.1;protein_900,GCF_017821655.1;protein_1483,GCF_016757555.1;protein_1492,GCF_006337485.1;protein_1543,GCF_006337745.1;protein_1531,GCF_030323385.1;protein_108,GCF_002952455.1;protein_1529,GCF_002952675.1;protein_1534
GCF_000685705.1;protein_1518,GCF_020735805.1;protein_529,GCF_021184145.1;protein_901,GCF_017821655.1;protein_1484,GCF_016757555.1;protein_1493,GCF_006337485.1;protein_1542,GCF_006337745.1;protein_1532,GCF_030323385.1;protein_107,GCF_002952455.1;protein_1528,GCF_002952675.1;protein_1533
GCF_000685705.1;protein_1519,GCF_020735805.1;protein_528,GCF_021184145.1;protein_902,GCF_017821655.1;protein_1485,GCF_016757555.1;protein_1494,GCF_006337485.1;protein_1541,GCF_006337745.1;protein_1533,GCF_030323385.1;protein_106,GCF_002952455.1;protein_1527,GCF_002952675.1;protein_1532
GCF_000685705.1;protein_152,GCF_020735805.1;protein_162,GCF_021184145.1;protein_548,GCF_017821655.1;protein_1125,GCF_016757555.1;protein_1126,GCF_006337485.1;protein_330,GCF_006337745.1;protein_347,GCF_030323385.1;protein_1293,GCF_002952455.1;protein_283,GCF_002952675.1;protein_284
GCF_000685705.1;protein_1520,GCF_020735805.1;protein_527,GCF_021184145.1;protein_903,GCF_017821655.1;protein_1486,GCF_016757555.1;protein_1495,GCF_006337485.1;protein_1540,GCF_006337745.1;protein_1534,GCF_030323385.1;protein_105,GCF_002952455.1;protein_1526,GCF_002952675.1;protein_1531
GCF_000685705.1;protein_1521,GCF_020735805.1;protein_526,GCF_021184145.1;protein_904,GCF_017821655.1;protein_1487,GCF_016757555.1;protein_1496,GCF_006337485.1;protein_1539,GCF_006337745.1;protein_1535,GCF_030323385.1;protein_104,GCF_002952455.1;protein_1525,GCF_002952675.1;protein_1530
GCF_000685705.1;protein_1522,GCF_020735805.1;protein_525,GCF_021184145.1;protein_905,GCF_017821655.1;protein_1488,GCF_016757555.1;protein_1497,GCF_006337485.1;protein_1538,GCF_006337745.1;protein_1536,GCF_030323385.1;protein_103,GCF_002952455.1;protein_1524,GCF_002952675.1;protein_1529
GCF_000685705.1;protein_1523,GCF_020735805.1;protein_524,GCF_021184145.1;protein_906,GCF_017821655.1;protein_1489,GCF_016757555.1;protein_1498,GCF_006337485.1;protein_1537,GCF_006337745.1;protein_1537,GCF_030323385.1;protein_102,GCF_002952455.1;protein_1523,GCF_002952675.1;protein_1528
GCF_000685705.1;protein_1524,GCF_020735805.1;protein_523,GCF_021184145.1;protein_907,GCF_017821655.1;protein_1490,GCF_016757555.1;protein_1499,GCF_006337485.1;protein_1536,GCF_006337745.1;protein_1538,GCF_030323385.1;protein_101,GCF_002952455.1;protein_1522,GCF_002952675.1;protein_1527
GCF_000685705.1;protein_1526,GCF_020735805.1;protein_521,GCF_021184145.1;protein_909,GCF_017821655.1;protein_1492,GCF_016757555.1;protein_1501,GCF_006337485.1;protein_1534,GCF_006337745.1;protein_1540,GCF_030323385.1;protein_99,GCF_002952455.1;protein_1520,GCF_002952675.1;protein_1525
GCF_000685705.1;protein_1527,GCF_020735805.1;protein_520,GCF_021184145.1;protein_910,GCF_017821655.1;protein_1493,GCF_016757555.1;protein_1502,GCF_006337485.1;protein_1533,GCF_006337745.1;protein_1541,GCF_030323385.1;protein_98,GCF_002952455.1;protein_1519,GCF_002952675.1;protein_1524
GCF_000685705.1;protein_1528,GCF_020735805.1;protein_519,GCF_021184145.1;protein_911,GCF_017821655.1;protein_1494,GCF_016757555.1;protein_1503,GCF_006337485.1;protein_1532,GCF_006337745.1;protein_1542,GCF_030323385.1;protein_97,GCF_002952455.1;protein_1518,GCF_002952675.1;protein_1523
GCF_000685705.1;protein_1529,GCF_020735805.1;protein_518,GCF_021184145.1;protein_912,GCF_017821655.1;protein_1495,GCF_016757555.1;protein_1504,GCF_006337485.1;protein_1531,GCF_006337745.1;protein_1543,GCF_030323385.1;protein_96,GCF_002952455.1;protein_1517,GCF_002952675.1;protein_1522
GCF_000685705.1;protein_153,GCF_020735805.1;protein_161,GCF_021184145.1;protein_547,GCF_017821655.1;protein_1124,GCF_016757555.1;protein_1125,GCF_006337485.1;protein_331,GCF_006337745.1;protein_348,GCF_030323385.1;protein_1292,GCF_002952455.1;protein_284,GCF_002952675.1;protein_285
GCF_000685705.1;protein_1532,GCF_020735805.1;protein_537,GCF_021184145.1;protein_915,GCF_017821655.1;protein_1498,GCF_016757555.1;protein_1507,GCF_006337485.1;protein_1528,GCF_006337745.1;protein_1525,GCF_030323385.1;protein_115,GCF_002952455.1;protein_1514,GCF_002952675.1;protein_1519
GCF_000685705.1;protein_1533,GCF_020735805.1;protein_538,GCF_021184145.1;protein_916,GCF_017821655.1;protein_1499,GCF_016757555.1;protein_1508,GCF_006337485.1;protein_1527,GCF_006337745.1;protein_1524,GCF_030323385.1;protein_116,GCF_002952455.1;protein_1513,GCF_002952675.1;protein_1518
GCF_000685705.1;protein_1534,GCF_020735805.1;protein_539,GCF_021184145.1;protein_917,GCF_017821655.1;protein_1500,GCF_016757555.1;protein_1509,GCF_006337485.1;protein_1526,GCF_006337745.1;protein_1523,GCF_030323385.1;protein_117,GCF_002952455.1;protein_1512,GCF_002952675.1;protein_1517
GCF_000685705.1;protein_1535,GCF_020735805.1;protein_540,GCF_021184145.1;protein_918,GCF_017821655.1;protein_1501,GCF_016757555.1;protein_1510,GCF_006337485.1;protein_1525,GCF_006337745.1;protein_1522,GCF_030323385.1;protein_118,GCF_002952455.1;protein_1511,GCF_002952675.1;protein_1516
GCF_000685705.1;protein_1536,GCF_020735805.1;protein_541,GCF_021184145.1;protein_919,GCF_017821655.1;protein_1502,GCF_016757555.1;protein_1511,GCF_006337485.1;protein_1524,GCF_006337745.1;protein_1521,GCF_030323385.1;protein_119,GCF_002952455.1;protein_1510,GCF_002952675.1;protein_1515
GCF_000685705.1;protein_1537,GCF_020735805.1;protein_542,GCF_021184145.1;protein_920,GCF_017821655.1;protein_1503,GCF_016757555.1;protein_1512,GCF_006337485.1;protein_1523,GCF_006337745.1;protein_1520,GCF_030323385.1;protein_120,GCF_002952455.1;protein_1509,GCF_002952675.1;protein_1514
GCF_000685705.1;protein_154,GCF_020735805.1;protein_160,GCF_021184145.1;protein_546,GCF_017821655.1;protein_1123,GCF_016757555.1;protein_1124,GCF_006337485.1;protein_332,GCF_006337745.1;protein_349,GCF_030323385.1;protein_1291,GCF_002952455.1;protein_285,GCF_002952675.1;protein_286
GCF_000685705.1;protein_1540,GCF_020735805.1;protein_544,GCF_021184145.1;protein_923,GCF_017821655.1;protein_1506,GCF_016757555.1;protein_1515,GCF_006337485.1;protein_1520,GCF_006337745.1;protein_1517,GCF_030323385.1;protein_123,GCF_002952455.1;protein_1506,GCF_002952675.1;protein_1511
GCF_000685705.1;protein_1541,GCF_020735805.1;protein_545,GCF_021184145.1;protein_924,GCF_017821655.1;protein_1507,GCF_016757555.1;protein_1516,GCF_006337485.1;protein_1519,GCF_006337745.1;protein_1516,GCF_030323385.1;protein_124,GCF_002952455.1;protein_1505,GCF_002952675.1;protein_1510
GCF_000685705.1;protein_1542,GCF_020735805.1;protein_546,GCF_021184145.1;protein_925,GCF_017821655.1;protein_1508,GCF_016757555.1;protein_1517,GCF_006337485.1;protein_1518,GCF_006337745.1;protein_1515,GCF_030323385.1;protein_125,GCF_002952455.1;protein_1504,GCF_002952675.1;protein_1509
GCF_000685705.1;protein_1543,GCF_020735805.1;protein_547,GCF_021184145.1;protein_926,GCF_017821655.1;protein_1509,GCF_016757555.1;protein_1518,GCF_006337485.1;protein_1517,GCF_006337745.1;protein_1514,GCF_030323385.1;protein_126,GCF_002952455.1;protein_1503,GCF_002952675.1;protein_1508
GCF_000685705.1;protein_1544,GCF_020735805.1;protein_548,GCF_021184145.1;protein_927,GCF_017821655.1;protein_1510,GCF_016757555.1;protein_1519,GCF_006337485.1;protein_1516,GCF_006337745.1;protein_1513,GCF_030323385.1;protein_127,GCF_002952455.1;protein_1502,GCF_002952675.1;protein_1507
GCF_000685705.1;protein_1545,GCF_020735805.1;protein_549,GCF_021184145.1;protein_928,GCF_017821655.1;protein_1511,GCF_016757555.1;protein_1520,GCF_006337485.1;protein_1515,GCF_006337745.1;protein_1512,GCF_030323385.1;protein_128,GCF_002952455.1;protein_1501,GCF_002952675.1;protein_1506
GCF_000685705.1;protein_1546,GCF_020735805.1;protein_550,GCF_021184145.1;protein_929,GCF_017821655.1;protein_1512,GCF_016757555.1;protein_1521,GCF_006337485.1;protein_1514,GCF_006337745.1;protein_1511,GCF_030323385.1;protein_129,GCF_002952455.1;protein_1500,GCF_002952675.1;protein_1505
GCF_000685705.1;protein_1547,GCF_020735805.1;protein_551,GCF_021184145.1;protein_930,GCF_017821655.1;protein_1513,GCF_016757555.1;protein_1522,GCF_006337485.1;protein_1513,GCF_006337745.1;protein_1510,GCF_030323385.1;protein_130,GCF_002952455.1;protein_1499,GCF_002952675.1;protein_1504
GCF_000685705.1;protein_1548,GCF_020735805.1;protein_552,GCF_021184145.1;protein_931,GCF_017821655.1;protein_1514,GCF_016757555.1;protein_1523,GCF_006337485.1;protein_1512,GCF_006337745.1;protein_1509,GCF_030323385.1;protein_131,GCF_002952455.1;protein_1498,GCF_002952675.1;protein_1503
GCF_000685705.1;protein_1549,GCF_020735805.1;protein_553,GCF_021184145.1;protein_932,GCF_017821655.1;protein_1515,GCF_016757555.1;protein_1524,GCF_006337485.1;protein_1511,GCF_006337745.1;protein_1508,GCF_030323385.1;protein_132,GCF_002952455.1;protein_1497,GCF_002952675.1;protein_1502
GCF_000685705.1;protein_1550,GCF_020735805.1;protein_554,GCF_021184145.1;protein_933,GCF_017821655.1;protein_1516,GCF_016757555.1;protein_1525,GCF_006337485.1;protein_1510,GCF_006337745.1;protein_1507,GCF_030323385.1;protein_133,GCF_002952455.1;protein_1496,GCF_002952675.1;protein_1501
GCF_000685705.1;protein_1551,GCF_020735805.1;protein_555,GCF_021184145.1;protein_934,GCF_017821655.1;protein_1517,GCF_016757555.1;protein_1526,GCF_006337485.1;protein_1509,GCF_006337745.1;protein_1506,GCF_030323385.1;protein_134,GCF_002952455.1;protein_1495,GCF_002952675.1;protein_1500
GCF_000685705.1;protein_1552,GCF_020735805.1;protein_556,GCF_021184145.1;protein_935,GCF_017821655.1;protein_1518,GCF_016757555.1;protein_1527,GCF_006337485.1;protein_1508,GCF_006337745.1;protein_1505,GCF_030323385.1;protein_135,GCF_002952455.1;protein_1494,GCF_002952675.1;protein_1499
GCF_000685705.1;protein_1553,GCF_020735805.1;protein_557,GCF_021184145.1;protein_936,GCF_017821655.1;protein_1519,GCF_016757555.1;protein_1528,GCF_006337485.1;protein_1507,GCF_006337745.1;protein_1504,GCF_030323385.1;protein_136,GCF_002952455.1;protein_1493,GCF_002952675.1;protein_1498
GCF_000685705.1;protein_1554,GCF_020735805.1;protein_558,GCF_021184145.1;protein_937,GCF_017821655.1;protein_1520,GCF_016757555.1;protein_1529,GCF_006337485.1;protein_1506,GCF_006337745.1;protein_1503,GCF_030323385.1;protein_137,GCF_002952455.1;protein_1492,GCF_002952675.1;protein_1497
GCF_000685705.1;protein_1556,GCF_020735805.1;protein_560,GCF_021184145.1;protein_938,GCF_017821655.1;protein_1521,GCF_016757555.1;protein_1530,GCF_006337485.1;protein_1504,GCF_006337745.1;protein_1501,GCF_030323385.1;protein_138,GCF_002952455.1;protein_1491,GCF_002952675.1;protein_1496
GCF_000685705.1;protein_1557,GCF_020735805.1;protein_561,GCF_021184145.1;protein_939,GCF_017821655.1;protein_1522,GCF_016757555.1;protein_1531,GCF_006337485.1;protein_1503,GCF_006337745.1;protein_1500,GCF_030323385.1;protein_139,GCF_002952455.1;protein_1490,GCF_002952675.1;protein_1495
GCF_000685705.1;protein_1558,GCF_020735805.1;protein_562,GCF_021184145.1;protein_940,GCF_017821655.1;protein_1523,GCF_016757555.1;protein_1532,GCF_006337485.1;protein_1502,GCF_006337745.1;protein_1499,GCF_030323385.1;protein_140,GCF_002952455.1;protein_1489,GCF_002952675.1;protein_1494
GCF_000685705.1;protein_1559,GCF_020735805.1;protein_563,GCF_021184145.1;protein_941,GCF_017821655.1;protein_1524,GCF_016757555.1;protein_1533,GCF_006337485.1;protein_1501,GCF_006337745.1;protein_1498,GCF_030323385.1;protein_141,GCF_002952455.1;protein_1488,GCF_002952675.1;protein_1493
GCF_000685705.1;protein_156,GCF_020735805.1;protein_158,GCF_021184145.1;protein_543,GCF_017821655.1;protein_1119,GCF_016757555.1;protein_1122,GCF_006337485.1;protein_336,GCF_006337745.1;protein_353,GCF_030323385.1;protein_1286,GCF_002952455.1;protein_289,GCF_002952675.1;protein_290
GCF_000685705.1;protein_1560,GCF_020735805.1;protein_564,GCF_021184145.1;protein_942,GCF_017821655.1;protein_1525,GCF_016757555.1;protein_1534,GCF_006337485.1;protein_1500,GCF_006337745.1;protein_1497,GCF_030323385.1;protein_142,GCF_002952455.1;protein_1487,GCF_002952675.1;protein_1492
GCF_000685705.1;protein_1561,GCF_020735805.1;protein_565,GCF_021184145.1;protein_943,GCF_017821655.1;protein_1526,GCF_016757555.1;protein_1535,GCF_006337485.1;protein_1499,GCF_006337745.1;protein_1496,GCF_030323385.1;protein_143,GCF_002952455.1;protein_1486,GCF_002952675.1;protein_1491
GCF_000685705.1;protein_1562,GCF_020735805.1;protein_566,GCF_021184145.1;protein_944,GCF_017821655.1;protein_1527,GCF_016757555.1;protein_1536,GCF_006337485.1;protein_1498,GCF_006337745.1;protein_1495,GCF_030323385.1;protein_144,GCF_002952455.1;protein_1485,GCF_002952675.1;protein_1490
GCF_000685705.1;protein_1565,GCF_020735805.1;protein_569,GCF_021184145.1;protein_946,GCF_017821655.1;protein_1532,GCF_016757555.1;protein_1540,GCF_006337485.1;protein_1495,GCF_006337745.1;protein_1492,GCF_030323385.1;protein_147,GCF_002952455.1;protein_1482,GCF_002952675.1;protein_1487
GCF_000685705.1;protein_157,GCF_020735805.1;protein_157,GCF_021184145.1;protein_542,GCF_017821655.1;protein_1118,GCF_016757555.1;protein_1121,GCF_006337485.1;protein_337,GCF_006337745.1;protein_354,GCF_030323385.1;protein_1285,GCF_002952455.1;protein_290,GCF_002952675.1;protein_291
GCF_000685705.1;protein_158,GCF_020735805.1;protein_156,GCF_021184145.1;protein_541,GCF_017821655.1;protein_1117,GCF_016757555.1;protein_1120,GCF_006337485.1;protein_338,GCF_006337745.1;protein_355,GCF_030323385.1;protein_1284,GCF_002952455.1;protein_291,GCF_002952675.1;protein_292
GCF_000685705.1;protein_159,GCF_020735805.1;protein_155,GCF_021184145.1;protein_540,GCF_017821655.1;protein_1116,GCF_016757555.1;protein_1119,GCF_006337485.1;protein_339,GCF_006337745.1;protein_356,GCF_030323385.1;protein_1283,GCF_002952455.1;protein_292,GCF_002952675.1;protein_293
GCF_000685705.1;protein_16,GCF_020735805.1;protein_587,GCF_021184145.1;protein_964,GCF_017821655.1;protein_17,GCF_016757555.1;protein_16,GCF_006337485.1;protein_1478,GCF_006337745.1;protein_1475,GCF_030323385.1;protein_165,GCF_002952455.1;protein_1464,GCF_002952675.1;protein_1469
GCF_000685705.1;protein_160,GCF_020735805.1;protein_154,GCF_021184145.1;protein_539,GCF_017821655.1;protein_1115,GCF_016757555.1;protein_1118,GCF_006337485.1;protein_340,GCF_006337745.1;protein_357,GCF_030323385.1;protein_1282,GCF_002952455.1;protein_293,GCF_002952675.1;protein_294
GCF_000685705.1;protein_161,GCF_020735805.1;protein_153,GCF_021184145.1;protein_538,GCF_017821655.1;protein_1114,GCF_016757555.1;protein_1117,GCF_006337485.1;protein_341,GCF_006337745.1;protein_358,GCF_030323385.1;protein_1281,GCF_002952455.1;protein_294,GCF_002952675.1;protein_295
GCF_000685705.1;protein_162,GCF_020735805.1;protein_152,GCF_021184145.1;protein_537,GCF_017821655.1;protein_1113,GCF_016757555.1;protein_1116,GCF_006337485.1;protein_342,GCF_006337745.1;protein_359,GCF_030323385.1;protein_1280,GCF_002952455.1;protein_295,GCF_002952675.1;protein_296
GCF_000685705.1;protein_163,GCF_020735805.1;protein_151,GCF_021184145.1;protein_536,GCF_017821655.1;protein_1112,GCF_016757555.1;protein_1115,GCF_006337485.1;protein_343,GCF_006337745.1;protein_360,GCF_030323385.1;protein_1279,GCF_002952455.1;protein_296,GCF_002952675.1;protein_297
GCF_000685705.1;protein_164,GCF_020735805.1;protein_150,GCF_021184145.1;protein_535,GCF_017821655.1;protein_1111,GCF_016757555.1;protein_1114,GCF_006337485.1;protein_344,GCF_006337745.1;protein_361,GCF_030323385.1;protein_1278,GCF_002952455.1;protein_297,GCF_002952675.1;protein_298
GCF_000685705.1;protein_165,GCF_020735805.1;protein_149,GCF_021184145.1;protein_534,GCF_017821655.1;protein_1110,GCF_016757555.1;protein_1113,GCF_006337485.1;protein_345,GCF_006337745.1;protein_362,GCF_030323385.1;protein_1277,GCF_002952455.1;protein_298,GCF_002952675.1;protein_299
GCF_000685705.1;protein_166,GCF_020735805.1;protein_148,GCF_021184145.1;protein_533,GCF_017821655.1;protein_1109,GCF_016757555.1;protein_1112,GCF_006337485.1;protein_346,GCF_006337745.1;protein_363,GCF_030323385.1;protein_1276,GCF_002952455.1;protein_299,GCF_002952675.1;protein_300
GCF_000685705.1;protein_167,GCF_020735805.1;protein_147,GCF_021184145.1;protein_532,GCF_017821655.1;protein_1108,GCF_016757555.1;protein_1111,GCF_006337485.1;protein_347,GCF_006337745.1;protein_364,GCF_030323385.1;protein_1275,GCF_002952455.1;protein_300,GCF_002952675.1;protein_301
GCF_000685705.1;protein_168,GCF_020735805.1;protein_146,GCF_021184145.1;protein_531,GCF_017821655.1;protein_1107,GCF_016757555.1;protein_1110,GCF_006337485.1;protein_348,GCF_006337745.1;protein_365,GCF_030323385.1;protein_1274,GCF_002952455.1;protein_301,GCF_002952675.1;protein_302
GCF_000685705.1;protein_169,GCF_020735805.1;protein_145,GCF_021184145.1;protein_530,GCF_017821655.1;protein_1106,GCF_016757555.1;protein_1109,GCF_006337485.1;protein_349,GCF_006337745.1;protein_366,GCF_030323385.1;protein_1273,GCF_002952455.1;protein_302,GCF_002952675.1;protein_303
GCF_000685705.1;protein_17,GCF_020735805.1;protein_588,GCF_021184145.1;protein_965,GCF_017821655.1;protein_18,GCF_016757555.1;protein_17,GCF_006337485.1;protein_1477,GCF_006337745.1;protein_1474,GCF_030323385.1;protein_166,GCF_002952455.1;protein_1463,GCF_002952675.1;protein_1468
GCF_000685705.1;protein_170,GCF_020735805.1;protein_144,GCF_021184145.1;protein_529,GCF_017821655.1;protein_1105,GCF_016757555.1;protein_1108,GCF_006337485.1;protein_350,GCF_006337745.1;protein_367,GCF_030323385.1;protein_1272,GCF_002952455.1;protein_303,GCF_002952675.1;protein_304
GCF_000685705.1;protein_171,GCF_020735805.1;protein_143,GCF_021184145.1;protein_528,GCF_017821655.1;protein_1104,GCF_016757555.1;protein_1107,GCF_006337485.1;protein_351,GCF_006337745.1;protein_368,GCF_030323385.1;protein_1271,GCF_002952455.1;protein_304,GCF_002952675.1;protein_305
GCF_000685705.1;protein_173,GCF_020735805.1;protein_141,GCF_021184145.1;protein_526,GCF_017821655.1;protein_1101,GCF_016757555.1;protein_1103,GCF_006337485.1;protein_353,GCF_006337745.1;protein_372,GCF_030323385.1;protein_1267,GCF_002952455.1;protein_306,GCF_002952675.1;protein_307
GCF_000685705.1;protein_174,GCF_020735805.1;protein_140,GCF_021184145.1;protein_525,GCF_017821655.1;protein_1100,GCF_016757555.1;protein_1102,GCF_006337485.1;protein_354,GCF_006337745.1;protein_373,GCF_030323385.1;protein_1266,GCF_002952455.1;protein_307,GCF_002952675.1;protein_308
GCF_000685705.1;protein_175,GCF_020735805.1;protein_139,GCF_021184145.1;protein_524,GCF_017821655.1;protein_1099,GCF_016757555.1;protein_1101,GCF_006337485.1;protein_355,GCF_006337745.1;protein_374,GCF_030323385.1;protein_1265,GCF_002952455.1;protein_308,GCF_002952675.1;protein_309
GCF_000685705.1;protein_176,GCF_020735805.1;protein_138,GCF_021184145.1;protein_523,GCF_017821655.1;protein_1098,GCF_016757555.1;protein_1100,GCF_006337485.1;protein_356,GCF_006337745.1;protein_375,GCF_030323385.1;protein_1264,GCF_002952455.1;protein_309,GCF_002952675.1;protein_310
GCF_000685705.1;protein_177,GCF_020735805.1;protein_137,GCF_021184145.1;protein_522,GCF_017821655.1;protein_1097,GCF_016757555.1;protein_1099,GCF_006337485.1;protein_357,GCF_006337745.1;protein_376,GCF_030323385.1;protein_1263,GCF_002952455.1;protein_310,GCF_002952675.1;protein_311
GCF_000685705.1;protein_178,GCF_020735805.1;protein_136,GCF_021184145.1;protein_521,GCF_017821655.1;protein_1096,GCF_016757555.1;protein_1098,GCF_006337485.1;protein_358,GCF_006337745.1;protein_377,GCF_030323385.1;protein_1262,GCF_002952455.1;protein_311,GCF_002952675.1;protein_312
GCF_000685705.1;protein_179,GCF_020735805.1;protein_135,GCF_021184145.1;protein_520,GCF_017821655.1;protein_1095,GCF_016757555.1;protein_1097,GCF_006337485.1;protein_359,GCF_006337745.1;protein_378,GCF_030323385.1;protein_1261,GCF_002952455.1;protein_312,GCF_002952675.1;protein_313
GCF_000685705.1;protein_18,GCF_020735805.1;protein_589,GCF_021184145.1;protein_966,GCF_017821655.1;protein_19,GCF_016757555.1;protein_18,GCF_006337485.1;protein_1476,GCF_006337745.1;protein_1473,GCF_030323385.1;protein_167,GCF_002952455.1;protein_1462,GCF_002952675.1;protein_1467
GCF_000685705.1;protein_180,GCF_020735805.1;protein_134,GCF_021184145.1;protein_519,GCF_017821655.1;protein_1094,GCF_016757555.1;protein_1096,GCF_006337485.1;protein_360,GCF_006337745.1;protein_379,GCF_030323385.1;protein_1260,GCF_002952455.1;protein_313,GCF_002952675.1;protein_314
GCF_000685705.1;protein_181,GCF_020735805.1;protein_133,GCF_021184145.1;protein_518,GCF_017821655.1;protein_1093,GCF_016757555.1;protein_1095,GCF_006337485.1;protein_361,GCF_006337745.1;protein_380,GCF_030323385.1;protein_1259,GCF_002952455.1;protein_314,GCF_002952675.1;protein_315
GCF_000685705.1;protein_182,GCF_020735805.1;protein_132,GCF_021184145.1;protein_517,GCF_017821655.1;protein_1092,GCF_016757555.1;protein_1094,GCF_006337485.1;protein_362,GCF_006337745.1;protein_381,GCF_030323385.1;protein_1258,GCF_002952455.1;protein_315,GCF_002952675.1;protein_316
GCF_000685705.1;protein_183,GCF_020735805.1;protein_131,GCF_021184145.1;protein_516,GCF_017821655.1;protein_1091,GCF_016757555.1;protein_1093,GCF_006337485.1;protein_363,GCF_006337745.1;protein_382,GCF_030323385.1;protein_1257,GCF_002952455.1;protein_316,GCF_002952675.1;protein_317
GCF_000685705.1;protein_184,GCF_020735805.1;protein_130,GCF_021184145.1;protein_515,GCF_017821655.1;protein_1090,GCF_016757555.1;protein_1092,GCF_006337485.1;protein_364,GCF_006337745.1;protein_383,GCF_030323385.1;protein_1256,GCF_002952455.1;protein_317,GCF_002952675.1;protein_318
GCF_000685705.1;protein_185,GCF_020735805.1;protein_129,GCF_021184145.1;protein_514,GCF_017821655.1;protein_1089,GCF_016757555.1;protein_1091,GCF_006337485.1;protein_365,GCF_006337745.1;protein_384,GCF_030323385.1;protein_1255,GCF_002952455.1;protein_318,GCF_002952675.1;protein_319
GCF_000685705.1;protein_19,GCF_020735805.1;protein_590,GCF_021184145.1;protein_967,GCF_017821655.1;protein_20,GCF_016757555.1;protein_19,GCF_006337485.1;protein_1475,GCF_006337745.1;protein_1472,GCF_030323385.1;protein_168,GCF_002952455.1;protein_1461,GCF_002952675.1;protein_1466
GCF_000685705.1;protein_2,GCF_020735805.1;protein_573,GCF_021184145.1;protein_950,GCF_017821655.1;protein_2,GCF_016757555.1;protein_2,GCF_006337485.1;protein_1492,GCF_006337745.1;protein_1489,GCF_030323385.1;protein_151,GCF_002952455.1;protein_1478,GCF_002952675.1;protein_1483
GCF_000685705.1;protein_21,GCF_020735805.1;protein_592,GCF_021184145.1;protein_969,GCF_017821655.1;protein_22,GCF_016757555.1;protein_22,GCF_006337485.1;protein_1473,GCF_006337745.1;protein_1470,GCF_030323385.1;protein_170,GCF_002952455.1;protein_1459,GCF_002952675.1;protein_1464
GCF_000685705.1;protein_215,GCF_020735805.1;protein_398,GCF_021184145.1;protein_775,GCF_017821655.1;protein_1430,GCF_016757555.1;protein_1356,GCF_006337485.1;protein_94,GCF_006337745.1;protein_90,GCF_030323385.1;protein_1530,GCF_002952455.1;protein_95,GCF_002952675.1;protein_95
GCF_000685705.1;protein_216,GCF_020735805.1;protein_397,GCF_021184145.1;protein_774,GCF_017821655.1;protein_1431,GCF_016757555.1;protein_1355,GCF_006337485.1;protein_95,GCF_006337745.1;protein_91,GCF_030323385.1;protein_1529,GCF_002952455.1;protein_96,GCF_002952675.1;protein_96
GCF_000685705.1;protein_217,GCF_020735805.1;protein_396,GCF_021184145.1;protein_773,GCF_017821655.1;protein_1432,GCF_016757555.1;protein_1354,GCF_006337485.1;protein_96,GCF_006337745.1;protein_92,GCF_030323385.1;protein_1528,GCF_002952455.1;protein_97,GCF_002952675.1;protein_97
GCF_000685705.1;protein_22,GCF_020735805.1;protein_593,GCF_021184145.1;protein_970,GCF_017821655.1;protein_23,GCF_016757555.1;protein_23,GCF_006337485.1;protein_1472,GCF_006337745.1;protein_1469,GCF_030323385.1;protein_171,GCF_002952455.1;protein_1458,GCF_002952675.1;protein_1463
GCF_000685705.1;protein_220,GCF_020735805.1;protein_393,GCF_021184145.1;protein_768,GCF_017821655.1;protein_1437,GCF_016757555.1;protein_1351,GCF_006337485.1;protein_99,GCF_006337745.1;protein_96,GCF_030323385.1;protein_1525,GCF_002952455.1;protein_100,GCF_002952675.1;protein_101
GCF_000685705.1;protein_221,GCF_020735805.1;protein_392,GCF_021184145.1;protein_769,GCF_017821655.1;protein_1436,GCF_016757555.1;protein_1350,GCF_006337485.1;protein_100,GCF_006337745.1;protein_97,GCF_030323385.1;protein_1524,GCF_002952455.1;protein_101,GCF_002952675.1;protein_102
GCF_000685705.1;protein_222,GCF_020735805.1;protein_391,GCF_021184145.1;protein_770,GCF_017821655.1;protein_1435,GCF_016757555.1;protein_1349,GCF_006337485.1;protein_101,GCF_006337745.1;protein_98,GCF_030323385.1;protein_1523,GCF_002952455.1;protein_102,GCF_002952675.1;protein_103
GCF_000685705.1;protein_223,GCF_020735805.1;protein_390,GCF_021184145.1;protein_771,GCF_017821655.1;protein_1434,GCF_016757555.1;protein_1348,GCF_006337485.1;protein_102,GCF_006337745.1;protein_99,GCF_030323385.1;protein_1522,GCF_002952455.1;protein_103,GCF_002952675.1;protein_104
GCF_000685705.1;protein_225,GCF_020735805.1;protein_388,GCF_021184145.1;protein_763,GCF_017821655.1;protein_1441,GCF_016757555.1;protein_1345,GCF_006337485.1;protein_106,GCF_006337745.1;protein_103,GCF_030323385.1;protein_1516,GCF_002952455.1;protein_106,GCF_002952675.1;protein_107
GCF_000685705.1;protein_226,GCF_020735805.1;protein_387,GCF_021184145.1;protein_762,GCF_017821655.1;protein_1442,GCF_016757555.1;protein_1344,GCF_006337485.1;protein_107,GCF_006337745.1;protein_104,GCF_030323385.1;protein_1515,GCF_002952455.1;protein_107,GCF_002952675.1;protein_108
GCF_000685705.1;protein_227,GCF_020735805.1;protein_386,GCF_021184145.1;protein_761,GCF_017821655.1;protein_1443,GCF_016757555.1;protein_1343,GCF_006337485.1;protein_108,GCF_006337745.1;protein_105,GCF_030323385.1;protein_1514,GCF_002952455.1;protein_108,GCF_002952675.1;protein_109
GCF_000685705.1;protein_228,GCF_020735805.1;protein_385,GCF_021184145.1;protein_760,GCF_017821655.1;protein_1444,GCF_016757555.1;protein_1342,GCF_006337485.1;protein_109,GCF_006337745.1;protein_106,GCF_030323385.1;protein_1513,GCF_002952455.1;protein_109,GCF_002952675.1;protein_110
GCF_000685705.1;protein_229,GCF_020735805.1;protein_384,GCF_021184145.1;protein_759,GCF_017821655.1;protein_1445,GCF_016757555.1;protein_1341,GCF_006337485.1;protein_110,GCF_006337745.1;protein_107,GCF_030323385.1;protein_1512,GCF_002952455.1;protein_110,GCF_002952675.1;protein_111
GCF_000685705.1;protein_23,GCF_020735805.1;protein_594,GCF_021184145.1;protein_971,GCF_017821655.1;protein_24,GCF_016757555.1;protein_24,GCF_006337485.1;protein_1471,GCF_006337745.1;protein_1468,GCF_030323385.1;protein_172,GCF_002952455.1;protein_1457,GCF_002952675.1;protein_1462
GCF_000685705.1;protein_230,GCF_020735805.1;protein_383,GCF_021184145.1;protein_758,GCF_017821655.1;protein_1446,GCF_016757555.1;protein_1340,GCF_006337485.1;protein_111,GCF_006337745.1;protein_108,GCF_030323385.1;protein_1511,GCF_002952455.1;protein_111,GCF_002952675.1;protein_112
GCF_000685705.1;protein_231,GCF_020735805.1;protein_382,GCF_021184145.1;protein_757,GCF_017821655.1;protein_1447,GCF_016757555.1;protein_1339,GCF_006337485.1;protein_112,GCF_006337745.1;protein_109,GCF_030323385.1;protein_1510,GCF_002952455.1;protein_112,GCF_002952675.1;protein_113
GCF_000685705.1;protein_236,GCF_020735805.1;protein_337,GCF_021184145.1;protein_711,GCF_017821655.1;protein_1295,GCF_016757555.1;protein_1291,GCF_006337485.1;protein_156,GCF_006337745.1;protein_175,GCF_030323385.1;protein_1465,GCF_002952455.1;protein_116,GCF_002952675.1;protein_117
GCF_000685705.1;protein_237,GCF_020735805.1;protein_336,GCF_021184145.1;protein_710,GCF_017821655.1;protein_1294,GCF_016757555.1;protein_1290,GCF_006337485.1;protein_157,GCF_006337745.1;protein_176,GCF_030323385.1;protein_1464,GCF_002952455.1;protein_117,GCF_002952675.1;protein_118
GCF_000685705.1;protein_238,GCF_020735805.1;protein_335,GCF_021184145.1;protein_709,GCF_017821655.1;protein_1293,GCF_016757555.1;protein_1289,GCF_006337485.1;protein_158,GCF_006337745.1;protein_177,GCF_030323385.1;protein_1463,GCF_002952455.1;protein_118,GCF_002952675.1;protein_119
GCF_000685705.1;protein_239,GCF_020735805.1;protein_334,GCF_021184145.1;protein_708,GCF_017821655.1;protein_1292,GCF_016757555.1;protein_1288,GCF_006337485.1;protein_159,GCF_006337745.1;protein_178,GCF_030323385.1;protein_1462,GCF_002952455.1;protein_119,GCF_002952675.1;protein_120
GCF_000685705.1;protein_24,GCF_020735805.1;protein_595,GCF_021184145.1;protein_972,GCF_017821655.1;protein_25,GCF_016757555.1;protein_25,GCF_006337485.1;protein_1470,GCF_006337745.1;protein_1467,GCF_030323385.1;protein_173,GCF_002952455.1;protein_1456,GCF_002952675.1;protein_1461
GCF_000685705.1;protein_240,GCF_020735805.1;protein_333,GCF_021184145.1;protein_707,GCF_017821655.1;protein_1291,GCF_016757555.1;protein_1287,GCF_006337485.1;protein_162,GCF_006337745.1;protein_179,GCF_030323385.1;protein_1461,GCF_002952455.1;protein_120,GCF_002952675.1;protein_121
GCF_000685705.1;protein_241,GCF_020735805.1;protein_332,GCF_021184145.1;protein_706,GCF_017821655.1;protein_1290,GCF_016757555.1;protein_1286,GCF_006337485.1;protein_163,GCF_006337745.1;protein_180,GCF_030323385.1;protein_1460,GCF_002952455.1;protein_121,GCF_002952675.1;protein_122
GCF_000685705.1;protein_242,GCF_020735805.1;protein_331,GCF_021184145.1;protein_705,GCF_017821655.1;protein_1289,GCF_016757555.1;protein_1285,GCF_006337485.1;protein_164,GCF_006337745.1;protein_181,GCF_030323385.1;protein_1459,GCF_002952455.1;protein_122,GCF_002952675.1;protein_123
GCF_000685705.1;protein_243,GCF_020735805.1;protein_330,GCF_021184145.1;protein_704,GCF_017821655.1;protein_1288,GCF_016757555.1;protein_1284,GCF_006337485.1;protein_165,GCF_006337745.1;protein_182,GCF_030323385.1;protein_1458,GCF_002952455.1;protein_123,GCF_002952675.1;protein_124
GCF_000685705.1;protein_245,GCF_020735805.1;protein_328,GCF_021184145.1;protein_702,GCF_017821655.1;protein_1286,GCF_016757555.1;protein_1282,GCF_006337485.1;protein_167,GCF_006337745.1;protein_184,GCF_030323385.1;protein_1456,GCF_002952455.1;protein_125,GCF_002952675.1;protein_126
GCF_000685705.1;protein_246,GCF_020735805.1;protein_327,GCF_021184145.1;protein_701,GCF_017821655.1;protein_1285,GCF_016757555.1;protein_1281,GCF_006337485.1;protein_168,GCF_006337745.1;protein_185,GCF_030323385.1;protein_1455,GCF_002952455.1;protein_126,GCF_002952675.1;protein_127
GCF_000685705.1;protein_247,GCF_020735805.1;protein_326,GCF_021184145.1;protein_700,GCF_017821655.1;protein_1284,GCF_016757555.1;protein_1280,GCF_006337485.1;protein_169,GCF_006337745.1;protein_186,GCF_030323385.1;protein_1454,GCF_002952455.1;protein_127,GCF_002952675.1;protein_128
GCF_000685705.1;protein_248,GCF_020735805.1;protein_325,GCF_021184145.1;protein_699,GCF_017821655.1;protein_1283,GCF_016757555.1;protein_1279,GCF_006337485.1;protein_170,GCF_006337745.1;protein_187,GCF_030323385.1;protein_1453,GCF_002952455.1;protein_128,GCF_002952675.1;protein_129
GCF_000685705.1;protein_249,GCF_020735805.1;protein_324,GCF_021184145.1;protein_698,GCF_017821655.1;protein_1282,GCF_016757555.1;protein_1278,GCF_006337485.1;protein_171,GCF_006337745.1;protein_188,GCF_030323385.1;protein_1452,GCF_002952455.1;protein_129,GCF_002952675.1;protein_130
GCF_000685705.1;protein_250,GCF_020735805.1;protein_323,GCF_021184145.1;protein_697,GCF_017821655.1;protein_1281,GCF_016757555.1;protein_1277,GCF_006337485.1;protein_172,GCF_006337745.1;protein_189,GCF_030323385.1;protein_1451,GCF_002952455.1;protein_130,GCF_002952675.1;protein_131
GCF_000685705.1;protein_251,GCF_020735805.1;protein_322,GCF_021184145.1;protein_696,GCF_017821655.1;protein_1280,GCF_016757555.1;protein_1276,GCF_006337485.1;protein_173,GCF_006337745.1;protein_190,GCF_030323385.1;protein_1450,GCF_002952455.1;protein_131,GCF_002952675.1;protein_132
GCF_000685705.1;protein_252,GCF_020735805.1;protein_320,GCF_021184145.1;protein_695,GCF_017821655.1;protein_1279,GCF_016757555.1;protein_1274,GCF_006337485.1;protein_174,GCF_006337745.1;protein_192,GCF_030323385.1;protein_1449,GCF_002952455.1;protein_132,GCF_002952675.1;protein_133
GCF_000685705.1;protein_253,GCF_020735805.1;protein_319,GCF_021184145.1;protein_694,GCF_017821655.1;protein_1278,GCF_016757555.1;protein_1273,GCF_006337485.1;protein_175,GCF_006337745.1;protein_193,GCF_030323385.1;protein_1448,GCF_002952455.1;protein_133,GCF_002952675.1;protein_134
GCF_000685705.1;protein_254,GCF_020735805.1;protein_318,GCF_021184145.1;protein_693,GCF_017821655.1;protein_1277,GCF_016757555.1;protein_1272,GCF_006337485.1;protein_176,GCF_006337745.1;protein_194,GCF_030323385.1;protein_1447,GCF_002952455.1;protein_134,GCF_002952675.1;protein_135
GCF_000685705.1;protein_255,GCF_020735805.1;protein_317,GCF_021184145.1;protein_692,GCF_017821655.1;protein_1276,GCF_016757555.1;protein_1271,GCF_006337485.1;protein_177,GCF_006337745.1;protein_195,GCF_030323385.1;protein_1446,GCF_002952455.1;protein_135,GCF_002952675.1;protein_136
GCF_000685705.1;protein_256,GCF_020735805.1;protein_316,GCF_021184145.1;protein_691,GCF_017821655.1;protein_1275,GCF_016757555.1;protein_1270,GCF_006337485.1;protein_178,GCF_006337745.1;protein_196,GCF_030323385.1;protein_1445,GCF_002952455.1;protein_136,GCF_002952675.1;protein_137
GCF_000685705.1;protein_257,GCF_020735805.1;protein_315,GCF_021184145.1;protein_690,GCF_017821655.1;protein_1274,GCF_016757555.1;protein_1269,GCF_006337485.1;protein_179,GCF_006337745.1;protein_197,GCF_030323385.1;protein_1444,GCF_002952455.1;protein_137,GCF_002952675.1;protein_138
GCF_000685705.1;protein_258,GCF_020735805.1;protein_314,GCF_021184145.1;protein_689,GCF_017821655.1;protein_1273,GCF_016757555.1;protein_1268,GCF_006337485.1;protein_180,GCF_006337745.1;protein_198,GCF_030323385.1;protein_1443,GCF_002952455.1;protein_138,GCF_002952675.1;protein_139
GCF_000685705.1;protein_259,GCF_020735805.1;protein_313,GCF_021184145.1;protein_688,GCF_017821655.1;protein_1272,GCF_016757555.1;protein_1267,GCF_006337485.1;protein_181,GCF_006337745.1;protein_199,GCF_030323385.1;protein_1442,GCF_002952455.1;protein_139,GCF_002952675.1;protein_140
GCF_000685705.1;protein_26,GCF_020735805.1;protein_597,GCF_021184145.1;protein_974,GCF_017821655.1;protein_27,GCF_016757555.1;protein_27,GCF_006337485.1;protein_1468,GCF_006337745.1;protein_1465,GCF_030323385.1;protein_175,GCF_002952455.1;protein_1454,GCF_002952675.1;protein_1459
GCF_000685705.1;protein_260,GCF_020735805.1;protein_312,GCF_021184145.1;protein_687,GCF_017821655.1;protein_1271,GCF_016757555.1;protein_1266,GCF_006337485.1;protein_182,GCF_006337745.1;protein_200,GCF_030323385.1;protein_1441,GCF_002952455.1;protein_140,GCF_002952675.1;protein_141
GCF_000685705.1;protein_262,GCF_020735805.1;protein_311,GCF_021184145.1;protein_685,GCF_017821655.1;protein_1269,GCF_016757555.1;protein_1264,GCF_006337485.1;protein_183,GCF_006337745.1;protein_202,GCF_030323385.1;protein_1439,GCF_002952455.1;protein_142,GCF_002952675.1;protein_143
GCF_000685705.1;protein_263,GCF_020735805.1;protein_310,GCF_021184145.1;protein_684,GCF_017821655.1;protein_1268,GCF_016757555.1;protein_1263,GCF_006337485.1;protein_184,GCF_006337745.1;protein_203,GCF_030323385.1;protein_1438,GCF_002952455.1;protein_143,GCF_002952675.1;protein_144
GCF_000685705.1;protein_264,GCF_020735805.1;protein_309,GCF_021184145.1;protein_683,GCF_017821655.1;protein_1267,GCF_016757555.1;protein_1262,GCF_006337485.1;protein_185,GCF_006337745.1;protein_204,GCF_030323385.1;protein_1437,GCF_002952455.1;protein_144,GCF_002952675.1;protein_145
GCF_000685705.1;protein_265,GCF_020735805.1;protein_308,GCF_021184145.1;protein_682,GCF_017821655.1;protein_1266,GCF_016757555.1;protein_1261,GCF_006337485.1;protein_186,GCF_006337745.1;protein_205,GCF_030323385.1;protein_1436,GCF_002952455.1;protein_145,GCF_002952675.1;protein_146
GCF_000685705.1;protein_266,GCF_020735805.1;protein_307,GCF_021184145.1;protein_681,GCF_017821655.1;protein_1265,GCF_016757555.1;protein_1260,GCF_006337485.1;protein_187,GCF_006337745.1;protein_206,GCF_030323385.1;protein_1435,GCF_002952455.1;protein_146,GCF_002952675.1;protein_147
GCF_000685705.1;protein_267,GCF_020735805.1;protein_306,GCF_021184145.1;protein_680,GCF_017821655.1;protein_1264,GCF_016757555.1;protein_1259,GCF_006337485.1;protein_188,GCF_006337745.1;protein_207,GCF_030323385.1;protein_1434,GCF_002952455.1;protein_147,GCF_002952675.1;protein_148
GCF_000685705.1;protein_268,GCF_020735805.1;protein_305,GCF_021184145.1;protein_679,GCF_017821655.1;protein_1263,GCF_016757555.1;protein_1258,GCF_006337485.1;protein_189,GCF_006337745.1;protein_208,GCF_030323385.1;protein_1433,GCF_002952455.1;protein_148,GCF_002952675.1;protein_149
GCF_000685705.1;protein_269,GCF_020735805.1;protein_304,GCF_021184145.1;protein_678,GCF_017821655.1;protein_1262,GCF_016757555.1;protein_1257,GCF_006337485.1;protein_190,GCF_006337745.1;protein_209,GCF_030323385.1;protein_1432,GCF_002952455.1;protein_149,GCF_002952675.1;protein_150
GCF_000685705.1;protein_270,GCF_020735805.1;protein_303,GCF_021184145.1;protein_677,GCF_017821655.1;protein_1261,GCF_016757555.1;protein_1256,GCF_006337485.1;protein_191,GCF_006337745.1;protein_210,GCF_030323385.1;protein_1431,GCF_002952455.1;protein_150,GCF_002952675.1;protein_151
GCF_000685705.1;protein_271,GCF_020735805.1;protein_302,GCF_021184145.1;protein_676,GCF_017821655.1;protein_1260,GCF_016757555.1;protein_1255,GCF_006337485.1;protein_192,GCF_006337745.1;protein_211,GCF_030323385.1;protein_1430,GCF_002952455.1;protein_151,GCF_002952675.1;protein_152
GCF_000685705.1;protein_272,GCF_020735805.1;protein_301,GCF_021184145.1;protein_675,GCF_017821655.1;protein_1259,GCF_016757555.1;protein_1254,GCF_006337485.1;protein_193,GCF_006337745.1;protein_212,GCF_030323385.1;protein_1429,GCF_002952455.1;protein_152,GCF_002952675.1;protein_153
GCF_000685705.1;protein_273,GCF_020735805.1;protein_300,GCF_021184145.1;protein_674,GCF_017821655.1;protein_1258,GCF_016757555.1;protein_1253,GCF_006337485.1;protein_194,GCF_006337745.1;protein_213,GCF_030323385.1;protein_1428,GCF_002952455.1;protein_153,GCF_002952675.1;protein_154
GCF_000685705.1;protein_274,GCF_020735805.1;protein_299,GCF_021184145.1;protein_673,GCF_017821655.1;protein_1257,GCF_016757555.1;protein_1252,GCF_006337485.1;protein_195,GCF_006337745.1;protein_214,GCF_030323385.1;protein_1427,GCF_002952455.1;protein_154,GCF_002952675.1;protein_155
GCF_000685705.1;protein_275,GCF_020735805.1;protein_298,GCF_021184145.1;protein_672,GCF_017821655.1;protein_1256,GCF_016757555.1;protein_1251,GCF_006337485.1;protein_196,GCF_006337745.1;protein_215,GCF_030323385.1;protein_1426,GCF_002952455.1;protein_155,GCF_002952675.1;protein_156
GCF_000685705.1;protein_276,GCF_020735805.1;protein_297,GCF_021184145.1;protein_671,GCF_017821655.1;protein_1255,GCF_016757555.1;protein_1250,GCF_006337485.1;protein_197,GCF_006337745.1;protein_216,GCF_030323385.1;protein_1425,GCF_002952455.1;protein_156,GCF_002952675.1;protein_157
GCF_000685705.1;protein_277,GCF_020735805.1;protein_296,GCF_021184145.1;protein_670,GCF_017821655.1;protein_1254,GCF_016757555.1;protein_1249,GCF_006337485.1;protein_198,GCF_006337745.1;protein_217,GCF_030323385.1;protein_1424,GCF_002952455.1;protein_157,GCF_002952675.1;protein_158
GCF_000685705.1;protein_278,GCF_020735805.1;protein_295,GCF_021184145.1;protein_669,GCF_017821655.1;protein_1253,GCF_016757555.1;protein_1248,GCF_006337485.1;protein_199,GCF_006337745.1;protein_218,GCF_030323385.1;protein_1423,GCF_002952455.1;protein_158,GCF_002952675.1;protein_159
GCF_000685705.1;protein_279,GCF_020735805.1;protein_294,GCF_021184145.1;protein_668,GCF_017821655.1;protein_1252,GCF_016757555.1;protein_1247,GCF_006337485.1;protein_200,GCF_006337745.1;protein_219,GCF_030323385.1;protein_1422,GCF_002952455.1;protein_159,GCF_002952675.1;protein_160
GCF_000685705.1;protein_28,GCF_020735805.1;protein_599,GCF_021184145.1;protein_976,GCF_017821655.1;protein_29,GCF_016757555.1;protein_29,GCF_006337485.1;protein_1466,GCF_006337745.1;protein_1463,GCF_030323385.1;protein_177,GCF_002952455.1;protein_1452,GCF_002952675.1;protein_1457
GCF_000685705.1;protein_280,GCF_020735805.1;protein_293,GCF_021184145.1;protein_667,GCF_017821655.1;protein_1251,GCF_016757555.1;protein_1246,GCF_006337485.1;protein_201,GCF_006337745.1;protein_220,GCF_030323385.1;protein_1421,GCF_002952455.1;protein_160,GCF_002952675.1;protein_161
GCF_000685705.1;protein_281,GCF_020735805.1;protein_292,GCF_021184145.1;protein_666,GCF_017821655.1;protein_1250,GCF_016757555.1;protein_1245,GCF_006337485.1;protein_202,GCF_006337745.1;protein_221,GCF_030323385.1;protein_1420,GCF_002952455.1;protein_161,GCF_002952675.1;protein_162
GCF_000685705.1;protein_282,GCF_020735805.1;protein_291,GCF_021184145.1;protein_665,GCF_017821655.1;protein_1249,GCF_016757555.1;protein_1244,GCF_006337485.1;protein_203,GCF_006337745.1;protein_222,GCF_030323385.1;protein_1419,GCF_002952455.1;protein_162,GCF_002952675.1;protein_163
GCF_000685705.1;protein_283,GCF_020735805.1;protein_290,GCF_021184145.1;protein_664,GCF_017821655.1;protein_1248,GCF_016757555.1;protein_1243,GCF_006337485.1;protein_204,GCF_006337745.1;protein_223,GCF_030323385.1;protein_1418,GCF_002952455.1;protein_163,GCF_002952675.1;protein_164
GCF_000685705.1;protein_284,GCF_020735805.1;protein_289,GCF_021184145.1;protein_663,GCF_017821655.1;protein_1247,GCF_016757555.1;protein_1242,GCF_006337485.1;protein_205,GCF_006337745.1;protein_224,GCF_030323385.1;protein_1417,GCF_002952455.1;protein_164,GCF_002952675.1;protein_165
GCF_000685705.1;protein_285,GCF_020735805.1;protein_288,GCF_021184145.1;protein_662,GCF_017821655.1;protein_1246,GCF_016757555.1;protein_1241,GCF_006337485.1;protein_206,GCF_006337745.1;protein_225,GCF_030323385.1;protein_1416,GCF_002952455.1;protein_165,GCF_002952675.1;protein_166
GCF_000685705.1;protein_286,GCF_020735805.1;protein_287,GCF_021184145.1;protein_661,GCF_017821655.1;protein_1245,GCF_016757555.1;protein_1240,GCF_006337485.1;protein_207,GCF_006337745.1;protein_226,GCF_030323385.1;protein_1415,GCF_002952455.1;protein_166,GCF_002952675.1;protein_167
GCF_000685705.1;protein_287,GCF_020735805.1;protein_286,GCF_021184145.1;protein_660,GCF_017821655.1;protein_1244,GCF_016757555.1;protein_1239,GCF_006337485.1;protein_208,GCF_006337745.1;protein_227,GCF_030323385.1;protein_1414,GCF_002952455.1;protein_167,GCF_002952675.1;protein_168
GCF_000685705.1;protein_288,GCF_020735805.1;protein_285,GCF_021184145.1;protein_659,GCF_017821655.1;protein_1243,GCF_016757555.1;protein_1238,GCF_006337485.1;protein_209,GCF_006337745.1;protein_228,GCF_030323385.1;protein_1413,GCF_002952455.1;protein_168,GCF_002952675.1;protein_169
GCF_000685705.1;protein_289,GCF_020735805.1;protein_284,GCF_021184145.1;protein_658,GCF_017821655.1;protein_1242,GCF_016757555.1;protein_1237,GCF_006337485.1;protein_210,GCF_006337745.1;protein_229,GCF_030323385.1;protein_1412,GCF_002952455.1;protein_169,GCF_002952675.1;protein_170
GCF_000685705.1;protein_29,GCF_020735805.1;protein_600,GCF_021184145.1;protein_977,GCF_017821655.1;protein_30,GCF_016757555.1;protein_30,GCF_006337485.1;protein_1465,GCF_006337745.1;protein_1462,GCF_030323385.1;protein_178,GCF_002952455.1;protein_1451,GCF_002952675.1;protein_1456
GCF_000685705.1;protein_290,GCF_020735805.1;protein_283,GCF_021184145.1;protein_657,GCF_017821655.1;protein_1241,GCF_016757555.1;protein_1236,GCF_006337485.1;protein_211,GCF_006337745.1;protein_230,GCF_030323385.1;protein_1411,GCF_002952455.1;protein_170,GCF_002952675.1;protein_171
GCF_000685705.1;protein_291,GCF_020735805.1;protein_282,GCF_021184145.1;protein_656,GCF_017821655.1;protein_1240,GCF_016757555.1;protein_1235,GCF_006337485.1;protein_212,GCF_006337745.1;protein_231,GCF_030323385.1;protein_1410,GCF_002952455.1;protein_171,GCF_002952675.1;protein_172
GCF_000685705.1;protein_292,GCF_020735805.1;protein_281,GCF_021184145.1;protein_655,GCF_017821655.1;protein_1239,GCF_016757555.1;protein_1234,GCF_006337485.1;protein_213,GCF_006337745.1;protein_232,GCF_030323385.1;protein_1409,GCF_002952455.1;protein_172,GCF_002952675.1;protein_173
GCF_000685705.1;protein_293,GCF_020735805.1;protein_280,GCF_021184145.1;protein_654,GCF_017821655.1;protein_1238,GCF_016757555.1;protein_1233,GCF_006337485.1;protein_214,GCF_006337745.1;protein_233,GCF_030323385.1;protein_1408,GCF_002952455.1;protein_173,GCF_002952675.1;protein_174
GCF_000685705.1;protein_294,GCF_020735805.1;protein_279,GCF_021184145.1;protein_653,GCF_017821655.1;protein_1237,GCF_016757555.1;protein_1232,GCF_006337485.1;protein_215,GCF_006337745.1;protein_234,GCF_030323385.1;protein_1393,GCF_002952455.1;protein_174,GCF_002952675.1;protein_175
GCF_000685705.1;protein_295,GCF_020735805.1;protein_278,GCF_021184145.1;protein_652,GCF_017821655.1;protein_1236,GCF_016757555.1;protein_1231,GCF_006337485.1;protein_216,GCF_006337745.1;protein_235,GCF_030323385.1;protein_1394,GCF_002952455.1;protein_175,GCF_002952675.1;protein_176
GCF_000685705.1;protein_296,GCF_020735805.1;protein_277,GCF_021184145.1;protein_649,GCF_017821655.1;protein_1233,GCF_016757555.1;protein_1230,GCF_006337485.1;protein_219,GCF_006337745.1;protein_238,GCF_030323385.1;protein_1397,GCF_002952455.1;protein_178,GCF_002952675.1;protein_179
GCF_000685705.1;protein_297,GCF_020735805.1;protein_276,GCF_021184145.1;protein_648,GCF_017821655.1;protein_1232,GCF_016757555.1;protein_1229,GCF_006337485.1;protein_220,GCF_006337745.1;protein_239,GCF_030323385.1;protein_1398,GCF_002952455.1;protein_179,GCF_002952675.1;protein_180
GCF_000685705.1;protein_298,GCF_020735805.1;protein_275,GCF_021184145.1;protein_647,GCF_017821655.1;protein_1231,GCF_016757555.1;protein_1228,GCF_006337485.1;protein_221,GCF_006337745.1;protein_240,GCF_030323385.1;protein_1399,GCF_002952455.1;protein_180,GCF_002952675.1;protein_181
GCF_000685705.1;protein_3,GCF_020735805.1;protein_574,GCF_021184145.1;protein_951,GCF_017821655.1;protein_3,GCF_016757555.1;protein_3,GCF_006337485.1;protein_1491,GCF_006337745.1;protein_1488,GCF_030323385.1;protein_152,GCF_002952455.1;protein_1477,GCF_002952675.1;protein_1482
GCF_000685705.1;protein_30,GCF_020735805.1;protein_601,GCF_021184145.1;protein_978,GCF_017821655.1;protein_31,GCF_016757555.1;protein_31,GCF_006337485.1;protein_1464,GCF_006337745.1;protein_1461,GCF_030323385.1;protein_179,GCF_002952455.1;protein_1450,GCF_002952675.1;protein_1455
GCF_000685705.1;protein_304,GCF_020735805.1;protein_262,GCF_021184145.1;protein_644,GCF_017821655.1;protein_1226,GCF_016757555.1;protein_1223,GCF_006337485.1;protein_228,GCF_006337745.1;protein_252,GCF_030323385.1;protein_1404,GCF_002952455.1;protein_185,GCF_002952675.1;protein_186
GCF_000685705.1;protein_305,GCF_020735805.1;protein_261,GCF_021184145.1;protein_643,GCF_017821655.1;protein_1225,GCF_016757555.1;protein_1222,GCF_006337485.1;protein_229,GCF_006337745.1;protein_253,GCF_030323385.1;protein_1405,GCF_002952455.1;protein_186,GCF_002952675.1;protein_187
GCF_000685705.1;protein_306,GCF_020735805.1;protein_260,GCF_021184145.1;protein_642,GCF_017821655.1;protein_1224,GCF_016757555.1;protein_1221,GCF_006337485.1;protein_230,GCF_006337745.1;protein_254,GCF_030323385.1;protein_1406,GCF_002952455.1;protein_187,GCF_002952675.1;protein_188
GCF_000685705.1;protein_308,GCF_020735805.1;protein_257,GCF_021184145.1;protein_640,GCF_017821655.1;protein_1219,GCF_016757555.1;protein_1219,GCF_006337485.1;protein_232,GCF_006337745.1;protein_256,GCF_030323385.1;protein_1389,GCF_002952455.1;protein_189,GCF_002952675.1;protein_190
GCF_000685705.1;protein_309,GCF_020735805.1;protein_256,GCF_021184145.1;protein_639,GCF_017821655.1;protein_1218,GCF_016757555.1;protein_1218,GCF_006337485.1;protein_233,GCF_006337745.1;protein_257,GCF_030323385.1;protein_1388,GCF_002952455.1;protein_190,GCF_002952675.1;protein_191
GCF_000685705.1;protein_31,GCF_020735805.1;protein_602,GCF_021184145.1;protein_979,GCF_017821655.1;protein_32,GCF_016757555.1;protein_32,GCF_006337485.1;protein_1463,GCF_006337745.1;protein_1460,GCF_030323385.1;protein_180,GCF_002952455.1;protein_1449,GCF_002952675.1;protein_1454
GCF_000685705.1;protein_310,GCF_020735805.1;protein_255,GCF_021184145.1;protein_638,GCF_017821655.1;protein_1217,GCF_016757555.1;protein_1217,GCF_006337485.1;protein_234,GCF_006337745.1;protein_258,GCF_030323385.1;protein_1387,GCF_002952455.1;protein_191,GCF_002952675.1;protein_192
GCF_000685705.1;protein_311,GCF_020735805.1;protein_254,GCF_021184145.1;protein_637,GCF_017821655.1;protein_1216,GCF_016757555.1;protein_1216,GCF_006337485.1;protein_235,GCF_006337745.1;protein_259,GCF_030323385.1;protein_1386,GCF_002952455.1;protein_192,GCF_002952675.1;protein_193
GCF_000685705.1;protein_312,GCF_020735805.1;protein_253,GCF_021184145.1;protein_636,GCF_017821655.1;protein_1215,GCF_016757555.1;protein_1215,GCF_006337485.1;protein_236,GCF_006337745.1;protein_260,GCF_030323385.1;protein_1385,GCF_002952455.1;protein_193,GCF_002952675.1;protein_194
GCF_000685705.1;protein_313,GCF_020735805.1;protein_252,GCF_021184145.1;protein_635,GCF_017821655.1;protein_1214,GCF_016757555.1;protein_1214,GCF_006337485.1;protein_237,GCF_006337745.1;protein_261,GCF_030323385.1;protein_1384,GCF_002952455.1;protein_194,GCF_002952675.1;protein_195
GCF_000685705.1;protein_314,GCF_020735805.1;protein_251,GCF_021184145.1;protein_634,GCF_017821655.1;protein_1213,GCF_016757555.1;protein_1213,GCF_006337485.1;protein_238,GCF_006337745.1;protein_262,GCF_030323385.1;protein_1383,GCF_002952455.1;protein_195,GCF_002952675.1;protein_196
GCF_000685705.1;protein_315,GCF_020735805.1;protein_250,GCF_021184145.1;protein_633,GCF_017821655.1;protein_1212,GCF_016757555.1;protein_1212,GCF_006337485.1;protein_239,GCF_006337745.1;protein_263,GCF_030323385.1;protein_1382,GCF_002952455.1;protein_196,GCF_002952675.1;protein_197
GCF_000685705.1;protein_316,GCF_020735805.1;protein_249,GCF_021184145.1;protein_632,GCF_017821655.1;protein_1211,GCF_016757555.1;protein_1211,GCF_006337485.1;protein_240,GCF_006337745.1;protein_264,GCF_030323385.1;protein_1381,GCF_002952455.1;protein_197,GCF_002952675.1;protein_198
GCF_000685705.1;protein_317,GCF_020735805.1;protein_248,GCF_021184145.1;protein_631,GCF_017821655.1;protein_1210,GCF_016757555.1;protein_1210,GCF_006337485.1;protein_241,GCF_006337745.1;protein_265,GCF_030323385.1;protein_1380,GCF_002952455.1;protein_198,GCF_002952675.1;protein_199
GCF_000685705.1;protein_318,GCF_020735805.1;protein_247,GCF_021184145.1;protein_630,GCF_017821655.1;protein_1209,GCF_016757555.1;protein_1209,GCF_006337485.1;protein_242,GCF_006337745.1;protein_266,GCF_030323385.1;protein_1379,GCF_002952455.1;protein_199,GCF_002952675.1;protein_200
GCF_000685705.1;protein_319,GCF_020735805.1;protein_246,GCF_021184145.1;protein_629,GCF_017821655.1;protein_1208,GCF_016757555.1;protein_1208,GCF_006337485.1;protein_243,GCF_006337745.1;protein_267,GCF_030323385.1;protein_1378,GCF_002952455.1;protein_200,GCF_002952675.1;protein_201
GCF_000685705.1;protein_32,GCF_020735805.1;protein_603,GCF_021184145.1;protein_980,GCF_017821655.1;protein_33,GCF_016757555.1;protein_33,GCF_006337485.1;protein_1462,GCF_006337745.1;protein_1459,GCF_030323385.1;protein_181,GCF_002952455.1;protein_1448,GCF_002952675.1;protein_1453
GCF_000685705.1;protein_320,GCF_020735805.1;protein_245,GCF_021184145.1;protein_628,GCF_017821655.1;protein_1207,GCF_016757555.1;protein_1207,GCF_006337485.1;protein_244,GCF_006337745.1;protein_268,GCF_030323385.1;protein_1377,GCF_002952455.1;protein_201,GCF_002952675.1;protein_202
GCF_000685705.1;protein_321,GCF_020735805.1;protein_244,GCF_021184145.1;protein_627,GCF_017821655.1;protein_1206,GCF_016757555.1;protein_1206,GCF_006337485.1;protein_245,GCF_006337745.1;protein_269,GCF_030323385.1;protein_1376,GCF_002952455.1;protein_202,GCF_002952675.1;protein_203
GCF_000685705.1;protein_322,GCF_020735805.1;protein_243,GCF_021184145.1;protein_626,GCF_017821655.1;protein_1205,GCF_016757555.1;protein_1205,GCF_006337485.1;protein_246,GCF_006337745.1;protein_270,GCF_030323385.1;protein_1375,GCF_002952455.1;protein_203,GCF_002952675.1;protein_204
GCF_000685705.1;protein_323,GCF_020735805.1;protein_242,GCF_021184145.1;protein_625,GCF_017821655.1;protein_1204,GCF_016757555.1;protein_1204,GCF_006337485.1;protein_247,GCF_006337745.1;protein_271,GCF_030323385.1;protein_1374,GCF_002952455.1;protein_204,GCF_002952675.1;protein_205
GCF_000685705.1;protein_324,GCF_020735805.1;protein_241,GCF_021184145.1;protein_624,GCF_017821655.1;protein_1203,GCF_016757555.1;protein_1203,GCF_006337485.1;protein_248,GCF_006337745.1;protein_272,GCF_030323385.1;protein_1373,GCF_002952455.1;protein_205,GCF_002952675.1;protein_206
GCF_000685705.1;protein_325,GCF_020735805.1;protein_240,GCF_021184145.1;protein_623,GCF_017821655.1;protein_1202,GCF_016757555.1;protein_1202,GCF_006337485.1;protein_249,GCF_006337745.1;protein_273,GCF_030323385.1;protein_1372,GCF_002952455.1;protein_206,GCF_002952675.1;protein_207
GCF_000685705.1;protein_326,GCF_020735805.1;protein_239,GCF_021184145.1;protein_622,GCF_017821655.1;protein_1201,GCF_016757555.1;protein_1201,GCF_006337485.1;protein_250,GCF_006337745.1;protein_274,GCF_030323385.1;protein_1371,GCF_002952455.1;protein_207,GCF_002952675.1;protein_208
GCF_000685705.1;protein_327,GCF_020735805.1;protein_238,GCF_021184145.1;protein_621,GCF_017821655.1;protein_1200,GCF_016757555.1;protein_1200,GCF_006337485.1;protein_251,GCF_006337745.1;protein_275,GCF_030323385.1;protein_1370,GCF_002952455.1;protein_208,GCF_002952675.1;protein_209
GCF_000685705.1;protein_329,GCF_020735805.1;protein_236,GCF_021184145.1;protein_619,GCF_017821655.1;protein_1198,GCF_016757555.1;protein_1198,GCF_006337485.1;protein_253,GCF_006337745.1;protein_277,GCF_030323385.1;protein_1368,GCF_002952455.1;protein_210,GCF_002952675.1;protein_211
GCF_000685705.1;protein_33,GCF_020735805.1;protein_604,GCF_021184145.1;protein_981,GCF_017821655.1;protein_34,GCF_016757555.1;protein_34,GCF_006337485.1;protein_1461,GCF_006337745.1;protein_1458,GCF_030323385.1;protein_182,GCF_002952455.1;protein_1447,GCF_002952675.1;protein_1452
GCF_000685705.1;protein_330,GCF_020735805.1;protein_235,GCF_021184145.1;protein_618,GCF_017821655.1;protein_1197,GCF_016757555.1;protein_1197,GCF_006337485.1;protein_254,GCF_006337745.1;protein_278,GCF_030323385.1;protein_1367,GCF_002952455.1;protein_211,GCF_002952675.1;protein_212
GCF_000685705.1;protein_331,GCF_020735805.1;protein_234,GCF_021184145.1;protein_617,GCF_017821655.1;protein_1196,GCF_016757555.1;protein_1196,GCF_006337485.1;protein_255,GCF_006337745.1;protein_279,GCF_030323385.1;protein_1366,GCF_002952455.1;protein_212,GCF_002952675.1;protein_213
GCF_000685705.1;protein_332,GCF_020735805.1;protein_233,GCF_021184145.1;protein_616,GCF_017821655.1;protein_1195,GCF_016757555.1;protein_1195,GCF_006337485.1;protein_256,GCF_006337745.1;protein_280,GCF_030323385.1;protein_1365,GCF_002952455.1;protein_213,GCF_002952675.1;protein_214
GCF_000685705.1;protein_334,GCF_020735805.1;protein_231,GCF_021184145.1;protein_614,GCF_017821655.1;protein_1193,GCF_016757555.1;protein_1193,GCF_006337485.1;protein_258,GCF_006337745.1;protein_282,GCF_030323385.1;protein_1363,GCF_002952455.1;protein_215,GCF_002952675.1;protein_216
GCF_000685705.1;protein_335,GCF_020735805.1;protein_230,GCF_021184145.1;protein_613,GCF_017821655.1;protein_1192,GCF_016757555.1;protein_1192,GCF_006337485.1;protein_259,GCF_006337745.1;protein_283,GCF_030323385.1;protein_1362,GCF_002952455.1;protein_216,GCF_002952675.1;protein_217
GCF_000685705.1;protein_336,GCF_020735805.1;protein_229,GCF_021184145.1;protein_612,GCF_017821655.1;protein_1191,GCF_016757555.1;protein_1191,GCF_006337485.1;protein_260,GCF_006337745.1;protein_284,GCF_030323385.1;protein_1361,GCF_002952455.1;protein_217,GCF_002952675.1;protein_218
GCF_000685705.1;protein_337,GCF_020735805.1;protein_228,GCF_021184145.1;protein_611,GCF_017821655.1;protein_1190,GCF_016757555.1;protein_1190,GCF_006337485.1;protein_261,GCF_006337745.1;protein_285,GCF_030323385.1;protein_1360,GCF_002952455.1;protein_218,GCF_002952675.1;protein_219
GCF_000685705.1;protein_338,GCF_020735805.1;protein_227,GCF_021184145.1;protein_610,GCF_017821655.1;protein_1189,GCF_016757555.1;protein_1189,GCF_006337485.1;protein_262,GCF_006337745.1;protein_286,GCF_030323385.1;protein_1359,GCF_002952455.1;protein_219,GCF_002952675.1;protein_220
GCF_000685705.1;protein_339,GCF_020735805.1;protein_226,GCF_021184145.1;protein_609,GCF_017821655.1;protein_1188,GCF_016757555.1;protein_1188,GCF_006337485.1;protein_263,GCF_006337745.1;protein_287,GCF_030323385.1;protein_1358,GCF_002952455.1;protein_220,GCF_002952675.1;protein_221
GCF_000685705.1;protein_34,GCF_020735805.1;protein_605,GCF_021184145.1;protein_982,GCF_017821655.1;protein_35,GCF_016757555.1;protein_35,GCF_006337485.1;protein_1460,GCF_006337745.1;protein_1457,GCF_030323385.1;protein_183,GCF_002952455.1;protein_1446,GCF_002952675.1;protein_1451
GCF_000685705.1;protein_341,GCF_020735805.1;protein_224,GCF_021184145.1;protein_607,GCF_017821655.1;protein_1186,GCF_016757555.1;protein_1186,GCF_006337485.1;protein_265,GCF_006337745.1;protein_289,GCF_030323385.1;protein_1356,GCF_002952455.1;protein_222,GCF_002952675.1;protein_223
GCF_000685705.1;protein_342,GCF_020735805.1;protein_223,GCF_021184145.1;protein_606,GCF_017821655.1;protein_1185,GCF_016757555.1;protein_1185,GCF_006337485.1;protein_266,GCF_006337745.1;protein_290,GCF_030323385.1;protein_1355,GCF_002952455.1;protein_223,GCF_002952675.1;protein_224
GCF_000685705.1;protein_343,GCF_020735805.1;protein_222,GCF_021184145.1;protein_605,GCF_017821655.1;protein_1184,GCF_016757555.1;protein_1184,GCF_006337485.1;protein_267,GCF_006337745.1;protein_291,GCF_030323385.1;protein_1354,GCF_002952455.1;protein_224,GCF_002952675.1;protein_225
GCF_000685705.1;protein_344,GCF_020735805.1;protein_221,GCF_021184145.1;protein_603,GCF_017821655.1;protein_1182,GCF_016757555.1;protein_1183,GCF_006337485.1;protein_269,GCF_006337745.1;protein_292,GCF_030323385.1;protein_1352,GCF_002952455.1;protein_225,GCF_002952675.1;protein_226
GCF_000685705.1;protein_345,GCF_020735805.1;protein_220,GCF_021184145.1;protein_602,GCF_017821655.1;protein_1181,GCF_016757555.1;protein_1182,GCF_006337485.1;protein_270,GCF_006337745.1;protein_293,GCF_030323385.1;protein_1351,GCF_002952455.1;protein_226,GCF_002952675.1;protein_227
GCF_000685705.1;protein_35,GCF_020735805.1;protein_606,GCF_021184145.1;protein_983,GCF_017821655.1;protein_36,GCF_016757555.1;protein_36,GCF_006337485.1;protein_1459,GCF_006337745.1;protein_1456,GCF_030323385.1;protein_184,GCF_002952455.1;protein_1445,GCF_002952675.1;protein_1450
GCF_000685705.1;protein_36,GCF_020735805.1;protein_607,GCF_021184145.1;protein_984,GCF_017821655.1;protein_37,GCF_016757555.1;protein_37,GCF_006337485.1;protein_1458,GCF_006337745.1;protein_1455,GCF_030323385.1;protein_185,GCF_002952455.1;protein_1444,GCF_002952675.1;protein_1449
GCF_000685705.1;protein_37,GCF_020735805.1;protein_608,GCF_021184145.1;protein_985,GCF_017821655.1;protein_38,GCF_016757555.1;protein_38,GCF_006337485.1;protein_1457,GCF_006337745.1;protein_1454,GCF_030323385.1;protein_186,GCF_002952455.1;protein_1443,GCF_002952675.1;protein_1448
GCF_000685705.1;protein_377,GCF_020735805.1;protein_622,GCF_021184145.1;protein_999,GCF_017821655.1;protein_50,GCF_016757555.1;protein_49,GCF_006337485.1;protein_1440,GCF_006337745.1;protein_1439,GCF_030323385.1;protein_201,GCF_002952455.1;protein_1385,GCF_002952675.1;protein_1390
GCF_000685705.1;protein_378,GCF_020735805.1;protein_623,GCF_021184145.1;protein_1000,GCF_017821655.1;protein_51,GCF_016757555.1;protein_50,GCF_006337485.1;protein_1439,GCF_006337745.1;protein_1438,GCF_030323385.1;protein_202,GCF_002952455.1;protein_1384,GCF_002952675.1;protein_1389
GCF_000685705.1;protein_38,GCF_020735805.1;protein_609,GCF_021184145.1;protein_986,GCF_017821655.1;protein_39,GCF_016757555.1;protein_39,GCF_006337485.1;protein_1456,GCF_006337745.1;protein_1453,GCF_030323385.1;protein_187,GCF_002952455.1;protein_1442,GCF_002952675.1;protein_1447
GCF_000685705.1;protein_382,GCF_020735805.1;protein_627,GCF_021184145.1;protein_1007,GCF_017821655.1;protein_56,GCF_016757555.1;protein_54,GCF_006337485.1;protein_1435,GCF_006337745.1;protein_1434,GCF_030323385.1;protein_210,GCF_002952455.1;protein_1380,GCF_002952675.1;protein_1385
GCF_000685705.1;protein_383,GCF_020735805.1;protein_628,GCF_021184145.1;protein_1008,GCF_017821655.1;protein_57,GCF_016757555.1;protein_55,GCF_006337485.1;protein_1434,GCF_006337745.1;protein_1433,GCF_030323385.1;protein_211,GCF_002952455.1;protein_1379,GCF_002952675.1;protein_1384
GCF_000685705.1;protein_385,GCF_020735805.1;protein_630,GCF_021184145.1;protein_1010,GCF_017821655.1;protein_59,GCF_016757555.1;protein_57,GCF_006337485.1;protein_1373,GCF_006337745.1;protein_1431,GCF_030323385.1;protein_213,GCF_002952455.1;protein_1377,GCF_002952675.1;protein_1382
GCF_000685705.1;protein_386,GCF_020735805.1;protein_631,GCF_021184145.1;protein_1011,GCF_017821655.1;protein_60,GCF_016757555.1;protein_58,GCF_006337485.1;protein_1372,GCF_006337745.1;protein_1430,GCF_030323385.1;protein_214,GCF_002952455.1;protein_1376,GCF_002952675.1;protein_1381
GCF_000685705.1;protein_387,GCF_020735805.1;protein_632,GCF_021184145.1;protein_1012,GCF_017821655.1;protein_61,GCF_016757555.1;protein_59,GCF_006337485.1;protein_1371,GCF_006337745.1;protein_1429,GCF_030323385.1;protein_215,GCF_002952455.1;protein_1375,GCF_002952675.1;protein_1380
GCF_000685705.1;protein_388,GCF_020735805.1;protein_633,GCF_021184145.1;protein_1013,GCF_017821655.1;protein_62,GCF_016757555.1;protein_60,GCF_006337485.1;protein_1370,GCF_006337745.1;protein_1428,GCF_030323385.1;protein_216,GCF_002952455.1;protein_1374,GCF_002952675.1;protein_1379
GCF_000685705.1;protein_389,GCF_020735805.1;protein_634,GCF_021184145.1;protein_1014,GCF_017821655.1;protein_63,GCF_016757555.1;protein_61,GCF_006337485.1;protein_1369,GCF_006337745.1;protein_1427,GCF_030323385.1;protein_217,GCF_002952455.1;protein_1373,GCF_002952675.1;protein_1378
GCF_000685705.1;protein_39,GCF_020735805.1;protein_610,GCF_021184145.1;protein_987,GCF_017821655.1;protein_40,GCF_016757555.1;protein_40,GCF_006337485.1;protein_1455,GCF_006337745.1;protein_1452,GCF_030323385.1;protein_188,GCF_002952455.1;protein_1441,GCF_002952675.1;protein_1446
GCF_000685705.1;protein_390,GCF_020735805.1;protein_635,GCF_021184145.1;protein_1015,GCF_017821655.1;protein_64,GCF_016757555.1;protein_62,GCF_006337485.1;protein_1368,GCF_006337745.1;protein_1426,GCF_030323385.1;protein_218,GCF_002952455.1;protein_1372,GCF_002952675.1;protein_1377
GCF_000685705.1;protein_391,GCF_020735805.1;protein_636,GCF_021184145.1;protein_1016,GCF_017821655.1;protein_65,GCF_016757555.1;protein_63,GCF_006337485.1;protein_1367,GCF_006337745.1;protein_1425,GCF_030323385.1;protein_219,GCF_002952455.1;protein_1371,GCF_002952675.1;protein_1376
GCF_000685705.1;protein_392,GCF_020735805.1;protein_637,GCF_021184145.1;protein_1017,GCF_017821655.1;protein_66,GCF_016757555.1;protein_64,GCF_006337485.1;protein_1366,GCF_006337745.1;protein_1424,GCF_030323385.1;protein_220,GCF_002952455.1;protein_1370,GCF_002952675.1;protein_1375
GCF_000685705.1;protein_393,GCF_020735805.1;protein_638,GCF_021184145.1;protein_1018,GCF_017821655.1;protein_67,GCF_016757555.1;protein_65,GCF_006337485.1;protein_1365,GCF_006337745.1;protein_1423,GCF_030323385.1;protein_221,GCF_002952455.1;protein_1369,GCF_002952675.1;protein_1374
GCF_000685705.1;protein_394,GCF_020735805.1;protein_639,GCF_021184145.1;protein_1019,GCF_017821655.1;protein_68,GCF_016757555.1;protein_66,GCF_006337485.1;protein_1364,GCF_006337745.1;protein_1422,GCF_030323385.1;protein_222,GCF_002952455.1;protein_1368,GCF_002952675.1;protein_1373
GCF_000685705.1;protein_395,GCF_020735805.1;protein_640,GCF_021184145.1;protein_1020,GCF_017821655.1;protein_69,GCF_016757555.1;protein_67,GCF_006337485.1;protein_1363,GCF_006337745.1;protein_1421,GCF_030323385.1;protein_223,GCF_002952455.1;protein_1367,GCF_002952675.1;protein_1372
GCF_000685705.1;protein_396,GCF_020735805.1;protein_641,GCF_021184145.1;protein_1021,GCF_017821655.1;protein_70,GCF_016757555.1;protein_68,GCF_006337485.1;protein_1362,GCF_006337745.1;protein_1420,GCF_030323385.1;protein_224,GCF_002952455.1;protein_1366,GCF_002952675.1;protein_1371
GCF_000685705.1;protein_397,GCF_020735805.1;protein_642,GCF_021184145.1;protein_1022,GCF_017821655.1;protein_71,GCF_016757555.1;protein_69,GCF_006337485.1;protein_1361,GCF_006337745.1;protein_1419,GCF_030323385.1;protein_225,GCF_002952455.1;protein_1365,GCF_002952675.1;protein_1370
GCF_000685705.1;protein_398,GCF_020735805.1;protein_643,GCF_021184145.1;protein_1023,GCF_017821655.1;protein_72,GCF_016757555.1;protein_70,GCF_006337485.1;protein_1360,GCF_006337745.1;protein_1418,GCF_030323385.1;protein_226,GCF_002952455.1;protein_1364,GCF_002952675.1;protein_1369
GCF_000685705.1;protein_4,GCF_020735805.1;protein_575,GCF_021184145.1;protein_952,GCF_017821655.1;protein_4,GCF_016757555.1;protein_4,GCF_006337485.1;protein_1490,GCF_006337745.1;protein_1487,GCF_030323385.1;protein_153,GCF_002952455.1;protein_1476,GCF_002952675.1;protein_1481
GCF_000685705.1;protein_401,GCF_020735805.1;protein_645,GCF_021184145.1;protein_1025,GCF_017821655.1;protein_75,GCF_016757555.1;protein_72,GCF_006337485.1;protein_1358,GCF_006337745.1;protein_1415,GCF_030323385.1;protein_229,GCF_002952455.1;protein_1362,GCF_002952675.1;protein_1367
GCF_000685705.1;protein_403,GCF_020735805.1;protein_647,GCF_021184145.1;protein_1027,GCF_017821655.1;protein_77,GCF_016757555.1;protein_74,GCF_006337485.1;protein_1354,GCF_006337745.1;protein_1413,GCF_030323385.1;protein_232,GCF_002952455.1;protein_1360,GCF_002952675.1;protein_1365
GCF_000685705.1;protein_404,GCF_020735805.1;protein_648,GCF_021184145.1;protein_1028,GCF_017821655.1;protein_78,GCF_016757555.1;protein_75,GCF_006337485.1;protein_1353,GCF_006337745.1;protein_1412,GCF_030323385.1;protein_233,GCF_002952455.1;protein_1359,GCF_002952675.1;protein_1364
GCF_000685705.1;protein_405,GCF_020735805.1;protein_649,GCF_021184145.1;protein_1029,GCF_017821655.1;protein_79,GCF_016757555.1;protein_76,GCF_006337485.1;protein_1352,GCF_006337745.1;protein_1411,GCF_030323385.1;protein_234,GCF_002952455.1;protein_1358,GCF_002952675.1;protein_1363
GCF_000685705.1;protein_406,GCF_020735805.1;protein_650,GCF_021184145.1;protein_1030,GCF_017821655.1;protein_80,GCF_016757555.1;protein_77,GCF_006337485.1;protein_1351,GCF_006337745.1;protein_1410,GCF_030323385.1;protein_235,GCF_002952455.1;protein_1357,GCF_002952675.1;protein_1362
GCF_000685705.1;protein_407,GCF_020735805.1;protein_651,GCF_021184145.1;protein_1031,GCF_017821655.1;protein_81,GCF_016757555.1;protein_78,GCF_006337485.1;protein_1350,GCF_006337745.1;protein_1409,GCF_030323385.1;protein_236,GCF_002952455.1;protein_1356,GCF_002952675.1;protein_1361
GCF_000685705.1;protein_408,GCF_020735805.1;protein_652,GCF_021184145.1;protein_1032,GCF_017821655.1;protein_82,GCF_016757555.1;protein_79,GCF_006337485.1;protein_1349,GCF_006337745.1;protein_1408,GCF_030323385.1;protein_237,GCF_002952455.1;protein_1355,GCF_002952675.1;protein_1360
GCF_000685705.1;protein_409,GCF_020735805.1;protein_653,GCF_021184145.1;protein_1033,GCF_017821655.1;protein_83,GCF_016757555.1;protein_80,GCF_006337485.1;protein_1348,GCF_006337745.1;protein_1407,GCF_030323385.1;protein_238,GCF_002952455.1;protein_1354,GCF_002952675.1;protein_1359
GCF_000685705.1;protein_41,GCF_020735805.1;protein_613,GCF_021184145.1;protein_989,GCF_017821655.1;protein_43,GCF_016757555.1;protein_41,GCF_006337485.1;protein_1453,GCF_006337745.1;protein_1451,GCF_030323385.1;protein_190,GCF_002952455.1;protein_1440,GCF_002952675.1;protein_1445
GCF_000685705.1;protein_410,GCF_020735805.1;protein_654,GCF_021184145.1;protein_1034,GCF_017821655.1;protein_84,GCF_016757555.1;protein_81,GCF_006337485.1;protein_1347,GCF_006337745.1;protein_1406,GCF_030323385.1;protein_239,GCF_002952455.1;protein_1353,GCF_002952675.1;protein_1358
GCF_000685705.1;protein_412,GCF_020735805.1;protein_656,GCF_021184145.1;protein_1036,GCF_017821655.1;protein_86,GCF_016757555.1;protein_83,GCF_006337485.1;protein_1345,GCF_006337745.1;protein_1404,GCF_030323385.1;protein_241,GCF_002952455.1;protein_1351,GCF_002952675.1;protein_1356
GCF_000685705.1;protein_415,GCF_020735805.1;protein_659,GCF_021184145.1;protein_1039,GCF_017821655.1;protein_88,GCF_016757555.1;protein_86,GCF_006337485.1;protein_1342,GCF_006337745.1;protein_1402,GCF_030323385.1;protein_244,GCF_002952455.1;protein_1349,GCF_002952675.1;protein_1353
GCF_000685705.1;protein_416,GCF_020735805.1;protein_660,GCF_021184145.1;protein_1040,GCF_017821655.1;protein_89,GCF_016757555.1;protein_87,GCF_006337485.1;protein_1341,GCF_006337745.1;protein_1401,GCF_030323385.1;protein_245,GCF_002952455.1;protein_1348,GCF_002952675.1;protein_1352
GCF_000685705.1;protein_417,GCF_020735805.1;protein_661,GCF_021184145.1;protein_1041,GCF_017821655.1;protein_90,GCF_016757555.1;protein_88,GCF_006337485.1;protein_1340,GCF_006337745.1;protein_1400,GCF_030323385.1;protein_246,GCF_002952455.1;protein_1347,GCF_002952675.1;protein_1351
GCF_000685705.1;protein_418,GCF_020735805.1;protein_662,GCF_021184145.1;protein_1042,GCF_017821655.1;protein_91,GCF_016757555.1;protein_89,GCF_006337485.1;protein_1339,GCF_006337745.1;protein_1399,GCF_030323385.1;protein_247,GCF_002952455.1;protein_1346,GCF_002952675.1;protein_1350
GCF_000685705.1;protein_419,GCF_020735805.1;protein_663,GCF_021184145.1;protein_1043,GCF_017821655.1;protein_92,GCF_016757555.1;protein_90,GCF_006337485.1;protein_1338,GCF_006337745.1;protein_1398,GCF_030323385.1;protein_248,GCF_002952455.1;protein_1345,GCF_002952675.1;protein_1349
GCF_000685705.1;protein_42,GCF_020735805.1;protein_614,GCF_021184145.1;protein_990,GCF_017821655.1;protein_44,GCF_016757555.1;protein_42,GCF_006337485.1;protein_1452,GCF_006337745.1;protein_1450,GCF_030323385.1;protein_191,GCF_002952455.1;protein_1439,GCF_002952675.1;protein_1444
GCF_000685705.1;protein_420,GCF_020735805.1;protein_664,GCF_021184145.1;protein_1044,GCF_017821655.1;protein_93,GCF_016757555.1;protein_91,GCF_006337485.1;protein_1337,GCF_006337745.1;protein_1397,GCF_030323385.1;protein_249,GCF_002952455.1;protein_1344,GCF_002952675.1;protein_1348
GCF_000685705.1;protein_421,GCF_020735805.1;protein_665,GCF_021184145.1;protein_1045,GCF_017821655.1;protein_94,GCF_016757555.1;protein_92,GCF_006337485.1;protein_1336,GCF_006337745.1;protein_1396,GCF_030323385.1;protein_250,GCF_002952455.1;protein_1343,GCF_002952675.1;protein_1347
GCF_000685705.1;protein_422,GCF_020735805.1;protein_666,GCF_021184145.1;protein_1046,GCF_017821655.1;protein_95,GCF_016757555.1;protein_93,GCF_006337485.1;protein_1335,GCF_006337745.1;protein_1395,GCF_030323385.1;protein_251,GCF_002952455.1;protein_1342,GCF_002952675.1;protein_1346
GCF_000685705.1;protein_423,GCF_020735805.1;protein_667,GCF_021184145.1;protein_1047,GCF_017821655.1;protein_96,GCF_016757555.1;protein_94,GCF_006337485.1;protein_1334,GCF_006337745.1;protein_1394,GCF_030323385.1;protein_252,GCF_002952455.1;protein_1341,GCF_002952675.1;protein_1345
GCF_000685705.1;protein_424,GCF_020735805.1;protein_668,GCF_021184145.1;protein_1048,GCF_017821655.1;protein_97,GCF_016757555.1;protein_95,GCF_006337485.1;protein_1333,GCF_006337745.1;protein_1393,GCF_030323385.1;protein_253,GCF_002952455.1;protein_1340,GCF_002952675.1;protein_1344
GCF_000685705.1;protein_425,GCF_020735805.1;protein_669,GCF_021184145.1;protein_1049,GCF_017821655.1;protein_98,GCF_016757555.1;protein_96,GCF_006337485.1;protein_1332,GCF_006337745.1;protein_1392,GCF_030323385.1;protein_254,GCF_002952455.1;protein_1339,GCF_002952675.1;protein_1343
GCF_000685705.1;protein_426,GCF_020735805.1;protein_670,GCF_021184145.1;protein_1050,GCF_017821655.1;protein_99,GCF_016757555.1;protein_97,GCF_006337485.1;protein_1331,GCF_006337745.1;protein_1391,GCF_030323385.1;protein_255,GCF_002952455.1;protein_1338,GCF_002952675.1;protein_1342
GCF_000685705.1;protein_427,GCF_020735805.1;protein_671,GCF_021184145.1;protein_1051,GCF_017821655.1;protein_100,GCF_016757555.1;protein_98,GCF_006337485.1;protein_1330,GCF_006337745.1;protein_1390,GCF_030323385.1;protein_256,GCF_002952455.1;protein_1337,GCF_002952675.1;protein_1341
GCF_000685705.1;protein_429,GCF_020735805.1;protein_673,GCF_021184145.1;protein_1053,GCF_017821655.1;protein_102,GCF_016757555.1;protein_100,GCF_006337485.1;protein_1328,GCF_006337745.1;protein_1388,GCF_030323385.1;protein_257,GCF_002952455.1;protein_1335,GCF_002952675.1;protein_1339
GCF_000685705.1;protein_43,GCF_020735805.1;protein_615,GCF_021184145.1;protein_991,GCF_017821655.1;protein_45,GCF_016757555.1;protein_43,GCF_006337485.1;protein_1451,GCF_006337745.1;protein_1449,GCF_030323385.1;protein_192,GCF_002952455.1;protein_1438,GCF_002952675.1;protein_1443
GCF_000685705.1;protein_430,GCF_020735805.1;protein_674,GCF_021184145.1;protein_1054,GCF_017821655.1;protein_103,GCF_016757555.1;protein_101,GCF_006337485.1;protein_1327,GCF_006337745.1;protein_1387,GCF_030323385.1;protein_258,GCF_002952455.1;protein_1334,GCF_002952675.1;protein_1338
GCF_000685705.1;protein_431,GCF_020735805.1;protein_675,GCF_021184145.1;protein_1055,GCF_017821655.1;protein_104,GCF_016757555.1;protein_102,GCF_006337485.1;protein_1326,GCF_006337745.1;protein_1386,GCF_030323385.1;protein_259,GCF_002952455.1;protein_1333,GCF_002952675.1;protein_1337
GCF_000685705.1;protein_432,GCF_020735805.1;protein_676,GCF_021184145.1;protein_1056,GCF_017821655.1;protein_105,GCF_016757555.1;protein_103,GCF_006337485.1;protein_1325,GCF_006337745.1;protein_1385,GCF_030323385.1;protein_260,GCF_002952455.1;protein_1332,GCF_002952675.1;protein_1336
GCF_000685705.1;protein_433,GCF_020735805.1;protein_677,GCF_021184145.1;protein_1057,GCF_017821655.1;protein_106,GCF_016757555.1;protein_104,GCF_006337485.1;protein_1324,GCF_006337745.1;protein_1384,GCF_030323385.1;protein_261,GCF_002952455.1;protein_1331,GCF_002952675.1;protein_1335
GCF_000685705.1;protein_434,GCF_020735805.1;protein_678,GCF_021184145.1;protein_1058,GCF_017821655.1;protein_107,GCF_016757555.1;protein_105,GCF_006337485.1;protein_1323,GCF_006337745.1;protein_1383,GCF_030323385.1;protein_262,GCF_002952455.1;protein_1330,GCF_002952675.1;protein_1334
GCF_000685705.1;protein_435,GCF_020735805.1;protein_679,GCF_021184145.1;protein_1059,GCF_017821655.1;protein_108,GCF_016757555.1;protein_106,GCF_006337485.1;protein_1322,GCF_006337745.1;protein_1382,GCF_030323385.1;protein_263,GCF_002952455.1;protein_1329,GCF_002952675.1;protein_1333
GCF_000685705.1;protein_436,GCF_020735805.1;protein_680,GCF_021184145.1;protein_1060,GCF_017821655.1;protein_109,GCF_016757555.1;protein_107,GCF_006337485.1;protein_1321,GCF_006337745.1;protein_1381,GCF_030323385.1;protein_264,GCF_002952455.1;protein_1328,GCF_002952675.1;protein_1332
GCF_000685705.1;protein_437,GCF_020735805.1;protein_681,GCF_021184145.1;protein_1061,GCF_017821655.1;protein_110,GCF_016757555.1;protein_108,GCF_006337485.1;protein_1320,GCF_006337745.1;protein_1380,GCF_030323385.1;protein_265,GCF_002952455.1;protein_1327,GCF_002952675.1;protein_1331
GCF_000685705.1;protein_439,GCF_020735805.1;protein_683,GCF_021184145.1;protein_1063,GCF_017821655.1;protein_112,GCF_016757555.1;protein_111,GCF_006337485.1;protein_1318,GCF_006337745.1;protein_1378,GCF_030323385.1;protein_268,GCF_002952455.1;protein_1325,GCF_002952675.1;protein_1329
GCF_000685705.1;protein_44,GCF_020735805.1;protein_616,GCF_021184145.1;protein_992,GCF_017821655.1;protein_46,GCF_016757555.1;protein_44,GCF_006337485.1;protein_1450,GCF_006337745.1;protein_1448,GCF_030323385.1;protein_193,GCF_002952455.1;protein_1393,GCF_002952675.1;protein_1398
GCF_000685705.1;protein_440,GCF_020735805.1;protein_685,GCF_021184145.1;protein_1064,GCF_017821655.1;protein_114,GCF_016757555.1;protein_113,GCF_006337485.1;protein_1317,GCF_006337745.1;protein_1377,GCF_030323385.1;protein_269,GCF_002952455.1;protein_1323,GCF_002952675.1;protein_1327
GCF_000685705.1;protein_441,GCF_020735805.1;protein_686,GCF_021184145.1;protein_1065,GCF_017821655.1;protein_115,GCF_016757555.1;protein_114,GCF_006337485.1;protein_1316,GCF_006337745.1;protein_1376,GCF_030323385.1;protein_270,GCF_002952455.1;protein_1322,GCF_002952675.1;protein_1326
GCF_000685705.1;protein_442,GCF_020735805.1;protein_687,GCF_021184145.1;protein_1066,GCF_017821655.1;protein_116,GCF_016757555.1;protein_115,GCF_006337485.1;protein_1315,GCF_006337745.1;protein_1375,GCF_030323385.1;protein_271,GCF_002952455.1;protein_1321,GCF_002952675.1;protein_1325
GCF_000685705.1;protein_443,GCF_020735805.1;protein_688,GCF_021184145.1;protein_1067,GCF_017821655.1;protein_117,GCF_016757555.1;protein_116,GCF_006337485.1;protein_1314,GCF_006337745.1;protein_1374,GCF_030323385.1;protein_272,GCF_002952455.1;protein_1320,GCF_002952675.1;protein_1324
GCF_000685705.1;protein_444,GCF_020735805.1;protein_689,GCF_021184145.1;protein_1068,GCF_017821655.1;protein_118,GCF_016757555.1;protein_117,GCF_006337485.1;protein_1313,GCF_006337745.1;protein_1373,GCF_030323385.1;protein_273,GCF_002952455.1;protein_1319,GCF_002952675.1;protein_1323
GCF_000685705.1;protein_445,GCF_020735805.1;protein_690,GCF_021184145.1;protein_1069,GCF_017821655.1;protein_119,GCF_016757555.1;protein_118,GCF_006337485.1;protein_1312,GCF_006337745.1;protein_1372,GCF_030323385.1;protein_274,GCF_002952455.1;protein_1318,GCF_002952675.1;protein_1322
GCF_000685705.1;protein_447,GCF_020735805.1;protein_692,GCF_021184145.1;protein_1070,GCF_017821655.1;protein_121,GCF_016757555.1;protein_120,GCF_006337485.1;protein_1310,GCF_006337745.1;protein_1370,GCF_030323385.1;protein_275,GCF_002952455.1;protein_1316,GCF_002952675.1;protein_1320
GCF_000685705.1;protein_448,GCF_020735805.1;protein_694,GCF_021184145.1;protein_1071,GCF_017821655.1;protein_122,GCF_016757555.1;protein_122,GCF_006337485.1;protein_1308,GCF_006337745.1;protein_1368,GCF_030323385.1;protein_276,GCF_002952455.1;protein_1315,GCF_002952675.1;protein_1319
GCF_000685705.1;protein_449,GCF_020735805.1;protein_695,GCF_021184145.1;protein_1072,GCF_017821655.1;protein_123,GCF_016757555.1;protein_123,GCF_006337485.1;protein_1307,GCF_006337745.1;protein_1367,GCF_030323385.1;protein_277,GCF_002952455.1;protein_1314,GCF_002952675.1;protein_1318
GCF_000685705.1;protein_450,GCF_020735805.1;protein_696,GCF_021184145.1;protein_1073,GCF_017821655.1;protein_124,GCF_016757555.1;protein_124,GCF_006337485.1;protein_1306,GCF_006337745.1;protein_1366,GCF_030323385.1;protein_278,GCF_002952455.1;protein_1313,GCF_002952675.1;protein_1317
GCF_000685705.1;protein_451,GCF_020735805.1;protein_697,GCF_021184145.1;protein_1074,GCF_017821655.1;protein_125,GCF_016757555.1;protein_125,GCF_006337485.1;protein_1305,GCF_006337745.1;protein_1365,GCF_030323385.1;protein_279,GCF_002952455.1;protein_1312,GCF_002952675.1;protein_1316
GCF_000685705.1;protein_452,GCF_020735805.1;protein_698,GCF_021184145.1;protein_1075,GCF_017821655.1;protein_126,GCF_016757555.1;protein_126,GCF_006337485.1;protein_1304,GCF_006337745.1;protein_1364,GCF_030323385.1;protein_280,GCF_002952455.1;protein_1311,GCF_002952675.1;protein_1315
GCF_000685705.1;protein_453,GCF_020735805.1;protein_699,GCF_021184145.1;protein_1076,GCF_017821655.1;protein_127,GCF_016757555.1;protein_127,GCF_006337485.1;protein_1303,GCF_006337745.1;protein_1363,GCF_030323385.1;protein_281,GCF_002952455.1;protein_1310,GCF_002952675.1;protein_1314
GCF_000685705.1;protein_454,GCF_020735805.1;protein_700,GCF_021184145.1;protein_1077,GCF_017821655.1;protein_128,GCF_016757555.1;protein_128,GCF_006337485.1;protein_1302,GCF_006337745.1;protein_1362,GCF_030323385.1;protein_282,GCF_002952455.1;protein_1309,GCF_002952675.1;protein_1313
GCF_000685705.1;protein_455,GCF_020735805.1;protein_701,GCF_021184145.1;protein_1078,GCF_017821655.1;protein_129,GCF_016757555.1;protein_129,GCF_006337485.1;protein_1301,GCF_006337745.1;protein_1361,GCF_030323385.1;protein_283,GCF_002952455.1;protein_1308,GCF_002952675.1;protein_1312
GCF_000685705.1;protein_456,GCF_020735805.1;protein_702,GCF_021184145.1;protein_1079,GCF_017821655.1;protein_130,GCF_016757555.1;protein_130,GCF_006337485.1;protein_1300,GCF_006337745.1;protein_1360,GCF_030323385.1;protein_284,GCF_002952455.1;protein_1307,GCF_002952675.1;protein_1311
GCF_000685705.1;protein_457,GCF_020735805.1;protein_703,GCF_021184145.1;protein_1080,GCF_017821655.1;protein_131,GCF_016757555.1;protein_131,GCF_006337485.1;protein_1299,GCF_006337745.1;protein_1359,GCF_030323385.1;protein_285,GCF_002952455.1;protein_1306,GCF_002952675.1;protein_1310
GCF_000685705.1;protein_458,GCF_020735805.1;protein_704,GCF_021184145.1;protein_1081,GCF_017821655.1;protein_132,GCF_016757555.1;protein_132,GCF_006337485.1;protein_1298,GCF_006337745.1;protein_1358,GCF_030323385.1;protein_286,GCF_002952455.1;protein_1305,GCF_002952675.1;protein_1309
GCF_000685705.1;protein_459,GCF_020735805.1;protein_705,GCF_021184145.1;protein_1082,GCF_017821655.1;protein_133,GCF_016757555.1;protein_133,GCF_006337485.1;protein_1297,GCF_006337745.1;protein_1357,GCF_030323385.1;protein_287,GCF_002952455.1;protein_1304,GCF_002952675.1;protein_1308
GCF_000685705.1;protein_460,GCF_020735805.1;protein_706,GCF_021184145.1;protein_1083,GCF_017821655.1;protein_134,GCF_016757555.1;protein_134,GCF_006337485.1;protein_1296,GCF_006337745.1;protein_1356,GCF_030323385.1;protein_288,GCF_002952455.1;protein_1303,GCF_002952675.1;protein_1307
GCF_000685705.1;protein_461,GCF_020735805.1;protein_707,GCF_021184145.1;protein_1084,GCF_017821655.1;protein_135,GCF_016757555.1;protein_135,GCF_006337485.1;protein_1295,GCF_006337745.1;protein_1355,GCF_030323385.1;protein_289,GCF_002952455.1;protein_1302,GCF_002952675.1;protein_1306
GCF_000685705.1;protein_462,GCF_020735805.1;protein_708,GCF_021184145.1;protein_1085,GCF_017821655.1;protein_136,GCF_016757555.1;protein_136,GCF_006337485.1;protein_1294,GCF_006337745.1;protein_1354,GCF_030323385.1;protein_290,GCF_002952455.1;protein_1301,GCF_002952675.1;protein_1305
GCF_000685705.1;protein_463,GCF_020735805.1;protein_709,GCF_021184145.1;protein_1086,GCF_017821655.1;protein_137,GCF_016757555.1;protein_137,GCF_006337485.1;protein_1293,GCF_006337745.1;protein_1353,GCF_030323385.1;protein_291,GCF_002952455.1;protein_1300,GCF_002952675.1;protein_1304
GCF_000685705.1;protein_464,GCF_020735805.1;protein_710,GCF_021184145.1;protein_1087,GCF_017821655.1;protein_138,GCF_016757555.1;protein_138,GCF_006337485.1;protein_1292,GCF_006337745.1;protein_1352,GCF_030323385.1;protein_292,GCF_002952455.1;protein_1299,GCF_002952675.1;protein_1303
GCF_000685705.1;protein_465,GCF_020735805.1;protein_711,GCF_021184145.1;protein_1088,GCF_017821655.1;protein_139,GCF_016757555.1;protein_139,GCF_006337485.1;protein_1291,GCF_006337745.1;protein_1351,GCF_030323385.1;protein_293,GCF_002952455.1;protein_1298,GCF_002952675.1;protein_1302
GCF_000685705.1;protein_466,GCF_020735805.1;protein_712,GCF_021184145.1;protein_1089,GCF_017821655.1;protein_140,GCF_016757555.1;protein_140,GCF_006337485.1;protein_1290,GCF_006337745.1;protein_1350,GCF_030323385.1;protein_294,GCF_002952455.1;protein_1297,GCF_002952675.1;protein_1301
GCF_000685705.1;protein_467,GCF_020735805.1;protein_713,GCF_021184145.1;protein_1090,GCF_017821655.1;protein_141,GCF_016757555.1;protein_141,GCF_006337485.1;protein_1289,GCF_006337745.1;protein_1349,GCF_030323385.1;protein_295,GCF_002952455.1;protein_1296,GCF_002952675.1;protein_1300
GCF_000685705.1;protein_468,GCF_020735805.1;protein_714,GCF_021184145.1;protein_1091,GCF_017821655.1;protein_142,GCF_016757555.1;protein_142,GCF_006337485.1;protein_1288,GCF_006337745.1;protein_1348,GCF_030323385.1;protein_296,GCF_002952455.1;protein_1295,GCF_002952675.1;protein_1299
GCF_000685705.1;protein_469,GCF_020735805.1;protein_715,GCF_021184145.1;protein_1092,GCF_017821655.1;protein_143,GCF_016757555.1;protein_143,GCF_006337485.1;protein_1287,GCF_006337745.1;protein_1347,GCF_030323385.1;protein_297,GCF_002952455.1;protein_1294,GCF_002952675.1;protein_1298
GCF_000685705.1;protein_470,GCF_020735805.1;protein_716,GCF_021184145.1;protein_1093,GCF_017821655.1;protein_144,GCF_016757555.1;protein_144,GCF_006337485.1;protein_1286,GCF_006337745.1;protein_1346,GCF_030323385.1;protein_298,GCF_002952455.1;protein_1293,GCF_002952675.1;protein_1297
GCF_000685705.1;protein_471,GCF_020735805.1;protein_717,GCF_021184145.1;protein_1094,GCF_017821655.1;protein_145,GCF_016757555.1;protein_145,GCF_006337485.1;protein_1285,GCF_006337745.1;protein_1345,GCF_030323385.1;protein_299,GCF_002952455.1;protein_1292,GCF_002952675.1;protein_1296
GCF_000685705.1;protein_472,GCF_020735805.1;protein_718,GCF_021184145.1;protein_1095,GCF_017821655.1;protein_146,GCF_016757555.1;protein_146,GCF_006337485.1;protein_1284,GCF_006337745.1;protein_1344,GCF_030323385.1;protein_300,GCF_002952455.1;protein_1291,GCF_002952675.1;protein_1295
GCF_000685705.1;protein_473,GCF_020735805.1;protein_719,GCF_021184145.1;protein_1096,GCF_017821655.1;protein_147,GCF_016757555.1;protein_147,GCF_006337485.1;protein_1283,GCF_006337745.1;protein_1343,GCF_030323385.1;protein_301,GCF_002952455.1;protein_1290,GCF_002952675.1;protein_1294
GCF_000685705.1;protein_474,GCF_020735805.1;protein_720,GCF_021184145.1;protein_1097,GCF_017821655.1;protein_148,GCF_016757555.1;protein_148,GCF_006337485.1;protein_1282,GCF_006337745.1;protein_1342,GCF_030323385.1;protein_302,GCF_002952455.1;protein_1289,GCF_002952675.1;protein_1293
GCF_000685705.1;protein_475,GCF_020735805.1;protein_721,GCF_021184145.1;protein_1098,GCF_017821655.1;protein_149,GCF_016757555.1;protein_149,GCF_006337485.1;protein_1281,GCF_006337745.1;protein_1341,GCF_030323385.1;protein_303,GCF_002952455.1;protein_1288,GCF_002952675.1;protein_1292
GCF_000685705.1;protein_476,GCF_020735805.1;protein_722,GCF_021184145.1;protein_1099,GCF_017821655.1;protein_150,GCF_016757555.1;protein_150,GCF_006337485.1;protein_1280,GCF_006337745.1;protein_1340,GCF_030323385.1;protein_304,GCF_002952455.1;protein_1287,GCF_002952675.1;protein_1291
GCF_000685705.1;protein_478,GCF_020735805.1;protein_723,GCF_021184145.1;protein_1101,GCF_017821655.1;protein_151,GCF_016757555.1;protein_151,GCF_006337485.1;protein_1279,GCF_006337745.1;protein_1338,GCF_030323385.1;protein_305,GCF_002952455.1;protein_1285,GCF_002952675.1;protein_1289
GCF_000685705.1;protein_479,GCF_020735805.1;protein_724,GCF_021184145.1;protein_1102,GCF_017821655.1;protein_152,GCF_016757555.1;protein_152,GCF_006337485.1;protein_1278,GCF_006337745.1;protein_1337,GCF_030323385.1;protein_306,GCF_002952455.1;protein_1284,GCF_002952675.1;protein_1288
GCF_000685705.1;protein_480,GCF_020735805.1;protein_725,GCF_021184145.1;protein_1103,GCF_017821655.1;protein_153,GCF_016757555.1;protein_153,GCF_006337485.1;protein_1277,GCF_006337745.1;protein_1336,GCF_030323385.1;protein_307,GCF_002952455.1;protein_1283,GCF_002952675.1;protein_1287
GCF_000685705.1;protein_481,GCF_020735805.1;protein_726,GCF_021184145.1;protein_1104,GCF_017821655.1;protein_154,GCF_016757555.1;protein_154,GCF_006337485.1;protein_1276,GCF_006337745.1;protein_1335,GCF_030323385.1;protein_308,GCF_002952455.1;protein_1282,GCF_002952675.1;protein_1286
GCF_000685705.1;protein_482,GCF_020735805.1;protein_727,GCF_021184145.1;protein_1105,GCF_017821655.1;protein_155,GCF_016757555.1;protein_155,GCF_006337485.1;protein_1275,GCF_006337745.1;protein_1334,GCF_030323385.1;protein_309,GCF_002952455.1;protein_1281,GCF_002952675.1;protein_1285
GCF_000685705.1;protein_483,GCF_020735805.1;protein_728,GCF_021184145.1;protein_1106,GCF_017821655.1;protein_156,GCF_016757555.1;protein_156,GCF_006337485.1;protein_1274,GCF_006337745.1;protein_1333,GCF_030323385.1;protein_310,GCF_002952455.1;protein_1280,GCF_002952675.1;protein_1284
GCF_000685705.1;protein_484,GCF_020735805.1;protein_729,GCF_021184145.1;protein_1107,GCF_017821655.1;protein_157,GCF_016757555.1;protein_157,GCF_006337485.1;protein_1273,GCF_006337745.1;protein_1332,GCF_030323385.1;protein_311,GCF_002952455.1;protein_1279,GCF_002952675.1;protein_1283
GCF_000685705.1;protein_485,GCF_020735805.1;protein_730,GCF_021184145.1;protein_1108,GCF_017821655.1;protein_158,GCF_016757555.1;protein_158,GCF_006337485.1;protein_1272,GCF_006337745.1;protein_1331,GCF_030323385.1;protein_312,GCF_002952455.1;protein_1278,GCF_002952675.1;protein_1282
GCF_000685705.1;protein_486,GCF_020735805.1;protein_731,GCF_021184145.1;protein_1109,GCF_017821655.1;protein_159,GCF_016757555.1;protein_159,GCF_006337485.1;protein_1271,GCF_006337745.1;protein_1330,GCF_030323385.1;protein_313,GCF_002952455.1;protein_1277,GCF_002952675.1;protein_1281
GCF_000685705.1;protein_487,GCF_020735805.1;protein_732,GCF_021184145.1;protein_1110,GCF_017821655.1;protein_160,GCF_016757555.1;protein_160,GCF_006337485.1;protein_1270,GCF_006337745.1;protein_1329,GCF_030323385.1;protein_314,GCF_002952455.1;protein_1276,GCF_002952675.1;protein_1280
GCF_000685705.1;protein_488,GCF_020735805.1;protein_733,GCF_021184145.1;protein_1111,GCF_017821655.1;protein_161,GCF_016757555.1;protein_161,GCF_006337485.1;protein_1269,GCF_006337745.1;protein_1328,GCF_030323385.1;protein_315,GCF_002952455.1;protein_1275,GCF_002952675.1;protein_1279
GCF_000685705.1;protein_489,GCF_020735805.1;protein_734,GCF_021184145.1;protein_1112,GCF_017821655.1;protein_162,GCF_016757555.1;protein_162,GCF_006337485.1;protein_1268,GCF_006337745.1;protein_1327,GCF_030323385.1;protein_316,GCF_002952455.1;protein_1274,GCF_002952675.1;protein_1278
GCF_000685705.1;protein_491,GCF_020735805.1;protein_735,GCF_021184145.1;protein_1114,GCF_017821655.1;protein_164,GCF_016757555.1;protein_164,GCF_006337485.1;protein_1267,GCF_006337745.1;protein_1325,GCF_030323385.1;protein_318,GCF_002952455.1;protein_1272,GCF_002952675.1;protein_1276
GCF_000685705.1;protein_492,GCF_020735805.1;protein_736,GCF_021184145.1;protein_1115,GCF_017821655.1;protein_165,GCF_016757555.1;protein_165,GCF_006337485.1;protein_1266,GCF_006337745.1;protein_1324,GCF_030323385.1;protein_319,GCF_002952455.1;protein_1271,GCF_002952675.1;protein_1275
GCF_000685705.1;protein_493,GCF_020735805.1;protein_737,GCF_021184145.1;protein_1116,GCF_017821655.1;protein_166,GCF_016757555.1;protein_166,GCF_006337485.1;protein_1265,GCF_006337745.1;protein_1323,GCF_030323385.1;protein_320,GCF_002952455.1;protein_1270,GCF_002952675.1;protein_1274
GCF_000685705.1;protein_498,GCF_020735805.1;protein_739,GCF_021184145.1;protein_1120,GCF_017821655.1;protein_167,GCF_016757555.1;protein_170,GCF_006337485.1;protein_1259,GCF_006337745.1;protein_1322,GCF_030323385.1;protein_321,GCF_002952455.1;protein_1269,GCF_002952675.1;protein_1273
GCF_000685705.1;protein_499,GCF_020735805.1;protein_740,GCF_021184145.1;protein_1121,GCF_017821655.1;protein_168,GCF_016757555.1;protein_171,GCF_006337485.1;protein_1258,GCF_006337745.1;protein_1321,GCF_030323385.1;protein_322,GCF_002952455.1;protein_1268,GCF_002952675.1;protein_1272
GCF_000685705.1;protein_5,GCF_020735805.1;protein_576,GCF_021184145.1;protein_953,GCF_017821655.1;protein_5,GCF_016757555.1;protein_5,GCF_006337485.1;protein_1489,GCF_006337745.1;protein_1486,GCF_030323385.1;protein_154,GCF_002952455.1;protein_1475,GCF_002952675.1;protein_1480
GCF_000685705.1;protein_500,GCF_020735805.1;protein_741,GCF_021184145.1;protein_1122,GCF_017821655.1;protein_169,GCF_016757555.1;protein_172,GCF_006337485.1;protein_1257,GCF_006337745.1;protein_1320,GCF_030323385.1;protein_323,GCF_002952455.1;protein_1267,GCF_002952675.1;protein_1271
GCF_000685705.1;protein_501,GCF_020735805.1;protein_742,GCF_021184145.1;protein_1123,GCF_017821655.1;protein_170,GCF_016757555.1;protein_173,GCF_006337485.1;protein_1256,GCF_006337745.1;protein_1319,GCF_030323385.1;protein_324,GCF_002952455.1;protein_1266,GCF_002952675.1;protein_1270
GCF_000685705.1;protein_502,GCF_020735805.1;protein_743,GCF_021184145.1;protein_1124,GCF_017821655.1;protein_171,GCF_016757555.1;protein_174,GCF_006337485.1;protein_1255,GCF_006337745.1;protein_1318,GCF_030323385.1;protein_325,GCF_002952455.1;protein_1265,GCF_002952675.1;protein_1269
GCF_000685705.1;protein_503,GCF_020735805.1;protein_744,GCF_021184145.1;protein_1125,GCF_017821655.1;protein_172,GCF_016757555.1;protein_175,GCF_006337485.1;protein_1254,GCF_006337745.1;protein_1317,GCF_030323385.1;protein_326,GCF_002952455.1;protein_1264,GCF_002952675.1;protein_1268
GCF_000685705.1;protein_504,GCF_020735805.1;protein_745,GCF_021184145.1;protein_1126,GCF_017821655.1;protein_173,GCF_016757555.1;protein_176,GCF_006337485.1;protein_1253,GCF_006337745.1;protein_1316,GCF_030323385.1;protein_327,GCF_002952455.1;protein_1263,GCF_002952675.1;protein_1267
GCF_000685705.1;protein_505,GCF_020735805.1;protein_746,GCF_021184145.1;protein_1127,GCF_017821655.1;protein_174,GCF_016757555.1;protein_177,GCF_006337485.1;protein_1252,GCF_006337745.1;protein_1315,GCF_030323385.1;protein_328,GCF_002952455.1;protein_1262,GCF_002952675.1;protein_1266
GCF_000685705.1;protein_507,GCF_020735805.1;protein_748,GCF_021184145.1;protein_1129,GCF_017821655.1;protein_175,GCF_016757555.1;protein_179,GCF_006337485.1;protein_1250,GCF_006337745.1;protein_1313,GCF_030323385.1;protein_330,GCF_002952455.1;protein_1260,GCF_002952675.1;protein_1264
GCF_000685705.1;protein_508,GCF_020735805.1;protein_749,GCF_021184145.1;protein_1130,GCF_017821655.1;protein_176,GCF_016757555.1;protein_180,GCF_006337485.1;protein_1249,GCF_006337745.1;protein_1312,GCF_030323385.1;protein_331,GCF_002952455.1;protein_1259,GCF_002952675.1;protein_1263
GCF_000685705.1;protein_509,GCF_020735805.1;protein_750,GCF_021184145.1;protein_1131,GCF_017821655.1;protein_177,GCF_016757555.1;protein_181,GCF_006337485.1;protein_1248,GCF_006337745.1;protein_1311,GCF_030323385.1;protein_332,GCF_002952455.1;protein_1258,GCF_002952675.1;protein_1262
GCF_000685705.1;protein_510,GCF_020735805.1;protein_751,GCF_021184145.1;protein_1132,GCF_017821655.1;protein_178,GCF_016757555.1;protein_182,GCF_006337485.1;protein_1247,GCF_006337745.1;protein_1310,GCF_030323385.1;protein_333,GCF_002952455.1;protein_1257,GCF_002952675.1;protein_1261
GCF_000685705.1;protein_511,GCF_020735805.1;protein_752,GCF_021184145.1;protein_1133,GCF_017821655.1;protein_179,GCF_016757555.1;protein_183,GCF_006337485.1;protein_1246,GCF_006337745.1;protein_1309,GCF_030323385.1;protein_334,GCF_002952455.1;protein_1256,GCF_002952675.1;protein_1260
GCF_000685705.1;protein_512,GCF_020735805.1;protein_753,GCF_021184145.1;protein_1134,GCF_017821655.1;protein_180,GCF_016757555.1;protein_184,GCF_006337485.1;protein_1245,GCF_006337745.1;protein_1308,GCF_030323385.1;protein_335,GCF_002952455.1;protein_1255,GCF_002952675.1;protein_1259
GCF_000685705.1;protein_513,GCF_020735805.1;protein_754,GCF_021184145.1;protein_1135,GCF_017821655.1;protein_181,GCF_016757555.1;protein_185,GCF_006337485.1;protein_1244,GCF_006337745.1;protein_1307,GCF_030323385.1;protein_336,GCF_002952455.1;protein_1254,GCF_002952675.1;protein_1258
GCF_000685705.1;protein_514,GCF_020735805.1;protein_755,GCF_021184145.1;protein_1136,GCF_017821655.1;protein_182,GCF_016757555.1;protein_186,GCF_006337485.1;protein_1243,GCF_006337745.1;protein_1306,GCF_030323385.1;protein_337,GCF_002952455.1;protein_1253,GCF_002952675.1;protein_1257
GCF_000685705.1;protein_515,GCF_020735805.1;protein_756,GCF_021184145.1;protein_1137,GCF_017821655.1;protein_183,GCF_016757555.1;protein_187,GCF_006337485.1;protein_1242,GCF_006337745.1;protein_1305,GCF_030323385.1;protein_338,GCF_002952455.1;protein_1252,GCF_002952675.1;protein_1256
GCF_000685705.1;protein_516,GCF_020735805.1;protein_757,GCF_021184145.1;protein_1138,GCF_017821655.1;protein_184,GCF_016757555.1;protein_188,GCF_006337485.1;protein_1241,GCF_006337745.1;protein_1304,GCF_030323385.1;protein_339,GCF_002952455.1;protein_1251,GCF_002952675.1;protein_1255
GCF_000685705.1;protein_517,GCF_020735805.1;protein_758,GCF_021184145.1;protein_1139,GCF_017821655.1;protein_185,GCF_016757555.1;protein_189,GCF_006337485.1;protein_1240,GCF_006337745.1;protein_1303,GCF_030323385.1;protein_340,GCF_002952455.1;protein_1250,GCF_002952675.1;protein_1254
GCF_000685705.1;protein_518,GCF_020735805.1;protein_759,GCF_021184145.1;protein_1140,GCF_017821655.1;protein_186,GCF_016757555.1;protein_190,GCF_006337485.1;protein_1239,GCF_006337745.1;protein_1302,GCF_030323385.1;protein_341,GCF_002952455.1;protein_1249,GCF_002952675.1;protein_1253
GCF_000685705.1;protein_519,GCF_020735805.1;protein_760,GCF_021184145.1;protein_1141,GCF_017821655.1;protein_187,GCF_016757555.1;protein_191,GCF_006337485.1;protein_1238,GCF_006337745.1;protein_1301,GCF_030323385.1;protein_342,GCF_002952455.1;protein_1248,GCF_002952675.1;protein_1252
GCF_000685705.1;protein_520,GCF_020735805.1;protein_761,GCF_021184145.1;protein_1142,GCF_017821655.1;protein_188,GCF_016757555.1;protein_192,GCF_006337485.1;protein_1237,GCF_006337745.1;protein_1300,GCF_030323385.1;protein_343,GCF_002952455.1;protein_1247,GCF_002952675.1;protein_1251
GCF_000685705.1;protein_521,GCF_020735805.1;protein_762,GCF_021184145.1;protein_1143,GCF_017821655.1;protein_189,GCF_016757555.1;protein_193,GCF_006337485.1;protein_1236,GCF_006337745.1;protein_1299,GCF_030323385.1;protein_344,GCF_002952455.1;protein_1246,GCF_002952675.1;protein_1250
GCF_000685705.1;protein_522,GCF_020735805.1;protein_763,GCF_021184145.1;protein_1144,GCF_017821655.1;protein_190,GCF_016757555.1;protein_194,GCF_006337485.1;protein_1235,GCF_006337745.1;protein_1298,GCF_030323385.1;protein_345,GCF_002952455.1;protein_1245,GCF_002952675.1;protein_1249
GCF_000685705.1;protein_524,GCF_020735805.1;protein_765,GCF_021184145.1;protein_1146,GCF_017821655.1;protein_192,GCF_016757555.1;protein_196,GCF_006337485.1;protein_1233,GCF_006337745.1;protein_1296,GCF_030323385.1;protein_347,GCF_002952455.1;protein_1243,GCF_002952675.1;protein_1247
GCF_000685705.1;protein_527,GCF_020735805.1;protein_768,GCF_021184145.1;protein_1149,GCF_017821655.1;protein_195,GCF_016757555.1;protein_199,GCF_006337485.1;protein_1230,GCF_006337745.1;protein_1293,GCF_030323385.1;protein_351,GCF_002952455.1;protein_1241,GCF_002952675.1;protein_1245
GCF_000685705.1;protein_528,GCF_020735805.1;protein_769,GCF_021184145.1;protein_1150,GCF_017821655.1;protein_196,GCF_016757555.1;protein_200,GCF_006337485.1;protein_1229,GCF_006337745.1;protein_1292,GCF_030323385.1;protein_352,GCF_002952455.1;protein_1240,GCF_002952675.1;protein_1244
GCF_000685705.1;protein_529,GCF_020735805.1;protein_770,GCF_021184145.1;protein_1151,GCF_017821655.1;protein_197,GCF_016757555.1;protein_201,GCF_006337485.1;protein_1228,GCF_006337745.1;protein_1291,GCF_030323385.1;protein_353,GCF_002952455.1;protein_1239,GCF_002952675.1;protein_1243
GCF_000685705.1;protein_53,GCF_020735805.1;protein_342,GCF_021184145.1;protein_717,GCF_017821655.1;protein_1301,GCF_016757555.1;protein_1297,GCF_006337485.1;protein_151,GCF_006337745.1;protein_169,GCF_030323385.1;protein_1470,GCF_002952455.1;protein_1398,GCF_002952675.1;protein_1403
GCF_000685705.1;protein_530,GCF_020735805.1;protein_771,GCF_021184145.1;protein_1152,GCF_017821655.1;protein_198,GCF_016757555.1;protein_202,GCF_006337485.1;protein_1227,GCF_006337745.1;protein_1290,GCF_030323385.1;protein_354,GCF_002952455.1;protein_1238,GCF_002952675.1;protein_1242
GCF_000685705.1;protein_531,GCF_020735805.1;protein_772,GCF_021184145.1;protein_1153,GCF_017821655.1;protein_199,GCF_016757555.1;protein_203,GCF_006337485.1;protein_1226,GCF_006337745.1;protein_1289,GCF_030323385.1;protein_355,GCF_002952455.1;protein_1237,GCF_002952675.1;protein_1241
GCF_000685705.1;protein_532,GCF_020735805.1;protein_773,GCF_021184145.1;protein_1154,GCF_017821655.1;protein_200,GCF_016757555.1;protein_204,GCF_006337485.1;protein_1225,GCF_006337745.1;protein_1288,GCF_030323385.1;protein_356,GCF_002952455.1;protein_1236,GCF_002952675.1;protein_1240
GCF_000685705.1;protein_533,GCF_020735805.1;protein_774,GCF_021184145.1;protein_1155,GCF_017821655.1;protein_201,GCF_016757555.1;protein_205,GCF_006337485.1;protein_1224,GCF_006337745.1;protein_1287,GCF_030323385.1;protein_357,GCF_002952455.1;protein_1235,GCF_002952675.1;protein_1239
GCF_000685705.1;protein_534,GCF_020735805.1;protein_775,GCF_021184145.1;protein_1156,GCF_017821655.1;protein_202,GCF_016757555.1;protein_206,GCF_006337485.1;protein_1223,GCF_006337745.1;protein_1286,GCF_030323385.1;protein_358,GCF_002952455.1;protein_1234,GCF_002952675.1;protein_1238
GCF_000685705.1;protein_536,GCF_020735805.1;protein_776,GCF_021184145.1;protein_1158,GCF_017821655.1;protein_205,GCF_016757555.1;protein_209,GCF_006337485.1;protein_1216,GCF_006337745.1;protein_1283,GCF_030323385.1;protein_361,GCF_002952455.1;protein_1233,GCF_002952675.1;protein_1237
GCF_000685705.1;protein_537,GCF_020735805.1;protein_777,GCF_021184145.1;protein_1159,GCF_017821655.1;protein_206,GCF_016757555.1;protein_210,GCF_006337485.1;protein_1215,GCF_006337745.1;protein_1282,GCF_030323385.1;protein_362,GCF_002952455.1;protein_1232,GCF_002952675.1;protein_1236
GCF_000685705.1;protein_538,GCF_020735805.1;protein_778,GCF_021184145.1;protein_1160,GCF_017821655.1;protein_207,GCF_016757555.1;protein_211,GCF_006337485.1;protein_1214,GCF_006337745.1;protein_1281,GCF_030323385.1;protein_363,GCF_002952455.1;protein_1231,GCF_002952675.1;protein_1235
GCF_000685705.1;protein_539,GCF_020735805.1;protein_779,GCF_021184145.1;protein_1161,GCF_017821655.1;protein_208,GCF_016757555.1;protein_212,GCF_006337485.1;protein_1213,GCF_006337745.1;protein_1280,GCF_030323385.1;protein_364,GCF_002952455.1;protein_1230,GCF_002952675.1;protein_1234
GCF_000685705.1;protein_54,GCF_020735805.1;protein_343,GCF_021184145.1;protein_718,GCF_017821655.1;protein_1302,GCF_016757555.1;protein_1298,GCF_006337485.1;protein_150,GCF_006337745.1;protein_168,GCF_030323385.1;protein_1471,GCF_002952455.1;protein_1399,GCF_002952675.1;protein_1404
GCF_000685705.1;protein_540,GCF_020735805.1;protein_780,GCF_021184145.1;protein_1162,GCF_017821655.1;protein_209,GCF_016757555.1;protein_213,GCF_006337485.1;protein_1212,GCF_006337745.1;protein_1279,GCF_030323385.1;protein_365,GCF_002952455.1;protein_1229,GCF_002952675.1;protein_1233
GCF_000685705.1;protein_541,GCF_020735805.1;protein_781,GCF_021184145.1;protein_1163,GCF_017821655.1;protein_210,GCF_016757555.1;protein_214,GCF_006337485.1;protein_1211,GCF_006337745.1;protein_1278,GCF_030323385.1;protein_366,GCF_002952455.1;protein_1228,GCF_002952675.1;protein_1232
GCF_000685705.1;protein_542,GCF_020735805.1;protein_782,GCF_021184145.1;protein_1164,GCF_017821655.1;protein_211,GCF_016757555.1;protein_215,GCF_006337485.1;protein_1210,GCF_006337745.1;protein_1277,GCF_030323385.1;protein_367,GCF_002952455.1;protein_1227,GCF_002952675.1;protein_1231
GCF_000685705.1;protein_543,GCF_020735805.1;protein_783,GCF_021184145.1;protein_1165,GCF_017821655.1;protein_212,GCF_016757555.1;protein_217,GCF_006337485.1;protein_1209,GCF_006337745.1;protein_1276,GCF_030323385.1;protein_368,GCF_002952455.1;protein_1226,GCF_002952675.1;protein_1230
GCF_000685705.1;protein_545,GCF_020735805.1;protein_785,GCF_021184145.1;protein_1167,GCF_017821655.1;protein_214,GCF_016757555.1;protein_219,GCF_006337485.1;protein_1207,GCF_006337745.1;protein_1274,GCF_030323385.1;protein_370,GCF_002952455.1;protein_1224,GCF_002952675.1;protein_1228
GCF_000685705.1;protein_546,GCF_020735805.1;protein_786,GCF_021184145.1;protein_1168,GCF_017821655.1;protein_215,GCF_016757555.1;protein_220,GCF_006337485.1;protein_1206,GCF_006337745.1;protein_1273,GCF_030323385.1;protein_371,GCF_002952455.1;protein_1223,GCF_002952675.1;protein_1227
GCF_000685705.1;protein_547,GCF_020735805.1;protein_787,GCF_021184145.1;protein_1169,GCF_017821655.1;protein_216,GCF_016757555.1;protein_221,GCF_006337485.1;protein_1205,GCF_006337745.1;protein_1272,GCF_030323385.1;protein_372,GCF_002952455.1;protein_1222,GCF_002952675.1;protein_1226
GCF_000685705.1;protein_548,GCF_020735805.1;protein_788,GCF_021184145.1;protein_1170,GCF_017821655.1;protein_217,GCF_016757555.1;protein_222,GCF_006337485.1;protein_1204,GCF_006337745.1;protein_1271,GCF_030323385.1;protein_373,GCF_002952455.1;protein_1221,GCF_002952675.1;protein_1225
GCF_000685705.1;protein_549,GCF_020735805.1;protein_789,GCF_021184145.1;protein_1171,GCF_017821655.1;protein_218,GCF_016757555.1;protein_223,GCF_006337485.1;protein_1203,GCF_006337745.1;protein_1270,GCF_030323385.1;protein_374,GCF_002952455.1;protein_1220,GCF_002952675.1;protein_1224
GCF_000685705.1;protein_55,GCF_020735805.1;protein_344,GCF_021184145.1;protein_719,GCF_017821655.1;protein_1303,GCF_016757555.1;protein_1299,GCF_006337485.1;protein_149,GCF_006337745.1;protein_167,GCF_030323385.1;protein_1472,GCF_002952455.1;protein_1400,GCF_002952675.1;protein_1405
GCF_000685705.1;protein_550,GCF_020735805.1;protein_790,GCF_021184145.1;protein_1172,GCF_017821655.1;protein_219,GCF_016757555.1;protein_224,GCF_006337485.1;protein_1202,GCF_006337745.1;protein_1269,GCF_030323385.1;protein_375,GCF_002952455.1;protein_1219,GCF_002952675.1;protein_1223
GCF_000685705.1;protein_551,GCF_020735805.1;protein_791,GCF_021184145.1;protein_1173,GCF_017821655.1;protein_220,GCF_016757555.1;protein_225,GCF_006337485.1;protein_1201,GCF_006337745.1;protein_1268,GCF_030323385.1;protein_376,GCF_002952455.1;protein_1218,GCF_002952675.1;protein_1222
GCF_000685705.1;protein_552,GCF_020735805.1;protein_792,GCF_021184145.1;protein_1174,GCF_017821655.1;protein_221,GCF_016757555.1;protein_226,GCF_006337485.1;protein_1200,GCF_006337745.1;protein_1267,GCF_030323385.1;protein_377,GCF_002952455.1;protein_1217,GCF_002952675.1;protein_1221
GCF_000685705.1;protein_553,GCF_020735805.1;protein_793,GCF_021184145.1;protein_1175,GCF_017821655.1;protein_222,GCF_016757555.1;protein_227,GCF_006337485.1;protein_1199,GCF_006337745.1;protein_1266,GCF_030323385.1;protein_378,GCF_002952455.1;protein_1216,GCF_002952675.1;protein_1220
GCF_000685705.1;protein_554,GCF_020735805.1;protein_794,GCF_021184145.1;protein_1176,GCF_017821655.1;protein_223,GCF_016757555.1;protein_228,GCF_006337485.1;protein_1198,GCF_006337745.1;protein_1265,GCF_030323385.1;protein_379,GCF_002952455.1;protein_1215,GCF_002952675.1;protein_1219
GCF_000685705.1;protein_555,GCF_020735805.1;protein_795,GCF_021184145.1;protein_1177,GCF_017821655.1;protein_224,GCF_016757555.1;protein_229,GCF_006337485.1;protein_1197,GCF_006337745.1;protein_1264,GCF_030323385.1;protein_380,GCF_002952455.1;protein_1214,GCF_002952675.1;protein_1218
GCF_000685705.1;protein_556,GCF_020735805.1;protein_796,GCF_021184145.1;protein_1178,GCF_017821655.1;protein_225,GCF_016757555.1;protein_230,GCF_006337485.1;protein_1196,GCF_006337745.1;protein_1263,GCF_030323385.1;protein_381,GCF_002952455.1;protein_1213,GCF_002952675.1;protein_1217
GCF_000685705.1;protein_557,GCF_020735805.1;protein_797,GCF_021184145.1;protein_1179,GCF_017821655.1;protein_226,GCF_016757555.1;protein_231,GCF_006337485.1;protein_1195,GCF_006337745.1;protein_1262,GCF_030323385.1;protein_382,GCF_002952455.1;protein_1212,GCF_002952675.1;protein_1216
GCF_000685705.1;protein_558,GCF_020735805.1;protein_798,GCF_021184145.1;protein_1180,GCF_017821655.1;protein_227,GCF_016757555.1;protein_232,GCF_006337485.1;protein_1194,GCF_006337745.1;protein_1261,GCF_030323385.1;protein_383,GCF_002952455.1;protein_1211,GCF_002952675.1;protein_1215
GCF_000685705.1;protein_559,GCF_020735805.1;protein_799,GCF_021184145.1;protein_1181,GCF_017821655.1;protein_228,GCF_016757555.1;protein_233,GCF_006337485.1;protein_1193,GCF_006337745.1;protein_1260,GCF_030323385.1;protein_384,GCF_002952455.1;protein_1210,GCF_002952675.1;protein_1214
GCF_000685705.1;protein_56,GCF_020735805.1;protein_345,GCF_021184145.1;protein_720,GCF_017821655.1;protein_1304,GCF_016757555.1;protein_1300,GCF_006337485.1;protein_148,GCF_006337745.1;protein_166,GCF_030323385.1;protein_1473,GCF_002952455.1;protein_1401,GCF_002952675.1;protein_1406
GCF_000685705.1;protein_560,GCF_020735805.1;protein_800,GCF_021184145.1;protein_1182,GCF_017821655.1;protein_229,GCF_016757555.1;protein_234,GCF_006337485.1;protein_1192,GCF_006337745.1;protein_1259,GCF_030323385.1;protein_385,GCF_002952455.1;protein_1209,GCF_002952675.1;protein_1213
GCF_000685705.1;protein_561,GCF_020735805.1;protein_801,GCF_021184145.1;protein_1183,GCF_017821655.1;protein_230,GCF_016757555.1;protein_235,GCF_006337485.1;protein_1191,GCF_006337745.1;protein_1258,GCF_030323385.1;protein_386,GCF_002952455.1;protein_1208,GCF_002952675.1;protein_1212
GCF_000685705.1;protein_562,GCF_020735805.1;protein_802,GCF_021184145.1;protein_1184,GCF_017821655.1;protein_231,GCF_016757555.1;protein_236,GCF_006337485.1;protein_1190,GCF_006337745.1;protein_1257,GCF_030323385.1;protein_387,GCF_002952455.1;protein_1207,GCF_002952675.1;protein_1211
GCF_000685705.1;protein_563,GCF_020735805.1;protein_803,GCF_021184145.1;protein_1185,GCF_017821655.1;protein_232,GCF_016757555.1;protein_237,GCF_006337485.1;protein_1189,GCF_006337745.1;protein_1256,GCF_030323385.1;protein_388,GCF_002952455.1;protein_1206,GCF_002952675.1;protein_1210
GCF_000685705.1;protein_564,GCF_020735805.1;protein_804,GCF_021184145.1;protein_1186,GCF_017821655.1;protein_233,GCF_016757555.1;protein_238,GCF_006337485.1;protein_1188,GCF_006337745.1;protein_1255,GCF_030323385.1;protein_389,GCF_002952455.1;protein_1205,GCF_002952675.1;protein_1209
GCF_000685705.1;protein_565,GCF_020735805.1;protein_805,GCF_021184145.1;protein_1187,GCF_017821655.1;protein_234,GCF_016757555.1;protein_239,GCF_006337485.1;protein_1187,GCF_006337745.1;protein_1254,GCF_030323385.1;protein_390,GCF_002952455.1;protein_1204,GCF_002952675.1;protein_1208
GCF_000685705.1;protein_566,GCF_020735805.1;protein_806,GCF_021184145.1;protein_1188,GCF_017821655.1;protein_235,GCF_016757555.1;protein_240,GCF_006337485.1;protein_1186,GCF_006337745.1;protein_1253,GCF_030323385.1;protein_391,GCF_002952455.1;protein_1203,GCF_002952675.1;protein_1207
GCF_000685705.1;protein_567,GCF_020735805.1;protein_807,GCF_021184145.1;protein_1189,GCF_017821655.1;protein_236,GCF_016757555.1;protein_241,GCF_006337485.1;protein_1185,GCF_006337745.1;protein_1252,GCF_030323385.1;protein_392,GCF_002952455.1;protein_1202,GCF_002952675.1;protein_1206
GCF_000685705.1;protein_568,GCF_020735805.1;protein_808,GCF_021184145.1;protein_1190,GCF_017821655.1;protein_237,GCF_016757555.1;protein_242,GCF_006337485.1;protein_1184,GCF_006337745.1;protein_1251,GCF_030323385.1;protein_393,GCF_002952455.1;protein_1201,GCF_002952675.1;protein_1205
GCF_000685705.1;protein_569,GCF_020735805.1;protein_809,GCF_021184145.1;protein_1191,GCF_017821655.1;protein_238,GCF_016757555.1;protein_243,GCF_006337485.1;protein_1183,GCF_006337745.1;protein_1250,GCF_030323385.1;protein_394,GCF_002952455.1;protein_1200,GCF_002952675.1;protein_1204
GCF_000685705.1;protein_57,GCF_020735805.1;protein_346,GCF_021184145.1;protein_721,GCF_017821655.1;protein_1305,GCF_016757555.1;protein_1301,GCF_006337485.1;protein_147,GCF_006337745.1;protein_165,GCF_030323385.1;protein_1474,GCF_002952455.1;protein_1402,GCF_002952675.1;protein_1407
GCF_000685705.1;protein_570,GCF_020735805.1;protein_810,GCF_021184145.1;protein_1192,GCF_017821655.1;protein_239,GCF_016757555.1;protein_244,GCF_006337485.1;protein_1182,GCF_006337745.1;protein_1249,GCF_030323385.1;protein_395,GCF_002952455.1;protein_1199,GCF_002952675.1;protein_1203
GCF_000685705.1;protein_571,GCF_020735805.1;protein_811,GCF_021184145.1;protein_1193,GCF_017821655.1;protein_240,GCF_016757555.1;protein_245,GCF_006337485.1;protein_1181,GCF_006337745.1;protein_1248,GCF_030323385.1;protein_396,GCF_002952455.1;protein_1198,GCF_002952675.1;protein_1202
GCF_000685705.1;protein_572,GCF_020735805.1;protein_812,GCF_021184145.1;protein_1194,GCF_017821655.1;protein_241,GCF_016757555.1;protein_246,GCF_006337485.1;protein_1180,GCF_006337745.1;protein_1247,GCF_030323385.1;protein_397,GCF_002952455.1;protein_1197,GCF_002952675.1;protein_1201
GCF_000685705.1;protein_573,GCF_020735805.1;protein_813,GCF_021184145.1;protein_1195,GCF_017821655.1;protein_242,GCF_016757555.1;protein_247,GCF_006337485.1;protein_1179,GCF_006337745.1;protein_1246,GCF_030323385.1;protein_398,GCF_002952455.1;protein_1196,GCF_002952675.1;protein_1200
GCF_000685705.1;protein_574,GCF_020735805.1;protein_814,GCF_021184145.1;protein_1196,GCF_017821655.1;protein_243,GCF_016757555.1;protein_248,GCF_006337485.1;protein_1178,GCF_006337745.1;protein_1245,GCF_030323385.1;protein_399,GCF_002952455.1;protein_1195,GCF_002952675.1;protein_1199
GCF_000685705.1;protein_575,GCF_020735805.1;protein_815,GCF_021184145.1;protein_1197,GCF_017821655.1;protein_244,GCF_016757555.1;protein_249,GCF_006337485.1;protein_1177,GCF_006337745.1;protein_1244,GCF_030323385.1;protein_400,GCF_002952455.1;protein_1194,GCF_002952675.1;protein_1198
GCF_000685705.1;protein_576,GCF_020735805.1;protein_818,GCF_021184145.1;protein_1200,GCF_017821655.1;protein_247,GCF_016757555.1;protein_252,GCF_006337485.1;protein_1174,GCF_006337745.1;protein_1243,GCF_030323385.1;protein_403,GCF_002952455.1;protein_1191,GCF_002952675.1;protein_1195
GCF_000685705.1;protein_578,GCF_020735805.1;protein_820,GCF_021184145.1;protein_1202,GCF_017821655.1;protein_249,GCF_016757555.1;protein_254,GCF_006337485.1;protein_1172,GCF_006337745.1;protein_1241,GCF_030323385.1;protein_408,GCF_002952455.1;protein_1189,GCF_002952675.1;protein_1193
GCF_000685705.1;protein_579,GCF_020735805.1;protein_821,GCF_021184145.1;protein_1203,GCF_017821655.1;protein_250,GCF_016757555.1;protein_255,GCF_006337485.1;protein_1171,GCF_006337745.1;protein_1240,GCF_030323385.1;protein_409,GCF_002952455.1;protein_1188,GCF_002952675.1;protein_1192
GCF_000685705.1;protein_58,GCF_020735805.1;protein_347,GCF_021184145.1;protein_722,GCF_017821655.1;protein_1306,GCF_016757555.1;protein_1302,GCF_006337485.1;protein_146,GCF_006337745.1;protein_164,GCF_030323385.1;protein_1475,GCF_002952455.1;protein_1403,GCF_002952675.1;protein_1408
GCF_000685705.1;protein_580,GCF_020735805.1;protein_822,GCF_021184145.1;protein_1204,GCF_017821655.1;protein_251,GCF_016757555.1;protein_256,GCF_006337485.1;protein_1170,GCF_006337745.1;protein_1239,GCF_030323385.1;protein_410,GCF_002952455.1;protein_1187,GCF_002952675.1;protein_1191
GCF_000685705.1;protein_581,GCF_020735805.1;protein_823,GCF_021184145.1;protein_1205,GCF_017821655.1;protein_252,GCF_016757555.1;protein_257,GCF_006337485.1;protein_1169,GCF_006337745.1;protein_1238,GCF_030323385.1;protein_411,GCF_002952455.1;protein_1186,GCF_002952675.1;protein_1190
GCF_000685705.1;protein_582,GCF_020735805.1;protein_824,GCF_021184145.1;protein_1206,GCF_017821655.1;protein_253,GCF_016757555.1;protein_258,GCF_006337485.1;protein_1168,GCF_006337745.1;protein_1237,GCF_030323385.1;protein_412,GCF_002952455.1;protein_1185,GCF_002952675.1;protein_1189
GCF_000685705.1;protein_583,GCF_020735805.1;protein_825,GCF_021184145.1;protein_1207,GCF_017821655.1;protein_254,GCF_016757555.1;protein_259,GCF_006337485.1;protein_1167,GCF_006337745.1;protein_1236,GCF_030323385.1;protein_413,GCF_002952455.1;protein_1184,GCF_002952675.1;protein_1188
GCF_000685705.1;protein_584,GCF_020735805.1;protein_826,GCF_021184145.1;protein_1208,GCF_017821655.1;protein_255,GCF_016757555.1;protein_260,GCF_006337485.1;protein_1166,GCF_006337745.1;protein_1235,GCF_030323385.1;protein_414,GCF_002952455.1;protein_1183,GCF_002952675.1;protein_1187
GCF_000685705.1;protein_585,GCF_020735805.1;protein_827,GCF_021184145.1;protein_1209,GCF_017821655.1;protein_256,GCF_016757555.1;protein_261,GCF_006337485.1;protein_1165,GCF_006337745.1;protein_1234,GCF_030323385.1;protein_415,GCF_002952455.1;protein_1182,GCF_002952675.1;protein_1186
GCF_000685705.1;protein_586,GCF_020735805.1;protein_828,GCF_021184145.1;protein_1210,GCF_017821655.1;protein_257,GCF_016757555.1;protein_262,GCF_006337485.1;protein_1164,GCF_006337745.1;protein_1233,GCF_030323385.1;protein_416,GCF_002952455.1;protein_1181,GCF_002952675.1;protein_1185
GCF_000685705.1;protein_587,GCF_020735805.1;protein_829,GCF_021184145.1;protein_1211,GCF_017821655.1;protein_258,GCF_016757555.1;protein_263,GCF_006337485.1;protein_1163,GCF_006337745.1;protein_1232,GCF_030323385.1;protein_417,GCF_002952455.1;protein_1180,GCF_002952675.1;protein_1184
GCF_000685705.1;protein_588,GCF_020735805.1;protein_830,GCF_021184145.1;protein_1212,GCF_017821655.1;protein_259,GCF_016757555.1;protein_264,GCF_006337485.1;protein_1162,GCF_006337745.1;protein_1231,GCF_030323385.1;protein_418,GCF_002952455.1;protein_1179,GCF_002952675.1;protein_1183
GCF_000685705.1;protein_589,GCF_020735805.1;protein_831,GCF_021184145.1;protein_1213,GCF_017821655.1;protein_260,GCF_016757555.1;protein_265,GCF_006337485.1;protein_1161,GCF_006337745.1;protein_1230,GCF_030323385.1;protein_419,GCF_002952455.1;protein_1178,GCF_002952675.1;protein_1182
GCF_000685705.1;protein_59,GCF_020735805.1;protein_348,GCF_021184145.1;protein_723,GCF_017821655.1;protein_1307,GCF_016757555.1;protein_1303,GCF_006337485.1;protein_145,GCF_006337745.1;protein_163,GCF_030323385.1;protein_1476,GCF_002952455.1;protein_1404,GCF_002952675.1;protein_1409
GCF_000685705.1;protein_590,GCF_020735805.1;protein_833,GCF_021184145.1;protein_1214,GCF_017821655.1;protein_261,GCF_016757555.1;protein_266,GCF_006337485.1;protein_1160,GCF_006337745.1;protein_1229,GCF_030323385.1;protein_420,GCF_002952455.1;protein_1177,GCF_002952675.1;protein_1181
GCF_000685705.1;protein_591,GCF_020735805.1;protein_834,GCF_021184145.1;protein_1215,GCF_017821655.1;protein_262,GCF_016757555.1;protein_267,GCF_006337485.1;protein_1159,GCF_006337745.1;protein_1228,GCF_030323385.1;protein_421,GCF_002952455.1;protein_1176,GCF_002952675.1;protein_1180
GCF_000685705.1;protein_592,GCF_020735805.1;protein_835,GCF_021184145.1;protein_1216,GCF_017821655.1;protein_263,GCF_016757555.1;protein_268,GCF_006337485.1;protein_1158,GCF_006337745.1;protein_1227,GCF_030323385.1;protein_422,GCF_002952455.1;protein_1175,GCF_002952675.1;protein_1179
GCF_000685705.1;protein_593,GCF_020735805.1;protein_836,GCF_021184145.1;protein_1217,GCF_017821655.1;protein_264,GCF_016757555.1;protein_269,GCF_006337485.1;protein_1157,GCF_006337745.1;protein_1226,GCF_030323385.1;protein_423,GCF_002952455.1;protein_1174,GCF_002952675.1;protein_1178
GCF_000685705.1;protein_594,GCF_020735805.1;protein_837,GCF_021184145.1;protein_1218,GCF_017821655.1;protein_265,GCF_016757555.1;protein_270,GCF_006337485.1;protein_1156,GCF_006337745.1;protein_1225,GCF_030323385.1;protein_424,GCF_002952455.1;protein_1173,GCF_002952675.1;protein_1177
GCF_000685705.1;protein_595,GCF_020735805.1;protein_838,GCF_021184145.1;protein_1219,GCF_017821655.1;protein_266,GCF_016757555.1;protein_271,GCF_006337485.1;protein_1155,GCF_006337745.1;protein_1224,GCF_030323385.1;protein_425,GCF_002952455.1;protein_1172,GCF_002952675.1;protein_1176
GCF_000685705.1;protein_596,GCF_020735805.1;protein_839,GCF_021184145.1;protein_1220,GCF_017821655.1;protein_267,GCF_016757555.1;protein_272,GCF_006337485.1;protein_1154,GCF_006337745.1;protein_1223,GCF_030323385.1;protein_426,GCF_002952455.1;protein_1171,GCF_002952675.1;protein_1175
GCF_000685705.1;protein_597,GCF_020735805.1;protein_840,GCF_021184145.1;protein_1221,GCF_017821655.1;protein_268,GCF_016757555.1;protein_273,GCF_006337485.1;protein_1153,GCF_006337745.1;protein_1222,GCF_030323385.1;protein_427,GCF_002952455.1;protein_1170,GCF_002952675.1;protein_1174
GCF_000685705.1;protein_598,GCF_020735805.1;protein_841,GCF_021184145.1;protein_1222,GCF_017821655.1;protein_269,GCF_016757555.1;protein_274,GCF_006337485.1;protein_1152,GCF_006337745.1;protein_1221,GCF_030323385.1;protein_428,GCF_002952455.1;protein_1169,GCF_002952675.1;protein_1173
GCF_000685705.1;protein_599,GCF_020735805.1;protein_842,GCF_021184145.1;protein_1223,GCF_017821655.1;protein_270,GCF_016757555.1;protein_275,GCF_006337485.1;protein_1151,GCF_006337745.1;protein_1220,GCF_030323385.1;protein_429,GCF_002952455.1;protein_1168,GCF_002952675.1;protein_1172
GCF_000685705.1;protein_60,GCF_020735805.1;protein_349,GCF_021184145.1;protein_724,GCF_017821655.1;protein_1308,GCF_016757555.1;protein_1304,GCF_006337485.1;protein_144,GCF_006337745.1;protein_162,GCF_030323385.1;protein_1477,GCF_002952455.1;protein_1405,GCF_002952675.1;protein_1410
GCF_000685705.1;protein_600,GCF_020735805.1;protein_843,GCF_021184145.1;protein_1224,GCF_017821655.1;protein_271,GCF_016757555.1;protein_276,GCF_006337485.1;protein_1150,GCF_006337745.1;protein_1219,GCF_030323385.1;protein_430,GCF_002952455.1;protein_1167,GCF_002952675.1;protein_1171
GCF_000685705.1;protein_601,GCF_020735805.1;protein_844,GCF_021184145.1;protein_1225,GCF_017821655.1;protein_272,GCF_016757555.1;protein_277,GCF_006337485.1;protein_1149,GCF_006337745.1;protein_1218,GCF_030323385.1;protein_431,GCF_002952455.1;protein_1166,GCF_002952675.1;protein_1170
GCF_000685705.1;protein_602,GCF_020735805.1;protein_845,GCF_021184145.1;protein_1226,GCF_017821655.1;protein_273,GCF_016757555.1;protein_278,GCF_006337485.1;protein_1148,GCF_006337745.1;protein_1217,GCF_030323385.1;protein_432,GCF_002952455.1;protein_1165,GCF_002952675.1;protein_1169
GCF_000685705.1;protein_604,GCF_020735805.1;protein_847,GCF_021184145.1;protein_1228,GCF_017821655.1;protein_275,GCF_016757555.1;protein_280,GCF_006337485.1;protein_1146,GCF_006337745.1;protein_1215,GCF_030323385.1;protein_434,GCF_002952455.1;protein_1163,GCF_002952675.1;protein_1167
GCF_000685705.1;protein_605,GCF_020735805.1;protein_848,GCF_021184145.1;protein_1229,GCF_017821655.1;protein_276,GCF_016757555.1;protein_281,GCF_006337485.1;protein_1145,GCF_006337745.1;protein_1214,GCF_030323385.1;protein_435,GCF_002952455.1;protein_1162,GCF_002952675.1;protein_1166
GCF_000685705.1;protein_606,GCF_020735805.1;protein_849,GCF_021184145.1;protein_1230,GCF_017821655.1;protein_277,GCF_016757555.1;protein_282,GCF_006337485.1;protein_1144,GCF_006337745.1;protein_1213,GCF_030323385.1;protein_436,GCF_002952455.1;protein_1161,GCF_002952675.1;protein_1165
GCF_000685705.1;protein_607,GCF_020735805.1;protein_850,GCF_021184145.1;protein_1231,GCF_017821655.1;protein_278,GCF_016757555.1;protein_283,GCF_006337485.1;protein_1143,GCF_006337745.1;protein_1212,GCF_030323385.1;protein_437,GCF_002952455.1;protein_1160,GCF_002952675.1;protein_1164
GCF_000685705.1;protein_608,GCF_020735805.1;protein_851,GCF_021184145.1;protein_1232,GCF_017821655.1;protein_279,GCF_016757555.1;protein_284,GCF_006337485.1;protein_1142,GCF_006337745.1;protein_1211,GCF_030323385.1;protein_438,GCF_002952455.1;protein_1159,GCF_002952675.1;protein_1163
GCF_000685705.1;protein_609,GCF_020735805.1;protein_852,GCF_021184145.1;protein_1233,GCF_017821655.1;protein_280,GCF_016757555.1;protein_285,GCF_006337485.1;protein_1141,GCF_006337745.1;protein_1210,GCF_030323385.1;protein_439,GCF_002952455.1;protein_1158,GCF_002952675.1;protein_1162
GCF_000685705.1;protein_61,GCF_020735805.1;protein_350,GCF_021184145.1;protein_725,GCF_017821655.1;protein_1309,GCF_016757555.1;protein_1305,GCF_006337485.1;protein_143,GCF_006337745.1;protein_161,GCF_030323385.1;protein_1478,GCF_002952455.1;protein_1406,GCF_002952675.1;protein_1411
GCF_000685705.1;protein_610,GCF_020735805.1;protein_853,GCF_021184145.1;protein_1234,GCF_017821655.1;protein_282,GCF_016757555.1;protein_286,GCF_006337485.1;protein_1140,GCF_006337745.1;protein_1209,GCF_030323385.1;protein_440,GCF_002952455.1;protein_1157,GCF_002952675.1;protein_1161
GCF_000685705.1;protein_611,GCF_020735805.1;protein_854,GCF_021184145.1;protein_1235,GCF_017821655.1;protein_283,GCF_016757555.1;protein_287,GCF_006337485.1;protein_1139,GCF_006337745.1;protein_1208,GCF_030323385.1;protein_441,GCF_002952455.1;protein_1156,GCF_002952675.1;protein_1160
GCF_000685705.1;protein_612,GCF_020735805.1;protein_855,GCF_021184145.1;protein_1236,GCF_017821655.1;protein_284,GCF_016757555.1;protein_288,GCF_006337485.1;protein_1138,GCF_006337745.1;protein_1207,GCF_030323385.1;protein_442,GCF_002952455.1;protein_1155,GCF_002952675.1;protein_1159
GCF_000685705.1;protein_613,GCF_020735805.1;protein_856,GCF_021184145.1;protein_1237,GCF_017821655.1;protein_285,GCF_016757555.1;protein_289,GCF_006337485.1;protein_1137,GCF_006337745.1;protein_1206,GCF_030323385.1;protein_443,GCF_002952455.1;protein_1154,GCF_002952675.1;protein_1158
GCF_000685705.1;protein_614,GCF_020735805.1;protein_857,GCF_021184145.1;protein_1238,GCF_017821655.1;protein_286,GCF_016757555.1;protein_290,GCF_006337485.1;protein_1136,GCF_006337745.1;protein_1205,GCF_030323385.1;protein_444,GCF_002952455.1;protein_1153,GCF_002952675.1;protein_1157
GCF_000685705.1;protein_615,GCF_020735805.1;protein_858,GCF_021184145.1;protein_1239,GCF_017821655.1;protein_287,GCF_016757555.1;protein_291,GCF_006337485.1;protein_1135,GCF_006337745.1;protein_1204,GCF_030323385.1;protein_445,GCF_002952455.1;protein_1152,GCF_002952675.1;protein_1156
GCF_000685705.1;protein_616,GCF_020735805.1;protein_859,GCF_021184145.1;protein_1240,GCF_017821655.1;protein_288,GCF_016757555.1;protein_292,GCF_006337485.1;protein_1134,GCF_006337745.1;protein_1203,GCF_030323385.1;protein_446,GCF_002952455.1;protein_1151,GCF_002952675.1;protein_1155
GCF_000685705.1;protein_617,GCF_020735805.1;protein_860,GCF_021184145.1;protein_1241,GCF_017821655.1;protein_289,GCF_016757555.1;protein_293,GCF_006337485.1;protein_1133,GCF_006337745.1;protein_1202,GCF_030323385.1;protein_447,GCF_002952455.1;protein_1150,GCF_002952675.1;protein_1154
GCF_000685705.1;protein_618,GCF_020735805.1;protein_861,GCF_021184145.1;protein_1242,GCF_017821655.1;protein_290,GCF_016757555.1;protein_294,GCF_006337485.1;protein_1132,GCF_006337745.1;protein_1201,GCF_030323385.1;protein_448,GCF_002952455.1;protein_1149,GCF_002952675.1;protein_1153
GCF_000685705.1;protein_619,GCF_020735805.1;protein_862,GCF_021184145.1;protein_1243,GCF_017821655.1;protein_291,GCF_016757555.1;protein_295,GCF_006337485.1;protein_1131,GCF_006337745.1;protein_1200,GCF_030323385.1;protein_449,GCF_002952455.1;protein_1148,GCF_002952675.1;protein_1152
GCF_000685705.1;protein_62,GCF_020735805.1;protein_351,GCF_021184145.1;protein_726,GCF_017821655.1;protein_1310,GCF_016757555.1;protein_1306,GCF_006337485.1;protein_142,GCF_006337745.1;protein_160,GCF_030323385.1;protein_1479,GCF_002952455.1;protein_1407,GCF_002952675.1;protein_1412
GCF_000685705.1;protein_620,GCF_020735805.1;protein_863,GCF_021184145.1;protein_1244,GCF_017821655.1;protein_292,GCF_016757555.1;protein_296,GCF_006337485.1;protein_1130,GCF_006337745.1;protein_1199,GCF_030323385.1;protein_450,GCF_002952455.1;protein_1147,GCF_002952675.1;protein_1151
GCF_000685705.1;protein_621,GCF_020735805.1;protein_864,GCF_021184145.1;protein_1245,GCF_017821655.1;protein_293,GCF_016757555.1;protein_297,GCF_006337485.1;protein_1129,GCF_006337745.1;protein_1198,GCF_030323385.1;protein_451,GCF_002952455.1;protein_1146,GCF_002952675.1;protein_1150
GCF_000685705.1;protein_622,GCF_020735805.1;protein_865,GCF_021184145.1;protein_1246,GCF_017821655.1;protein_294,GCF_016757555.1;protein_298,GCF_006337485.1;protein_1128,GCF_006337745.1;protein_1197,GCF_030323385.1;protein_452,GCF_002952455.1;protein_1145,GCF_002952675.1;protein_1149
GCF_000685705.1;protein_623,GCF_020735805.1;protein_866,GCF_021184145.1;protein_1247,GCF_017821655.1;protein_295,GCF_016757555.1;protein_299,GCF_006337485.1;protein_1127,GCF_006337745.1;protein_1196,GCF_030323385.1;protein_453,GCF_002952455.1;protein_1144,GCF_002952675.1;protein_1148
GCF_000685705.1;protein_624,GCF_020735805.1;protein_867,GCF_021184145.1;protein_1248,GCF_017821655.1;protein_296,GCF_016757555.1;protein_300,GCF_006337485.1;protein_1126,GCF_006337745.1;protein_1195,GCF_030323385.1;protein_454,GCF_002952455.1;protein_1143,GCF_002952675.1;protein_1147
GCF_000685705.1;protein_627,GCF_020735805.1;protein_870,GCF_021184145.1;protein_1249,GCF_017821655.1;protein_297,GCF_016757555.1;protein_303,GCF_006337485.1;protein_1125,GCF_006337745.1;protein_1194,GCF_030323385.1;protein_457,GCF_002952455.1;protein_1142,GCF_002952675.1;protein_1146
GCF_000685705.1;protein_628,GCF_020735805.1;protein_871,GCF_021184145.1;protein_1250,GCF_017821655.1;protein_298,GCF_016757555.1;protein_304,GCF_006337485.1;protein_1124,GCF_006337745.1;protein_1193,GCF_030323385.1;protein_458,GCF_002952455.1;protein_1141,GCF_002952675.1;protein_1145
GCF_000685705.1;protein_629,GCF_020735805.1;protein_872,GCF_021184145.1;protein_1251,GCF_017821655.1;protein_299,GCF_016757555.1;protein_305,GCF_006337485.1;protein_1123,GCF_006337745.1;protein_1192,GCF_030323385.1;protein_459,GCF_002952455.1;protein_1140,GCF_002952675.1;protein_1144
GCF_000685705.1;protein_632,GCF_020735805.1;protein_876,GCF_021184145.1;protein_1254,GCF_017821655.1;protein_302,GCF_016757555.1;protein_306,GCF_006337485.1;protein_1120,GCF_006337745.1;protein_1188,GCF_030323385.1;protein_463,GCF_002952455.1;protein_1139,GCF_002952675.1;protein_1143
GCF_000685705.1;protein_633,GCF_020735805.1;protein_877,GCF_021184145.1;protein_1255,GCF_017821655.1;protein_303,GCF_016757555.1;protein_307,GCF_006337485.1;protein_1119,GCF_006337745.1;protein_1187,GCF_030323385.1;protein_464,GCF_002952455.1;protein_1138,GCF_002952675.1;protein_1142
GCF_000685705.1;protein_634,GCF_020735805.1;protein_878,GCF_021184145.1;protein_1256,GCF_017821655.1;protein_304,GCF_016757555.1;protein_308,GCF_006337485.1;protein_1118,GCF_006337745.1;protein_1186,GCF_030323385.1;protein_465,GCF_002952455.1;protein_1137,GCF_002952675.1;protein_1141
GCF_000685705.1;protein_635,GCF_020735805.1;protein_879,GCF_021184145.1;protein_1257,GCF_017821655.1;protein_305,GCF_016757555.1;protein_309,GCF_006337485.1;protein_1117,GCF_006337745.1;protein_1185,GCF_030323385.1;protein_466,GCF_002952455.1;protein_1136,GCF_002952675.1;protein_1140
GCF_000685705.1;protein_637,GCF_020735805.1;protein_881,GCF_021184145.1;protein_1259,GCF_017821655.1;protein_307,GCF_016757555.1;protein_311,GCF_006337485.1;protein_1115,GCF_006337745.1;protein_1183,GCF_030323385.1;protein_468,GCF_002952455.1;protein_1134,GCF_002952675.1;protein_1138
GCF_000685705.1;protein_638,GCF_020735805.1;protein_882,GCF_021184145.1;protein_1260,GCF_017821655.1;protein_308,GCF_016757555.1;protein_312,GCF_006337485.1;protein_1114,GCF_006337745.1;protein_1182,GCF_030323385.1;protein_469,GCF_002952455.1;protein_1133,GCF_002952675.1;protein_1137
GCF_000685705.1;protein_639,GCF_020735805.1;protein_883,GCF_021184145.1;protein_1261,GCF_017821655.1;protein_309,GCF_016757555.1;protein_313,GCF_006337485.1;protein_1113,GCF_006337745.1;protein_1181,GCF_030323385.1;protein_470,GCF_002952455.1;protein_1132,GCF_002952675.1;protein_1136
GCF_000685705.1;protein_640,GCF_020735805.1;protein_884,GCF_021184145.1;protein_1262,GCF_017821655.1;protein_310,GCF_016757555.1;protein_314,GCF_006337485.1;protein_1112,GCF_006337745.1;protein_1180,GCF_030323385.1;protein_471,GCF_002952455.1;protein_1131,GCF_002952675.1;protein_1135
GCF_000685705.1;protein_641,GCF_020735805.1;protein_885,GCF_021184145.1;protein_1263,GCF_017821655.1;protein_311,GCF_016757555.1;protein_315,GCF_006337485.1;protein_1111,GCF_006337745.1;protein_1179,GCF_030323385.1;protein_472,GCF_002952455.1;protein_1130,GCF_002952675.1;protein_1134
GCF_000685705.1;protein_642,GCF_020735805.1;protein_886,GCF_021184145.1;protein_1264,GCF_017821655.1;protein_312,GCF_016757555.1;protein_316,GCF_006337485.1;protein_1110,GCF_006337745.1;protein_1178,GCF_030323385.1;protein_473,GCF_002952455.1;protein_1129,GCF_002952675.1;protein_1133
GCF_000685705.1;protein_643,GCF_020735805.1;protein_887,GCF_021184145.1;protein_1265,GCF_017821655.1;protein_313,GCF_016757555.1;protein_317,GCF_006337485.1;protein_1109,GCF_006337745.1;protein_1177,GCF_030323385.1;protein_474,GCF_002952455.1;protein_1128,GCF_002952675.1;protein_1132
GCF_000685705.1;protein_644,GCF_020735805.1;protein_888,GCF_021184145.1;protein_1266,GCF_017821655.1;protein_314,GCF_016757555.1;protein_318,GCF_006337485.1;protein_1108,GCF_006337745.1;protein_1176,GCF_030323385.1;protein_475,GCF_002952455.1;protein_1127,GCF_002952675.1;protein_1131
GCF_000685705.1;protein_645,GCF_020735805.1;protein_889,GCF_021184145.1;protein_1267,GCF_017821655.1;protein_315,GCF_016757555.1;protein_319,GCF_006337485.1;protein_1107,GCF_006337745.1;protein_1175,GCF_030323385.1;protein_476,GCF_002952455.1;protein_1126,GCF_002952675.1;protein_1130
GCF_000685705.1;protein_646,GCF_020735805.1;protein_890,GCF_021184145.1;protein_1268,GCF_017821655.1;protein_316,GCF_016757555.1;protein_320,GCF_006337485.1;protein_1106,GCF_006337745.1;protein_1174,GCF_030323385.1;protein_477,GCF_002952455.1;protein_1125,GCF_002952675.1;protein_1129
GCF_000685705.1;protein_647,GCF_020735805.1;protein_891,GCF_021184145.1;protein_1269,GCF_017821655.1;protein_317,GCF_016757555.1;protein_321,GCF_006337485.1;protein_1105,GCF_006337745.1;protein_1173,GCF_030323385.1;protein_478,GCF_002952455.1;protein_1124,GCF_002952675.1;protein_1128
GCF_000685705.1;protein_648,GCF_020735805.1;protein_892,GCF_021184145.1;protein_1270,GCF_017821655.1;protein_318,GCF_016757555.1;protein_322,GCF_006337485.1;protein_1104,GCF_006337745.1;protein_1172,GCF_030323385.1;protein_479,GCF_002952455.1;protein_1123,GCF_002952675.1;protein_1127
GCF_000685705.1;protein_649,GCF_020735805.1;protein_893,GCF_021184145.1;protein_1271,GCF_017821655.1;protein_319,GCF_016757555.1;protein_323,GCF_006337485.1;protein_1103,GCF_006337745.1;protein_1171,GCF_030323385.1;protein_480,GCF_002952455.1;protein_1122,GCF_002952675.1;protein_1126
GCF_000685705.1;protein_657,GCF_020735805.1;protein_1513,GCF_021184145.1;protein_325,GCF_017821655.1;protein_926,GCF_016757555.1;protein_961,GCF_006337485.1;protein_490,GCF_006337745.1;protein_554,GCF_030323385.1;protein_1132,GCF_002952455.1;protein_507,GCF_002952675.1;protein_508
GCF_000685705.1;protein_66,GCF_020735805.1;protein_356,GCF_021184145.1;protein_730,GCF_017821655.1;protein_1473,GCF_016757555.1;protein_1313,GCF_006337485.1;protein_137,GCF_006337745.1;protein_152,GCF_030323385.1;protein_1484,GCF_002952455.1;protein_1412,GCF_002952675.1;protein_1417
GCF_000685705.1;protein_662,GCF_020735805.1;protein_1507,GCF_021184145.1;protein_323,GCF_017821655.1;protein_923,GCF_016757555.1;protein_959,GCF_006337485.1;protein_494,GCF_006337745.1;protein_560,GCF_030323385.1;protein_1088,GCF_002952455.1;protein_511,GCF_002952675.1;protein_513
GCF_000685705.1;protein_663,GCF_020735805.1;protein_1506,GCF_021184145.1;protein_322,GCF_017821655.1;protein_922,GCF_016757555.1;protein_958,GCF_006337485.1;protein_495,GCF_006337745.1;protein_561,GCF_030323385.1;protein_1087,GCF_002952455.1;protein_512,GCF_002952675.1;protein_514
GCF_000685705.1;protein_664,GCF_020735805.1;protein_1505,GCF_021184145.1;protein_321,GCF_017821655.1;protein_921,GCF_016757555.1;protein_957,GCF_006337485.1;protein_496,GCF_006337745.1;protein_562,GCF_030323385.1;protein_1086,GCF_002952455.1;protein_513,GCF_002952675.1;protein_515
GCF_000685705.1;protein_665,GCF_020735805.1;protein_1504,GCF_021184145.1;protein_320,GCF_017821655.1;protein_920,GCF_016757555.1;protein_956,GCF_006337485.1;protein_497,GCF_006337745.1;protein_563,GCF_030323385.1;protein_1085,GCF_002952455.1;protein_514,GCF_002952675.1;protein_516
GCF_000685705.1;protein_666,GCF_020735805.1;protein_1503,GCF_021184145.1;protein_319,GCF_017821655.1;protein_919,GCF_016757555.1;protein_955,GCF_006337485.1;protein_498,GCF_006337745.1;protein_564,GCF_030323385.1;protein_1084,GCF_002952455.1;protein_515,GCF_002952675.1;protein_517
GCF_000685705.1;protein_667,GCF_020735805.1;protein_1502,GCF_021184145.1;protein_318,GCF_017821655.1;protein_918,GCF_016757555.1;protein_954,GCF_006337485.1;protein_499,GCF_006337745.1;protein_565,GCF_030323385.1;protein_1083,GCF_002952455.1;protein_516,GCF_002952675.1;protein_518
GCF_000685705.1;protein_668,GCF_020735805.1;protein_1501,GCF_021184145.1;protein_317,GCF_017821655.1;protein_917,GCF_016757555.1;protein_953,GCF_006337485.1;protein_500,GCF_006337745.1;protein_566,GCF_030323385.1;protein_1082,GCF_002952455.1;protein_517,GCF_002952675.1;protein_519
GCF_000685705.1;protein_669,GCF_020735805.1;protein_1500,GCF_021184145.1;protein_316,GCF_017821655.1;protein_916,GCF_016757555.1;protein_952,GCF_006337485.1;protein_501,GCF_006337745.1;protein_567,GCF_030323385.1;protein_1081,GCF_002952455.1;protein_518,GCF_002952675.1;protein_520
GCF_000685705.1;protein_67,GCF_020735805.1;protein_357,GCF_021184145.1;protein_731,GCF_017821655.1;protein_1472,GCF_016757555.1;protein_1314,GCF_006337485.1;protein_136,GCF_006337745.1;protein_151,GCF_030323385.1;protein_1485,GCF_002952455.1;protein_1413,GCF_002952675.1;protein_1418
GCF_000685705.1;protein_670,GCF_020735805.1;protein_1499,GCF_021184145.1;protein_315,GCF_017821655.1;protein_915,GCF_016757555.1;protein_951,GCF_006337485.1;protein_502,GCF_006337745.1;protein_568,GCF_030323385.1;protein_1080,GCF_002952455.1;protein_519,GCF_002952675.1;protein_521
GCF_000685705.1;protein_671,GCF_020735805.1;protein_1498,GCF_021184145.1;protein_314,GCF_017821655.1;protein_914,GCF_016757555.1;protein_950,GCF_006337485.1;protein_503,GCF_006337745.1;protein_569,GCF_030323385.1;protein_1079,GCF_002952455.1;protein_520,GCF_002952675.1;protein_522
GCF_000685705.1;protein_672,GCF_020735805.1;protein_1497,GCF_021184145.1;protein_313,GCF_017821655.1;protein_913,GCF_016757555.1;protein_949,GCF_006337485.1;protein_504,GCF_006337745.1;protein_570,GCF_030323385.1;protein_1078,GCF_002952455.1;protein_521,GCF_002952675.1;protein_523
GCF_000685705.1;protein_673,GCF_020735805.1;protein_1496,GCF_021184145.1;protein_312,GCF_017821655.1;protein_912,GCF_016757555.1;protein_948,GCF_006337485.1;protein_505,GCF_006337745.1;protein_571,GCF_030323385.1;protein_1077,GCF_002952455.1;protein_522,GCF_002952675.1;protein_524
GCF_000685705.1;protein_677,GCF_020735805.1;protein_1489,GCF_021184145.1;protein_307,GCF_017821655.1;protein_907,GCF_016757555.1;protein_943,GCF_006337485.1;protein_509,GCF_006337745.1;protein_576,GCF_030323385.1;protein_1069,GCF_002952455.1;protein_528,GCF_002952675.1;protein_530
GCF_000685705.1;protein_678,GCF_020735805.1;protein_1488,GCF_021184145.1;protein_306,GCF_017821655.1;protein_906,GCF_016757555.1;protein_942,GCF_006337485.1;protein_510,GCF_006337745.1;protein_577,GCF_030323385.1;protein_1068,GCF_002952455.1;protein_529,GCF_002952675.1;protein_531
GCF_000685705.1;protein_679,GCF_020735805.1;protein_1487,GCF_021184145.1;protein_305,GCF_017821655.1;protein_905,GCF_016757555.1;protein_941,GCF_006337485.1;protein_511,GCF_006337745.1;protein_578,GCF_030323385.1;protein_1067,GCF_002952455.1;protein_530,GCF_002952675.1;protein_532
GCF_000685705.1;protein_68,GCF_020735805.1;protein_358,GCF_021184145.1;protein_732,GCF_017821655.1;protein_1471,GCF_016757555.1;protein_1315,GCF_006337485.1;protein_135,GCF_006337745.1;protein_150,GCF_030323385.1;protein_1486,GCF_002952455.1;protein_1414,GCF_002952675.1;protein_1419
GCF_000685705.1;protein_680,GCF_020735805.1;protein_1486,GCF_021184145.1;protein_304,GCF_017821655.1;protein_904,GCF_016757555.1;protein_940,GCF_006337485.1;protein_512,GCF_006337745.1;protein_579,GCF_030323385.1;protein_1066,GCF_002952455.1;protein_531,GCF_002952675.1;protein_533
GCF_000685705.1;protein_681,GCF_020735805.1;protein_1485,GCF_021184145.1;protein_303,GCF_017821655.1;protein_903,GCF_016757555.1;protein_939,GCF_006337485.1;protein_513,GCF_006337745.1;protein_580,GCF_030323385.1;protein_1065,GCF_002952455.1;protein_532,GCF_002952675.1;protein_534
GCF_000685705.1;protein_682,GCF_020735805.1;protein_1484,GCF_021184145.1;protein_302,GCF_017821655.1;protein_902,GCF_016757555.1;protein_938,GCF_006337485.1;protein_514,GCF_006337745.1;protein_581,GCF_030323385.1;protein_1064,GCF_002952455.1;protein_533,GCF_002952675.1;protein_535
GCF_000685705.1;protein_683,GCF_020735805.1;protein_1483,GCF_021184145.1;protein_301,GCF_017821655.1;protein_901,GCF_016757555.1;protein_937,GCF_006337485.1;protein_515,GCF_006337745.1;protein_582,GCF_030323385.1;protein_1063,GCF_002952455.1;protein_534,GCF_002952675.1;protein_536
GCF_000685705.1;protein_684,GCF_020735805.1;protein_1482,GCF_021184145.1;protein_300,GCF_017821655.1;protein_900,GCF_016757555.1;protein_936,GCF_006337485.1;protein_516,GCF_006337745.1;protein_583,GCF_030323385.1;protein_1062,GCF_002952455.1;protein_535,GCF_002952675.1;protein_537
GCF_000685705.1;protein_685,GCF_020735805.1;protein_1481,GCF_021184145.1;protein_299,GCF_017821655.1;protein_899,GCF_016757555.1;protein_935,GCF_006337485.1;protein_517,GCF_006337745.1;protein_584,GCF_030323385.1;protein_1061,GCF_002952455.1;protein_536,GCF_002952675.1;protein_538
GCF_000685705.1;protein_686,GCF_020735805.1;protein_1480,GCF_021184145.1;protein_298,GCF_017821655.1;protein_898,GCF_016757555.1;protein_934,GCF_006337485.1;protein_518,GCF_006337745.1;protein_585,GCF_030323385.1;protein_1060,GCF_002952455.1;protein_537,GCF_002952675.1;protein_539
GCF_000685705.1;protein_687,GCF_020735805.1;protein_1479,GCF_021184145.1;protein_297,GCF_017821655.1;protein_897,GCF_016757555.1;protein_933,GCF_006337485.1;protein_519,GCF_006337745.1;protein_586,GCF_030323385.1;protein_1059,GCF_002952455.1;protein_538,GCF_002952675.1;protein_540
GCF_000685705.1;protein_688,GCF_020735805.1;protein_1478,GCF_021184145.1;protein_296,GCF_017821655.1;protein_896,GCF_016757555.1;protein_932,GCF_006337485.1;protein_520,GCF_006337745.1;protein_587,GCF_030323385.1;protein_1058,GCF_002952455.1;protein_539,GCF_002952675.1;protein_541
GCF_000685705.1;protein_689,GCF_020735805.1;protein_1477,GCF_021184145.1;protein_295,GCF_017821655.1;protein_895,GCF_016757555.1;protein_931,GCF_006337485.1;protein_521,GCF_006337745.1;protein_588,GCF_030323385.1;protein_1057,GCF_002952455.1;protein_540,GCF_002952675.1;protein_542
GCF_000685705.1;protein_69,GCF_020735805.1;protein_359,GCF_021184145.1;protein_733,GCF_017821655.1;protein_1470,GCF_016757555.1;protein_1316,GCF_006337485.1;protein_134,GCF_006337745.1;protein_149,GCF_030323385.1;protein_1487,GCF_002952455.1;protein_1415,GCF_002952675.1;protein_1420
GCF_000685705.1;protein_690,GCF_020735805.1;protein_1476,GCF_021184145.1;protein_294,GCF_017821655.1;protein_894,GCF_016757555.1;protein_930,GCF_006337485.1;protein_522,GCF_006337745.1;protein_589,GCF_030323385.1;protein_1056,GCF_002952455.1;protein_541,GCF_002952675.1;protein_543
GCF_000685705.1;protein_691,GCF_020735805.1;protein_1473,GCF_021184145.1;protein_293,GCF_017821655.1;protein_893,GCF_016757555.1;protein_929,GCF_006337485.1;protein_523,GCF_006337745.1;protein_590,GCF_030323385.1;protein_1055,GCF_002952455.1;protein_544,GCF_002952675.1;protein_546
GCF_000685705.1;protein_692,GCF_020735805.1;protein_1472,GCF_021184145.1;protein_292,GCF_017821655.1;protein_892,GCF_016757555.1;protein_928,GCF_006337485.1;protein_524,GCF_006337745.1;protein_591,GCF_030323385.1;protein_1054,GCF_002952455.1;protein_545,GCF_002952675.1;protein_547
GCF_000685705.1;protein_694,GCF_020735805.1;protein_1471,GCF_021184145.1;protein_291,GCF_017821655.1;protein_891,GCF_016757555.1;protein_926,GCF_006337485.1;protein_526,GCF_006337745.1;protein_593,GCF_030323385.1;protein_1053,GCF_002952455.1;protein_546,GCF_002952675.1;protein_548
GCF_000685705.1;protein_695,GCF_020735805.1;protein_1470,GCF_021184145.1;protein_290,GCF_017821655.1;protein_890,GCF_016757555.1;protein_925,GCF_006337485.1;protein_527,GCF_006337745.1;protein_594,GCF_030323385.1;protein_1052,GCF_002952455.1;protein_547,GCF_002952675.1;protein_549
GCF_000685705.1;protein_696,GCF_020735805.1;protein_1469,GCF_021184145.1;protein_289,GCF_017821655.1;protein_889,GCF_016757555.1;protein_924,GCF_006337485.1;protein_528,GCF_006337745.1;protein_595,GCF_030323385.1;protein_1051,GCF_002952455.1;protein_548,GCF_002952675.1;protein_550
GCF_000685705.1;protein_697,GCF_020735805.1;protein_1468,GCF_021184145.1;protein_288,GCF_017821655.1;protein_888,GCF_016757555.1;protein_923,GCF_006337485.1;protein_529,GCF_006337745.1;protein_596,GCF_030323385.1;protein_1050,GCF_002952455.1;protein_549,GCF_002952675.1;protein_551
GCF_000685705.1;protein_698,GCF_020735805.1;protein_1467,GCF_021184145.1;protein_287,GCF_017821655.1;protein_887,GCF_016757555.1;protein_922,GCF_006337485.1;protein_530,GCF_006337745.1;protein_597,GCF_030323385.1;protein_1049,GCF_002952455.1;protein_550,GCF_002952675.1;protein_552
GCF_000685705.1;protein_699,GCF_020735805.1;protein_1466,GCF_021184145.1;protein_286,GCF_017821655.1;protein_886,GCF_016757555.1;protein_921,GCF_006337485.1;protein_531,GCF_006337745.1;protein_598,GCF_030323385.1;protein_1048,GCF_002952455.1;protein_551,GCF_002952675.1;protein_553
GCF_000685705.1;protein_7,GCF_020735805.1;protein_578,GCF_021184145.1;protein_955,GCF_017821655.1;protein_7,GCF_016757555.1;protein_7,GCF_006337485.1;protein_1487,GCF_006337745.1;protein_1484,GCF_030323385.1;protein_156,GCF_002952455.1;protein_1473,GCF_002952675.1;protein_1478
GCF_000685705.1;protein_70,GCF_020735805.1;protein_360,GCF_021184145.1;protein_734,GCF_017821655.1;protein_1469,GCF_016757555.1;protein_1317,GCF_006337485.1;protein_133,GCF_006337745.1;protein_148,GCF_030323385.1;protein_1488,GCF_002952455.1;protein_1416,GCF_002952675.1;protein_1421
GCF_000685705.1;protein_701,GCF_020735805.1;protein_1464,GCF_021184145.1;protein_284,GCF_017821655.1;protein_884,GCF_016757555.1;protein_918,GCF_006337485.1;protein_533,GCF_006337745.1;protein_600,GCF_030323385.1;protein_1046,GCF_002952455.1;protein_554,GCF_002952675.1;protein_556
GCF_000685705.1;protein_703,GCF_020735805.1;protein_1462,GCF_021184145.1;protein_282,GCF_017821655.1;protein_882,GCF_016757555.1;protein_916,GCF_006337485.1;protein_535,GCF_006337745.1;protein_602,GCF_030323385.1;protein_1044,GCF_002952455.1;protein_556,GCF_002952675.1;protein_558
GCF_000685705.1;protein_704,GCF_020735805.1;protein_1461,GCF_021184145.1;protein_281,GCF_017821655.1;protein_881,GCF_016757555.1;protein_915,GCF_006337485.1;protein_536,GCF_006337745.1;protein_603,GCF_030323385.1;protein_1043,GCF_002952455.1;protein_557,GCF_002952675.1;protein_559
GCF_000685705.1;protein_705,GCF_020735805.1;protein_1460,GCF_021184145.1;protein_280,GCF_017821655.1;protein_880,GCF_016757555.1;protein_914,GCF_006337485.1;protein_537,GCF_006337745.1;protein_604,GCF_030323385.1;protein_1042,GCF_002952455.1;protein_558,GCF_002952675.1;protein_560
GCF_000685705.1;protein_706,GCF_020735805.1;protein_1459,GCF_021184145.1;protein_279,GCF_017821655.1;protein_879,GCF_016757555.1;protein_913,GCF_006337485.1;protein_538,GCF_006337745.1;protein_605,GCF_030323385.1;protein_1041,GCF_002952455.1;protein_559,GCF_002952675.1;protein_561
GCF_000685705.1;protein_707,GCF_020735805.1;protein_1458,GCF_021184145.1;protein_278,GCF_017821655.1;protein_878,GCF_016757555.1;protein_912,GCF_006337485.1;protein_539,GCF_006337745.1;protein_606,GCF_030323385.1;protein_1040,GCF_002952455.1;protein_560,GCF_002952675.1;protein_562
GCF_000685705.1;protein_708,GCF_020735805.1;protein_1457,GCF_021184145.1;protein_277,GCF_017821655.1;protein_877,GCF_016757555.1;protein_911,GCF_006337485.1;protein_540,GCF_006337745.1;protein_607,GCF_030323385.1;protein_1039,GCF_002952455.1;protein_561,GCF_002952675.1;protein_563
GCF_000685705.1;protein_709,GCF_020735805.1;protein_1456,GCF_021184145.1;protein_276,GCF_017821655.1;protein_876,GCF_016757555.1;protein_910,GCF_006337485.1;protein_541,GCF_006337745.1;protein_608,GCF_030323385.1;protein_1038,GCF_002952455.1;protein_562,GCF_002952675.1;protein_564
GCF_000685705.1;protein_710,GCF_020735805.1;protein_1455,GCF_021184145.1;protein_275,GCF_017821655.1;protein_875,GCF_016757555.1;protein_909,GCF_006337485.1;protein_542,GCF_006337745.1;protein_609,GCF_030323385.1;protein_1037,GCF_002952455.1;protein_563,GCF_002952675.1;protein_565
GCF_000685705.1;protein_711,GCF_020735805.1;protein_1454,GCF_021184145.1;protein_274,GCF_017821655.1;protein_874,GCF_016757555.1;protein_908,GCF_006337485.1;protein_543,GCF_006337745.1;protein_610,GCF_030323385.1;protein_1036,GCF_002952455.1;protein_564,GCF_002952675.1;protein_566
GCF_000685705.1;protein_712,GCF_020735805.1;protein_1453,GCF_021184145.1;protein_273,GCF_017821655.1;protein_873,GCF_016757555.1;protein_907,GCF_006337485.1;protein_544,GCF_006337745.1;protein_611,GCF_030323385.1;protein_1035,GCF_002952455.1;protein_565,GCF_002952675.1;protein_567
GCF_000685705.1;protein_713,GCF_020735805.1;protein_1452,GCF_021184145.1;protein_272,GCF_017821655.1;protein_872,GCF_016757555.1;protein_906,GCF_006337485.1;protein_545,GCF_006337745.1;protein_612,GCF_030323385.1;protein_1034,GCF_002952455.1;protein_566,GCF_002952675.1;protein_568
GCF_000685705.1;protein_716,GCF_020735805.1;protein_1449,GCF_021184145.1;protein_269,GCF_017821655.1;protein_869,GCF_016757555.1;protein_903,GCF_006337485.1;protein_548,GCF_006337745.1;protein_615,GCF_030323385.1;protein_1031,GCF_002952455.1;protein_569,GCF_002952675.1;protein_571
GCF_000685705.1;protein_717,GCF_020735805.1;protein_1448,GCF_021184145.1;protein_268,GCF_017821655.1;protein_868,GCF_016757555.1;protein_902,GCF_006337485.1;protein_549,GCF_006337745.1;protein_616,GCF_030323385.1;protein_1030,GCF_002952455.1;protein_570,GCF_002952675.1;protein_572
GCF_000685705.1;protein_718,GCF_020735805.1;protein_1447,GCF_021184145.1;protein_267,GCF_017821655.1;protein_867,GCF_016757555.1;protein_901,GCF_006337485.1;protein_550,GCF_006337745.1;protein_617,GCF_030323385.1;protein_1029,GCF_002952455.1;protein_571,GCF_002952675.1;protein_573
GCF_000685705.1;protein_719,GCF_020735805.1;protein_1446,GCF_021184145.1;protein_266,GCF_017821655.1;protein_866,GCF_016757555.1;protein_900,GCF_006337485.1;protein_551,GCF_006337745.1;protein_618,GCF_030323385.1;protein_1028,GCF_002952455.1;protein_572,GCF_002952675.1;protein_574
GCF_000685705.1;protein_72,GCF_020735805.1;protein_361,GCF_021184145.1;protein_736,GCF_017821655.1;protein_1467,GCF_016757555.1;protein_1319,GCF_006337485.1;protein_131,GCF_006337745.1;protein_146,GCF_030323385.1;protein_1490,GCF_002952455.1;protein_1418,GCF_002952675.1;protein_1423
GCF_000685705.1;protein_720,GCF_020735805.1;protein_1445,GCF_021184145.1;protein_265,GCF_017821655.1;protein_865,GCF_016757555.1;protein_899,GCF_006337485.1;protein_552,GCF_006337745.1;protein_619,GCF_030323385.1;protein_1027,GCF_002952455.1;protein_573,GCF_002952675.1;protein_575
GCF_000685705.1;protein_721,GCF_020735805.1;protein_1444,GCF_021184145.1;protein_264,GCF_017821655.1;protein_864,GCF_016757555.1;protein_898,GCF_006337485.1;protein_553,GCF_006337745.1;protein_620,GCF_030323385.1;protein_1026,GCF_002952455.1;protein_574,GCF_002952675.1;protein_576
GCF_000685705.1;protein_723,GCF_020735805.1;protein_1443,GCF_021184145.1;protein_263,GCF_017821655.1;protein_863,GCF_016757555.1;protein_897,GCF_006337485.1;protein_555,GCF_006337745.1;protein_622,GCF_030323385.1;protein_1025,GCF_002952455.1;protein_575,GCF_002952675.1;protein_577
GCF_000685705.1;protein_724,GCF_020735805.1;protein_1442,GCF_021184145.1;protein_262,GCF_017821655.1;protein_862,GCF_016757555.1;protein_896,GCF_006337485.1;protein_556,GCF_006337745.1;protein_623,GCF_030323385.1;protein_1024,GCF_002952455.1;protein_576,GCF_002952675.1;protein_578
GCF_000685705.1;protein_725,GCF_020735805.1;protein_1441,GCF_021184145.1;protein_261,GCF_017821655.1;protein_861,GCF_016757555.1;protein_895,GCF_006337485.1;protein_557,GCF_006337745.1;protein_624,GCF_030323385.1;protein_1022,GCF_002952455.1;protein_577,GCF_002952675.1;protein_579
GCF_000685705.1;protein_726,GCF_020735805.1;protein_1440,GCF_021184145.1;protein_260,GCF_017821655.1;protein_860,GCF_016757555.1;protein_894,GCF_006337485.1;protein_558,GCF_006337745.1;protein_625,GCF_030323385.1;protein_1021,GCF_002952455.1;protein_578,GCF_002952675.1;protein_580
GCF_000685705.1;protein_728,GCF_020735805.1;protein_1438,GCF_021184145.1;protein_258,GCF_017821655.1;protein_858,GCF_016757555.1;protein_892,GCF_006337485.1;protein_560,GCF_006337745.1;protein_627,GCF_030323385.1;protein_1019,GCF_002952455.1;protein_580,GCF_002952675.1;protein_582
GCF_000685705.1;protein_729,GCF_020735805.1;protein_1437,GCF_021184145.1;protein_257,GCF_017821655.1;protein_857,GCF_016757555.1;protein_891,GCF_006337485.1;protein_561,GCF_006337745.1;protein_628,GCF_030323385.1;protein_1018,GCF_002952455.1;protein_581,GCF_002952675.1;protein_583
GCF_000685705.1;protein_73,GCF_020735805.1;protein_363,GCF_021184145.1;protein_738,GCF_017821655.1;protein_1466,GCF_016757555.1;protein_1321,GCF_006337485.1;protein_130,GCF_006337745.1;protein_145,GCF_030323385.1;protein_1492,GCF_002952455.1;protein_1420,GCF_002952675.1;protein_1425
GCF_000685705.1;protein_730,GCF_020735805.1;protein_1436,GCF_021184145.1;protein_256,GCF_017821655.1;protein_856,GCF_016757555.1;protein_890,GCF_006337485.1;protein_562,GCF_006337745.1;protein_629,GCF_030323385.1;protein_1017,GCF_002952455.1;protein_582,GCF_002952675.1;protein_584
GCF_000685705.1;protein_733,GCF_020735805.1;protein_1433,GCF_021184145.1;protein_253,GCF_017821655.1;protein_853,GCF_016757555.1;protein_887,GCF_006337485.1;protein_565,GCF_006337745.1;protein_632,GCF_030323385.1;protein_1014,GCF_002952455.1;protein_585,GCF_002952675.1;protein_587
GCF_000685705.1;protein_735,GCF_020735805.1;protein_1431,GCF_021184145.1;protein_251,GCF_017821655.1;protein_851,GCF_016757555.1;protein_886,GCF_006337485.1;protein_567,GCF_006337745.1;protein_633,GCF_030323385.1;protein_1013,GCF_002952455.1;protein_586,GCF_002952675.1;protein_588
GCF_000685705.1;protein_736,GCF_020735805.1;protein_1430,GCF_021184145.1;protein_250,GCF_017821655.1;protein_850,GCF_016757555.1;protein_885,GCF_006337485.1;protein_568,GCF_006337745.1;protein_634,GCF_030323385.1;protein_1012,GCF_002952455.1;protein_587,GCF_002952675.1;protein_589
GCF_000685705.1;protein_737,GCF_020735805.1;protein_1429,GCF_021184145.1;protein_249,GCF_017821655.1;protein_849,GCF_016757555.1;protein_884,GCF_006337485.1;protein_569,GCF_006337745.1;protein_635,GCF_030323385.1;protein_1011,GCF_002952455.1;protein_588,GCF_002952675.1;protein_590
GCF_000685705.1;protein_738,GCF_020735805.1;protein_1428,GCF_021184145.1;protein_248,GCF_017821655.1;protein_847,GCF_016757555.1;protein_883,GCF_006337485.1;protein_570,GCF_006337745.1;protein_636,GCF_030323385.1;protein_1010,GCF_002952455.1;protein_589,GCF_002952675.1;protein_591
GCF_000685705.1;protein_74,GCF_020735805.1;protein_364,GCF_021184145.1;protein_739,GCF_017821655.1;protein_1465,GCF_016757555.1;protein_1322,GCF_006337485.1;protein_129,GCF_006337745.1;protein_144,GCF_030323385.1;protein_1493,GCF_002952455.1;protein_1421,GCF_002952675.1;protein_1426
GCF_000685705.1;protein_742,GCF_020735805.1;protein_1422,GCF_021184145.1;protein_237,GCF_017821655.1;protein_840,GCF_016757555.1;protein_879,GCF_006337485.1;protein_574,GCF_006337745.1;protein_641,GCF_030323385.1;protein_1004,GCF_002952455.1;protein_593,GCF_002952675.1;protein_595
GCF_000685705.1;protein_743,GCF_020735805.1;protein_1421,GCF_021184145.1;protein_236,GCF_017821655.1;protein_839,GCF_016757555.1;protein_878,GCF_006337485.1;protein_575,GCF_006337745.1;protein_642,GCF_030323385.1;protein_1003,GCF_002952455.1;protein_594,GCF_002952675.1;protein_596
GCF_000685705.1;protein_744,GCF_020735805.1;protein_1420,GCF_021184145.1;protein_235,GCF_017821655.1;protein_838,GCF_016757555.1;protein_877,GCF_006337485.1;protein_576,GCF_006337745.1;protein_643,GCF_030323385.1;protein_1002,GCF_002952455.1;protein_595,GCF_002952675.1;protein_597
GCF_000685705.1;protein_745,GCF_020735805.1;protein_1419,GCF_021184145.1;protein_234,GCF_017821655.1;protein_837,GCF_016757555.1;protein_876,GCF_006337485.1;protein_577,GCF_006337745.1;protein_644,GCF_030323385.1;protein_1001,GCF_002952455.1;protein_596,GCF_002952675.1;protein_598
GCF_000685705.1;protein_748,GCF_020735805.1;protein_1417,GCF_021184145.1;protein_231,GCF_017821655.1;protein_834,GCF_016757555.1;protein_873,GCF_006337485.1;protein_579,GCF_006337745.1;protein_646,GCF_030323385.1;protein_999,GCF_002952455.1;protein_598,GCF_002952675.1;protein_600
GCF_000685705.1;protein_749,GCF_020735805.1;protein_1416,GCF_021184145.1;protein_230,GCF_017821655.1;protein_833,GCF_016757555.1;protein_872,GCF_006337485.1;protein_580,GCF_006337745.1;protein_647,GCF_030323385.1;protein_998,GCF_002952455.1;protein_599,GCF_002952675.1;protein_601
GCF_000685705.1;protein_750,GCF_020735805.1;protein_1415,GCF_021184145.1;protein_229,GCF_017821655.1;protein_832,GCF_016757555.1;protein_871,GCF_006337485.1;protein_581,GCF_006337745.1;protein_648,GCF_030323385.1;protein_997,GCF_002952455.1;protein_600,GCF_002952675.1;protein_602
GCF_000685705.1;protein_751,GCF_020735805.1;protein_1414,GCF_021184145.1;protein_228,GCF_017821655.1;protein_831,GCF_016757555.1;protein_870,GCF_006337485.1;protein_582,GCF_006337745.1;protein_649,GCF_030323385.1;protein_996,GCF_002952455.1;protein_601,GCF_002952675.1;protein_603
GCF_000685705.1;protein_755,GCF_020735805.1;protein_1025,GCF_021184145.1;protein_1401,GCF_017821655.1;protein_447,GCF_016757555.1;protein_867,GCF_006337485.1;protein_973,GCF_006337745.1;protein_1030,GCF_030323385.1;protein_608,GCF_002952455.1;protein_605,GCF_002952675.1;protein_607
GCF_000685705.1;protein_756,GCF_020735805.1;protein_1026,GCF_021184145.1;protein_1402,GCF_017821655.1;protein_448,GCF_016757555.1;protein_866,GCF_006337485.1;protein_972,GCF_006337745.1;protein_1029,GCF_030323385.1;protein_609,GCF_002952455.1;protein_606,GCF_002952675.1;protein_608
GCF_000685705.1;protein_757,GCF_020735805.1;protein_1027,GCF_021184145.1;protein_1403,GCF_017821655.1;protein_449,GCF_016757555.1;protein_865,GCF_006337485.1;protein_971,GCF_006337745.1;protein_1028,GCF_030323385.1;protein_610,GCF_002952455.1;protein_607,GCF_002952675.1;protein_609
GCF_000685705.1;protein_758,GCF_020735805.1;protein_1028,GCF_021184145.1;protein_1404,GCF_017821655.1;protein_450,GCF_016757555.1;protein_864,GCF_006337485.1;protein_970,GCF_006337745.1;protein_1027,GCF_030323385.1;protein_611,GCF_002952455.1;protein_608,GCF_002952675.1;protein_610
GCF_000685705.1;protein_759,GCF_020735805.1;protein_1029,GCF_021184145.1;protein_1405,GCF_017821655.1;protein_451,GCF_016757555.1;protein_863,GCF_006337485.1;protein_969,GCF_006337745.1;protein_1026,GCF_030323385.1;protein_612,GCF_002952455.1;protein_609,GCF_002952675.1;protein_611
GCF_000685705.1;protein_760,GCF_020735805.1;protein_1030,GCF_021184145.1;protein_1406,GCF_017821655.1;protein_452,GCF_016757555.1;protein_862,GCF_006337485.1;protein_968,GCF_006337745.1;protein_1023,GCF_030323385.1;protein_613,GCF_002952455.1;protein_610,GCF_002952675.1;protein_612
GCF_000685705.1;protein_761,GCF_020735805.1;protein_1031,GCF_021184145.1;protein_1407,GCF_017821655.1;protein_453,GCF_016757555.1;protein_861,GCF_006337485.1;protein_967,GCF_006337745.1;protein_1022,GCF_030323385.1;protein_614,GCF_002952455.1;protein_611,GCF_002952675.1;protein_613
GCF_000685705.1;protein_762,GCF_020735805.1;protein_1032,GCF_021184145.1;protein_1408,GCF_017821655.1;protein_454,GCF_016757555.1;protein_860,GCF_006337485.1;protein_966,GCF_006337745.1;protein_1021,GCF_030323385.1;protein_615,GCF_002952455.1;protein_612,GCF_002952675.1;protein_614
GCF_000685705.1;protein_763,GCF_020735805.1;protein_1033,GCF_021184145.1;protein_1409,GCF_017821655.1;protein_455,GCF_016757555.1;protein_859,GCF_006337485.1;protein_965,GCF_006337745.1;protein_1020,GCF_030323385.1;protein_616,GCF_002952455.1;protein_613,GCF_002952675.1;protein_615
GCF_000685705.1;protein_764,GCF_020735805.1;protein_1034,GCF_021184145.1;protein_1410,GCF_017821655.1;protein_456,GCF_016757555.1;protein_858,GCF_006337485.1;protein_964,GCF_006337745.1;protein_1019,GCF_030323385.1;protein_617,GCF_002952455.1;protein_614,GCF_002952675.1;protein_616
GCF_000685705.1;protein_765,GCF_020735805.1;protein_1035,GCF_021184145.1;protein_1411,GCF_017821655.1;protein_457,GCF_016757555.1;protein_857,GCF_006337485.1;protein_963,GCF_006337745.1;protein_1018,GCF_030323385.1;protein_618,GCF_002952455.1;protein_615,GCF_002952675.1;protein_617
GCF_000685705.1;protein_766,GCF_020735805.1;protein_1036,GCF_021184145.1;protein_1412,GCF_017821655.1;protein_458,GCF_016757555.1;protein_856,GCF_006337485.1;protein_962,GCF_006337745.1;protein_1017,GCF_030323385.1;protein_619,GCF_002952455.1;protein_616,GCF_002952675.1;protein_618
GCF_000685705.1;protein_769,GCF_020735805.1;protein_1039,GCF_021184145.1;protein_1415,GCF_017821655.1;protein_461,GCF_016757555.1;protein_853,GCF_006337485.1;protein_959,GCF_006337745.1;protein_1014,GCF_030323385.1;protein_622,GCF_002952455.1;protein_619,GCF_002952675.1;protein_621
GCF_000685705.1;protein_770,GCF_020735805.1;protein_1040,GCF_021184145.1;protein_1416,GCF_017821655.1;protein_462,GCF_016757555.1;protein_852,GCF_006337485.1;protein_958,GCF_006337745.1;protein_1013,GCF_030323385.1;protein_623,GCF_002952455.1;protein_620,GCF_002952675.1;protein_622
GCF_000685705.1;protein_771,GCF_020735805.1;protein_1041,GCF_021184145.1;protein_1417,GCF_017821655.1;protein_463,GCF_016757555.1;protein_851,GCF_006337485.1;protein_957,GCF_006337745.1;protein_1012,GCF_030323385.1;protein_624,GCF_002952455.1;protein_621,GCF_002952675.1;protein_623
GCF_000685705.1;protein_772,GCF_020735805.1;protein_1042,GCF_021184145.1;protein_1418,GCF_017821655.1;protein_464,GCF_016757555.1;protein_850,GCF_006337485.1;protein_956,GCF_006337745.1;protein_1011,GCF_030323385.1;protein_625,GCF_002952455.1;protein_622,GCF_002952675.1;protein_624
GCF_000685705.1;protein_773,GCF_020735805.1;protein_1043,GCF_021184145.1;protein_1419,GCF_017821655.1;protein_465,GCF_016757555.1;protein_849,GCF_006337485.1;protein_955,GCF_006337745.1;protein_1010,GCF_030323385.1;protein_626,GCF_002952455.1;protein_623,GCF_002952675.1;protein_625
GCF_000685705.1;protein_775,GCF_020735805.1;protein_1045,GCF_021184145.1;protein_1421,GCF_017821655.1;protein_468,GCF_016757555.1;protein_847,GCF_006337485.1;protein_953,GCF_006337745.1;protein_1008,GCF_030323385.1;protein_658,GCF_002952455.1;protein_654,GCF_002952675.1;protein_656
GCF_000685705.1;protein_777,GCF_020735805.1;protein_1047,GCF_021184145.1;protein_1423,GCF_017821655.1;protein_470,GCF_016757555.1;protein_845,GCF_006337485.1;protein_951,GCF_006337745.1;protein_1006,GCF_030323385.1;protein_660,GCF_002952455.1;protein_656,GCF_002952675.1;protein_658
GCF_000685705.1;protein_778,GCF_020735805.1;protein_1048,GCF_021184145.1;protein_1424,GCF_017821655.1;protein_471,GCF_016757555.1;protein_844,GCF_006337485.1;protein_950,GCF_006337745.1;protein_1005,GCF_030323385.1;protein_661,GCF_002952455.1;protein_657,GCF_002952675.1;protein_659
GCF_000685705.1;protein_779,GCF_020735805.1;protein_1049,GCF_021184145.1;protein_1425,GCF_017821655.1;protein_472,GCF_016757555.1;protein_843,GCF_006337485.1;protein_949,GCF_006337745.1;protein_1004,GCF_030323385.1;protein_662,GCF_002952455.1;protein_658,GCF_002952675.1;protein_660
GCF_000685705.1;protein_780,GCF_020735805.1;protein_1050,GCF_021184145.1;protein_1426,GCF_017821655.1;protein_473,GCF_016757555.1;protein_842,GCF_006337485.1;protein_948,GCF_006337745.1;protein_1003,GCF_030323385.1;protein_663,GCF_002952455.1;protein_659,GCF_002952675.1;protein_661
GCF_000685705.1;protein_781,GCF_020735805.1;protein_1051,GCF_021184145.1;protein_1427,GCF_017821655.1;protein_474,GCF_016757555.1;protein_841,GCF_006337485.1;protein_947,GCF_006337745.1;protein_1002,GCF_030323385.1;protein_664,GCF_002952455.1;protein_660,GCF_002952675.1;protein_662
GCF_000685705.1;protein_782,GCF_020735805.1;protein_1052,GCF_021184145.1;protein_1428,GCF_017821655.1;protein_475,GCF_016757555.1;protein_840,GCF_006337485.1;protein_946,GCF_006337745.1;protein_1001,GCF_030323385.1;protein_657,GCF_002952455.1;protein_653,GCF_002952675.1;protein_655
GCF_000685705.1;protein_783,GCF_020735805.1;protein_1053,GCF_021184145.1;protein_1430,GCF_017821655.1;protein_476,GCF_016757555.1;protein_838,GCF_006337485.1;protein_945,GCF_006337745.1;protein_1000,GCF_030323385.1;protein_656,GCF_002952455.1;protein_652,GCF_002952675.1;protein_654
GCF_000685705.1;protein_784,GCF_020735805.1;protein_1055,GCF_021184145.1;protein_1433,GCF_017821655.1;protein_479,GCF_016757555.1;protein_836,GCF_006337485.1;protein_943,GCF_006337745.1;protein_998,GCF_030323385.1;protein_654,GCF_002952455.1;protein_650,GCF_002952675.1;protein_652
GCF_000685705.1;protein_785,GCF_020735805.1;protein_1056,GCF_021184145.1;protein_1434,GCF_017821655.1;protein_480,GCF_016757555.1;protein_835,GCF_006337485.1;protein_942,GCF_006337745.1;protein_997,GCF_030323385.1;protein_653,GCF_002952455.1;protein_649,GCF_002952675.1;protein_651
GCF_000685705.1;protein_786,GCF_020735805.1;protein_1057,GCF_021184145.1;protein_1435,GCF_017821655.1;protein_481,GCF_016757555.1;protein_834,GCF_006337485.1;protein_940,GCF_006337745.1;protein_996,GCF_030323385.1;protein_651,GCF_002952455.1;protein_648,GCF_002952675.1;protein_650
GCF_000685705.1;protein_787,GCF_020735805.1;protein_1058,GCF_021184145.1;protein_1436,GCF_017821655.1;protein_482,GCF_016757555.1;protein_833,GCF_006337485.1;protein_939,GCF_006337745.1;protein_995,GCF_030323385.1;protein_650,GCF_002952455.1;protein_647,GCF_002952675.1;protein_649
GCF_000685705.1;protein_788,GCF_020735805.1;protein_1059,GCF_021184145.1;protein_1437,GCF_017821655.1;protein_483,GCF_016757555.1;protein_832,GCF_006337485.1;protein_938,GCF_006337745.1;protein_994,GCF_030323385.1;protein_649,GCF_002952455.1;protein_646,GCF_002952675.1;protein_648
GCF_000685705.1;protein_79,GCF_020735805.1;protein_370,GCF_021184145.1;protein_744,GCF_017821655.1;protein_1460,GCF_016757555.1;protein_1327,GCF_006337485.1;protein_124,GCF_006337745.1;protein_121,GCF_030323385.1;protein_1498,GCF_002952455.1;protein_1426,GCF_002952675.1;protein_1431
GCF_000685705.1;protein_790,GCF_020735805.1;protein_1061,GCF_021184145.1;protein_1439,GCF_017821655.1;protein_485,GCF_016757555.1;protein_830,GCF_006337485.1;protein_935,GCF_006337745.1;protein_992,GCF_030323385.1;protein_647,GCF_002952455.1;protein_644,GCF_002952675.1;protein_646
GCF_000685705.1;protein_791,GCF_020735805.1;protein_1062,GCF_021184145.1;protein_1440,GCF_017821655.1;protein_486,GCF_016757555.1;protein_829,GCF_006337485.1;protein_934,GCF_006337745.1;protein_991,GCF_030323385.1;protein_646,GCF_002952455.1;protein_643,GCF_002952675.1;protein_645
GCF_000685705.1;protein_792,GCF_020735805.1;protein_1063,GCF_021184145.1;protein_1441,GCF_017821655.1;protein_487,GCF_016757555.1;protein_828,GCF_006337485.1;protein_933,GCF_006337745.1;protein_990,GCF_030323385.1;protein_645,GCF_002952455.1;protein_642,GCF_002952675.1;protein_644
GCF_000685705.1;protein_793,GCF_020735805.1;protein_1064,GCF_021184145.1;protein_1442,GCF_017821655.1;protein_488,GCF_016757555.1;protein_827,GCF_006337485.1;protein_932,GCF_006337745.1;protein_989,GCF_030323385.1;protein_644,GCF_002952455.1;protein_641,GCF_002952675.1;protein_643
GCF_000685705.1;protein_794,GCF_020735805.1;protein_1065,GCF_021184145.1;protein_1443,GCF_017821655.1;protein_489,GCF_016757555.1;protein_826,GCF_006337485.1;protein_931,GCF_006337745.1;protein_988,GCF_030323385.1;protein_643,GCF_002952455.1;protein_640,GCF_002952675.1;protein_642
GCF_000685705.1;protein_795,GCF_020735805.1;protein_1066,GCF_021184145.1;protein_1444,GCF_017821655.1;protein_490,GCF_016757555.1;protein_825,GCF_006337485.1;protein_930,GCF_006337745.1;protein_987,GCF_030323385.1;protein_642,GCF_002952455.1;protein_639,GCF_002952675.1;protein_641
GCF_000685705.1;protein_798,GCF_020735805.1;protein_1069,GCF_021184145.1;protein_1445,GCF_017821655.1;protein_491,GCF_016757555.1;protein_823,GCF_006337485.1;protein_929,GCF_006337745.1;protein_986,GCF_030323385.1;protein_641,GCF_002952455.1;protein_638,GCF_002952675.1;protein_640
GCF_000685705.1;protein_799,GCF_020735805.1;protein_1071,GCF_021184145.1;protein_1447,GCF_017821655.1;protein_493,GCF_016757555.1;protein_822,GCF_006337485.1;protein_927,GCF_006337745.1;protein_984,GCF_030323385.1;protein_639,GCF_002952455.1;protein_636,GCF_002952675.1;protein_638
GCF_000685705.1;protein_8,GCF_020735805.1;protein_579,GCF_021184145.1;protein_956,GCF_017821655.1;protein_8,GCF_016757555.1;protein_8,GCF_006337485.1;protein_1486,GCF_006337745.1;protein_1483,GCF_030323385.1;protein_157,GCF_002952455.1;protein_1472,GCF_002952675.1;protein_1477
GCF_000685705.1;protein_80,GCF_020735805.1;protein_371,GCF_021184145.1;protein_745,GCF_017821655.1;protein_1459,GCF_016757555.1;protein_1328,GCF_006337485.1;protein_123,GCF_006337745.1;protein_120,GCF_030323385.1;protein_1499,GCF_002952455.1;protein_1427,GCF_002952675.1;protein_1432
GCF_000685705.1;protein_800,GCF_020735805.1;protein_1072,GCF_021184145.1;protein_1448,GCF_017821655.1;protein_494,GCF_016757555.1;protein_821,GCF_006337485.1;protein_926,GCF_006337745.1;protein_983,GCF_030323385.1;protein_638,GCF_002952455.1;protein_635,GCF_002952675.1;protein_637
GCF_000685705.1;protein_801,GCF_020735805.1;protein_1073,GCF_021184145.1;protein_1449,GCF_017821655.1;protein_495,GCF_016757555.1;protein_820,GCF_006337485.1;protein_925,GCF_006337745.1;protein_982,GCF_030323385.1;protein_637,GCF_002952455.1;protein_634,GCF_002952675.1;protein_636
GCF_000685705.1;protein_802,GCF_020735805.1;protein_1074,GCF_021184145.1;protein_1450,GCF_017821655.1;protein_496,GCF_016757555.1;protein_819,GCF_006337485.1;protein_924,GCF_006337745.1;protein_981,GCF_030323385.1;protein_636,GCF_002952455.1;protein_633,GCF_002952675.1;protein_635
GCF_000685705.1;protein_803,GCF_020735805.1;protein_1075,GCF_021184145.1;protein_1451,GCF_017821655.1;protein_497,GCF_016757555.1;protein_818,GCF_006337485.1;protein_923,GCF_006337745.1;protein_980,GCF_030323385.1;protein_635,GCF_002952455.1;protein_632,GCF_002952675.1;protein_634
GCF_000685705.1;protein_804,GCF_020735805.1;protein_1076,GCF_021184145.1;protein_1452,GCF_017821655.1;protein_498,GCF_016757555.1;protein_817,GCF_006337485.1;protein_922,GCF_006337745.1;protein_979,GCF_030323385.1;protein_634,GCF_002952455.1;protein_631,GCF_002952675.1;protein_633
GCF_000685705.1;protein_805,GCF_020735805.1;protein_1077,GCF_021184145.1;protein_1453,GCF_017821655.1;protein_499,GCF_016757555.1;protein_816,GCF_006337485.1;protein_921,GCF_006337745.1;protein_978,GCF_030323385.1;protein_633,GCF_002952455.1;protein_630,GCF_002952675.1;protein_632
GCF_000685705.1;protein_806,GCF_020735805.1;protein_1078,GCF_021184145.1;protein_1454,GCF_017821655.1;protein_500,GCF_016757555.1;protein_815,GCF_006337485.1;protein_920,GCF_006337745.1;protein_977,GCF_030323385.1;protein_632,GCF_002952455.1;protein_629,GCF_002952675.1;protein_631
GCF_000685705.1;protein_807,GCF_020735805.1;protein_1079,GCF_021184145.1;protein_1455,GCF_017821655.1;protein_501,GCF_016757555.1;protein_814,GCF_006337485.1;protein_919,GCF_006337745.1;protein_976,GCF_030323385.1;protein_631,GCF_002952455.1;protein_628,GCF_002952675.1;protein_630
GCF_000685705.1;protein_808,GCF_020735805.1;protein_1080,GCF_021184145.1;protein_1456,GCF_017821655.1;protein_502,GCF_016757555.1;protein_813,GCF_006337485.1;protein_918,GCF_006337745.1;protein_975,GCF_030323385.1;protein_630,GCF_002952455.1;protein_627,GCF_002952675.1;protein_629
GCF_000685705.1;protein_809,GCF_020735805.1;protein_1081,GCF_021184145.1;protein_1457,GCF_017821655.1;protein_503,GCF_016757555.1;protein_812,GCF_006337485.1;protein_917,GCF_006337745.1;protein_974,GCF_030323385.1;protein_629,GCF_002952455.1;protein_626,GCF_002952675.1;protein_628
GCF_000685705.1;protein_810,GCF_020735805.1;protein_1082,GCF_021184145.1;protein_1458,GCF_017821655.1;protein_504,GCF_016757555.1;protein_811,GCF_006337485.1;protein_916,GCF_006337745.1;protein_973,GCF_030323385.1;protein_628,GCF_002952455.1;protein_625,GCF_002952675.1;protein_627
GCF_000685705.1;protein_811,GCF_020735805.1;protein_1083,GCF_021184145.1;protein_1459,GCF_017821655.1;protein_505,GCF_016757555.1;protein_810,GCF_006337485.1;protein_915,GCF_006337745.1;protein_972,GCF_030323385.1;protein_627,GCF_002952455.1;protein_624,GCF_002952675.1;protein_626
GCF_000685705.1;protein_814,GCF_020735805.1;protein_1087,GCF_021184145.1;protein_1463,GCF_017821655.1;protein_512,GCF_016757555.1;protein_807,GCF_006337485.1;protein_911,GCF_006337745.1;protein_969,GCF_030323385.1;protein_675,GCF_002952455.1;protein_671,GCF_002952675.1;protein_673
GCF_000685705.1;protein_815,GCF_020735805.1;protein_1088,GCF_021184145.1;protein_1464,GCF_017821655.1;protein_513,GCF_016757555.1;protein_806,GCF_006337485.1;protein_910,GCF_006337745.1;protein_968,GCF_030323385.1;protein_676,GCF_002952455.1;protein_672,GCF_002952675.1;protein_674
GCF_000685705.1;protein_816,GCF_020735805.1;protein_1089,GCF_021184145.1;protein_1465,GCF_017821655.1;protein_514,GCF_016757555.1;protein_805,GCF_006337485.1;protein_909,GCF_006337745.1;protein_967,GCF_030323385.1;protein_677,GCF_002952455.1;protein_673,GCF_002952675.1;protein_675
GCF_000685705.1;protein_817,GCF_020735805.1;protein_1090,GCF_021184145.1;protein_1466,GCF_017821655.1;protein_515,GCF_016757555.1;protein_804,GCF_006337485.1;protein_908,GCF_006337745.1;protein_966,GCF_030323385.1;protein_678,GCF_002952455.1;protein_674,GCF_002952675.1;protein_676
GCF_000685705.1;protein_818,GCF_020735805.1;protein_1091,GCF_021184145.1;protein_1467,GCF_017821655.1;protein_516,GCF_016757555.1;protein_803,GCF_006337485.1;protein_907,GCF_006337745.1;protein_965,GCF_030323385.1;protein_679,GCF_002952455.1;protein_675,GCF_002952675.1;protein_677
GCF_000685705.1;protein_819,GCF_020735805.1;protein_1092,GCF_021184145.1;protein_1468,GCF_017821655.1;protein_517,GCF_016757555.1;protein_802,GCF_006337485.1;protein_906,GCF_006337745.1;protein_964,GCF_030323385.1;protein_680,GCF_002952455.1;protein_676,GCF_002952675.1;protein_678
GCF_000685705.1;protein_820,GCF_020735805.1;protein_1093,GCF_021184145.1;protein_1469,GCF_017821655.1;protein_518,GCF_016757555.1;protein_801,GCF_006337485.1;protein_905,GCF_006337745.1;protein_963,GCF_030323385.1;protein_681,GCF_002952455.1;protein_677,GCF_002952675.1;protein_679
GCF_000685705.1;protein_822,GCF_020735805.1;protein_1095,GCF_021184145.1;protein_1471,GCF_017821655.1;protein_520,GCF_016757555.1;protein_799,GCF_006337485.1;protein_903,GCF_006337745.1;protein_961,GCF_030323385.1;protein_683,GCF_002952455.1;protein_679,GCF_002952675.1;protein_681
GCF_000685705.1;protein_823,GCF_020735805.1;protein_1096,GCF_021184145.1;protein_1472,GCF_017821655.1;protein_521,GCF_016757555.1;protein_798,GCF_006337485.1;protein_902,GCF_006337745.1;protein_960,GCF_030323385.1;protein_684,GCF_002952455.1;protein_680,GCF_002952675.1;protein_682
GCF_000685705.1;protein_824,GCF_020735805.1;protein_1097,GCF_021184145.1;protein_1473,GCF_017821655.1;protein_522,GCF_016757555.1;protein_797,GCF_006337485.1;protein_901,GCF_006337745.1;protein_959,GCF_030323385.1;protein_685,GCF_002952455.1;protein_681,GCF_002952675.1;protein_683
GCF_000685705.1;protein_825,GCF_020735805.1;protein_1098,GCF_021184145.1;protein_1474,GCF_017821655.1;protein_523,GCF_016757555.1;protein_796,GCF_006337485.1;protein_900,GCF_006337745.1;protein_958,GCF_030323385.1;protein_686,GCF_002952455.1;protein_682,GCF_002952675.1;protein_684
GCF_000685705.1;protein_826,GCF_020735805.1;protein_1099,GCF_021184145.1;protein_1475,GCF_017821655.1;protein_524,GCF_016757555.1;protein_795,GCF_006337485.1;protein_899,GCF_006337745.1;protein_957,GCF_030323385.1;protein_687,GCF_002952455.1;protein_683,GCF_002952675.1;protein_685
GCF_000685705.1;protein_827,GCF_020735805.1;protein_1100,GCF_021184145.1;protein_1476,GCF_017821655.1;protein_525,GCF_016757555.1;protein_794,GCF_006337485.1;protein_898,GCF_006337745.1;protein_956,GCF_030323385.1;protein_688,GCF_002952455.1;protein_684,GCF_002952675.1;protein_686
GCF_000685705.1;protein_828,GCF_020735805.1;protein_1101,GCF_021184145.1;protein_1477,GCF_017821655.1;protein_526,GCF_016757555.1;protein_793,GCF_006337485.1;protein_897,GCF_006337745.1;protein_955,GCF_030323385.1;protein_689,GCF_002952455.1;protein_685,GCF_002952675.1;protein_687
GCF_000685705.1;protein_829,GCF_020735805.1;protein_1102,GCF_021184145.1;protein_1478,GCF_017821655.1;protein_527,GCF_016757555.1;protein_792,GCF_006337485.1;protein_896,GCF_006337745.1;protein_954,GCF_030323385.1;protein_690,GCF_002952455.1;protein_686,GCF_002952675.1;protein_688
GCF_000685705.1;protein_830,GCF_020735805.1;protein_1103,GCF_021184145.1;protein_1479,GCF_017821655.1;protein_528,GCF_016757555.1;protein_791,GCF_006337485.1;protein_895,GCF_006337745.1;protein_953,GCF_030323385.1;protein_691,GCF_002952455.1;protein_687,GCF_002952675.1;protein_689
GCF_000685705.1;protein_831,GCF_020735805.1;protein_1104,GCF_021184145.1;protein_1480,GCF_017821655.1;protein_529,GCF_016757555.1;protein_790,GCF_006337485.1;protein_894,GCF_006337745.1;protein_952,GCF_030323385.1;protein_692,GCF_002952455.1;protein_688,GCF_002952675.1;protein_690
GCF_000685705.1;protein_832,GCF_020735805.1;protein_1105,GCF_021184145.1;protein_1482,GCF_017821655.1;protein_530,GCF_016757555.1;protein_789,GCF_006337485.1;protein_893,GCF_006337745.1;protein_951,GCF_030323385.1;protein_693,GCF_002952455.1;protein_689,GCF_002952675.1;protein_691
GCF_000685705.1;protein_833,GCF_020735805.1;protein_1106,GCF_021184145.1;protein_1483,GCF_017821655.1;protein_531,GCF_016757555.1;protein_788,GCF_006337485.1;protein_892,GCF_006337745.1;protein_950,GCF_030323385.1;protein_694,GCF_002952455.1;protein_690,GCF_002952675.1;protein_692
GCF_000685705.1;protein_834,GCF_020735805.1;protein_1107,GCF_021184145.1;protein_1484,GCF_017821655.1;protein_532,GCF_016757555.1;protein_787,GCF_006337485.1;protein_891,GCF_006337745.1;protein_949,GCF_030323385.1;protein_695,GCF_002952455.1;protein_691,GCF_002952675.1;protein_693
GCF_000685705.1;protein_835,GCF_020735805.1;protein_1108,GCF_021184145.1;protein_1485,GCF_017821655.1;protein_533,GCF_016757555.1;protein_786,GCF_006337485.1;protein_890,GCF_006337745.1;protein_948,GCF_030323385.1;protein_696,GCF_002952455.1;protein_692,GCF_002952675.1;protein_694
GCF_000685705.1;protein_836,GCF_020735805.1;protein_1109,GCF_021184145.1;protein_1486,GCF_017821655.1;protein_534,GCF_016757555.1;protein_785,GCF_006337485.1;protein_889,GCF_006337745.1;protein_947,GCF_030323385.1;protein_697,GCF_002952455.1;protein_693,GCF_002952675.1;protein_695
GCF_000685705.1;protein_837,GCF_020735805.1;protein_1110,GCF_021184145.1;protein_1487,GCF_017821655.1;protein_535,GCF_016757555.1;protein_784,GCF_006337485.1;protein_888,GCF_006337745.1;protein_946,GCF_030323385.1;protein_698,GCF_002952455.1;protein_694,GCF_002952675.1;protein_696
GCF_000685705.1;protein_838,GCF_020735805.1;protein_1111,GCF_021184145.1;protein_1488,GCF_017821655.1;protein_536,GCF_016757555.1;protein_783,GCF_006337485.1;protein_887,GCF_006337745.1;protein_945,GCF_030323385.1;protein_699,GCF_002952455.1;protein_695,GCF_002952675.1;protein_697
GCF_000685705.1;protein_839,GCF_020735805.1;protein_1112,GCF_021184145.1;protein_1489,GCF_017821655.1;protein_537,GCF_016757555.1;protein_782,GCF_006337485.1;protein_886,GCF_006337745.1;protein_944,GCF_030323385.1;protein_700,GCF_002952455.1;protein_696,GCF_002952675.1;protein_698
GCF_000685705.1;protein_840,GCF_020735805.1;protein_1113,GCF_021184145.1;protein_1490,GCF_017821655.1;protein_538,GCF_016757555.1;protein_781,GCF_006337485.1;protein_885,GCF_006337745.1;protein_943,GCF_030323385.1;protein_701,GCF_002952455.1;protein_697,GCF_002952675.1;protein_699
GCF_000685705.1;protein_841,GCF_020735805.1;protein_1114,GCF_021184145.1;protein_1491,GCF_017821655.1;protein_539,GCF_016757555.1;protein_780,GCF_006337485.1;protein_884,GCF_006337745.1;protein_942,GCF_030323385.1;protein_702,GCF_002952455.1;protein_698,GCF_002952675.1;protein_700
GCF_000685705.1;protein_842,GCF_020735805.1;protein_1115,GCF_021184145.1;protein_1492,GCF_017821655.1;protein_540,GCF_016757555.1;protein_779,GCF_006337485.1;protein_883,GCF_006337745.1;protein_941,GCF_030323385.1;protein_703,GCF_002952455.1;protein_699,GCF_002952675.1;protein_701
GCF_000685705.1;protein_843,GCF_020735805.1;protein_1116,GCF_021184145.1;protein_1493,GCF_017821655.1;protein_541,GCF_016757555.1;protein_778,GCF_006337485.1;protein_882,GCF_006337745.1;protein_940,GCF_030323385.1;protein_704,GCF_002952455.1;protein_700,GCF_002952675.1;protein_702
GCF_000685705.1;protein_844,GCF_020735805.1;protein_1117,GCF_021184145.1;protein_1494,GCF_017821655.1;protein_542,GCF_016757555.1;protein_777,GCF_006337485.1;protein_881,GCF_006337745.1;protein_939,GCF_030323385.1;protein_705,GCF_002952455.1;protein_701,GCF_002952675.1;protein_703
GCF_000685705.1;protein_845,GCF_020735805.1;protein_1118,GCF_021184145.1;protein_1495,GCF_017821655.1;protein_543,GCF_016757555.1;protein_776,GCF_006337485.1;protein_880,GCF_006337745.1;protein_938,GCF_030323385.1;protein_706,GCF_002952455.1;protein_702,GCF_002952675.1;protein_704
GCF_000685705.1;protein_846,GCF_020735805.1;protein_1119,GCF_021184145.1;protein_1496,GCF_017821655.1;protein_544,GCF_016757555.1;protein_775,GCF_006337485.1;protein_879,GCF_006337745.1;protein_937,GCF_030323385.1;protein_707,GCF_002952455.1;protein_703,GCF_002952675.1;protein_705
GCF_000685705.1;protein_847,GCF_020735805.1;protein_1120,GCF_021184145.1;protein_1497,GCF_017821655.1;protein_545,GCF_016757555.1;protein_774,GCF_006337485.1;protein_878,GCF_006337745.1;protein_936,GCF_030323385.1;protein_708,GCF_002952455.1;protein_704,GCF_002952675.1;protein_706
GCF_000685705.1;protein_848,GCF_020735805.1;protein_1121,GCF_021184145.1;protein_1498,GCF_017821655.1;protein_546,GCF_016757555.1;protein_773,GCF_006337485.1;protein_877,GCF_006337745.1;protein_935,GCF_030323385.1;protein_709,GCF_002952455.1;protein_705,GCF_002952675.1;protein_707
GCF_000685705.1;protein_849,GCF_020735805.1;protein_1122,GCF_021184145.1;protein_1499,GCF_017821655.1;protein_547,GCF_016757555.1;protein_772,GCF_006337485.1;protein_876,GCF_006337745.1;protein_934,GCF_030323385.1;protein_710,GCF_002952455.1;protein_706,GCF_002952675.1;protein_708
GCF_000685705.1;protein_850,GCF_020735805.1;protein_1123,GCF_021184145.1;protein_1500,GCF_017821655.1;protein_548,GCF_016757555.1;protein_771,GCF_006337485.1;protein_875,GCF_006337745.1;protein_933,GCF_030323385.1;protein_711,GCF_002952455.1;protein_707,GCF_002952675.1;protein_709
GCF_000685705.1;protein_851,GCF_020735805.1;protein_1124,GCF_021184145.1;protein_1501,GCF_017821655.1;protein_549,GCF_016757555.1;protein_770,GCF_006337485.1;protein_874,GCF_006337745.1;protein_932,GCF_030323385.1;protein_712,GCF_002952455.1;protein_708,GCF_002952675.1;protein_710
GCF_000685705.1;protein_852,GCF_020735805.1;protein_1125,GCF_021184145.1;protein_1502,GCF_017821655.1;protein_550,GCF_016757555.1;protein_769,GCF_006337485.1;protein_873,GCF_006337745.1;protein_931,GCF_030323385.1;protein_713,GCF_002952455.1;protein_709,GCF_002952675.1;protein_711
GCF_000685705.1;protein_853,GCF_020735805.1;protein_1126,GCF_021184145.1;protein_1503,GCF_017821655.1;protein_551,GCF_016757555.1;protein_768,GCF_006337485.1;protein_872,GCF_006337745.1;protein_930,GCF_030323385.1;protein_714,GCF_002952455.1;protein_710,GCF_002952675.1;protein_712
GCF_000685705.1;protein_854,GCF_020735805.1;protein_1127,GCF_021184145.1;protein_1504,GCF_017821655.1;protein_552,GCF_016757555.1;protein_767,GCF_006337485.1;protein_871,GCF_006337745.1;protein_929,GCF_030323385.1;protein_715,GCF_002952455.1;protein_711,GCF_002952675.1;protein_713
GCF_000685705.1;protein_855,GCF_020735805.1;protein_1128,GCF_021184145.1;protein_1505,GCF_017821655.1;protein_553,GCF_016757555.1;protein_766,GCF_006337485.1;protein_870,GCF_006337745.1;protein_928,GCF_030323385.1;protein_716,GCF_002952455.1;protein_712,GCF_002952675.1;protein_714
GCF_000685705.1;protein_856,GCF_020735805.1;protein_1129,GCF_021184145.1;protein_1506,GCF_017821655.1;protein_554,GCF_016757555.1;protein_765,GCF_006337485.1;protein_869,GCF_006337745.1;protein_927,GCF_030323385.1;protein_717,GCF_002952455.1;protein_713,GCF_002952675.1;protein_715
GCF_000685705.1;protein_859,GCF_020735805.1;protein_1132,GCF_021184145.1;protein_1508,GCF_017821655.1;protein_556,GCF_016757555.1;protein_763,GCF_006337485.1;protein_867,GCF_006337745.1;protein_923,GCF_030323385.1;protein_719,GCF_002952455.1;protein_715,GCF_002952675.1;protein_717
GCF_000685705.1;protein_860,GCF_020735805.1;protein_1133,GCF_021184145.1;protein_1509,GCF_017821655.1;protein_557,GCF_016757555.1;protein_762,GCF_006337485.1;protein_866,GCF_006337745.1;protein_922,GCF_030323385.1;protein_720,GCF_002952455.1;protein_716,GCF_002952675.1;protein_718
GCF_000685705.1;protein_861,GCF_020735805.1;protein_1134,GCF_021184145.1;protein_1510,GCF_017821655.1;protein_558,GCF_016757555.1;protein_761,GCF_006337485.1;protein_865,GCF_006337745.1;protein_921,GCF_030323385.1;protein_721,GCF_002952455.1;protein_717,GCF_002952675.1;protein_719
GCF_000685705.1;protein_862,GCF_020735805.1;protein_1135,GCF_021184145.1;protein_1511,GCF_017821655.1;protein_559,GCF_016757555.1;protein_760,GCF_006337485.1;protein_864,GCF_006337745.1;protein_920,GCF_030323385.1;protein_722,GCF_002952455.1;protein_718,GCF_002952675.1;protein_720
GCF_000685705.1;protein_863,GCF_020735805.1;protein_1136,GCF_021184145.1;protein_1512,GCF_017821655.1;protein_560,GCF_016757555.1;protein_759,GCF_006337485.1;protein_863,GCF_006337745.1;protein_919,GCF_030323385.1;protein_723,GCF_002952455.1;protein_719,GCF_002952675.1;protein_721
GCF_000685705.1;protein_864,GCF_020735805.1;protein_1137,GCF_021184145.1;protein_1513,GCF_017821655.1;protein_561,GCF_016757555.1;protein_758,GCF_006337485.1;protein_862,GCF_006337745.1;protein_918,GCF_030323385.1;protein_724,GCF_002952455.1;protein_720,GCF_002952675.1;protein_722
GCF_000685705.1;protein_866,GCF_020735805.1;protein_1139,GCF_021184145.1;protein_1515,GCF_017821655.1;protein_563,GCF_016757555.1;protein_756,GCF_006337485.1;protein_858,GCF_006337745.1;protein_915,GCF_030323385.1;protein_728,GCF_002952455.1;protein_723,GCF_002952675.1;protein_726
GCF_000685705.1;protein_867,GCF_020735805.1;protein_1140,GCF_021184145.1;protein_1516,GCF_017821655.1;protein_564,GCF_016757555.1;protein_755,GCF_006337485.1;protein_857,GCF_006337745.1;protein_914,GCF_030323385.1;protein_729,GCF_002952455.1;protein_724,GCF_002952675.1;protein_727
GCF_000685705.1;protein_868,GCF_020735805.1;protein_1141,GCF_021184145.1;protein_1517,GCF_017821655.1;protein_565,GCF_016757555.1;protein_754,GCF_006337485.1;protein_856,GCF_006337745.1;protein_913,GCF_030323385.1;protein_730,GCF_002952455.1;protein_725,GCF_002952675.1;protein_728
GCF_000685705.1;protein_869,GCF_020735805.1;protein_1142,GCF_021184145.1;protein_1518,GCF_017821655.1;protein_566,GCF_016757555.1;protein_753,GCF_006337485.1;protein_855,GCF_006337745.1;protein_912,GCF_030323385.1;protein_731,GCF_002952455.1;protein_726,GCF_002952675.1;protein_729
GCF_000685705.1;protein_87,GCF_020735805.1;protein_376,GCF_021184145.1;protein_751,GCF_017821655.1;protein_1453,GCF_016757555.1;protein_1333,GCF_006337485.1;protein_118,GCF_006337745.1;protein_114,GCF_030323385.1;protein_1504,GCF_002952455.1;protein_1432,GCF_002952675.1;protein_1437
GCF_000685705.1;protein_870,GCF_020735805.1;protein_1143,GCF_021184145.1;protein_1519,GCF_017821655.1;protein_567,GCF_016757555.1;protein_752,GCF_006337485.1;protein_854,GCF_006337745.1;protein_911,GCF_030323385.1;protein_732,GCF_002952455.1;protein_727,GCF_002952675.1;protein_730
GCF_000685705.1;protein_871,GCF_020735805.1;protein_1144,GCF_021184145.1;protein_1520,GCF_017821655.1;protein_568,GCF_016757555.1;protein_751,GCF_006337485.1;protein_853,GCF_006337745.1;protein_910,GCF_030323385.1;protein_733,GCF_002952455.1;protein_728,GCF_002952675.1;protein_731
GCF_000685705.1;protein_872,GCF_020735805.1;protein_1145,GCF_021184145.1;protein_1521,GCF_017821655.1;protein_569,GCF_016757555.1;protein_750,GCF_006337485.1;protein_852,GCF_006337745.1;protein_909,GCF_030323385.1;protein_734,GCF_002952455.1;protein_729,GCF_002952675.1;protein_732
GCF_000685705.1;protein_873,GCF_020735805.1;protein_1146,GCF_021184145.1;protein_1522,GCF_017821655.1;protein_570,GCF_016757555.1;protein_749,GCF_006337485.1;protein_851,GCF_006337745.1;protein_908,GCF_030323385.1;protein_735,GCF_002952455.1;protein_730,GCF_002952675.1;protein_733
GCF_000685705.1;protein_874,GCF_020735805.1;protein_1147,GCF_021184145.1;protein_1523,GCF_017821655.1;protein_571,GCF_016757555.1;protein_748,GCF_006337485.1;protein_850,GCF_006337745.1;protein_907,GCF_030323385.1;protein_736,GCF_002952455.1;protein_731,GCF_002952675.1;protein_734
GCF_000685705.1;protein_877,GCF_020735805.1;protein_1150,GCF_021184145.1;protein_1526,GCF_017821655.1;protein_574,GCF_016757555.1;protein_745,GCF_006337485.1;protein_847,GCF_006337745.1;protein_903,GCF_030323385.1;protein_739,GCF_002952455.1;protein_734,GCF_002952675.1;protein_737
GCF_000685705.1;protein_878,GCF_020735805.1;protein_1151,GCF_021184145.1;protein_1527,GCF_017821655.1;protein_575,GCF_016757555.1;protein_744,GCF_006337485.1;protein_846,GCF_006337745.1;protein_902,GCF_030323385.1;protein_740,GCF_002952455.1;protein_735,GCF_002952675.1;protein_738
GCF_000685705.1;protein_879,GCF_020735805.1;protein_1152,GCF_021184145.1;protein_1528,GCF_017821655.1;protein_576,GCF_016757555.1;protein_743,GCF_006337485.1;protein_845,GCF_006337745.1;protein_901,GCF_030323385.1;protein_741,GCF_002952455.1;protein_736,GCF_002952675.1;protein_739
GCF_000685705.1;protein_88,GCF_020735805.1;protein_377,GCF_021184145.1;protein_752,GCF_017821655.1;protein_1452,GCF_016757555.1;protein_1334,GCF_006337485.1;protein_117,GCF_006337745.1;protein_113,GCF_030323385.1;protein_1505,GCF_002952455.1;protein_1433,GCF_002952675.1;protein_1438
GCF_000685705.1;protein_880,GCF_020735805.1;protein_1153,GCF_021184145.1;protein_1529,GCF_017821655.1;protein_577,GCF_016757555.1;protein_742,GCF_006337485.1;protein_844,GCF_006337745.1;protein_900,GCF_030323385.1;protein_742,GCF_002952455.1;protein_737,GCF_002952675.1;protein_740
GCF_000685705.1;protein_881,GCF_020735805.1;protein_1154,GCF_021184145.1;protein_1530,GCF_017821655.1;protein_578,GCF_016757555.1;protein_741,GCF_006337485.1;protein_843,GCF_006337745.1;protein_899,GCF_030323385.1;protein_743,GCF_002952455.1;protein_738,GCF_002952675.1;protein_741
GCF_000685705.1;protein_883,GCF_020735805.1;protein_1157,GCF_021184145.1;protein_1534,GCF_017821655.1;protein_580,GCF_016757555.1;protein_737,GCF_006337485.1;protein_839,GCF_006337745.1;protein_896,GCF_030323385.1;protein_747,GCF_002952455.1;protein_741,GCF_002952675.1;protein_744
GCF_000685705.1;protein_884,GCF_020735805.1;protein_1158,GCF_021184145.1;protein_1535,GCF_017821655.1;protein_581,GCF_016757555.1;protein_736,GCF_006337485.1;protein_834,GCF_006337745.1;protein_895,GCF_030323385.1;protein_748,GCF_002952455.1;protein_742,GCF_002952675.1;protein_745
GCF_000685705.1;protein_885,GCF_020735805.1;protein_1159,GCF_021184145.1;protein_1536,GCF_017821655.1;protein_582,GCF_016757555.1;protein_735,GCF_006337485.1;protein_833,GCF_006337745.1;protein_894,GCF_030323385.1;protein_749,GCF_002952455.1;protein_743,GCF_002952675.1;protein_746
GCF_000685705.1;protein_886,GCF_020735805.1;protein_1160,GCF_021184145.1;protein_1537,GCF_017821655.1;protein_583,GCF_016757555.1;protein_734,GCF_006337485.1;protein_832,GCF_006337745.1;protein_893,GCF_030323385.1;protein_750,GCF_002952455.1;protein_744,GCF_002952675.1;protein_747
GCF_000685705.1;protein_887,GCF_020735805.1;protein_1161,GCF_021184145.1;protein_1538,GCF_017821655.1;protein_584,GCF_016757555.1;protein_733,GCF_006337485.1;protein_831,GCF_006337745.1;protein_892,GCF_030323385.1;protein_751,GCF_002952455.1;protein_745,GCF_002952675.1;protein_748
GCF_000685705.1;protein_888,GCF_020735805.1;protein_1162,GCF_021184145.1;protein_1539,GCF_017821655.1;protein_585,GCF_016757555.1;protein_732,GCF_006337485.1;protein_830,GCF_006337745.1;protein_891,GCF_030323385.1;protein_752,GCF_002952455.1;protein_746,GCF_002952675.1;protein_749
GCF_000685705.1;protein_889,GCF_020735805.1;protein_1163,GCF_021184145.1;protein_1540,GCF_017821655.1;protein_586,GCF_016757555.1;protein_731,GCF_006337485.1;protein_829,GCF_006337745.1;protein_890,GCF_030323385.1;protein_753,GCF_002952455.1;protein_747,GCF_002952675.1;protein_750
GCF_000685705.1;protein_89,GCF_020735805.1;protein_378,GCF_021184145.1;protein_753,GCF_017821655.1;protein_1451,GCF_016757555.1;protein_1335,GCF_006337485.1;protein_116,GCF_006337745.1;protein_112,GCF_030323385.1;protein_1506,GCF_002952455.1;protein_1434,GCF_002952675.1;protein_1439
GCF_000685705.1;protein_890,GCF_020735805.1;protein_1164,GCF_021184145.1;protein_1541,GCF_017821655.1;protein_587,GCF_016757555.1;protein_730,GCF_006337485.1;protein_828,GCF_006337745.1;protein_889,GCF_030323385.1;protein_754,GCF_002952455.1;protein_748,GCF_002952675.1;protein_751
GCF_000685705.1;protein_892,GCF_020735805.1;protein_1166,GCF_021184145.1;protein_1543,GCF_017821655.1;protein_589,GCF_016757555.1;protein_707,GCF_006337485.1;protein_826,GCF_006337745.1;protein_887,GCF_030323385.1;protein_756,GCF_002952455.1;protein_750,GCF_002952675.1;protein_753
GCF_000685705.1;protein_893,GCF_020735805.1;protein_1167,GCF_021184145.1;protein_1544,GCF_017821655.1;protein_590,GCF_016757555.1;protein_706,GCF_006337485.1;protein_825,GCF_006337745.1;protein_886,GCF_030323385.1;protein_757,GCF_002952455.1;protein_751,GCF_002952675.1;protein_754
GCF_000685705.1;protein_894,GCF_020735805.1;protein_1168,GCF_021184145.1;protein_1545,GCF_017821655.1;protein_591,GCF_016757555.1;protein_705,GCF_006337485.1;protein_824,GCF_006337745.1;protein_885,GCF_030323385.1;protein_758,GCF_002952455.1;protein_752,GCF_002952675.1;protein_755
GCF_000685705.1;protein_895,GCF_020735805.1;protein_1169,GCF_021184145.1;protein_1546,GCF_017821655.1;protein_592,GCF_016757555.1;protein_704,GCF_006337485.1;protein_823,GCF_006337745.1;protein_884,GCF_030323385.1;protein_759,GCF_002952455.1;protein_753,GCF_002952675.1;protein_756
GCF_000685705.1;protein_896,GCF_020735805.1;protein_1170,GCF_021184145.1;protein_1547,GCF_017821655.1;protein_593,GCF_016757555.1;protein_703,GCF_006337485.1;protein_822,GCF_006337745.1;protein_883,GCF_030323385.1;protein_760,GCF_002952455.1;protein_754,GCF_002952675.1;protein_757
GCF_000685705.1;protein_897,GCF_020735805.1;protein_1171,GCF_021184145.1;protein_1548,GCF_017821655.1;protein_594,GCF_016757555.1;protein_702,GCF_006337485.1;protein_821,GCF_006337745.1;protein_882,GCF_030323385.1;protein_761,GCF_002952455.1;protein_755,GCF_002952675.1;protein_758
GCF_000685705.1;protein_899,GCF_020735805.1;protein_1173,GCF_021184145.1;protein_1550,GCF_017821655.1;protein_596,GCF_016757555.1;protein_700,GCF_006337485.1;protein_819,GCF_006337745.1;protein_880,GCF_030323385.1;protein_763,GCF_002952455.1;protein_757,GCF_002952675.1;protein_760
GCF_000685705.1;protein_9,GCF_020735805.1;protein_580,GCF_021184145.1;protein_957,GCF_017821655.1;protein_9,GCF_016757555.1;protein_9,GCF_006337485.1;protein_1485,GCF_006337745.1;protein_1482,GCF_030323385.1;protein_158,GCF_002952455.1;protein_1471,GCF_002952675.1;protein_1476
GCF_000685705.1;protein_90,GCF_020735805.1;protein_379,GCF_021184145.1;protein_754,GCF_017821655.1;protein_1450,GCF_016757555.1;protein_1336,GCF_006337485.1;protein_115,GCF_006337745.1;protein_111,GCF_030323385.1;protein_1507,GCF_002952455.1;protein_1435,GCF_002952675.1;protein_1440
GCF_000685705.1;protein_900,GCF_020735805.1;protein_1174,GCF_021184145.1;protein_1551,GCF_017821655.1;protein_597,GCF_016757555.1;protein_699,GCF_006337485.1;protein_818,GCF_006337745.1;protein_879,GCF_030323385.1;protein_764,GCF_002952455.1;protein_758,GCF_002952675.1;protein_761
GCF_000685705.1;protein_901,GCF_020735805.1;protein_1175,GCF_021184145.1;protein_1552,GCF_017821655.1;protein_598,GCF_016757555.1;protein_698,GCF_006337485.1;protein_817,GCF_006337745.1;protein_878,GCF_030323385.1;protein_765,GCF_002952455.1;protein_759,GCF_002952675.1;protein_762
GCF_000685705.1;protein_902,GCF_020735805.1;protein_1176,GCF_021184145.1;protein_1553,GCF_017821655.1;protein_599,GCF_016757555.1;protein_697,GCF_006337485.1;protein_816,GCF_006337745.1;protein_877,GCF_030323385.1;protein_766,GCF_002952455.1;protein_760,GCF_002952675.1;protein_763
GCF_000685705.1;protein_906,GCF_020735805.1;protein_1180,GCF_021184145.1;protein_1558,GCF_017821655.1;protein_604,GCF_016757555.1;protein_695,GCF_006337485.1;protein_812,GCF_006337745.1;protein_872,GCF_030323385.1;protein_770,GCF_002952455.1;protein_764,GCF_002952675.1;protein_767
GCF_000685705.1;protein_907,GCF_020735805.1;protein_1181,GCF_021184145.1;protein_1559,GCF_017821655.1;protein_605,GCF_016757555.1;protein_694,GCF_006337485.1;protein_811,GCF_006337745.1;protein_871,GCF_030323385.1;protein_771,GCF_002952455.1;protein_765,GCF_002952675.1;protein_768
GCF_000685705.1;protein_908,GCF_020735805.1;protein_1182,GCF_021184145.1;protein_1560,GCF_017821655.1;protein_606,GCF_016757555.1;protein_693,GCF_006337485.1;protein_810,GCF_006337745.1;protein_870,GCF_030323385.1;protein_772,GCF_002952455.1;protein_766,GCF_002952675.1;protein_769
GCF_000685705.1;protein_909,GCF_020735805.1;protein_1183,GCF_021184145.1;protein_1561,GCF_017821655.1;protein_607,GCF_016757555.1;protein_692,GCF_006337485.1;protein_809,GCF_006337745.1;protein_869,GCF_030323385.1;protein_773,GCF_002952455.1;protein_767,GCF_002952675.1;protein_770
GCF_000685705.1;protein_910,GCF_020735805.1;protein_1184,GCF_021184145.1;protein_0,GCF_017821655.1;protein_608,GCF_016757555.1;protein_691,GCF_006337485.1;protein_808,GCF_006337745.1;protein_868,GCF_030323385.1;protein_774,GCF_002952455.1;protein_768,GCF_002952675.1;protein_771
GCF_000685705.1;protein_911,GCF_020735805.1;protein_1185,GCF_021184145.1;protein_1,GCF_017821655.1;protein_609,GCF_016757555.1;protein_690,GCF_006337485.1;protein_807,GCF_006337745.1;protein_867,GCF_030323385.1;protein_775,GCF_002952455.1;protein_769,GCF_002952675.1;protein_772
GCF_000685705.1;protein_912,GCF_020735805.1;protein_1186,GCF_021184145.1;protein_2,GCF_017821655.1;protein_610,GCF_016757555.1;protein_689,GCF_006337485.1;protein_806,GCF_006337745.1;protein_866,GCF_030323385.1;protein_776,GCF_002952455.1;protein_770,GCF_002952675.1;protein_773
GCF_000685705.1;protein_913,GCF_020735805.1;protein_1187,GCF_021184145.1;protein_3,GCF_017821655.1;protein_611,GCF_016757555.1;protein_688,GCF_006337485.1;protein_805,GCF_006337745.1;protein_865,GCF_030323385.1;protein_777,GCF_002952455.1;protein_771,GCF_002952675.1;protein_774
GCF_000685705.1;protein_915,GCF_020735805.1;protein_1189,GCF_021184145.1;protein_5,GCF_017821655.1;protein_613,GCF_016757555.1;protein_686,GCF_006337485.1;protein_803,GCF_006337745.1;protein_863,GCF_030323385.1;protein_779,GCF_002952455.1;protein_773,GCF_002952675.1;protein_776
GCF_000685705.1;protein_916,GCF_020735805.1;protein_1190,GCF_021184145.1;protein_6,GCF_017821655.1;protein_614,GCF_016757555.1;protein_685,GCF_006337485.1;protein_802,GCF_006337745.1;protein_862,GCF_030323385.1;protein_780,GCF_002952455.1;protein_774,GCF_002952675.1;protein_777
GCF_000685705.1;protein_917,GCF_020735805.1;protein_1191,GCF_021184145.1;protein_7,GCF_017821655.1;protein_615,GCF_016757555.1;protein_684,GCF_006337485.1;protein_801,GCF_006337745.1;protein_861,GCF_030323385.1;protein_781,GCF_002952455.1;protein_775,GCF_002952675.1;protein_778
GCF_000685705.1;protein_918,GCF_020735805.1;protein_1192,GCF_021184145.1;protein_8,GCF_017821655.1;protein_616,GCF_016757555.1;protein_683,GCF_006337485.1;protein_800,GCF_006337745.1;protein_860,GCF_030323385.1;protein_782,GCF_002952455.1;protein_776,GCF_002952675.1;protein_779
GCF_000685705.1;protein_919,GCF_020735805.1;protein_1193,GCF_021184145.1;protein_9,GCF_017821655.1;protein_617,GCF_016757555.1;protein_682,GCF_006337485.1;protein_799,GCF_006337745.1;protein_859,GCF_030323385.1;protein_783,GCF_002952455.1;protein_777,GCF_002952675.1;protein_780
GCF_000685705.1;protein_920,GCF_020735805.1;protein_1194,GCF_021184145.1;protein_10,GCF_017821655.1;protein_618,GCF_016757555.1;protein_681,GCF_006337485.1;protein_798,GCF_006337745.1;protein_858,GCF_030323385.1;protein_784,GCF_002952455.1;protein_778,GCF_002952675.1;protein_781
GCF_000685705.1;protein_921,GCF_020735805.1;protein_1195,GCF_021184145.1;protein_11,GCF_017821655.1;protein_619,GCF_016757555.1;protein_680,GCF_006337485.1;protein_797,GCF_006337745.1;protein_857,GCF_030323385.1;protein_785,GCF_002952455.1;protein_779,GCF_002952675.1;protein_782
GCF_000685705.1;protein_922,GCF_020735805.1;protein_1196,GCF_021184145.1;protein_12,GCF_017821655.1;protein_620,GCF_016757555.1;protein_679,GCF_006337485.1;protein_796,GCF_006337745.1;protein_856,GCF_030323385.1;protein_786,GCF_002952455.1;protein_780,GCF_002952675.1;protein_783
GCF_000685705.1;protein_923,GCF_020735805.1;protein_1197,GCF_021184145.1;protein_13,GCF_017821655.1;protein_621,GCF_016757555.1;protein_678,GCF_006337485.1;protein_795,GCF_006337745.1;protein_855,GCF_030323385.1;protein_787,GCF_002952455.1;protein_781,GCF_002952675.1;protein_784
GCF_000685705.1;protein_924,GCF_020735805.1;protein_1198,GCF_021184145.1;protein_14,GCF_017821655.1;protein_622,GCF_016757555.1;protein_677,GCF_006337485.1;protein_794,GCF_006337745.1;protein_854,GCF_030323385.1;protein_788,GCF_002952455.1;protein_782,GCF_002952675.1;protein_785
GCF_000685705.1;protein_925,GCF_020735805.1;protein_1199,GCF_021184145.1;protein_15,GCF_017821655.1;protein_623,GCF_016757555.1;protein_676,GCF_006337485.1;protein_793,GCF_006337745.1;protein_853,GCF_030323385.1;protein_789,GCF_002952455.1;protein_783,GCF_002952675.1;protein_786
GCF_000685705.1;protein_926,GCF_020735805.1;protein_1200,GCF_021184145.1;protein_16,GCF_017821655.1;protein_624,GCF_016757555.1;protein_675,GCF_006337485.1;protein_792,GCF_006337745.1;protein_852,GCF_030323385.1;protein_790,GCF_002952455.1;protein_784,GCF_002952675.1;protein_787
GCF_000685705.1;protein_927,GCF_020735805.1;protein_1201,GCF_021184145.1;protein_17,GCF_017821655.1;protein_625,GCF_016757555.1;protein_674,GCF_006337485.1;protein_791,GCF_006337745.1;protein_851,GCF_030323385.1;protein_791,GCF_002952455.1;protein_785,GCF_002952675.1;protein_788
GCF_000685705.1;protein_928,GCF_020735805.1;protein_1202,GCF_021184145.1;protein_18,GCF_017821655.1;protein_626,GCF_016757555.1;protein_673,GCF_006337485.1;protein_790,GCF_006337745.1;protein_850,GCF_030323385.1;protein_792,GCF_002952455.1;protein_786,GCF_002952675.1;protein_789
GCF_000685705.1;protein_929,GCF_020735805.1;protein_1203,GCF_021184145.1;protein_19,GCF_017821655.1;protein_627,GCF_016757555.1;protein_672,GCF_006337485.1;protein_789,GCF_006337745.1;protein_849,GCF_030323385.1;protein_793,GCF_002952455.1;protein_787,GCF_002952675.1;protein_790
GCF_000685705.1;protein_934,GCF_020735805.1;protein_1208,GCF_021184145.1;protein_26,GCF_017821655.1;protein_633,GCF_016757555.1;protein_667,GCF_006337485.1;protein_783,GCF_006337745.1;protein_843,GCF_030323385.1;protein_798,GCF_002952455.1;protein_795,GCF_002952675.1;protein_798
GCF_000685705.1;protein_945,GCF_020735805.1;protein_1218,GCF_021184145.1;protein_35,GCF_017821655.1;protein_643,GCF_016757555.1;protein_639,GCF_006337485.1;protein_773,GCF_006337745.1;protein_834,GCF_030323385.1;protein_809,GCF_002952455.1;protein_805,GCF_002952675.1;protein_808
GCF_000685705.1;protein_946,GCF_020735805.1;protein_1219,GCF_021184145.1;protein_36,GCF_017821655.1;protein_644,GCF_016757555.1;protein_638,GCF_006337485.1;protein_772,GCF_006337745.1;protein_833,GCF_030323385.1;protein_810,GCF_002952455.1;protein_806,GCF_002952675.1;protein_809
GCF_000685705.1;protein_947,GCF_020735805.1;protein_1220,GCF_021184145.1;protein_37,GCF_017821655.1;protein_645,GCF_016757555.1;protein_637,GCF_006337485.1;protein_771,GCF_006337745.1;protein_832,GCF_030323385.1;protein_811,GCF_002952455.1;protein_807,GCF_002952675.1;protein_810
GCF_000685705.1;protein_948,GCF_020735805.1;protein_1221,GCF_021184145.1;protein_47,GCF_017821655.1;protein_655,GCF_016757555.1;protein_636,GCF_006337485.1;protein_767,GCF_006337745.1;protein_831,GCF_030323385.1;protein_812,GCF_002952455.1;protein_808,GCF_002952675.1;protein_811
GCF_000685705.1;protein_949,GCF_020735805.1;protein_1222,GCF_021184145.1;protein_46,GCF_017821655.1;protein_654,GCF_016757555.1;protein_635,GCF_006337485.1;protein_766,GCF_006337745.1;protein_830,GCF_030323385.1;protein_813,GCF_002952455.1;protein_809,GCF_002952675.1;protein_812
GCF_000685705.1;protein_950,GCF_020735805.1;protein_1223,GCF_021184145.1;protein_45,GCF_017821655.1;protein_653,GCF_016757555.1;protein_634,GCF_006337485.1;protein_765,GCF_006337745.1;protein_829,GCF_030323385.1;protein_814,GCF_002952455.1;protein_810,GCF_002952675.1;protein_813
GCF_000685705.1;protein_951,GCF_020735805.1;protein_1224,GCF_021184145.1;protein_44,GCF_017821655.1;protein_652,GCF_016757555.1;protein_633,GCF_006337485.1;protein_764,GCF_006337745.1;protein_828,GCF_030323385.1;protein_815,GCF_002952455.1;protein_811,GCF_002952675.1;protein_814
GCF_000685705.1;protein_952,GCF_020735805.1;protein_1225,GCF_021184145.1;protein_43,GCF_017821655.1;protein_651,GCF_016757555.1;protein_632,GCF_006337485.1;protein_763,GCF_006337745.1;protein_827,GCF_030323385.1;protein_816,GCF_002952455.1;protein_812,GCF_002952675.1;protein_815
GCF_000685705.1;protein_954,GCF_020735805.1;protein_1227,GCF_021184145.1;protein_41,GCF_017821655.1;protein_649,GCF_016757555.1;protein_630,GCF_006337485.1;protein_761,GCF_006337745.1;protein_825,GCF_030323385.1;protein_818,GCF_002952455.1;protein_814,GCF_002952675.1;protein_817
GCF_000685705.1;protein_955,GCF_020735805.1;protein_1228,GCF_021184145.1;protein_40,GCF_017821655.1;protein_648,GCF_016757555.1;protein_629,GCF_006337485.1;protein_760,GCF_006337745.1;protein_824,GCF_030323385.1;protein_819,GCF_002952455.1;protein_815,GCF_002952675.1;protein_818
GCF_000685705.1;protein_957,GCF_020735805.1;protein_1230,GCF_021184145.1;protein_48,GCF_017821655.1;protein_656,GCF_016757555.1;protein_628,GCF_006337485.1;protein_758,GCF_006337745.1;protein_823,GCF_030323385.1;protein_820,GCF_002952455.1;protein_816,GCF_002952675.1;protein_819
GCF_000685705.1;protein_958,GCF_020735805.1;protein_1231,GCF_021184145.1;protein_49,GCF_017821655.1;protein_657,GCF_016757555.1;protein_627,GCF_006337485.1;protein_757,GCF_006337745.1;protein_822,GCF_030323385.1;protein_821,GCF_002952455.1;protein_817,GCF_002952675.1;protein_820
GCF_000685705.1;protein_959,GCF_020735805.1;protein_1232,GCF_021184145.1;protein_50,GCF_017821655.1;protein_658,GCF_016757555.1;protein_626,GCF_006337485.1;protein_756,GCF_006337745.1;protein_821,GCF_030323385.1;protein_822,GCF_002952455.1;protein_818,GCF_002952675.1;protein_821
GCF_000685705.1;protein_960,GCF_020735805.1;protein_1233,GCF_021184145.1;protein_51,GCF_017821655.1;protein_659,GCF_016757555.1;protein_625,GCF_006337485.1;protein_755,GCF_006337745.1;protein_820,GCF_030323385.1;protein_823,GCF_002952455.1;protein_819,GCF_002952675.1;protein_822
GCF_000685705.1;protein_961,GCF_020735805.1;protein_1234,GCF_021184145.1;protein_52,GCF_017821655.1;protein_660,GCF_016757555.1;protein_624,GCF_006337485.1;protein_754,GCF_006337745.1;protein_819,GCF_030323385.1;protein_824,GCF_002952455.1;protein_820,GCF_002952675.1;protein_823
GCF_000685705.1;protein_965,GCF_020735805.1;protein_1237,GCF_021184145.1;protein_53,GCF_017821655.1;protein_661,GCF_016757555.1;protein_621,GCF_006337485.1;protein_751,GCF_006337745.1;protein_818,GCF_030323385.1;protein_825,GCF_002952455.1;protein_823,GCF_002952675.1;protein_827
GCF_000685705.1;protein_966,GCF_020735805.1;protein_1238,GCF_021184145.1;protein_54,GCF_017821655.1;protein_662,GCF_016757555.1;protein_620,GCF_006337485.1;protein_750,GCF_006337745.1;protein_817,GCF_030323385.1;protein_826,GCF_002952455.1;protein_824,GCF_002952675.1;protein_828
GCF_000685705.1;protein_967,GCF_020735805.1;protein_1239,GCF_021184145.1;protein_55,GCF_017821655.1;protein_663,GCF_016757555.1;protein_619,GCF_006337485.1;protein_749,GCF_006337745.1;protein_816,GCF_030323385.1;protein_827,GCF_002952455.1;protein_825,GCF_002952675.1;protein_829
GCF_000685705.1;protein_968,GCF_020735805.1;protein_1240,GCF_021184145.1;protein_56,GCF_017821655.1;protein_664,GCF_016757555.1;protein_618,GCF_006337485.1;protein_748,GCF_006337745.1;protein_815,GCF_030323385.1;protein_828,GCF_002952455.1;protein_826,GCF_002952675.1;protein_830
GCF_000685705.1;protein_969,GCF_020735805.1;protein_1241,GCF_021184145.1;protein_57,GCF_017821655.1;protein_665,GCF_016757555.1;protein_617,GCF_006337485.1;protein_747,GCF_006337745.1;protein_814,GCF_030323385.1;protein_829,GCF_002952455.1;protein_827,GCF_002952675.1;protein_831
GCF_000685705.1;protein_971,GCF_020735805.1;protein_1243,GCF_021184145.1;protein_59,GCF_017821655.1;protein_667,GCF_016757555.1;protein_615,GCF_006337485.1;protein_745,GCF_006337745.1;protein_812,GCF_030323385.1;protein_831,GCF_002952455.1;protein_829,GCF_002952675.1;protein_833
GCF_000685705.1;protein_972,GCF_020735805.1;protein_1245,GCF_021184145.1;protein_61,GCF_017821655.1;protein_669,GCF_016757555.1;protein_613,GCF_006337485.1;protein_744,GCF_006337745.1;protein_811,GCF_030323385.1;protein_832,GCF_002952455.1;protein_831,GCF_002952675.1;protein_835
GCF_000685705.1;protein_973,GCF_020735805.1;protein_1246,GCF_021184145.1;protein_62,GCF_017821655.1;protein_670,GCF_016757555.1;protein_612,GCF_006337485.1;protein_743,GCF_006337745.1;protein_810,GCF_030323385.1;protein_833,GCF_002952455.1;protein_832,GCF_002952675.1;protein_836
GCF_000685705.1;protein_974,GCF_020735805.1;protein_1247,GCF_021184145.1;protein_63,GCF_017821655.1;protein_671,GCF_016757555.1;protein_611,GCF_006337485.1;protein_742,GCF_006337745.1;protein_809,GCF_030323385.1;protein_834,GCF_002952455.1;protein_833,GCF_002952675.1;protein_837
GCF_000685705.1;protein_975,GCF_020735805.1;protein_1248,GCF_021184145.1;protein_64,GCF_017821655.1;protein_672,GCF_016757555.1;protein_610,GCF_006337485.1;protein_741,GCF_006337745.1;protein_808,GCF_030323385.1;protein_835,GCF_002952455.1;protein_834,GCF_002952675.1;protein_838
GCF_000685705.1;protein_976,GCF_020735805.1;protein_1249,GCF_021184145.1;protein_65,GCF_017821655.1;protein_673,GCF_016757555.1;protein_609,GCF_006337485.1;protein_740,GCF_006337745.1;protein_807,GCF_030323385.1;protein_836,GCF_002952455.1;protein_835,GCF_002952675.1;protein_839
GCF_000685705.1;protein_977,GCF_020735805.1;protein_1250,GCF_021184145.1;protein_66,GCF_017821655.1;protein_674,GCF_016757555.1;protein_608,GCF_006337485.1;protein_739,GCF_006337745.1;protein_806,GCF_030323385.1;protein_837,GCF_002952455.1;protein_836,GCF_002952675.1;protein_840
GCF_000685705.1;protein_978,GCF_020735805.1;protein_1251,GCF_021184145.1;protein_67,GCF_017821655.1;protein_675,GCF_016757555.1;protein_607,GCF_006337485.1;protein_738,GCF_006337745.1;protein_805,GCF_030323385.1;protein_838,GCF_002952455.1;protein_837,GCF_002952675.1;protein_841
GCF_000685705.1;protein_98,GCF_020735805.1;protein_219,GCF_021184145.1;protein_601,GCF_017821655.1;protein_1180,GCF_016757555.1;protein_1181,GCF_006337485.1;protein_271,GCF_006337745.1;protein_294,GCF_030323385.1;protein_1350,GCF_002952455.1;protein_227,GCF_002952675.1;protein_228
GCF_000685705.1;protein_980,GCF_020735805.1;protein_1253,GCF_021184145.1;protein_69,GCF_017821655.1;protein_678,GCF_016757555.1;protein_604,GCF_006337485.1;protein_735,GCF_006337745.1;protein_803,GCF_030323385.1;protein_841,GCF_002952455.1;protein_840,GCF_002952675.1;protein_844
GCF_000685705.1;protein_981,GCF_020735805.1;protein_1254,GCF_021184145.1;protein_70,GCF_017821655.1;protein_677,GCF_016757555.1;protein_605,GCF_006337485.1;protein_736,GCF_006337745.1;protein_802,GCF_030323385.1;protein_840,GCF_002952455.1;protein_839,GCF_002952675.1;protein_843
GCF_000685705.1;protein_983,GCF_020735805.1;protein_1256,GCF_021184145.1;protein_72,GCF_017821655.1;protein_680,GCF_016757555.1;protein_602,GCF_006337485.1;protein_733,GCF_006337745.1;protein_800,GCF_030323385.1;protein_843,GCF_002952455.1;protein_842,GCF_002952675.1;protein_846
GCF_000685705.1;protein_984,GCF_020735805.1;protein_1257,GCF_021184145.1;protein_73,GCF_017821655.1;protein_681,GCF_016757555.1;protein_601,GCF_006337485.1;protein_732,GCF_006337745.1;protein_799,GCF_030323385.1;protein_844,GCF_002952455.1;protein_843,GCF_002952675.1;protein_847
GCF_000685705.1;protein_985,GCF_020735805.1;protein_1258,GCF_021184145.1;protein_74,GCF_017821655.1;protein_682,GCF_016757555.1;protein_600,GCF_006337485.1;protein_731,GCF_006337745.1;protein_798,GCF_030323385.1;protein_845,GCF_002952455.1;protein_844,GCF_002952675.1;protein_848
GCF_000685705.1;protein_987,GCF_020735805.1;protein_1260,GCF_021184145.1;protein_76,GCF_017821655.1;protein_684,GCF_016757555.1;protein_598,GCF_006337485.1;protein_729,GCF_006337745.1;protein_796,GCF_030323385.1;protein_847,GCF_002952455.1;protein_846,GCF_002952675.1;protein_850
GCF_000685705.1;protein_99,GCF_020735805.1;protein_218,GCF_021184145.1;protein_600,GCF_017821655.1;protein_1179,GCF_016757555.1;protein_1180,GCF_006337485.1;protein_272,GCF_006337745.1;protein_295,GCF_030323385.1;protein_1349,GCF_002952455.1;protein_228,GCF_002952675.1;protein_229
GCF_000685705.1;protein_990,GCF_020735805.1;protein_1267,GCF_021184145.1;protein_80,GCF_017821655.1;protein_687,GCF_016757555.1;protein_595,GCF_006337485.1;protein_726,GCF_006337745.1;protein_792,GCF_030323385.1;protein_853,GCF_002952455.1;protein_850,GCF_002952675.1;protein_854
GCF_000685705.1;protein_991,GCF_020735805.1;protein_1268,GCF_021184145.1;protein_81,GCF_017821655.1;protein_688,GCF_016757555.1;protein_594,GCF_006337485.1;protein_725,GCF_006337745.1;protein_791,GCF_030323385.1;protein_854,GCF_002952455.1;protein_851,GCF_002952675.1;protein_855
GCF_000685705.1;protein_992,GCF_020735805.1;protein_1269,GCF_021184145.1;protein_82,GCF_017821655.1;protein_689,GCF_016757555.1;protein_593,GCF_006337485.1;protein_724,GCF_006337745.1;protein_790,GCF_030323385.1;protein_855,GCF_002952455.1;protein_852,GCF_002952675.1;protein_856
GCF_000685705.1;protein_993,GCF_020735805.1;protein_1270,GCF_021184145.1;protein_83,GCF_017821655.1;protein_690,GCF_016757555.1;protein_592,GCF_006337485.1;protein_723,GCF_006337745.1;protein_789,GCF_030323385.1;protein_856,GCF_002952455.1;protein_853,GCF_002952675.1;protein_857
GCF_000685705.1;protein_994,GCF_020735805.1;protein_1271,GCF_021184145.1;protein_84,GCF_017821655.1;protein_691,GCF_016757555.1;protein_591,GCF_006337485.1;protein_722,GCF_006337745.1;protein_788,GCF_030323385.1;protein_857,GCF_002952455.1;protein_854,GCF_002952675.1;protein_858
GCF_000685705.1;protein_995,GCF_020735805.1;protein_1272,GCF_021184145.1;protein_85,GCF_017821655.1;protein_692,GCF_016757555.1;protein_590,GCF_006337485.1;protein_721,GCF_006337745.1;protein_787,GCF_030323385.1;protein_858,GCF_002952455.1;protein_855,GCF_002952675.1;protein_859
GCF_000685705.1;protein_996,GCF_020735805.1;protein_1273,GCF_021184145.1;protein_86,GCF_017821655.1;protein_693,GCF_016757555.1;protein_589,GCF_006337485.1;protein_720,GCF_006337745.1;protein_786,GCF_030323385.1;protein_859,GCF_002952455.1;protein_856,GCF_002952675.1;protein_860
GCF_000685705.1;protein_997,GCF_020735805.1;protein_1274,GCF_021184145.1;protein_87,GCF_017821655.1;protein_694,GCF_016757555.1;protein_588,GCF_006337485.1;protein_719,GCF_006337745.1;protein_785,GCF_030323385.1;protein_860,GCF_002952455.1;protein_857,GCF_002952675.1;protein_861
GCF_000685705.1;protein_998,GCF_020735805.1;protein_1275,GCF_021184145.1;protein_88,GCF_017821655.1;protein_695,GCF_016757555.1;protein_587,GCF_006337485.1;protein_718,GCF_006337745.1;protein_784,GCF_030323385.1;protein_861,GCF_002952455.1;protein_858,GCF_002952675.1;protein_862
GCF_000685705.1;protein_999,GCF_020735805.1;protein_1276,GCF_021184145.1;protein_89,GCF_017821655.1;protein_696,GCF_016757555.1;protein_586,GCF_006337485.1;protein_717,GCF_006337745.1;protein_783,GCF_030323385.1;protein_862,GCF_002952455.1;protein_859,GCF_002952675.1;protein_863
