GCF_021729605.1,GCF_016748085.1,GCF_002951975.1,GCF_016755675.1,GCF_006337405.1,GCF_007843715.1,GCF_002906495.1,GCF_022923775.1,GCF_021184145.1,GCF_022921935.1,GCF_002952575.1,GCF_002953555.1,GCF_019974055.1,GCF_030406585.1,GCF_030323565.1,GCF_007844055.1,GCF_002952595.1,GCF_002952635.1,GCF_002952535.1,GCF_007794935.1
GCF_021729605.1;protein_0,GCF_016748085.1;protein_0,GCF_002951975.1;protein_1481,GCF_016755675.1;protein_0,GCF_006337405.1;protein_1518,GCF_007843715.1;protein_193,GCF_002906495.1;protein_0,GCF_022923775.1;protein_1461,GCF_021184145.1;protein_948,GCF_022921935.1;protein_1453,GCF_002952575.1;protein_1480,GCF_002953555.1;protein_0,GCF_019974055.1;protein_180,GCF_030406585.1;protein_0,GCF_030323565.1;protein_146,GCF_007844055.1;protein_146,GCF_002952595.1;protein_1480,GCF_002952635.1;protein_1485,GCF_002952535.1;protein_1484,GCF_007794935.1;protein_1481
GCF_021729605.1;protein_1,GCF_016748085.1;protein_1,GCF_002951975.1;protein_1480,GCF_016755675.1;protein_1,GCF_006337405.1;protein_1517,GCF_007843715.1;protein_194,GCF_002906495.1;protein_1,GCF_022923775.1;protein_1460,GCF_021184145.1;protein_949,GCF_022921935.1;protein_1452,GCF_002952575.1;protein_1479,GCF_002953555.1;protein_1,GCF_019974055.1;protein_179,GCF_030406585.1;protein_1,GCF_030323565.1;protein_147,GCF_007844055.1;protein_147,GCF_002952595.1;protein_1479,GCF_002952635.1;protein_1484,GCF_002952535.1;protein_1483,GCF_007794935.1;protein_1480
GCF_021729605.1;protein_10,GCF_016748085.1;protein_9,GCF_002951975.1;protein_1471,GCF_016755675.1;protein_9,GCF_006337405.1;protein_1508,GCF_007843715.1;protein_203,GCF_002906495.1;protein_10,GCF_022923775.1;protein_1451,GCF_021184145.1;protein_958,GCF_022921935.1;protein_1443,GCF_002952575.1;protein_1470,GCF_002953555.1;protein_10,GCF_019974055.1;protein_170,GCF_030406585.1;protein_10,GCF_030323565.1;protein_156,GCF_007844055.1;protein_156,GCF_002952595.1;protein_1470,GCF_002952635.1;protein_1475,GCF_002952535.1;protein_1474,GCF_007794935.1;protein_1471
GCF_021729605.1;protein_100,GCF_016748085.1;protein_102,GCF_002951975.1;protein_1334,GCF_016755675.1;protein_101,GCF_006337405.1;protein_1374,GCF_007843715.1;protein_296,GCF_002906495.1;protein_104,GCF_022923775.1;protein_1342,GCF_021184145.1;protein_1054,GCF_022921935.1;protein_1342,GCF_002952575.1;protein_1333,GCF_002953555.1;protein_105,GCF_019974055.1;protein_290,GCF_030406585.1;protein_990,GCF_030323565.1;protein_251,GCF_007844055.1;protein_1353,GCF_002952595.1;protein_1333,GCF_002952635.1;protein_1338,GCF_002952535.1;protein_1337,GCF_007794935.1;protein_1334
GCF_021729605.1;protein_1000,GCF_016748085.1;protein_1033,GCF_002951975.1;protein_406,GCF_016755675.1;protein_1010,GCF_006337405.1;protein_401,GCF_007843715.1;protein_1171,GCF_002906495.1;protein_382,GCF_022923775.1;protein_436,GCF_021184145.1;protein_420,GCF_022921935.1;protein_462,GCF_002952575.1;protein_406,GCF_002953555.1;protein_384,GCF_019974055.1;protein_1217,GCF_030406585.1;protein_273,GCF_030323565.1;protein_1138,GCF_007844055.1;protein_1429,GCF_002952595.1;protein_406,GCF_002952635.1;protein_408,GCF_002952535.1;protein_407,GCF_007794935.1;protein_405
GCF_021729605.1;protein_1001,GCF_016748085.1;protein_1034,GCF_002951975.1;protein_405,GCF_016755675.1;protein_1011,GCF_006337405.1;protein_400,GCF_007843715.1;protein_1172,GCF_002906495.1;protein_381,GCF_022923775.1;protein_435,GCF_021184145.1;protein_421,GCF_022921935.1;protein_461,GCF_002952575.1;protein_405,GCF_002953555.1;protein_383,GCF_019974055.1;protein_1218,GCF_030406585.1;protein_272,GCF_030323565.1;protein_1139,GCF_007844055.1;protein_1430,GCF_002952595.1;protein_405,GCF_002952635.1;protein_407,GCF_002952535.1;protein_406,GCF_007794935.1;protein_404
GCF_021729605.1;protein_1002,GCF_016748085.1;protein_1035,GCF_002951975.1;protein_404,GCF_016755675.1;protein_1012,GCF_006337405.1;protein_399,GCF_007843715.1;protein_1173,GCF_002906495.1;protein_380,GCF_022923775.1;protein_434,GCF_021184145.1;protein_422,GCF_022921935.1;protein_460,GCF_002952575.1;protein_404,GCF_002953555.1;protein_382,GCF_019974055.1;protein_1219,GCF_030406585.1;protein_271,GCF_030323565.1;protein_1140,GCF_007844055.1;protein_1431,GCF_002952595.1;protein_404,GCF_002952635.1;protein_406,GCF_002952535.1;protein_405,GCF_007794935.1;protein_403
GCF_021729605.1;protein_1003,GCF_016748085.1;protein_1036,GCF_002951975.1;protein_403,GCF_016755675.1;protein_1013,GCF_006337405.1;protein_398,GCF_007843715.1;protein_1174,GCF_002906495.1;protein_379,GCF_022923775.1;protein_433,GCF_021184145.1;protein_423,GCF_022921935.1;protein_459,GCF_002952575.1;protein_403,GCF_002953555.1;protein_381,GCF_019974055.1;protein_1220,GCF_030406585.1;protein_270,GCF_030323565.1;protein_1141,GCF_007844055.1;protein_1432,GCF_002952595.1;protein_403,GCF_002952635.1;protein_405,GCF_002952535.1;protein_404,GCF_007794935.1;protein_402
GCF_021729605.1;protein_1004,GCF_016748085.1;protein_1037,GCF_002951975.1;protein_402,GCF_016755675.1;protein_1014,GCF_006337405.1;protein_397,GCF_007843715.1;protein_1175,GCF_002906495.1;protein_378,GCF_022923775.1;protein_432,GCF_021184145.1;protein_424,GCF_022921935.1;protein_458,GCF_002952575.1;protein_402,GCF_002953555.1;protein_380,GCF_019974055.1;protein_1221,GCF_030406585.1;protein_269,GCF_030323565.1;protein_1142,GCF_007844055.1;protein_1433,GCF_002952595.1;protein_402,GCF_002952635.1;protein_404,GCF_002952535.1;protein_403,GCF_007794935.1;protein_401
GCF_021729605.1;protein_1005,GCF_016748085.1;protein_1038,GCF_002951975.1;protein_401,GCF_016755675.1;protein_1015,GCF_006337405.1;protein_396,GCF_007843715.1;protein_1176,GCF_002906495.1;protein_377,GCF_022923775.1;protein_431,GCF_021184145.1;protein_425,GCF_022921935.1;protein_457,GCF_002952575.1;protein_401,GCF_002953555.1;protein_379,GCF_019974055.1;protein_1222,GCF_030406585.1;protein_268,GCF_030323565.1;protein_1143,GCF_007844055.1;protein_1434,GCF_002952595.1;protein_401,GCF_002952635.1;protein_403,GCF_002952535.1;protein_402,GCF_007794935.1;protein_400
GCF_021729605.1;protein_1006,GCF_016748085.1;protein_1039,GCF_002951975.1;protein_400,GCF_016755675.1;protein_1016,GCF_006337405.1;protein_395,GCF_007843715.1;protein_1177,GCF_002906495.1;protein_376,GCF_022923775.1;protein_430,GCF_021184145.1;protein_426,GCF_022921935.1;protein_456,GCF_002952575.1;protein_400,GCF_002953555.1;protein_378,GCF_019974055.1;protein_1223,GCF_030406585.1;protein_267,GCF_030323565.1;protein_1144,GCF_007844055.1;protein_1435,GCF_002952595.1;protein_400,GCF_002952635.1;protein_402,GCF_002952535.1;protein_401,GCF_007794935.1;protein_399
GCF_021729605.1;protein_101,GCF_016748085.1;protein_103,GCF_002951975.1;protein_1333,GCF_016755675.1;protein_102,GCF_006337405.1;protein_1373,GCF_007843715.1;protein_297,GCF_002906495.1;protein_105,GCF_022923775.1;protein_1341,GCF_021184145.1;protein_1055,GCF_022921935.1;protein_1341,GCF_002952575.1;protein_1332,GCF_002953555.1;protein_106,GCF_019974055.1;protein_291,GCF_030406585.1;protein_991,GCF_030323565.1;protein_252,GCF_007844055.1;protein_1352,GCF_002952595.1;protein_1332,GCF_002952635.1;protein_1337,GCF_002952535.1;protein_1336,GCF_007794935.1;protein_1333
GCF_021729605.1;protein_1015,GCF_016748085.1;protein_1040,GCF_002951975.1;protein_399,GCF_016755675.1;protein_1017,GCF_006337405.1;protein_394,GCF_007843715.1;protein_1178,GCF_002906495.1;protein_375,GCF_022923775.1;protein_429,GCF_021184145.1;protein_427,GCF_022921935.1;protein_455,GCF_002952575.1;protein_399,GCF_002953555.1;protein_377,GCF_019974055.1;protein_1224,GCF_030406585.1;protein_266,GCF_030323565.1;protein_1145,GCF_007844055.1;protein_1436,GCF_002952595.1;protein_399,GCF_002952635.1;protein_401,GCF_002952535.1;protein_400,GCF_007794935.1;protein_398
GCF_021729605.1;protein_1016,GCF_016748085.1;protein_1041,GCF_002951975.1;protein_398,GCF_016755675.1;protein_1018,GCF_006337405.1;protein_393,GCF_007843715.1;protein_1179,GCF_002906495.1;protein_374,GCF_022923775.1;protein_428,GCF_021184145.1;protein_428,GCF_022921935.1;protein_454,GCF_002952575.1;protein_398,GCF_002953555.1;protein_376,GCF_019974055.1;protein_1225,GCF_030406585.1;protein_265,GCF_030323565.1;protein_1146,GCF_007844055.1;protein_1437,GCF_002952595.1;protein_398,GCF_002952635.1;protein_400,GCF_002952535.1;protein_399,GCF_007794935.1;protein_397
GCF_021729605.1;protein_1017,GCF_016748085.1;protein_1042,GCF_002951975.1;protein_397,GCF_016755675.1;protein_1019,GCF_006337405.1;protein_392,GCF_007843715.1;protein_1180,GCF_002906495.1;protein_373,GCF_022923775.1;protein_427,GCF_021184145.1;protein_429,GCF_022921935.1;protein_453,GCF_002952575.1;protein_397,GCF_002953555.1;protein_375,GCF_019974055.1;protein_1226,GCF_030406585.1;protein_264,GCF_030323565.1;protein_1147,GCF_007844055.1;protein_1438,GCF_002952595.1;protein_397,GCF_002952635.1;protein_399,GCF_002952535.1;protein_398,GCF_007794935.1;protein_396
GCF_021729605.1;protein_1018,GCF_016748085.1;protein_1043,GCF_002951975.1;protein_396,GCF_016755675.1;protein_1020,GCF_006337405.1;protein_391,GCF_007843715.1;protein_1181,GCF_002906495.1;protein_372,GCF_022923775.1;protein_426,GCF_021184145.1;protein_430,GCF_022921935.1;protein_452,GCF_002952575.1;protein_396,GCF_002953555.1;protein_374,GCF_019974055.1;protein_1227,GCF_030406585.1;protein_263,GCF_030323565.1;protein_1148,GCF_007844055.1;protein_1439,GCF_002952595.1;protein_396,GCF_002952635.1;protein_398,GCF_002952535.1;protein_397,GCF_007794935.1;protein_395
GCF_021729605.1;protein_1019,GCF_016748085.1;protein_1044,GCF_002951975.1;protein_395,GCF_016755675.1;protein_1021,GCF_006337405.1;protein_390,GCF_007843715.1;protein_1182,GCF_002906495.1;protein_371,GCF_022923775.1;protein_425,GCF_021184145.1;protein_431,GCF_022921935.1;protein_451,GCF_002952575.1;protein_395,GCF_002953555.1;protein_373,GCF_019974055.1;protein_1228,GCF_030406585.1;protein_262,GCF_030323565.1;protein_1149,GCF_007844055.1;protein_1440,GCF_002952595.1;protein_395,GCF_002952635.1;protein_397,GCF_002952535.1;protein_396,GCF_007794935.1;protein_394
GCF_021729605.1;protein_102,GCF_016748085.1;protein_104,GCF_002951975.1;protein_1332,GCF_016755675.1;protein_103,GCF_006337405.1;protein_1372,GCF_007843715.1;protein_298,GCF_002906495.1;protein_106,GCF_022923775.1;protein_1340,GCF_021184145.1;protein_1056,GCF_022921935.1;protein_1340,GCF_002952575.1;protein_1331,GCF_002953555.1;protein_107,GCF_019974055.1;protein_292,GCF_030406585.1;protein_992,GCF_030323565.1;protein_253,GCF_007844055.1;protein_1351,GCF_002952595.1;protein_1331,GCF_002952635.1;protein_1336,GCF_002952535.1;protein_1335,GCF_007794935.1;protein_1332
GCF_021729605.1;protein_1020,GCF_016748085.1;protein_1045,GCF_002951975.1;protein_394,GCF_016755675.1;protein_1022,GCF_006337405.1;protein_389,GCF_007843715.1;protein_1183,GCF_002906495.1;protein_370,GCF_022923775.1;protein_424,GCF_021184145.1;protein_432,GCF_022921935.1;protein_450,GCF_002952575.1;protein_394,GCF_002953555.1;protein_372,GCF_019974055.1;protein_1229,GCF_030406585.1;protein_261,GCF_030323565.1;protein_1150,GCF_007844055.1;protein_1441,GCF_002952595.1;protein_394,GCF_002952635.1;protein_396,GCF_002952535.1;protein_395,GCF_007794935.1;protein_393
GCF_021729605.1;protein_1021,GCF_016748085.1;protein_1046,GCF_002951975.1;protein_393,GCF_016755675.1;protein_1023,GCF_006337405.1;protein_388,GCF_007843715.1;protein_1184,GCF_002906495.1;protein_369,GCF_022923775.1;protein_423,GCF_021184145.1;protein_433,GCF_022921935.1;protein_449,GCF_002952575.1;protein_393,GCF_002953555.1;protein_371,GCF_019974055.1;protein_1230,GCF_030406585.1;protein_260,GCF_030323565.1;protein_1151,GCF_007844055.1;protein_1442,GCF_002952595.1;protein_393,GCF_002952635.1;protein_395,GCF_002952535.1;protein_394,GCF_007794935.1;protein_392
GCF_021729605.1;protein_1022,GCF_016748085.1;protein_1047,GCF_002951975.1;protein_392,GCF_016755675.1;protein_1024,GCF_006337405.1;protein_387,GCF_007843715.1;protein_1185,GCF_002906495.1;protein_368,GCF_022923775.1;protein_422,GCF_021184145.1;protein_434,GCF_022921935.1;protein_448,GCF_002952575.1;protein_392,GCF_002953555.1;protein_370,GCF_019974055.1;protein_1231,GCF_030406585.1;protein_259,GCF_030323565.1;protein_1152,GCF_007844055.1;protein_1443,GCF_002952595.1;protein_392,GCF_002952635.1;protein_394,GCF_002952535.1;protein_393,GCF_007794935.1;protein_391
GCF_021729605.1;protein_1023,GCF_016748085.1;protein_1048,GCF_002951975.1;protein_391,GCF_016755675.1;protein_1025,GCF_006337405.1;protein_386,GCF_007843715.1;protein_1186,GCF_002906495.1;protein_367,GCF_022923775.1;protein_421,GCF_021184145.1;protein_435,GCF_022921935.1;protein_447,GCF_002952575.1;protein_391,GCF_002953555.1;protein_369,GCF_019974055.1;protein_1232,GCF_030406585.1;protein_258,GCF_030323565.1;protein_1153,GCF_007844055.1;protein_1444,GCF_002952595.1;protein_391,GCF_002952635.1;protein_393,GCF_002952535.1;protein_392,GCF_007794935.1;protein_390
GCF_021729605.1;protein_1024,GCF_016748085.1;protein_1049,GCF_002951975.1;protein_390,GCF_016755675.1;protein_1026,GCF_006337405.1;protein_385,GCF_007843715.1;protein_1187,GCF_002906495.1;protein_366,GCF_022923775.1;protein_420,GCF_021184145.1;protein_436,GCF_022921935.1;protein_446,GCF_002952575.1;protein_390,GCF_002953555.1;protein_368,GCF_019974055.1;protein_1233,GCF_030406585.1;protein_257,GCF_030323565.1;protein_1154,GCF_007844055.1;protein_1445,GCF_002952595.1;protein_390,GCF_002952635.1;protein_392,GCF_002952535.1;protein_391,GCF_007794935.1;protein_389
GCF_021729605.1;protein_1025,GCF_016748085.1;protein_1050,GCF_002951975.1;protein_389,GCF_016755675.1;protein_1027,GCF_006337405.1;protein_384,GCF_007843715.1;protein_1188,GCF_002906495.1;protein_365,GCF_022923775.1;protein_419,GCF_021184145.1;protein_437,GCF_022921935.1;protein_445,GCF_002952575.1;protein_389,GCF_002953555.1;protein_367,GCF_019974055.1;protein_1234,GCF_030406585.1;protein_256,GCF_030323565.1;protein_1155,GCF_007844055.1;protein_1446,GCF_002952595.1;protein_389,GCF_002952635.1;protein_391,GCF_002952535.1;protein_390,GCF_007794935.1;protein_388
GCF_021729605.1;protein_1027,GCF_016748085.1;protein_1052,GCF_002951975.1;protein_387,GCF_016755675.1;protein_1029,GCF_006337405.1;protein_382,GCF_007843715.1;protein_1190,GCF_002906495.1;protein_363,GCF_022923775.1;protein_417,GCF_021184145.1;protein_439,GCF_022921935.1;protein_443,GCF_002952575.1;protein_387,GCF_002953555.1;protein_365,GCF_019974055.1;protein_1236,GCF_030406585.1;protein_254,GCF_030323565.1;protein_1157,GCF_007844055.1;protein_1448,GCF_002952595.1;protein_387,GCF_002952635.1;protein_389,GCF_002952535.1;protein_388,GCF_007794935.1;protein_386
GCF_021729605.1;protein_1028,GCF_016748085.1;protein_1053,GCF_002951975.1;protein_386,GCF_016755675.1;protein_1030,GCF_006337405.1;protein_381,GCF_007843715.1;protein_1191,GCF_002906495.1;protein_362,GCF_022923775.1;protein_416,GCF_021184145.1;protein_440,GCF_022921935.1;protein_442,GCF_002952575.1;protein_386,GCF_002953555.1;protein_364,GCF_019974055.1;protein_1237,GCF_030406585.1;protein_253,GCF_030323565.1;protein_1158,GCF_007844055.1;protein_1449,GCF_002952595.1;protein_386,GCF_002952635.1;protein_388,GCF_002952535.1;protein_387,GCF_007794935.1;protein_385
GCF_021729605.1;protein_1029,GCF_016748085.1;protein_1054,GCF_002951975.1;protein_385,GCF_016755675.1;protein_1031,GCF_006337405.1;protein_380,GCF_007843715.1;protein_1192,GCF_002906495.1;protein_361,GCF_022923775.1;protein_415,GCF_021184145.1;protein_441,GCF_022921935.1;protein_441,GCF_002952575.1;protein_385,GCF_002953555.1;protein_363,GCF_019974055.1;protein_1238,GCF_030406585.1;protein_252,GCF_030323565.1;protein_1159,GCF_007844055.1;protein_1450,GCF_002952595.1;protein_385,GCF_002952635.1;protein_387,GCF_002952535.1;protein_386,GCF_007794935.1;protein_384
GCF_021729605.1;protein_103,GCF_016748085.1;protein_105,GCF_002951975.1;protein_1331,GCF_016755675.1;protein_104,GCF_006337405.1;protein_1371,GCF_007843715.1;protein_299,GCF_002906495.1;protein_107,GCF_022923775.1;protein_1339,GCF_021184145.1;protein_1057,GCF_022921935.1;protein_1339,GCF_002952575.1;protein_1330,GCF_002953555.1;protein_108,GCF_019974055.1;protein_293,GCF_030406585.1;protein_993,GCF_030323565.1;protein_254,GCF_007844055.1;protein_1350,GCF_002952595.1;protein_1330,GCF_002952635.1;protein_1335,GCF_002952535.1;protein_1334,GCF_007794935.1;protein_1331
GCF_021729605.1;protein_1030,GCF_016748085.1;protein_1055,GCF_002951975.1;protein_384,GCF_016755675.1;protein_1032,GCF_006337405.1;protein_379,GCF_007843715.1;protein_1193,GCF_002906495.1;protein_360,GCF_022923775.1;protein_414,GCF_021184145.1;protein_442,GCF_022921935.1;protein_440,GCF_002952575.1;protein_384,GCF_002953555.1;protein_362,GCF_019974055.1;protein_1239,GCF_030406585.1;protein_251,GCF_030323565.1;protein_1160,GCF_007844055.1;protein_1451,GCF_002952595.1;protein_384,GCF_002952635.1;protein_386,GCF_002952535.1;protein_385,GCF_007794935.1;protein_383
GCF_021729605.1;protein_1031,GCF_016748085.1;protein_1056,GCF_002951975.1;protein_383,GCF_016755675.1;protein_1033,GCF_006337405.1;protein_378,GCF_007843715.1;protein_1194,GCF_002906495.1;protein_359,GCF_022923775.1;protein_413,GCF_021184145.1;protein_443,GCF_022921935.1;protein_439,GCF_002952575.1;protein_383,GCF_002953555.1;protein_361,GCF_019974055.1;protein_1240,GCF_030406585.1;protein_250,GCF_030323565.1;protein_1161,GCF_007844055.1;protein_1452,GCF_002952595.1;protein_383,GCF_002952635.1;protein_385,GCF_002952535.1;protein_384,GCF_007794935.1;protein_382
GCF_021729605.1;protein_1033,GCF_016748085.1;protein_1058,GCF_002951975.1;protein_381,GCF_016755675.1;protein_1035,GCF_006337405.1;protein_376,GCF_007843715.1;protein_1196,GCF_002906495.1;protein_357,GCF_022923775.1;protein_411,GCF_021184145.1;protein_445,GCF_022921935.1;protein_437,GCF_002952575.1;protein_381,GCF_002953555.1;protein_359,GCF_019974055.1;protein_1242,GCF_030406585.1;protein_248,GCF_030323565.1;protein_1163,GCF_007844055.1;protein_1454,GCF_002952595.1;protein_381,GCF_002952635.1;protein_383,GCF_002952535.1;protein_382,GCF_007794935.1;protein_380
GCF_021729605.1;protein_1034,GCF_016748085.1;protein_1059,GCF_002951975.1;protein_380,GCF_016755675.1;protein_1036,GCF_006337405.1;protein_375,GCF_007843715.1;protein_1197,GCF_002906495.1;protein_356,GCF_022923775.1;protein_410,GCF_021184145.1;protein_446,GCF_022921935.1;protein_436,GCF_002952575.1;protein_380,GCF_002953555.1;protein_358,GCF_019974055.1;protein_1243,GCF_030406585.1;protein_247,GCF_030323565.1;protein_1164,GCF_007844055.1;protein_1455,GCF_002952595.1;protein_380,GCF_002952635.1;protein_382,GCF_002952535.1;protein_381,GCF_007794935.1;protein_379
GCF_021729605.1;protein_1035,GCF_016748085.1;protein_1060,GCF_002951975.1;protein_379,GCF_016755675.1;protein_1037,GCF_006337405.1;protein_374,GCF_007843715.1;protein_1198,GCF_002906495.1;protein_355,GCF_022923775.1;protein_409,GCF_021184145.1;protein_447,GCF_022921935.1;protein_435,GCF_002952575.1;protein_379,GCF_002953555.1;protein_357,GCF_019974055.1;protein_1244,GCF_030406585.1;protein_246,GCF_030323565.1;protein_1165,GCF_007844055.1;protein_1456,GCF_002952595.1;protein_379,GCF_002952635.1;protein_381,GCF_002952535.1;protein_380,GCF_007794935.1;protein_378
GCF_021729605.1;protein_1038,GCF_016748085.1;protein_1063,GCF_002951975.1;protein_376,GCF_016755675.1;protein_1040,GCF_006337405.1;protein_370,GCF_007843715.1;protein_1201,GCF_002906495.1;protein_352,GCF_022923775.1;protein_406,GCF_021184145.1;protein_450,GCF_022921935.1;protein_432,GCF_002952575.1;protein_376,GCF_002953555.1;protein_354,GCF_019974055.1;protein_1247,GCF_030406585.1;protein_243,GCF_030323565.1;protein_1170,GCF_007844055.1;protein_1459,GCF_002952595.1;protein_376,GCF_002952635.1;protein_378,GCF_002952535.1;protein_377,GCF_007794935.1;protein_375
GCF_021729605.1;protein_1039,GCF_016748085.1;protein_1064,GCF_002951975.1;protein_375,GCF_016755675.1;protein_1041,GCF_006337405.1;protein_369,GCF_007843715.1;protein_1202,GCF_002906495.1;protein_351,GCF_022923775.1;protein_405,GCF_021184145.1;protein_451,GCF_022921935.1;protein_431,GCF_002952575.1;protein_375,GCF_002953555.1;protein_353,GCF_019974055.1;protein_1248,GCF_030406585.1;protein_242,GCF_030323565.1;protein_1171,GCF_007844055.1;protein_1460,GCF_002952595.1;protein_375,GCF_002952635.1;protein_377,GCF_002952535.1;protein_376,GCF_007794935.1;protein_374
GCF_021729605.1;protein_104,GCF_016748085.1;protein_106,GCF_002951975.1;protein_1330,GCF_016755675.1;protein_105,GCF_006337405.1;protein_1370,GCF_007843715.1;protein_300,GCF_002906495.1;protein_108,GCF_022923775.1;protein_1338,GCF_021184145.1;protein_1058,GCF_022921935.1;protein_1338,GCF_002952575.1;protein_1329,GCF_002953555.1;protein_109,GCF_019974055.1;protein_294,GCF_030406585.1;protein_994,GCF_030323565.1;protein_255,GCF_007844055.1;protein_1349,GCF_002952595.1;protein_1329,GCF_002952635.1;protein_1334,GCF_002952535.1;protein_1333,GCF_007794935.1;protein_1330
GCF_021729605.1;protein_1040,GCF_016748085.1;protein_1065,GCF_002951975.1;protein_374,GCF_016755675.1;protein_1042,GCF_006337405.1;protein_368,GCF_007843715.1;protein_1203,GCF_002906495.1;protein_350,GCF_022923775.1;protein_404,GCF_021184145.1;protein_452,GCF_022921935.1;protein_430,GCF_002952575.1;protein_374,GCF_002953555.1;protein_352,GCF_019974055.1;protein_1249,GCF_030406585.1;protein_241,GCF_030323565.1;protein_1172,GCF_007844055.1;protein_1461,GCF_002952595.1;protein_374,GCF_002952635.1;protein_376,GCF_002952535.1;protein_375,GCF_007794935.1;protein_373
GCF_021729605.1;protein_1041,GCF_016748085.1;protein_1066,GCF_002951975.1;protein_373,GCF_016755675.1;protein_1043,GCF_006337405.1;protein_367,GCF_007843715.1;protein_1204,GCF_002906495.1;protein_349,GCF_022923775.1;protein_403,GCF_021184145.1;protein_453,GCF_022921935.1;protein_429,GCF_002952575.1;protein_373,GCF_002953555.1;protein_351,GCF_019974055.1;protein_1250,GCF_030406585.1;protein_240,GCF_030323565.1;protein_1173,GCF_007844055.1;protein_1462,GCF_002952595.1;protein_373,GCF_002952635.1;protein_375,GCF_002952535.1;protein_374,GCF_007794935.1;protein_372
GCF_021729605.1;protein_1042,GCF_016748085.1;protein_1067,GCF_002951975.1;protein_372,GCF_016755675.1;protein_1044,GCF_006337405.1;protein_366,GCF_007843715.1;protein_1205,GCF_002906495.1;protein_348,GCF_022923775.1;protein_402,GCF_021184145.1;protein_454,GCF_022921935.1;protein_428,GCF_002952575.1;protein_372,GCF_002953555.1;protein_350,GCF_019974055.1;protein_1251,GCF_030406585.1;protein_239,GCF_030323565.1;protein_1174,GCF_007844055.1;protein_1463,GCF_002952595.1;protein_372,GCF_002952635.1;protein_374,GCF_002952535.1;protein_373,GCF_007794935.1;protein_371
GCF_021729605.1;protein_1043,GCF_016748085.1;protein_1068,GCF_002951975.1;protein_371,GCF_016755675.1;protein_1045,GCF_006337405.1;protein_365,GCF_007843715.1;protein_1206,GCF_002906495.1;protein_347,GCF_022923775.1;protein_401,GCF_021184145.1;protein_455,GCF_022921935.1;protein_427,GCF_002952575.1;protein_371,GCF_002953555.1;protein_349,GCF_019974055.1;protein_1252,GCF_030406585.1;protein_238,GCF_030323565.1;protein_1175,GCF_007844055.1;protein_1464,GCF_002952595.1;protein_371,GCF_002952635.1;protein_373,GCF_002952535.1;protein_372,GCF_007794935.1;protein_370
GCF_021729605.1;protein_1044,GCF_016748085.1;protein_1069,GCF_002951975.1;protein_370,GCF_016755675.1;protein_1046,GCF_006337405.1;protein_364,GCF_007843715.1;protein_1207,GCF_002906495.1;protein_346,GCF_022923775.1;protein_400,GCF_021184145.1;protein_456,GCF_022921935.1;protein_426,GCF_002952575.1;protein_370,GCF_002953555.1;protein_348,GCF_019974055.1;protein_1253,GCF_030406585.1;protein_237,GCF_030323565.1;protein_1176,GCF_007844055.1;protein_1465,GCF_002952595.1;protein_370,GCF_002952635.1;protein_372,GCF_002952535.1;protein_371,GCF_007794935.1;protein_369
GCF_021729605.1;protein_1045,GCF_016748085.1;protein_1070,GCF_002951975.1;protein_369,GCF_016755675.1;protein_1047,GCF_006337405.1;protein_363,GCF_007843715.1;protein_1208,GCF_002906495.1;protein_345,GCF_022923775.1;protein_399,GCF_021184145.1;protein_458,GCF_022921935.1;protein_425,GCF_002952575.1;protein_369,GCF_002953555.1;protein_347,GCF_019974055.1;protein_1254,GCF_030406585.1;protein_236,GCF_030323565.1;protein_1177,GCF_007844055.1;protein_1466,GCF_002952595.1;protein_369,GCF_002952635.1;protein_371,GCF_002952535.1;protein_370,GCF_007794935.1;protein_368
GCF_021729605.1;protein_1046,GCF_016748085.1;protein_1072,GCF_002951975.1;protein_367,GCF_016755675.1;protein_1049,GCF_006337405.1;protein_361,GCF_007843715.1;protein_1210,GCF_002906495.1;protein_1069,GCF_022923775.1;protein_397,GCF_021184145.1;protein_460,GCF_022921935.1;protein_423,GCF_002952575.1;protein_367,GCF_002953555.1;protein_1068,GCF_019974055.1;protein_1256,GCF_030406585.1;protein_234,GCF_030323565.1;protein_1179,GCF_007844055.1;protein_1468,GCF_002952595.1;protein_367,GCF_002952635.1;protein_369,GCF_002952535.1;protein_368,GCF_007794935.1;protein_366
GCF_021729605.1;protein_1047,GCF_016748085.1;protein_1073,GCF_002951975.1;protein_366,GCF_016755675.1;protein_1050,GCF_006337405.1;protein_360,GCF_007843715.1;protein_1211,GCF_002906495.1;protein_1070,GCF_022923775.1;protein_396,GCF_021184145.1;protein_461,GCF_022921935.1;protein_422,GCF_002952575.1;protein_366,GCF_002953555.1;protein_1069,GCF_019974055.1;protein_1257,GCF_030406585.1;protein_233,GCF_030323565.1;protein_1180,GCF_007844055.1;protein_1469,GCF_002952595.1;protein_366,GCF_002952635.1;protein_368,GCF_002952535.1;protein_367,GCF_007794935.1;protein_365
GCF_021729605.1;protein_1048,GCF_016748085.1;protein_1074,GCF_002951975.1;protein_365,GCF_016755675.1;protein_1051,GCF_006337405.1;protein_359,GCF_007843715.1;protein_1212,GCF_002906495.1;protein_1071,GCF_022923775.1;protein_395,GCF_021184145.1;protein_462,GCF_022921935.1;protein_421,GCF_002952575.1;protein_365,GCF_002953555.1;protein_1070,GCF_019974055.1;protein_1258,GCF_030406585.1;protein_232,GCF_030323565.1;protein_1181,GCF_007844055.1;protein_1470,GCF_002952595.1;protein_365,GCF_002952635.1;protein_367,GCF_002952535.1;protein_366,GCF_007794935.1;protein_364
GCF_021729605.1;protein_1049,GCF_016748085.1;protein_1075,GCF_002951975.1;protein_364,GCF_016755675.1;protein_1052,GCF_006337405.1;protein_358,GCF_007843715.1;protein_1213,GCF_002906495.1;protein_1072,GCF_022923775.1;protein_394,GCF_021184145.1;protein_463,GCF_022921935.1;protein_420,GCF_002952575.1;protein_364,GCF_002953555.1;protein_1071,GCF_019974055.1;protein_1259,GCF_030406585.1;protein_231,GCF_030323565.1;protein_1182,GCF_007844055.1;protein_1471,GCF_002952595.1;protein_364,GCF_002952635.1;protein_366,GCF_002952535.1;protein_365,GCF_007794935.1;protein_363
GCF_021729605.1;protein_105,GCF_016748085.1;protein_107,GCF_002951975.1;protein_1329,GCF_016755675.1;protein_106,GCF_006337405.1;protein_1369,GCF_007843715.1;protein_301,GCF_002906495.1;protein_109,GCF_022923775.1;protein_1337,GCF_021184145.1;protein_1059,GCF_022921935.1;protein_1337,GCF_002952575.1;protein_1328,GCF_002953555.1;protein_110,GCF_019974055.1;protein_295,GCF_030406585.1;protein_995,GCF_030323565.1;protein_256,GCF_007844055.1;protein_1348,GCF_002952595.1;protein_1328,GCF_002952635.1;protein_1333,GCF_002952535.1;protein_1332,GCF_007794935.1;protein_1329
GCF_021729605.1;protein_1050,GCF_016748085.1;protein_1076,GCF_002951975.1;protein_363,GCF_016755675.1;protein_1053,GCF_006337405.1;protein_357,GCF_007843715.1;protein_1214,GCF_002906495.1;protein_1073,GCF_022923775.1;protein_393,GCF_021184145.1;protein_464,GCF_022921935.1;protein_419,GCF_002952575.1;protein_363,GCF_002953555.1;protein_1072,GCF_019974055.1;protein_1260,GCF_030406585.1;protein_230,GCF_030323565.1;protein_1183,GCF_007844055.1;protein_1472,GCF_002952595.1;protein_363,GCF_002952635.1;protein_365,GCF_002952535.1;protein_364,GCF_007794935.1;protein_362
GCF_021729605.1;protein_1051,GCF_016748085.1;protein_1077,GCF_002951975.1;protein_362,GCF_016755675.1;protein_1054,GCF_006337405.1;protein_356,GCF_007843715.1;protein_1215,GCF_002906495.1;protein_1074,GCF_022923775.1;protein_392,GCF_021184145.1;protein_465,GCF_022921935.1;protein_418,GCF_002952575.1;protein_362,GCF_002953555.1;protein_1073,GCF_019974055.1;protein_1261,GCF_030406585.1;protein_229,GCF_030323565.1;protein_1184,GCF_007844055.1;protein_1473,GCF_002952595.1;protein_362,GCF_002952635.1;protein_364,GCF_002952535.1;protein_363,GCF_007794935.1;protein_361
GCF_021729605.1;protein_1052,GCF_016748085.1;protein_1078,GCF_002951975.1;protein_361,GCF_016755675.1;protein_1055,GCF_006337405.1;protein_355,GCF_007843715.1;protein_1216,GCF_002906495.1;protein_1075,GCF_022923775.1;protein_391,GCF_021184145.1;protein_466,GCF_022921935.1;protein_417,GCF_002952575.1;protein_361,GCF_002953555.1;protein_1074,GCF_019974055.1;protein_1262,GCF_030406585.1;protein_228,GCF_030323565.1;protein_1185,GCF_007844055.1;protein_1474,GCF_002952595.1;protein_361,GCF_002952635.1;protein_363,GCF_002952535.1;protein_362,GCF_007794935.1;protein_360
GCF_021729605.1;protein_1055,GCF_016748085.1;protein_1081,GCF_002951975.1;protein_359,GCF_016755675.1;protein_1058,GCF_006337405.1;protein_352,GCF_007843715.1;protein_1219,GCF_002906495.1;protein_1077,GCF_022923775.1;protein_388,GCF_021184145.1;protein_469,GCF_022921935.1;protein_414,GCF_002952575.1;protein_359,GCF_002953555.1;protein_1076,GCF_019974055.1;protein_1265,GCF_030406585.1;protein_226,GCF_030323565.1;protein_1188,GCF_007844055.1;protein_1477,GCF_002952595.1;protein_359,GCF_002952635.1;protein_361,GCF_002952535.1;protein_360,GCF_007794935.1;protein_358
GCF_021729605.1;protein_1056,GCF_016748085.1;protein_1082,GCF_002951975.1;protein_358,GCF_016755675.1;protein_1059,GCF_006337405.1;protein_351,GCF_007843715.1;protein_1220,GCF_002906495.1;protein_1078,GCF_022923775.1;protein_387,GCF_021184145.1;protein_470,GCF_022921935.1;protein_413,GCF_002952575.1;protein_358,GCF_002953555.1;protein_1077,GCF_019974055.1;protein_1266,GCF_030406585.1;protein_225,GCF_030323565.1;protein_1189,GCF_007844055.1;protein_1478,GCF_002952595.1;protein_358,GCF_002952635.1;protein_360,GCF_002952535.1;protein_359,GCF_007794935.1;protein_357
GCF_021729605.1;protein_1057,GCF_016748085.1;protein_1083,GCF_002951975.1;protein_357,GCF_016755675.1;protein_1060,GCF_006337405.1;protein_350,GCF_007843715.1;protein_1221,GCF_002906495.1;protein_1079,GCF_022923775.1;protein_386,GCF_021184145.1;protein_471,GCF_022921935.1;protein_412,GCF_002952575.1;protein_357,GCF_002953555.1;protein_1078,GCF_019974055.1;protein_1267,GCF_030406585.1;protein_224,GCF_030323565.1;protein_1190,GCF_007844055.1;protein_1479,GCF_002952595.1;protein_357,GCF_002952635.1;protein_359,GCF_002952535.1;protein_358,GCF_007794935.1;protein_356
GCF_021729605.1;protein_1058,GCF_016748085.1;protein_1084,GCF_002951975.1;protein_356,GCF_016755675.1;protein_1061,GCF_006337405.1;protein_349,GCF_007843715.1;protein_1222,GCF_002906495.1;protein_1080,GCF_022923775.1;protein_385,GCF_021184145.1;protein_472,GCF_022921935.1;protein_411,GCF_002952575.1;protein_356,GCF_002953555.1;protein_1079,GCF_019974055.1;protein_1268,GCF_030406585.1;protein_223,GCF_030323565.1;protein_1191,GCF_007844055.1;protein_1480,GCF_002952595.1;protein_356,GCF_002952635.1;protein_358,GCF_002952535.1;protein_357,GCF_007794935.1;protein_355
GCF_021729605.1;protein_1059,GCF_016748085.1;protein_1085,GCF_002951975.1;protein_355,GCF_016755675.1;protein_1062,GCF_006337405.1;protein_348,GCF_007843715.1;protein_1223,GCF_002906495.1;protein_1081,GCF_022923775.1;protein_384,GCF_021184145.1;protein_473,GCF_022921935.1;protein_410,GCF_002952575.1;protein_355,GCF_002953555.1;protein_1080,GCF_019974055.1;protein_1269,GCF_030406585.1;protein_222,GCF_030323565.1;protein_1192,GCF_007844055.1;protein_1481,GCF_002952595.1;protein_355,GCF_002952635.1;protein_357,GCF_002952535.1;protein_356,GCF_007794935.1;protein_354
GCF_021729605.1;protein_106,GCF_016748085.1;protein_108,GCF_002951975.1;protein_1328,GCF_016755675.1;protein_107,GCF_006337405.1;protein_1368,GCF_007843715.1;protein_302,GCF_002906495.1;protein_110,GCF_022923775.1;protein_1336,GCF_021184145.1;protein_1060,GCF_022921935.1;protein_1336,GCF_002952575.1;protein_1327,GCF_002953555.1;protein_111,GCF_019974055.1;protein_296,GCF_030406585.1;protein_996,GCF_030323565.1;protein_257,GCF_007844055.1;protein_1347,GCF_002952595.1;protein_1327,GCF_002952635.1;protein_1332,GCF_002952535.1;protein_1331,GCF_007794935.1;protein_1328
GCF_021729605.1;protein_1060,GCF_016748085.1;protein_1086,GCF_002951975.1;protein_354,GCF_016755675.1;protein_1063,GCF_006337405.1;protein_347,GCF_007843715.1;protein_1224,GCF_002906495.1;protein_1082,GCF_022923775.1;protein_383,GCF_021184145.1;protein_474,GCF_022921935.1;protein_409,GCF_002952575.1;protein_354,GCF_002953555.1;protein_1081,GCF_019974055.1;protein_1270,GCF_030406585.1;protein_221,GCF_030323565.1;protein_1193,GCF_007844055.1;protein_1482,GCF_002952595.1;protein_354,GCF_002952635.1;protein_356,GCF_002952535.1;protein_355,GCF_007794935.1;protein_353
GCF_021729605.1;protein_1061,GCF_016748085.1;protein_1087,GCF_002951975.1;protein_353,GCF_016755675.1;protein_1064,GCF_006337405.1;protein_346,GCF_007843715.1;protein_1225,GCF_002906495.1;protein_1083,GCF_022923775.1;protein_382,GCF_021184145.1;protein_475,GCF_022921935.1;protein_408,GCF_002952575.1;protein_353,GCF_002953555.1;protein_1082,GCF_019974055.1;protein_1271,GCF_030406585.1;protein_220,GCF_030323565.1;protein_1194,GCF_007844055.1;protein_1483,GCF_002952595.1;protein_353,GCF_002952635.1;protein_355,GCF_002952535.1;protein_354,GCF_007794935.1;protein_352
GCF_021729605.1;protein_1062,GCF_016748085.1;protein_1088,GCF_002951975.1;protein_352,GCF_016755675.1;protein_1065,GCF_006337405.1;protein_345,GCF_007843715.1;protein_1226,GCF_002906495.1;protein_1084,GCF_022923775.1;protein_381,GCF_021184145.1;protein_476,GCF_022921935.1;protein_407,GCF_002952575.1;protein_352,GCF_002953555.1;protein_1083,GCF_019974055.1;protein_1272,GCF_030406585.1;protein_219,GCF_030323565.1;protein_1195,GCF_007844055.1;protein_1484,GCF_002952595.1;protein_352,GCF_002952635.1;protein_354,GCF_002952535.1;protein_353,GCF_007794935.1;protein_351
GCF_021729605.1;protein_1063,GCF_016748085.1;protein_1089,GCF_002951975.1;protein_351,GCF_016755675.1;protein_1066,GCF_006337405.1;protein_344,GCF_007843715.1;protein_1227,GCF_002906495.1;protein_1085,GCF_022923775.1;protein_380,GCF_021184145.1;protein_477,GCF_022921935.1;protein_406,GCF_002952575.1;protein_351,GCF_002953555.1;protein_1084,GCF_019974055.1;protein_1273,GCF_030406585.1;protein_218,GCF_030323565.1;protein_1196,GCF_007844055.1;protein_1485,GCF_002952595.1;protein_351,GCF_002952635.1;protein_353,GCF_002952535.1;protein_352,GCF_007794935.1;protein_350
GCF_021729605.1;protein_1067,GCF_016748085.1;protein_1092,GCF_002951975.1;protein_346,GCF_016755675.1;protein_1069,GCF_006337405.1;protein_341,GCF_007843715.1;protein_1231,GCF_002906495.1;protein_1088,GCF_022923775.1;protein_377,GCF_021184145.1;protein_483,GCF_022921935.1;protein_404,GCF_002952575.1;protein_346,GCF_002953555.1;protein_1087,GCF_019974055.1;protein_1277,GCF_030406585.1;protein_212,GCF_030323565.1;protein_1200,GCF_007844055.1;protein_1489,GCF_002952595.1;protein_346,GCF_002952635.1;protein_348,GCF_002952535.1;protein_347,GCF_007794935.1;protein_345
GCF_021729605.1;protein_1068,GCF_016748085.1;protein_1093,GCF_002951975.1;protein_345,GCF_016755675.1;protein_1070,GCF_006337405.1;protein_340,GCF_007843715.1;protein_1232,GCF_002906495.1;protein_1089,GCF_022923775.1;protein_376,GCF_021184145.1;protein_484,GCF_022921935.1;protein_403,GCF_002952575.1;protein_345,GCF_002953555.1;protein_1088,GCF_019974055.1;protein_1278,GCF_030406585.1;protein_211,GCF_030323565.1;protein_1201,GCF_007844055.1;protein_1490,GCF_002952595.1;protein_345,GCF_002952635.1;protein_347,GCF_002952535.1;protein_346,GCF_007794935.1;protein_344
GCF_021729605.1;protein_1069,GCF_016748085.1;protein_1094,GCF_002951975.1;protein_344,GCF_016755675.1;protein_1071,GCF_006337405.1;protein_339,GCF_007843715.1;protein_1233,GCF_002906495.1;protein_1090,GCF_022923775.1;protein_375,GCF_021184145.1;protein_485,GCF_022921935.1;protein_402,GCF_002952575.1;protein_344,GCF_002953555.1;protein_1089,GCF_019974055.1;protein_1279,GCF_030406585.1;protein_210,GCF_030323565.1;protein_1202,GCF_007844055.1;protein_1491,GCF_002952595.1;protein_344,GCF_002952635.1;protein_346,GCF_002952535.1;protein_345,GCF_007794935.1;protein_343
GCF_021729605.1;protein_107,GCF_016748085.1;protein_109,GCF_002951975.1;protein_1327,GCF_016755675.1;protein_108,GCF_006337405.1;protein_1367,GCF_007843715.1;protein_303,GCF_002906495.1;protein_111,GCF_022923775.1;protein_1335,GCF_021184145.1;protein_1061,GCF_022921935.1;protein_1335,GCF_002952575.1;protein_1326,GCF_002953555.1;protein_112,GCF_019974055.1;protein_297,GCF_030406585.1;protein_997,GCF_030323565.1;protein_258,GCF_007844055.1;protein_1346,GCF_002952595.1;protein_1326,GCF_002952635.1;protein_1331,GCF_002952535.1;protein_1330,GCF_007794935.1;protein_1327
GCF_021729605.1;protein_1070,GCF_016748085.1;protein_1095,GCF_002951975.1;protein_343,GCF_016755675.1;protein_1072,GCF_006337405.1;protein_338,GCF_007843715.1;protein_1234,GCF_002906495.1;protein_1091,GCF_022923775.1;protein_374,GCF_021184145.1;protein_486,GCF_022921935.1;protein_401,GCF_002952575.1;protein_343,GCF_002953555.1;protein_1090,GCF_019974055.1;protein_1280,GCF_030406585.1;protein_209,GCF_030323565.1;protein_1203,GCF_007844055.1;protein_1492,GCF_002952595.1;protein_343,GCF_002952635.1;protein_345,GCF_002952535.1;protein_344,GCF_007794935.1;protein_342
GCF_021729605.1;protein_1071,GCF_016748085.1;protein_1096,GCF_002951975.1;protein_342,GCF_016755675.1;protein_1073,GCF_006337405.1;protein_337,GCF_007843715.1;protein_1235,GCF_002906495.1;protein_1092,GCF_022923775.1;protein_373,GCF_021184145.1;protein_488,GCF_022921935.1;protein_400,GCF_002952575.1;protein_342,GCF_002953555.1;protein_1091,GCF_019974055.1;protein_1281,GCF_030406585.1;protein_208,GCF_030323565.1;protein_1204,GCF_007844055.1;protein_1493,GCF_002952595.1;protein_342,GCF_002952635.1;protein_344,GCF_002952535.1;protein_343,GCF_007794935.1;protein_341
GCF_021729605.1;protein_1072,GCF_016748085.1;protein_1097,GCF_002951975.1;protein_341,GCF_016755675.1;protein_1074,GCF_006337405.1;protein_336,GCF_007843715.1;protein_1236,GCF_002906495.1;protein_1093,GCF_022923775.1;protein_372,GCF_021184145.1;protein_489,GCF_022921935.1;protein_399,GCF_002952575.1;protein_341,GCF_002953555.1;protein_1092,GCF_019974055.1;protein_1282,GCF_030406585.1;protein_207,GCF_030323565.1;protein_1205,GCF_007844055.1;protein_1494,GCF_002952595.1;protein_341,GCF_002952635.1;protein_343,GCF_002952535.1;protein_342,GCF_007794935.1;protein_340
GCF_021729605.1;protein_1073,GCF_016748085.1;protein_1098,GCF_002951975.1;protein_340,GCF_016755675.1;protein_1075,GCF_006337405.1;protein_335,GCF_007843715.1;protein_1237,GCF_002906495.1;protein_1094,GCF_022923775.1;protein_371,GCF_021184145.1;protein_490,GCF_022921935.1;protein_398,GCF_002952575.1;protein_340,GCF_002953555.1;protein_1093,GCF_019974055.1;protein_1283,GCF_030406585.1;protein_206,GCF_030323565.1;protein_1206,GCF_007844055.1;protein_1495,GCF_002952595.1;protein_340,GCF_002952635.1;protein_342,GCF_002952535.1;protein_341,GCF_007794935.1;protein_339
GCF_021729605.1;protein_1074,GCF_016748085.1;protein_1099,GCF_002951975.1;protein_339,GCF_016755675.1;protein_1076,GCF_006337405.1;protein_334,GCF_007843715.1;protein_1238,GCF_002906495.1;protein_1095,GCF_022923775.1;protein_370,GCF_021184145.1;protein_491,GCF_022921935.1;protein_397,GCF_002952575.1;protein_339,GCF_002953555.1;protein_1094,GCF_019974055.1;protein_1284,GCF_030406585.1;protein_205,GCF_030323565.1;protein_1207,GCF_007844055.1;protein_1496,GCF_002952595.1;protein_339,GCF_002952635.1;protein_341,GCF_002952535.1;protein_340,GCF_007794935.1;protein_338
GCF_021729605.1;protein_1075,GCF_016748085.1;protein_1100,GCF_002951975.1;protein_338,GCF_016755675.1;protein_1077,GCF_006337405.1;protein_333,GCF_007843715.1;protein_1239,GCF_002906495.1;protein_1096,GCF_022923775.1;protein_369,GCF_021184145.1;protein_492,GCF_022921935.1;protein_396,GCF_002952575.1;protein_338,GCF_002953555.1;protein_1095,GCF_019974055.1;protein_1285,GCF_030406585.1;protein_204,GCF_030323565.1;protein_1208,GCF_007844055.1;protein_1497,GCF_002952595.1;protein_338,GCF_002952635.1;protein_340,GCF_002952535.1;protein_339,GCF_007794935.1;protein_337
GCF_021729605.1;protein_1076,GCF_016748085.1;protein_1101,GCF_002951975.1;protein_337,GCF_016755675.1;protein_1078,GCF_006337405.1;protein_332,GCF_007843715.1;protein_1240,GCF_002906495.1;protein_1097,GCF_022923775.1;protein_368,GCF_021184145.1;protein_493,GCF_022921935.1;protein_395,GCF_002952575.1;protein_337,GCF_002953555.1;protein_1096,GCF_019974055.1;protein_1286,GCF_030406585.1;protein_203,GCF_030323565.1;protein_1209,GCF_007844055.1;protein_1498,GCF_002952595.1;protein_337,GCF_002952635.1;protein_339,GCF_002952535.1;protein_338,GCF_007794935.1;protein_336
GCF_021729605.1;protein_1077,GCF_016748085.1;protein_1102,GCF_002951975.1;protein_336,GCF_016755675.1;protein_1079,GCF_006337405.1;protein_331,GCF_007843715.1;protein_1241,GCF_002906495.1;protein_1098,GCF_022923775.1;protein_367,GCF_021184145.1;protein_494,GCF_022921935.1;protein_394,GCF_002952575.1;protein_336,GCF_002953555.1;protein_1097,GCF_019974055.1;protein_1287,GCF_030406585.1;protein_202,GCF_030323565.1;protein_1210,GCF_007844055.1;protein_1499,GCF_002952595.1;protein_336,GCF_002952635.1;protein_338,GCF_002952535.1;protein_337,GCF_007794935.1;protein_335
GCF_021729605.1;protein_1078,GCF_016748085.1;protein_1103,GCF_002951975.1;protein_335,GCF_016755675.1;protein_1080,GCF_006337405.1;protein_330,GCF_007843715.1;protein_1242,GCF_002906495.1;protein_1099,GCF_022923775.1;protein_366,GCF_021184145.1;protein_495,GCF_022921935.1;protein_393,GCF_002952575.1;protein_335,GCF_002953555.1;protein_1098,GCF_019974055.1;protein_1288,GCF_030406585.1;protein_201,GCF_030323565.1;protein_1211,GCF_007844055.1;protein_1500,GCF_002952595.1;protein_335,GCF_002952635.1;protein_337,GCF_002952535.1;protein_336,GCF_007794935.1;protein_334
GCF_021729605.1;protein_1079,GCF_016748085.1;protein_1104,GCF_002951975.1;protein_334,GCF_016755675.1;protein_1081,GCF_006337405.1;protein_329,GCF_007843715.1;protein_1243,GCF_002906495.1;protein_1100,GCF_022923775.1;protein_365,GCF_021184145.1;protein_496,GCF_022921935.1;protein_392,GCF_002952575.1;protein_334,GCF_002953555.1;protein_1099,GCF_019974055.1;protein_1289,GCF_030406585.1;protein_200,GCF_030323565.1;protein_1212,GCF_007844055.1;protein_1501,GCF_002952595.1;protein_334,GCF_002952635.1;protein_336,GCF_002952535.1;protein_335,GCF_007794935.1;protein_333
GCF_021729605.1;protein_1080,GCF_016748085.1;protein_1105,GCF_002951975.1;protein_333,GCF_016755675.1;protein_1082,GCF_006337405.1;protein_328,GCF_007843715.1;protein_1244,GCF_002906495.1;protein_1101,GCF_022923775.1;protein_364,GCF_021184145.1;protein_497,GCF_022921935.1;protein_391,GCF_002952575.1;protein_333,GCF_002953555.1;protein_1100,GCF_019974055.1;protein_1290,GCF_030406585.1;protein_199,GCF_030323565.1;protein_1213,GCF_007844055.1;protein_1502,GCF_002952595.1;protein_333,GCF_002952635.1;protein_335,GCF_002952535.1;protein_334,GCF_007794935.1;protein_332
GCF_021729605.1;protein_1081,GCF_016748085.1;protein_1106,GCF_002951975.1;protein_332,GCF_016755675.1;protein_1083,GCF_006337405.1;protein_327,GCF_007843715.1;protein_1245,GCF_002906495.1;protein_1102,GCF_022923775.1;protein_363,GCF_021184145.1;protein_498,GCF_022921935.1;protein_390,GCF_002952575.1;protein_332,GCF_002953555.1;protein_1101,GCF_019974055.1;protein_1291,GCF_030406585.1;protein_198,GCF_030323565.1;protein_1214,GCF_007844055.1;protein_1503,GCF_002952595.1;protein_332,GCF_002952635.1;protein_334,GCF_002952535.1;protein_333,GCF_007794935.1;protein_331
GCF_021729605.1;protein_1082,GCF_016748085.1;protein_1107,GCF_002951975.1;protein_331,GCF_016755675.1;protein_1084,GCF_006337405.1;protein_326,GCF_007843715.1;protein_1246,GCF_002906495.1;protein_1103,GCF_022923775.1;protein_362,GCF_021184145.1;protein_499,GCF_022921935.1;protein_389,GCF_002952575.1;protein_331,GCF_002953555.1;protein_1102,GCF_019974055.1;protein_1292,GCF_030406585.1;protein_197,GCF_030323565.1;protein_1215,GCF_007844055.1;protein_1504,GCF_002952595.1;protein_331,GCF_002952635.1;protein_333,GCF_002952535.1;protein_332,GCF_007794935.1;protein_330
GCF_021729605.1;protein_1083,GCF_016748085.1;protein_1108,GCF_002951975.1;protein_330,GCF_016755675.1;protein_1085,GCF_006337405.1;protein_325,GCF_007843715.1;protein_1247,GCF_002906495.1;protein_1104,GCF_022923775.1;protein_361,GCF_021184145.1;protein_500,GCF_022921935.1;protein_388,GCF_002952575.1;protein_330,GCF_002953555.1;protein_1103,GCF_019974055.1;protein_1293,GCF_030406585.1;protein_196,GCF_030323565.1;protein_1216,GCF_007844055.1;protein_1505,GCF_002952595.1;protein_330,GCF_002952635.1;protein_332,GCF_002952535.1;protein_331,GCF_007794935.1;protein_329
GCF_021729605.1;protein_1084,GCF_016748085.1;protein_1109,GCF_002951975.1;protein_329,GCF_016755675.1;protein_1086,GCF_006337405.1;protein_324,GCF_007843715.1;protein_1248,GCF_002906495.1;protein_1105,GCF_022923775.1;protein_360,GCF_021184145.1;protein_501,GCF_022921935.1;protein_387,GCF_002952575.1;protein_329,GCF_002953555.1;protein_1104,GCF_019974055.1;protein_1294,GCF_030406585.1;protein_195,GCF_030323565.1;protein_1217,GCF_007844055.1;protein_1506,GCF_002952595.1;protein_329,GCF_002952635.1;protein_331,GCF_002952535.1;protein_330,GCF_007794935.1;protein_328
GCF_021729605.1;protein_1085,GCF_016748085.1;protein_1110,GCF_002951975.1;protein_328,GCF_016755675.1;protein_1087,GCF_006337405.1;protein_323,GCF_007843715.1;protein_1249,GCF_002906495.1;protein_1106,GCF_022923775.1;protein_359,GCF_021184145.1;protein_502,GCF_022921935.1;protein_386,GCF_002952575.1;protein_328,GCF_002953555.1;protein_1105,GCF_019974055.1;protein_1295,GCF_030406585.1;protein_194,GCF_030323565.1;protein_1218,GCF_007844055.1;protein_1507,GCF_002952595.1;protein_328,GCF_002952635.1;protein_330,GCF_002952535.1;protein_329,GCF_007794935.1;protein_327
GCF_021729605.1;protein_1086,GCF_016748085.1;protein_1111,GCF_002951975.1;protein_327,GCF_016755675.1;protein_1088,GCF_006337405.1;protein_322,GCF_007843715.1;protein_1250,GCF_002906495.1;protein_1107,GCF_022923775.1;protein_358,GCF_021184145.1;protein_503,GCF_022921935.1;protein_385,GCF_002952575.1;protein_327,GCF_002953555.1;protein_1106,GCF_019974055.1;protein_1296,GCF_030406585.1;protein_193,GCF_030323565.1;protein_1219,GCF_007844055.1;protein_1508,GCF_002952595.1;protein_327,GCF_002952635.1;protein_329,GCF_002952535.1;protein_328,GCF_007794935.1;protein_326
GCF_021729605.1;protein_1087,GCF_016748085.1;protein_1112,GCF_002951975.1;protein_326,GCF_016755675.1;protein_1089,GCF_006337405.1;protein_321,GCF_007843715.1;protein_1251,GCF_002906495.1;protein_1108,GCF_022923775.1;protein_357,GCF_021184145.1;protein_504,GCF_022921935.1;protein_384,GCF_002952575.1;protein_326,GCF_002953555.1;protein_1107,GCF_019974055.1;protein_1297,GCF_030406585.1;protein_192,GCF_030323565.1;protein_1220,GCF_007844055.1;protein_1509,GCF_002952595.1;protein_326,GCF_002952635.1;protein_328,GCF_002952535.1;protein_327,GCF_007794935.1;protein_325
GCF_021729605.1;protein_1088,GCF_016748085.1;protein_1113,GCF_002951975.1;protein_325,GCF_016755675.1;protein_1090,GCF_006337405.1;protein_320,GCF_007843715.1;protein_1252,GCF_002906495.1;protein_1109,GCF_022923775.1;protein_356,GCF_021184145.1;protein_505,GCF_022921935.1;protein_383,GCF_002952575.1;protein_325,GCF_002953555.1;protein_1108,GCF_019974055.1;protein_1298,GCF_030406585.1;protein_191,GCF_030323565.1;protein_1221,GCF_007844055.1;protein_1510,GCF_002952595.1;protein_325,GCF_002952635.1;protein_327,GCF_002952535.1;protein_326,GCF_007794935.1;protein_324
GCF_021729605.1;protein_1089,GCF_016748085.1;protein_1114,GCF_002951975.1;protein_324,GCF_016755675.1;protein_1091,GCF_006337405.1;protein_319,GCF_007843715.1;protein_1253,GCF_002906495.1;protein_1110,GCF_022923775.1;protein_355,GCF_021184145.1;protein_506,GCF_022921935.1;protein_382,GCF_002952575.1;protein_324,GCF_002953555.1;protein_1109,GCF_019974055.1;protein_1299,GCF_030406585.1;protein_190,GCF_030323565.1;protein_1222,GCF_007844055.1;protein_1511,GCF_002952595.1;protein_324,GCF_002952635.1;protein_326,GCF_002952535.1;protein_325,GCF_007794935.1;protein_323
GCF_021729605.1;protein_109,GCF_016748085.1;protein_111,GCF_002951975.1;protein_1325,GCF_016755675.1;protein_111,GCF_006337405.1;protein_1363,GCF_007843715.1;protein_306,GCF_002906495.1;protein_115,GCF_022923775.1;protein_1330,GCF_021184145.1;protein_1063,GCF_022921935.1;protein_1333,GCF_002952575.1;protein_1324,GCF_002953555.1;protein_116,GCF_019974055.1;protein_300,GCF_030406585.1;protein_999,GCF_030323565.1;protein_261,GCF_007844055.1;protein_1341,GCF_002952595.1;protein_1324,GCF_002952635.1;protein_1329,GCF_002952535.1;protein_1328,GCF_007794935.1;protein_1323
GCF_021729605.1;protein_1090,GCF_016748085.1;protein_1115,GCF_002951975.1;protein_323,GCF_016755675.1;protein_1092,GCF_006337405.1;protein_318,GCF_007843715.1;protein_1254,GCF_002906495.1;protein_1111,GCF_022923775.1;protein_354,GCF_021184145.1;protein_507,GCF_022921935.1;protein_381,GCF_002952575.1;protein_323,GCF_002953555.1;protein_1110,GCF_019974055.1;protein_1300,GCF_030406585.1;protein_189,GCF_030323565.1;protein_1223,GCF_007844055.1;protein_1512,GCF_002952595.1;protein_323,GCF_002952635.1;protein_325,GCF_002952535.1;protein_324,GCF_007794935.1;protein_322
GCF_021729605.1;protein_1091,GCF_016748085.1;protein_1116,GCF_002951975.1;protein_322,GCF_016755675.1;protein_1093,GCF_006337405.1;protein_317,GCF_007843715.1;protein_1255,GCF_002906495.1;protein_1112,GCF_022923775.1;protein_353,GCF_021184145.1;protein_508,GCF_022921935.1;protein_380,GCF_002952575.1;protein_322,GCF_002953555.1;protein_1111,GCF_019974055.1;protein_1301,GCF_030406585.1;protein_188,GCF_030323565.1;protein_1224,GCF_007844055.1;protein_1513,GCF_002952595.1;protein_322,GCF_002952635.1;protein_324,GCF_002952535.1;protein_323,GCF_007794935.1;protein_321
GCF_021729605.1;protein_1093,GCF_016748085.1;protein_1118,GCF_002951975.1;protein_320,GCF_016755675.1;protein_1095,GCF_006337405.1;protein_315,GCF_007843715.1;protein_1257,GCF_002906495.1;protein_1114,GCF_022923775.1;protein_351,GCF_021184145.1;protein_510,GCF_022921935.1;protein_378,GCF_002952575.1;protein_320,GCF_002953555.1;protein_1113,GCF_019974055.1;protein_1303,GCF_030406585.1;protein_186,GCF_030323565.1;protein_1226,GCF_007844055.1;protein_1515,GCF_002952595.1;protein_320,GCF_002952635.1;protein_322,GCF_002952535.1;protein_321,GCF_007794935.1;protein_319
GCF_021729605.1;protein_1095,GCF_016748085.1;protein_1120,GCF_002951975.1;protein_318,GCF_016755675.1;protein_1097,GCF_006337405.1;protein_313,GCF_007843715.1;protein_1259,GCF_002906495.1;protein_1117,GCF_022923775.1;protein_350,GCF_021184145.1;protein_514,GCF_022921935.1;protein_376,GCF_002952575.1;protein_318,GCF_002953555.1;protein_1116,GCF_019974055.1;protein_1305,GCF_030406585.1;protein_184,GCF_030323565.1;protein_1229,GCF_007844055.1;protein_444,GCF_002952595.1;protein_318,GCF_002952635.1;protein_320,GCF_002952535.1;protein_319,GCF_007794935.1;protein_317
GCF_021729605.1;protein_1096,GCF_016748085.1;protein_1121,GCF_002951975.1;protein_317,GCF_016755675.1;protein_1098,GCF_006337405.1;protein_312,GCF_007843715.1;protein_1260,GCF_002906495.1;protein_1118,GCF_022923775.1;protein_349,GCF_021184145.1;protein_515,GCF_022921935.1;protein_375,GCF_002952575.1;protein_317,GCF_002953555.1;protein_1117,GCF_019974055.1;protein_1306,GCF_030406585.1;protein_183,GCF_030323565.1;protein_1230,GCF_007844055.1;protein_443,GCF_002952595.1;protein_317,GCF_002952635.1;protein_319,GCF_002952535.1;protein_318,GCF_007794935.1;protein_316
GCF_021729605.1;protein_1097,GCF_016748085.1;protein_1122,GCF_002951975.1;protein_316,GCF_016755675.1;protein_1099,GCF_006337405.1;protein_311,GCF_007843715.1;protein_1261,GCF_002906495.1;protein_1119,GCF_022923775.1;protein_348,GCF_021184145.1;protein_516,GCF_022921935.1;protein_374,GCF_002952575.1;protein_316,GCF_002953555.1;protein_1118,GCF_019974055.1;protein_1307,GCF_030406585.1;protein_182,GCF_030323565.1;protein_1231,GCF_007844055.1;protein_442,GCF_002952595.1;protein_316,GCF_002952635.1;protein_318,GCF_002952535.1;protein_317,GCF_007794935.1;protein_315
GCF_021729605.1;protein_1098,GCF_016748085.1;protein_1123,GCF_002951975.1;protein_315,GCF_016755675.1;protein_1100,GCF_006337405.1;protein_310,GCF_007843715.1;protein_1262,GCF_002906495.1;protein_1120,GCF_022923775.1;protein_347,GCF_021184145.1;protein_517,GCF_022921935.1;protein_373,GCF_002952575.1;protein_315,GCF_002953555.1;protein_1119,GCF_019974055.1;protein_1308,GCF_030406585.1;protein_181,GCF_030323565.1;protein_1232,GCF_007844055.1;protein_441,GCF_002952595.1;protein_315,GCF_002952635.1;protein_317,GCF_002952535.1;protein_316,GCF_007794935.1;protein_314
GCF_021729605.1;protein_1099,GCF_016748085.1;protein_1124,GCF_002951975.1;protein_314,GCF_016755675.1;protein_1101,GCF_006337405.1;protein_309,GCF_007843715.1;protein_1263,GCF_002906495.1;protein_1121,GCF_022923775.1;protein_346,GCF_021184145.1;protein_518,GCF_022921935.1;protein_372,GCF_002952575.1;protein_314,GCF_002953555.1;protein_1120,GCF_019974055.1;protein_1309,GCF_030406585.1;protein_180,GCF_030323565.1;protein_1233,GCF_007844055.1;protein_440,GCF_002952595.1;protein_314,GCF_002952635.1;protein_316,GCF_002952535.1;protein_315,GCF_007794935.1;protein_313
GCF_021729605.1;protein_11,GCF_016748085.1;protein_10,GCF_002951975.1;protein_1470,GCF_016755675.1;protein_10,GCF_006337405.1;protein_1507,GCF_007843715.1;protein_204,GCF_002906495.1;protein_11,GCF_022923775.1;protein_1450,GCF_021184145.1;protein_959,GCF_022921935.1;protein_1442,GCF_002952575.1;protein_1469,GCF_002953555.1;protein_11,GCF_019974055.1;protein_169,GCF_030406585.1;protein_11,GCF_030323565.1;protein_157,GCF_007844055.1;protein_157,GCF_002952595.1;protein_1469,GCF_002952635.1;protein_1474,GCF_002952535.1;protein_1473,GCF_007794935.1;protein_1470
GCF_021729605.1;protein_110,GCF_016748085.1;protein_112,GCF_002951975.1;protein_1323,GCF_016755675.1;protein_112,GCF_006337405.1;protein_1362,GCF_007843715.1;protein_307,GCF_002906495.1;protein_116,GCF_022923775.1;protein_1329,GCF_021184145.1;protein_1064,GCF_022921935.1;protein_1332,GCF_002952575.1;protein_1322,GCF_002953555.1;protein_117,GCF_019974055.1;protein_301,GCF_030406585.1;protein_1000,GCF_030323565.1;protein_263,GCF_007844055.1;protein_1340,GCF_002952595.1;protein_1322,GCF_002952635.1;protein_1327,GCF_002952535.1;protein_1326,GCF_007794935.1;protein_1321
GCF_021729605.1;protein_1100,GCF_016748085.1;protein_1125,GCF_002951975.1;protein_313,GCF_016755675.1;protein_1102,GCF_006337405.1;protein_308,GCF_007843715.1;protein_1264,GCF_002906495.1;protein_1122,GCF_022923775.1;protein_345,GCF_021184145.1;protein_519,GCF_022921935.1;protein_371,GCF_002952575.1;protein_313,GCF_002953555.1;protein_1121,GCF_019974055.1;protein_1310,GCF_030406585.1;protein_179,GCF_030323565.1;protein_1234,GCF_007844055.1;protein_439,GCF_002952595.1;protein_313,GCF_002952635.1;protein_315,GCF_002952535.1;protein_314,GCF_007794935.1;protein_312
GCF_021729605.1;protein_1101,GCF_016748085.1;protein_1126,GCF_002951975.1;protein_312,GCF_016755675.1;protein_1103,GCF_006337405.1;protein_307,GCF_007843715.1;protein_1265,GCF_002906495.1;protein_1123,GCF_022923775.1;protein_344,GCF_021184145.1;protein_520,GCF_022921935.1;protein_370,GCF_002952575.1;protein_312,GCF_002953555.1;protein_1122,GCF_019974055.1;protein_1311,GCF_030406585.1;protein_178,GCF_030323565.1;protein_1235,GCF_007844055.1;protein_438,GCF_002952595.1;protein_312,GCF_002952635.1;protein_314,GCF_002952535.1;protein_313,GCF_007794935.1;protein_311
GCF_021729605.1;protein_1102,GCF_016748085.1;protein_1127,GCF_002951975.1;protein_311,GCF_016755675.1;protein_1104,GCF_006337405.1;protein_306,GCF_007843715.1;protein_1266,GCF_002906495.1;protein_1124,GCF_022923775.1;protein_343,GCF_021184145.1;protein_521,GCF_022921935.1;protein_369,GCF_002952575.1;protein_311,GCF_002953555.1;protein_1123,GCF_019974055.1;protein_1312,GCF_030406585.1;protein_177,GCF_030323565.1;protein_1236,GCF_007844055.1;protein_437,GCF_002952595.1;protein_311,GCF_002952635.1;protein_313,GCF_002952535.1;protein_312,GCF_007794935.1;protein_310
GCF_021729605.1;protein_1103,GCF_016748085.1;protein_1128,GCF_002951975.1;protein_310,GCF_016755675.1;protein_1105,GCF_006337405.1;protein_305,GCF_007843715.1;protein_1267,GCF_002906495.1;protein_1125,GCF_022923775.1;protein_342,GCF_021184145.1;protein_522,GCF_022921935.1;protein_368,GCF_002952575.1;protein_310,GCF_002953555.1;protein_1124,GCF_019974055.1;protein_1313,GCF_030406585.1;protein_176,GCF_030323565.1;protein_1237,GCF_007844055.1;protein_436,GCF_002952595.1;protein_310,GCF_002952635.1;protein_312,GCF_002952535.1;protein_311,GCF_007794935.1;protein_309
GCF_021729605.1;protein_1104,GCF_016748085.1;protein_1129,GCF_002951975.1;protein_309,GCF_016755675.1;protein_1106,GCF_006337405.1;protein_304,GCF_007843715.1;protein_1268,GCF_002906495.1;protein_1126,GCF_022923775.1;protein_341,GCF_021184145.1;protein_523,GCF_022921935.1;protein_367,GCF_002952575.1;protein_309,GCF_002953555.1;protein_1125,GCF_019974055.1;protein_1314,GCF_030406585.1;protein_175,GCF_030323565.1;protein_1238,GCF_007844055.1;protein_435,GCF_002952595.1;protein_309,GCF_002952635.1;protein_311,GCF_002952535.1;protein_310,GCF_007794935.1;protein_308
GCF_021729605.1;protein_1105,GCF_016748085.1;protein_1130,GCF_002951975.1;protein_308,GCF_016755675.1;protein_1107,GCF_006337405.1;protein_303,GCF_007843715.1;protein_1269,GCF_002906495.1;protein_1127,GCF_022923775.1;protein_340,GCF_021184145.1;protein_524,GCF_022921935.1;protein_366,GCF_002952575.1;protein_308,GCF_002953555.1;protein_1126,GCF_019974055.1;protein_1315,GCF_030406585.1;protein_174,GCF_030323565.1;protein_1239,GCF_007844055.1;protein_434,GCF_002952595.1;protein_308,GCF_002952635.1;protein_310,GCF_002952535.1;protein_309,GCF_007794935.1;protein_307
GCF_021729605.1;protein_1107,GCF_016748085.1;protein_1132,GCF_002951975.1;protein_306,GCF_016755675.1;protein_1109,GCF_006337405.1;protein_301,GCF_007843715.1;protein_1271,GCF_002906495.1;protein_1129,GCF_022923775.1;protein_338,GCF_021184145.1;protein_526,GCF_022921935.1;protein_364,GCF_002952575.1;protein_306,GCF_002953555.1;protein_1128,GCF_019974055.1;protein_1317,GCF_030406585.1;protein_172,GCF_030323565.1;protein_1241,GCF_007844055.1;protein_432,GCF_002952595.1;protein_306,GCF_002952635.1;protein_308,GCF_002952535.1;protein_307,GCF_007794935.1;protein_305
GCF_021729605.1;protein_1108,GCF_016748085.1;protein_1133,GCF_002951975.1;protein_305,GCF_016755675.1;protein_1110,GCF_006337405.1;protein_300,GCF_007843715.1;protein_1272,GCF_002906495.1;protein_1130,GCF_022923775.1;protein_337,GCF_021184145.1;protein_527,GCF_022921935.1;protein_363,GCF_002952575.1;protein_305,GCF_002953555.1;protein_1129,GCF_019974055.1;protein_1318,GCF_030406585.1;protein_171,GCF_030323565.1;protein_1242,GCF_007844055.1;protein_431,GCF_002952595.1;protein_305,GCF_002952635.1;protein_307,GCF_002952535.1;protein_306,GCF_007794935.1;protein_304
GCF_021729605.1;protein_111,GCF_016748085.1;protein_113,GCF_002951975.1;protein_1322,GCF_016755675.1;protein_113,GCF_006337405.1;protein_1361,GCF_007843715.1;protein_308,GCF_002906495.1;protein_117,GCF_022923775.1;protein_1328,GCF_021184145.1;protein_1065,GCF_022921935.1;protein_1331,GCF_002952575.1;protein_1321,GCF_002953555.1;protein_118,GCF_019974055.1;protein_302,GCF_030406585.1;protein_1001,GCF_030323565.1;protein_264,GCF_007844055.1;protein_1339,GCF_002952595.1;protein_1321,GCF_002952635.1;protein_1326,GCF_002952535.1;protein_1325,GCF_007794935.1;protein_1320
GCF_021729605.1;protein_1111,GCF_016748085.1;protein_1136,GCF_002951975.1;protein_304,GCF_016755675.1;protein_1113,GCF_006337405.1;protein_299,GCF_007843715.1;protein_1273,GCF_002906495.1;protein_1131,GCF_022923775.1;protein_334,GCF_021184145.1;protein_528,GCF_022921935.1;protein_327,GCF_002952575.1;protein_304,GCF_002953555.1;protein_1130,GCF_019974055.1;protein_1319,GCF_030406585.1;protein_170,GCF_030323565.1;protein_1243,GCF_007844055.1;protein_428,GCF_002952595.1;protein_304,GCF_002952635.1;protein_306,GCF_002952535.1;protein_305,GCF_007794935.1;protein_303
GCF_021729605.1;protein_1112,GCF_016748085.1;protein_1137,GCF_002951975.1;protein_303,GCF_016755675.1;protein_1114,GCF_006337405.1;protein_298,GCF_007843715.1;protein_1274,GCF_002906495.1;protein_1132,GCF_022923775.1;protein_333,GCF_021184145.1;protein_529,GCF_022921935.1;protein_326,GCF_002952575.1;protein_303,GCF_002953555.1;protein_1131,GCF_019974055.1;protein_1320,GCF_030406585.1;protein_169,GCF_030323565.1;protein_1244,GCF_007844055.1;protein_427,GCF_002952595.1;protein_303,GCF_002952635.1;protein_305,GCF_002952535.1;protein_304,GCF_007794935.1;protein_302
GCF_021729605.1;protein_1113,GCF_016748085.1;protein_1138,GCF_002951975.1;protein_302,GCF_016755675.1;protein_1115,GCF_006337405.1;protein_297,GCF_007843715.1;protein_1275,GCF_002906495.1;protein_1133,GCF_022923775.1;protein_332,GCF_021184145.1;protein_530,GCF_022921935.1;protein_325,GCF_002952575.1;protein_302,GCF_002953555.1;protein_1132,GCF_019974055.1;protein_1321,GCF_030406585.1;protein_168,GCF_030323565.1;protein_1245,GCF_007844055.1;protein_426,GCF_002952595.1;protein_302,GCF_002952635.1;protein_304,GCF_002952535.1;protein_303,GCF_007794935.1;protein_301
GCF_021729605.1;protein_1114,GCF_016748085.1;protein_1139,GCF_002951975.1;protein_301,GCF_016755675.1;protein_1116,GCF_006337405.1;protein_296,GCF_007843715.1;protein_1276,GCF_002906495.1;protein_1134,GCF_022923775.1;protein_331,GCF_021184145.1;protein_531,GCF_022921935.1;protein_324,GCF_002952575.1;protein_301,GCF_002953555.1;protein_1133,GCF_019974055.1;protein_1322,GCF_030406585.1;protein_167,GCF_030323565.1;protein_1246,GCF_007844055.1;protein_425,GCF_002952595.1;protein_301,GCF_002952635.1;protein_303,GCF_002952535.1;protein_302,GCF_007794935.1;protein_300
GCF_021729605.1;protein_1115,GCF_016748085.1;protein_1140,GCF_002951975.1;protein_300,GCF_016755675.1;protein_1117,GCF_006337405.1;protein_295,GCF_007843715.1;protein_1277,GCF_002906495.1;protein_1135,GCF_022923775.1;protein_330,GCF_021184145.1;protein_532,GCF_022921935.1;protein_323,GCF_002952575.1;protein_300,GCF_002953555.1;protein_1134,GCF_019974055.1;protein_1323,GCF_030406585.1;protein_166,GCF_030323565.1;protein_1247,GCF_007844055.1;protein_424,GCF_002952595.1;protein_300,GCF_002952635.1;protein_302,GCF_002952535.1;protein_301,GCF_007794935.1;protein_299
GCF_021729605.1;protein_1116,GCF_016748085.1;protein_1141,GCF_002951975.1;protein_299,GCF_016755675.1;protein_1118,GCF_006337405.1;protein_294,GCF_007843715.1;protein_1278,GCF_002906495.1;protein_1136,GCF_022923775.1;protein_329,GCF_021184145.1;protein_533,GCF_022921935.1;protein_322,GCF_002952575.1;protein_299,GCF_002953555.1;protein_1135,GCF_019974055.1;protein_1324,GCF_030406585.1;protein_165,GCF_030323565.1;protein_1248,GCF_007844055.1;protein_423,GCF_002952595.1;protein_299,GCF_002952635.1;protein_301,GCF_002952535.1;protein_300,GCF_007794935.1;protein_298
GCF_021729605.1;protein_1117,GCF_016748085.1;protein_1142,GCF_002951975.1;protein_298,GCF_016755675.1;protein_1119,GCF_006337405.1;protein_293,GCF_007843715.1;protein_1279,GCF_002906495.1;protein_1137,GCF_022923775.1;protein_328,GCF_021184145.1;protein_534,GCF_022921935.1;protein_321,GCF_002952575.1;protein_298,GCF_002953555.1;protein_1136,GCF_019974055.1;protein_1325,GCF_030406585.1;protein_164,GCF_030323565.1;protein_1249,GCF_007844055.1;protein_422,GCF_002952595.1;protein_298,GCF_002952635.1;protein_300,GCF_002952535.1;protein_299,GCF_007794935.1;protein_297
GCF_021729605.1;protein_1119,GCF_016748085.1;protein_1144,GCF_002951975.1;protein_296,GCF_016755675.1;protein_1121,GCF_006337405.1;protein_291,GCF_007843715.1;protein_1281,GCF_002906495.1;protein_1139,GCF_022923775.1;protein_326,GCF_021184145.1;protein_536,GCF_022921935.1;protein_319,GCF_002952575.1;protein_296,GCF_002953555.1;protein_1138,GCF_019974055.1;protein_1327,GCF_030406585.1;protein_162,GCF_030323565.1;protein_1251,GCF_007844055.1;protein_420,GCF_002952595.1;protein_296,GCF_002952635.1;protein_298,GCF_002952535.1;protein_297,GCF_007794935.1;protein_295
GCF_021729605.1;protein_112,GCF_016748085.1;protein_114,GCF_002951975.1;protein_1321,GCF_016755675.1;protein_114,GCF_006337405.1;protein_1360,GCF_007843715.1;protein_309,GCF_002906495.1;protein_118,GCF_022923775.1;protein_1327,GCF_021184145.1;protein_1066,GCF_022921935.1;protein_1330,GCF_002952575.1;protein_1320,GCF_002953555.1;protein_119,GCF_019974055.1;protein_303,GCF_030406585.1;protein_1002,GCF_030323565.1;protein_265,GCF_007844055.1;protein_1338,GCF_002952595.1;protein_1320,GCF_002952635.1;protein_1325,GCF_002952535.1;protein_1324,GCF_007794935.1;protein_1319
GCF_021729605.1;protein_1120,GCF_016748085.1;protein_1145,GCF_002951975.1;protein_295,GCF_016755675.1;protein_1122,GCF_006337405.1;protein_290,GCF_007843715.1;protein_1282,GCF_002906495.1;protein_1140,GCF_022923775.1;protein_325,GCF_021184145.1;protein_537,GCF_022921935.1;protein_318,GCF_002952575.1;protein_295,GCF_002953555.1;protein_1139,GCF_019974055.1;protein_1328,GCF_030406585.1;protein_161,GCF_030323565.1;protein_1252,GCF_007844055.1;protein_419,GCF_002952595.1;protein_295,GCF_002952635.1;protein_297,GCF_002952535.1;protein_296,GCF_007794935.1;protein_294
GCF_021729605.1;protein_1121,GCF_016748085.1;protein_1146,GCF_002951975.1;protein_294,GCF_016755675.1;protein_1123,GCF_006337405.1;protein_289,GCF_007843715.1;protein_1283,GCF_002906495.1;protein_1141,GCF_022923775.1;protein_324,GCF_021184145.1;protein_538,GCF_022921935.1;protein_317,GCF_002952575.1;protein_294,GCF_002953555.1;protein_1140,GCF_019974055.1;protein_1329,GCF_030406585.1;protein_160,GCF_030323565.1;protein_1253,GCF_007844055.1;protein_418,GCF_002952595.1;protein_294,GCF_002952635.1;protein_296,GCF_002952535.1;protein_295,GCF_007794935.1;protein_293
GCF_021729605.1;protein_1122,GCF_016748085.1;protein_1147,GCF_002951975.1;protein_293,GCF_016755675.1;protein_1124,GCF_006337405.1;protein_288,GCF_007843715.1;protein_1284,GCF_002906495.1;protein_1142,GCF_022923775.1;protein_323,GCF_021184145.1;protein_539,GCF_022921935.1;protein_316,GCF_002952575.1;protein_293,GCF_002953555.1;protein_1141,GCF_019974055.1;protein_1330,GCF_030406585.1;protein_159,GCF_030323565.1;protein_1254,GCF_007844055.1;protein_417,GCF_002952595.1;protein_293,GCF_002952635.1;protein_295,GCF_002952535.1;protein_294,GCF_007794935.1;protein_292
GCF_021729605.1;protein_1123,GCF_016748085.1;protein_1148,GCF_002951975.1;protein_292,GCF_016755675.1;protein_1125,GCF_006337405.1;protein_287,GCF_007843715.1;protein_1285,GCF_002906495.1;protein_1143,GCF_022923775.1;protein_322,GCF_021184145.1;protein_540,GCF_022921935.1;protein_315,GCF_002952575.1;protein_292,GCF_002953555.1;protein_1142,GCF_019974055.1;protein_1331,GCF_030406585.1;protein_158,GCF_030323565.1;protein_1255,GCF_007844055.1;protein_416,GCF_002952595.1;protein_292,GCF_002952635.1;protein_294,GCF_002952535.1;protein_293,GCF_007794935.1;protein_291
GCF_021729605.1;protein_1124,GCF_016748085.1;protein_1149,GCF_002951975.1;protein_291,GCF_016755675.1;protein_1126,GCF_006337405.1;protein_286,GCF_007843715.1;protein_1286,GCF_002906495.1;protein_1144,GCF_022923775.1;protein_321,GCF_021184145.1;protein_541,GCF_022921935.1;protein_314,GCF_002952575.1;protein_291,GCF_002953555.1;protein_1143,GCF_019974055.1;protein_1332,GCF_030406585.1;protein_157,GCF_030323565.1;protein_1256,GCF_007844055.1;protein_415,GCF_002952595.1;protein_291,GCF_002952635.1;protein_293,GCF_002952535.1;protein_292,GCF_007794935.1;protein_290
GCF_021729605.1;protein_1125,GCF_016748085.1;protein_1150,GCF_002951975.1;protein_290,GCF_016755675.1;protein_1127,GCF_006337405.1;protein_285,GCF_007843715.1;protein_1287,GCF_002906495.1;protein_1145,GCF_022923775.1;protein_320,GCF_021184145.1;protein_542,GCF_022921935.1;protein_313,GCF_002952575.1;protein_290,GCF_002953555.1;protein_1144,GCF_019974055.1;protein_1333,GCF_030406585.1;protein_156,GCF_030323565.1;protein_1257,GCF_007844055.1;protein_414,GCF_002952595.1;protein_290,GCF_002952635.1;protein_292,GCF_002952535.1;protein_291,GCF_007794935.1;protein_289
GCF_021729605.1;protein_1126,GCF_016748085.1;protein_1151,GCF_002951975.1;protein_289,GCF_016755675.1;protein_1128,GCF_006337405.1;protein_284,GCF_007843715.1;protein_1288,GCF_002906495.1;protein_1146,GCF_022923775.1;protein_319,GCF_021184145.1;protein_543,GCF_022921935.1;protein_312,GCF_002952575.1;protein_289,GCF_002953555.1;protein_1145,GCF_019974055.1;protein_1334,GCF_030406585.1;protein_155,GCF_030323565.1;protein_1258,GCF_007844055.1;protein_413,GCF_002952595.1;protein_289,GCF_002952635.1;protein_291,GCF_002952535.1;protein_290,GCF_007794935.1;protein_288
GCF_021729605.1;protein_1128,GCF_016748085.1;protein_1153,GCF_002951975.1;protein_285,GCF_016755675.1;protein_1131,GCF_006337405.1;protein_282,GCF_007843715.1;protein_1291,GCF_002906495.1;protein_1148,GCF_022923775.1;protein_316,GCF_021184145.1;protein_546,GCF_022921935.1;protein_309,GCF_002952575.1;protein_285,GCF_002953555.1;protein_1147,GCF_019974055.1;protein_1337,GCF_030406585.1;protein_153,GCF_030323565.1;protein_1261,GCF_007844055.1;protein_411,GCF_002952595.1;protein_285,GCF_002952635.1;protein_287,GCF_002952535.1;protein_286,GCF_007794935.1;protein_284
GCF_021729605.1;protein_1129,GCF_016748085.1;protein_1154,GCF_002951975.1;protein_284,GCF_016755675.1;protein_1132,GCF_006337405.1;protein_281,GCF_007843715.1;protein_1292,GCF_002906495.1;protein_1149,GCF_022923775.1;protein_315,GCF_021184145.1;protein_547,GCF_022921935.1;protein_308,GCF_002952575.1;protein_284,GCF_002953555.1;protein_1148,GCF_019974055.1;protein_1338,GCF_030406585.1;protein_152,GCF_030323565.1;protein_1262,GCF_007844055.1;protein_410,GCF_002952595.1;protein_284,GCF_002952635.1;protein_286,GCF_002952535.1;protein_285,GCF_007794935.1;protein_283
GCF_021729605.1;protein_113,GCF_016748085.1;protein_115,GCF_002951975.1;protein_1320,GCF_016755675.1;protein_115,GCF_006337405.1;protein_1359,GCF_007843715.1;protein_310,GCF_002906495.1;protein_119,GCF_022923775.1;protein_1326,GCF_021184145.1;protein_1067,GCF_022921935.1;protein_1329,GCF_002952575.1;protein_1319,GCF_002953555.1;protein_120,GCF_019974055.1;protein_304,GCF_030406585.1;protein_1003,GCF_030323565.1;protein_266,GCF_007844055.1;protein_1337,GCF_002952595.1;protein_1319,GCF_002952635.1;protein_1324,GCF_002952535.1;protein_1323,GCF_007794935.1;protein_1318
GCF_021729605.1;protein_1130,GCF_016748085.1;protein_1155,GCF_002951975.1;protein_283,GCF_016755675.1;protein_1133,GCF_006337405.1;protein_280,GCF_007843715.1;protein_1293,GCF_002906495.1;protein_1150,GCF_022923775.1;protein_314,GCF_021184145.1;protein_548,GCF_022921935.1;protein_307,GCF_002952575.1;protein_283,GCF_002953555.1;protein_1149,GCF_019974055.1;protein_1339,GCF_030406585.1;protein_151,GCF_030323565.1;protein_1263,GCF_007844055.1;protein_409,GCF_002952595.1;protein_283,GCF_002952635.1;protein_285,GCF_002952535.1;protein_284,GCF_007794935.1;protein_282
GCF_021729605.1;protein_1131,GCF_016748085.1;protein_1156,GCF_002951975.1;protein_282,GCF_016755675.1;protein_1134,GCF_006337405.1;protein_279,GCF_007843715.1;protein_1294,GCF_002906495.1;protein_1151,GCF_022923775.1;protein_313,GCF_021184145.1;protein_549,GCF_022921935.1;protein_306,GCF_002952575.1;protein_282,GCF_002953555.1;protein_1150,GCF_019974055.1;protein_1340,GCF_030406585.1;protein_150,GCF_030323565.1;protein_1264,GCF_007844055.1;protein_408,GCF_002952595.1;protein_282,GCF_002952635.1;protein_284,GCF_002952535.1;protein_283,GCF_007794935.1;protein_281
GCF_021729605.1;protein_1132,GCF_016748085.1;protein_1157,GCF_002951975.1;protein_281,GCF_016755675.1;protein_1135,GCF_006337405.1;protein_278,GCF_007843715.1;protein_1295,GCF_002906495.1;protein_1152,GCF_022923775.1;protein_312,GCF_021184145.1;protein_550,GCF_022921935.1;protein_305,GCF_002952575.1;protein_281,GCF_002953555.1;protein_1151,GCF_019974055.1;protein_1341,GCF_030406585.1;protein_149,GCF_030323565.1;protein_1265,GCF_007844055.1;protein_407,GCF_002952595.1;protein_281,GCF_002952635.1;protein_283,GCF_002952535.1;protein_282,GCF_007794935.1;protein_280
GCF_021729605.1;protein_1133,GCF_016748085.1;protein_1158,GCF_002951975.1;protein_280,GCF_016755675.1;protein_1136,GCF_006337405.1;protein_277,GCF_007843715.1;protein_1296,GCF_002906495.1;protein_1153,GCF_022923775.1;protein_311,GCF_021184145.1;protein_551,GCF_022921935.1;protein_304,GCF_002952575.1;protein_280,GCF_002953555.1;protein_1152,GCF_019974055.1;protein_1342,GCF_030406585.1;protein_148,GCF_030323565.1;protein_1266,GCF_007844055.1;protein_406,GCF_002952595.1;protein_280,GCF_002952635.1;protein_282,GCF_002952535.1;protein_281,GCF_007794935.1;protein_279
GCF_021729605.1;protein_1134,GCF_016748085.1;protein_1159,GCF_002951975.1;protein_279,GCF_016755675.1;protein_1137,GCF_006337405.1;protein_276,GCF_007843715.1;protein_1297,GCF_002906495.1;protein_1154,GCF_022923775.1;protein_310,GCF_021184145.1;protein_552,GCF_022921935.1;protein_303,GCF_002952575.1;protein_279,GCF_002953555.1;protein_1153,GCF_019974055.1;protein_1343,GCF_030406585.1;protein_147,GCF_030323565.1;protein_1267,GCF_007844055.1;protein_405,GCF_002952595.1;protein_279,GCF_002952635.1;protein_281,GCF_002952535.1;protein_280,GCF_007794935.1;protein_278
GCF_021729605.1;protein_1135,GCF_016748085.1;protein_1160,GCF_002951975.1;protein_278,GCF_016755675.1;protein_1138,GCF_006337405.1;protein_275,GCF_007843715.1;protein_1298,GCF_002906495.1;protein_1155,GCF_022923775.1;protein_309,GCF_021184145.1;protein_553,GCF_022921935.1;protein_302,GCF_002952575.1;protein_278,GCF_002953555.1;protein_1154,GCF_019974055.1;protein_1344,GCF_030406585.1;protein_146,GCF_030323565.1;protein_1268,GCF_007844055.1;protein_404,GCF_002952595.1;protein_278,GCF_002952635.1;protein_280,GCF_002952535.1;protein_279,GCF_007794935.1;protein_277
GCF_021729605.1;protein_1136,GCF_016748085.1;protein_1161,GCF_002951975.1;protein_277,GCF_016755675.1;protein_1139,GCF_006337405.1;protein_274,GCF_007843715.1;protein_1299,GCF_002906495.1;protein_1156,GCF_022923775.1;protein_308,GCF_021184145.1;protein_554,GCF_022921935.1;protein_301,GCF_002952575.1;protein_277,GCF_002953555.1;protein_1155,GCF_019974055.1;protein_1345,GCF_030406585.1;protein_145,GCF_030323565.1;protein_1269,GCF_007844055.1;protein_403,GCF_002952595.1;protein_277,GCF_002952635.1;protein_279,GCF_002952535.1;protein_278,GCF_007794935.1;protein_276
GCF_021729605.1;protein_1138,GCF_016748085.1;protein_1163,GCF_002951975.1;protein_275,GCF_016755675.1;protein_1141,GCF_006337405.1;protein_272,GCF_007843715.1;protein_1301,GCF_002906495.1;protein_1159,GCF_022923775.1;protein_302,GCF_021184145.1;protein_556,GCF_022921935.1;protein_299,GCF_002952575.1;protein_275,GCF_002953555.1;protein_1158,GCF_019974055.1;protein_1348,GCF_030406585.1;protein_142,GCF_030323565.1;protein_1271,GCF_007844055.1;protein_400,GCF_002952595.1;protein_275,GCF_002952635.1;protein_277,GCF_002952535.1;protein_276,GCF_007794935.1;protein_274
GCF_021729605.1;protein_1139,GCF_016748085.1;protein_1164,GCF_002951975.1;protein_274,GCF_016755675.1;protein_1142,GCF_006337405.1;protein_271,GCF_007843715.1;protein_1302,GCF_002906495.1;protein_1160,GCF_022923775.1;protein_301,GCF_021184145.1;protein_557,GCF_022921935.1;protein_298,GCF_002952575.1;protein_274,GCF_002953555.1;protein_1159,GCF_019974055.1;protein_1349,GCF_030406585.1;protein_141,GCF_030323565.1;protein_1272,GCF_007844055.1;protein_399,GCF_002952595.1;protein_274,GCF_002952635.1;protein_276,GCF_002952535.1;protein_275,GCF_007794935.1;protein_273
GCF_021729605.1;protein_114,GCF_016748085.1;protein_116,GCF_002951975.1;protein_1319,GCF_016755675.1;protein_116,GCF_006337405.1;protein_1358,GCF_007843715.1;protein_311,GCF_002906495.1;protein_120,GCF_022923775.1;protein_1325,GCF_021184145.1;protein_1068,GCF_022921935.1;protein_1328,GCF_002952575.1;protein_1318,GCF_002953555.1;protein_121,GCF_019974055.1;protein_305,GCF_030406585.1;protein_1004,GCF_030323565.1;protein_267,GCF_007844055.1;protein_1336,GCF_002952595.1;protein_1318,GCF_002952635.1;protein_1323,GCF_002952535.1;protein_1322,GCF_007794935.1;protein_1317
GCF_021729605.1;protein_1140,GCF_016748085.1;protein_1165,GCF_002951975.1;protein_273,GCF_016755675.1;protein_1143,GCF_006337405.1;protein_270,GCF_007843715.1;protein_1303,GCF_002906495.1;protein_1161,GCF_022923775.1;protein_300,GCF_021184145.1;protein_558,GCF_022921935.1;protein_297,GCF_002952575.1;protein_273,GCF_002953555.1;protein_1160,GCF_019974055.1;protein_1350,GCF_030406585.1;protein_140,GCF_030323565.1;protein_1273,GCF_007844055.1;protein_398,GCF_002952595.1;protein_273,GCF_002952635.1;protein_275,GCF_002952535.1;protein_274,GCF_007794935.1;protein_272
GCF_021729605.1;protein_1142,GCF_016748085.1;protein_1168,GCF_002951975.1;protein_270,GCF_016755675.1;protein_1145,GCF_006337405.1;protein_267,GCF_007843715.1;protein_1305,GCF_002906495.1;protein_1164,GCF_022923775.1;protein_298,GCF_021184145.1;protein_560,GCF_022921935.1;protein_295,GCF_002952575.1;protein_270,GCF_002953555.1;protein_1163,GCF_019974055.1;protein_1353,GCF_030406585.1;protein_138,GCF_030323565.1;protein_1275,GCF_007844055.1;protein_395,GCF_002952595.1;protein_270,GCF_002952635.1;protein_272,GCF_002952535.1;protein_271,GCF_007794935.1;protein_269
GCF_021729605.1;protein_1143,GCF_016748085.1;protein_1169,GCF_002951975.1;protein_269,GCF_016755675.1;protein_1146,GCF_006337405.1;protein_266,GCF_007843715.1;protein_1306,GCF_002906495.1;protein_1165,GCF_022923775.1;protein_297,GCF_021184145.1;protein_561,GCF_022921935.1;protein_294,GCF_002952575.1;protein_269,GCF_002953555.1;protein_1164,GCF_019974055.1;protein_1354,GCF_030406585.1;protein_137,GCF_030323565.1;protein_1276,GCF_007844055.1;protein_394,GCF_002952595.1;protein_269,GCF_002952635.1;protein_271,GCF_002952535.1;protein_270,GCF_007794935.1;protein_268
GCF_021729605.1;protein_1144,GCF_016748085.1;protein_1170,GCF_002951975.1;protein_268,GCF_016755675.1;protein_1147,GCF_006337405.1;protein_265,GCF_007843715.1;protein_1307,GCF_002906495.1;protein_1166,GCF_022923775.1;protein_296,GCF_021184145.1;protein_562,GCF_022921935.1;protein_293,GCF_002952575.1;protein_268,GCF_002953555.1;protein_1165,GCF_019974055.1;protein_1355,GCF_030406585.1;protein_136,GCF_030323565.1;protein_1277,GCF_007844055.1;protein_393,GCF_002952595.1;protein_268,GCF_002952635.1;protein_270,GCF_002952535.1;protein_269,GCF_007794935.1;protein_267
GCF_021729605.1;protein_1145,GCF_016748085.1;protein_1171,GCF_002951975.1;protein_267,GCF_016755675.1;protein_1148,GCF_006337405.1;protein_264,GCF_007843715.1;protein_1308,GCF_002906495.1;protein_1167,GCF_022923775.1;protein_295,GCF_021184145.1;protein_563,GCF_022921935.1;protein_292,GCF_002952575.1;protein_267,GCF_002953555.1;protein_1166,GCF_019974055.1;protein_1356,GCF_030406585.1;protein_135,GCF_030323565.1;protein_1278,GCF_007844055.1;protein_392,GCF_002952595.1;protein_267,GCF_002952635.1;protein_269,GCF_002952535.1;protein_268,GCF_007794935.1;protein_266
GCF_021729605.1;protein_1146,GCF_016748085.1;protein_1172,GCF_002951975.1;protein_266,GCF_016755675.1;protein_1149,GCF_006337405.1;protein_263,GCF_007843715.1;protein_1309,GCF_002906495.1;protein_1168,GCF_022923775.1;protein_294,GCF_021184145.1;protein_564,GCF_022921935.1;protein_291,GCF_002952575.1;protein_266,GCF_002953555.1;protein_1167,GCF_019974055.1;protein_1357,GCF_030406585.1;protein_134,GCF_030323565.1;protein_1279,GCF_007844055.1;protein_391,GCF_002952595.1;protein_266,GCF_002952635.1;protein_268,GCF_002952535.1;protein_267,GCF_007794935.1;protein_265
GCF_021729605.1;protein_1147,GCF_016748085.1;protein_1173,GCF_002951975.1;protein_265,GCF_016755675.1;protein_1150,GCF_006337405.1;protein_262,GCF_007843715.1;protein_1310,GCF_002906495.1;protein_1169,GCF_022923775.1;protein_293,GCF_021184145.1;protein_565,GCF_022921935.1;protein_290,GCF_002952575.1;protein_265,GCF_002953555.1;protein_1168,GCF_019974055.1;protein_1358,GCF_030406585.1;protein_133,GCF_030323565.1;protein_1280,GCF_007844055.1;protein_390,GCF_002952595.1;protein_265,GCF_002952635.1;protein_267,GCF_002952535.1;protein_266,GCF_007794935.1;protein_264
GCF_021729605.1;protein_1148,GCF_016748085.1;protein_1174,GCF_002951975.1;protein_264,GCF_016755675.1;protein_1151,GCF_006337405.1;protein_261,GCF_007843715.1;protein_1311,GCF_002906495.1;protein_1170,GCF_022923775.1;protein_292,GCF_021184145.1;protein_566,GCF_022921935.1;protein_289,GCF_002952575.1;protein_264,GCF_002953555.1;protein_1169,GCF_019974055.1;protein_1359,GCF_030406585.1;protein_132,GCF_030323565.1;protein_1281,GCF_007844055.1;protein_389,GCF_002952595.1;protein_264,GCF_002952635.1;protein_266,GCF_002952535.1;protein_265,GCF_007794935.1;protein_263
GCF_021729605.1;protein_1149,GCF_016748085.1;protein_1175,GCF_002951975.1;protein_263,GCF_016755675.1;protein_1152,GCF_006337405.1;protein_260,GCF_007843715.1;protein_1312,GCF_002906495.1;protein_1171,GCF_022923775.1;protein_291,GCF_021184145.1;protein_567,GCF_022921935.1;protein_288,GCF_002952575.1;protein_263,GCF_002953555.1;protein_1170,GCF_019974055.1;protein_1360,GCF_030406585.1;protein_131,GCF_030323565.1;protein_1282,GCF_007844055.1;protein_388,GCF_002952595.1;protein_263,GCF_002952635.1;protein_265,GCF_002952535.1;protein_264,GCF_007794935.1;protein_262
GCF_021729605.1;protein_115,GCF_016748085.1;protein_117,GCF_002951975.1;protein_1318,GCF_016755675.1;protein_117,GCF_006337405.1;protein_1357,GCF_007843715.1;protein_312,GCF_002906495.1;protein_121,GCF_022923775.1;protein_1324,GCF_021184145.1;protein_1069,GCF_022921935.1;protein_1327,GCF_002952575.1;protein_1317,GCF_002953555.1;protein_122,GCF_019974055.1;protein_306,GCF_030406585.1;protein_1005,GCF_030323565.1;protein_268,GCF_007844055.1;protein_1335,GCF_002952595.1;protein_1317,GCF_002952635.1;protein_1322,GCF_002952535.1;protein_1321,GCF_007794935.1;protein_1316
GCF_021729605.1;protein_1150,GCF_016748085.1;protein_1176,GCF_002951975.1;protein_262,GCF_016755675.1;protein_1153,GCF_006337405.1;protein_259,GCF_007843715.1;protein_1313,GCF_002906495.1;protein_1172,GCF_022923775.1;protein_290,GCF_021184145.1;protein_568,GCF_022921935.1;protein_287,GCF_002952575.1;protein_262,GCF_002953555.1;protein_1171,GCF_019974055.1;protein_1361,GCF_030406585.1;protein_130,GCF_030323565.1;protein_1283,GCF_007844055.1;protein_387,GCF_002952595.1;protein_262,GCF_002952635.1;protein_264,GCF_002952535.1;protein_263,GCF_007794935.1;protein_261
GCF_021729605.1;protein_1151,GCF_016748085.1;protein_1177,GCF_002951975.1;protein_261,GCF_016755675.1;protein_1154,GCF_006337405.1;protein_258,GCF_007843715.1;protein_1314,GCF_002906495.1;protein_1173,GCF_022923775.1;protein_289,GCF_021184145.1;protein_569,GCF_022921935.1;protein_286,GCF_002952575.1;protein_261,GCF_002953555.1;protein_1172,GCF_019974055.1;protein_1362,GCF_030406585.1;protein_129,GCF_030323565.1;protein_1284,GCF_007844055.1;protein_386,GCF_002952595.1;protein_261,GCF_002952635.1;protein_263,GCF_002952535.1;protein_262,GCF_007794935.1;protein_260
GCF_021729605.1;protein_1152,GCF_016748085.1;protein_1178,GCF_002951975.1;protein_260,GCF_016755675.1;protein_1155,GCF_006337405.1;protein_257,GCF_007843715.1;protein_1315,GCF_002906495.1;protein_1174,GCF_022923775.1;protein_288,GCF_021184145.1;protein_570,GCF_022921935.1;protein_285,GCF_002952575.1;protein_260,GCF_002953555.1;protein_1173,GCF_019974055.1;protein_1363,GCF_030406585.1;protein_128,GCF_030323565.1;protein_1285,GCF_007844055.1;protein_385,GCF_002952595.1;protein_260,GCF_002952635.1;protein_262,GCF_002952535.1;protein_261,GCF_007794935.1;protein_259
GCF_021729605.1;protein_1153,GCF_016748085.1;protein_1179,GCF_002951975.1;protein_259,GCF_016755675.1;protein_1156,GCF_006337405.1;protein_256,GCF_007843715.1;protein_1316,GCF_002906495.1;protein_1175,GCF_022923775.1;protein_287,GCF_021184145.1;protein_571,GCF_022921935.1;protein_284,GCF_002952575.1;protein_259,GCF_002953555.1;protein_1174,GCF_019974055.1;protein_1364,GCF_030406585.1;protein_127,GCF_030323565.1;protein_1286,GCF_007844055.1;protein_384,GCF_002952595.1;protein_259,GCF_002952635.1;protein_261,GCF_002952535.1;protein_260,GCF_007794935.1;protein_258
GCF_021729605.1;protein_1154,GCF_016748085.1;protein_1180,GCF_002951975.1;protein_258,GCF_016755675.1;protein_1157,GCF_006337405.1;protein_255,GCF_007843715.1;protein_1317,GCF_002906495.1;protein_1176,GCF_022923775.1;protein_286,GCF_021184145.1;protein_572,GCF_022921935.1;protein_283,GCF_002952575.1;protein_258,GCF_002953555.1;protein_1175,GCF_019974055.1;protein_1365,GCF_030406585.1;protein_126,GCF_030323565.1;protein_1287,GCF_007844055.1;protein_383,GCF_002952595.1;protein_258,GCF_002952635.1;protein_260,GCF_002952535.1;protein_259,GCF_007794935.1;protein_257
GCF_021729605.1;protein_1155,GCF_016748085.1;protein_1181,GCF_002951975.1;protein_257,GCF_016755675.1;protein_1158,GCF_006337405.1;protein_254,GCF_007843715.1;protein_1318,GCF_002906495.1;protein_1177,GCF_022923775.1;protein_285,GCF_021184145.1;protein_573,GCF_022921935.1;protein_282,GCF_002952575.1;protein_257,GCF_002953555.1;protein_1176,GCF_019974055.1;protein_1366,GCF_030406585.1;protein_125,GCF_030323565.1;protein_1288,GCF_007844055.1;protein_382,GCF_002952595.1;protein_257,GCF_002952635.1;protein_259,GCF_002952535.1;protein_258,GCF_007794935.1;protein_256
GCF_021729605.1;protein_1156,GCF_016748085.1;protein_1182,GCF_002951975.1;protein_256,GCF_016755675.1;protein_1159,GCF_006337405.1;protein_253,GCF_007843715.1;protein_1319,GCF_002906495.1;protein_1178,GCF_022923775.1;protein_284,GCF_021184145.1;protein_574,GCF_022921935.1;protein_281,GCF_002952575.1;protein_256,GCF_002953555.1;protein_1177,GCF_019974055.1;protein_1367,GCF_030406585.1;protein_124,GCF_030323565.1;protein_1289,GCF_007844055.1;protein_381,GCF_002952595.1;protein_256,GCF_002952635.1;protein_258,GCF_002952535.1;protein_257,GCF_007794935.1;protein_255
GCF_021729605.1;protein_1158,GCF_016748085.1;protein_1184,GCF_002951975.1;protein_254,GCF_016755675.1;protein_1161,GCF_006337405.1;protein_251,GCF_007843715.1;protein_1321,GCF_002906495.1;protein_1180,GCF_022923775.1;protein_282,GCF_021184145.1;protein_576,GCF_022921935.1;protein_279,GCF_002952575.1;protein_254,GCF_002953555.1;protein_1179,GCF_019974055.1;protein_1369,GCF_030406585.1;protein_121,GCF_030323565.1;protein_1320,GCF_007844055.1;protein_379,GCF_002952595.1;protein_254,GCF_002952635.1;protein_256,GCF_002952535.1;protein_255,GCF_007794935.1;protein_253
GCF_021729605.1;protein_1159,GCF_016748085.1;protein_1185,GCF_002951975.1;protein_253,GCF_016755675.1;protein_1162,GCF_006337405.1;protein_250,GCF_007843715.1;protein_1322,GCF_002906495.1;protein_1182,GCF_022923775.1;protein_281,GCF_021184145.1;protein_577,GCF_022921935.1;protein_278,GCF_002952575.1;protein_253,GCF_002953555.1;protein_1181,GCF_019974055.1;protein_1370,GCF_030406585.1;protein_120,GCF_030323565.1;protein_1321,GCF_007844055.1;protein_378,GCF_002952595.1;protein_253,GCF_002952635.1;protein_255,GCF_002952535.1;protein_254,GCF_007794935.1;protein_252
GCF_021729605.1;protein_1160,GCF_016748085.1;protein_1187,GCF_002951975.1;protein_252,GCF_016755675.1;protein_1163,GCF_006337405.1;protein_249,GCF_007843715.1;protein_1323,GCF_002906495.1;protein_1183,GCF_022923775.1;protein_280,GCF_021184145.1;protein_578,GCF_022921935.1;protein_276,GCF_002952575.1;protein_252,GCF_002953555.1;protein_1182,GCF_019974055.1;protein_1371,GCF_030406585.1;protein_119,GCF_030323565.1;protein_1323,GCF_007844055.1;protein_377,GCF_002952595.1;protein_252,GCF_002952635.1;protein_254,GCF_002952535.1;protein_253,GCF_007794935.1;protein_251
GCF_021729605.1;protein_1161,GCF_016748085.1;protein_1188,GCF_002951975.1;protein_251,GCF_016755675.1;protein_1164,GCF_006337405.1;protein_248,GCF_007843715.1;protein_1324,GCF_002906495.1;protein_1184,GCF_022923775.1;protein_279,GCF_021184145.1;protein_579,GCF_022921935.1;protein_275,GCF_002952575.1;protein_251,GCF_002953555.1;protein_1183,GCF_019974055.1;protein_1372,GCF_030406585.1;protein_118,GCF_030323565.1;protein_1324,GCF_007844055.1;protein_376,GCF_002952595.1;protein_251,GCF_002952635.1;protein_253,GCF_002952535.1;protein_252,GCF_007794935.1;protein_250
GCF_021729605.1;protein_1162,GCF_016748085.1;protein_1189,GCF_002951975.1;protein_250,GCF_016755675.1;protein_1165,GCF_006337405.1;protein_247,GCF_007843715.1;protein_1325,GCF_002906495.1;protein_1185,GCF_022923775.1;protein_278,GCF_021184145.1;protein_580,GCF_022921935.1;protein_274,GCF_002952575.1;protein_250,GCF_002953555.1;protein_1184,GCF_019974055.1;protein_1373,GCF_030406585.1;protein_117,GCF_030323565.1;protein_1325,GCF_007844055.1;protein_375,GCF_002952595.1;protein_250,GCF_002952635.1;protein_252,GCF_002952535.1;protein_251,GCF_007794935.1;protein_249
GCF_021729605.1;protein_1163,GCF_016748085.1;protein_1190,GCF_002951975.1;protein_249,GCF_016755675.1;protein_1166,GCF_006337405.1;protein_246,GCF_007843715.1;protein_1326,GCF_002906495.1;protein_1186,GCF_022923775.1;protein_277,GCF_021184145.1;protein_581,GCF_022921935.1;protein_273,GCF_002952575.1;protein_249,GCF_002953555.1;protein_1185,GCF_019974055.1;protein_1374,GCF_030406585.1;protein_116,GCF_030323565.1;protein_1326,GCF_007844055.1;protein_374,GCF_002952595.1;protein_249,GCF_002952635.1;protein_251,GCF_002952535.1;protein_250,GCF_007794935.1;protein_248
GCF_021729605.1;protein_1164,GCF_016748085.1;protein_1191,GCF_002951975.1;protein_248,GCF_016755675.1;protein_1167,GCF_006337405.1;protein_245,GCF_007843715.1;protein_1327,GCF_002906495.1;protein_1187,GCF_022923775.1;protein_276,GCF_021184145.1;protein_582,GCF_022921935.1;protein_272,GCF_002952575.1;protein_248,GCF_002953555.1;protein_1186,GCF_019974055.1;protein_1375,GCF_030406585.1;protein_115,GCF_030323565.1;protein_1327,GCF_007844055.1;protein_373,GCF_002952595.1;protein_248,GCF_002952635.1;protein_250,GCF_002952535.1;protein_249,GCF_007794935.1;protein_247
GCF_021729605.1;protein_1165,GCF_016748085.1;protein_1192,GCF_002951975.1;protein_245,GCF_016755675.1;protein_1168,GCF_006337405.1;protein_242,GCF_007843715.1;protein_1328,GCF_002906495.1;protein_1188,GCF_022923775.1;protein_275,GCF_021184145.1;protein_583,GCF_022921935.1;protein_271,GCF_002952575.1;protein_245,GCF_002953555.1;protein_1187,GCF_019974055.1;protein_1379,GCF_030406585.1;protein_111,GCF_030323565.1;protein_1328,GCF_007844055.1;protein_372,GCF_002952595.1;protein_245,GCF_002952635.1;protein_247,GCF_002952535.1;protein_246,GCF_007794935.1;protein_244
GCF_021729605.1;protein_1166,GCF_016748085.1;protein_1193,GCF_002951975.1;protein_244,GCF_016755675.1;protein_1169,GCF_006337405.1;protein_241,GCF_007843715.1;protein_1329,GCF_002906495.1;protein_1189,GCF_022923775.1;protein_274,GCF_021184145.1;protein_584,GCF_022921935.1;protein_270,GCF_002952575.1;protein_244,GCF_002953555.1;protein_1188,GCF_019974055.1;protein_1380,GCF_030406585.1;protein_110,GCF_030323565.1;protein_1329,GCF_007844055.1;protein_371,GCF_002952595.1;protein_244,GCF_002952635.1;protein_246,GCF_002952535.1;protein_245,GCF_007794935.1;protein_243
GCF_021729605.1;protein_1167,GCF_016748085.1;protein_1194,GCF_002951975.1;protein_243,GCF_016755675.1;protein_1170,GCF_006337405.1;protein_240,GCF_007843715.1;protein_1330,GCF_002906495.1;protein_1190,GCF_022923775.1;protein_273,GCF_021184145.1;protein_585,GCF_022921935.1;protein_269,GCF_002952575.1;protein_243,GCF_002953555.1;protein_1189,GCF_019974055.1;protein_1381,GCF_030406585.1;protein_109,GCF_030323565.1;protein_1330,GCF_007844055.1;protein_370,GCF_002952595.1;protein_243,GCF_002952635.1;protein_245,GCF_002952535.1;protein_244,GCF_007794935.1;protein_242
GCF_021729605.1;protein_1168,GCF_016748085.1;protein_1195,GCF_002951975.1;protein_242,GCF_016755675.1;protein_1171,GCF_006337405.1;protein_239,GCF_007843715.1;protein_1331,GCF_002906495.1;protein_1191,GCF_022923775.1;protein_272,GCF_021184145.1;protein_586,GCF_022921935.1;protein_268,GCF_002952575.1;protein_242,GCF_002953555.1;protein_1190,GCF_019974055.1;protein_1382,GCF_030406585.1;protein_108,GCF_030323565.1;protein_1331,GCF_007844055.1;protein_369,GCF_002952595.1;protein_242,GCF_002952635.1;protein_244,GCF_002952535.1;protein_243,GCF_007794935.1;protein_241
GCF_021729605.1;protein_1169,GCF_016748085.1;protein_1196,GCF_002951975.1;protein_241,GCF_016755675.1;protein_1172,GCF_006337405.1;protein_238,GCF_007843715.1;protein_1332,GCF_002906495.1;protein_1192,GCF_022923775.1;protein_271,GCF_021184145.1;protein_587,GCF_022921935.1;protein_267,GCF_002952575.1;protein_241,GCF_002953555.1;protein_1191,GCF_019974055.1;protein_1383,GCF_030406585.1;protein_107,GCF_030323565.1;protein_1332,GCF_007844055.1;protein_368,GCF_002952595.1;protein_241,GCF_002952635.1;protein_243,GCF_002952535.1;protein_242,GCF_007794935.1;protein_240
GCF_021729605.1;protein_117,GCF_016748085.1;protein_119,GCF_002951975.1;protein_1316,GCF_016755675.1;protein_119,GCF_006337405.1;protein_1354,GCF_007843715.1;protein_314,GCF_002906495.1;protein_123,GCF_022923775.1;protein_1321,GCF_021184145.1;protein_1070,GCF_022921935.1;protein_1325,GCF_002952575.1;protein_1315,GCF_002953555.1;protein_124,GCF_019974055.1;protein_308,GCF_030406585.1;protein_1008,GCF_030323565.1;protein_270,GCF_007844055.1;protein_1333,GCF_002952595.1;protein_1315,GCF_002952635.1;protein_1320,GCF_002952535.1;protein_1319,GCF_007794935.1;protein_1314
GCF_021729605.1;protein_1170,GCF_016748085.1;protein_1197,GCF_002951975.1;protein_240,GCF_016755675.1;protein_1173,GCF_006337405.1;protein_237,GCF_007843715.1;protein_1333,GCF_002906495.1;protein_1193,GCF_022923775.1;protein_270,GCF_021184145.1;protein_588,GCF_022921935.1;protein_266,GCF_002952575.1;protein_240,GCF_002953555.1;protein_1192,GCF_019974055.1;protein_1384,GCF_030406585.1;protein_106,GCF_030323565.1;protein_1333,GCF_007844055.1;protein_367,GCF_002952595.1;protein_240,GCF_002952635.1;protein_242,GCF_002952535.1;protein_241,GCF_007794935.1;protein_239
GCF_021729605.1;protein_1171,GCF_016748085.1;protein_1198,GCF_002951975.1;protein_239,GCF_016755675.1;protein_1174,GCF_006337405.1;protein_236,GCF_007843715.1;protein_1334,GCF_002906495.1;protein_1194,GCF_022923775.1;protein_269,GCF_021184145.1;protein_589,GCF_022921935.1;protein_265,GCF_002952575.1;protein_239,GCF_002953555.1;protein_1193,GCF_019974055.1;protein_1385,GCF_030406585.1;protein_105,GCF_030323565.1;protein_1334,GCF_007844055.1;protein_366,GCF_002952595.1;protein_239,GCF_002952635.1;protein_241,GCF_002952535.1;protein_240,GCF_007794935.1;protein_238
GCF_021729605.1;protein_1172,GCF_016748085.1;protein_1199,GCF_002951975.1;protein_238,GCF_016755675.1;protein_1175,GCF_006337405.1;protein_235,GCF_007843715.1;protein_1335,GCF_002906495.1;protein_1195,GCF_022923775.1;protein_268,GCF_021184145.1;protein_590,GCF_022921935.1;protein_264,GCF_002952575.1;protein_238,GCF_002953555.1;protein_1194,GCF_019974055.1;protein_1386,GCF_030406585.1;protein_104,GCF_030323565.1;protein_1335,GCF_007844055.1;protein_365,GCF_002952595.1;protein_238,GCF_002952635.1;protein_240,GCF_002952535.1;protein_239,GCF_007794935.1;protein_237
GCF_021729605.1;protein_1173,GCF_016748085.1;protein_1200,GCF_002951975.1;protein_237,GCF_016755675.1;protein_1176,GCF_006337405.1;protein_234,GCF_007843715.1;protein_1336,GCF_002906495.1;protein_1196,GCF_022923775.1;protein_267,GCF_021184145.1;protein_591,GCF_022921935.1;protein_263,GCF_002952575.1;protein_237,GCF_002953555.1;protein_1195,GCF_019974055.1;protein_1387,GCF_030406585.1;protein_103,GCF_030323565.1;protein_1336,GCF_007844055.1;protein_364,GCF_002952595.1;protein_237,GCF_002952635.1;protein_239,GCF_002952535.1;protein_238,GCF_007794935.1;protein_236
GCF_021729605.1;protein_1174,GCF_016748085.1;protein_1201,GCF_002951975.1;protein_236,GCF_016755675.1;protein_1177,GCF_006337405.1;protein_233,GCF_007843715.1;protein_1337,GCF_002906495.1;protein_1197,GCF_022923775.1;protein_266,GCF_021184145.1;protein_592,GCF_022921935.1;protein_262,GCF_002952575.1;protein_236,GCF_002953555.1;protein_1196,GCF_019974055.1;protein_1388,GCF_030406585.1;protein_102,GCF_030323565.1;protein_1337,GCF_007844055.1;protein_363,GCF_002952595.1;protein_236,GCF_002952635.1;protein_238,GCF_002952535.1;protein_237,GCF_007794935.1;protein_235
GCF_021729605.1;protein_1175,GCF_016748085.1;protein_1202,GCF_002951975.1;protein_235,GCF_016755675.1;protein_1178,GCF_006337405.1;protein_232,GCF_007843715.1;protein_1338,GCF_002906495.1;protein_1198,GCF_022923775.1;protein_265,GCF_021184145.1;protein_593,GCF_022921935.1;protein_261,GCF_002952575.1;protein_235,GCF_002953555.1;protein_1197,GCF_019974055.1;protein_1389,GCF_030406585.1;protein_101,GCF_030323565.1;protein_1338,GCF_007844055.1;protein_362,GCF_002952595.1;protein_235,GCF_002952635.1;protein_237,GCF_002952535.1;protein_236,GCF_007794935.1;protein_234
GCF_021729605.1;protein_1176,GCF_016748085.1;protein_1203,GCF_002951975.1;protein_234,GCF_016755675.1;protein_1179,GCF_006337405.1;protein_231,GCF_007843715.1;protein_1339,GCF_002906495.1;protein_1199,GCF_022923775.1;protein_264,GCF_021184145.1;protein_594,GCF_022921935.1;protein_260,GCF_002952575.1;protein_234,GCF_002953555.1;protein_1198,GCF_019974055.1;protein_1390,GCF_030406585.1;protein_100,GCF_030323565.1;protein_1339,GCF_007844055.1;protein_361,GCF_002952595.1;protein_234,GCF_002952635.1;protein_236,GCF_002952535.1;protein_235,GCF_007794935.1;protein_233
GCF_021729605.1;protein_1177,GCF_016748085.1;protein_1204,GCF_002951975.1;protein_233,GCF_016755675.1;protein_1180,GCF_006337405.1;protein_230,GCF_007843715.1;protein_1340,GCF_002906495.1;protein_1200,GCF_022923775.1;protein_263,GCF_021184145.1;protein_595,GCF_022921935.1;protein_259,GCF_002952575.1;protein_233,GCF_002953555.1;protein_1199,GCF_019974055.1;protein_1391,GCF_030406585.1;protein_99,GCF_030323565.1;protein_1340,GCF_007844055.1;protein_360,GCF_002952595.1;protein_233,GCF_002952635.1;protein_235,GCF_002952535.1;protein_234,GCF_007794935.1;protein_232
GCF_021729605.1;protein_1178,GCF_016748085.1;protein_1205,GCF_002951975.1;protein_232,GCF_016755675.1;protein_1181,GCF_006337405.1;protein_229,GCF_007843715.1;protein_1341,GCF_002906495.1;protein_1201,GCF_022923775.1;protein_262,GCF_021184145.1;protein_596,GCF_022921935.1;protein_258,GCF_002952575.1;protein_232,GCF_002953555.1;protein_1200,GCF_019974055.1;protein_1392,GCF_030406585.1;protein_98,GCF_030323565.1;protein_1341,GCF_007844055.1;protein_359,GCF_002952595.1;protein_232,GCF_002952635.1;protein_234,GCF_002952535.1;protein_233,GCF_007794935.1;protein_231
GCF_021729605.1;protein_118,GCF_016748085.1;protein_120,GCF_002951975.1;protein_1315,GCF_016755675.1;protein_121,GCF_006337405.1;protein_1353,GCF_007843715.1;protein_315,GCF_002906495.1;protein_124,GCF_022923775.1;protein_1320,GCF_021184145.1;protein_1071,GCF_022921935.1;protein_1324,GCF_002952575.1;protein_1314,GCF_002953555.1;protein_125,GCF_019974055.1;protein_309,GCF_030406585.1;protein_1009,GCF_030323565.1;protein_271,GCF_007844055.1;protein_1332,GCF_002952595.1;protein_1314,GCF_002952635.1;protein_1319,GCF_002952535.1;protein_1318,GCF_007794935.1;protein_1313
GCF_021729605.1;protein_1180,GCF_016748085.1;protein_1207,GCF_002951975.1;protein_230,GCF_016755675.1;protein_1183,GCF_006337405.1;protein_228,GCF_007843715.1;protein_1343,GCF_002906495.1;protein_1203,GCF_022923775.1;protein_260,GCF_021184145.1;protein_598,GCF_022921935.1;protein_256,GCF_002952575.1;protein_230,GCF_002953555.1;protein_1202,GCF_019974055.1;protein_1394,GCF_030406585.1;protein_96,GCF_030323565.1;protein_1343,GCF_007844055.1;protein_358,GCF_002952595.1;protein_230,GCF_002952635.1;protein_232,GCF_002952535.1;protein_231,GCF_007794935.1;protein_229
GCF_021729605.1;protein_1181,GCF_016748085.1;protein_1208,GCF_002951975.1;protein_229,GCF_016755675.1;protein_1184,GCF_006337405.1;protein_227,GCF_007843715.1;protein_1344,GCF_002906495.1;protein_1204,GCF_022923775.1;protein_259,GCF_021184145.1;protein_599,GCF_022921935.1;protein_255,GCF_002952575.1;protein_229,GCF_002953555.1;protein_1203,GCF_019974055.1;protein_1395,GCF_030406585.1;protein_95,GCF_030323565.1;protein_1344,GCF_007844055.1;protein_357,GCF_002952595.1;protein_229,GCF_002952635.1;protein_231,GCF_002952535.1;protein_230,GCF_007794935.1;protein_228
GCF_021729605.1;protein_1182,GCF_016748085.1;protein_1209,GCF_002951975.1;protein_228,GCF_016755675.1;protein_1185,GCF_006337405.1;protein_226,GCF_007843715.1;protein_1345,GCF_002906495.1;protein_1205,GCF_022923775.1;protein_258,GCF_021184145.1;protein_600,GCF_022921935.1;protein_254,GCF_002952575.1;protein_228,GCF_002953555.1;protein_1204,GCF_019974055.1;protein_1396,GCF_030406585.1;protein_94,GCF_030323565.1;protein_1345,GCF_007844055.1;protein_356,GCF_002952595.1;protein_228,GCF_002952635.1;protein_230,GCF_002952535.1;protein_229,GCF_007794935.1;protein_227
GCF_021729605.1;protein_1183,GCF_016748085.1;protein_1210,GCF_002951975.1;protein_227,GCF_016755675.1;protein_1186,GCF_006337405.1;protein_225,GCF_007843715.1;protein_1346,GCF_002906495.1;protein_1206,GCF_022923775.1;protein_257,GCF_021184145.1;protein_601,GCF_022921935.1;protein_253,GCF_002952575.1;protein_227,GCF_002953555.1;protein_1205,GCF_019974055.1;protein_1397,GCF_030406585.1;protein_93,GCF_030323565.1;protein_1346,GCF_007844055.1;protein_355,GCF_002952595.1;protein_227,GCF_002952635.1;protein_229,GCF_002952535.1;protein_228,GCF_007794935.1;protein_226
GCF_021729605.1;protein_1184,GCF_016748085.1;protein_1211,GCF_002951975.1;protein_226,GCF_016755675.1;protein_1187,GCF_006337405.1;protein_224,GCF_007843715.1;protein_1347,GCF_002906495.1;protein_1207,GCF_022923775.1;protein_256,GCF_021184145.1;protein_602,GCF_022921935.1;protein_252,GCF_002952575.1;protein_226,GCF_002953555.1;protein_1206,GCF_019974055.1;protein_1398,GCF_030406585.1;protein_926,GCF_030323565.1;protein_1347,GCF_007844055.1;protein_354,GCF_002952595.1;protein_226,GCF_002952635.1;protein_228,GCF_002952535.1;protein_227,GCF_007794935.1;protein_225
GCF_021729605.1;protein_1187,GCF_016748085.1;protein_1213,GCF_002951975.1;protein_224,GCF_016755675.1;protein_1189,GCF_006337405.1;protein_222,GCF_007843715.1;protein_1350,GCF_002906495.1;protein_1209,GCF_022923775.1;protein_254,GCF_021184145.1;protein_605,GCF_022921935.1;protein_250,GCF_002952575.1;protein_224,GCF_002953555.1;protein_1208,GCF_019974055.1;protein_1401,GCF_030406585.1;protein_924,GCF_030323565.1;protein_1350,GCF_007844055.1;protein_352,GCF_002952595.1;protein_224,GCF_002952635.1;protein_226,GCF_002952535.1;protein_225,GCF_007794935.1;protein_223
GCF_021729605.1;protein_1188,GCF_016748085.1;protein_1214,GCF_002951975.1;protein_223,GCF_016755675.1;protein_1190,GCF_006337405.1;protein_221,GCF_007843715.1;protein_1351,GCF_002906495.1;protein_1210,GCF_022923775.1;protein_253,GCF_021184145.1;protein_606,GCF_022921935.1;protein_249,GCF_002952575.1;protein_223,GCF_002953555.1;protein_1209,GCF_019974055.1;protein_1402,GCF_030406585.1;protein_923,GCF_030323565.1;protein_1351,GCF_007844055.1;protein_351,GCF_002952595.1;protein_223,GCF_002952635.1;protein_225,GCF_002952535.1;protein_224,GCF_007794935.1;protein_222
GCF_021729605.1;protein_1189,GCF_016748085.1;protein_1215,GCF_002951975.1;protein_222,GCF_016755675.1;protein_1191,GCF_006337405.1;protein_220,GCF_007843715.1;protein_1352,GCF_002906495.1;protein_1211,GCF_022923775.1;protein_252,GCF_021184145.1;protein_607,GCF_022921935.1;protein_248,GCF_002952575.1;protein_222,GCF_002953555.1;protein_1210,GCF_019974055.1;protein_1403,GCF_030406585.1;protein_922,GCF_030323565.1;protein_1352,GCF_007844055.1;protein_350,GCF_002952595.1;protein_222,GCF_002952635.1;protein_224,GCF_002952535.1;protein_223,GCF_007794935.1;protein_221
GCF_021729605.1;protein_119,GCF_016748085.1;protein_121,GCF_002951975.1;protein_1314,GCF_016755675.1;protein_122,GCF_006337405.1;protein_1352,GCF_007843715.1;protein_316,GCF_002906495.1;protein_125,GCF_022923775.1;protein_1319,GCF_021184145.1;protein_1072,GCF_022921935.1;protein_1323,GCF_002952575.1;protein_1313,GCF_002953555.1;protein_126,GCF_019974055.1;protein_310,GCF_030406585.1;protein_1010,GCF_030323565.1;protein_272,GCF_007844055.1;protein_1331,GCF_002952595.1;protein_1313,GCF_002952635.1;protein_1318,GCF_002952535.1;protein_1317,GCF_007794935.1;protein_1312
GCF_021729605.1;protein_1193,GCF_016748085.1;protein_1217,GCF_002951975.1;protein_220,GCF_016755675.1;protein_1193,GCF_006337405.1;protein_218,GCF_007843715.1;protein_1354,GCF_002906495.1;protein_1213,GCF_022923775.1;protein_250,GCF_021184145.1;protein_609,GCF_022921935.1;protein_246,GCF_002952575.1;protein_220,GCF_002953555.1;protein_1212,GCF_019974055.1;protein_1405,GCF_030406585.1;protein_1193,GCF_030323565.1;protein_1354,GCF_007844055.1;protein_347,GCF_002952595.1;protein_220,GCF_002952635.1;protein_222,GCF_002952535.1;protein_221,GCF_007794935.1;protein_219
GCF_021729605.1;protein_1194,GCF_016748085.1;protein_1218,GCF_002951975.1;protein_219,GCF_016755675.1;protein_1194,GCF_006337405.1;protein_217,GCF_007843715.1;protein_1355,GCF_002906495.1;protein_1214,GCF_022923775.1;protein_249,GCF_021184145.1;protein_610,GCF_022921935.1;protein_245,GCF_002952575.1;protein_219,GCF_002953555.1;protein_1213,GCF_019974055.1;protein_1406,GCF_030406585.1;protein_1194,GCF_030323565.1;protein_1355,GCF_007844055.1;protein_346,GCF_002952595.1;protein_219,GCF_002952635.1;protein_221,GCF_002952535.1;protein_220,GCF_007794935.1;protein_218
GCF_021729605.1;protein_1195,GCF_016748085.1;protein_1219,GCF_002951975.1;protein_218,GCF_016755675.1;protein_1195,GCF_006337405.1;protein_216,GCF_007843715.1;protein_1356,GCF_002906495.1;protein_1215,GCF_022923775.1;protein_248,GCF_021184145.1;protein_611,GCF_022921935.1;protein_244,GCF_002952575.1;protein_218,GCF_002953555.1;protein_1214,GCF_019974055.1;protein_1407,GCF_030406585.1;protein_1195,GCF_030323565.1;protein_1356,GCF_007844055.1;protein_345,GCF_002952595.1;protein_218,GCF_002952635.1;protein_220,GCF_002952535.1;protein_219,GCF_007794935.1;protein_217
GCF_021729605.1;protein_1196,GCF_016748085.1;protein_1220,GCF_002951975.1;protein_217,GCF_016755675.1;protein_1196,GCF_006337405.1;protein_215,GCF_007843715.1;protein_1358,GCF_002906495.1;protein_1216,GCF_022923775.1;protein_247,GCF_021184145.1;protein_612,GCF_022921935.1;protein_243,GCF_002952575.1;protein_217,GCF_002953555.1;protein_1215,GCF_019974055.1;protein_1408,GCF_030406585.1;protein_1196,GCF_030323565.1;protein_1357,GCF_007844055.1;protein_344,GCF_002952595.1;protein_217,GCF_002952635.1;protein_219,GCF_002952535.1;protein_218,GCF_007794935.1;protein_216
GCF_021729605.1;protein_1197,GCF_016748085.1;protein_1221,GCF_002951975.1;protein_216,GCF_016755675.1;protein_1197,GCF_006337405.1;protein_214,GCF_007843715.1;protein_1359,GCF_002906495.1;protein_1217,GCF_022923775.1;protein_246,GCF_021184145.1;protein_613,GCF_022921935.1;protein_242,GCF_002952575.1;protein_216,GCF_002953555.1;protein_1216,GCF_019974055.1;protein_1409,GCF_030406585.1;protein_1197,GCF_030323565.1;protein_1358,GCF_007844055.1;protein_343,GCF_002952595.1;protein_216,GCF_002952635.1;protein_218,GCF_002952535.1;protein_217,GCF_007794935.1;protein_215
GCF_021729605.1;protein_1198,GCF_016748085.1;protein_1222,GCF_002951975.1;protein_215,GCF_016755675.1;protein_1198,GCF_006337405.1;protein_213,GCF_007843715.1;protein_1360,GCF_002906495.1;protein_1218,GCF_022923775.1;protein_245,GCF_021184145.1;protein_614,GCF_022921935.1;protein_241,GCF_002952575.1;protein_215,GCF_002953555.1;protein_1217,GCF_019974055.1;protein_1410,GCF_030406585.1;protein_1198,GCF_030323565.1;protein_1359,GCF_007844055.1;protein_342,GCF_002952595.1;protein_215,GCF_002952635.1;protein_217,GCF_002952535.1;protein_216,GCF_007794935.1;protein_214
GCF_021729605.1;protein_1199,GCF_016748085.1;protein_1223,GCF_002951975.1;protein_214,GCF_016755675.1;protein_1199,GCF_006337405.1;protein_212,GCF_007843715.1;protein_1361,GCF_002906495.1;protein_1219,GCF_022923775.1;protein_244,GCF_021184145.1;protein_615,GCF_022921935.1;protein_240,GCF_002952575.1;protein_214,GCF_002953555.1;protein_1218,GCF_019974055.1;protein_1411,GCF_030406585.1;protein_1199,GCF_030323565.1;protein_1360,GCF_007844055.1;protein_341,GCF_002952595.1;protein_214,GCF_002952635.1;protein_216,GCF_002952535.1;protein_215,GCF_007794935.1;protein_213
GCF_021729605.1;protein_12,GCF_016748085.1;protein_11,GCF_002951975.1;protein_1469,GCF_016755675.1;protein_11,GCF_006337405.1;protein_1506,GCF_007843715.1;protein_205,GCF_002906495.1;protein_12,GCF_022923775.1;protein_1449,GCF_021184145.1;protein_960,GCF_022921935.1;protein_1441,GCF_002952575.1;protein_1468,GCF_002953555.1;protein_12,GCF_019974055.1;protein_168,GCF_030406585.1;protein_12,GCF_030323565.1;protein_158,GCF_007844055.1;protein_158,GCF_002952595.1;protein_1468,GCF_002952635.1;protein_1473,GCF_002952535.1;protein_1472,GCF_007794935.1;protein_1469
GCF_021729605.1;protein_120,GCF_016748085.1;protein_122,GCF_002951975.1;protein_1313,GCF_016755675.1;protein_123,GCF_006337405.1;protein_1351,GCF_007843715.1;protein_317,GCF_002906495.1;protein_126,GCF_022923775.1;protein_1318,GCF_021184145.1;protein_1073,GCF_022921935.1;protein_1322,GCF_002952575.1;protein_1312,GCF_002953555.1;protein_127,GCF_019974055.1;protein_311,GCF_030406585.1;protein_1011,GCF_030323565.1;protein_273,GCF_007844055.1;protein_1330,GCF_002952595.1;protein_1312,GCF_002952635.1;protein_1317,GCF_002952535.1;protein_1316,GCF_007794935.1;protein_1311
GCF_021729605.1;protein_1200,GCF_016748085.1;protein_1224,GCF_002951975.1;protein_213,GCF_016755675.1;protein_1200,GCF_006337405.1;protein_211,GCF_007843715.1;protein_1362,GCF_002906495.1;protein_1220,GCF_022923775.1;protein_243,GCF_021184145.1;protein_616,GCF_022921935.1;protein_239,GCF_002952575.1;protein_213,GCF_002953555.1;protein_1219,GCF_019974055.1;protein_1412,GCF_030406585.1;protein_1200,GCF_030323565.1;protein_1361,GCF_007844055.1;protein_340,GCF_002952595.1;protein_213,GCF_002952635.1;protein_215,GCF_002952535.1;protein_214,GCF_007794935.1;protein_212
GCF_021729605.1;protein_1201,GCF_016748085.1;protein_1225,GCF_002951975.1;protein_212,GCF_016755675.1;protein_1201,GCF_006337405.1;protein_210,GCF_007843715.1;protein_1363,GCF_002906495.1;protein_1221,GCF_022923775.1;protein_242,GCF_021184145.1;protein_617,GCF_022921935.1;protein_238,GCF_002952575.1;protein_212,GCF_002953555.1;protein_1220,GCF_019974055.1;protein_1413,GCF_030406585.1;protein_1201,GCF_030323565.1;protein_1362,GCF_007844055.1;protein_339,GCF_002952595.1;protein_212,GCF_002952635.1;protein_214,GCF_002952535.1;protein_213,GCF_007794935.1;protein_211
GCF_021729605.1;protein_1202,GCF_016748085.1;protein_1226,GCF_002951975.1;protein_211,GCF_016755675.1;protein_1202,GCF_006337405.1;protein_209,GCF_007843715.1;protein_1364,GCF_002906495.1;protein_1222,GCF_022923775.1;protein_241,GCF_021184145.1;protein_618,GCF_022921935.1;protein_237,GCF_002952575.1;protein_211,GCF_002953555.1;protein_1221,GCF_019974055.1;protein_1414,GCF_030406585.1;protein_1202,GCF_030323565.1;protein_1363,GCF_007844055.1;protein_338,GCF_002952595.1;protein_211,GCF_002952635.1;protein_213,GCF_002952535.1;protein_212,GCF_007794935.1;protein_210
GCF_021729605.1;protein_1203,GCF_016748085.1;protein_1227,GCF_002951975.1;protein_210,GCF_016755675.1;protein_1203,GCF_006337405.1;protein_208,GCF_007843715.1;protein_1365,GCF_002906495.1;protein_1223,GCF_022923775.1;protein_240,GCF_021184145.1;protein_619,GCF_022921935.1;protein_236,GCF_002952575.1;protein_210,GCF_002953555.1;protein_1222,GCF_019974055.1;protein_1415,GCF_030406585.1;protein_1203,GCF_030323565.1;protein_1364,GCF_007844055.1;protein_337,GCF_002952595.1;protein_210,GCF_002952635.1;protein_212,GCF_002952535.1;protein_211,GCF_007794935.1;protein_209
GCF_021729605.1;protein_1204,GCF_016748085.1;protein_1228,GCF_002951975.1;protein_209,GCF_016755675.1;protein_1204,GCF_006337405.1;protein_207,GCF_007843715.1;protein_1366,GCF_002906495.1;protein_1224,GCF_022923775.1;protein_239,GCF_021184145.1;protein_620,GCF_022921935.1;protein_235,GCF_002952575.1;protein_209,GCF_002953555.1;protein_1223,GCF_019974055.1;protein_1416,GCF_030406585.1;protein_1204,GCF_030323565.1;protein_1365,GCF_007844055.1;protein_336,GCF_002952595.1;protein_209,GCF_002952635.1;protein_211,GCF_002952535.1;protein_210,GCF_007794935.1;protein_208
GCF_021729605.1;protein_1205,GCF_016748085.1;protein_1229,GCF_002951975.1;protein_208,GCF_016755675.1;protein_1205,GCF_006337405.1;protein_206,GCF_007843715.1;protein_1367,GCF_002906495.1;protein_1225,GCF_022923775.1;protein_238,GCF_021184145.1;protein_621,GCF_022921935.1;protein_234,GCF_002952575.1;protein_208,GCF_002953555.1;protein_1224,GCF_019974055.1;protein_1417,GCF_030406585.1;protein_1205,GCF_030323565.1;protein_1366,GCF_007844055.1;protein_335,GCF_002952595.1;protein_208,GCF_002952635.1;protein_210,GCF_002952535.1;protein_209,GCF_007794935.1;protein_207
GCF_021729605.1;protein_1206,GCF_016748085.1;protein_1230,GCF_002951975.1;protein_207,GCF_016755675.1;protein_1206,GCF_006337405.1;protein_205,GCF_007843715.1;protein_1368,GCF_002906495.1;protein_1226,GCF_022923775.1;protein_237,GCF_021184145.1;protein_622,GCF_022921935.1;protein_233,GCF_002952575.1;protein_207,GCF_002953555.1;protein_1225,GCF_019974055.1;protein_1418,GCF_030406585.1;protein_1206,GCF_030323565.1;protein_1367,GCF_007844055.1;protein_334,GCF_002952595.1;protein_207,GCF_002952635.1;protein_209,GCF_002952535.1;protein_208,GCF_007794935.1;protein_206
GCF_021729605.1;protein_1207,GCF_016748085.1;protein_1231,GCF_002951975.1;protein_206,GCF_016755675.1;protein_1207,GCF_006337405.1;protein_204,GCF_007843715.1;protein_1369,GCF_002906495.1;protein_1227,GCF_022923775.1;protein_236,GCF_021184145.1;protein_623,GCF_022921935.1;protein_232,GCF_002952575.1;protein_206,GCF_002953555.1;protein_1226,GCF_019974055.1;protein_1419,GCF_030406585.1;protein_1207,GCF_030323565.1;protein_1368,GCF_007844055.1;protein_333,GCF_002952595.1;protein_206,GCF_002952635.1;protein_208,GCF_002952535.1;protein_207,GCF_007794935.1;protein_205
GCF_021729605.1;protein_1208,GCF_016748085.1;protein_1232,GCF_002951975.1;protein_205,GCF_016755675.1;protein_1208,GCF_006337405.1;protein_203,GCF_007843715.1;protein_1370,GCF_002906495.1;protein_1228,GCF_022923775.1;protein_235,GCF_021184145.1;protein_624,GCF_022921935.1;protein_231,GCF_002952575.1;protein_205,GCF_002953555.1;protein_1227,GCF_019974055.1;protein_1420,GCF_030406585.1;protein_1208,GCF_030323565.1;protein_1369,GCF_007844055.1;protein_332,GCF_002952595.1;protein_205,GCF_002952635.1;protein_207,GCF_002952535.1;protein_206,GCF_007794935.1;protein_204
GCF_021729605.1;protein_1209,GCF_016748085.1;protein_1233,GCF_002951975.1;protein_204,GCF_016755675.1;protein_1209,GCF_006337405.1;protein_202,GCF_007843715.1;protein_1371,GCF_002906495.1;protein_1229,GCF_022923775.1;protein_234,GCF_021184145.1;protein_625,GCF_022921935.1;protein_230,GCF_002952575.1;protein_204,GCF_002953555.1;protein_1228,GCF_019974055.1;protein_1421,GCF_030406585.1;protein_1209,GCF_030323565.1;protein_1370,GCF_007844055.1;protein_331,GCF_002952595.1;protein_204,GCF_002952635.1;protein_206,GCF_002952535.1;protein_205,GCF_007794935.1;protein_203
GCF_021729605.1;protein_121,GCF_016748085.1;protein_123,GCF_002951975.1;protein_1312,GCF_016755675.1;protein_124,GCF_006337405.1;protein_1350,GCF_007843715.1;protein_318,GCF_002906495.1;protein_127,GCF_022923775.1;protein_1317,GCF_021184145.1;protein_1074,GCF_022921935.1;protein_1321,GCF_002952575.1;protein_1311,GCF_002953555.1;protein_128,GCF_019974055.1;protein_312,GCF_030406585.1;protein_1012,GCF_030323565.1;protein_274,GCF_007844055.1;protein_1329,GCF_002952595.1;protein_1311,GCF_002952635.1;protein_1316,GCF_002952535.1;protein_1315,GCF_007794935.1;protein_1310
GCF_021729605.1;protein_1210,GCF_016748085.1;protein_1234,GCF_002951975.1;protein_203,GCF_016755675.1;protein_1210,GCF_006337405.1;protein_201,GCF_007843715.1;protein_1372,GCF_002906495.1;protein_1230,GCF_022923775.1;protein_233,GCF_021184145.1;protein_626,GCF_022921935.1;protein_229,GCF_002952575.1;protein_203,GCF_002953555.1;protein_1229,GCF_019974055.1;protein_1422,GCF_030406585.1;protein_1210,GCF_030323565.1;protein_1371,GCF_007844055.1;protein_330,GCF_002952595.1;protein_203,GCF_002952635.1;protein_205,GCF_002952535.1;protein_204,GCF_007794935.1;protein_202
GCF_021729605.1;protein_1211,GCF_016748085.1;protein_1235,GCF_002951975.1;protein_202,GCF_016755675.1;protein_1211,GCF_006337405.1;protein_200,GCF_007843715.1;protein_1373,GCF_002906495.1;protein_1231,GCF_022923775.1;protein_232,GCF_021184145.1;protein_627,GCF_022921935.1;protein_228,GCF_002952575.1;protein_202,GCF_002953555.1;protein_1230,GCF_019974055.1;protein_1423,GCF_030406585.1;protein_1211,GCF_030323565.1;protein_1372,GCF_007844055.1;protein_329,GCF_002952595.1;protein_202,GCF_002952635.1;protein_204,GCF_002952535.1;protein_203,GCF_007794935.1;protein_201
GCF_021729605.1;protein_1212,GCF_016748085.1;protein_1236,GCF_002951975.1;protein_201,GCF_016755675.1;protein_1212,GCF_006337405.1;protein_199,GCF_007843715.1;protein_1374,GCF_002906495.1;protein_1232,GCF_022923775.1;protein_231,GCF_021184145.1;protein_628,GCF_022921935.1;protein_227,GCF_002952575.1;protein_201,GCF_002953555.1;protein_1231,GCF_019974055.1;protein_1424,GCF_030406585.1;protein_1212,GCF_030323565.1;protein_1373,GCF_007844055.1;protein_328,GCF_002952595.1;protein_201,GCF_002952635.1;protein_203,GCF_002952535.1;protein_202,GCF_007794935.1;protein_200
GCF_021729605.1;protein_1213,GCF_016748085.1;protein_1237,GCF_002951975.1;protein_200,GCF_016755675.1;protein_1213,GCF_006337405.1;protein_198,GCF_007843715.1;protein_1375,GCF_002906495.1;protein_1233,GCF_022923775.1;protein_230,GCF_021184145.1;protein_629,GCF_022921935.1;protein_226,GCF_002952575.1;protein_200,GCF_002953555.1;protein_1232,GCF_019974055.1;protein_1425,GCF_030406585.1;protein_1213,GCF_030323565.1;protein_1374,GCF_007844055.1;protein_327,GCF_002952595.1;protein_200,GCF_002952635.1;protein_202,GCF_002952535.1;protein_201,GCF_007794935.1;protein_199
GCF_021729605.1;protein_1214,GCF_016748085.1;protein_1238,GCF_002951975.1;protein_199,GCF_016755675.1;protein_1214,GCF_006337405.1;protein_197,GCF_007843715.1;protein_1376,GCF_002906495.1;protein_1234,GCF_022923775.1;protein_229,GCF_021184145.1;protein_630,GCF_022921935.1;protein_225,GCF_002952575.1;protein_199,GCF_002953555.1;protein_1233,GCF_019974055.1;protein_1426,GCF_030406585.1;protein_1214,GCF_030323565.1;protein_1375,GCF_007844055.1;protein_326,GCF_002952595.1;protein_199,GCF_002952635.1;protein_201,GCF_002952535.1;protein_200,GCF_007794935.1;protein_198
GCF_021729605.1;protein_1216,GCF_016748085.1;protein_1240,GCF_002951975.1;protein_197,GCF_016755675.1;protein_1216,GCF_006337405.1;protein_195,GCF_007843715.1;protein_1378,GCF_002906495.1;protein_1236,GCF_022923775.1;protein_227,GCF_021184145.1;protein_632,GCF_022921935.1;protein_223,GCF_002952575.1;protein_197,GCF_002953555.1;protein_1235,GCF_019974055.1;protein_1428,GCF_030406585.1;protein_1216,GCF_030323565.1;protein_1377,GCF_007844055.1;protein_324,GCF_002952595.1;protein_197,GCF_002952635.1;protein_199,GCF_002952535.1;protein_198,GCF_007794935.1;protein_196
GCF_021729605.1;protein_1217,GCF_016748085.1;protein_1241,GCF_002951975.1;protein_196,GCF_016755675.1;protein_1217,GCF_006337405.1;protein_194,GCF_007843715.1;protein_1379,GCF_002906495.1;protein_1237,GCF_022923775.1;protein_226,GCF_021184145.1;protein_633,GCF_022921935.1;protein_222,GCF_002952575.1;protein_196,GCF_002953555.1;protein_1236,GCF_019974055.1;protein_1429,GCF_030406585.1;protein_1217,GCF_030323565.1;protein_1378,GCF_007844055.1;protein_323,GCF_002952595.1;protein_196,GCF_002952635.1;protein_198,GCF_002952535.1;protein_197,GCF_007794935.1;protein_195
GCF_021729605.1;protein_1218,GCF_016748085.1;protein_1242,GCF_002951975.1;protein_195,GCF_016755675.1;protein_1218,GCF_006337405.1;protein_193,GCF_007843715.1;protein_1380,GCF_002906495.1;protein_1238,GCF_022923775.1;protein_225,GCF_021184145.1;protein_634,GCF_022921935.1;protein_221,GCF_002952575.1;protein_195,GCF_002953555.1;protein_1237,GCF_019974055.1;protein_1430,GCF_030406585.1;protein_1218,GCF_030323565.1;protein_1379,GCF_007844055.1;protein_322,GCF_002952595.1;protein_195,GCF_002952635.1;protein_197,GCF_002952535.1;protein_196,GCF_007794935.1;protein_194
GCF_021729605.1;protein_1219,GCF_016748085.1;protein_1243,GCF_002951975.1;protein_194,GCF_016755675.1;protein_1219,GCF_006337405.1;protein_192,GCF_007843715.1;protein_1381,GCF_002906495.1;protein_1239,GCF_022923775.1;protein_224,GCF_021184145.1;protein_635,GCF_022921935.1;protein_220,GCF_002952575.1;protein_194,GCF_002953555.1;protein_1238,GCF_019974055.1;protein_1431,GCF_030406585.1;protein_1219,GCF_030323565.1;protein_1380,GCF_007844055.1;protein_321,GCF_002952595.1;protein_194,GCF_002952635.1;protein_196,GCF_002952535.1;protein_195,GCF_007794935.1;protein_193
GCF_021729605.1;protein_122,GCF_016748085.1;protein_124,GCF_002951975.1;protein_1311,GCF_016755675.1;protein_125,GCF_006337405.1;protein_1349,GCF_007843715.1;protein_319,GCF_002906495.1;protein_128,GCF_022923775.1;protein_1316,GCF_021184145.1;protein_1075,GCF_022921935.1;protein_1320,GCF_002952575.1;protein_1310,GCF_002953555.1;protein_129,GCF_019974055.1;protein_313,GCF_030406585.1;protein_1013,GCF_030323565.1;protein_275,GCF_007844055.1;protein_1328,GCF_002952595.1;protein_1310,GCF_002952635.1;protein_1315,GCF_002952535.1;protein_1314,GCF_007794935.1;protein_1309
GCF_021729605.1;protein_1220,GCF_016748085.1;protein_1244,GCF_002951975.1;protein_193,GCF_016755675.1;protein_1220,GCF_006337405.1;protein_191,GCF_007843715.1;protein_1382,GCF_002906495.1;protein_1240,GCF_022923775.1;protein_223,GCF_021184145.1;protein_636,GCF_022921935.1;protein_219,GCF_002952575.1;protein_193,GCF_002953555.1;protein_1239,GCF_019974055.1;protein_1432,GCF_030406585.1;protein_1220,GCF_030323565.1;protein_1381,GCF_007844055.1;protein_320,GCF_002952595.1;protein_193,GCF_002952635.1;protein_195,GCF_002952535.1;protein_194,GCF_007794935.1;protein_192
GCF_021729605.1;protein_1221,GCF_016748085.1;protein_1245,GCF_002951975.1;protein_192,GCF_016755675.1;protein_1221,GCF_006337405.1;protein_190,GCF_007843715.1;protein_1383,GCF_002906495.1;protein_1241,GCF_022923775.1;protein_222,GCF_021184145.1;protein_637,GCF_022921935.1;protein_218,GCF_002952575.1;protein_192,GCF_002953555.1;protein_1240,GCF_019974055.1;protein_1433,GCF_030406585.1;protein_1221,GCF_030323565.1;protein_1382,GCF_007844055.1;protein_319,GCF_002952595.1;protein_192,GCF_002952635.1;protein_194,GCF_002952535.1;protein_193,GCF_007794935.1;protein_191
GCF_021729605.1;protein_1222,GCF_016748085.1;protein_1246,GCF_002951975.1;protein_191,GCF_016755675.1;protein_1222,GCF_006337405.1;protein_189,GCF_007843715.1;protein_1384,GCF_002906495.1;protein_1242,GCF_022923775.1;protein_221,GCF_021184145.1;protein_638,GCF_022921935.1;protein_217,GCF_002952575.1;protein_191,GCF_002953555.1;protein_1241,GCF_019974055.1;protein_1434,GCF_030406585.1;protein_1222,GCF_030323565.1;protein_1383,GCF_007844055.1;protein_318,GCF_002952595.1;protein_191,GCF_002952635.1;protein_193,GCF_002952535.1;protein_192,GCF_007794935.1;protein_190
GCF_021729605.1;protein_1223,GCF_016748085.1;protein_1247,GCF_002951975.1;protein_190,GCF_016755675.1;protein_1223,GCF_006337405.1;protein_188,GCF_007843715.1;protein_1385,GCF_002906495.1;protein_1243,GCF_022923775.1;protein_220,GCF_021184145.1;protein_639,GCF_022921935.1;protein_216,GCF_002952575.1;protein_190,GCF_002953555.1;protein_1242,GCF_019974055.1;protein_1435,GCF_030406585.1;protein_1223,GCF_030323565.1;protein_1384,GCF_007844055.1;protein_317,GCF_002952595.1;protein_190,GCF_002952635.1;protein_192,GCF_002952535.1;protein_191,GCF_007794935.1;protein_189
GCF_021729605.1;protein_1224,GCF_016748085.1;protein_1248,GCF_002951975.1;protein_189,GCF_016755675.1;protein_1224,GCF_006337405.1;protein_187,GCF_007843715.1;protein_1386,GCF_002906495.1;protein_1244,GCF_022923775.1;protein_219,GCF_021184145.1;protein_640,GCF_022921935.1;protein_215,GCF_002952575.1;protein_189,GCF_002953555.1;protein_1243,GCF_019974055.1;protein_1436,GCF_030406585.1;protein_1224,GCF_030323565.1;protein_1385,GCF_007844055.1;protein_316,GCF_002952595.1;protein_189,GCF_002952635.1;protein_191,GCF_002952535.1;protein_190,GCF_007794935.1;protein_188
GCF_021729605.1;protein_1226,GCF_016748085.1;protein_1250,GCF_002951975.1;protein_187,GCF_016755675.1;protein_1226,GCF_006337405.1;protein_185,GCF_007843715.1;protein_1403,GCF_002906495.1;protein_1246,GCF_022923775.1;protein_217,GCF_021184145.1;protein_642,GCF_022921935.1;protein_214,GCF_002952575.1;protein_187,GCF_002953555.1;protein_1245,GCF_019974055.1;protein_1452,GCF_030406585.1;protein_1227,GCF_030323565.1;protein_1401,GCF_007844055.1;protein_301,GCF_002952595.1;protein_187,GCF_002952635.1;protein_189,GCF_002952535.1;protein_188,GCF_007794935.1;protein_186
GCF_021729605.1;protein_1227,GCF_016748085.1;protein_1251,GCF_002951975.1;protein_186,GCF_016755675.1;protein_1227,GCF_006337405.1;protein_184,GCF_007843715.1;protein_1402,GCF_002906495.1;protein_1247,GCF_022923775.1;protein_216,GCF_021184145.1;protein_643,GCF_022921935.1;protein_213,GCF_002952575.1;protein_186,GCF_002953555.1;protein_1246,GCF_019974055.1;protein_1451,GCF_030406585.1;protein_1228,GCF_030323565.1;protein_1400,GCF_007844055.1;protein_302,GCF_002952595.1;protein_186,GCF_002952635.1;protein_188,GCF_002952535.1;protein_187,GCF_007794935.1;protein_185
GCF_021729605.1;protein_1228,GCF_016748085.1;protein_1252,GCF_002951975.1;protein_185,GCF_016755675.1;protein_1228,GCF_006337405.1;protein_183,GCF_007843715.1;protein_1401,GCF_002906495.1;protein_1248,GCF_022923775.1;protein_215,GCF_021184145.1;protein_644,GCF_022921935.1;protein_212,GCF_002952575.1;protein_185,GCF_002953555.1;protein_1247,GCF_019974055.1;protein_1450,GCF_030406585.1;protein_1229,GCF_030323565.1;protein_1399,GCF_007844055.1;protein_303,GCF_002952595.1;protein_185,GCF_002952635.1;protein_187,GCF_002952535.1;protein_186,GCF_007794935.1;protein_184
GCF_021729605.1;protein_123,GCF_016748085.1;protein_125,GCF_002951975.1;protein_1310,GCF_016755675.1;protein_126,GCF_006337405.1;protein_1348,GCF_007843715.1;protein_320,GCF_002906495.1;protein_129,GCF_022923775.1;protein_1315,GCF_021184145.1;protein_1076,GCF_022921935.1;protein_1319,GCF_002952575.1;protein_1309,GCF_002953555.1;protein_130,GCF_019974055.1;protein_314,GCF_030406585.1;protein_1014,GCF_030323565.1;protein_276,GCF_007844055.1;protein_1327,GCF_002952595.1;protein_1309,GCF_002952635.1;protein_1314,GCF_002952535.1;protein_1313,GCF_007794935.1;protein_1308
GCF_021729605.1;protein_1233,GCF_016748085.1;protein_1257,GCF_002951975.1;protein_180,GCF_016755675.1;protein_1233,GCF_006337405.1;protein_178,GCF_007843715.1;protein_1396,GCF_002906495.1;protein_1255,GCF_022923775.1;protein_210,GCF_021184145.1;protein_647,GCF_022921935.1;protein_207,GCF_002952575.1;protein_180,GCF_002953555.1;protein_1254,GCF_019974055.1;protein_1445,GCF_030406585.1;protein_1242,GCF_030323565.1;protein_1394,GCF_007844055.1;protein_308,GCF_002952595.1;protein_180,GCF_002952635.1;protein_182,GCF_002952535.1;protein_181,GCF_007794935.1;protein_179
GCF_021729605.1;protein_1234,GCF_016748085.1;protein_1258,GCF_002951975.1;protein_179,GCF_016755675.1;protein_1234,GCF_006337405.1;protein_177,GCF_007843715.1;protein_1395,GCF_002906495.1;protein_1256,GCF_022923775.1;protein_209,GCF_021184145.1;protein_648,GCF_022921935.1;protein_206,GCF_002952575.1;protein_179,GCF_002953555.1;protein_1255,GCF_019974055.1;protein_1444,GCF_030406585.1;protein_1243,GCF_030323565.1;protein_1393,GCF_007844055.1;protein_309,GCF_002952595.1;protein_179,GCF_002952635.1;protein_181,GCF_002952535.1;protein_180,GCF_007794935.1;protein_178
GCF_021729605.1;protein_1235,GCF_016748085.1;protein_1259,GCF_002951975.1;protein_178,GCF_016755675.1;protein_1235,GCF_006337405.1;protein_176,GCF_007843715.1;protein_1394,GCF_002906495.1;protein_1257,GCF_022923775.1;protein_208,GCF_021184145.1;protein_649,GCF_022921935.1;protein_205,GCF_002952575.1;protein_178,GCF_002953555.1;protein_1256,GCF_019974055.1;protein_1443,GCF_030406585.1;protein_1244,GCF_030323565.1;protein_1392,GCF_007844055.1;protein_310,GCF_002952595.1;protein_178,GCF_002952635.1;protein_180,GCF_002952535.1;protein_179,GCF_007794935.1;protein_177
GCF_021729605.1;protein_1236,GCF_016748085.1;protein_1260,GCF_002951975.1;protein_175,GCF_016755675.1;protein_1238,GCF_006337405.1;protein_173,GCF_007843715.1;protein_1391,GCF_002906495.1;protein_1260,GCF_022923775.1;protein_207,GCF_021184145.1;protein_652,GCF_022921935.1;protein_204,GCF_002952575.1;protein_175,GCF_002953555.1;protein_1259,GCF_019974055.1;protein_1440,GCF_030406585.1;protein_1247,GCF_030323565.1;protein_1389,GCF_007844055.1;protein_313,GCF_002952595.1;protein_175,GCF_002952635.1;protein_177,GCF_002952535.1;protein_176,GCF_007794935.1;protein_174
GCF_021729605.1;protein_1237,GCF_016748085.1;protein_1261,GCF_002951975.1;protein_174,GCF_016755675.1;protein_1239,GCF_006337405.1;protein_172,GCF_007843715.1;protein_1390,GCF_002906495.1;protein_1261,GCF_022923775.1;protein_206,GCF_021184145.1;protein_653,GCF_022921935.1;protein_203,GCF_002952575.1;protein_174,GCF_002953555.1;protein_1260,GCF_019974055.1;protein_1439,GCF_030406585.1;protein_1248,GCF_030323565.1;protein_1388,GCF_007844055.1;protein_314,GCF_002952595.1;protein_174,GCF_002952635.1;protein_176,GCF_002952535.1;protein_175,GCF_007794935.1;protein_173
GCF_021729605.1;protein_1238,GCF_016748085.1;protein_1263,GCF_002951975.1;protein_173,GCF_016755675.1;protein_1240,GCF_006337405.1;protein_171,GCF_007843715.1;protein_1405,GCF_002906495.1;protein_1262,GCF_022923775.1;protein_205,GCF_021184145.1;protein_654,GCF_022921935.1;protein_202,GCF_002952575.1;protein_173,GCF_002953555.1;protein_1261,GCF_019974055.1;protein_1454,GCF_030406585.1;protein_1249,GCF_030323565.1;protein_1403,GCF_007844055.1;protein_299,GCF_002952595.1;protein_173,GCF_002952635.1;protein_175,GCF_002952535.1;protein_174,GCF_007794935.1;protein_172
GCF_021729605.1;protein_1239,GCF_016748085.1;protein_1264,GCF_002951975.1;protein_172,GCF_016755675.1;protein_1241,GCF_006337405.1;protein_170,GCF_007843715.1;protein_1406,GCF_002906495.1;protein_1263,GCF_022923775.1;protein_204,GCF_021184145.1;protein_655,GCF_022921935.1;protein_201,GCF_002952575.1;protein_172,GCF_002953555.1;protein_1262,GCF_019974055.1;protein_1455,GCF_030406585.1;protein_1250,GCF_030323565.1;protein_1404,GCF_007844055.1;protein_298,GCF_002952595.1;protein_172,GCF_002952635.1;protein_174,GCF_002952535.1;protein_173,GCF_007794935.1;protein_171
GCF_021729605.1;protein_124,GCF_016748085.1;protein_126,GCF_002951975.1;protein_1309,GCF_016755675.1;protein_127,GCF_006337405.1;protein_1347,GCF_007843715.1;protein_321,GCF_002906495.1;protein_130,GCF_022923775.1;protein_1314,GCF_021184145.1;protein_1077,GCF_022921935.1;protein_1318,GCF_002952575.1;protein_1308,GCF_002953555.1;protein_131,GCF_019974055.1;protein_315,GCF_030406585.1;protein_1015,GCF_030323565.1;protein_277,GCF_007844055.1;protein_1326,GCF_002952595.1;protein_1308,GCF_002952635.1;protein_1313,GCF_002952535.1;protein_1312,GCF_007794935.1;protein_1307
GCF_021729605.1;protein_1240,GCF_016748085.1;protein_1265,GCF_002951975.1;protein_171,GCF_016755675.1;protein_1242,GCF_006337405.1;protein_169,GCF_007843715.1;protein_1407,GCF_002906495.1;protein_1264,GCF_022923775.1;protein_203,GCF_021184145.1;protein_656,GCF_022921935.1;protein_200,GCF_002952575.1;protein_171,GCF_002953555.1;protein_1263,GCF_019974055.1;protein_1456,GCF_030406585.1;protein_1251,GCF_030323565.1;protein_1405,GCF_007844055.1;protein_297,GCF_002952595.1;protein_171,GCF_002952635.1;protein_173,GCF_002952535.1;protein_172,GCF_007794935.1;protein_170
GCF_021729605.1;protein_1241,GCF_016748085.1;protein_1266,GCF_002951975.1;protein_170,GCF_016755675.1;protein_1243,GCF_006337405.1;protein_168,GCF_007843715.1;protein_1408,GCF_002906495.1;protein_1265,GCF_022923775.1;protein_202,GCF_021184145.1;protein_657,GCF_022921935.1;protein_199,GCF_002952575.1;protein_170,GCF_002953555.1;protein_1264,GCF_019974055.1;protein_1457,GCF_030406585.1;protein_1252,GCF_030323565.1;protein_1406,GCF_007844055.1;protein_296,GCF_002952595.1;protein_170,GCF_002952635.1;protein_172,GCF_002952535.1;protein_171,GCF_007794935.1;protein_169
GCF_021729605.1;protein_1242,GCF_016748085.1;protein_1267,GCF_002951975.1;protein_169,GCF_016755675.1;protein_1244,GCF_006337405.1;protein_167,GCF_007843715.1;protein_1409,GCF_002906495.1;protein_1266,GCF_022923775.1;protein_201,GCF_021184145.1;protein_658,GCF_022921935.1;protein_198,GCF_002952575.1;protein_169,GCF_002953555.1;protein_1265,GCF_019974055.1;protein_1458,GCF_030406585.1;protein_1253,GCF_030323565.1;protein_1407,GCF_007844055.1;protein_295,GCF_002952595.1;protein_169,GCF_002952635.1;protein_171,GCF_002952535.1;protein_170,GCF_007794935.1;protein_168
GCF_021729605.1;protein_1243,GCF_016748085.1;protein_1268,GCF_002951975.1;protein_168,GCF_016755675.1;protein_1245,GCF_006337405.1;protein_166,GCF_007843715.1;protein_1410,GCF_002906495.1;protein_1267,GCF_022923775.1;protein_200,GCF_021184145.1;protein_659,GCF_022921935.1;protein_197,GCF_002952575.1;protein_168,GCF_002953555.1;protein_1266,GCF_019974055.1;protein_1459,GCF_030406585.1;protein_1254,GCF_030323565.1;protein_1408,GCF_007844055.1;protein_294,GCF_002952595.1;protein_168,GCF_002952635.1;protein_170,GCF_002952535.1;protein_169,GCF_007794935.1;protein_167
GCF_021729605.1;protein_1244,GCF_016748085.1;protein_1269,GCF_002951975.1;protein_167,GCF_016755675.1;protein_1246,GCF_006337405.1;protein_165,GCF_007843715.1;protein_1411,GCF_002906495.1;protein_1268,GCF_022923775.1;protein_199,GCF_021184145.1;protein_660,GCF_022921935.1;protein_196,GCF_002952575.1;protein_167,GCF_002953555.1;protein_1267,GCF_019974055.1;protein_1460,GCF_030406585.1;protein_1255,GCF_030323565.1;protein_1409,GCF_007844055.1;protein_293,GCF_002952595.1;protein_167,GCF_002952635.1;protein_169,GCF_002952535.1;protein_168,GCF_007794935.1;protein_166
GCF_021729605.1;protein_1245,GCF_016748085.1;protein_1270,GCF_002951975.1;protein_166,GCF_016755675.1;protein_1247,GCF_006337405.1;protein_164,GCF_007843715.1;protein_1412,GCF_002906495.1;protein_1269,GCF_022923775.1;protein_198,GCF_021184145.1;protein_661,GCF_022921935.1;protein_195,GCF_002952575.1;protein_166,GCF_002953555.1;protein_1268,GCF_019974055.1;protein_1461,GCF_030406585.1;protein_1256,GCF_030323565.1;protein_1410,GCF_007844055.1;protein_292,GCF_002952595.1;protein_166,GCF_002952635.1;protein_168,GCF_002952535.1;protein_167,GCF_007794935.1;protein_165
GCF_021729605.1;protein_1246,GCF_016748085.1;protein_1271,GCF_002951975.1;protein_165,GCF_016755675.1;protein_1248,GCF_006337405.1;protein_163,GCF_007843715.1;protein_1413,GCF_002906495.1;protein_1270,GCF_022923775.1;protein_197,GCF_021184145.1;protein_662,GCF_022921935.1;protein_194,GCF_002952575.1;protein_165,GCF_002953555.1;protein_1269,GCF_019974055.1;protein_1462,GCF_030406585.1;protein_1257,GCF_030323565.1;protein_1411,GCF_007844055.1;protein_291,GCF_002952595.1;protein_165,GCF_002952635.1;protein_167,GCF_002952535.1;protein_166,GCF_007794935.1;protein_164
GCF_021729605.1;protein_1247,GCF_016748085.1;protein_1272,GCF_002951975.1;protein_164,GCF_016755675.1;protein_1249,GCF_006337405.1;protein_162,GCF_007843715.1;protein_1414,GCF_002906495.1;protein_1271,GCF_022923775.1;protein_196,GCF_021184145.1;protein_663,GCF_022921935.1;protein_193,GCF_002952575.1;protein_164,GCF_002953555.1;protein_1270,GCF_019974055.1;protein_1463,GCF_030406585.1;protein_1258,GCF_030323565.1;protein_1412,GCF_007844055.1;protein_290,GCF_002952595.1;protein_164,GCF_002952635.1;protein_166,GCF_002952535.1;protein_165,GCF_007794935.1;protein_163
GCF_021729605.1;protein_1248,GCF_016748085.1;protein_1273,GCF_002951975.1;protein_163,GCF_016755675.1;protein_1250,GCF_006337405.1;protein_161,GCF_007843715.1;protein_1415,GCF_002906495.1;protein_1272,GCF_022923775.1;protein_195,GCF_021184145.1;protein_664,GCF_022921935.1;protein_192,GCF_002952575.1;protein_163,GCF_002953555.1;protein_1271,GCF_019974055.1;protein_1464,GCF_030406585.1;protein_1259,GCF_030323565.1;protein_1413,GCF_007844055.1;protein_289,GCF_002952595.1;protein_163,GCF_002952635.1;protein_165,GCF_002952535.1;protein_164,GCF_007794935.1;protein_162
GCF_021729605.1;protein_1249,GCF_016748085.1;protein_1274,GCF_002951975.1;protein_162,GCF_016755675.1;protein_1251,GCF_006337405.1;protein_160,GCF_007843715.1;protein_1416,GCF_002906495.1;protein_1273,GCF_022923775.1;protein_194,GCF_021184145.1;protein_665,GCF_022921935.1;protein_191,GCF_002952575.1;protein_162,GCF_002953555.1;protein_1272,GCF_019974055.1;protein_1465,GCF_030406585.1;protein_1260,GCF_030323565.1;protein_1414,GCF_007844055.1;protein_288,GCF_002952595.1;protein_162,GCF_002952635.1;protein_164,GCF_002952535.1;protein_163,GCF_007794935.1;protein_161
GCF_021729605.1;protein_125,GCF_016748085.1;protein_127,GCF_002951975.1;protein_1308,GCF_016755675.1;protein_128,GCF_006337405.1;protein_1346,GCF_007843715.1;protein_322,GCF_002906495.1;protein_131,GCF_022923775.1;protein_1313,GCF_021184145.1;protein_1078,GCF_022921935.1;protein_1317,GCF_002952575.1;protein_1307,GCF_002953555.1;protein_132,GCF_019974055.1;protein_316,GCF_030406585.1;protein_1016,GCF_030323565.1;protein_278,GCF_007844055.1;protein_1325,GCF_002952595.1;protein_1307,GCF_002952635.1;protein_1312,GCF_002952535.1;protein_1311,GCF_007794935.1;protein_1306
GCF_021729605.1;protein_1250,GCF_016748085.1;protein_1275,GCF_002951975.1;protein_161,GCF_016755675.1;protein_1252,GCF_006337405.1;protein_159,GCF_007843715.1;protein_1417,GCF_002906495.1;protein_1274,GCF_022923775.1;protein_193,GCF_021184145.1;protein_666,GCF_022921935.1;protein_190,GCF_002952575.1;protein_161,GCF_002953555.1;protein_1273,GCF_019974055.1;protein_1466,GCF_030406585.1;protein_1261,GCF_030323565.1;protein_1415,GCF_007844055.1;protein_287,GCF_002952595.1;protein_161,GCF_002952635.1;protein_163,GCF_002952535.1;protein_162,GCF_007794935.1;protein_160
GCF_021729605.1;protein_1251,GCF_016748085.1;protein_1276,GCF_002951975.1;protein_160,GCF_016755675.1;protein_1253,GCF_006337405.1;protein_158,GCF_007843715.1;protein_1418,GCF_002906495.1;protein_1275,GCF_022923775.1;protein_192,GCF_021184145.1;protein_667,GCF_022921935.1;protein_189,GCF_002952575.1;protein_160,GCF_002953555.1;protein_1274,GCF_019974055.1;protein_1467,GCF_030406585.1;protein_1262,GCF_030323565.1;protein_1416,GCF_007844055.1;protein_286,GCF_002952595.1;protein_160,GCF_002952635.1;protein_162,GCF_002952535.1;protein_161,GCF_007794935.1;protein_159
GCF_021729605.1;protein_1252,GCF_016748085.1;protein_1277,GCF_002951975.1;protein_159,GCF_016755675.1;protein_1254,GCF_006337405.1;protein_157,GCF_007843715.1;protein_1419,GCF_002906495.1;protein_1276,GCF_022923775.1;protein_191,GCF_021184145.1;protein_668,GCF_022921935.1;protein_188,GCF_002952575.1;protein_159,GCF_002953555.1;protein_1275,GCF_019974055.1;protein_1468,GCF_030406585.1;protein_1263,GCF_030323565.1;protein_1417,GCF_007844055.1;protein_285,GCF_002952595.1;protein_159,GCF_002952635.1;protein_161,GCF_002952535.1;protein_160,GCF_007794935.1;protein_158
GCF_021729605.1;protein_1253,GCF_016748085.1;protein_1278,GCF_002951975.1;protein_158,GCF_016755675.1;protein_1255,GCF_006337405.1;protein_156,GCF_007843715.1;protein_1420,GCF_002906495.1;protein_1277,GCF_022923775.1;protein_190,GCF_021184145.1;protein_669,GCF_022921935.1;protein_187,GCF_002952575.1;protein_158,GCF_002953555.1;protein_1276,GCF_019974055.1;protein_1469,GCF_030406585.1;protein_1264,GCF_030323565.1;protein_1418,GCF_007844055.1;protein_284,GCF_002952595.1;protein_158,GCF_002952635.1;protein_160,GCF_002952535.1;protein_159,GCF_007794935.1;protein_157
GCF_021729605.1;protein_1254,GCF_016748085.1;protein_1279,GCF_002951975.1;protein_157,GCF_016755675.1;protein_1256,GCF_006337405.1;protein_155,GCF_007843715.1;protein_1421,GCF_002906495.1;protein_1278,GCF_022923775.1;protein_189,GCF_021184145.1;protein_670,GCF_022921935.1;protein_186,GCF_002952575.1;protein_157,GCF_002953555.1;protein_1277,GCF_019974055.1;protein_1470,GCF_030406585.1;protein_1265,GCF_030323565.1;protein_1419,GCF_007844055.1;protein_283,GCF_002952595.1;protein_157,GCF_002952635.1;protein_159,GCF_002952535.1;protein_158,GCF_007794935.1;protein_156
GCF_021729605.1;protein_1255,GCF_016748085.1;protein_1280,GCF_002951975.1;protein_156,GCF_016755675.1;protein_1257,GCF_006337405.1;protein_154,GCF_007843715.1;protein_1422,GCF_002906495.1;protein_1279,GCF_022923775.1;protein_188,GCF_021184145.1;protein_671,GCF_022921935.1;protein_185,GCF_002952575.1;protein_156,GCF_002953555.1;protein_1278,GCF_019974055.1;protein_1471,GCF_030406585.1;protein_1266,GCF_030323565.1;protein_1420,GCF_007844055.1;protein_282,GCF_002952595.1;protein_156,GCF_002952635.1;protein_158,GCF_002952535.1;protein_157,GCF_007794935.1;protein_155
GCF_021729605.1;protein_1256,GCF_016748085.1;protein_1281,GCF_002951975.1;protein_155,GCF_016755675.1;protein_1258,GCF_006337405.1;protein_153,GCF_007843715.1;protein_1423,GCF_002906495.1;protein_1280,GCF_022923775.1;protein_187,GCF_021184145.1;protein_672,GCF_022921935.1;protein_184,GCF_002952575.1;protein_155,GCF_002953555.1;protein_1279,GCF_019974055.1;protein_1472,GCF_030406585.1;protein_1267,GCF_030323565.1;protein_1421,GCF_007844055.1;protein_281,GCF_002952595.1;protein_155,GCF_002952635.1;protein_157,GCF_002952535.1;protein_156,GCF_007794935.1;protein_154
GCF_021729605.1;protein_1257,GCF_016748085.1;protein_1282,GCF_002951975.1;protein_154,GCF_016755675.1;protein_1259,GCF_006337405.1;protein_152,GCF_007843715.1;protein_1424,GCF_002906495.1;protein_1281,GCF_022923775.1;protein_186,GCF_021184145.1;protein_673,GCF_022921935.1;protein_183,GCF_002952575.1;protein_154,GCF_002953555.1;protein_1280,GCF_019974055.1;protein_1473,GCF_030406585.1;protein_1268,GCF_030323565.1;protein_1422,GCF_007844055.1;protein_280,GCF_002952595.1;protein_154,GCF_002952635.1;protein_156,GCF_002952535.1;protein_155,GCF_007794935.1;protein_153
GCF_021729605.1;protein_1258,GCF_016748085.1;protein_1283,GCF_002951975.1;protein_153,GCF_016755675.1;protein_1260,GCF_006337405.1;protein_151,GCF_007843715.1;protein_1425,GCF_002906495.1;protein_1282,GCF_022923775.1;protein_185,GCF_021184145.1;protein_674,GCF_022921935.1;protein_182,GCF_002952575.1;protein_153,GCF_002953555.1;protein_1281,GCF_019974055.1;protein_1474,GCF_030406585.1;protein_1269,GCF_030323565.1;protein_1423,GCF_007844055.1;protein_279,GCF_002952595.1;protein_153,GCF_002952635.1;protein_155,GCF_002952535.1;protein_154,GCF_007794935.1;protein_152
GCF_021729605.1;protein_1259,GCF_016748085.1;protein_1284,GCF_002951975.1;protein_152,GCF_016755675.1;protein_1261,GCF_006337405.1;protein_150,GCF_007843715.1;protein_1426,GCF_002906495.1;protein_1283,GCF_022923775.1;protein_184,GCF_021184145.1;protein_675,GCF_022921935.1;protein_181,GCF_002952575.1;protein_152,GCF_002953555.1;protein_1282,GCF_019974055.1;protein_1475,GCF_030406585.1;protein_1270,GCF_030323565.1;protein_1424,GCF_007844055.1;protein_278,GCF_002952595.1;protein_152,GCF_002952635.1;protein_154,GCF_002952535.1;protein_153,GCF_007794935.1;protein_151
GCF_021729605.1;protein_126,GCF_016748085.1;protein_128,GCF_002951975.1;protein_1307,GCF_016755675.1;protein_129,GCF_006337405.1;protein_1345,GCF_007843715.1;protein_323,GCF_002906495.1;protein_132,GCF_022923775.1;protein_1312,GCF_021184145.1;protein_1079,GCF_022921935.1;protein_1316,GCF_002952575.1;protein_1306,GCF_002953555.1;protein_133,GCF_019974055.1;protein_317,GCF_030406585.1;protein_1017,GCF_030323565.1;protein_279,GCF_007844055.1;protein_1324,GCF_002952595.1;protein_1306,GCF_002952635.1;protein_1311,GCF_002952535.1;protein_1310,GCF_007794935.1;protein_1305
GCF_021729605.1;protein_1260,GCF_016748085.1;protein_1285,GCF_002951975.1;protein_151,GCF_016755675.1;protein_1262,GCF_006337405.1;protein_149,GCF_007843715.1;protein_1427,GCF_002906495.1;protein_1284,GCF_022923775.1;protein_183,GCF_021184145.1;protein_676,GCF_022921935.1;protein_180,GCF_002952575.1;protein_151,GCF_002953555.1;protein_1283,GCF_019974055.1;protein_1476,GCF_030406585.1;protein_1271,GCF_030323565.1;protein_1425,GCF_007844055.1;protein_277,GCF_002952595.1;protein_151,GCF_002952635.1;protein_153,GCF_002952535.1;protein_152,GCF_007794935.1;protein_150
GCF_021729605.1;protein_1261,GCF_016748085.1;protein_1286,GCF_002951975.1;protein_150,GCF_016755675.1;protein_1263,GCF_006337405.1;protein_148,GCF_007843715.1;protein_1428,GCF_002906495.1;protein_1285,GCF_022923775.1;protein_182,GCF_021184145.1;protein_677,GCF_022921935.1;protein_179,GCF_002952575.1;protein_150,GCF_002953555.1;protein_1284,GCF_019974055.1;protein_1477,GCF_030406585.1;protein_1272,GCF_030323565.1;protein_1426,GCF_007844055.1;protein_276,GCF_002952595.1;protein_150,GCF_002952635.1;protein_152,GCF_002952535.1;protein_151,GCF_007794935.1;protein_149
GCF_021729605.1;protein_1262,GCF_016748085.1;protein_1287,GCF_002951975.1;protein_149,GCF_016755675.1;protein_1264,GCF_006337405.1;protein_147,GCF_007843715.1;protein_1429,GCF_002906495.1;protein_1286,GCF_022923775.1;protein_181,GCF_021184145.1;protein_678,GCF_022921935.1;protein_178,GCF_002952575.1;protein_149,GCF_002953555.1;protein_1285,GCF_019974055.1;protein_1478,GCF_030406585.1;protein_1273,GCF_030323565.1;protein_1427,GCF_007844055.1;protein_275,GCF_002952595.1;protein_149,GCF_002952635.1;protein_151,GCF_002952535.1;protein_150,GCF_007794935.1;protein_148
GCF_021729605.1;protein_1263,GCF_016748085.1;protein_1288,GCF_002951975.1;protein_148,GCF_016755675.1;protein_1265,GCF_006337405.1;protein_146,GCF_007843715.1;protein_1430,GCF_002906495.1;protein_1287,GCF_022923775.1;protein_180,GCF_021184145.1;protein_679,GCF_022921935.1;protein_177,GCF_002952575.1;protein_148,GCF_002953555.1;protein_1286,GCF_019974055.1;protein_1479,GCF_030406585.1;protein_1274,GCF_030323565.1;protein_1428,GCF_007844055.1;protein_274,GCF_002952595.1;protein_148,GCF_002952635.1;protein_150,GCF_002952535.1;protein_149,GCF_007794935.1;protein_147
GCF_021729605.1;protein_1264,GCF_016748085.1;protein_1289,GCF_002951975.1;protein_147,GCF_016755675.1;protein_1266,GCF_006337405.1;protein_145,GCF_007843715.1;protein_1431,GCF_002906495.1;protein_1288,GCF_022923775.1;protein_179,GCF_021184145.1;protein_680,GCF_022921935.1;protein_176,GCF_002952575.1;protein_147,GCF_002953555.1;protein_1287,GCF_019974055.1;protein_1480,GCF_030406585.1;protein_1275,GCF_030323565.1;protein_1429,GCF_007844055.1;protein_273,GCF_002952595.1;protein_147,GCF_002952635.1;protein_149,GCF_002952535.1;protein_148,GCF_007794935.1;protein_146
GCF_021729605.1;protein_1265,GCF_016748085.1;protein_1290,GCF_002951975.1;protein_146,GCF_016755675.1;protein_1267,GCF_006337405.1;protein_144,GCF_007843715.1;protein_1432,GCF_002906495.1;protein_1289,GCF_022923775.1;protein_178,GCF_021184145.1;protein_681,GCF_022921935.1;protein_175,GCF_002952575.1;protein_146,GCF_002953555.1;protein_1288,GCF_019974055.1;protein_1481,GCF_030406585.1;protein_1276,GCF_030323565.1;protein_1430,GCF_007844055.1;protein_272,GCF_002952595.1;protein_146,GCF_002952635.1;protein_148,GCF_002952535.1;protein_147,GCF_007794935.1;protein_145
GCF_021729605.1;protein_1266,GCF_016748085.1;protein_1291,GCF_002951975.1;protein_145,GCF_016755675.1;protein_1268,GCF_006337405.1;protein_143,GCF_007843715.1;protein_1433,GCF_002906495.1;protein_1290,GCF_022923775.1;protein_177,GCF_021184145.1;protein_682,GCF_022921935.1;protein_174,GCF_002952575.1;protein_145,GCF_002953555.1;protein_1289,GCF_019974055.1;protein_1482,GCF_030406585.1;protein_1277,GCF_030323565.1;protein_1431,GCF_007844055.1;protein_271,GCF_002952595.1;protein_145,GCF_002952635.1;protein_147,GCF_002952535.1;protein_146,GCF_007794935.1;protein_144
GCF_021729605.1;protein_1267,GCF_016748085.1;protein_1292,GCF_002951975.1;protein_144,GCF_016755675.1;protein_1269,GCF_006337405.1;protein_142,GCF_007843715.1;protein_1434,GCF_002906495.1;protein_1291,GCF_022923775.1;protein_176,GCF_021184145.1;protein_683,GCF_022921935.1;protein_173,GCF_002952575.1;protein_144,GCF_002953555.1;protein_1290,GCF_019974055.1;protein_1483,GCF_030406585.1;protein_1278,GCF_030323565.1;protein_1432,GCF_007844055.1;protein_270,GCF_002952595.1;protein_144,GCF_002952635.1;protein_146,GCF_002952535.1;protein_145,GCF_007794935.1;protein_143
GCF_021729605.1;protein_1268,GCF_016748085.1;protein_1293,GCF_002951975.1;protein_143,GCF_016755675.1;protein_1270,GCF_006337405.1;protein_141,GCF_007843715.1;protein_1435,GCF_002906495.1;protein_1292,GCF_022923775.1;protein_175,GCF_021184145.1;protein_684,GCF_022921935.1;protein_172,GCF_002952575.1;protein_143,GCF_002953555.1;protein_1291,GCF_019974055.1;protein_1484,GCF_030406585.1;protein_1279,GCF_030323565.1;protein_1433,GCF_007844055.1;protein_269,GCF_002952595.1;protein_143,GCF_002952635.1;protein_145,GCF_002952535.1;protein_144,GCF_007794935.1;protein_142
GCF_021729605.1;protein_1269,GCF_016748085.1;protein_1294,GCF_002951975.1;protein_142,GCF_016755675.1;protein_1271,GCF_006337405.1;protein_140,GCF_007843715.1;protein_1436,GCF_002906495.1;protein_1293,GCF_022923775.1;protein_174,GCF_021184145.1;protein_685,GCF_022921935.1;protein_171,GCF_002952575.1;protein_142,GCF_002953555.1;protein_1292,GCF_019974055.1;protein_1485,GCF_030406585.1;protein_1280,GCF_030323565.1;protein_1434,GCF_007844055.1;protein_268,GCF_002952595.1;protein_142,GCF_002952635.1;protein_144,GCF_002952535.1;protein_143,GCF_007794935.1;protein_141
GCF_021729605.1;protein_127,GCF_016748085.1;protein_129,GCF_002951975.1;protein_1306,GCF_016755675.1;protein_130,GCF_006337405.1;protein_1344,GCF_007843715.1;protein_324,GCF_002906495.1;protein_133,GCF_022923775.1;protein_1311,GCF_021184145.1;protein_1080,GCF_022921935.1;protein_1315,GCF_002952575.1;protein_1305,GCF_002953555.1;protein_134,GCF_019974055.1;protein_318,GCF_030406585.1;protein_1018,GCF_030323565.1;protein_280,GCF_007844055.1;protein_1323,GCF_002952595.1;protein_1305,GCF_002952635.1;protein_1310,GCF_002952535.1;protein_1309,GCF_007794935.1;protein_1304
GCF_021729605.1;protein_1271,GCF_016748085.1;protein_1296,GCF_002951975.1;protein_140,GCF_016755675.1;protein_1273,GCF_006337405.1;protein_138,GCF_007843715.1;protein_1438,GCF_002906495.1;protein_1295,GCF_022923775.1;protein_172,GCF_021184145.1;protein_687,GCF_022921935.1;protein_169,GCF_002952575.1;protein_140,GCF_002953555.1;protein_1294,GCF_019974055.1;protein_1487,GCF_030406585.1;protein_1282,GCF_030323565.1;protein_1436,GCF_007844055.1;protein_266,GCF_002952595.1;protein_140,GCF_002952635.1;protein_142,GCF_002952535.1;protein_141,GCF_007794935.1;protein_139
GCF_021729605.1;protein_1272,GCF_016748085.1;protein_1297,GCF_002951975.1;protein_139,GCF_016755675.1;protein_1274,GCF_006337405.1;protein_137,GCF_007843715.1;protein_1439,GCF_002906495.1;protein_1296,GCF_022923775.1;protein_171,GCF_021184145.1;protein_688,GCF_022921935.1;protein_168,GCF_002952575.1;protein_139,GCF_002953555.1;protein_1295,GCF_019974055.1;protein_1488,GCF_030406585.1;protein_1283,GCF_030323565.1;protein_1437,GCF_007844055.1;protein_265,GCF_002952595.1;protein_139,GCF_002952635.1;protein_141,GCF_002952535.1;protein_140,GCF_007794935.1;protein_138
GCF_021729605.1;protein_1273,GCF_016748085.1;protein_1298,GCF_002951975.1;protein_138,GCF_016755675.1;protein_1275,GCF_006337405.1;protein_136,GCF_007843715.1;protein_1440,GCF_002906495.1;protein_1297,GCF_022923775.1;protein_170,GCF_021184145.1;protein_689,GCF_022921935.1;protein_167,GCF_002952575.1;protein_138,GCF_002953555.1;protein_1296,GCF_019974055.1;protein_1489,GCF_030406585.1;protein_1284,GCF_030323565.1;protein_1438,GCF_007844055.1;protein_264,GCF_002952595.1;protein_138,GCF_002952635.1;protein_140,GCF_002952535.1;protein_139,GCF_007794935.1;protein_137
GCF_021729605.1;protein_1274,GCF_016748085.1;protein_1299,GCF_002951975.1;protein_137,GCF_016755675.1;protein_1276,GCF_006337405.1;protein_135,GCF_007843715.1;protein_1441,GCF_002906495.1;protein_1298,GCF_022923775.1;protein_169,GCF_021184145.1;protein_690,GCF_022921935.1;protein_166,GCF_002952575.1;protein_137,GCF_002953555.1;protein_1297,GCF_019974055.1;protein_1490,GCF_030406585.1;protein_1285,GCF_030323565.1;protein_1439,GCF_007844055.1;protein_263,GCF_002952595.1;protein_137,GCF_002952635.1;protein_139,GCF_002952535.1;protein_138,GCF_007794935.1;protein_136
GCF_021729605.1;protein_1275,GCF_016748085.1;protein_1300,GCF_002951975.1;protein_136,GCF_016755675.1;protein_1277,GCF_006337405.1;protein_134,GCF_007843715.1;protein_1442,GCF_002906495.1;protein_1299,GCF_022923775.1;protein_168,GCF_021184145.1;protein_691,GCF_022921935.1;protein_165,GCF_002952575.1;protein_136,GCF_002953555.1;protein_1298,GCF_019974055.1;protein_1491,GCF_030406585.1;protein_1286,GCF_030323565.1;protein_1440,GCF_007844055.1;protein_262,GCF_002952595.1;protein_136,GCF_002952635.1;protein_138,GCF_002952535.1;protein_137,GCF_007794935.1;protein_135
GCF_021729605.1;protein_1276,GCF_016748085.1;protein_1301,GCF_002951975.1;protein_135,GCF_016755675.1;protein_1278,GCF_006337405.1;protein_133,GCF_007843715.1;protein_1443,GCF_002906495.1;protein_1300,GCF_022923775.1;protein_167,GCF_021184145.1;protein_692,GCF_022921935.1;protein_164,GCF_002952575.1;protein_135,GCF_002953555.1;protein_1299,GCF_019974055.1;protein_1492,GCF_030406585.1;protein_1287,GCF_030323565.1;protein_1441,GCF_007844055.1;protein_261,GCF_002952595.1;protein_135,GCF_002952635.1;protein_137,GCF_002952535.1;protein_136,GCF_007794935.1;protein_134
GCF_021729605.1;protein_1277,GCF_016748085.1;protein_1302,GCF_002951975.1;protein_134,GCF_016755675.1;protein_1279,GCF_006337405.1;protein_132,GCF_007843715.1;protein_1444,GCF_002906495.1;protein_1301,GCF_022923775.1;protein_166,GCF_021184145.1;protein_693,GCF_022921935.1;protein_163,GCF_002952575.1;protein_134,GCF_002953555.1;protein_1300,GCF_019974055.1;protein_1493,GCF_030406585.1;protein_1288,GCF_030323565.1;protein_1442,GCF_007844055.1;protein_260,GCF_002952595.1;protein_134,GCF_002952635.1;protein_136,GCF_002952535.1;protein_135,GCF_007794935.1;protein_133
GCF_021729605.1;protein_1278,GCF_016748085.1;protein_1303,GCF_002951975.1;protein_133,GCF_016755675.1;protein_1280,GCF_006337405.1;protein_131,GCF_007843715.1;protein_1445,GCF_002906495.1;protein_1302,GCF_022923775.1;protein_165,GCF_021184145.1;protein_694,GCF_022921935.1;protein_162,GCF_002952575.1;protein_133,GCF_002953555.1;protein_1301,GCF_019974055.1;protein_1494,GCF_030406585.1;protein_1289,GCF_030323565.1;protein_1443,GCF_007844055.1;protein_259,GCF_002952595.1;protein_133,GCF_002952635.1;protein_135,GCF_002952535.1;protein_134,GCF_007794935.1;protein_132
GCF_021729605.1;protein_1279,GCF_016748085.1;protein_1304,GCF_002951975.1;protein_132,GCF_016755675.1;protein_1281,GCF_006337405.1;protein_130,GCF_007843715.1;protein_1446,GCF_002906495.1;protein_1303,GCF_022923775.1;protein_164,GCF_021184145.1;protein_695,GCF_022921935.1;protein_161,GCF_002952575.1;protein_132,GCF_002953555.1;protein_1302,GCF_019974055.1;protein_1495,GCF_030406585.1;protein_1290,GCF_030323565.1;protein_1444,GCF_007844055.1;protein_258,GCF_002952595.1;protein_132,GCF_002952635.1;protein_134,GCF_002952535.1;protein_133,GCF_007794935.1;protein_131
GCF_021729605.1;protein_128,GCF_016748085.1;protein_130,GCF_002951975.1;protein_1305,GCF_016755675.1;protein_131,GCF_006337405.1;protein_1343,GCF_007843715.1;protein_325,GCF_002906495.1;protein_134,GCF_022923775.1;protein_1310,GCF_021184145.1;protein_1081,GCF_022921935.1;protein_1314,GCF_002952575.1;protein_1304,GCF_002953555.1;protein_135,GCF_019974055.1;protein_319,GCF_030406585.1;protein_1019,GCF_030323565.1;protein_281,GCF_007844055.1;protein_1322,GCF_002952595.1;protein_1304,GCF_002952635.1;protein_1309,GCF_002952535.1;protein_1308,GCF_007794935.1;protein_1303
GCF_021729605.1;protein_1281,GCF_016748085.1;protein_1305,GCF_002951975.1;protein_131,GCF_016755675.1;protein_1282,GCF_006337405.1;protein_129,GCF_007843715.1;protein_1447,GCF_002906495.1;protein_1305,GCF_022923775.1;protein_163,GCF_021184145.1;protein_696,GCF_022921935.1;protein_160,GCF_002952575.1;protein_131,GCF_002953555.1;protein_1304,GCF_019974055.1;protein_1496,GCF_030406585.1;protein_1292,GCF_030323565.1;protein_1445,GCF_007844055.1;protein_257,GCF_002952595.1;protein_131,GCF_002952635.1;protein_133,GCF_002952535.1;protein_132,GCF_007794935.1;protein_130
GCF_021729605.1;protein_1282,GCF_016748085.1;protein_1306,GCF_002951975.1;protein_130,GCF_016755675.1;protein_1283,GCF_006337405.1;protein_128,GCF_007843715.1;protein_1448,GCF_002906495.1;protein_1306,GCF_022923775.1;protein_162,GCF_021184145.1;protein_697,GCF_022921935.1;protein_159,GCF_002952575.1;protein_130,GCF_002953555.1;protein_1305,GCF_019974055.1;protein_1497,GCF_030406585.1;protein_1293,GCF_030323565.1;protein_1446,GCF_007844055.1;protein_256,GCF_002952595.1;protein_130,GCF_002952635.1;protein_132,GCF_002952535.1;protein_131,GCF_007794935.1;protein_129
GCF_021729605.1;protein_1283,GCF_016748085.1;protein_1307,GCF_002951975.1;protein_129,GCF_016755675.1;protein_1284,GCF_006337405.1;protein_127,GCF_007843715.1;protein_1449,GCF_002906495.1;protein_1307,GCF_022923775.1;protein_161,GCF_021184145.1;protein_698,GCF_022921935.1;protein_158,GCF_002952575.1;protein_129,GCF_002953555.1;protein_1306,GCF_019974055.1;protein_1498,GCF_030406585.1;protein_1294,GCF_030323565.1;protein_1447,GCF_007844055.1;protein_255,GCF_002952595.1;protein_129,GCF_002952635.1;protein_131,GCF_002952535.1;protein_130,GCF_007794935.1;protein_128
GCF_021729605.1;protein_1284,GCF_016748085.1;protein_1308,GCF_002951975.1;protein_128,GCF_016755675.1;protein_1285,GCF_006337405.1;protein_126,GCF_007843715.1;protein_1450,GCF_002906495.1;protein_1308,GCF_022923775.1;protein_160,GCF_021184145.1;protein_699,GCF_022921935.1;protein_157,GCF_002952575.1;protein_128,GCF_002953555.1;protein_1307,GCF_019974055.1;protein_1499,GCF_030406585.1;protein_1295,GCF_030323565.1;protein_1448,GCF_007844055.1;protein_254,GCF_002952595.1;protein_128,GCF_002952635.1;protein_130,GCF_002952535.1;protein_129,GCF_007794935.1;protein_127
GCF_021729605.1;protein_1285,GCF_016748085.1;protein_1309,GCF_002951975.1;protein_127,GCF_016755675.1;protein_1286,GCF_006337405.1;protein_125,GCF_007843715.1;protein_1451,GCF_002906495.1;protein_1309,GCF_022923775.1;protein_159,GCF_021184145.1;protein_700,GCF_022921935.1;protein_156,GCF_002952575.1;protein_127,GCF_002953555.1;protein_1308,GCF_019974055.1;protein_1500,GCF_030406585.1;protein_1296,GCF_030323565.1;protein_1449,GCF_007844055.1;protein_253,GCF_002952595.1;protein_127,GCF_002952635.1;protein_129,GCF_002952535.1;protein_128,GCF_007794935.1;protein_126
GCF_021729605.1;protein_1286,GCF_016748085.1;protein_1310,GCF_002951975.1;protein_126,GCF_016755675.1;protein_1287,GCF_006337405.1;protein_124,GCF_007843715.1;protein_1452,GCF_002906495.1;protein_1310,GCF_022923775.1;protein_158,GCF_021184145.1;protein_701,GCF_022921935.1;protein_155,GCF_002952575.1;protein_126,GCF_002953555.1;protein_1309,GCF_019974055.1;protein_1501,GCF_030406585.1;protein_1297,GCF_030323565.1;protein_1450,GCF_007844055.1;protein_252,GCF_002952595.1;protein_126,GCF_002952635.1;protein_128,GCF_002952535.1;protein_127,GCF_007794935.1;protein_125
GCF_021729605.1;protein_1287,GCF_016748085.1;protein_1311,GCF_002951975.1;protein_125,GCF_016755675.1;protein_1288,GCF_006337405.1;protein_123,GCF_007843715.1;protein_1453,GCF_002906495.1;protein_1311,GCF_022923775.1;protein_157,GCF_021184145.1;protein_702,GCF_022921935.1;protein_154,GCF_002952575.1;protein_125,GCF_002953555.1;protein_1310,GCF_019974055.1;protein_1502,GCF_030406585.1;protein_1298,GCF_030323565.1;protein_1451,GCF_007844055.1;protein_251,GCF_002952595.1;protein_125,GCF_002952635.1;protein_127,GCF_002952535.1;protein_126,GCF_007794935.1;protein_124
GCF_021729605.1;protein_1289,GCF_016748085.1;protein_1313,GCF_002951975.1;protein_123,GCF_016755675.1;protein_1292,GCF_006337405.1;protein_121,GCF_007843715.1;protein_1455,GCF_002906495.1;protein_1313,GCF_022923775.1;protein_1402,GCF_021184145.1;protein_704,GCF_022921935.1;protein_1397,GCF_002952575.1;protein_123,GCF_002953555.1;protein_1312,GCF_019974055.1;protein_1504,GCF_030406585.1;protein_1300,GCF_030323565.1;protein_1453,GCF_007844055.1;protein_249,GCF_002952595.1;protein_123,GCF_002952635.1;protein_125,GCF_002952535.1;protein_124,GCF_007794935.1;protein_122
GCF_021729605.1;protein_129,GCF_016748085.1;protein_131,GCF_002951975.1;protein_1304,GCF_016755675.1;protein_132,GCF_006337405.1;protein_1342,GCF_007843715.1;protein_326,GCF_002906495.1;protein_135,GCF_022923775.1;protein_1309,GCF_021184145.1;protein_1082,GCF_022921935.1;protein_1313,GCF_002952575.1;protein_1303,GCF_002953555.1;protein_136,GCF_019974055.1;protein_320,GCF_030406585.1;protein_1020,GCF_030323565.1;protein_282,GCF_007844055.1;protein_1321,GCF_002952595.1;protein_1303,GCF_002952635.1;protein_1308,GCF_002952535.1;protein_1307,GCF_007794935.1;protein_1302
GCF_021729605.1;protein_1290,GCF_016748085.1;protein_1314,GCF_002951975.1;protein_122,GCF_016755675.1;protein_1293,GCF_006337405.1;protein_120,GCF_007843715.1;protein_1456,GCF_002906495.1;protein_1314,GCF_022923775.1;protein_1403,GCF_021184145.1;protein_705,GCF_022921935.1;protein_1398,GCF_002952575.1;protein_122,GCF_002953555.1;protein_1313,GCF_019974055.1;protein_1505,GCF_030406585.1;protein_1301,GCF_030323565.1;protein_1454,GCF_007844055.1;protein_248,GCF_002952595.1;protein_122,GCF_002952635.1;protein_124,GCF_002952535.1;protein_123,GCF_007794935.1;protein_121
GCF_021729605.1;protein_1291,GCF_016748085.1;protein_1315,GCF_002951975.1;protein_121,GCF_016755675.1;protein_1294,GCF_006337405.1;protein_119,GCF_007843715.1;protein_1457,GCF_002906495.1;protein_1315,GCF_022923775.1;protein_1404,GCF_021184145.1;protein_706,GCF_022921935.1;protein_1399,GCF_002952575.1;protein_121,GCF_002953555.1;protein_1314,GCF_019974055.1;protein_1506,GCF_030406585.1;protein_1302,GCF_030323565.1;protein_1455,GCF_007844055.1;protein_247,GCF_002952595.1;protein_121,GCF_002952635.1;protein_123,GCF_002952535.1;protein_122,GCF_007794935.1;protein_120
GCF_021729605.1;protein_1292,GCF_016748085.1;protein_1316,GCF_002951975.1;protein_120,GCF_016755675.1;protein_1295,GCF_006337405.1;protein_118,GCF_007843715.1;protein_1458,GCF_002906495.1;protein_1316,GCF_022923775.1;protein_1405,GCF_021184145.1;protein_707,GCF_022921935.1;protein_1400,GCF_002952575.1;protein_120,GCF_002953555.1;protein_1315,GCF_019974055.1;protein_1507,GCF_030406585.1;protein_1303,GCF_030323565.1;protein_1456,GCF_007844055.1;protein_246,GCF_002952595.1;protein_120,GCF_002952635.1;protein_122,GCF_002952535.1;protein_121,GCF_007794935.1;protein_119
GCF_021729605.1;protein_1293,GCF_016748085.1;protein_1317,GCF_002951975.1;protein_119,GCF_016755675.1;protein_1296,GCF_006337405.1;protein_117,GCF_007843715.1;protein_1459,GCF_002906495.1;protein_1317,GCF_022923775.1;protein_1406,GCF_021184145.1;protein_708,GCF_022921935.1;protein_1401,GCF_002952575.1;protein_119,GCF_002953555.1;protein_1316,GCF_019974055.1;protein_1508,GCF_030406585.1;protein_1304,GCF_030323565.1;protein_1457,GCF_007844055.1;protein_245,GCF_002952595.1;protein_119,GCF_002952635.1;protein_121,GCF_002952535.1;protein_120,GCF_007794935.1;protein_118
GCF_021729605.1;protein_1294,GCF_016748085.1;protein_1318,GCF_002951975.1;protein_118,GCF_016755675.1;protein_1297,GCF_006337405.1;protein_116,GCF_007843715.1;protein_1460,GCF_002906495.1;protein_1318,GCF_022923775.1;protein_1407,GCF_021184145.1;protein_709,GCF_022921935.1;protein_1402,GCF_002952575.1;protein_118,GCF_002953555.1;protein_1317,GCF_019974055.1;protein_1509,GCF_030406585.1;protein_1305,GCF_030323565.1;protein_1458,GCF_007844055.1;protein_244,GCF_002952595.1;protein_118,GCF_002952635.1;protein_120,GCF_002952535.1;protein_119,GCF_007794935.1;protein_117
GCF_021729605.1;protein_1295,GCF_016748085.1;protein_1319,GCF_002951975.1;protein_117,GCF_016755675.1;protein_1298,GCF_006337405.1;protein_115,GCF_007843715.1;protein_1461,GCF_002906495.1;protein_1319,GCF_022923775.1;protein_1408,GCF_021184145.1;protein_710,GCF_022921935.1;protein_1403,GCF_002952575.1;protein_117,GCF_002953555.1;protein_1318,GCF_019974055.1;protein_1510,GCF_030406585.1;protein_1306,GCF_030323565.1;protein_1459,GCF_007844055.1;protein_243,GCF_002952595.1;protein_117,GCF_002952635.1;protein_119,GCF_002952535.1;protein_118,GCF_007794935.1;protein_116
GCF_021729605.1;protein_1296,GCF_016748085.1;protein_1320,GCF_002951975.1;protein_116,GCF_016755675.1;protein_1299,GCF_006337405.1;protein_114,GCF_007843715.1;protein_1462,GCF_002906495.1;protein_1320,GCF_022923775.1;protein_1409,GCF_021184145.1;protein_711,GCF_022921935.1;protein_1404,GCF_002952575.1;protein_116,GCF_002953555.1;protein_1319,GCF_019974055.1;protein_1511,GCF_030406585.1;protein_1307,GCF_030323565.1;protein_1460,GCF_007844055.1;protein_242,GCF_002952595.1;protein_116,GCF_002952635.1;protein_118,GCF_002952535.1;protein_117,GCF_007794935.1;protein_115
GCF_021729605.1;protein_13,GCF_016748085.1;protein_12,GCF_002951975.1;protein_1468,GCF_016755675.1;protein_12,GCF_006337405.1;protein_1505,GCF_007843715.1;protein_206,GCF_002906495.1;protein_13,GCF_022923775.1;protein_1448,GCF_021184145.1;protein_961,GCF_022921935.1;protein_1440,GCF_002952575.1;protein_1467,GCF_002953555.1;protein_13,GCF_019974055.1;protein_167,GCF_030406585.1;protein_13,GCF_030323565.1;protein_159,GCF_007844055.1;protein_159,GCF_002952595.1;protein_1467,GCF_002952635.1;protein_1472,GCF_002952535.1;protein_1471,GCF_007794935.1;protein_1468
GCF_021729605.1;protein_130,GCF_016748085.1;protein_132,GCF_002951975.1;protein_1303,GCF_016755675.1;protein_133,GCF_006337405.1;protein_1341,GCF_007843715.1;protein_327,GCF_002906495.1;protein_136,GCF_022923775.1;protein_1308,GCF_021184145.1;protein_1083,GCF_022921935.1;protein_1312,GCF_002952575.1;protein_1302,GCF_002953555.1;protein_137,GCF_019974055.1;protein_321,GCF_030406585.1;protein_1021,GCF_030323565.1;protein_283,GCF_007844055.1;protein_1320,GCF_002952595.1;protein_1302,GCF_002952635.1;protein_1307,GCF_002952535.1;protein_1306,GCF_007794935.1;protein_1301
GCF_021729605.1;protein_1300,GCF_016748085.1;protein_1325,GCF_002951975.1;protein_1399,GCF_016755675.1;protein_1304,GCF_006337405.1;protein_1436,GCF_007843715.1;protein_1464,GCF_002906495.1;protein_1326,GCF_022923775.1;protein_1413,GCF_021184145.1;protein_717,GCF_022921935.1;protein_1406,GCF_002952575.1;protein_1398,GCF_002953555.1;protein_1325,GCF_019974055.1;protein_1516,GCF_030406585.1;protein_86,GCF_030323565.1;protein_1466,GCF_007844055.1;protein_236,GCF_002952595.1;protein_1398,GCF_002952635.1;protein_1403,GCF_002952535.1;protein_1402,GCF_007794935.1;protein_1399
GCF_021729605.1;protein_1301,GCF_016748085.1;protein_1326,GCF_002951975.1;protein_1400,GCF_016755675.1;protein_1305,GCF_006337405.1;protein_1437,GCF_007843715.1;protein_1465,GCF_002906495.1;protein_1327,GCF_022923775.1;protein_1414,GCF_021184145.1;protein_718,GCF_022921935.1;protein_1407,GCF_002952575.1;protein_1399,GCF_002953555.1;protein_1326,GCF_019974055.1;protein_1517,GCF_030406585.1;protein_85,GCF_030323565.1;protein_1467,GCF_007844055.1;protein_235,GCF_002952595.1;protein_1399,GCF_002952635.1;protein_1404,GCF_002952535.1;protein_1403,GCF_007794935.1;protein_1400
GCF_021729605.1;protein_1302,GCF_016748085.1;protein_1327,GCF_002951975.1;protein_1401,GCF_016755675.1;protein_1306,GCF_006337405.1;protein_1438,GCF_007843715.1;protein_1466,GCF_002906495.1;protein_1328,GCF_022923775.1;protein_1415,GCF_021184145.1;protein_719,GCF_022921935.1;protein_1408,GCF_002952575.1;protein_1400,GCF_002953555.1;protein_1327,GCF_019974055.1;protein_1518,GCF_030406585.1;protein_84,GCF_030323565.1;protein_1468,GCF_007844055.1;protein_234,GCF_002952595.1;protein_1400,GCF_002952635.1;protein_1405,GCF_002952535.1;protein_1404,GCF_007794935.1;protein_1401
GCF_021729605.1;protein_1303,GCF_016748085.1;protein_1328,GCF_002951975.1;protein_1402,GCF_016755675.1;protein_1307,GCF_006337405.1;protein_1439,GCF_007843715.1;protein_1467,GCF_002906495.1;protein_1329,GCF_022923775.1;protein_1416,GCF_021184145.1;protein_720,GCF_022921935.1;protein_1409,GCF_002952575.1;protein_1401,GCF_002953555.1;protein_1328,GCF_019974055.1;protein_1519,GCF_030406585.1;protein_83,GCF_030323565.1;protein_1469,GCF_007844055.1;protein_233,GCF_002952595.1;protein_1401,GCF_002952635.1;protein_1406,GCF_002952535.1;protein_1405,GCF_007794935.1;protein_1402
GCF_021729605.1;protein_1304,GCF_016748085.1;protein_1329,GCF_002951975.1;protein_1403,GCF_016755675.1;protein_1308,GCF_006337405.1;protein_1440,GCF_007843715.1;protein_1468,GCF_002906495.1;protein_1330,GCF_022923775.1;protein_1417,GCF_021184145.1;protein_721,GCF_022921935.1;protein_1410,GCF_002952575.1;protein_1402,GCF_002953555.1;protein_1329,GCF_019974055.1;protein_1520,GCF_030406585.1;protein_82,GCF_030323565.1;protein_1470,GCF_007844055.1;protein_232,GCF_002952595.1;protein_1402,GCF_002952635.1;protein_1407,GCF_002952535.1;protein_1406,GCF_007794935.1;protein_1403
GCF_021729605.1;protein_1305,GCF_016748085.1;protein_1330,GCF_002951975.1;protein_1404,GCF_016755675.1;protein_1309,GCF_006337405.1;protein_1441,GCF_007843715.1;protein_1469,GCF_002906495.1;protein_1331,GCF_022923775.1;protein_1418,GCF_021184145.1;protein_722,GCF_022921935.1;protein_1411,GCF_002952575.1;protein_1403,GCF_002953555.1;protein_1330,GCF_019974055.1;protein_1521,GCF_030406585.1;protein_81,GCF_030323565.1;protein_1471,GCF_007844055.1;protein_231,GCF_002952595.1;protein_1403,GCF_002952635.1;protein_1408,GCF_002952535.1;protein_1407,GCF_007794935.1;protein_1404
GCF_021729605.1;protein_1306,GCF_016748085.1;protein_1331,GCF_002951975.1;protein_1405,GCF_016755675.1;protein_1310,GCF_006337405.1;protein_1442,GCF_007843715.1;protein_1470,GCF_002906495.1;protein_1332,GCF_022923775.1;protein_1419,GCF_021184145.1;protein_723,GCF_022921935.1;protein_1412,GCF_002952575.1;protein_1404,GCF_002953555.1;protein_1331,GCF_019974055.1;protein_1522,GCF_030406585.1;protein_80,GCF_030323565.1;protein_1472,GCF_007844055.1;protein_230,GCF_002952595.1;protein_1404,GCF_002952635.1;protein_1409,GCF_002952535.1;protein_1408,GCF_007794935.1;protein_1405
GCF_021729605.1;protein_1307,GCF_016748085.1;protein_1332,GCF_002951975.1;protein_1406,GCF_016755675.1;protein_1311,GCF_006337405.1;protein_1443,GCF_007843715.1;protein_1471,GCF_002906495.1;protein_1333,GCF_022923775.1;protein_1420,GCF_021184145.1;protein_724,GCF_022921935.1;protein_1413,GCF_002952575.1;protein_1405,GCF_002953555.1;protein_1332,GCF_019974055.1;protein_1523,GCF_030406585.1;protein_79,GCF_030323565.1;protein_1473,GCF_007844055.1;protein_229,GCF_002952595.1;protein_1405,GCF_002952635.1;protein_1410,GCF_002952535.1;protein_1409,GCF_007794935.1;protein_1406
GCF_021729605.1;protein_1308,GCF_016748085.1;protein_1333,GCF_002951975.1;protein_1407,GCF_016755675.1;protein_1312,GCF_006337405.1;protein_1444,GCF_007843715.1;protein_1472,GCF_002906495.1;protein_1334,GCF_022923775.1;protein_1421,GCF_021184145.1;protein_725,GCF_022921935.1;protein_1414,GCF_002952575.1;protein_1406,GCF_002953555.1;protein_1333,GCF_019974055.1;protein_1524,GCF_030406585.1;protein_78,GCF_030323565.1;protein_1474,GCF_007844055.1;protein_228,GCF_002952595.1;protein_1406,GCF_002952635.1;protein_1411,GCF_002952535.1;protein_1410,GCF_007794935.1;protein_1407
GCF_021729605.1;protein_1309,GCF_016748085.1;protein_1334,GCF_002951975.1;protein_1408,GCF_016755675.1;protein_1313,GCF_006337405.1;protein_1445,GCF_007843715.1;protein_1473,GCF_002906495.1;protein_1335,GCF_022923775.1;protein_1422,GCF_021184145.1;protein_726,GCF_022921935.1;protein_1415,GCF_002952575.1;protein_1407,GCF_002953555.1;protein_1334,GCF_019974055.1;protein_1525,GCF_030406585.1;protein_77,GCF_030323565.1;protein_1475,GCF_007844055.1;protein_227,GCF_002952595.1;protein_1407,GCF_002952635.1;protein_1412,GCF_002952535.1;protein_1411,GCF_007794935.1;protein_1408
GCF_021729605.1;protein_131,GCF_016748085.1;protein_133,GCF_002951975.1;protein_1302,GCF_016755675.1;protein_134,GCF_006337405.1;protein_1340,GCF_007843715.1;protein_328,GCF_002906495.1;protein_137,GCF_022923775.1;protein_1307,GCF_021184145.1;protein_1084,GCF_022921935.1;protein_1311,GCF_002952575.1;protein_1301,GCF_002953555.1;protein_138,GCF_019974055.1;protein_322,GCF_030406585.1;protein_1022,GCF_030323565.1;protein_284,GCF_007844055.1;protein_1319,GCF_002952595.1;protein_1301,GCF_002952635.1;protein_1306,GCF_002952535.1;protein_1305,GCF_007794935.1;protein_1300
GCF_021729605.1;protein_1315,GCF_016748085.1;protein_1343,GCF_002951975.1;protein_1413,GCF_016755675.1;protein_1323,GCF_006337405.1;protein_1452,GCF_007843715.1;protein_1478,GCF_002906495.1;protein_1346,GCF_022923775.1;protein_1429,GCF_021184145.1;protein_730,GCF_022921935.1;protein_1423,GCF_002952575.1;protein_1412,GCF_002953555.1;protein_1345,GCF_019974055.1;protein_61,GCF_030406585.1;protein_70,GCF_030323565.1;protein_1480,GCF_007844055.1;protein_219,GCF_002952595.1;protein_1412,GCF_002952635.1;protein_1417,GCF_002952535.1;protein_1416,GCF_007794935.1;protein_1413
GCF_021729605.1;protein_1316,GCF_016748085.1;protein_1344,GCF_002951975.1;protein_1414,GCF_016755675.1;protein_1324,GCF_006337405.1;protein_1453,GCF_007843715.1;protein_1479,GCF_002906495.1;protein_1347,GCF_022923775.1;protein_1430,GCF_021184145.1;protein_731,GCF_022921935.1;protein_1424,GCF_002952575.1;protein_1413,GCF_002953555.1;protein_1346,GCF_019974055.1;protein_60,GCF_030406585.1;protein_69,GCF_030323565.1;protein_1481,GCF_007844055.1;protein_218,GCF_002952595.1;protein_1413,GCF_002952635.1;protein_1418,GCF_002952535.1;protein_1417,GCF_007794935.1;protein_1414
GCF_021729605.1;protein_1317,GCF_016748085.1;protein_1345,GCF_002951975.1;protein_1415,GCF_016755675.1;protein_1325,GCF_006337405.1;protein_1454,GCF_007843715.1;protein_1480,GCF_002906495.1;protein_1348,GCF_022923775.1;protein_1431,GCF_021184145.1;protein_732,GCF_022921935.1;protein_1425,GCF_002952575.1;protein_1414,GCF_002953555.1;protein_1347,GCF_019974055.1;protein_59,GCF_030406585.1;protein_68,GCF_030323565.1;protein_1482,GCF_007844055.1;protein_217,GCF_002952595.1;protein_1414,GCF_002952635.1;protein_1419,GCF_002952535.1;protein_1418,GCF_007794935.1;protein_1415
GCF_021729605.1;protein_1318,GCF_016748085.1;protein_1346,GCF_002951975.1;protein_1416,GCF_016755675.1;protein_1326,GCF_006337405.1;protein_1455,GCF_007843715.1;protein_1481,GCF_002906495.1;protein_1349,GCF_022923775.1;protein_1432,GCF_021184145.1;protein_733,GCF_022921935.1;protein_1426,GCF_002952575.1;protein_1415,GCF_002953555.1;protein_1348,GCF_019974055.1;protein_58,GCF_030406585.1;protein_67,GCF_030323565.1;protein_1483,GCF_007844055.1;protein_216,GCF_002952595.1;protein_1415,GCF_002952635.1;protein_1420,GCF_002952535.1;protein_1419,GCF_007794935.1;protein_1416
GCF_021729605.1;protein_1319,GCF_016748085.1;protein_1347,GCF_002951975.1;protein_1417,GCF_016755675.1;protein_1327,GCF_006337405.1;protein_1456,GCF_007843715.1;protein_1482,GCF_002906495.1;protein_1350,GCF_022923775.1;protein_1433,GCF_021184145.1;protein_734,GCF_022921935.1;protein_1427,GCF_002952575.1;protein_1416,GCF_002953555.1;protein_1349,GCF_019974055.1;protein_57,GCF_030406585.1;protein_66,GCF_030323565.1;protein_1484,GCF_007844055.1;protein_215,GCF_002952595.1;protein_1416,GCF_002952635.1;protein_1421,GCF_002952535.1;protein_1420,GCF_007794935.1;protein_1417
GCF_021729605.1;protein_132,GCF_016748085.1;protein_134,GCF_002951975.1;protein_1301,GCF_016755675.1;protein_135,GCF_006337405.1;protein_1339,GCF_007843715.1;protein_329,GCF_002906495.1;protein_138,GCF_022923775.1;protein_1306,GCF_021184145.1;protein_1085,GCF_022921935.1;protein_1310,GCF_002952575.1;protein_1300,GCF_002953555.1;protein_139,GCF_019974055.1;protein_323,GCF_030406585.1;protein_1023,GCF_030323565.1;protein_285,GCF_007844055.1;protein_1318,GCF_002952595.1;protein_1300,GCF_002952635.1;protein_1305,GCF_002952535.1;protein_1304,GCF_007794935.1;protein_1299
GCF_021729605.1;protein_1321,GCF_016748085.1;protein_1349,GCF_002951975.1;protein_1419,GCF_016755675.1;protein_1329,GCF_006337405.1;protein_1458,GCF_007843715.1;protein_1484,GCF_002906495.1;protein_1352,GCF_022923775.1;protein_1435,GCF_021184145.1;protein_736,GCF_022921935.1;protein_1428,GCF_002952575.1;protein_1418,GCF_002953555.1;protein_1351,GCF_019974055.1;protein_55,GCF_030406585.1;protein_64,GCF_030323565.1;protein_1486,GCF_007844055.1;protein_213,GCF_002952595.1;protein_1418,GCF_002952635.1;protein_1423,GCF_002952535.1;protein_1422,GCF_007794935.1;protein_1419
GCF_021729605.1;protein_1323,GCF_016748085.1;protein_1350,GCF_002951975.1;protein_1421,GCF_016755675.1;protein_1330,GCF_006337405.1;protein_1459,GCF_007843715.1;protein_1485,GCF_002906495.1;protein_1353,GCF_022923775.1;protein_1436,GCF_021184145.1;protein_738,GCF_022921935.1;protein_1429,GCF_002952575.1;protein_1420,GCF_002953555.1;protein_1352,GCF_019974055.1;protein_54,GCF_030406585.1;protein_62,GCF_030323565.1;protein_1487,GCF_007844055.1;protein_212,GCF_002952595.1;protein_1420,GCF_002952635.1;protein_1425,GCF_002952535.1;protein_1424,GCF_007794935.1;protein_1421
GCF_021729605.1;protein_1324,GCF_016748085.1;protein_1351,GCF_002951975.1;protein_1422,GCF_016755675.1;protein_1331,GCF_006337405.1;protein_1460,GCF_007843715.1;protein_1486,GCF_002906495.1;protein_1354,GCF_022923775.1;protein_1437,GCF_021184145.1;protein_739,GCF_022921935.1;protein_1430,GCF_002952575.1;protein_1421,GCF_002953555.1;protein_1353,GCF_019974055.1;protein_53,GCF_030406585.1;protein_61,GCF_030323565.1;protein_1488,GCF_007844055.1;protein_211,GCF_002952595.1;protein_1421,GCF_002952635.1;protein_1426,GCF_002952535.1;protein_1425,GCF_007794935.1;protein_1422
GCF_021729605.1;protein_1329,GCF_016748085.1;protein_1357,GCF_002951975.1;protein_1427,GCF_016755675.1;protein_1337,GCF_006337405.1;protein_1465,GCF_007843715.1;protein_1492,GCF_002906495.1;protein_1382,GCF_022923775.1;protein_130,GCF_021184145.1;protein_744,GCF_022921935.1;protein_126,GCF_002952575.1;protein_1426,GCF_002953555.1;protein_1382,GCF_019974055.1;protein_44,GCF_030406585.1;protein_56,GCF_030323565.1;protein_1494,GCF_007844055.1;protein_206,GCF_002952595.1;protein_1426,GCF_002952635.1;protein_1431,GCF_002952535.1;protein_1430,GCF_007794935.1;protein_1427
GCF_021729605.1;protein_133,GCF_016748085.1;protein_135,GCF_002951975.1;protein_1300,GCF_016755675.1;protein_136,GCF_006337405.1;protein_1338,GCF_007843715.1;protein_330,GCF_002906495.1;protein_139,GCF_022923775.1;protein_1305,GCF_021184145.1;protein_1086,GCF_022921935.1;protein_1309,GCF_002952575.1;protein_1299,GCF_002953555.1;protein_140,GCF_019974055.1;protein_324,GCF_030406585.1;protein_1024,GCF_030323565.1;protein_286,GCF_007844055.1;protein_1317,GCF_002952595.1;protein_1299,GCF_002952635.1;protein_1304,GCF_002952535.1;protein_1303,GCF_007794935.1;protein_1298
GCF_021729605.1;protein_1330,GCF_016748085.1;protein_1358,GCF_002951975.1;protein_1428,GCF_016755675.1;protein_1338,GCF_006337405.1;protein_1466,GCF_007843715.1;protein_1493,GCF_002906495.1;protein_1383,GCF_022923775.1;protein_129,GCF_021184145.1;protein_745,GCF_022921935.1;protein_125,GCF_002952575.1;protein_1427,GCF_002953555.1;protein_1383,GCF_019974055.1;protein_43,GCF_030406585.1;protein_55,GCF_030323565.1;protein_1495,GCF_007844055.1;protein_205,GCF_002952595.1;protein_1427,GCF_002952635.1;protein_1432,GCF_002952535.1;protein_1431,GCF_007794935.1;protein_1428
GCF_021729605.1;protein_1338,GCF_016748085.1;protein_1362,GCF_002951975.1;protein_1433,GCF_016755675.1;protein_1343,GCF_006337405.1;protein_1470,GCF_007843715.1;protein_1498,GCF_002906495.1;protein_1389,GCF_022923775.1;protein_123,GCF_021184145.1;protein_751,GCF_022921935.1;protein_121,GCF_002952575.1;protein_1432,GCF_002953555.1;protein_1389,GCF_019974055.1;protein_38,GCF_030406585.1;protein_50,GCF_030323565.1;protein_1499,GCF_007844055.1;protein_473,GCF_002952595.1;protein_1432,GCF_002952635.1;protein_1437,GCF_002952535.1;protein_1436,GCF_007794935.1;protein_1433
GCF_021729605.1;protein_1339,GCF_016748085.1;protein_1363,GCF_002951975.1;protein_1434,GCF_016755675.1;protein_1344,GCF_006337405.1;protein_1471,GCF_007843715.1;protein_1499,GCF_002906495.1;protein_1390,GCF_022923775.1;protein_122,GCF_021184145.1;protein_752,GCF_022921935.1;protein_120,GCF_002952575.1;protein_1433,GCF_002953555.1;protein_1390,GCF_019974055.1;protein_37,GCF_030406585.1;protein_49,GCF_030323565.1;protein_1500,GCF_007844055.1;protein_472,GCF_002952595.1;protein_1433,GCF_002952635.1;protein_1438,GCF_002952535.1;protein_1437,GCF_007794935.1;protein_1434
GCF_021729605.1;protein_134,GCF_016748085.1;protein_136,GCF_002951975.1;protein_1299,GCF_016755675.1;protein_137,GCF_006337405.1;protein_1337,GCF_007843715.1;protein_331,GCF_002906495.1;protein_140,GCF_022923775.1;protein_1304,GCF_021184145.1;protein_1087,GCF_022921935.1;protein_1308,GCF_002952575.1;protein_1298,GCF_002953555.1;protein_141,GCF_019974055.1;protein_325,GCF_030406585.1;protein_1025,GCF_030323565.1;protein_287,GCF_007844055.1;protein_1316,GCF_002952595.1;protein_1298,GCF_002952635.1;protein_1303,GCF_002952535.1;protein_1302,GCF_007794935.1;protein_1297
GCF_021729605.1;protein_1340,GCF_016748085.1;protein_1364,GCF_002951975.1;protein_1435,GCF_016755675.1;protein_1345,GCF_006337405.1;protein_1472,GCF_007843715.1;protein_1500,GCF_002906495.1;protein_1391,GCF_022923775.1;protein_121,GCF_021184145.1;protein_753,GCF_022921935.1;protein_119,GCF_002952575.1;protein_1434,GCF_002953555.1;protein_1391,GCF_019974055.1;protein_36,GCF_030406585.1;protein_48,GCF_030323565.1;protein_1501,GCF_007844055.1;protein_471,GCF_002952595.1;protein_1434,GCF_002952635.1;protein_1439,GCF_002952535.1;protein_1438,GCF_007794935.1;protein_1435
GCF_021729605.1;protein_1341,GCF_016748085.1;protein_1365,GCF_002951975.1;protein_1436,GCF_016755675.1;protein_1346,GCF_006337405.1;protein_1473,GCF_007843715.1;protein_1501,GCF_002906495.1;protein_1392,GCF_022923775.1;protein_120,GCF_021184145.1;protein_754,GCF_022921935.1;protein_118,GCF_002952575.1;protein_1435,GCF_002953555.1;protein_1392,GCF_019974055.1;protein_35,GCF_030406585.1;protein_47,GCF_030323565.1;protein_1502,GCF_007844055.1;protein_470,GCF_002952595.1;protein_1435,GCF_002952635.1;protein_1440,GCF_002952535.1;protein_1439,GCF_007794935.1;protein_1436
GCF_021729605.1;protein_1344,GCF_016748085.1;protein_1368,GCF_002951975.1;protein_112,GCF_016755675.1;protein_1349,GCF_006337405.1;protein_111,GCF_007843715.1;protein_1504,GCF_002906495.1;protein_1395,GCF_022923775.1;protein_117,GCF_021184145.1;protein_757,GCF_022921935.1;protein_115,GCF_002952575.1;protein_112,GCF_002953555.1;protein_1395,GCF_019974055.1;protein_1537,GCF_030406585.1;protein_1311,GCF_030323565.1;protein_1505,GCF_007844055.1;protein_467,GCF_002952595.1;protein_112,GCF_002952635.1;protein_114,GCF_002952535.1;protein_113,GCF_007794935.1;protein_111
GCF_021729605.1;protein_1345,GCF_016748085.1;protein_1369,GCF_002951975.1;protein_111,GCF_016755675.1;protein_1350,GCF_006337405.1;protein_110,GCF_007843715.1;protein_1505,GCF_002906495.1;protein_1396,GCF_022923775.1;protein_116,GCF_021184145.1;protein_758,GCF_022921935.1;protein_114,GCF_002952575.1;protein_111,GCF_002953555.1;protein_1396,GCF_019974055.1;protein_1538,GCF_030406585.1;protein_1312,GCF_030323565.1;protein_1506,GCF_007844055.1;protein_466,GCF_002952595.1;protein_111,GCF_002952635.1;protein_113,GCF_002952535.1;protein_112,GCF_007794935.1;protein_110
GCF_021729605.1;protein_1346,GCF_016748085.1;protein_1370,GCF_002951975.1;protein_110,GCF_016755675.1;protein_1351,GCF_006337405.1;protein_109,GCF_007843715.1;protein_1506,GCF_002906495.1;protein_1397,GCF_022923775.1;protein_115,GCF_021184145.1;protein_759,GCF_022921935.1;protein_113,GCF_002952575.1;protein_110,GCF_002953555.1;protein_1397,GCF_019974055.1;protein_1539,GCF_030406585.1;protein_1313,GCF_030323565.1;protein_1507,GCF_007844055.1;protein_465,GCF_002952595.1;protein_110,GCF_002952635.1;protein_112,GCF_002952535.1;protein_111,GCF_007794935.1;protein_109
GCF_021729605.1;protein_1347,GCF_016748085.1;protein_1371,GCF_002951975.1;protein_109,GCF_016755675.1;protein_1352,GCF_006337405.1;protein_108,GCF_007843715.1;protein_1507,GCF_002906495.1;protein_1398,GCF_022923775.1;protein_114,GCF_021184145.1;protein_760,GCF_022921935.1;protein_112,GCF_002952575.1;protein_109,GCF_002953555.1;protein_1398,GCF_019974055.1;protein_1540,GCF_030406585.1;protein_1314,GCF_030323565.1;protein_1508,GCF_007844055.1;protein_464,GCF_002952595.1;protein_109,GCF_002952635.1;protein_111,GCF_002952535.1;protein_110,GCF_007794935.1;protein_108
GCF_021729605.1;protein_1348,GCF_016748085.1;protein_1372,GCF_002951975.1;protein_108,GCF_016755675.1;protein_1353,GCF_006337405.1;protein_107,GCF_007843715.1;protein_1508,GCF_002906495.1;protein_1399,GCF_022923775.1;protein_113,GCF_021184145.1;protein_761,GCF_022921935.1;protein_111,GCF_002952575.1;protein_108,GCF_002953555.1;protein_1399,GCF_019974055.1;protein_1541,GCF_030406585.1;protein_1315,GCF_030323565.1;protein_1509,GCF_007844055.1;protein_463,GCF_002952595.1;protein_108,GCF_002952635.1;protein_110,GCF_002952535.1;protein_109,GCF_007794935.1;protein_107
GCF_021729605.1;protein_1349,GCF_016748085.1;protein_1373,GCF_002951975.1;protein_107,GCF_016755675.1;protein_1354,GCF_006337405.1;protein_106,GCF_007843715.1;protein_1509,GCF_002906495.1;protein_1400,GCF_022923775.1;protein_112,GCF_021184145.1;protein_762,GCF_022921935.1;protein_110,GCF_002952575.1;protein_107,GCF_002953555.1;protein_1400,GCF_019974055.1;protein_1542,GCF_030406585.1;protein_1316,GCF_030323565.1;protein_1510,GCF_007844055.1;protein_462,GCF_002952595.1;protein_107,GCF_002952635.1;protein_109,GCF_002952535.1;protein_108,GCF_007794935.1;protein_106
GCF_021729605.1;protein_135,GCF_016748085.1;protein_137,GCF_002951975.1;protein_1298,GCF_016755675.1;protein_138,GCF_006337405.1;protein_1336,GCF_007843715.1;protein_332,GCF_002906495.1;protein_141,GCF_022923775.1;protein_1303,GCF_021184145.1;protein_1088,GCF_022921935.1;protein_1307,GCF_002952575.1;protein_1297,GCF_002953555.1;protein_142,GCF_019974055.1;protein_326,GCF_030406585.1;protein_1026,GCF_030323565.1;protein_288,GCF_007844055.1;protein_1315,GCF_002952595.1;protein_1297,GCF_002952635.1;protein_1302,GCF_002952535.1;protein_1301,GCF_007794935.1;protein_1296
GCF_021729605.1;protein_1350,GCF_016748085.1;protein_1374,GCF_002951975.1;protein_106,GCF_016755675.1;protein_1355,GCF_006337405.1;protein_105,GCF_007843715.1;protein_1510,GCF_002906495.1;protein_1401,GCF_022923775.1;protein_111,GCF_021184145.1;protein_763,GCF_022921935.1;protein_109,GCF_002952575.1;protein_106,GCF_002953555.1;protein_1401,GCF_019974055.1;protein_1543,GCF_030406585.1;protein_1317,GCF_030323565.1;protein_1511,GCF_007844055.1;protein_461,GCF_002952595.1;protein_106,GCF_002952635.1;protein_108,GCF_002952535.1;protein_107,GCF_007794935.1;protein_105
GCF_021729605.1;protein_1352,GCF_016748085.1;protein_1376,GCF_002951975.1;protein_103,GCF_016755675.1;protein_1358,GCF_006337405.1;protein_102,GCF_007843715.1;protein_1514,GCF_002906495.1;protein_1404,GCF_022923775.1;protein_108,GCF_021184145.1;protein_771,GCF_022921935.1;protein_106,GCF_002952575.1;protein_103,GCF_002953555.1;protein_1404,GCF_019974055.1;protein_1547,GCF_030406585.1;protein_1319,GCF_030323565.1;protein_1515,GCF_007844055.1;protein_458,GCF_002952595.1;protein_103,GCF_002952635.1;protein_104,GCF_002952535.1;protein_104,GCF_007794935.1;protein_102
GCF_021729605.1;protein_1353,GCF_016748085.1;protein_1377,GCF_002951975.1;protein_102,GCF_016755675.1;protein_1359,GCF_006337405.1;protein_101,GCF_007843715.1;protein_1515,GCF_002906495.1;protein_1405,GCF_022923775.1;protein_107,GCF_021184145.1;protein_770,GCF_022921935.1;protein_105,GCF_002952575.1;protein_102,GCF_002953555.1;protein_1405,GCF_019974055.1;protein_1548,GCF_030406585.1;protein_1320,GCF_030323565.1;protein_1516,GCF_007844055.1;protein_457,GCF_002952595.1;protein_102,GCF_002952635.1;protein_103,GCF_002952535.1;protein_103,GCF_007794935.1;protein_101
GCF_021729605.1;protein_1354,GCF_016748085.1;protein_1378,GCF_002951975.1;protein_101,GCF_016755675.1;protein_1360,GCF_006337405.1;protein_100,GCF_007843715.1;protein_1516,GCF_002906495.1;protein_1406,GCF_022923775.1;protein_106,GCF_021184145.1;protein_769,GCF_022921935.1;protein_104,GCF_002952575.1;protein_101,GCF_002953555.1;protein_1406,GCF_019974055.1;protein_1549,GCF_030406585.1;protein_1321,GCF_030323565.1;protein_1517,GCF_007844055.1;protein_456,GCF_002952595.1;protein_101,GCF_002952635.1;protein_102,GCF_002952535.1;protein_102,GCF_007794935.1;protein_100
GCF_021729605.1;protein_1355,GCF_016748085.1;protein_1379,GCF_002951975.1;protein_100,GCF_016755675.1;protein_1361,GCF_006337405.1;protein_99,GCF_007843715.1;protein_1517,GCF_002906495.1;protein_1407,GCF_022923775.1;protein_105,GCF_021184145.1;protein_768,GCF_022921935.1;protein_103,GCF_002952575.1;protein_100,GCF_002953555.1;protein_1407,GCF_019974055.1;protein_1550,GCF_030406585.1;protein_1322,GCF_030323565.1;protein_1518,GCF_007844055.1;protein_455,GCF_002952595.1;protein_100,GCF_002952635.1;protein_101,GCF_002952535.1;protein_101,GCF_007794935.1;protein_99
GCF_021729605.1;protein_1358,GCF_016748085.1;protein_1383,GCF_002951975.1;protein_97,GCF_016755675.1;protein_1364,GCF_006337405.1;protein_95,GCF_007843715.1;protein_1520,GCF_002906495.1;protein_1410,GCF_022923775.1;protein_102,GCF_021184145.1;protein_773,GCF_022921935.1;protein_99,GCF_002952575.1;protein_97,GCF_002953555.1;protein_1410,GCF_019974055.1;protein_1553,GCF_030406585.1;protein_1327,GCF_030323565.1;protein_1523,GCF_007844055.1;protein_452,GCF_002952595.1;protein_97,GCF_002952635.1;protein_97,GCF_002952535.1;protein_97,GCF_007794935.1;protein_96
GCF_021729605.1;protein_1359,GCF_016748085.1;protein_1384,GCF_002951975.1;protein_96,GCF_016755675.1;protein_1365,GCF_006337405.1;protein_94,GCF_007843715.1;protein_1521,GCF_002906495.1;protein_1411,GCF_022923775.1;protein_101,GCF_021184145.1;protein_774,GCF_022921935.1;protein_98,GCF_002952575.1;protein_96,GCF_002953555.1;protein_1411,GCF_019974055.1;protein_1554,GCF_030406585.1;protein_1328,GCF_030323565.1;protein_1524,GCF_007844055.1;protein_451,GCF_002952595.1;protein_96,GCF_002952635.1;protein_96,GCF_002952535.1;protein_96,GCF_007794935.1;protein_95
GCF_021729605.1;protein_136,GCF_016748085.1;protein_138,GCF_002951975.1;protein_1297,GCF_016755675.1;protein_139,GCF_006337405.1;protein_1335,GCF_007843715.1;protein_333,GCF_002906495.1;protein_142,GCF_022923775.1;protein_1302,GCF_021184145.1;protein_1089,GCF_022921935.1;protein_1306,GCF_002952575.1;protein_1296,GCF_002953555.1;protein_143,GCF_019974055.1;protein_327,GCF_030406585.1;protein_1027,GCF_030323565.1;protein_289,GCF_007844055.1;protein_1314,GCF_002952595.1;protein_1296,GCF_002952635.1;protein_1301,GCF_002952535.1;protein_1300,GCF_007794935.1;protein_1295
GCF_021729605.1;protein_1360,GCF_016748085.1;protein_1385,GCF_002951975.1;protein_95,GCF_016755675.1;protein_1366,GCF_006337405.1;protein_93,GCF_007843715.1;protein_1522,GCF_002906495.1;protein_1412,GCF_022923775.1;protein_100,GCF_021184145.1;protein_775,GCF_022921935.1;protein_97,GCF_002952575.1;protein_95,GCF_002953555.1;protein_1412,GCF_019974055.1;protein_1555,GCF_030406585.1;protein_1329,GCF_030323565.1;protein_1525,GCF_007844055.1;protein_450,GCF_002952595.1;protein_95,GCF_002952635.1;protein_95,GCF_002952535.1;protein_95,GCF_007794935.1;protein_94
GCF_021729605.1;protein_1364,GCF_016748085.1;protein_1389,GCF_002951975.1;protein_89,GCF_016755675.1;protein_1371,GCF_006337405.1;protein_89,GCF_007843715.1;protein_1526,GCF_002906495.1;protein_1418,GCF_022923775.1;protein_95,GCF_021184145.1;protein_780,GCF_022921935.1;protein_90,GCF_002952575.1;protein_89,GCF_002953555.1;protein_1418,GCF_019974055.1;protein_1562,GCF_030406585.1;protein_1452,GCF_030323565.1;protein_1530,GCF_007844055.1;protein_1518,GCF_002952595.1;protein_89,GCF_002952635.1;protein_89,GCF_002952535.1;protein_89,GCF_007794935.1;protein_88
GCF_021729605.1;protein_1365,GCF_016748085.1;protein_1390,GCF_002951975.1;protein_88,GCF_016755675.1;protein_1372,GCF_006337405.1;protein_88,GCF_007843715.1;protein_1527,GCF_002906495.1;protein_1419,GCF_022923775.1;protein_94,GCF_021184145.1;protein_781,GCF_022921935.1;protein_89,GCF_002952575.1;protein_88,GCF_002953555.1;protein_1419,GCF_019974055.1;protein_1563,GCF_030406585.1;protein_1451,GCF_030323565.1;protein_1531,GCF_007844055.1;protein_1519,GCF_002952595.1;protein_88,GCF_002952635.1;protein_88,GCF_002952535.1;protein_88,GCF_007794935.1;protein_87
GCF_021729605.1;protein_1366,GCF_016748085.1;protein_1391,GCF_002951975.1;protein_87,GCF_016755675.1;protein_1373,GCF_006337405.1;protein_87,GCF_007843715.1;protein_1528,GCF_002906495.1;protein_1420,GCF_022923775.1;protein_93,GCF_021184145.1;protein_782,GCF_022921935.1;protein_88,GCF_002952575.1;protein_87,GCF_002953555.1;protein_1420,GCF_019974055.1;protein_1564,GCF_030406585.1;protein_1450,GCF_030323565.1;protein_1532,GCF_007844055.1;protein_1520,GCF_002952595.1;protein_87,GCF_002952635.1;protein_87,GCF_002952535.1;protein_87,GCF_007794935.1;protein_86
GCF_021729605.1;protein_1367,GCF_016748085.1;protein_1392,GCF_002951975.1;protein_86,GCF_016755675.1;protein_1374,GCF_006337405.1;protein_86,GCF_007843715.1;protein_1529,GCF_002906495.1;protein_1421,GCF_022923775.1;protein_92,GCF_021184145.1;protein_783,GCF_022921935.1;protein_87,GCF_002952575.1;protein_86,GCF_002953555.1;protein_1421,GCF_019974055.1;protein_1565,GCF_030406585.1;protein_1449,GCF_030323565.1;protein_1533,GCF_007844055.1;protein_1521,GCF_002952595.1;protein_86,GCF_002952635.1;protein_86,GCF_002952535.1;protein_86,GCF_007794935.1;protein_85
GCF_021729605.1;protein_1368,GCF_016748085.1;protein_1393,GCF_002951975.1;protein_85,GCF_016755675.1;protein_1375,GCF_006337405.1;protein_85,GCF_007843715.1;protein_1530,GCF_002906495.1;protein_1422,GCF_022923775.1;protein_91,GCF_021184145.1;protein_784,GCF_022921935.1;protein_86,GCF_002952575.1;protein_85,GCF_002953555.1;protein_1422,GCF_019974055.1;protein_1566,GCF_030406585.1;protein_1448,GCF_030323565.1;protein_1534,GCF_007844055.1;protein_1522,GCF_002952595.1;protein_85,GCF_002952635.1;protein_85,GCF_002952535.1;protein_85,GCF_007794935.1;protein_84
GCF_021729605.1;protein_1369,GCF_016748085.1;protein_1394,GCF_002951975.1;protein_84,GCF_016755675.1;protein_1376,GCF_006337405.1;protein_84,GCF_007843715.1;protein_1531,GCF_002906495.1;protein_1423,GCF_022923775.1;protein_90,GCF_021184145.1;protein_785,GCF_022921935.1;protein_85,GCF_002952575.1;protein_84,GCF_002953555.1;protein_1423,GCF_019974055.1;protein_1567,GCF_030406585.1;protein_1447,GCF_030323565.1;protein_1535,GCF_007844055.1;protein_1523,GCF_002952595.1;protein_84,GCF_002952635.1;protein_84,GCF_002952535.1;protein_84,GCF_007794935.1;protein_83
GCF_021729605.1;protein_137,GCF_016748085.1;protein_139,GCF_002951975.1;protein_1296,GCF_016755675.1;protein_140,GCF_006337405.1;protein_1334,GCF_007843715.1;protein_334,GCF_002906495.1;protein_143,GCF_022923775.1;protein_1301,GCF_021184145.1;protein_1090,GCF_022921935.1;protein_1305,GCF_002952575.1;protein_1295,GCF_002953555.1;protein_144,GCF_019974055.1;protein_328,GCF_030406585.1;protein_1028,GCF_030323565.1;protein_290,GCF_007844055.1;protein_1313,GCF_002952595.1;protein_1295,GCF_002952635.1;protein_1300,GCF_002952535.1;protein_1299,GCF_007794935.1;protein_1294
GCF_021729605.1;protein_1370,GCF_016748085.1;protein_1395,GCF_002951975.1;protein_83,GCF_016755675.1;protein_1377,GCF_006337405.1;protein_83,GCF_007843715.1;protein_1532,GCF_002906495.1;protein_1424,GCF_022923775.1;protein_89,GCF_021184145.1;protein_786,GCF_022921935.1;protein_84,GCF_002952575.1;protein_83,GCF_002953555.1;protein_1424,GCF_019974055.1;protein_1568,GCF_030406585.1;protein_1446,GCF_030323565.1;protein_1536,GCF_007844055.1;protein_1524,GCF_002952595.1;protein_83,GCF_002952635.1;protein_83,GCF_002952535.1;protein_83,GCF_007794935.1;protein_82
GCF_021729605.1;protein_1371,GCF_016748085.1;protein_1396,GCF_002951975.1;protein_82,GCF_016755675.1;protein_1378,GCF_006337405.1;protein_82,GCF_007843715.1;protein_1533,GCF_002906495.1;protein_1425,GCF_022923775.1;protein_88,GCF_021184145.1;protein_787,GCF_022921935.1;protein_83,GCF_002952575.1;protein_82,GCF_002953555.1;protein_1425,GCF_019974055.1;protein_1569,GCF_030406585.1;protein_1445,GCF_030323565.1;protein_1537,GCF_007844055.1;protein_1525,GCF_002952595.1;protein_82,GCF_002952635.1;protein_82,GCF_002952535.1;protein_82,GCF_007794935.1;protein_81
GCF_021729605.1;protein_1372,GCF_016748085.1;protein_1397,GCF_002951975.1;protein_81,GCF_016755675.1;protein_1379,GCF_006337405.1;protein_81,GCF_007843715.1;protein_1534,GCF_002906495.1;protein_1426,GCF_022923775.1;protein_87,GCF_021184145.1;protein_788,GCF_022921935.1;protein_82,GCF_002952575.1;protein_81,GCF_002953555.1;protein_1426,GCF_019974055.1;protein_1570,GCF_030406585.1;protein_1444,GCF_030323565.1;protein_1538,GCF_007844055.1;protein_1526,GCF_002952595.1;protein_81,GCF_002952635.1;protein_81,GCF_002952535.1;protein_81,GCF_007794935.1;protein_80
GCF_021729605.1;protein_1373,GCF_016748085.1;protein_1398,GCF_002951975.1;protein_80,GCF_016755675.1;protein_1380,GCF_006337405.1;protein_80,GCF_007843715.1;protein_1535,GCF_002906495.1;protein_1427,GCF_022923775.1;protein_86,GCF_021184145.1;protein_789,GCF_022921935.1;protein_81,GCF_002952575.1;protein_80,GCF_002953555.1;protein_1427,GCF_019974055.1;protein_1571,GCF_030406585.1;protein_1443,GCF_030323565.1;protein_1539,GCF_007844055.1;protein_1527,GCF_002952595.1;protein_80,GCF_002952635.1;protein_80,GCF_002952535.1;protein_80,GCF_007794935.1;protein_79
GCF_021729605.1;protein_1374,GCF_016748085.1;protein_1399,GCF_002951975.1;protein_79,GCF_016755675.1;protein_1381,GCF_006337405.1;protein_79,GCF_007843715.1;protein_1536,GCF_002906495.1;protein_1428,GCF_022923775.1;protein_85,GCF_021184145.1;protein_790,GCF_022921935.1;protein_80,GCF_002952575.1;protein_79,GCF_002953555.1;protein_1428,GCF_019974055.1;protein_1572,GCF_030406585.1;protein_1442,GCF_030323565.1;protein_1540,GCF_007844055.1;protein_1528,GCF_002952595.1;protein_79,GCF_002952635.1;protein_79,GCF_002952535.1;protein_79,GCF_007794935.1;protein_78
GCF_021729605.1;protein_1375,GCF_016748085.1;protein_1400,GCF_002951975.1;protein_78,GCF_016755675.1;protein_1382,GCF_006337405.1;protein_78,GCF_007843715.1;protein_1537,GCF_002906495.1;protein_1429,GCF_022923775.1;protein_84,GCF_021184145.1;protein_791,GCF_022921935.1;protein_79,GCF_002952575.1;protein_78,GCF_002953555.1;protein_1429,GCF_019974055.1;protein_1573,GCF_030406585.1;protein_1441,GCF_030323565.1;protein_1541,GCF_007844055.1;protein_1529,GCF_002952595.1;protein_78,GCF_002952635.1;protein_78,GCF_002952535.1;protein_78,GCF_007794935.1;protein_77
GCF_021729605.1;protein_1376,GCF_016748085.1;protein_1401,GCF_002951975.1;protein_77,GCF_016755675.1;protein_1383,GCF_006337405.1;protein_77,GCF_007843715.1;protein_1538,GCF_002906495.1;protein_1430,GCF_022923775.1;protein_83,GCF_021184145.1;protein_792,GCF_022921935.1;protein_78,GCF_002952575.1;protein_77,GCF_002953555.1;protein_1430,GCF_019974055.1;protein_1574,GCF_030406585.1;protein_1440,GCF_030323565.1;protein_1542,GCF_007844055.1;protein_1530,GCF_002952595.1;protein_77,GCF_002952635.1;protein_77,GCF_002952535.1;protein_77,GCF_007794935.1;protein_76
GCF_021729605.1;protein_1377,GCF_016748085.1;protein_1402,GCF_002951975.1;protein_76,GCF_016755675.1;protein_1384,GCF_006337405.1;protein_76,GCF_007843715.1;protein_1539,GCF_002906495.1;protein_1431,GCF_022923775.1;protein_82,GCF_021184145.1;protein_793,GCF_022921935.1;protein_77,GCF_002952575.1;protein_76,GCF_002953555.1;protein_1431,GCF_019974055.1;protein_1575,GCF_030406585.1;protein_1439,GCF_030323565.1;protein_1543,GCF_007844055.1;protein_1531,GCF_002952595.1;protein_76,GCF_002952635.1;protein_76,GCF_002952535.1;protein_76,GCF_007794935.1;protein_75
GCF_021729605.1;protein_1379,GCF_016748085.1;protein_1405,GCF_002951975.1;protein_74,GCF_016755675.1;protein_1386,GCF_006337405.1;protein_74,GCF_007843715.1;protein_73,GCF_002906495.1;protein_1432,GCF_022923775.1;protein_79,GCF_021184145.1;protein_795,GCF_022921935.1;protein_75,GCF_002952575.1;protein_74,GCF_002953555.1;protein_1432,GCF_019974055.1;protein_114,GCF_030406585.1;protein_1437,GCF_030323565.1;protein_72,GCF_007844055.1;protein_73,GCF_002952595.1;protein_74,GCF_002952635.1;protein_74,GCF_002952535.1;protein_74,GCF_007794935.1;protein_73
GCF_021729605.1;protein_138,GCF_016748085.1;protein_140,GCF_002951975.1;protein_1295,GCF_016755675.1;protein_141,GCF_006337405.1;protein_1333,GCF_007843715.1;protein_335,GCF_002906495.1;protein_144,GCF_022923775.1;protein_1300,GCF_021184145.1;protein_1091,GCF_022921935.1;protein_1304,GCF_002952575.1;protein_1294,GCF_002953555.1;protein_145,GCF_019974055.1;protein_329,GCF_030406585.1;protein_1029,GCF_030323565.1;protein_291,GCF_007844055.1;protein_1312,GCF_002952595.1;protein_1294,GCF_002952635.1;protein_1299,GCF_002952535.1;protein_1298,GCF_007794935.1;protein_1293
GCF_021729605.1;protein_1381,GCF_016748085.1;protein_1407,GCF_002951975.1;protein_72,GCF_016755675.1;protein_1388,GCF_006337405.1;protein_72,GCF_007843715.1;protein_71,GCF_002906495.1;protein_1434,GCF_022923775.1;protein_77,GCF_021184145.1;protein_797,GCF_022921935.1;protein_73,GCF_002952575.1;protein_72,GCF_002953555.1;protein_1434,GCF_019974055.1;protein_112,GCF_030406585.1;protein_1435,GCF_030323565.1;protein_70,GCF_007844055.1;protein_71,GCF_002952595.1;protein_72,GCF_002952635.1;protein_72,GCF_002952535.1;protein_72,GCF_007794935.1;protein_71
GCF_021729605.1;protein_1382,GCF_016748085.1;protein_1408,GCF_002951975.1;protein_71,GCF_016755675.1;protein_1389,GCF_006337405.1;protein_71,GCF_007843715.1;protein_70,GCF_002906495.1;protein_1435,GCF_022923775.1;protein_76,GCF_021184145.1;protein_798,GCF_022921935.1;protein_72,GCF_002952575.1;protein_71,GCF_002953555.1;protein_1435,GCF_019974055.1;protein_111,GCF_030406585.1;protein_1434,GCF_030323565.1;protein_69,GCF_007844055.1;protein_70,GCF_002952595.1;protein_71,GCF_002952635.1;protein_71,GCF_002952535.1;protein_71,GCF_007794935.1;protein_70
GCF_021729605.1;protein_1383,GCF_016748085.1;protein_1409,GCF_002951975.1;protein_70,GCF_016755675.1;protein_1390,GCF_006337405.1;protein_70,GCF_007843715.1;protein_69,GCF_002906495.1;protein_1436,GCF_022923775.1;protein_75,GCF_021184145.1;protein_799,GCF_022921935.1;protein_71,GCF_002952575.1;protein_70,GCF_002953555.1;protein_1436,GCF_019974055.1;protein_110,GCF_030406585.1;protein_1433,GCF_030323565.1;protein_68,GCF_007844055.1;protein_69,GCF_002952595.1;protein_70,GCF_002952635.1;protein_70,GCF_002952535.1;protein_70,GCF_007794935.1;protein_69
GCF_021729605.1;protein_1384,GCF_016748085.1;protein_1410,GCF_002951975.1;protein_69,GCF_016755675.1;protein_1391,GCF_006337405.1;protein_69,GCF_007843715.1;protein_68,GCF_002906495.1;protein_1437,GCF_022923775.1;protein_74,GCF_021184145.1;protein_800,GCF_022921935.1;protein_70,GCF_002952575.1;protein_69,GCF_002953555.1;protein_1437,GCF_019974055.1;protein_109,GCF_030406585.1;protein_1432,GCF_030323565.1;protein_67,GCF_007844055.1;protein_68,GCF_002952595.1;protein_69,GCF_002952635.1;protein_69,GCF_002952535.1;protein_69,GCF_007794935.1;protein_68
GCF_021729605.1;protein_1385,GCF_016748085.1;protein_1411,GCF_002951975.1;protein_68,GCF_016755675.1;protein_1392,GCF_006337405.1;protein_68,GCF_007843715.1;protein_67,GCF_002906495.1;protein_1438,GCF_022923775.1;protein_73,GCF_021184145.1;protein_801,GCF_022921935.1;protein_69,GCF_002952575.1;protein_68,GCF_002953555.1;protein_1438,GCF_019974055.1;protein_108,GCF_030406585.1;protein_1431,GCF_030323565.1;protein_66,GCF_007844055.1;protein_67,GCF_002952595.1;protein_68,GCF_002952635.1;protein_68,GCF_002952535.1;protein_68,GCF_007794935.1;protein_67
GCF_021729605.1;protein_1386,GCF_016748085.1;protein_1412,GCF_002951975.1;protein_67,GCF_016755675.1;protein_1393,GCF_006337405.1;protein_67,GCF_007843715.1;protein_66,GCF_002906495.1;protein_1439,GCF_022923775.1;protein_72,GCF_021184145.1;protein_802,GCF_022921935.1;protein_68,GCF_002952575.1;protein_67,GCF_002953555.1;protein_1439,GCF_019974055.1;protein_107,GCF_030406585.1;protein_1430,GCF_030323565.1;protein_65,GCF_007844055.1;protein_66,GCF_002952595.1;protein_67,GCF_002952635.1;protein_67,GCF_002952535.1;protein_67,GCF_007794935.1;protein_66
GCF_021729605.1;protein_1387,GCF_016748085.1;protein_1413,GCF_002951975.1;protein_66,GCF_016755675.1;protein_1399,GCF_006337405.1;protein_66,GCF_007843715.1;protein_65,GCF_002906495.1;protein_1440,GCF_022923775.1;protein_67,GCF_021184145.1;protein_803,GCF_022921935.1;protein_67,GCF_002952575.1;protein_66,GCF_002953555.1;protein_1440,GCF_019974055.1;protein_106,GCF_030406585.1;protein_1429,GCF_030323565.1;protein_64,GCF_007844055.1;protein_65,GCF_002952595.1;protein_66,GCF_002952635.1;protein_66,GCF_002952535.1;protein_66,GCF_007794935.1;protein_65
GCF_021729605.1;protein_1388,GCF_016748085.1;protein_1414,GCF_002951975.1;protein_65,GCF_016755675.1;protein_1400,GCF_006337405.1;protein_65,GCF_007843715.1;protein_64,GCF_002906495.1;protein_1441,GCF_022923775.1;protein_66,GCF_021184145.1;protein_804,GCF_022921935.1;protein_66,GCF_002952575.1;protein_65,GCF_002953555.1;protein_1441,GCF_019974055.1;protein_105,GCF_030406585.1;protein_1428,GCF_030323565.1;protein_63,GCF_007844055.1;protein_64,GCF_002952595.1;protein_65,GCF_002952635.1;protein_65,GCF_002952535.1;protein_65,GCF_007794935.1;protein_64
GCF_021729605.1;protein_1389,GCF_016748085.1;protein_1415,GCF_002951975.1;protein_64,GCF_016755675.1;protein_1401,GCF_006337405.1;protein_64,GCF_007843715.1;protein_63,GCF_002906495.1;protein_1442,GCF_022923775.1;protein_65,GCF_021184145.1;protein_805,GCF_022921935.1;protein_65,GCF_002952575.1;protein_64,GCF_002953555.1;protein_1442,GCF_019974055.1;protein_104,GCF_030406585.1;protein_1427,GCF_030323565.1;protein_62,GCF_007844055.1;protein_63,GCF_002952595.1;protein_64,GCF_002952635.1;protein_64,GCF_002952535.1;protein_64,GCF_007794935.1;protein_63
GCF_021729605.1;protein_139,GCF_016748085.1;protein_141,GCF_002951975.1;protein_1294,GCF_016755675.1;protein_142,GCF_006337405.1;protein_1332,GCF_007843715.1;protein_336,GCF_002906495.1;protein_145,GCF_022923775.1;protein_1299,GCF_021184145.1;protein_1092,GCF_022921935.1;protein_1303,GCF_002952575.1;protein_1293,GCF_002953555.1;protein_146,GCF_019974055.1;protein_330,GCF_030406585.1;protein_1030,GCF_030323565.1;protein_292,GCF_007844055.1;protein_1311,GCF_002952595.1;protein_1293,GCF_002952635.1;protein_1298,GCF_002952535.1;protein_1297,GCF_007794935.1;protein_1292
GCF_021729605.1;protein_1390,GCF_016748085.1;protein_1416,GCF_002951975.1;protein_63,GCF_016755675.1;protein_1402,GCF_006337405.1;protein_63,GCF_007843715.1;protein_62,GCF_002906495.1;protein_1443,GCF_022923775.1;protein_64,GCF_021184145.1;protein_806,GCF_022921935.1;protein_64,GCF_002952575.1;protein_63,GCF_002953555.1;protein_1443,GCF_019974055.1;protein_103,GCF_030406585.1;protein_1426,GCF_030323565.1;protein_61,GCF_007844055.1;protein_62,GCF_002952595.1;protein_63,GCF_002952635.1;protein_63,GCF_002952535.1;protein_63,GCF_007794935.1;protein_62
GCF_021729605.1;protein_1391,GCF_016748085.1;protein_1417,GCF_002951975.1;protein_62,GCF_016755675.1;protein_1403,GCF_006337405.1;protein_62,GCF_007843715.1;protein_61,GCF_002906495.1;protein_1444,GCF_022923775.1;protein_63,GCF_021184145.1;protein_807,GCF_022921935.1;protein_63,GCF_002952575.1;protein_62,GCF_002953555.1;protein_1444,GCF_019974055.1;protein_102,GCF_030406585.1;protein_1425,GCF_030323565.1;protein_60,GCF_007844055.1;protein_61,GCF_002952595.1;protein_62,GCF_002952635.1;protein_62,GCF_002952535.1;protein_62,GCF_007794935.1;protein_61
GCF_021729605.1;protein_1392,GCF_016748085.1;protein_1418,GCF_002951975.1;protein_61,GCF_016755675.1;protein_1404,GCF_006337405.1;protein_61,GCF_007843715.1;protein_60,GCF_002906495.1;protein_1445,GCF_022923775.1;protein_62,GCF_021184145.1;protein_808,GCF_022921935.1;protein_62,GCF_002952575.1;protein_61,GCF_002953555.1;protein_1445,GCF_019974055.1;protein_101,GCF_030406585.1;protein_1424,GCF_030323565.1;protein_59,GCF_007844055.1;protein_60,GCF_002952595.1;protein_61,GCF_002952635.1;protein_61,GCF_002952535.1;protein_61,GCF_007794935.1;protein_60
GCF_021729605.1;protein_1393,GCF_016748085.1;protein_1419,GCF_002951975.1;protein_60,GCF_016755675.1;protein_1405,GCF_006337405.1;protein_60,GCF_007843715.1;protein_59,GCF_002906495.1;protein_1446,GCF_022923775.1;protein_61,GCF_021184145.1;protein_809,GCF_022921935.1;protein_61,GCF_002952575.1;protein_60,GCF_002953555.1;protein_1446,GCF_019974055.1;protein_100,GCF_030406585.1;protein_1423,GCF_030323565.1;protein_58,GCF_007844055.1;protein_59,GCF_002952595.1;protein_60,GCF_002952635.1;protein_60,GCF_002952535.1;protein_60,GCF_007794935.1;protein_59
GCF_021729605.1;protein_1394,GCF_016748085.1;protein_1420,GCF_002951975.1;protein_59,GCF_016755675.1;protein_1406,GCF_006337405.1;protein_59,GCF_007843715.1;protein_58,GCF_002906495.1;protein_1447,GCF_022923775.1;protein_60,GCF_021184145.1;protein_810,GCF_022921935.1;protein_60,GCF_002952575.1;protein_59,GCF_002953555.1;protein_1447,GCF_019974055.1;protein_99,GCF_030406585.1;protein_1422,GCF_030323565.1;protein_57,GCF_007844055.1;protein_58,GCF_002952595.1;protein_59,GCF_002952635.1;protein_59,GCF_002952535.1;protein_59,GCF_007794935.1;protein_58
GCF_021729605.1;protein_1395,GCF_016748085.1;protein_1421,GCF_002951975.1;protein_58,GCF_016755675.1;protein_1407,GCF_006337405.1;protein_58,GCF_007843715.1;protein_57,GCF_002906495.1;protein_1448,GCF_022923775.1;protein_59,GCF_021184145.1;protein_811,GCF_022921935.1;protein_59,GCF_002952575.1;protein_58,GCF_002953555.1;protein_1448,GCF_019974055.1;protein_98,GCF_030406585.1;protein_1421,GCF_030323565.1;protein_56,GCF_007844055.1;protein_57,GCF_002952595.1;protein_58,GCF_002952635.1;protein_58,GCF_002952535.1;protein_58,GCF_007794935.1;protein_57
GCF_021729605.1;protein_1398,GCF_016748085.1;protein_1424,GCF_002951975.1;protein_55,GCF_016755675.1;protein_1411,GCF_006337405.1;protein_54,GCF_007843715.1;protein_54,GCF_002906495.1;protein_1451,GCF_022923775.1;protein_53,GCF_021184145.1;protein_814,GCF_022921935.1;protein_55,GCF_002952575.1;protein_55,GCF_002953555.1;protein_1451,GCF_019974055.1;protein_95,GCF_030406585.1;protein_1418,GCF_030323565.1;protein_52,GCF_007844055.1;protein_54,GCF_002952595.1;protein_55,GCF_002952635.1;protein_55,GCF_002952535.1;protein_55,GCF_007794935.1;protein_54
GCF_021729605.1;protein_1399,GCF_016748085.1;protein_1425,GCF_002951975.1;protein_54,GCF_016755675.1;protein_1412,GCF_006337405.1;protein_53,GCF_007843715.1;protein_53,GCF_002906495.1;protein_1452,GCF_022923775.1;protein_52,GCF_021184145.1;protein_815,GCF_022921935.1;protein_54,GCF_002952575.1;protein_54,GCF_002953555.1;protein_1452,GCF_019974055.1;protein_94,GCF_030406585.1;protein_1417,GCF_030323565.1;protein_51,GCF_007844055.1;protein_53,GCF_002952595.1;protein_54,GCF_002952635.1;protein_54,GCF_002952535.1;protein_54,GCF_007794935.1;protein_53
GCF_021729605.1;protein_14,GCF_016748085.1;protein_13,GCF_002951975.1;protein_1467,GCF_016755675.1;protein_13,GCF_006337405.1;protein_1504,GCF_007843715.1;protein_207,GCF_002906495.1;protein_14,GCF_022923775.1;protein_1447,GCF_021184145.1;protein_962,GCF_022921935.1;protein_1439,GCF_002952575.1;protein_1466,GCF_002953555.1;protein_14,GCF_019974055.1;protein_166,GCF_030406585.1;protein_14,GCF_030323565.1;protein_160,GCF_007844055.1;protein_160,GCF_002952595.1;protein_1466,GCF_002952635.1;protein_1471,GCF_002952535.1;protein_1470,GCF_007794935.1;protein_1467
GCF_021729605.1;protein_140,GCF_016748085.1;protein_142,GCF_002951975.1;protein_1293,GCF_016755675.1;protein_143,GCF_006337405.1;protein_1331,GCF_007843715.1;protein_337,GCF_002906495.1;protein_146,GCF_022923775.1;protein_1298,GCF_021184145.1;protein_1093,GCF_022921935.1;protein_1302,GCF_002952575.1;protein_1292,GCF_002953555.1;protein_147,GCF_019974055.1;protein_331,GCF_030406585.1;protein_1031,GCF_030323565.1;protein_293,GCF_007844055.1;protein_1310,GCF_002952595.1;protein_1292,GCF_002952635.1;protein_1297,GCF_002952535.1;protein_1296,GCF_007794935.1;protein_1291
GCF_021729605.1;protein_1400,GCF_016748085.1;protein_1426,GCF_002951975.1;protein_53,GCF_016755675.1;protein_1413,GCF_006337405.1;protein_52,GCF_007843715.1;protein_52,GCF_002906495.1;protein_1453,GCF_022923775.1;protein_51,GCF_021184145.1;protein_816,GCF_022921935.1;protein_53,GCF_002952575.1;protein_53,GCF_002953555.1;protein_1453,GCF_019974055.1;protein_93,GCF_030406585.1;protein_1416,GCF_030323565.1;protein_50,GCF_007844055.1;protein_52,GCF_002952595.1;protein_53,GCF_002952635.1;protein_53,GCF_002952535.1;protein_53,GCF_007794935.1;protein_52
GCF_021729605.1;protein_1401,GCF_016748085.1;protein_1427,GCF_002951975.1;protein_52,GCF_016755675.1;protein_1414,GCF_006337405.1;protein_51,GCF_007843715.1;protein_51,GCF_002906495.1;protein_1454,GCF_022923775.1;protein_50,GCF_021184145.1;protein_817,GCF_022921935.1;protein_52,GCF_002952575.1;protein_52,GCF_002953555.1;protein_1454,GCF_019974055.1;protein_92,GCF_030406585.1;protein_1415,GCF_030323565.1;protein_49,GCF_007844055.1;protein_51,GCF_002952595.1;protein_52,GCF_002952635.1;protein_52,GCF_002952535.1;protein_52,GCF_007794935.1;protein_51
GCF_021729605.1;protein_1402,GCF_016748085.1;protein_1428,GCF_002951975.1;protein_51,GCF_016755675.1;protein_1415,GCF_006337405.1;protein_50,GCF_007843715.1;protein_50,GCF_002906495.1;protein_1455,GCF_022923775.1;protein_49,GCF_021184145.1;protein_818,GCF_022921935.1;protein_51,GCF_002952575.1;protein_51,GCF_002953555.1;protein_1455,GCF_019974055.1;protein_91,GCF_030406585.1;protein_1414,GCF_030323565.1;protein_48,GCF_007844055.1;protein_50,GCF_002952595.1;protein_51,GCF_002952635.1;protein_51,GCF_002952535.1;protein_51,GCF_007794935.1;protein_50
GCF_021729605.1;protein_1403,GCF_016748085.1;protein_1429,GCF_002951975.1;protein_50,GCF_016755675.1;protein_1416,GCF_006337405.1;protein_49,GCF_007843715.1;protein_49,GCF_002906495.1;protein_1456,GCF_022923775.1;protein_48,GCF_021184145.1;protein_819,GCF_022921935.1;protein_50,GCF_002952575.1;protein_50,GCF_002953555.1;protein_1456,GCF_019974055.1;protein_90,GCF_030406585.1;protein_1413,GCF_030323565.1;protein_47,GCF_007844055.1;protein_49,GCF_002952595.1;protein_50,GCF_002952635.1;protein_50,GCF_002952535.1;protein_50,GCF_007794935.1;protein_49
GCF_021729605.1;protein_1404,GCF_016748085.1;protein_1430,GCF_002951975.1;protein_49,GCF_016755675.1;protein_1417,GCF_006337405.1;protein_48,GCF_007843715.1;protein_48,GCF_002906495.1;protein_1457,GCF_022923775.1;protein_47,GCF_021184145.1;protein_820,GCF_022921935.1;protein_49,GCF_002952575.1;protein_49,GCF_002953555.1;protein_1457,GCF_019974055.1;protein_89,GCF_030406585.1;protein_1412,GCF_030323565.1;protein_46,GCF_007844055.1;protein_48,GCF_002952595.1;protein_49,GCF_002952635.1;protein_49,GCF_002952535.1;protein_49,GCF_007794935.1;protein_48
GCF_021729605.1;protein_1405,GCF_016748085.1;protein_1431,GCF_002951975.1;protein_48,GCF_016755675.1;protein_1418,GCF_006337405.1;protein_47,GCF_007843715.1;protein_47,GCF_002906495.1;protein_1458,GCF_022923775.1;protein_46,GCF_021184145.1;protein_821,GCF_022921935.1;protein_48,GCF_002952575.1;protein_48,GCF_002953555.1;protein_1458,GCF_019974055.1;protein_88,GCF_030406585.1;protein_1411,GCF_030323565.1;protein_45,GCF_007844055.1;protein_47,GCF_002952595.1;protein_48,GCF_002952635.1;protein_48,GCF_002952535.1;protein_48,GCF_007794935.1;protein_47
GCF_021729605.1;protein_1406,GCF_016748085.1;protein_1432,GCF_002951975.1;protein_47,GCF_016755675.1;protein_1419,GCF_006337405.1;protein_46,GCF_007843715.1;protein_46,GCF_002906495.1;protein_1459,GCF_022923775.1;protein_45,GCF_021184145.1;protein_822,GCF_022921935.1;protein_47,GCF_002952575.1;protein_47,GCF_002953555.1;protein_1459,GCF_019974055.1;protein_87,GCF_030406585.1;protein_1410,GCF_030323565.1;protein_44,GCF_007844055.1;protein_46,GCF_002952595.1;protein_47,GCF_002952635.1;protein_47,GCF_002952535.1;protein_47,GCF_007794935.1;protein_46
GCF_021729605.1;protein_1407,GCF_016748085.1;protein_1433,GCF_002951975.1;protein_46,GCF_016755675.1;protein_1420,GCF_006337405.1;protein_45,GCF_007843715.1;protein_45,GCF_002906495.1;protein_1460,GCF_022923775.1;protein_44,GCF_021184145.1;protein_823,GCF_022921935.1;protein_46,GCF_002952575.1;protein_46,GCF_002953555.1;protein_1460,GCF_019974055.1;protein_86,GCF_030406585.1;protein_1409,GCF_030323565.1;protein_43,GCF_007844055.1;protein_45,GCF_002952595.1;protein_46,GCF_002952635.1;protein_46,GCF_002952535.1;protein_46,GCF_007794935.1;protein_45
GCF_021729605.1;protein_1408,GCF_016748085.1;protein_1434,GCF_002951975.1;protein_45,GCF_016755675.1;protein_1421,GCF_006337405.1;protein_44,GCF_007843715.1;protein_44,GCF_002906495.1;protein_1461,GCF_022923775.1;protein_43,GCF_021184145.1;protein_824,GCF_022921935.1;protein_45,GCF_002952575.1;protein_45,GCF_002953555.1;protein_1461,GCF_019974055.1;protein_85,GCF_030406585.1;protein_1408,GCF_030323565.1;protein_42,GCF_007844055.1;protein_44,GCF_002952595.1;protein_45,GCF_002952635.1;protein_45,GCF_002952535.1;protein_45,GCF_007794935.1;protein_44
GCF_021729605.1;protein_1409,GCF_016748085.1;protein_1435,GCF_002951975.1;protein_44,GCF_016755675.1;protein_1422,GCF_006337405.1;protein_43,GCF_007843715.1;protein_43,GCF_002906495.1;protein_1462,GCF_022923775.1;protein_42,GCF_021184145.1;protein_825,GCF_022921935.1;protein_44,GCF_002952575.1;protein_44,GCF_002953555.1;protein_1462,GCF_019974055.1;protein_84,GCF_030406585.1;protein_1407,GCF_030323565.1;protein_41,GCF_007844055.1;protein_43,GCF_002952595.1;protein_44,GCF_002952635.1;protein_44,GCF_002952535.1;protein_44,GCF_007794935.1;protein_43
GCF_021729605.1;protein_141,GCF_016748085.1;protein_143,GCF_002951975.1;protein_1292,GCF_016755675.1;protein_144,GCF_006337405.1;protein_1330,GCF_007843715.1;protein_338,GCF_002906495.1;protein_147,GCF_022923775.1;protein_1297,GCF_021184145.1;protein_1094,GCF_022921935.1;protein_1301,GCF_002952575.1;protein_1291,GCF_002953555.1;protein_148,GCF_019974055.1;protein_332,GCF_030406585.1;protein_1032,GCF_030323565.1;protein_294,GCF_007844055.1;protein_1309,GCF_002952595.1;protein_1291,GCF_002952635.1;protein_1296,GCF_002952535.1;protein_1295,GCF_007794935.1;protein_1290
GCF_021729605.1;protein_1410,GCF_016748085.1;protein_1436,GCF_002951975.1;protein_43,GCF_016755675.1;protein_1423,GCF_006337405.1;protein_42,GCF_007843715.1;protein_42,GCF_002906495.1;protein_1463,GCF_022923775.1;protein_41,GCF_021184145.1;protein_826,GCF_022921935.1;protein_43,GCF_002952575.1;protein_43,GCF_002953555.1;protein_1463,GCF_019974055.1;protein_83,GCF_030406585.1;protein_1406,GCF_030323565.1;protein_40,GCF_007844055.1;protein_42,GCF_002952595.1;protein_43,GCF_002952635.1;protein_43,GCF_002952535.1;protein_43,GCF_007794935.1;protein_42
GCF_021729605.1;protein_1411,GCF_016748085.1;protein_1437,GCF_002951975.1;protein_42,GCF_016755675.1;protein_1424,GCF_006337405.1;protein_41,GCF_007843715.1;protein_41,GCF_002906495.1;protein_1464,GCF_022923775.1;protein_40,GCF_021184145.1;protein_827,GCF_022921935.1;protein_42,GCF_002952575.1;protein_42,GCF_002953555.1;protein_1464,GCF_019974055.1;protein_82,GCF_030406585.1;protein_1405,GCF_030323565.1;protein_39,GCF_007844055.1;protein_41,GCF_002952595.1;protein_42,GCF_002952635.1;protein_42,GCF_002952535.1;protein_42,GCF_007794935.1;protein_41
GCF_021729605.1;protein_1412,GCF_016748085.1;protein_1438,GCF_002951975.1;protein_41,GCF_016755675.1;protein_1425,GCF_006337405.1;protein_40,GCF_007843715.1;protein_40,GCF_002906495.1;protein_1465,GCF_022923775.1;protein_39,GCF_021184145.1;protein_828,GCF_022921935.1;protein_41,GCF_002952575.1;protein_41,GCF_002953555.1;protein_1465,GCF_019974055.1;protein_81,GCF_030406585.1;protein_1404,GCF_030323565.1;protein_38,GCF_007844055.1;protein_40,GCF_002952595.1;protein_41,GCF_002952635.1;protein_41,GCF_002952535.1;protein_41,GCF_007794935.1;protein_40
GCF_021729605.1;protein_1413,GCF_016748085.1;protein_1439,GCF_002951975.1;protein_40,GCF_016755675.1;protein_1426,GCF_006337405.1;protein_39,GCF_007843715.1;protein_39,GCF_002906495.1;protein_1466,GCF_022923775.1;protein_38,GCF_021184145.1;protein_829,GCF_022921935.1;protein_40,GCF_002952575.1;protein_40,GCF_002953555.1;protein_1466,GCF_019974055.1;protein_80,GCF_030406585.1;protein_1403,GCF_030323565.1;protein_37,GCF_007844055.1;protein_39,GCF_002952595.1;protein_40,GCF_002952635.1;protein_40,GCF_002952535.1;protein_40,GCF_007794935.1;protein_39
GCF_021729605.1;protein_1414,GCF_016748085.1;protein_1440,GCF_002951975.1;protein_39,GCF_016755675.1;protein_1427,GCF_006337405.1;protein_38,GCF_007843715.1;protein_38,GCF_002906495.1;protein_1467,GCF_022923775.1;protein_37,GCF_021184145.1;protein_830,GCF_022921935.1;protein_39,GCF_002952575.1;protein_39,GCF_002953555.1;protein_1467,GCF_019974055.1;protein_79,GCF_030406585.1;protein_1402,GCF_030323565.1;protein_36,GCF_007844055.1;protein_38,GCF_002952595.1;protein_39,GCF_002952635.1;protein_39,GCF_002952535.1;protein_39,GCF_007794935.1;protein_38
GCF_021729605.1;protein_1415,GCF_016748085.1;protein_1441,GCF_002951975.1;protein_38,GCF_016755675.1;protein_1428,GCF_006337405.1;protein_37,GCF_007843715.1;protein_37,GCF_002906495.1;protein_1468,GCF_022923775.1;protein_36,GCF_021184145.1;protein_831,GCF_022921935.1;protein_38,GCF_002952575.1;protein_38,GCF_002953555.1;protein_1468,GCF_019974055.1;protein_78,GCF_030406585.1;protein_1401,GCF_030323565.1;protein_35,GCF_007844055.1;protein_37,GCF_002952595.1;protein_38,GCF_002952635.1;protein_38,GCF_002952535.1;protein_38,GCF_007794935.1;protein_37
GCF_021729605.1;protein_1416,GCF_016748085.1;protein_1442,GCF_002951975.1;protein_37,GCF_016755675.1;protein_1429,GCF_006337405.1;protein_36,GCF_007843715.1;protein_36,GCF_002906495.1;protein_1469,GCF_022923775.1;protein_35,GCF_021184145.1;protein_832,GCF_022921935.1;protein_37,GCF_002952575.1;protein_37,GCF_002953555.1;protein_1469,GCF_019974055.1;protein_77,GCF_030406585.1;protein_1400,GCF_030323565.1;protein_34,GCF_007844055.1;protein_36,GCF_002952595.1;protein_37,GCF_002952635.1;protein_37,GCF_002952535.1;protein_37,GCF_007794935.1;protein_36
GCF_021729605.1;protein_1417,GCF_016748085.1;protein_1443,GCF_002951975.1;protein_36,GCF_016755675.1;protein_1430,GCF_006337405.1;protein_35,GCF_007843715.1;protein_35,GCF_002906495.1;protein_1470,GCF_022923775.1;protein_34,GCF_021184145.1;protein_833,GCF_022921935.1;protein_36,GCF_002952575.1;protein_36,GCF_002953555.1;protein_1470,GCF_019974055.1;protein_66,GCF_030406585.1;protein_1399,GCF_030323565.1;protein_33,GCF_007844055.1;protein_35,GCF_002952595.1;protein_36,GCF_002952635.1;protein_36,GCF_002952535.1;protein_36,GCF_007794935.1;protein_35
GCF_021729605.1;protein_1418,GCF_016748085.1;protein_1444,GCF_002951975.1;protein_35,GCF_016755675.1;protein_1431,GCF_006337405.1;protein_34,GCF_007843715.1;protein_34,GCF_002906495.1;protein_1471,GCF_022923775.1;protein_33,GCF_021184145.1;protein_834,GCF_022921935.1;protein_35,GCF_002952575.1;protein_35,GCF_002953555.1;protein_1471,GCF_019974055.1;protein_67,GCF_030406585.1;protein_1398,GCF_030323565.1;protein_32,GCF_007844055.1;protein_34,GCF_002952595.1;protein_35,GCF_002952635.1;protein_35,GCF_002952535.1;protein_35,GCF_007794935.1;protein_34
GCF_021729605.1;protein_1419,GCF_016748085.1;protein_1445,GCF_002951975.1;protein_34,GCF_016755675.1;protein_1432,GCF_006337405.1;protein_33,GCF_007843715.1;protein_33,GCF_002906495.1;protein_1472,GCF_022923775.1;protein_32,GCF_021184145.1;protein_835,GCF_022921935.1;protein_34,GCF_002952575.1;protein_34,GCF_002953555.1;protein_1472,GCF_019974055.1;protein_68,GCF_030406585.1;protein_1397,GCF_030323565.1;protein_31,GCF_007844055.1;protein_33,GCF_002952595.1;protein_34,GCF_002952635.1;protein_34,GCF_002952535.1;protein_34,GCF_007794935.1;protein_33
GCF_021729605.1;protein_142,GCF_016748085.1;protein_144,GCF_002951975.1;protein_1291,GCF_016755675.1;protein_145,GCF_006337405.1;protein_1329,GCF_007843715.1;protein_339,GCF_002906495.1;protein_148,GCF_022923775.1;protein_1296,GCF_021184145.1;protein_1095,GCF_022921935.1;protein_1300,GCF_002952575.1;protein_1290,GCF_002953555.1;protein_149,GCF_019974055.1;protein_333,GCF_030406585.1;protein_1033,GCF_030323565.1;protein_295,GCF_007844055.1;protein_1308,GCF_002952595.1;protein_1290,GCF_002952635.1;protein_1295,GCF_002952535.1;protein_1294,GCF_007794935.1;protein_1289
GCF_021729605.1;protein_1420,GCF_016748085.1;protein_1446,GCF_002951975.1;protein_33,GCF_016755675.1;protein_1433,GCF_006337405.1;protein_32,GCF_007843715.1;protein_32,GCF_002906495.1;protein_1473,GCF_022923775.1;protein_31,GCF_021184145.1;protein_836,GCF_022921935.1;protein_33,GCF_002952575.1;protein_33,GCF_002953555.1;protein_1473,GCF_019974055.1;protein_69,GCF_030406585.1;protein_1396,GCF_030323565.1;protein_30,GCF_007844055.1;protein_32,GCF_002952595.1;protein_33,GCF_002952635.1;protein_33,GCF_002952535.1;protein_33,GCF_007794935.1;protein_32
GCF_021729605.1;protein_1421,GCF_016748085.1;protein_1447,GCF_002951975.1;protein_32,GCF_016755675.1;protein_1434,GCF_006337405.1;protein_31,GCF_007843715.1;protein_31,GCF_002906495.1;protein_1474,GCF_022923775.1;protein_30,GCF_021184145.1;protein_837,GCF_022921935.1;protein_32,GCF_002952575.1;protein_32,GCF_002953555.1;protein_1474,GCF_019974055.1;protein_70,GCF_030406585.1;protein_1395,GCF_030323565.1;protein_29,GCF_007844055.1;protein_31,GCF_002952595.1;protein_32,GCF_002952635.1;protein_32,GCF_002952535.1;protein_32,GCF_007794935.1;protein_31
GCF_021729605.1;protein_1422,GCF_016748085.1;protein_1448,GCF_002951975.1;protein_31,GCF_016755675.1;protein_1435,GCF_006337405.1;protein_30,GCF_007843715.1;protein_30,GCF_002906495.1;protein_1475,GCF_022923775.1;protein_29,GCF_021184145.1;protein_838,GCF_022921935.1;protein_31,GCF_002952575.1;protein_31,GCF_002953555.1;protein_1475,GCF_019974055.1;protein_71,GCF_030406585.1;protein_1394,GCF_030323565.1;protein_28,GCF_007844055.1;protein_30,GCF_002952595.1;protein_31,GCF_002952635.1;protein_31,GCF_002952535.1;protein_31,GCF_007794935.1;protein_30
GCF_021729605.1;protein_1423,GCF_016748085.1;protein_1449,GCF_002951975.1;protein_30,GCF_016755675.1;protein_1436,GCF_006337405.1;protein_29,GCF_007843715.1;protein_29,GCF_002906495.1;protein_1476,GCF_022923775.1;protein_28,GCF_021184145.1;protein_839,GCF_022921935.1;protein_30,GCF_002952575.1;protein_30,GCF_002953555.1;protein_1476,GCF_019974055.1;protein_72,GCF_030406585.1;protein_1393,GCF_030323565.1;protein_27,GCF_007844055.1;protein_29,GCF_002952595.1;protein_30,GCF_002952635.1;protein_30,GCF_002952535.1;protein_30,GCF_007794935.1;protein_29
GCF_021729605.1;protein_1427,GCF_016748085.1;protein_1451,GCF_002951975.1;protein_26,GCF_016755675.1;protein_1439,GCF_006337405.1;protein_26,GCF_007843715.1;protein_25,GCF_002906495.1;protein_1479,GCF_022923775.1;protein_24,GCF_021184145.1;protein_842,GCF_022921935.1;protein_27,GCF_002952575.1;protein_26,GCF_002953555.1;protein_1479,GCF_019974055.1;protein_13,GCF_030406585.1;protein_1390,GCF_030323565.1;protein_24,GCF_007844055.1;protein_25,GCF_002952595.1;protein_26,GCF_002952635.1;protein_26,GCF_002952535.1;protein_26,GCF_007794935.1;protein_25
GCF_021729605.1;protein_1428,GCF_016748085.1;protein_1452,GCF_002951975.1;protein_25,GCF_016755675.1;protein_1440,GCF_006337405.1;protein_25,GCF_007843715.1;protein_24,GCF_002906495.1;protein_1480,GCF_022923775.1;protein_23,GCF_021184145.1;protein_843,GCF_022921935.1;protein_26,GCF_002952575.1;protein_25,GCF_002953555.1;protein_1480,GCF_019974055.1;protein_14,GCF_030406585.1;protein_1389,GCF_030323565.1;protein_23,GCF_007844055.1;protein_24,GCF_002952595.1;protein_25,GCF_002952635.1;protein_25,GCF_002952535.1;protein_25,GCF_007794935.1;protein_24
GCF_021729605.1;protein_1429,GCF_016748085.1;protein_1453,GCF_002951975.1;protein_24,GCF_016755675.1;protein_1441,GCF_006337405.1;protein_24,GCF_007843715.1;protein_23,GCF_002906495.1;protein_1481,GCF_022923775.1;protein_22,GCF_021184145.1;protein_844,GCF_022921935.1;protein_25,GCF_002952575.1;protein_24,GCF_002953555.1;protein_1481,GCF_019974055.1;protein_15,GCF_030406585.1;protein_1388,GCF_030323565.1;protein_22,GCF_007844055.1;protein_23,GCF_002952595.1;protein_24,GCF_002952635.1;protein_24,GCF_002952535.1;protein_24,GCF_007794935.1;protein_23
GCF_021729605.1;protein_143,GCF_016748085.1;protein_145,GCF_002951975.1;protein_1290,GCF_016755675.1;protein_146,GCF_006337405.1;protein_1328,GCF_007843715.1;protein_340,GCF_002906495.1;protein_149,GCF_022923775.1;protein_1295,GCF_021184145.1;protein_1096,GCF_022921935.1;protein_1299,GCF_002952575.1;protein_1289,GCF_002953555.1;protein_150,GCF_019974055.1;protein_334,GCF_030406585.1;protein_1034,GCF_030323565.1;protein_296,GCF_007844055.1;protein_1307,GCF_002952595.1;protein_1289,GCF_002952635.1;protein_1294,GCF_002952535.1;protein_1293,GCF_007794935.1;protein_1288
GCF_021729605.1;protein_1430,GCF_016748085.1;protein_1454,GCF_002951975.1;protein_23,GCF_016755675.1;protein_1442,GCF_006337405.1;protein_23,GCF_007843715.1;protein_22,GCF_002906495.1;protein_1482,GCF_022923775.1;protein_21,GCF_021184145.1;protein_845,GCF_022921935.1;protein_24,GCF_002952575.1;protein_23,GCF_002953555.1;protein_1482,GCF_019974055.1;protein_16,GCF_030406585.1;protein_1387,GCF_030323565.1;protein_21,GCF_007844055.1;protein_22,GCF_002952595.1;protein_23,GCF_002952635.1;protein_23,GCF_002952535.1;protein_23,GCF_007794935.1;protein_22
GCF_021729605.1;protein_1431,GCF_016748085.1;protein_1455,GCF_002951975.1;protein_22,GCF_016755675.1;protein_1443,GCF_006337405.1;protein_22,GCF_007843715.1;protein_21,GCF_002906495.1;protein_1483,GCF_022923775.1;protein_20,GCF_021184145.1;protein_846,GCF_022921935.1;protein_23,GCF_002952575.1;protein_22,GCF_002953555.1;protein_1483,GCF_019974055.1;protein_17,GCF_030406585.1;protein_1386,GCF_030323565.1;protein_20,GCF_007844055.1;protein_21,GCF_002952595.1;protein_22,GCF_002952635.1;protein_22,GCF_002952535.1;protein_22,GCF_007794935.1;protein_21
GCF_021729605.1;protein_1432,GCF_016748085.1;protein_1456,GCF_002951975.1;protein_21,GCF_016755675.1;protein_1444,GCF_006337405.1;protein_21,GCF_007843715.1;protein_20,GCF_002906495.1;protein_1484,GCF_022923775.1;protein_19,GCF_021184145.1;protein_847,GCF_022921935.1;protein_22,GCF_002952575.1;protein_21,GCF_002953555.1;protein_1484,GCF_019974055.1;protein_18,GCF_030406585.1;protein_1385,GCF_030323565.1;protein_19,GCF_007844055.1;protein_20,GCF_002952595.1;protein_21,GCF_002952635.1;protein_21,GCF_002952535.1;protein_21,GCF_007794935.1;protein_20
GCF_021729605.1;protein_1433,GCF_016748085.1;protein_1457,GCF_002951975.1;protein_20,GCF_016755675.1;protein_1445,GCF_006337405.1;protein_20,GCF_007843715.1;protein_19,GCF_002906495.1;protein_1485,GCF_022923775.1;protein_18,GCF_021184145.1;protein_848,GCF_022921935.1;protein_21,GCF_002952575.1;protein_20,GCF_002953555.1;protein_1485,GCF_019974055.1;protein_19,GCF_030406585.1;protein_1384,GCF_030323565.1;protein_18,GCF_007844055.1;protein_19,GCF_002952595.1;protein_20,GCF_002952635.1;protein_20,GCF_002952535.1;protein_20,GCF_007794935.1;protein_19
GCF_021729605.1;protein_1434,GCF_016748085.1;protein_1458,GCF_002951975.1;protein_19,GCF_016755675.1;protein_1446,GCF_006337405.1;protein_19,GCF_007843715.1;protein_18,GCF_002906495.1;protein_1486,GCF_022923775.1;protein_17,GCF_021184145.1;protein_849,GCF_022921935.1;protein_20,GCF_002952575.1;protein_19,GCF_002953555.1;protein_1486,GCF_019974055.1;protein_20,GCF_030406585.1;protein_1383,GCF_030323565.1;protein_17,GCF_007844055.1;protein_18,GCF_002952595.1;protein_19,GCF_002952635.1;protein_19,GCF_002952535.1;protein_19,GCF_007794935.1;protein_18
GCF_021729605.1;protein_1435,GCF_016748085.1;protein_1459,GCF_002951975.1;protein_18,GCF_016755675.1;protein_1447,GCF_006337405.1;protein_18,GCF_007843715.1;protein_17,GCF_002906495.1;protein_1487,GCF_022923775.1;protein_16,GCF_021184145.1;protein_850,GCF_022921935.1;protein_19,GCF_002952575.1;protein_18,GCF_002953555.1;protein_1487,GCF_019974055.1;protein_21,GCF_030406585.1;protein_1382,GCF_030323565.1;protein_16,GCF_007844055.1;protein_17,GCF_002952595.1;protein_18,GCF_002952635.1;protein_18,GCF_002952535.1;protein_18,GCF_007794935.1;protein_17
GCF_021729605.1;protein_1436,GCF_016748085.1;protein_1460,GCF_002951975.1;protein_17,GCF_016755675.1;protein_1448,GCF_006337405.1;protein_17,GCF_007843715.1;protein_16,GCF_002906495.1;protein_1488,GCF_022923775.1;protein_15,GCF_021184145.1;protein_851,GCF_022921935.1;protein_18,GCF_002952575.1;protein_17,GCF_002953555.1;protein_1488,GCF_019974055.1;protein_22,GCF_030406585.1;protein_1381,GCF_030323565.1;protein_15,GCF_007844055.1;protein_16,GCF_002952595.1;protein_17,GCF_002952635.1;protein_17,GCF_002952535.1;protein_17,GCF_007794935.1;protein_16
GCF_021729605.1;protein_1437,GCF_016748085.1;protein_1461,GCF_002951975.1;protein_16,GCF_016755675.1;protein_1449,GCF_006337405.1;protein_16,GCF_007843715.1;protein_15,GCF_002906495.1;protein_1489,GCF_022923775.1;protein_14,GCF_021184145.1;protein_852,GCF_022921935.1;protein_17,GCF_002952575.1;protein_16,GCF_002953555.1;protein_1489,GCF_019974055.1;protein_23,GCF_030406585.1;protein_1380,GCF_030323565.1;protein_14,GCF_007844055.1;protein_15,GCF_002952595.1;protein_16,GCF_002952635.1;protein_16,GCF_002952535.1;protein_16,GCF_007794935.1;protein_15
GCF_021729605.1;protein_1439,GCF_016748085.1;protein_1463,GCF_002951975.1;protein_14,GCF_016755675.1;protein_1451,GCF_006337405.1;protein_14,GCF_007843715.1;protein_13,GCF_002906495.1;protein_1491,GCF_022923775.1;protein_12,GCF_021184145.1;protein_854,GCF_022921935.1;protein_15,GCF_002952575.1;protein_14,GCF_002953555.1;protein_1491,GCF_019974055.1;protein_25,GCF_030406585.1;protein_1378,GCF_030323565.1;protein_12,GCF_007844055.1;protein_13,GCF_002952595.1;protein_14,GCF_002952635.1;protein_14,GCF_002952535.1;protein_14,GCF_007794935.1;protein_13
GCF_021729605.1;protein_144,GCF_016748085.1;protein_146,GCF_002951975.1;protein_1289,GCF_016755675.1;protein_147,GCF_006337405.1;protein_1327,GCF_007843715.1;protein_341,GCF_002906495.1;protein_150,GCF_022923775.1;protein_1294,GCF_021184145.1;protein_1097,GCF_022921935.1;protein_1298,GCF_002952575.1;protein_1288,GCF_002953555.1;protein_151,GCF_019974055.1;protein_335,GCF_030406585.1;protein_1035,GCF_030323565.1;protein_297,GCF_007844055.1;protein_1306,GCF_002952595.1;protein_1288,GCF_002952635.1;protein_1293,GCF_002952535.1;protein_1292,GCF_007794935.1;protein_1287
GCF_021729605.1;protein_1440,GCF_016748085.1;protein_1464,GCF_002951975.1;protein_13,GCF_016755675.1;protein_1452,GCF_006337405.1;protein_13,GCF_007843715.1;protein_12,GCF_002906495.1;protein_1492,GCF_022923775.1;protein_11,GCF_021184145.1;protein_855,GCF_022921935.1;protein_14,GCF_002952575.1;protein_13,GCF_002953555.1;protein_1492,GCF_019974055.1;protein_26,GCF_030406585.1;protein_1377,GCF_030323565.1;protein_11,GCF_007844055.1;protein_12,GCF_002952595.1;protein_13,GCF_002952635.1;protein_13,GCF_002952535.1;protein_13,GCF_007794935.1;protein_12
GCF_021729605.1;protein_1445,GCF_016748085.1;protein_1466,GCF_002951975.1;protein_8,GCF_016755675.1;protein_1454,GCF_006337405.1;protein_8,GCF_007843715.1;protein_8,GCF_002906495.1;protein_1497,GCF_022923775.1;protein_7,GCF_021184145.1;protein_859,GCF_022921935.1;protein_8,GCF_002952575.1;protein_8,GCF_002953555.1;protein_1497,GCF_019974055.1;protein_7,GCF_030406585.1;protein_1372,GCF_030323565.1;protein_7,GCF_007844055.1;protein_7,GCF_002952595.1;protein_8,GCF_002952635.1;protein_8,GCF_002952535.1;protein_8,GCF_007794935.1;protein_7
GCF_021729605.1;protein_1448,GCF_016748085.1;protein_1468,GCF_002951975.1;protein_6,GCF_016755675.1;protein_1457,GCF_006337405.1;protein_5,GCF_007843715.1;protein_5,GCF_002906495.1;protein_1500,GCF_022923775.1;protein_5,GCF_021184145.1;protein_861,GCF_022921935.1;protein_5,GCF_002952575.1;protein_6,GCF_002953555.1;protein_1500,GCF_019974055.1;protein_5,GCF_030406585.1;protein_1369,GCF_030323565.1;protein_5,GCF_007844055.1;protein_5,GCF_002952595.1;protein_6,GCF_002952635.1;protein_6,GCF_002952535.1;protein_6,GCF_007794935.1;protein_5
GCF_021729605.1;protein_1449,GCF_016748085.1;protein_1469,GCF_002951975.1;protein_5,GCF_016755675.1;protein_1458,GCF_006337405.1;protein_4,GCF_007843715.1;protein_4,GCF_002906495.1;protein_1501,GCF_022923775.1;protein_4,GCF_021184145.1;protein_862,GCF_022921935.1;protein_4,GCF_002952575.1;protein_5,GCF_002953555.1;protein_1501,GCF_019974055.1;protein_4,GCF_030406585.1;protein_1368,GCF_030323565.1;protein_4,GCF_007844055.1;protein_4,GCF_002952595.1;protein_5,GCF_002952635.1;protein_5,GCF_002952535.1;protein_5,GCF_007794935.1;protein_4
GCF_021729605.1;protein_145,GCF_016748085.1;protein_147,GCF_002951975.1;protein_1288,GCF_016755675.1;protein_148,GCF_006337405.1;protein_1326,GCF_007843715.1;protein_342,GCF_002906495.1;protein_151,GCF_022923775.1;protein_1293,GCF_021184145.1;protein_1098,GCF_022921935.1;protein_1297,GCF_002952575.1;protein_1287,GCF_002953555.1;protein_152,GCF_019974055.1;protein_336,GCF_030406585.1;protein_1036,GCF_030323565.1;protein_298,GCF_007844055.1;protein_1305,GCF_002952595.1;protein_1287,GCF_002952635.1;protein_1292,GCF_002952535.1;protein_1291,GCF_007794935.1;protein_1286
GCF_021729605.1;protein_1450,GCF_016748085.1;protein_1470,GCF_002951975.1;protein_4,GCF_016755675.1;protein_1459,GCF_006337405.1;protein_3,GCF_007843715.1;protein_3,GCF_002906495.1;protein_1502,GCF_022923775.1;protein_3,GCF_021184145.1;protein_863,GCF_022921935.1;protein_3,GCF_002952575.1;protein_4,GCF_002953555.1;protein_1502,GCF_019974055.1;protein_3,GCF_030406585.1;protein_1367,GCF_030323565.1;protein_3,GCF_007844055.1;protein_3,GCF_002952595.1;protein_4,GCF_002952635.1;protein_4,GCF_002952535.1;protein_4,GCF_007794935.1;protein_3
GCF_021729605.1;protein_1451,GCF_016748085.1;protein_1471,GCF_002951975.1;protein_3,GCF_016755675.1;protein_1460,GCF_006337405.1;protein_2,GCF_007843715.1;protein_2,GCF_002906495.1;protein_1503,GCF_022923775.1;protein_2,GCF_021184145.1;protein_864,GCF_022921935.1;protein_2,GCF_002952575.1;protein_3,GCF_002953555.1;protein_1503,GCF_019974055.1;protein_2,GCF_030406585.1;protein_1366,GCF_030323565.1;protein_2,GCF_007844055.1;protein_2,GCF_002952595.1;protein_3,GCF_002952635.1;protein_3,GCF_002952535.1;protein_3,GCF_007794935.1;protein_2
GCF_021729605.1;protein_1452,GCF_016748085.1;protein_1472,GCF_002951975.1;protein_2,GCF_016755675.1;protein_1461,GCF_006337405.1;protein_1,GCF_007843715.1;protein_1,GCF_002906495.1;protein_1504,GCF_022923775.1;protein_1,GCF_021184145.1;protein_865,GCF_022921935.1;protein_1,GCF_002952575.1;protein_2,GCF_002953555.1;protein_1504,GCF_019974055.1;protein_1,GCF_030406585.1;protein_1365,GCF_030323565.1;protein_1,GCF_007844055.1;protein_1,GCF_002952595.1;protein_2,GCF_002952635.1;protein_2,GCF_002952535.1;protein_2,GCF_007794935.1;protein_1
GCF_021729605.1;protein_1453,GCF_016748085.1;protein_1473,GCF_002951975.1;protein_1,GCF_016755675.1;protein_1462,GCF_006337405.1;protein_0,GCF_007843715.1;protein_0,GCF_002906495.1;protein_1505,GCF_022923775.1;protein_0,GCF_021184145.1;protein_866,GCF_022921935.1;protein_0,GCF_002952575.1;protein_1,GCF_002953555.1;protein_1505,GCF_019974055.1;protein_0,GCF_030406585.1;protein_1364,GCF_030323565.1;protein_0,GCF_007844055.1;protein_0,GCF_002952595.1;protein_1,GCF_002952635.1;protein_1,GCF_002952535.1;protein_1,GCF_007794935.1;protein_0
GCF_021729605.1;protein_1454,GCF_016748085.1;protein_1474,GCF_002951975.1;protein_0,GCF_016755675.1;protein_1463,GCF_006337405.1;protein_1600,GCF_007843715.1;protein_1546,GCF_002906495.1;protein_1506,GCF_022923775.1;protein_1542,GCF_021184145.1;protein_867,GCF_022921935.1;protein_1535,GCF_002952575.1;protein_0,GCF_002953555.1;protein_1506,GCF_019974055.1;protein_1582,GCF_030406585.1;protein_1363,GCF_030323565.1;protein_1550,GCF_007844055.1;protein_1538,GCF_002952595.1;protein_0,GCF_002952635.1;protein_0,GCF_002952535.1;protein_0,GCF_007794935.1;protein_1559
GCF_021729605.1;protein_1455,GCF_016748085.1;protein_1475,GCF_002951975.1;protein_1557,GCF_016755675.1;protein_1464,GCF_006337405.1;protein_1599,GCF_007843715.1;protein_1545,GCF_002906495.1;protein_1507,GCF_022923775.1;protein_1541,GCF_021184145.1;protein_868,GCF_022921935.1;protein_1534,GCF_002952575.1;protein_1557,GCF_002953555.1;protein_1507,GCF_019974055.1;protein_1581,GCF_030406585.1;protein_1362,GCF_030323565.1;protein_1549,GCF_007844055.1;protein_1537,GCF_002952595.1;protein_1557,GCF_002952635.1;protein_1563,GCF_002952535.1;protein_1562,GCF_007794935.1;protein_1558
GCF_021729605.1;protein_1456,GCF_016748085.1;protein_1476,GCF_002951975.1;protein_1556,GCF_016755675.1;protein_1465,GCF_006337405.1;protein_1598,GCF_007843715.1;protein_1544,GCF_002906495.1;protein_1508,GCF_022923775.1;protein_1540,GCF_021184145.1;protein_869,GCF_022921935.1;protein_1533,GCF_002952575.1;protein_1556,GCF_002953555.1;protein_1508,GCF_019974055.1;protein_1580,GCF_030406585.1;protein_1361,GCF_030323565.1;protein_1548,GCF_007844055.1;protein_1536,GCF_002952595.1;protein_1556,GCF_002952635.1;protein_1562,GCF_002952535.1;protein_1561,GCF_007794935.1;protein_1557
GCF_021729605.1;protein_1457,GCF_016748085.1;protein_1477,GCF_002951975.1;protein_1555,GCF_016755675.1;protein_1466,GCF_006337405.1;protein_1597,GCF_007843715.1;protein_1543,GCF_002906495.1;protein_1509,GCF_022923775.1;protein_1539,GCF_021184145.1;protein_870,GCF_022921935.1;protein_1532,GCF_002952575.1;protein_1555,GCF_002953555.1;protein_1509,GCF_019974055.1;protein_1579,GCF_030406585.1;protein_1360,GCF_030323565.1;protein_1547,GCF_007844055.1;protein_1535,GCF_002952595.1;protein_1555,GCF_002952635.1;protein_1561,GCF_002952535.1;protein_1560,GCF_007794935.1;protein_1556
GCF_021729605.1;protein_146,GCF_016748085.1;protein_148,GCF_002951975.1;protein_1287,GCF_016755675.1;protein_149,GCF_006337405.1;protein_1325,GCF_007843715.1;protein_343,GCF_002906495.1;protein_152,GCF_022923775.1;protein_1292,GCF_021184145.1;protein_1099,GCF_022921935.1;protein_1296,GCF_002952575.1;protein_1286,GCF_002953555.1;protein_153,GCF_019974055.1;protein_337,GCF_030406585.1;protein_1037,GCF_030323565.1;protein_299,GCF_007844055.1;protein_1304,GCF_002952595.1;protein_1286,GCF_002952635.1;protein_1291,GCF_002952535.1;protein_1290,GCF_007794935.1;protein_1285
GCF_021729605.1;protein_147,GCF_016748085.1;protein_149,GCF_002951975.1;protein_1285,GCF_016755675.1;protein_150,GCF_006337405.1;protein_1324,GCF_007843715.1;protein_345,GCF_002906495.1;protein_153,GCF_022923775.1;protein_1291,GCF_021184145.1;protein_1101,GCF_022921935.1;protein_1295,GCF_002952575.1;protein_1284,GCF_002953555.1;protein_154,GCF_019974055.1;protein_338,GCF_030406585.1;protein_1038,GCF_030323565.1;protein_300,GCF_007844055.1;protein_1303,GCF_002952595.1;protein_1284,GCF_002952635.1;protein_1289,GCF_002952535.1;protein_1288,GCF_007794935.1;protein_1283
GCF_021729605.1;protein_148,GCF_016748085.1;protein_150,GCF_002951975.1;protein_1284,GCF_016755675.1;protein_151,GCF_006337405.1;protein_1323,GCF_007843715.1;protein_346,GCF_002906495.1;protein_154,GCF_022923775.1;protein_1290,GCF_021184145.1;protein_1102,GCF_022921935.1;protein_1294,GCF_002952575.1;protein_1283,GCF_002953555.1;protein_155,GCF_019974055.1;protein_339,GCF_030406585.1;protein_1039,GCF_030323565.1;protein_301,GCF_007844055.1;protein_1302,GCF_002952595.1;protein_1283,GCF_002952635.1;protein_1288,GCF_002952535.1;protein_1287,GCF_007794935.1;protein_1282
GCF_021729605.1;protein_149,GCF_016748085.1;protein_151,GCF_002951975.1;protein_1283,GCF_016755675.1;protein_152,GCF_006337405.1;protein_1322,GCF_007843715.1;protein_347,GCF_002906495.1;protein_155,GCF_022923775.1;protein_1289,GCF_021184145.1;protein_1103,GCF_022921935.1;protein_1293,GCF_002952575.1;protein_1282,GCF_002953555.1;protein_156,GCF_019974055.1;protein_340,GCF_030406585.1;protein_1040,GCF_030323565.1;protein_302,GCF_007844055.1;protein_1301,GCF_002952595.1;protein_1282,GCF_002952635.1;protein_1287,GCF_002952535.1;protein_1286,GCF_007794935.1;protein_1281
GCF_021729605.1;protein_1495,GCF_016748085.1;protein_1483,GCF_002951975.1;protein_1551,GCF_016755675.1;protein_1472,GCF_006337405.1;protein_1592,GCF_007843715.1;protein_121,GCF_002906495.1;protein_1377,GCF_022923775.1;protein_1535,GCF_021184145.1;protein_877,GCF_022921935.1;protein_1527,GCF_002952575.1;protein_1551,GCF_002953555.1;protein_1377,GCF_019974055.1;protein_118,GCF_030406585.1;protein_1482,GCF_030323565.1;protein_77,GCF_007844055.1;protein_77,GCF_002952595.1;protein_1551,GCF_002952635.1;protein_1556,GCF_002952535.1;protein_1555,GCF_007794935.1;protein_1552
GCF_021729605.1;protein_1496,GCF_016748085.1;protein_1484,GCF_002951975.1;protein_1550,GCF_016755675.1;protein_1473,GCF_006337405.1;protein_1591,GCF_007843715.1;protein_122,GCF_002906495.1;protein_1376,GCF_022923775.1;protein_1534,GCF_021184145.1;protein_878,GCF_022921935.1;protein_1526,GCF_002952575.1;protein_1550,GCF_002953555.1;protein_1376,GCF_019974055.1;protein_119,GCF_030406585.1;protein_1483,GCF_030323565.1;protein_78,GCF_007844055.1;protein_78,GCF_002952595.1;protein_1550,GCF_002952635.1;protein_1555,GCF_002952535.1;protein_1554,GCF_007794935.1;protein_1551
GCF_021729605.1;protein_1497,GCF_016748085.1;protein_1485,GCF_002951975.1;protein_1549,GCF_016755675.1;protein_1474,GCF_006337405.1;protein_1590,GCF_007843715.1;protein_123,GCF_002906495.1;protein_1375,GCF_022923775.1;protein_1533,GCF_021184145.1;protein_879,GCF_022921935.1;protein_1525,GCF_002952575.1;protein_1549,GCF_002953555.1;protein_1375,GCF_019974055.1;protein_120,GCF_030406585.1;protein_1484,GCF_030323565.1;protein_79,GCF_007844055.1;protein_79,GCF_002952595.1;protein_1549,GCF_002952635.1;protein_1554,GCF_002952535.1;protein_1553,GCF_007794935.1;protein_1550
GCF_021729605.1;protein_1499,GCF_016748085.1;protein_1486,GCF_002951975.1;protein_1548,GCF_016755675.1;protein_1476,GCF_006337405.1;protein_1589,GCF_007843715.1;protein_124,GCF_002906495.1;protein_1374,GCF_022923775.1;protein_1531,GCF_021184145.1;protein_880,GCF_022921935.1;protein_1523,GCF_002952575.1;protein_1548,GCF_002953555.1;protein_1374,GCF_019974055.1;protein_122,GCF_030406585.1;protein_1485,GCF_030323565.1;protein_80,GCF_007844055.1;protein_80,GCF_002952595.1;protein_1548,GCF_002952635.1;protein_1553,GCF_002952535.1;protein_1552,GCF_007794935.1;protein_1549
GCF_021729605.1;protein_15,GCF_016748085.1;protein_14,GCF_002951975.1;protein_1466,GCF_016755675.1;protein_14,GCF_006337405.1;protein_1503,GCF_007843715.1;protein_208,GCF_002906495.1;protein_15,GCF_022923775.1;protein_1446,GCF_021184145.1;protein_963,GCF_022921935.1;protein_1438,GCF_002952575.1;protein_1465,GCF_002953555.1;protein_15,GCF_019974055.1;protein_165,GCF_030406585.1;protein_15,GCF_030323565.1;protein_161,GCF_007844055.1;protein_161,GCF_002952595.1;protein_1465,GCF_002952635.1;protein_1470,GCF_002952535.1;protein_1469,GCF_007794935.1;protein_1466
GCF_021729605.1;protein_150,GCF_016748085.1;protein_152,GCF_002951975.1;protein_1282,GCF_016755675.1;protein_153,GCF_006337405.1;protein_1321,GCF_007843715.1;protein_348,GCF_002906495.1;protein_156,GCF_022923775.1;protein_1288,GCF_021184145.1;protein_1104,GCF_022921935.1;protein_1292,GCF_002952575.1;protein_1281,GCF_002953555.1;protein_157,GCF_019974055.1;protein_341,GCF_030406585.1;protein_1041,GCF_030323565.1;protein_303,GCF_007844055.1;protein_1300,GCF_002952595.1;protein_1281,GCF_002952635.1;protein_1286,GCF_002952535.1;protein_1285,GCF_007794935.1;protein_1280
GCF_021729605.1;protein_1501,GCF_016748085.1;protein_1488,GCF_002951975.1;protein_1546,GCF_016755675.1;protein_1478,GCF_006337405.1;protein_1587,GCF_007843715.1;protein_126,GCF_002906495.1;protein_1372,GCF_022923775.1;protein_1529,GCF_021184145.1;protein_883,GCF_022921935.1;protein_1521,GCF_002952575.1;protein_1546,GCF_002953555.1;protein_1372,GCF_019974055.1;protein_124,GCF_030406585.1;protein_1487,GCF_030323565.1;protein_82,GCF_007844055.1;protein_82,GCF_002952595.1;protein_1546,GCF_002952635.1;protein_1551,GCF_002952535.1;protein_1550,GCF_007794935.1;protein_1547
GCF_021729605.1;protein_1502,GCF_016748085.1;protein_1489,GCF_002951975.1;protein_1545,GCF_016755675.1;protein_1479,GCF_006337405.1;protein_1586,GCF_007843715.1;protein_127,GCF_002906495.1;protein_1371,GCF_022923775.1;protein_1528,GCF_021184145.1;protein_884,GCF_022921935.1;protein_1520,GCF_002952575.1;protein_1545,GCF_002953555.1;protein_1371,GCF_019974055.1;protein_125,GCF_030406585.1;protein_1488,GCF_030323565.1;protein_83,GCF_007844055.1;protein_83,GCF_002952595.1;protein_1545,GCF_002952635.1;protein_1550,GCF_002952535.1;protein_1549,GCF_007794935.1;protein_1546
GCF_021729605.1;protein_1503,GCF_016748085.1;protein_1490,GCF_002951975.1;protein_1544,GCF_016755675.1;protein_1480,GCF_006337405.1;protein_1585,GCF_007843715.1;protein_128,GCF_002906495.1;protein_1370,GCF_022923775.1;protein_1527,GCF_021184145.1;protein_885,GCF_022921935.1;protein_1519,GCF_002952575.1;protein_1544,GCF_002953555.1;protein_1370,GCF_019974055.1;protein_126,GCF_030406585.1;protein_1489,GCF_030323565.1;protein_84,GCF_007844055.1;protein_84,GCF_002952595.1;protein_1544,GCF_002952635.1;protein_1549,GCF_002952535.1;protein_1548,GCF_007794935.1;protein_1545
GCF_021729605.1;protein_1504,GCF_016748085.1;protein_1491,GCF_002951975.1;protein_1543,GCF_016755675.1;protein_1481,GCF_006337405.1;protein_1584,GCF_007843715.1;protein_129,GCF_002906495.1;protein_1369,GCF_022923775.1;protein_1526,GCF_021184145.1;protein_886,GCF_022921935.1;protein_1518,GCF_002952575.1;protein_1543,GCF_002953555.1;protein_1369,GCF_019974055.1;protein_127,GCF_030406585.1;protein_1490,GCF_030323565.1;protein_85,GCF_007844055.1;protein_85,GCF_002952595.1;protein_1543,GCF_002952635.1;protein_1548,GCF_002952535.1;protein_1547,GCF_007794935.1;protein_1544
GCF_021729605.1;protein_1505,GCF_016748085.1;protein_1492,GCF_002951975.1;protein_1542,GCF_016755675.1;protein_1482,GCF_006337405.1;protein_1583,GCF_007843715.1;protein_130,GCF_002906495.1;protein_1368,GCF_022923775.1;protein_1525,GCF_021184145.1;protein_887,GCF_022921935.1;protein_1517,GCF_002952575.1;protein_1542,GCF_002953555.1;protein_1368,GCF_019974055.1;protein_128,GCF_030406585.1;protein_1491,GCF_030323565.1;protein_86,GCF_007844055.1;protein_86,GCF_002952595.1;protein_1542,GCF_002952635.1;protein_1547,GCF_002952535.1;protein_1546,GCF_007794935.1;protein_1543
GCF_021729605.1;protein_151,GCF_016748085.1;protein_153,GCF_002951975.1;protein_1281,GCF_016755675.1;protein_154,GCF_006337405.1;protein_1320,GCF_007843715.1;protein_349,GCF_002906495.1;protein_157,GCF_022923775.1;protein_1287,GCF_021184145.1;protein_1105,GCF_022921935.1;protein_1291,GCF_002952575.1;protein_1280,GCF_002953555.1;protein_158,GCF_019974055.1;protein_342,GCF_030406585.1;protein_1042,GCF_030323565.1;protein_304,GCF_007844055.1;protein_1299,GCF_002952595.1;protein_1280,GCF_002952635.1;protein_1285,GCF_002952535.1;protein_1284,GCF_007794935.1;protein_1279
GCF_021729605.1;protein_1510,GCF_016748085.1;protein_1496,GCF_002951975.1;protein_1540,GCF_016755675.1;protein_1484,GCF_006337405.1;protein_1581,GCF_007843715.1;protein_134,GCF_002906495.1;protein_1363,GCF_022923775.1;protein_1520,GCF_021184145.1;protein_889,GCF_022921935.1;protein_1512,GCF_002952575.1;protein_1540,GCF_002953555.1;protein_1362,GCF_019974055.1;protein_238,GCF_030406585.1;protein_1496,GCF_030323565.1;protein_88,GCF_007844055.1;protein_90,GCF_002952595.1;protein_1540,GCF_002952635.1;protein_1545,GCF_002952535.1;protein_1544,GCF_007794935.1;protein_1541
GCF_021729605.1;protein_1511,GCF_016748085.1;protein_1497,GCF_002951975.1;protein_1539,GCF_016755675.1;protein_1485,GCF_006337405.1;protein_1580,GCF_007843715.1;protein_135,GCF_002906495.1;protein_1362,GCF_022923775.1;protein_1519,GCF_021184145.1;protein_890,GCF_022921935.1;protein_1511,GCF_002952575.1;protein_1539,GCF_002953555.1;protein_1361,GCF_019974055.1;protein_237,GCF_030406585.1;protein_1497,GCF_030323565.1;protein_89,GCF_007844055.1;protein_91,GCF_002952595.1;protein_1539,GCF_002952635.1;protein_1544,GCF_002952535.1;protein_1543,GCF_007794935.1;protein_1540
GCF_021729605.1;protein_1512,GCF_016748085.1;protein_1498,GCF_002951975.1;protein_1538,GCF_016755675.1;protein_1486,GCF_006337405.1;protein_1579,GCF_007843715.1;protein_136,GCF_002906495.1;protein_1361,GCF_022923775.1;protein_1518,GCF_021184145.1;protein_891,GCF_022921935.1;protein_1510,GCF_002952575.1;protein_1538,GCF_002953555.1;protein_1360,GCF_019974055.1;protein_236,GCF_030406585.1;protein_1498,GCF_030323565.1;protein_90,GCF_007844055.1;protein_92,GCF_002952595.1;protein_1538,GCF_002952635.1;protein_1543,GCF_002952535.1;protein_1542,GCF_007794935.1;protein_1539
GCF_021729605.1;protein_1513,GCF_016748085.1;protein_1499,GCF_002951975.1;protein_1537,GCF_016755675.1;protein_1487,GCF_006337405.1;protein_1578,GCF_007843715.1;protein_137,GCF_002906495.1;protein_1360,GCF_022923775.1;protein_1517,GCF_021184145.1;protein_892,GCF_022921935.1;protein_1509,GCF_002952575.1;protein_1537,GCF_002953555.1;protein_1359,GCF_019974055.1;protein_235,GCF_030406585.1;protein_1499,GCF_030323565.1;protein_91,GCF_007844055.1;protein_93,GCF_002952595.1;protein_1537,GCF_002952635.1;protein_1542,GCF_002952535.1;protein_1541,GCF_007794935.1;protein_1538
GCF_021729605.1;protein_152,GCF_016748085.1;protein_154,GCF_002951975.1;protein_1280,GCF_016755675.1;protein_155,GCF_006337405.1;protein_1319,GCF_007843715.1;protein_350,GCF_002906495.1;protein_158,GCF_022923775.1;protein_1286,GCF_021184145.1;protein_1106,GCF_022921935.1;protein_1290,GCF_002952575.1;protein_1279,GCF_002953555.1;protein_159,GCF_019974055.1;protein_343,GCF_030406585.1;protein_1043,GCF_030323565.1;protein_305,GCF_007844055.1;protein_1298,GCF_002952595.1;protein_1279,GCF_002952635.1;protein_1284,GCF_002952535.1;protein_1283,GCF_007794935.1;protein_1278
GCF_021729605.1;protein_1523,GCF_016748085.1;protein_1504,GCF_002951975.1;protein_1534,GCF_016755675.1;protein_1491,GCF_006337405.1;protein_1575,GCF_007843715.1;protein_157,GCF_002906495.1;protein_1531,GCF_022923775.1;protein_1512,GCF_021184145.1;protein_895,GCF_022921935.1;protein_1504,GCF_002952575.1;protein_1534,GCF_002953555.1;protein_1531,GCF_019974055.1;protein_215,GCF_030406585.1;protein_1502,GCF_030323565.1;protein_111,GCF_007844055.1;protein_113,GCF_002952595.1;protein_1534,GCF_002952635.1;protein_1539,GCF_002952535.1;protein_1538,GCF_007794935.1;protein_1535
GCF_021729605.1;protein_1524,GCF_016748085.1;protein_1505,GCF_002951975.1;protein_1533,GCF_016755675.1;protein_1492,GCF_006337405.1;protein_1574,GCF_007843715.1;protein_156,GCF_002906495.1;protein_1530,GCF_022923775.1;protein_1511,GCF_021184145.1;protein_896,GCF_022921935.1;protein_1503,GCF_002952575.1;protein_1533,GCF_002953555.1;protein_1530,GCF_019974055.1;protein_216,GCF_030406585.1;protein_1503,GCF_030323565.1;protein_110,GCF_007844055.1;protein_112,GCF_002952595.1;protein_1533,GCF_002952635.1;protein_1538,GCF_002952535.1;protein_1537,GCF_007794935.1;protein_1534
GCF_021729605.1;protein_1526,GCF_016748085.1;protein_1507,GCF_002951975.1;protein_1531,GCF_016755675.1;protein_1494,GCF_006337405.1;protein_1572,GCF_007843715.1;protein_154,GCF_002906495.1;protein_1528,GCF_022923775.1;protein_1509,GCF_021184145.1;protein_898,GCF_022921935.1;protein_1501,GCF_002952575.1;protein_1531,GCF_002953555.1;protein_1528,GCF_019974055.1;protein_218,GCF_030406585.1;protein_1506,GCF_030323565.1;protein_108,GCF_007844055.1;protein_110,GCF_002952595.1;protein_1531,GCF_002952635.1;protein_1536,GCF_002952535.1;protein_1535,GCF_007794935.1;protein_1532
GCF_021729605.1;protein_1528,GCF_016748085.1;protein_1509,GCF_002951975.1;protein_1529,GCF_016755675.1;protein_1496,GCF_006337405.1;protein_1570,GCF_007843715.1;protein_152,GCF_002906495.1;protein_1526,GCF_022923775.1;protein_1507,GCF_021184145.1;protein_900,GCF_022921935.1;protein_1499,GCF_002952575.1;protein_1529,GCF_002953555.1;protein_1526,GCF_019974055.1;protein_220,GCF_030406585.1;protein_1508,GCF_030323565.1;protein_106,GCF_007844055.1;protein_108,GCF_002952595.1;protein_1529,GCF_002952635.1;protein_1534,GCF_002952535.1;protein_1533,GCF_007794935.1;protein_1530
GCF_021729605.1;protein_1529,GCF_016748085.1;protein_1510,GCF_002951975.1;protein_1528,GCF_016755675.1;protein_1497,GCF_006337405.1;protein_1569,GCF_007843715.1;protein_151,GCF_002906495.1;protein_1525,GCF_022923775.1;protein_1506,GCF_021184145.1;protein_901,GCF_022921935.1;protein_1498,GCF_002952575.1;protein_1528,GCF_002953555.1;protein_1525,GCF_019974055.1;protein_221,GCF_030406585.1;protein_1509,GCF_030323565.1;protein_105,GCF_007844055.1;protein_107,GCF_002952595.1;protein_1528,GCF_002952635.1;protein_1533,GCF_002952535.1;protein_1532,GCF_007794935.1;protein_1529
GCF_021729605.1;protein_153,GCF_016748085.1;protein_155,GCF_002951975.1;protein_1279,GCF_016755675.1;protein_156,GCF_006337405.1;protein_1318,GCF_007843715.1;protein_351,GCF_002906495.1;protein_159,GCF_022923775.1;protein_1285,GCF_021184145.1;protein_1107,GCF_022921935.1;protein_1289,GCF_002952575.1;protein_1278,GCF_002953555.1;protein_160,GCF_019974055.1;protein_344,GCF_030406585.1;protein_1044,GCF_030323565.1;protein_306,GCF_007844055.1;protein_1297,GCF_002952595.1;protein_1278,GCF_002952635.1;protein_1283,GCF_002952535.1;protein_1282,GCF_007794935.1;protein_1277
GCF_021729605.1;protein_1530,GCF_016748085.1;protein_1511,GCF_002951975.1;protein_1527,GCF_016755675.1;protein_1498,GCF_006337405.1;protein_1568,GCF_007843715.1;protein_150,GCF_002906495.1;protein_1524,GCF_022923775.1;protein_1505,GCF_021184145.1;protein_902,GCF_022921935.1;protein_1497,GCF_002952575.1;protein_1527,GCF_002953555.1;protein_1524,GCF_019974055.1;protein_222,GCF_030406585.1;protein_1510,GCF_030323565.1;protein_104,GCF_007844055.1;protein_106,GCF_002952595.1;protein_1527,GCF_002952635.1;protein_1532,GCF_002952535.1;protein_1531,GCF_007794935.1;protein_1528
GCF_021729605.1;protein_1531,GCF_016748085.1;protein_1512,GCF_002951975.1;protein_1526,GCF_016755675.1;protein_1499,GCF_006337405.1;protein_1567,GCF_007843715.1;protein_149,GCF_002906495.1;protein_1523,GCF_022923775.1;protein_1504,GCF_021184145.1;protein_903,GCF_022921935.1;protein_1496,GCF_002952575.1;protein_1526,GCF_002953555.1;protein_1523,GCF_019974055.1;protein_223,GCF_030406585.1;protein_1511,GCF_030323565.1;protein_103,GCF_007844055.1;protein_105,GCF_002952595.1;protein_1526,GCF_002952635.1;protein_1531,GCF_002952535.1;protein_1530,GCF_007794935.1;protein_1527
GCF_021729605.1;protein_1532,GCF_016748085.1;protein_1513,GCF_002951975.1;protein_1525,GCF_016755675.1;protein_1500,GCF_006337405.1;protein_1566,GCF_007843715.1;protein_148,GCF_002906495.1;protein_1522,GCF_022923775.1;protein_1503,GCF_021184145.1;protein_904,GCF_022921935.1;protein_1495,GCF_002952575.1;protein_1525,GCF_002953555.1;protein_1522,GCF_019974055.1;protein_224,GCF_030406585.1;protein_1512,GCF_030323565.1;protein_102,GCF_007844055.1;protein_104,GCF_002952595.1;protein_1525,GCF_002952635.1;protein_1530,GCF_002952535.1;protein_1529,GCF_007794935.1;protein_1526
GCF_021729605.1;protein_1533,GCF_016748085.1;protein_1514,GCF_002951975.1;protein_1524,GCF_016755675.1;protein_1501,GCF_006337405.1;protein_1565,GCF_007843715.1;protein_147,GCF_002906495.1;protein_1521,GCF_022923775.1;protein_1502,GCF_021184145.1;protein_905,GCF_022921935.1;protein_1494,GCF_002952575.1;protein_1524,GCF_002953555.1;protein_1521,GCF_019974055.1;protein_225,GCF_030406585.1;protein_1513,GCF_030323565.1;protein_101,GCF_007844055.1;protein_103,GCF_002952595.1;protein_1524,GCF_002952635.1;protein_1529,GCF_002952535.1;protein_1528,GCF_007794935.1;protein_1525
GCF_021729605.1;protein_1534,GCF_016748085.1;protein_1515,GCF_002951975.1;protein_1523,GCF_016755675.1;protein_1502,GCF_006337405.1;protein_1564,GCF_007843715.1;protein_146,GCF_002906495.1;protein_1520,GCF_022923775.1;protein_1501,GCF_021184145.1;protein_906,GCF_022921935.1;protein_1493,GCF_002952575.1;protein_1523,GCF_002953555.1;protein_1520,GCF_019974055.1;protein_226,GCF_030406585.1;protein_1514,GCF_030323565.1;protein_100,GCF_007844055.1;protein_102,GCF_002952595.1;protein_1523,GCF_002952635.1;protein_1528,GCF_002952535.1;protein_1527,GCF_007794935.1;protein_1524
GCF_021729605.1;protein_1535,GCF_016748085.1;protein_1516,GCF_002951975.1;protein_1522,GCF_016755675.1;protein_1503,GCF_006337405.1;protein_1563,GCF_007843715.1;protein_145,GCF_002906495.1;protein_1519,GCF_022923775.1;protein_1500,GCF_021184145.1;protein_907,GCF_022921935.1;protein_1492,GCF_002952575.1;protein_1522,GCF_002953555.1;protein_1519,GCF_019974055.1;protein_227,GCF_030406585.1;protein_1515,GCF_030323565.1;protein_99,GCF_007844055.1;protein_101,GCF_002952595.1;protein_1522,GCF_002952635.1;protein_1527,GCF_002952535.1;protein_1526,GCF_007794935.1;protein_1523
GCF_021729605.1;protein_1537,GCF_016748085.1;protein_1518,GCF_002951975.1;protein_1520,GCF_016755675.1;protein_1505,GCF_006337405.1;protein_1561,GCF_007843715.1;protein_143,GCF_002906495.1;protein_1517,GCF_022923775.1;protein_1498,GCF_021184145.1;protein_909,GCF_022921935.1;protein_1490,GCF_002952575.1;protein_1520,GCF_002953555.1;protein_1517,GCF_019974055.1;protein_229,GCF_030406585.1;protein_1517,GCF_030323565.1;protein_97,GCF_007844055.1;protein_99,GCF_002952595.1;protein_1520,GCF_002952635.1;protein_1525,GCF_002952535.1;protein_1524,GCF_007794935.1;protein_1521
GCF_021729605.1;protein_1538,GCF_016748085.1;protein_1519,GCF_002951975.1;protein_1519,GCF_016755675.1;protein_1506,GCF_006337405.1;protein_1560,GCF_007843715.1;protein_142,GCF_002906495.1;protein_1516,GCF_022923775.1;protein_1497,GCF_021184145.1;protein_910,GCF_022921935.1;protein_1489,GCF_002952575.1;protein_1519,GCF_002953555.1;protein_1516,GCF_019974055.1;protein_230,GCF_030406585.1;protein_1518,GCF_030323565.1;protein_96,GCF_007844055.1;protein_98,GCF_002952595.1;protein_1519,GCF_002952635.1;protein_1524,GCF_002952535.1;protein_1523,GCF_007794935.1;protein_1520
GCF_021729605.1;protein_1539,GCF_016748085.1;protein_1520,GCF_002951975.1;protein_1518,GCF_016755675.1;protein_1507,GCF_006337405.1;protein_1559,GCF_007843715.1;protein_141,GCF_002906495.1;protein_1515,GCF_022923775.1;protein_1496,GCF_021184145.1;protein_911,GCF_022921935.1;protein_1488,GCF_002952575.1;protein_1518,GCF_002953555.1;protein_1515,GCF_019974055.1;protein_231,GCF_030406585.1;protein_1519,GCF_030323565.1;protein_95,GCF_007844055.1;protein_97,GCF_002952595.1;protein_1518,GCF_002952635.1;protein_1523,GCF_002952535.1;protein_1522,GCF_007794935.1;protein_1519
GCF_021729605.1;protein_154,GCF_016748085.1;protein_156,GCF_002951975.1;protein_1278,GCF_016755675.1;protein_157,GCF_006337405.1;protein_1317,GCF_007843715.1;protein_352,GCF_002906495.1;protein_160,GCF_022923775.1;protein_1284,GCF_021184145.1;protein_1108,GCF_022921935.1;protein_1288,GCF_002952575.1;protein_1277,GCF_002953555.1;protein_161,GCF_019974055.1;protein_345,GCF_030406585.1;protein_1045,GCF_030323565.1;protein_307,GCF_007844055.1;protein_1296,GCF_002952595.1;protein_1277,GCF_002952635.1;protein_1282,GCF_002952535.1;protein_1281,GCF_007794935.1;protein_1276
GCF_021729605.1;protein_1540,GCF_016748085.1;protein_1521,GCF_002951975.1;protein_1517,GCF_016755675.1;protein_1508,GCF_006337405.1;protein_1558,GCF_007843715.1;protein_140,GCF_002906495.1;protein_1514,GCF_022923775.1;protein_1495,GCF_021184145.1;protein_912,GCF_022921935.1;protein_1487,GCF_002952575.1;protein_1517,GCF_002953555.1;protein_1514,GCF_019974055.1;protein_232,GCF_030406585.1;protein_1520,GCF_030323565.1;protein_94,GCF_007844055.1;protein_96,GCF_002952595.1;protein_1517,GCF_002952635.1;protein_1522,GCF_002952535.1;protein_1521,GCF_007794935.1;protein_1518
GCF_021729605.1;protein_1542,GCF_016748085.1;protein_1523,GCF_002951975.1;protein_1515,GCF_016755675.1;protein_1511,GCF_006337405.1;protein_1553,GCF_007843715.1;protein_158,GCF_002906495.1;protein_1533,GCF_022923775.1;protein_1492,GCF_021184145.1;protein_915,GCF_022921935.1;protein_1484,GCF_002952575.1;protein_1514,GCF_002953555.1;protein_1533,GCF_019974055.1;protein_213,GCF_030406585.1;protein_1525,GCF_030323565.1;protein_113,GCF_007844055.1;protein_114,GCF_002952595.1;protein_1514,GCF_002952635.1;protein_1519,GCF_002952535.1;protein_1518,GCF_007794935.1;protein_1515
GCF_021729605.1;protein_1544,GCF_016748085.1;protein_1525,GCF_002951975.1;protein_1513,GCF_016755675.1;protein_1513,GCF_006337405.1;protein_1551,GCF_007843715.1;protein_160,GCF_002906495.1;protein_1535,GCF_022923775.1;protein_1490,GCF_021184145.1;protein_917,GCF_022921935.1;protein_1482,GCF_002952575.1;protein_1512,GCF_002953555.1;protein_1535,GCF_019974055.1;protein_211,GCF_030406585.1;protein_1527,GCF_030323565.1;protein_115,GCF_007844055.1;protein_116,GCF_002952595.1;protein_1512,GCF_002952635.1;protein_1517,GCF_002952535.1;protein_1516,GCF_007794935.1;protein_1513
GCF_021729605.1;protein_1545,GCF_016748085.1;protein_1526,GCF_002951975.1;protein_1512,GCF_016755675.1;protein_1514,GCF_006337405.1;protein_1550,GCF_007843715.1;protein_161,GCF_002906495.1;protein_1536,GCF_022923775.1;protein_1489,GCF_021184145.1;protein_918,GCF_022921935.1;protein_1481,GCF_002952575.1;protein_1511,GCF_002953555.1;protein_1536,GCF_019974055.1;protein_210,GCF_030406585.1;protein_1528,GCF_030323565.1;protein_116,GCF_007844055.1;protein_117,GCF_002952595.1;protein_1511,GCF_002952635.1;protein_1516,GCF_002952535.1;protein_1515,GCF_007794935.1;protein_1512
GCF_021729605.1;protein_1546,GCF_016748085.1;protein_1527,GCF_002951975.1;protein_1511,GCF_016755675.1;protein_1515,GCF_006337405.1;protein_1549,GCF_007843715.1;protein_162,GCF_002906495.1;protein_1537,GCF_022923775.1;protein_1488,GCF_021184145.1;protein_919,GCF_022921935.1;protein_1480,GCF_002952575.1;protein_1510,GCF_002953555.1;protein_1537,GCF_019974055.1;protein_209,GCF_030406585.1;protein_1529,GCF_030323565.1;protein_117,GCF_007844055.1;protein_118,GCF_002952595.1;protein_1510,GCF_002952635.1;protein_1515,GCF_002952535.1;protein_1514,GCF_007794935.1;protein_1511
GCF_021729605.1;protein_1547,GCF_016748085.1;protein_1528,GCF_002951975.1;protein_1510,GCF_016755675.1;protein_1516,GCF_006337405.1;protein_1548,GCF_007843715.1;protein_163,GCF_002906495.1;protein_1538,GCF_022923775.1;protein_1487,GCF_021184145.1;protein_920,GCF_022921935.1;protein_1479,GCF_002952575.1;protein_1509,GCF_002953555.1;protein_1538,GCF_019974055.1;protein_208,GCF_030406585.1;protein_1530,GCF_030323565.1;protein_118,GCF_007844055.1;protein_119,GCF_002952595.1;protein_1509,GCF_002952635.1;protein_1514,GCF_002952535.1;protein_1513,GCF_007794935.1;protein_1510
GCF_021729605.1;protein_155,GCF_016748085.1;protein_157,GCF_002951975.1;protein_1277,GCF_016755675.1;protein_158,GCF_006337405.1;protein_1316,GCF_007843715.1;protein_353,GCF_002906495.1;protein_161,GCF_022923775.1;protein_1283,GCF_021184145.1;protein_1109,GCF_022921935.1;protein_1287,GCF_002952575.1;protein_1276,GCF_002953555.1;protein_162,GCF_019974055.1;protein_346,GCF_030406585.1;protein_1046,GCF_030323565.1;protein_308,GCF_007844055.1;protein_1295,GCF_002952595.1;protein_1276,GCF_002952635.1;protein_1281,GCF_002952535.1;protein_1280,GCF_007794935.1;protein_1275
GCF_021729605.1;protein_1550,GCF_016748085.1;protein_1531,GCF_002951975.1;protein_1507,GCF_016755675.1;protein_1519,GCF_006337405.1;protein_1545,GCF_007843715.1;protein_166,GCF_002906495.1;protein_1541,GCF_022923775.1;protein_1485,GCF_021184145.1;protein_923,GCF_022921935.1;protein_1477,GCF_002952575.1;protein_1506,GCF_002953555.1;protein_1541,GCF_019974055.1;protein_206,GCF_030406585.1;protein_1533,GCF_030323565.1;protein_120,GCF_007844055.1;protein_122,GCF_002952595.1;protein_1506,GCF_002952635.1;protein_1511,GCF_002952535.1;protein_1510,GCF_007794935.1;protein_1507
GCF_021729605.1;protein_1551,GCF_016748085.1;protein_1532,GCF_002951975.1;protein_1506,GCF_016755675.1;protein_1520,GCF_006337405.1;protein_1544,GCF_007843715.1;protein_167,GCF_002906495.1;protein_1542,GCF_022923775.1;protein_1484,GCF_021184145.1;protein_924,GCF_022921935.1;protein_1476,GCF_002952575.1;protein_1505,GCF_002953555.1;protein_1542,GCF_019974055.1;protein_205,GCF_030406585.1;protein_1534,GCF_030323565.1;protein_121,GCF_007844055.1;protein_123,GCF_002952595.1;protein_1505,GCF_002952635.1;protein_1510,GCF_002952535.1;protein_1509,GCF_007794935.1;protein_1506
GCF_021729605.1;protein_1552,GCF_016748085.1;protein_1533,GCF_002951975.1;protein_1505,GCF_016755675.1;protein_1521,GCF_006337405.1;protein_1543,GCF_007843715.1;protein_168,GCF_002906495.1;protein_1543,GCF_022923775.1;protein_1483,GCF_021184145.1;protein_925,GCF_022921935.1;protein_1475,GCF_002952575.1;protein_1504,GCF_002953555.1;protein_1543,GCF_019974055.1;protein_204,GCF_030406585.1;protein_1535,GCF_030323565.1;protein_122,GCF_007844055.1;protein_124,GCF_002952595.1;protein_1504,GCF_002952635.1;protein_1509,GCF_002952535.1;protein_1508,GCF_007794935.1;protein_1505
GCF_021729605.1;protein_1553,GCF_016748085.1;protein_1534,GCF_002951975.1;protein_1504,GCF_016755675.1;protein_1522,GCF_006337405.1;protein_1542,GCF_007843715.1;protein_169,GCF_002906495.1;protein_1544,GCF_022923775.1;protein_1482,GCF_021184145.1;protein_926,GCF_022921935.1;protein_1474,GCF_002952575.1;protein_1503,GCF_002953555.1;protein_1544,GCF_019974055.1;protein_203,GCF_030406585.1;protein_1536,GCF_030323565.1;protein_123,GCF_007844055.1;protein_125,GCF_002952595.1;protein_1503,GCF_002952635.1;protein_1508,GCF_002952535.1;protein_1507,GCF_007794935.1;protein_1504
GCF_021729605.1;protein_1554,GCF_016748085.1;protein_1535,GCF_002951975.1;protein_1503,GCF_016755675.1;protein_1523,GCF_006337405.1;protein_1541,GCF_007843715.1;protein_170,GCF_002906495.1;protein_1545,GCF_022923775.1;protein_1481,GCF_021184145.1;protein_927,GCF_022921935.1;protein_1473,GCF_002952575.1;protein_1502,GCF_002953555.1;protein_1545,GCF_019974055.1;protein_202,GCF_030406585.1;protein_1537,GCF_030323565.1;protein_124,GCF_007844055.1;protein_126,GCF_002952595.1;protein_1502,GCF_002952635.1;protein_1507,GCF_002952535.1;protein_1506,GCF_007794935.1;protein_1503
GCF_021729605.1;protein_1555,GCF_016748085.1;protein_1536,GCF_002951975.1;protein_1502,GCF_016755675.1;protein_1524,GCF_006337405.1;protein_1540,GCF_007843715.1;protein_171,GCF_002906495.1;protein_1546,GCF_022923775.1;protein_1480,GCF_021184145.1;protein_928,GCF_022921935.1;protein_1472,GCF_002952575.1;protein_1501,GCF_002953555.1;protein_1546,GCF_019974055.1;protein_201,GCF_030406585.1;protein_1538,GCF_030323565.1;protein_125,GCF_007844055.1;protein_127,GCF_002952595.1;protein_1501,GCF_002952635.1;protein_1506,GCF_002952535.1;protein_1505,GCF_007794935.1;protein_1502
GCF_021729605.1;protein_1556,GCF_016748085.1;protein_1537,GCF_002951975.1;protein_1501,GCF_016755675.1;protein_1525,GCF_006337405.1;protein_1539,GCF_007843715.1;protein_172,GCF_002906495.1;protein_1547,GCF_022923775.1;protein_1479,GCF_021184145.1;protein_929,GCF_022921935.1;protein_1471,GCF_002952575.1;protein_1500,GCF_002953555.1;protein_1547,GCF_019974055.1;protein_200,GCF_030406585.1;protein_1539,GCF_030323565.1;protein_126,GCF_007844055.1;protein_128,GCF_002952595.1;protein_1500,GCF_002952635.1;protein_1505,GCF_002952535.1;protein_1504,GCF_007794935.1;protein_1501
GCF_021729605.1;protein_1557,GCF_016748085.1;protein_1538,GCF_002951975.1;protein_1500,GCF_016755675.1;protein_1526,GCF_006337405.1;protein_1538,GCF_007843715.1;protein_173,GCF_002906495.1;protein_1548,GCF_022923775.1;protein_1478,GCF_021184145.1;protein_930,GCF_022921935.1;protein_1470,GCF_002952575.1;protein_1499,GCF_002953555.1;protein_1548,GCF_019974055.1;protein_199,GCF_030406585.1;protein_1540,GCF_030323565.1;protein_127,GCF_007844055.1;protein_129,GCF_002952595.1;protein_1499,GCF_002952635.1;protein_1504,GCF_002952535.1;protein_1503,GCF_007794935.1;protein_1500
GCF_021729605.1;protein_1558,GCF_016748085.1;protein_1539,GCF_002951975.1;protein_1499,GCF_016755675.1;protein_1527,GCF_006337405.1;protein_1537,GCF_007843715.1;protein_174,GCF_002906495.1;protein_1549,GCF_022923775.1;protein_1477,GCF_021184145.1;protein_931,GCF_022921935.1;protein_1469,GCF_002952575.1;protein_1498,GCF_002953555.1;protein_1549,GCF_019974055.1;protein_198,GCF_030406585.1;protein_1541,GCF_030323565.1;protein_128,GCF_007844055.1;protein_130,GCF_002952595.1;protein_1498,GCF_002952635.1;protein_1503,GCF_002952535.1;protein_1502,GCF_007794935.1;protein_1499
GCF_021729605.1;protein_1559,GCF_016748085.1;protein_1540,GCF_002951975.1;protein_1498,GCF_016755675.1;protein_1528,GCF_006337405.1;protein_1536,GCF_007843715.1;protein_175,GCF_002906495.1;protein_1550,GCF_022923775.1;protein_1476,GCF_021184145.1;protein_932,GCF_022921935.1;protein_1468,GCF_002952575.1;protein_1497,GCF_002953555.1;protein_1550,GCF_019974055.1;protein_197,GCF_030406585.1;protein_1542,GCF_030323565.1;protein_129,GCF_007844055.1;protein_131,GCF_002952595.1;protein_1497,GCF_002952635.1;protein_1502,GCF_002952535.1;protein_1501,GCF_007794935.1;protein_1498
GCF_021729605.1;protein_1560,GCF_016748085.1;protein_1541,GCF_002951975.1;protein_1497,GCF_016755675.1;protein_1529,GCF_006337405.1;protein_1535,GCF_007843715.1;protein_176,GCF_002906495.1;protein_1551,GCF_022923775.1;protein_1475,GCF_021184145.1;protein_933,GCF_022921935.1;protein_1467,GCF_002952575.1;protein_1496,GCF_002953555.1;protein_1551,GCF_019974055.1;protein_196,GCF_030406585.1;protein_1543,GCF_030323565.1;protein_130,GCF_007844055.1;protein_132,GCF_002952595.1;protein_1496,GCF_002952635.1;protein_1501,GCF_002952535.1;protein_1500,GCF_007794935.1;protein_1497
GCF_021729605.1;protein_1561,GCF_016748085.1;protein_1542,GCF_002951975.1;protein_1496,GCF_016755675.1;protein_1530,GCF_006337405.1;protein_1534,GCF_007843715.1;protein_177,GCF_002906495.1;protein_1552,GCF_022923775.1;protein_1474,GCF_021184145.1;protein_934,GCF_022921935.1;protein_1466,GCF_002952575.1;protein_1495,GCF_002953555.1;protein_1552,GCF_019974055.1;protein_195,GCF_030406585.1;protein_1544,GCF_030323565.1;protein_131,GCF_007844055.1;protein_133,GCF_002952595.1;protein_1495,GCF_002952635.1;protein_1500,GCF_002952535.1;protein_1499,GCF_007794935.1;protein_1496
GCF_021729605.1;protein_1562,GCF_016748085.1;protein_1543,GCF_002951975.1;protein_1495,GCF_016755675.1;protein_1531,GCF_006337405.1;protein_1533,GCF_007843715.1;protein_178,GCF_002906495.1;protein_1553,GCF_022923775.1;protein_1473,GCF_021184145.1;protein_935,GCF_022921935.1;protein_1465,GCF_002952575.1;protein_1494,GCF_002953555.1;protein_1553,GCF_019974055.1;protein_194,GCF_030406585.1;protein_1545,GCF_030323565.1;protein_132,GCF_007844055.1;protein_134,GCF_002952595.1;protein_1494,GCF_002952635.1;protein_1499,GCF_002952535.1;protein_1498,GCF_007794935.1;protein_1495
GCF_021729605.1;protein_1563,GCF_016748085.1;protein_1544,GCF_002951975.1;protein_1494,GCF_016755675.1;protein_1532,GCF_006337405.1;protein_1532,GCF_007843715.1;protein_179,GCF_002906495.1;protein_1554,GCF_022923775.1;protein_1472,GCF_021184145.1;protein_936,GCF_022921935.1;protein_1464,GCF_002952575.1;protein_1493,GCF_002953555.1;protein_1554,GCF_019974055.1;protein_193,GCF_030406585.1;protein_1546,GCF_030323565.1;protein_133,GCF_007844055.1;protein_135,GCF_002952595.1;protein_1493,GCF_002952635.1;protein_1498,GCF_002952535.1;protein_1497,GCF_007794935.1;protein_1494
GCF_021729605.1;protein_1564,GCF_016748085.1;protein_1545,GCF_002951975.1;protein_1493,GCF_016755675.1;protein_1533,GCF_006337405.1;protein_1531,GCF_007843715.1;protein_180,GCF_002906495.1;protein_1555,GCF_022923775.1;protein_1471,GCF_021184145.1;protein_937,GCF_022921935.1;protein_1463,GCF_002952575.1;protein_1492,GCF_002953555.1;protein_1555,GCF_019974055.1;protein_192,GCF_030406585.1;protein_1547,GCF_030323565.1;protein_134,GCF_007844055.1;protein_136,GCF_002952595.1;protein_1492,GCF_002952635.1;protein_1497,GCF_002952535.1;protein_1496,GCF_007794935.1;protein_1493
GCF_021729605.1;protein_1565,GCF_016748085.1;protein_1546,GCF_002951975.1;protein_1492,GCF_016755675.1;protein_1534,GCF_006337405.1;protein_1529,GCF_007843715.1;protein_181,GCF_002906495.1;protein_1557,GCF_022923775.1;protein_1470,GCF_021184145.1;protein_938,GCF_022921935.1;protein_1462,GCF_002952575.1;protein_1491,GCF_002953555.1;protein_1557,GCF_019974055.1;protein_191,GCF_030406585.1;protein_1549,GCF_030323565.1;protein_135,GCF_007844055.1;protein_137,GCF_002952595.1;protein_1491,GCF_002952635.1;protein_1496,GCF_002952535.1;protein_1495,GCF_007794935.1;protein_1492
GCF_021729605.1;protein_1566,GCF_016748085.1;protein_1547,GCF_002951975.1;protein_1491,GCF_016755675.1;protein_1535,GCF_006337405.1;protein_1528,GCF_007843715.1;protein_182,GCF_002906495.1;protein_1558,GCF_022923775.1;protein_1469,GCF_021184145.1;protein_939,GCF_022921935.1;protein_1461,GCF_002952575.1;protein_1490,GCF_002953555.1;protein_1558,GCF_019974055.1;protein_190,GCF_030406585.1;protein_1550,GCF_030323565.1;protein_136,GCF_007844055.1;protein_138,GCF_002952595.1;protein_1490,GCF_002952635.1;protein_1495,GCF_002952535.1;protein_1494,GCF_007794935.1;protein_1491
GCF_021729605.1;protein_1567,GCF_016748085.1;protein_1548,GCF_002951975.1;protein_1490,GCF_016755675.1;protein_1536,GCF_006337405.1;protein_1527,GCF_007843715.1;protein_183,GCF_002906495.1;protein_1559,GCF_022923775.1;protein_1468,GCF_021184145.1;protein_940,GCF_022921935.1;protein_1460,GCF_002952575.1;protein_1489,GCF_002953555.1;protein_1559,GCF_019974055.1;protein_189,GCF_030406585.1;protein_1551,GCF_030323565.1;protein_137,GCF_007844055.1;protein_139,GCF_002952595.1;protein_1489,GCF_002952635.1;protein_1494,GCF_002952535.1;protein_1493,GCF_007794935.1;protein_1490
GCF_021729605.1;protein_1568,GCF_016748085.1;protein_1549,GCF_002951975.1;protein_1489,GCF_016755675.1;protein_1537,GCF_006337405.1;protein_1526,GCF_007843715.1;protein_184,GCF_002906495.1;protein_1560,GCF_022923775.1;protein_1467,GCF_021184145.1;protein_941,GCF_022921935.1;protein_1459,GCF_002952575.1;protein_1488,GCF_002953555.1;protein_1560,GCF_019974055.1;protein_188,GCF_030406585.1;protein_1552,GCF_030323565.1;protein_138,GCF_007844055.1;protein_140,GCF_002952595.1;protein_1488,GCF_002952635.1;protein_1493,GCF_002952535.1;protein_1492,GCF_007794935.1;protein_1489
GCF_021729605.1;protein_1569,GCF_016748085.1;protein_1550,GCF_002951975.1;protein_1488,GCF_016755675.1;protein_1538,GCF_006337405.1;protein_1525,GCF_007843715.1;protein_185,GCF_002906495.1;protein_1561,GCF_022923775.1;protein_1466,GCF_021184145.1;protein_942,GCF_022921935.1;protein_1458,GCF_002952575.1;protein_1487,GCF_002953555.1;protein_1561,GCF_019974055.1;protein_187,GCF_030406585.1;protein_1553,GCF_030323565.1;protein_139,GCF_007844055.1;protein_141,GCF_002952595.1;protein_1487,GCF_002952635.1;protein_1492,GCF_002952535.1;protein_1491,GCF_007794935.1;protein_1488
GCF_021729605.1;protein_157,GCF_016748085.1;protein_159,GCF_002951975.1;protein_1275,GCF_016755675.1;protein_160,GCF_006337405.1;protein_1314,GCF_007843715.1;protein_355,GCF_002906495.1;protein_163,GCF_022923775.1;protein_1281,GCF_021184145.1;protein_1111,GCF_022921935.1;protein_1285,GCF_002952575.1;protein_1274,GCF_002953555.1;protein_164,GCF_019974055.1;protein_349,GCF_030406585.1;protein_1048,GCF_030323565.1;protein_310,GCF_007844055.1;protein_1293,GCF_002952595.1;protein_1274,GCF_002952635.1;protein_1279,GCF_002952535.1;protein_1278,GCF_007794935.1;protein_1273
GCF_021729605.1;protein_1570,GCF_016748085.1;protein_1551,GCF_002951975.1;protein_1487,GCF_016755675.1;protein_1539,GCF_006337405.1;protein_1524,GCF_007843715.1;protein_186,GCF_002906495.1;protein_1562,GCF_022923775.1;protein_1465,GCF_021184145.1;protein_943,GCF_022921935.1;protein_1457,GCF_002952575.1;protein_1486,GCF_002953555.1;protein_1562,GCF_019974055.1;protein_186,GCF_030406585.1;protein_1554,GCF_030323565.1;protein_140,GCF_007844055.1;protein_142,GCF_002952595.1;protein_1486,GCF_002952635.1;protein_1491,GCF_002952535.1;protein_1490,GCF_007794935.1;protein_1487
GCF_021729605.1;protein_1571,GCF_016748085.1;protein_1552,GCF_002951975.1;protein_1486,GCF_016755675.1;protein_1540,GCF_006337405.1;protein_1523,GCF_007843715.1;protein_187,GCF_002906495.1;protein_1563,GCF_022923775.1;protein_1464,GCF_021184145.1;protein_944,GCF_022921935.1;protein_1456,GCF_002952575.1;protein_1485,GCF_002953555.1;protein_1563,GCF_019974055.1;protein_185,GCF_030406585.1;protein_1555,GCF_030323565.1;protein_141,GCF_007844055.1;protein_143,GCF_002952595.1;protein_1485,GCF_002952635.1;protein_1490,GCF_002952535.1;protein_1489,GCF_007794935.1;protein_1486
GCF_021729605.1;protein_158,GCF_016748085.1;protein_160,GCF_002951975.1;protein_1274,GCF_016755675.1;protein_161,GCF_006337405.1;protein_1313,GCF_007843715.1;protein_356,GCF_002906495.1;protein_164,GCF_022923775.1;protein_1280,GCF_021184145.1;protein_1112,GCF_022921935.1;protein_1284,GCF_002952575.1;protein_1273,GCF_002953555.1;protein_165,GCF_019974055.1;protein_350,GCF_030406585.1;protein_1049,GCF_030323565.1;protein_311,GCF_007844055.1;protein_1292,GCF_002952595.1;protein_1273,GCF_002952635.1;protein_1278,GCF_002952535.1;protein_1277,GCF_007794935.1;protein_1272
GCF_021729605.1;protein_16,GCF_016748085.1;protein_15,GCF_002951975.1;protein_1465,GCF_016755675.1;protein_15,GCF_006337405.1;protein_1502,GCF_007843715.1;protein_209,GCF_002906495.1;protein_16,GCF_022923775.1;protein_1445,GCF_021184145.1;protein_964,GCF_022921935.1;protein_1437,GCF_002952575.1;protein_1464,GCF_002953555.1;protein_16,GCF_019974055.1;protein_164,GCF_030406585.1;protein_16,GCF_030323565.1;protein_162,GCF_007844055.1;protein_162,GCF_002952595.1;protein_1464,GCF_002952635.1;protein_1469,GCF_002952535.1;protein_1468,GCF_007794935.1;protein_1465
GCF_021729605.1;protein_160,GCF_016748085.1;protein_162,GCF_002951975.1;protein_1272,GCF_016755675.1;protein_162,GCF_006337405.1;protein_1311,GCF_007843715.1;protein_358,GCF_002906495.1;protein_166,GCF_022923775.1;protein_1279,GCF_021184145.1;protein_1114,GCF_022921935.1;protein_1282,GCF_002952575.1;protein_1271,GCF_002953555.1;protein_167,GCF_019974055.1;protein_352,GCF_030406585.1;protein_1050,GCF_030323565.1;protein_313,GCF_007844055.1;protein_1290,GCF_002952595.1;protein_1271,GCF_002952635.1;protein_1276,GCF_002952535.1;protein_1275,GCF_007794935.1;protein_1270
GCF_021729605.1;protein_161,GCF_016748085.1;protein_163,GCF_002951975.1;protein_1271,GCF_016755675.1;protein_163,GCF_006337405.1;protein_1310,GCF_007843715.1;protein_359,GCF_002906495.1;protein_167,GCF_022923775.1;protein_1278,GCF_021184145.1;protein_1115,GCF_022921935.1;protein_1281,GCF_002952575.1;protein_1270,GCF_002953555.1;protein_168,GCF_019974055.1;protein_353,GCF_030406585.1;protein_1051,GCF_030323565.1;protein_314,GCF_007844055.1;protein_1289,GCF_002952595.1;protein_1270,GCF_002952635.1;protein_1275,GCF_002952535.1;protein_1274,GCF_007794935.1;protein_1269
GCF_021729605.1;protein_162,GCF_016748085.1;protein_164,GCF_002951975.1;protein_1270,GCF_016755675.1;protein_164,GCF_006337405.1;protein_1309,GCF_007843715.1;protein_360,GCF_002906495.1;protein_168,GCF_022923775.1;protein_1277,GCF_021184145.1;protein_1116,GCF_022921935.1;protein_1280,GCF_002952575.1;protein_1269,GCF_002953555.1;protein_169,GCF_019974055.1;protein_354,GCF_030406585.1;protein_1052,GCF_030323565.1;protein_315,GCF_007844055.1;protein_1288,GCF_002952595.1;protein_1269,GCF_002952635.1;protein_1274,GCF_002952535.1;protein_1273,GCF_007794935.1;protein_1268
GCF_021729605.1;protein_163,GCF_016748085.1;protein_165,GCF_002951975.1;protein_1269,GCF_016755675.1;protein_169,GCF_006337405.1;protein_1308,GCF_007843715.1;protein_365,GCF_002906495.1;protein_169,GCF_022923775.1;protein_1276,GCF_021184145.1;protein_1120,GCF_022921935.1;protein_1279,GCF_002952575.1;protein_1268,GCF_002953555.1;protein_170,GCF_019974055.1;protein_355,GCF_030406585.1;protein_1058,GCF_030323565.1;protein_316,GCF_007844055.1;protein_1287,GCF_002952595.1;protein_1268,GCF_002952635.1;protein_1273,GCF_002952535.1;protein_1272,GCF_007794935.1;protein_1267
GCF_021729605.1;protein_164,GCF_016748085.1;protein_166,GCF_002951975.1;protein_1268,GCF_016755675.1;protein_170,GCF_006337405.1;protein_1307,GCF_007843715.1;protein_366,GCF_002906495.1;protein_170,GCF_022923775.1;protein_1275,GCF_021184145.1;protein_1121,GCF_022921935.1;protein_1278,GCF_002952575.1;protein_1267,GCF_002953555.1;protein_171,GCF_019974055.1;protein_356,GCF_030406585.1;protein_1059,GCF_030323565.1;protein_317,GCF_007844055.1;protein_1286,GCF_002952595.1;protein_1267,GCF_002952635.1;protein_1272,GCF_002952535.1;protein_1271,GCF_007794935.1;protein_1266
GCF_021729605.1;protein_165,GCF_016748085.1;protein_167,GCF_002951975.1;protein_1267,GCF_016755675.1;protein_171,GCF_006337405.1;protein_1306,GCF_007843715.1;protein_367,GCF_002906495.1;protein_171,GCF_022923775.1;protein_1274,GCF_021184145.1;protein_1122,GCF_022921935.1;protein_1277,GCF_002952575.1;protein_1266,GCF_002953555.1;protein_172,GCF_019974055.1;protein_357,GCF_030406585.1;protein_1060,GCF_030323565.1;protein_318,GCF_007844055.1;protein_1285,GCF_002952595.1;protein_1266,GCF_002952635.1;protein_1271,GCF_002952535.1;protein_1270,GCF_007794935.1;protein_1265
GCF_021729605.1;protein_166,GCF_016748085.1;protein_169,GCF_002951975.1;protein_1266,GCF_016755675.1;protein_172,GCF_006337405.1;protein_1305,GCF_007843715.1;protein_368,GCF_002906495.1;protein_172,GCF_022923775.1;protein_1273,GCF_021184145.1;protein_1123,GCF_022921935.1;protein_1276,GCF_002952575.1;protein_1265,GCF_002953555.1;protein_173,GCF_019974055.1;protein_358,GCF_030406585.1;protein_1061,GCF_030323565.1;protein_319,GCF_007844055.1;protein_1284,GCF_002952595.1;protein_1265,GCF_002952635.1;protein_1270,GCF_002952535.1;protein_1269,GCF_007794935.1;protein_1264
GCF_021729605.1;protein_167,GCF_016748085.1;protein_170,GCF_002951975.1;protein_1265,GCF_016755675.1;protein_173,GCF_006337405.1;protein_1304,GCF_007843715.1;protein_369,GCF_002906495.1;protein_173,GCF_022923775.1;protein_1272,GCF_021184145.1;protein_1124,GCF_022921935.1;protein_1275,GCF_002952575.1;protein_1264,GCF_002953555.1;protein_174,GCF_019974055.1;protein_359,GCF_030406585.1;protein_1062,GCF_030323565.1;protein_320,GCF_007844055.1;protein_1283,GCF_002952595.1;protein_1264,GCF_002952635.1;protein_1269,GCF_002952535.1;protein_1268,GCF_007794935.1;protein_1263
GCF_021729605.1;protein_168,GCF_016748085.1;protein_171,GCF_002951975.1;protein_1264,GCF_016755675.1;protein_174,GCF_006337405.1;protein_1303,GCF_007843715.1;protein_370,GCF_002906495.1;protein_174,GCF_022923775.1;protein_1271,GCF_021184145.1;protein_1125,GCF_022921935.1;protein_1274,GCF_002952575.1;protein_1263,GCF_002953555.1;protein_175,GCF_019974055.1;protein_360,GCF_030406585.1;protein_1063,GCF_030323565.1;protein_321,GCF_007844055.1;protein_1282,GCF_002952595.1;protein_1263,GCF_002952635.1;protein_1268,GCF_002952535.1;protein_1267,GCF_007794935.1;protein_1262
GCF_021729605.1;protein_169,GCF_016748085.1;protein_172,GCF_002951975.1;protein_1263,GCF_016755675.1;protein_175,GCF_006337405.1;protein_1302,GCF_007843715.1;protein_371,GCF_002906495.1;protein_175,GCF_022923775.1;protein_1270,GCF_021184145.1;protein_1126,GCF_022921935.1;protein_1273,GCF_002952575.1;protein_1262,GCF_002953555.1;protein_176,GCF_019974055.1;protein_361,GCF_030406585.1;protein_1064,GCF_030323565.1;protein_322,GCF_007844055.1;protein_1281,GCF_002952595.1;protein_1262,GCF_002952635.1;protein_1267,GCF_002952535.1;protein_1266,GCF_007794935.1;protein_1261
GCF_021729605.1;protein_17,GCF_016748085.1;protein_16,GCF_002951975.1;protein_1464,GCF_016755675.1;protein_16,GCF_006337405.1;protein_1501,GCF_007843715.1;protein_210,GCF_002906495.1;protein_17,GCF_022923775.1;protein_1444,GCF_021184145.1;protein_965,GCF_022921935.1;protein_1436,GCF_002952575.1;protein_1463,GCF_002953555.1;protein_17,GCF_019974055.1;protein_163,GCF_030406585.1;protein_17,GCF_030323565.1;protein_163,GCF_007844055.1;protein_163,GCF_002952595.1;protein_1463,GCF_002952635.1;protein_1468,GCF_002952535.1;protein_1467,GCF_007794935.1;protein_1464
GCF_021729605.1;protein_170,GCF_016748085.1;protein_173,GCF_002951975.1;protein_1262,GCF_016755675.1;protein_176,GCF_006337405.1;protein_1301,GCF_007843715.1;protein_372,GCF_002906495.1;protein_176,GCF_022923775.1;protein_1269,GCF_021184145.1;protein_1127,GCF_022921935.1;protein_1272,GCF_002952575.1;protein_1261,GCF_002953555.1;protein_177,GCF_019974055.1;protein_362,GCF_030406585.1;protein_1065,GCF_030323565.1;protein_323,GCF_007844055.1;protein_1280,GCF_002952595.1;protein_1261,GCF_002952635.1;protein_1266,GCF_002952535.1;protein_1265,GCF_007794935.1;protein_1260
GCF_021729605.1;protein_173,GCF_016748085.1;protein_175,GCF_002951975.1;protein_1260,GCF_016755675.1;protein_178,GCF_006337405.1;protein_1299,GCF_007843715.1;protein_374,GCF_002906495.1;protein_178,GCF_022923775.1;protein_1267,GCF_021184145.1;protein_1129,GCF_022921935.1;protein_1270,GCF_002952575.1;protein_1259,GCF_002953555.1;protein_179,GCF_019974055.1;protein_363,GCF_030406585.1;protein_1067,GCF_030323565.1;protein_325,GCF_007844055.1;protein_1278,GCF_002952595.1;protein_1259,GCF_002952635.1;protein_1264,GCF_002952535.1;protein_1263,GCF_007794935.1;protein_1258
GCF_021729605.1;protein_174,GCF_016748085.1;protein_176,GCF_002951975.1;protein_1259,GCF_016755675.1;protein_179,GCF_006337405.1;protein_1298,GCF_007843715.1;protein_375,GCF_002906495.1;protein_179,GCF_022923775.1;protein_1266,GCF_021184145.1;protein_1130,GCF_022921935.1;protein_1269,GCF_002952575.1;protein_1258,GCF_002953555.1;protein_180,GCF_019974055.1;protein_364,GCF_030406585.1;protein_1068,GCF_030323565.1;protein_326,GCF_007844055.1;protein_1277,GCF_002952595.1;protein_1258,GCF_002952635.1;protein_1263,GCF_002952535.1;protein_1262,GCF_007794935.1;protein_1257
GCF_021729605.1;protein_175,GCF_016748085.1;protein_177,GCF_002951975.1;protein_1258,GCF_016755675.1;protein_180,GCF_006337405.1;protein_1297,GCF_007843715.1;protein_376,GCF_002906495.1;protein_180,GCF_022923775.1;protein_1265,GCF_021184145.1;protein_1131,GCF_022921935.1;protein_1268,GCF_002952575.1;protein_1257,GCF_002953555.1;protein_181,GCF_019974055.1;protein_365,GCF_030406585.1;protein_1069,GCF_030323565.1;protein_327,GCF_007844055.1;protein_1276,GCF_002952595.1;protein_1257,GCF_002952635.1;protein_1262,GCF_002952535.1;protein_1261,GCF_007794935.1;protein_1256
GCF_021729605.1;protein_177,GCF_016748085.1;protein_179,GCF_002951975.1;protein_1256,GCF_016755675.1;protein_182,GCF_006337405.1;protein_1295,GCF_007843715.1;protein_378,GCF_002906495.1;protein_182,GCF_022923775.1;protein_1263,GCF_021184145.1;protein_1133,GCF_022921935.1;protein_1266,GCF_002952575.1;protein_1255,GCF_002953555.1;protein_183,GCF_019974055.1;protein_367,GCF_030406585.1;protein_1071,GCF_030323565.1;protein_329,GCF_007844055.1;protein_1273,GCF_002952595.1;protein_1255,GCF_002952635.1;protein_1260,GCF_002952535.1;protein_1259,GCF_007794935.1;protein_1254
GCF_021729605.1;protein_178,GCF_016748085.1;protein_180,GCF_002951975.1;protein_1255,GCF_016755675.1;protein_183,GCF_006337405.1;protein_1294,GCF_007843715.1;protein_379,GCF_002906495.1;protein_183,GCF_022923775.1;protein_1262,GCF_021184145.1;protein_1134,GCF_022921935.1;protein_1265,GCF_002952575.1;protein_1254,GCF_002953555.1;protein_184,GCF_019974055.1;protein_368,GCF_030406585.1;protein_1072,GCF_030323565.1;protein_330,GCF_007844055.1;protein_1272,GCF_002952595.1;protein_1254,GCF_002952635.1;protein_1259,GCF_002952535.1;protein_1258,GCF_007794935.1;protein_1253
GCF_021729605.1;protein_179,GCF_016748085.1;protein_181,GCF_002951975.1;protein_1254,GCF_016755675.1;protein_184,GCF_006337405.1;protein_1293,GCF_007843715.1;protein_380,GCF_002906495.1;protein_184,GCF_022923775.1;protein_1261,GCF_021184145.1;protein_1135,GCF_022921935.1;protein_1264,GCF_002952575.1;protein_1253,GCF_002953555.1;protein_185,GCF_019974055.1;protein_369,GCF_030406585.1;protein_1073,GCF_030323565.1;protein_331,GCF_007844055.1;protein_1271,GCF_002952595.1;protein_1253,GCF_002952635.1;protein_1258,GCF_002952535.1;protein_1257,GCF_007794935.1;protein_1252
GCF_021729605.1;protein_18,GCF_016748085.1;protein_17,GCF_002951975.1;protein_1463,GCF_016755675.1;protein_17,GCF_006337405.1;protein_1500,GCF_007843715.1;protein_211,GCF_002906495.1;protein_18,GCF_022923775.1;protein_1443,GCF_021184145.1;protein_966,GCF_022921935.1;protein_1435,GCF_002952575.1;protein_1462,GCF_002953555.1;protein_18,GCF_019974055.1;protein_162,GCF_030406585.1;protein_18,GCF_030323565.1;protein_164,GCF_007844055.1;protein_164,GCF_002952595.1;protein_1462,GCF_002952635.1;protein_1467,GCF_002952535.1;protein_1466,GCF_007794935.1;protein_1463
GCF_021729605.1;protein_180,GCF_016748085.1;protein_182,GCF_002951975.1;protein_1253,GCF_016755675.1;protein_185,GCF_006337405.1;protein_1292,GCF_007843715.1;protein_381,GCF_002906495.1;protein_185,GCF_022923775.1;protein_1260,GCF_021184145.1;protein_1136,GCF_022921935.1;protein_1263,GCF_002952575.1;protein_1252,GCF_002953555.1;protein_186,GCF_019974055.1;protein_370,GCF_030406585.1;protein_1074,GCF_030323565.1;protein_332,GCF_007844055.1;protein_1270,GCF_002952595.1;protein_1252,GCF_002952635.1;protein_1257,GCF_002952535.1;protein_1256,GCF_007794935.1;protein_1251
GCF_021729605.1;protein_19,GCF_016748085.1;protein_18,GCF_002951975.1;protein_1462,GCF_016755675.1;protein_18,GCF_006337405.1;protein_1499,GCF_007843715.1;protein_212,GCF_002906495.1;protein_19,GCF_022923775.1;protein_1442,GCF_021184145.1;protein_967,GCF_022921935.1;protein_1434,GCF_002952575.1;protein_1461,GCF_002953555.1;protein_19,GCF_019974055.1;protein_161,GCF_030406585.1;protein_19,GCF_030323565.1;protein_165,GCF_007844055.1;protein_165,GCF_002952595.1;protein_1461,GCF_002952635.1;protein_1466,GCF_002952535.1;protein_1465,GCF_007794935.1;protein_1462
GCF_021729605.1;protein_2,GCF_016748085.1;protein_2,GCF_002951975.1;protein_1479,GCF_016755675.1;protein_2,GCF_006337405.1;protein_1516,GCF_007843715.1;protein_195,GCF_002906495.1;protein_2,GCF_022923775.1;protein_1459,GCF_021184145.1;protein_950,GCF_022921935.1;protein_1451,GCF_002952575.1;protein_1478,GCF_002953555.1;protein_2,GCF_019974055.1;protein_178,GCF_030406585.1;protein_2,GCF_030323565.1;protein_148,GCF_007844055.1;protein_148,GCF_002952595.1;protein_1478,GCF_002952635.1;protein_1483,GCF_002952535.1;protein_1482,GCF_007794935.1;protein_1479
GCF_021729605.1;protein_206,GCF_016748085.1;protein_183,GCF_002951975.1;protein_1252,GCF_016755675.1;protein_186,GCF_006337405.1;protein_1291,GCF_007843715.1;protein_382,GCF_002906495.1;protein_186,GCF_022923775.1;protein_1259,GCF_021184145.1;protein_1137,GCF_022921935.1;protein_1262,GCF_002952575.1;protein_1251,GCF_002953555.1;protein_187,GCF_019974055.1;protein_371,GCF_030406585.1;protein_1075,GCF_030323565.1;protein_333,GCF_007844055.1;protein_1269,GCF_002952595.1;protein_1251,GCF_002952635.1;protein_1256,GCF_002952535.1;protein_1255,GCF_007794935.1;protein_1250
GCF_021729605.1;protein_207,GCF_016748085.1;protein_184,GCF_002951975.1;protein_1251,GCF_016755675.1;protein_187,GCF_006337405.1;protein_1290,GCF_007843715.1;protein_383,GCF_002906495.1;protein_187,GCF_022923775.1;protein_1258,GCF_021184145.1;protein_1138,GCF_022921935.1;protein_1261,GCF_002952575.1;protein_1250,GCF_002953555.1;protein_188,GCF_019974055.1;protein_372,GCF_030406585.1;protein_1076,GCF_030323565.1;protein_334,GCF_007844055.1;protein_1268,GCF_002952595.1;protein_1250,GCF_002952635.1;protein_1255,GCF_002952535.1;protein_1254,GCF_007794935.1;protein_1249
GCF_021729605.1;protein_208,GCF_016748085.1;protein_185,GCF_002951975.1;protein_1250,GCF_016755675.1;protein_188,GCF_006337405.1;protein_1289,GCF_007843715.1;protein_384,GCF_002906495.1;protein_188,GCF_022923775.1;protein_1257,GCF_021184145.1;protein_1139,GCF_022921935.1;protein_1260,GCF_002952575.1;protein_1249,GCF_002953555.1;protein_189,GCF_019974055.1;protein_373,GCF_030406585.1;protein_1077,GCF_030323565.1;protein_335,GCF_007844055.1;protein_1267,GCF_002952595.1;protein_1249,GCF_002952635.1;protein_1254,GCF_002952535.1;protein_1253,GCF_007794935.1;protein_1248
GCF_021729605.1;protein_209,GCF_016748085.1;protein_186,GCF_002951975.1;protein_1249,GCF_016755675.1;protein_189,GCF_006337405.1;protein_1288,GCF_007843715.1;protein_385,GCF_002906495.1;protein_189,GCF_022923775.1;protein_1256,GCF_021184145.1;protein_1140,GCF_022921935.1;protein_1259,GCF_002952575.1;protein_1248,GCF_002953555.1;protein_190,GCF_019974055.1;protein_374,GCF_030406585.1;protein_1078,GCF_030323565.1;protein_336,GCF_007844055.1;protein_1266,GCF_002952595.1;protein_1248,GCF_002952635.1;protein_1253,GCF_002952535.1;protein_1252,GCF_007794935.1;protein_1247
GCF_021729605.1;protein_21,GCF_016748085.1;protein_20,GCF_002951975.1;protein_1460,GCF_016755675.1;protein_21,GCF_006337405.1;protein_1497,GCF_007843715.1;protein_214,GCF_002906495.1;protein_21,GCF_022923775.1;protein_134,GCF_021184145.1;protein_969,GCF_022921935.1;protein_131,GCF_002952575.1;protein_1459,GCF_002953555.1;protein_22,GCF_019974055.1;protein_159,GCF_030406585.1;protein_21,GCF_030323565.1;protein_167,GCF_007844055.1;protein_167,GCF_002952595.1;protein_1459,GCF_002952635.1;protein_1464,GCF_002952535.1;protein_1463,GCF_007794935.1;protein_1460
GCF_021729605.1;protein_210,GCF_016748085.1;protein_187,GCF_002951975.1;protein_1248,GCF_016755675.1;protein_190,GCF_006337405.1;protein_1287,GCF_007843715.1;protein_386,GCF_002906495.1;protein_190,GCF_022923775.1;protein_1255,GCF_021184145.1;protein_1141,GCF_022921935.1;protein_1258,GCF_002952575.1;protein_1247,GCF_002953555.1;protein_191,GCF_019974055.1;protein_375,GCF_030406585.1;protein_1079,GCF_030323565.1;protein_337,GCF_007844055.1;protein_1265,GCF_002952595.1;protein_1247,GCF_002952635.1;protein_1252,GCF_002952535.1;protein_1251,GCF_007794935.1;protein_1246
GCF_021729605.1;protein_211,GCF_016748085.1;protein_188,GCF_002951975.1;protein_1247,GCF_016755675.1;protein_191,GCF_006337405.1;protein_1286,GCF_007843715.1;protein_387,GCF_002906495.1;protein_191,GCF_022923775.1;protein_1254,GCF_021184145.1;protein_1142,GCF_022921935.1;protein_1257,GCF_002952575.1;protein_1246,GCF_002953555.1;protein_192,GCF_019974055.1;protein_376,GCF_030406585.1;protein_1080,GCF_030323565.1;protein_338,GCF_007844055.1;protein_1264,GCF_002952595.1;protein_1246,GCF_002952635.1;protein_1251,GCF_002952535.1;protein_1250,GCF_007794935.1;protein_1245
GCF_021729605.1;protein_212,GCF_016748085.1;protein_189,GCF_002951975.1;protein_1246,GCF_016755675.1;protein_192,GCF_006337405.1;protein_1285,GCF_007843715.1;protein_388,GCF_002906495.1;protein_192,GCF_022923775.1;protein_1253,GCF_021184145.1;protein_1143,GCF_022921935.1;protein_1256,GCF_002952575.1;protein_1245,GCF_002953555.1;protein_193,GCF_019974055.1;protein_377,GCF_030406585.1;protein_1081,GCF_030323565.1;protein_339,GCF_007844055.1;protein_1263,GCF_002952595.1;protein_1245,GCF_002952635.1;protein_1250,GCF_002952535.1;protein_1249,GCF_007794935.1;protein_1244
GCF_021729605.1;protein_215,GCF_016748085.1;protein_190,GCF_002951975.1;protein_1245,GCF_016755675.1;protein_193,GCF_006337405.1;protein_1283,GCF_007843715.1;protein_389,GCF_002906495.1;protein_194,GCF_022923775.1;protein_1252,GCF_021184145.1;protein_1144,GCF_022921935.1;protein_1255,GCF_002952575.1;protein_1244,GCF_002953555.1;protein_195,GCF_019974055.1;protein_379,GCF_030406585.1;protein_1082,GCF_030323565.1;protein_340,GCF_007844055.1;protein_1261,GCF_002952595.1;protein_1244,GCF_002952635.1;protein_1249,GCF_002952535.1;protein_1248,GCF_007794935.1;protein_1243
GCF_021729605.1;protein_218,GCF_016748085.1;protein_193,GCF_002951975.1;protein_1243,GCF_016755675.1;protein_195,GCF_006337405.1;protein_1235,GCF_007843715.1;protein_391,GCF_002906495.1;protein_196,GCF_022923775.1;protein_1250,GCF_021184145.1;protein_1146,GCF_022921935.1;protein_1253,GCF_002952575.1;protein_1242,GCF_002953555.1;protein_197,GCF_019974055.1;protein_381,GCF_030406585.1;protein_1084,GCF_030323565.1;protein_342,GCF_007844055.1;protein_1259,GCF_002952595.1;protein_1242,GCF_002952635.1;protein_1247,GCF_002952535.1;protein_1246,GCF_007794935.1;protein_1241
GCF_021729605.1;protein_22,GCF_016748085.1;protein_21,GCF_002951975.1;protein_1459,GCF_016755675.1;protein_22,GCF_006337405.1;protein_1496,GCF_007843715.1;protein_215,GCF_002906495.1;protein_22,GCF_022923775.1;protein_135,GCF_021184145.1;protein_970,GCF_022921935.1;protein_132,GCF_002952575.1;protein_1458,GCF_002953555.1;protein_23,GCF_019974055.1;protein_158,GCF_030406585.1;protein_22,GCF_030323565.1;protein_168,GCF_007844055.1;protein_168,GCF_002952595.1;protein_1458,GCF_002952635.1;protein_1463,GCF_002952535.1;protein_1462,GCF_007794935.1;protein_1459
GCF_021729605.1;protein_222,GCF_016748085.1;protein_197,GCF_002951975.1;protein_1239,GCF_016755675.1;protein_199,GCF_006337405.1;protein_1231,GCF_007843715.1;protein_395,GCF_002906495.1;protein_200,GCF_022923775.1;protein_1246,GCF_021184145.1;protein_1150,GCF_022921935.1;protein_1248,GCF_002952575.1;protein_1239,GCF_002953555.1;protein_201,GCF_019974055.1;protein_385,GCF_030406585.1;protein_1087,GCF_030323565.1;protein_346,GCF_007844055.1;protein_1255,GCF_002952595.1;protein_1239,GCF_002952635.1;protein_1244,GCF_002952535.1;protein_1243,GCF_007794935.1;protein_1238
GCF_021729605.1;protein_223,GCF_016748085.1;protein_199,GCF_002951975.1;protein_1237,GCF_016755675.1;protein_201,GCF_006337405.1;protein_1229,GCF_007843715.1;protein_397,GCF_002906495.1;protein_202,GCF_022923775.1;protein_1244,GCF_021184145.1;protein_1152,GCF_022921935.1;protein_1246,GCF_002952575.1;protein_1237,GCF_002953555.1;protein_203,GCF_019974055.1;protein_387,GCF_030406585.1;protein_1089,GCF_030323565.1;protein_348,GCF_007844055.1;protein_1253,GCF_002952595.1;protein_1237,GCF_002952635.1;protein_1242,GCF_002952535.1;protein_1241,GCF_007794935.1;protein_1236
GCF_021729605.1;protein_224,GCF_016748085.1;protein_200,GCF_002951975.1;protein_1236,GCF_016755675.1;protein_202,GCF_006337405.1;protein_1228,GCF_007843715.1;protein_398,GCF_002906495.1;protein_203,GCF_022923775.1;protein_1243,GCF_021184145.1;protein_1153,GCF_022921935.1;protein_1245,GCF_002952575.1;protein_1236,GCF_002953555.1;protein_204,GCF_019974055.1;protein_388,GCF_030406585.1;protein_1090,GCF_030323565.1;protein_349,GCF_007844055.1;protein_1252,GCF_002952595.1;protein_1236,GCF_002952635.1;protein_1241,GCF_002952535.1;protein_1240,GCF_007794935.1;protein_1235
GCF_021729605.1;protein_225,GCF_016748085.1;protein_201,GCF_002951975.1;protein_1235,GCF_016755675.1;protein_203,GCF_006337405.1;protein_1227,GCF_007843715.1;protein_399,GCF_002906495.1;protein_204,GCF_022923775.1;protein_1242,GCF_021184145.1;protein_1154,GCF_022921935.1;protein_1244,GCF_002952575.1;protein_1235,GCF_002953555.1;protein_205,GCF_019974055.1;protein_389,GCF_030406585.1;protein_1091,GCF_030323565.1;protein_350,GCF_007844055.1;protein_1251,GCF_002952595.1;protein_1235,GCF_002952635.1;protein_1240,GCF_002952535.1;protein_1239,GCF_007794935.1;protein_1234
GCF_021729605.1;protein_226,GCF_016748085.1;protein_202,GCF_002951975.1;protein_1234,GCF_016755675.1;protein_204,GCF_006337405.1;protein_1226,GCF_007843715.1;protein_400,GCF_002906495.1;protein_205,GCF_022923775.1;protein_1241,GCF_021184145.1;protein_1155,GCF_022921935.1;protein_1243,GCF_002952575.1;protein_1234,GCF_002953555.1;protein_206,GCF_019974055.1;protein_390,GCF_030406585.1;protein_1092,GCF_030323565.1;protein_351,GCF_007844055.1;protein_1250,GCF_002952595.1;protein_1234,GCF_002952635.1;protein_1239,GCF_002952535.1;protein_1238,GCF_007794935.1;protein_1233
GCF_021729605.1;protein_227,GCF_016748085.1;protein_203,GCF_002951975.1;protein_1233,GCF_016755675.1;protein_205,GCF_006337405.1;protein_1225,GCF_007843715.1;protein_401,GCF_002906495.1;protein_206,GCF_022923775.1;protein_1240,GCF_021184145.1;protein_1156,GCF_022921935.1;protein_1242,GCF_002952575.1;protein_1233,GCF_002953555.1;protein_207,GCF_019974055.1;protein_391,GCF_030406585.1;protein_1093,GCF_030323565.1;protein_352,GCF_007844055.1;protein_1249,GCF_002952595.1;protein_1233,GCF_002952635.1;protein_1238,GCF_002952535.1;protein_1237,GCF_007794935.1;protein_1232
GCF_021729605.1;protein_228,GCF_016748085.1;protein_205,GCF_002951975.1;protein_1232,GCF_016755675.1;protein_208,GCF_006337405.1;protein_1224,GCF_007843715.1;protein_404,GCF_002906495.1;protein_208,GCF_022923775.1;protein_1238,GCF_021184145.1;protein_1158,GCF_022921935.1;protein_1239,GCF_002952575.1;protein_1232,GCF_002953555.1;protein_209,GCF_019974055.1;protein_394,GCF_030406585.1;protein_1095,GCF_030323565.1;protein_356,GCF_007844055.1;protein_1246,GCF_002952595.1;protein_1232,GCF_002952635.1;protein_1237,GCF_002952535.1;protein_1236,GCF_007794935.1;protein_1231
GCF_021729605.1;protein_229,GCF_016748085.1;protein_206,GCF_002951975.1;protein_1231,GCF_016755675.1;protein_209,GCF_006337405.1;protein_1223,GCF_007843715.1;protein_405,GCF_002906495.1;protein_209,GCF_022923775.1;protein_1237,GCF_021184145.1;protein_1159,GCF_022921935.1;protein_1238,GCF_002952575.1;protein_1231,GCF_002953555.1;protein_210,GCF_019974055.1;protein_395,GCF_030406585.1;protein_1096,GCF_030323565.1;protein_357,GCF_007844055.1;protein_1245,GCF_002952595.1;protein_1231,GCF_002952635.1;protein_1236,GCF_002952535.1;protein_1235,GCF_007794935.1;protein_1230
GCF_021729605.1;protein_23,GCF_016748085.1;protein_22,GCF_002951975.1;protein_1458,GCF_016755675.1;protein_23,GCF_006337405.1;protein_1495,GCF_007843715.1;protein_216,GCF_002906495.1;protein_23,GCF_022923775.1;protein_136,GCF_021184145.1;protein_971,GCF_022921935.1;protein_133,GCF_002952575.1;protein_1457,GCF_002953555.1;protein_24,GCF_019974055.1;protein_157,GCF_030406585.1;protein_23,GCF_030323565.1;protein_169,GCF_007844055.1;protein_169,GCF_002952595.1;protein_1457,GCF_002952635.1;protein_1462,GCF_002952535.1;protein_1461,GCF_007794935.1;protein_1458
GCF_021729605.1;protein_230,GCF_016748085.1;protein_207,GCF_002951975.1;protein_1230,GCF_016755675.1;protein_210,GCF_006337405.1;protein_1222,GCF_007843715.1;protein_406,GCF_002906495.1;protein_210,GCF_022923775.1;protein_1236,GCF_021184145.1;protein_1160,GCF_022921935.1;protein_1237,GCF_002952575.1;protein_1230,GCF_002953555.1;protein_211,GCF_019974055.1;protein_396,GCF_030406585.1;protein_1097,GCF_030323565.1;protein_358,GCF_007844055.1;protein_1244,GCF_002952595.1;protein_1230,GCF_002952635.1;protein_1235,GCF_002952535.1;protein_1234,GCF_007794935.1;protein_1229
GCF_021729605.1;protein_231,GCF_016748085.1;protein_208,GCF_002951975.1;protein_1229,GCF_016755675.1;protein_211,GCF_006337405.1;protein_1221,GCF_007843715.1;protein_407,GCF_002906495.1;protein_211,GCF_022923775.1;protein_1235,GCF_021184145.1;protein_1161,GCF_022921935.1;protein_1236,GCF_002952575.1;protein_1229,GCF_002953555.1;protein_212,GCF_019974055.1;protein_397,GCF_030406585.1;protein_1098,GCF_030323565.1;protein_359,GCF_007844055.1;protein_1243,GCF_002952595.1;protein_1229,GCF_002952635.1;protein_1234,GCF_002952535.1;protein_1233,GCF_007794935.1;protein_1228
GCF_021729605.1;protein_232,GCF_016748085.1;protein_209,GCF_002951975.1;protein_1228,GCF_016755675.1;protein_212,GCF_006337405.1;protein_1220,GCF_007843715.1;protein_408,GCF_002906495.1;protein_212,GCF_022923775.1;protein_1234,GCF_021184145.1;protein_1162,GCF_022921935.1;protein_1235,GCF_002952575.1;protein_1228,GCF_002953555.1;protein_213,GCF_019974055.1;protein_398,GCF_030406585.1;protein_1099,GCF_030323565.1;protein_360,GCF_007844055.1;protein_1242,GCF_002952595.1;protein_1228,GCF_002952635.1;protein_1233,GCF_002952535.1;protein_1232,GCF_007794935.1;protein_1227
GCF_021729605.1;protein_233,GCF_016748085.1;protein_210,GCF_002951975.1;protein_1227,GCF_016755675.1;protein_213,GCF_006337405.1;protein_1219,GCF_007843715.1;protein_409,GCF_002906495.1;protein_213,GCF_022923775.1;protein_1233,GCF_021184145.1;protein_1163,GCF_022921935.1;protein_1234,GCF_002952575.1;protein_1227,GCF_002953555.1;protein_214,GCF_019974055.1;protein_399,GCF_030406585.1;protein_1100,GCF_030323565.1;protein_361,GCF_007844055.1;protein_1241,GCF_002952595.1;protein_1227,GCF_002952635.1;protein_1232,GCF_002952535.1;protein_1231,GCF_007794935.1;protein_1226
GCF_021729605.1;protein_234,GCF_016748085.1;protein_211,GCF_002951975.1;protein_1226,GCF_016755675.1;protein_214,GCF_006337405.1;protein_1218,GCF_007843715.1;protein_410,GCF_002906495.1;protein_214,GCF_022923775.1;protein_1232,GCF_021184145.1;protein_1164,GCF_022921935.1;protein_1233,GCF_002952575.1;protein_1226,GCF_002953555.1;protein_215,GCF_019974055.1;protein_400,GCF_030406585.1;protein_1101,GCF_030323565.1;protein_362,GCF_007844055.1;protein_1240,GCF_002952595.1;protein_1226,GCF_002952635.1;protein_1231,GCF_002952535.1;protein_1230,GCF_007794935.1;protein_1225
GCF_021729605.1;protein_235,GCF_016748085.1;protein_213,GCF_002951975.1;protein_1225,GCF_016755675.1;protein_216,GCF_006337405.1;protein_1217,GCF_007843715.1;protein_411,GCF_002906495.1;protein_215,GCF_022923775.1;protein_1230,GCF_021184145.1;protein_1165,GCF_022921935.1;protein_1231,GCF_002952575.1;protein_1225,GCF_002953555.1;protein_216,GCF_019974055.1;protein_401,GCF_030406585.1;protein_1102,GCF_030323565.1;protein_364,GCF_007844055.1;protein_1239,GCF_002952595.1;protein_1225,GCF_002952635.1;protein_1230,GCF_002952535.1;protein_1229,GCF_007794935.1;protein_1224
GCF_021729605.1;protein_237,GCF_016748085.1;protein_215,GCF_002951975.1;protein_1223,GCF_016755675.1;protein_218,GCF_006337405.1;protein_1215,GCF_007843715.1;protein_413,GCF_002906495.1;protein_217,GCF_022923775.1;protein_1228,GCF_021184145.1;protein_1167,GCF_022921935.1;protein_1228,GCF_002952575.1;protein_1223,GCF_002953555.1;protein_218,GCF_019974055.1;protein_403,GCF_030406585.1;protein_1104,GCF_030323565.1;protein_366,GCF_007844055.1;protein_1237,GCF_002952595.1;protein_1223,GCF_002952635.1;protein_1228,GCF_002952535.1;protein_1227,GCF_007794935.1;protein_1222
GCF_021729605.1;protein_238,GCF_016748085.1;protein_216,GCF_002951975.1;protein_1222,GCF_016755675.1;protein_219,GCF_006337405.1;protein_1214,GCF_007843715.1;protein_414,GCF_002906495.1;protein_218,GCF_022923775.1;protein_1227,GCF_021184145.1;protein_1168,GCF_022921935.1;protein_1227,GCF_002952575.1;protein_1222,GCF_002953555.1;protein_219,GCF_019974055.1;protein_404,GCF_030406585.1;protein_1105,GCF_030323565.1;protein_367,GCF_007844055.1;protein_1236,GCF_002952595.1;protein_1222,GCF_002952635.1;protein_1227,GCF_002952535.1;protein_1226,GCF_007794935.1;protein_1221
GCF_021729605.1;protein_239,GCF_016748085.1;protein_217,GCF_002951975.1;protein_1221,GCF_016755675.1;protein_220,GCF_006337405.1;protein_1213,GCF_007843715.1;protein_415,GCF_002906495.1;protein_219,GCF_022923775.1;protein_1226,GCF_021184145.1;protein_1169,GCF_022921935.1;protein_1226,GCF_002952575.1;protein_1221,GCF_002953555.1;protein_220,GCF_019974055.1;protein_405,GCF_030406585.1;protein_1106,GCF_030323565.1;protein_368,GCF_007844055.1;protein_1235,GCF_002952595.1;protein_1221,GCF_002952635.1;protein_1226,GCF_002952535.1;protein_1225,GCF_007794935.1;protein_1220
GCF_021729605.1;protein_24,GCF_016748085.1;protein_23,GCF_002951975.1;protein_1457,GCF_016755675.1;protein_24,GCF_006337405.1;protein_1494,GCF_007843715.1;protein_217,GCF_002906495.1;protein_24,GCF_022923775.1;protein_137,GCF_021184145.1;protein_972,GCF_022921935.1;protein_134,GCF_002952575.1;protein_1456,GCF_002953555.1;protein_25,GCF_019974055.1;protein_156,GCF_030406585.1;protein_24,GCF_030323565.1;protein_170,GCF_007844055.1;protein_170,GCF_002952595.1;protein_1456,GCF_002952635.1;protein_1461,GCF_002952535.1;protein_1460,GCF_007794935.1;protein_1457
GCF_021729605.1;protein_240,GCF_016748085.1;protein_218,GCF_002951975.1;protein_1220,GCF_016755675.1;protein_221,GCF_006337405.1;protein_1212,GCF_007843715.1;protein_416,GCF_002906495.1;protein_220,GCF_022923775.1;protein_1225,GCF_021184145.1;protein_1170,GCF_022921935.1;protein_1225,GCF_002952575.1;protein_1220,GCF_002953555.1;protein_221,GCF_019974055.1;protein_406,GCF_030406585.1;protein_1107,GCF_030323565.1;protein_369,GCF_007844055.1;protein_1234,GCF_002952595.1;protein_1220,GCF_002952635.1;protein_1225,GCF_002952535.1;protein_1224,GCF_007794935.1;protein_1219
GCF_021729605.1;protein_241,GCF_016748085.1;protein_219,GCF_002951975.1;protein_1219,GCF_016755675.1;protein_222,GCF_006337405.1;protein_1211,GCF_007843715.1;protein_417,GCF_002906495.1;protein_221,GCF_022923775.1;protein_1224,GCF_021184145.1;protein_1171,GCF_022921935.1;protein_1224,GCF_002952575.1;protein_1219,GCF_002953555.1;protein_222,GCF_019974055.1;protein_407,GCF_030406585.1;protein_1108,GCF_030323565.1;protein_370,GCF_007844055.1;protein_1233,GCF_002952595.1;protein_1219,GCF_002952635.1;protein_1224,GCF_002952535.1;protein_1223,GCF_007794935.1;protein_1218
GCF_021729605.1;protein_242,GCF_016748085.1;protein_220,GCF_002951975.1;protein_1218,GCF_016755675.1;protein_223,GCF_006337405.1;protein_1210,GCF_007843715.1;protein_418,GCF_002906495.1;protein_222,GCF_022923775.1;protein_1223,GCF_021184145.1;protein_1172,GCF_022921935.1;protein_1223,GCF_002952575.1;protein_1218,GCF_002953555.1;protein_223,GCF_019974055.1;protein_408,GCF_030406585.1;protein_1109,GCF_030323565.1;protein_371,GCF_007844055.1;protein_1232,GCF_002952595.1;protein_1218,GCF_002952635.1;protein_1223,GCF_002952535.1;protein_1222,GCF_007794935.1;protein_1217
GCF_021729605.1;protein_243,GCF_016748085.1;protein_221,GCF_002951975.1;protein_1217,GCF_016755675.1;protein_224,GCF_006337405.1;protein_1209,GCF_007843715.1;protein_419,GCF_002906495.1;protein_223,GCF_022923775.1;protein_1222,GCF_021184145.1;protein_1173,GCF_022921935.1;protein_1222,GCF_002952575.1;protein_1217,GCF_002953555.1;protein_224,GCF_019974055.1;protein_409,GCF_030406585.1;protein_1110,GCF_030323565.1;protein_372,GCF_007844055.1;protein_1231,GCF_002952595.1;protein_1217,GCF_002952635.1;protein_1222,GCF_002952535.1;protein_1221,GCF_007794935.1;protein_1216
GCF_021729605.1;protein_244,GCF_016748085.1;protein_222,GCF_002951975.1;protein_1216,GCF_016755675.1;protein_225,GCF_006337405.1;protein_1208,GCF_007843715.1;protein_420,GCF_002906495.1;protein_224,GCF_022923775.1;protein_1221,GCF_021184145.1;protein_1174,GCF_022921935.1;protein_1221,GCF_002952575.1;protein_1216,GCF_002953555.1;protein_225,GCF_019974055.1;protein_410,GCF_030406585.1;protein_1111,GCF_030323565.1;protein_373,GCF_007844055.1;protein_1230,GCF_002952595.1;protein_1216,GCF_002952635.1;protein_1221,GCF_002952535.1;protein_1220,GCF_007794935.1;protein_1215
GCF_021729605.1;protein_245,GCF_016748085.1;protein_223,GCF_002951975.1;protein_1215,GCF_016755675.1;protein_226,GCF_006337405.1;protein_1207,GCF_007843715.1;protein_421,GCF_002906495.1;protein_225,GCF_022923775.1;protein_1220,GCF_021184145.1;protein_1175,GCF_022921935.1;protein_1220,GCF_002952575.1;protein_1215,GCF_002953555.1;protein_226,GCF_019974055.1;protein_411,GCF_030406585.1;protein_1112,GCF_030323565.1;protein_374,GCF_007844055.1;protein_1229,GCF_002952595.1;protein_1215,GCF_002952635.1;protein_1220,GCF_002952535.1;protein_1219,GCF_007794935.1;protein_1214
GCF_021729605.1;protein_246,GCF_016748085.1;protein_224,GCF_002951975.1;protein_1214,GCF_016755675.1;protein_227,GCF_006337405.1;protein_1206,GCF_007843715.1;protein_422,GCF_002906495.1;protein_226,GCF_022923775.1;protein_1219,GCF_021184145.1;protein_1176,GCF_022921935.1;protein_1219,GCF_002952575.1;protein_1214,GCF_002953555.1;protein_227,GCF_019974055.1;protein_412,GCF_030406585.1;protein_1113,GCF_030323565.1;protein_375,GCF_007844055.1;protein_1228,GCF_002952595.1;protein_1214,GCF_002952635.1;protein_1219,GCF_002952535.1;protein_1218,GCF_007794935.1;protein_1213
GCF_021729605.1;protein_247,GCF_016748085.1;protein_225,GCF_002951975.1;protein_1213,GCF_016755675.1;protein_228,GCF_006337405.1;protein_1205,GCF_007843715.1;protein_423,GCF_002906495.1;protein_227,GCF_022923775.1;protein_1218,GCF_021184145.1;protein_1177,GCF_022921935.1;protein_1218,GCF_002952575.1;protein_1213,GCF_002953555.1;protein_228,GCF_019974055.1;protein_413,GCF_030406585.1;protein_1114,GCF_030323565.1;protein_376,GCF_007844055.1;protein_1227,GCF_002952595.1;protein_1213,GCF_002952635.1;protein_1218,GCF_002952535.1;protein_1217,GCF_007794935.1;protein_1212
GCF_021729605.1;protein_248,GCF_016748085.1;protein_226,GCF_002951975.1;protein_1212,GCF_016755675.1;protein_229,GCF_006337405.1;protein_1204,GCF_007843715.1;protein_424,GCF_002906495.1;protein_228,GCF_022923775.1;protein_1217,GCF_021184145.1;protein_1178,GCF_022921935.1;protein_1217,GCF_002952575.1;protein_1212,GCF_002953555.1;protein_229,GCF_019974055.1;protein_414,GCF_030406585.1;protein_1115,GCF_030323565.1;protein_377,GCF_007844055.1;protein_1226,GCF_002952595.1;protein_1212,GCF_002952635.1;protein_1217,GCF_002952535.1;protein_1216,GCF_007794935.1;protein_1211
GCF_021729605.1;protein_249,GCF_016748085.1;protein_227,GCF_002951975.1;protein_1211,GCF_016755675.1;protein_230,GCF_006337405.1;protein_1203,GCF_007843715.1;protein_425,GCF_002906495.1;protein_229,GCF_022923775.1;protein_1216,GCF_021184145.1;protein_1179,GCF_022921935.1;protein_1216,GCF_002952575.1;protein_1211,GCF_002953555.1;protein_230,GCF_019974055.1;protein_415,GCF_030406585.1;protein_1116,GCF_030323565.1;protein_378,GCF_007844055.1;protein_1225,GCF_002952595.1;protein_1211,GCF_002952635.1;protein_1216,GCF_002952535.1;protein_1215,GCF_007794935.1;protein_1210
GCF_021729605.1;protein_250,GCF_016748085.1;protein_228,GCF_002951975.1;protein_1210,GCF_016755675.1;protein_231,GCF_006337405.1;protein_1202,GCF_007843715.1;protein_426,GCF_002906495.1;protein_230,GCF_022923775.1;protein_1215,GCF_021184145.1;protein_1180,GCF_022921935.1;protein_1215,GCF_002952575.1;protein_1210,GCF_002953555.1;protein_231,GCF_019974055.1;protein_416,GCF_030406585.1;protein_1117,GCF_030323565.1;protein_379,GCF_007844055.1;protein_1224,GCF_002952595.1;protein_1210,GCF_002952635.1;protein_1215,GCF_002952535.1;protein_1214,GCF_007794935.1;protein_1209
GCF_021729605.1;protein_251,GCF_016748085.1;protein_229,GCF_002951975.1;protein_1209,GCF_016755675.1;protein_232,GCF_006337405.1;protein_1201,GCF_007843715.1;protein_427,GCF_002906495.1;protein_231,GCF_022923775.1;protein_1214,GCF_021184145.1;protein_1181,GCF_022921935.1;protein_1214,GCF_002952575.1;protein_1209,GCF_002953555.1;protein_232,GCF_019974055.1;protein_417,GCF_030406585.1;protein_1118,GCF_030323565.1;protein_380,GCF_007844055.1;protein_1223,GCF_002952595.1;protein_1209,GCF_002952635.1;protein_1214,GCF_002952535.1;protein_1213,GCF_007794935.1;protein_1208
GCF_021729605.1;protein_252,GCF_016748085.1;protein_230,GCF_002951975.1;protein_1208,GCF_016755675.1;protein_233,GCF_006337405.1;protein_1200,GCF_007843715.1;protein_428,GCF_002906495.1;protein_232,GCF_022923775.1;protein_1213,GCF_021184145.1;protein_1182,GCF_022921935.1;protein_1213,GCF_002952575.1;protein_1208,GCF_002953555.1;protein_233,GCF_019974055.1;protein_418,GCF_030406585.1;protein_1119,GCF_030323565.1;protein_381,GCF_007844055.1;protein_1222,GCF_002952595.1;protein_1208,GCF_002952635.1;protein_1213,GCF_002952535.1;protein_1212,GCF_007794935.1;protein_1207
GCF_021729605.1;protein_253,GCF_016748085.1;protein_231,GCF_002951975.1;protein_1207,GCF_016755675.1;protein_234,GCF_006337405.1;protein_1199,GCF_007843715.1;protein_429,GCF_002906495.1;protein_233,GCF_022923775.1;protein_1212,GCF_021184145.1;protein_1183,GCF_022921935.1;protein_1212,GCF_002952575.1;protein_1207,GCF_002953555.1;protein_234,GCF_019974055.1;protein_419,GCF_030406585.1;protein_1120,GCF_030323565.1;protein_382,GCF_007844055.1;protein_1221,GCF_002952595.1;protein_1207,GCF_002952635.1;protein_1212,GCF_002952535.1;protein_1211,GCF_007794935.1;protein_1206
GCF_021729605.1;protein_254,GCF_016748085.1;protein_232,GCF_002951975.1;protein_1206,GCF_016755675.1;protein_235,GCF_006337405.1;protein_1198,GCF_007843715.1;protein_430,GCF_002906495.1;protein_234,GCF_022923775.1;protein_1211,GCF_021184145.1;protein_1184,GCF_022921935.1;protein_1211,GCF_002952575.1;protein_1206,GCF_002953555.1;protein_235,GCF_019974055.1;protein_420,GCF_030406585.1;protein_1121,GCF_030323565.1;protein_383,GCF_007844055.1;protein_1220,GCF_002952595.1;protein_1206,GCF_002952635.1;protein_1211,GCF_002952535.1;protein_1210,GCF_007794935.1;protein_1205
GCF_021729605.1;protein_255,GCF_016748085.1;protein_233,GCF_002951975.1;protein_1205,GCF_016755675.1;protein_236,GCF_006337405.1;protein_1197,GCF_007843715.1;protein_431,GCF_002906495.1;protein_235,GCF_022923775.1;protein_1210,GCF_021184145.1;protein_1185,GCF_022921935.1;protein_1210,GCF_002952575.1;protein_1205,GCF_002953555.1;protein_236,GCF_019974055.1;protein_421,GCF_030406585.1;protein_1122,GCF_030323565.1;protein_384,GCF_007844055.1;protein_1219,GCF_002952595.1;protein_1205,GCF_002952635.1;protein_1210,GCF_002952535.1;protein_1209,GCF_007794935.1;protein_1204
GCF_021729605.1;protein_256,GCF_016748085.1;protein_234,GCF_002951975.1;protein_1204,GCF_016755675.1;protein_237,GCF_006337405.1;protein_1196,GCF_007843715.1;protein_432,GCF_002906495.1;protein_236,GCF_022923775.1;protein_1209,GCF_021184145.1;protein_1186,GCF_022921935.1;protein_1209,GCF_002952575.1;protein_1204,GCF_002953555.1;protein_237,GCF_019974055.1;protein_422,GCF_030406585.1;protein_1123,GCF_030323565.1;protein_385,GCF_007844055.1;protein_1218,GCF_002952595.1;protein_1204,GCF_002952635.1;protein_1209,GCF_002952535.1;protein_1208,GCF_007794935.1;protein_1203
GCF_021729605.1;protein_257,GCF_016748085.1;protein_235,GCF_002951975.1;protein_1203,GCF_016755675.1;protein_238,GCF_006337405.1;protein_1195,GCF_007843715.1;protein_433,GCF_002906495.1;protein_237,GCF_022923775.1;protein_1208,GCF_021184145.1;protein_1187,GCF_022921935.1;protein_1208,GCF_002952575.1;protein_1203,GCF_002953555.1;protein_238,GCF_019974055.1;protein_423,GCF_030406585.1;protein_1124,GCF_030323565.1;protein_386,GCF_007844055.1;protein_1217,GCF_002952595.1;protein_1203,GCF_002952635.1;protein_1208,GCF_002952535.1;protein_1207,GCF_007794935.1;protein_1202
GCF_021729605.1;protein_258,GCF_016748085.1;protein_236,GCF_002951975.1;protein_1202,GCF_016755675.1;protein_239,GCF_006337405.1;protein_1194,GCF_007843715.1;protein_434,GCF_002906495.1;protein_238,GCF_022923775.1;protein_1207,GCF_021184145.1;protein_1188,GCF_022921935.1;protein_1207,GCF_002952575.1;protein_1202,GCF_002953555.1;protein_239,GCF_019974055.1;protein_424,GCF_030406585.1;protein_1125,GCF_030323565.1;protein_387,GCF_007844055.1;protein_1216,GCF_002952595.1;protein_1202,GCF_002952635.1;protein_1207,GCF_002952535.1;protein_1206,GCF_007794935.1;protein_1201
GCF_021729605.1;protein_259,GCF_016748085.1;protein_237,GCF_002951975.1;protein_1201,GCF_016755675.1;protein_240,GCF_006337405.1;protein_1193,GCF_007843715.1;protein_435,GCF_002906495.1;protein_239,GCF_022923775.1;protein_1206,GCF_021184145.1;protein_1189,GCF_022921935.1;protein_1206,GCF_002952575.1;protein_1201,GCF_002953555.1;protein_240,GCF_019974055.1;protein_425,GCF_030406585.1;protein_1126,GCF_030323565.1;protein_388,GCF_007844055.1;protein_1215,GCF_002952595.1;protein_1201,GCF_002952635.1;protein_1206,GCF_002952535.1;protein_1205,GCF_007794935.1;protein_1200
GCF_021729605.1;protein_26,GCF_016748085.1;protein_25,GCF_002951975.1;protein_1455,GCF_016755675.1;protein_26,GCF_006337405.1;protein_1492,GCF_007843715.1;protein_219,GCF_002906495.1;protein_26,GCF_022923775.1;protein_139,GCF_021184145.1;protein_974,GCF_022921935.1;protein_136,GCF_002952575.1;protein_1454,GCF_002953555.1;protein_27,GCF_019974055.1;protein_154,GCF_030406585.1;protein_26,GCF_030323565.1;protein_172,GCF_007844055.1;protein_172,GCF_002952595.1;protein_1454,GCF_002952635.1;protein_1459,GCF_002952535.1;protein_1458,GCF_007794935.1;protein_1455
GCF_021729605.1;protein_260,GCF_016748085.1;protein_238,GCF_002951975.1;protein_1200,GCF_016755675.1;protein_241,GCF_006337405.1;protein_1192,GCF_007843715.1;protein_436,GCF_002906495.1;protein_240,GCF_022923775.1;protein_1205,GCF_021184145.1;protein_1190,GCF_022921935.1;protein_1205,GCF_002952575.1;protein_1200,GCF_002953555.1;protein_241,GCF_019974055.1;protein_426,GCF_030406585.1;protein_1127,GCF_030323565.1;protein_389,GCF_007844055.1;protein_1214,GCF_002952595.1;protein_1200,GCF_002952635.1;protein_1205,GCF_002952535.1;protein_1204,GCF_007794935.1;protein_1199
GCF_021729605.1;protein_261,GCF_016748085.1;protein_239,GCF_002951975.1;protein_1199,GCF_016755675.1;protein_242,GCF_006337405.1;protein_1191,GCF_007843715.1;protein_437,GCF_002906495.1;protein_241,GCF_022923775.1;protein_1204,GCF_021184145.1;protein_1191,GCF_022921935.1;protein_1204,GCF_002952575.1;protein_1199,GCF_002953555.1;protein_242,GCF_019974055.1;protein_427,GCF_030406585.1;protein_1128,GCF_030323565.1;protein_390,GCF_007844055.1;protein_1213,GCF_002952595.1;protein_1199,GCF_002952635.1;protein_1204,GCF_002952535.1;protein_1203,GCF_007794935.1;protein_1198
GCF_021729605.1;protein_262,GCF_016748085.1;protein_240,GCF_002951975.1;protein_1198,GCF_016755675.1;protein_243,GCF_006337405.1;protein_1190,GCF_007843715.1;protein_438,GCF_002906495.1;protein_242,GCF_022923775.1;protein_1203,GCF_021184145.1;protein_1192,GCF_022921935.1;protein_1203,GCF_002952575.1;protein_1198,GCF_002953555.1;protein_243,GCF_019974055.1;protein_428,GCF_030406585.1;protein_1129,GCF_030323565.1;protein_391,GCF_007844055.1;protein_1212,GCF_002952595.1;protein_1198,GCF_002952635.1;protein_1203,GCF_002952535.1;protein_1202,GCF_007794935.1;protein_1197
GCF_021729605.1;protein_263,GCF_016748085.1;protein_241,GCF_002951975.1;protein_1197,GCF_016755675.1;protein_244,GCF_006337405.1;protein_1189,GCF_007843715.1;protein_439,GCF_002906495.1;protein_243,GCF_022923775.1;protein_1202,GCF_021184145.1;protein_1193,GCF_022921935.1;protein_1202,GCF_002952575.1;protein_1197,GCF_002953555.1;protein_244,GCF_019974055.1;protein_429,GCF_030406585.1;protein_1130,GCF_030323565.1;protein_392,GCF_007844055.1;protein_1211,GCF_002952595.1;protein_1197,GCF_002952635.1;protein_1202,GCF_002952535.1;protein_1201,GCF_007794935.1;protein_1196
GCF_021729605.1;protein_264,GCF_016748085.1;protein_242,GCF_002951975.1;protein_1196,GCF_016755675.1;protein_245,GCF_006337405.1;protein_1188,GCF_007843715.1;protein_440,GCF_002906495.1;protein_244,GCF_022923775.1;protein_1201,GCF_021184145.1;protein_1194,GCF_022921935.1;protein_1201,GCF_002952575.1;protein_1196,GCF_002953555.1;protein_245,GCF_019974055.1;protein_430,GCF_030406585.1;protein_1131,GCF_030323565.1;protein_393,GCF_007844055.1;protein_1210,GCF_002952595.1;protein_1196,GCF_002952635.1;protein_1201,GCF_002952535.1;protein_1200,GCF_007794935.1;protein_1195
GCF_021729605.1;protein_265,GCF_016748085.1;protein_243,GCF_002951975.1;protein_1195,GCF_016755675.1;protein_246,GCF_006337405.1;protein_1187,GCF_007843715.1;protein_441,GCF_002906495.1;protein_245,GCF_022923775.1;protein_1200,GCF_021184145.1;protein_1195,GCF_022921935.1;protein_1200,GCF_002952575.1;protein_1195,GCF_002953555.1;protein_246,GCF_019974055.1;protein_431,GCF_030406585.1;protein_1132,GCF_030323565.1;protein_394,GCF_007844055.1;protein_1209,GCF_002952595.1;protein_1195,GCF_002952635.1;protein_1200,GCF_002952535.1;protein_1199,GCF_007794935.1;protein_1194
GCF_021729605.1;protein_266,GCF_016748085.1;protein_244,GCF_002951975.1;protein_1194,GCF_016755675.1;protein_247,GCF_006337405.1;protein_1186,GCF_007843715.1;protein_442,GCF_002906495.1;protein_246,GCF_022923775.1;protein_1199,GCF_021184145.1;protein_1196,GCF_022921935.1;protein_1199,GCF_002952575.1;protein_1194,GCF_002953555.1;protein_247,GCF_019974055.1;protein_432,GCF_030406585.1;protein_1133,GCF_030323565.1;protein_395,GCF_007844055.1;protein_1208,GCF_002952595.1;protein_1194,GCF_002952635.1;protein_1199,GCF_002952535.1;protein_1198,GCF_007794935.1;protein_1193
GCF_021729605.1;protein_267,GCF_016748085.1;protein_245,GCF_002951975.1;protein_1193,GCF_016755675.1;protein_248,GCF_006337405.1;protein_1185,GCF_007843715.1;protein_443,GCF_002906495.1;protein_247,GCF_022923775.1;protein_1198,GCF_021184145.1;protein_1197,GCF_022921935.1;protein_1198,GCF_002952575.1;protein_1193,GCF_002953555.1;protein_248,GCF_019974055.1;protein_433,GCF_030406585.1;protein_1134,GCF_030323565.1;protein_396,GCF_007844055.1;protein_1207,GCF_002952595.1;protein_1193,GCF_002952635.1;protein_1198,GCF_002952535.1;protein_1197,GCF_007794935.1;protein_1192
GCF_021729605.1;protein_270,GCF_016748085.1;protein_248,GCF_002951975.1;protein_1190,GCF_016755675.1;protein_249,GCF_006337405.1;protein_1182,GCF_007843715.1;protein_446,GCF_002906495.1;protein_250,GCF_022923775.1;protein_1197,GCF_021184145.1;protein_1200,GCF_022921935.1;protein_1195,GCF_002952575.1;protein_1190,GCF_002953555.1;protein_251,GCF_019974055.1;protein_436,GCF_030406585.1;protein_1138,GCF_030323565.1;protein_399,GCF_007844055.1;protein_1204,GCF_002952595.1;protein_1190,GCF_002952635.1;protein_1195,GCF_002952535.1;protein_1194,GCF_007794935.1;protein_1189
GCF_021729605.1;protein_271,GCF_016748085.1;protein_249,GCF_002951975.1;protein_1189,GCF_016755675.1;protein_250,GCF_006337405.1;protein_1181,GCF_007843715.1;protein_447,GCF_002906495.1;protein_251,GCF_022923775.1;protein_1196,GCF_021184145.1;protein_1201,GCF_022921935.1;protein_1194,GCF_002952575.1;protein_1189,GCF_002953555.1;protein_252,GCF_019974055.1;protein_437,GCF_030406585.1;protein_1139,GCF_030323565.1;protein_400,GCF_007844055.1;protein_1203,GCF_002952595.1;protein_1189,GCF_002952635.1;protein_1194,GCF_002952535.1;protein_1193,GCF_007794935.1;protein_1188
GCF_021729605.1;protein_272,GCF_016748085.1;protein_250,GCF_002951975.1;protein_1188,GCF_016755675.1;protein_251,GCF_006337405.1;protein_1180,GCF_007843715.1;protein_448,GCF_002906495.1;protein_252,GCF_022923775.1;protein_1195,GCF_021184145.1;protein_1202,GCF_022921935.1;protein_1193,GCF_002952575.1;protein_1188,GCF_002953555.1;protein_253,GCF_019974055.1;protein_438,GCF_030406585.1;protein_1140,GCF_030323565.1;protein_401,GCF_007844055.1;protein_1202,GCF_002952595.1;protein_1188,GCF_002952635.1;protein_1193,GCF_002952535.1;protein_1192,GCF_007794935.1;protein_1187
GCF_021729605.1;protein_273,GCF_016748085.1;protein_251,GCF_002951975.1;protein_1187,GCF_016755675.1;protein_252,GCF_006337405.1;protein_1179,GCF_007843715.1;protein_449,GCF_002906495.1;protein_253,GCF_022923775.1;protein_1194,GCF_021184145.1;protein_1203,GCF_022921935.1;protein_1192,GCF_002952575.1;protein_1187,GCF_002953555.1;protein_254,GCF_019974055.1;protein_439,GCF_030406585.1;protein_1141,GCF_030323565.1;protein_402,GCF_007844055.1;protein_1201,GCF_002952595.1;protein_1187,GCF_002952635.1;protein_1192,GCF_002952535.1;protein_1191,GCF_007794935.1;protein_1186
GCF_021729605.1;protein_274,GCF_016748085.1;protein_252,GCF_002951975.1;protein_1186,GCF_016755675.1;protein_253,GCF_006337405.1;protein_1178,GCF_007843715.1;protein_450,GCF_002906495.1;protein_254,GCF_022923775.1;protein_1193,GCF_021184145.1;protein_1204,GCF_022921935.1;protein_1191,GCF_002952575.1;protein_1186,GCF_002953555.1;protein_255,GCF_019974055.1;protein_440,GCF_030406585.1;protein_1142,GCF_030323565.1;protein_403,GCF_007844055.1;protein_1200,GCF_002952595.1;protein_1186,GCF_002952635.1;protein_1191,GCF_002952535.1;protein_1190,GCF_007794935.1;protein_1185
GCF_021729605.1;protein_275,GCF_016748085.1;protein_253,GCF_002951975.1;protein_1185,GCF_016755675.1;protein_254,GCF_006337405.1;protein_1177,GCF_007843715.1;protein_451,GCF_002906495.1;protein_255,GCF_022923775.1;protein_1192,GCF_021184145.1;protein_1205,GCF_022921935.1;protein_1190,GCF_002952575.1;protein_1185,GCF_002953555.1;protein_256,GCF_019974055.1;protein_441,GCF_030406585.1;protein_1143,GCF_030323565.1;protein_404,GCF_007844055.1;protein_1199,GCF_002952595.1;protein_1185,GCF_002952635.1;protein_1190,GCF_002952535.1;protein_1189,GCF_007794935.1;protein_1184
GCF_021729605.1;protein_276,GCF_016748085.1;protein_254,GCF_002951975.1;protein_1184,GCF_016755675.1;protein_255,GCF_006337405.1;protein_1176,GCF_007843715.1;protein_452,GCF_002906495.1;protein_256,GCF_022923775.1;protein_1191,GCF_021184145.1;protein_1206,GCF_022921935.1;protein_1189,GCF_002952575.1;protein_1184,GCF_002953555.1;protein_257,GCF_019974055.1;protein_442,GCF_030406585.1;protein_1144,GCF_030323565.1;protein_405,GCF_007844055.1;protein_1198,GCF_002952595.1;protein_1184,GCF_002952635.1;protein_1189,GCF_002952535.1;protein_1188,GCF_007794935.1;protein_1183
GCF_021729605.1;protein_277,GCF_016748085.1;protein_255,GCF_002951975.1;protein_1183,GCF_016755675.1;protein_256,GCF_006337405.1;protein_1175,GCF_007843715.1;protein_453,GCF_002906495.1;protein_257,GCF_022923775.1;protein_1190,GCF_021184145.1;protein_1207,GCF_022921935.1;protein_1188,GCF_002952575.1;protein_1183,GCF_002953555.1;protein_258,GCF_019974055.1;protein_443,GCF_030406585.1;protein_1145,GCF_030323565.1;protein_406,GCF_007844055.1;protein_1197,GCF_002952595.1;protein_1183,GCF_002952635.1;protein_1188,GCF_002952535.1;protein_1187,GCF_007794935.1;protein_1182
GCF_021729605.1;protein_278,GCF_016748085.1;protein_256,GCF_002951975.1;protein_1182,GCF_016755675.1;protein_257,GCF_006337405.1;protein_1174,GCF_007843715.1;protein_454,GCF_002906495.1;protein_258,GCF_022923775.1;protein_1189,GCF_021184145.1;protein_1208,GCF_022921935.1;protein_1187,GCF_002952575.1;protein_1182,GCF_002953555.1;protein_259,GCF_019974055.1;protein_444,GCF_030406585.1;protein_1146,GCF_030323565.1;protein_407,GCF_007844055.1;protein_1196,GCF_002952595.1;protein_1182,GCF_002952635.1;protein_1187,GCF_002952535.1;protein_1186,GCF_007794935.1;protein_1181
GCF_021729605.1;protein_279,GCF_016748085.1;protein_257,GCF_002951975.1;protein_1181,GCF_016755675.1;protein_258,GCF_006337405.1;protein_1173,GCF_007843715.1;protein_455,GCF_002906495.1;protein_259,GCF_022923775.1;protein_1188,GCF_021184145.1;protein_1209,GCF_022921935.1;protein_1186,GCF_002952575.1;protein_1181,GCF_002953555.1;protein_260,GCF_019974055.1;protein_445,GCF_030406585.1;protein_1147,GCF_030323565.1;protein_408,GCF_007844055.1;protein_1195,GCF_002952595.1;protein_1181,GCF_002952635.1;protein_1186,GCF_002952535.1;protein_1185,GCF_007794935.1;protein_1180
GCF_021729605.1;protein_28,GCF_016748085.1;protein_27,GCF_002951975.1;protein_1453,GCF_016755675.1;protein_28,GCF_006337405.1;protein_1490,GCF_007843715.1;protein_221,GCF_002906495.1;protein_28,GCF_022923775.1;protein_141,GCF_021184145.1;protein_976,GCF_022921935.1;protein_138,GCF_002952575.1;protein_1452,GCF_002953555.1;protein_29,GCF_019974055.1;protein_152,GCF_030406585.1;protein_28,GCF_030323565.1;protein_174,GCF_007844055.1;protein_174,GCF_002952595.1;protein_1452,GCF_002952635.1;protein_1457,GCF_002952535.1;protein_1456,GCF_007794935.1;protein_1453
GCF_021729605.1;protein_280,GCF_016748085.1;protein_258,GCF_002951975.1;protein_1180,GCF_016755675.1;protein_259,GCF_006337405.1;protein_1172,GCF_007843715.1;protein_456,GCF_002906495.1;protein_260,GCF_022923775.1;protein_1187,GCF_021184145.1;protein_1210,GCF_022921935.1;protein_1185,GCF_002952575.1;protein_1180,GCF_002953555.1;protein_261,GCF_019974055.1;protein_446,GCF_030406585.1;protein_1148,GCF_030323565.1;protein_409,GCF_007844055.1;protein_1194,GCF_002952595.1;protein_1180,GCF_002952635.1;protein_1185,GCF_002952535.1;protein_1184,GCF_007794935.1;protein_1179
GCF_021729605.1;protein_281,GCF_016748085.1;protein_259,GCF_002951975.1;protein_1179,GCF_016755675.1;protein_260,GCF_006337405.1;protein_1171,GCF_007843715.1;protein_457,GCF_002906495.1;protein_261,GCF_022923775.1;protein_1186,GCF_021184145.1;protein_1211,GCF_022921935.1;protein_1184,GCF_002952575.1;protein_1179,GCF_002953555.1;protein_262,GCF_019974055.1;protein_447,GCF_030406585.1;protein_1149,GCF_030323565.1;protein_410,GCF_007844055.1;protein_1193,GCF_002952595.1;protein_1179,GCF_002952635.1;protein_1184,GCF_002952535.1;protein_1183,GCF_007794935.1;protein_1178
GCF_021729605.1;protein_282,GCF_016748085.1;protein_260,GCF_002951975.1;protein_1178,GCF_016755675.1;protein_261,GCF_006337405.1;protein_1170,GCF_007843715.1;protein_458,GCF_002906495.1;protein_262,GCF_022923775.1;protein_1185,GCF_021184145.1;protein_1212,GCF_022921935.1;protein_1183,GCF_002952575.1;protein_1178,GCF_002953555.1;protein_263,GCF_019974055.1;protein_448,GCF_030406585.1;protein_1150,GCF_030323565.1;protein_411,GCF_007844055.1;protein_1192,GCF_002952595.1;protein_1178,GCF_002952635.1;protein_1183,GCF_002952535.1;protein_1182,GCF_007794935.1;protein_1177
GCF_021729605.1;protein_283,GCF_016748085.1;protein_261,GCF_002951975.1;protein_1177,GCF_016755675.1;protein_262,GCF_006337405.1;protein_1169,GCF_007843715.1;protein_459,GCF_002906495.1;protein_263,GCF_022923775.1;protein_1184,GCF_021184145.1;protein_1213,GCF_022921935.1;protein_1182,GCF_002952575.1;protein_1177,GCF_002953555.1;protein_264,GCF_019974055.1;protein_449,GCF_030406585.1;protein_1151,GCF_030323565.1;protein_412,GCF_007844055.1;protein_1191,GCF_002952595.1;protein_1177,GCF_002952635.1;protein_1182,GCF_002952535.1;protein_1181,GCF_007794935.1;protein_1176
GCF_021729605.1;protein_284,GCF_016748085.1;protein_262,GCF_002951975.1;protein_1176,GCF_016755675.1;protein_263,GCF_006337405.1;protein_1168,GCF_007843715.1;protein_460,GCF_002906495.1;protein_264,GCF_022923775.1;protein_1183,GCF_021184145.1;protein_1214,GCF_022921935.1;protein_1181,GCF_002952575.1;protein_1176,GCF_002953555.1;protein_265,GCF_019974055.1;protein_450,GCF_030406585.1;protein_1152,GCF_030323565.1;protein_413,GCF_007844055.1;protein_1190,GCF_002952595.1;protein_1176,GCF_002952635.1;protein_1181,GCF_002952535.1;protein_1180,GCF_007794935.1;protein_1175
GCF_021729605.1;protein_285,GCF_016748085.1;protein_263,GCF_002951975.1;protein_1175,GCF_016755675.1;protein_264,GCF_006337405.1;protein_1167,GCF_007843715.1;protein_461,GCF_002906495.1;protein_265,GCF_022923775.1;protein_1182,GCF_021184145.1;protein_1215,GCF_022921935.1;protein_1180,GCF_002952575.1;protein_1175,GCF_002953555.1;protein_266,GCF_019974055.1;protein_451,GCF_030406585.1;protein_1153,GCF_030323565.1;protein_414,GCF_007844055.1;protein_1189,GCF_002952595.1;protein_1175,GCF_002952635.1;protein_1180,GCF_002952535.1;protein_1179,GCF_007794935.1;protein_1174
GCF_021729605.1;protein_286,GCF_016748085.1;protein_264,GCF_002951975.1;protein_1174,GCF_016755675.1;protein_265,GCF_006337405.1;protein_1166,GCF_007843715.1;protein_462,GCF_002906495.1;protein_266,GCF_022923775.1;protein_1181,GCF_021184145.1;protein_1216,GCF_022921935.1;protein_1179,GCF_002952575.1;protein_1174,GCF_002953555.1;protein_267,GCF_019974055.1;protein_452,GCF_030406585.1;protein_1154,GCF_030323565.1;protein_415,GCF_007844055.1;protein_1188,GCF_002952595.1;protein_1174,GCF_002952635.1;protein_1179,GCF_002952535.1;protein_1178,GCF_007794935.1;protein_1173
GCF_021729605.1;protein_287,GCF_016748085.1;protein_265,GCF_002951975.1;protein_1173,GCF_016755675.1;protein_266,GCF_006337405.1;protein_1165,GCF_007843715.1;protein_463,GCF_002906495.1;protein_267,GCF_022923775.1;protein_1180,GCF_021184145.1;protein_1217,GCF_022921935.1;protein_1178,GCF_002952575.1;protein_1173,GCF_002953555.1;protein_268,GCF_019974055.1;protein_453,GCF_030406585.1;protein_1155,GCF_030323565.1;protein_416,GCF_007844055.1;protein_1187,GCF_002952595.1;protein_1173,GCF_002952635.1;protein_1178,GCF_002952535.1;protein_1177,GCF_007794935.1;protein_1172
GCF_021729605.1;protein_288,GCF_016748085.1;protein_266,GCF_002951975.1;protein_1172,GCF_016755675.1;protein_267,GCF_006337405.1;protein_1164,GCF_007843715.1;protein_464,GCF_002906495.1;protein_268,GCF_022923775.1;protein_1179,GCF_021184145.1;protein_1218,GCF_022921935.1;protein_1177,GCF_002952575.1;protein_1172,GCF_002953555.1;protein_269,GCF_019974055.1;protein_454,GCF_030406585.1;protein_1156,GCF_030323565.1;protein_417,GCF_007844055.1;protein_1186,GCF_002952595.1;protein_1172,GCF_002952635.1;protein_1177,GCF_002952535.1;protein_1176,GCF_007794935.1;protein_1171
GCF_021729605.1;protein_289,GCF_016748085.1;protein_267,GCF_002951975.1;protein_1171,GCF_016755675.1;protein_268,GCF_006337405.1;protein_1163,GCF_007843715.1;protein_465,GCF_002906495.1;protein_269,GCF_022923775.1;protein_1178,GCF_021184145.1;protein_1219,GCF_022921935.1;protein_1176,GCF_002952575.1;protein_1171,GCF_002953555.1;protein_270,GCF_019974055.1;protein_455,GCF_030406585.1;protein_1157,GCF_030323565.1;protein_418,GCF_007844055.1;protein_1185,GCF_002952595.1;protein_1171,GCF_002952635.1;protein_1176,GCF_002952535.1;protein_1175,GCF_007794935.1;protein_1170
GCF_021729605.1;protein_29,GCF_016748085.1;protein_28,GCF_002951975.1;protein_1452,GCF_016755675.1;protein_29,GCF_006337405.1;protein_1489,GCF_007843715.1;protein_222,GCF_002906495.1;protein_29,GCF_022923775.1;protein_142,GCF_021184145.1;protein_977,GCF_022921935.1;protein_139,GCF_002952575.1;protein_1451,GCF_002953555.1;protein_30,GCF_019974055.1;protein_151,GCF_030406585.1;protein_29,GCF_030323565.1;protein_175,GCF_007844055.1;protein_175,GCF_002952595.1;protein_1451,GCF_002952635.1;protein_1456,GCF_002952535.1;protein_1455,GCF_007794935.1;protein_1452
GCF_021729605.1;protein_290,GCF_016748085.1;protein_268,GCF_002951975.1;protein_1170,GCF_016755675.1;protein_269,GCF_006337405.1;protein_1162,GCF_007843715.1;protein_466,GCF_002906495.1;protein_270,GCF_022923775.1;protein_1177,GCF_021184145.1;protein_1220,GCF_022921935.1;protein_1175,GCF_002952575.1;protein_1170,GCF_002953555.1;protein_271,GCF_019974055.1;protein_456,GCF_030406585.1;protein_1158,GCF_030323565.1;protein_419,GCF_007844055.1;protein_1184,GCF_002952595.1;protein_1170,GCF_002952635.1;protein_1175,GCF_002952535.1;protein_1174,GCF_007794935.1;protein_1169
GCF_021729605.1;protein_291,GCF_016748085.1;protein_269,GCF_002951975.1;protein_1169,GCF_016755675.1;protein_270,GCF_006337405.1;protein_1161,GCF_007843715.1;protein_467,GCF_002906495.1;protein_271,GCF_022923775.1;protein_1176,GCF_021184145.1;protein_1221,GCF_022921935.1;protein_1174,GCF_002952575.1;protein_1169,GCF_002953555.1;protein_272,GCF_019974055.1;protein_457,GCF_030406585.1;protein_1159,GCF_030323565.1;protein_420,GCF_007844055.1;protein_1183,GCF_002952595.1;protein_1169,GCF_002952635.1;protein_1174,GCF_002952535.1;protein_1173,GCF_007794935.1;protein_1168
GCF_021729605.1;protein_292,GCF_016748085.1;protein_270,GCF_002951975.1;protein_1168,GCF_016755675.1;protein_271,GCF_006337405.1;protein_1160,GCF_007843715.1;protein_468,GCF_002906495.1;protein_272,GCF_022923775.1;protein_1175,GCF_021184145.1;protein_1222,GCF_022921935.1;protein_1173,GCF_002952575.1;protein_1168,GCF_002953555.1;protein_273,GCF_019974055.1;protein_458,GCF_030406585.1;protein_1160,GCF_030323565.1;protein_421,GCF_007844055.1;protein_1182,GCF_002952595.1;protein_1168,GCF_002952635.1;protein_1173,GCF_002952535.1;protein_1172,GCF_007794935.1;protein_1167
GCF_021729605.1;protein_293,GCF_016748085.1;protein_271,GCF_002951975.1;protein_1167,GCF_016755675.1;protein_272,GCF_006337405.1;protein_1159,GCF_007843715.1;protein_469,GCF_002906495.1;protein_273,GCF_022923775.1;protein_1174,GCF_021184145.1;protein_1223,GCF_022921935.1;protein_1172,GCF_002952575.1;protein_1167,GCF_002953555.1;protein_274,GCF_019974055.1;protein_459,GCF_030406585.1;protein_1161,GCF_030323565.1;protein_422,GCF_007844055.1;protein_1181,GCF_002952595.1;protein_1167,GCF_002952635.1;protein_1172,GCF_002952535.1;protein_1171,GCF_007794935.1;protein_1166
GCF_021729605.1;protein_294,GCF_016748085.1;protein_272,GCF_002951975.1;protein_1166,GCF_016755675.1;protein_273,GCF_006337405.1;protein_1158,GCF_007843715.1;protein_470,GCF_002906495.1;protein_274,GCF_022923775.1;protein_1173,GCF_021184145.1;protein_1224,GCF_022921935.1;protein_1171,GCF_002952575.1;protein_1166,GCF_002953555.1;protein_275,GCF_019974055.1;protein_460,GCF_030406585.1;protein_1162,GCF_030323565.1;protein_423,GCF_007844055.1;protein_1180,GCF_002952595.1;protein_1166,GCF_002952635.1;protein_1171,GCF_002952535.1;protein_1170,GCF_007794935.1;protein_1165
GCF_021729605.1;protein_295,GCF_016748085.1;protein_273,GCF_002951975.1;protein_1165,GCF_016755675.1;protein_274,GCF_006337405.1;protein_1157,GCF_007843715.1;protein_471,GCF_002906495.1;protein_275,GCF_022923775.1;protein_1172,GCF_021184145.1;protein_1225,GCF_022921935.1;protein_1170,GCF_002952575.1;protein_1165,GCF_002953555.1;protein_276,GCF_019974055.1;protein_461,GCF_030406585.1;protein_1163,GCF_030323565.1;protein_424,GCF_007844055.1;protein_1179,GCF_002952595.1;protein_1165,GCF_002952635.1;protein_1170,GCF_002952535.1;protein_1169,GCF_007794935.1;protein_1164
GCF_021729605.1;protein_296,GCF_016748085.1;protein_274,GCF_002951975.1;protein_1164,GCF_016755675.1;protein_275,GCF_006337405.1;protein_1156,GCF_007843715.1;protein_472,GCF_002906495.1;protein_276,GCF_022923775.1;protein_1171,GCF_021184145.1;protein_1226,GCF_022921935.1;protein_1169,GCF_002952575.1;protein_1164,GCF_002953555.1;protein_277,GCF_019974055.1;protein_462,GCF_030406585.1;protein_1164,GCF_030323565.1;protein_425,GCF_007844055.1;protein_1178,GCF_002952595.1;protein_1164,GCF_002952635.1;protein_1169,GCF_002952535.1;protein_1168,GCF_007794935.1;protein_1163
GCF_021729605.1;protein_298,GCF_016748085.1;protein_276,GCF_002951975.1;protein_1162,GCF_016755675.1;protein_277,GCF_006337405.1;protein_1154,GCF_007843715.1;protein_474,GCF_002906495.1;protein_278,GCF_022923775.1;protein_1169,GCF_021184145.1;protein_1228,GCF_022921935.1;protein_1167,GCF_002952575.1;protein_1162,GCF_002953555.1;protein_280,GCF_019974055.1;protein_464,GCF_030406585.1;protein_1166,GCF_030323565.1;protein_427,GCF_007844055.1;protein_1176,GCF_002952595.1;protein_1162,GCF_002952635.1;protein_1167,GCF_002952535.1;protein_1166,GCF_007794935.1;protein_1161
GCF_021729605.1;protein_299,GCF_016748085.1;protein_277,GCF_002951975.1;protein_1161,GCF_016755675.1;protein_278,GCF_006337405.1;protein_1153,GCF_007843715.1;protein_475,GCF_002906495.1;protein_279,GCF_022923775.1;protein_1166,GCF_021184145.1;protein_1229,GCF_022921935.1;protein_1166,GCF_002952575.1;protein_1161,GCF_002953555.1;protein_281,GCF_019974055.1;protein_465,GCF_030406585.1;protein_1167,GCF_030323565.1;protein_428,GCF_007844055.1;protein_1175,GCF_002952595.1;protein_1161,GCF_002952635.1;protein_1166,GCF_002952535.1;protein_1165,GCF_007794935.1;protein_1160
GCF_021729605.1;protein_3,GCF_016748085.1;protein_3,GCF_002951975.1;protein_1478,GCF_016755675.1;protein_3,GCF_006337405.1;protein_1515,GCF_007843715.1;protein_196,GCF_002906495.1;protein_3,GCF_022923775.1;protein_1458,GCF_021184145.1;protein_951,GCF_022921935.1;protein_1450,GCF_002952575.1;protein_1477,GCF_002953555.1;protein_3,GCF_019974055.1;protein_177,GCF_030406585.1;protein_3,GCF_030323565.1;protein_149,GCF_007844055.1;protein_149,GCF_002952595.1;protein_1477,GCF_002952635.1;protein_1482,GCF_002952535.1;protein_1481,GCF_007794935.1;protein_1478
GCF_021729605.1;protein_30,GCF_016748085.1;protein_29,GCF_002951975.1;protein_1451,GCF_016755675.1;protein_30,GCF_006337405.1;protein_1488,GCF_007843715.1;protein_223,GCF_002906495.1;protein_30,GCF_022923775.1;protein_143,GCF_021184145.1;protein_978,GCF_022921935.1;protein_140,GCF_002952575.1;protein_1450,GCF_002953555.1;protein_31,GCF_019974055.1;protein_150,GCF_030406585.1;protein_30,GCF_030323565.1;protein_176,GCF_007844055.1;protein_176,GCF_002952595.1;protein_1450,GCF_002952635.1;protein_1455,GCF_002952535.1;protein_1454,GCF_007794935.1;protein_1451
GCF_021729605.1;protein_300,GCF_016748085.1;protein_278,GCF_002951975.1;protein_1160,GCF_016755675.1;protein_279,GCF_006337405.1;protein_1152,GCF_007843715.1;protein_476,GCF_002906495.1;protein_280,GCF_022923775.1;protein_1165,GCF_021184145.1;protein_1230,GCF_022921935.1;protein_1165,GCF_002952575.1;protein_1160,GCF_002953555.1;protein_282,GCF_019974055.1;protein_466,GCF_030406585.1;protein_1168,GCF_030323565.1;protein_429,GCF_007844055.1;protein_1174,GCF_002952595.1;protein_1160,GCF_002952635.1;protein_1165,GCF_002952535.1;protein_1164,GCF_007794935.1;protein_1159
GCF_021729605.1;protein_301,GCF_016748085.1;protein_279,GCF_002951975.1;protein_1159,GCF_016755675.1;protein_280,GCF_006337405.1;protein_1151,GCF_007843715.1;protein_477,GCF_002906495.1;protein_281,GCF_022923775.1;protein_1164,GCF_021184145.1;protein_1231,GCF_022921935.1;protein_1164,GCF_002952575.1;protein_1159,GCF_002953555.1;protein_283,GCF_019974055.1;protein_467,GCF_030406585.1;protein_1169,GCF_030323565.1;protein_430,GCF_007844055.1;protein_1173,GCF_002952595.1;protein_1159,GCF_002952635.1;protein_1164,GCF_002952535.1;protein_1163,GCF_007794935.1;protein_1158
GCF_021729605.1;protein_302,GCF_016748085.1;protein_280,GCF_002951975.1;protein_1158,GCF_016755675.1;protein_281,GCF_006337405.1;protein_1150,GCF_007843715.1;protein_478,GCF_002906495.1;protein_282,GCF_022923775.1;protein_1163,GCF_021184145.1;protein_1232,GCF_022921935.1;protein_1163,GCF_002952575.1;protein_1158,GCF_002953555.1;protein_284,GCF_019974055.1;protein_468,GCF_030406585.1;protein_1170,GCF_030323565.1;protein_431,GCF_007844055.1;protein_1172,GCF_002952595.1;protein_1158,GCF_002952635.1;protein_1163,GCF_002952535.1;protein_1162,GCF_007794935.1;protein_1157
GCF_021729605.1;protein_303,GCF_016748085.1;protein_281,GCF_002951975.1;protein_1157,GCF_016755675.1;protein_282,GCF_006337405.1;protein_1149,GCF_007843715.1;protein_479,GCF_002906495.1;protein_283,GCF_022923775.1;protein_1162,GCF_021184145.1;protein_1233,GCF_022921935.1;protein_1162,GCF_002952575.1;protein_1157,GCF_002953555.1;protein_285,GCF_019974055.1;protein_469,GCF_030406585.1;protein_1171,GCF_030323565.1;protein_432,GCF_007844055.1;protein_1171,GCF_002952595.1;protein_1157,GCF_002952635.1;protein_1162,GCF_002952535.1;protein_1161,GCF_007794935.1;protein_1156
GCF_021729605.1;protein_304,GCF_016748085.1;protein_282,GCF_002951975.1;protein_1156,GCF_016755675.1;protein_283,GCF_006337405.1;protein_1148,GCF_007843715.1;protein_480,GCF_002906495.1;protein_284,GCF_022923775.1;protein_1161,GCF_021184145.1;protein_1234,GCF_022921935.1;protein_1161,GCF_002952575.1;protein_1156,GCF_002953555.1;protein_286,GCF_019974055.1;protein_470,GCF_030406585.1;protein_1172,GCF_030323565.1;protein_433,GCF_007844055.1;protein_1170,GCF_002952595.1;protein_1156,GCF_002952635.1;protein_1161,GCF_002952535.1;protein_1160,GCF_007794935.1;protein_1155
GCF_021729605.1;protein_305,GCF_016748085.1;protein_283,GCF_002951975.1;protein_1155,GCF_016755675.1;protein_284,GCF_006337405.1;protein_1147,GCF_007843715.1;protein_481,GCF_002906495.1;protein_285,GCF_022923775.1;protein_1160,GCF_021184145.1;protein_1235,GCF_022921935.1;protein_1160,GCF_002952575.1;protein_1155,GCF_002953555.1;protein_287,GCF_019974055.1;protein_471,GCF_030406585.1;protein_1173,GCF_030323565.1;protein_434,GCF_007844055.1;protein_1169,GCF_002952595.1;protein_1155,GCF_002952635.1;protein_1160,GCF_002952535.1;protein_1159,GCF_007794935.1;protein_1154
GCF_021729605.1;protein_306,GCF_016748085.1;protein_284,GCF_002951975.1;protein_1154,GCF_016755675.1;protein_285,GCF_006337405.1;protein_1146,GCF_007843715.1;protein_482,GCF_002906495.1;protein_286,GCF_022923775.1;protein_1159,GCF_021184145.1;protein_1236,GCF_022921935.1;protein_1159,GCF_002952575.1;protein_1154,GCF_002953555.1;protein_288,GCF_019974055.1;protein_472,GCF_030406585.1;protein_1174,GCF_030323565.1;protein_435,GCF_007844055.1;protein_1168,GCF_002952595.1;protein_1154,GCF_002952635.1;protein_1159,GCF_002952535.1;protein_1158,GCF_007794935.1;protein_1153
GCF_021729605.1;protein_307,GCF_016748085.1;protein_285,GCF_002951975.1;protein_1153,GCF_016755675.1;protein_286,GCF_006337405.1;protein_1145,GCF_007843715.1;protein_483,GCF_002906495.1;protein_287,GCF_022923775.1;protein_1158,GCF_021184145.1;protein_1237,GCF_022921935.1;protein_1158,GCF_002952575.1;protein_1153,GCF_002953555.1;protein_289,GCF_019974055.1;protein_473,GCF_030406585.1;protein_1175,GCF_030323565.1;protein_436,GCF_007844055.1;protein_1167,GCF_002952595.1;protein_1153,GCF_002952635.1;protein_1158,GCF_002952535.1;protein_1157,GCF_007794935.1;protein_1152
GCF_021729605.1;protein_308,GCF_016748085.1;protein_286,GCF_002951975.1;protein_1152,GCF_016755675.1;protein_287,GCF_006337405.1;protein_1144,GCF_007843715.1;protein_484,GCF_002906495.1;protein_288,GCF_022923775.1;protein_1157,GCF_021184145.1;protein_1238,GCF_022921935.1;protein_1157,GCF_002952575.1;protein_1152,GCF_002953555.1;protein_290,GCF_019974055.1;protein_474,GCF_030406585.1;protein_1176,GCF_030323565.1;protein_437,GCF_007844055.1;protein_1166,GCF_002952595.1;protein_1152,GCF_002952635.1;protein_1157,GCF_002952535.1;protein_1156,GCF_007794935.1;protein_1151
GCF_021729605.1;protein_309,GCF_016748085.1;protein_287,GCF_002951975.1;protein_1151,GCF_016755675.1;protein_288,GCF_006337405.1;protein_1143,GCF_007843715.1;protein_485,GCF_002906495.1;protein_289,GCF_022923775.1;protein_1156,GCF_021184145.1;protein_1239,GCF_022921935.1;protein_1156,GCF_002952575.1;protein_1151,GCF_002953555.1;protein_291,GCF_019974055.1;protein_475,GCF_030406585.1;protein_1177,GCF_030323565.1;protein_438,GCF_007844055.1;protein_1165,GCF_002952595.1;protein_1151,GCF_002952635.1;protein_1156,GCF_002952535.1;protein_1155,GCF_007794935.1;protein_1150
GCF_021729605.1;protein_31,GCF_016748085.1;protein_30,GCF_002951975.1;protein_1450,GCF_016755675.1;protein_31,GCF_006337405.1;protein_1487,GCF_007843715.1;protein_224,GCF_002906495.1;protein_31,GCF_022923775.1;protein_144,GCF_021184145.1;protein_979,GCF_022921935.1;protein_141,GCF_002952575.1;protein_1449,GCF_002953555.1;protein_32,GCF_019974055.1;protein_149,GCF_030406585.1;protein_31,GCF_030323565.1;protein_177,GCF_007844055.1;protein_177,GCF_002952595.1;protein_1449,GCF_002952635.1;protein_1454,GCF_002952535.1;protein_1453,GCF_007794935.1;protein_1450
GCF_021729605.1;protein_310,GCF_016748085.1;protein_288,GCF_002951975.1;protein_1150,GCF_016755675.1;protein_289,GCF_006337405.1;protein_1142,GCF_007843715.1;protein_486,GCF_002906495.1;protein_290,GCF_022923775.1;protein_1155,GCF_021184145.1;protein_1240,GCF_022921935.1;protein_1155,GCF_002952575.1;protein_1150,GCF_002953555.1;protein_292,GCF_019974055.1;protein_476,GCF_030406585.1;protein_1178,GCF_030323565.1;protein_439,GCF_007844055.1;protein_1164,GCF_002952595.1;protein_1150,GCF_002952635.1;protein_1155,GCF_002952535.1;protein_1154,GCF_007794935.1;protein_1149
GCF_021729605.1;protein_311,GCF_016748085.1;protein_289,GCF_002951975.1;protein_1149,GCF_016755675.1;protein_290,GCF_006337405.1;protein_1141,GCF_007843715.1;protein_487,GCF_002906495.1;protein_291,GCF_022923775.1;protein_1154,GCF_021184145.1;protein_1241,GCF_022921935.1;protein_1154,GCF_002952575.1;protein_1149,GCF_002953555.1;protein_293,GCF_019974055.1;protein_477,GCF_030406585.1;protein_1179,GCF_030323565.1;protein_440,GCF_007844055.1;protein_1163,GCF_002952595.1;protein_1149,GCF_002952635.1;protein_1154,GCF_002952535.1;protein_1153,GCF_007794935.1;protein_1148
GCF_021729605.1;protein_312,GCF_016748085.1;protein_290,GCF_002951975.1;protein_1148,GCF_016755675.1;protein_291,GCF_006337405.1;protein_1140,GCF_007843715.1;protein_488,GCF_002906495.1;protein_292,GCF_022923775.1;protein_1153,GCF_021184145.1;protein_1242,GCF_022921935.1;protein_1153,GCF_002952575.1;protein_1148,GCF_002953555.1;protein_294,GCF_019974055.1;protein_478,GCF_030406585.1;protein_1180,GCF_030323565.1;protein_441,GCF_007844055.1;protein_1162,GCF_002952595.1;protein_1148,GCF_002952635.1;protein_1153,GCF_002952535.1;protein_1152,GCF_007794935.1;protein_1147
GCF_021729605.1;protein_313,GCF_016748085.1;protein_291,GCF_002951975.1;protein_1147,GCF_016755675.1;protein_292,GCF_006337405.1;protein_1139,GCF_007843715.1;protein_489,GCF_002906495.1;protein_293,GCF_022923775.1;protein_1152,GCF_021184145.1;protein_1243,GCF_022921935.1;protein_1152,GCF_002952575.1;protein_1147,GCF_002953555.1;protein_295,GCF_019974055.1;protein_479,GCF_030406585.1;protein_1181,GCF_030323565.1;protein_442,GCF_007844055.1;protein_1161,GCF_002952595.1;protein_1147,GCF_002952635.1;protein_1152,GCF_002952535.1;protein_1151,GCF_007794935.1;protein_1146
GCF_021729605.1;protein_314,GCF_016748085.1;protein_292,GCF_002951975.1;protein_1146,GCF_016755675.1;protein_293,GCF_006337405.1;protein_1138,GCF_007843715.1;protein_490,GCF_002906495.1;protein_294,GCF_022923775.1;protein_1151,GCF_021184145.1;protein_1244,GCF_022921935.1;protein_1151,GCF_002952575.1;protein_1146,GCF_002953555.1;protein_296,GCF_019974055.1;protein_480,GCF_030406585.1;protein_1182,GCF_030323565.1;protein_443,GCF_007844055.1;protein_1160,GCF_002952595.1;protein_1146,GCF_002952635.1;protein_1151,GCF_002952535.1;protein_1150,GCF_007794935.1;protein_1145
GCF_021729605.1;protein_315,GCF_016748085.1;protein_293,GCF_002951975.1;protein_1145,GCF_016755675.1;protein_294,GCF_006337405.1;protein_1137,GCF_007843715.1;protein_491,GCF_002906495.1;protein_295,GCF_022923775.1;protein_1150,GCF_021184145.1;protein_1245,GCF_022921935.1;protein_1150,GCF_002952575.1;protein_1145,GCF_002953555.1;protein_297,GCF_019974055.1;protein_481,GCF_030406585.1;protein_1183,GCF_030323565.1;protein_444,GCF_007844055.1;protein_1159,GCF_002952595.1;protein_1145,GCF_002952635.1;protein_1150,GCF_002952535.1;protein_1149,GCF_007794935.1;protein_1144
GCF_021729605.1;protein_316,GCF_016748085.1;protein_294,GCF_002951975.1;protein_1144,GCF_016755675.1;protein_295,GCF_006337405.1;protein_1136,GCF_007843715.1;protein_492,GCF_002906495.1;protein_296,GCF_022923775.1;protein_1149,GCF_021184145.1;protein_1246,GCF_022921935.1;protein_1149,GCF_002952575.1;protein_1144,GCF_002953555.1;protein_298,GCF_019974055.1;protein_482,GCF_030406585.1;protein_1184,GCF_030323565.1;protein_445,GCF_007844055.1;protein_1158,GCF_002952595.1;protein_1144,GCF_002952635.1;protein_1149,GCF_002952535.1;protein_1148,GCF_007794935.1;protein_1143
GCF_021729605.1;protein_317,GCF_016748085.1;protein_295,GCF_002951975.1;protein_1143,GCF_016755675.1;protein_296,GCF_006337405.1;protein_1135,GCF_007843715.1;protein_493,GCF_002906495.1;protein_297,GCF_022923775.1;protein_1148,GCF_021184145.1;protein_1247,GCF_022921935.1;protein_1148,GCF_002952575.1;protein_1143,GCF_002953555.1;protein_299,GCF_019974055.1;protein_483,GCF_030406585.1;protein_1185,GCF_030323565.1;protein_446,GCF_007844055.1;protein_1157,GCF_002952595.1;protein_1143,GCF_002952635.1;protein_1148,GCF_002952535.1;protein_1147,GCF_007794935.1;protein_1142
GCF_021729605.1;protein_318,GCF_016748085.1;protein_296,GCF_002951975.1;protein_1142,GCF_016755675.1;protein_297,GCF_006337405.1;protein_1134,GCF_007843715.1;protein_494,GCF_002906495.1;protein_298,GCF_022923775.1;protein_1147,GCF_021184145.1;protein_1248,GCF_022921935.1;protein_1147,GCF_002952575.1;protein_1142,GCF_002953555.1;protein_300,GCF_019974055.1;protein_484,GCF_030406585.1;protein_1186,GCF_030323565.1;protein_447,GCF_007844055.1;protein_1156,GCF_002952595.1;protein_1142,GCF_002952635.1;protein_1147,GCF_002952535.1;protein_1146,GCF_007794935.1;protein_1141
GCF_021729605.1;protein_32,GCF_016748085.1;protein_31,GCF_002951975.1;protein_1449,GCF_016755675.1;protein_32,GCF_006337405.1;protein_1486,GCF_007843715.1;protein_225,GCF_002906495.1;protein_32,GCF_022923775.1;protein_145,GCF_021184145.1;protein_980,GCF_022921935.1;protein_142,GCF_002952575.1;protein_1448,GCF_002953555.1;protein_33,GCF_019974055.1;protein_148,GCF_030406585.1;protein_32,GCF_030323565.1;protein_178,GCF_007844055.1;protein_178,GCF_002952595.1;protein_1448,GCF_002952635.1;protein_1453,GCF_002952535.1;protein_1452,GCF_007794935.1;protein_1449
GCF_021729605.1;protein_321,GCF_016748085.1;protein_297,GCF_002951975.1;protein_1141,GCF_016755675.1;protein_298,GCF_006337405.1;protein_1133,GCF_007843715.1;protein_497,GCF_002906495.1;protein_299,GCF_022923775.1;protein_1146,GCF_021184145.1;protein_1249,GCF_022921935.1;protein_1144,GCF_002952575.1;protein_1141,GCF_002953555.1;protein_301,GCF_019974055.1;protein_489,GCF_030406585.1;protein_1187,GCF_030323565.1;protein_450,GCF_007844055.1;protein_1155,GCF_002952595.1;protein_1141,GCF_002952635.1;protein_1146,GCF_002952535.1;protein_1145,GCF_007794935.1;protein_1140
GCF_021729605.1;protein_322,GCF_016748085.1;protein_298,GCF_002951975.1;protein_1140,GCF_016755675.1;protein_299,GCF_006337405.1;protein_1132,GCF_007843715.1;protein_498,GCF_002906495.1;protein_300,GCF_022923775.1;protein_1145,GCF_021184145.1;protein_1250,GCF_022921935.1;protein_1143,GCF_002952575.1;protein_1140,GCF_002953555.1;protein_302,GCF_019974055.1;protein_490,GCF_030406585.1;protein_1188,GCF_030323565.1;protein_451,GCF_007844055.1;protein_1154,GCF_002952595.1;protein_1140,GCF_002952635.1;protein_1145,GCF_002952535.1;protein_1144,GCF_007794935.1;protein_1139
GCF_021729605.1;protein_323,GCF_016748085.1;protein_299,GCF_002951975.1;protein_1139,GCF_016755675.1;protein_300,GCF_006337405.1;protein_1131,GCF_007843715.1;protein_499,GCF_002906495.1;protein_301,GCF_022923775.1;protein_1144,GCF_021184145.1;protein_1251,GCF_022921935.1;protein_1142,GCF_002952575.1;protein_1139,GCF_002953555.1;protein_303,GCF_019974055.1;protein_491,GCF_030406585.1;protein_1189,GCF_030323565.1;protein_452,GCF_007844055.1;protein_1153,GCF_002952595.1;protein_1139,GCF_002952635.1;protein_1144,GCF_002952535.1;protein_1143,GCF_007794935.1;protein_1138
GCF_021729605.1;protein_326,GCF_016748085.1;protein_300,GCF_002951975.1;protein_1138,GCF_016755675.1;protein_301,GCF_006337405.1;protein_1130,GCF_007843715.1;protein_505,GCF_002906495.1;protein_306,GCF_022923775.1;protein_1143,GCF_021184145.1;protein_1254,GCF_022921935.1;protein_1141,GCF_002952575.1;protein_1138,GCF_002953555.1;protein_308,GCF_019974055.1;protein_497,GCF_030406585.1;protein_819,GCF_030323565.1;protein_453,GCF_007844055.1;protein_1149,GCF_002952595.1;protein_1138,GCF_002952635.1;protein_1143,GCF_002952535.1;protein_1142,GCF_007794935.1;protein_1137
GCF_021729605.1;protein_327,GCF_016748085.1;protein_301,GCF_002951975.1;protein_1137,GCF_016755675.1;protein_302,GCF_006337405.1;protein_1129,GCF_007843715.1;protein_506,GCF_002906495.1;protein_307,GCF_022923775.1;protein_1142,GCF_021184145.1;protein_1255,GCF_022921935.1;protein_1140,GCF_002952575.1;protein_1137,GCF_002953555.1;protein_309,GCF_019974055.1;protein_498,GCF_030406585.1;protein_820,GCF_030323565.1;protein_454,GCF_007844055.1;protein_1148,GCF_002952595.1;protein_1137,GCF_002952635.1;protein_1142,GCF_002952535.1;protein_1141,GCF_007794935.1;protein_1136
GCF_021729605.1;protein_328,GCF_016748085.1;protein_302,GCF_002951975.1;protein_1136,GCF_016755675.1;protein_303,GCF_006337405.1;protein_1128,GCF_007843715.1;protein_507,GCF_002906495.1;protein_308,GCF_022923775.1;protein_1141,GCF_021184145.1;protein_1256,GCF_022921935.1;protein_1139,GCF_002952575.1;protein_1136,GCF_002953555.1;protein_310,GCF_019974055.1;protein_499,GCF_030406585.1;protein_821,GCF_030323565.1;protein_455,GCF_007844055.1;protein_1147,GCF_002952595.1;protein_1136,GCF_002952635.1;protein_1141,GCF_002952535.1;protein_1140,GCF_007794935.1;protein_1135
GCF_021729605.1;protein_329,GCF_016748085.1;protein_303,GCF_002951975.1;protein_1135,GCF_016755675.1;protein_304,GCF_006337405.1;protein_1127,GCF_007843715.1;protein_508,GCF_002906495.1;protein_309,GCF_022923775.1;protein_1140,GCF_021184145.1;protein_1257,GCF_022921935.1;protein_1138,GCF_002952575.1;protein_1135,GCF_002953555.1;protein_311,GCF_019974055.1;protein_500,GCF_030406585.1;protein_822,GCF_030323565.1;protein_456,GCF_007844055.1;protein_1146,GCF_002952595.1;protein_1135,GCF_002952635.1;protein_1140,GCF_002952535.1;protein_1139,GCF_007794935.1;protein_1134
GCF_021729605.1;protein_331,GCF_016748085.1;protein_305,GCF_002951975.1;protein_1133,GCF_016755675.1;protein_306,GCF_006337405.1;protein_1125,GCF_007843715.1;protein_510,GCF_002906495.1;protein_311,GCF_022923775.1;protein_1138,GCF_021184145.1;protein_1259,GCF_022921935.1;protein_1136,GCF_002952575.1;protein_1133,GCF_002953555.1;protein_313,GCF_019974055.1;protein_502,GCF_030406585.1;protein_824,GCF_030323565.1;protein_458,GCF_007844055.1;protein_1144,GCF_002952595.1;protein_1133,GCF_002952635.1;protein_1138,GCF_002952535.1;protein_1137,GCF_007794935.1;protein_1132
GCF_021729605.1;protein_332,GCF_016748085.1;protein_306,GCF_002951975.1;protein_1132,GCF_016755675.1;protein_307,GCF_006337405.1;protein_1124,GCF_007843715.1;protein_511,GCF_002906495.1;protein_312,GCF_022923775.1;protein_1137,GCF_021184145.1;protein_1260,GCF_022921935.1;protein_1135,GCF_002952575.1;protein_1132,GCF_002953555.1;protein_314,GCF_019974055.1;protein_503,GCF_030406585.1;protein_825,GCF_030323565.1;protein_459,GCF_007844055.1;protein_1143,GCF_002952595.1;protein_1132,GCF_002952635.1;protein_1137,GCF_002952535.1;protein_1136,GCF_007794935.1;protein_1131
GCF_021729605.1;protein_333,GCF_016748085.1;protein_307,GCF_002951975.1;protein_1131,GCF_016755675.1;protein_308,GCF_006337405.1;protein_1123,GCF_007843715.1;protein_512,GCF_002906495.1;protein_313,GCF_022923775.1;protein_1136,GCF_021184145.1;protein_1261,GCF_022921935.1;protein_1134,GCF_002952575.1;protein_1131,GCF_002953555.1;protein_315,GCF_019974055.1;protein_504,GCF_030406585.1;protein_826,GCF_030323565.1;protein_460,GCF_007844055.1;protein_1142,GCF_002952595.1;protein_1131,GCF_002952635.1;protein_1136,GCF_002952535.1;protein_1135,GCF_007794935.1;protein_1130
GCF_021729605.1;protein_334,GCF_016748085.1;protein_308,GCF_002951975.1;protein_1130,GCF_016755675.1;protein_309,GCF_006337405.1;protein_1122,GCF_007843715.1;protein_513,GCF_002906495.1;protein_314,GCF_022923775.1;protein_1135,GCF_021184145.1;protein_1262,GCF_022921935.1;protein_1133,GCF_002952575.1;protein_1130,GCF_002953555.1;protein_316,GCF_019974055.1;protein_505,GCF_030406585.1;protein_827,GCF_030323565.1;protein_461,GCF_007844055.1;protein_1141,GCF_002952595.1;protein_1130,GCF_002952635.1;protein_1135,GCF_002952535.1;protein_1134,GCF_007794935.1;protein_1129
GCF_021729605.1;protein_335,GCF_016748085.1;protein_309,GCF_002951975.1;protein_1129,GCF_016755675.1;protein_310,GCF_006337405.1;protein_1121,GCF_007843715.1;protein_514,GCF_002906495.1;protein_315,GCF_022923775.1;protein_1134,GCF_021184145.1;protein_1263,GCF_022921935.1;protein_1132,GCF_002952575.1;protein_1129,GCF_002953555.1;protein_317,GCF_019974055.1;protein_506,GCF_030406585.1;protein_828,GCF_030323565.1;protein_462,GCF_007844055.1;protein_1140,GCF_002952595.1;protein_1129,GCF_002952635.1;protein_1134,GCF_002952535.1;protein_1133,GCF_007794935.1;protein_1128
GCF_021729605.1;protein_336,GCF_016748085.1;protein_310,GCF_002951975.1;protein_1128,GCF_016755675.1;protein_311,GCF_006337405.1;protein_1120,GCF_007843715.1;protein_515,GCF_002906495.1;protein_316,GCF_022923775.1;protein_1133,GCF_021184145.1;protein_1264,GCF_022921935.1;protein_1131,GCF_002952575.1;protein_1128,GCF_002953555.1;protein_318,GCF_019974055.1;protein_507,GCF_030406585.1;protein_829,GCF_030323565.1;protein_463,GCF_007844055.1;protein_1139,GCF_002952595.1;protein_1128,GCF_002952635.1;protein_1133,GCF_002952535.1;protein_1132,GCF_007794935.1;protein_1127
GCF_021729605.1;protein_337,GCF_016748085.1;protein_311,GCF_002951975.1;protein_1127,GCF_016755675.1;protein_312,GCF_006337405.1;protein_1119,GCF_007843715.1;protein_516,GCF_002906495.1;protein_317,GCF_022923775.1;protein_1132,GCF_021184145.1;protein_1265,GCF_022921935.1;protein_1130,GCF_002952575.1;protein_1127,GCF_002953555.1;protein_319,GCF_019974055.1;protein_508,GCF_030406585.1;protein_830,GCF_030323565.1;protein_464,GCF_007844055.1;protein_1138,GCF_002952595.1;protein_1127,GCF_002952635.1;protein_1132,GCF_002952535.1;protein_1131,GCF_007794935.1;protein_1126
GCF_021729605.1;protein_338,GCF_016748085.1;protein_312,GCF_002951975.1;protein_1126,GCF_016755675.1;protein_313,GCF_006337405.1;protein_1118,GCF_007843715.1;protein_517,GCF_002906495.1;protein_318,GCF_022923775.1;protein_1131,GCF_021184145.1;protein_1266,GCF_022921935.1;protein_1129,GCF_002952575.1;protein_1126,GCF_002953555.1;protein_320,GCF_019974055.1;protein_509,GCF_030406585.1;protein_831,GCF_030323565.1;protein_465,GCF_007844055.1;protein_1137,GCF_002952595.1;protein_1126,GCF_002952635.1;protein_1131,GCF_002952535.1;protein_1130,GCF_007794935.1;protein_1125
GCF_021729605.1;protein_339,GCF_016748085.1;protein_313,GCF_002951975.1;protein_1125,GCF_016755675.1;protein_314,GCF_006337405.1;protein_1117,GCF_007843715.1;protein_518,GCF_002906495.1;protein_319,GCF_022923775.1;protein_1130,GCF_021184145.1;protein_1267,GCF_022921935.1;protein_1128,GCF_002952575.1;protein_1125,GCF_002953555.1;protein_321,GCF_019974055.1;protein_510,GCF_030406585.1;protein_832,GCF_030323565.1;protein_466,GCF_007844055.1;protein_1136,GCF_002952595.1;protein_1125,GCF_002952635.1;protein_1130,GCF_002952535.1;protein_1129,GCF_007794935.1;protein_1124
GCF_021729605.1;protein_34,GCF_016748085.1;protein_33,GCF_002951975.1;protein_1447,GCF_016755675.1;protein_34,GCF_006337405.1;protein_1484,GCF_007843715.1;protein_227,GCF_002906495.1;protein_34,GCF_022923775.1;protein_147,GCF_021184145.1;protein_982,GCF_022921935.1;protein_144,GCF_002952575.1;protein_1446,GCF_002953555.1;protein_35,GCF_019974055.1;protein_146,GCF_030406585.1;protein_34,GCF_030323565.1;protein_180,GCF_007844055.1;protein_180,GCF_002952595.1;protein_1446,GCF_002952635.1;protein_1451,GCF_002952535.1;protein_1450,GCF_007794935.1;protein_1447
GCF_021729605.1;protein_340,GCF_016748085.1;protein_314,GCF_002951975.1;protein_1124,GCF_016755675.1;protein_315,GCF_006337405.1;protein_1116,GCF_007843715.1;protein_519,GCF_002906495.1;protein_320,GCF_022923775.1;protein_1129,GCF_021184145.1;protein_1268,GCF_022921935.1;protein_1127,GCF_002952575.1;protein_1124,GCF_002953555.1;protein_322,GCF_019974055.1;protein_511,GCF_030406585.1;protein_833,GCF_030323565.1;protein_467,GCF_007844055.1;protein_1135,GCF_002952595.1;protein_1124,GCF_002952635.1;protein_1129,GCF_002952535.1;protein_1128,GCF_007794935.1;protein_1123
GCF_021729605.1;protein_341,GCF_016748085.1;protein_315,GCF_002951975.1;protein_1123,GCF_016755675.1;protein_316,GCF_006337405.1;protein_1115,GCF_007843715.1;protein_520,GCF_002906495.1;protein_321,GCF_022923775.1;protein_1128,GCF_021184145.1;protein_1269,GCF_022921935.1;protein_1126,GCF_002952575.1;protein_1123,GCF_002953555.1;protein_323,GCF_019974055.1;protein_512,GCF_030406585.1;protein_834,GCF_030323565.1;protein_468,GCF_007844055.1;protein_1134,GCF_002952595.1;protein_1123,GCF_002952635.1;protein_1128,GCF_002952535.1;protein_1127,GCF_007794935.1;protein_1122
GCF_021729605.1;protein_342,GCF_016748085.1;protein_316,GCF_002951975.1;protein_1122,GCF_016755675.1;protein_317,GCF_006337405.1;protein_1114,GCF_007843715.1;protein_521,GCF_002906495.1;protein_322,GCF_022923775.1;protein_1127,GCF_021184145.1;protein_1270,GCF_022921935.1;protein_1125,GCF_002952575.1;protein_1122,GCF_002953555.1;protein_324,GCF_019974055.1;protein_513,GCF_030406585.1;protein_835,GCF_030323565.1;protein_469,GCF_007844055.1;protein_1133,GCF_002952595.1;protein_1122,GCF_002952635.1;protein_1127,GCF_002952535.1;protein_1126,GCF_007794935.1;protein_1121
GCF_021729605.1;protein_343,GCF_016748085.1;protein_317,GCF_002951975.1;protein_1121,GCF_016755675.1;protein_318,GCF_006337405.1;protein_1113,GCF_007843715.1;protein_522,GCF_002906495.1;protein_323,GCF_022923775.1;protein_1126,GCF_021184145.1;protein_1271,GCF_022921935.1;protein_1124,GCF_002952575.1;protein_1121,GCF_002953555.1;protein_325,GCF_019974055.1;protein_514,GCF_030406585.1;protein_836,GCF_030323565.1;protein_470,GCF_007844055.1;protein_1132,GCF_002952595.1;protein_1121,GCF_002952635.1;protein_1126,GCF_002952535.1;protein_1125,GCF_007794935.1;protein_1120
GCF_021729605.1;protein_346,GCF_016748085.1;protein_320,GCF_002951975.1;protein_1118,GCF_016755675.1;protein_321,GCF_006337405.1;protein_1110,GCF_007843715.1;protein_525,GCF_002906495.1;protein_327,GCF_022923775.1;protein_1123,GCF_021184145.1;protein_1274,GCF_022921935.1;protein_1121,GCF_002952575.1;protein_1118,GCF_002953555.1;protein_329,GCF_019974055.1;protein_517,GCF_030406585.1;protein_307,GCF_030323565.1;protein_473,GCF_007844055.1;protein_1129,GCF_002952595.1;protein_1118,GCF_002952635.1;protein_1123,GCF_002952535.1;protein_1122,GCF_007794935.1;protein_1117
GCF_021729605.1;protein_347,GCF_016748085.1;protein_328,GCF_002951975.1;protein_1117,GCF_016755675.1;protein_327,GCF_006337405.1;protein_1109,GCF_007843715.1;protein_526,GCF_002906495.1;protein_334,GCF_022923775.1;protein_1117,GCF_021184145.1;protein_1275,GCF_022921935.1;protein_1114,GCF_002952575.1;protein_1117,GCF_002953555.1;protein_336,GCF_019974055.1;protein_518,GCF_030406585.1;protein_309,GCF_030323565.1;protein_474,GCF_007844055.1;protein_1128,GCF_002952595.1;protein_1117,GCF_002952635.1;protein_1122,GCF_002952535.1;protein_1121,GCF_007794935.1;protein_1116
GCF_021729605.1;protein_348,GCF_016748085.1;protein_329,GCF_002951975.1;protein_1116,GCF_016755675.1;protein_328,GCF_006337405.1;protein_1108,GCF_007843715.1;protein_527,GCF_002906495.1;protein_335,GCF_022923775.1;protein_1116,GCF_021184145.1;protein_1276,GCF_022921935.1;protein_1113,GCF_002952575.1;protein_1116,GCF_002953555.1;protein_337,GCF_019974055.1;protein_519,GCF_030406585.1;protein_310,GCF_030323565.1;protein_475,GCF_007844055.1;protein_1127,GCF_002952595.1;protein_1116,GCF_002952635.1;protein_1121,GCF_002952535.1;protein_1120,GCF_007794935.1;protein_1115
GCF_021729605.1;protein_349,GCF_016748085.1;protein_330,GCF_002951975.1;protein_1115,GCF_016755675.1;protein_329,GCF_006337405.1;protein_1107,GCF_007843715.1;protein_528,GCF_002906495.1;protein_336,GCF_022923775.1;protein_1115,GCF_021184145.1;protein_1277,GCF_022921935.1;protein_1112,GCF_002952575.1;protein_1115,GCF_002953555.1;protein_338,GCF_019974055.1;protein_520,GCF_030406585.1;protein_311,GCF_030323565.1;protein_476,GCF_007844055.1;protein_1126,GCF_002952595.1;protein_1115,GCF_002952635.1;protein_1120,GCF_002952535.1;protein_1119,GCF_007794935.1;protein_1114
GCF_021729605.1;protein_35,GCF_016748085.1;protein_34,GCF_002951975.1;protein_1446,GCF_016755675.1;protein_35,GCF_006337405.1;protein_1483,GCF_007843715.1;protein_228,GCF_002906495.1;protein_35,GCF_022923775.1;protein_148,GCF_021184145.1;protein_983,GCF_022921935.1;protein_145,GCF_002952575.1;protein_1445,GCF_002953555.1;protein_36,GCF_019974055.1;protein_145,GCF_030406585.1;protein_35,GCF_030323565.1;protein_181,GCF_007844055.1;protein_181,GCF_002952595.1;protein_1445,GCF_002952635.1;protein_1450,GCF_002952535.1;protein_1449,GCF_007794935.1;protein_1446
GCF_021729605.1;protein_350,GCF_016748085.1;protein_331,GCF_002951975.1;protein_1114,GCF_016755675.1;protein_330,GCF_006337405.1;protein_1106,GCF_007843715.1;protein_529,GCF_002906495.1;protein_337,GCF_022923775.1;protein_1114,GCF_021184145.1;protein_1278,GCF_022921935.1;protein_1111,GCF_002952575.1;protein_1114,GCF_002953555.1;protein_339,GCF_019974055.1;protein_521,GCF_030406585.1;protein_312,GCF_030323565.1;protein_477,GCF_007844055.1;protein_1125,GCF_002952595.1;protein_1114,GCF_002952635.1;protein_1119,GCF_002952535.1;protein_1118,GCF_007794935.1;protein_1113
GCF_021729605.1;protein_351,GCF_016748085.1;protein_332,GCF_002951975.1;protein_1113,GCF_016755675.1;protein_331,GCF_006337405.1;protein_1105,GCF_007843715.1;protein_530,GCF_002906495.1;protein_338,GCF_022923775.1;protein_1113,GCF_021184145.1;protein_1279,GCF_022921935.1;protein_1110,GCF_002952575.1;protein_1113,GCF_002953555.1;protein_340,GCF_019974055.1;protein_522,GCF_030406585.1;protein_313,GCF_030323565.1;protein_478,GCF_007844055.1;protein_1124,GCF_002952595.1;protein_1113,GCF_002952635.1;protein_1118,GCF_002952535.1;protein_1117,GCF_007794935.1;protein_1112
GCF_021729605.1;protein_352,GCF_016748085.1;protein_333,GCF_002951975.1;protein_1112,GCF_016755675.1;protein_332,GCF_006337405.1;protein_1104,GCF_007843715.1;protein_531,GCF_002906495.1;protein_339,GCF_022923775.1;protein_1112,GCF_021184145.1;protein_1280,GCF_022921935.1;protein_1109,GCF_002952575.1;protein_1112,GCF_002953555.1;protein_341,GCF_019974055.1;protein_523,GCF_030406585.1;protein_314,GCF_030323565.1;protein_479,GCF_007844055.1;protein_1123,GCF_002952595.1;protein_1112,GCF_002952635.1;protein_1117,GCF_002952535.1;protein_1116,GCF_007794935.1;protein_1111
GCF_021729605.1;protein_353,GCF_016748085.1;protein_334,GCF_002951975.1;protein_1111,GCF_016755675.1;protein_333,GCF_006337405.1;protein_1103,GCF_007843715.1;protein_532,GCF_002906495.1;protein_340,GCF_022923775.1;protein_1111,GCF_021184145.1;protein_1281,GCF_022921935.1;protein_1108,GCF_002952575.1;protein_1111,GCF_002953555.1;protein_342,GCF_019974055.1;protein_524,GCF_030406585.1;protein_315,GCF_030323565.1;protein_480,GCF_007844055.1;protein_1122,GCF_002952595.1;protein_1111,GCF_002952635.1;protein_1116,GCF_002952535.1;protein_1115,GCF_007794935.1;protein_1110
GCF_021729605.1;protein_354,GCF_016748085.1;protein_335,GCF_002951975.1;protein_1110,GCF_016755675.1;protein_334,GCF_006337405.1;protein_1102,GCF_007843715.1;protein_533,GCF_002906495.1;protein_341,GCF_022923775.1;protein_1110,GCF_021184145.1;protein_1282,GCF_022921935.1;protein_1107,GCF_002952575.1;protein_1110,GCF_002953555.1;protein_343,GCF_019974055.1;protein_525,GCF_030406585.1;protein_316,GCF_030323565.1;protein_481,GCF_007844055.1;protein_1121,GCF_002952595.1;protein_1110,GCF_002952635.1;protein_1115,GCF_002952535.1;protein_1114,GCF_007794935.1;protein_1109
GCF_021729605.1;protein_355,GCF_016748085.1;protein_336,GCF_002951975.1;protein_1109,GCF_016755675.1;protein_335,GCF_006337405.1;protein_1101,GCF_007843715.1;protein_534,GCF_002906495.1;protein_342,GCF_022923775.1;protein_1109,GCF_021184145.1;protein_1283,GCF_022921935.1;protein_1106,GCF_002952575.1;protein_1109,GCF_002953555.1;protein_344,GCF_019974055.1;protein_526,GCF_030406585.1;protein_317,GCF_030323565.1;protein_482,GCF_007844055.1;protein_1120,GCF_002952595.1;protein_1109,GCF_002952635.1;protein_1114,GCF_002952535.1;protein_1113,GCF_007794935.1;protein_1108
GCF_021729605.1;protein_359,GCF_016748085.1;protein_339,GCF_002951975.1;protein_1105,GCF_016755675.1;protein_339,GCF_006337405.1;protein_1095,GCF_007843715.1;protein_538,GCF_002906495.1;protein_1065,GCF_022923775.1;protein_1106,GCF_021184145.1;protein_1287,GCF_022921935.1;protein_1102,GCF_002952575.1;protein_1105,GCF_002953555.1;protein_1063,GCF_019974055.1;protein_530,GCF_030406585.1;protein_321,GCF_030323565.1;protein_487,GCF_007844055.1;protein_1117,GCF_002952595.1;protein_1105,GCF_002952635.1;protein_1110,GCF_002952535.1;protein_1109,GCF_007794935.1;protein_1104
GCF_021729605.1;protein_36,GCF_016748085.1;protein_35,GCF_002951975.1;protein_1445,GCF_016755675.1;protein_36,GCF_006337405.1;protein_1482,GCF_007843715.1;protein_229,GCF_002906495.1;protein_36,GCF_022923775.1;protein_149,GCF_021184145.1;protein_984,GCF_022921935.1;protein_146,GCF_002952575.1;protein_1444,GCF_002953555.1;protein_37,GCF_019974055.1;protein_144,GCF_030406585.1;protein_36,GCF_030323565.1;protein_182,GCF_007844055.1;protein_182,GCF_002952595.1;protein_1444,GCF_002952635.1;protein_1449,GCF_002952535.1;protein_1448,GCF_007794935.1;protein_1445
GCF_021729605.1;protein_360,GCF_016748085.1;protein_340,GCF_002951975.1;protein_1104,GCF_016755675.1;protein_340,GCF_006337405.1;protein_1094,GCF_007843715.1;protein_539,GCF_002906495.1;protein_1064,GCF_022923775.1;protein_1105,GCF_021184145.1;protein_1288,GCF_022921935.1;protein_1101,GCF_002952575.1;protein_1104,GCF_002953555.1;protein_1062,GCF_019974055.1;protein_531,GCF_030406585.1;protein_322,GCF_030323565.1;protein_488,GCF_007844055.1;protein_1116,GCF_002952595.1;protein_1104,GCF_002952635.1;protein_1109,GCF_002952535.1;protein_1108,GCF_007794935.1;protein_1103
GCF_021729605.1;protein_361,GCF_016748085.1;protein_341,GCF_002951975.1;protein_1103,GCF_016755675.1;protein_341,GCF_006337405.1;protein_1093,GCF_007843715.1;protein_540,GCF_002906495.1;protein_1062,GCF_022923775.1;protein_1104,GCF_021184145.1;protein_1289,GCF_022921935.1;protein_1100,GCF_002952575.1;protein_1103,GCF_002953555.1;protein_1060,GCF_019974055.1;protein_532,GCF_030406585.1;protein_323,GCF_030323565.1;protein_489,GCF_007844055.1;protein_1115,GCF_002952595.1;protein_1103,GCF_002952635.1;protein_1108,GCF_002952535.1;protein_1107,GCF_007794935.1;protein_1102
GCF_021729605.1;protein_362,GCF_016748085.1;protein_342,GCF_002951975.1;protein_1102,GCF_016755675.1;protein_342,GCF_006337405.1;protein_1092,GCF_007843715.1;protein_541,GCF_002906495.1;protein_1061,GCF_022923775.1;protein_1103,GCF_021184145.1;protein_1290,GCF_022921935.1;protein_1099,GCF_002952575.1;protein_1102,GCF_002953555.1;protein_1059,GCF_019974055.1;protein_533,GCF_030406585.1;protein_324,GCF_030323565.1;protein_490,GCF_007844055.1;protein_1114,GCF_002952595.1;protein_1102,GCF_002952635.1;protein_1107,GCF_002952535.1;protein_1106,GCF_007794935.1;protein_1101
GCF_021729605.1;protein_363,GCF_016748085.1;protein_343,GCF_002951975.1;protein_1101,GCF_016755675.1;protein_343,GCF_006337405.1;protein_1091,GCF_007843715.1;protein_542,GCF_002906495.1;protein_1060,GCF_022923775.1;protein_1102,GCF_021184145.1;protein_1291,GCF_022921935.1;protein_1098,GCF_002952575.1;protein_1101,GCF_002953555.1;protein_1058,GCF_019974055.1;protein_534,GCF_030406585.1;protein_325,GCF_030323565.1;protein_491,GCF_007844055.1;protein_1113,GCF_002952595.1;protein_1101,GCF_002952635.1;protein_1106,GCF_002952535.1;protein_1105,GCF_007794935.1;protein_1100
GCF_021729605.1;protein_364,GCF_016748085.1;protein_344,GCF_002951975.1;protein_1100,GCF_016755675.1;protein_344,GCF_006337405.1;protein_1090,GCF_007843715.1;protein_543,GCF_002906495.1;protein_1059,GCF_022923775.1;protein_1101,GCF_021184145.1;protein_1292,GCF_022921935.1;protein_1097,GCF_002952575.1;protein_1100,GCF_002953555.1;protein_1057,GCF_019974055.1;protein_535,GCF_030406585.1;protein_326,GCF_030323565.1;protein_492,GCF_007844055.1;protein_1112,GCF_002952595.1;protein_1100,GCF_002952635.1;protein_1105,GCF_002952535.1;protein_1104,GCF_007794935.1;protein_1099
GCF_021729605.1;protein_365,GCF_016748085.1;protein_345,GCF_002951975.1;protein_1099,GCF_016755675.1;protein_345,GCF_006337405.1;protein_1089,GCF_007843715.1;protein_544,GCF_002906495.1;protein_1058,GCF_022923775.1;protein_1100,GCF_021184145.1;protein_1293,GCF_022921935.1;protein_1096,GCF_002952575.1;protein_1099,GCF_002953555.1;protein_1056,GCF_019974055.1;protein_536,GCF_030406585.1;protein_327,GCF_030323565.1;protein_493,GCF_007844055.1;protein_1111,GCF_002952595.1;protein_1099,GCF_002952635.1;protein_1104,GCF_002952535.1;protein_1103,GCF_007794935.1;protein_1098
GCF_021729605.1;protein_366,GCF_016748085.1;protein_346,GCF_002951975.1;protein_1098,GCF_016755675.1;protein_346,GCF_006337405.1;protein_1088,GCF_007843715.1;protein_545,GCF_002906495.1;protein_1057,GCF_022923775.1;protein_1099,GCF_021184145.1;protein_1294,GCF_022921935.1;protein_1095,GCF_002952575.1;protein_1098,GCF_002953555.1;protein_1055,GCF_019974055.1;protein_537,GCF_030406585.1;protein_328,GCF_030323565.1;protein_494,GCF_007844055.1;protein_1110,GCF_002952595.1;protein_1098,GCF_002952635.1;protein_1103,GCF_002952535.1;protein_1102,GCF_007794935.1;protein_1097
GCF_021729605.1;protein_367,GCF_016748085.1;protein_347,GCF_002951975.1;protein_1097,GCF_016755675.1;protein_347,GCF_006337405.1;protein_1087,GCF_007843715.1;protein_546,GCF_002906495.1;protein_1056,GCF_022923775.1;protein_1098,GCF_021184145.1;protein_1295,GCF_022921935.1;protein_1094,GCF_002952575.1;protein_1097,GCF_002953555.1;protein_1054,GCF_019974055.1;protein_538,GCF_030406585.1;protein_329,GCF_030323565.1;protein_495,GCF_007844055.1;protein_1109,GCF_002952595.1;protein_1097,GCF_002952635.1;protein_1102,GCF_002952535.1;protein_1101,GCF_007794935.1;protein_1096
GCF_021729605.1;protein_368,GCF_016748085.1;protein_348,GCF_002951975.1;protein_1096,GCF_016755675.1;protein_348,GCF_006337405.1;protein_1086,GCF_007843715.1;protein_547,GCF_002906495.1;protein_1055,GCF_022923775.1;protein_1097,GCF_021184145.1;protein_1296,GCF_022921935.1;protein_1093,GCF_002952575.1;protein_1096,GCF_002953555.1;protein_1053,GCF_019974055.1;protein_539,GCF_030406585.1;protein_330,GCF_030323565.1;protein_496,GCF_007844055.1;protein_1108,GCF_002952595.1;protein_1096,GCF_002952635.1;protein_1101,GCF_002952535.1;protein_1100,GCF_007794935.1;protein_1095
GCF_021729605.1;protein_369,GCF_016748085.1;protein_349,GCF_002951975.1;protein_1095,GCF_016755675.1;protein_349,GCF_006337405.1;protein_1085,GCF_007843715.1;protein_548,GCF_002906495.1;protein_1054,GCF_022923775.1;protein_1096,GCF_021184145.1;protein_1297,GCF_022921935.1;protein_1092,GCF_002952575.1;protein_1095,GCF_002953555.1;protein_1052,GCF_019974055.1;protein_540,GCF_030406585.1;protein_331,GCF_030323565.1;protein_497,GCF_007844055.1;protein_1107,GCF_002952595.1;protein_1095,GCF_002952635.1;protein_1100,GCF_002952535.1;protein_1099,GCF_007794935.1;protein_1094
GCF_021729605.1;protein_37,GCF_016748085.1;protein_36,GCF_002951975.1;protein_1444,GCF_016755675.1;protein_37,GCF_006337405.1;protein_1481,GCF_007843715.1;protein_230,GCF_002906495.1;protein_37,GCF_022923775.1;protein_150,GCF_021184145.1;protein_985,GCF_022921935.1;protein_147,GCF_002952575.1;protein_1443,GCF_002953555.1;protein_38,GCF_019974055.1;protein_143,GCF_030406585.1;protein_37,GCF_030323565.1;protein_183,GCF_007844055.1;protein_183,GCF_002952595.1;protein_1443,GCF_002952635.1;protein_1448,GCF_002952535.1;protein_1447,GCF_007794935.1;protein_1444
GCF_021729605.1;protein_370,GCF_016748085.1;protein_350,GCF_002951975.1;protein_1094,GCF_016755675.1;protein_350,GCF_006337405.1;protein_1084,GCF_007843715.1;protein_549,GCF_002906495.1;protein_1053,GCF_022923775.1;protein_1095,GCF_021184145.1;protein_1298,GCF_022921935.1;protein_1091,GCF_002952575.1;protein_1094,GCF_002953555.1;protein_1051,GCF_019974055.1;protein_541,GCF_030406585.1;protein_332,GCF_030323565.1;protein_498,GCF_007844055.1;protein_1106,GCF_002952595.1;protein_1094,GCF_002952635.1;protein_1099,GCF_002952535.1;protein_1098,GCF_007794935.1;protein_1093
GCF_021729605.1;protein_371,GCF_016748085.1;protein_351,GCF_002951975.1;protein_1093,GCF_016755675.1;protein_351,GCF_006337405.1;protein_1083,GCF_007843715.1;protein_550,GCF_002906495.1;protein_1052,GCF_022923775.1;protein_1094,GCF_021184145.1;protein_1299,GCF_022921935.1;protein_1090,GCF_002952575.1;protein_1093,GCF_002953555.1;protein_1050,GCF_019974055.1;protein_542,GCF_030406585.1;protein_333,GCF_030323565.1;protein_499,GCF_007844055.1;protein_1105,GCF_002952595.1;protein_1093,GCF_002952635.1;protein_1098,GCF_002952535.1;protein_1097,GCF_007794935.1;protein_1092
GCF_021729605.1;protein_374,GCF_016748085.1;protein_352,GCF_002951975.1;protein_1090,GCF_016755675.1;protein_354,GCF_006337405.1;protein_1080,GCF_007843715.1;protein_554,GCF_002906495.1;protein_1049,GCF_022923775.1;protein_1092,GCF_021184145.1;protein_1302,GCF_022921935.1;protein_1087,GCF_002952575.1;protein_1090,GCF_002953555.1;protein_1047,GCF_019974055.1;protein_753,GCF_030406585.1;protein_336,GCF_030323565.1;protein_502,GCF_007844055.1;protein_1104,GCF_002952595.1;protein_1090,GCF_002952635.1;protein_1095,GCF_002952535.1;protein_1094,GCF_007794935.1;protein_1089
GCF_021729605.1;protein_375,GCF_016748085.1;protein_353,GCF_002951975.1;protein_1089,GCF_016755675.1;protein_355,GCF_006337405.1;protein_1079,GCF_007843715.1;protein_555,GCF_002906495.1;protein_1048,GCF_022923775.1;protein_1091,GCF_021184145.1;protein_1303,GCF_022921935.1;protein_1086,GCF_002952575.1;protein_1089,GCF_002953555.1;protein_1046,GCF_019974055.1;protein_754,GCF_030406585.1;protein_337,GCF_030323565.1;protein_503,GCF_007844055.1;protein_1103,GCF_002952595.1;protein_1089,GCF_002952635.1;protein_1094,GCF_002952535.1;protein_1093,GCF_007794935.1;protein_1088
GCF_021729605.1;protein_376,GCF_016748085.1;protein_354,GCF_002951975.1;protein_1088,GCF_016755675.1;protein_356,GCF_006337405.1;protein_1078,GCF_007843715.1;protein_556,GCF_002906495.1;protein_1047,GCF_022923775.1;protein_1090,GCF_021184145.1;protein_1304,GCF_022921935.1;protein_1085,GCF_002952575.1;protein_1088,GCF_002953555.1;protein_1045,GCF_019974055.1;protein_755,GCF_030406585.1;protein_338,GCF_030323565.1;protein_504,GCF_007844055.1;protein_1102,GCF_002952595.1;protein_1088,GCF_002952635.1;protein_1093,GCF_002952535.1;protein_1092,GCF_007794935.1;protein_1087
GCF_021729605.1;protein_378,GCF_016748085.1;protein_356,GCF_002951975.1;protein_1086,GCF_016755675.1;protein_357,GCF_006337405.1;protein_1076,GCF_007843715.1;protein_558,GCF_002906495.1;protein_1045,GCF_022923775.1;protein_1088,GCF_021184145.1;protein_1306,GCF_022921935.1;protein_1083,GCF_002952575.1;protein_1086,GCF_002953555.1;protein_1043,GCF_019974055.1;protein_757,GCF_030406585.1;protein_340,GCF_030323565.1;protein_508,GCF_007844055.1;protein_1100,GCF_002952595.1;protein_1086,GCF_002952635.1;protein_1091,GCF_002952535.1;protein_1090,GCF_007794935.1;protein_1085
GCF_021729605.1;protein_379,GCF_016748085.1;protein_357,GCF_002951975.1;protein_1085,GCF_016755675.1;protein_358,GCF_006337405.1;protein_1075,GCF_007843715.1;protein_559,GCF_002906495.1;protein_1044,GCF_022923775.1;protein_1087,GCF_021184145.1;protein_1307,GCF_022921935.1;protein_1082,GCF_002952575.1;protein_1085,GCF_002953555.1;protein_1042,GCF_019974055.1;protein_758,GCF_030406585.1;protein_341,GCF_030323565.1;protein_509,GCF_007844055.1;protein_1099,GCF_002952595.1;protein_1085,GCF_002952635.1;protein_1090,GCF_002952535.1;protein_1089,GCF_007794935.1;protein_1084
GCF_021729605.1;protein_38,GCF_016748085.1;protein_37,GCF_002951975.1;protein_1443,GCF_016755675.1;protein_38,GCF_006337405.1;protein_1480,GCF_007843715.1;protein_231,GCF_002906495.1;protein_38,GCF_022923775.1;protein_151,GCF_021184145.1;protein_986,GCF_022921935.1;protein_148,GCF_002952575.1;protein_1442,GCF_002953555.1;protein_39,GCF_019974055.1;protein_142,GCF_030406585.1;protein_38,GCF_030323565.1;protein_184,GCF_007844055.1;protein_184,GCF_002952595.1;protein_1442,GCF_002952635.1;protein_1447,GCF_002952535.1;protein_1446,GCF_007794935.1;protein_1443
GCF_021729605.1;protein_380,GCF_016748085.1;protein_358,GCF_002951975.1;protein_1084,GCF_016755675.1;protein_359,GCF_006337405.1;protein_1074,GCF_007843715.1;protein_560,GCF_002906495.1;protein_1043,GCF_022923775.1;protein_1086,GCF_021184145.1;protein_1308,GCF_022921935.1;protein_1081,GCF_002952575.1;protein_1084,GCF_002953555.1;protein_1041,GCF_019974055.1;protein_759,GCF_030406585.1;protein_342,GCF_030323565.1;protein_510,GCF_007844055.1;protein_1098,GCF_002952595.1;protein_1084,GCF_002952635.1;protein_1089,GCF_002952535.1;protein_1088,GCF_007794935.1;protein_1083
GCF_021729605.1;protein_381,GCF_016748085.1;protein_359,GCF_002951975.1;protein_1083,GCF_016755675.1;protein_360,GCF_006337405.1;protein_1073,GCF_007843715.1;protein_561,GCF_002906495.1;protein_1042,GCF_022923775.1;protein_1085,GCF_021184145.1;protein_1309,GCF_022921935.1;protein_1080,GCF_002952575.1;protein_1083,GCF_002953555.1;protein_1040,GCF_019974055.1;protein_760,GCF_030406585.1;protein_343,GCF_030323565.1;protein_511,GCF_007844055.1;protein_1097,GCF_002952595.1;protein_1083,GCF_002952635.1;protein_1088,GCF_002952535.1;protein_1087,GCF_007794935.1;protein_1082
GCF_021729605.1;protein_382,GCF_016748085.1;protein_360,GCF_002951975.1;protein_1082,GCF_016755675.1;protein_361,GCF_006337405.1;protein_1072,GCF_007843715.1;protein_562,GCF_002906495.1;protein_1041,GCF_022923775.1;protein_1084,GCF_021184145.1;protein_1310,GCF_022921935.1;protein_1079,GCF_002952575.1;protein_1082,GCF_002953555.1;protein_1039,GCF_019974055.1;protein_761,GCF_030406585.1;protein_344,GCF_030323565.1;protein_512,GCF_007844055.1;protein_1096,GCF_002952595.1;protein_1082,GCF_002952635.1;protein_1087,GCF_002952535.1;protein_1086,GCF_007794935.1;protein_1081
GCF_021729605.1;protein_39,GCF_016748085.1;protein_38,GCF_002951975.1;protein_1442,GCF_016755675.1;protein_39,GCF_006337405.1;protein_1479,GCF_007843715.1;protein_232,GCF_002906495.1;protein_39,GCF_022923775.1;protein_152,GCF_021184145.1;protein_987,GCF_022921935.1;protein_149,GCF_002952575.1;protein_1441,GCF_002953555.1;protein_40,GCF_019974055.1;protein_141,GCF_030406585.1;protein_39,GCF_030323565.1;protein_185,GCF_007844055.1;protein_185,GCF_002952595.1;protein_1441,GCF_002952635.1;protein_1446,GCF_002952535.1;protein_1445,GCF_007794935.1;protein_1442
GCF_021729605.1;protein_397,GCF_016748085.1;protein_390,GCF_002951975.1;protein_1067,GCF_016755675.1;protein_376,GCF_006337405.1;protein_1057,GCF_007843715.1;protein_577,GCF_002906495.1;protein_1026,GCF_022923775.1;protein_1069,GCF_021184145.1;protein_1325,GCF_022921935.1;protein_1064,GCF_002952575.1;protein_1067,GCF_002953555.1;protein_1024,GCF_019974055.1;protein_776,GCF_030406585.1;protein_359,GCF_030323565.1;protein_527,GCF_007844055.1;protein_1081,GCF_002952595.1;protein_1067,GCF_002952635.1;protein_1072,GCF_002952535.1;protein_1071,GCF_007794935.1;protein_1066
GCF_021729605.1;protein_398,GCF_016748085.1;protein_391,GCF_002951975.1;protein_1066,GCF_016755675.1;protein_377,GCF_006337405.1;protein_1056,GCF_007843715.1;protein_578,GCF_002906495.1;protein_1025,GCF_022923775.1;protein_1068,GCF_021184145.1;protein_1326,GCF_022921935.1;protein_1063,GCF_002952575.1;protein_1066,GCF_002953555.1;protein_1023,GCF_019974055.1;protein_777,GCF_030406585.1;protein_360,GCF_030323565.1;protein_528,GCF_007844055.1;protein_1080,GCF_002952595.1;protein_1066,GCF_002952635.1;protein_1071,GCF_002952535.1;protein_1070,GCF_007794935.1;protein_1065
GCF_021729605.1;protein_399,GCF_016748085.1;protein_392,GCF_002951975.1;protein_1065,GCF_016755675.1;protein_378,GCF_006337405.1;protein_1055,GCF_007843715.1;protein_579,GCF_002906495.1;protein_1024,GCF_022923775.1;protein_1067,GCF_021184145.1;protein_1327,GCF_022921935.1;protein_1062,GCF_002952575.1;protein_1065,GCF_002953555.1;protein_1022,GCF_019974055.1;protein_778,GCF_030406585.1;protein_361,GCF_030323565.1;protein_529,GCF_007844055.1;protein_1079,GCF_002952595.1;protein_1065,GCF_002952635.1;protein_1070,GCF_002952535.1;protein_1069,GCF_007794935.1;protein_1064
GCF_021729605.1;protein_4,GCF_016748085.1;protein_4,GCF_002951975.1;protein_1477,GCF_016755675.1;protein_4,GCF_006337405.1;protein_1514,GCF_007843715.1;protein_197,GCF_002906495.1;protein_4,GCF_022923775.1;protein_1457,GCF_021184145.1;protein_952,GCF_022921935.1;protein_1449,GCF_002952575.1;protein_1476,GCF_002953555.1;protein_4,GCF_019974055.1;protein_176,GCF_030406585.1;protein_4,GCF_030323565.1;protein_150,GCF_007844055.1;protein_150,GCF_002952595.1;protein_1476,GCF_002952635.1;protein_1481,GCF_002952535.1;protein_1480,GCF_007794935.1;protein_1477
GCF_021729605.1;protein_40,GCF_016748085.1;protein_39,GCF_002951975.1;protein_1441,GCF_016755675.1;protein_40,GCF_006337405.1;protein_1478,GCF_007843715.1;protein_233,GCF_002906495.1;protein_42,GCF_022923775.1;protein_153,GCF_021184145.1;protein_989,GCF_022921935.1;protein_150,GCF_002952575.1;protein_1440,GCF_002953555.1;protein_43,GCF_019974055.1;protein_140,GCF_030406585.1;protein_42,GCF_030323565.1;protein_187,GCF_007844055.1;protein_187,GCF_002952595.1;protein_1440,GCF_002952635.1;protein_1445,GCF_002952535.1;protein_1444,GCF_007794935.1;protein_1441
GCF_021729605.1;protein_400,GCF_016748085.1;protein_393,GCF_002951975.1;protein_1064,GCF_016755675.1;protein_379,GCF_006337405.1;protein_1054,GCF_007843715.1;protein_580,GCF_002906495.1;protein_1023,GCF_022923775.1;protein_1066,GCF_021184145.1;protein_1328,GCF_022921935.1;protein_1061,GCF_002952575.1;protein_1064,GCF_002953555.1;protein_1021,GCF_019974055.1;protein_779,GCF_030406585.1;protein_362,GCF_030323565.1;protein_530,GCF_007844055.1;protein_1078,GCF_002952595.1;protein_1064,GCF_002952635.1;protein_1069,GCF_002952535.1;protein_1068,GCF_007794935.1;protein_1063
GCF_021729605.1;protein_401,GCF_016748085.1;protein_394,GCF_002951975.1;protein_1063,GCF_016755675.1;protein_380,GCF_006337405.1;protein_1053,GCF_007843715.1;protein_581,GCF_002906495.1;protein_1022,GCF_022923775.1;protein_1065,GCF_021184145.1;protein_1329,GCF_022921935.1;protein_1060,GCF_002952575.1;protein_1063,GCF_002953555.1;protein_1020,GCF_019974055.1;protein_780,GCF_030406585.1;protein_363,GCF_030323565.1;protein_531,GCF_007844055.1;protein_1077,GCF_002952595.1;protein_1063,GCF_002952635.1;protein_1068,GCF_002952535.1;protein_1067,GCF_007794935.1;protein_1062
GCF_021729605.1;protein_402,GCF_016748085.1;protein_395,GCF_002951975.1;protein_1062,GCF_016755675.1;protein_381,GCF_006337405.1;protein_1052,GCF_007843715.1;protein_582,GCF_002906495.1;protein_1021,GCF_022923775.1;protein_1064,GCF_021184145.1;protein_1330,GCF_022921935.1;protein_1059,GCF_002952575.1;protein_1062,GCF_002953555.1;protein_1019,GCF_019974055.1;protein_781,GCF_030406585.1;protein_364,GCF_030323565.1;protein_532,GCF_007844055.1;protein_1076,GCF_002952595.1;protein_1062,GCF_002952635.1;protein_1067,GCF_002952535.1;protein_1066,GCF_007794935.1;protein_1061
GCF_021729605.1;protein_403,GCF_016748085.1;protein_396,GCF_002951975.1;protein_1061,GCF_016755675.1;protein_382,GCF_006337405.1;protein_1051,GCF_007843715.1;protein_583,GCF_002906495.1;protein_1020,GCF_022923775.1;protein_1063,GCF_021184145.1;protein_1331,GCF_022921935.1;protein_1058,GCF_002952575.1;protein_1061,GCF_002953555.1;protein_1018,GCF_019974055.1;protein_782,GCF_030406585.1;protein_365,GCF_030323565.1;protein_533,GCF_007844055.1;protein_1075,GCF_002952595.1;protein_1061,GCF_002952635.1;protein_1066,GCF_002952535.1;protein_1065,GCF_007794935.1;protein_1060
GCF_021729605.1;protein_404,GCF_016748085.1;protein_397,GCF_002951975.1;protein_1060,GCF_016755675.1;protein_383,GCF_006337405.1;protein_1050,GCF_007843715.1;protein_584,GCF_002906495.1;protein_1019,GCF_022923775.1;protein_1062,GCF_021184145.1;protein_1332,GCF_022921935.1;protein_1057,GCF_002952575.1;protein_1060,GCF_002953555.1;protein_1017,GCF_019974055.1;protein_783,GCF_030406585.1;protein_366,GCF_030323565.1;protein_534,GCF_007844055.1;protein_1074,GCF_002952595.1;protein_1060,GCF_002952635.1;protein_1065,GCF_002952535.1;protein_1064,GCF_007794935.1;protein_1059
GCF_021729605.1;protein_405,GCF_016748085.1;protein_398,GCF_002951975.1;protein_1059,GCF_016755675.1;protein_384,GCF_006337405.1;protein_1049,GCF_007843715.1;protein_585,GCF_002906495.1;protein_1018,GCF_022923775.1;protein_1061,GCF_021184145.1;protein_1333,GCF_022921935.1;protein_1056,GCF_002952575.1;protein_1059,GCF_002953555.1;protein_1016,GCF_019974055.1;protein_784,GCF_030406585.1;protein_367,GCF_030323565.1;protein_535,GCF_007844055.1;protein_1073,GCF_002952595.1;protein_1059,GCF_002952635.1;protein_1064,GCF_002952535.1;protein_1063,GCF_007794935.1;protein_1058
GCF_021729605.1;protein_407,GCF_016748085.1;protein_400,GCF_002951975.1;protein_1057,GCF_016755675.1;protein_386,GCF_006337405.1;protein_1047,GCF_007843715.1;protein_587,GCF_002906495.1;protein_1016,GCF_022923775.1;protein_1059,GCF_021184145.1;protein_1334,GCF_022921935.1;protein_1054,GCF_002952575.1;protein_1057,GCF_002953555.1;protein_1014,GCF_019974055.1;protein_786,GCF_030406585.1;protein_369,GCF_030323565.1;protein_537,GCF_007844055.1;protein_1071,GCF_002952595.1;protein_1057,GCF_002952635.1;protein_1062,GCF_002952535.1;protein_1061,GCF_007794935.1;protein_1056
GCF_021729605.1;protein_408,GCF_016748085.1;protein_401,GCF_002951975.1;protein_1056,GCF_016755675.1;protein_387,GCF_006337405.1;protein_1046,GCF_007843715.1;protein_588,GCF_002906495.1;protein_1015,GCF_022923775.1;protein_1058,GCF_021184145.1;protein_1335,GCF_022921935.1;protein_1053,GCF_002952575.1;protein_1056,GCF_002953555.1;protein_1013,GCF_019974055.1;protein_787,GCF_030406585.1;protein_370,GCF_030323565.1;protein_538,GCF_007844055.1;protein_1070,GCF_002952595.1;protein_1056,GCF_002952635.1;protein_1061,GCF_002952535.1;protein_1060,GCF_007794935.1;protein_1055
GCF_021729605.1;protein_409,GCF_016748085.1;protein_402,GCF_002951975.1;protein_1055,GCF_016755675.1;protein_388,GCF_006337405.1;protein_1045,GCF_007843715.1;protein_590,GCF_002906495.1;protein_1014,GCF_022923775.1;protein_1057,GCF_021184145.1;protein_1336,GCF_022921935.1;protein_1052,GCF_002952575.1;protein_1055,GCF_002953555.1;protein_1012,GCF_019974055.1;protein_788,GCF_030406585.1;protein_371,GCF_030323565.1;protein_539,GCF_007844055.1;protein_1068,GCF_002952595.1;protein_1055,GCF_002952635.1;protein_1060,GCF_002952535.1;protein_1059,GCF_007794935.1;protein_1054
GCF_021729605.1;protein_41,GCF_016748085.1;protein_40,GCF_002951975.1;protein_1440,GCF_016755675.1;protein_41,GCF_006337405.1;protein_1477,GCF_007843715.1;protein_234,GCF_002906495.1;protein_43,GCF_022923775.1;protein_154,GCF_021184145.1;protein_990,GCF_022921935.1;protein_151,GCF_002952575.1;protein_1439,GCF_002953555.1;protein_44,GCF_019974055.1;protein_139,GCF_030406585.1;protein_43,GCF_030323565.1;protein_188,GCF_007844055.1;protein_188,GCF_002952595.1;protein_1439,GCF_002952635.1;protein_1444,GCF_002952535.1;protein_1443,GCF_007794935.1;protein_1440
GCF_021729605.1;protein_410,GCF_016748085.1;protein_403,GCF_002951975.1;protein_1054,GCF_016755675.1;protein_389,GCF_006337405.1;protein_1044,GCF_007843715.1;protein_591,GCF_002906495.1;protein_1013,GCF_022923775.1;protein_1056,GCF_021184145.1;protein_1337,GCF_022921935.1;protein_1051,GCF_002952575.1;protein_1054,GCF_002953555.1;protein_1011,GCF_019974055.1;protein_789,GCF_030406585.1;protein_372,GCF_030323565.1;protein_540,GCF_007844055.1;protein_1067,GCF_002952595.1;protein_1054,GCF_002952635.1;protein_1059,GCF_002952535.1;protein_1058,GCF_007794935.1;protein_1053
GCF_021729605.1;protein_411,GCF_016748085.1;protein_404,GCF_002951975.1;protein_1053,GCF_016755675.1;protein_390,GCF_006337405.1;protein_1043,GCF_007843715.1;protein_592,GCF_002906495.1;protein_1012,GCF_022923775.1;protein_1055,GCF_021184145.1;protein_1338,GCF_022921935.1;protein_1050,GCF_002952575.1;protein_1053,GCF_002953555.1;protein_1010,GCF_019974055.1;protein_790,GCF_030406585.1;protein_373,GCF_030323565.1;protein_541,GCF_007844055.1;protein_1066,GCF_002952595.1;protein_1053,GCF_002952635.1;protein_1058,GCF_002952535.1;protein_1057,GCF_007794935.1;protein_1052
GCF_021729605.1;protein_412,GCF_016748085.1;protein_405,GCF_002951975.1;protein_1052,GCF_016755675.1;protein_391,GCF_006337405.1;protein_1042,GCF_007843715.1;protein_593,GCF_002906495.1;protein_1011,GCF_022923775.1;protein_1054,GCF_021184145.1;protein_1339,GCF_022921935.1;protein_1049,GCF_002952575.1;protein_1052,GCF_002953555.1;protein_1009,GCF_019974055.1;protein_791,GCF_030406585.1;protein_374,GCF_030323565.1;protein_542,GCF_007844055.1;protein_1065,GCF_002952595.1;protein_1052,GCF_002952635.1;protein_1057,GCF_002952535.1;protein_1056,GCF_007794935.1;protein_1051
GCF_021729605.1;protein_413,GCF_016748085.1;protein_406,GCF_002951975.1;protein_1051,GCF_016755675.1;protein_392,GCF_006337405.1;protein_1041,GCF_007843715.1;protein_594,GCF_002906495.1;protein_1010,GCF_022923775.1;protein_1053,GCF_021184145.1;protein_1340,GCF_022921935.1;protein_1048,GCF_002952575.1;protein_1051,GCF_002953555.1;protein_1008,GCF_019974055.1;protein_792,GCF_030406585.1;protein_375,GCF_030323565.1;protein_543,GCF_007844055.1;protein_1064,GCF_002952595.1;protein_1051,GCF_002952635.1;protein_1056,GCF_002952535.1;protein_1055,GCF_007794935.1;protein_1050
GCF_021729605.1;protein_414,GCF_016748085.1;protein_407,GCF_002951975.1;protein_1050,GCF_016755675.1;protein_393,GCF_006337405.1;protein_1040,GCF_007843715.1;protein_595,GCF_002906495.1;protein_1009,GCF_022923775.1;protein_1052,GCF_021184145.1;protein_1341,GCF_022921935.1;protein_1047,GCF_002952575.1;protein_1050,GCF_002953555.1;protein_1007,GCF_019974055.1;protein_793,GCF_030406585.1;protein_376,GCF_030323565.1;protein_544,GCF_007844055.1;protein_1063,GCF_002952595.1;protein_1050,GCF_002952635.1;protein_1055,GCF_002952535.1;protein_1054,GCF_007794935.1;protein_1049
GCF_021729605.1;protein_415,GCF_016748085.1;protein_408,GCF_002951975.1;protein_1049,GCF_016755675.1;protein_394,GCF_006337405.1;protein_1039,GCF_007843715.1;protein_596,GCF_002906495.1;protein_1008,GCF_022923775.1;protein_1051,GCF_021184145.1;protein_1342,GCF_022921935.1;protein_1046,GCF_002952575.1;protein_1049,GCF_002953555.1;protein_1006,GCF_019974055.1;protein_794,GCF_030406585.1;protein_377,GCF_030323565.1;protein_545,GCF_007844055.1;protein_1062,GCF_002952595.1;protein_1049,GCF_002952635.1;protein_1054,GCF_002952535.1;protein_1053,GCF_007794935.1;protein_1048
GCF_021729605.1;protein_416,GCF_016748085.1;protein_409,GCF_002951975.1;protein_1048,GCF_016755675.1;protein_395,GCF_006337405.1;protein_1038,GCF_007843715.1;protein_597,GCF_002906495.1;protein_1007,GCF_022923775.1;protein_1050,GCF_021184145.1;protein_1343,GCF_022921935.1;protein_1045,GCF_002952575.1;protein_1048,GCF_002953555.1;protein_1005,GCF_019974055.1;protein_795,GCF_030406585.1;protein_378,GCF_030323565.1;protein_546,GCF_007844055.1;protein_1061,GCF_002952595.1;protein_1048,GCF_002952635.1;protein_1053,GCF_002952535.1;protein_1052,GCF_007794935.1;protein_1047
GCF_021729605.1;protein_417,GCF_016748085.1;protein_410,GCF_002951975.1;protein_1047,GCF_016755675.1;protein_396,GCF_006337405.1;protein_1037,GCF_007843715.1;protein_598,GCF_002906495.1;protein_1006,GCF_022923775.1;protein_1049,GCF_021184145.1;protein_1344,GCF_022921935.1;protein_1044,GCF_002952575.1;protein_1047,GCF_002953555.1;protein_1004,GCF_019974055.1;protein_796,GCF_030406585.1;protein_379,GCF_030323565.1;protein_547,GCF_007844055.1;protein_1060,GCF_002952595.1;protein_1047,GCF_002952635.1;protein_1052,GCF_002952535.1;protein_1051,GCF_007794935.1;protein_1046
GCF_021729605.1;protein_418,GCF_016748085.1;protein_411,GCF_002951975.1;protein_1046,GCF_016755675.1;protein_397,GCF_006337405.1;protein_1036,GCF_007843715.1;protein_599,GCF_002906495.1;protein_1005,GCF_022923775.1;protein_1048,GCF_021184145.1;protein_1345,GCF_022921935.1;protein_1043,GCF_002952575.1;protein_1046,GCF_002953555.1;protein_1003,GCF_019974055.1;protein_797,GCF_030406585.1;protein_380,GCF_030323565.1;protein_548,GCF_007844055.1;protein_1059,GCF_002952595.1;protein_1046,GCF_002952635.1;protein_1051,GCF_002952535.1;protein_1050,GCF_007794935.1;protein_1045
GCF_021729605.1;protein_419,GCF_016748085.1;protein_412,GCF_002951975.1;protein_1045,GCF_016755675.1;protein_398,GCF_006337405.1;protein_1035,GCF_007843715.1;protein_600,GCF_002906495.1;protein_1004,GCF_022923775.1;protein_1047,GCF_021184145.1;protein_1346,GCF_022921935.1;protein_1042,GCF_002952575.1;protein_1045,GCF_002953555.1;protein_1002,GCF_019974055.1;protein_798,GCF_030406585.1;protein_381,GCF_030323565.1;protein_549,GCF_007844055.1;protein_1058,GCF_002952595.1;protein_1045,GCF_002952635.1;protein_1050,GCF_002952535.1;protein_1049,GCF_007794935.1;protein_1044
GCF_021729605.1;protein_42,GCF_016748085.1;protein_41,GCF_002951975.1;protein_1439,GCF_016755675.1;protein_42,GCF_006337405.1;protein_1476,GCF_007843715.1;protein_235,GCF_002906495.1;protein_44,GCF_022923775.1;protein_155,GCF_021184145.1;protein_991,GCF_022921935.1;protein_152,GCF_002952575.1;protein_1438,GCF_002953555.1;protein_45,GCF_019974055.1;protein_138,GCF_030406585.1;protein_44,GCF_030323565.1;protein_189,GCF_007844055.1;protein_189,GCF_002952595.1;protein_1438,GCF_002952635.1;protein_1443,GCF_002952535.1;protein_1442,GCF_007794935.1;protein_1439
GCF_021729605.1;protein_420,GCF_016748085.1;protein_413,GCF_002951975.1;protein_1044,GCF_016755675.1;protein_399,GCF_006337405.1;protein_1034,GCF_007843715.1;protein_601,GCF_002906495.1;protein_1003,GCF_022923775.1;protein_1046,GCF_021184145.1;protein_1347,GCF_022921935.1;protein_1041,GCF_002952575.1;protein_1044,GCF_002953555.1;protein_1001,GCF_019974055.1;protein_799,GCF_030406585.1;protein_382,GCF_030323565.1;protein_550,GCF_007844055.1;protein_1057,GCF_002952595.1;protein_1044,GCF_002952635.1;protein_1049,GCF_002952535.1;protein_1048,GCF_007794935.1;protein_1043
GCF_021729605.1;protein_421,GCF_016748085.1;protein_414,GCF_002951975.1;protein_1043,GCF_016755675.1;protein_400,GCF_006337405.1;protein_1033,GCF_007843715.1;protein_602,GCF_002906495.1;protein_1002,GCF_022923775.1;protein_1045,GCF_021184145.1;protein_1348,GCF_022921935.1;protein_1040,GCF_002952575.1;protein_1043,GCF_002953555.1;protein_1000,GCF_019974055.1;protein_800,GCF_030406585.1;protein_383,GCF_030323565.1;protein_551,GCF_007844055.1;protein_1056,GCF_002952595.1;protein_1043,GCF_002952635.1;protein_1048,GCF_002952535.1;protein_1047,GCF_007794935.1;protein_1042
GCF_021729605.1;protein_422,GCF_016748085.1;protein_415,GCF_002951975.1;protein_1042,GCF_016755675.1;protein_401,GCF_006337405.1;protein_1032,GCF_007843715.1;protein_603,GCF_002906495.1;protein_1001,GCF_022923775.1;protein_1044,GCF_021184145.1;protein_1349,GCF_022921935.1;protein_1039,GCF_002952575.1;protein_1042,GCF_002953555.1;protein_999,GCF_019974055.1;protein_801,GCF_030406585.1;protein_384,GCF_030323565.1;protein_552,GCF_007844055.1;protein_1055,GCF_002952595.1;protein_1042,GCF_002952635.1;protein_1047,GCF_002952535.1;protein_1046,GCF_007794935.1;protein_1041
GCF_021729605.1;protein_423,GCF_016748085.1;protein_416,GCF_002951975.1;protein_1041,GCF_016755675.1;protein_402,GCF_006337405.1;protein_1031,GCF_007843715.1;protein_604,GCF_002906495.1;protein_1000,GCF_022923775.1;protein_1043,GCF_021184145.1;protein_1350,GCF_022921935.1;protein_1038,GCF_002952575.1;protein_1041,GCF_002953555.1;protein_998,GCF_019974055.1;protein_802,GCF_030406585.1;protein_385,GCF_030323565.1;protein_553,GCF_007844055.1;protein_1054,GCF_002952595.1;protein_1041,GCF_002952635.1;protein_1046,GCF_002952535.1;protein_1045,GCF_007794935.1;protein_1040
GCF_021729605.1;protein_424,GCF_016748085.1;protein_417,GCF_002951975.1;protein_1040,GCF_016755675.1;protein_403,GCF_006337405.1;protein_1028,GCF_007843715.1;protein_605,GCF_002906495.1;protein_999,GCF_022923775.1;protein_1042,GCF_021184145.1;protein_1351,GCF_022921935.1;protein_1037,GCF_002952575.1;protein_1040,GCF_002953555.1;protein_997,GCF_019974055.1;protein_803,GCF_030406585.1;protein_386,GCF_030323565.1;protein_554,GCF_007844055.1;protein_1053,GCF_002952595.1;protein_1040,GCF_002952635.1;protein_1045,GCF_002952535.1;protein_1044,GCF_007794935.1;protein_1039
GCF_021729605.1;protein_425,GCF_016748085.1;protein_418,GCF_002951975.1;protein_1039,GCF_016755675.1;protein_404,GCF_006337405.1;protein_1027,GCF_007843715.1;protein_606,GCF_002906495.1;protein_998,GCF_022923775.1;protein_1041,GCF_021184145.1;protein_1352,GCF_022921935.1;protein_1036,GCF_002952575.1;protein_1039,GCF_002953555.1;protein_996,GCF_019974055.1;protein_804,GCF_030406585.1;protein_387,GCF_030323565.1;protein_555,GCF_007844055.1;protein_1052,GCF_002952595.1;protein_1039,GCF_002952635.1;protein_1044,GCF_002952535.1;protein_1043,GCF_007794935.1;protein_1038
GCF_021729605.1;protein_426,GCF_016748085.1;protein_419,GCF_002951975.1;protein_1038,GCF_016755675.1;protein_405,GCF_006337405.1;protein_1026,GCF_007843715.1;protein_607,GCF_002906495.1;protein_997,GCF_022923775.1;protein_1040,GCF_021184145.1;protein_1353,GCF_022921935.1;protein_1035,GCF_002952575.1;protein_1038,GCF_002953555.1;protein_995,GCF_019974055.1;protein_805,GCF_030406585.1;protein_388,GCF_030323565.1;protein_556,GCF_007844055.1;protein_1051,GCF_002952595.1;protein_1038,GCF_002952635.1;protein_1043,GCF_002952535.1;protein_1042,GCF_007794935.1;protein_1037
GCF_021729605.1;protein_427,GCF_016748085.1;protein_420,GCF_002951975.1;protein_1037,GCF_016755675.1;protein_406,GCF_006337405.1;protein_1025,GCF_007843715.1;protein_608,GCF_002906495.1;protein_996,GCF_022923775.1;protein_1039,GCF_021184145.1;protein_1354,GCF_022921935.1;protein_1034,GCF_002952575.1;protein_1037,GCF_002953555.1;protein_994,GCF_019974055.1;protein_806,GCF_030406585.1;protein_389,GCF_030323565.1;protein_557,GCF_007844055.1;protein_1050,GCF_002952595.1;protein_1037,GCF_002952635.1;protein_1042,GCF_002952535.1;protein_1041,GCF_007794935.1;protein_1036
GCF_021729605.1;protein_428,GCF_016748085.1;protein_421,GCF_002951975.1;protein_1036,GCF_016755675.1;protein_407,GCF_006337405.1;protein_1024,GCF_007843715.1;protein_609,GCF_002906495.1;protein_995,GCF_022923775.1;protein_1038,GCF_021184145.1;protein_1355,GCF_022921935.1;protein_1033,GCF_002952575.1;protein_1036,GCF_002953555.1;protein_993,GCF_019974055.1;protein_807,GCF_030406585.1;protein_390,GCF_030323565.1;protein_558,GCF_007844055.1;protein_1049,GCF_002952595.1;protein_1036,GCF_002952635.1;protein_1041,GCF_002952535.1;protein_1040,GCF_007794935.1;protein_1035
GCF_021729605.1;protein_429,GCF_016748085.1;protein_422,GCF_002951975.1;protein_1035,GCF_016755675.1;protein_408,GCF_006337405.1;protein_1023,GCF_007843715.1;protein_610,GCF_002906495.1;protein_994,GCF_022923775.1;protein_1037,GCF_021184145.1;protein_1356,GCF_022921935.1;protein_1032,GCF_002952575.1;protein_1035,GCF_002953555.1;protein_992,GCF_019974055.1;protein_808,GCF_030406585.1;protein_391,GCF_030323565.1;protein_559,GCF_007844055.1;protein_1048,GCF_002952595.1;protein_1035,GCF_002952635.1;protein_1040,GCF_002952535.1;protein_1039,GCF_007794935.1;protein_1034
GCF_021729605.1;protein_430,GCF_016748085.1;protein_423,GCF_002951975.1;protein_1034,GCF_016755675.1;protein_963,GCF_006337405.1;protein_1022,GCF_007843715.1;protein_611,GCF_002906495.1;protein_993,GCF_022923775.1;protein_1036,GCF_021184145.1;protein_1357,GCF_022921935.1;protein_1031,GCF_002952575.1;protein_1034,GCF_002953555.1;protein_991,GCF_019974055.1;protein_809,GCF_030406585.1;protein_392,GCF_030323565.1;protein_560,GCF_007844055.1;protein_1047,GCF_002952595.1;protein_1034,GCF_002952635.1;protein_1039,GCF_002952535.1;protein_1038,GCF_007794935.1;protein_1033
GCF_021729605.1;protein_431,GCF_016748085.1;protein_424,GCF_002951975.1;protein_1033,GCF_016755675.1;protein_962,GCF_006337405.1;protein_1021,GCF_007843715.1;protein_612,GCF_002906495.1;protein_992,GCF_022923775.1;protein_1035,GCF_021184145.1;protein_1358,GCF_022921935.1;protein_1030,GCF_002952575.1;protein_1033,GCF_002953555.1;protein_990,GCF_019974055.1;protein_810,GCF_030406585.1;protein_393,GCF_030323565.1;protein_561,GCF_007844055.1;protein_1046,GCF_002952595.1;protein_1033,GCF_002952635.1;protein_1038,GCF_002952535.1;protein_1037,GCF_007794935.1;protein_1032
GCF_021729605.1;protein_432,GCF_016748085.1;protein_425,GCF_002951975.1;protein_1032,GCF_016755675.1;protein_961,GCF_006337405.1;protein_1020,GCF_007843715.1;protein_613,GCF_002906495.1;protein_991,GCF_022923775.1;protein_1034,GCF_021184145.1;protein_1359,GCF_022921935.1;protein_1029,GCF_002952575.1;protein_1032,GCF_002953555.1;protein_989,GCF_019974055.1;protein_811,GCF_030406585.1;protein_394,GCF_030323565.1;protein_562,GCF_007844055.1;protein_1045,GCF_002952595.1;protein_1032,GCF_002952635.1;protein_1037,GCF_002952535.1;protein_1036,GCF_007794935.1;protein_1031
GCF_021729605.1;protein_433,GCF_016748085.1;protein_426,GCF_002951975.1;protein_1031,GCF_016755675.1;protein_960,GCF_006337405.1;protein_1019,GCF_007843715.1;protein_614,GCF_002906495.1;protein_990,GCF_022923775.1;protein_1033,GCF_021184145.1;protein_1360,GCF_022921935.1;protein_1028,GCF_002952575.1;protein_1031,GCF_002953555.1;protein_988,GCF_019974055.1;protein_812,GCF_030406585.1;protein_395,GCF_030323565.1;protein_563,GCF_007844055.1;protein_1044,GCF_002952595.1;protein_1031,GCF_002952635.1;protein_1036,GCF_002952535.1;protein_1035,GCF_007794935.1;protein_1030
GCF_021729605.1;protein_434,GCF_016748085.1;protein_427,GCF_002951975.1;protein_1030,GCF_016755675.1;protein_959,GCF_006337405.1;protein_1018,GCF_007843715.1;protein_615,GCF_002906495.1;protein_989,GCF_022923775.1;protein_1032,GCF_021184145.1;protein_1361,GCF_022921935.1;protein_1027,GCF_002952575.1;protein_1030,GCF_002953555.1;protein_987,GCF_019974055.1;protein_813,GCF_030406585.1;protein_396,GCF_030323565.1;protein_564,GCF_007844055.1;protein_1043,GCF_002952595.1;protein_1030,GCF_002952635.1;protein_1035,GCF_002952535.1;protein_1034,GCF_007794935.1;protein_1029
GCF_021729605.1;protein_435,GCF_016748085.1;protein_428,GCF_002951975.1;protein_1029,GCF_016755675.1;protein_958,GCF_006337405.1;protein_1017,GCF_007843715.1;protein_616,GCF_002906495.1;protein_988,GCF_022923775.1;protein_1031,GCF_021184145.1;protein_1362,GCF_022921935.1;protein_1026,GCF_002952575.1;protein_1029,GCF_002953555.1;protein_986,GCF_019974055.1;protein_814,GCF_030406585.1;protein_397,GCF_030323565.1;protein_565,GCF_007844055.1;protein_1042,GCF_002952595.1;protein_1029,GCF_002952635.1;protein_1034,GCF_002952535.1;protein_1033,GCF_007794935.1;protein_1028
GCF_021729605.1;protein_436,GCF_016748085.1;protein_429,GCF_002951975.1;protein_1028,GCF_016755675.1;protein_957,GCF_006337405.1;protein_1016,GCF_007843715.1;protein_617,GCF_002906495.1;protein_987,GCF_022923775.1;protein_1030,GCF_021184145.1;protein_1363,GCF_022921935.1;protein_1025,GCF_002952575.1;protein_1028,GCF_002953555.1;protein_985,GCF_019974055.1;protein_815,GCF_030406585.1;protein_398,GCF_030323565.1;protein_566,GCF_007844055.1;protein_1041,GCF_002952595.1;protein_1028,GCF_002952635.1;protein_1033,GCF_002952535.1;protein_1032,GCF_007794935.1;protein_1027
GCF_021729605.1;protein_437,GCF_016748085.1;protein_430,GCF_002951975.1;protein_1027,GCF_016755675.1;protein_956,GCF_006337405.1;protein_1015,GCF_007843715.1;protein_618,GCF_002906495.1;protein_986,GCF_022923775.1;protein_1029,GCF_021184145.1;protein_1364,GCF_022921935.1;protein_1024,GCF_002952575.1;protein_1027,GCF_002953555.1;protein_984,GCF_019974055.1;protein_816,GCF_030406585.1;protein_399,GCF_030323565.1;protein_567,GCF_007844055.1;protein_1040,GCF_002952595.1;protein_1027,GCF_002952635.1;protein_1032,GCF_002952535.1;protein_1031,GCF_007794935.1;protein_1026
GCF_021729605.1;protein_438,GCF_016748085.1;protein_431,GCF_002951975.1;protein_1026,GCF_016755675.1;protein_955,GCF_006337405.1;protein_1014,GCF_007843715.1;protein_619,GCF_002906495.1;protein_985,GCF_022923775.1;protein_1028,GCF_021184145.1;protein_1365,GCF_022921935.1;protein_1023,GCF_002952575.1;protein_1026,GCF_002953555.1;protein_983,GCF_019974055.1;protein_817,GCF_030406585.1;protein_400,GCF_030323565.1;protein_568,GCF_007844055.1;protein_1039,GCF_002952595.1;protein_1026,GCF_002952635.1;protein_1031,GCF_002952535.1;protein_1030,GCF_007794935.1;protein_1025
GCF_021729605.1;protein_439,GCF_016748085.1;protein_432,GCF_002951975.1;protein_1025,GCF_016755675.1;protein_954,GCF_006337405.1;protein_1013,GCF_007843715.1;protein_620,GCF_002906495.1;protein_984,GCF_022923775.1;protein_1027,GCF_021184145.1;protein_1367,GCF_022921935.1;protein_1022,GCF_002952575.1;protein_1025,GCF_002953555.1;protein_982,GCF_019974055.1;protein_818,GCF_030406585.1;protein_401,GCF_030323565.1;protein_569,GCF_007844055.1;protein_1038,GCF_002952595.1;protein_1025,GCF_002952635.1;protein_1030,GCF_002952535.1;protein_1029,GCF_007794935.1;protein_1024
GCF_021729605.1;protein_440,GCF_016748085.1;protein_433,GCF_002951975.1;protein_1024,GCF_016755675.1;protein_953,GCF_006337405.1;protein_1012,GCF_007843715.1;protein_621,GCF_002906495.1;protein_983,GCF_022923775.1;protein_1026,GCF_021184145.1;protein_1368,GCF_022921935.1;protein_1021,GCF_002952575.1;protein_1024,GCF_002953555.1;protein_981,GCF_019974055.1;protein_819,GCF_030406585.1;protein_402,GCF_030323565.1;protein_570,GCF_007844055.1;protein_1037,GCF_002952595.1;protein_1024,GCF_002952635.1;protein_1029,GCF_002952535.1;protein_1028,GCF_007794935.1;protein_1023
GCF_021729605.1;protein_48,GCF_016748085.1;protein_47,GCF_002951975.1;protein_1387,GCF_016755675.1;protein_47,GCF_006337405.1;protein_1427,GCF_007843715.1;protein_243,GCF_002906495.1;protein_50,GCF_022923775.1;protein_1396,GCF_021184145.1;protein_998,GCF_022921935.1;protein_1393,GCF_002952575.1;protein_1386,GCF_002953555.1;protein_51,GCF_019974055.1;protein_135,GCF_030406585.1;protein_935,GCF_030323565.1;protein_197,GCF_007844055.1;protein_196,GCF_002952595.1;protein_1386,GCF_002952635.1;protein_1391,GCF_002952535.1;protein_1390,GCF_007794935.1;protein_1387
GCF_021729605.1;protein_481,GCF_016748085.1;protein_435,GCF_002951975.1;protein_1022,GCF_016755675.1;protein_951,GCF_006337405.1;protein_1010,GCF_007843715.1;protein_623,GCF_002906495.1;protein_444,GCF_022923775.1;protein_1024,GCF_021184145.1;protein_1370,GCF_022921935.1;protein_1019,GCF_002952575.1;protein_1022,GCF_002953555.1;protein_446,GCF_019974055.1;protein_548,GCF_030406585.1;protein_404,GCF_030323565.1;protein_572,GCF_007844055.1;protein_1035,GCF_002952595.1;protein_1022,GCF_002952635.1;protein_1027,GCF_002952535.1;protein_1026,GCF_007794935.1;protein_1021
GCF_021729605.1;protein_483,GCF_016748085.1;protein_437,GCF_002951975.1;protein_1018,GCF_016755675.1;protein_947,GCF_006337405.1;protein_1008,GCF_007843715.1;protein_626,GCF_002906495.1;protein_448,GCF_022923775.1;protein_1020,GCF_021184145.1;protein_1374,GCF_022921935.1;protein_1015,GCF_002952575.1;protein_1018,GCF_002953555.1;protein_448,GCF_019974055.1;protein_893,GCF_030406585.1;protein_407,GCF_030323565.1;protein_576,GCF_007844055.1;protein_1032,GCF_002952595.1;protein_1018,GCF_002952635.1;protein_1023,GCF_002952535.1;protein_1022,GCF_007794935.1;protein_1017
GCF_021729605.1;protein_484,GCF_016748085.1;protein_438,GCF_002951975.1;protein_1017,GCF_016755675.1;protein_946,GCF_006337405.1;protein_1007,GCF_007843715.1;protein_627,GCF_002906495.1;protein_449,GCF_022923775.1;protein_1019,GCF_021184145.1;protein_1375,GCF_022921935.1;protein_1014,GCF_002952575.1;protein_1017,GCF_002953555.1;protein_449,GCF_019974055.1;protein_894,GCF_030406585.1;protein_408,GCF_030323565.1;protein_577,GCF_007844055.1;protein_1031,GCF_002952595.1;protein_1017,GCF_002952635.1;protein_1022,GCF_002952535.1;protein_1021,GCF_007794935.1;protein_1016
GCF_021729605.1;protein_485,GCF_016748085.1;protein_439,GCF_002951975.1;protein_1016,GCF_016755675.1;protein_945,GCF_006337405.1;protein_1006,GCF_007843715.1;protein_628,GCF_002906495.1;protein_450,GCF_022923775.1;protein_1018,GCF_021184145.1;protein_1376,GCF_022921935.1;protein_1013,GCF_002952575.1;protein_1016,GCF_002953555.1;protein_450,GCF_019974055.1;protein_895,GCF_030406585.1;protein_409,GCF_030323565.1;protein_578,GCF_007844055.1;protein_1030,GCF_002952595.1;protein_1016,GCF_002952635.1;protein_1021,GCF_002952535.1;protein_1020,GCF_007794935.1;protein_1015
GCF_021729605.1;protein_486,GCF_016748085.1;protein_440,GCF_002951975.1;protein_1015,GCF_016755675.1;protein_944,GCF_006337405.1;protein_1005,GCF_007843715.1;protein_629,GCF_002906495.1;protein_451,GCF_022923775.1;protein_1017,GCF_021184145.1;protein_1377,GCF_022921935.1;protein_1012,GCF_002952575.1;protein_1015,GCF_002953555.1;protein_451,GCF_019974055.1;protein_896,GCF_030406585.1;protein_410,GCF_030323565.1;protein_579,GCF_007844055.1;protein_1029,GCF_002952595.1;protein_1015,GCF_002952635.1;protein_1020,GCF_002952535.1;protein_1019,GCF_007794935.1;protein_1014
GCF_021729605.1;protein_487,GCF_016748085.1;protein_441,GCF_002951975.1;protein_1014,GCF_016755675.1;protein_943,GCF_006337405.1;protein_1004,GCF_007843715.1;protein_630,GCF_002906495.1;protein_452,GCF_022923775.1;protein_1016,GCF_021184145.1;protein_1378,GCF_022921935.1;protein_1011,GCF_002952575.1;protein_1014,GCF_002953555.1;protein_452,GCF_019974055.1;protein_897,GCF_030406585.1;protein_411,GCF_030323565.1;protein_580,GCF_007844055.1;protein_1028,GCF_002952595.1;protein_1014,GCF_002952635.1;protein_1019,GCF_002952535.1;protein_1018,GCF_007794935.1;protein_1013
GCF_021729605.1;protein_488,GCF_016748085.1;protein_442,GCF_002951975.1;protein_1013,GCF_016755675.1;protein_942,GCF_006337405.1;protein_1003,GCF_007843715.1;protein_631,GCF_002906495.1;protein_453,GCF_022923775.1;protein_1015,GCF_021184145.1;protein_1379,GCF_022921935.1;protein_1010,GCF_002952575.1;protein_1013,GCF_002953555.1;protein_453,GCF_019974055.1;protein_898,GCF_030406585.1;protein_412,GCF_030323565.1;protein_581,GCF_007844055.1;protein_1027,GCF_002952595.1;protein_1013,GCF_002952635.1;protein_1018,GCF_002952535.1;protein_1017,GCF_007794935.1;protein_1012
GCF_021729605.1;protein_489,GCF_016748085.1;protein_443,GCF_002951975.1;protein_1012,GCF_016755675.1;protein_941,GCF_006337405.1;protein_1002,GCF_007843715.1;protein_632,GCF_002906495.1;protein_454,GCF_022923775.1;protein_1014,GCF_021184145.1;protein_1380,GCF_022921935.1;protein_1009,GCF_002952575.1;protein_1012,GCF_002953555.1;protein_454,GCF_019974055.1;protein_899,GCF_030406585.1;protein_413,GCF_030323565.1;protein_582,GCF_007844055.1;protein_1026,GCF_002952595.1;protein_1012,GCF_002952635.1;protein_1017,GCF_002952535.1;protein_1016,GCF_007794935.1;protein_1011
GCF_021729605.1;protein_49,GCF_016748085.1;protein_48,GCF_002951975.1;protein_1386,GCF_016755675.1;protein_48,GCF_006337405.1;protein_1426,GCF_007843715.1;protein_244,GCF_002906495.1;protein_51,GCF_022923775.1;protein_1395,GCF_021184145.1;protein_999,GCF_022921935.1;protein_1392,GCF_002952575.1;protein_1385,GCF_002953555.1;protein_52,GCF_019974055.1;protein_134,GCF_030406585.1;protein_936,GCF_030323565.1;protein_198,GCF_007844055.1;protein_197,GCF_002952595.1;protein_1385,GCF_002952635.1;protein_1390,GCF_002952535.1;protein_1389,GCF_007794935.1;protein_1386
GCF_021729605.1;protein_491,GCF_016748085.1;protein_445,GCF_002951975.1;protein_1011,GCF_016755675.1;protein_939,GCF_006337405.1;protein_1000,GCF_007843715.1;protein_634,GCF_002906495.1;protein_456,GCF_022923775.1;protein_1012,GCF_021184145.1;protein_1382,GCF_022921935.1;protein_1007,GCF_002952575.1;protein_1011,GCF_002953555.1;protein_456,GCF_019974055.1;protein_901,GCF_030406585.1;protein_415,GCF_030323565.1;protein_584,GCF_007844055.1;protein_1024,GCF_002952595.1;protein_1011,GCF_002952635.1;protein_1016,GCF_002952535.1;protein_1015,GCF_007794935.1;protein_1010
GCF_021729605.1;protein_493,GCF_016748085.1;protein_447,GCF_002951975.1;protein_1009,GCF_016755675.1;protein_937,GCF_006337405.1;protein_998,GCF_007843715.1;protein_636,GCF_002906495.1;protein_457,GCF_022923775.1;protein_1010,GCF_021184145.1;protein_1383,GCF_022921935.1;protein_1006,GCF_002952575.1;protein_1009,GCF_002953555.1;protein_457,GCF_019974055.1;protein_903,GCF_030406585.1;protein_416,GCF_030323565.1;protein_586,GCF_007844055.1;protein_1023,GCF_002952595.1;protein_1009,GCF_002952635.1;protein_1014,GCF_002952535.1;protein_1013,GCF_007794935.1;protein_1008
GCF_021729605.1;protein_494,GCF_016748085.1;protein_448,GCF_002951975.1;protein_1008,GCF_016755675.1;protein_936,GCF_006337405.1;protein_997,GCF_007843715.1;protein_637,GCF_002906495.1;protein_458,GCF_022923775.1;protein_1009,GCF_021184145.1;protein_1384,GCF_022921935.1;protein_1005,GCF_002952575.1;protein_1008,GCF_002953555.1;protein_458,GCF_019974055.1;protein_904,GCF_030406585.1;protein_417,GCF_030323565.1;protein_587,GCF_007844055.1;protein_1022,GCF_002952595.1;protein_1008,GCF_002952635.1;protein_1013,GCF_002952535.1;protein_1012,GCF_007794935.1;protein_1007
GCF_021729605.1;protein_496,GCF_016748085.1;protein_451,GCF_002951975.1;protein_1006,GCF_016755675.1;protein_934,GCF_006337405.1;protein_995,GCF_007843715.1;protein_639,GCF_002906495.1;protein_460,GCF_022923775.1;protein_1007,GCF_021184145.1;protein_1386,GCF_022921935.1;protein_1003,GCF_002952575.1;protein_1006,GCF_002953555.1;protein_460,GCF_019974055.1;protein_1142,GCF_030406585.1;protein_419,GCF_030323565.1;protein_589,GCF_007844055.1;protein_1019,GCF_002952595.1;protein_1006,GCF_002952635.1;protein_1011,GCF_002952535.1;protein_1010,GCF_007794935.1;protein_1005
GCF_021729605.1;protein_498,GCF_016748085.1;protein_453,GCF_002951975.1;protein_1004,GCF_016755675.1;protein_932,GCF_006337405.1;protein_993,GCF_007843715.1;protein_641,GCF_002906495.1;protein_462,GCF_022923775.1;protein_1005,GCF_021184145.1;protein_1388,GCF_022921935.1;protein_1001,GCF_002952575.1;protein_1004,GCF_002953555.1;protein_462,GCF_019974055.1;protein_1140,GCF_030406585.1;protein_421,GCF_030323565.1;protein_591,GCF_007844055.1;protein_1016,GCF_002952595.1;protein_1004,GCF_002952635.1;protein_1009,GCF_002952535.1;protein_1008,GCF_007794935.1;protein_1003
GCF_021729605.1;protein_499,GCF_016748085.1;protein_454,GCF_002951975.1;protein_1003,GCF_016755675.1;protein_931,GCF_006337405.1;protein_992,GCF_007843715.1;protein_642,GCF_002906495.1;protein_463,GCF_022923775.1;protein_1004,GCF_021184145.1;protein_1389,GCF_022921935.1;protein_1000,GCF_002952575.1;protein_1003,GCF_002953555.1;protein_463,GCF_019974055.1;protein_1139,GCF_030406585.1;protein_422,GCF_030323565.1;protein_592,GCF_007844055.1;protein_1015,GCF_002952595.1;protein_1003,GCF_002952635.1;protein_1008,GCF_002952535.1;protein_1007,GCF_007794935.1;protein_1002
GCF_021729605.1;protein_5,GCF_016748085.1;protein_5,GCF_002951975.1;protein_1476,GCF_016755675.1;protein_5,GCF_006337405.1;protein_1513,GCF_007843715.1;protein_198,GCF_002906495.1;protein_5,GCF_022923775.1;protein_1456,GCF_021184145.1;protein_953,GCF_022921935.1;protein_1448,GCF_002952575.1;protein_1475,GCF_002953555.1;protein_5,GCF_019974055.1;protein_175,GCF_030406585.1;protein_5,GCF_030323565.1;protein_151,GCF_007844055.1;protein_151,GCF_002952595.1;protein_1475,GCF_002952635.1;protein_1480,GCF_002952535.1;protein_1479,GCF_007794935.1;protein_1476
GCF_021729605.1;protein_50,GCF_016748085.1;protein_49,GCF_002951975.1;protein_1385,GCF_016755675.1;protein_49,GCF_006337405.1;protein_1425,GCF_007843715.1;protein_245,GCF_002906495.1;protein_52,GCF_022923775.1;protein_1394,GCF_021184145.1;protein_1000,GCF_022921935.1;protein_1391,GCF_002952575.1;protein_1384,GCF_002953555.1;protein_53,GCF_019974055.1;protein_133,GCF_030406585.1;protein_937,GCF_030323565.1;protein_199,GCF_007844055.1;protein_198,GCF_002952595.1;protein_1384,GCF_002952635.1;protein_1389,GCF_002952535.1;protein_1388,GCF_007794935.1;protein_1385
GCF_021729605.1;protein_500,GCF_016748085.1;protein_455,GCF_002951975.1;protein_1002,GCF_016755675.1;protein_930,GCF_006337405.1;protein_991,GCF_007843715.1;protein_643,GCF_002906495.1;protein_464,GCF_022923775.1;protein_1003,GCF_021184145.1;protein_1390,GCF_022921935.1;protein_999,GCF_002952575.1;protein_1002,GCF_002953555.1;protein_464,GCF_019974055.1;protein_1138,GCF_030406585.1;protein_423,GCF_030323565.1;protein_593,GCF_007844055.1;protein_1014,GCF_002952595.1;protein_1002,GCF_002952635.1;protein_1007,GCF_002952535.1;protein_1006,GCF_007794935.1;protein_1001
GCF_021729605.1;protein_502,GCF_016748085.1;protein_457,GCF_002951975.1;protein_1000,GCF_016755675.1;protein_928,GCF_006337405.1;protein_989,GCF_007843715.1;protein_645,GCF_002906495.1;protein_466,GCF_022923775.1;protein_1001,GCF_021184145.1;protein_1392,GCF_022921935.1;protein_997,GCF_002952575.1;protein_1000,GCF_002953555.1;protein_466,GCF_019974055.1;protein_1136,GCF_030406585.1;protein_425,GCF_030323565.1;protein_626,GCF_007844055.1;protein_980,GCF_002952595.1;protein_1000,GCF_002952635.1;protein_1005,GCF_002952535.1;protein_1004,GCF_007794935.1;protein_999
GCF_021729605.1;protein_505,GCF_016748085.1;protein_460,GCF_002951975.1;protein_997,GCF_016755675.1;protein_926,GCF_006337405.1;protein_986,GCF_007843715.1;protein_648,GCF_002906495.1;protein_469,GCF_022923775.1;protein_999,GCF_021184145.1;protein_1395,GCF_022921935.1;protein_994,GCF_002952575.1;protein_997,GCF_002953555.1;protein_469,GCF_019974055.1;protein_1132,GCF_030406585.1;protein_428,GCF_030323565.1;protein_629,GCF_007844055.1;protein_977,GCF_002952595.1;protein_997,GCF_002952635.1;protein_1002,GCF_002952535.1;protein_1001,GCF_007794935.1;protein_996
GCF_021729605.1;protein_506,GCF_016748085.1;protein_461,GCF_002951975.1;protein_996,GCF_016755675.1;protein_925,GCF_006337405.1;protein_985,GCF_007843715.1;protein_649,GCF_002906495.1;protein_470,GCF_022923775.1;protein_998,GCF_021184145.1;protein_1396,GCF_022921935.1;protein_993,GCF_002952575.1;protein_996,GCF_002953555.1;protein_470,GCF_019974055.1;protein_1131,GCF_030406585.1;protein_429,GCF_030323565.1;protein_630,GCF_007844055.1;protein_976,GCF_002952595.1;protein_996,GCF_002952635.1;protein_1001,GCF_002952535.1;protein_1000,GCF_007794935.1;protein_995
GCF_021729605.1;protein_507,GCF_016748085.1;protein_462,GCF_002951975.1;protein_995,GCF_016755675.1;protein_924,GCF_006337405.1;protein_984,GCF_007843715.1;protein_650,GCF_002906495.1;protein_471,GCF_022923775.1;protein_997,GCF_021184145.1;protein_1397,GCF_022921935.1;protein_992,GCF_002952575.1;protein_995,GCF_002953555.1;protein_471,GCF_019974055.1;protein_1130,GCF_030406585.1;protein_430,GCF_030323565.1;protein_631,GCF_007844055.1;protein_975,GCF_002952595.1;protein_995,GCF_002952635.1;protein_1000,GCF_002952535.1;protein_999,GCF_007794935.1;protein_994
GCF_021729605.1;protein_510,GCF_016748085.1;protein_527,GCF_002951975.1;protein_655,GCF_016755675.1;protein_899,GCF_006337405.1;protein_765,GCF_007843715.1;protein_707,GCF_002906495.1;protein_496,GCF_022923775.1;protein_971,GCF_021184145.1;protein_1423,GCF_022921935.1;protein_603,GCF_002952575.1;protein_655,GCF_002953555.1;protein_496,GCF_019974055.1;protein_915,GCF_030406585.1;protein_780,GCF_030323565.1;protein_657,GCF_007844055.1;protein_919,GCF_002952595.1;protein_655,GCF_002952635.1;protein_658,GCF_002952535.1;protein_657,GCF_007794935.1;protein_653
GCF_021729605.1;protein_511,GCF_016748085.1;protein_528,GCF_002951975.1;protein_656,GCF_016755675.1;protein_898,GCF_006337405.1;protein_764,GCF_007843715.1;protein_708,GCF_002906495.1;protein_497,GCF_022923775.1;protein_970,GCF_021184145.1;protein_1424,GCF_022921935.1;protein_604,GCF_002952575.1;protein_656,GCF_002953555.1;protein_497,GCF_019974055.1;protein_916,GCF_030406585.1;protein_779,GCF_030323565.1;protein_658,GCF_007844055.1;protein_918,GCF_002952595.1;protein_656,GCF_002952635.1;protein_659,GCF_002952535.1;protein_658,GCF_007794935.1;protein_654
GCF_021729605.1;protein_512,GCF_016748085.1;protein_529,GCF_002951975.1;protein_657,GCF_016755675.1;protein_897,GCF_006337405.1;protein_763,GCF_007843715.1;protein_709,GCF_002906495.1;protein_498,GCF_022923775.1;protein_969,GCF_021184145.1;protein_1425,GCF_022921935.1;protein_605,GCF_002952575.1;protein_657,GCF_002953555.1;protein_498,GCF_019974055.1;protein_917,GCF_030406585.1;protein_778,GCF_030323565.1;protein_659,GCF_007844055.1;protein_917,GCF_002952595.1;protein_657,GCF_002952635.1;protein_660,GCF_002952535.1;protein_659,GCF_007794935.1;protein_655
GCF_021729605.1;protein_513,GCF_016748085.1;protein_530,GCF_002951975.1;protein_658,GCF_016755675.1;protein_896,GCF_006337405.1;protein_762,GCF_007843715.1;protein_710,GCF_002906495.1;protein_499,GCF_022923775.1;protein_968,GCF_021184145.1;protein_1426,GCF_022921935.1;protein_606,GCF_002952575.1;protein_658,GCF_002953555.1;protein_499,GCF_019974055.1;protein_918,GCF_030406585.1;protein_777,GCF_030323565.1;protein_660,GCF_007844055.1;protein_916,GCF_002952595.1;protein_658,GCF_002952635.1;protein_661,GCF_002952535.1;protein_660,GCF_007794935.1;protein_656
GCF_021729605.1;protein_514,GCF_016748085.1;protein_531,GCF_002951975.1;protein_659,GCF_016755675.1;protein_895,GCF_006337405.1;protein_761,GCF_007843715.1;protein_711,GCF_002906495.1;protein_500,GCF_022923775.1;protein_967,GCF_021184145.1;protein_1427,GCF_022921935.1;protein_607,GCF_002952575.1;protein_659,GCF_002953555.1;protein_500,GCF_019974055.1;protein_919,GCF_030406585.1;protein_776,GCF_030323565.1;protein_661,GCF_007844055.1;protein_915,GCF_002952595.1;protein_659,GCF_002952635.1;protein_662,GCF_002952535.1;protein_661,GCF_007794935.1;protein_657
GCF_021729605.1;protein_515,GCF_016748085.1;protein_532,GCF_002951975.1;protein_652,GCF_016755675.1;protein_894,GCF_006337405.1;protein_760,GCF_007843715.1;protein_704,GCF_002906495.1;protein_501,GCF_022923775.1;protein_966,GCF_021184145.1;protein_1428,GCF_022921935.1;protein_608,GCF_002952575.1;protein_652,GCF_002953555.1;protein_501,GCF_019974055.1;protein_920,GCF_030406585.1;protein_775,GCF_030323565.1;protein_662,GCF_007844055.1;protein_922,GCF_002952595.1;protein_652,GCF_002952635.1;protein_655,GCF_002952535.1;protein_654,GCF_007794935.1;protein_650
GCF_021729605.1;protein_516,GCF_016748085.1;protein_564,GCF_002951975.1;protein_670,GCF_016755675.1;protein_862,GCF_006337405.1;protein_727,GCF_007843715.1;protein_722,GCF_002906495.1;protein_534,GCF_022923775.1;protein_934,GCF_021184145.1;protein_1463,GCF_022921935.1;protein_676,GCF_002952575.1;protein_670,GCF_002953555.1;protein_534,GCF_019974055.1;protein_954,GCF_030406585.1;protein_742,GCF_030323565.1;protein_694,GCF_007844055.1;protein_900,GCF_002952595.1;protein_670,GCF_002952635.1;protein_673,GCF_002952535.1;protein_672,GCF_007794935.1;protein_668
GCF_021729605.1;protein_517,GCF_016748085.1;protein_565,GCF_002951975.1;protein_671,GCF_016755675.1;protein_861,GCF_006337405.1;protein_726,GCF_007843715.1;protein_723,GCF_002906495.1;protein_535,GCF_022923775.1;protein_933,GCF_021184145.1;protein_1464,GCF_022921935.1;protein_677,GCF_002952575.1;protein_671,GCF_002953555.1;protein_535,GCF_019974055.1;protein_955,GCF_030406585.1;protein_741,GCF_030323565.1;protein_695,GCF_007844055.1;protein_899,GCF_002952595.1;protein_671,GCF_002952635.1;protein_674,GCF_002952535.1;protein_673,GCF_007794935.1;protein_669
GCF_021729605.1;protein_518,GCF_016748085.1;protein_566,GCF_002951975.1;protein_672,GCF_016755675.1;protein_860,GCF_006337405.1;protein_725,GCF_007843715.1;protein_724,GCF_002906495.1;protein_536,GCF_022923775.1;protein_932,GCF_021184145.1;protein_1465,GCF_022921935.1;protein_678,GCF_002952575.1;protein_672,GCF_002953555.1;protein_536,GCF_019974055.1;protein_956,GCF_030406585.1;protein_740,GCF_030323565.1;protein_696,GCF_007844055.1;protein_898,GCF_002952595.1;protein_672,GCF_002952635.1;protein_675,GCF_002952535.1;protein_674,GCF_007794935.1;protein_670
GCF_021729605.1;protein_519,GCF_016748085.1;protein_567,GCF_002951975.1;protein_673,GCF_016755675.1;protein_859,GCF_006337405.1;protein_724,GCF_007843715.1;protein_725,GCF_002906495.1;protein_537,GCF_022923775.1;protein_931,GCF_021184145.1;protein_1466,GCF_022921935.1;protein_679,GCF_002952575.1;protein_673,GCF_002953555.1;protein_537,GCF_019974055.1;protein_957,GCF_030406585.1;protein_739,GCF_030323565.1;protein_697,GCF_007844055.1;protein_897,GCF_002952595.1;protein_673,GCF_002952635.1;protein_676,GCF_002952535.1;protein_675,GCF_007794935.1;protein_671
GCF_021729605.1;protein_520,GCF_016748085.1;protein_568,GCF_002951975.1;protein_674,GCF_016755675.1;protein_858,GCF_006337405.1;protein_723,GCF_007843715.1;protein_726,GCF_002906495.1;protein_538,GCF_022923775.1;protein_930,GCF_021184145.1;protein_1467,GCF_022921935.1;protein_680,GCF_002952575.1;protein_674,GCF_002953555.1;protein_538,GCF_019974055.1;protein_958,GCF_030406585.1;protein_738,GCF_030323565.1;protein_698,GCF_007844055.1;protein_896,GCF_002952595.1;protein_674,GCF_002952635.1;protein_677,GCF_002952535.1;protein_676,GCF_007794935.1;protein_672
GCF_021729605.1;protein_521,GCF_016748085.1;protein_569,GCF_002951975.1;protein_675,GCF_016755675.1;protein_857,GCF_006337405.1;protein_722,GCF_007843715.1;protein_727,GCF_002906495.1;protein_539,GCF_022923775.1;protein_929,GCF_021184145.1;protein_1468,GCF_022921935.1;protein_681,GCF_002952575.1;protein_675,GCF_002953555.1;protein_539,GCF_019974055.1;protein_959,GCF_030406585.1;protein_737,GCF_030323565.1;protein_699,GCF_007844055.1;protein_895,GCF_002952595.1;protein_675,GCF_002952635.1;protein_678,GCF_002952535.1;protein_677,GCF_007794935.1;protein_673
GCF_021729605.1;protein_522,GCF_016748085.1;protein_570,GCF_002951975.1;protein_676,GCF_016755675.1;protein_856,GCF_006337405.1;protein_721,GCF_007843715.1;protein_728,GCF_002906495.1;protein_540,GCF_022923775.1;protein_928,GCF_021184145.1;protein_1469,GCF_022921935.1;protein_682,GCF_002952575.1;protein_676,GCF_002953555.1;protein_540,GCF_019974055.1;protein_960,GCF_030406585.1;protein_736,GCF_030323565.1;protein_701,GCF_007844055.1;protein_894,GCF_002952595.1;protein_676,GCF_002952635.1;protein_679,GCF_002952535.1;protein_678,GCF_007794935.1;protein_674
GCF_021729605.1;protein_523,GCF_016748085.1;protein_573,GCF_002951975.1;protein_678,GCF_016755675.1;protein_854,GCF_006337405.1;protein_719,GCF_007843715.1;protein_730,GCF_002906495.1;protein_542,GCF_022923775.1;protein_926,GCF_021184145.1;protein_1471,GCF_022921935.1;protein_684,GCF_002952575.1;protein_678,GCF_002953555.1;protein_542,GCF_019974055.1;protein_962,GCF_030406585.1;protein_734,GCF_030323565.1;protein_703,GCF_007844055.1;protein_892,GCF_002952595.1;protein_678,GCF_002952635.1;protein_681,GCF_002952535.1;protein_680,GCF_007794935.1;protein_676
GCF_021729605.1;protein_524,GCF_016748085.1;protein_574,GCF_002951975.1;protein_679,GCF_016755675.1;protein_853,GCF_006337405.1;protein_718,GCF_007843715.1;protein_731,GCF_002906495.1;protein_543,GCF_022923775.1;protein_925,GCF_021184145.1;protein_1472,GCF_022921935.1;protein_685,GCF_002952575.1;protein_679,GCF_002953555.1;protein_543,GCF_019974055.1;protein_963,GCF_030406585.1;protein_733,GCF_030323565.1;protein_704,GCF_007844055.1;protein_891,GCF_002952595.1;protein_679,GCF_002952635.1;protein_682,GCF_002952535.1;protein_681,GCF_007794935.1;protein_677
GCF_021729605.1;protein_525,GCF_016748085.1;protein_575,GCF_002951975.1;protein_680,GCF_016755675.1;protein_852,GCF_006337405.1;protein_717,GCF_007843715.1;protein_732,GCF_002906495.1;protein_544,GCF_022923775.1;protein_924,GCF_021184145.1;protein_1473,GCF_022921935.1;protein_686,GCF_002952575.1;protein_680,GCF_002953555.1;protein_544,GCF_019974055.1;protein_964,GCF_030406585.1;protein_732,GCF_030323565.1;protein_705,GCF_007844055.1;protein_890,GCF_002952595.1;protein_680,GCF_002952635.1;protein_683,GCF_002952535.1;protein_682,GCF_007794935.1;protein_678
GCF_021729605.1;protein_526,GCF_016748085.1;protein_576,GCF_002951975.1;protein_681,GCF_016755675.1;protein_851,GCF_006337405.1;protein_716,GCF_007843715.1;protein_733,GCF_002906495.1;protein_545,GCF_022923775.1;protein_923,GCF_021184145.1;protein_1474,GCF_022921935.1;protein_687,GCF_002952575.1;protein_681,GCF_002953555.1;protein_545,GCF_019974055.1;protein_965,GCF_030406585.1;protein_731,GCF_030323565.1;protein_706,GCF_007844055.1;protein_889,GCF_002952595.1;protein_681,GCF_002952635.1;protein_684,GCF_002952535.1;protein_683,GCF_007794935.1;protein_679
GCF_021729605.1;protein_527,GCF_016748085.1;protein_577,GCF_002951975.1;protein_682,GCF_016755675.1;protein_850,GCF_006337405.1;protein_715,GCF_007843715.1;protein_734,GCF_002906495.1;protein_546,GCF_022923775.1;protein_922,GCF_021184145.1;protein_1475,GCF_022921935.1;protein_688,GCF_002952575.1;protein_682,GCF_002953555.1;protein_546,GCF_019974055.1;protein_966,GCF_030406585.1;protein_730,GCF_030323565.1;protein_707,GCF_007844055.1;protein_888,GCF_002952595.1;protein_682,GCF_002952635.1;protein_685,GCF_002952535.1;protein_684,GCF_007794935.1;protein_680
GCF_021729605.1;protein_528,GCF_016748085.1;protein_578,GCF_002951975.1;protein_683,GCF_016755675.1;protein_849,GCF_006337405.1;protein_714,GCF_007843715.1;protein_735,GCF_002906495.1;protein_547,GCF_022923775.1;protein_921,GCF_021184145.1;protein_1476,GCF_022921935.1;protein_689,GCF_002952575.1;protein_683,GCF_002953555.1;protein_547,GCF_019974055.1;protein_967,GCF_030406585.1;protein_729,GCF_030323565.1;protein_708,GCF_007844055.1;protein_887,GCF_002952595.1;protein_683,GCF_002952635.1;protein_686,GCF_002952535.1;protein_685,GCF_007794935.1;protein_681
GCF_021729605.1;protein_529,GCF_016748085.1;protein_579,GCF_002951975.1;protein_684,GCF_016755675.1;protein_848,GCF_006337405.1;protein_713,GCF_007843715.1;protein_736,GCF_002906495.1;protein_548,GCF_022923775.1;protein_920,GCF_021184145.1;protein_1477,GCF_022921935.1;protein_690,GCF_002952575.1;protein_684,GCF_002953555.1;protein_548,GCF_019974055.1;protein_968,GCF_030406585.1;protein_728,GCF_030323565.1;protein_709,GCF_007844055.1;protein_886,GCF_002952595.1;protein_684,GCF_002952635.1;protein_687,GCF_002952535.1;protein_686,GCF_007794935.1;protein_682
GCF_021729605.1;protein_530,GCF_016748085.1;protein_580,GCF_002951975.1;protein_685,GCF_016755675.1;protein_847,GCF_006337405.1;protein_712,GCF_007843715.1;protein_737,GCF_002906495.1;protein_549,GCF_022923775.1;protein_919,GCF_021184145.1;protein_1478,GCF_022921935.1;protein_691,GCF_002952575.1;protein_685,GCF_002953555.1;protein_549,GCF_019974055.1;protein_969,GCF_030406585.1;protein_727,GCF_030323565.1;protein_710,GCF_007844055.1;protein_885,GCF_002952595.1;protein_685,GCF_002952635.1;protein_688,GCF_002952535.1;protein_687,GCF_007794935.1;protein_683
GCF_021729605.1;protein_531,GCF_016748085.1;protein_581,GCF_002951975.1;protein_686,GCF_016755675.1;protein_846,GCF_006337405.1;protein_711,GCF_007843715.1;protein_738,GCF_002906495.1;protein_550,GCF_022923775.1;protein_918,GCF_021184145.1;protein_1479,GCF_022921935.1;protein_692,GCF_002952575.1;protein_686,GCF_002953555.1;protein_550,GCF_019974055.1;protein_970,GCF_030406585.1;protein_726,GCF_030323565.1;protein_711,GCF_007844055.1;protein_884,GCF_002952595.1;protein_686,GCF_002952635.1;protein_689,GCF_002952535.1;protein_688,GCF_007794935.1;protein_684
GCF_021729605.1;protein_532,GCF_016748085.1;protein_582,GCF_002951975.1;protein_687,GCF_016755675.1;protein_845,GCF_006337405.1;protein_710,GCF_007843715.1;protein_739,GCF_002906495.1;protein_551,GCF_022923775.1;protein_917,GCF_021184145.1;protein_1480,GCF_022921935.1;protein_693,GCF_002952575.1;protein_687,GCF_002953555.1;protein_551,GCF_019974055.1;protein_971,GCF_030406585.1;protein_725,GCF_030323565.1;protein_712,GCF_007844055.1;protein_883,GCF_002952595.1;protein_687,GCF_002952635.1;protein_690,GCF_002952535.1;protein_689,GCF_007794935.1;protein_685
GCF_021729605.1;protein_533,GCF_016748085.1;protein_583,GCF_002951975.1;protein_688,GCF_016755675.1;protein_844,GCF_006337405.1;protein_709,GCF_007843715.1;protein_740,GCF_002906495.1;protein_552,GCF_022923775.1;protein_916,GCF_021184145.1;protein_1482,GCF_022921935.1;protein_694,GCF_002952575.1;protein_688,GCF_002953555.1;protein_552,GCF_019974055.1;protein_972,GCF_030406585.1;protein_724,GCF_030323565.1;protein_713,GCF_007844055.1;protein_882,GCF_002952595.1;protein_688,GCF_002952635.1;protein_691,GCF_002952535.1;protein_690,GCF_007794935.1;protein_686
GCF_021729605.1;protein_534,GCF_016748085.1;protein_584,GCF_002951975.1;protein_689,GCF_016755675.1;protein_843,GCF_006337405.1;protein_708,GCF_007843715.1;protein_741,GCF_002906495.1;protein_553,GCF_022923775.1;protein_915,GCF_021184145.1;protein_1483,GCF_022921935.1;protein_695,GCF_002952575.1;protein_689,GCF_002953555.1;protein_553,GCF_019974055.1;protein_973,GCF_030406585.1;protein_723,GCF_030323565.1;protein_714,GCF_007844055.1;protein_881,GCF_002952595.1;protein_689,GCF_002952635.1;protein_692,GCF_002952535.1;protein_691,GCF_007794935.1;protein_687
GCF_021729605.1;protein_535,GCF_016748085.1;protein_585,GCF_002951975.1;protein_690,GCF_016755675.1;protein_842,GCF_006337405.1;protein_707,GCF_007843715.1;protein_742,GCF_002906495.1;protein_554,GCF_022923775.1;protein_914,GCF_021184145.1;protein_1484,GCF_022921935.1;protein_696,GCF_002952575.1;protein_690,GCF_002953555.1;protein_554,GCF_019974055.1;protein_974,GCF_030406585.1;protein_722,GCF_030323565.1;protein_715,GCF_007844055.1;protein_880,GCF_002952595.1;protein_690,GCF_002952635.1;protein_693,GCF_002952535.1;protein_692,GCF_007794935.1;protein_688
GCF_021729605.1;protein_536,GCF_016748085.1;protein_586,GCF_002951975.1;protein_691,GCF_016755675.1;protein_841,GCF_006337405.1;protein_706,GCF_007843715.1;protein_743,GCF_002906495.1;protein_555,GCF_022923775.1;protein_913,GCF_021184145.1;protein_1485,GCF_022921935.1;protein_697,GCF_002952575.1;protein_691,GCF_002953555.1;protein_555,GCF_019974055.1;protein_975,GCF_030406585.1;protein_721,GCF_030323565.1;protein_716,GCF_007844055.1;protein_879,GCF_002952595.1;protein_691,GCF_002952635.1;protein_694,GCF_002952535.1;protein_693,GCF_007794935.1;protein_689
GCF_021729605.1;protein_537,GCF_016748085.1;protein_587,GCF_002951975.1;protein_692,GCF_016755675.1;protein_840,GCF_006337405.1;protein_705,GCF_007843715.1;protein_744,GCF_002906495.1;protein_556,GCF_022923775.1;protein_912,GCF_021184145.1;protein_1486,GCF_022921935.1;protein_698,GCF_002952575.1;protein_692,GCF_002953555.1;protein_556,GCF_019974055.1;protein_976,GCF_030406585.1;protein_720,GCF_030323565.1;protein_717,GCF_007844055.1;protein_878,GCF_002952595.1;protein_692,GCF_002952635.1;protein_695,GCF_002952535.1;protein_694,GCF_007794935.1;protein_690
GCF_021729605.1;protein_538,GCF_016748085.1;protein_588,GCF_002951975.1;protein_693,GCF_016755675.1;protein_839,GCF_006337405.1;protein_704,GCF_007843715.1;protein_745,GCF_002906495.1;protein_557,GCF_022923775.1;protein_911,GCF_021184145.1;protein_1487,GCF_022921935.1;protein_699,GCF_002952575.1;protein_693,GCF_002953555.1;protein_557,GCF_019974055.1;protein_977,GCF_030406585.1;protein_719,GCF_030323565.1;protein_718,GCF_007844055.1;protein_877,GCF_002952595.1;protein_693,GCF_002952635.1;protein_696,GCF_002952535.1;protein_695,GCF_007794935.1;protein_691
GCF_021729605.1;protein_539,GCF_016748085.1;protein_589,GCF_002951975.1;protein_694,GCF_016755675.1;protein_838,GCF_006337405.1;protein_703,GCF_007843715.1;protein_746,GCF_002906495.1;protein_558,GCF_022923775.1;protein_910,GCF_021184145.1;protein_1488,GCF_022921935.1;protein_700,GCF_002952575.1;protein_694,GCF_002953555.1;protein_558,GCF_019974055.1;protein_978,GCF_030406585.1;protein_718,GCF_030323565.1;protein_719,GCF_007844055.1;protein_876,GCF_002952595.1;protein_694,GCF_002952635.1;protein_697,GCF_002952535.1;protein_696,GCF_007794935.1;protein_692
GCF_021729605.1;protein_54,GCF_016748085.1;protein_53,GCF_002951975.1;protein_1381,GCF_016755675.1;protein_54,GCF_006337405.1;protein_1422,GCF_007843715.1;protein_249,GCF_002906495.1;protein_56,GCF_022923775.1;protein_1390,GCF_021184145.1;protein_1007,GCF_022921935.1;protein_1387,GCF_002952575.1;protein_1380,GCF_002953555.1;protein_57,GCF_019974055.1;protein_243,GCF_030406585.1;protein_942,GCF_030323565.1;protein_203,GCF_007844055.1;protein_1400,GCF_002952595.1;protein_1380,GCF_002952635.1;protein_1385,GCF_002952535.1;protein_1384,GCF_007794935.1;protein_1381
GCF_021729605.1;protein_540,GCF_016748085.1;protein_590,GCF_002951975.1;protein_695,GCF_016755675.1;protein_837,GCF_006337405.1;protein_702,GCF_007843715.1;protein_747,GCF_002906495.1;protein_559,GCF_022923775.1;protein_909,GCF_021184145.1;protein_1489,GCF_022921935.1;protein_701,GCF_002952575.1;protein_695,GCF_002953555.1;protein_559,GCF_019974055.1;protein_979,GCF_030406585.1;protein_717,GCF_030323565.1;protein_720,GCF_007844055.1;protein_875,GCF_002952595.1;protein_695,GCF_002952635.1;protein_698,GCF_002952535.1;protein_697,GCF_007794935.1;protein_693
GCF_021729605.1;protein_541,GCF_016748085.1;protein_591,GCF_002951975.1;protein_696,GCF_016755675.1;protein_836,GCF_006337405.1;protein_701,GCF_007843715.1;protein_748,GCF_002906495.1;protein_560,GCF_022923775.1;protein_908,GCF_021184145.1;protein_1490,GCF_022921935.1;protein_702,GCF_002952575.1;protein_696,GCF_002953555.1;protein_560,GCF_019974055.1;protein_980,GCF_030406585.1;protein_716,GCF_030323565.1;protein_721,GCF_007844055.1;protein_874,GCF_002952595.1;protein_696,GCF_002952635.1;protein_699,GCF_002952535.1;protein_698,GCF_007794935.1;protein_694
GCF_021729605.1;protein_542,GCF_016748085.1;protein_592,GCF_002951975.1;protein_697,GCF_016755675.1;protein_835,GCF_006337405.1;protein_700,GCF_007843715.1;protein_749,GCF_002906495.1;protein_561,GCF_022923775.1;protein_907,GCF_021184145.1;protein_1491,GCF_022921935.1;protein_703,GCF_002952575.1;protein_697,GCF_002953555.1;protein_561,GCF_019974055.1;protein_981,GCF_030406585.1;protein_715,GCF_030323565.1;protein_722,GCF_007844055.1;protein_873,GCF_002952595.1;protein_697,GCF_002952635.1;protein_700,GCF_002952535.1;protein_699,GCF_007794935.1;protein_695
GCF_021729605.1;protein_543,GCF_016748085.1;protein_593,GCF_002951975.1;protein_698,GCF_016755675.1;protein_834,GCF_006337405.1;protein_699,GCF_007843715.1;protein_750,GCF_002906495.1;protein_562,GCF_022923775.1;protein_906,GCF_021184145.1;protein_1492,GCF_022921935.1;protein_704,GCF_002952575.1;protein_698,GCF_002953555.1;protein_562,GCF_019974055.1;protein_982,GCF_030406585.1;protein_714,GCF_030323565.1;protein_723,GCF_007844055.1;protein_872,GCF_002952595.1;protein_698,GCF_002952635.1;protein_701,GCF_002952535.1;protein_700,GCF_007794935.1;protein_696
GCF_021729605.1;protein_544,GCF_016748085.1;protein_594,GCF_002951975.1;protein_699,GCF_016755675.1;protein_833,GCF_006337405.1;protein_698,GCF_007843715.1;protein_751,GCF_002906495.1;protein_563,GCF_022923775.1;protein_905,GCF_021184145.1;protein_1493,GCF_022921935.1;protein_705,GCF_002952575.1;protein_699,GCF_002953555.1;protein_563,GCF_019974055.1;protein_983,GCF_030406585.1;protein_713,GCF_030323565.1;protein_724,GCF_007844055.1;protein_871,GCF_002952595.1;protein_699,GCF_002952635.1;protein_702,GCF_002952535.1;protein_701,GCF_007794935.1;protein_697
GCF_021729605.1;protein_545,GCF_016748085.1;protein_595,GCF_002951975.1;protein_700,GCF_016755675.1;protein_832,GCF_006337405.1;protein_697,GCF_007843715.1;protein_752,GCF_002906495.1;protein_564,GCF_022923775.1;protein_904,GCF_021184145.1;protein_1494,GCF_022921935.1;protein_706,GCF_002952575.1;protein_700,GCF_002953555.1;protein_564,GCF_019974055.1;protein_984,GCF_030406585.1;protein_712,GCF_030323565.1;protein_725,GCF_007844055.1;protein_870,GCF_002952595.1;protein_700,GCF_002952635.1;protein_703,GCF_002952535.1;protein_702,GCF_007794935.1;protein_698
GCF_021729605.1;protein_546,GCF_016748085.1;protein_596,GCF_002951975.1;protein_701,GCF_016755675.1;protein_831,GCF_006337405.1;protein_696,GCF_007843715.1;protein_753,GCF_002906495.1;protein_565,GCF_022923775.1;protein_903,GCF_021184145.1;protein_1495,GCF_022921935.1;protein_707,GCF_002952575.1;protein_701,GCF_002953555.1;protein_565,GCF_019974055.1;protein_985,GCF_030406585.1;protein_711,GCF_030323565.1;protein_726,GCF_007844055.1;protein_869,GCF_002952595.1;protein_701,GCF_002952635.1;protein_704,GCF_002952535.1;protein_703,GCF_007794935.1;protein_699
GCF_021729605.1;protein_549,GCF_016748085.1;protein_600,GCF_002951975.1;protein_704,GCF_016755675.1;protein_828,GCF_006337405.1;protein_693,GCF_007843715.1;protein_756,GCF_002906495.1;protein_568,GCF_022923775.1;protein_900,GCF_021184145.1;protein_1498,GCF_022921935.1;protein_710,GCF_002952575.1;protein_704,GCF_002953555.1;protein_568,GCF_019974055.1;protein_988,GCF_030406585.1;protein_708,GCF_030323565.1;protein_729,GCF_007844055.1;protein_865,GCF_002952595.1;protein_704,GCF_002952635.1;protein_707,GCF_002952535.1;protein_706,GCF_007794935.1;protein_702
GCF_021729605.1;protein_55,GCF_016748085.1;protein_54,GCF_002951975.1;protein_1380,GCF_016755675.1;protein_55,GCF_006337405.1;protein_1421,GCF_007843715.1;protein_250,GCF_002906495.1;protein_57,GCF_022923775.1;protein_1389,GCF_021184145.1;protein_1008,GCF_022921935.1;protein_1386,GCF_002952575.1;protein_1379,GCF_002953555.1;protein_58,GCF_019974055.1;protein_244,GCF_030406585.1;protein_943,GCF_030323565.1;protein_204,GCF_007844055.1;protein_1399,GCF_002952595.1;protein_1379,GCF_002952635.1;protein_1384,GCF_002952535.1;protein_1383,GCF_007794935.1;protein_1380
GCF_021729605.1;protein_550,GCF_016748085.1;protein_601,GCF_002951975.1;protein_705,GCF_016755675.1;protein_827,GCF_006337405.1;protein_692,GCF_007843715.1;protein_757,GCF_002906495.1;protein_569,GCF_022923775.1;protein_899,GCF_021184145.1;protein_1499,GCF_022921935.1;protein_711,GCF_002952575.1;protein_705,GCF_002953555.1;protein_569,GCF_019974055.1;protein_989,GCF_030406585.1;protein_707,GCF_030323565.1;protein_730,GCF_007844055.1;protein_864,GCF_002952595.1;protein_705,GCF_002952635.1;protein_708,GCF_002952535.1;protein_707,GCF_007794935.1;protein_703
GCF_021729605.1;protein_551,GCF_016748085.1;protein_602,GCF_002951975.1;protein_706,GCF_016755675.1;protein_826,GCF_006337405.1;protein_691,GCF_007843715.1;protein_758,GCF_002906495.1;protein_570,GCF_022923775.1;protein_898,GCF_021184145.1;protein_1500,GCF_022921935.1;protein_712,GCF_002952575.1;protein_706,GCF_002953555.1;protein_570,GCF_019974055.1;protein_990,GCF_030406585.1;protein_706,GCF_030323565.1;protein_731,GCF_007844055.1;protein_863,GCF_002952595.1;protein_706,GCF_002952635.1;protein_709,GCF_002952535.1;protein_708,GCF_007794935.1;protein_704
GCF_021729605.1;protein_552,GCF_016748085.1;protein_603,GCF_002951975.1;protein_707,GCF_016755675.1;protein_825,GCF_006337405.1;protein_690,GCF_007843715.1;protein_759,GCF_002906495.1;protein_571,GCF_022923775.1;protein_897,GCF_021184145.1;protein_1501,GCF_022921935.1;protein_713,GCF_002952575.1;protein_707,GCF_002953555.1;protein_571,GCF_019974055.1;protein_991,GCF_030406585.1;protein_705,GCF_030323565.1;protein_732,GCF_007844055.1;protein_862,GCF_002952595.1;protein_707,GCF_002952635.1;protein_710,GCF_002952535.1;protein_709,GCF_007794935.1;protein_705
GCF_021729605.1;protein_553,GCF_016748085.1;protein_604,GCF_002951975.1;protein_708,GCF_016755675.1;protein_824,GCF_006337405.1;protein_689,GCF_007843715.1;protein_760,GCF_002906495.1;protein_572,GCF_022923775.1;protein_896,GCF_021184145.1;protein_1502,GCF_022921935.1;protein_714,GCF_002952575.1;protein_708,GCF_002953555.1;protein_572,GCF_019974055.1;protein_992,GCF_030406585.1;protein_704,GCF_030323565.1;protein_733,GCF_007844055.1;protein_861,GCF_002952595.1;protein_708,GCF_002952635.1;protein_711,GCF_002952535.1;protein_710,GCF_007794935.1;protein_706
GCF_021729605.1;protein_554,GCF_016748085.1;protein_605,GCF_002951975.1;protein_709,GCF_016755675.1;protein_823,GCF_006337405.1;protein_688,GCF_007843715.1;protein_761,GCF_002906495.1;protein_573,GCF_022923775.1;protein_895,GCF_021184145.1;protein_1503,GCF_022921935.1;protein_715,GCF_002952575.1;protein_709,GCF_002953555.1;protein_573,GCF_019974055.1;protein_993,GCF_030406585.1;protein_703,GCF_030323565.1;protein_734,GCF_007844055.1;protein_860,GCF_002952595.1;protein_709,GCF_002952635.1;protein_712,GCF_002952535.1;protein_711,GCF_007794935.1;protein_707
GCF_021729605.1;protein_555,GCF_016748085.1;protein_606,GCF_002951975.1;protein_710,GCF_016755675.1;protein_822,GCF_006337405.1;protein_687,GCF_007843715.1;protein_762,GCF_002906495.1;protein_574,GCF_022923775.1;protein_894,GCF_021184145.1;protein_1504,GCF_022921935.1;protein_716,GCF_002952575.1;protein_710,GCF_002953555.1;protein_574,GCF_019974055.1;protein_994,GCF_030406585.1;protein_702,GCF_030323565.1;protein_735,GCF_007844055.1;protein_859,GCF_002952595.1;protein_710,GCF_002952635.1;protein_713,GCF_002952535.1;protein_712,GCF_007794935.1;protein_708
GCF_021729605.1;protein_556,GCF_016748085.1;protein_607,GCF_002951975.1;protein_711,GCF_016755675.1;protein_821,GCF_006337405.1;protein_686,GCF_007843715.1;protein_763,GCF_002906495.1;protein_575,GCF_022923775.1;protein_893,GCF_021184145.1;protein_1505,GCF_022921935.1;protein_717,GCF_002952575.1;protein_711,GCF_002953555.1;protein_575,GCF_019974055.1;protein_995,GCF_030406585.1;protein_701,GCF_030323565.1;protein_736,GCF_007844055.1;protein_858,GCF_002952595.1;protein_711,GCF_002952635.1;protein_714,GCF_002952535.1;protein_713,GCF_007794935.1;protein_709
GCF_021729605.1;protein_557,GCF_016748085.1;protein_608,GCF_002951975.1;protein_712,GCF_016755675.1;protein_820,GCF_006337405.1;protein_685,GCF_007843715.1;protein_764,GCF_002906495.1;protein_576,GCF_022923775.1;protein_892,GCF_021184145.1;protein_1506,GCF_022921935.1;protein_718,GCF_002952575.1;protein_712,GCF_002953555.1;protein_576,GCF_019974055.1;protein_996,GCF_030406585.1;protein_700,GCF_030323565.1;protein_737,GCF_007844055.1;protein_857,GCF_002952595.1;protein_712,GCF_002952635.1;protein_715,GCF_002952535.1;protein_714,GCF_007794935.1;protein_710
GCF_021729605.1;protein_559,GCF_016748085.1;protein_610,GCF_002951975.1;protein_714,GCF_016755675.1;protein_818,GCF_006337405.1;protein_683,GCF_007843715.1;protein_766,GCF_002906495.1;protein_579,GCF_022923775.1;protein_890,GCF_021184145.1;protein_1508,GCF_022921935.1;protein_720,GCF_002952575.1;protein_714,GCF_002953555.1;protein_579,GCF_019974055.1;protein_998,GCF_030406585.1;protein_698,GCF_030323565.1;protein_739,GCF_007844055.1;protein_855,GCF_002952595.1;protein_714,GCF_002952635.1;protein_717,GCF_002952535.1;protein_716,GCF_007794935.1;protein_712
GCF_021729605.1;protein_560,GCF_016748085.1;protein_611,GCF_002951975.1;protein_715,GCF_016755675.1;protein_817,GCF_006337405.1;protein_682,GCF_007843715.1;protein_767,GCF_002906495.1;protein_580,GCF_022923775.1;protein_889,GCF_021184145.1;protein_1509,GCF_022921935.1;protein_721,GCF_002952575.1;protein_715,GCF_002953555.1;protein_580,GCF_019974055.1;protein_999,GCF_030406585.1;protein_697,GCF_030323565.1;protein_740,GCF_007844055.1;protein_854,GCF_002952595.1;protein_715,GCF_002952635.1;protein_718,GCF_002952535.1;protein_717,GCF_007794935.1;protein_713
GCF_021729605.1;protein_561,GCF_016748085.1;protein_612,GCF_002951975.1;protein_716,GCF_016755675.1;protein_816,GCF_006337405.1;protein_681,GCF_007843715.1;protein_768,GCF_002906495.1;protein_581,GCF_022923775.1;protein_888,GCF_021184145.1;protein_1510,GCF_022921935.1;protein_722,GCF_002952575.1;protein_716,GCF_002953555.1;protein_581,GCF_019974055.1;protein_1000,GCF_030406585.1;protein_696,GCF_030323565.1;protein_741,GCF_007844055.1;protein_853,GCF_002952595.1;protein_716,GCF_002952635.1;protein_719,GCF_002952535.1;protein_718,GCF_007794935.1;protein_714
GCF_021729605.1;protein_562,GCF_016748085.1;protein_613,GCF_002951975.1;protein_717,GCF_016755675.1;protein_815,GCF_006337405.1;protein_680,GCF_007843715.1;protein_769,GCF_002906495.1;protein_582,GCF_022923775.1;protein_887,GCF_021184145.1;protein_1511,GCF_022921935.1;protein_723,GCF_002952575.1;protein_717,GCF_002953555.1;protein_582,GCF_019974055.1;protein_1001,GCF_030406585.1;protein_695,GCF_030323565.1;protein_742,GCF_007844055.1;protein_852,GCF_002952595.1;protein_717,GCF_002952635.1;protein_720,GCF_002952535.1;protein_719,GCF_007794935.1;protein_715
GCF_021729605.1;protein_563,GCF_016748085.1;protein_614,GCF_002951975.1;protein_718,GCF_016755675.1;protein_814,GCF_006337405.1;protein_679,GCF_007843715.1;protein_770,GCF_002906495.1;protein_583,GCF_022923775.1;protein_886,GCF_021184145.1;protein_1512,GCF_022921935.1;protein_724,GCF_002952575.1;protein_718,GCF_002953555.1;protein_583,GCF_019974055.1;protein_1002,GCF_030406585.1;protein_694,GCF_030323565.1;protein_743,GCF_007844055.1;protein_851,GCF_002952595.1;protein_718,GCF_002952635.1;protein_721,GCF_002952535.1;protein_720,GCF_007794935.1;protein_716
GCF_021729605.1;protein_564,GCF_016748085.1;protein_615,GCF_002951975.1;protein_719,GCF_016755675.1;protein_813,GCF_006337405.1;protein_678,GCF_007843715.1;protein_771,GCF_002906495.1;protein_584,GCF_022923775.1;protein_885,GCF_021184145.1;protein_1513,GCF_022921935.1;protein_725,GCF_002952575.1;protein_719,GCF_002953555.1;protein_584,GCF_019974055.1;protein_1003,GCF_030406585.1;protein_693,GCF_030323565.1;protein_744,GCF_007844055.1;protein_850,GCF_002952595.1;protein_719,GCF_002952635.1;protein_722,GCF_002952535.1;protein_721,GCF_007794935.1;protein_717
GCF_021729605.1;protein_566,GCF_016748085.1;protein_617,GCF_002951975.1;protein_722,GCF_016755675.1;protein_811,GCF_006337405.1;protein_676,GCF_007843715.1;protein_773,GCF_002906495.1;protein_586,GCF_022923775.1;protein_883,GCF_021184145.1;protein_1515,GCF_022921935.1;protein_727,GCF_002952575.1;protein_722,GCF_002953555.1;protein_586,GCF_019974055.1;protein_1005,GCF_030406585.1;protein_691,GCF_030323565.1;protein_746,GCF_007844055.1;protein_848,GCF_002952595.1;protein_722,GCF_002952635.1;protein_726,GCF_002952535.1;protein_725,GCF_007794935.1;protein_720
GCF_021729605.1;protein_567,GCF_016748085.1;protein_618,GCF_002951975.1;protein_723,GCF_016755675.1;protein_810,GCF_006337405.1;protein_675,GCF_007843715.1;protein_774,GCF_002906495.1;protein_587,GCF_022923775.1;protein_882,GCF_021184145.1;protein_1516,GCF_022921935.1;protein_728,GCF_002952575.1;protein_723,GCF_002953555.1;protein_587,GCF_019974055.1;protein_1006,GCF_030406585.1;protein_690,GCF_030323565.1;protein_747,GCF_007844055.1;protein_847,GCF_002952595.1;protein_723,GCF_002952635.1;protein_727,GCF_002952535.1;protein_726,GCF_007794935.1;protein_721
GCF_021729605.1;protein_568,GCF_016748085.1;protein_619,GCF_002951975.1;protein_724,GCF_016755675.1;protein_809,GCF_006337405.1;protein_674,GCF_007843715.1;protein_775,GCF_002906495.1;protein_588,GCF_022923775.1;protein_881,GCF_021184145.1;protein_1517,GCF_022921935.1;protein_729,GCF_002952575.1;protein_724,GCF_002953555.1;protein_588,GCF_019974055.1;protein_1007,GCF_030406585.1;protein_689,GCF_030323565.1;protein_748,GCF_007844055.1;protein_846,GCF_002952595.1;protein_724,GCF_002952635.1;protein_728,GCF_002952535.1;protein_727,GCF_007794935.1;protein_722
GCF_021729605.1;protein_569,GCF_016748085.1;protein_620,GCF_002951975.1;protein_725,GCF_016755675.1;protein_808,GCF_006337405.1;protein_673,GCF_007843715.1;protein_776,GCF_002906495.1;protein_589,GCF_022923775.1;protein_880,GCF_021184145.1;protein_1518,GCF_022921935.1;protein_730,GCF_002952575.1;protein_725,GCF_002953555.1;protein_589,GCF_019974055.1;protein_1008,GCF_030406585.1;protein_688,GCF_030323565.1;protein_749,GCF_007844055.1;protein_845,GCF_002952595.1;protein_725,GCF_002952635.1;protein_729,GCF_002952535.1;protein_728,GCF_007794935.1;protein_723
GCF_021729605.1;protein_570,GCF_016748085.1;protein_621,GCF_002951975.1;protein_726,GCF_016755675.1;protein_807,GCF_006337405.1;protein_672,GCF_007843715.1;protein_777,GCF_002906495.1;protein_590,GCF_022923775.1;protein_879,GCF_021184145.1;protein_1519,GCF_022921935.1;protein_731,GCF_002952575.1;protein_726,GCF_002953555.1;protein_590,GCF_019974055.1;protein_1009,GCF_030406585.1;protein_687,GCF_030323565.1;protein_750,GCF_007844055.1;protein_844,GCF_002952595.1;protein_726,GCF_002952635.1;protein_730,GCF_002952535.1;protein_729,GCF_007794935.1;protein_724
GCF_021729605.1;protein_571,GCF_016748085.1;protein_622,GCF_002951975.1;protein_727,GCF_016755675.1;protein_806,GCF_006337405.1;protein_671,GCF_007843715.1;protein_778,GCF_002906495.1;protein_591,GCF_022923775.1;protein_878,GCF_021184145.1;protein_1520,GCF_022921935.1;protein_732,GCF_002952575.1;protein_727,GCF_002953555.1;protein_591,GCF_019974055.1;protein_1010,GCF_030406585.1;protein_686,GCF_030323565.1;protein_751,GCF_007844055.1;protein_843,GCF_002952595.1;protein_727,GCF_002952635.1;protein_731,GCF_002952535.1;protein_730,GCF_007794935.1;protein_725
GCF_021729605.1;protein_572,GCF_016748085.1;protein_623,GCF_002951975.1;protein_728,GCF_016755675.1;protein_805,GCF_006337405.1;protein_670,GCF_007843715.1;protein_779,GCF_002906495.1;protein_592,GCF_022923775.1;protein_877,GCF_021184145.1;protein_1521,GCF_022921935.1;protein_733,GCF_002952575.1;protein_728,GCF_002953555.1;protein_592,GCF_019974055.1;protein_1011,GCF_030406585.1;protein_685,GCF_030323565.1;protein_752,GCF_007844055.1;protein_842,GCF_002952595.1;protein_728,GCF_002952635.1;protein_732,GCF_002952535.1;protein_731,GCF_007794935.1;protein_726
GCF_021729605.1;protein_573,GCF_016748085.1;protein_624,GCF_002951975.1;protein_729,GCF_016755675.1;protein_804,GCF_006337405.1;protein_669,GCF_007843715.1;protein_780,GCF_002906495.1;protein_593,GCF_022923775.1;protein_876,GCF_021184145.1;protein_1522,GCF_022921935.1;protein_734,GCF_002952575.1;protein_729,GCF_002953555.1;protein_593,GCF_019974055.1;protein_1012,GCF_030406585.1;protein_684,GCF_030323565.1;protein_753,GCF_007844055.1;protein_841,GCF_002952595.1;protein_729,GCF_002952635.1;protein_733,GCF_002952535.1;protein_732,GCF_007794935.1;protein_727
GCF_021729605.1;protein_575,GCF_016748085.1;protein_626,GCF_002951975.1;protein_731,GCF_016755675.1;protein_802,GCF_006337405.1;protein_667,GCF_007843715.1;protein_782,GCF_002906495.1;protein_595,GCF_022923775.1;protein_874,GCF_021184145.1;protein_1252,GCF_022921935.1;protein_736,GCF_002952575.1;protein_731,GCF_002953555.1;protein_595,GCF_019974055.1;protein_1014,GCF_030406585.1;protein_682,GCF_030323565.1;protein_755,GCF_007844055.1;protein_839,GCF_002952595.1;protein_731,GCF_002952635.1;protein_735,GCF_002952535.1;protein_734,GCF_007794935.1;protein_729
GCF_021729605.1;protein_576,GCF_016748085.1;protein_627,GCF_002951975.1;protein_732,GCF_016755675.1;protein_801,GCF_006337405.1;protein_666,GCF_007843715.1;protein_783,GCF_002906495.1;protein_596,GCF_022923775.1;protein_649,GCF_021184145.1;protein_1253,GCF_022921935.1;protein_737,GCF_002952575.1;protein_732,GCF_002953555.1;protein_596,GCF_019974055.1;protein_1015,GCF_030406585.1;protein_681,GCF_030323565.1;protein_756,GCF_007844055.1;protein_838,GCF_002952595.1;protein_732,GCF_002952635.1;protein_736,GCF_002952535.1;protein_735,GCF_007794935.1;protein_730
GCF_021729605.1;protein_577,GCF_016748085.1;protein_628,GCF_002951975.1;protein_733,GCF_016755675.1;protein_800,GCF_006337405.1;protein_665,GCF_007843715.1;protein_784,GCF_002906495.1;protein_597,GCF_022923775.1;protein_650,GCF_021184145.1;protein_1526,GCF_022921935.1;protein_738,GCF_002952575.1;protein_733,GCF_002953555.1;protein_597,GCF_019974055.1;protein_1016,GCF_030406585.1;protein_680,GCF_030323565.1;protein_757,GCF_007844055.1;protein_837,GCF_002952595.1;protein_733,GCF_002952635.1;protein_737,GCF_002952535.1;protein_736,GCF_007794935.1;protein_731
GCF_021729605.1;protein_578,GCF_016748085.1;protein_629,GCF_002951975.1;protein_734,GCF_016755675.1;protein_799,GCF_006337405.1;protein_664,GCF_007843715.1;protein_785,GCF_002906495.1;protein_598,GCF_022923775.1;protein_651,GCF_021184145.1;protein_1527,GCF_022921935.1;protein_739,GCF_002952575.1;protein_734,GCF_002953555.1;protein_598,GCF_019974055.1;protein_1017,GCF_030406585.1;protein_679,GCF_030323565.1;protein_758,GCF_007844055.1;protein_836,GCF_002952595.1;protein_734,GCF_002952635.1;protein_738,GCF_002952535.1;protein_737,GCF_007794935.1;protein_732
GCF_021729605.1;protein_579,GCF_016748085.1;protein_630,GCF_002951975.1;protein_735,GCF_016755675.1;protein_798,GCF_006337405.1;protein_663,GCF_007843715.1;protein_786,GCF_002906495.1;protein_599,GCF_022923775.1;protein_652,GCF_021184145.1;protein_1528,GCF_022921935.1;protein_740,GCF_002952575.1;protein_735,GCF_002953555.1;protein_599,GCF_019974055.1;protein_1018,GCF_030406585.1;protein_678,GCF_030323565.1;protein_759,GCF_007844055.1;protein_835,GCF_002952595.1;protein_735,GCF_002952635.1;protein_739,GCF_002952535.1;protein_738,GCF_007794935.1;protein_733
GCF_021729605.1;protein_580,GCF_016748085.1;protein_631,GCF_002951975.1;protein_736,GCF_016755675.1;protein_797,GCF_006337405.1;protein_662,GCF_007843715.1;protein_787,GCF_002906495.1;protein_600,GCF_022923775.1;protein_653,GCF_021184145.1;protein_1529,GCF_022921935.1;protein_741,GCF_002952575.1;protein_736,GCF_002953555.1;protein_600,GCF_019974055.1;protein_1019,GCF_030406585.1;protein_677,GCF_030323565.1;protein_760,GCF_007844055.1;protein_834,GCF_002952595.1;protein_736,GCF_002952635.1;protein_740,GCF_002952535.1;protein_739,GCF_007794935.1;protein_734
GCF_021729605.1;protein_581,GCF_016748085.1;protein_632,GCF_002951975.1;protein_737,GCF_016755675.1;protein_796,GCF_006337405.1;protein_661,GCF_007843715.1;protein_788,GCF_002906495.1;protein_601,GCF_022923775.1;protein_654,GCF_021184145.1;protein_1530,GCF_022921935.1;protein_742,GCF_002952575.1;protein_737,GCF_002953555.1;protein_601,GCF_019974055.1;protein_1020,GCF_030406585.1;protein_676,GCF_030323565.1;protein_761,GCF_007844055.1;protein_833,GCF_002952595.1;protein_737,GCF_002952635.1;protein_741,GCF_002952535.1;protein_740,GCF_007794935.1;protein_735
GCF_021729605.1;protein_586,GCF_016748085.1;protein_635,GCF_002951975.1;protein_740,GCF_016755675.1;protein_793,GCF_006337405.1;protein_656,GCF_007843715.1;protein_792,GCF_002906495.1;protein_604,GCF_022923775.1;protein_658,GCF_021184145.1;protein_1534,GCF_022921935.1;protein_746,GCF_002952575.1;protein_740,GCF_002953555.1;protein_604,GCF_019974055.1;protein_1024,GCF_030406585.1;protein_673,GCF_030323565.1;protein_765,GCF_007844055.1;protein_829,GCF_002952595.1;protein_740,GCF_002952635.1;protein_744,GCF_002952535.1;protein_743,GCF_007794935.1;protein_739
GCF_021729605.1;protein_587,GCF_016748085.1;protein_638,GCF_002951975.1;protein_741,GCF_016755675.1;protein_792,GCF_006337405.1;protein_655,GCF_007843715.1;protein_793,GCF_002906495.1;protein_605,GCF_022923775.1;protein_659,GCF_021184145.1;protein_1535,GCF_022921935.1;protein_747,GCF_002952575.1;protein_741,GCF_002953555.1;protein_605,GCF_019974055.1;protein_1025,GCF_030406585.1;protein_672,GCF_030323565.1;protein_766,GCF_007844055.1;protein_828,GCF_002952595.1;protein_741,GCF_002952635.1;protein_745,GCF_002952535.1;protein_744,GCF_007794935.1;protein_740
GCF_021729605.1;protein_588,GCF_016748085.1;protein_639,GCF_002951975.1;protein_742,GCF_016755675.1;protein_791,GCF_006337405.1;protein_654,GCF_007843715.1;protein_794,GCF_002906495.1;protein_606,GCF_022923775.1;protein_660,GCF_021184145.1;protein_1536,GCF_022921935.1;protein_748,GCF_002952575.1;protein_742,GCF_002953555.1;protein_606,GCF_019974055.1;protein_1026,GCF_030406585.1;protein_671,GCF_030323565.1;protein_767,GCF_007844055.1;protein_827,GCF_002952595.1;protein_742,GCF_002952635.1;protein_746,GCF_002952535.1;protein_745,GCF_007794935.1;protein_741
GCF_021729605.1;protein_589,GCF_016748085.1;protein_640,GCF_002951975.1;protein_743,GCF_016755675.1;protein_790,GCF_006337405.1;protein_653,GCF_007843715.1;protein_795,GCF_002906495.1;protein_607,GCF_022923775.1;protein_661,GCF_021184145.1;protein_1537,GCF_022921935.1;protein_749,GCF_002952575.1;protein_743,GCF_002953555.1;protein_607,GCF_019974055.1;protein_1027,GCF_030406585.1;protein_670,GCF_030323565.1;protein_768,GCF_007844055.1;protein_826,GCF_002952595.1;protein_743,GCF_002952635.1;protein_747,GCF_002952535.1;protein_746,GCF_007794935.1;protein_742
GCF_021729605.1;protein_590,GCF_016748085.1;protein_641,GCF_002951975.1;protein_744,GCF_016755675.1;protein_789,GCF_006337405.1;protein_652,GCF_007843715.1;protein_796,GCF_002906495.1;protein_608,GCF_022923775.1;protein_662,GCF_021184145.1;protein_1538,GCF_022921935.1;protein_750,GCF_002952575.1;protein_744,GCF_002953555.1;protein_608,GCF_019974055.1;protein_1028,GCF_030406585.1;protein_669,GCF_030323565.1;protein_769,GCF_007844055.1;protein_825,GCF_002952595.1;protein_744,GCF_002952635.1;protein_748,GCF_002952535.1;protein_747,GCF_007794935.1;protein_743
GCF_021729605.1;protein_591,GCF_016748085.1;protein_642,GCF_002951975.1;protein_745,GCF_016755675.1;protein_788,GCF_006337405.1;protein_651,GCF_007843715.1;protein_797,GCF_002906495.1;protein_609,GCF_022923775.1;protein_663,GCF_021184145.1;protein_1539,GCF_022921935.1;protein_751,GCF_002952575.1;protein_745,GCF_002953555.1;protein_609,GCF_019974055.1;protein_1029,GCF_030406585.1;protein_668,GCF_030323565.1;protein_770,GCF_007844055.1;protein_824,GCF_002952595.1;protein_745,GCF_002952635.1;protein_749,GCF_002952535.1;protein_748,GCF_007794935.1;protein_744
GCF_021729605.1;protein_592,GCF_016748085.1;protein_643,GCF_002951975.1;protein_746,GCF_016755675.1;protein_787,GCF_006337405.1;protein_650,GCF_007843715.1;protein_798,GCF_002906495.1;protein_610,GCF_022923775.1;protein_664,GCF_021184145.1;protein_1540,GCF_022921935.1;protein_752,GCF_002952575.1;protein_746,GCF_002953555.1;protein_610,GCF_019974055.1;protein_1030,GCF_030406585.1;protein_667,GCF_030323565.1;protein_771,GCF_007844055.1;protein_823,GCF_002952595.1;protein_746,GCF_002952635.1;protein_750,GCF_002952535.1;protein_749,GCF_007794935.1;protein_745
GCF_021729605.1;protein_593,GCF_016748085.1;protein_644,GCF_002951975.1;protein_747,GCF_016755675.1;protein_786,GCF_006337405.1;protein_649,GCF_007843715.1;protein_799,GCF_002906495.1;protein_611,GCF_022923775.1;protein_665,GCF_021184145.1;protein_1541,GCF_022921935.1;protein_753,GCF_002952575.1;protein_747,GCF_002953555.1;protein_611,GCF_019974055.1;protein_1031,GCF_030406585.1;protein_666,GCF_030323565.1;protein_772,GCF_007844055.1;protein_822,GCF_002952595.1;protein_747,GCF_002952635.1;protein_751,GCF_002952535.1;protein_750,GCF_007794935.1;protein_746
GCF_021729605.1;protein_595,GCF_016748085.1;protein_646,GCF_002951975.1;protein_749,GCF_016755675.1;protein_784,GCF_006337405.1;protein_647,GCF_007843715.1;protein_801,GCF_002906495.1;protein_613,GCF_022923775.1;protein_667,GCF_021184145.1;protein_1543,GCF_022921935.1;protein_755,GCF_002952575.1;protein_749,GCF_002953555.1;protein_613,GCF_019974055.1;protein_1036,GCF_030406585.1;protein_664,GCF_030323565.1;protein_774,GCF_007844055.1;protein_820,GCF_002952595.1;protein_749,GCF_002952635.1;protein_753,GCF_002952535.1;protein_752,GCF_007794935.1;protein_748
GCF_021729605.1;protein_596,GCF_016748085.1;protein_647,GCF_002951975.1;protein_750,GCF_016755675.1;protein_783,GCF_006337405.1;protein_646,GCF_007843715.1;protein_802,GCF_002906495.1;protein_614,GCF_022923775.1;protein_668,GCF_021184145.1;protein_1544,GCF_022921935.1;protein_756,GCF_002952575.1;protein_750,GCF_002953555.1;protein_614,GCF_019974055.1;protein_1037,GCF_030406585.1;protein_663,GCF_030323565.1;protein_775,GCF_007844055.1;protein_819,GCF_002952595.1;protein_750,GCF_002952635.1;protein_754,GCF_002952535.1;protein_753,GCF_007794935.1;protein_749
GCF_021729605.1;protein_597,GCF_016748085.1;protein_648,GCF_002951975.1;protein_751,GCF_016755675.1;protein_782,GCF_006337405.1;protein_645,GCF_007843715.1;protein_803,GCF_002906495.1;protein_615,GCF_022923775.1;protein_669,GCF_021184145.1;protein_1545,GCF_022921935.1;protein_757,GCF_002952575.1;protein_751,GCF_002953555.1;protein_615,GCF_019974055.1;protein_1038,GCF_030406585.1;protein_662,GCF_030323565.1;protein_776,GCF_007844055.1;protein_818,GCF_002952595.1;protein_751,GCF_002952635.1;protein_755,GCF_002952535.1;protein_754,GCF_007794935.1;protein_750
GCF_021729605.1;protein_598,GCF_016748085.1;protein_649,GCF_002951975.1;protein_752,GCF_016755675.1;protein_781,GCF_006337405.1;protein_644,GCF_007843715.1;protein_804,GCF_002906495.1;protein_616,GCF_022923775.1;protein_670,GCF_021184145.1;protein_1546,GCF_022921935.1;protein_758,GCF_002952575.1;protein_752,GCF_002953555.1;protein_616,GCF_019974055.1;protein_1039,GCF_030406585.1;protein_661,GCF_030323565.1;protein_777,GCF_007844055.1;protein_817,GCF_002952595.1;protein_752,GCF_002952635.1;protein_756,GCF_002952535.1;protein_755,GCF_007794935.1;protein_751
GCF_021729605.1;protein_599,GCF_016748085.1;protein_650,GCF_002951975.1;protein_753,GCF_016755675.1;protein_780,GCF_006337405.1;protein_643,GCF_007843715.1;protein_805,GCF_002906495.1;protein_617,GCF_022923775.1;protein_671,GCF_021184145.1;protein_1547,GCF_022921935.1;protein_759,GCF_002952575.1;protein_753,GCF_002953555.1;protein_617,GCF_019974055.1;protein_1040,GCF_030406585.1;protein_660,GCF_030323565.1;protein_778,GCF_007844055.1;protein_816,GCF_002952595.1;protein_753,GCF_002952635.1;protein_757,GCF_002952535.1;protein_756,GCF_007794935.1;protein_752
GCF_021729605.1;protein_60,GCF_016748085.1;protein_59,GCF_002951975.1;protein_1375,GCF_016755675.1;protein_60,GCF_006337405.1;protein_1416,GCF_007843715.1;protein_255,GCF_002906495.1;protein_62,GCF_022923775.1;protein_1384,GCF_021184145.1;protein_1013,GCF_022921935.1;protein_1382,GCF_002952575.1;protein_1374,GCF_002953555.1;protein_63,GCF_019974055.1;protein_249,GCF_030406585.1;protein_948,GCF_030323565.1;protein_210,GCF_007844055.1;protein_1394,GCF_002952595.1;protein_1374,GCF_002952635.1;protein_1379,GCF_002952535.1;protein_1378,GCF_007794935.1;protein_1375
GCF_021729605.1;protein_600,GCF_016748085.1;protein_651,GCF_002951975.1;protein_754,GCF_016755675.1;protein_779,GCF_006337405.1;protein_642,GCF_007843715.1;protein_806,GCF_002906495.1;protein_618,GCF_022923775.1;protein_672,GCF_021184145.1;protein_1548,GCF_022921935.1;protein_760,GCF_002952575.1;protein_754,GCF_002953555.1;protein_618,GCF_019974055.1;protein_1041,GCF_030406585.1;protein_659,GCF_030323565.1;protein_779,GCF_007844055.1;protein_815,GCF_002952595.1;protein_754,GCF_002952635.1;protein_758,GCF_002952535.1;protein_757,GCF_007794935.1;protein_753
GCF_021729605.1;protein_602,GCF_016748085.1;protein_653,GCF_002951975.1;protein_756,GCF_016755675.1;protein_777,GCF_006337405.1;protein_640,GCF_007843715.1;protein_808,GCF_002906495.1;protein_620,GCF_022923775.1;protein_674,GCF_021184145.1;protein_1550,GCF_022921935.1;protein_762,GCF_002952575.1;protein_756,GCF_002953555.1;protein_620,GCF_019974055.1;protein_1043,GCF_030406585.1;protein_657,GCF_030323565.1;protein_781,GCF_007844055.1;protein_813,GCF_002952595.1;protein_756,GCF_002952635.1;protein_760,GCF_002952535.1;protein_759,GCF_007794935.1;protein_755
GCF_021729605.1;protein_604,GCF_016748085.1;protein_723,GCF_002951975.1;protein_828,GCF_016755675.1;protein_713,GCF_006337405.1;protein_811,GCF_007843715.1;protein_880,GCF_002906495.1;protein_689,GCF_022923775.1;protein_755,GCF_021184145.1;protein_59,GCF_022921935.1;protein_827,GCF_002952575.1;protein_828,GCF_002953555.1;protein_686,GCF_019974055.1;protein_552,GCF_030406585.1;protein_590,GCF_030323565.1;protein_855,GCF_007844055.1;protein_738,GCF_002952595.1;protein_828,GCF_002952635.1;protein_833,GCF_002952535.1;protein_832,GCF_007794935.1;protein_827
GCF_021729605.1;protein_605,GCF_016748085.1;protein_721,GCF_002951975.1;protein_826,GCF_016755675.1;protein_714,GCF_006337405.1;protein_570,GCF_007843715.1;protein_878,GCF_002906495.1;protein_687,GCF_022923775.1;protein_743,GCF_021184145.1;protein_57,GCF_022921935.1;protein_825,GCF_002952575.1;protein_826,GCF_002953555.1;protein_684,GCF_019974055.1;protein_1109,GCF_030406585.1;protein_592,GCF_030323565.1;protein_853,GCF_007844055.1;protein_740,GCF_002952595.1;protein_826,GCF_002952635.1;protein_831,GCF_002952535.1;protein_830,GCF_007794935.1;protein_825
GCF_021729605.1;protein_606,GCF_016748085.1;protein_720,GCF_002951975.1;protein_825,GCF_016755675.1;protein_715,GCF_006337405.1;protein_571,GCF_007843715.1;protein_877,GCF_002906495.1;protein_686,GCF_022923775.1;protein_742,GCF_021184145.1;protein_56,GCF_022921935.1;protein_824,GCF_002952575.1;protein_825,GCF_002953555.1;protein_683,GCF_019974055.1;protein_1108,GCF_030406585.1;protein_593,GCF_030323565.1;protein_852,GCF_007844055.1;protein_741,GCF_002952595.1;protein_825,GCF_002952635.1;protein_830,GCF_002952535.1;protein_829,GCF_007794935.1;protein_824
GCF_021729605.1;protein_607,GCF_016748085.1;protein_719,GCF_002951975.1;protein_824,GCF_016755675.1;protein_716,GCF_006337405.1;protein_572,GCF_007843715.1;protein_876,GCF_002906495.1;protein_685,GCF_022923775.1;protein_741,GCF_021184145.1;protein_55,GCF_022921935.1;protein_823,GCF_002952575.1;protein_824,GCF_002953555.1;protein_682,GCF_019974055.1;protein_1107,GCF_030406585.1;protein_594,GCF_030323565.1;protein_851,GCF_007844055.1;protein_742,GCF_002952595.1;protein_824,GCF_002952635.1;protein_829,GCF_002952535.1;protein_828,GCF_007794935.1;protein_823
GCF_021729605.1;protein_608,GCF_016748085.1;protein_718,GCF_002951975.1;protein_823,GCF_016755675.1;protein_717,GCF_006337405.1;protein_573,GCF_007843715.1;protein_875,GCF_002906495.1;protein_684,GCF_022923775.1;protein_740,GCF_021184145.1;protein_54,GCF_022921935.1;protein_822,GCF_002952575.1;protein_823,GCF_002953555.1;protein_681,GCF_019974055.1;protein_1106,GCF_030406585.1;protein_595,GCF_030323565.1;protein_850,GCF_007844055.1;protein_743,GCF_002952595.1;protein_823,GCF_002952635.1;protein_828,GCF_002952535.1;protein_827,GCF_007794935.1;protein_822
GCF_021729605.1;protein_609,GCF_016748085.1;protein_717,GCF_002951975.1;protein_822,GCF_016755675.1;protein_718,GCF_006337405.1;protein_574,GCF_007843715.1;protein_874,GCF_002906495.1;protein_683,GCF_022923775.1;protein_739,GCF_021184145.1;protein_53,GCF_022921935.1;protein_821,GCF_002952575.1;protein_822,GCF_002953555.1;protein_680,GCF_019974055.1;protein_1105,GCF_030406585.1;protein_596,GCF_030323565.1;protein_849,GCF_007844055.1;protein_744,GCF_002952595.1;protein_822,GCF_002952635.1;protein_827,GCF_002952535.1;protein_826,GCF_007794935.1;protein_821
GCF_021729605.1;protein_61,GCF_016748085.1;protein_60,GCF_002951975.1;protein_1374,GCF_016755675.1;protein_61,GCF_006337405.1;protein_1415,GCF_007843715.1;protein_256,GCF_002906495.1;protein_63,GCF_022923775.1;protein_1383,GCF_021184145.1;protein_1014,GCF_022921935.1;protein_1381,GCF_002952575.1;protein_1373,GCF_002953555.1;protein_64,GCF_019974055.1;protein_250,GCF_030406585.1;protein_949,GCF_030323565.1;protein_211,GCF_007844055.1;protein_1393,GCF_002952595.1;protein_1373,GCF_002952635.1;protein_1378,GCF_002952535.1;protein_1377,GCF_007794935.1;protein_1374
GCF_021729605.1;protein_610,GCF_016748085.1;protein_714,GCF_002951975.1;protein_819,GCF_016755675.1;protein_720,GCF_006337405.1;protein_579,GCF_007843715.1;protein_871,GCF_002906495.1;protein_682,GCF_022923775.1;protein_738,GCF_021184145.1;protein_52,GCF_022921935.1;protein_820,GCF_002952575.1;protein_819,GCF_002953555.1;protein_679,GCF_019974055.1;protein_1102,GCF_030406585.1;protein_598,GCF_030323565.1;protein_846,GCF_007844055.1;protein_746,GCF_002952595.1;protein_819,GCF_002952635.1;protein_823,GCF_002952535.1;protein_822,GCF_007794935.1;protein_818
GCF_021729605.1;protein_611,GCF_016748085.1;protein_713,GCF_002951975.1;protein_818,GCF_016755675.1;protein_721,GCF_006337405.1;protein_580,GCF_007843715.1;protein_870,GCF_002906495.1;protein_681,GCF_022923775.1;protein_737,GCF_021184145.1;protein_51,GCF_022921935.1;protein_819,GCF_002952575.1;protein_818,GCF_002953555.1;protein_678,GCF_019974055.1;protein_1101,GCF_030406585.1;protein_599,GCF_030323565.1;protein_845,GCF_007844055.1;protein_747,GCF_002952595.1;protein_818,GCF_002952635.1;protein_822,GCF_002952535.1;protein_821,GCF_007794935.1;protein_817
GCF_021729605.1;protein_612,GCF_016748085.1;protein_712,GCF_002951975.1;protein_817,GCF_016755675.1;protein_722,GCF_006337405.1;protein_581,GCF_007843715.1;protein_869,GCF_002906495.1;protein_680,GCF_022923775.1;protein_736,GCF_021184145.1;protein_50,GCF_022921935.1;protein_818,GCF_002952575.1;protein_817,GCF_002953555.1;protein_677,GCF_019974055.1;protein_1100,GCF_030406585.1;protein_600,GCF_030323565.1;protein_844,GCF_007844055.1;protein_748,GCF_002952595.1;protein_817,GCF_002952635.1;protein_821,GCF_002952535.1;protein_820,GCF_007794935.1;protein_816
GCF_021729605.1;protein_613,GCF_016748085.1;protein_711,GCF_002951975.1;protein_816,GCF_016755675.1;protein_723,GCF_006337405.1;protein_582,GCF_007843715.1;protein_868,GCF_002906495.1;protein_679,GCF_022923775.1;protein_735,GCF_021184145.1;protein_49,GCF_022921935.1;protein_817,GCF_002952575.1;protein_816,GCF_002953555.1;protein_676,GCF_019974055.1;protein_1099,GCF_030406585.1;protein_601,GCF_030323565.1;protein_843,GCF_007844055.1;protein_749,GCF_002952595.1;protein_816,GCF_002952635.1;protein_820,GCF_002952535.1;protein_819,GCF_007794935.1;protein_815
GCF_021729605.1;protein_614,GCF_016748085.1;protein_710,GCF_002951975.1;protein_815,GCF_016755675.1;protein_724,GCF_006337405.1;protein_583,GCF_007843715.1;protein_867,GCF_002906495.1;protein_678,GCF_022923775.1;protein_734,GCF_021184145.1;protein_48,GCF_022921935.1;protein_816,GCF_002952575.1;protein_815,GCF_002953555.1;protein_675,GCF_019974055.1;protein_1098,GCF_030406585.1;protein_602,GCF_030323565.1;protein_842,GCF_007844055.1;protein_750,GCF_002952595.1;protein_815,GCF_002952635.1;protein_819,GCF_002952535.1;protein_818,GCF_007794935.1;protein_814
GCF_021729605.1;protein_615,GCF_016748085.1;protein_709,GCF_002951975.1;protein_814,GCF_016755675.1;protein_725,GCF_006337405.1;protein_585,GCF_007843715.1;protein_865,GCF_002906495.1;protein_677,GCF_022923775.1;protein_733,GCF_021184145.1;protein_40,GCF_022921935.1;protein_815,GCF_002952575.1;protein_814,GCF_002953555.1;protein_674,GCF_019974055.1;protein_1097,GCF_030406585.1;protein_603,GCF_030323565.1;protein_840,GCF_007844055.1;protein_752,GCF_002952595.1;protein_814,GCF_002952635.1;protein_818,GCF_002952535.1;protein_817,GCF_007794935.1;protein_813
GCF_021729605.1;protein_616,GCF_016748085.1;protein_708,GCF_002951975.1;protein_813,GCF_016755675.1;protein_726,GCF_006337405.1;protein_586,GCF_007843715.1;protein_864,GCF_002906495.1;protein_676,GCF_022923775.1;protein_732,GCF_021184145.1;protein_41,GCF_022921935.1;protein_814,GCF_002952575.1;protein_813,GCF_002953555.1;protein_673,GCF_019974055.1;protein_1096,GCF_030406585.1;protein_604,GCF_030323565.1;protein_839,GCF_007844055.1;protein_753,GCF_002952595.1;protein_813,GCF_002952635.1;protein_817,GCF_002952535.1;protein_816,GCF_007794935.1;protein_812
GCF_021729605.1;protein_618,GCF_016748085.1;protein_706,GCF_002951975.1;protein_811,GCF_016755675.1;protein_728,GCF_006337405.1;protein_588,GCF_007843715.1;protein_862,GCF_002906495.1;protein_671,GCF_022923775.1;protein_730,GCF_021184145.1;protein_43,GCF_022921935.1;protein_812,GCF_002952575.1;protein_811,GCF_002953555.1;protein_671,GCF_019974055.1;protein_1094,GCF_030406585.1;protein_606,GCF_030323565.1;protein_837,GCF_007844055.1;protein_755,GCF_002952595.1;protein_811,GCF_002952635.1;protein_815,GCF_002952535.1;protein_814,GCF_007794935.1;protein_810
GCF_021729605.1;protein_619,GCF_016748085.1;protein_705,GCF_002951975.1;protein_810,GCF_016755675.1;protein_729,GCF_006337405.1;protein_589,GCF_007843715.1;protein_861,GCF_002906495.1;protein_670,GCF_022923775.1;protein_729,GCF_021184145.1;protein_44,GCF_022921935.1;protein_811,GCF_002952575.1;protein_810,GCF_002953555.1;protein_670,GCF_019974055.1;protein_1093,GCF_030406585.1;protein_607,GCF_030323565.1;protein_836,GCF_007844055.1;protein_756,GCF_002952595.1;protein_810,GCF_002952635.1;protein_814,GCF_002952535.1;protein_813,GCF_007794935.1;protein_809
GCF_021729605.1;protein_62,GCF_016748085.1;protein_61,GCF_002951975.1;protein_1373,GCF_016755675.1;protein_62,GCF_006337405.1;protein_1414,GCF_007843715.1;protein_257,GCF_002906495.1;protein_64,GCF_022923775.1;protein_1382,GCF_021184145.1;protein_1015,GCF_022921935.1;protein_1380,GCF_002952575.1;protein_1372,GCF_002953555.1;protein_65,GCF_019974055.1;protein_251,GCF_030406585.1;protein_950,GCF_030323565.1;protein_212,GCF_007844055.1;protein_1392,GCF_002952595.1;protein_1372,GCF_002952635.1;protein_1377,GCF_002952535.1;protein_1376,GCF_007794935.1;protein_1373
GCF_021729605.1;protein_620,GCF_016748085.1;protein_704,GCF_002951975.1;protein_809,GCF_016755675.1;protein_730,GCF_006337405.1;protein_590,GCF_007843715.1;protein_860,GCF_002906495.1;protein_669,GCF_022923775.1;protein_728,GCF_021184145.1;protein_45,GCF_022921935.1;protein_810,GCF_002952575.1;protein_809,GCF_002953555.1;protein_669,GCF_019974055.1;protein_1092,GCF_030406585.1;protein_608,GCF_030323565.1;protein_835,GCF_007844055.1;protein_757,GCF_002952595.1;protein_809,GCF_002952635.1;protein_813,GCF_002952535.1;protein_812,GCF_007794935.1;protein_808
GCF_021729605.1;protein_621,GCF_016748085.1;protein_703,GCF_002951975.1;protein_808,GCF_016755675.1;protein_731,GCF_006337405.1;protein_591,GCF_007843715.1;protein_859,GCF_002906495.1;protein_668,GCF_022923775.1;protein_727,GCF_021184145.1;protein_46,GCF_022921935.1;protein_809,GCF_002952575.1;protein_808,GCF_002953555.1;protein_668,GCF_019974055.1;protein_1091,GCF_030406585.1;protein_609,GCF_030323565.1;protein_834,GCF_007844055.1;protein_758,GCF_002952595.1;protein_808,GCF_002952635.1;protein_812,GCF_002952535.1;protein_811,GCF_007794935.1;protein_807
GCF_021729605.1;protein_622,GCF_016748085.1;protein_702,GCF_002951975.1;protein_807,GCF_016755675.1;protein_732,GCF_006337405.1;protein_592,GCF_007843715.1;protein_858,GCF_002906495.1;protein_667,GCF_022923775.1;protein_726,GCF_021184145.1;protein_47,GCF_022921935.1;protein_808,GCF_002952575.1;protein_807,GCF_002953555.1;protein_667,GCF_019974055.1;protein_1090,GCF_030406585.1;protein_610,GCF_030323565.1;protein_833,GCF_007844055.1;protein_759,GCF_002952595.1;protein_807,GCF_002952635.1;protein_811,GCF_002952535.1;protein_810,GCF_007794935.1;protein_806
GCF_021729605.1;protein_626,GCF_016748085.1;protein_698,GCF_002951975.1;protein_806,GCF_016755675.1;protein_733,GCF_006337405.1;protein_593,GCF_007843715.1;protein_857,GCF_002906495.1;protein_666,GCF_022923775.1;protein_722,GCF_021184145.1;protein_37,GCF_022921935.1;protein_807,GCF_002952575.1;protein_806,GCF_002953555.1;protein_666,GCF_019974055.1;protein_1089,GCF_030406585.1;protein_611,GCF_030323565.1;protein_829,GCF_007844055.1;protein_763,GCF_002952595.1;protein_806,GCF_002952635.1;protein_810,GCF_002952535.1;protein_809,GCF_007794935.1;protein_805
GCF_021729605.1;protein_627,GCF_016748085.1;protein_697,GCF_002951975.1;protein_805,GCF_016755675.1;protein_734,GCF_006337405.1;protein_594,GCF_007843715.1;protein_856,GCF_002906495.1;protein_665,GCF_022923775.1;protein_721,GCF_021184145.1;protein_36,GCF_022921935.1;protein_806,GCF_002952575.1;protein_805,GCF_002953555.1;protein_665,GCF_019974055.1;protein_1088,GCF_030406585.1;protein_612,GCF_030323565.1;protein_828,GCF_007844055.1;protein_764,GCF_002952595.1;protein_805,GCF_002952635.1;protein_809,GCF_002952535.1;protein_808,GCF_007794935.1;protein_804
GCF_021729605.1;protein_628,GCF_016748085.1;protein_696,GCF_002951975.1;protein_804,GCF_016755675.1;protein_735,GCF_006337405.1;protein_595,GCF_007843715.1;protein_855,GCF_002906495.1;protein_664,GCF_022923775.1;protein_720,GCF_021184145.1;protein_35,GCF_022921935.1;protein_805,GCF_002952575.1;protein_804,GCF_002953555.1;protein_664,GCF_019974055.1;protein_1087,GCF_030406585.1;protein_613,GCF_030323565.1;protein_827,GCF_007844055.1;protein_765,GCF_002952595.1;protein_804,GCF_002952635.1;protein_808,GCF_002952535.1;protein_807,GCF_007794935.1;protein_803
GCF_021729605.1;protein_629,GCF_016748085.1;protein_695,GCF_002951975.1;protein_803,GCF_016755675.1;protein_736,GCF_006337405.1;protein_596,GCF_007843715.1;protein_854,GCF_002906495.1;protein_663,GCF_022923775.1;protein_719,GCF_021184145.1;protein_34,GCF_022921935.1;protein_804,GCF_002952575.1;protein_803,GCF_002953555.1;protein_663,GCF_019974055.1;protein_1086,GCF_030406585.1;protein_614,GCF_030323565.1;protein_826,GCF_007844055.1;protein_766,GCF_002952595.1;protein_803,GCF_002952635.1;protein_807,GCF_002952535.1;protein_806,GCF_007794935.1;protein_802
GCF_021729605.1;protein_63,GCF_016748085.1;protein_62,GCF_002951975.1;protein_1372,GCF_016755675.1;protein_63,GCF_006337405.1;protein_1413,GCF_007843715.1;protein_258,GCF_002906495.1;protein_65,GCF_022923775.1;protein_1381,GCF_021184145.1;protein_1016,GCF_022921935.1;protein_1379,GCF_002952575.1;protein_1371,GCF_002953555.1;protein_66,GCF_019974055.1;protein_252,GCF_030406585.1;protein_951,GCF_030323565.1;protein_213,GCF_007844055.1;protein_1391,GCF_002952595.1;protein_1371,GCF_002952635.1;protein_1376,GCF_002952535.1;protein_1375,GCF_007794935.1;protein_1372
GCF_021729605.1;protein_630,GCF_016748085.1;protein_694,GCF_002951975.1;protein_801,GCF_016755675.1;protein_737,GCF_006337405.1;protein_597,GCF_007843715.1;protein_853,GCF_002906495.1;protein_662,GCF_022923775.1;protein_718,GCF_021184145.1;protein_33,GCF_022921935.1;protein_803,GCF_002952575.1;protein_801,GCF_002953555.1;protein_662,GCF_019974055.1;protein_1085,GCF_030406585.1;protein_615,GCF_030323565.1;protein_825,GCF_007844055.1;protein_768,GCF_002952595.1;protein_801,GCF_002952635.1;protein_805,GCF_002952535.1;protein_804,GCF_007794935.1;protein_800
GCF_021729605.1;protein_633,GCF_016748085.1;protein_691,GCF_002951975.1;protein_798,GCF_016755675.1;protein_740,GCF_006337405.1;protein_602,GCF_007843715.1;protein_848,GCF_002906495.1;protein_659,GCF_022923775.1;protein_713,GCF_021184145.1;protein_30,GCF_022921935.1;protein_800,GCF_002952575.1;protein_798,GCF_002953555.1;protein_659,GCF_019974055.1;protein_1082,GCF_030406585.1;protein_620,GCF_030323565.1;protein_820,GCF_007844055.1;protein_773,GCF_002952595.1;protein_798,GCF_002952635.1;protein_802,GCF_002952535.1;protein_801,GCF_007794935.1;protein_797
GCF_021729605.1;protein_634,GCF_016748085.1;protein_690,GCF_002951975.1;protein_797,GCF_016755675.1;protein_741,GCF_006337405.1;protein_603,GCF_007843715.1;protein_847,GCF_002906495.1;protein_658,GCF_022923775.1;protein_712,GCF_021184145.1;protein_29,GCF_022921935.1;protein_799,GCF_002952575.1;protein_797,GCF_002953555.1;protein_658,GCF_019974055.1;protein_1081,GCF_030406585.1;protein_621,GCF_030323565.1;protein_819,GCF_007844055.1;protein_774,GCF_002952595.1;protein_797,GCF_002952635.1;protein_801,GCF_002952535.1;protein_800,GCF_007794935.1;protein_796
GCF_021729605.1;protein_635,GCF_016748085.1;protein_689,GCF_002951975.1;protein_796,GCF_016755675.1;protein_742,GCF_006337405.1;protein_604,GCF_007843715.1;protein_846,GCF_002906495.1;protein_657,GCF_022923775.1;protein_711,GCF_021184145.1;protein_28,GCF_022921935.1;protein_798,GCF_002952575.1;protein_796,GCF_002953555.1;protein_657,GCF_019974055.1;protein_1080,GCF_030406585.1;protein_622,GCF_030323565.1;protein_818,GCF_007844055.1;protein_775,GCF_002952595.1;protein_796,GCF_002952635.1;protein_800,GCF_002952535.1;protein_799,GCF_007794935.1;protein_795
GCF_021729605.1;protein_636,GCF_016748085.1;protein_688,GCF_002951975.1;protein_795,GCF_016755675.1;protein_743,GCF_006337405.1;protein_605,GCF_007843715.1;protein_845,GCF_002906495.1;protein_656,GCF_022923775.1;protein_710,GCF_021184145.1;protein_27,GCF_022921935.1;protein_797,GCF_002952575.1;protein_795,GCF_002953555.1;protein_656,GCF_019974055.1;protein_1079,GCF_030406585.1;protein_623,GCF_030323565.1;protein_817,GCF_007844055.1;protein_776,GCF_002952595.1;protein_795,GCF_002952635.1;protein_799,GCF_002952535.1;protein_798,GCF_007794935.1;protein_794
GCF_021729605.1;protein_637,GCF_016748085.1;protein_687,GCF_002951975.1;protein_794,GCF_016755675.1;protein_744,GCF_006337405.1;protein_606,GCF_007843715.1;protein_844,GCF_002906495.1;protein_655,GCF_022923775.1;protein_709,GCF_021184145.1;protein_26,GCF_022921935.1;protein_796,GCF_002952575.1;protein_794,GCF_002953555.1;protein_655,GCF_019974055.1;protein_1078,GCF_030406585.1;protein_624,GCF_030323565.1;protein_816,GCF_007844055.1;protein_777,GCF_002952595.1;protein_794,GCF_002952635.1;protein_798,GCF_002952535.1;protein_797,GCF_007794935.1;protein_793
GCF_021729605.1;protein_639,GCF_016748085.1;protein_685,GCF_002951975.1;protein_792,GCF_016755675.1;protein_746,GCF_006337405.1;protein_607,GCF_007843715.1;protein_842,GCF_002906495.1;protein_653,GCF_022923775.1;protein_707,GCF_021184145.1;protein_22,GCF_022921935.1;protein_794,GCF_002952575.1;protein_792,GCF_002953555.1;protein_653,GCF_019974055.1;protein_1076,GCF_030406585.1;protein_626,GCF_030323565.1;protein_814,GCF_007844055.1;protein_779,GCF_002952595.1;protein_792,GCF_002952635.1;protein_796,GCF_002952535.1;protein_795,GCF_007794935.1;protein_791
GCF_021729605.1;protein_64,GCF_016748085.1;protein_63,GCF_002951975.1;protein_1371,GCF_016755675.1;protein_64,GCF_006337405.1;protein_1412,GCF_007843715.1;protein_259,GCF_002906495.1;protein_66,GCF_022923775.1;protein_1380,GCF_021184145.1;protein_1017,GCF_022921935.1;protein_1378,GCF_002952575.1;protein_1370,GCF_002953555.1;protein_67,GCF_019974055.1;protein_253,GCF_030406585.1;protein_952,GCF_030323565.1;protein_214,GCF_007844055.1;protein_1390,GCF_002952595.1;protein_1370,GCF_002952635.1;protein_1375,GCF_002952535.1;protein_1374,GCF_007794935.1;protein_1371
GCF_021729605.1;protein_640,GCF_016748085.1;protein_684,GCF_002951975.1;protein_791,GCF_016755675.1;protein_747,GCF_006337405.1;protein_608,GCF_007843715.1;protein_841,GCF_002906495.1;protein_652,GCF_022923775.1;protein_706,GCF_021184145.1;protein_21,GCF_022921935.1;protein_793,GCF_002952575.1;protein_791,GCF_002953555.1;protein_652,GCF_019974055.1;protein_1075,GCF_030406585.1;protein_627,GCF_030323565.1;protein_813,GCF_007844055.1;protein_780,GCF_002952595.1;protein_791,GCF_002952635.1;protein_795,GCF_002952535.1;protein_794,GCF_007794935.1;protein_790
GCF_021729605.1;protein_643,GCF_016748085.1;protein_681,GCF_002951975.1;protein_786,GCF_016755675.1;protein_749,GCF_006337405.1;protein_610,GCF_007843715.1;protein_838,GCF_002906495.1;protein_649,GCF_022923775.1;protein_702,GCF_021184145.1;protein_19,GCF_022921935.1;protein_790,GCF_002952575.1;protein_786,GCF_002953555.1;protein_649,GCF_019974055.1;protein_1073,GCF_030406585.1;protein_629,GCF_030323565.1;protein_811,GCF_007844055.1;protein_783,GCF_002952595.1;protein_786,GCF_002952635.1;protein_790,GCF_002952535.1;protein_789,GCF_007794935.1;protein_785
GCF_021729605.1;protein_644,GCF_016748085.1;protein_680,GCF_002951975.1;protein_785,GCF_016755675.1;protein_750,GCF_006337405.1;protein_611,GCF_007843715.1;protein_837,GCF_002906495.1;protein_648,GCF_022923775.1;protein_701,GCF_021184145.1;protein_18,GCF_022921935.1;protein_789,GCF_002952575.1;protein_785,GCF_002953555.1;protein_648,GCF_019974055.1;protein_1072,GCF_030406585.1;protein_630,GCF_030323565.1;protein_810,GCF_007844055.1;protein_784,GCF_002952595.1;protein_785,GCF_002952635.1;protein_789,GCF_002952535.1;protein_788,GCF_007794935.1;protein_784
GCF_021729605.1;protein_645,GCF_016748085.1;protein_679,GCF_002951975.1;protein_784,GCF_016755675.1;protein_751,GCF_006337405.1;protein_612,GCF_007843715.1;protein_836,GCF_002906495.1;protein_647,GCF_022923775.1;protein_700,GCF_021184145.1;protein_17,GCF_022921935.1;protein_788,GCF_002952575.1;protein_784,GCF_002953555.1;protein_647,GCF_019974055.1;protein_1071,GCF_030406585.1;protein_631,GCF_030323565.1;protein_809,GCF_007844055.1;protein_785,GCF_002952595.1;protein_784,GCF_002952635.1;protein_788,GCF_002952535.1;protein_787,GCF_007794935.1;protein_783
GCF_021729605.1;protein_646,GCF_016748085.1;protein_678,GCF_002951975.1;protein_783,GCF_016755675.1;protein_752,GCF_006337405.1;protein_613,GCF_007843715.1;protein_835,GCF_002906495.1;protein_646,GCF_022923775.1;protein_699,GCF_021184145.1;protein_16,GCF_022921935.1;protein_787,GCF_002952575.1;protein_783,GCF_002953555.1;protein_646,GCF_019974055.1;protein_1070,GCF_030406585.1;protein_632,GCF_030323565.1;protein_808,GCF_007844055.1;protein_786,GCF_002952595.1;protein_783,GCF_002952635.1;protein_787,GCF_002952535.1;protein_786,GCF_007794935.1;protein_782
GCF_021729605.1;protein_647,GCF_016748085.1;protein_677,GCF_002951975.1;protein_782,GCF_016755675.1;protein_753,GCF_006337405.1;protein_614,GCF_007843715.1;protein_834,GCF_002906495.1;protein_645,GCF_022923775.1;protein_698,GCF_021184145.1;protein_15,GCF_022921935.1;protein_786,GCF_002952575.1;protein_782,GCF_002953555.1;protein_645,GCF_019974055.1;protein_1069,GCF_030406585.1;protein_633,GCF_030323565.1;protein_807,GCF_007844055.1;protein_787,GCF_002952595.1;protein_782,GCF_002952635.1;protein_786,GCF_002952535.1;protein_785,GCF_007794935.1;protein_781
GCF_021729605.1;protein_648,GCF_016748085.1;protein_676,GCF_002951975.1;protein_781,GCF_016755675.1;protein_754,GCF_006337405.1;protein_615,GCF_007843715.1;protein_833,GCF_002906495.1;protein_644,GCF_022923775.1;protein_697,GCF_021184145.1;protein_14,GCF_022921935.1;protein_785,GCF_002952575.1;protein_781,GCF_002953555.1;protein_644,GCF_019974055.1;protein_1068,GCF_030406585.1;protein_634,GCF_030323565.1;protein_806,GCF_007844055.1;protein_788,GCF_002952595.1;protein_781,GCF_002952635.1;protein_785,GCF_002952535.1;protein_784,GCF_007794935.1;protein_780
GCF_021729605.1;protein_649,GCF_016748085.1;protein_675,GCF_002951975.1;protein_780,GCF_016755675.1;protein_755,GCF_006337405.1;protein_616,GCF_007843715.1;protein_832,GCF_002906495.1;protein_643,GCF_022923775.1;protein_696,GCF_021184145.1;protein_13,GCF_022921935.1;protein_784,GCF_002952575.1;protein_780,GCF_002953555.1;protein_643,GCF_019974055.1;protein_1067,GCF_030406585.1;protein_635,GCF_030323565.1;protein_805,GCF_007844055.1;protein_789,GCF_002952595.1;protein_780,GCF_002952635.1;protein_784,GCF_002952535.1;protein_783,GCF_007794935.1;protein_779
GCF_021729605.1;protein_65,GCF_016748085.1;protein_64,GCF_002951975.1;protein_1370,GCF_016755675.1;protein_65,GCF_006337405.1;protein_1411,GCF_007843715.1;protein_260,GCF_002906495.1;protein_67,GCF_022923775.1;protein_1379,GCF_021184145.1;protein_1018,GCF_022921935.1;protein_1377,GCF_002952575.1;protein_1369,GCF_002953555.1;protein_68,GCF_019974055.1;protein_254,GCF_030406585.1;protein_953,GCF_030323565.1;protein_215,GCF_007844055.1;protein_1389,GCF_002952595.1;protein_1369,GCF_002952635.1;protein_1374,GCF_002952535.1;protein_1373,GCF_007794935.1;protein_1370
GCF_021729605.1;protein_650,GCF_016748085.1;protein_674,GCF_002951975.1;protein_779,GCF_016755675.1;protein_756,GCF_006337405.1;protein_617,GCF_007843715.1;protein_831,GCF_002906495.1;protein_642,GCF_022923775.1;protein_695,GCF_021184145.1;protein_12,GCF_022921935.1;protein_783,GCF_002952575.1;protein_779,GCF_002953555.1;protein_642,GCF_019974055.1;protein_1066,GCF_030406585.1;protein_636,GCF_030323565.1;protein_804,GCF_007844055.1;protein_790,GCF_002952595.1;protein_779,GCF_002952635.1;protein_783,GCF_002952535.1;protein_782,GCF_007794935.1;protein_778
GCF_021729605.1;protein_651,GCF_016748085.1;protein_673,GCF_002951975.1;protein_778,GCF_016755675.1;protein_757,GCF_006337405.1;protein_618,GCF_007843715.1;protein_830,GCF_002906495.1;protein_641,GCF_022923775.1;protein_694,GCF_021184145.1;protein_11,GCF_022921935.1;protein_782,GCF_002952575.1;protein_778,GCF_002953555.1;protein_641,GCF_019974055.1;protein_1065,GCF_030406585.1;protein_637,GCF_030323565.1;protein_803,GCF_007844055.1;protein_791,GCF_002952595.1;protein_778,GCF_002952635.1;protein_782,GCF_002952535.1;protein_781,GCF_007794935.1;protein_777
GCF_021729605.1;protein_652,GCF_016748085.1;protein_672,GCF_002951975.1;protein_777,GCF_016755675.1;protein_758,GCF_006337405.1;protein_619,GCF_007843715.1;protein_829,GCF_002906495.1;protein_640,GCF_022923775.1;protein_693,GCF_021184145.1;protein_10,GCF_022921935.1;protein_781,GCF_002952575.1;protein_777,GCF_002953555.1;protein_640,GCF_019974055.1;protein_1064,GCF_030406585.1;protein_638,GCF_030323565.1;protein_802,GCF_007844055.1;protein_792,GCF_002952595.1;protein_777,GCF_002952635.1;protein_781,GCF_002952535.1;protein_780,GCF_007794935.1;protein_776
GCF_021729605.1;protein_653,GCF_016748085.1;protein_671,GCF_002951975.1;protein_776,GCF_016755675.1;protein_759,GCF_006337405.1;protein_620,GCF_007843715.1;protein_828,GCF_002906495.1;protein_639,GCF_022923775.1;protein_692,GCF_021184145.1;protein_9,GCF_022921935.1;protein_780,GCF_002952575.1;protein_776,GCF_002953555.1;protein_639,GCF_019974055.1;protein_1063,GCF_030406585.1;protein_639,GCF_030323565.1;protein_801,GCF_007844055.1;protein_793,GCF_002952595.1;protein_776,GCF_002952635.1;protein_780,GCF_002952535.1;protein_779,GCF_007794935.1;protein_775
GCF_021729605.1;protein_655,GCF_016748085.1;protein_669,GCF_002951975.1;protein_774,GCF_016755675.1;protein_761,GCF_006337405.1;protein_622,GCF_007843715.1;protein_826,GCF_002906495.1;protein_637,GCF_022923775.1;protein_690,GCF_021184145.1;protein_7,GCF_022921935.1;protein_778,GCF_002952575.1;protein_774,GCF_002953555.1;protein_637,GCF_019974055.1;protein_1061,GCF_030406585.1;protein_641,GCF_030323565.1;protein_799,GCF_007844055.1;protein_795,GCF_002952595.1;protein_774,GCF_002952635.1;protein_778,GCF_002952535.1;protein_777,GCF_007794935.1;protein_773
GCF_021729605.1;protein_656,GCF_016748085.1;protein_668,GCF_002951975.1;protein_773,GCF_016755675.1;protein_762,GCF_006337405.1;protein_623,GCF_007843715.1;protein_825,GCF_002906495.1;protein_636,GCF_022923775.1;protein_689,GCF_021184145.1;protein_6,GCF_022921935.1;protein_777,GCF_002952575.1;protein_773,GCF_002953555.1;protein_636,GCF_019974055.1;protein_1060,GCF_030406585.1;protein_642,GCF_030323565.1;protein_798,GCF_007844055.1;protein_796,GCF_002952595.1;protein_773,GCF_002952635.1;protein_777,GCF_002952535.1;protein_776,GCF_007794935.1;protein_772
GCF_021729605.1;protein_657,GCF_016748085.1;protein_667,GCF_002951975.1;protein_772,GCF_016755675.1;protein_763,GCF_006337405.1;protein_624,GCF_007843715.1;protein_824,GCF_002906495.1;protein_635,GCF_022923775.1;protein_688,GCF_021184145.1;protein_5,GCF_022921935.1;protein_776,GCF_002952575.1;protein_772,GCF_002953555.1;protein_635,GCF_019974055.1;protein_1059,GCF_030406585.1;protein_643,GCF_030323565.1;protein_797,GCF_007844055.1;protein_797,GCF_002952595.1;protein_772,GCF_002952635.1;protein_776,GCF_002952535.1;protein_775,GCF_007794935.1;protein_771
GCF_021729605.1;protein_659,GCF_016748085.1;protein_665,GCF_002951975.1;protein_770,GCF_016755675.1;protein_765,GCF_006337405.1;protein_626,GCF_007843715.1;protein_822,GCF_002906495.1;protein_633,GCF_022923775.1;protein_686,GCF_021184145.1;protein_3,GCF_022921935.1;protein_774,GCF_002952575.1;protein_770,GCF_002953555.1;protein_633,GCF_019974055.1;protein_1057,GCF_030406585.1;protein_645,GCF_030323565.1;protein_795,GCF_007844055.1;protein_799,GCF_002952595.1;protein_770,GCF_002952635.1;protein_774,GCF_002952535.1;protein_773,GCF_007794935.1;protein_769
GCF_021729605.1;protein_66,GCF_016748085.1;protein_65,GCF_002951975.1;protein_1369,GCF_016755675.1;protein_66,GCF_006337405.1;protein_1410,GCF_007843715.1;protein_261,GCF_002906495.1;protein_68,GCF_022923775.1;protein_1378,GCF_021184145.1;protein_1019,GCF_022921935.1;protein_1376,GCF_002952575.1;protein_1368,GCF_002953555.1;protein_69,GCF_019974055.1;protein_255,GCF_030406585.1;protein_954,GCF_030323565.1;protein_216,GCF_007844055.1;protein_1388,GCF_002952595.1;protein_1368,GCF_002952635.1;protein_1373,GCF_002952535.1;protein_1372,GCF_007794935.1;protein_1369
GCF_021729605.1;protein_660,GCF_016748085.1;protein_664,GCF_002951975.1;protein_769,GCF_016755675.1;protein_766,GCF_006337405.1;protein_627,GCF_007843715.1;protein_821,GCF_002906495.1;protein_632,GCF_022923775.1;protein_685,GCF_021184145.1;protein_2,GCF_022921935.1;protein_773,GCF_002952575.1;protein_769,GCF_002953555.1;protein_632,GCF_019974055.1;protein_1056,GCF_030406585.1;protein_646,GCF_030323565.1;protein_794,GCF_007844055.1;protein_800,GCF_002952595.1;protein_769,GCF_002952635.1;protein_773,GCF_002952535.1;protein_772,GCF_007794935.1;protein_768
GCF_021729605.1;protein_661,GCF_016748085.1;protein_663,GCF_002951975.1;protein_768,GCF_016755675.1;protein_767,GCF_006337405.1;protein_628,GCF_007843715.1;protein_820,GCF_002906495.1;protein_631,GCF_022923775.1;protein_684,GCF_021184145.1;protein_1,GCF_022921935.1;protein_772,GCF_002952575.1;protein_768,GCF_002953555.1;protein_631,GCF_019974055.1;protein_1055,GCF_030406585.1;protein_647,GCF_030323565.1;protein_793,GCF_007844055.1;protein_801,GCF_002952595.1;protein_768,GCF_002952635.1;protein_772,GCF_002952535.1;protein_771,GCF_007794935.1;protein_767
GCF_021729605.1;protein_662,GCF_016748085.1;protein_662,GCF_002951975.1;protein_767,GCF_016755675.1;protein_768,GCF_006337405.1;protein_629,GCF_007843715.1;protein_819,GCF_002906495.1;protein_630,GCF_022923775.1;protein_683,GCF_021184145.1;protein_0,GCF_022921935.1;protein_771,GCF_002952575.1;protein_767,GCF_002953555.1;protein_630,GCF_019974055.1;protein_1054,GCF_030406585.1;protein_648,GCF_030323565.1;protein_792,GCF_007844055.1;protein_802,GCF_002952595.1;protein_767,GCF_002952635.1;protein_771,GCF_002952535.1;protein_770,GCF_007794935.1;protein_766
GCF_021729605.1;protein_663,GCF_016748085.1;protein_661,GCF_002951975.1;protein_766,GCF_016755675.1;protein_769,GCF_006337405.1;protein_630,GCF_007843715.1;protein_818,GCF_002906495.1;protein_629,GCF_022923775.1;protein_682,GCF_021184145.1;protein_1561,GCF_022921935.1;protein_770,GCF_002952575.1;protein_766,GCF_002953555.1;protein_629,GCF_019974055.1;protein_1053,GCF_030406585.1;protein_649,GCF_030323565.1;protein_791,GCF_007844055.1;protein_803,GCF_002952595.1;protein_766,GCF_002952635.1;protein_770,GCF_002952535.1;protein_769,GCF_007794935.1;protein_765
GCF_021729605.1;protein_664,GCF_016748085.1;protein_660,GCF_002951975.1;protein_765,GCF_016755675.1;protein_770,GCF_006337405.1;protein_631,GCF_007843715.1;protein_817,GCF_002906495.1;protein_628,GCF_022923775.1;protein_681,GCF_021184145.1;protein_1560,GCF_022921935.1;protein_769,GCF_002952575.1;protein_765,GCF_002953555.1;protein_628,GCF_019974055.1;protein_1052,GCF_030406585.1;protein_650,GCF_030323565.1;protein_790,GCF_007844055.1;protein_804,GCF_002952595.1;protein_765,GCF_002952635.1;protein_769,GCF_002952535.1;protein_768,GCF_007794935.1;protein_764
GCF_021729605.1;protein_665,GCF_016748085.1;protein_659,GCF_002951975.1;protein_764,GCF_016755675.1;protein_771,GCF_006337405.1;protein_632,GCF_007843715.1;protein_816,GCF_002906495.1;protein_627,GCF_022923775.1;protein_680,GCF_021184145.1;protein_1559,GCF_022921935.1;protein_768,GCF_002952575.1;protein_764,GCF_002953555.1;protein_627,GCF_019974055.1;protein_1051,GCF_030406585.1;protein_651,GCF_030323565.1;protein_789,GCF_007844055.1;protein_805,GCF_002952595.1;protein_764,GCF_002952635.1;protein_768,GCF_002952535.1;protein_767,GCF_007794935.1;protein_763
GCF_021729605.1;protein_666,GCF_016748085.1;protein_658,GCF_002951975.1;protein_763,GCF_016755675.1;protein_772,GCF_006337405.1;protein_633,GCF_007843715.1;protein_815,GCF_002906495.1;protein_626,GCF_022923775.1;protein_679,GCF_021184145.1;protein_1558,GCF_022921935.1;protein_767,GCF_002952575.1;protein_763,GCF_002953555.1;protein_626,GCF_019974055.1;protein_1050,GCF_030406585.1;protein_652,GCF_030323565.1;protein_788,GCF_007844055.1;protein_806,GCF_002952595.1;protein_763,GCF_002952635.1;protein_767,GCF_002952535.1;protein_766,GCF_007794935.1;protein_762
GCF_021729605.1;protein_667,GCF_016748085.1;protein_657,GCF_002951975.1;protein_762,GCF_016755675.1;protein_773,GCF_006337405.1;protein_634,GCF_007843715.1;protein_814,GCF_002906495.1;protein_625,GCF_022923775.1;protein_678,GCF_021184145.1;protein_1556,GCF_022921935.1;protein_766,GCF_002952575.1;protein_762,GCF_002953555.1;protein_625,GCF_019974055.1;protein_1049,GCF_030406585.1;protein_653,GCF_030323565.1;protein_787,GCF_007844055.1;protein_807,GCF_002952595.1;protein_762,GCF_002952635.1;protein_766,GCF_002952535.1;protein_765,GCF_007794935.1;protein_761
GCF_021729605.1;protein_668,GCF_016748085.1;protein_656,GCF_002951975.1;protein_759,GCF_016755675.1;protein_774,GCF_006337405.1;protein_637,GCF_007843715.1;protein_811,GCF_002906495.1;protein_623,GCF_022923775.1;protein_677,GCF_021184145.1;protein_1553,GCF_022921935.1;protein_765,GCF_002952575.1;protein_759,GCF_002953555.1;protein_623,GCF_019974055.1;protein_1046,GCF_030406585.1;protein_654,GCF_030323565.1;protein_784,GCF_007844055.1;protein_810,GCF_002952595.1;protein_759,GCF_002952635.1;protein_763,GCF_002952535.1;protein_762,GCF_007794935.1;protein_758
GCF_021729605.1;protein_669,GCF_016748085.1;protein_655,GCF_002951975.1;protein_758,GCF_016755675.1;protein_775,GCF_006337405.1;protein_638,GCF_007843715.1;protein_810,GCF_002906495.1;protein_622,GCF_022923775.1;protein_676,GCF_021184145.1;protein_1552,GCF_022921935.1;protein_764,GCF_002952575.1;protein_758,GCF_002953555.1;protein_622,GCF_019974055.1;protein_1045,GCF_030406585.1;protein_655,GCF_030323565.1;protein_783,GCF_007844055.1;protein_811,GCF_002952595.1;protein_758,GCF_002952635.1;protein_762,GCF_002952535.1;protein_761,GCF_007794935.1;protein_757
GCF_021729605.1;protein_67,GCF_016748085.1;protein_66,GCF_002951975.1;protein_1368,GCF_016755675.1;protein_67,GCF_006337405.1;protein_1409,GCF_007843715.1;protein_262,GCF_002906495.1;protein_69,GCF_022923775.1;protein_1377,GCF_021184145.1;protein_1020,GCF_022921935.1;protein_1375,GCF_002952575.1;protein_1367,GCF_002953555.1;protein_70,GCF_019974055.1;protein_256,GCF_030406585.1;protein_955,GCF_030323565.1;protein_217,GCF_007844055.1;protein_1387,GCF_002952595.1;protein_1367,GCF_002952635.1;protein_1372,GCF_002952535.1;protein_1371,GCF_007794935.1;protein_1368
GCF_021729605.1;protein_672,GCF_016748085.1;protein_725,GCF_002951975.1;protein_830,GCF_016755675.1;protein_711,GCF_006337405.1;protein_813,GCF_007843715.1;protein_881,GCF_002906495.1;protein_691,GCF_022923775.1;protein_758,GCF_021184145.1;protein_61,GCF_022921935.1;protein_830,GCF_002952575.1;protein_830,GCF_002953555.1;protein_688,GCF_019974055.1;protein_750,GCF_030406585.1;protein_589,GCF_030323565.1;protein_857,GCF_007844055.1;protein_736,GCF_002952595.1;protein_830,GCF_002952635.1;protein_835,GCF_002952535.1;protein_834,GCF_007794935.1;protein_829
GCF_021729605.1;protein_673,GCF_016748085.1;protein_726,GCF_002951975.1;protein_831,GCF_016755675.1;protein_710,GCF_006337405.1;protein_814,GCF_007843715.1;protein_882,GCF_002906495.1;protein_692,GCF_022923775.1;protein_759,GCF_021184145.1;protein_62,GCF_022921935.1;protein_831,GCF_002952575.1;protein_831,GCF_002953555.1;protein_689,GCF_019974055.1;protein_749,GCF_030406585.1;protein_588,GCF_030323565.1;protein_858,GCF_007844055.1;protein_735,GCF_002952595.1;protein_831,GCF_002952635.1;protein_836,GCF_002952535.1;protein_835,GCF_007794935.1;protein_830
GCF_021729605.1;protein_674,GCF_016748085.1;protein_727,GCF_002951975.1;protein_832,GCF_016755675.1;protein_709,GCF_006337405.1;protein_815,GCF_007843715.1;protein_883,GCF_002906495.1;protein_693,GCF_022923775.1;protein_760,GCF_021184145.1;protein_63,GCF_022921935.1;protein_832,GCF_002952575.1;protein_832,GCF_002953555.1;protein_690,GCF_019974055.1;protein_748,GCF_030406585.1;protein_587,GCF_030323565.1;protein_859,GCF_007844055.1;protein_734,GCF_002952595.1;protein_832,GCF_002952635.1;protein_837,GCF_002952535.1;protein_836,GCF_007794935.1;protein_831
GCF_021729605.1;protein_676,GCF_016748085.1;protein_729,GCF_002951975.1;protein_834,GCF_016755675.1;protein_707,GCF_006337405.1;protein_817,GCF_007843715.1;protein_885,GCF_002906495.1;protein_695,GCF_022923775.1;protein_762,GCF_021184145.1;protein_65,GCF_022921935.1;protein_834,GCF_002952575.1;protein_834,GCF_002953555.1;protein_692,GCF_019974055.1;protein_746,GCF_030406585.1;protein_585,GCF_030323565.1;protein_861,GCF_007844055.1;protein_732,GCF_002952595.1;protein_834,GCF_002952635.1;protein_839,GCF_002952535.1;protein_838,GCF_007794935.1;protein_833
GCF_021729605.1;protein_677,GCF_016748085.1;protein_730,GCF_002951975.1;protein_835,GCF_016755675.1;protein_706,GCF_006337405.1;protein_818,GCF_007843715.1;protein_886,GCF_002906495.1;protein_696,GCF_022923775.1;protein_763,GCF_021184145.1;protein_66,GCF_022921935.1;protein_835,GCF_002952575.1;protein_835,GCF_002953555.1;protein_693,GCF_019974055.1;protein_745,GCF_030406585.1;protein_584,GCF_030323565.1;protein_862,GCF_007844055.1;protein_731,GCF_002952595.1;protein_835,GCF_002952635.1;protein_840,GCF_002952535.1;protein_839,GCF_007794935.1;protein_834
GCF_021729605.1;protein_678,GCF_016748085.1;protein_731,GCF_002951975.1;protein_836,GCF_016755675.1;protein_705,GCF_006337405.1;protein_819,GCF_007843715.1;protein_887,GCF_002906495.1;protein_697,GCF_022923775.1;protein_764,GCF_021184145.1;protein_67,GCF_022921935.1;protein_836,GCF_002952575.1;protein_836,GCF_002953555.1;protein_694,GCF_019974055.1;protein_744,GCF_030406585.1;protein_583,GCF_030323565.1;protein_863,GCF_007844055.1;protein_730,GCF_002952595.1;protein_836,GCF_002952635.1;protein_841,GCF_002952535.1;protein_840,GCF_007794935.1;protein_835
GCF_021729605.1;protein_679,GCF_016748085.1;protein_733,GCF_002951975.1;protein_838,GCF_016755675.1;protein_704,GCF_006337405.1;protein_822,GCF_007843715.1;protein_889,GCF_002906495.1;protein_699,GCF_022923775.1;protein_765,GCF_021184145.1;protein_70,GCF_022921935.1;protein_837,GCF_002952575.1;protein_838,GCF_002953555.1;protein_696,GCF_019974055.1;protein_742,GCF_030406585.1;protein_581,GCF_030323565.1;protein_866,GCF_007844055.1;protein_728,GCF_002952595.1;protein_838,GCF_002952635.1;protein_843,GCF_002952535.1;protein_842,GCF_007794935.1;protein_837
GCF_021729605.1;protein_68,GCF_016748085.1;protein_67,GCF_002951975.1;protein_1367,GCF_016755675.1;protein_68,GCF_006337405.1;protein_1408,GCF_007843715.1;protein_263,GCF_002906495.1;protein_70,GCF_022923775.1;protein_1376,GCF_021184145.1;protein_1021,GCF_022921935.1;protein_1374,GCF_002952575.1;protein_1366,GCF_002953555.1;protein_71,GCF_019974055.1;protein_257,GCF_030406585.1;protein_956,GCF_030323565.1;protein_218,GCF_007844055.1;protein_1386,GCF_002952595.1;protein_1366,GCF_002952635.1;protein_1371,GCF_002952535.1;protein_1370,GCF_007794935.1;protein_1367
GCF_021729605.1;protein_680,GCF_016748085.1;protein_734,GCF_002951975.1;protein_839,GCF_016755675.1;protein_703,GCF_006337405.1;protein_821,GCF_007843715.1;protein_890,GCF_002906495.1;protein_700,GCF_022923775.1;protein_766,GCF_021184145.1;protein_69,GCF_022921935.1;protein_838,GCF_002952575.1;protein_839,GCF_002953555.1;protein_697,GCF_019974055.1;protein_741,GCF_030406585.1;protein_580,GCF_030323565.1;protein_865,GCF_007844055.1;protein_727,GCF_002952595.1;protein_839,GCF_002952635.1;protein_844,GCF_002952535.1;protein_843,GCF_007794935.1;protein_838
GCF_021729605.1;protein_682,GCF_016748085.1;protein_736,GCF_002951975.1;protein_841,GCF_016755675.1;protein_701,GCF_006337405.1;protein_824,GCF_007843715.1;protein_892,GCF_002906495.1;protein_702,GCF_022923775.1;protein_768,GCF_021184145.1;protein_72,GCF_022921935.1;protein_840,GCF_002952575.1;protein_841,GCF_002953555.1;protein_699,GCF_019974055.1;protein_739,GCF_030406585.1;protein_578,GCF_030323565.1;protein_868,GCF_007844055.1;protein_725,GCF_002952595.1;protein_841,GCF_002952635.1;protein_846,GCF_002952535.1;protein_845,GCF_007794935.1;protein_840
GCF_021729605.1;protein_683,GCF_016748085.1;protein_737,GCF_002951975.1;protein_842,GCF_016755675.1;protein_700,GCF_006337405.1;protein_825,GCF_007843715.1;protein_893,GCF_002906495.1;protein_703,GCF_022923775.1;protein_769,GCF_021184145.1;protein_73,GCF_022921935.1;protein_841,GCF_002952575.1;protein_842,GCF_002953555.1;protein_700,GCF_019974055.1;protein_738,GCF_030406585.1;protein_577,GCF_030323565.1;protein_869,GCF_007844055.1;protein_724,GCF_002952595.1;protein_842,GCF_002952635.1;protein_847,GCF_002952535.1;protein_846,GCF_007794935.1;protein_841
GCF_021729605.1;protein_684,GCF_016748085.1;protein_738,GCF_002951975.1;protein_843,GCF_016755675.1;protein_699,GCF_006337405.1;protein_826,GCF_007843715.1;protein_894,GCF_002906495.1;protein_704,GCF_022923775.1;protein_770,GCF_021184145.1;protein_74,GCF_022921935.1;protein_842,GCF_002952575.1;protein_843,GCF_002953555.1;protein_701,GCF_019974055.1;protein_737,GCF_030406585.1;protein_576,GCF_030323565.1;protein_870,GCF_007844055.1;protein_723,GCF_002952595.1;protein_843,GCF_002952635.1;protein_848,GCF_002952535.1;protein_847,GCF_007794935.1;protein_842
GCF_021729605.1;protein_685,GCF_016748085.1;protein_739,GCF_002951975.1;protein_844,GCF_016755675.1;protein_698,GCF_006337405.1;protein_827,GCF_007843715.1;protein_895,GCF_002906495.1;protein_705,GCF_022923775.1;protein_771,GCF_021184145.1;protein_75,GCF_022921935.1;protein_843,GCF_002952575.1;protein_844,GCF_002953555.1;protein_702,GCF_019974055.1;protein_736,GCF_030406585.1;protein_575,GCF_030323565.1;protein_871,GCF_007844055.1;protein_722,GCF_002952595.1;protein_844,GCF_002952635.1;protein_849,GCF_002952535.1;protein_848,GCF_007794935.1;protein_843
GCF_021729605.1;protein_689,GCF_016748085.1;protein_745,GCF_002951975.1;protein_849,GCF_016755675.1;protein_694,GCF_006337405.1;protein_831,GCF_007843715.1;protein_899,GCF_002906495.1;protein_709,GCF_022923775.1;protein_777,GCF_021184145.1;protein_80,GCF_022921935.1;protein_849,GCF_002952575.1;protein_849,GCF_002953555.1;protein_706,GCF_019974055.1;protein_726,GCF_030406585.1;protein_571,GCF_030323565.1;protein_875,GCF_007844055.1;protein_718,GCF_002952595.1;protein_849,GCF_002952635.1;protein_854,GCF_002952535.1;protein_853,GCF_007794935.1;protein_848
GCF_021729605.1;protein_69,GCF_016748085.1;protein_68,GCF_002951975.1;protein_1366,GCF_016755675.1;protein_69,GCF_006337405.1;protein_1407,GCF_007843715.1;protein_264,GCF_002906495.1;protein_71,GCF_022923775.1;protein_1375,GCF_021184145.1;protein_1022,GCF_022921935.1;protein_1373,GCF_002952575.1;protein_1365,GCF_002953555.1;protein_72,GCF_019974055.1;protein_258,GCF_030406585.1;protein_957,GCF_030323565.1;protein_219,GCF_007844055.1;protein_1385,GCF_002952595.1;protein_1365,GCF_002952635.1;protein_1370,GCF_002952535.1;protein_1369,GCF_007794935.1;protein_1366
GCF_021729605.1;protein_690,GCF_016748085.1;protein_746,GCF_002951975.1;protein_850,GCF_016755675.1;protein_693,GCF_006337405.1;protein_832,GCF_007843715.1;protein_900,GCF_002906495.1;protein_710,GCF_022923775.1;protein_778,GCF_021184145.1;protein_81,GCF_022921935.1;protein_850,GCF_002952575.1;protein_850,GCF_002953555.1;protein_707,GCF_019974055.1;protein_725,GCF_030406585.1;protein_570,GCF_030323565.1;protein_876,GCF_007844055.1;protein_717,GCF_002952595.1;protein_850,GCF_002952635.1;protein_855,GCF_002952535.1;protein_854,GCF_007794935.1;protein_849
GCF_021729605.1;protein_691,GCF_016748085.1;protein_747,GCF_002951975.1;protein_851,GCF_016755675.1;protein_692,GCF_006337405.1;protein_833,GCF_007843715.1;protein_901,GCF_002906495.1;protein_711,GCF_022923775.1;protein_779,GCF_021184145.1;protein_82,GCF_022921935.1;protein_851,GCF_002952575.1;protein_851,GCF_002953555.1;protein_708,GCF_019974055.1;protein_724,GCF_030406585.1;protein_569,GCF_030323565.1;protein_877,GCF_007844055.1;protein_716,GCF_002952595.1;protein_851,GCF_002952635.1;protein_856,GCF_002952535.1;protein_855,GCF_007794935.1;protein_850
GCF_021729605.1;protein_692,GCF_016748085.1;protein_748,GCF_002951975.1;protein_852,GCF_016755675.1;protein_691,GCF_006337405.1;protein_834,GCF_007843715.1;protein_902,GCF_002906495.1;protein_712,GCF_022923775.1;protein_780,GCF_021184145.1;protein_83,GCF_022921935.1;protein_852,GCF_002952575.1;protein_852,GCF_002953555.1;protein_709,GCF_019974055.1;protein_723,GCF_030406585.1;protein_568,GCF_030323565.1;protein_878,GCF_007844055.1;protein_715,GCF_002952595.1;protein_852,GCF_002952635.1;protein_857,GCF_002952535.1;protein_856,GCF_007794935.1;protein_851
GCF_021729605.1;protein_693,GCF_016748085.1;protein_749,GCF_002951975.1;protein_853,GCF_016755675.1;protein_690,GCF_006337405.1;protein_835,GCF_007843715.1;protein_903,GCF_002906495.1;protein_713,GCF_022923775.1;protein_781,GCF_021184145.1;protein_84,GCF_022921935.1;protein_853,GCF_002952575.1;protein_853,GCF_002953555.1;protein_710,GCF_019974055.1;protein_722,GCF_030406585.1;protein_567,GCF_030323565.1;protein_879,GCF_007844055.1;protein_714,GCF_002952595.1;protein_853,GCF_002952635.1;protein_858,GCF_002952535.1;protein_857,GCF_007794935.1;protein_852
GCF_021729605.1;protein_694,GCF_016748085.1;protein_750,GCF_002951975.1;protein_854,GCF_016755675.1;protein_689,GCF_006337405.1;protein_836,GCF_007843715.1;protein_904,GCF_002906495.1;protein_714,GCF_022923775.1;protein_782,GCF_021184145.1;protein_85,GCF_022921935.1;protein_854,GCF_002952575.1;protein_854,GCF_002953555.1;protein_711,GCF_019974055.1;protein_721,GCF_030406585.1;protein_566,GCF_030323565.1;protein_880,GCF_007844055.1;protein_713,GCF_002952595.1;protein_854,GCF_002952635.1;protein_859,GCF_002952535.1;protein_858,GCF_007794935.1;protein_853
GCF_021729605.1;protein_695,GCF_016748085.1;protein_751,GCF_002951975.1;protein_855,GCF_016755675.1;protein_688,GCF_006337405.1;protein_837,GCF_007843715.1;protein_905,GCF_002906495.1;protein_715,GCF_022923775.1;protein_783,GCF_021184145.1;protein_86,GCF_022921935.1;protein_855,GCF_002952575.1;protein_855,GCF_002953555.1;protein_712,GCF_019974055.1;protein_720,GCF_030406585.1;protein_565,GCF_030323565.1;protein_881,GCF_007844055.1;protein_712,GCF_002952595.1;protein_855,GCF_002952635.1;protein_860,GCF_002952535.1;protein_859,GCF_007794935.1;protein_854
GCF_021729605.1;protein_696,GCF_016748085.1;protein_752,GCF_002951975.1;protein_856,GCF_016755675.1;protein_687,GCF_006337405.1;protein_838,GCF_007843715.1;protein_906,GCF_002906495.1;protein_716,GCF_022923775.1;protein_784,GCF_021184145.1;protein_87,GCF_022921935.1;protein_856,GCF_002952575.1;protein_856,GCF_002953555.1;protein_713,GCF_019974055.1;protein_719,GCF_030406585.1;protein_564,GCF_030323565.1;protein_882,GCF_007844055.1;protein_711,GCF_002952595.1;protein_856,GCF_002952635.1;protein_861,GCF_002952535.1;protein_860,GCF_007794935.1;protein_855
GCF_021729605.1;protein_697,GCF_016748085.1;protein_753,GCF_002951975.1;protein_857,GCF_016755675.1;protein_686,GCF_006337405.1;protein_839,GCF_007843715.1;protein_907,GCF_002906495.1;protein_717,GCF_022923775.1;protein_785,GCF_021184145.1;protein_88,GCF_022921935.1;protein_857,GCF_002952575.1;protein_857,GCF_002953555.1;protein_714,GCF_019974055.1;protein_718,GCF_030406585.1;protein_563,GCF_030323565.1;protein_883,GCF_007844055.1;protein_710,GCF_002952595.1;protein_857,GCF_002952635.1;protein_862,GCF_002952535.1;protein_861,GCF_007794935.1;protein_856
GCF_021729605.1;protein_698,GCF_016748085.1;protein_754,GCF_002951975.1;protein_858,GCF_016755675.1;protein_685,GCF_006337405.1;protein_840,GCF_007843715.1;protein_908,GCF_002906495.1;protein_718,GCF_022923775.1;protein_786,GCF_021184145.1;protein_89,GCF_022921935.1;protein_858,GCF_002952575.1;protein_858,GCF_002953555.1;protein_715,GCF_019974055.1;protein_717,GCF_030406585.1;protein_562,GCF_030323565.1;protein_884,GCF_007844055.1;protein_709,GCF_002952595.1;protein_858,GCF_002952635.1;protein_863,GCF_002952535.1;protein_862,GCF_007794935.1;protein_857
GCF_021729605.1;protein_7,GCF_016748085.1;protein_6,GCF_002951975.1;protein_1474,GCF_016755675.1;protein_6,GCF_006337405.1;protein_1511,GCF_007843715.1;protein_200,GCF_002906495.1;protein_7,GCF_022923775.1;protein_1454,GCF_021184145.1;protein_955,GCF_022921935.1;protein_1446,GCF_002952575.1;protein_1473,GCF_002953555.1;protein_7,GCF_019974055.1;protein_173,GCF_030406585.1;protein_7,GCF_030323565.1;protein_153,GCF_007844055.1;protein_153,GCF_002952595.1;protein_1473,GCF_002952635.1;protein_1478,GCF_002952535.1;protein_1477,GCF_007794935.1;protein_1474
GCF_021729605.1;protein_70,GCF_016748085.1;protein_69,GCF_002951975.1;protein_1365,GCF_016755675.1;protein_70,GCF_006337405.1;protein_1406,GCF_007843715.1;protein_265,GCF_002906495.1;protein_72,GCF_022923775.1;protein_1374,GCF_021184145.1;protein_1023,GCF_022921935.1;protein_1372,GCF_002952575.1;protein_1364,GCF_002953555.1;protein_73,GCF_019974055.1;protein_259,GCF_030406585.1;protein_958,GCF_030323565.1;protein_220,GCF_007844055.1;protein_1384,GCF_002952595.1;protein_1364,GCF_002952635.1;protein_1369,GCF_002952535.1;protein_1368,GCF_007794935.1;protein_1365
GCF_021729605.1;protein_700,GCF_016748085.1;protein_757,GCF_002951975.1;protein_861,GCF_016755675.1;protein_683,GCF_006337405.1;protein_846,GCF_007843715.1;protein_911,GCF_002906495.1;protein_721,GCF_022923775.1;protein_789,GCF_021184145.1;protein_92,GCF_022921935.1;protein_860,GCF_002952575.1;protein_861,GCF_002953555.1;protein_718,GCF_019974055.1;protein_714,GCF_030406585.1;protein_559,GCF_030323565.1;protein_887,GCF_007844055.1;protein_706,GCF_002952595.1;protein_861,GCF_002952635.1;protein_866,GCF_002952535.1;protein_865,GCF_007794935.1;protein_860
GCF_021729605.1;protein_701,GCF_016748085.1;protein_758,GCF_002951975.1;protein_862,GCF_016755675.1;protein_682,GCF_006337405.1;protein_847,GCF_007843715.1;protein_912,GCF_002906495.1;protein_722,GCF_022923775.1;protein_790,GCF_021184145.1;protein_93,GCF_022921935.1;protein_861,GCF_002952575.1;protein_862,GCF_002953555.1;protein_719,GCF_019974055.1;protein_713,GCF_030406585.1;protein_558,GCF_030323565.1;protein_888,GCF_007844055.1;protein_705,GCF_002952595.1;protein_862,GCF_002952635.1;protein_867,GCF_002952535.1;protein_866,GCF_007794935.1;protein_861
GCF_021729605.1;protein_702,GCF_016748085.1;protein_759,GCF_002951975.1;protein_863,GCF_016755675.1;protein_681,GCF_006337405.1;protein_848,GCF_007843715.1;protein_913,GCF_002906495.1;protein_723,GCF_022923775.1;protein_791,GCF_021184145.1;protein_94,GCF_022921935.1;protein_862,GCF_002952575.1;protein_863,GCF_002953555.1;protein_720,GCF_019974055.1;protein_712,GCF_030406585.1;protein_557,GCF_030323565.1;protein_889,GCF_007844055.1;protein_704,GCF_002952595.1;protein_863,GCF_002952635.1;protein_868,GCF_002952535.1;protein_867,GCF_007794935.1;protein_862
GCF_021729605.1;protein_703,GCF_016748085.1;protein_760,GCF_002951975.1;protein_864,GCF_016755675.1;protein_680,GCF_006337405.1;protein_849,GCF_007843715.1;protein_914,GCF_002906495.1;protein_724,GCF_022923775.1;protein_792,GCF_021184145.1;protein_95,GCF_022921935.1;protein_863,GCF_002952575.1;protein_864,GCF_002953555.1;protein_721,GCF_019974055.1;protein_711,GCF_030406585.1;protein_556,GCF_030323565.1;protein_890,GCF_007844055.1;protein_703,GCF_002952595.1;protein_864,GCF_002952635.1;protein_869,GCF_002952535.1;protein_868,GCF_007794935.1;protein_863
GCF_021729605.1;protein_704,GCF_016748085.1;protein_761,GCF_002951975.1;protein_865,GCF_016755675.1;protein_679,GCF_006337405.1;protein_850,GCF_007843715.1;protein_915,GCF_002906495.1;protein_725,GCF_022923775.1;protein_793,GCF_021184145.1;protein_96,GCF_022921935.1;protein_864,GCF_002952575.1;protein_865,GCF_002953555.1;protein_722,GCF_019974055.1;protein_710,GCF_030406585.1;protein_555,GCF_030323565.1;protein_891,GCF_007844055.1;protein_702,GCF_002952595.1;protein_865,GCF_002952635.1;protein_870,GCF_002952535.1;protein_869,GCF_007794935.1;protein_864
GCF_021729605.1;protein_705,GCF_016748085.1;protein_762,GCF_002951975.1;protein_866,GCF_016755675.1;protein_678,GCF_006337405.1;protein_851,GCF_007843715.1;protein_916,GCF_002906495.1;protein_726,GCF_022923775.1;protein_794,GCF_021184145.1;protein_97,GCF_022921935.1;protein_865,GCF_002952575.1;protein_866,GCF_002953555.1;protein_723,GCF_019974055.1;protein_709,GCF_030406585.1;protein_554,GCF_030323565.1;protein_892,GCF_007844055.1;protein_701,GCF_002952595.1;protein_866,GCF_002952635.1;protein_871,GCF_002952535.1;protein_870,GCF_007794935.1;protein_865
GCF_021729605.1;protein_706,GCF_016748085.1;protein_763,GCF_002951975.1;protein_867,GCF_016755675.1;protein_677,GCF_006337405.1;protein_852,GCF_007843715.1;protein_917,GCF_002906495.1;protein_727,GCF_022923775.1;protein_795,GCF_021184145.1;protein_98,GCF_022921935.1;protein_866,GCF_002952575.1;protein_867,GCF_002953555.1;protein_724,GCF_019974055.1;protein_708,GCF_030406585.1;protein_553,GCF_030323565.1;protein_893,GCF_007844055.1;protein_700,GCF_002952595.1;protein_867,GCF_002952635.1;protein_872,GCF_002952535.1;protein_871,GCF_007794935.1;protein_866
GCF_021729605.1;protein_707,GCF_016748085.1;protein_764,GCF_002951975.1;protein_868,GCF_016755675.1;protein_676,GCF_006337405.1;protein_853,GCF_007843715.1;protein_918,GCF_002906495.1;protein_728,GCF_022923775.1;protein_796,GCF_021184145.1;protein_99,GCF_022921935.1;protein_867,GCF_002952575.1;protein_868,GCF_002953555.1;protein_725,GCF_019974055.1;protein_707,GCF_030406585.1;protein_552,GCF_030323565.1;protein_894,GCF_007844055.1;protein_699,GCF_002952595.1;protein_868,GCF_002952635.1;protein_873,GCF_002952535.1;protein_872,GCF_007794935.1;protein_867
GCF_021729605.1;protein_708,GCF_016748085.1;protein_765,GCF_002951975.1;protein_869,GCF_016755675.1;protein_675,GCF_006337405.1;protein_854,GCF_007843715.1;protein_919,GCF_002906495.1;protein_729,GCF_022923775.1;protein_797,GCF_021184145.1;protein_100,GCF_022921935.1;protein_868,GCF_002952575.1;protein_869,GCF_002953555.1;protein_726,GCF_019974055.1;protein_706,GCF_030406585.1;protein_551,GCF_030323565.1;protein_895,GCF_007844055.1;protein_698,GCF_002952595.1;protein_869,GCF_002952635.1;protein_874,GCF_002952535.1;protein_873,GCF_007794935.1;protein_868
GCF_021729605.1;protein_709,GCF_016748085.1;protein_766,GCF_002951975.1;protein_870,GCF_016755675.1;protein_674,GCF_006337405.1;protein_855,GCF_007843715.1;protein_920,GCF_002906495.1;protein_730,GCF_022923775.1;protein_798,GCF_021184145.1;protein_101,GCF_022921935.1;protein_869,GCF_002952575.1;protein_870,GCF_002953555.1;protein_727,GCF_019974055.1;protein_705,GCF_030406585.1;protein_550,GCF_030323565.1;protein_896,GCF_007844055.1;protein_697,GCF_002952595.1;protein_870,GCF_002952635.1;protein_875,GCF_002952535.1;protein_874,GCF_007794935.1;protein_869
GCF_021729605.1;protein_710,GCF_016748085.1;protein_767,GCF_002951975.1;protein_871,GCF_016755675.1;protein_673,GCF_006337405.1;protein_856,GCF_007843715.1;protein_921,GCF_002906495.1;protein_731,GCF_022923775.1;protein_799,GCF_021184145.1;protein_102,GCF_022921935.1;protein_870,GCF_002952575.1;protein_871,GCF_002953555.1;protein_728,GCF_019974055.1;protein_704,GCF_030406585.1;protein_549,GCF_030323565.1;protein_897,GCF_007844055.1;protein_696,GCF_002952595.1;protein_871,GCF_002952635.1;protein_876,GCF_002952535.1;protein_875,GCF_007794935.1;protein_870
GCF_021729605.1;protein_711,GCF_016748085.1;protein_768,GCF_002951975.1;protein_872,GCF_016755675.1;protein_672,GCF_006337405.1;protein_857,GCF_007843715.1;protein_922,GCF_002906495.1;protein_732,GCF_022923775.1;protein_800,GCF_021184145.1;protein_103,GCF_022921935.1;protein_871,GCF_002952575.1;protein_872,GCF_002953555.1;protein_729,GCF_019974055.1;protein_703,GCF_030406585.1;protein_548,GCF_030323565.1;protein_898,GCF_007844055.1;protein_695,GCF_002952595.1;protein_872,GCF_002952635.1;protein_877,GCF_002952535.1;protein_876,GCF_007794935.1;protein_871
GCF_021729605.1;protein_712,GCF_016748085.1;protein_769,GCF_002951975.1;protein_873,GCF_016755675.1;protein_671,GCF_006337405.1;protein_858,GCF_007843715.1;protein_923,GCF_002906495.1;protein_733,GCF_022923775.1;protein_801,GCF_021184145.1;protein_104,GCF_022921935.1;protein_872,GCF_002952575.1;protein_873,GCF_002953555.1;protein_730,GCF_019974055.1;protein_702,GCF_030406585.1;protein_547,GCF_030323565.1;protein_899,GCF_007844055.1;protein_694,GCF_002952595.1;protein_873,GCF_002952635.1;protein_878,GCF_002952535.1;protein_877,GCF_007794935.1;protein_872
GCF_021729605.1;protein_713,GCF_016748085.1;protein_770,GCF_002951975.1;protein_874,GCF_016755675.1;protein_670,GCF_006337405.1;protein_859,GCF_007843715.1;protein_924,GCF_002906495.1;protein_734,GCF_022923775.1;protein_802,GCF_021184145.1;protein_105,GCF_022921935.1;protein_873,GCF_002952575.1;protein_874,GCF_002953555.1;protein_731,GCF_019974055.1;protein_701,GCF_030406585.1;protein_546,GCF_030323565.1;protein_900,GCF_007844055.1;protein_693,GCF_002952595.1;protein_874,GCF_002952635.1;protein_879,GCF_002952535.1;protein_878,GCF_007794935.1;protein_873
GCF_021729605.1;protein_714,GCF_016748085.1;protein_771,GCF_002951975.1;protein_875,GCF_016755675.1;protein_669,GCF_006337405.1;protein_860,GCF_007843715.1;protein_925,GCF_002906495.1;protein_735,GCF_022923775.1;protein_803,GCF_021184145.1;protein_106,GCF_022921935.1;protein_874,GCF_002952575.1;protein_875,GCF_002953555.1;protein_732,GCF_019974055.1;protein_700,GCF_030406585.1;protein_545,GCF_030323565.1;protein_901,GCF_007844055.1;protein_692,GCF_002952595.1;protein_875,GCF_002952635.1;protein_880,GCF_002952535.1;protein_879,GCF_007794935.1;protein_874
GCF_021729605.1;protein_715,GCF_016748085.1;protein_772,GCF_002951975.1;protein_876,GCF_016755675.1;protein_668,GCF_006337405.1;protein_861,GCF_007843715.1;protein_926,GCF_002906495.1;protein_736,GCF_022923775.1;protein_804,GCF_021184145.1;protein_107,GCF_022921935.1;protein_875,GCF_002952575.1;protein_876,GCF_002953555.1;protein_733,GCF_019974055.1;protein_699,GCF_030406585.1;protein_544,GCF_030323565.1;protein_902,GCF_007844055.1;protein_691,GCF_002952595.1;protein_876,GCF_002952635.1;protein_881,GCF_002952535.1;protein_880,GCF_007794935.1;protein_875
GCF_021729605.1;protein_716,GCF_016748085.1;protein_773,GCF_002951975.1;protein_877,GCF_016755675.1;protein_667,GCF_006337405.1;protein_862,GCF_007843715.1;protein_927,GCF_002906495.1;protein_737,GCF_022923775.1;protein_805,GCF_021184145.1;protein_108,GCF_022921935.1;protein_876,GCF_002952575.1;protein_877,GCF_002953555.1;protein_734,GCF_019974055.1;protein_698,GCF_030406585.1;protein_543,GCF_030323565.1;protein_903,GCF_007844055.1;protein_690,GCF_002952595.1;protein_877,GCF_002952635.1;protein_882,GCF_002952535.1;protein_881,GCF_007794935.1;protein_876
GCF_021729605.1;protein_717,GCF_016748085.1;protein_774,GCF_002951975.1;protein_878,GCF_016755675.1;protein_666,GCF_006337405.1;protein_863,GCF_007843715.1;protein_928,GCF_002906495.1;protein_738,GCF_022923775.1;protein_806,GCF_021184145.1;protein_109,GCF_022921935.1;protein_877,GCF_002952575.1;protein_878,GCF_002953555.1;protein_735,GCF_019974055.1;protein_697,GCF_030406585.1;protein_542,GCF_030323565.1;protein_904,GCF_007844055.1;protein_689,GCF_002952595.1;protein_878,GCF_002952635.1;protein_883,GCF_002952535.1;protein_882,GCF_007794935.1;protein_877
GCF_021729605.1;protein_718,GCF_016748085.1;protein_775,GCF_002951975.1;protein_879,GCF_016755675.1;protein_665,GCF_006337405.1;protein_864,GCF_007843715.1;protein_929,GCF_002906495.1;protein_739,GCF_022923775.1;protein_807,GCF_021184145.1;protein_110,GCF_022921935.1;protein_878,GCF_002952575.1;protein_879,GCF_002953555.1;protein_736,GCF_019974055.1;protein_696,GCF_030406585.1;protein_541,GCF_030323565.1;protein_905,GCF_007844055.1;protein_688,GCF_002952595.1;protein_879,GCF_002952635.1;protein_884,GCF_002952535.1;protein_883,GCF_007794935.1;protein_878
GCF_021729605.1;protein_72,GCF_016748085.1;protein_72,GCF_002951975.1;protein_1363,GCF_016755675.1;protein_72,GCF_006337405.1;protein_1403,GCF_007843715.1;protein_267,GCF_002906495.1;protein_75,GCF_022923775.1;protein_1371,GCF_021184145.1;protein_1025,GCF_022921935.1;protein_1371,GCF_002952575.1;protein_1362,GCF_002953555.1;protein_76,GCF_019974055.1;protein_261,GCF_030406585.1;protein_961,GCF_030323565.1;protein_223,GCF_007844055.1;protein_1382,GCF_002952595.1;protein_1362,GCF_002952635.1;protein_1367,GCF_002952535.1;protein_1366,GCF_007794935.1;protein_1363
GCF_021729605.1;protein_723,GCF_016748085.1;protein_782,GCF_002951975.1;protein_885,GCF_016755675.1;protein_659,GCF_006337405.1;protein_871,GCF_007843715.1;protein_935,GCF_002906495.1;protein_745,GCF_022923775.1;protein_814,GCF_021184145.1;protein_116,GCF_022921935.1;protein_880,GCF_002952575.1;protein_885,GCF_002953555.1;protein_742,GCF_019974055.1;protein_691,GCF_030406585.1;protein_536,GCF_030323565.1;protein_909,GCF_007844055.1;protein_683,GCF_002952595.1;protein_885,GCF_002952635.1;protein_890,GCF_002952535.1;protein_889,GCF_007794935.1;protein_884
GCF_021729605.1;protein_724,GCF_016748085.1;protein_783,GCF_002951975.1;protein_886,GCF_016755675.1;protein_658,GCF_006337405.1;protein_872,GCF_007843715.1;protein_936,GCF_002906495.1;protein_746,GCF_022923775.1;protein_815,GCF_021184145.1;protein_117,GCF_022921935.1;protein_881,GCF_002952575.1;protein_886,GCF_002953555.1;protein_743,GCF_019974055.1;protein_690,GCF_030406585.1;protein_535,GCF_030323565.1;protein_910,GCF_007844055.1;protein_682,GCF_002952595.1;protein_886,GCF_002952635.1;protein_891,GCF_002952535.1;protein_890,GCF_007794935.1;protein_885
GCF_021729605.1;protein_725,GCF_016748085.1;protein_784,GCF_002951975.1;protein_887,GCF_016755675.1;protein_657,GCF_006337405.1;protein_873,GCF_007843715.1;protein_937,GCF_002906495.1;protein_747,GCF_022923775.1;protein_816,GCF_021184145.1;protein_118,GCF_022921935.1;protein_882,GCF_002952575.1;protein_887,GCF_002953555.1;protein_744,GCF_019974055.1;protein_689,GCF_030406585.1;protein_534,GCF_030323565.1;protein_911,GCF_007844055.1;protein_681,GCF_002952595.1;protein_887,GCF_002952635.1;protein_892,GCF_002952535.1;protein_891,GCF_007794935.1;protein_886
GCF_021729605.1;protein_727,GCF_016748085.1;protein_786,GCF_002951975.1;protein_889,GCF_016755675.1;protein_655,GCF_006337405.1;protein_875,GCF_007843715.1;protein_939,GCF_002906495.1;protein_749,GCF_022923775.1;protein_818,GCF_021184145.1;protein_120,GCF_022921935.1;protein_884,GCF_002952575.1;protein_889,GCF_002953555.1;protein_746,GCF_019974055.1;protein_687,GCF_030406585.1;protein_532,GCF_030323565.1;protein_913,GCF_007844055.1;protein_679,GCF_002952595.1;protein_889,GCF_002952635.1;protein_894,GCF_002952535.1;protein_893,GCF_007794935.1;protein_888
GCF_021729605.1;protein_728,GCF_016748085.1;protein_787,GCF_002951975.1;protein_890,GCF_016755675.1;protein_654,GCF_006337405.1;protein_876,GCF_007843715.1;protein_940,GCF_002906495.1;protein_750,GCF_022923775.1;protein_819,GCF_021184145.1;protein_121,GCF_022921935.1;protein_885,GCF_002952575.1;protein_890,GCF_002953555.1;protein_747,GCF_019974055.1;protein_686,GCF_030406585.1;protein_531,GCF_030323565.1;protein_914,GCF_007844055.1;protein_678,GCF_002952595.1;protein_890,GCF_002952635.1;protein_895,GCF_002952535.1;protein_894,GCF_007794935.1;protein_889
GCF_021729605.1;protein_729,GCF_016748085.1;protein_788,GCF_002951975.1;protein_891,GCF_016755675.1;protein_653,GCF_006337405.1;protein_877,GCF_007843715.1;protein_941,GCF_002906495.1;protein_751,GCF_022923775.1;protein_820,GCF_021184145.1;protein_122,GCF_022921935.1;protein_886,GCF_002952575.1;protein_891,GCF_002953555.1;protein_748,GCF_019974055.1;protein_685,GCF_030406585.1;protein_530,GCF_030323565.1;protein_915,GCF_007844055.1;protein_677,GCF_002952595.1;protein_891,GCF_002952635.1;protein_896,GCF_002952535.1;protein_895,GCF_007794935.1;protein_890
GCF_021729605.1;protein_730,GCF_016748085.1;protein_789,GCF_002951975.1;protein_892,GCF_016755675.1;protein_652,GCF_006337405.1;protein_878,GCF_007843715.1;protein_942,GCF_002906495.1;protein_752,GCF_022923775.1;protein_821,GCF_021184145.1;protein_123,GCF_022921935.1;protein_887,GCF_002952575.1;protein_892,GCF_002953555.1;protein_749,GCF_019974055.1;protein_684,GCF_030406585.1;protein_529,GCF_030323565.1;protein_916,GCF_007844055.1;protein_676,GCF_002952595.1;protein_892,GCF_002952635.1;protein_897,GCF_002952535.1;protein_896,GCF_007794935.1;protein_891
GCF_021729605.1;protein_731,GCF_016748085.1;protein_790,GCF_002951975.1;protein_893,GCF_016755675.1;protein_651,GCF_006337405.1;protein_879,GCF_007843715.1;protein_943,GCF_002906495.1;protein_753,GCF_022923775.1;protein_822,GCF_021184145.1;protein_124,GCF_022921935.1;protein_888,GCF_002952575.1;protein_893,GCF_002953555.1;protein_750,GCF_019974055.1;protein_683,GCF_030406585.1;protein_528,GCF_030323565.1;protein_917,GCF_007844055.1;protein_675,GCF_002952595.1;protein_893,GCF_002952635.1;protein_898,GCF_002952535.1;protein_897,GCF_007794935.1;protein_892
GCF_021729605.1;protein_732,GCF_016748085.1;protein_791,GCF_002951975.1;protein_894,GCF_016755675.1;protein_650,GCF_006337405.1;protein_880,GCF_007843715.1;protein_944,GCF_002906495.1;protein_754,GCF_022923775.1;protein_823,GCF_021184145.1;protein_125,GCF_022921935.1;protein_889,GCF_002952575.1;protein_894,GCF_002953555.1;protein_751,GCF_019974055.1;protein_682,GCF_030406585.1;protein_527,GCF_030323565.1;protein_918,GCF_007844055.1;protein_674,GCF_002952595.1;protein_894,GCF_002952635.1;protein_899,GCF_002952535.1;protein_898,GCF_007794935.1;protein_893
GCF_021729605.1;protein_733,GCF_016748085.1;protein_792,GCF_002951975.1;protein_895,GCF_016755675.1;protein_649,GCF_006337405.1;protein_881,GCF_007843715.1;protein_945,GCF_002906495.1;protein_755,GCF_022923775.1;protein_824,GCF_021184145.1;protein_126,GCF_022921935.1;protein_890,GCF_002952575.1;protein_895,GCF_002953555.1;protein_752,GCF_019974055.1;protein_681,GCF_030406585.1;protein_526,GCF_030323565.1;protein_919,GCF_007844055.1;protein_673,GCF_002952595.1;protein_895,GCF_002952635.1;protein_900,GCF_002952535.1;protein_899,GCF_007794935.1;protein_894
GCF_021729605.1;protein_734,GCF_016748085.1;protein_793,GCF_002951975.1;protein_896,GCF_016755675.1;protein_648,GCF_006337405.1;protein_882,GCF_007843715.1;protein_946,GCF_002906495.1;protein_756,GCF_022923775.1;protein_825,GCF_021184145.1;protein_127,GCF_022921935.1;protein_891,GCF_002952575.1;protein_896,GCF_002953555.1;protein_753,GCF_019974055.1;protein_680,GCF_030406585.1;protein_525,GCF_030323565.1;protein_920,GCF_007844055.1;protein_672,GCF_002952595.1;protein_896,GCF_002952635.1;protein_901,GCF_002952535.1;protein_900,GCF_007794935.1;protein_895
GCF_021729605.1;protein_735,GCF_016748085.1;protein_794,GCF_002951975.1;protein_897,GCF_016755675.1;protein_647,GCF_006337405.1;protein_884,GCF_007843715.1;protein_948,GCF_002906495.1;protein_757,GCF_022923775.1;protein_826,GCF_021184145.1;protein_129,GCF_022921935.1;protein_892,GCF_002952575.1;protein_897,GCF_002953555.1;protein_754,GCF_019974055.1;protein_679,GCF_030406585.1;protein_524,GCF_030323565.1;protein_921,GCF_007844055.1;protein_671,GCF_002952595.1;protein_897,GCF_002952635.1;protein_902,GCF_002952535.1;protein_901,GCF_007794935.1;protein_896
GCF_021729605.1;protein_736,GCF_016748085.1;protein_795,GCF_002951975.1;protein_898,GCF_016755675.1;protein_646,GCF_006337405.1;protein_885,GCF_007843715.1;protein_949,GCF_002906495.1;protein_758,GCF_022923775.1;protein_827,GCF_021184145.1;protein_130,GCF_022921935.1;protein_893,GCF_002952575.1;protein_898,GCF_002953555.1;protein_755,GCF_019974055.1;protein_678,GCF_030406585.1;protein_523,GCF_030323565.1;protein_922,GCF_007844055.1;protein_670,GCF_002952595.1;protein_898,GCF_002952635.1;protein_903,GCF_002952535.1;protein_902,GCF_007794935.1;protein_897
GCF_021729605.1;protein_737,GCF_016748085.1;protein_796,GCF_002951975.1;protein_899,GCF_016755675.1;protein_645,GCF_006337405.1;protein_886,GCF_007843715.1;protein_950,GCF_002906495.1;protein_759,GCF_022923775.1;protein_828,GCF_021184145.1;protein_131,GCF_022921935.1;protein_894,GCF_002952575.1;protein_899,GCF_002953555.1;protein_756,GCF_019974055.1;protein_677,GCF_030406585.1;protein_522,GCF_030323565.1;protein_923,GCF_007844055.1;protein_669,GCF_002952595.1;protein_899,GCF_002952635.1;protein_904,GCF_002952535.1;protein_903,GCF_007794935.1;protein_898
GCF_021729605.1;protein_738,GCF_016748085.1;protein_797,GCF_002951975.1;protein_900,GCF_016755675.1;protein_644,GCF_006337405.1;protein_887,GCF_007843715.1;protein_951,GCF_002906495.1;protein_760,GCF_022923775.1;protein_829,GCF_021184145.1;protein_132,GCF_022921935.1;protein_895,GCF_002952575.1;protein_900,GCF_002953555.1;protein_757,GCF_019974055.1;protein_676,GCF_030406585.1;protein_521,GCF_030323565.1;protein_924,GCF_007844055.1;protein_668,GCF_002952595.1;protein_900,GCF_002952635.1;protein_905,GCF_002952535.1;protein_904,GCF_007794935.1;protein_899
GCF_021729605.1;protein_739,GCF_016748085.1;protein_798,GCF_002951975.1;protein_901,GCF_016755675.1;protein_643,GCF_006337405.1;protein_888,GCF_007843715.1;protein_952,GCF_002906495.1;protein_761,GCF_022923775.1;protein_830,GCF_021184145.1;protein_133,GCF_022921935.1;protein_896,GCF_002952575.1;protein_901,GCF_002953555.1;protein_758,GCF_019974055.1;protein_675,GCF_030406585.1;protein_520,GCF_030323565.1;protein_925,GCF_007844055.1;protein_667,GCF_002952595.1;protein_901,GCF_002952635.1;protein_906,GCF_002952535.1;protein_905,GCF_007794935.1;protein_900
GCF_021729605.1;protein_74,GCF_016748085.1;protein_75,GCF_002951975.1;protein_1360,GCF_016755675.1;protein_74,GCF_006337405.1;protein_1401,GCF_007843715.1;protein_269,GCF_002906495.1;protein_77,GCF_022923775.1;protein_1369,GCF_021184145.1;protein_1027,GCF_022921935.1;protein_1368,GCF_002952575.1;protein_1360,GCF_002953555.1;protein_78,GCF_019974055.1;protein_263,GCF_030406585.1;protein_963,GCF_030323565.1;protein_225,GCF_007844055.1;protein_1380,GCF_002952595.1;protein_1360,GCF_002952635.1;protein_1365,GCF_002952535.1;protein_1364,GCF_007794935.1;protein_1361
GCF_021729605.1;protein_740,GCF_016748085.1;protein_799,GCF_002951975.1;protein_902,GCF_016755675.1;protein_642,GCF_006337405.1;protein_889,GCF_007843715.1;protein_953,GCF_002906495.1;protein_762,GCF_022923775.1;protein_831,GCF_021184145.1;protein_134,GCF_022921935.1;protein_897,GCF_002952575.1;protein_902,GCF_002953555.1;protein_759,GCF_019974055.1;protein_674,GCF_030406585.1;protein_519,GCF_030323565.1;protein_926,GCF_007844055.1;protein_666,GCF_002952595.1;protein_902,GCF_002952635.1;protein_907,GCF_002952535.1;protein_906,GCF_007794935.1;protein_901
GCF_021729605.1;protein_741,GCF_016748085.1;protein_800,GCF_002951975.1;protein_903,GCF_016755675.1;protein_641,GCF_006337405.1;protein_890,GCF_007843715.1;protein_954,GCF_002906495.1;protein_763,GCF_022923775.1;protein_832,GCF_021184145.1;protein_135,GCF_022921935.1;protein_898,GCF_002952575.1;protein_903,GCF_002953555.1;protein_760,GCF_019974055.1;protein_673,GCF_030406585.1;protein_518,GCF_030323565.1;protein_927,GCF_007844055.1;protein_665,GCF_002952595.1;protein_903,GCF_002952635.1;protein_908,GCF_002952535.1;protein_907,GCF_007794935.1;protein_902
GCF_021729605.1;protein_743,GCF_016748085.1;protein_802,GCF_002951975.1;protein_905,GCF_016755675.1;protein_639,GCF_006337405.1;protein_892,GCF_007843715.1;protein_957,GCF_002906495.1;protein_766,GCF_022923775.1;protein_834,GCF_021184145.1;protein_137,GCF_022921935.1;protein_900,GCF_002952575.1;protein_905,GCF_002953555.1;protein_763,GCF_019974055.1;protein_668,GCF_030406585.1;protein_516,GCF_030323565.1;protein_929,GCF_007844055.1;protein_663,GCF_002952595.1;protein_905,GCF_002952635.1;protein_910,GCF_002952535.1;protein_909,GCF_007794935.1;protein_904
GCF_021729605.1;protein_744,GCF_016748085.1;protein_803,GCF_002951975.1;protein_906,GCF_016755675.1;protein_638,GCF_006337405.1;protein_893,GCF_007843715.1;protein_958,GCF_002906495.1;protein_767,GCF_022923775.1;protein_835,GCF_021184145.1;protein_138,GCF_022921935.1;protein_901,GCF_002952575.1;protein_906,GCF_002953555.1;protein_764,GCF_019974055.1;protein_667,GCF_030406585.1;protein_515,GCF_030323565.1;protein_930,GCF_007844055.1;protein_662,GCF_002952595.1;protein_906,GCF_002952635.1;protein_911,GCF_002952535.1;protein_910,GCF_007794935.1;protein_905
GCF_021729605.1;protein_745,GCF_016748085.1;protein_804,GCF_002951975.1;protein_907,GCF_016755675.1;protein_637,GCF_006337405.1;protein_894,GCF_007843715.1;protein_959,GCF_002906495.1;protein_768,GCF_022923775.1;protein_836,GCF_021184145.1;protein_139,GCF_022921935.1;protein_902,GCF_002952575.1;protein_907,GCF_002953555.1;protein_765,GCF_019974055.1;protein_666,GCF_030406585.1;protein_514,GCF_030323565.1;protein_931,GCF_007844055.1;protein_661,GCF_002952595.1;protein_907,GCF_002952635.1;protein_912,GCF_002952535.1;protein_911,GCF_007794935.1;protein_906
GCF_021729605.1;protein_746,GCF_016748085.1;protein_805,GCF_002951975.1;protein_908,GCF_016755675.1;protein_636,GCF_006337405.1;protein_895,GCF_007843715.1;protein_960,GCF_002906495.1;protein_769,GCF_022923775.1;protein_837,GCF_021184145.1;protein_140,GCF_022921935.1;protein_903,GCF_002952575.1;protein_908,GCF_002953555.1;protein_766,GCF_019974055.1;protein_665,GCF_030406585.1;protein_513,GCF_030323565.1;protein_932,GCF_007844055.1;protein_660,GCF_002952595.1;protein_908,GCF_002952635.1;protein_913,GCF_002952535.1;protein_912,GCF_007794935.1;protein_907
GCF_021729605.1;protein_747,GCF_016748085.1;protein_806,GCF_002951975.1;protein_909,GCF_016755675.1;protein_635,GCF_006337405.1;protein_896,GCF_007843715.1;protein_961,GCF_002906495.1;protein_770,GCF_022923775.1;protein_838,GCF_021184145.1;protein_141,GCF_022921935.1;protein_904,GCF_002952575.1;protein_909,GCF_002953555.1;protein_767,GCF_019974055.1;protein_664,GCF_030406585.1;protein_512,GCF_030323565.1;protein_933,GCF_007844055.1;protein_659,GCF_002952595.1;protein_909,GCF_002952635.1;protein_914,GCF_002952535.1;protein_913,GCF_007794935.1;protein_908
GCF_021729605.1;protein_748,GCF_016748085.1;protein_807,GCF_002951975.1;protein_910,GCF_016755675.1;protein_634,GCF_006337405.1;protein_897,GCF_007843715.1;protein_962,GCF_002906495.1;protein_771,GCF_022923775.1;protein_839,GCF_021184145.1;protein_142,GCF_022921935.1;protein_905,GCF_002952575.1;protein_910,GCF_002953555.1;protein_768,GCF_019974055.1;protein_663,GCF_030406585.1;protein_511,GCF_030323565.1;protein_934,GCF_007844055.1;protein_658,GCF_002952595.1;protein_910,GCF_002952635.1;protein_915,GCF_002952535.1;protein_914,GCF_007794935.1;protein_909
GCF_021729605.1;protein_749,GCF_016748085.1;protein_808,GCF_002951975.1;protein_911,GCF_016755675.1;protein_633,GCF_006337405.1;protein_898,GCF_007843715.1;protein_963,GCF_002906495.1;protein_772,GCF_022923775.1;protein_840,GCF_021184145.1;protein_143,GCF_022921935.1;protein_906,GCF_002952575.1;protein_911,GCF_002953555.1;protein_769,GCF_019974055.1;protein_662,GCF_030406585.1;protein_510,GCF_030323565.1;protein_935,GCF_007844055.1;protein_657,GCF_002952595.1;protein_911,GCF_002952635.1;protein_916,GCF_002952535.1;protein_915,GCF_007794935.1;protein_910
GCF_021729605.1;protein_75,GCF_016748085.1;protein_76,GCF_002951975.1;protein_1359,GCF_016755675.1;protein_75,GCF_006337405.1;protein_1400,GCF_007843715.1;protein_270,GCF_002906495.1;protein_78,GCF_022923775.1;protein_1368,GCF_021184145.1;protein_1028,GCF_022921935.1;protein_1367,GCF_002952575.1;protein_1359,GCF_002953555.1;protein_79,GCF_019974055.1;protein_264,GCF_030406585.1;protein_964,GCF_030323565.1;protein_226,GCF_007844055.1;protein_1379,GCF_002952595.1;protein_1359,GCF_002952635.1;protein_1364,GCF_002952535.1;protein_1363,GCF_007794935.1;protein_1360
GCF_021729605.1;protein_750,GCF_016748085.1;protein_809,GCF_002951975.1;protein_912,GCF_016755675.1;protein_632,GCF_006337405.1;protein_899,GCF_007843715.1;protein_964,GCF_002906495.1;protein_773,GCF_022923775.1;protein_841,GCF_021184145.1;protein_144,GCF_022921935.1;protein_907,GCF_002952575.1;protein_912,GCF_002953555.1;protein_770,GCF_019974055.1;protein_661,GCF_030406585.1;protein_509,GCF_030323565.1;protein_936,GCF_007844055.1;protein_656,GCF_002952595.1;protein_912,GCF_002952635.1;protein_917,GCF_002952535.1;protein_916,GCF_007794935.1;protein_911
GCF_021729605.1;protein_751,GCF_016748085.1;protein_810,GCF_002951975.1;protein_913,GCF_016755675.1;protein_631,GCF_006337405.1;protein_900,GCF_007843715.1;protein_965,GCF_002906495.1;protein_774,GCF_022923775.1;protein_842,GCF_021184145.1;protein_145,GCF_022921935.1;protein_908,GCF_002952575.1;protein_913,GCF_002953555.1;protein_771,GCF_019974055.1;protein_660,GCF_030406585.1;protein_508,GCF_030323565.1;protein_937,GCF_007844055.1;protein_655,GCF_002952595.1;protein_913,GCF_002952635.1;protein_918,GCF_002952535.1;protein_917,GCF_007794935.1;protein_912
GCF_021729605.1;protein_752,GCF_016748085.1;protein_811,GCF_002951975.1;protein_914,GCF_016755675.1;protein_630,GCF_006337405.1;protein_901,GCF_007843715.1;protein_966,GCF_002906495.1;protein_775,GCF_022923775.1;protein_843,GCF_021184145.1;protein_146,GCF_022921935.1;protein_909,GCF_002952575.1;protein_914,GCF_002953555.1;protein_772,GCF_019974055.1;protein_659,GCF_030406585.1;protein_507,GCF_030323565.1;protein_938,GCF_007844055.1;protein_654,GCF_002952595.1;protein_914,GCF_002952635.1;protein_919,GCF_002952535.1;protein_918,GCF_007794935.1;protein_913
GCF_021729605.1;protein_753,GCF_016748085.1;protein_812,GCF_002951975.1;protein_915,GCF_016755675.1;protein_629,GCF_006337405.1;protein_902,GCF_007843715.1;protein_967,GCF_002906495.1;protein_776,GCF_022923775.1;protein_844,GCF_021184145.1;protein_147,GCF_022921935.1;protein_910,GCF_002952575.1;protein_915,GCF_002953555.1;protein_773,GCF_019974055.1;protein_658,GCF_030406585.1;protein_506,GCF_030323565.1;protein_939,GCF_007844055.1;protein_653,GCF_002952595.1;protein_915,GCF_002952635.1;protein_920,GCF_002952535.1;protein_919,GCF_007794935.1;protein_914
GCF_021729605.1;protein_754,GCF_016748085.1;protein_813,GCF_002951975.1;protein_916,GCF_016755675.1;protein_628,GCF_006337405.1;protein_903,GCF_007843715.1;protein_968,GCF_002906495.1;protein_777,GCF_022923775.1;protein_845,GCF_021184145.1;protein_148,GCF_022921935.1;protein_911,GCF_002952575.1;protein_916,GCF_002953555.1;protein_774,GCF_019974055.1;protein_657,GCF_030406585.1;protein_505,GCF_030323565.1;protein_940,GCF_007844055.1;protein_652,GCF_002952595.1;protein_916,GCF_002952635.1;protein_921,GCF_002952535.1;protein_920,GCF_007794935.1;protein_915
GCF_021729605.1;protein_755,GCF_016748085.1;protein_814,GCF_002951975.1;protein_917,GCF_016755675.1;protein_627,GCF_006337405.1;protein_904,GCF_007843715.1;protein_969,GCF_002906495.1;protein_778,GCF_022923775.1;protein_846,GCF_021184145.1;protein_149,GCF_022921935.1;protein_912,GCF_002952575.1;protein_917,GCF_002953555.1;protein_775,GCF_019974055.1;protein_656,GCF_030406585.1;protein_504,GCF_030323565.1;protein_941,GCF_007844055.1;protein_651,GCF_002952595.1;protein_917,GCF_002952635.1;protein_922,GCF_002952535.1;protein_921,GCF_007794935.1;protein_916
GCF_021729605.1;protein_756,GCF_016748085.1;protein_815,GCF_002951975.1;protein_918,GCF_016755675.1;protein_626,GCF_006337405.1;protein_905,GCF_007843715.1;protein_970,GCF_002906495.1;protein_779,GCF_022923775.1;protein_848,GCF_021184145.1;protein_150,GCF_022921935.1;protein_914,GCF_002952575.1;protein_918,GCF_002953555.1;protein_776,GCF_019974055.1;protein_655,GCF_030406585.1;protein_503,GCF_030323565.1;protein_942,GCF_007844055.1;protein_650,GCF_002952595.1;protein_918,GCF_002952635.1;protein_923,GCF_002952535.1;protein_922,GCF_007794935.1;protein_917
GCF_021729605.1;protein_758,GCF_016748085.1;protein_816,GCF_002951975.1;protein_919,GCF_016755675.1;protein_625,GCF_006337405.1;protein_906,GCF_007843715.1;protein_971,GCF_002906495.1;protein_780,GCF_022923775.1;protein_849,GCF_021184145.1;protein_151,GCF_022921935.1;protein_915,GCF_002952575.1;protein_919,GCF_002953555.1;protein_777,GCF_019974055.1;protein_654,GCF_030406585.1;protein_502,GCF_030323565.1;protein_943,GCF_007844055.1;protein_649,GCF_002952595.1;protein_919,GCF_002952635.1;protein_924,GCF_002952535.1;protein_923,GCF_007794935.1;protein_918
GCF_021729605.1;protein_759,GCF_016748085.1;protein_817,GCF_002951975.1;protein_920,GCF_016755675.1;protein_624,GCF_006337405.1;protein_907,GCF_007843715.1;protein_972,GCF_002906495.1;protein_781,GCF_022923775.1;protein_850,GCF_021184145.1;protein_152,GCF_022921935.1;protein_916,GCF_002952575.1;protein_920,GCF_002953555.1;protein_778,GCF_019974055.1;protein_653,GCF_030406585.1;protein_501,GCF_030323565.1;protein_944,GCF_007844055.1;protein_648,GCF_002952595.1;protein_920,GCF_002952635.1;protein_925,GCF_002952535.1;protein_924,GCF_007794935.1;protein_919
GCF_021729605.1;protein_76,GCF_016748085.1;protein_77,GCF_002951975.1;protein_1358,GCF_016755675.1;protein_76,GCF_006337405.1;protein_1399,GCF_007843715.1;protein_271,GCF_002906495.1;protein_79,GCF_022923775.1;protein_1367,GCF_021184145.1;protein_1029,GCF_022921935.1;protein_1366,GCF_002952575.1;protein_1358,GCF_002953555.1;protein_80,GCF_019974055.1;protein_265,GCF_030406585.1;protein_965,GCF_030323565.1;protein_227,GCF_007844055.1;protein_1378,GCF_002952595.1;protein_1358,GCF_002952635.1;protein_1363,GCF_002952535.1;protein_1362,GCF_007794935.1;protein_1359
GCF_021729605.1;protein_760,GCF_016748085.1;protein_819,GCF_002951975.1;protein_922,GCF_016755675.1;protein_622,GCF_006337405.1;protein_909,GCF_007843715.1;protein_974,GCF_002906495.1;protein_783,GCF_022923775.1;protein_852,GCF_021184145.1;protein_154,GCF_022921935.1;protein_918,GCF_002952575.1;protein_922,GCF_002953555.1;protein_780,GCF_019974055.1;protein_651,GCF_030406585.1;protein_499,GCF_030323565.1;protein_946,GCF_007844055.1;protein_646,GCF_002952595.1;protein_922,GCF_002952635.1;protein_927,GCF_002952535.1;protein_926,GCF_007794935.1;protein_921
GCF_021729605.1;protein_761,GCF_016748085.1;protein_820,GCF_002951975.1;protein_923,GCF_016755675.1;protein_621,GCF_006337405.1;protein_910,GCF_007843715.1;protein_975,GCF_002906495.1;protein_784,GCF_022923775.1;protein_853,GCF_021184145.1;protein_155,GCF_022921935.1;protein_919,GCF_002952575.1;protein_923,GCF_002953555.1;protein_781,GCF_019974055.1;protein_650,GCF_030406585.1;protein_498,GCF_030323565.1;protein_947,GCF_007844055.1;protein_645,GCF_002952595.1;protein_923,GCF_002952635.1;protein_928,GCF_002952535.1;protein_927,GCF_007794935.1;protein_922
GCF_021729605.1;protein_762,GCF_016748085.1;protein_821,GCF_002951975.1;protein_924,GCF_016755675.1;protein_620,GCF_006337405.1;protein_911,GCF_007843715.1;protein_976,GCF_002906495.1;protein_785,GCF_022923775.1;protein_854,GCF_021184145.1;protein_156,GCF_022921935.1;protein_920,GCF_002952575.1;protein_924,GCF_002953555.1;protein_782,GCF_019974055.1;protein_649,GCF_030406585.1;protein_497,GCF_030323565.1;protein_948,GCF_007844055.1;protein_644,GCF_002952595.1;protein_924,GCF_002952635.1;protein_929,GCF_002952535.1;protein_928,GCF_007794935.1;protein_923
GCF_021729605.1;protein_763,GCF_016748085.1;protein_822,GCF_002951975.1;protein_925,GCF_016755675.1;protein_619,GCF_006337405.1;protein_912,GCF_007843715.1;protein_977,GCF_002906495.1;protein_786,GCF_022923775.1;protein_855,GCF_021184145.1;protein_157,GCF_022921935.1;protein_921,GCF_002952575.1;protein_925,GCF_002953555.1;protein_783,GCF_019974055.1;protein_648,GCF_030406585.1;protein_496,GCF_030323565.1;protein_949,GCF_007844055.1;protein_643,GCF_002952595.1;protein_925,GCF_002952635.1;protein_930,GCF_002952535.1;protein_929,GCF_007794935.1;protein_924
GCF_021729605.1;protein_764,GCF_016748085.1;protein_823,GCF_002951975.1;protein_926,GCF_016755675.1;protein_618,GCF_006337405.1;protein_913,GCF_007843715.1;protein_978,GCF_002906495.1;protein_787,GCF_022923775.1;protein_625,GCF_021184145.1;protein_158,GCF_022921935.1;protein_922,GCF_002952575.1;protein_926,GCF_002953555.1;protein_784,GCF_019974055.1;protein_647,GCF_030406585.1;protein_495,GCF_030323565.1;protein_950,GCF_007844055.1;protein_642,GCF_002952595.1;protein_926,GCF_002952635.1;protein_931,GCF_002952535.1;protein_930,GCF_007794935.1;protein_925
GCF_021729605.1;protein_765,GCF_016748085.1;protein_824,GCF_002951975.1;protein_927,GCF_016755675.1;protein_617,GCF_006337405.1;protein_914,GCF_007843715.1;protein_979,GCF_002906495.1;protein_788,GCF_022923775.1;protein_624,GCF_021184145.1;protein_159,GCF_022921935.1;protein_923,GCF_002952575.1;protein_927,GCF_002953555.1;protein_785,GCF_019974055.1;protein_646,GCF_030406585.1;protein_494,GCF_030323565.1;protein_951,GCF_007844055.1;protein_641,GCF_002952595.1;protein_927,GCF_002952635.1;protein_932,GCF_002952535.1;protein_931,GCF_007794935.1;protein_926
GCF_021729605.1;protein_766,GCF_016748085.1;protein_825,GCF_002951975.1;protein_928,GCF_016755675.1;protein_616,GCF_006337405.1;protein_915,GCF_007843715.1;protein_980,GCF_002906495.1;protein_789,GCF_022923775.1;protein_623,GCF_021184145.1;protein_160,GCF_022921935.1;protein_924,GCF_002952575.1;protein_928,GCF_002953555.1;protein_786,GCF_019974055.1;protein_645,GCF_030406585.1;protein_493,GCF_030323565.1;protein_952,GCF_007844055.1;protein_640,GCF_002952595.1;protein_928,GCF_002952635.1;protein_933,GCF_002952535.1;protein_932,GCF_007794935.1;protein_927
GCF_021729605.1;protein_767,GCF_016748085.1;protein_826,GCF_002951975.1;protein_929,GCF_016755675.1;protein_615,GCF_006337405.1;protein_916,GCF_007843715.1;protein_981,GCF_002906495.1;protein_790,GCF_022923775.1;protein_622,GCF_021184145.1;protein_161,GCF_022921935.1;protein_925,GCF_002952575.1;protein_929,GCF_002953555.1;protein_787,GCF_019974055.1;protein_644,GCF_030406585.1;protein_492,GCF_030323565.1;protein_953,GCF_007844055.1;protein_639,GCF_002952595.1;protein_929,GCF_002952635.1;protein_934,GCF_002952535.1;protein_933,GCF_007794935.1;protein_928
GCF_021729605.1;protein_768,GCF_016748085.1;protein_827,GCF_002951975.1;protein_930,GCF_016755675.1;protein_614,GCF_006337405.1;protein_917,GCF_007843715.1;protein_982,GCF_002906495.1;protein_791,GCF_022923775.1;protein_621,GCF_021184145.1;protein_162,GCF_022921935.1;protein_926,GCF_002952575.1;protein_930,GCF_002953555.1;protein_788,GCF_019974055.1;protein_643,GCF_030406585.1;protein_491,GCF_030323565.1;protein_954,GCF_007844055.1;protein_638,GCF_002952595.1;protein_930,GCF_002952635.1;protein_935,GCF_002952535.1;protein_934,GCF_007794935.1;protein_929
GCF_021729605.1;protein_769,GCF_016748085.1;protein_828,GCF_002951975.1;protein_931,GCF_016755675.1;protein_613,GCF_006337405.1;protein_918,GCF_007843715.1;protein_983,GCF_002906495.1;protein_792,GCF_022923775.1;protein_620,GCF_021184145.1;protein_163,GCF_022921935.1;protein_927,GCF_002952575.1;protein_931,GCF_002953555.1;protein_789,GCF_019974055.1;protein_642,GCF_030406585.1;protein_490,GCF_030323565.1;protein_955,GCF_007844055.1;protein_637,GCF_002952595.1;protein_931,GCF_002952635.1;protein_936,GCF_002952535.1;protein_935,GCF_007794935.1;protein_930
GCF_021729605.1;protein_77,GCF_016748085.1;protein_78,GCF_002951975.1;protein_1357,GCF_016755675.1;protein_77,GCF_006337405.1;protein_1398,GCF_007843715.1;protein_272,GCF_002906495.1;protein_80,GCF_022923775.1;protein_1366,GCF_021184145.1;protein_1030,GCF_022921935.1;protein_1365,GCF_002952575.1;protein_1357,GCF_002953555.1;protein_81,GCF_019974055.1;protein_266,GCF_030406585.1;protein_966,GCF_030323565.1;protein_228,GCF_007844055.1;protein_1377,GCF_002952595.1;protein_1357,GCF_002952635.1;protein_1362,GCF_002952535.1;protein_1361,GCF_007794935.1;protein_1358
GCF_021729605.1;protein_777,GCF_016748085.1;protein_829,GCF_002951975.1;protein_932,GCF_016755675.1;protein_612,GCF_006337405.1;protein_919,GCF_007843715.1;protein_987,GCF_002906495.1;protein_793,GCF_022923775.1;protein_619,GCF_021184145.1;protein_167,GCF_022921935.1;protein_928,GCF_002952575.1;protein_932,GCF_002953555.1;protein_790,GCF_019974055.1;protein_641,GCF_030406585.1;protein_489,GCF_030323565.1;protein_956,GCF_007844055.1;protein_636,GCF_002952595.1;protein_932,GCF_002952635.1;protein_937,GCF_002952535.1;protein_936,GCF_007794935.1;protein_931
GCF_021729605.1;protein_778,GCF_016748085.1;protein_830,GCF_002951975.1;protein_933,GCF_016755675.1;protein_611,GCF_006337405.1;protein_920,GCF_007843715.1;protein_988,GCF_002906495.1;protein_794,GCF_022923775.1;protein_618,GCF_021184145.1;protein_168,GCF_022921935.1;protein_929,GCF_002952575.1;protein_933,GCF_002953555.1;protein_791,GCF_019974055.1;protein_640,GCF_030406585.1;protein_488,GCF_030323565.1;protein_957,GCF_007844055.1;protein_635,GCF_002952595.1;protein_933,GCF_002952635.1;protein_938,GCF_002952535.1;protein_937,GCF_007794935.1;protein_932
GCF_021729605.1;protein_779,GCF_016748085.1;protein_831,GCF_002951975.1;protein_934,GCF_016755675.1;protein_610,GCF_006337405.1;protein_921,GCF_007843715.1;protein_989,GCF_002906495.1;protein_795,GCF_022923775.1;protein_617,GCF_021184145.1;protein_169,GCF_022921935.1;protein_930,GCF_002952575.1;protein_934,GCF_002953555.1;protein_792,GCF_019974055.1;protein_639,GCF_030406585.1;protein_487,GCF_030323565.1;protein_958,GCF_007844055.1;protein_634,GCF_002952595.1;protein_934,GCF_002952635.1;protein_939,GCF_002952535.1;protein_938,GCF_007794935.1;protein_933
GCF_021729605.1;protein_78,GCF_016748085.1;protein_79,GCF_002951975.1;protein_1356,GCF_016755675.1;protein_78,GCF_006337405.1;protein_1397,GCF_007843715.1;protein_273,GCF_002906495.1;protein_81,GCF_022923775.1;protein_1365,GCF_021184145.1;protein_1031,GCF_022921935.1;protein_1364,GCF_002952575.1;protein_1356,GCF_002953555.1;protein_82,GCF_019974055.1;protein_267,GCF_030406585.1;protein_967,GCF_030323565.1;protein_229,GCF_007844055.1;protein_1376,GCF_002952595.1;protein_1356,GCF_002952635.1;protein_1361,GCF_002952535.1;protein_1360,GCF_007794935.1;protein_1357
GCF_021729605.1;protein_780,GCF_016748085.1;protein_832,GCF_002951975.1;protein_935,GCF_016755675.1;protein_609,GCF_006337405.1;protein_922,GCF_007843715.1;protein_990,GCF_002906495.1;protein_796,GCF_022923775.1;protein_616,GCF_021184145.1;protein_170,GCF_022921935.1;protein_931,GCF_002952575.1;protein_935,GCF_002953555.1;protein_793,GCF_019974055.1;protein_638,GCF_030406585.1;protein_486,GCF_030323565.1;protein_959,GCF_007844055.1;protein_633,GCF_002952595.1;protein_935,GCF_002952635.1;protein_940,GCF_002952535.1;protein_939,GCF_007794935.1;protein_934
GCF_021729605.1;protein_781,GCF_016748085.1;protein_833,GCF_002951975.1;protein_936,GCF_016755675.1;protein_608,GCF_006337405.1;protein_923,GCF_007843715.1;protein_991,GCF_002906495.1;protein_797,GCF_022923775.1;protein_615,GCF_021184145.1;protein_171,GCF_022921935.1;protein_932,GCF_002952575.1;protein_936,GCF_002953555.1;protein_794,GCF_019974055.1;protein_637,GCF_030406585.1;protein_485,GCF_030323565.1;protein_960,GCF_007844055.1;protein_632,GCF_002952595.1;protein_936,GCF_002952635.1;protein_941,GCF_002952535.1;protein_940,GCF_007794935.1;protein_935
GCF_021729605.1;protein_782,GCF_016748085.1;protein_834,GCF_002951975.1;protein_937,GCF_016755675.1;protein_607,GCF_006337405.1;protein_924,GCF_007843715.1;protein_992,GCF_002906495.1;protein_798,GCF_022923775.1;protein_614,GCF_021184145.1;protein_172,GCF_022921935.1;protein_933,GCF_002952575.1;protein_937,GCF_002953555.1;protein_795,GCF_019974055.1;protein_636,GCF_030406585.1;protein_484,GCF_030323565.1;protein_961,GCF_007844055.1;protein_631,GCF_002952595.1;protein_937,GCF_002952635.1;protein_942,GCF_002952535.1;protein_941,GCF_007794935.1;protein_936
GCF_021729605.1;protein_783,GCF_016748085.1;protein_835,GCF_002951975.1;protein_938,GCF_016755675.1;protein_606,GCF_006337405.1;protein_925,GCF_007843715.1;protein_993,GCF_002906495.1;protein_799,GCF_022923775.1;protein_613,GCF_021184145.1;protein_173,GCF_022921935.1;protein_934,GCF_002952575.1;protein_938,GCF_002953555.1;protein_796,GCF_019974055.1;protein_635,GCF_030406585.1;protein_483,GCF_030323565.1;protein_962,GCF_007844055.1;protein_630,GCF_002952595.1;protein_938,GCF_002952635.1;protein_943,GCF_002952535.1;protein_942,GCF_007794935.1;protein_937
GCF_021729605.1;protein_784,GCF_016748085.1;protein_836,GCF_002951975.1;protein_939,GCF_016755675.1;protein_605,GCF_006337405.1;protein_926,GCF_007843715.1;protein_994,GCF_002906495.1;protein_800,GCF_022923775.1;protein_612,GCF_021184145.1;protein_174,GCF_022921935.1;protein_935,GCF_002952575.1;protein_939,GCF_002953555.1;protein_797,GCF_019974055.1;protein_634,GCF_030406585.1;protein_482,GCF_030323565.1;protein_963,GCF_007844055.1;protein_629,GCF_002952595.1;protein_939,GCF_002952635.1;protein_944,GCF_002952535.1;protein_943,GCF_007794935.1;protein_938
GCF_021729605.1;protein_785,GCF_016748085.1;protein_837,GCF_002951975.1;protein_940,GCF_016755675.1;protein_604,GCF_006337405.1;protein_927,GCF_007843715.1;protein_995,GCF_002906495.1;protein_801,GCF_022923775.1;protein_611,GCF_021184145.1;protein_175,GCF_022921935.1;protein_936,GCF_002952575.1;protein_940,GCF_002953555.1;protein_798,GCF_019974055.1;protein_633,GCF_030406585.1;protein_481,GCF_030323565.1;protein_964,GCF_007844055.1;protein_628,GCF_002952595.1;protein_940,GCF_002952635.1;protein_945,GCF_002952535.1;protein_944,GCF_007794935.1;protein_939
GCF_021729605.1;protein_786,GCF_016748085.1;protein_838,GCF_002951975.1;protein_941,GCF_016755675.1;protein_603,GCF_006337405.1;protein_928,GCF_007843715.1;protein_996,GCF_002906495.1;protein_802,GCF_022923775.1;protein_610,GCF_021184145.1;protein_176,GCF_022921935.1;protein_937,GCF_002952575.1;protein_941,GCF_002953555.1;protein_799,GCF_019974055.1;protein_632,GCF_030406585.1;protein_480,GCF_030323565.1;protein_965,GCF_007844055.1;protein_627,GCF_002952595.1;protein_941,GCF_002952635.1;protein_946,GCF_002952535.1;protein_945,GCF_007794935.1;protein_940
GCF_021729605.1;protein_787,GCF_016748085.1;protein_839,GCF_002951975.1;protein_942,GCF_016755675.1;protein_602,GCF_006337405.1;protein_929,GCF_007843715.1;protein_997,GCF_002906495.1;protein_803,GCF_022923775.1;protein_609,GCF_021184145.1;protein_177,GCF_022921935.1;protein_938,GCF_002952575.1;protein_942,GCF_002953555.1;protein_800,GCF_019974055.1;protein_631,GCF_030406585.1;protein_479,GCF_030323565.1;protein_966,GCF_007844055.1;protein_626,GCF_002952595.1;protein_942,GCF_002952635.1;protein_947,GCF_002952535.1;protein_946,GCF_007794935.1;protein_941
GCF_021729605.1;protein_788,GCF_016748085.1;protein_840,GCF_002951975.1;protein_943,GCF_016755675.1;protein_601,GCF_006337405.1;protein_930,GCF_007843715.1;protein_998,GCF_002906495.1;protein_805,GCF_022923775.1;protein_608,GCF_021184145.1;protein_178,GCF_022921935.1;protein_939,GCF_002952575.1;protein_943,GCF_002953555.1;protein_802,GCF_019974055.1;protein_630,GCF_030406585.1;protein_478,GCF_030323565.1;protein_967,GCF_007844055.1;protein_625,GCF_002952595.1;protein_943,GCF_002952635.1;protein_948,GCF_002952535.1;protein_947,GCF_007794935.1;protein_942
GCF_021729605.1;protein_789,GCF_016748085.1;protein_841,GCF_002951975.1;protein_944,GCF_016755675.1;protein_600,GCF_006337405.1;protein_931,GCF_007843715.1;protein_999,GCF_002906495.1;protein_806,GCF_022923775.1;protein_607,GCF_021184145.1;protein_179,GCF_022921935.1;protein_940,GCF_002952575.1;protein_944,GCF_002953555.1;protein_803,GCF_019974055.1;protein_629,GCF_030406585.1;protein_477,GCF_030323565.1;protein_968,GCF_007844055.1;protein_624,GCF_002952595.1;protein_944,GCF_002952635.1;protein_949,GCF_002952535.1;protein_948,GCF_007794935.1;protein_943
GCF_021729605.1;protein_79,GCF_016748085.1;protein_80,GCF_002951975.1;protein_1355,GCF_016755675.1;protein_79,GCF_006337405.1;protein_1396,GCF_007843715.1;protein_274,GCF_002906495.1;protein_82,GCF_022923775.1;protein_1364,GCF_021184145.1;protein_1032,GCF_022921935.1;protein_1363,GCF_002952575.1;protein_1355,GCF_002953555.1;protein_83,GCF_019974055.1;protein_268,GCF_030406585.1;protein_968,GCF_030323565.1;protein_230,GCF_007844055.1;protein_1375,GCF_002952595.1;protein_1355,GCF_002952635.1;protein_1360,GCF_002952535.1;protein_1359,GCF_007794935.1;protein_1356
GCF_021729605.1;protein_790,GCF_016748085.1;protein_842,GCF_002951975.1;protein_945,GCF_016755675.1;protein_599,GCF_006337405.1;protein_932,GCF_007843715.1;protein_1000,GCF_002906495.1;protein_807,GCF_022923775.1;protein_606,GCF_021184145.1;protein_180,GCF_022921935.1;protein_941,GCF_002952575.1;protein_945,GCF_002953555.1;protein_804,GCF_019974055.1;protein_628,GCF_030406585.1;protein_476,GCF_030323565.1;protein_969,GCF_007844055.1;protein_623,GCF_002952595.1;protein_945,GCF_002952635.1;protein_950,GCF_002952535.1;protein_949,GCF_007794935.1;protein_944
GCF_021729605.1;protein_791,GCF_016748085.1;protein_843,GCF_002951975.1;protein_946,GCF_016755675.1;protein_598,GCF_006337405.1;protein_933,GCF_007843715.1;protein_1001,GCF_002906495.1;protein_808,GCF_022923775.1;protein_605,GCF_021184145.1;protein_181,GCF_022921935.1;protein_942,GCF_002952575.1;protein_946,GCF_002953555.1;protein_805,GCF_019974055.1;protein_627,GCF_030406585.1;protein_475,GCF_030323565.1;protein_970,GCF_007844055.1;protein_622,GCF_002952595.1;protein_946,GCF_002952635.1;protein_951,GCF_002952535.1;protein_950,GCF_007794935.1;protein_945
GCF_021729605.1;protein_792,GCF_016748085.1;protein_844,GCF_002951975.1;protein_947,GCF_016755675.1;protein_597,GCF_006337405.1;protein_934,GCF_007843715.1;protein_1002,GCF_002906495.1;protein_809,GCF_022923775.1;protein_604,GCF_021184145.1;protein_182,GCF_022921935.1;protein_943,GCF_002952575.1;protein_947,GCF_002953555.1;protein_806,GCF_019974055.1;protein_626,GCF_030406585.1;protein_474,GCF_030323565.1;protein_971,GCF_007844055.1;protein_621,GCF_002952595.1;protein_947,GCF_002952635.1;protein_952,GCF_002952535.1;protein_951,GCF_007794935.1;protein_946
GCF_021729605.1;protein_793,GCF_016748085.1;protein_845,GCF_002951975.1;protein_948,GCF_016755675.1;protein_596,GCF_006337405.1;protein_935,GCF_007843715.1;protein_1003,GCF_002906495.1;protein_810,GCF_022923775.1;protein_603,GCF_021184145.1;protein_183,GCF_022921935.1;protein_944,GCF_002952575.1;protein_948,GCF_002953555.1;protein_807,GCF_019974055.1;protein_625,GCF_030406585.1;protein_473,GCF_030323565.1;protein_972,GCF_007844055.1;protein_620,GCF_002952595.1;protein_948,GCF_002952635.1;protein_953,GCF_002952535.1;protein_952,GCF_007794935.1;protein_947
GCF_021729605.1;protein_794,GCF_016748085.1;protein_846,GCF_002951975.1;protein_949,GCF_016755675.1;protein_595,GCF_006337405.1;protein_936,GCF_007843715.1;protein_1004,GCF_002906495.1;protein_811,GCF_022923775.1;protein_602,GCF_021184145.1;protein_184,GCF_022921935.1;protein_945,GCF_002952575.1;protein_949,GCF_002953555.1;protein_808,GCF_019974055.1;protein_624,GCF_030406585.1;protein_472,GCF_030323565.1;protein_973,GCF_007844055.1;protein_619,GCF_002952595.1;protein_949,GCF_002952635.1;protein_954,GCF_002952535.1;protein_953,GCF_007794935.1;protein_948
GCF_021729605.1;protein_795,GCF_016748085.1;protein_847,GCF_002951975.1;protein_950,GCF_016755675.1;protein_594,GCF_006337405.1;protein_937,GCF_007843715.1;protein_1005,GCF_002906495.1;protein_812,GCF_022923775.1;protein_601,GCF_021184145.1;protein_185,GCF_022921935.1;protein_946,GCF_002952575.1;protein_950,GCF_002953555.1;protein_809,GCF_019974055.1;protein_623,GCF_030406585.1;protein_471,GCF_030323565.1;protein_974,GCF_007844055.1;protein_618,GCF_002952595.1;protein_950,GCF_002952635.1;protein_955,GCF_002952535.1;protein_954,GCF_007794935.1;protein_949
GCF_021729605.1;protein_796,GCF_016748085.1;protein_848,GCF_002951975.1;protein_951,GCF_016755675.1;protein_593,GCF_006337405.1;protein_938,GCF_007843715.1;protein_1006,GCF_002906495.1;protein_813,GCF_022923775.1;protein_600,GCF_021184145.1;protein_186,GCF_022921935.1;protein_947,GCF_002952575.1;protein_951,GCF_002953555.1;protein_810,GCF_019974055.1;protein_622,GCF_030406585.1;protein_470,GCF_030323565.1;protein_975,GCF_007844055.1;protein_617,GCF_002952595.1;protein_951,GCF_002952635.1;protein_956,GCF_002952535.1;protein_955,GCF_007794935.1;protein_950
GCF_021729605.1;protein_797,GCF_016748085.1;protein_849,GCF_002951975.1;protein_952,GCF_016755675.1;protein_592,GCF_006337405.1;protein_939,GCF_007843715.1;protein_1007,GCF_002906495.1;protein_814,GCF_022923775.1;protein_599,GCF_021184145.1;protein_187,GCF_022921935.1;protein_948,GCF_002952575.1;protein_952,GCF_002953555.1;protein_811,GCF_019974055.1;protein_621,GCF_030406585.1;protein_469,GCF_030323565.1;protein_976,GCF_007844055.1;protein_616,GCF_002952595.1;protein_952,GCF_002952635.1;protein_957,GCF_002952535.1;protein_956,GCF_007794935.1;protein_951
GCF_021729605.1;protein_798,GCF_016748085.1;protein_850,GCF_002951975.1;protein_953,GCF_016755675.1;protein_591,GCF_006337405.1;protein_940,GCF_007843715.1;protein_1008,GCF_002906495.1;protein_815,GCF_022923775.1;protein_598,GCF_021184145.1;protein_188,GCF_022921935.1;protein_949,GCF_002952575.1;protein_953,GCF_002953555.1;protein_812,GCF_019974055.1;protein_620,GCF_030406585.1;protein_468,GCF_030323565.1;protein_977,GCF_007844055.1;protein_615,GCF_002952595.1;protein_953,GCF_002952635.1;protein_958,GCF_002952535.1;protein_957,GCF_007794935.1;protein_952
GCF_021729605.1;protein_799,GCF_016748085.1;protein_851,GCF_002951975.1;protein_954,GCF_016755675.1;protein_590,GCF_006337405.1;protein_941,GCF_007843715.1;protein_1009,GCF_002906495.1;protein_816,GCF_022923775.1;protein_597,GCF_021184145.1;protein_189,GCF_022921935.1;protein_950,GCF_002952575.1;protein_954,GCF_002953555.1;protein_813,GCF_019974055.1;protein_619,GCF_030406585.1;protein_467,GCF_030323565.1;protein_978,GCF_007844055.1;protein_614,GCF_002952595.1;protein_954,GCF_002952635.1;protein_959,GCF_002952535.1;protein_958,GCF_007794935.1;protein_953
GCF_021729605.1;protein_8,GCF_016748085.1;protein_7,GCF_002951975.1;protein_1473,GCF_016755675.1;protein_7,GCF_006337405.1;protein_1510,GCF_007843715.1;protein_201,GCF_002906495.1;protein_8,GCF_022923775.1;protein_1453,GCF_021184145.1;protein_956,GCF_022921935.1;protein_1445,GCF_002952575.1;protein_1472,GCF_002953555.1;protein_8,GCF_019974055.1;protein_172,GCF_030406585.1;protein_8,GCF_030323565.1;protein_154,GCF_007844055.1;protein_154,GCF_002952595.1;protein_1472,GCF_002952635.1;protein_1477,GCF_002952535.1;protein_1476,GCF_007794935.1;protein_1473
GCF_021729605.1;protein_80,GCF_016748085.1;protein_81,GCF_002951975.1;protein_1354,GCF_016755675.1;protein_80,GCF_006337405.1;protein_1395,GCF_007843715.1;protein_275,GCF_002906495.1;protein_83,GCF_022923775.1;protein_1363,GCF_021184145.1;protein_1033,GCF_022921935.1;protein_1362,GCF_002952575.1;protein_1354,GCF_002953555.1;protein_84,GCF_019974055.1;protein_269,GCF_030406585.1;protein_969,GCF_030323565.1;protein_231,GCF_007844055.1;protein_1374,GCF_002952595.1;protein_1354,GCF_002952635.1;protein_1359,GCF_002952535.1;protein_1358,GCF_007794935.1;protein_1355
GCF_021729605.1;protein_800,GCF_016748085.1;protein_852,GCF_002951975.1;protein_955,GCF_016755675.1;protein_589,GCF_006337405.1;protein_942,GCF_007843715.1;protein_1010,GCF_002906495.1;protein_817,GCF_022923775.1;protein_596,GCF_021184145.1;protein_190,GCF_022921935.1;protein_951,GCF_002952575.1;protein_955,GCF_002953555.1;protein_814,GCF_019974055.1;protein_618,GCF_030406585.1;protein_466,GCF_030323565.1;protein_979,GCF_007844055.1;protein_613,GCF_002952595.1;protein_955,GCF_002952635.1;protein_960,GCF_002952535.1;protein_959,GCF_007794935.1;protein_954
GCF_021729605.1;protein_801,GCF_016748085.1;protein_853,GCF_002951975.1;protein_956,GCF_016755675.1;protein_588,GCF_006337405.1;protein_943,GCF_007843715.1;protein_1011,GCF_002906495.1;protein_818,GCF_022923775.1;protein_595,GCF_021184145.1;protein_191,GCF_022921935.1;protein_952,GCF_002952575.1;protein_956,GCF_002953555.1;protein_815,GCF_019974055.1;protein_617,GCF_030406585.1;protein_465,GCF_030323565.1;protein_980,GCF_007844055.1;protein_612,GCF_002952595.1;protein_956,GCF_002952635.1;protein_961,GCF_002952535.1;protein_960,GCF_007794935.1;protein_955
GCF_021729605.1;protein_802,GCF_016748085.1;protein_854,GCF_002951975.1;protein_957,GCF_016755675.1;protein_587,GCF_006337405.1;protein_944,GCF_007843715.1;protein_1012,GCF_002906495.1;protein_819,GCF_022923775.1;protein_594,GCF_021184145.1;protein_192,GCF_022921935.1;protein_953,GCF_002952575.1;protein_957,GCF_002953555.1;protein_816,GCF_019974055.1;protein_616,GCF_030406585.1;protein_464,GCF_030323565.1;protein_981,GCF_007844055.1;protein_611,GCF_002952595.1;protein_957,GCF_002952635.1;protein_962,GCF_002952535.1;protein_961,GCF_007794935.1;protein_956
GCF_021729605.1;protein_803,GCF_016748085.1;protein_855,GCF_002951975.1;protein_958,GCF_016755675.1;protein_586,GCF_006337405.1;protein_945,GCF_007843715.1;protein_1013,GCF_002906495.1;protein_820,GCF_022923775.1;protein_593,GCF_021184145.1;protein_193,GCF_022921935.1;protein_954,GCF_002952575.1;protein_958,GCF_002953555.1;protein_817,GCF_019974055.1;protein_615,GCF_030406585.1;protein_463,GCF_030323565.1;protein_982,GCF_007844055.1;protein_610,GCF_002952595.1;protein_958,GCF_002952635.1;protein_963,GCF_002952535.1;protein_962,GCF_007794935.1;protein_957
GCF_021729605.1;protein_804,GCF_016748085.1;protein_856,GCF_002951975.1;protein_959,GCF_016755675.1;protein_585,GCF_006337405.1;protein_946,GCF_007843715.1;protein_1014,GCF_002906495.1;protein_821,GCF_022923775.1;protein_592,GCF_021184145.1;protein_194,GCF_022921935.1;protein_955,GCF_002952575.1;protein_959,GCF_002953555.1;protein_818,GCF_019974055.1;protein_614,GCF_030406585.1;protein_462,GCF_030323565.1;protein_983,GCF_007844055.1;protein_609,GCF_002952595.1;protein_959,GCF_002952635.1;protein_964,GCF_002952535.1;protein_963,GCF_007794935.1;protein_958
GCF_021729605.1;protein_805,GCF_016748085.1;protein_857,GCF_002951975.1;protein_960,GCF_016755675.1;protein_584,GCF_006337405.1;protein_947,GCF_007843715.1;protein_1015,GCF_002906495.1;protein_822,GCF_022923775.1;protein_591,GCF_021184145.1;protein_195,GCF_022921935.1;protein_956,GCF_002952575.1;protein_960,GCF_002953555.1;protein_819,GCF_019974055.1;protein_613,GCF_030406585.1;protein_461,GCF_030323565.1;protein_984,GCF_007844055.1;protein_608,GCF_002952595.1;protein_960,GCF_002952635.1;protein_965,GCF_002952535.1;protein_964,GCF_007794935.1;protein_959
GCF_021729605.1;protein_808,GCF_016748085.1;protein_489,GCF_002951975.1;protein_965,GCF_016755675.1;protein_579,GCF_006337405.1;protein_955,GCF_007843715.1;protein_1019,GCF_002906495.1;protein_825,GCF_022923775.1;protein_587,GCF_021184145.1;protein_199,GCF_022921935.1;protein_961,GCF_002952575.1;protein_965,GCF_002953555.1;protein_822,GCF_019974055.1;protein_609,GCF_030406585.1;protein_457,GCF_030323565.1;protein_988,GCF_007844055.1;protein_603,GCF_002952595.1;protein_965,GCF_002952635.1;protein_970,GCF_002952535.1;protein_969,GCF_007794935.1;protein_964
GCF_021729605.1;protein_809,GCF_016748085.1;protein_488,GCF_002951975.1;protein_966,GCF_016755675.1;protein_578,GCF_006337405.1;protein_956,GCF_007843715.1;protein_1020,GCF_002906495.1;protein_826,GCF_022923775.1;protein_586,GCF_021184145.1;protein_200,GCF_022921935.1;protein_962,GCF_002952575.1;protein_966,GCF_002953555.1;protein_823,GCF_019974055.1;protein_608,GCF_030406585.1;protein_456,GCF_030323565.1;protein_989,GCF_007844055.1;protein_602,GCF_002952595.1;protein_966,GCF_002952635.1;protein_971,GCF_002952535.1;protein_970,GCF_007794935.1;protein_965
GCF_021729605.1;protein_81,GCF_016748085.1;protein_82,GCF_002951975.1;protein_1353,GCF_016755675.1;protein_81,GCF_006337405.1;protein_1394,GCF_007843715.1;protein_276,GCF_002906495.1;protein_84,GCF_022923775.1;protein_1362,GCF_021184145.1;protein_1034,GCF_022921935.1;protein_1361,GCF_002952575.1;protein_1353,GCF_002953555.1;protein_85,GCF_019974055.1;protein_270,GCF_030406585.1;protein_970,GCF_030323565.1;protein_232,GCF_007844055.1;protein_1373,GCF_002952595.1;protein_1353,GCF_002952635.1;protein_1358,GCF_002952535.1;protein_1357,GCF_007794935.1;protein_1354
GCF_021729605.1;protein_810,GCF_016748085.1;protein_487,GCF_002951975.1;protein_967,GCF_016755675.1;protein_577,GCF_006337405.1;protein_957,GCF_007843715.1;protein_1021,GCF_002906495.1;protein_827,GCF_022923775.1;protein_585,GCF_021184145.1;protein_201,GCF_022921935.1;protein_963,GCF_002952575.1;protein_967,GCF_002953555.1;protein_824,GCF_019974055.1;protein_607,GCF_030406585.1;protein_455,GCF_030323565.1;protein_990,GCF_007844055.1;protein_601,GCF_002952595.1;protein_967,GCF_002952635.1;protein_972,GCF_002952535.1;protein_971,GCF_007794935.1;protein_966
GCF_021729605.1;protein_811,GCF_016748085.1;protein_486,GCF_002951975.1;protein_968,GCF_016755675.1;protein_576,GCF_006337405.1;protein_958,GCF_007843715.1;protein_1022,GCF_002906495.1;protein_828,GCF_022923775.1;protein_584,GCF_021184145.1;protein_202,GCF_022921935.1;protein_964,GCF_002952575.1;protein_968,GCF_002953555.1;protein_825,GCF_019974055.1;protein_606,GCF_030406585.1;protein_454,GCF_030323565.1;protein_991,GCF_007844055.1;protein_600,GCF_002952595.1;protein_968,GCF_002952635.1;protein_973,GCF_002952535.1;protein_972,GCF_007794935.1;protein_967
GCF_021729605.1;protein_812,GCF_016748085.1;protein_485,GCF_002951975.1;protein_969,GCF_016755675.1;protein_574,GCF_006337405.1;protein_959,GCF_007843715.1;protein_1023,GCF_002906495.1;protein_831,GCF_022923775.1;protein_583,GCF_021184145.1;protein_203,GCF_022921935.1;protein_965,GCF_002952575.1;protein_969,GCF_002953555.1;protein_828,GCF_019974055.1;protein_605,GCF_030406585.1;protein_453,GCF_030323565.1;protein_992,GCF_007844055.1;protein_599,GCF_002952595.1;protein_969,GCF_002952635.1;protein_974,GCF_002952535.1;protein_973,GCF_007794935.1;protein_968
GCF_021729605.1;protein_813,GCF_016748085.1;protein_484,GCF_002951975.1;protein_970,GCF_016755675.1;protein_573,GCF_006337405.1;protein_960,GCF_007843715.1;protein_1024,GCF_002906495.1;protein_832,GCF_022923775.1;protein_582,GCF_021184145.1;protein_204,GCF_022921935.1;protein_966,GCF_002952575.1;protein_970,GCF_002953555.1;protein_829,GCF_019974055.1;protein_604,GCF_030406585.1;protein_452,GCF_030323565.1;protein_993,GCF_007844055.1;protein_598,GCF_002952595.1;protein_970,GCF_002952635.1;protein_975,GCF_002952535.1;protein_974,GCF_007794935.1;protein_969
GCF_021729605.1;protein_814,GCF_016748085.1;protein_483,GCF_002951975.1;protein_971,GCF_016755675.1;protein_572,GCF_006337405.1;protein_961,GCF_007843715.1;protein_1025,GCF_002906495.1;protein_833,GCF_022923775.1;protein_581,GCF_021184145.1;protein_205,GCF_022921935.1;protein_967,GCF_002952575.1;protein_971,GCF_002953555.1;protein_830,GCF_019974055.1;protein_603,GCF_030406585.1;protein_451,GCF_030323565.1;protein_994,GCF_007844055.1;protein_597,GCF_002952595.1;protein_971,GCF_002952635.1;protein_976,GCF_002952535.1;protein_975,GCF_007794935.1;protein_970
GCF_021729605.1;protein_815,GCF_016748085.1;protein_482,GCF_002951975.1;protein_972,GCF_016755675.1;protein_571,GCF_006337405.1;protein_962,GCF_007843715.1;protein_1026,GCF_002906495.1;protein_834,GCF_022923775.1;protein_580,GCF_021184145.1;protein_206,GCF_022921935.1;protein_968,GCF_002952575.1;protein_972,GCF_002953555.1;protein_831,GCF_019974055.1;protein_602,GCF_030406585.1;protein_450,GCF_030323565.1;protein_995,GCF_007844055.1;protein_596,GCF_002952595.1;protein_972,GCF_002952635.1;protein_977,GCF_002952535.1;protein_976,GCF_007794935.1;protein_971
GCF_021729605.1;protein_816,GCF_016748085.1;protein_481,GCF_002951975.1;protein_973,GCF_016755675.1;protein_570,GCF_006337405.1;protein_963,GCF_007843715.1;protein_1027,GCF_002906495.1;protein_835,GCF_022923775.1;protein_579,GCF_021184145.1;protein_207,GCF_022921935.1;protein_969,GCF_002952575.1;protein_973,GCF_002953555.1;protein_832,GCF_019974055.1;protein_601,GCF_030406585.1;protein_449,GCF_030323565.1;protein_996,GCF_007844055.1;protein_595,GCF_002952595.1;protein_973,GCF_002952635.1;protein_978,GCF_002952535.1;protein_977,GCF_007794935.1;protein_972
GCF_021729605.1;protein_817,GCF_016748085.1;protein_480,GCF_002951975.1;protein_974,GCF_016755675.1;protein_569,GCF_006337405.1;protein_964,GCF_007843715.1;protein_1028,GCF_002906495.1;protein_836,GCF_022923775.1;protein_578,GCF_021184145.1;protein_208,GCF_022921935.1;protein_970,GCF_002952575.1;protein_974,GCF_002953555.1;protein_833,GCF_019974055.1;protein_600,GCF_030406585.1;protein_448,GCF_030323565.1;protein_997,GCF_007844055.1;protein_594,GCF_002952595.1;protein_974,GCF_002952635.1;protein_979,GCF_002952535.1;protein_978,GCF_007794935.1;protein_973
GCF_021729605.1;protein_818,GCF_016748085.1;protein_479,GCF_002951975.1;protein_975,GCF_016755675.1;protein_568,GCF_006337405.1;protein_965,GCF_007843715.1;protein_1029,GCF_002906495.1;protein_837,GCF_022923775.1;protein_577,GCF_021184145.1;protein_209,GCF_022921935.1;protein_971,GCF_002952575.1;protein_975,GCF_002953555.1;protein_834,GCF_019974055.1;protein_599,GCF_030406585.1;protein_447,GCF_030323565.1;protein_998,GCF_007844055.1;protein_593,GCF_002952595.1;protein_975,GCF_002952635.1;protein_980,GCF_002952535.1;protein_979,GCF_007794935.1;protein_974
GCF_021729605.1;protein_819,GCF_016748085.1;protein_478,GCF_002951975.1;protein_976,GCF_016755675.1;protein_567,GCF_006337405.1;protein_966,GCF_007843715.1;protein_1030,GCF_002906495.1;protein_838,GCF_022923775.1;protein_576,GCF_021184145.1;protein_210,GCF_022921935.1;protein_972,GCF_002952575.1;protein_976,GCF_002953555.1;protein_835,GCF_019974055.1;protein_598,GCF_030406585.1;protein_446,GCF_030323565.1;protein_999,GCF_007844055.1;protein_592,GCF_002952595.1;protein_976,GCF_002952635.1;protein_981,GCF_002952535.1;protein_980,GCF_007794935.1;protein_975
GCF_021729605.1;protein_820,GCF_016748085.1;protein_477,GCF_002951975.1;protein_977,GCF_016755675.1;protein_566,GCF_006337405.1;protein_967,GCF_007843715.1;protein_1031,GCF_002906495.1;protein_839,GCF_022923775.1;protein_575,GCF_021184145.1;protein_211,GCF_022921935.1;protein_973,GCF_002952575.1;protein_977,GCF_002953555.1;protein_836,GCF_019974055.1;protein_597,GCF_030406585.1;protein_445,GCF_030323565.1;protein_1000,GCF_007844055.1;protein_591,GCF_002952595.1;protein_977,GCF_002952635.1;protein_982,GCF_002952535.1;protein_981,GCF_007794935.1;protein_976
GCF_021729605.1;protein_821,GCF_016748085.1;protein_476,GCF_002951975.1;protein_978,GCF_016755675.1;protein_565,GCF_006337405.1;protein_968,GCF_007843715.1;protein_1032,GCF_002906495.1;protein_840,GCF_022923775.1;protein_574,GCF_021184145.1;protein_212,GCF_022921935.1;protein_974,GCF_002952575.1;protein_978,GCF_002953555.1;protein_837,GCF_019974055.1;protein_596,GCF_030406585.1;protein_444,GCF_030323565.1;protein_1001,GCF_007844055.1;protein_590,GCF_002952595.1;protein_978,GCF_002952635.1;protein_983,GCF_002952535.1;protein_982,GCF_007794935.1;protein_977
GCF_021729605.1;protein_822,GCF_016748085.1;protein_475,GCF_002951975.1;protein_979,GCF_016755675.1;protein_564,GCF_006337405.1;protein_969,GCF_007843715.1;protein_1033,GCF_002906495.1;protein_841,GCF_022923775.1;protein_573,GCF_021184145.1;protein_213,GCF_022921935.1;protein_975,GCF_002952575.1;protein_979,GCF_002953555.1;protein_838,GCF_019974055.1;protein_595,GCF_030406585.1;protein_443,GCF_030323565.1;protein_1002,GCF_007844055.1;protein_589,GCF_002952595.1;protein_979,GCF_002952635.1;protein_984,GCF_002952535.1;protein_983,GCF_007794935.1;protein_978
GCF_021729605.1;protein_823,GCF_016748085.1;protein_474,GCF_002951975.1;protein_980,GCF_016755675.1;protein_563,GCF_006337405.1;protein_970,GCF_007843715.1;protein_1034,GCF_002906495.1;protein_842,GCF_022923775.1;protein_572,GCF_021184145.1;protein_214,GCF_022921935.1;protein_976,GCF_002952575.1;protein_980,GCF_002953555.1;protein_839,GCF_019974055.1;protein_594,GCF_030406585.1;protein_442,GCF_030323565.1;protein_1003,GCF_007844055.1;protein_588,GCF_002952595.1;protein_980,GCF_002952635.1;protein_985,GCF_002952535.1;protein_984,GCF_007794935.1;protein_979
GCF_021729605.1;protein_824,GCF_016748085.1;protein_473,GCF_002951975.1;protein_981,GCF_016755675.1;protein_562,GCF_006337405.1;protein_971,GCF_007843715.1;protein_1035,GCF_002906495.1;protein_843,GCF_022923775.1;protein_571,GCF_021184145.1;protein_215,GCF_022921935.1;protein_977,GCF_002952575.1;protein_981,GCF_002953555.1;protein_840,GCF_019974055.1;protein_593,GCF_030406585.1;protein_441,GCF_030323565.1;protein_1004,GCF_007844055.1;protein_587,GCF_002952595.1;protein_981,GCF_002952635.1;protein_986,GCF_002952535.1;protein_985,GCF_007794935.1;protein_980
GCF_021729605.1;protein_825,GCF_016748085.1;protein_472,GCF_002951975.1;protein_982,GCF_016755675.1;protein_561,GCF_006337405.1;protein_972,GCF_007843715.1;protein_1036,GCF_002906495.1;protein_844,GCF_022923775.1;protein_570,GCF_021184145.1;protein_216,GCF_022921935.1;protein_978,GCF_002952575.1;protein_982,GCF_002953555.1;protein_841,GCF_019974055.1;protein_592,GCF_030406585.1;protein_440,GCF_030323565.1;protein_1005,GCF_007844055.1;protein_586,GCF_002952595.1;protein_982,GCF_002952635.1;protein_987,GCF_002952535.1;protein_986,GCF_007794935.1;protein_981
GCF_021729605.1;protein_826,GCF_016748085.1;protein_471,GCF_002951975.1;protein_983,GCF_016755675.1;protein_560,GCF_006337405.1;protein_973,GCF_007843715.1;protein_1037,GCF_002906495.1;protein_845,GCF_022923775.1;protein_569,GCF_021184145.1;protein_217,GCF_022921935.1;protein_979,GCF_002952575.1;protein_983,GCF_002953555.1;protein_842,GCF_019974055.1;protein_591,GCF_030406585.1;protein_439,GCF_030323565.1;protein_1006,GCF_007844055.1;protein_585,GCF_002952595.1;protein_983,GCF_002952635.1;protein_988,GCF_002952535.1;protein_987,GCF_007794935.1;protein_982
GCF_021729605.1;protein_827,GCF_016748085.1;protein_470,GCF_002951975.1;protein_984,GCF_016755675.1;protein_559,GCF_006337405.1;protein_974,GCF_007843715.1;protein_1038,GCF_002906495.1;protein_846,GCF_022923775.1;protein_568,GCF_021184145.1;protein_218,GCF_022921935.1;protein_980,GCF_002952575.1;protein_984,GCF_002953555.1;protein_843,GCF_019974055.1;protein_590,GCF_030406585.1;protein_438,GCF_030323565.1;protein_1007,GCF_007844055.1;protein_584,GCF_002952595.1;protein_984,GCF_002952635.1;protein_989,GCF_002952535.1;protein_988,GCF_007794935.1;protein_983
GCF_021729605.1;protein_828,GCF_016748085.1;protein_469,GCF_002951975.1;protein_985,GCF_016755675.1;protein_558,GCF_006337405.1;protein_975,GCF_007843715.1;protein_1039,GCF_002906495.1;protein_847,GCF_022923775.1;protein_567,GCF_021184145.1;protein_219,GCF_022921935.1;protein_981,GCF_002952575.1;protein_985,GCF_002953555.1;protein_844,GCF_019974055.1;protein_589,GCF_030406585.1;protein_437,GCF_030323565.1;protein_1008,GCF_007844055.1;protein_583,GCF_002952595.1;protein_985,GCF_002952635.1;protein_990,GCF_002952535.1;protein_989,GCF_007794935.1;protein_984
GCF_021729605.1;protein_829,GCF_016748085.1;protein_468,GCF_002951975.1;protein_986,GCF_016755675.1;protein_557,GCF_006337405.1;protein_976,GCF_007843715.1;protein_1040,GCF_002906495.1;protein_848,GCF_022923775.1;protein_566,GCF_021184145.1;protein_220,GCF_022921935.1;protein_982,GCF_002952575.1;protein_986,GCF_002953555.1;protein_845,GCF_019974055.1;protein_588,GCF_030406585.1;protein_436,GCF_030323565.1;protein_1009,GCF_007844055.1;protein_582,GCF_002952595.1;protein_986,GCF_002952635.1;protein_991,GCF_002952535.1;protein_990,GCF_007794935.1;protein_985
GCF_021729605.1;protein_83,GCF_016748085.1;protein_84,GCF_002951975.1;protein_1351,GCF_016755675.1;protein_83,GCF_006337405.1;protein_1392,GCF_007843715.1;protein_278,GCF_002906495.1;protein_86,GCF_022923775.1;protein_1358,GCF_021184145.1;protein_1036,GCF_022921935.1;protein_1359,GCF_002952575.1;protein_1351,GCF_002953555.1;protein_87,GCF_019974055.1;protein_272,GCF_030406585.1;protein_972,GCF_030323565.1;protein_234,GCF_007844055.1;protein_1371,GCF_002952595.1;protein_1351,GCF_002952635.1;protein_1356,GCF_002952535.1;protein_1355,GCF_007794935.1;protein_1352
GCF_021729605.1;protein_830,GCF_016748085.1;protein_467,GCF_002951975.1;protein_987,GCF_016755675.1;protein_556,GCF_006337405.1;protein_977,GCF_007843715.1;protein_1041,GCF_002906495.1;protein_849,GCF_022923775.1;protein_565,GCF_021184145.1;protein_221,GCF_022921935.1;protein_983,GCF_002952575.1;protein_987,GCF_002953555.1;protein_846,GCF_019974055.1;protein_587,GCF_030406585.1;protein_435,GCF_030323565.1;protein_1010,GCF_007844055.1;protein_581,GCF_002952595.1;protein_987,GCF_002952635.1;protein_992,GCF_002952535.1;protein_991,GCF_007794935.1;protein_986
GCF_021729605.1;protein_831,GCF_016748085.1;protein_466,GCF_002951975.1;protein_988,GCF_016755675.1;protein_555,GCF_006337405.1;protein_978,GCF_007843715.1;protein_1042,GCF_002906495.1;protein_850,GCF_022923775.1;protein_564,GCF_021184145.1;protein_222,GCF_022921935.1;protein_984,GCF_002952575.1;protein_988,GCF_002953555.1;protein_847,GCF_019974055.1;protein_586,GCF_030406585.1;protein_434,GCF_030323565.1;protein_1011,GCF_007844055.1;protein_580,GCF_002952595.1;protein_988,GCF_002952635.1;protein_993,GCF_002952535.1;protein_992,GCF_007794935.1;protein_987
GCF_021729605.1;protein_832,GCF_016748085.1;protein_465,GCF_002951975.1;protein_989,GCF_016755675.1;protein_554,GCF_006337405.1;protein_979,GCF_007843715.1;protein_1043,GCF_002906495.1;protein_851,GCF_022923775.1;protein_563,GCF_021184145.1;protein_223,GCF_022921935.1;protein_985,GCF_002952575.1;protein_989,GCF_002953555.1;protein_848,GCF_019974055.1;protein_585,GCF_030406585.1;protein_433,GCF_030323565.1;protein_1012,GCF_007844055.1;protein_579,GCF_002952595.1;protein_989,GCF_002952635.1;protein_994,GCF_002952535.1;protein_993,GCF_007794935.1;protein_988
GCF_021729605.1;protein_833,GCF_016748085.1;protein_464,GCF_002951975.1;protein_990,GCF_016755675.1;protein_553,GCF_006337405.1;protein_980,GCF_007843715.1;protein_1044,GCF_002906495.1;protein_852,GCF_022923775.1;protein_562,GCF_021184145.1;protein_224,GCF_022921935.1;protein_986,GCF_002952575.1;protein_990,GCF_002953555.1;protein_849,GCF_019974055.1;protein_584,GCF_030406585.1;protein_432,GCF_030323565.1;protein_1013,GCF_007844055.1;protein_578,GCF_002952595.1;protein_990,GCF_002952635.1;protein_995,GCF_002952535.1;protein_994,GCF_007794935.1;protein_989
GCF_021729605.1;protein_838,GCF_016748085.1;protein_505,GCF_002951975.1;protein_604,GCF_016755675.1;protein_921,GCF_006337405.1;protein_787,GCF_007843715.1;protein_654,GCF_002906495.1;protein_474,GCF_022923775.1;protein_993,GCF_021184145.1;protein_1401,GCF_022921935.1;protein_581,GCF_002952575.1;protein_604,GCF_002953555.1;protein_474,GCF_019974055.1;protein_557,GCF_030406585.1;protein_802,GCF_030323565.1;protein_635,GCF_007844055.1;protein_972,GCF_002952595.1;protein_604,GCF_002952635.1;protein_607,GCF_002952535.1;protein_606,GCF_007794935.1;protein_602
GCF_021729605.1;protein_839,GCF_016748085.1;protein_506,GCF_002951975.1;protein_605,GCF_016755675.1;protein_920,GCF_006337405.1;protein_786,GCF_007843715.1;protein_655,GCF_002906495.1;protein_475,GCF_022923775.1;protein_992,GCF_021184145.1;protein_1402,GCF_022921935.1;protein_582,GCF_002952575.1;protein_605,GCF_002953555.1;protein_475,GCF_019974055.1;protein_558,GCF_030406585.1;protein_801,GCF_030323565.1;protein_636,GCF_007844055.1;protein_971,GCF_002952595.1;protein_605,GCF_002952635.1;protein_608,GCF_002952535.1;protein_607,GCF_007794935.1;protein_603
GCF_021729605.1;protein_840,GCF_016748085.1;protein_507,GCF_002951975.1;protein_606,GCF_016755675.1;protein_919,GCF_006337405.1;protein_785,GCF_007843715.1;protein_656,GCF_002906495.1;protein_476,GCF_022923775.1;protein_991,GCF_021184145.1;protein_1403,GCF_022921935.1;protein_583,GCF_002952575.1;protein_606,GCF_002953555.1;protein_476,GCF_019974055.1;protein_559,GCF_030406585.1;protein_800,GCF_030323565.1;protein_637,GCF_007844055.1;protein_970,GCF_002952595.1;protein_606,GCF_002952635.1;protein_609,GCF_002952535.1;protein_608,GCF_007794935.1;protein_604
GCF_021729605.1;protein_841,GCF_016748085.1;protein_508,GCF_002951975.1;protein_607,GCF_016755675.1;protein_918,GCF_006337405.1;protein_784,GCF_007843715.1;protein_657,GCF_002906495.1;protein_477,GCF_022923775.1;protein_990,GCF_021184145.1;protein_1404,GCF_022921935.1;protein_584,GCF_002952575.1;protein_607,GCF_002953555.1;protein_477,GCF_019974055.1;protein_560,GCF_030406585.1;protein_799,GCF_030323565.1;protein_638,GCF_007844055.1;protein_969,GCF_002952595.1;protein_607,GCF_002952635.1;protein_610,GCF_002952535.1;protein_609,GCF_007794935.1;protein_605
GCF_021729605.1;protein_842,GCF_016748085.1;protein_509,GCF_002951975.1;protein_608,GCF_016755675.1;protein_917,GCF_006337405.1;protein_783,GCF_007843715.1;protein_658,GCF_002906495.1;protein_478,GCF_022923775.1;protein_989,GCF_021184145.1;protein_1405,GCF_022921935.1;protein_585,GCF_002952575.1;protein_608,GCF_002953555.1;protein_478,GCF_019974055.1;protein_561,GCF_030406585.1;protein_798,GCF_030323565.1;protein_639,GCF_007844055.1;protein_968,GCF_002952595.1;protein_608,GCF_002952635.1;protein_611,GCF_002952535.1;protein_610,GCF_007794935.1;protein_606
GCF_021729605.1;protein_843,GCF_016748085.1;protein_510,GCF_002951975.1;protein_609,GCF_016755675.1;protein_916,GCF_006337405.1;protein_782,GCF_007843715.1;protein_659,GCF_002906495.1;protein_479,GCF_022923775.1;protein_988,GCF_021184145.1;protein_1406,GCF_022921935.1;protein_586,GCF_002952575.1;protein_609,GCF_002953555.1;protein_479,GCF_019974055.1;protein_562,GCF_030406585.1;protein_797,GCF_030323565.1;protein_640,GCF_007844055.1;protein_967,GCF_002952595.1;protein_609,GCF_002952635.1;protein_612,GCF_002952535.1;protein_611,GCF_007794935.1;protein_607
GCF_021729605.1;protein_844,GCF_016748085.1;protein_511,GCF_002951975.1;protein_610,GCF_016755675.1;protein_915,GCF_006337405.1;protein_781,GCF_007843715.1;protein_660,GCF_002906495.1;protein_480,GCF_022923775.1;protein_987,GCF_021184145.1;protein_1407,GCF_022921935.1;protein_587,GCF_002952575.1;protein_610,GCF_002953555.1;protein_480,GCF_019974055.1;protein_563,GCF_030406585.1;protein_796,GCF_030323565.1;protein_641,GCF_007844055.1;protein_966,GCF_002952595.1;protein_610,GCF_002952635.1;protein_613,GCF_002952535.1;protein_612,GCF_007794935.1;protein_608
GCF_021729605.1;protein_845,GCF_016748085.1;protein_512,GCF_002951975.1;protein_611,GCF_016755675.1;protein_914,GCF_006337405.1;protein_780,GCF_007843715.1;protein_661,GCF_002906495.1;protein_481,GCF_022923775.1;protein_986,GCF_021184145.1;protein_1408,GCF_022921935.1;protein_588,GCF_002952575.1;protein_611,GCF_002953555.1;protein_481,GCF_019974055.1;protein_564,GCF_030406585.1;protein_795,GCF_030323565.1;protein_642,GCF_007844055.1;protein_965,GCF_002952595.1;protein_611,GCF_002952635.1;protein_614,GCF_002952535.1;protein_613,GCF_007794935.1;protein_609
GCF_021729605.1;protein_846,GCF_016748085.1;protein_513,GCF_002951975.1;protein_612,GCF_016755675.1;protein_913,GCF_006337405.1;protein_779,GCF_007843715.1;protein_662,GCF_002906495.1;protein_482,GCF_022923775.1;protein_985,GCF_021184145.1;protein_1409,GCF_022921935.1;protein_589,GCF_002952575.1;protein_612,GCF_002953555.1;protein_482,GCF_019974055.1;protein_565,GCF_030406585.1;protein_794,GCF_030323565.1;protein_643,GCF_007844055.1;protein_964,GCF_002952595.1;protein_612,GCF_002952635.1;protein_615,GCF_002952535.1;protein_614,GCF_007794935.1;protein_610
GCF_021729605.1;protein_847,GCF_016748085.1;protein_514,GCF_002951975.1;protein_613,GCF_016755675.1;protein_912,GCF_006337405.1;protein_778,GCF_007843715.1;protein_663,GCF_002906495.1;protein_483,GCF_022923775.1;protein_984,GCF_021184145.1;protein_1410,GCF_022921935.1;protein_590,GCF_002952575.1;protein_613,GCF_002953555.1;protein_483,GCF_019974055.1;protein_566,GCF_030406585.1;protein_793,GCF_030323565.1;protein_644,GCF_007844055.1;protein_963,GCF_002952595.1;protein_613,GCF_002952635.1;protein_616,GCF_002952535.1;protein_615,GCF_007794935.1;protein_611
GCF_021729605.1;protein_848,GCF_016748085.1;protein_515,GCF_002951975.1;protein_614,GCF_016755675.1;protein_911,GCF_006337405.1;protein_777,GCF_007843715.1;protein_664,GCF_002906495.1;protein_484,GCF_022923775.1;protein_983,GCF_021184145.1;protein_1411,GCF_022921935.1;protein_591,GCF_002952575.1;protein_614,GCF_002953555.1;protein_484,GCF_019974055.1;protein_567,GCF_030406585.1;protein_792,GCF_030323565.1;protein_645,GCF_007844055.1;protein_962,GCF_002952595.1;protein_614,GCF_002952635.1;protein_617,GCF_002952535.1;protein_616,GCF_007794935.1;protein_612
GCF_021729605.1;protein_849,GCF_016748085.1;protein_516,GCF_002951975.1;protein_615,GCF_016755675.1;protein_910,GCF_006337405.1;protein_776,GCF_007843715.1;protein_665,GCF_002906495.1;protein_485,GCF_022923775.1;protein_982,GCF_021184145.1;protein_1412,GCF_022921935.1;protein_592,GCF_002952575.1;protein_615,GCF_002953555.1;protein_485,GCF_019974055.1;protein_568,GCF_030406585.1;protein_791,GCF_030323565.1;protein_646,GCF_007844055.1;protein_961,GCF_002952595.1;protein_615,GCF_002952635.1;protein_618,GCF_002952535.1;protein_617,GCF_007794935.1;protein_613
GCF_021729605.1;protein_85,GCF_016748085.1;protein_87,GCF_002951975.1;protein_1349,GCF_016755675.1;protein_86,GCF_006337405.1;protein_1389,GCF_007843715.1;protein_281,GCF_002906495.1;protein_89,GCF_022923775.1;protein_1356,GCF_021184145.1;protein_1039,GCF_022921935.1;protein_1356,GCF_002952575.1;protein_1348,GCF_002953555.1;protein_90,GCF_019974055.1;protein_275,GCF_030406585.1;protein_975,GCF_030323565.1;protein_236,GCF_007844055.1;protein_1368,GCF_002952595.1;protein_1348,GCF_002952635.1;protein_1353,GCF_002952535.1;protein_1352,GCF_007794935.1;protein_1349
GCF_021729605.1;protein_852,GCF_016748085.1;protein_519,GCF_002951975.1;protein_618,GCF_016755675.1;protein_907,GCF_006337405.1;protein_773,GCF_007843715.1;protein_668,GCF_002906495.1;protein_488,GCF_022923775.1;protein_979,GCF_021184145.1;protein_1415,GCF_022921935.1;protein_595,GCF_002952575.1;protein_618,GCF_002953555.1;protein_488,GCF_019974055.1;protein_907,GCF_030406585.1;protein_788,GCF_030323565.1;protein_649,GCF_007844055.1;protein_958,GCF_002952595.1;protein_618,GCF_002952635.1;protein_621,GCF_002952535.1;protein_620,GCF_007794935.1;protein_616
GCF_021729605.1;protein_853,GCF_016748085.1;protein_520,GCF_002951975.1;protein_619,GCF_016755675.1;protein_906,GCF_006337405.1;protein_772,GCF_007843715.1;protein_669,GCF_002906495.1;protein_489,GCF_022923775.1;protein_978,GCF_021184145.1;protein_1416,GCF_022921935.1;protein_596,GCF_002952575.1;protein_619,GCF_002953555.1;protein_489,GCF_019974055.1;protein_908,GCF_030406585.1;protein_787,GCF_030323565.1;protein_650,GCF_007844055.1;protein_957,GCF_002952595.1;protein_619,GCF_002952635.1;protein_622,GCF_002952535.1;protein_621,GCF_007794935.1;protein_617
GCF_021729605.1;protein_854,GCF_016748085.1;protein_521,GCF_002951975.1;protein_620,GCF_016755675.1;protein_905,GCF_006337405.1;protein_771,GCF_007843715.1;protein_670,GCF_002906495.1;protein_490,GCF_022923775.1;protein_977,GCF_021184145.1;protein_1417,GCF_022921935.1;protein_597,GCF_002952575.1;protein_620,GCF_002953555.1;protein_490,GCF_019974055.1;protein_909,GCF_030406585.1;protein_786,GCF_030323565.1;protein_651,GCF_007844055.1;protein_956,GCF_002952595.1;protein_620,GCF_002952635.1;protein_623,GCF_002952535.1;protein_622,GCF_007794935.1;protein_618
GCF_021729605.1;protein_855,GCF_016748085.1;protein_522,GCF_002951975.1;protein_621,GCF_016755675.1;protein_904,GCF_006337405.1;protein_770,GCF_007843715.1;protein_671,GCF_002906495.1;protein_491,GCF_022923775.1;protein_976,GCF_021184145.1;protein_1418,GCF_022921935.1;protein_598,GCF_002952575.1;protein_621,GCF_002953555.1;protein_491,GCF_019974055.1;protein_910,GCF_030406585.1;protein_785,GCF_030323565.1;protein_652,GCF_007844055.1;protein_955,GCF_002952595.1;protein_621,GCF_002952635.1;protein_624,GCF_002952535.1;protein_623,GCF_007794935.1;protein_619
GCF_021729605.1;protein_856,GCF_016748085.1;protein_523,GCF_002951975.1;protein_622,GCF_016755675.1;protein_903,GCF_006337405.1;protein_769,GCF_007843715.1;protein_672,GCF_002906495.1;protein_492,GCF_022923775.1;protein_975,GCF_021184145.1;protein_1419,GCF_022921935.1;protein_599,GCF_002952575.1;protein_622,GCF_002953555.1;protein_492,GCF_019974055.1;protein_911,GCF_030406585.1;protein_784,GCF_030323565.1;protein_653,GCF_007844055.1;protein_954,GCF_002952595.1;protein_622,GCF_002952635.1;protein_625,GCF_002952535.1;protein_624,GCF_007794935.1;protein_620
GCF_021729605.1;protein_858,GCF_016748085.1;protein_525,GCF_002951975.1;protein_653,GCF_016755675.1;protein_901,GCF_006337405.1;protein_767,GCF_007843715.1;protein_705,GCF_002906495.1;protein_494,GCF_022923775.1;protein_973,GCF_021184145.1;protein_1421,GCF_022921935.1;protein_601,GCF_002952575.1;protein_653,GCF_002953555.1;protein_494,GCF_019974055.1;protein_913,GCF_030406585.1;protein_782,GCF_030323565.1;protein_655,GCF_007844055.1;protein_921,GCF_002952595.1;protein_653,GCF_002952635.1;protein_656,GCF_002952535.1;protein_655,GCF_007794935.1;protein_651
GCF_021729605.1;protein_86,GCF_016748085.1;protein_88,GCF_002951975.1;protein_1348,GCF_016755675.1;protein_87,GCF_006337405.1;protein_1388,GCF_007843715.1;protein_282,GCF_002906495.1;protein_90,GCF_022923775.1;protein_1355,GCF_021184145.1;protein_1040,GCF_022921935.1;protein_1355,GCF_002952575.1;protein_1347,GCF_002953555.1;protein_91,GCF_019974055.1;protein_276,GCF_030406585.1;protein_976,GCF_030323565.1;protein_237,GCF_007844055.1;protein_1367,GCF_002952595.1;protein_1347,GCF_002952635.1;protein_1352,GCF_002952535.1;protein_1351,GCF_007794935.1;protein_1348
GCF_021729605.1;protein_866,GCF_016748085.1;protein_883,GCF_002951975.1;protein_600,GCF_016755675.1;protein_550,GCF_006337405.1;protein_790,GCF_007843715.1;protein_1047,GCF_002906495.1;protein_856,GCF_022923775.1;protein_559,GCF_021184145.1;protein_228,GCF_022921935.1;protein_577,GCF_002952575.1;protein_600,GCF_002953555.1;protein_853,GCF_019974055.1;protein_581,GCF_030406585.1;protein_807,GCF_030323565.1;protein_1016,GCF_007844055.1;protein_574,GCF_002952595.1;protein_600,GCF_002952635.1;protein_603,GCF_002952535.1;protein_602,GCF_007794935.1;protein_598
GCF_021729605.1;protein_867,GCF_016748085.1;protein_884,GCF_002951975.1;protein_599,GCF_016755675.1;protein_549,GCF_006337405.1;protein_791,GCF_007843715.1;protein_1048,GCF_002906495.1;protein_857,GCF_022923775.1;protein_558,GCF_021184145.1;protein_229,GCF_022921935.1;protein_576,GCF_002952575.1;protein_599,GCF_002953555.1;protein_854,GCF_019974055.1;protein_580,GCF_030406585.1;protein_808,GCF_030323565.1;protein_1017,GCF_007844055.1;protein_573,GCF_002952595.1;protein_599,GCF_002952635.1;protein_602,GCF_002952535.1;protein_601,GCF_007794935.1;protein_597
GCF_021729605.1;protein_868,GCF_016748085.1;protein_885,GCF_002951975.1;protein_598,GCF_016755675.1;protein_548,GCF_006337405.1;protein_792,GCF_007843715.1;protein_1049,GCF_002906495.1;protein_858,GCF_022923775.1;protein_557,GCF_021184145.1;protein_230,GCF_022921935.1;protein_575,GCF_002952575.1;protein_598,GCF_002953555.1;protein_855,GCF_019974055.1;protein_579,GCF_030406585.1;protein_809,GCF_030323565.1;protein_1018,GCF_007844055.1;protein_572,GCF_002952595.1;protein_598,GCF_002952635.1;protein_601,GCF_002952535.1;protein_600,GCF_007794935.1;protein_596
GCF_021729605.1;protein_869,GCF_016748085.1;protein_886,GCF_002951975.1;protein_597,GCF_016755675.1;protein_547,GCF_006337405.1;protein_793,GCF_007843715.1;protein_1050,GCF_002906495.1;protein_859,GCF_022923775.1;protein_556,GCF_021184145.1;protein_231,GCF_022921935.1;protein_574,GCF_002952575.1;protein_597,GCF_002953555.1;protein_856,GCF_019974055.1;protein_578,GCF_030406585.1;protein_810,GCF_030323565.1;protein_1019,GCF_007844055.1;protein_571,GCF_002952595.1;protein_597,GCF_002952635.1;protein_600,GCF_002952535.1;protein_599,GCF_007794935.1;protein_595
GCF_021729605.1;protein_87,GCF_016748085.1;protein_89,GCF_002951975.1;protein_1347,GCF_016755675.1;protein_88,GCF_006337405.1;protein_1387,GCF_007843715.1;protein_283,GCF_002906495.1;protein_91,GCF_022923775.1;protein_1354,GCF_021184145.1;protein_1041,GCF_022921935.1;protein_1354,GCF_002952575.1;protein_1346,GCF_002953555.1;protein_92,GCF_019974055.1;protein_277,GCF_030406585.1;protein_977,GCF_030323565.1;protein_238,GCF_007844055.1;protein_1366,GCF_002952595.1;protein_1346,GCF_002952635.1;protein_1351,GCF_002952535.1;protein_1350,GCF_007794935.1;protein_1347
GCF_021729605.1;protein_871,GCF_016748085.1;protein_888,GCF_002951975.1;protein_595,GCF_016755675.1;protein_545,GCF_006337405.1;protein_795,GCF_007843715.1;protein_1052,GCF_002906495.1;protein_861,GCF_022923775.1;protein_554,GCF_021184145.1;protein_234,GCF_022921935.1;protein_572,GCF_002952575.1;protein_595,GCF_002953555.1;protein_858,GCF_019974055.1;protein_575,GCF_030406585.1;protein_812,GCF_030323565.1;protein_1021,GCF_007844055.1;protein_569,GCF_002952595.1;protein_595,GCF_002952635.1;protein_598,GCF_002952535.1;protein_597,GCF_007794935.1;protein_593
GCF_021729605.1;protein_872,GCF_016748085.1;protein_889,GCF_002951975.1;protein_594,GCF_016755675.1;protein_544,GCF_006337405.1;protein_796,GCF_007843715.1;protein_1053,GCF_002906495.1;protein_862,GCF_022923775.1;protein_553,GCF_021184145.1;protein_235,GCF_022921935.1;protein_571,GCF_002952575.1;protein_594,GCF_002953555.1;protein_859,GCF_019974055.1;protein_574,GCF_030406585.1;protein_813,GCF_030323565.1;protein_1022,GCF_007844055.1;protein_568,GCF_002952595.1;protein_594,GCF_002952635.1;protein_597,GCF_002952535.1;protein_596,GCF_007794935.1;protein_592
GCF_021729605.1;protein_873,GCF_016748085.1;protein_890,GCF_002951975.1;protein_593,GCF_016755675.1;protein_543,GCF_006337405.1;protein_797,GCF_007843715.1;protein_1054,GCF_002906495.1;protein_863,GCF_022923775.1;protein_552,GCF_021184145.1;protein_236,GCF_022921935.1;protein_570,GCF_002952575.1;protein_593,GCF_002953555.1;protein_860,GCF_019974055.1;protein_573,GCF_030406585.1;protein_814,GCF_030323565.1;protein_1023,GCF_007844055.1;protein_567,GCF_002952595.1;protein_593,GCF_002952635.1;protein_596,GCF_002952535.1;protein_595,GCF_007794935.1;protein_591
GCF_021729605.1;protein_874,GCF_016748085.1;protein_891,GCF_002951975.1;protein_592,GCF_016755675.1;protein_542,GCF_006337405.1;protein_798,GCF_007843715.1;protein_1055,GCF_002906495.1;protein_864,GCF_022923775.1;protein_551,GCF_021184145.1;protein_237,GCF_022921935.1;protein_569,GCF_002952575.1;protein_592,GCF_002953555.1;protein_861,GCF_019974055.1;protein_572,GCF_030406585.1;protein_815,GCF_030323565.1;protein_1024,GCF_007844055.1;protein_566,GCF_002952595.1;protein_592,GCF_002952635.1;protein_595,GCF_002952535.1;protein_594,GCF_007794935.1;protein_590
GCF_021729605.1;protein_878,GCF_016748085.1;protein_895,GCF_002951975.1;protein_588,GCF_016755675.1;protein_538,GCF_006337405.1;protein_802,GCF_007843715.1;protein_1059,GCF_002906495.1;protein_870,GCF_022923775.1;protein_546,GCF_021184145.1;protein_248,GCF_022921935.1;protein_564,GCF_002952575.1;protein_588,GCF_002953555.1;protein_868,GCF_019974055.1;protein_884,GCF_030406585.1;protein_920,GCF_030323565.1;protein_1028,GCF_007844055.1;protein_562,GCF_002952595.1;protein_588,GCF_002952635.1;protein_591,GCF_002952535.1;protein_590,GCF_007794935.1;protein_586
GCF_021729605.1;protein_879,GCF_016748085.1;protein_896,GCF_002951975.1;protein_587,GCF_016755675.1;protein_537,GCF_006337405.1;protein_803,GCF_007843715.1;protein_1060,GCF_002906495.1;protein_871,GCF_022923775.1;protein_545,GCF_021184145.1;protein_249,GCF_022921935.1;protein_563,GCF_002952575.1;protein_587,GCF_002953555.1;protein_869,GCF_019974055.1;protein_883,GCF_030406585.1;protein_919,GCF_030323565.1;protein_1029,GCF_007844055.1;protein_561,GCF_002952595.1;protein_587,GCF_002952635.1;protein_590,GCF_002952535.1;protein_589,GCF_007794935.1;protein_585
GCF_021729605.1;protein_88,GCF_016748085.1;protein_90,GCF_002951975.1;protein_1346,GCF_016755675.1;protein_89,GCF_006337405.1;protein_1386,GCF_007843715.1;protein_284,GCF_002906495.1;protein_92,GCF_022923775.1;protein_1353,GCF_021184145.1;protein_1042,GCF_022921935.1;protein_1353,GCF_002952575.1;protein_1345,GCF_002953555.1;protein_93,GCF_019974055.1;protein_278,GCF_030406585.1;protein_978,GCF_030323565.1;protein_239,GCF_007844055.1;protein_1365,GCF_002952595.1;protein_1345,GCF_002952635.1;protein_1350,GCF_002952535.1;protein_1349,GCF_007794935.1;protein_1346
GCF_021729605.1;protein_880,GCF_016748085.1;protein_897,GCF_002951975.1;protein_586,GCF_016755675.1;protein_536,GCF_006337405.1;protein_804,GCF_007843715.1;protein_1061,GCF_002906495.1;protein_872,GCF_022923775.1;protein_544,GCF_021184145.1;protein_250,GCF_022921935.1;protein_562,GCF_002952575.1;protein_586,GCF_002953555.1;protein_870,GCF_019974055.1;protein_882,GCF_030406585.1;protein_918,GCF_030323565.1;protein_1030,GCF_007844055.1;protein_560,GCF_002952595.1;protein_586,GCF_002952635.1;protein_589,GCF_002952535.1;protein_588,GCF_007794935.1;protein_584
GCF_021729605.1;protein_881,GCF_016748085.1;protein_898,GCF_002951975.1;protein_585,GCF_016755675.1;protein_535,GCF_006337405.1;protein_805,GCF_007843715.1;protein_1062,GCF_002906495.1;protein_873,GCF_022923775.1;protein_543,GCF_021184145.1;protein_251,GCF_022921935.1;protein_561,GCF_002952575.1;protein_585,GCF_002953555.1;protein_871,GCF_019974055.1;protein_881,GCF_030406585.1;protein_917,GCF_030323565.1;protein_1031,GCF_007844055.1;protein_559,GCF_002952595.1;protein_585,GCF_002952635.1;protein_588,GCF_002952535.1;protein_587,GCF_007794935.1;protein_583
GCF_021729605.1;protein_882,GCF_016748085.1;protein_899,GCF_002951975.1;protein_584,GCF_016755675.1;protein_534,GCF_006337405.1;protein_806,GCF_007843715.1;protein_1063,GCF_002906495.1;protein_875,GCF_022923775.1;protein_542,GCF_021184145.1;protein_253,GCF_022921935.1;protein_560,GCF_002952575.1;protein_584,GCF_002953555.1;protein_873,GCF_019974055.1;protein_880,GCF_030406585.1;protein_915,GCF_030323565.1;protein_1033,GCF_007844055.1;protein_557,GCF_002952595.1;protein_584,GCF_002952635.1;protein_587,GCF_002952535.1;protein_586,GCF_007794935.1;protein_582
GCF_021729605.1;protein_885,GCF_016748085.1;protein_902,GCF_002951975.1;protein_581,GCF_016755675.1;protein_531,GCF_006337405.1;protein_543,GCF_007843715.1;protein_1066,GCF_002906495.1;protein_879,GCF_022923775.1;protein_539,GCF_021184145.1;protein_256,GCF_022921935.1;protein_558,GCF_002952575.1;protein_581,GCF_002953555.1;protein_877,GCF_019974055.1;protein_877,GCF_030406585.1;protein_912,GCF_030323565.1;protein_1036,GCF_007844055.1;protein_554,GCF_002952595.1;protein_581,GCF_002952635.1;protein_584,GCF_002952535.1;protein_583,GCF_007794935.1;protein_579
GCF_021729605.1;protein_886,GCF_016748085.1;protein_903,GCF_002951975.1;protein_580,GCF_016755675.1;protein_530,GCF_006337405.1;protein_542,GCF_007843715.1;protein_1067,GCF_002906495.1;protein_880,GCF_022923775.1;protein_538,GCF_021184145.1;protein_257,GCF_022921935.1;protein_557,GCF_002952575.1;protein_580,GCF_002953555.1;protein_878,GCF_019974055.1;protein_876,GCF_030406585.1;protein_911,GCF_030323565.1;protein_1037,GCF_007844055.1;protein_553,GCF_002952595.1;protein_580,GCF_002952635.1;protein_583,GCF_002952535.1;protein_582,GCF_007794935.1;protein_578
GCF_021729605.1;protein_887,GCF_016748085.1;protein_904,GCF_002951975.1;protein_579,GCF_016755675.1;protein_529,GCF_006337405.1;protein_541,GCF_007843715.1;protein_1068,GCF_002906495.1;protein_881,GCF_022923775.1;protein_537,GCF_021184145.1;protein_258,GCF_022921935.1;protein_556,GCF_002952575.1;protein_579,GCF_002953555.1;protein_879,GCF_019974055.1;protein_875,GCF_030406585.1;protein_910,GCF_030323565.1;protein_1038,GCF_007844055.1;protein_552,GCF_002952595.1;protein_579,GCF_002952635.1;protein_582,GCF_002952535.1;protein_581,GCF_007794935.1;protein_577
GCF_021729605.1;protein_889,GCF_016748085.1;protein_906,GCF_002951975.1;protein_577,GCF_016755675.1;protein_527,GCF_006337405.1;protein_539,GCF_007843715.1;protein_1070,GCF_002906495.1;protein_883,GCF_022923775.1;protein_535,GCF_021184145.1;protein_260,GCF_022921935.1;protein_554,GCF_002952575.1;protein_577,GCF_002953555.1;protein_881,GCF_019974055.1;protein_873,GCF_030406585.1;protein_908,GCF_030323565.1;protein_1040,GCF_007844055.1;protein_550,GCF_002952595.1;protein_577,GCF_002952635.1;protein_580,GCF_002952535.1;protein_579,GCF_007794935.1;protein_575
GCF_021729605.1;protein_89,GCF_016748085.1;protein_91,GCF_002951975.1;protein_1345,GCF_016755675.1;protein_90,GCF_006337405.1;protein_1385,GCF_007843715.1;protein_285,GCF_002906495.1;protein_93,GCF_022923775.1;protein_1352,GCF_021184145.1;protein_1043,GCF_022921935.1;protein_1352,GCF_002952575.1;protein_1344,GCF_002953555.1;protein_94,GCF_019974055.1;protein_279,GCF_030406585.1;protein_979,GCF_030323565.1;protein_240,GCF_007844055.1;protein_1364,GCF_002952595.1;protein_1344,GCF_002952635.1;protein_1349,GCF_002952535.1;protein_1348,GCF_007794935.1;protein_1345
GCF_021729605.1;protein_890,GCF_016748085.1;protein_907,GCF_002951975.1;protein_576,GCF_016755675.1;protein_526,GCF_006337405.1;protein_538,GCF_007843715.1;protein_1071,GCF_002906495.1;protein_884,GCF_022923775.1;protein_534,GCF_021184145.1;protein_261,GCF_022921935.1;protein_553,GCF_002952575.1;protein_576,GCF_002953555.1;protein_882,GCF_019974055.1;protein_872,GCF_030406585.1;protein_907,GCF_030323565.1;protein_1041,GCF_007844055.1;protein_549,GCF_002952595.1;protein_576,GCF_002952635.1;protein_579,GCF_002952535.1;protein_578,GCF_007794935.1;protein_574
GCF_021729605.1;protein_891,GCF_016748085.1;protein_908,GCF_002951975.1;protein_575,GCF_016755675.1;protein_525,GCF_006337405.1;protein_537,GCF_007843715.1;protein_1072,GCF_002906495.1;protein_885,GCF_022923775.1;protein_533,GCF_021184145.1;protein_262,GCF_022921935.1;protein_552,GCF_002952575.1;protein_575,GCF_002953555.1;protein_883,GCF_019974055.1;protein_871,GCF_030406585.1;protein_906,GCF_030323565.1;protein_1042,GCF_007844055.1;protein_548,GCF_002952595.1;protein_575,GCF_002952635.1;protein_578,GCF_002952535.1;protein_577,GCF_007794935.1;protein_573
GCF_021729605.1;protein_892,GCF_016748085.1;protein_909,GCF_002951975.1;protein_574,GCF_016755675.1;protein_524,GCF_006337405.1;protein_536,GCF_007843715.1;protein_1073,GCF_002906495.1;protein_886,GCF_022923775.1;protein_532,GCF_021184145.1;protein_263,GCF_022921935.1;protein_551,GCF_002952575.1;protein_574,GCF_002953555.1;protein_884,GCF_019974055.1;protein_870,GCF_030406585.1;protein_905,GCF_030323565.1;protein_1043,GCF_007844055.1;protein_547,GCF_002952595.1;protein_574,GCF_002952635.1;protein_577,GCF_002952535.1;protein_576,GCF_007794935.1;protein_572
GCF_021729605.1;protein_893,GCF_016748085.1;protein_910,GCF_002951975.1;protein_573,GCF_016755675.1;protein_523,GCF_006337405.1;protein_535,GCF_007843715.1;protein_1074,GCF_002906495.1;protein_887,GCF_022923775.1;protein_530,GCF_021184145.1;protein_264,GCF_022921935.1;protein_550,GCF_002952575.1;protein_573,GCF_002953555.1;protein_885,GCF_019974055.1;protein_869,GCF_030406585.1;protein_904,GCF_030323565.1;protein_1044,GCF_007844055.1;protein_545,GCF_002952595.1;protein_573,GCF_002952635.1;protein_576,GCF_002952535.1;protein_575,GCF_007794935.1;protein_571
GCF_021729605.1;protein_894,GCF_016748085.1;protein_911,GCF_002951975.1;protein_572,GCF_016755675.1;protein_522,GCF_006337405.1;protein_534,GCF_007843715.1;protein_1075,GCF_002906495.1;protein_888,GCF_022923775.1;protein_529,GCF_021184145.1;protein_265,GCF_022921935.1;protein_549,GCF_002952575.1;protein_572,GCF_002953555.1;protein_886,GCF_019974055.1;protein_868,GCF_030406585.1;protein_903,GCF_030323565.1;protein_1045,GCF_007844055.1;protein_544,GCF_002952595.1;protein_572,GCF_002952635.1;protein_575,GCF_002952535.1;protein_574,GCF_007794935.1;protein_570
GCF_021729605.1;protein_895,GCF_016748085.1;protein_912,GCF_002951975.1;protein_571,GCF_016755675.1;protein_521,GCF_006337405.1;protein_533,GCF_007843715.1;protein_1076,GCF_002906495.1;protein_889,GCF_022923775.1;protein_528,GCF_021184145.1;protein_266,GCF_022921935.1;protein_548,GCF_002952575.1;protein_571,GCF_002953555.1;protein_887,GCF_019974055.1;protein_867,GCF_030406585.1;protein_902,GCF_030323565.1;protein_1046,GCF_007844055.1;protein_543,GCF_002952595.1;protein_571,GCF_002952635.1;protein_574,GCF_002952535.1;protein_573,GCF_007794935.1;protein_569
GCF_021729605.1;protein_896,GCF_016748085.1;protein_913,GCF_002951975.1;protein_570,GCF_016755675.1;protein_520,GCF_006337405.1;protein_532,GCF_007843715.1;protein_1077,GCF_002906495.1;protein_890,GCF_022923775.1;protein_527,GCF_021184145.1;protein_267,GCF_022921935.1;protein_547,GCF_002952575.1;protein_570,GCF_002953555.1;protein_888,GCF_019974055.1;protein_866,GCF_030406585.1;protein_901,GCF_030323565.1;protein_1047,GCF_007844055.1;protein_542,GCF_002952595.1;protein_570,GCF_002952635.1;protein_573,GCF_002952535.1;protein_572,GCF_007794935.1;protein_568
GCF_021729605.1;protein_897,GCF_016748085.1;protein_914,GCF_002951975.1;protein_569,GCF_016755675.1;protein_519,GCF_006337405.1;protein_531,GCF_007843715.1;protein_1078,GCF_002906495.1;protein_891,GCF_022923775.1;protein_526,GCF_021184145.1;protein_268,GCF_022921935.1;protein_546,GCF_002952575.1;protein_569,GCF_002953555.1;protein_889,GCF_019974055.1;protein_865,GCF_030406585.1;protein_900,GCF_030323565.1;protein_1048,GCF_007844055.1;protein_541,GCF_002952595.1;protein_569,GCF_002952635.1;protein_572,GCF_002952535.1;protein_571,GCF_007794935.1;protein_567
GCF_021729605.1;protein_898,GCF_016748085.1;protein_915,GCF_002951975.1;protein_568,GCF_016755675.1;protein_518,GCF_006337405.1;protein_530,GCF_007843715.1;protein_1079,GCF_002906495.1;protein_892,GCF_022923775.1;protein_525,GCF_021184145.1;protein_269,GCF_022921935.1;protein_545,GCF_002952575.1;protein_568,GCF_002953555.1;protein_890,GCF_019974055.1;protein_864,GCF_030406585.1;protein_899,GCF_030323565.1;protein_1049,GCF_007844055.1;protein_540,GCF_002952595.1;protein_568,GCF_002952635.1;protein_571,GCF_002952535.1;protein_570,GCF_007794935.1;protein_566
GCF_021729605.1;protein_9,GCF_016748085.1;protein_8,GCF_002951975.1;protein_1472,GCF_016755675.1;protein_8,GCF_006337405.1;protein_1509,GCF_007843715.1;protein_202,GCF_002906495.1;protein_9,GCF_022923775.1;protein_1452,GCF_021184145.1;protein_957,GCF_022921935.1;protein_1444,GCF_002952575.1;protein_1471,GCF_002953555.1;protein_9,GCF_019974055.1;protein_171,GCF_030406585.1;protein_9,GCF_030323565.1;protein_155,GCF_007844055.1;protein_155,GCF_002952595.1;protein_1471,GCF_002952635.1;protein_1476,GCF_002952535.1;protein_1475,GCF_007794935.1;protein_1472
GCF_021729605.1;protein_90,GCF_016748085.1;protein_92,GCF_002951975.1;protein_1344,GCF_016755675.1;protein_91,GCF_006337405.1;protein_1384,GCF_007843715.1;protein_286,GCF_002906495.1;protein_94,GCF_022923775.1;protein_1351,GCF_021184145.1;protein_1044,GCF_022921935.1;protein_1351,GCF_002952575.1;protein_1343,GCF_002953555.1;protein_95,GCF_019974055.1;protein_280,GCF_030406585.1;protein_980,GCF_030323565.1;protein_241,GCF_007844055.1;protein_1363,GCF_002952595.1;protein_1343,GCF_002952635.1;protein_1348,GCF_002952535.1;protein_1347,GCF_007794935.1;protein_1344
GCF_021729605.1;protein_901,GCF_016748085.1;protein_918,GCF_002951975.1;protein_565,GCF_016755675.1;protein_515,GCF_006337405.1;protein_527,GCF_007843715.1;protein_1082,GCF_002906495.1;protein_895,GCF_022923775.1;protein_522,GCF_021184145.1;protein_272,GCF_022921935.1;protein_542,GCF_002952575.1;protein_565,GCF_002953555.1;protein_893,GCF_019974055.1;protein_861,GCF_030406585.1;protein_896,GCF_030323565.1;protein_1052,GCF_007844055.1;protein_537,GCF_002952595.1;protein_565,GCF_002952635.1;protein_568,GCF_002952535.1;protein_567,GCF_007794935.1;protein_563
GCF_021729605.1;protein_902,GCF_016748085.1;protein_919,GCF_002951975.1;protein_564,GCF_016755675.1;protein_514,GCF_006337405.1;protein_526,GCF_007843715.1;protein_1083,GCF_002906495.1;protein_896,GCF_022923775.1;protein_521,GCF_021184145.1;protein_273,GCF_022921935.1;protein_541,GCF_002952575.1;protein_564,GCF_002953555.1;protein_894,GCF_019974055.1;protein_860,GCF_030406585.1;protein_895,GCF_030323565.1;protein_1053,GCF_007844055.1;protein_536,GCF_002952595.1;protein_564,GCF_002952635.1;protein_567,GCF_002952535.1;protein_566,GCF_007794935.1;protein_562
GCF_021729605.1;protein_903,GCF_016748085.1;protein_920,GCF_002951975.1;protein_563,GCF_016755675.1;protein_513,GCF_006337405.1;protein_525,GCF_007843715.1;protein_1084,GCF_002906495.1;protein_897,GCF_022923775.1;protein_520,GCF_021184145.1;protein_274,GCF_022921935.1;protein_540,GCF_002952575.1;protein_563,GCF_002953555.1;protein_895,GCF_019974055.1;protein_859,GCF_030406585.1;protein_894,GCF_030323565.1;protein_1054,GCF_007844055.1;protein_535,GCF_002952595.1;protein_563,GCF_002952635.1;protein_566,GCF_002952535.1;protein_565,GCF_007794935.1;protein_561
GCF_021729605.1;protein_904,GCF_016748085.1;protein_921,GCF_002951975.1;protein_562,GCF_016755675.1;protein_512,GCF_006337405.1;protein_524,GCF_007843715.1;protein_1085,GCF_002906495.1;protein_898,GCF_022923775.1;protein_519,GCF_021184145.1;protein_275,GCF_022921935.1;protein_539,GCF_002952575.1;protein_562,GCF_002953555.1;protein_896,GCF_019974055.1;protein_858,GCF_030406585.1;protein_893,GCF_030323565.1;protein_1055,GCF_007844055.1;protein_534,GCF_002952595.1;protein_562,GCF_002952635.1;protein_565,GCF_002952535.1;protein_564,GCF_007794935.1;protein_560
GCF_021729605.1;protein_905,GCF_016748085.1;protein_922,GCF_002951975.1;protein_561,GCF_016755675.1;protein_511,GCF_006337405.1;protein_523,GCF_007843715.1;protein_1086,GCF_002906495.1;protein_899,GCF_022923775.1;protein_518,GCF_021184145.1;protein_276,GCF_022921935.1;protein_538,GCF_002952575.1;protein_561,GCF_002953555.1;protein_897,GCF_019974055.1;protein_857,GCF_030406585.1;protein_892,GCF_030323565.1;protein_1056,GCF_007844055.1;protein_533,GCF_002952595.1;protein_561,GCF_002952635.1;protein_564,GCF_002952535.1;protein_563,GCF_007794935.1;protein_559
GCF_021729605.1;protein_906,GCF_016748085.1;protein_923,GCF_002951975.1;protein_560,GCF_016755675.1;protein_510,GCF_006337405.1;protein_522,GCF_007843715.1;protein_1087,GCF_002906495.1;protein_900,GCF_022923775.1;protein_517,GCF_021184145.1;protein_277,GCF_022921935.1;protein_537,GCF_002952575.1;protein_560,GCF_002953555.1;protein_898,GCF_019974055.1;protein_856,GCF_030406585.1;protein_891,GCF_030323565.1;protein_1057,GCF_007844055.1;protein_532,GCF_002952595.1;protein_560,GCF_002952635.1;protein_563,GCF_002952535.1;protein_562,GCF_007794935.1;protein_558
GCF_021729605.1;protein_907,GCF_016748085.1;protein_924,GCF_002951975.1;protein_559,GCF_016755675.1;protein_509,GCF_006337405.1;protein_521,GCF_007843715.1;protein_1088,GCF_002906495.1;protein_901,GCF_022923775.1;protein_516,GCF_021184145.1;protein_278,GCF_022921935.1;protein_536,GCF_002952575.1;protein_559,GCF_002953555.1;protein_899,GCF_019974055.1;protein_855,GCF_030406585.1;protein_890,GCF_030323565.1;protein_1058,GCF_007844055.1;protein_531,GCF_002952595.1;protein_559,GCF_002952635.1;protein_562,GCF_002952535.1;protein_561,GCF_007794935.1;protein_557
GCF_021729605.1;protein_908,GCF_016748085.1;protein_925,GCF_002951975.1;protein_558,GCF_016755675.1;protein_508,GCF_006337405.1;protein_520,GCF_007843715.1;protein_1089,GCF_002906495.1;protein_902,GCF_022923775.1;protein_515,GCF_021184145.1;protein_279,GCF_022921935.1;protein_535,GCF_002952575.1;protein_558,GCF_002953555.1;protein_900,GCF_019974055.1;protein_854,GCF_030406585.1;protein_889,GCF_030323565.1;protein_1059,GCF_007844055.1;protein_530,GCF_002952595.1;protein_558,GCF_002952635.1;protein_561,GCF_002952535.1;protein_560,GCF_007794935.1;protein_556
GCF_021729605.1;protein_909,GCF_016748085.1;protein_926,GCF_002951975.1;protein_557,GCF_016755675.1;protein_507,GCF_006337405.1;protein_519,GCF_007843715.1;protein_1090,GCF_002906495.1;protein_903,GCF_022923775.1;protein_514,GCF_021184145.1;protein_280,GCF_022921935.1;protein_534,GCF_002952575.1;protein_557,GCF_002953555.1;protein_901,GCF_019974055.1;protein_853,GCF_030406585.1;protein_888,GCF_030323565.1;protein_1060,GCF_007844055.1;protein_529,GCF_002952595.1;protein_557,GCF_002952635.1;protein_560,GCF_002952535.1;protein_559,GCF_007794935.1;protein_555
GCF_021729605.1;protein_91,GCF_016748085.1;protein_93,GCF_002951975.1;protein_1343,GCF_016755675.1;protein_92,GCF_006337405.1;protein_1383,GCF_007843715.1;protein_287,GCF_002906495.1;protein_95,GCF_022923775.1;protein_1350,GCF_021184145.1;protein_1045,GCF_022921935.1;protein_1350,GCF_002952575.1;protein_1342,GCF_002953555.1;protein_96,GCF_019974055.1;protein_281,GCF_030406585.1;protein_981,GCF_030323565.1;protein_242,GCF_007844055.1;protein_1362,GCF_002952595.1;protein_1342,GCF_002952635.1;protein_1347,GCF_002952535.1;protein_1346,GCF_007794935.1;protein_1343
GCF_021729605.1;protein_910,GCF_016748085.1;protein_927,GCF_002951975.1;protein_556,GCF_016755675.1;protein_506,GCF_006337405.1;protein_518,GCF_007843715.1;protein_1091,GCF_002906495.1;protein_904,GCF_022923775.1;protein_513,GCF_021184145.1;protein_281,GCF_022921935.1;protein_533,GCF_002952575.1;protein_556,GCF_002953555.1;protein_902,GCF_019974055.1;protein_852,GCF_030406585.1;protein_887,GCF_030323565.1;protein_1061,GCF_007844055.1;protein_528,GCF_002952595.1;protein_556,GCF_002952635.1;protein_559,GCF_002952535.1;protein_558,GCF_007794935.1;protein_554
GCF_021729605.1;protein_911,GCF_016748085.1;protein_930,GCF_002951975.1;protein_555,GCF_016755675.1;protein_505,GCF_006337405.1;protein_517,GCF_007843715.1;protein_1092,GCF_002906495.1;protein_905,GCF_022923775.1;protein_512,GCF_021184145.1;protein_282,GCF_022921935.1;protein_532,GCF_002952575.1;protein_555,GCF_002953555.1;protein_903,GCF_019974055.1;protein_851,GCF_030406585.1;protein_886,GCF_030323565.1;protein_1062,GCF_007844055.1;protein_527,GCF_002952595.1;protein_555,GCF_002952635.1;protein_558,GCF_002952535.1;protein_557,GCF_007794935.1;protein_553
GCF_021729605.1;protein_913,GCF_016748085.1;protein_932,GCF_002951975.1;protein_553,GCF_016755675.1;protein_503,GCF_006337405.1;protein_515,GCF_007843715.1;protein_1094,GCF_002906495.1;protein_907,GCF_022923775.1;protein_510,GCF_021184145.1;protein_284,GCF_022921935.1;protein_530,GCF_002952575.1;protein_553,GCF_002953555.1;protein_905,GCF_019974055.1;protein_849,GCF_030406585.1;protein_884,GCF_030323565.1;protein_1064,GCF_007844055.1;protein_525,GCF_002952595.1;protein_553,GCF_002952635.1;protein_556,GCF_002952535.1;protein_555,GCF_007794935.1;protein_551
GCF_021729605.1;protein_915,GCF_016748085.1;protein_934,GCF_002951975.1;protein_550,GCF_016755675.1;protein_500,GCF_006337405.1;protein_513,GCF_007843715.1;protein_1097,GCF_002906495.1;protein_909,GCF_022923775.1;protein_507,GCF_021184145.1;protein_286,GCF_022921935.1;protein_528,GCF_002952575.1;protein_550,GCF_002953555.1;protein_907,GCF_019974055.1;protein_1151,GCF_030406585.1;protein_881,GCF_030323565.1;protein_1067,GCF_007844055.1;protein_521,GCF_002952595.1;protein_550,GCF_002952635.1;protein_553,GCF_002952535.1;protein_552,GCF_007794935.1;protein_548
GCF_021729605.1;protein_916,GCF_016748085.1;protein_935,GCF_002951975.1;protein_549,GCF_016755675.1;protein_499,GCF_006337405.1;protein_512,GCF_007843715.1;protein_1098,GCF_002906495.1;protein_910,GCF_022923775.1;protein_506,GCF_021184145.1;protein_287,GCF_022921935.1;protein_527,GCF_002952575.1;protein_549,GCF_002953555.1;protein_908,GCF_019974055.1;protein_1152,GCF_030406585.1;protein_880,GCF_030323565.1;protein_1068,GCF_007844055.1;protein_520,GCF_002952595.1;protein_549,GCF_002952635.1;protein_552,GCF_002952535.1;protein_551,GCF_007794935.1;protein_547
GCF_021729605.1;protein_917,GCF_016748085.1;protein_936,GCF_002951975.1;protein_548,GCF_016755675.1;protein_498,GCF_006337405.1;protein_511,GCF_007843715.1;protein_1099,GCF_002906495.1;protein_911,GCF_022923775.1;protein_505,GCF_021184145.1;protein_288,GCF_022921935.1;protein_526,GCF_002952575.1;protein_548,GCF_002953555.1;protein_909,GCF_019974055.1;protein_1153,GCF_030406585.1;protein_879,GCF_030323565.1;protein_1069,GCF_007844055.1;protein_519,GCF_002952595.1;protein_548,GCF_002952635.1;protein_551,GCF_002952535.1;protein_550,GCF_007794935.1;protein_546
GCF_021729605.1;protein_918,GCF_016748085.1;protein_937,GCF_002951975.1;protein_547,GCF_016755675.1;protein_497,GCF_006337405.1;protein_510,GCF_007843715.1;protein_1100,GCF_002906495.1;protein_912,GCF_022923775.1;protein_504,GCF_021184145.1;protein_289,GCF_022921935.1;protein_525,GCF_002952575.1;protein_547,GCF_002953555.1;protein_910,GCF_019974055.1;protein_1154,GCF_030406585.1;protein_878,GCF_030323565.1;protein_1070,GCF_007844055.1;protein_518,GCF_002952595.1;protein_547,GCF_002952635.1;protein_550,GCF_002952535.1;protein_549,GCF_007794935.1;protein_545
GCF_021729605.1;protein_919,GCF_016748085.1;protein_938,GCF_002951975.1;protein_546,GCF_016755675.1;protein_496,GCF_006337405.1;protein_509,GCF_007843715.1;protein_1101,GCF_002906495.1;protein_913,GCF_022923775.1;protein_503,GCF_021184145.1;protein_290,GCF_022921935.1;protein_524,GCF_002952575.1;protein_546,GCF_002953555.1;protein_911,GCF_019974055.1;protein_1155,GCF_030406585.1;protein_877,GCF_030323565.1;protein_1071,GCF_007844055.1;protein_517,GCF_002952595.1;protein_546,GCF_002952635.1;protein_549,GCF_002952535.1;protein_548,GCF_007794935.1;protein_544
GCF_021729605.1;protein_92,GCF_016748085.1;protein_94,GCF_002951975.1;protein_1342,GCF_016755675.1;protein_93,GCF_006337405.1;protein_1382,GCF_007843715.1;protein_288,GCF_002906495.1;protein_96,GCF_022923775.1;protein_1349,GCF_021184145.1;protein_1046,GCF_022921935.1;protein_1349,GCF_002952575.1;protein_1341,GCF_002953555.1;protein_97,GCF_019974055.1;protein_282,GCF_030406585.1;protein_982,GCF_030323565.1;protein_243,GCF_007844055.1;protein_1361,GCF_002952595.1;protein_1341,GCF_002952635.1;protein_1346,GCF_002952535.1;protein_1345,GCF_007794935.1;protein_1342
GCF_021729605.1;protein_920,GCF_016748085.1;protein_939,GCF_002951975.1;protein_545,GCF_016755675.1;protein_495,GCF_006337405.1;protein_508,GCF_007843715.1;protein_1102,GCF_002906495.1;protein_914,GCF_022923775.1;protein_502,GCF_021184145.1;protein_291,GCF_022921935.1;protein_523,GCF_002952575.1;protein_545,GCF_002953555.1;protein_912,GCF_019974055.1;protein_1156,GCF_030406585.1;protein_876,GCF_030323565.1;protein_1072,GCF_007844055.1;protein_516,GCF_002952595.1;protein_545,GCF_002952635.1;protein_548,GCF_002952535.1;protein_547,GCF_007794935.1;protein_543
GCF_021729605.1;protein_922,GCF_016748085.1;protein_941,GCF_002951975.1;protein_544,GCF_016755675.1;protein_493,GCF_006337405.1;protein_507,GCF_007843715.1;protein_1104,GCF_002906495.1;protein_916,GCF_022923775.1;protein_500,GCF_021184145.1;protein_292,GCF_022921935.1;protein_521,GCF_002952575.1;protein_544,GCF_002953555.1;protein_914,GCF_019974055.1;protein_1157,GCF_030406585.1;protein_874,GCF_030323565.1;protein_1074,GCF_007844055.1;protein_515,GCF_002952595.1;protein_544,GCF_002952635.1;protein_547,GCF_002952535.1;protein_546,GCF_007794935.1;protein_542
GCF_021729605.1;protein_923,GCF_016748085.1;protein_942,GCF_002951975.1;protein_543,GCF_016755675.1;protein_492,GCF_006337405.1;protein_506,GCF_007843715.1;protein_1105,GCF_002906495.1;protein_917,GCF_022923775.1;protein_499,GCF_021184145.1;protein_293,GCF_022921935.1;protein_520,GCF_002952575.1;protein_543,GCF_002953555.1;protein_915,GCF_019974055.1;protein_1158,GCF_030406585.1;protein_873,GCF_030323565.1;protein_1075,GCF_007844055.1;protein_514,GCF_002952595.1;protein_543,GCF_002952635.1;protein_546,GCF_002952535.1;protein_545,GCF_007794935.1;protein_541
GCF_021729605.1;protein_924,GCF_016748085.1;protein_943,GCF_002951975.1;protein_541,GCF_016755675.1;protein_490,GCF_006337405.1;protein_505,GCF_007843715.1;protein_1106,GCF_002906495.1;protein_918,GCF_022923775.1;protein_498,GCF_021184145.1;protein_294,GCF_022921935.1;protein_519,GCF_002952575.1;protein_541,GCF_002953555.1;protein_916,GCF_019974055.1;protein_1159,GCF_030406585.1;protein_872,GCF_030323565.1;protein_1076,GCF_007844055.1;protein_513,GCF_002952595.1;protein_541,GCF_002952635.1;protein_543,GCF_002952535.1;protein_542,GCF_007794935.1;protein_539
GCF_021729605.1;protein_925,GCF_016748085.1;protein_944,GCF_002951975.1;protein_540,GCF_016755675.1;protein_489,GCF_006337405.1;protein_504,GCF_007843715.1;protein_1107,GCF_002906495.1;protein_919,GCF_022923775.1;protein_497,GCF_021184145.1;protein_295,GCF_022921935.1;protein_518,GCF_002952575.1;protein_540,GCF_002953555.1;protein_917,GCF_019974055.1;protein_1160,GCF_030406585.1;protein_871,GCF_030323565.1;protein_1077,GCF_007844055.1;protein_512,GCF_002952595.1;protein_540,GCF_002952635.1;protein_542,GCF_002952535.1;protein_541,GCF_007794935.1;protein_538
GCF_021729605.1;protein_926,GCF_016748085.1;protein_945,GCF_002951975.1;protein_539,GCF_016755675.1;protein_488,GCF_006337405.1;protein_503,GCF_007843715.1;protein_1108,GCF_002906495.1;protein_920,GCF_022923775.1;protein_496,GCF_021184145.1;protein_296,GCF_022921935.1;protein_517,GCF_002952575.1;protein_539,GCF_002953555.1;protein_918,GCF_019974055.1;protein_1161,GCF_030406585.1;protein_870,GCF_030323565.1;protein_1078,GCF_007844055.1;protein_511,GCF_002952595.1;protein_539,GCF_002952635.1;protein_541,GCF_002952535.1;protein_540,GCF_007794935.1;protein_537
GCF_021729605.1;protein_927,GCF_016748085.1;protein_946,GCF_002951975.1;protein_538,GCF_016755675.1;protein_487,GCF_006337405.1;protein_502,GCF_007843715.1;protein_1109,GCF_002906495.1;protein_921,GCF_022923775.1;protein_495,GCF_021184145.1;protein_297,GCF_022921935.1;protein_516,GCF_002952575.1;protein_538,GCF_002953555.1;protein_919,GCF_019974055.1;protein_1162,GCF_030406585.1;protein_869,GCF_030323565.1;protein_1079,GCF_007844055.1;protein_510,GCF_002952595.1;protein_538,GCF_002952635.1;protein_540,GCF_002952535.1;protein_539,GCF_007794935.1;protein_536
GCF_021729605.1;protein_928,GCF_016748085.1;protein_947,GCF_002951975.1;protein_537,GCF_016755675.1;protein_486,GCF_006337405.1;protein_501,GCF_007843715.1;protein_1110,GCF_002906495.1;protein_922,GCF_022923775.1;protein_494,GCF_021184145.1;protein_298,GCF_022921935.1;protein_515,GCF_002952575.1;protein_537,GCF_002953555.1;protein_920,GCF_019974055.1;protein_1163,GCF_030406585.1;protein_868,GCF_030323565.1;protein_1080,GCF_007844055.1;protein_509,GCF_002952595.1;protein_537,GCF_002952635.1;protein_539,GCF_002952535.1;protein_538,GCF_007794935.1;protein_535
GCF_021729605.1;protein_929,GCF_016748085.1;protein_948,GCF_002951975.1;protein_536,GCF_016755675.1;protein_485,GCF_006337405.1;protein_500,GCF_007843715.1;protein_1111,GCF_002906495.1;protein_923,GCF_022923775.1;protein_493,GCF_021184145.1;protein_299,GCF_022921935.1;protein_514,GCF_002952575.1;protein_536,GCF_002953555.1;protein_921,GCF_019974055.1;protein_1164,GCF_030406585.1;protein_867,GCF_030323565.1;protein_1081,GCF_007844055.1;protein_508,GCF_002952595.1;protein_536,GCF_002952635.1;protein_538,GCF_002952535.1;protein_537,GCF_007794935.1;protein_534
GCF_021729605.1;protein_93,GCF_016748085.1;protein_95,GCF_002951975.1;protein_1341,GCF_016755675.1;protein_94,GCF_006337405.1;protein_1381,GCF_007843715.1;protein_289,GCF_002906495.1;protein_97,GCF_022923775.1;protein_1348,GCF_021184145.1;protein_1047,GCF_022921935.1;protein_1348,GCF_002952575.1;protein_1340,GCF_002953555.1;protein_98,GCF_019974055.1;protein_283,GCF_030406585.1;protein_983,GCF_030323565.1;protein_244,GCF_007844055.1;protein_1360,GCF_002952595.1;protein_1340,GCF_002952635.1;protein_1345,GCF_002952535.1;protein_1344,GCF_007794935.1;protein_1341
GCF_021729605.1;protein_931,GCF_016748085.1;protein_950,GCF_002951975.1;protein_534,GCF_016755675.1;protein_483,GCF_006337405.1;protein_498,GCF_007843715.1;protein_1113,GCF_002906495.1;protein_928,GCF_022923775.1;protein_491,GCF_021184145.1;protein_301,GCF_022921935.1;protein_512,GCF_002952575.1;protein_534,GCF_002953555.1;protein_926,GCF_019974055.1;protein_1166,GCF_030406585.1;protein_865,GCF_030323565.1;protein_1083,GCF_007844055.1;protein_506,GCF_002952595.1;protein_534,GCF_002952635.1;protein_536,GCF_002952535.1;protein_535,GCF_007794935.1;protein_532
GCF_021729605.1;protein_932,GCF_016748085.1;protein_951,GCF_002951975.1;protein_533,GCF_016755675.1;protein_482,GCF_006337405.1;protein_497,GCF_007843715.1;protein_1114,GCF_002906495.1;protein_929,GCF_022923775.1;protein_490,GCF_021184145.1;protein_302,GCF_022921935.1;protein_511,GCF_002952575.1;protein_533,GCF_002953555.1;protein_927,GCF_019974055.1;protein_1167,GCF_030406585.1;protein_864,GCF_030323565.1;protein_1084,GCF_007844055.1;protein_505,GCF_002952595.1;protein_533,GCF_002952635.1;protein_535,GCF_002952535.1;protein_534,GCF_007794935.1;protein_531
GCF_021729605.1;protein_933,GCF_016748085.1;protein_952,GCF_002951975.1;protein_532,GCF_016755675.1;protein_481,GCF_006337405.1;protein_496,GCF_007843715.1;protein_1115,GCF_002906495.1;protein_930,GCF_022923775.1;protein_489,GCF_021184145.1;protein_303,GCF_022921935.1;protein_510,GCF_002952575.1;protein_532,GCF_002953555.1;protein_928,GCF_019974055.1;protein_1168,GCF_030406585.1;protein_863,GCF_030323565.1;protein_1085,GCF_007844055.1;protein_504,GCF_002952595.1;protein_532,GCF_002952635.1;protein_534,GCF_002952535.1;protein_533,GCF_007794935.1;protein_530
GCF_021729605.1;protein_934,GCF_016748085.1;protein_953,GCF_002951975.1;protein_531,GCF_016755675.1;protein_480,GCF_006337405.1;protein_495,GCF_007843715.1;protein_1116,GCF_002906495.1;protein_931,GCF_022923775.1;protein_488,GCF_021184145.1;protein_304,GCF_022921935.1;protein_509,GCF_002952575.1;protein_531,GCF_002953555.1;protein_929,GCF_019974055.1;protein_1169,GCF_030406585.1;protein_862,GCF_030323565.1;protein_1086,GCF_007844055.1;protein_503,GCF_002952595.1;protein_531,GCF_002952635.1;protein_533,GCF_002952535.1;protein_532,GCF_007794935.1;protein_529
GCF_021729605.1;protein_935,GCF_016748085.1;protein_954,GCF_002951975.1;protein_530,GCF_016755675.1;protein_479,GCF_006337405.1;protein_494,GCF_007843715.1;protein_1117,GCF_002906495.1;protein_932,GCF_022923775.1;protein_487,GCF_021184145.1;protein_305,GCF_022921935.1;protein_508,GCF_002952575.1;protein_530,GCF_002953555.1;protein_930,GCF_019974055.1;protein_1170,GCF_030406585.1;protein_861,GCF_030323565.1;protein_1087,GCF_007844055.1;protein_502,GCF_002952595.1;protein_530,GCF_002952635.1;protein_532,GCF_002952535.1;protein_531,GCF_007794935.1;protein_528
GCF_021729605.1;protein_936,GCF_016748085.1;protein_955,GCF_002951975.1;protein_529,GCF_016755675.1;protein_478,GCF_006337405.1;protein_493,GCF_007843715.1;protein_1118,GCF_002906495.1;protein_933,GCF_022923775.1;protein_486,GCF_021184145.1;protein_306,GCF_022921935.1;protein_507,GCF_002952575.1;protein_529,GCF_002953555.1;protein_931,GCF_019974055.1;protein_1171,GCF_030406585.1;protein_860,GCF_030323565.1;protein_1088,GCF_007844055.1;protein_501,GCF_002952595.1;protein_529,GCF_002952635.1;protein_531,GCF_002952535.1;protein_530,GCF_007794935.1;protein_527
GCF_021729605.1;protein_937,GCF_016748085.1;protein_956,GCF_002951975.1;protein_528,GCF_016755675.1;protein_477,GCF_006337405.1;protein_492,GCF_007843715.1;protein_1119,GCF_002906495.1;protein_934,GCF_022923775.1;protein_485,GCF_021184145.1;protein_307,GCF_022921935.1;protein_506,GCF_002952575.1;protein_528,GCF_002953555.1;protein_932,GCF_019974055.1;protein_1172,GCF_030406585.1;protein_859,GCF_030323565.1;protein_1089,GCF_007844055.1;protein_500,GCF_002952595.1;protein_528,GCF_002952635.1;protein_530,GCF_002952535.1;protein_529,GCF_007794935.1;protein_526
GCF_021729605.1;protein_94,GCF_016748085.1;protein_96,GCF_002951975.1;protein_1340,GCF_016755675.1;protein_95,GCF_006337405.1;protein_1380,GCF_007843715.1;protein_290,GCF_002906495.1;protein_98,GCF_022923775.1;protein_1347,GCF_021184145.1;protein_1048,GCF_022921935.1;protein_1347,GCF_002952575.1;protein_1339,GCF_002953555.1;protein_99,GCF_019974055.1;protein_284,GCF_030406585.1;protein_984,GCF_030323565.1;protein_245,GCF_007844055.1;protein_1359,GCF_002952595.1;protein_1339,GCF_002952635.1;protein_1344,GCF_002952535.1;protein_1343,GCF_007794935.1;protein_1340
GCF_021729605.1;protein_942,GCF_016748085.1;protein_991,GCF_002951975.1;protein_522,GCF_016755675.1;protein_472,GCF_006337405.1;protein_487,GCF_007843715.1;protein_1124,GCF_002906495.1;protein_939,GCF_022923775.1;protein_480,GCF_021184145.1;protein_312,GCF_022921935.1;protein_502,GCF_002952575.1;protein_522,GCF_002953555.1;protein_937,GCF_019974055.1;protein_1176,GCF_030406585.1;protein_854,GCF_030323565.1;protein_1094,GCF_007844055.1;protein_495,GCF_002952595.1;protein_522,GCF_002952635.1;protein_524,GCF_002952535.1;protein_523,GCF_007794935.1;protein_520
GCF_021729605.1;protein_943,GCF_016748085.1;protein_992,GCF_002951975.1;protein_521,GCF_016755675.1;protein_471,GCF_006337405.1;protein_486,GCF_007843715.1;protein_1125,GCF_002906495.1;protein_940,GCF_022923775.1;protein_479,GCF_021184145.1;protein_313,GCF_022921935.1;protein_501,GCF_002952575.1;protein_521,GCF_002953555.1;protein_938,GCF_019974055.1;protein_1177,GCF_030406585.1;protein_853,GCF_030323565.1;protein_1095,GCF_007844055.1;protein_494,GCF_002952595.1;protein_521,GCF_002952635.1;protein_523,GCF_002952535.1;protein_522,GCF_007794935.1;protein_519
GCF_021729605.1;protein_944,GCF_016748085.1;protein_993,GCF_002951975.1;protein_520,GCF_016755675.1;protein_470,GCF_006337405.1;protein_485,GCF_007843715.1;protein_1126,GCF_002906495.1;protein_941,GCF_022923775.1;protein_478,GCF_021184145.1;protein_314,GCF_022921935.1;protein_500,GCF_002952575.1;protein_520,GCF_002953555.1;protein_939,GCF_019974055.1;protein_1178,GCF_030406585.1;protein_852,GCF_030323565.1;protein_1096,GCF_007844055.1;protein_493,GCF_002952595.1;protein_520,GCF_002952635.1;protein_522,GCF_002952535.1;protein_521,GCF_007794935.1;protein_518
GCF_021729605.1;protein_945,GCF_016748085.1;protein_994,GCF_002951975.1;protein_519,GCF_016755675.1;protein_469,GCF_006337405.1;protein_484,GCF_007843715.1;protein_1127,GCF_002906495.1;protein_942,GCF_022923775.1;protein_477,GCF_021184145.1;protein_315,GCF_022921935.1;protein_499,GCF_002952575.1;protein_519,GCF_002953555.1;protein_940,GCF_019974055.1;protein_1179,GCF_030406585.1;protein_851,GCF_030323565.1;protein_1097,GCF_007844055.1;protein_492,GCF_002952595.1;protein_519,GCF_002952635.1;protein_521,GCF_002952535.1;protein_520,GCF_007794935.1;protein_517
GCF_021729605.1;protein_946,GCF_016748085.1;protein_995,GCF_002951975.1;protein_518,GCF_016755675.1;protein_468,GCF_006337405.1;protein_483,GCF_007843715.1;protein_1128,GCF_002906495.1;protein_943,GCF_022923775.1;protein_476,GCF_021184145.1;protein_316,GCF_022921935.1;protein_498,GCF_002952575.1;protein_518,GCF_002953555.1;protein_941,GCF_019974055.1;protein_1180,GCF_030406585.1;protein_850,GCF_030323565.1;protein_1098,GCF_007844055.1;protein_491,GCF_002952595.1;protein_518,GCF_002952635.1;protein_520,GCF_002952535.1;protein_519,GCF_007794935.1;protein_516
GCF_021729605.1;protein_947,GCF_016748085.1;protein_996,GCF_002951975.1;protein_517,GCF_016755675.1;protein_467,GCF_006337405.1;protein_482,GCF_007843715.1;protein_1129,GCF_002906495.1;protein_944,GCF_022923775.1;protein_475,GCF_021184145.1;protein_317,GCF_022921935.1;protein_497,GCF_002952575.1;protein_517,GCF_002953555.1;protein_942,GCF_019974055.1;protein_1181,GCF_030406585.1;protein_849,GCF_030323565.1;protein_1099,GCF_007844055.1;protein_490,GCF_002952595.1;protein_517,GCF_002952635.1;protein_519,GCF_002952535.1;protein_518,GCF_007794935.1;protein_515
GCF_021729605.1;protein_948,GCF_016748085.1;protein_997,GCF_002951975.1;protein_516,GCF_016755675.1;protein_466,GCF_006337405.1;protein_481,GCF_007843715.1;protein_1130,GCF_002906495.1;protein_945,GCF_022923775.1;protein_474,GCF_021184145.1;protein_318,GCF_022921935.1;protein_496,GCF_002952575.1;protein_516,GCF_002953555.1;protein_943,GCF_019974055.1;protein_1182,GCF_030406585.1;protein_848,GCF_030323565.1;protein_1100,GCF_007844055.1;protein_489,GCF_002952595.1;protein_516,GCF_002952635.1;protein_518,GCF_002952535.1;protein_517,GCF_007794935.1;protein_514
GCF_021729605.1;protein_949,GCF_016748085.1;protein_998,GCF_002951975.1;protein_515,GCF_016755675.1;protein_465,GCF_006337405.1;protein_480,GCF_007843715.1;protein_1131,GCF_002906495.1;protein_946,GCF_022923775.1;protein_473,GCF_021184145.1;protein_319,GCF_022921935.1;protein_495,GCF_002952575.1;protein_515,GCF_002953555.1;protein_944,GCF_019974055.1;protein_1183,GCF_030406585.1;protein_847,GCF_030323565.1;protein_1101,GCF_007844055.1;protein_488,GCF_002952595.1;protein_515,GCF_002952635.1;protein_517,GCF_002952535.1;protein_516,GCF_007794935.1;protein_513
GCF_021729605.1;protein_95,GCF_016748085.1;protein_97,GCF_002951975.1;protein_1339,GCF_016755675.1;protein_96,GCF_006337405.1;protein_1379,GCF_007843715.1;protein_291,GCF_002906495.1;protein_99,GCF_022923775.1;protein_1346,GCF_021184145.1;protein_1049,GCF_022921935.1;protein_1346,GCF_002952575.1;protein_1338,GCF_002953555.1;protein_100,GCF_019974055.1;protein_285,GCF_030406585.1;protein_985,GCF_030323565.1;protein_246,GCF_007844055.1;protein_1358,GCF_002952595.1;protein_1338,GCF_002952635.1;protein_1343,GCF_002952535.1;protein_1342,GCF_007794935.1;protein_1339
GCF_021729605.1;protein_950,GCF_016748085.1;protein_999,GCF_002951975.1;protein_514,GCF_016755675.1;protein_464,GCF_006337405.1;protein_479,GCF_007843715.1;protein_1132,GCF_002906495.1;protein_947,GCF_022923775.1;protein_472,GCF_021184145.1;protein_320,GCF_022921935.1;protein_494,GCF_002952575.1;protein_514,GCF_002953555.1;protein_945,GCF_019974055.1;protein_1184,GCF_030406585.1;protein_846,GCF_030323565.1;protein_1102,GCF_007844055.1;protein_487,GCF_002952595.1;protein_514,GCF_002952635.1;protein_516,GCF_002952535.1;protein_515,GCF_007794935.1;protein_512
GCF_021729605.1;protein_951,GCF_016748085.1;protein_1000,GCF_002951975.1;protein_513,GCF_016755675.1;protein_463,GCF_006337405.1;protein_478,GCF_007843715.1;protein_1133,GCF_002906495.1;protein_948,GCF_022923775.1;protein_471,GCF_021184145.1;protein_321,GCF_022921935.1;protein_493,GCF_002952575.1;protein_513,GCF_002953555.1;protein_946,GCF_019974055.1;protein_1185,GCF_030406585.1;protein_845,GCF_030323565.1;protein_1103,GCF_007844055.1;protein_486,GCF_002952595.1;protein_513,GCF_002952635.1;protein_515,GCF_002952535.1;protein_514,GCF_007794935.1;protein_511
GCF_021729605.1;protein_952,GCF_016748085.1;protein_1001,GCF_002951975.1;protein_512,GCF_016755675.1;protein_462,GCF_006337405.1;protein_477,GCF_007843715.1;protein_1134,GCF_002906495.1;protein_949,GCF_022923775.1;protein_470,GCF_021184145.1;protein_322,GCF_022921935.1;protein_492,GCF_002952575.1;protein_512,GCF_002953555.1;protein_947,GCF_019974055.1;protein_1186,GCF_030406585.1;protein_844,GCF_030323565.1;protein_1104,GCF_007844055.1;protein_485,GCF_002952595.1;protein_512,GCF_002952635.1;protein_514,GCF_002952535.1;protein_513,GCF_007794935.1;protein_510
GCF_021729605.1;protein_953,GCF_016748085.1;protein_1002,GCF_002951975.1;protein_511,GCF_016755675.1;protein_461,GCF_006337405.1;protein_476,GCF_007843715.1;protein_1135,GCF_002906495.1;protein_950,GCF_022923775.1;protein_469,GCF_021184145.1;protein_323,GCF_022921935.1;protein_491,GCF_002952575.1;protein_511,GCF_002953555.1;protein_948,GCF_019974055.1;protein_1187,GCF_030406585.1;protein_843,GCF_030323565.1;protein_1105,GCF_007844055.1;protein_484,GCF_002952595.1;protein_511,GCF_002952635.1;protein_513,GCF_002952535.1;protein_512,GCF_007794935.1;protein_509
GCF_021729605.1;protein_955,GCF_016748085.1;protein_1005,GCF_002951975.1;protein_507,GCF_016755675.1;protein_459,GCF_006337405.1;protein_433,GCF_007843715.1;protein_1138,GCF_002906495.1;protein_956,GCF_022923775.1;protein_466,GCF_021184145.1;protein_325,GCF_022921935.1;protein_488,GCF_002952575.1;protein_507,GCF_002953555.1;protein_954,GCF_019974055.1;protein_1188,GCF_030406585.1;protein_842,GCF_030323565.1;protein_1106,GCF_007844055.1;protein_481,GCF_002952595.1;protein_507,GCF_002952635.1;protein_509,GCF_002952535.1;protein_508,GCF_007794935.1;protein_505
GCF_021729605.1;protein_96,GCF_016748085.1;protein_98,GCF_002951975.1;protein_1338,GCF_016755675.1;protein_97,GCF_006337405.1;protein_1378,GCF_007843715.1;protein_292,GCF_002906495.1;protein_100,GCF_022923775.1;protein_1345,GCF_021184145.1;protein_1050,GCF_022921935.1;protein_1345,GCF_002952575.1;protein_1337,GCF_002953555.1;protein_101,GCF_019974055.1;protein_286,GCF_030406585.1;protein_986,GCF_030323565.1;protein_247,GCF_007844055.1;protein_1357,GCF_002952595.1;protein_1337,GCF_002952635.1;protein_1342,GCF_002952535.1;protein_1341,GCF_007794935.1;protein_1338
GCF_021729605.1;protein_97,GCF_016748085.1;protein_99,GCF_002951975.1;protein_1337,GCF_016755675.1;protein_98,GCF_006337405.1;protein_1377,GCF_007843715.1;protein_293,GCF_002906495.1;protein_101,GCF_022923775.1;protein_1344,GCF_021184145.1;protein_1051,GCF_022921935.1;protein_1344,GCF_002952575.1;protein_1336,GCF_002953555.1;protein_102,GCF_019974055.1;protein_287,GCF_030406585.1;protein_987,GCF_030323565.1;protein_248,GCF_007844055.1;protein_1356,GCF_002952595.1;protein_1336,GCF_002952635.1;protein_1341,GCF_002952535.1;protein_1340,GCF_007794935.1;protein_1337
GCF_021729605.1;protein_979,GCF_016748085.1;protein_1012,GCF_002951975.1;protein_427,GCF_016755675.1;protein_989,GCF_006337405.1;protein_422,GCF_007843715.1;protein_1150,GCF_002906495.1;protein_405,GCF_022923775.1;protein_458,GCF_021184145.1;protein_399,GCF_022921935.1;protein_482,GCF_002952575.1;protein_427,GCF_002953555.1;protein_407,GCF_019974055.1;protein_1196,GCF_030406585.1;protein_294,GCF_030323565.1;protein_1117,GCF_007844055.1;protein_1408,GCF_002952595.1;protein_427,GCF_002952635.1;protein_429,GCF_002952535.1;protein_428,GCF_007794935.1;protein_426
GCF_021729605.1;protein_980,GCF_016748085.1;protein_1013,GCF_002951975.1;protein_426,GCF_016755675.1;protein_990,GCF_006337405.1;protein_421,GCF_007843715.1;protein_1151,GCF_002906495.1;protein_404,GCF_022923775.1;protein_457,GCF_021184145.1;protein_400,GCF_022921935.1;protein_481,GCF_002952575.1;protein_426,GCF_002953555.1;protein_406,GCF_019974055.1;protein_1197,GCF_030406585.1;protein_293,GCF_030323565.1;protein_1118,GCF_007844055.1;protein_1409,GCF_002952595.1;protein_426,GCF_002952635.1;protein_428,GCF_002952535.1;protein_427,GCF_007794935.1;protein_425
GCF_021729605.1;protein_981,GCF_016748085.1;protein_1014,GCF_002951975.1;protein_425,GCF_016755675.1;protein_991,GCF_006337405.1;protein_420,GCF_007843715.1;protein_1152,GCF_002906495.1;protein_403,GCF_022923775.1;protein_456,GCF_021184145.1;protein_401,GCF_022921935.1;protein_480,GCF_002952575.1;protein_425,GCF_002953555.1;protein_405,GCF_019974055.1;protein_1198,GCF_030406585.1;protein_292,GCF_030323565.1;protein_1119,GCF_007844055.1;protein_1410,GCF_002952595.1;protein_425,GCF_002952635.1;protein_427,GCF_002952535.1;protein_426,GCF_007794935.1;protein_424
GCF_021729605.1;protein_982,GCF_016748085.1;protein_1015,GCF_002951975.1;protein_424,GCF_016755675.1;protein_992,GCF_006337405.1;protein_419,GCF_007843715.1;protein_1153,GCF_002906495.1;protein_402,GCF_022923775.1;protein_455,GCF_021184145.1;protein_402,GCF_022921935.1;protein_479,GCF_002952575.1;protein_424,GCF_002953555.1;protein_404,GCF_019974055.1;protein_1199,GCF_030406585.1;protein_291,GCF_030323565.1;protein_1120,GCF_007844055.1;protein_1411,GCF_002952595.1;protein_424,GCF_002952635.1;protein_426,GCF_002952535.1;protein_425,GCF_007794935.1;protein_423
GCF_021729605.1;protein_983,GCF_016748085.1;protein_1016,GCF_002951975.1;protein_423,GCF_016755675.1;protein_993,GCF_006337405.1;protein_418,GCF_007843715.1;protein_1154,GCF_002906495.1;protein_401,GCF_022923775.1;protein_454,GCF_021184145.1;protein_403,GCF_022921935.1;protein_478,GCF_002952575.1;protein_423,GCF_002953555.1;protein_403,GCF_019974055.1;protein_1200,GCF_030406585.1;protein_290,GCF_030323565.1;protein_1121,GCF_007844055.1;protein_1412,GCF_002952595.1;protein_423,GCF_002952635.1;protein_425,GCF_002952535.1;protein_424,GCF_007794935.1;protein_422
GCF_021729605.1;protein_984,GCF_016748085.1;protein_1017,GCF_002951975.1;protein_422,GCF_016755675.1;protein_994,GCF_006337405.1;protein_417,GCF_007843715.1;protein_1155,GCF_002906495.1;protein_400,GCF_022923775.1;protein_453,GCF_021184145.1;protein_404,GCF_022921935.1;protein_477,GCF_002952575.1;protein_422,GCF_002953555.1;protein_402,GCF_019974055.1;protein_1201,GCF_030406585.1;protein_289,GCF_030323565.1;protein_1122,GCF_007844055.1;protein_1413,GCF_002952595.1;protein_422,GCF_002952635.1;protein_424,GCF_002952535.1;protein_423,GCF_007794935.1;protein_421
GCF_021729605.1;protein_985,GCF_016748085.1;protein_1018,GCF_002951975.1;protein_421,GCF_016755675.1;protein_995,GCF_006337405.1;protein_416,GCF_007843715.1;protein_1156,GCF_002906495.1;protein_399,GCF_022923775.1;protein_452,GCF_021184145.1;protein_405,GCF_022921935.1;protein_476,GCF_002952575.1;protein_421,GCF_002953555.1;protein_401,GCF_019974055.1;protein_1202,GCF_030406585.1;protein_288,GCF_030323565.1;protein_1123,GCF_007844055.1;protein_1414,GCF_002952595.1;protein_421,GCF_002952635.1;protein_423,GCF_002952535.1;protein_422,GCF_007794935.1;protein_420
GCF_021729605.1;protein_986,GCF_016748085.1;protein_1019,GCF_002951975.1;protein_420,GCF_016755675.1;protein_996,GCF_006337405.1;protein_415,GCF_007843715.1;protein_1157,GCF_002906495.1;protein_398,GCF_022923775.1;protein_451,GCF_021184145.1;protein_406,GCF_022921935.1;protein_475,GCF_002952575.1;protein_420,GCF_002953555.1;protein_400,GCF_019974055.1;protein_1203,GCF_030406585.1;protein_287,GCF_030323565.1;protein_1124,GCF_007844055.1;protein_1415,GCF_002952595.1;protein_420,GCF_002952635.1;protein_422,GCF_002952535.1;protein_421,GCF_007794935.1;protein_419
GCF_021729605.1;protein_987,GCF_016748085.1;protein_1020,GCF_002951975.1;protein_419,GCF_016755675.1;protein_997,GCF_006337405.1;protein_414,GCF_007843715.1;protein_1158,GCF_002906495.1;protein_395,GCF_022923775.1;protein_449,GCF_021184145.1;protein_407,GCF_022921935.1;protein_474,GCF_002952575.1;protein_419,GCF_002953555.1;protein_397,GCF_019974055.1;protein_1204,GCF_030406585.1;protein_286,GCF_030323565.1;protein_1125,GCF_007844055.1;protein_1416,GCF_002952595.1;protein_419,GCF_002952635.1;protein_421,GCF_002952535.1;protein_420,GCF_007794935.1;protein_418
GCF_021729605.1;protein_988,GCF_016748085.1;protein_1021,GCF_002951975.1;protein_418,GCF_016755675.1;protein_998,GCF_006337405.1;protein_413,GCF_007843715.1;protein_1159,GCF_002906495.1;protein_394,GCF_022923775.1;protein_448,GCF_021184145.1;protein_408,GCF_022921935.1;protein_473,GCF_002952575.1;protein_418,GCF_002953555.1;protein_396,GCF_019974055.1;protein_1205,GCF_030406585.1;protein_285,GCF_030323565.1;protein_1126,GCF_007844055.1;protein_1417,GCF_002952595.1;protein_418,GCF_002952635.1;protein_420,GCF_002952535.1;protein_419,GCF_007794935.1;protein_417
GCF_021729605.1;protein_989,GCF_016748085.1;protein_1022,GCF_002951975.1;protein_417,GCF_016755675.1;protein_999,GCF_006337405.1;protein_412,GCF_007843715.1;protein_1160,GCF_002906495.1;protein_393,GCF_022923775.1;protein_447,GCF_021184145.1;protein_409,GCF_022921935.1;protein_472,GCF_002952575.1;protein_417,GCF_002953555.1;protein_395,GCF_019974055.1;protein_1206,GCF_030406585.1;protein_284,GCF_030323565.1;protein_1127,GCF_007844055.1;protein_1418,GCF_002952595.1;protein_417,GCF_002952635.1;protein_419,GCF_002952535.1;protein_418,GCF_007794935.1;protein_416
GCF_021729605.1;protein_99,GCF_016748085.1;protein_101,GCF_002951975.1;protein_1335,GCF_016755675.1;protein_100,GCF_006337405.1;protein_1375,GCF_007843715.1;protein_295,GCF_002906495.1;protein_103,GCF_022923775.1;protein_1343,GCF_021184145.1;protein_1053,GCF_022921935.1;protein_1343,GCF_002952575.1;protein_1334,GCF_002953555.1;protein_104,GCF_019974055.1;protein_289,GCF_030406585.1;protein_989,GCF_030323565.1;protein_250,GCF_007844055.1;protein_1354,GCF_002952595.1;protein_1334,GCF_002952635.1;protein_1339,GCF_002952535.1;protein_1338,GCF_007794935.1;protein_1335
GCF_021729605.1;protein_991,GCF_016748085.1;protein_1024,GCF_002951975.1;protein_415,GCF_016755675.1;protein_1001,GCF_006337405.1;protein_410,GCF_007843715.1;protein_1162,GCF_002906495.1;protein_391,GCF_022923775.1;protein_445,GCF_021184145.1;protein_411,GCF_022921935.1;protein_471,GCF_002952575.1;protein_415,GCF_002953555.1;protein_393,GCF_019974055.1;protein_1208,GCF_030406585.1;protein_282,GCF_030323565.1;protein_1129,GCF_007844055.1;protein_1420,GCF_002952595.1;protein_415,GCF_002952635.1;protein_417,GCF_002952535.1;protein_416,GCF_007794935.1;protein_414
GCF_021729605.1;protein_992,GCF_016748085.1;protein_1025,GCF_002951975.1;protein_414,GCF_016755675.1;protein_1002,GCF_006337405.1;protein_409,GCF_007843715.1;protein_1163,GCF_002906495.1;protein_390,GCF_022923775.1;protein_444,GCF_021184145.1;protein_412,GCF_022921935.1;protein_470,GCF_002952575.1;protein_414,GCF_002953555.1;protein_392,GCF_019974055.1;protein_1209,GCF_030406585.1;protein_281,GCF_030323565.1;protein_1130,GCF_007844055.1;protein_1421,GCF_002952595.1;protein_414,GCF_002952635.1;protein_416,GCF_002952535.1;protein_415,GCF_007794935.1;protein_413
GCF_021729605.1;protein_993,GCF_016748085.1;protein_1026,GCF_002951975.1;protein_413,GCF_016755675.1;protein_1003,GCF_006337405.1;protein_408,GCF_007843715.1;protein_1164,GCF_002906495.1;protein_389,GCF_022923775.1;protein_443,GCF_021184145.1;protein_413,GCF_022921935.1;protein_469,GCF_002952575.1;protein_413,GCF_002953555.1;protein_391,GCF_019974055.1;protein_1210,GCF_030406585.1;protein_280,GCF_030323565.1;protein_1131,GCF_007844055.1;protein_1422,GCF_002952595.1;protein_413,GCF_002952635.1;protein_415,GCF_002952535.1;protein_414,GCF_007794935.1;protein_412
GCF_021729605.1;protein_994,GCF_016748085.1;protein_1027,GCF_002951975.1;protein_412,GCF_016755675.1;protein_1004,GCF_006337405.1;protein_407,GCF_007843715.1;protein_1165,GCF_002906495.1;protein_388,GCF_022923775.1;protein_442,GCF_021184145.1;protein_414,GCF_022921935.1;protein_468,GCF_002952575.1;protein_412,GCF_002953555.1;protein_390,GCF_019974055.1;protein_1211,GCF_030406585.1;protein_279,GCF_030323565.1;protein_1132,GCF_007844055.1;protein_1423,GCF_002952595.1;protein_412,GCF_002952635.1;protein_414,GCF_002952535.1;protein_413,GCF_007794935.1;protein_411
GCF_021729605.1;protein_995,GCF_016748085.1;protein_1028,GCF_002951975.1;protein_411,GCF_016755675.1;protein_1005,GCF_006337405.1;protein_406,GCF_007843715.1;protein_1166,GCF_002906495.1;protein_387,GCF_022923775.1;protein_441,GCF_021184145.1;protein_415,GCF_022921935.1;protein_467,GCF_002952575.1;protein_411,GCF_002953555.1;protein_389,GCF_019974055.1;protein_1212,GCF_030406585.1;protein_278,GCF_030323565.1;protein_1133,GCF_007844055.1;protein_1424,GCF_002952595.1;protein_411,GCF_002952635.1;protein_413,GCF_002952535.1;protein_412,GCF_007794935.1;protein_410
GCF_021729605.1;protein_996,GCF_016748085.1;protein_1029,GCF_002951975.1;protein_410,GCF_016755675.1;protein_1006,GCF_006337405.1;protein_405,GCF_007843715.1;protein_1167,GCF_002906495.1;protein_386,GCF_022923775.1;protein_440,GCF_021184145.1;protein_416,GCF_022921935.1;protein_466,GCF_002952575.1;protein_410,GCF_002953555.1;protein_388,GCF_019974055.1;protein_1213,GCF_030406585.1;protein_277,GCF_030323565.1;protein_1134,GCF_007844055.1;protein_1425,GCF_002952595.1;protein_410,GCF_002952635.1;protein_412,GCF_002952535.1;protein_411,GCF_007794935.1;protein_409
GCF_021729605.1;protein_997,GCF_016748085.1;protein_1030,GCF_002951975.1;protein_409,GCF_016755675.1;protein_1007,GCF_006337405.1;protein_404,GCF_007843715.1;protein_1168,GCF_002906495.1;protein_385,GCF_022923775.1;protein_439,GCF_021184145.1;protein_417,GCF_022921935.1;protein_465,GCF_002952575.1;protein_409,GCF_002953555.1;protein_387,GCF_019974055.1;protein_1214,GCF_030406585.1;protein_276,GCF_030323565.1;protein_1135,GCF_007844055.1;protein_1426,GCF_002952595.1;protein_409,GCF_002952635.1;protein_411,GCF_002952535.1;protein_410,GCF_007794935.1;protein_408
GCF_021729605.1;protein_998,GCF_016748085.1;protein_1031,GCF_002951975.1;protein_408,GCF_016755675.1;protein_1008,GCF_006337405.1;protein_403,GCF_007843715.1;protein_1169,GCF_002906495.1;protein_384,GCF_022923775.1;protein_438,GCF_021184145.1;protein_418,GCF_022921935.1;protein_464,GCF_002952575.1;protein_408,GCF_002953555.1;protein_386,GCF_019974055.1;protein_1215,GCF_030406585.1;protein_275,GCF_030323565.1;protein_1136,GCF_007844055.1;protein_1427,GCF_002952595.1;protein_408,GCF_002952635.1;protein_410,GCF_002952535.1;protein_409,GCF_007794935.1;protein_407
GCF_021729605.1;protein_999,GCF_016748085.1;protein_1032,GCF_002951975.1;protein_407,GCF_016755675.1;protein_1009,GCF_006337405.1;protein_402,GCF_007843715.1;protein_1170,GCF_002906495.1;protein_383,GCF_022923775.1;protein_437,GCF_021184145.1;protein_419,GCF_022921935.1;protein_463,GCF_002952575.1;protein_407,GCF_002953555.1;protein_385,GCF_019974055.1;protein_1216,GCF_030406585.1;protein_274,GCF_030323565.1;protein_1137,GCF_007844055.1;protein_1428,GCF_002952595.1;protein_407,GCF_002952635.1;protein_409,GCF_002952535.1;protein_408,GCF_007794935.1;protein_406
