GCF_016757555.1,GCF_900478295.1,GCF_021729605.1,GCF_017821635.1,GCF_016755675.1
GCF_016757555.1;protein_0,GCF_900478295.1;protein_187,GCF_021729605.1;protein_0,GCF_017821635.1;protein_0,GCF_016755675.1;protein_0
GCF_016757555.1;protein_1,GCF_900478295.1;protein_188,GCF_021729605.1;protein_1,GCF_017821635.1;protein_1,GCF_016755675.1;protein_1
GCF_016757555.1;protein_10,GCF_900478295.1;protein_197,GCF_021729605.1;protein_10,GCF_017821635.1;protein_10,GCF_016755675.1;protein_9
GCF_016757555.1;protein_100,GCF_900478295.1;protein_291,GCF_021729605.1;protein_99,GCF_017821635.1;protein_105,GCF_016755675.1;protein_100
GCF_016757555.1;protein_1000,GCF_900478295.1;protein_1188,GCF_021729605.1;protein_998,GCF_017821635.1;protein_516,GCF_016755675.1;protein_1008
GCF_016757555.1;protein_1001,GCF_900478295.1;protein_1189,GCF_021729605.1;protein_999,GCF_017821635.1;protein_515,GCF_016755675.1;protein_1009
GCF_016757555.1;protein_1002,GCF_900478295.1;protein_1190,GCF_021729605.1;protein_1000,GCF_017821635.1;protein_514,GCF_016755675.1;protein_1010
GCF_016757555.1;protein_1003,GCF_900478295.1;protein_1191,GCF_021729605.1;protein_1001,GCF_017821635.1;protein_513,GCF_016755675.1;protein_1011
GCF_016757555.1;protein_1004,GCF_900478295.1;protein_1192,GCF_021729605.1;protein_1002,GCF_017821635.1;protein_512,GCF_016755675.1;protein_1012
GCF_016757555.1;protein_1005,GCF_900478295.1;protein_1193,GCF_021729605.1;protein_1003,GCF_017821635.1;protein_511,GCF_016755675.1;protein_1013
GCF_016757555.1;protein_1006,GCF_900478295.1;protein_1194,GCF_021729605.1;protein_1004,GCF_017821635.1;protein_510,GCF_016755675.1;protein_1014
GCF_016757555.1;protein_1007,GCF_900478295.1;protein_1195,GCF_021729605.1;protein_1005,GCF_017821635.1;protein_509,GCF_016755675.1;protein_1015
GCF_016757555.1;protein_1008,GCF_900478295.1;protein_1196,GCF_021729605.1;protein_1006,GCF_017821635.1;protein_508,GCF_016755675.1;protein_1016
GCF_016757555.1;protein_1009,GCF_900478295.1;protein_1197,GCF_021729605.1;protein_1015,GCF_017821635.1;protein_507,GCF_016755675.1;protein_1017
GCF_016757555.1;protein_101,GCF_900478295.1;protein_292,GCF_021729605.1;protein_100,GCF_017821635.1;protein_106,GCF_016755675.1;protein_101
GCF_016757555.1;protein_1010,GCF_900478295.1;protein_1198,GCF_021729605.1;protein_1016,GCF_017821635.1;protein_506,GCF_016755675.1;protein_1018
GCF_016757555.1;protein_1011,GCF_900478295.1;protein_1199,GCF_021729605.1;protein_1017,GCF_017821635.1;protein_505,GCF_016755675.1;protein_1019
GCF_016757555.1;protein_1012,GCF_900478295.1;protein_1200,GCF_021729605.1;protein_1018,GCF_017821635.1;protein_504,GCF_016755675.1;protein_1020
GCF_016757555.1;protein_1013,GCF_900478295.1;protein_1201,GCF_021729605.1;protein_1019,GCF_017821635.1;protein_503,GCF_016755675.1;protein_1021
GCF_016757555.1;protein_1014,GCF_900478295.1;protein_1202,GCF_021729605.1;protein_1020,GCF_017821635.1;protein_502,GCF_016755675.1;protein_1022
GCF_016757555.1;protein_1015,GCF_900478295.1;protein_1203,GCF_021729605.1;protein_1021,GCF_017821635.1;protein_501,GCF_016755675.1;protein_1023
GCF_016757555.1;protein_1016,GCF_900478295.1;protein_1204,GCF_021729605.1;protein_1022,GCF_017821635.1;protein_500,GCF_016755675.1;protein_1024
GCF_016757555.1;protein_1017,GCF_900478295.1;protein_1205,GCF_021729605.1;protein_1023,GCF_017821635.1;protein_499,GCF_016755675.1;protein_1025
GCF_016757555.1;protein_1018,GCF_900478295.1;protein_1206,GCF_021729605.1;protein_1024,GCF_017821635.1;protein_498,GCF_016755675.1;protein_1026
GCF_016757555.1;protein_1019,GCF_900478295.1;protein_1207,GCF_021729605.1;protein_1025,GCF_017821635.1;protein_497,GCF_016755675.1;protein_1027
GCF_016757555.1;protein_102,GCF_900478295.1;protein_293,GCF_021729605.1;protein_101,GCF_017821635.1;protein_107,GCF_016755675.1;protein_102
GCF_016757555.1;protein_1021,GCF_900478295.1;protein_1209,GCF_021729605.1;protein_1027,GCF_017821635.1;protein_495,GCF_016755675.1;protein_1029
GCF_016757555.1;protein_1022,GCF_900478295.1;protein_1210,GCF_021729605.1;protein_1028,GCF_017821635.1;protein_494,GCF_016755675.1;protein_1030
GCF_016757555.1;protein_1023,GCF_900478295.1;protein_1211,GCF_021729605.1;protein_1029,GCF_017821635.1;protein_493,GCF_016755675.1;protein_1031
GCF_016757555.1;protein_1024,GCF_900478295.1;protein_1212,GCF_021729605.1;protein_1030,GCF_017821635.1;protein_492,GCF_016755675.1;protein_1032
GCF_016757555.1;protein_1025,GCF_900478295.1;protein_1213,GCF_021729605.1;protein_1031,GCF_017821635.1;protein_491,GCF_016755675.1;protein_1033
GCF_016757555.1;protein_1027,GCF_900478295.1;protein_1215,GCF_021729605.1;protein_1033,GCF_017821635.1;protein_489,GCF_016755675.1;protein_1035
GCF_016757555.1;protein_1028,GCF_900478295.1;protein_1216,GCF_021729605.1;protein_1034,GCF_017821635.1;protein_488,GCF_016755675.1;protein_1036
GCF_016757555.1;protein_1029,GCF_900478295.1;protein_1217,GCF_021729605.1;protein_1035,GCF_017821635.1;protein_487,GCF_016755675.1;protein_1037
GCF_016757555.1;protein_103,GCF_900478295.1;protein_294,GCF_021729605.1;protein_102,GCF_017821635.1;protein_108,GCF_016755675.1;protein_103
GCF_016757555.1;protein_1034,GCF_900478295.1;protein_1226,GCF_021729605.1;protein_1038,GCF_017821635.1;protein_484,GCF_016755675.1;protein_1040
GCF_016757555.1;protein_1035,GCF_900478295.1;protein_1227,GCF_021729605.1;protein_1039,GCF_017821635.1;protein_483,GCF_016755675.1;protein_1041
GCF_016757555.1;protein_1036,GCF_900478295.1;protein_1228,GCF_021729605.1;protein_1040,GCF_017821635.1;protein_482,GCF_016755675.1;protein_1042
GCF_016757555.1;protein_1037,GCF_900478295.1;protein_1229,GCF_021729605.1;protein_1041,GCF_017821635.1;protein_481,GCF_016755675.1;protein_1043
GCF_016757555.1;protein_1038,GCF_900478295.1;protein_1230,GCF_021729605.1;protein_1042,GCF_017821635.1;protein_480,GCF_016755675.1;protein_1044
GCF_016757555.1;protein_1039,GCF_900478295.1;protein_1231,GCF_021729605.1;protein_1043,GCF_017821635.1;protein_479,GCF_016755675.1;protein_1045
GCF_016757555.1;protein_104,GCF_900478295.1;protein_295,GCF_021729605.1;protein_103,GCF_017821635.1;protein_109,GCF_016755675.1;protein_104
GCF_016757555.1;protein_1040,GCF_900478295.1;protein_1232,GCF_021729605.1;protein_1044,GCF_017821635.1;protein_478,GCF_016755675.1;protein_1046
GCF_016757555.1;protein_1041,GCF_900478295.1;protein_1233,GCF_021729605.1;protein_1045,GCF_017821635.1;protein_476,GCF_016755675.1;protein_1047
GCF_016757555.1;protein_1043,GCF_900478295.1;protein_1235,GCF_021729605.1;protein_1046,GCF_017821635.1;protein_474,GCF_016755675.1;protein_1049
GCF_016757555.1;protein_1044,GCF_900478295.1;protein_1236,GCF_021729605.1;protein_1047,GCF_017821635.1;protein_473,GCF_016755675.1;protein_1050
GCF_016757555.1;protein_1045,GCF_900478295.1;protein_1237,GCF_021729605.1;protein_1048,GCF_017821635.1;protein_472,GCF_016755675.1;protein_1051
GCF_016757555.1;protein_1046,GCF_900478295.1;protein_1238,GCF_021729605.1;protein_1049,GCF_017821635.1;protein_471,GCF_016755675.1;protein_1052
GCF_016757555.1;protein_1047,GCF_900478295.1;protein_1239,GCF_021729605.1;protein_1050,GCF_017821635.1;protein_470,GCF_016755675.1;protein_1053
GCF_016757555.1;protein_1048,GCF_900478295.1;protein_1240,GCF_021729605.1;protein_1051,GCF_017821635.1;protein_469,GCF_016755675.1;protein_1054
GCF_016757555.1;protein_1049,GCF_900478295.1;protein_1241,GCF_021729605.1;protein_1052,GCF_017821635.1;protein_468,GCF_016755675.1;protein_1055
GCF_016757555.1;protein_105,GCF_900478295.1;protein_296,GCF_021729605.1;protein_104,GCF_017821635.1;protein_110,GCF_016755675.1;protein_105
GCF_016757555.1;protein_1050,GCF_900478295.1;protein_1242,GCF_021729605.1;protein_1053,GCF_017821635.1;protein_467,GCF_016755675.1;protein_1056
GCF_016757555.1;protein_1051,GCF_900478295.1;protein_1243,GCF_021729605.1;protein_1054,GCF_017821635.1;protein_466,GCF_016755675.1;protein_1057
GCF_016757555.1;protein_1052,GCF_900478295.1;protein_1244,GCF_021729605.1;protein_1055,GCF_017821635.1;protein_465,GCF_016755675.1;protein_1058
GCF_016757555.1;protein_1053,GCF_900478295.1;protein_1245,GCF_021729605.1;protein_1056,GCF_017821635.1;protein_464,GCF_016755675.1;protein_1059
GCF_016757555.1;protein_1054,GCF_900478295.1;protein_1246,GCF_021729605.1;protein_1057,GCF_017821635.1;protein_463,GCF_016755675.1;protein_1060
GCF_016757555.1;protein_1055,GCF_900478295.1;protein_1247,GCF_021729605.1;protein_1058,GCF_017821635.1;protein_462,GCF_016755675.1;protein_1061
GCF_016757555.1;protein_1056,GCF_900478295.1;protein_1248,GCF_021729605.1;protein_1059,GCF_017821635.1;protein_461,GCF_016755675.1;protein_1062
GCF_016757555.1;protein_1057,GCF_900478295.1;protein_1249,GCF_021729605.1;protein_1060,GCF_017821635.1;protein_460,GCF_016755675.1;protein_1063
GCF_016757555.1;protein_1058,GCF_900478295.1;protein_1250,GCF_021729605.1;protein_1061,GCF_017821635.1;protein_459,GCF_016755675.1;protein_1064
GCF_016757555.1;protein_1059,GCF_900478295.1;protein_1251,GCF_021729605.1;protein_1062,GCF_017821635.1;protein_458,GCF_016755675.1;protein_1065
GCF_016757555.1;protein_106,GCF_900478295.1;protein_297,GCF_021729605.1;protein_105,GCF_017821635.1;protein_111,GCF_016755675.1;protein_106
GCF_016757555.1;protein_1060,GCF_900478295.1;protein_1252,GCF_021729605.1;protein_1063,GCF_017821635.1;protein_457,GCF_016755675.1;protein_1066
GCF_016757555.1;protein_1063,GCF_900478295.1;protein_664,GCF_021729605.1;protein_1067,GCF_017821635.1;protein_1077,GCF_016755675.1;protein_1069
GCF_016757555.1;protein_1064,GCF_900478295.1;protein_663,GCF_021729605.1;protein_1068,GCF_017821635.1;protein_1078,GCF_016755675.1;protein_1070
GCF_016757555.1;protein_1065,GCF_900478295.1;protein_662,GCF_021729605.1;protein_1069,GCF_017821635.1;protein_1079,GCF_016755675.1;protein_1071
GCF_016757555.1;protein_1066,GCF_900478295.1;protein_661,GCF_021729605.1;protein_1070,GCF_017821635.1;protein_1080,GCF_016755675.1;protein_1072
GCF_016757555.1;protein_1067,GCF_900478295.1;protein_660,GCF_021729605.1;protein_1071,GCF_017821635.1;protein_1081,GCF_016755675.1;protein_1073
GCF_016757555.1;protein_1068,GCF_900478295.1;protein_659,GCF_021729605.1;protein_1072,GCF_017821635.1;protein_1082,GCF_016755675.1;protein_1074
GCF_016757555.1;protein_1069,GCF_900478295.1;protein_658,GCF_021729605.1;protein_1073,GCF_017821635.1;protein_1083,GCF_016755675.1;protein_1075
GCF_016757555.1;protein_107,GCF_900478295.1;protein_298,GCF_021729605.1;protein_106,GCF_017821635.1;protein_112,GCF_016755675.1;protein_107
GCF_016757555.1;protein_1070,GCF_900478295.1;protein_657,GCF_021729605.1;protein_1074,GCF_017821635.1;protein_1084,GCF_016755675.1;protein_1076
GCF_016757555.1;protein_1071,GCF_900478295.1;protein_656,GCF_021729605.1;protein_1075,GCF_017821635.1;protein_1085,GCF_016755675.1;protein_1077
GCF_016757555.1;protein_1072,GCF_900478295.1;protein_655,GCF_021729605.1;protein_1076,GCF_017821635.1;protein_1086,GCF_016755675.1;protein_1078
GCF_016757555.1;protein_1073,GCF_900478295.1;protein_654,GCF_021729605.1;protein_1077,GCF_017821635.1;protein_1087,GCF_016755675.1;protein_1079
GCF_016757555.1;protein_1074,GCF_900478295.1;protein_653,GCF_021729605.1;protein_1078,GCF_017821635.1;protein_1088,GCF_016755675.1;protein_1080
GCF_016757555.1;protein_1075,GCF_900478295.1;protein_652,GCF_021729605.1;protein_1079,GCF_017821635.1;protein_1089,GCF_016755675.1;protein_1081
GCF_016757555.1;protein_1076,GCF_900478295.1;protein_651,GCF_021729605.1;protein_1080,GCF_017821635.1;protein_1090,GCF_016755675.1;protein_1082
GCF_016757555.1;protein_1077,GCF_900478295.1;protein_650,GCF_021729605.1;protein_1081,GCF_017821635.1;protein_1091,GCF_016755675.1;protein_1083
GCF_016757555.1;protein_1078,GCF_900478295.1;protein_649,GCF_021729605.1;protein_1082,GCF_017821635.1;protein_1092,GCF_016755675.1;protein_1084
GCF_016757555.1;protein_1079,GCF_900478295.1;protein_648,GCF_021729605.1;protein_1083,GCF_017821635.1;protein_1093,GCF_016755675.1;protein_1085
GCF_016757555.1;protein_108,GCF_900478295.1;protein_299,GCF_021729605.1;protein_107,GCF_017821635.1;protein_113,GCF_016755675.1;protein_108
GCF_016757555.1;protein_1080,GCF_900478295.1;protein_647,GCF_021729605.1;protein_1084,GCF_017821635.1;protein_1094,GCF_016755675.1;protein_1086
GCF_016757555.1;protein_1081,GCF_900478295.1;protein_646,GCF_021729605.1;protein_1085,GCF_017821635.1;protein_1095,GCF_016755675.1;protein_1087
GCF_016757555.1;protein_1082,GCF_900478295.1;protein_645,GCF_021729605.1;protein_1086,GCF_017821635.1;protein_1096,GCF_016755675.1;protein_1088
GCF_016757555.1;protein_1083,GCF_900478295.1;protein_644,GCF_021729605.1;protein_1087,GCF_017821635.1;protein_1097,GCF_016755675.1;protein_1089
GCF_016757555.1;protein_1084,GCF_900478295.1;protein_643,GCF_021729605.1;protein_1088,GCF_017821635.1;protein_1098,GCF_016755675.1;protein_1090
GCF_016757555.1;protein_1085,GCF_900478295.1;protein_642,GCF_021729605.1;protein_1089,GCF_017821635.1;protein_1099,GCF_016755675.1;protein_1091
GCF_016757555.1;protein_1086,GCF_900478295.1;protein_641,GCF_021729605.1;protein_1090,GCF_017821635.1;protein_1100,GCF_016755675.1;protein_1092
GCF_016757555.1;protein_1087,GCF_900478295.1;protein_640,GCF_021729605.1;protein_1091,GCF_017821635.1;protein_1101,GCF_016755675.1;protein_1093
GCF_016757555.1;protein_1089,GCF_900478295.1;protein_638,GCF_021729605.1;protein_1093,GCF_017821635.1;protein_1103,GCF_016755675.1;protein_1095
GCF_016757555.1;protein_1091,GCF_900478295.1;protein_635,GCF_021729605.1;protein_1095,GCF_017821635.1;protein_1105,GCF_016755675.1;protein_1097
GCF_016757555.1;protein_1092,GCF_900478295.1;protein_634,GCF_021729605.1;protein_1096,GCF_017821635.1;protein_1106,GCF_016755675.1;protein_1098
GCF_016757555.1;protein_1093,GCF_900478295.1;protein_633,GCF_021729605.1;protein_1097,GCF_017821635.1;protein_1107,GCF_016755675.1;protein_1099
GCF_016757555.1;protein_1094,GCF_900478295.1;protein_632,GCF_021729605.1;protein_1098,GCF_017821635.1;protein_1108,GCF_016755675.1;protein_1100
GCF_016757555.1;protein_1095,GCF_900478295.1;protein_631,GCF_021729605.1;protein_1099,GCF_017821635.1;protein_1109,GCF_016755675.1;protein_1101
GCF_016757555.1;protein_1096,GCF_900478295.1;protein_630,GCF_021729605.1;protein_1100,GCF_017821635.1;protein_1110,GCF_016755675.1;protein_1102
GCF_016757555.1;protein_1097,GCF_900478295.1;protein_629,GCF_021729605.1;protein_1101,GCF_017821635.1;protein_1111,GCF_016755675.1;protein_1103
GCF_016757555.1;protein_1098,GCF_900478295.1;protein_628,GCF_021729605.1;protein_1102,GCF_017821635.1;protein_1112,GCF_016755675.1;protein_1104
GCF_016757555.1;protein_1099,GCF_900478295.1;protein_627,GCF_021729605.1;protein_1103,GCF_017821635.1;protein_1113,GCF_016755675.1;protein_1105
GCF_016757555.1;protein_11,GCF_900478295.1;protein_198,GCF_021729605.1;protein_11,GCF_017821635.1;protein_11,GCF_016755675.1;protein_10
GCF_016757555.1;protein_1100,GCF_900478295.1;protein_626,GCF_021729605.1;protein_1104,GCF_017821635.1;protein_1114,GCF_016755675.1;protein_1106
GCF_016757555.1;protein_1101,GCF_900478295.1;protein_625,GCF_021729605.1;protein_1105,GCF_017821635.1;protein_1115,GCF_016755675.1;protein_1107
GCF_016757555.1;protein_1103,GCF_900478295.1;protein_623,GCF_021729605.1;protein_1107,GCF_017821635.1;protein_1117,GCF_016755675.1;protein_1109
GCF_016757555.1;protein_1107,GCF_900478295.1;protein_621,GCF_021729605.1;protein_1111,GCF_017821635.1;protein_1120,GCF_016755675.1;protein_1113
GCF_016757555.1;protein_1108,GCF_900478295.1;protein_620,GCF_021729605.1;protein_1112,GCF_017821635.1;protein_1121,GCF_016755675.1;protein_1114
GCF_016757555.1;protein_1109,GCF_900478295.1;protein_619,GCF_021729605.1;protein_1113,GCF_017821635.1;protein_1122,GCF_016755675.1;protein_1115
GCF_016757555.1;protein_111,GCF_900478295.1;protein_302,GCF_021729605.1;protein_109,GCF_017821635.1;protein_115,GCF_016755675.1;protein_111
GCF_016757555.1;protein_1110,GCF_900478295.1;protein_618,GCF_021729605.1;protein_1114,GCF_017821635.1;protein_1123,GCF_016755675.1;protein_1116
GCF_016757555.1;protein_1111,GCF_900478295.1;protein_617,GCF_021729605.1;protein_1115,GCF_017821635.1;protein_1124,GCF_016755675.1;protein_1117
GCF_016757555.1;protein_1112,GCF_900478295.1;protein_616,GCF_021729605.1;protein_1116,GCF_017821635.1;protein_1125,GCF_016755675.1;protein_1118
GCF_016757555.1;protein_1113,GCF_900478295.1;protein_615,GCF_021729605.1;protein_1117,GCF_017821635.1;protein_1126,GCF_016755675.1;protein_1119
GCF_016757555.1;protein_1114,GCF_900478295.1;protein_614,GCF_021729605.1;protein_1118,GCF_017821635.1;protein_1127,GCF_016755675.1;protein_1120
GCF_016757555.1;protein_1115,GCF_900478295.1;protein_613,GCF_021729605.1;protein_1119,GCF_017821635.1;protein_1128,GCF_016755675.1;protein_1121
GCF_016757555.1;protein_1116,GCF_900478295.1;protein_612,GCF_021729605.1;protein_1120,GCF_017821635.1;protein_1129,GCF_016755675.1;protein_1122
GCF_016757555.1;protein_1117,GCF_900478295.1;protein_611,GCF_021729605.1;protein_1121,GCF_017821635.1;protein_1130,GCF_016755675.1;protein_1123
GCF_016757555.1;protein_1118,GCF_900478295.1;protein_610,GCF_021729605.1;protein_1122,GCF_017821635.1;protein_1131,GCF_016755675.1;protein_1124
GCF_016757555.1;protein_1119,GCF_900478295.1;protein_609,GCF_021729605.1;protein_1123,GCF_017821635.1;protein_1132,GCF_016755675.1;protein_1125
GCF_016757555.1;protein_1120,GCF_900478295.1;protein_608,GCF_021729605.1;protein_1124,GCF_017821635.1;protein_1133,GCF_016755675.1;protein_1126
GCF_016757555.1;protein_1121,GCF_900478295.1;protein_607,GCF_021729605.1;protein_1125,GCF_017821635.1;protein_1134,GCF_016755675.1;protein_1127
GCF_016757555.1;protein_1122,GCF_900478295.1;protein_606,GCF_021729605.1;protein_1126,GCF_017821635.1;protein_1135,GCF_016755675.1;protein_1128
GCF_016757555.1;protein_1124,GCF_900478295.1;protein_604,GCF_021729605.1;protein_1128,GCF_017821635.1;protein_1137,GCF_016755675.1;protein_1131
GCF_016757555.1;protein_1125,GCF_900478295.1;protein_603,GCF_021729605.1;protein_1129,GCF_017821635.1;protein_1138,GCF_016755675.1;protein_1132
GCF_016757555.1;protein_1126,GCF_900478295.1;protein_602,GCF_021729605.1;protein_1130,GCF_017821635.1;protein_1139,GCF_016755675.1;protein_1133
GCF_016757555.1;protein_1127,GCF_900478295.1;protein_601,GCF_021729605.1;protein_1131,GCF_017821635.1;protein_1140,GCF_016755675.1;protein_1134
GCF_016757555.1;protein_1128,GCF_900478295.1;protein_600,GCF_021729605.1;protein_1132,GCF_017821635.1;protein_1141,GCF_016755675.1;protein_1135
GCF_016757555.1;protein_1129,GCF_900478295.1;protein_599,GCF_021729605.1;protein_1133,GCF_017821635.1;protein_1142,GCF_016755675.1;protein_1136
GCF_016757555.1;protein_113,GCF_900478295.1;protein_304,GCF_021729605.1;protein_110,GCF_017821635.1;protein_116,GCF_016755675.1;protein_112
GCF_016757555.1;protein_1130,GCF_900478295.1;protein_598,GCF_021729605.1;protein_1134,GCF_017821635.1;protein_1143,GCF_016755675.1;protein_1137
GCF_016757555.1;protein_1131,GCF_900478295.1;protein_597,GCF_021729605.1;protein_1135,GCF_017821635.1;protein_1144,GCF_016755675.1;protein_1138
GCF_016757555.1;protein_1132,GCF_900478295.1;protein_596,GCF_021729605.1;protein_1136,GCF_017821635.1;protein_1145,GCF_016755675.1;protein_1139
GCF_016757555.1;protein_1135,GCF_900478295.1;protein_593,GCF_021729605.1;protein_1138,GCF_017821635.1;protein_1148,GCF_016755675.1;protein_1141
GCF_016757555.1;protein_1136,GCF_900478295.1;protein_592,GCF_021729605.1;protein_1139,GCF_017821635.1;protein_1149,GCF_016755675.1;protein_1142
GCF_016757555.1;protein_1137,GCF_900478295.1;protein_591,GCF_021729605.1;protein_1140,GCF_017821635.1;protein_1150,GCF_016755675.1;protein_1143
GCF_016757555.1;protein_114,GCF_900478295.1;protein_305,GCF_021729605.1;protein_111,GCF_017821635.1;protein_117,GCF_016755675.1;protein_113
GCF_016757555.1;protein_1140,GCF_900478295.1;protein_588,GCF_021729605.1;protein_1142,GCF_017821635.1;protein_1152,GCF_016755675.1;protein_1145
GCF_016757555.1;protein_1141,GCF_900478295.1;protein_587,GCF_021729605.1;protein_1143,GCF_017821635.1;protein_1153,GCF_016755675.1;protein_1146
GCF_016757555.1;protein_1142,GCF_900478295.1;protein_586,GCF_021729605.1;protein_1144,GCF_017821635.1;protein_1154,GCF_016755675.1;protein_1147
GCF_016757555.1;protein_1143,GCF_900478295.1;protein_585,GCF_021729605.1;protein_1145,GCF_017821635.1;protein_1155,GCF_016755675.1;protein_1148
GCF_016757555.1;protein_1144,GCF_900478295.1;protein_584,GCF_021729605.1;protein_1146,GCF_017821635.1;protein_1156,GCF_016755675.1;protein_1149
GCF_016757555.1;protein_1145,GCF_900478295.1;protein_583,GCF_021729605.1;protein_1147,GCF_017821635.1;protein_1157,GCF_016755675.1;protein_1150
GCF_016757555.1;protein_1146,GCF_900478295.1;protein_582,GCF_021729605.1;protein_1148,GCF_017821635.1;protein_1158,GCF_016755675.1;protein_1151
GCF_016757555.1;protein_1147,GCF_900478295.1;protein_581,GCF_021729605.1;protein_1149,GCF_017821635.1;protein_1159,GCF_016755675.1;protein_1152
GCF_016757555.1;protein_1148,GCF_900478295.1;protein_580,GCF_021729605.1;protein_1150,GCF_017821635.1;protein_1160,GCF_016755675.1;protein_1153
GCF_016757555.1;protein_1149,GCF_900478295.1;protein_579,GCF_021729605.1;protein_1151,GCF_017821635.1;protein_1161,GCF_016755675.1;protein_1154
GCF_016757555.1;protein_115,GCF_900478295.1;protein_306,GCF_021729605.1;protein_112,GCF_017821635.1;protein_118,GCF_016755675.1;protein_114
GCF_016757555.1;protein_1150,GCF_900478295.1;protein_578,GCF_021729605.1;protein_1152,GCF_017821635.1;protein_1162,GCF_016755675.1;protein_1155
GCF_016757555.1;protein_1151,GCF_900478295.1;protein_577,GCF_021729605.1;protein_1153,GCF_017821635.1;protein_1163,GCF_016755675.1;protein_1156
GCF_016757555.1;protein_1152,GCF_900478295.1;protein_576,GCF_021729605.1;protein_1154,GCF_017821635.1;protein_1164,GCF_016755675.1;protein_1157
GCF_016757555.1;protein_1153,GCF_900478295.1;protein_575,GCF_021729605.1;protein_1155,GCF_017821635.1;protein_1165,GCF_016755675.1;protein_1158
GCF_016757555.1;protein_1154,GCF_900478295.1;protein_574,GCF_021729605.1;protein_1156,GCF_017821635.1;protein_1166,GCF_016755675.1;protein_1159
GCF_016757555.1;protein_1156,GCF_900478295.1;protein_572,GCF_021729605.1;protein_1158,GCF_017821635.1;protein_1168,GCF_016755675.1;protein_1161
GCF_016757555.1;protein_1157,GCF_900478295.1;protein_571,GCF_021729605.1;protein_1159,GCF_017821635.1;protein_1169,GCF_016755675.1;protein_1162
GCF_016757555.1;protein_1158,GCF_900478295.1;protein_570,GCF_021729605.1;protein_1160,GCF_017821635.1;protein_1170,GCF_016755675.1;protein_1163
GCF_016757555.1;protein_1159,GCF_900478295.1;protein_569,GCF_021729605.1;protein_1161,GCF_017821635.1;protein_1171,GCF_016755675.1;protein_1164
GCF_016757555.1;protein_116,GCF_900478295.1;protein_307,GCF_021729605.1;protein_113,GCF_017821635.1;protein_119,GCF_016755675.1;protein_115
GCF_016757555.1;protein_1160,GCF_900478295.1;protein_568,GCF_021729605.1;protein_1162,GCF_017821635.1;protein_1172,GCF_016755675.1;protein_1165
GCF_016757555.1;protein_1161,GCF_900478295.1;protein_567,GCF_021729605.1;protein_1163,GCF_017821635.1;protein_1173,GCF_016755675.1;protein_1166
GCF_016757555.1;protein_1162,GCF_900478295.1;protein_566,GCF_021729605.1;protein_1164,GCF_017821635.1;protein_1174,GCF_016755675.1;protein_1167
GCF_016757555.1;protein_1163,GCF_900478295.1;protein_562,GCF_021729605.1;protein_1165,GCF_017821635.1;protein_1175,GCF_016755675.1;protein_1168
GCF_016757555.1;protein_1164,GCF_900478295.1;protein_561,GCF_021729605.1;protein_1166,GCF_017821635.1;protein_1176,GCF_016755675.1;protein_1169
GCF_016757555.1;protein_1165,GCF_900478295.1;protein_560,GCF_021729605.1;protein_1167,GCF_017821635.1;protein_1177,GCF_016755675.1;protein_1170
GCF_016757555.1;protein_1166,GCF_900478295.1;protein_559,GCF_021729605.1;protein_1168,GCF_017821635.1;protein_1178,GCF_016755675.1;protein_1171
GCF_016757555.1;protein_1167,GCF_900478295.1;protein_558,GCF_021729605.1;protein_1169,GCF_017821635.1;protein_1179,GCF_016755675.1;protein_1172
GCF_016757555.1;protein_1168,GCF_900478295.1;protein_557,GCF_021729605.1;protein_1170,GCF_017821635.1;protein_1180,GCF_016755675.1;protein_1173
GCF_016757555.1;protein_1169,GCF_900478295.1;protein_556,GCF_021729605.1;protein_1171,GCF_017821635.1;protein_1181,GCF_016755675.1;protein_1174
GCF_016757555.1;protein_117,GCF_900478295.1;protein_308,GCF_021729605.1;protein_114,GCF_017821635.1;protein_120,GCF_016755675.1;protein_116
GCF_016757555.1;protein_1170,GCF_900478295.1;protein_555,GCF_021729605.1;protein_1172,GCF_017821635.1;protein_1182,GCF_016755675.1;protein_1175
GCF_016757555.1;protein_1171,GCF_900478295.1;protein_554,GCF_021729605.1;protein_1173,GCF_017821635.1;protein_1183,GCF_016755675.1;protein_1176
GCF_016757555.1;protein_1172,GCF_900478295.1;protein_553,GCF_021729605.1;protein_1174,GCF_017821635.1;protein_1184,GCF_016755675.1;protein_1177
GCF_016757555.1;protein_1173,GCF_900478295.1;protein_552,GCF_021729605.1;protein_1175,GCF_017821635.1;protein_1185,GCF_016755675.1;protein_1178
GCF_016757555.1;protein_1174,GCF_900478295.1;protein_551,GCF_021729605.1;protein_1176,GCF_017821635.1;protein_1186,GCF_016755675.1;protein_1179
GCF_016757555.1;protein_1175,GCF_900478295.1;protein_550,GCF_021729605.1;protein_1177,GCF_017821635.1;protein_1187,GCF_016755675.1;protein_1180
GCF_016757555.1;protein_1176,GCF_900478295.1;protein_549,GCF_021729605.1;protein_1178,GCF_017821635.1;protein_1188,GCF_016755675.1;protein_1181
GCF_016757555.1;protein_1177,GCF_900478295.1;protein_548,GCF_021729605.1;protein_1179,GCF_017821635.1;protein_1189,GCF_016755675.1;protein_1182
GCF_016757555.1;protein_1178,GCF_900478295.1;protein_547,GCF_021729605.1;protein_1180,GCF_017821635.1;protein_1190,GCF_016755675.1;protein_1183
GCF_016757555.1;protein_1179,GCF_900478295.1;protein_546,GCF_021729605.1;protein_1181,GCF_017821635.1;protein_1191,GCF_016755675.1;protein_1184
GCF_016757555.1;protein_118,GCF_900478295.1;protein_309,GCF_021729605.1;protein_115,GCF_017821635.1;protein_121,GCF_016755675.1;protein_117
GCF_016757555.1;protein_1180,GCF_900478295.1;protein_545,GCF_021729605.1;protein_1182,GCF_017821635.1;protein_1192,GCF_016755675.1;protein_1185
GCF_016757555.1;protein_1181,GCF_900478295.1;protein_544,GCF_021729605.1;protein_1183,GCF_017821635.1;protein_1193,GCF_016755675.1;protein_1186
GCF_016757555.1;protein_1182,GCF_900478295.1;protein_543,GCF_021729605.1;protein_1184,GCF_017821635.1;protein_1194,GCF_016755675.1;protein_1187
GCF_016757555.1;protein_1184,GCF_900478295.1;protein_540,GCF_021729605.1;protein_1187,GCF_017821635.1;protein_1197,GCF_016755675.1;protein_1189
GCF_016757555.1;protein_1185,GCF_900478295.1;protein_539,GCF_021729605.1;protein_1188,GCF_017821635.1;protein_1198,GCF_016755675.1;protein_1190
GCF_016757555.1;protein_1186,GCF_900478295.1;protein_538,GCF_021729605.1;protein_1189,GCF_017821635.1;protein_1199,GCF_016755675.1;protein_1191
GCF_016757555.1;protein_1187,GCF_900478295.1;protein_1073,GCF_021729605.1;protein_325,GCF_017821635.1;protein_1200,GCF_016755675.1;protein_1192
GCF_016757555.1;protein_1188,GCF_900478295.1;protein_536,GCF_021729605.1;protein_1193,GCF_017821635.1;protein_1201,GCF_016755675.1;protein_1193
GCF_016757555.1;protein_1189,GCF_900478295.1;protein_535,GCF_021729605.1;protein_1194,GCF_017821635.1;protein_1202,GCF_016755675.1;protein_1194
GCF_016757555.1;protein_119,GCF_900478295.1;protein_311,GCF_021729605.1;protein_116,GCF_017821635.1;protein_122,GCF_016755675.1;protein_118
GCF_016757555.1;protein_1190,GCF_900478295.1;protein_534,GCF_021729605.1;protein_1195,GCF_017821635.1;protein_1203,GCF_016755675.1;protein_1195
GCF_016757555.1;protein_1191,GCF_900478295.1;protein_533,GCF_021729605.1;protein_1196,GCF_017821635.1;protein_1204,GCF_016755675.1;protein_1196
GCF_016757555.1;protein_1192,GCF_900478295.1;protein_532,GCF_021729605.1;protein_1197,GCF_017821635.1;protein_1205,GCF_016755675.1;protein_1197
GCF_016757555.1;protein_1193,GCF_900478295.1;protein_531,GCF_021729605.1;protein_1198,GCF_017821635.1;protein_1206,GCF_016755675.1;protein_1198
GCF_016757555.1;protein_1194,GCF_900478295.1;protein_530,GCF_021729605.1;protein_1199,GCF_017821635.1;protein_1207,GCF_016755675.1;protein_1199
GCF_016757555.1;protein_1195,GCF_900478295.1;protein_529,GCF_021729605.1;protein_1200,GCF_017821635.1;protein_1208,GCF_016755675.1;protein_1200
GCF_016757555.1;protein_1196,GCF_900478295.1;protein_528,GCF_021729605.1;protein_1201,GCF_017821635.1;protein_1209,GCF_016755675.1;protein_1201
GCF_016757555.1;protein_1197,GCF_900478295.1;protein_527,GCF_021729605.1;protein_1202,GCF_017821635.1;protein_1210,GCF_016755675.1;protein_1202
GCF_016757555.1;protein_1198,GCF_900478295.1;protein_526,GCF_021729605.1;protein_1203,GCF_017821635.1;protein_1211,GCF_016755675.1;protein_1203
GCF_016757555.1;protein_1199,GCF_900478295.1;protein_525,GCF_021729605.1;protein_1204,GCF_017821635.1;protein_1212,GCF_016755675.1;protein_1204
GCF_016757555.1;protein_12,GCF_900478295.1;protein_199,GCF_021729605.1;protein_12,GCF_017821635.1;protein_12,GCF_016755675.1;protein_11
GCF_016757555.1;protein_120,GCF_900478295.1;protein_312,GCF_021729605.1;protein_117,GCF_017821635.1;protein_123,GCF_016755675.1;protein_119
GCF_016757555.1;protein_1200,GCF_900478295.1;protein_524,GCF_021729605.1;protein_1205,GCF_017821635.1;protein_1213,GCF_016755675.1;protein_1205
GCF_016757555.1;protein_1201,GCF_900478295.1;protein_523,GCF_021729605.1;protein_1206,GCF_017821635.1;protein_1214,GCF_016755675.1;protein_1206
GCF_016757555.1;protein_1202,GCF_900478295.1;protein_522,GCF_021729605.1;protein_1207,GCF_017821635.1;protein_1215,GCF_016755675.1;protein_1207
GCF_016757555.1;protein_1203,GCF_900478295.1;protein_521,GCF_021729605.1;protein_1208,GCF_017821635.1;protein_1216,GCF_016755675.1;protein_1208
GCF_016757555.1;protein_1204,GCF_900478295.1;protein_520,GCF_021729605.1;protein_1209,GCF_017821635.1;protein_1217,GCF_016755675.1;protein_1209
GCF_016757555.1;protein_1205,GCF_900478295.1;protein_519,GCF_021729605.1;protein_1210,GCF_017821635.1;protein_1218,GCF_016755675.1;protein_1210
GCF_016757555.1;protein_1206,GCF_900478295.1;protein_518,GCF_021729605.1;protein_1211,GCF_017821635.1;protein_1219,GCF_016755675.1;protein_1211
GCF_016757555.1;protein_1207,GCF_900478295.1;protein_517,GCF_021729605.1;protein_1212,GCF_017821635.1;protein_1220,GCF_016755675.1;protein_1212
GCF_016757555.1;protein_1208,GCF_900478295.1;protein_516,GCF_021729605.1;protein_1213,GCF_017821635.1;protein_1221,GCF_016755675.1;protein_1213
GCF_016757555.1;protein_1209,GCF_900478295.1;protein_515,GCF_021729605.1;protein_1214,GCF_017821635.1;protein_1222,GCF_016755675.1;protein_1214
GCF_016757555.1;protein_1211,GCF_900478295.1;protein_513,GCF_021729605.1;protein_1216,GCF_017821635.1;protein_1224,GCF_016755675.1;protein_1216
GCF_016757555.1;protein_1212,GCF_900478295.1;protein_512,GCF_021729605.1;protein_1217,GCF_017821635.1;protein_1225,GCF_016755675.1;protein_1217
GCF_016757555.1;protein_1213,GCF_900478295.1;protein_511,GCF_021729605.1;protein_1218,GCF_017821635.1;protein_1226,GCF_016755675.1;protein_1218
GCF_016757555.1;protein_1214,GCF_900478295.1;protein_510,GCF_021729605.1;protein_1219,GCF_017821635.1;protein_1227,GCF_016755675.1;protein_1219
GCF_016757555.1;protein_1215,GCF_900478295.1;protein_509,GCF_021729605.1;protein_1220,GCF_017821635.1;protein_1228,GCF_016755675.1;protein_1220
GCF_016757555.1;protein_1216,GCF_900478295.1;protein_508,GCF_021729605.1;protein_1221,GCF_017821635.1;protein_1229,GCF_016755675.1;protein_1221
GCF_016757555.1;protein_1217,GCF_900478295.1;protein_507,GCF_021729605.1;protein_1222,GCF_017821635.1;protein_1230,GCF_016755675.1;protein_1222
GCF_016757555.1;protein_1218,GCF_900478295.1;protein_506,GCF_021729605.1;protein_1223,GCF_017821635.1;protein_1231,GCF_016755675.1;protein_1223
GCF_016757555.1;protein_1219,GCF_900478295.1;protein_505,GCF_021729605.1;protein_1224,GCF_017821635.1;protein_1232,GCF_016755675.1;protein_1224
GCF_016757555.1;protein_122,GCF_900478295.1;protein_313,GCF_021729605.1;protein_118,GCF_017821635.1;protein_124,GCF_016755675.1;protein_121
GCF_016757555.1;protein_1221,GCF_900478295.1;protein_488,GCF_021729605.1;protein_1226,GCF_017821635.1;protein_1237,GCF_016755675.1;protein_1226
GCF_016757555.1;protein_1222,GCF_900478295.1;protein_489,GCF_021729605.1;protein_1227,GCF_017821635.1;protein_1238,GCF_016755675.1;protein_1227
GCF_016757555.1;protein_1223,GCF_900478295.1;protein_490,GCF_021729605.1;protein_1228,GCF_017821635.1;protein_1239,GCF_016755675.1;protein_1228
GCF_016757555.1;protein_1224,GCF_900478295.1;protein_491,GCF_021729605.1;protein_1229,GCF_017821635.1;protein_1240,GCF_016755675.1;protein_1229
GCF_016757555.1;protein_1225,GCF_900478295.1;protein_492,GCF_021729605.1;protein_1230,GCF_017821635.1;protein_1241,GCF_016755675.1;protein_1230
GCF_016757555.1;protein_1226,GCF_900478295.1;protein_493,GCF_021729605.1;protein_1231,GCF_017821635.1;protein_1242,GCF_016755675.1;protein_1231
GCF_016757555.1;protein_1227,GCF_900478295.1;protein_494,GCF_021729605.1;protein_1232,GCF_017821635.1;protein_1244,GCF_016755675.1;protein_1232
GCF_016757555.1;protein_1228,GCF_900478295.1;protein_495,GCF_021729605.1;protein_1233,GCF_017821635.1;protein_1245,GCF_016755675.1;protein_1233
GCF_016757555.1;protein_1229,GCF_900478295.1;protein_496,GCF_021729605.1;protein_1234,GCF_017821635.1;protein_1246,GCF_016755675.1;protein_1234
GCF_016757555.1;protein_123,GCF_900478295.1;protein_314,GCF_021729605.1;protein_119,GCF_017821635.1;protein_125,GCF_016755675.1;protein_122
GCF_016757555.1;protein_1230,GCF_900478295.1;protein_497,GCF_021729605.1;protein_1235,GCF_017821635.1;protein_1247,GCF_016755675.1;protein_1235
GCF_016757555.1;protein_1231,GCF_900478295.1;protein_500,GCF_021729605.1;protein_1236,GCF_017821635.1;protein_1250,GCF_016755675.1;protein_1238
GCF_016757555.1;protein_1232,GCF_900478295.1;protein_501,GCF_021729605.1;protein_1237,GCF_017821635.1;protein_1251,GCF_016755675.1;protein_1239
GCF_016757555.1;protein_1233,GCF_900478295.1;protein_486,GCF_021729605.1;protein_1238,GCF_017821635.1;protein_1252,GCF_016755675.1;protein_1240
GCF_016757555.1;protein_1234,GCF_900478295.1;protein_485,GCF_021729605.1;protein_1239,GCF_017821635.1;protein_1253,GCF_016755675.1;protein_1241
GCF_016757555.1;protein_1235,GCF_900478295.1;protein_484,GCF_021729605.1;protein_1240,GCF_017821635.1;protein_1254,GCF_016755675.1;protein_1242
GCF_016757555.1;protein_1236,GCF_900478295.1;protein_483,GCF_021729605.1;protein_1241,GCF_017821635.1;protein_1255,GCF_016755675.1;protein_1243
GCF_016757555.1;protein_1237,GCF_900478295.1;protein_482,GCF_021729605.1;protein_1242,GCF_017821635.1;protein_1256,GCF_016755675.1;protein_1244
GCF_016757555.1;protein_1238,GCF_900478295.1;protein_481,GCF_021729605.1;protein_1243,GCF_017821635.1;protein_1257,GCF_016755675.1;protein_1245
GCF_016757555.1;protein_1239,GCF_900478295.1;protein_480,GCF_021729605.1;protein_1244,GCF_017821635.1;protein_1258,GCF_016755675.1;protein_1246
GCF_016757555.1;protein_124,GCF_900478295.1;protein_315,GCF_021729605.1;protein_120,GCF_017821635.1;protein_126,GCF_016755675.1;protein_123
GCF_016757555.1;protein_1240,GCF_900478295.1;protein_479,GCF_021729605.1;protein_1245,GCF_017821635.1;protein_1259,GCF_016755675.1;protein_1247
GCF_016757555.1;protein_1241,GCF_900478295.1;protein_478,GCF_021729605.1;protein_1246,GCF_017821635.1;protein_1260,GCF_016755675.1;protein_1248
GCF_016757555.1;protein_1242,GCF_900478295.1;protein_477,GCF_021729605.1;protein_1247,GCF_017821635.1;protein_1261,GCF_016755675.1;protein_1249
GCF_016757555.1;protein_1243,GCF_900478295.1;protein_476,GCF_021729605.1;protein_1248,GCF_017821635.1;protein_1262,GCF_016755675.1;protein_1250
GCF_016757555.1;protein_1244,GCF_900478295.1;protein_475,GCF_021729605.1;protein_1249,GCF_017821635.1;protein_1263,GCF_016755675.1;protein_1251
GCF_016757555.1;protein_1245,GCF_900478295.1;protein_474,GCF_021729605.1;protein_1250,GCF_017821635.1;protein_1264,GCF_016755675.1;protein_1252
GCF_016757555.1;protein_1246,GCF_900478295.1;protein_473,GCF_021729605.1;protein_1251,GCF_017821635.1;protein_1265,GCF_016755675.1;protein_1253
GCF_016757555.1;protein_1247,GCF_900478295.1;protein_472,GCF_021729605.1;protein_1252,GCF_017821635.1;protein_1266,GCF_016755675.1;protein_1254
GCF_016757555.1;protein_1248,GCF_900478295.1;protein_471,GCF_021729605.1;protein_1253,GCF_017821635.1;protein_1267,GCF_016755675.1;protein_1255
GCF_016757555.1;protein_1249,GCF_900478295.1;protein_470,GCF_021729605.1;protein_1254,GCF_017821635.1;protein_1268,GCF_016755675.1;protein_1256
GCF_016757555.1;protein_125,GCF_900478295.1;protein_316,GCF_021729605.1;protein_121,GCF_017821635.1;protein_127,GCF_016755675.1;protein_124
GCF_016757555.1;protein_1250,GCF_900478295.1;protein_469,GCF_021729605.1;protein_1255,GCF_017821635.1;protein_1269,GCF_016755675.1;protein_1257
GCF_016757555.1;protein_1251,GCF_900478295.1;protein_468,GCF_021729605.1;protein_1256,GCF_017821635.1;protein_1270,GCF_016755675.1;protein_1258
GCF_016757555.1;protein_1252,GCF_900478295.1;protein_467,GCF_021729605.1;protein_1257,GCF_017821635.1;protein_1271,GCF_016755675.1;protein_1259
GCF_016757555.1;protein_1253,GCF_900478295.1;protein_466,GCF_021729605.1;protein_1258,GCF_017821635.1;protein_1272,GCF_016755675.1;protein_1260
GCF_016757555.1;protein_1254,GCF_900478295.1;protein_465,GCF_021729605.1;protein_1259,GCF_017821635.1;protein_1273,GCF_016755675.1;protein_1261
GCF_016757555.1;protein_1255,GCF_900478295.1;protein_464,GCF_021729605.1;protein_1260,GCF_017821635.1;protein_1274,GCF_016755675.1;protein_1262
GCF_016757555.1;protein_1256,GCF_900478295.1;protein_463,GCF_021729605.1;protein_1261,GCF_017821635.1;protein_1275,GCF_016755675.1;protein_1263
GCF_016757555.1;protein_1257,GCF_900478295.1;protein_462,GCF_021729605.1;protein_1262,GCF_017821635.1;protein_1276,GCF_016755675.1;protein_1264
GCF_016757555.1;protein_1258,GCF_900478295.1;protein_461,GCF_021729605.1;protein_1263,GCF_017821635.1;protein_1277,GCF_016755675.1;protein_1265
GCF_016757555.1;protein_1259,GCF_900478295.1;protein_460,GCF_021729605.1;protein_1264,GCF_017821635.1;protein_1278,GCF_016755675.1;protein_1266
GCF_016757555.1;protein_126,GCF_900478295.1;protein_317,GCF_021729605.1;protein_122,GCF_017821635.1;protein_128,GCF_016755675.1;protein_125
GCF_016757555.1;protein_1260,GCF_900478295.1;protein_459,GCF_021729605.1;protein_1265,GCF_017821635.1;protein_1279,GCF_016755675.1;protein_1267
GCF_016757555.1;protein_1261,GCF_900478295.1;protein_458,GCF_021729605.1;protein_1266,GCF_017821635.1;protein_1280,GCF_016755675.1;protein_1268
GCF_016757555.1;protein_1262,GCF_900478295.1;protein_457,GCF_021729605.1;protein_1267,GCF_017821635.1;protein_1281,GCF_016755675.1;protein_1269
GCF_016757555.1;protein_1263,GCF_900478295.1;protein_456,GCF_021729605.1;protein_1268,GCF_017821635.1;protein_1282,GCF_016755675.1;protein_1270
GCF_016757555.1;protein_1264,GCF_900478295.1;protein_455,GCF_021729605.1;protein_1269,GCF_017821635.1;protein_1283,GCF_016755675.1;protein_1271
GCF_016757555.1;protein_1266,GCF_900478295.1;protein_453,GCF_021729605.1;protein_1271,GCF_017821635.1;protein_1285,GCF_016755675.1;protein_1273
GCF_016757555.1;protein_1267,GCF_900478295.1;protein_452,GCF_021729605.1;protein_1272,GCF_017821635.1;protein_1286,GCF_016755675.1;protein_1274
GCF_016757555.1;protein_1268,GCF_900478295.1;protein_451,GCF_021729605.1;protein_1273,GCF_017821635.1;protein_1287,GCF_016755675.1;protein_1275
GCF_016757555.1;protein_1269,GCF_900478295.1;protein_450,GCF_021729605.1;protein_1274,GCF_017821635.1;protein_1288,GCF_016755675.1;protein_1276
GCF_016757555.1;protein_127,GCF_900478295.1;protein_318,GCF_021729605.1;protein_123,GCF_017821635.1;protein_129,GCF_016755675.1;protein_126
GCF_016757555.1;protein_1270,GCF_900478295.1;protein_449,GCF_021729605.1;protein_1275,GCF_017821635.1;protein_1289,GCF_016755675.1;protein_1277
GCF_016757555.1;protein_1271,GCF_900478295.1;protein_448,GCF_021729605.1;protein_1276,GCF_017821635.1;protein_1290,GCF_016755675.1;protein_1278
GCF_016757555.1;protein_1272,GCF_900478295.1;protein_447,GCF_021729605.1;protein_1277,GCF_017821635.1;protein_1291,GCF_016755675.1;protein_1279
GCF_016757555.1;protein_1273,GCF_900478295.1;protein_446,GCF_021729605.1;protein_1278,GCF_017821635.1;protein_1292,GCF_016755675.1;protein_1280
GCF_016757555.1;protein_1274,GCF_900478295.1;protein_445,GCF_021729605.1;protein_1279,GCF_017821635.1;protein_1293,GCF_016755675.1;protein_1281
GCF_016757555.1;protein_1276,GCF_900478295.1;protein_444,GCF_021729605.1;protein_1281,GCF_017821635.1;protein_1295,GCF_016755675.1;protein_1282
GCF_016757555.1;protein_1277,GCF_900478295.1;protein_443,GCF_021729605.1;protein_1282,GCF_017821635.1;protein_1296,GCF_016755675.1;protein_1283
GCF_016757555.1;protein_1278,GCF_900478295.1;protein_442,GCF_021729605.1;protein_1283,GCF_017821635.1;protein_1297,GCF_016755675.1;protein_1284
GCF_016757555.1;protein_1279,GCF_900478295.1;protein_441,GCF_021729605.1;protein_1284,GCF_017821635.1;protein_1298,GCF_016755675.1;protein_1285
GCF_016757555.1;protein_128,GCF_900478295.1;protein_319,GCF_021729605.1;protein_124,GCF_017821635.1;protein_130,GCF_016755675.1;protein_127
GCF_016757555.1;protein_1280,GCF_900478295.1;protein_440,GCF_021729605.1;protein_1285,GCF_017821635.1;protein_1299,GCF_016755675.1;protein_1286
GCF_016757555.1;protein_1281,GCF_900478295.1;protein_439,GCF_021729605.1;protein_1286,GCF_017821635.1;protein_1300,GCF_016755675.1;protein_1287
GCF_016757555.1;protein_1282,GCF_900478295.1;protein_438,GCF_021729605.1;protein_1287,GCF_017821635.1;protein_1301,GCF_016755675.1;protein_1288
GCF_016757555.1;protein_1284,GCF_900478295.1;protein_1497,GCF_021729605.1;protein_1289,GCF_017821635.1;protein_1303,GCF_016755675.1;protein_1292
GCF_016757555.1;protein_1285,GCF_900478295.1;protein_1498,GCF_021729605.1;protein_1290,GCF_017821635.1;protein_1304,GCF_016755675.1;protein_1293
GCF_016757555.1;protein_1286,GCF_900478295.1;protein_1499,GCF_021729605.1;protein_1291,GCF_017821635.1;protein_1305,GCF_016755675.1;protein_1294
GCF_016757555.1;protein_1287,GCF_900478295.1;protein_1500,GCF_021729605.1;protein_1292,GCF_017821635.1;protein_1306,GCF_016755675.1;protein_1295
GCF_016757555.1;protein_1288,GCF_900478295.1;protein_1501,GCF_021729605.1;protein_1293,GCF_017821635.1;protein_1307,GCF_016755675.1;protein_1296
GCF_016757555.1;protein_1289,GCF_900478295.1;protein_1502,GCF_021729605.1;protein_1294,GCF_017821635.1;protein_1308,GCF_016755675.1;protein_1297
GCF_016757555.1;protein_129,GCF_900478295.1;protein_320,GCF_021729605.1;protein_125,GCF_017821635.1;protein_131,GCF_016755675.1;protein_128
GCF_016757555.1;protein_1290,GCF_900478295.1;protein_1503,GCF_021729605.1;protein_1295,GCF_017821635.1;protein_1309,GCF_016755675.1;protein_1298
GCF_016757555.1;protein_1291,GCF_900478295.1;protein_1504,GCF_021729605.1;protein_1296,GCF_017821635.1;protein_1310,GCF_016755675.1;protein_1299
GCF_016757555.1;protein_1297,GCF_900478295.1;protein_1506,GCF_021729605.1;protein_1300,GCF_017821635.1;protein_1317,GCF_016755675.1;protein_1304
GCF_016757555.1;protein_1298,GCF_900478295.1;protein_1507,GCF_021729605.1;protein_1301,GCF_017821635.1;protein_1318,GCF_016755675.1;protein_1305
GCF_016757555.1;protein_1299,GCF_900478295.1;protein_1508,GCF_021729605.1;protein_1302,GCF_017821635.1;protein_1319,GCF_016755675.1;protein_1306
GCF_016757555.1;protein_13,GCF_900478295.1;protein_200,GCF_021729605.1;protein_13,GCF_017821635.1;protein_13,GCF_016755675.1;protein_12
GCF_016757555.1;protein_130,GCF_900478295.1;protein_321,GCF_021729605.1;protein_126,GCF_017821635.1;protein_132,GCF_016755675.1;protein_129
GCF_016757555.1;protein_1300,GCF_900478295.1;protein_1509,GCF_021729605.1;protein_1303,GCF_017821635.1;protein_1320,GCF_016755675.1;protein_1307
GCF_016757555.1;protein_1301,GCF_900478295.1;protein_1510,GCF_021729605.1;protein_1304,GCF_017821635.1;protein_1321,GCF_016755675.1;protein_1308
GCF_016757555.1;protein_1302,GCF_900478295.1;protein_1511,GCF_021729605.1;protein_1305,GCF_017821635.1;protein_1322,GCF_016755675.1;protein_1309
GCF_016757555.1;protein_1303,GCF_900478295.1;protein_1512,GCF_021729605.1;protein_1306,GCF_017821635.1;protein_1323,GCF_016755675.1;protein_1310
GCF_016757555.1;protein_1304,GCF_900478295.1;protein_1513,GCF_021729605.1;protein_1307,GCF_017821635.1;protein_1324,GCF_016755675.1;protein_1311
GCF_016757555.1;protein_1305,GCF_900478295.1;protein_1514,GCF_021729605.1;protein_1308,GCF_017821635.1;protein_1325,GCF_016755675.1;protein_1312
GCF_016757555.1;protein_1306,GCF_900478295.1;protein_1515,GCF_021729605.1;protein_1309,GCF_017821635.1;protein_1326,GCF_016755675.1;protein_1313
GCF_016757555.1;protein_1307,GCF_900478295.1;protein_1516,GCF_021729605.1;protein_1310,GCF_017821635.1;protein_1327,GCF_016755675.1;protein_1314
GCF_016757555.1;protein_131,GCF_900478295.1;protein_322,GCF_021729605.1;protein_127,GCF_017821635.1;protein_133,GCF_016755675.1;protein_130
GCF_016757555.1;protein_1312,GCF_900478295.1;protein_1519,GCF_021729605.1;protein_770,GCF_017821635.1;protein_1492,GCF_016755675.1;protein_1322
GCF_016757555.1;protein_1313,GCF_900478295.1;protein_1520,GCF_021729605.1;protein_1315,GCF_017821635.1;protein_1491,GCF_016755675.1;protein_1323
GCF_016757555.1;protein_1314,GCF_900478295.1;protein_1521,GCF_021729605.1;protein_1316,GCF_017821635.1;protein_1490,GCF_016755675.1;protein_1324
GCF_016757555.1;protein_1315,GCF_900478295.1;protein_1522,GCF_021729605.1;protein_1317,GCF_017821635.1;protein_1489,GCF_016755675.1;protein_1325
GCF_016757555.1;protein_1316,GCF_900478295.1;protein_1523,GCF_021729605.1;protein_1318,GCF_017821635.1;protein_1488,GCF_016755675.1;protein_1326
GCF_016757555.1;protein_1317,GCF_900478295.1;protein_1524,GCF_021729605.1;protein_1319,GCF_017821635.1;protein_1487,GCF_016755675.1;protein_1327
GCF_016757555.1;protein_1318,GCF_900478295.1;protein_1525,GCF_021729605.1;protein_1320,GCF_017821635.1;protein_1486,GCF_016755675.1;protein_1328
GCF_016757555.1;protein_1319,GCF_900478295.1;protein_1526,GCF_021729605.1;protein_1321,GCF_017821635.1;protein_1485,GCF_016755675.1;protein_1329
GCF_016757555.1;protein_132,GCF_900478295.1;protein_323,GCF_021729605.1;protein_128,GCF_017821635.1;protein_134,GCF_016755675.1;protein_131
GCF_016757555.1;protein_1321,GCF_900478295.1;protein_1527,GCF_021729605.1;protein_1323,GCF_017821635.1;protein_1483,GCF_016755675.1;protein_1330
GCF_016757555.1;protein_1322,GCF_900478295.1;protein_1528,GCF_021729605.1;protein_1324,GCF_017821635.1;protein_1482,GCF_016755675.1;protein_1331
GCF_016757555.1;protein_1323,GCF_900478295.1;protein_1529,GCF_021729605.1;protein_1325,GCF_017821635.1;protein_1481,GCF_016755675.1;protein_1332
GCF_016757555.1;protein_1324,GCF_900478295.1;protein_1530,GCF_021729605.1;protein_1326,GCF_017821635.1;protein_1480,GCF_016755675.1;protein_1333
GCF_016757555.1;protein_1326,GCF_900478295.1;protein_1534,GCF_021729605.1;protein_1328,GCF_017821635.1;protein_1478,GCF_016755675.1;protein_1335
GCF_016757555.1;protein_1327,GCF_900478295.1;protein_1535,GCF_021729605.1;protein_1329,GCF_017821635.1;protein_1477,GCF_016755675.1;protein_1337
GCF_016757555.1;protein_1328,GCF_900478295.1;protein_1536,GCF_021729605.1;protein_1330,GCF_017821635.1;protein_1476,GCF_016755675.1;protein_1338
GCF_016757555.1;protein_133,GCF_900478295.1;protein_324,GCF_021729605.1;protein_129,GCF_017821635.1;protein_135,GCF_016755675.1;protein_132
GCF_016757555.1;protein_1331,GCF_900478295.1;protein_1538,GCF_021729605.1;protein_1335,GCF_017821635.1;protein_539,GCF_016755675.1;protein_1341
GCF_016757555.1;protein_1333,GCF_900478295.1;protein_1540,GCF_021729605.1;protein_1338,GCF_017821635.1;protein_1470,GCF_016755675.1;protein_1343
GCF_016757555.1;protein_1334,GCF_900478295.1;protein_1541,GCF_021729605.1;protein_1339,GCF_017821635.1;protein_1469,GCF_016755675.1;protein_1344
GCF_016757555.1;protein_1335,GCF_900478295.1;protein_1542,GCF_021729605.1;protein_1340,GCF_017821635.1;protein_1468,GCF_016755675.1;protein_1345
GCF_016757555.1;protein_1336,GCF_900478295.1;protein_1543,GCF_021729605.1;protein_1341,GCF_017821635.1;protein_1467,GCF_016755675.1;protein_1346
GCF_016757555.1;protein_1339,GCF_900478295.1;protein_1546,GCF_021729605.1;protein_1344,GCF_017821635.1;protein_1464,GCF_016755675.1;protein_1349
GCF_016757555.1;protein_134,GCF_900478295.1;protein_325,GCF_021729605.1;protein_130,GCF_017821635.1;protein_136,GCF_016755675.1;protein_133
GCF_016757555.1;protein_1340,GCF_900478295.1;protein_1547,GCF_021729605.1;protein_1345,GCF_017821635.1;protein_1463,GCF_016755675.1;protein_1350
GCF_016757555.1;protein_1341,GCF_900478295.1;protein_1548,GCF_021729605.1;protein_1346,GCF_017821635.1;protein_1462,GCF_016755675.1;protein_1351
GCF_016757555.1;protein_1342,GCF_900478295.1;protein_1549,GCF_021729605.1;protein_1347,GCF_017821635.1;protein_1461,GCF_016755675.1;protein_1352
GCF_016757555.1;protein_1343,GCF_900478295.1;protein_1550,GCF_021729605.1;protein_1348,GCF_017821635.1;protein_1460,GCF_016755675.1;protein_1353
GCF_016757555.1;protein_1344,GCF_900478295.1;protein_1551,GCF_021729605.1;protein_1349,GCF_017821635.1;protein_1459,GCF_016755675.1;protein_1354
GCF_016757555.1;protein_1345,GCF_900478295.1;protein_1552,GCF_021729605.1;protein_1350,GCF_017821635.1;protein_1458,GCF_016755675.1;protein_1355
GCF_016757555.1;protein_1348,GCF_900478295.1;protein_1556,GCF_021729605.1;protein_1352,GCF_017821635.1;protein_1451,GCF_016755675.1;protein_1358
GCF_016757555.1;protein_1349,GCF_900478295.1;protein_1557,GCF_021729605.1;protein_1353,GCF_017821635.1;protein_1452,GCF_016755675.1;protein_1359
GCF_016757555.1;protein_135,GCF_900478295.1;protein_326,GCF_021729605.1;protein_131,GCF_017821635.1;protein_137,GCF_016755675.1;protein_134
GCF_016757555.1;protein_1350,GCF_900478295.1;protein_1558,GCF_021729605.1;protein_1354,GCF_017821635.1;protein_1453,GCF_016755675.1;protein_1360
GCF_016757555.1;protein_1351,GCF_900478295.1;protein_1559,GCF_021729605.1;protein_1355,GCF_017821635.1;protein_1454,GCF_016755675.1;protein_1361
GCF_016757555.1;protein_1354,GCF_900478295.1;protein_1563,GCF_021729605.1;protein_1358,GCF_017821635.1;protein_1447,GCF_016755675.1;protein_1364
GCF_016757555.1;protein_1355,GCF_900478295.1;protein_1564,GCF_021729605.1;protein_1359,GCF_017821635.1;protein_1446,GCF_016755675.1;protein_1365
GCF_016757555.1;protein_1356,GCF_900478295.1;protein_1565,GCF_021729605.1;protein_1360,GCF_017821635.1;protein_1445,GCF_016755675.1;protein_1366
GCF_016757555.1;protein_136,GCF_900478295.1;protein_327,GCF_021729605.1;protein_132,GCF_017821635.1;protein_138,GCF_016755675.1;protein_135
GCF_016757555.1;protein_1362,GCF_900478295.1;protein_1569,GCF_021729605.1;protein_1364,GCF_017821635.1;protein_1441,GCF_016755675.1;protein_1371
GCF_016757555.1;protein_1363,GCF_900478295.1;protein_1570,GCF_021729605.1;protein_1365,GCF_017821635.1;protein_1440,GCF_016755675.1;protein_1372
GCF_016757555.1;protein_1364,GCF_900478295.1;protein_1571,GCF_021729605.1;protein_1366,GCF_017821635.1;protein_1439,GCF_016755675.1;protein_1373
GCF_016757555.1;protein_1365,GCF_900478295.1;protein_1572,GCF_021729605.1;protein_1367,GCF_017821635.1;protein_1438,GCF_016755675.1;protein_1374
GCF_016757555.1;protein_1366,GCF_900478295.1;protein_1573,GCF_021729605.1;protein_1368,GCF_017821635.1;protein_1437,GCF_016755675.1;protein_1375
GCF_016757555.1;protein_1367,GCF_900478295.1;protein_1574,GCF_021729605.1;protein_1369,GCF_017821635.1;protein_1436,GCF_016755675.1;protein_1376
GCF_016757555.1;protein_1368,GCF_900478295.1;protein_1575,GCF_021729605.1;protein_1370,GCF_017821635.1;protein_1435,GCF_016755675.1;protein_1377
GCF_016757555.1;protein_1369,GCF_900478295.1;protein_1576,GCF_021729605.1;protein_1371,GCF_017821635.1;protein_1434,GCF_016755675.1;protein_1378
GCF_016757555.1;protein_137,GCF_900478295.1;protein_328,GCF_021729605.1;protein_133,GCF_017821635.1;protein_139,GCF_016755675.1;protein_136
GCF_016757555.1;protein_1370,GCF_900478295.1;protein_1577,GCF_021729605.1;protein_1372,GCF_017821635.1;protein_1433,GCF_016755675.1;protein_1379
GCF_016757555.1;protein_1371,GCF_900478295.1;protein_1578,GCF_021729605.1;protein_1373,GCF_017821635.1;protein_1432,GCF_016755675.1;protein_1380
GCF_016757555.1;protein_1372,GCF_900478295.1;protein_1579,GCF_021729605.1;protein_1374,GCF_017821635.1;protein_1431,GCF_016755675.1;protein_1381
GCF_016757555.1;protein_1373,GCF_900478295.1;protein_1580,GCF_021729605.1;protein_1375,GCF_017821635.1;protein_1430,GCF_016755675.1;protein_1382
GCF_016757555.1;protein_1374,GCF_900478295.1;protein_1581,GCF_021729605.1;protein_1376,GCF_017821635.1;protein_1429,GCF_016755675.1;protein_1383
GCF_016757555.1;protein_1375,GCF_900478295.1;protein_1582,GCF_021729605.1;protein_1377,GCF_017821635.1;protein_1428,GCF_016755675.1;protein_1384
GCF_016757555.1;protein_1377,GCF_900478295.1;protein_74,GCF_021729605.1;protein_1379,GCF_017821635.1;protein_1426,GCF_016755675.1;protein_1386
GCF_016757555.1;protein_1379,GCF_900478295.1;protein_72,GCF_021729605.1;protein_1381,GCF_017821635.1;protein_1424,GCF_016755675.1;protein_1388
GCF_016757555.1;protein_138,GCF_900478295.1;protein_329,GCF_021729605.1;protein_134,GCF_017821635.1;protein_140,GCF_016755675.1;protein_137
GCF_016757555.1;protein_1380,GCF_900478295.1;protein_71,GCF_021729605.1;protein_1382,GCF_017821635.1;protein_1423,GCF_016755675.1;protein_1389
GCF_016757555.1;protein_1381,GCF_900478295.1;protein_70,GCF_021729605.1;protein_1383,GCF_017821635.1;protein_1422,GCF_016755675.1;protein_1390
GCF_016757555.1;protein_1382,GCF_900478295.1;protein_69,GCF_021729605.1;protein_1384,GCF_017821635.1;protein_1421,GCF_016755675.1;protein_1391
GCF_016757555.1;protein_1383,GCF_900478295.1;protein_68,GCF_021729605.1;protein_1385,GCF_017821635.1;protein_1420,GCF_016755675.1;protein_1392
GCF_016757555.1;protein_1384,GCF_900478295.1;protein_67,GCF_021729605.1;protein_1386,GCF_017821635.1;protein_1419,GCF_016755675.1;protein_1393
GCF_016757555.1;protein_1385,GCF_900478295.1;protein_66,GCF_021729605.1;protein_1387,GCF_017821635.1;protein_1418,GCF_016755675.1;protein_1399
GCF_016757555.1;protein_1386,GCF_900478295.1;protein_65,GCF_021729605.1;protein_1388,GCF_017821635.1;protein_1417,GCF_016755675.1;protein_1400
GCF_016757555.1;protein_1387,GCF_900478295.1;protein_64,GCF_021729605.1;protein_1389,GCF_017821635.1;protein_1416,GCF_016755675.1;protein_1401
GCF_016757555.1;protein_1388,GCF_900478295.1;protein_63,GCF_021729605.1;protein_1390,GCF_017821635.1;protein_1415,GCF_016755675.1;protein_1402
GCF_016757555.1;protein_1389,GCF_900478295.1;protein_62,GCF_021729605.1;protein_1391,GCF_017821635.1;protein_1414,GCF_016755675.1;protein_1403
GCF_016757555.1;protein_139,GCF_900478295.1;protein_330,GCF_021729605.1;protein_135,GCF_017821635.1;protein_141,GCF_016755675.1;protein_138
GCF_016757555.1;protein_1390,GCF_900478295.1;protein_61,GCF_021729605.1;protein_1392,GCF_017821635.1;protein_1413,GCF_016755675.1;protein_1404
GCF_016757555.1;protein_1391,GCF_900478295.1;protein_60,GCF_021729605.1;protein_1393,GCF_017821635.1;protein_1412,GCF_016755675.1;protein_1405
GCF_016757555.1;protein_1392,GCF_900478295.1;protein_59,GCF_021729605.1;protein_1394,GCF_017821635.1;protein_1411,GCF_016755675.1;protein_1406
GCF_016757555.1;protein_1393,GCF_900478295.1;protein_58,GCF_021729605.1;protein_1395,GCF_017821635.1;protein_1410,GCF_016755675.1;protein_1407
GCF_016757555.1;protein_1398,GCF_900478295.1;protein_55,GCF_021729605.1;protein_1398,GCF_017821635.1;protein_1407,GCF_016755675.1;protein_1411
GCF_016757555.1;protein_1399,GCF_900478295.1;protein_54,GCF_021729605.1;protein_1399,GCF_017821635.1;protein_1406,GCF_016755675.1;protein_1412
GCF_016757555.1;protein_14,GCF_900478295.1;protein_201,GCF_021729605.1;protein_14,GCF_017821635.1;protein_14,GCF_016755675.1;protein_13
GCF_016757555.1;protein_140,GCF_900478295.1;protein_331,GCF_021729605.1;protein_136,GCF_017821635.1;protein_142,GCF_016755675.1;protein_139
GCF_016757555.1;protein_1400,GCF_900478295.1;protein_53,GCF_021729605.1;protein_1400,GCF_017821635.1;protein_1405,GCF_016755675.1;protein_1413
GCF_016757555.1;protein_1401,GCF_900478295.1;protein_52,GCF_021729605.1;protein_1401,GCF_017821635.1;protein_1404,GCF_016755675.1;protein_1414
GCF_016757555.1;protein_1402,GCF_900478295.1;protein_51,GCF_021729605.1;protein_1402,GCF_017821635.1;protein_1403,GCF_016755675.1;protein_1415
GCF_016757555.1;protein_1403,GCF_900478295.1;protein_50,GCF_021729605.1;protein_1403,GCF_017821635.1;protein_1402,GCF_016755675.1;protein_1416
GCF_016757555.1;protein_1404,GCF_900478295.1;protein_49,GCF_021729605.1;protein_1404,GCF_017821635.1;protein_1401,GCF_016755675.1;protein_1417
GCF_016757555.1;protein_1405,GCF_900478295.1;protein_48,GCF_021729605.1;protein_1405,GCF_017821635.1;protein_1400,GCF_016755675.1;protein_1418
GCF_016757555.1;protein_1406,GCF_900478295.1;protein_47,GCF_021729605.1;protein_1406,GCF_017821635.1;protein_1399,GCF_016755675.1;protein_1419
GCF_016757555.1;protein_1407,GCF_900478295.1;protein_46,GCF_021729605.1;protein_1407,GCF_017821635.1;protein_1398,GCF_016755675.1;protein_1420
GCF_016757555.1;protein_1408,GCF_900478295.1;protein_45,GCF_021729605.1;protein_1408,GCF_017821635.1;protein_1397,GCF_016755675.1;protein_1421
GCF_016757555.1;protein_1409,GCF_900478295.1;protein_44,GCF_021729605.1;protein_1409,GCF_017821635.1;protein_1396,GCF_016755675.1;protein_1422
GCF_016757555.1;protein_141,GCF_900478295.1;protein_332,GCF_021729605.1;protein_137,GCF_017821635.1;protein_143,GCF_016755675.1;protein_140
GCF_016757555.1;protein_1410,GCF_900478295.1;protein_43,GCF_021729605.1;protein_1410,GCF_017821635.1;protein_1395,GCF_016755675.1;protein_1423
GCF_016757555.1;protein_1411,GCF_900478295.1;protein_42,GCF_021729605.1;protein_1411,GCF_017821635.1;protein_1394,GCF_016755675.1;protein_1424
GCF_016757555.1;protein_1412,GCF_900478295.1;protein_41,GCF_021729605.1;protein_1412,GCF_017821635.1;protein_1393,GCF_016755675.1;protein_1425
GCF_016757555.1;protein_1413,GCF_900478295.1;protein_40,GCF_021729605.1;protein_1413,GCF_017821635.1;protein_1392,GCF_016755675.1;protein_1426
GCF_016757555.1;protein_1414,GCF_900478295.1;protein_39,GCF_021729605.1;protein_1414,GCF_017821635.1;protein_1391,GCF_016755675.1;protein_1427
GCF_016757555.1;protein_1415,GCF_900478295.1;protein_38,GCF_021729605.1;protein_1415,GCF_017821635.1;protein_1390,GCF_016755675.1;protein_1428
GCF_016757555.1;protein_1416,GCF_900478295.1;protein_37,GCF_021729605.1;protein_1416,GCF_017821635.1;protein_1389,GCF_016755675.1;protein_1429
GCF_016757555.1;protein_1417,GCF_900478295.1;protein_36,GCF_021729605.1;protein_1417,GCF_017821635.1;protein_1388,GCF_016755675.1;protein_1430
GCF_016757555.1;protein_1418,GCF_900478295.1;protein_35,GCF_021729605.1;protein_1418,GCF_017821635.1;protein_1387,GCF_016755675.1;protein_1431
GCF_016757555.1;protein_1419,GCF_900478295.1;protein_34,GCF_021729605.1;protein_1419,GCF_017821635.1;protein_1386,GCF_016755675.1;protein_1432
GCF_016757555.1;protein_142,GCF_900478295.1;protein_333,GCF_021729605.1;protein_138,GCF_017821635.1;protein_144,GCF_016755675.1;protein_141
GCF_016757555.1;protein_1420,GCF_900478295.1;protein_33,GCF_021729605.1;protein_1420,GCF_017821635.1;protein_1385,GCF_016755675.1;protein_1433
GCF_016757555.1;protein_1421,GCF_900478295.1;protein_32,GCF_021729605.1;protein_1421,GCF_017821635.1;protein_1384,GCF_016755675.1;protein_1434
GCF_016757555.1;protein_1422,GCF_900478295.1;protein_31,GCF_021729605.1;protein_1422,GCF_017821635.1;protein_1383,GCF_016755675.1;protein_1435
GCF_016757555.1;protein_1423,GCF_900478295.1;protein_30,GCF_021729605.1;protein_1423,GCF_017821635.1;protein_1382,GCF_016755675.1;protein_1436
GCF_016757555.1;protein_1427,GCF_900478295.1;protein_25,GCF_021729605.1;protein_1427,GCF_017821635.1;protein_1379,GCF_016755675.1;protein_1439
GCF_016757555.1;protein_1428,GCF_900478295.1;protein_24,GCF_021729605.1;protein_1428,GCF_017821635.1;protein_1378,GCF_016755675.1;protein_1440
GCF_016757555.1;protein_1429,GCF_900478295.1;protein_23,GCF_021729605.1;protein_1429,GCF_017821635.1;protein_1377,GCF_016755675.1;protein_1441
GCF_016757555.1;protein_143,GCF_900478295.1;protein_334,GCF_021729605.1;protein_139,GCF_017821635.1;protein_145,GCF_016755675.1;protein_142
GCF_016757555.1;protein_1430,GCF_900478295.1;protein_22,GCF_021729605.1;protein_1430,GCF_017821635.1;protein_1376,GCF_016755675.1;protein_1442
GCF_016757555.1;protein_1431,GCF_900478295.1;protein_21,GCF_021729605.1;protein_1431,GCF_017821635.1;protein_1375,GCF_016755675.1;protein_1443
GCF_016757555.1;protein_1432,GCF_900478295.1;protein_20,GCF_021729605.1;protein_1432,GCF_017821635.1;protein_1374,GCF_016755675.1;protein_1444
GCF_016757555.1;protein_1433,GCF_900478295.1;protein_19,GCF_021729605.1;protein_1433,GCF_017821635.1;protein_1373,GCF_016755675.1;protein_1445
GCF_016757555.1;protein_1434,GCF_900478295.1;protein_18,GCF_021729605.1;protein_1434,GCF_017821635.1;protein_1372,GCF_016755675.1;protein_1446
GCF_016757555.1;protein_1435,GCF_900478295.1;protein_17,GCF_021729605.1;protein_1435,GCF_017821635.1;protein_1371,GCF_016755675.1;protein_1447
GCF_016757555.1;protein_1436,GCF_900478295.1;protein_16,GCF_021729605.1;protein_1436,GCF_017821635.1;protein_1370,GCF_016755675.1;protein_1448
GCF_016757555.1;protein_1437,GCF_900478295.1;protein_15,GCF_021729605.1;protein_1437,GCF_017821635.1;protein_1369,GCF_016755675.1;protein_1449
GCF_016757555.1;protein_1439,GCF_900478295.1;protein_13,GCF_021729605.1;protein_1439,GCF_017821635.1;protein_1367,GCF_016755675.1;protein_1451
GCF_016757555.1;protein_144,GCF_900478295.1;protein_335,GCF_021729605.1;protein_140,GCF_017821635.1;protein_146,GCF_016755675.1;protein_143
GCF_016757555.1;protein_1440,GCF_900478295.1;protein_12,GCF_021729605.1;protein_1440,GCF_017821635.1;protein_1366,GCF_016755675.1;protein_1452
GCF_016757555.1;protein_1447,GCF_900478295.1;protein_8,GCF_021729605.1;protein_1445,GCF_017821635.1;protein_1362,GCF_016755675.1;protein_1454
GCF_016757555.1;protein_1448,GCF_900478295.1;protein_7,GCF_021729605.1;protein_1446,GCF_017821635.1;protein_1361,GCF_016755675.1;protein_1455
GCF_016757555.1;protein_145,GCF_900478295.1;protein_336,GCF_021729605.1;protein_141,GCF_017821635.1;protein_147,GCF_016755675.1;protein_144
GCF_016757555.1;protein_1450,GCF_900478295.1;protein_5,GCF_021729605.1;protein_1448,GCF_017821635.1;protein_1359,GCF_016755675.1;protein_1457
GCF_016757555.1;protein_1451,GCF_900478295.1;protein_4,GCF_021729605.1;protein_1449,GCF_017821635.1;protein_1358,GCF_016755675.1;protein_1458
GCF_016757555.1;protein_1452,GCF_900478295.1;protein_3,GCF_021729605.1;protein_1450,GCF_017821635.1;protein_1357,GCF_016755675.1;protein_1459
GCF_016757555.1;protein_1453,GCF_900478295.1;protein_2,GCF_021729605.1;protein_1451,GCF_017821635.1;protein_1356,GCF_016755675.1;protein_1460
GCF_016757555.1;protein_1454,GCF_900478295.1;protein_1,GCF_021729605.1;protein_1452,GCF_017821635.1;protein_1355,GCF_016755675.1;protein_1461
GCF_016757555.1;protein_1455,GCF_900478295.1;protein_0,GCF_021729605.1;protein_1453,GCF_017821635.1;protein_1354,GCF_016755675.1;protein_1462
GCF_016757555.1;protein_1456,GCF_900478295.1;protein_1589,GCF_021729605.1;protein_1454,GCF_017821635.1;protein_1353,GCF_016755675.1;protein_1463
GCF_016757555.1;protein_1457,GCF_900478295.1;protein_1588,GCF_021729605.1;protein_1455,GCF_017821635.1;protein_1352,GCF_016755675.1;protein_1464
GCF_016757555.1;protein_1458,GCF_900478295.1;protein_1587,GCF_021729605.1;protein_1456,GCF_017821635.1;protein_1351,GCF_016755675.1;protein_1465
GCF_016757555.1;protein_1459,GCF_900478295.1;protein_1586,GCF_021729605.1;protein_1457,GCF_017821635.1;protein_1350,GCF_016755675.1;protein_1466
GCF_016757555.1;protein_146,GCF_900478295.1;protein_337,GCF_021729605.1;protein_142,GCF_017821635.1;protein_148,GCF_016755675.1;protein_145
GCF_016757555.1;protein_1462,GCF_900478295.1;protein_118,GCF_021729605.1;protein_1459,GCF_017821635.1;protein_1348,GCF_016755675.1;protein_1470
GCF_016757555.1;protein_1464,GCF_900478295.1;protein_120,GCF_021729605.1;protein_1495,GCF_017821635.1;protein_1346,GCF_016755675.1;protein_1472
GCF_016757555.1;protein_1465,GCF_900478295.1;protein_121,GCF_021729605.1;protein_1496,GCF_017821635.1;protein_1345,GCF_016755675.1;protein_1473
GCF_016757555.1;protein_1466,GCF_900478295.1;protein_122,GCF_021729605.1;protein_1497,GCF_017821635.1;protein_1344,GCF_016755675.1;protein_1474
GCF_016757555.1;protein_1468,GCF_900478295.1;protein_123,GCF_021729605.1;protein_1499,GCF_017821635.1;protein_1343,GCF_016755675.1;protein_1476
GCF_016757555.1;protein_147,GCF_900478295.1;protein_338,GCF_021729605.1;protein_143,GCF_017821635.1;protein_149,GCF_016755675.1;protein_146
GCF_016757555.1;protein_1474,GCF_900478295.1;protein_125,GCF_021729605.1;protein_1501,GCF_017821635.1;protein_1340,GCF_016755675.1;protein_1478
GCF_016757555.1;protein_1475,GCF_900478295.1;protein_126,GCF_021729605.1;protein_1502,GCF_017821635.1;protein_1339,GCF_016755675.1;protein_1479
GCF_016757555.1;protein_1476,GCF_900478295.1;protein_127,GCF_021729605.1;protein_1503,GCF_017821635.1;protein_1338,GCF_016755675.1;protein_1480
GCF_016757555.1;protein_1477,GCF_900478295.1;protein_128,GCF_021729605.1;protein_1504,GCF_017821635.1;protein_1337,GCF_016755675.1;protein_1481
GCF_016757555.1;protein_1478,GCF_900478295.1;protein_129,GCF_021729605.1;protein_1505,GCF_017821635.1;protein_1336,GCF_016755675.1;protein_1482
GCF_016757555.1;protein_148,GCF_900478295.1;protein_339,GCF_021729605.1;protein_144,GCF_017821635.1;protein_150,GCF_016755675.1;protein_147
GCF_016757555.1;protein_1481,GCF_900478295.1;protein_131,GCF_021729605.1;protein_1510,GCF_017821635.1;protein_1334,GCF_016755675.1;protein_1484
GCF_016757555.1;protein_1482,GCF_900478295.1;protein_132,GCF_021729605.1;protein_1511,GCF_017821635.1;protein_1333,GCF_016755675.1;protein_1485
GCF_016757555.1;protein_1483,GCF_900478295.1;protein_133,GCF_021729605.1;protein_1512,GCF_017821635.1;protein_1332,GCF_016755675.1;protein_1486
GCF_016757555.1;protein_1484,GCF_900478295.1;protein_134,GCF_021729605.1;protein_1513,GCF_017821635.1;protein_1331,GCF_016755675.1;protein_1487
GCF_016757555.1;protein_1487,GCF_900478295.1;protein_152,GCF_021729605.1;protein_1523,GCF_017821635.1;protein_1495,GCF_016755675.1;protein_1491
GCF_016757555.1;protein_1488,GCF_900478295.1;protein_151,GCF_021729605.1;protein_1524,GCF_017821635.1;protein_1496,GCF_016755675.1;protein_1492
GCF_016757555.1;protein_1489,GCF_900478295.1;protein_150,GCF_021729605.1;protein_1525,GCF_017821635.1;protein_1497,GCF_016755675.1;protein_1493
GCF_016757555.1;protein_149,GCF_900478295.1;protein_340,GCF_021729605.1;protein_145,GCF_017821635.1;protein_151,GCF_016755675.1;protein_148
GCF_016757555.1;protein_1490,GCF_900478295.1;protein_149,GCF_021729605.1;protein_1526,GCF_017821635.1;protein_1498,GCF_016755675.1;protein_1494
GCF_016757555.1;protein_1492,GCF_900478295.1;protein_147,GCF_021729605.1;protein_1528,GCF_017821635.1;protein_1500,GCF_016755675.1;protein_1496
GCF_016757555.1;protein_1493,GCF_900478295.1;protein_146,GCF_021729605.1;protein_1529,GCF_017821635.1;protein_1501,GCF_016755675.1;protein_1497
GCF_016757555.1;protein_1494,GCF_900478295.1;protein_145,GCF_021729605.1;protein_1530,GCF_017821635.1;protein_1502,GCF_016755675.1;protein_1498
GCF_016757555.1;protein_1495,GCF_900478295.1;protein_144,GCF_021729605.1;protein_1531,GCF_017821635.1;protein_1503,GCF_016755675.1;protein_1499
GCF_016757555.1;protein_1496,GCF_900478295.1;protein_143,GCF_021729605.1;protein_1532,GCF_017821635.1;protein_1504,GCF_016755675.1;protein_1500
GCF_016757555.1;protein_1497,GCF_900478295.1;protein_142,GCF_021729605.1;protein_1533,GCF_017821635.1;protein_1505,GCF_016755675.1;protein_1501
GCF_016757555.1;protein_1498,GCF_900478295.1;protein_141,GCF_021729605.1;protein_1534,GCF_017821635.1;protein_1506,GCF_016755675.1;protein_1502
GCF_016757555.1;protein_1499,GCF_900478295.1;protein_140,GCF_021729605.1;protein_1535,GCF_017821635.1;protein_1507,GCF_016755675.1;protein_1503
GCF_016757555.1;protein_15,GCF_900478295.1;protein_202,GCF_021729605.1;protein_15,GCF_017821635.1;protein_15,GCF_016755675.1;protein_14
GCF_016757555.1;protein_150,GCF_900478295.1;protein_341,GCF_021729605.1;protein_146,GCF_017821635.1;protein_152,GCF_016755675.1;protein_149
GCF_016757555.1;protein_1500,GCF_900478295.1;protein_139,GCF_021729605.1;protein_1536,GCF_017821635.1;protein_1508,GCF_016755675.1;protein_1504
GCF_016757555.1;protein_1501,GCF_900478295.1;protein_138,GCF_021729605.1;protein_1537,GCF_017821635.1;protein_1509,GCF_016755675.1;protein_1505
GCF_016757555.1;protein_1502,GCF_900478295.1;protein_137,GCF_021729605.1;protein_1538,GCF_017821635.1;protein_1510,GCF_016755675.1;protein_1506
GCF_016757555.1;protein_1503,GCF_900478295.1;protein_136,GCF_021729605.1;protein_1539,GCF_017821635.1;protein_1511,GCF_016755675.1;protein_1507
GCF_016757555.1;protein_1504,GCF_900478295.1;protein_135,GCF_021729605.1;protein_1540,GCF_017821635.1;protein_1512,GCF_016755675.1;protein_1508
GCF_016757555.1;protein_1507,GCF_900478295.1;protein_154,GCF_021729605.1;protein_1542,GCF_017821635.1;protein_1515,GCF_016755675.1;protein_1511
GCF_016757555.1;protein_1509,GCF_900478295.1;protein_156,GCF_021729605.1;protein_1544,GCF_017821635.1;protein_1517,GCF_016755675.1;protein_1513
GCF_016757555.1;protein_151,GCF_900478295.1;protein_343,GCF_021729605.1;protein_147,GCF_017821635.1;protein_153,GCF_016755675.1;protein_150
GCF_016757555.1;protein_1510,GCF_900478295.1;protein_157,GCF_021729605.1;protein_1545,GCF_017821635.1;protein_1518,GCF_016755675.1;protein_1514
GCF_016757555.1;protein_1511,GCF_900478295.1;protein_158,GCF_021729605.1;protein_1546,GCF_017821635.1;protein_1519,GCF_016755675.1;protein_1515
GCF_016757555.1;protein_1512,GCF_900478295.1;protein_159,GCF_021729605.1;protein_1547,GCF_017821635.1;protein_1520,GCF_016755675.1;protein_1516
GCF_016757555.1;protein_1515,GCF_900478295.1;protein_161,GCF_021729605.1;protein_1550,GCF_017821635.1;protein_1522,GCF_016755675.1;protein_1519
GCF_016757555.1;protein_1516,GCF_900478295.1;protein_162,GCF_021729605.1;protein_1551,GCF_017821635.1;protein_1523,GCF_016755675.1;protein_1520
GCF_016757555.1;protein_1517,GCF_900478295.1;protein_163,GCF_021729605.1;protein_1552,GCF_017821635.1;protein_1524,GCF_016755675.1;protein_1521
GCF_016757555.1;protein_1518,GCF_900478295.1;protein_164,GCF_021729605.1;protein_1553,GCF_017821635.1;protein_1525,GCF_016755675.1;protein_1522
GCF_016757555.1;protein_1519,GCF_900478295.1;protein_165,GCF_021729605.1;protein_1554,GCF_017821635.1;protein_1526,GCF_016755675.1;protein_1523
GCF_016757555.1;protein_152,GCF_900478295.1;protein_344,GCF_021729605.1;protein_148,GCF_017821635.1;protein_154,GCF_016755675.1;protein_151
GCF_016757555.1;protein_1520,GCF_900478295.1;protein_166,GCF_021729605.1;protein_1555,GCF_017821635.1;protein_1527,GCF_016755675.1;protein_1524
GCF_016757555.1;protein_1521,GCF_900478295.1;protein_167,GCF_021729605.1;protein_1556,GCF_017821635.1;protein_1528,GCF_016755675.1;protein_1525
GCF_016757555.1;protein_1522,GCF_900478295.1;protein_168,GCF_021729605.1;protein_1557,GCF_017821635.1;protein_1529,GCF_016755675.1;protein_1526
GCF_016757555.1;protein_1523,GCF_900478295.1;protein_169,GCF_021729605.1;protein_1558,GCF_017821635.1;protein_1530,GCF_016755675.1;protein_1527
GCF_016757555.1;protein_1524,GCF_900478295.1;protein_170,GCF_021729605.1;protein_1559,GCF_017821635.1;protein_1531,GCF_016755675.1;protein_1528
GCF_016757555.1;protein_1525,GCF_900478295.1;protein_171,GCF_021729605.1;protein_1560,GCF_017821635.1;protein_1532,GCF_016755675.1;protein_1529
GCF_016757555.1;protein_1526,GCF_900478295.1;protein_172,GCF_021729605.1;protein_1561,GCF_017821635.1;protein_1533,GCF_016755675.1;protein_1530
GCF_016757555.1;protein_1527,GCF_900478295.1;protein_173,GCF_021729605.1;protein_1562,GCF_017821635.1;protein_1534,GCF_016755675.1;protein_1531
GCF_016757555.1;protein_1528,GCF_900478295.1;protein_174,GCF_021729605.1;protein_1563,GCF_017821635.1;protein_1535,GCF_016755675.1;protein_1532
GCF_016757555.1;protein_1529,GCF_900478295.1;protein_175,GCF_021729605.1;protein_1564,GCF_017821635.1;protein_1536,GCF_016755675.1;protein_1533
GCF_016757555.1;protein_153,GCF_900478295.1;protein_345,GCF_021729605.1;protein_149,GCF_017821635.1;protein_155,GCF_016755675.1;protein_152
GCF_016757555.1;protein_1530,GCF_900478295.1;protein_176,GCF_021729605.1;protein_1565,GCF_017821635.1;protein_1537,GCF_016755675.1;protein_1534
GCF_016757555.1;protein_1531,GCF_900478295.1;protein_177,GCF_021729605.1;protein_1566,GCF_017821635.1;protein_1538,GCF_016755675.1;protein_1535
GCF_016757555.1;protein_1532,GCF_900478295.1;protein_178,GCF_021729605.1;protein_1567,GCF_017821635.1;protein_1539,GCF_016755675.1;protein_1536
GCF_016757555.1;protein_1533,GCF_900478295.1;protein_179,GCF_021729605.1;protein_1568,GCF_017821635.1;protein_1540,GCF_016755675.1;protein_1537
GCF_016757555.1;protein_1534,GCF_900478295.1;protein_180,GCF_021729605.1;protein_1569,GCF_017821635.1;protein_1541,GCF_016755675.1;protein_1538
GCF_016757555.1;protein_1535,GCF_900478295.1;protein_181,GCF_021729605.1;protein_1570,GCF_017821635.1;protein_1542,GCF_016755675.1;protein_1539
GCF_016757555.1;protein_1536,GCF_900478295.1;protein_182,GCF_021729605.1;protein_1571,GCF_017821635.1;protein_1543,GCF_016755675.1;protein_1540
GCF_016757555.1;protein_1539,GCF_900478295.1;protein_184,GCF_021729605.1;protein_1519,GCF_017821635.1;protein_1545,GCF_016755675.1;protein_1542
GCF_016757555.1;protein_154,GCF_900478295.1;protein_346,GCF_021729605.1;protein_150,GCF_017821635.1;protein_156,GCF_016755675.1;protein_153
GCF_016757555.1;protein_1540,GCF_900478295.1;protein_185,GCF_021729605.1;protein_1518,GCF_017821635.1;protein_1546,GCF_016755675.1;protein_1543
GCF_016757555.1;protein_155,GCF_900478295.1;protein_347,GCF_021729605.1;protein_151,GCF_017821635.1;protein_157,GCF_016755675.1;protein_154
GCF_016757555.1;protein_156,GCF_900478295.1;protein_348,GCF_021729605.1;protein_152,GCF_017821635.1;protein_158,GCF_016755675.1;protein_155
GCF_016757555.1;protein_157,GCF_900478295.1;protein_349,GCF_021729605.1;protein_153,GCF_017821635.1;protein_159,GCF_016755675.1;protein_156
GCF_016757555.1;protein_158,GCF_900478295.1;protein_350,GCF_021729605.1;protein_154,GCF_017821635.1;protein_160,GCF_016755675.1;protein_157
GCF_016757555.1;protein_159,GCF_900478295.1;protein_351,GCF_021729605.1;protein_155,GCF_017821635.1;protein_161,GCF_016755675.1;protein_158
GCF_016757555.1;protein_16,GCF_900478295.1;protein_203,GCF_021729605.1;protein_16,GCF_017821635.1;protein_16,GCF_016755675.1;protein_15
GCF_016757555.1;protein_160,GCF_900478295.1;protein_352,GCF_021729605.1;protein_156,GCF_017821635.1;protein_162,GCF_016755675.1;protein_159
GCF_016757555.1;protein_161,GCF_900478295.1;protein_353,GCF_021729605.1;protein_157,GCF_017821635.1;protein_163,GCF_016755675.1;protein_160
GCF_016757555.1;protein_162,GCF_900478295.1;protein_354,GCF_021729605.1;protein_158,GCF_017821635.1;protein_164,GCF_016755675.1;protein_161
GCF_016757555.1;protein_164,GCF_900478295.1;protein_356,GCF_021729605.1;protein_160,GCF_017821635.1;protein_166,GCF_016755675.1;protein_162
GCF_016757555.1;protein_165,GCF_900478295.1;protein_357,GCF_021729605.1;protein_161,GCF_017821635.1;protein_167,GCF_016755675.1;protein_163
GCF_016757555.1;protein_166,GCF_900478295.1;protein_358,GCF_021729605.1;protein_162,GCF_017821635.1;protein_168,GCF_016755675.1;protein_164
GCF_016757555.1;protein_17,GCF_900478295.1;protein_204,GCF_021729605.1;protein_17,GCF_017821635.1;protein_17,GCF_016755675.1;protein_16
GCF_016757555.1;protein_170,GCF_900478295.1;protein_363,GCF_021729605.1;protein_163,GCF_017821635.1;protein_174,GCF_016755675.1;protein_169
GCF_016757555.1;protein_171,GCF_900478295.1;protein_364,GCF_021729605.1;protein_164,GCF_017821635.1;protein_175,GCF_016755675.1;protein_170
GCF_016757555.1;protein_172,GCF_900478295.1;protein_365,GCF_021729605.1;protein_165,GCF_017821635.1;protein_176,GCF_016755675.1;protein_171
GCF_016757555.1;protein_173,GCF_900478295.1;protein_366,GCF_021729605.1;protein_166,GCF_017821635.1;protein_177,GCF_016755675.1;protein_172
GCF_016757555.1;protein_174,GCF_900478295.1;protein_367,GCF_021729605.1;protein_167,GCF_017821635.1;protein_178,GCF_016755675.1;protein_173
GCF_016757555.1;protein_175,GCF_900478295.1;protein_368,GCF_021729605.1;protein_168,GCF_017821635.1;protein_179,GCF_016755675.1;protein_174
GCF_016757555.1;protein_176,GCF_900478295.1;protein_369,GCF_021729605.1;protein_169,GCF_017821635.1;protein_180,GCF_016755675.1;protein_175
GCF_016757555.1;protein_177,GCF_900478295.1;protein_370,GCF_021729605.1;protein_170,GCF_017821635.1;protein_181,GCF_016755675.1;protein_176
GCF_016757555.1;protein_179,GCF_900478295.1;protein_399,GCF_021729605.1;protein_173,GCF_017821635.1;protein_182,GCF_016755675.1;protein_178
GCF_016757555.1;protein_18,GCF_900478295.1;protein_205,GCF_021729605.1;protein_18,GCF_017821635.1;protein_18,GCF_016755675.1;protein_17
GCF_016757555.1;protein_180,GCF_900478295.1;protein_400,GCF_021729605.1;protein_174,GCF_017821635.1;protein_183,GCF_016755675.1;protein_179
GCF_016757555.1;protein_181,GCF_900478295.1;protein_401,GCF_021729605.1;protein_175,GCF_017821635.1;protein_184,GCF_016755675.1;protein_180
GCF_016757555.1;protein_182,GCF_900478295.1;protein_402,GCF_021729605.1;protein_176,GCF_017821635.1;protein_185,GCF_016755675.1;protein_181
GCF_016757555.1;protein_183,GCF_900478295.1;protein_403,GCF_021729605.1;protein_177,GCF_017821635.1;protein_186,GCF_016755675.1;protein_182
GCF_016757555.1;protein_184,GCF_900478295.1;protein_404,GCF_021729605.1;protein_178,GCF_017821635.1;protein_187,GCF_016755675.1;protein_183
GCF_016757555.1;protein_185,GCF_900478295.1;protein_405,GCF_021729605.1;protein_179,GCF_017821635.1;protein_188,GCF_016755675.1;protein_184
GCF_016757555.1;protein_186,GCF_900478295.1;protein_406,GCF_021729605.1;protein_180,GCF_017821635.1;protein_189,GCF_016755675.1;protein_185
GCF_016757555.1;protein_187,GCF_900478295.1;protein_407,GCF_021729605.1;protein_206,GCF_017821635.1;protein_190,GCF_016755675.1;protein_186
GCF_016757555.1;protein_188,GCF_900478295.1;protein_408,GCF_021729605.1;protein_207,GCF_017821635.1;protein_191,GCF_016755675.1;protein_187
GCF_016757555.1;protein_189,GCF_900478295.1;protein_409,GCF_021729605.1;protein_208,GCF_017821635.1;protein_192,GCF_016755675.1;protein_188
GCF_016757555.1;protein_19,GCF_900478295.1;protein_206,GCF_021729605.1;protein_19,GCF_017821635.1;protein_19,GCF_016755675.1;protein_18
GCF_016757555.1;protein_190,GCF_900478295.1;protein_410,GCF_021729605.1;protein_209,GCF_017821635.1;protein_193,GCF_016755675.1;protein_189
GCF_016757555.1;protein_191,GCF_900478295.1;protein_411,GCF_021729605.1;protein_210,GCF_017821635.1;protein_194,GCF_016755675.1;protein_190
GCF_016757555.1;protein_192,GCF_900478295.1;protein_412,GCF_021729605.1;protein_211,GCF_017821635.1;protein_195,GCF_016755675.1;protein_191
GCF_016757555.1;protein_193,GCF_900478295.1;protein_413,GCF_021729605.1;protein_212,GCF_017821635.1;protein_196,GCF_016755675.1;protein_192
GCF_016757555.1;protein_194,GCF_900478295.1;protein_414,GCF_021729605.1;protein_215,GCF_017821635.1;protein_198,GCF_016755675.1;protein_193
GCF_016757555.1;protein_196,GCF_900478295.1;protein_416,GCF_021729605.1;protein_218,GCF_017821635.1;protein_200,GCF_016755675.1;protein_195
GCF_016757555.1;protein_197,GCF_900478295.1;protein_417,GCF_021729605.1;protein_219,GCF_017821635.1;protein_201,GCF_016755675.1;protein_196
GCF_016757555.1;protein_199,GCF_900478295.1;protein_419,GCF_021729605.1;protein_221,GCF_017821635.1;protein_202,GCF_016755675.1;protein_198
GCF_016757555.1;protein_2,GCF_900478295.1;protein_189,GCF_021729605.1;protein_2,GCF_017821635.1;protein_2,GCF_016755675.1;protein_2
GCF_016757555.1;protein_200,GCF_900478295.1;protein_420,GCF_021729605.1;protein_222,GCF_017821635.1;protein_203,GCF_016755675.1;protein_199
GCF_016757555.1;protein_202,GCF_900478295.1;protein_422,GCF_021729605.1;protein_223,GCF_017821635.1;protein_205,GCF_016755675.1;protein_201
GCF_016757555.1;protein_203,GCF_900478295.1;protein_423,GCF_021729605.1;protein_224,GCF_017821635.1;protein_206,GCF_016755675.1;protein_202
GCF_016757555.1;protein_204,GCF_900478295.1;protein_424,GCF_021729605.1;protein_225,GCF_017821635.1;protein_207,GCF_016755675.1;protein_203
GCF_016757555.1;protein_205,GCF_900478295.1;protein_425,GCF_021729605.1;protein_226,GCF_017821635.1;protein_208,GCF_016755675.1;protein_204
GCF_016757555.1;protein_206,GCF_900478295.1;protein_426,GCF_021729605.1;protein_227,GCF_017821635.1;protein_209,GCF_016755675.1;protein_205
GCF_016757555.1;protein_209,GCF_900478295.1;protein_429,GCF_021729605.1;protein_228,GCF_017821635.1;protein_212,GCF_016755675.1;protein_208
GCF_016757555.1;protein_210,GCF_900478295.1;protein_430,GCF_021729605.1;protein_229,GCF_017821635.1;protein_213,GCF_016755675.1;protein_209
GCF_016757555.1;protein_211,GCF_900478295.1;protein_431,GCF_021729605.1;protein_230,GCF_017821635.1;protein_214,GCF_016755675.1;protein_210
GCF_016757555.1;protein_212,GCF_900478295.1;protein_432,GCF_021729605.1;protein_231,GCF_017821635.1;protein_215,GCF_016755675.1;protein_211
GCF_016757555.1;protein_213,GCF_900478295.1;protein_433,GCF_021729605.1;protein_232,GCF_017821635.1;protein_216,GCF_016755675.1;protein_212
GCF_016757555.1;protein_214,GCF_900478295.1;protein_434,GCF_021729605.1;protein_233,GCF_017821635.1;protein_217,GCF_016755675.1;protein_213
GCF_016757555.1;protein_215,GCF_900478295.1;protein_435,GCF_021729605.1;protein_234,GCF_017821635.1;protein_218,GCF_016755675.1;protein_214
GCF_016757555.1;protein_217,GCF_900478295.1;protein_436,GCF_021729605.1;protein_235,GCF_017821635.1;protein_219,GCF_016755675.1;protein_216
GCF_016757555.1;protein_219,GCF_900478295.1;protein_1495,GCF_021729605.1;protein_237,GCF_017821635.1;protein_221,GCF_016755675.1;protein_218
GCF_016757555.1;protein_22,GCF_900478295.1;protein_208,GCF_021729605.1;protein_21,GCF_017821635.1;protein_21,GCF_016755675.1;protein_21
GCF_016757555.1;protein_220,GCF_900478295.1;protein_1494,GCF_021729605.1;protein_238,GCF_017821635.1;protein_222,GCF_016755675.1;protein_219
GCF_016757555.1;protein_221,GCF_900478295.1;protein_1493,GCF_021729605.1;protein_239,GCF_017821635.1;protein_223,GCF_016755675.1;protein_220
GCF_016757555.1;protein_222,GCF_900478295.1;protein_1492,GCF_021729605.1;protein_240,GCF_017821635.1;protein_224,GCF_016755675.1;protein_221
GCF_016757555.1;protein_223,GCF_900478295.1;protein_1491,GCF_021729605.1;protein_241,GCF_017821635.1;protein_225,GCF_016755675.1;protein_222
GCF_016757555.1;protein_224,GCF_900478295.1;protein_1490,GCF_021729605.1;protein_242,GCF_017821635.1;protein_226,GCF_016755675.1;protein_223
GCF_016757555.1;protein_225,GCF_900478295.1;protein_1489,GCF_021729605.1;protein_243,GCF_017821635.1;protein_227,GCF_016755675.1;protein_224
GCF_016757555.1;protein_226,GCF_900478295.1;protein_1488,GCF_021729605.1;protein_244,GCF_017821635.1;protein_228,GCF_016755675.1;protein_225
GCF_016757555.1;protein_227,GCF_900478295.1;protein_1487,GCF_021729605.1;protein_245,GCF_017821635.1;protein_229,GCF_016755675.1;protein_226
GCF_016757555.1;protein_228,GCF_900478295.1;protein_1486,GCF_021729605.1;protein_246,GCF_017821635.1;protein_230,GCF_016755675.1;protein_227
GCF_016757555.1;protein_229,GCF_900478295.1;protein_1485,GCF_021729605.1;protein_247,GCF_017821635.1;protein_231,GCF_016755675.1;protein_228
GCF_016757555.1;protein_23,GCF_900478295.1;protein_209,GCF_021729605.1;protein_22,GCF_017821635.1;protein_22,GCF_016755675.1;protein_22
GCF_016757555.1;protein_230,GCF_900478295.1;protein_1484,GCF_021729605.1;protein_248,GCF_017821635.1;protein_232,GCF_016755675.1;protein_229
GCF_016757555.1;protein_231,GCF_900478295.1;protein_1483,GCF_021729605.1;protein_249,GCF_017821635.1;protein_233,GCF_016755675.1;protein_230
GCF_016757555.1;protein_232,GCF_900478295.1;protein_1482,GCF_021729605.1;protein_250,GCF_017821635.1;protein_234,GCF_016755675.1;protein_231
GCF_016757555.1;protein_233,GCF_900478295.1;protein_1481,GCF_021729605.1;protein_251,GCF_017821635.1;protein_235,GCF_016755675.1;protein_232
GCF_016757555.1;protein_234,GCF_900478295.1;protein_1480,GCF_021729605.1;protein_252,GCF_017821635.1;protein_236,GCF_016755675.1;protein_233
GCF_016757555.1;protein_235,GCF_900478295.1;protein_1479,GCF_021729605.1;protein_253,GCF_017821635.1;protein_237,GCF_016755675.1;protein_234
GCF_016757555.1;protein_236,GCF_900478295.1;protein_1478,GCF_021729605.1;protein_254,GCF_017821635.1;protein_238,GCF_016755675.1;protein_235
GCF_016757555.1;protein_237,GCF_900478295.1;protein_1477,GCF_021729605.1;protein_255,GCF_017821635.1;protein_239,GCF_016755675.1;protein_236
GCF_016757555.1;protein_238,GCF_900478295.1;protein_1476,GCF_021729605.1;protein_256,GCF_017821635.1;protein_240,GCF_016755675.1;protein_237
GCF_016757555.1;protein_239,GCF_900478295.1;protein_1475,GCF_021729605.1;protein_257,GCF_017821635.1;protein_241,GCF_016755675.1;protein_238
GCF_016757555.1;protein_24,GCF_900478295.1;protein_210,GCF_021729605.1;protein_23,GCF_017821635.1;protein_23,GCF_016755675.1;protein_23
GCF_016757555.1;protein_240,GCF_900478295.1;protein_1474,GCF_021729605.1;protein_258,GCF_017821635.1;protein_242,GCF_016755675.1;protein_239
GCF_016757555.1;protein_241,GCF_900478295.1;protein_1473,GCF_021729605.1;protein_259,GCF_017821635.1;protein_243,GCF_016755675.1;protein_240
GCF_016757555.1;protein_242,GCF_900478295.1;protein_1472,GCF_021729605.1;protein_260,GCF_017821635.1;protein_244,GCF_016755675.1;protein_241
GCF_016757555.1;protein_243,GCF_900478295.1;protein_1471,GCF_021729605.1;protein_261,GCF_017821635.1;protein_245,GCF_016755675.1;protein_242
GCF_016757555.1;protein_244,GCF_900478295.1;protein_1470,GCF_021729605.1;protein_262,GCF_017821635.1;protein_246,GCF_016755675.1;protein_243
GCF_016757555.1;protein_245,GCF_900478295.1;protein_1469,GCF_021729605.1;protein_263,GCF_017821635.1;protein_247,GCF_016755675.1;protein_244
GCF_016757555.1;protein_246,GCF_900478295.1;protein_1468,GCF_021729605.1;protein_264,GCF_017821635.1;protein_248,GCF_016755675.1;protein_245
GCF_016757555.1;protein_247,GCF_900478295.1;protein_1467,GCF_021729605.1;protein_265,GCF_017821635.1;protein_249,GCF_016755675.1;protein_246
GCF_016757555.1;protein_248,GCF_900478295.1;protein_1466,GCF_021729605.1;protein_266,GCF_017821635.1;protein_250,GCF_016755675.1;protein_247
GCF_016757555.1;protein_249,GCF_900478295.1;protein_1465,GCF_021729605.1;protein_267,GCF_017821635.1;protein_251,GCF_016755675.1;protein_248
GCF_016757555.1;protein_25,GCF_900478295.1;protein_211,GCF_021729605.1;protein_24,GCF_017821635.1;protein_24,GCF_016755675.1;protein_24
GCF_016757555.1;protein_252,GCF_900478295.1;protein_1461,GCF_021729605.1;protein_270,GCF_017821635.1;protein_254,GCF_016755675.1;protein_249
GCF_016757555.1;protein_253,GCF_900478295.1;protein_1460,GCF_021729605.1;protein_271,GCF_017821635.1;protein_255,GCF_016755675.1;protein_250
GCF_016757555.1;protein_254,GCF_900478295.1;protein_1459,GCF_021729605.1;protein_272,GCF_017821635.1;protein_256,GCF_016755675.1;protein_251
GCF_016757555.1;protein_255,GCF_900478295.1;protein_1458,GCF_021729605.1;protein_273,GCF_017821635.1;protein_257,GCF_016755675.1;protein_252
GCF_016757555.1;protein_256,GCF_900478295.1;protein_1457,GCF_021729605.1;protein_274,GCF_017821635.1;protein_258,GCF_016755675.1;protein_253
GCF_016757555.1;protein_257,GCF_900478295.1;protein_1456,GCF_021729605.1;protein_275,GCF_017821635.1;protein_259,GCF_016755675.1;protein_254
GCF_016757555.1;protein_258,GCF_900478295.1;protein_1455,GCF_021729605.1;protein_276,GCF_017821635.1;protein_260,GCF_016755675.1;protein_255
GCF_016757555.1;protein_259,GCF_900478295.1;protein_1454,GCF_021729605.1;protein_277,GCF_017821635.1;protein_261,GCF_016755675.1;protein_256
GCF_016757555.1;protein_260,GCF_900478295.1;protein_1453,GCF_021729605.1;protein_278,GCF_017821635.1;protein_262,GCF_016755675.1;protein_257
GCF_016757555.1;protein_261,GCF_900478295.1;protein_1452,GCF_021729605.1;protein_279,GCF_017821635.1;protein_263,GCF_016755675.1;protein_258
GCF_016757555.1;protein_262,GCF_900478295.1;protein_1451,GCF_021729605.1;protein_280,GCF_017821635.1;protein_264,GCF_016755675.1;protein_259
GCF_016757555.1;protein_263,GCF_900478295.1;protein_1450,GCF_021729605.1;protein_281,GCF_017821635.1;protein_265,GCF_016755675.1;protein_260
GCF_016757555.1;protein_264,GCF_900478295.1;protein_1449,GCF_021729605.1;protein_282,GCF_017821635.1;protein_266,GCF_016755675.1;protein_261
GCF_016757555.1;protein_265,GCF_900478295.1;protein_1448,GCF_021729605.1;protein_283,GCF_017821635.1;protein_267,GCF_016755675.1;protein_262
GCF_016757555.1;protein_266,GCF_900478295.1;protein_1447,GCF_021729605.1;protein_284,GCF_017821635.1;protein_268,GCF_016755675.1;protein_263
GCF_016757555.1;protein_267,GCF_900478295.1;protein_1446,GCF_021729605.1;protein_285,GCF_017821635.1;protein_269,GCF_016755675.1;protein_264
GCF_016757555.1;protein_268,GCF_900478295.1;protein_1445,GCF_021729605.1;protein_286,GCF_017821635.1;protein_270,GCF_016755675.1;protein_265
GCF_016757555.1;protein_269,GCF_900478295.1;protein_1444,GCF_021729605.1;protein_287,GCF_017821635.1;protein_271,GCF_016755675.1;protein_266
GCF_016757555.1;protein_27,GCF_900478295.1;protein_213,GCF_021729605.1;protein_26,GCF_017821635.1;protein_26,GCF_016755675.1;protein_26
GCF_016757555.1;protein_270,GCF_900478295.1;protein_1443,GCF_021729605.1;protein_288,GCF_017821635.1;protein_272,GCF_016755675.1;protein_267
GCF_016757555.1;protein_271,GCF_900478295.1;protein_1442,GCF_021729605.1;protein_289,GCF_017821635.1;protein_273,GCF_016755675.1;protein_268
GCF_016757555.1;protein_272,GCF_900478295.1;protein_1441,GCF_021729605.1;protein_290,GCF_017821635.1;protein_274,GCF_016755675.1;protein_269
GCF_016757555.1;protein_273,GCF_900478295.1;protein_1440,GCF_021729605.1;protein_291,GCF_017821635.1;protein_275,GCF_016755675.1;protein_270
GCF_016757555.1;protein_274,GCF_900478295.1;protein_1439,GCF_021729605.1;protein_292,GCF_017821635.1;protein_276,GCF_016755675.1;protein_271
GCF_016757555.1;protein_275,GCF_900478295.1;protein_1438,GCF_021729605.1;protein_293,GCF_017821635.1;protein_277,GCF_016755675.1;protein_272
GCF_016757555.1;protein_276,GCF_900478295.1;protein_1437,GCF_021729605.1;protein_294,GCF_017821635.1;protein_278,GCF_016755675.1;protein_273
GCF_016757555.1;protein_277,GCF_900478295.1;protein_1436,GCF_021729605.1;protein_295,GCF_017821635.1;protein_279,GCF_016755675.1;protein_274
GCF_016757555.1;protein_278,GCF_900478295.1;protein_1435,GCF_021729605.1;protein_296,GCF_017821635.1;protein_280,GCF_016755675.1;protein_275
GCF_016757555.1;protein_279,GCF_900478295.1;protein_1434,GCF_021729605.1;protein_297,GCF_017821635.1;protein_281,GCF_016755675.1;protein_276
GCF_016757555.1;protein_280,GCF_900478295.1;protein_1433,GCF_021729605.1;protein_298,GCF_017821635.1;protein_282,GCF_016755675.1;protein_277
GCF_016757555.1;protein_281,GCF_900478295.1;protein_1432,GCF_021729605.1;protein_299,GCF_017821635.1;protein_283,GCF_016755675.1;protein_278
GCF_016757555.1;protein_282,GCF_900478295.1;protein_1431,GCF_021729605.1;protein_300,GCF_017821635.1;protein_284,GCF_016755675.1;protein_279
GCF_016757555.1;protein_283,GCF_900478295.1;protein_1430,GCF_021729605.1;protein_301,GCF_017821635.1;protein_285,GCF_016755675.1;protein_280
GCF_016757555.1;protein_284,GCF_900478295.1;protein_1429,GCF_021729605.1;protein_302,GCF_017821635.1;protein_286,GCF_016755675.1;protein_281
GCF_016757555.1;protein_285,GCF_900478295.1;protein_1428,GCF_021729605.1;protein_303,GCF_017821635.1;protein_287,GCF_016755675.1;protein_282
GCF_016757555.1;protein_286,GCF_900478295.1;protein_1427,GCF_021729605.1;protein_304,GCF_017821635.1;protein_288,GCF_016755675.1;protein_283
GCF_016757555.1;protein_287,GCF_900478295.1;protein_1426,GCF_021729605.1;protein_305,GCF_017821635.1;protein_289,GCF_016755675.1;protein_284
GCF_016757555.1;protein_288,GCF_900478295.1;protein_1425,GCF_021729605.1;protein_306,GCF_017821635.1;protein_290,GCF_016755675.1;protein_285
GCF_016757555.1;protein_289,GCF_900478295.1;protein_1424,GCF_021729605.1;protein_307,GCF_017821635.1;protein_291,GCF_016755675.1;protein_286
GCF_016757555.1;protein_29,GCF_900478295.1;protein_215,GCF_021729605.1;protein_28,GCF_017821635.1;protein_28,GCF_016755675.1;protein_28
GCF_016757555.1;protein_290,GCF_900478295.1;protein_1423,GCF_021729605.1;protein_308,GCF_017821635.1;protein_292,GCF_016755675.1;protein_287
GCF_016757555.1;protein_291,GCF_900478295.1;protein_1422,GCF_021729605.1;protein_309,GCF_017821635.1;protein_293,GCF_016755675.1;protein_288
GCF_016757555.1;protein_292,GCF_900478295.1;protein_1421,GCF_021729605.1;protein_310,GCF_017821635.1;protein_294,GCF_016755675.1;protein_289
GCF_016757555.1;protein_293,GCF_900478295.1;protein_1420,GCF_021729605.1;protein_311,GCF_017821635.1;protein_295,GCF_016755675.1;protein_290
GCF_016757555.1;protein_294,GCF_900478295.1;protein_1419,GCF_021729605.1;protein_312,GCF_017821635.1;protein_296,GCF_016755675.1;protein_291
GCF_016757555.1;protein_295,GCF_900478295.1;protein_1418,GCF_021729605.1;protein_313,GCF_017821635.1;protein_297,GCF_016755675.1;protein_292
GCF_016757555.1;protein_296,GCF_900478295.1;protein_1417,GCF_021729605.1;protein_314,GCF_017821635.1;protein_298,GCF_016755675.1;protein_293
GCF_016757555.1;protein_297,GCF_900478295.1;protein_1416,GCF_021729605.1;protein_315,GCF_017821635.1;protein_299,GCF_016755675.1;protein_294
GCF_016757555.1;protein_298,GCF_900478295.1;protein_1415,GCF_021729605.1;protein_316,GCF_017821635.1;protein_300,GCF_016755675.1;protein_295
GCF_016757555.1;protein_299,GCF_900478295.1;protein_1414,GCF_021729605.1;protein_317,GCF_017821635.1;protein_301,GCF_016755675.1;protein_296
GCF_016757555.1;protein_3,GCF_900478295.1;protein_190,GCF_021729605.1;protein_3,GCF_017821635.1;protein_3,GCF_016755675.1;protein_3
GCF_016757555.1;protein_30,GCF_900478295.1;protein_216,GCF_021729605.1;protein_29,GCF_017821635.1;protein_29,GCF_016755675.1;protein_29
GCF_016757555.1;protein_300,GCF_900478295.1;protein_1413,GCF_021729605.1;protein_318,GCF_017821635.1;protein_302,GCF_016755675.1;protein_297
GCF_016757555.1;protein_303,GCF_900478295.1;protein_1410,GCF_021729605.1;protein_321,GCF_017821635.1;protein_305,GCF_016755675.1;protein_298
GCF_016757555.1;protein_304,GCF_900478295.1;protein_1409,GCF_021729605.1;protein_322,GCF_017821635.1;protein_306,GCF_016755675.1;protein_299
GCF_016757555.1;protein_305,GCF_900478295.1;protein_1408,GCF_021729605.1;protein_323,GCF_017821635.1;protein_307,GCF_016755675.1;protein_300
GCF_016757555.1;protein_306,GCF_900478295.1;protein_1404,GCF_021729605.1;protein_326,GCF_017821635.1;protein_310,GCF_016755675.1;protein_301
GCF_016757555.1;protein_307,GCF_900478295.1;protein_1403,GCF_021729605.1;protein_327,GCF_017821635.1;protein_311,GCF_016755675.1;protein_302
GCF_016757555.1;protein_308,GCF_900478295.1;protein_1402,GCF_021729605.1;protein_328,GCF_017821635.1;protein_312,GCF_016755675.1;protein_303
GCF_016757555.1;protein_309,GCF_900478295.1;protein_1401,GCF_021729605.1;protein_329,GCF_017821635.1;protein_313,GCF_016755675.1;protein_304
GCF_016757555.1;protein_31,GCF_900478295.1;protein_217,GCF_021729605.1;protein_30,GCF_017821635.1;protein_30,GCF_016755675.1;protein_30
GCF_016757555.1;protein_311,GCF_900478295.1;protein_1399,GCF_021729605.1;protein_331,GCF_017821635.1;protein_315,GCF_016755675.1;protein_306
GCF_016757555.1;protein_312,GCF_900478295.1;protein_1398,GCF_021729605.1;protein_332,GCF_017821635.1;protein_316,GCF_016755675.1;protein_307
GCF_016757555.1;protein_313,GCF_900478295.1;protein_1397,GCF_021729605.1;protein_333,GCF_017821635.1;protein_317,GCF_016755675.1;protein_308
GCF_016757555.1;protein_314,GCF_900478295.1;protein_1396,GCF_021729605.1;protein_334,GCF_017821635.1;protein_318,GCF_016755675.1;protein_309
GCF_016757555.1;protein_315,GCF_900478295.1;protein_1395,GCF_021729605.1;protein_335,GCF_017821635.1;protein_319,GCF_016755675.1;protein_310
GCF_016757555.1;protein_316,GCF_900478295.1;protein_1394,GCF_021729605.1;protein_336,GCF_017821635.1;protein_320,GCF_016755675.1;protein_311
GCF_016757555.1;protein_317,GCF_900478295.1;protein_1393,GCF_021729605.1;protein_337,GCF_017821635.1;protein_321,GCF_016755675.1;protein_312
GCF_016757555.1;protein_318,GCF_900478295.1;protein_1392,GCF_021729605.1;protein_338,GCF_017821635.1;protein_322,GCF_016755675.1;protein_313
GCF_016757555.1;protein_319,GCF_900478295.1;protein_1391,GCF_021729605.1;protein_339,GCF_017821635.1;protein_323,GCF_016755675.1;protein_314
GCF_016757555.1;protein_32,GCF_900478295.1;protein_218,GCF_021729605.1;protein_31,GCF_017821635.1;protein_31,GCF_016755675.1;protein_31
GCF_016757555.1;protein_320,GCF_900478295.1;protein_1390,GCF_021729605.1;protein_340,GCF_017821635.1;protein_324,GCF_016755675.1;protein_315
GCF_016757555.1;protein_321,GCF_900478295.1;protein_1389,GCF_021729605.1;protein_341,GCF_017821635.1;protein_325,GCF_016755675.1;protein_316
GCF_016757555.1;protein_322,GCF_900478295.1;protein_1388,GCF_021729605.1;protein_342,GCF_017821635.1;protein_326,GCF_016755675.1;protein_317
GCF_016757555.1;protein_323,GCF_900478295.1;protein_1387,GCF_021729605.1;protein_343,GCF_017821635.1;protein_327,GCF_016755675.1;protein_318
GCF_016757555.1;protein_326,GCF_900478295.1;protein_1384,GCF_021729605.1;protein_346,GCF_017821635.1;protein_330,GCF_016755675.1;protein_321
GCF_016757555.1;protein_33,GCF_900478295.1;protein_219,GCF_021729605.1;protein_32,GCF_017821635.1;protein_32,GCF_016755675.1;protein_32
GCF_016757555.1;protein_332,GCF_900478295.1;protein_1383,GCF_021729605.1;protein_347,GCF_017821635.1;protein_331,GCF_016755675.1;protein_327
GCF_016757555.1;protein_333,GCF_900478295.1;protein_1382,GCF_021729605.1;protein_348,GCF_017821635.1;protein_332,GCF_016755675.1;protein_328
GCF_016757555.1;protein_334,GCF_900478295.1;protein_1381,GCF_021729605.1;protein_349,GCF_017821635.1;protein_333,GCF_016755675.1;protein_329
GCF_016757555.1;protein_335,GCF_900478295.1;protein_1380,GCF_021729605.1;protein_350,GCF_017821635.1;protein_334,GCF_016755675.1;protein_330
GCF_016757555.1;protein_336,GCF_900478295.1;protein_1379,GCF_021729605.1;protein_351,GCF_017821635.1;protein_335,GCF_016755675.1;protein_331
GCF_016757555.1;protein_337,GCF_900478295.1;protein_1378,GCF_021729605.1;protein_352,GCF_017821635.1;protein_336,GCF_016755675.1;protein_332
GCF_016757555.1;protein_338,GCF_900478295.1;protein_1377,GCF_021729605.1;protein_353,GCF_017821635.1;protein_337,GCF_016755675.1;protein_333
GCF_016757555.1;protein_339,GCF_900478295.1;protein_1376,GCF_021729605.1;protein_354,GCF_017821635.1;protein_338,GCF_016755675.1;protein_334
GCF_016757555.1;protein_34,GCF_900478295.1;protein_220,GCF_021729605.1;protein_33,GCF_017821635.1;protein_33,GCF_016755675.1;protein_33
GCF_016757555.1;protein_340,GCF_900478295.1;protein_1375,GCF_021729605.1;protein_355,GCF_017821635.1;protein_339,GCF_016755675.1;protein_335
GCF_016757555.1;protein_344,GCF_900478295.1;protein_1371,GCF_021729605.1;protein_359,GCF_017821635.1;protein_343,GCF_016755675.1;protein_339
GCF_016757555.1;protein_345,GCF_900478295.1;protein_1370,GCF_021729605.1;protein_360,GCF_017821635.1;protein_344,GCF_016755675.1;protein_340
GCF_016757555.1;protein_346,GCF_900478295.1;protein_1369,GCF_021729605.1;protein_361,GCF_017821635.1;protein_345,GCF_016755675.1;protein_341
GCF_016757555.1;protein_347,GCF_900478295.1;protein_1368,GCF_021729605.1;protein_362,GCF_017821635.1;protein_346,GCF_016755675.1;protein_342
GCF_016757555.1;protein_348,GCF_900478295.1;protein_1367,GCF_021729605.1;protein_363,GCF_017821635.1;protein_347,GCF_016755675.1;protein_343
GCF_016757555.1;protein_349,GCF_900478295.1;protein_1366,GCF_021729605.1;protein_364,GCF_017821635.1;protein_348,GCF_016755675.1;protein_344
GCF_016757555.1;protein_35,GCF_900478295.1;protein_221,GCF_021729605.1;protein_34,GCF_017821635.1;protein_34,GCF_016755675.1;protein_34
GCF_016757555.1;protein_350,GCF_900478295.1;protein_1365,GCF_021729605.1;protein_365,GCF_017821635.1;protein_349,GCF_016755675.1;protein_345
GCF_016757555.1;protein_351,GCF_900478295.1;protein_1364,GCF_021729605.1;protein_366,GCF_017821635.1;protein_350,GCF_016755675.1;protein_346
GCF_016757555.1;protein_352,GCF_900478295.1;protein_1363,GCF_021729605.1;protein_367,GCF_017821635.1;protein_351,GCF_016755675.1;protein_347
GCF_016757555.1;protein_353,GCF_900478295.1;protein_1362,GCF_021729605.1;protein_368,GCF_017821635.1;protein_352,GCF_016755675.1;protein_348
GCF_016757555.1;protein_354,GCF_900478295.1;protein_1361,GCF_021729605.1;protein_369,GCF_017821635.1;protein_353,GCF_016755675.1;protein_349
GCF_016757555.1;protein_355,GCF_900478295.1;protein_1360,GCF_021729605.1;protein_370,GCF_017821635.1;protein_354,GCF_016755675.1;protein_350
GCF_016757555.1;protein_356,GCF_900478295.1;protein_1359,GCF_021729605.1;protein_371,GCF_017821635.1;protein_355,GCF_016755675.1;protein_351
GCF_016757555.1;protein_359,GCF_900478295.1;protein_1354,GCF_021729605.1;protein_374,GCF_017821635.1;protein_358,GCF_016755675.1;protein_354
GCF_016757555.1;protein_36,GCF_900478295.1;protein_222,GCF_021729605.1;protein_35,GCF_017821635.1;protein_35,GCF_016755675.1;protein_35
GCF_016757555.1;protein_360,GCF_900478295.1;protein_1353,GCF_021729605.1;protein_375,GCF_017821635.1;protein_359,GCF_016755675.1;protein_355
GCF_016757555.1;protein_361,GCF_900478295.1;protein_1352,GCF_021729605.1;protein_376,GCF_017821635.1;protein_360,GCF_016755675.1;protein_356
GCF_016757555.1;protein_363,GCF_900478295.1;protein_1350,GCF_021729605.1;protein_378,GCF_017821635.1;protein_362,GCF_016755675.1;protein_357
GCF_016757555.1;protein_364,GCF_900478295.1;protein_1349,GCF_021729605.1;protein_379,GCF_017821635.1;protein_363,GCF_016755675.1;protein_358
GCF_016757555.1;protein_365,GCF_900478295.1;protein_1348,GCF_021729605.1;protein_380,GCF_017821635.1;protein_364,GCF_016755675.1;protein_359
GCF_016757555.1;protein_366,GCF_900478295.1;protein_1347,GCF_021729605.1;protein_381,GCF_017821635.1;protein_365,GCF_016755675.1;protein_360
GCF_016757555.1;protein_367,GCF_900478295.1;protein_1346,GCF_021729605.1;protein_382,GCF_017821635.1;protein_366,GCF_016755675.1;protein_361
GCF_016757555.1;protein_368,GCF_900478295.1;protein_1345,GCF_021729605.1;protein_383,GCF_017821635.1;protein_367,GCF_016755675.1;protein_362
GCF_016757555.1;protein_369,GCF_900478295.1;protein_1344,GCF_021729605.1;protein_384,GCF_017821635.1;protein_368,GCF_016755675.1;protein_363
GCF_016757555.1;protein_37,GCF_900478295.1;protein_223,GCF_021729605.1;protein_36,GCF_017821635.1;protein_36,GCF_016755675.1;protein_36
GCF_016757555.1;protein_370,GCF_900478295.1;protein_1343,GCF_021729605.1;protein_385,GCF_017821635.1;protein_369,GCF_016755675.1;protein_364
GCF_016757555.1;protein_371,GCF_900478295.1;protein_1342,GCF_021729605.1;protein_386,GCF_017821635.1;protein_370,GCF_016755675.1;protein_365
GCF_016757555.1;protein_372,GCF_900478295.1;protein_1341,GCF_021729605.1;protein_387,GCF_017821635.1;protein_371,GCF_016755675.1;protein_366
GCF_016757555.1;protein_373,GCF_900478295.1;protein_1340,GCF_021729605.1;protein_388,GCF_017821635.1;protein_372,GCF_016755675.1;protein_367
GCF_016757555.1;protein_374,GCF_900478295.1;protein_1339,GCF_021729605.1;protein_389,GCF_017821635.1;protein_373,GCF_016755675.1;protein_368
GCF_016757555.1;protein_375,GCF_900478295.1;protein_1338,GCF_021729605.1;protein_390,GCF_017821635.1;protein_374,GCF_016755675.1;protein_369
GCF_016757555.1;protein_376,GCF_900478295.1;protein_1337,GCF_021729605.1;protein_391,GCF_017821635.1;protein_375,GCF_016755675.1;protein_370
GCF_016757555.1;protein_378,GCF_900478295.1;protein_1336,GCF_021729605.1;protein_392,GCF_017821635.1;protein_376,GCF_016755675.1;protein_371
GCF_016757555.1;protein_379,GCF_900478295.1;protein_1335,GCF_021729605.1;protein_393,GCF_017821635.1;protein_377,GCF_016755675.1;protein_372
GCF_016757555.1;protein_38,GCF_900478295.1;protein_224,GCF_021729605.1;protein_37,GCF_017821635.1;protein_37,GCF_016755675.1;protein_37
GCF_016757555.1;protein_380,GCF_900478295.1;protein_1334,GCF_021729605.1;protein_394,GCF_017821635.1;protein_378,GCF_016755675.1;protein_373
GCF_016757555.1;protein_381,GCF_900478295.1;protein_1333,GCF_021729605.1;protein_395,GCF_017821635.1;protein_379,GCF_016755675.1;protein_374
GCF_016757555.1;protein_382,GCF_900478295.1;protein_1332,GCF_021729605.1;protein_396,GCF_017821635.1;protein_380,GCF_016755675.1;protein_375
GCF_016757555.1;protein_383,GCF_900478295.1;protein_1331,GCF_021729605.1;protein_397,GCF_017821635.1;protein_381,GCF_016755675.1;protein_376
GCF_016757555.1;protein_384,GCF_900478295.1;protein_1330,GCF_021729605.1;protein_398,GCF_017821635.1;protein_382,GCF_016755675.1;protein_377
GCF_016757555.1;protein_385,GCF_900478295.1;protein_1329,GCF_021729605.1;protein_399,GCF_017821635.1;protein_383,GCF_016755675.1;protein_378
GCF_016757555.1;protein_386,GCF_900478295.1;protein_1328,GCF_021729605.1;protein_400,GCF_017821635.1;protein_384,GCF_016755675.1;protein_379
GCF_016757555.1;protein_387,GCF_900478295.1;protein_1327,GCF_021729605.1;protein_401,GCF_017821635.1;protein_385,GCF_016755675.1;protein_380
GCF_016757555.1;protein_388,GCF_900478295.1;protein_1326,GCF_021729605.1;protein_402,GCF_017821635.1;protein_386,GCF_016755675.1;protein_381
GCF_016757555.1;protein_389,GCF_900478295.1;protein_1325,GCF_021729605.1;protein_403,GCF_017821635.1;protein_387,GCF_016755675.1;protein_382
GCF_016757555.1;protein_39,GCF_900478295.1;protein_225,GCF_021729605.1;protein_38,GCF_017821635.1;protein_38,GCF_016755675.1;protein_38
GCF_016757555.1;protein_390,GCF_900478295.1;protein_1324,GCF_021729605.1;protein_404,GCF_017821635.1;protein_388,GCF_016755675.1;protein_383
GCF_016757555.1;protein_391,GCF_900478295.1;protein_1323,GCF_021729605.1;protein_405,GCF_017821635.1;protein_389,GCF_016755675.1;protein_384
GCF_016757555.1;protein_393,GCF_900478295.1;protein_1321,GCF_021729605.1;protein_407,GCF_017821635.1;protein_390,GCF_016755675.1;protein_386
GCF_016757555.1;protein_394,GCF_900478295.1;protein_1320,GCF_021729605.1;protein_408,GCF_017821635.1;protein_391,GCF_016755675.1;protein_387
GCF_016757555.1;protein_395,GCF_900478295.1;protein_1319,GCF_021729605.1;protein_409,GCF_017821635.1;protein_393,GCF_016755675.1;protein_388
GCF_016757555.1;protein_396,GCF_900478295.1;protein_1318,GCF_021729605.1;protein_410,GCF_017821635.1;protein_394,GCF_016755675.1;protein_389
GCF_016757555.1;protein_397,GCF_900478295.1;protein_1317,GCF_021729605.1;protein_411,GCF_017821635.1;protein_395,GCF_016755675.1;protein_390
GCF_016757555.1;protein_398,GCF_900478295.1;protein_1316,GCF_021729605.1;protein_412,GCF_017821635.1;protein_396,GCF_016755675.1;protein_391
GCF_016757555.1;protein_399,GCF_900478295.1;protein_1315,GCF_021729605.1;protein_413,GCF_017821635.1;protein_397,GCF_016755675.1;protein_392
GCF_016757555.1;protein_4,GCF_900478295.1;protein_191,GCF_021729605.1;protein_4,GCF_017821635.1;protein_4,GCF_016755675.1;protein_4
GCF_016757555.1;protein_40,GCF_900478295.1;protein_226,GCF_021729605.1;protein_39,GCF_017821635.1;protein_39,GCF_016755675.1;protein_39
GCF_016757555.1;protein_400,GCF_900478295.1;protein_1314,GCF_021729605.1;protein_414,GCF_017821635.1;protein_398,GCF_016755675.1;protein_393
GCF_016757555.1;protein_401,GCF_900478295.1;protein_1313,GCF_021729605.1;protein_415,GCF_017821635.1;protein_399,GCF_016755675.1;protein_394
GCF_016757555.1;protein_402,GCF_900478295.1;protein_1312,GCF_021729605.1;protein_416,GCF_017821635.1;protein_400,GCF_016755675.1;protein_395
GCF_016757555.1;protein_403,GCF_900478295.1;protein_1311,GCF_021729605.1;protein_417,GCF_017821635.1;protein_401,GCF_016755675.1;protein_396
GCF_016757555.1;protein_404,GCF_900478295.1;protein_1310,GCF_021729605.1;protein_418,GCF_017821635.1;protein_402,GCF_016755675.1;protein_397
GCF_016757555.1;protein_405,GCF_900478295.1;protein_1309,GCF_021729605.1;protein_419,GCF_017821635.1;protein_403,GCF_016755675.1;protein_398
GCF_016757555.1;protein_406,GCF_900478295.1;protein_1308,GCF_021729605.1;protein_420,GCF_017821635.1;protein_404,GCF_016755675.1;protein_399
GCF_016757555.1;protein_407,GCF_900478295.1;protein_1307,GCF_021729605.1;protein_421,GCF_017821635.1;protein_405,GCF_016755675.1;protein_400
GCF_016757555.1;protein_408,GCF_900478295.1;protein_1306,GCF_021729605.1;protein_422,GCF_017821635.1;protein_406,GCF_016755675.1;protein_401
GCF_016757555.1;protein_409,GCF_900478295.1;protein_1305,GCF_021729605.1;protein_423,GCF_017821635.1;protein_407,GCF_016755675.1;protein_402
GCF_016757555.1;protein_41,GCF_900478295.1;protein_228,GCF_021729605.1;protein_40,GCF_017821635.1;protein_42,GCF_016755675.1;protein_40
GCF_016757555.1;protein_410,GCF_900478295.1;protein_1304,GCF_021729605.1;protein_424,GCF_017821635.1;protein_408,GCF_016755675.1;protein_403
GCF_016757555.1;protein_411,GCF_900478295.1;protein_1303,GCF_021729605.1;protein_425,GCF_017821635.1;protein_409,GCF_016755675.1;protein_404
GCF_016757555.1;protein_412,GCF_900478295.1;protein_1302,GCF_021729605.1;protein_426,GCF_017821635.1;protein_410,GCF_016755675.1;protein_405
GCF_016757555.1;protein_413,GCF_900478295.1;protein_1301,GCF_021729605.1;protein_427,GCF_017821635.1;protein_411,GCF_016755675.1;protein_406
GCF_016757555.1;protein_414,GCF_900478295.1;protein_1300,GCF_021729605.1;protein_428,GCF_017821635.1;protein_412,GCF_016755675.1;protein_407
GCF_016757555.1;protein_415,GCF_900478295.1;protein_1299,GCF_021729605.1;protein_429,GCF_017821635.1;protein_413,GCF_016755675.1;protein_408
GCF_016757555.1;protein_416,GCF_900478295.1;protein_1298,GCF_021729605.1;protein_430,GCF_017821635.1;protein_414,GCF_016755675.1;protein_963
GCF_016757555.1;protein_417,GCF_900478295.1;protein_1297,GCF_021729605.1;protein_431,GCF_017821635.1;protein_415,GCF_016755675.1;protein_962
GCF_016757555.1;protein_418,GCF_900478295.1;protein_1296,GCF_021729605.1;protein_432,GCF_017821635.1;protein_416,GCF_016755675.1;protein_961
GCF_016757555.1;protein_419,GCF_900478295.1;protein_1295,GCF_021729605.1;protein_433,GCF_017821635.1;protein_417,GCF_016755675.1;protein_960
GCF_016757555.1;protein_42,GCF_900478295.1;protein_229,GCF_021729605.1;protein_41,GCF_017821635.1;protein_43,GCF_016755675.1;protein_41
GCF_016757555.1;protein_420,GCF_900478295.1;protein_1294,GCF_021729605.1;protein_434,GCF_017821635.1;protein_418,GCF_016755675.1;protein_959
GCF_016757555.1;protein_421,GCF_900478295.1;protein_1293,GCF_021729605.1;protein_435,GCF_017821635.1;protein_419,GCF_016755675.1;protein_958
GCF_016757555.1;protein_422,GCF_900478295.1;protein_1292,GCF_021729605.1;protein_436,GCF_017821635.1;protein_420,GCF_016755675.1;protein_957
GCF_016757555.1;protein_423,GCF_900478295.1;protein_1291,GCF_021729605.1;protein_437,GCF_017821635.1;protein_421,GCF_016755675.1;protein_956
GCF_016757555.1;protein_424,GCF_900478295.1;protein_1290,GCF_021729605.1;protein_438,GCF_017821635.1;protein_422,GCF_016755675.1;protein_955
GCF_016757555.1;protein_425,GCF_900478295.1;protein_1289,GCF_021729605.1;protein_439,GCF_017821635.1;protein_423,GCF_016755675.1;protein_954
GCF_016757555.1;protein_426,GCF_900478295.1;protein_1288,GCF_021729605.1;protein_440,GCF_017821635.1;protein_424,GCF_016755675.1;protein_953
GCF_016757555.1;protein_428,GCF_900478295.1;protein_1286,GCF_021729605.1;protein_481,GCF_017821635.1;protein_426,GCF_016755675.1;protein_951
GCF_016757555.1;protein_43,GCF_900478295.1;protein_230,GCF_021729605.1;protein_42,GCF_017821635.1;protein_44,GCF_016755675.1;protein_42
GCF_016757555.1;protein_430,GCF_900478295.1;protein_1282,GCF_021729605.1;protein_483,GCF_017821635.1;protein_429,GCF_016755675.1;protein_947
GCF_016757555.1;protein_431,GCF_900478295.1;protein_1281,GCF_021729605.1;protein_484,GCF_017821635.1;protein_430,GCF_016755675.1;protein_946
GCF_016757555.1;protein_432,GCF_900478295.1;protein_1280,GCF_021729605.1;protein_485,GCF_017821635.1;protein_431,GCF_016755675.1;protein_945
GCF_016757555.1;protein_433,GCF_900478295.1;protein_1279,GCF_021729605.1;protein_486,GCF_017821635.1;protein_432,GCF_016755675.1;protein_944
GCF_016757555.1;protein_434,GCF_900478295.1;protein_1278,GCF_021729605.1;protein_487,GCF_017821635.1;protein_433,GCF_016755675.1;protein_943
GCF_016757555.1;protein_435,GCF_900478295.1;protein_1277,GCF_021729605.1;protein_488,GCF_017821635.1;protein_434,GCF_016755675.1;protein_942
GCF_016757555.1;protein_436,GCF_900478295.1;protein_1276,GCF_021729605.1;protein_489,GCF_017821635.1;protein_435,GCF_016755675.1;protein_941
GCF_016757555.1;protein_437,GCF_900478295.1;protein_1275,GCF_021729605.1;protein_490,GCF_017821635.1;protein_436,GCF_016755675.1;protein_940
GCF_016757555.1;protein_438,GCF_900478295.1;protein_1274,GCF_021729605.1;protein_491,GCF_017821635.1;protein_437,GCF_016755675.1;protein_939
GCF_016757555.1;protein_44,GCF_900478295.1;protein_231,GCF_021729605.1;protein_43,GCF_017821635.1;protein_45,GCF_016755675.1;protein_43
GCF_016757555.1;protein_440,GCF_900478295.1;protein_1272,GCF_021729605.1;protein_493,GCF_017821635.1;protein_439,GCF_016755675.1;protein_937
GCF_016757555.1;protein_441,GCF_900478295.1;protein_1271,GCF_021729605.1;protein_494,GCF_017821635.1;protein_440,GCF_016755675.1;protein_936
GCF_016757555.1;protein_442,GCF_900478295.1;protein_1270,GCF_021729605.1;protein_495,GCF_017821635.1;protein_441,GCF_016755675.1;protein_935
GCF_016757555.1;protein_443,GCF_900478295.1;protein_1269,GCF_021729605.1;protein_496,GCF_017821635.1;protein_442,GCF_016755675.1;protein_934
GCF_016757555.1;protein_445,GCF_900478295.1;protein_1267,GCF_021729605.1;protein_498,GCF_017821635.1;protein_444,GCF_016755675.1;protein_932
GCF_016757555.1;protein_446,GCF_900478295.1;protein_1266,GCF_021729605.1;protein_499,GCF_017821635.1;protein_445,GCF_016755675.1;protein_931
GCF_016757555.1;protein_447,GCF_900478295.1;protein_1265,GCF_021729605.1;protein_500,GCF_017821635.1;protein_446,GCF_016755675.1;protein_930
GCF_016757555.1;protein_448,GCF_900478295.1;protein_1264,GCF_021729605.1;protein_501,GCF_017821635.1;protein_447,GCF_016755675.1;protein_929
GCF_016757555.1;protein_449,GCF_900478295.1;protein_1263,GCF_021729605.1;protein_502,GCF_017821635.1;protein_448,GCF_016755675.1;protein_928
GCF_016757555.1;protein_452,GCF_900478295.1;protein_1260,GCF_021729605.1;protein_505,GCF_017821635.1;protein_452,GCF_016755675.1;protein_926
GCF_016757555.1;protein_453,GCF_900478295.1;protein_1259,GCF_021729605.1;protein_506,GCF_017821635.1;protein_453,GCF_016755675.1;protein_925
GCF_016757555.1;protein_454,GCF_900478295.1;protein_1258,GCF_021729605.1;protein_507,GCF_017821635.1;protein_454,GCF_016755675.1;protein_924
GCF_016757555.1;protein_457,GCF_900478295.1;protein_1058,GCF_021729605.1;protein_833,GCF_017821635.1;protein_660,GCF_016755675.1;protein_553
GCF_016757555.1;protein_458,GCF_900478295.1;protein_1057,GCF_021729605.1;protein_832,GCF_017821635.1;protein_661,GCF_016755675.1;protein_554
GCF_016757555.1;protein_459,GCF_900478295.1;protein_1056,GCF_021729605.1;protein_831,GCF_017821635.1;protein_662,GCF_016755675.1;protein_555
GCF_016757555.1;protein_460,GCF_900478295.1;protein_1055,GCF_021729605.1;protein_830,GCF_017821635.1;protein_663,GCF_016755675.1;protein_556
GCF_016757555.1;protein_461,GCF_900478295.1;protein_1054,GCF_021729605.1;protein_829,GCF_017821635.1;protein_664,GCF_016755675.1;protein_557
GCF_016757555.1;protein_462,GCF_900478295.1;protein_1053,GCF_021729605.1;protein_828,GCF_017821635.1;protein_665,GCF_016755675.1;protein_558
GCF_016757555.1;protein_463,GCF_900478295.1;protein_1052,GCF_021729605.1;protein_827,GCF_017821635.1;protein_666,GCF_016755675.1;protein_559
GCF_016757555.1;protein_464,GCF_900478295.1;protein_1051,GCF_021729605.1;protein_826,GCF_017821635.1;protein_667,GCF_016755675.1;protein_560
GCF_016757555.1;protein_465,GCF_900478295.1;protein_1050,GCF_021729605.1;protein_825,GCF_017821635.1;protein_668,GCF_016755675.1;protein_561
GCF_016757555.1;protein_466,GCF_900478295.1;protein_1049,GCF_021729605.1;protein_824,GCF_017821635.1;protein_669,GCF_016755675.1;protein_562
GCF_016757555.1;protein_467,GCF_900478295.1;protein_1048,GCF_021729605.1;protein_823,GCF_017821635.1;protein_670,GCF_016755675.1;protein_563
GCF_016757555.1;protein_468,GCF_900478295.1;protein_1047,GCF_021729605.1;protein_822,GCF_017821635.1;protein_671,GCF_016755675.1;protein_564
GCF_016757555.1;protein_469,GCF_900478295.1;protein_1046,GCF_021729605.1;protein_821,GCF_017821635.1;protein_672,GCF_016755675.1;protein_565
GCF_016757555.1;protein_470,GCF_900478295.1;protein_1045,GCF_021729605.1;protein_820,GCF_017821635.1;protein_673,GCF_016755675.1;protein_566
GCF_016757555.1;protein_471,GCF_900478295.1;protein_1044,GCF_021729605.1;protein_819,GCF_017821635.1;protein_674,GCF_016755675.1;protein_567
GCF_016757555.1;protein_472,GCF_900478295.1;protein_1043,GCF_021729605.1;protein_818,GCF_017821635.1;protein_675,GCF_016755675.1;protein_568
GCF_016757555.1;protein_473,GCF_900478295.1;protein_1042,GCF_021729605.1;protein_817,GCF_017821635.1;protein_676,GCF_016755675.1;protein_569
GCF_016757555.1;protein_474,GCF_900478295.1;protein_1041,GCF_021729605.1;protein_816,GCF_017821635.1;protein_677,GCF_016755675.1;protein_570
GCF_016757555.1;protein_475,GCF_900478295.1;protein_1040,GCF_021729605.1;protein_815,GCF_017821635.1;protein_678,GCF_016755675.1;protein_571
GCF_016757555.1;protein_476,GCF_900478295.1;protein_1039,GCF_021729605.1;protein_814,GCF_017821635.1;protein_679,GCF_016755675.1;protein_572
GCF_016757555.1;protein_477,GCF_900478295.1;protein_1038,GCF_021729605.1;protein_813,GCF_017821635.1;protein_680,GCF_016755675.1;protein_573
GCF_016757555.1;protein_478,GCF_900478295.1;protein_1037,GCF_021729605.1;protein_812,GCF_017821635.1;protein_681,GCF_016755675.1;protein_574
GCF_016757555.1;protein_479,GCF_900478295.1;protein_1036,GCF_021729605.1;protein_811,GCF_017821635.1;protein_682,GCF_016755675.1;protein_576
GCF_016757555.1;protein_48,GCF_900478295.1;protein_238,GCF_021729605.1;protein_48,GCF_017821635.1;protein_51,GCF_016755675.1;protein_47
GCF_016757555.1;protein_480,GCF_900478295.1;protein_1035,GCF_021729605.1;protein_810,GCF_017821635.1;protein_683,GCF_016755675.1;protein_577
GCF_016757555.1;protein_481,GCF_900478295.1;protein_1034,GCF_021729605.1;protein_809,GCF_017821635.1;protein_684,GCF_016755675.1;protein_578
GCF_016757555.1;protein_482,GCF_900478295.1;protein_1033,GCF_021729605.1;protein_808,GCF_017821635.1;protein_685,GCF_016755675.1;protein_579
GCF_016757555.1;protein_487,GCF_900478295.1;protein_1028,GCF_021729605.1;protein_804,GCF_017821635.1;protein_715,GCF_016755675.1;protein_585
GCF_016757555.1;protein_488,GCF_900478295.1;protein_1027,GCF_021729605.1;protein_803,GCF_017821635.1;protein_716,GCF_016755675.1;protein_586
GCF_016757555.1;protein_489,GCF_900478295.1;protein_1026,GCF_021729605.1;protein_802,GCF_017821635.1;protein_717,GCF_016755675.1;protein_587
GCF_016757555.1;protein_49,GCF_900478295.1;protein_239,GCF_021729605.1;protein_49,GCF_017821635.1;protein_52,GCF_016755675.1;protein_48
GCF_016757555.1;protein_490,GCF_900478295.1;protein_1025,GCF_021729605.1;protein_801,GCF_017821635.1;protein_718,GCF_016755675.1;protein_588
GCF_016757555.1;protein_491,GCF_900478295.1;protein_1024,GCF_021729605.1;protein_800,GCF_017821635.1;protein_719,GCF_016755675.1;protein_589
GCF_016757555.1;protein_492,GCF_900478295.1;protein_1023,GCF_021729605.1;protein_799,GCF_017821635.1;protein_720,GCF_016755675.1;protein_590
GCF_016757555.1;protein_493,GCF_900478295.1;protein_1022,GCF_021729605.1;protein_798,GCF_017821635.1;protein_721,GCF_016755675.1;protein_591
GCF_016757555.1;protein_494,GCF_900478295.1;protein_1021,GCF_021729605.1;protein_797,GCF_017821635.1;protein_722,GCF_016755675.1;protein_592
GCF_016757555.1;protein_495,GCF_900478295.1;protein_1020,GCF_021729605.1;protein_796,GCF_017821635.1;protein_723,GCF_016755675.1;protein_593
GCF_016757555.1;protein_496,GCF_900478295.1;protein_1019,GCF_021729605.1;protein_795,GCF_017821635.1;protein_724,GCF_016755675.1;protein_594
GCF_016757555.1;protein_497,GCF_900478295.1;protein_1018,GCF_021729605.1;protein_794,GCF_017821635.1;protein_725,GCF_016755675.1;protein_595
GCF_016757555.1;protein_498,GCF_900478295.1;protein_1017,GCF_021729605.1;protein_793,GCF_017821635.1;protein_726,GCF_016755675.1;protein_596
GCF_016757555.1;protein_499,GCF_900478295.1;protein_1016,GCF_021729605.1;protein_792,GCF_017821635.1;protein_727,GCF_016755675.1;protein_597
GCF_016757555.1;protein_5,GCF_900478295.1;protein_192,GCF_021729605.1;protein_5,GCF_017821635.1;protein_5,GCF_016755675.1;protein_5
GCF_016757555.1;protein_50,GCF_900478295.1;protein_240,GCF_021729605.1;protein_50,GCF_017821635.1;protein_53,GCF_016755675.1;protein_49
GCF_016757555.1;protein_500,GCF_900478295.1;protein_1015,GCF_021729605.1;protein_791,GCF_017821635.1;protein_728,GCF_016755675.1;protein_598
GCF_016757555.1;protein_501,GCF_900478295.1;protein_1014,GCF_021729605.1;protein_790,GCF_017821635.1;protein_729,GCF_016755675.1;protein_599
GCF_016757555.1;protein_502,GCF_900478295.1;protein_1013,GCF_021729605.1;protein_789,GCF_017821635.1;protein_730,GCF_016755675.1;protein_600
GCF_016757555.1;protein_503,GCF_900478295.1;protein_1012,GCF_021729605.1;protein_788,GCF_017821635.1;protein_731,GCF_016755675.1;protein_601
GCF_016757555.1;protein_504,GCF_900478295.1;protein_1011,GCF_021729605.1;protein_787,GCF_017821635.1;protein_732,GCF_016755675.1;protein_602
GCF_016757555.1;protein_505,GCF_900478295.1;protein_1010,GCF_021729605.1;protein_786,GCF_017821635.1;protein_733,GCF_016755675.1;protein_603
GCF_016757555.1;protein_506,GCF_900478295.1;protein_1009,GCF_021729605.1;protein_785,GCF_017821635.1;protein_734,GCF_016755675.1;protein_604
GCF_016757555.1;protein_507,GCF_900478295.1;protein_1008,GCF_021729605.1;protein_784,GCF_017821635.1;protein_735,GCF_016755675.1;protein_605
GCF_016757555.1;protein_508,GCF_900478295.1;protein_1007,GCF_021729605.1;protein_783,GCF_017821635.1;protein_736,GCF_016755675.1;protein_606
GCF_016757555.1;protein_509,GCF_900478295.1;protein_1006,GCF_021729605.1;protein_782,GCF_017821635.1;protein_737,GCF_016755675.1;protein_607
GCF_016757555.1;protein_510,GCF_900478295.1;protein_1005,GCF_021729605.1;protein_781,GCF_017821635.1;protein_738,GCF_016755675.1;protein_608
GCF_016757555.1;protein_511,GCF_900478295.1;protein_1004,GCF_021729605.1;protein_780,GCF_017821635.1;protein_739,GCF_016755675.1;protein_609
GCF_016757555.1;protein_512,GCF_900478295.1;protein_1003,GCF_021729605.1;protein_779,GCF_017821635.1;protein_740,GCF_016755675.1;protein_610
GCF_016757555.1;protein_513,GCF_900478295.1;protein_1002,GCF_021729605.1;protein_778,GCF_017821635.1;protein_741,GCF_016755675.1;protein_611
GCF_016757555.1;protein_514,GCF_900478295.1;protein_1001,GCF_021729605.1;protein_777,GCF_017821635.1;protein_742,GCF_016755675.1;protein_612
GCF_016757555.1;protein_515,GCF_900478295.1;protein_1000,GCF_021729605.1;protein_769,GCF_017821635.1;protein_743,GCF_016755675.1;protein_613
GCF_016757555.1;protein_516,GCF_900478295.1;protein_999,GCF_021729605.1;protein_768,GCF_017821635.1;protein_744,GCF_016755675.1;protein_614
GCF_016757555.1;protein_517,GCF_900478295.1;protein_998,GCF_021729605.1;protein_767,GCF_017821635.1;protein_745,GCF_016755675.1;protein_615
GCF_016757555.1;protein_518,GCF_900478295.1;protein_997,GCF_021729605.1;protein_766,GCF_017821635.1;protein_746,GCF_016755675.1;protein_616
GCF_016757555.1;protein_519,GCF_900478295.1;protein_996,GCF_021729605.1;protein_765,GCF_017821635.1;protein_747,GCF_016755675.1;protein_617
GCF_016757555.1;protein_520,GCF_900478295.1;protein_995,GCF_021729605.1;protein_764,GCF_017821635.1;protein_748,GCF_016755675.1;protein_618
GCF_016757555.1;protein_521,GCF_900478295.1;protein_994,GCF_021729605.1;protein_763,GCF_017821635.1;protein_749,GCF_016755675.1;protein_619
GCF_016757555.1;protein_522,GCF_900478295.1;protein_993,GCF_021729605.1;protein_762,GCF_017821635.1;protein_750,GCF_016755675.1;protein_620
GCF_016757555.1;protein_523,GCF_900478295.1;protein_992,GCF_021729605.1;protein_761,GCF_017821635.1;protein_751,GCF_016755675.1;protein_621
GCF_016757555.1;protein_524,GCF_900478295.1;protein_991,GCF_021729605.1;protein_760,GCF_017821635.1;protein_752,GCF_016755675.1;protein_622
GCF_016757555.1;protein_526,GCF_900478295.1;protein_989,GCF_021729605.1;protein_759,GCF_017821635.1;protein_754,GCF_016755675.1;protein_624
GCF_016757555.1;protein_527,GCF_900478295.1;protein_988,GCF_021729605.1;protein_758,GCF_017821635.1;protein_755,GCF_016755675.1;protein_625
GCF_016757555.1;protein_528,GCF_900478295.1;protein_987,GCF_021729605.1;protein_756,GCF_017821635.1;protein_756,GCF_016755675.1;protein_626
GCF_016757555.1;protein_529,GCF_900478295.1;protein_986,GCF_021729605.1;protein_755,GCF_017821635.1;protein_757,GCF_016755675.1;protein_627
GCF_016757555.1;protein_530,GCF_900478295.1;protein_985,GCF_021729605.1;protein_754,GCF_017821635.1;protein_758,GCF_016755675.1;protein_628
GCF_016757555.1;protein_531,GCF_900478295.1;protein_984,GCF_021729605.1;protein_753,GCF_017821635.1;protein_759,GCF_016755675.1;protein_629
GCF_016757555.1;protein_532,GCF_900478295.1;protein_983,GCF_021729605.1;protein_752,GCF_017821635.1;protein_760,GCF_016755675.1;protein_630
GCF_016757555.1;protein_533,GCF_900478295.1;protein_982,GCF_021729605.1;protein_751,GCF_017821635.1;protein_761,GCF_016755675.1;protein_631
GCF_016757555.1;protein_534,GCF_900478295.1;protein_981,GCF_021729605.1;protein_750,GCF_017821635.1;protein_762,GCF_016755675.1;protein_632
GCF_016757555.1;protein_535,GCF_900478295.1;protein_980,GCF_021729605.1;protein_749,GCF_017821635.1;protein_763,GCF_016755675.1;protein_633
GCF_016757555.1;protein_536,GCF_900478295.1;protein_979,GCF_021729605.1;protein_748,GCF_017821635.1;protein_764,GCF_016755675.1;protein_634
GCF_016757555.1;protein_537,GCF_900478295.1;protein_978,GCF_021729605.1;protein_747,GCF_017821635.1;protein_765,GCF_016755675.1;protein_635
GCF_016757555.1;protein_538,GCF_900478295.1;protein_977,GCF_021729605.1;protein_746,GCF_017821635.1;protein_766,GCF_016755675.1;protein_636
GCF_016757555.1;protein_539,GCF_900478295.1;protein_976,GCF_021729605.1;protein_745,GCF_017821635.1;protein_767,GCF_016755675.1;protein_637
GCF_016757555.1;protein_54,GCF_900478295.1;protein_244,GCF_021729605.1;protein_54,GCF_017821635.1;protein_57,GCF_016755675.1;protein_54
GCF_016757555.1;protein_540,GCF_900478295.1;protein_975,GCF_021729605.1;protein_744,GCF_017821635.1;protein_768,GCF_016755675.1;protein_638
GCF_016757555.1;protein_541,GCF_900478295.1;protein_974,GCF_021729605.1;protein_743,GCF_017821635.1;protein_769,GCF_016755675.1;protein_639
GCF_016757555.1;protein_543,GCF_900478295.1;protein_972,GCF_021729605.1;protein_741,GCF_017821635.1;protein_773,GCF_016755675.1;protein_641
GCF_016757555.1;protein_544,GCF_900478295.1;protein_971,GCF_021729605.1;protein_740,GCF_017821635.1;protein_774,GCF_016755675.1;protein_642
GCF_016757555.1;protein_545,GCF_900478295.1;protein_970,GCF_021729605.1;protein_739,GCF_017821635.1;protein_775,GCF_016755675.1;protein_643
GCF_016757555.1;protein_546,GCF_900478295.1;protein_969,GCF_021729605.1;protein_738,GCF_017821635.1;protein_776,GCF_016755675.1;protein_644
GCF_016757555.1;protein_547,GCF_900478295.1;protein_968,GCF_021729605.1;protein_737,GCF_017821635.1;protein_777,GCF_016755675.1;protein_645
GCF_016757555.1;protein_548,GCF_900478295.1;protein_967,GCF_021729605.1;protein_736,GCF_017821635.1;protein_778,GCF_016755675.1;protein_646
GCF_016757555.1;protein_549,GCF_900478295.1;protein_966,GCF_021729605.1;protein_735,GCF_017821635.1;protein_779,GCF_016755675.1;protein_647
GCF_016757555.1;protein_55,GCF_900478295.1;protein_245,GCF_021729605.1;protein_55,GCF_017821635.1;protein_58,GCF_016755675.1;protein_55
GCF_016757555.1;protein_550,GCF_900478295.1;protein_964,GCF_021729605.1;protein_734,GCF_017821635.1;protein_780,GCF_016755675.1;protein_648
GCF_016757555.1;protein_551,GCF_900478295.1;protein_963,GCF_021729605.1;protein_733,GCF_017821635.1;protein_781,GCF_016755675.1;protein_649
GCF_016757555.1;protein_552,GCF_900478295.1;protein_962,GCF_021729605.1;protein_732,GCF_017821635.1;protein_782,GCF_016755675.1;protein_650
GCF_016757555.1;protein_553,GCF_900478295.1;protein_961,GCF_021729605.1;protein_731,GCF_017821635.1;protein_783,GCF_016755675.1;protein_651
GCF_016757555.1;protein_554,GCF_900478295.1;protein_960,GCF_021729605.1;protein_730,GCF_017821635.1;protein_784,GCF_016755675.1;protein_652
GCF_016757555.1;protein_555,GCF_900478295.1;protein_959,GCF_021729605.1;protein_729,GCF_017821635.1;protein_785,GCF_016755675.1;protein_653
GCF_016757555.1;protein_556,GCF_900478295.1;protein_958,GCF_021729605.1;protein_728,GCF_017821635.1;protein_786,GCF_016755675.1;protein_654
GCF_016757555.1;protein_557,GCF_900478295.1;protein_957,GCF_021729605.1;protein_727,GCF_017821635.1;protein_787,GCF_016755675.1;protein_655
GCF_016757555.1;protein_558,GCF_900478295.1;protein_956,GCF_021729605.1;protein_726,GCF_017821635.1;protein_788,GCF_016755675.1;protein_656
GCF_016757555.1;protein_559,GCF_900478295.1;protein_955,GCF_021729605.1;protein_725,GCF_017821635.1;protein_789,GCF_016755675.1;protein_657
GCF_016757555.1;protein_560,GCF_900478295.1;protein_954,GCF_021729605.1;protein_724,GCF_017821635.1;protein_790,GCF_016755675.1;protein_658
GCF_016757555.1;protein_561,GCF_900478295.1;protein_953,GCF_021729605.1;protein_723,GCF_017821635.1;protein_791,GCF_016755675.1;protein_659
GCF_016757555.1;protein_562,GCF_900478295.1;protein_952,GCF_021729605.1;protein_722,GCF_017821635.1;protein_792,GCF_016755675.1;protein_660
GCF_016757555.1;protein_566,GCF_900478295.1;protein_947,GCF_021729605.1;protein_718,GCF_017821635.1;protein_796,GCF_016755675.1;protein_665
GCF_016757555.1;protein_567,GCF_900478295.1;protein_946,GCF_021729605.1;protein_717,GCF_017821635.1;protein_797,GCF_016755675.1;protein_666
GCF_016757555.1;protein_568,GCF_900478295.1;protein_945,GCF_021729605.1;protein_716,GCF_017821635.1;protein_798,GCF_016755675.1;protein_667
GCF_016757555.1;protein_569,GCF_900478295.1;protein_944,GCF_021729605.1;protein_715,GCF_017821635.1;protein_799,GCF_016755675.1;protein_668
GCF_016757555.1;protein_57,GCF_900478295.1;protein_247,GCF_021729605.1;protein_57,GCF_017821635.1;protein_60,GCF_016755675.1;protein_57
GCF_016757555.1;protein_570,GCF_900478295.1;protein_943,GCF_021729605.1;protein_714,GCF_017821635.1;protein_800,GCF_016755675.1;protein_669
GCF_016757555.1;protein_571,GCF_900478295.1;protein_942,GCF_021729605.1;protein_713,GCF_017821635.1;protein_801,GCF_016755675.1;protein_670
GCF_016757555.1;protein_572,GCF_900478295.1;protein_941,GCF_021729605.1;protein_712,GCF_017821635.1;protein_802,GCF_016755675.1;protein_671
GCF_016757555.1;protein_573,GCF_900478295.1;protein_940,GCF_021729605.1;protein_711,GCF_017821635.1;protein_803,GCF_016755675.1;protein_672
GCF_016757555.1;protein_574,GCF_900478295.1;protein_939,GCF_021729605.1;protein_710,GCF_017821635.1;protein_804,GCF_016755675.1;protein_673
GCF_016757555.1;protein_575,GCF_900478295.1;protein_938,GCF_021729605.1;protein_709,GCF_017821635.1;protein_805,GCF_016755675.1;protein_674
GCF_016757555.1;protein_576,GCF_900478295.1;protein_937,GCF_021729605.1;protein_708,GCF_017821635.1;protein_806,GCF_016755675.1;protein_675
GCF_016757555.1;protein_577,GCF_900478295.1;protein_936,GCF_021729605.1;protein_707,GCF_017821635.1;protein_807,GCF_016755675.1;protein_676
GCF_016757555.1;protein_578,GCF_900478295.1;protein_935,GCF_021729605.1;protein_706,GCF_017821635.1;protein_808,GCF_016755675.1;protein_677
GCF_016757555.1;protein_579,GCF_900478295.1;protein_934,GCF_021729605.1;protein_705,GCF_017821635.1;protein_809,GCF_016755675.1;protein_678
GCF_016757555.1;protein_58,GCF_900478295.1;protein_248,GCF_021729605.1;protein_58,GCF_017821635.1;protein_61,GCF_016755675.1;protein_58
GCF_016757555.1;protein_580,GCF_900478295.1;protein_933,GCF_021729605.1;protein_704,GCF_017821635.1;protein_810,GCF_016755675.1;protein_679
GCF_016757555.1;protein_581,GCF_900478295.1;protein_932,GCF_021729605.1;protein_703,GCF_017821635.1;protein_811,GCF_016755675.1;protein_680
GCF_016757555.1;protein_582,GCF_900478295.1;protein_931,GCF_021729605.1;protein_702,GCF_017821635.1;protein_812,GCF_016755675.1;protein_681
GCF_016757555.1;protein_583,GCF_900478295.1;protein_930,GCF_021729605.1;protein_701,GCF_017821635.1;protein_813,GCF_016755675.1;protein_682
GCF_016757555.1;protein_584,GCF_900478295.1;protein_929,GCF_021729605.1;protein_700,GCF_017821635.1;protein_814,GCF_016755675.1;protein_683
GCF_016757555.1;protein_586,GCF_900478295.1;protein_926,GCF_021729605.1;protein_698,GCF_017821635.1;protein_817,GCF_016755675.1;protein_685
GCF_016757555.1;protein_587,GCF_900478295.1;protein_925,GCF_021729605.1;protein_697,GCF_017821635.1;protein_818,GCF_016755675.1;protein_686
GCF_016757555.1;protein_588,GCF_900478295.1;protein_924,GCF_021729605.1;protein_696,GCF_017821635.1;protein_819,GCF_016755675.1;protein_687
GCF_016757555.1;protein_589,GCF_900478295.1;protein_923,GCF_021729605.1;protein_695,GCF_017821635.1;protein_820,GCF_016755675.1;protein_688
GCF_016757555.1;protein_590,GCF_900478295.1;protein_922,GCF_021729605.1;protein_694,GCF_017821635.1;protein_821,GCF_016755675.1;protein_689
GCF_016757555.1;protein_591,GCF_900478295.1;protein_921,GCF_021729605.1;protein_693,GCF_017821635.1;protein_822,GCF_016755675.1;protein_690
GCF_016757555.1;protein_592,GCF_900478295.1;protein_920,GCF_021729605.1;protein_692,GCF_017821635.1;protein_823,GCF_016755675.1;protein_691
GCF_016757555.1;protein_593,GCF_900478295.1;protein_919,GCF_021729605.1;protein_691,GCF_017821635.1;protein_824,GCF_016755675.1;protein_692
GCF_016757555.1;protein_594,GCF_900478295.1;protein_918,GCF_021729605.1;protein_690,GCF_017821635.1;protein_825,GCF_016755675.1;protein_693
GCF_016757555.1;protein_595,GCF_900478295.1;protein_917,GCF_021729605.1;protein_689,GCF_017821635.1;protein_826,GCF_016755675.1;protein_694
GCF_016757555.1;protein_597,GCF_900478295.1;protein_913,GCF_021729605.1;protein_687,GCF_017821635.1;protein_832,GCF_016755675.1;protein_696
GCF_016757555.1;protein_598,GCF_900478295.1;protein_912,GCF_021729605.1;protein_686,GCF_017821635.1;protein_833,GCF_016755675.1;protein_697
GCF_016757555.1;protein_599,GCF_900478295.1;protein_911,GCF_021729605.1;protein_685,GCF_017821635.1;protein_834,GCF_016755675.1;protein_698
GCF_016757555.1;protein_60,GCF_900478295.1;protein_251,GCF_021729605.1;protein_60,GCF_017821635.1;protein_63,GCF_016755675.1;protein_60
GCF_016757555.1;protein_600,GCF_900478295.1;protein_910,GCF_021729605.1;protein_684,GCF_017821635.1;protein_835,GCF_016755675.1;protein_699
GCF_016757555.1;protein_601,GCF_900478295.1;protein_909,GCF_021729605.1;protein_683,GCF_017821635.1;protein_836,GCF_016755675.1;protein_700
GCF_016757555.1;protein_602,GCF_900478295.1;protein_908,GCF_021729605.1;protein_682,GCF_017821635.1;protein_837,GCF_016755675.1;protein_701
GCF_016757555.1;protein_604,GCF_900478295.1;protein_905,GCF_021729605.1;protein_680,GCF_017821635.1;protein_839,GCF_016755675.1;protein_703
GCF_016757555.1;protein_605,GCF_900478295.1;protein_906,GCF_021729605.1;protein_679,GCF_017821635.1;protein_840,GCF_016755675.1;protein_704
GCF_016757555.1;protein_607,GCF_900478295.1;protein_903,GCF_021729605.1;protein_678,GCF_017821635.1;protein_842,GCF_016755675.1;protein_705
GCF_016757555.1;protein_608,GCF_900478295.1;protein_902,GCF_021729605.1;protein_677,GCF_017821635.1;protein_843,GCF_016755675.1;protein_706
GCF_016757555.1;protein_609,GCF_900478295.1;protein_901,GCF_021729605.1;protein_676,GCF_017821635.1;protein_844,GCF_016755675.1;protein_707
GCF_016757555.1;protein_61,GCF_900478295.1;protein_252,GCF_021729605.1;protein_61,GCF_017821635.1;protein_64,GCF_016755675.1;protein_61
GCF_016757555.1;protein_611,GCF_900478295.1;protein_899,GCF_021729605.1;protein_674,GCF_017821635.1;protein_846,GCF_016755675.1;protein_709
GCF_016757555.1;protein_612,GCF_900478295.1;protein_898,GCF_021729605.1;protein_673,GCF_017821635.1;protein_847,GCF_016755675.1;protein_710
GCF_016757555.1;protein_613,GCF_900478295.1;protein_897,GCF_021729605.1;protein_672,GCF_017821635.1;protein_848,GCF_016755675.1;protein_711
GCF_016757555.1;protein_615,GCF_900478295.1;protein_896,GCF_021729605.1;protein_604,GCF_017821635.1;protein_851,GCF_016755675.1;protein_713
GCF_016757555.1;protein_617,GCF_900478295.1;protein_894,GCF_021729605.1;protein_605,GCF_017821635.1;protein_853,GCF_016755675.1;protein_714
GCF_016757555.1;protein_618,GCF_900478295.1;protein_893,GCF_021729605.1;protein_606,GCF_017821635.1;protein_855,GCF_016755675.1;protein_715
GCF_016757555.1;protein_619,GCF_900478295.1;protein_892,GCF_021729605.1;protein_607,GCF_017821635.1;protein_856,GCF_016755675.1;protein_716
GCF_016757555.1;protein_62,GCF_900478295.1;protein_253,GCF_021729605.1;protein_62,GCF_017821635.1;protein_65,GCF_016755675.1;protein_62
GCF_016757555.1;protein_620,GCF_900478295.1;protein_891,GCF_021729605.1;protein_608,GCF_017821635.1;protein_857,GCF_016755675.1;protein_717
GCF_016757555.1;protein_621,GCF_900478295.1;protein_890,GCF_021729605.1;protein_609,GCF_017821635.1;protein_858,GCF_016755675.1;protein_718
GCF_016757555.1;protein_624,GCF_900478295.1;protein_885,GCF_021729605.1;protein_610,GCF_017821635.1;protein_860,GCF_016755675.1;protein_720
GCF_016757555.1;protein_625,GCF_900478295.1;protein_884,GCF_021729605.1;protein_611,GCF_017821635.1;protein_861,GCF_016755675.1;protein_721
GCF_016757555.1;protein_626,GCF_900478295.1;protein_883,GCF_021729605.1;protein_612,GCF_017821635.1;protein_862,GCF_016755675.1;protein_722
GCF_016757555.1;protein_627,GCF_900478295.1;protein_882,GCF_021729605.1;protein_613,GCF_017821635.1;protein_863,GCF_016755675.1;protein_723
GCF_016757555.1;protein_628,GCF_900478295.1;protein_881,GCF_021729605.1;protein_614,GCF_017821635.1;protein_864,GCF_016755675.1;protein_724
GCF_016757555.1;protein_629,GCF_900478295.1;protein_880,GCF_021729605.1;protein_615,GCF_017821635.1;protein_872,GCF_016755675.1;protein_725
GCF_016757555.1;protein_63,GCF_900478295.1;protein_254,GCF_021729605.1;protein_63,GCF_017821635.1;protein_66,GCF_016755675.1;protein_63
GCF_016757555.1;protein_630,GCF_900478295.1;protein_879,GCF_021729605.1;protein_616,GCF_017821635.1;protein_871,GCF_016755675.1;protein_726
GCF_016757555.1;protein_631,GCF_900478295.1;protein_878,GCF_021729605.1;protein_617,GCF_017821635.1;protein_870,GCF_016755675.1;protein_727
GCF_016757555.1;protein_632,GCF_900478295.1;protein_877,GCF_021729605.1;protein_618,GCF_017821635.1;protein_869,GCF_016755675.1;protein_728
GCF_016757555.1;protein_633,GCF_900478295.1;protein_876,GCF_021729605.1;protein_619,GCF_017821635.1;protein_868,GCF_016755675.1;protein_729
GCF_016757555.1;protein_634,GCF_900478295.1;protein_875,GCF_021729605.1;protein_620,GCF_017821635.1;protein_867,GCF_016755675.1;protein_730
GCF_016757555.1;protein_635,GCF_900478295.1;protein_874,GCF_021729605.1;protein_621,GCF_017821635.1;protein_866,GCF_016755675.1;protein_731
GCF_016757555.1;protein_636,GCF_900478295.1;protein_873,GCF_021729605.1;protein_622,GCF_017821635.1;protein_865,GCF_016755675.1;protein_732
GCF_016757555.1;protein_637,GCF_900478295.1;protein_872,GCF_021729605.1;protein_626,GCF_017821635.1;protein_875,GCF_016755675.1;protein_733
GCF_016757555.1;protein_638,GCF_900478295.1;protein_871,GCF_021729605.1;protein_627,GCF_017821635.1;protein_876,GCF_016755675.1;protein_734
GCF_016757555.1;protein_639,GCF_900478295.1;protein_870,GCF_021729605.1;protein_628,GCF_017821635.1;protein_877,GCF_016755675.1;protein_735
GCF_016757555.1;protein_64,GCF_900478295.1;protein_255,GCF_021729605.1;protein_64,GCF_017821635.1;protein_67,GCF_016755675.1;protein_64
GCF_016757555.1;protein_65,GCF_900478295.1;protein_256,GCF_021729605.1;protein_65,GCF_017821635.1;protein_68,GCF_016755675.1;protein_65
GCF_016757555.1;protein_66,GCF_900478295.1;protein_257,GCF_021729605.1;protein_66,GCF_017821635.1;protein_69,GCF_016755675.1;protein_66
GCF_016757555.1;protein_667,GCF_900478295.1;protein_859,GCF_021729605.1;protein_637,GCF_017821635.1;protein_887,GCF_016755675.1;protein_744
GCF_016757555.1;protein_67,GCF_900478295.1;protein_258,GCF_021729605.1;protein_67,GCF_017821635.1;protein_70,GCF_016755675.1;protein_67
GCF_016757555.1;protein_672,GCF_900478295.1;protein_852,GCF_021729605.1;protein_643,GCF_017821635.1;protein_892,GCF_016755675.1;protein_749
GCF_016757555.1;protein_673,GCF_900478295.1;protein_851,GCF_021729605.1;protein_644,GCF_017821635.1;protein_893,GCF_016755675.1;protein_750
GCF_016757555.1;protein_674,GCF_900478295.1;protein_850,GCF_021729605.1;protein_645,GCF_017821635.1;protein_894,GCF_016755675.1;protein_751
GCF_016757555.1;protein_675,GCF_900478295.1;protein_849,GCF_021729605.1;protein_646,GCF_017821635.1;protein_895,GCF_016755675.1;protein_752
GCF_016757555.1;protein_676,GCF_900478295.1;protein_848,GCF_021729605.1;protein_647,GCF_017821635.1;protein_896,GCF_016755675.1;protein_753
GCF_016757555.1;protein_677,GCF_900478295.1;protein_847,GCF_021729605.1;protein_648,GCF_017821635.1;protein_897,GCF_016755675.1;protein_754
GCF_016757555.1;protein_678,GCF_900478295.1;protein_846,GCF_021729605.1;protein_649,GCF_017821635.1;protein_898,GCF_016755675.1;protein_755
GCF_016757555.1;protein_679,GCF_900478295.1;protein_845,GCF_021729605.1;protein_650,GCF_017821635.1;protein_899,GCF_016755675.1;protein_756
GCF_016757555.1;protein_68,GCF_900478295.1;protein_259,GCF_021729605.1;protein_68,GCF_017821635.1;protein_71,GCF_016755675.1;protein_68
GCF_016757555.1;protein_680,GCF_900478295.1;protein_844,GCF_021729605.1;protein_651,GCF_017821635.1;protein_900,GCF_016755675.1;protein_757
GCF_016757555.1;protein_681,GCF_900478295.1;protein_843,GCF_021729605.1;protein_652,GCF_017821635.1;protein_901,GCF_016755675.1;protein_758
GCF_016757555.1;protein_682,GCF_900478295.1;protein_842,GCF_021729605.1;protein_653,GCF_017821635.1;protein_902,GCF_016755675.1;protein_759
GCF_016757555.1;protein_683,GCF_900478295.1;protein_841,GCF_021729605.1;protein_654,GCF_017821635.1;protein_903,GCF_016755675.1;protein_760
GCF_016757555.1;protein_684,GCF_900478295.1;protein_840,GCF_021729605.1;protein_655,GCF_017821635.1;protein_904,GCF_016755675.1;protein_761
GCF_016757555.1;protein_685,GCF_900478295.1;protein_839,GCF_021729605.1;protein_656,GCF_017821635.1;protein_905,GCF_016755675.1;protein_762
GCF_016757555.1;protein_686,GCF_900478295.1;protein_838,GCF_021729605.1;protein_657,GCF_017821635.1;protein_906,GCF_016755675.1;protein_763
GCF_016757555.1;protein_688,GCF_900478295.1;protein_836,GCF_021729605.1;protein_659,GCF_017821635.1;protein_908,GCF_016755675.1;protein_765
GCF_016757555.1;protein_689,GCF_900478295.1;protein_835,GCF_021729605.1;protein_660,GCF_017821635.1;protein_909,GCF_016755675.1;protein_766
GCF_016757555.1;protein_69,GCF_900478295.1;protein_260,GCF_021729605.1;protein_69,GCF_017821635.1;protein_72,GCF_016755675.1;protein_69
GCF_016757555.1;protein_690,GCF_900478295.1;protein_834,GCF_021729605.1;protein_661,GCF_017821635.1;protein_910,GCF_016755675.1;protein_767
GCF_016757555.1;protein_691,GCF_900478295.1;protein_833,GCF_021729605.1;protein_662,GCF_017821635.1;protein_911,GCF_016755675.1;protein_768
GCF_016757555.1;protein_692,GCF_900478295.1;protein_832,GCF_021729605.1;protein_663,GCF_017821635.1;protein_912,GCF_016755675.1;protein_769
GCF_016757555.1;protein_693,GCF_900478295.1;protein_831,GCF_021729605.1;protein_664,GCF_017821635.1;protein_913,GCF_016755675.1;protein_770
GCF_016757555.1;protein_694,GCF_900478295.1;protein_830,GCF_021729605.1;protein_665,GCF_017821635.1;protein_914,GCF_016755675.1;protein_771
GCF_016757555.1;protein_695,GCF_900478295.1;protein_829,GCF_021729605.1;protein_666,GCF_017821635.1;protein_915,GCF_016755675.1;protein_772
GCF_016757555.1;protein_696,GCF_900478295.1;protein_828,GCF_021729605.1;protein_667,GCF_017821635.1;protein_917,GCF_016755675.1;protein_773
GCF_016757555.1;protein_697,GCF_900478295.1;protein_825,GCF_021729605.1;protein_668,GCF_017821635.1;protein_920,GCF_016755675.1;protein_774
GCF_016757555.1;protein_698,GCF_900478295.1;protein_824,GCF_021729605.1;protein_669,GCF_017821635.1;protein_921,GCF_016755675.1;protein_775
GCF_016757555.1;protein_7,GCF_900478295.1;protein_194,GCF_021729605.1;protein_7,GCF_017821635.1;protein_7,GCF_016755675.1;protein_6
GCF_016757555.1;protein_70,GCF_900478295.1;protein_261,GCF_021729605.1;protein_70,GCF_017821635.1;protein_73,GCF_016755675.1;protein_70
GCF_016757555.1;protein_700,GCF_900478295.1;protein_822,GCF_021729605.1;protein_602,GCF_017821635.1;protein_923,GCF_016755675.1;protein_777
GCF_016757555.1;protein_701,GCF_900478295.1;protein_821,GCF_021729605.1;protein_601,GCF_017821635.1;protein_924,GCF_016755675.1;protein_778
GCF_016757555.1;protein_702,GCF_900478295.1;protein_820,GCF_021729605.1;protein_600,GCF_017821635.1;protein_925,GCF_016755675.1;protein_779
GCF_016757555.1;protein_703,GCF_900478295.1;protein_819,GCF_021729605.1;protein_599,GCF_017821635.1;protein_926,GCF_016755675.1;protein_780
GCF_016757555.1;protein_704,GCF_900478295.1;protein_818,GCF_021729605.1;protein_598,GCF_017821635.1;protein_927,GCF_016755675.1;protein_781
GCF_016757555.1;protein_705,GCF_900478295.1;protein_817,GCF_021729605.1;protein_597,GCF_017821635.1;protein_928,GCF_016755675.1;protein_782
GCF_016757555.1;protein_706,GCF_900478295.1;protein_816,GCF_021729605.1;protein_596,GCF_017821635.1;protein_929,GCF_016755675.1;protein_783
GCF_016757555.1;protein_707,GCF_900478295.1;protein_815,GCF_021729605.1;protein_595,GCF_017821635.1;protein_930,GCF_016755675.1;protein_784
GCF_016757555.1;protein_72,GCF_900478295.1;protein_263,GCF_021729605.1;protein_72,GCF_017821635.1;protein_76,GCF_016755675.1;protein_72
GCF_016757555.1;protein_73,GCF_900478295.1;protein_264,GCF_021729605.1;protein_73,GCF_017821635.1;protein_77,GCF_016755675.1;protein_73
GCF_016757555.1;protein_730,GCF_900478295.1;protein_813,GCF_021729605.1;protein_593,GCF_017821635.1;protein_932,GCF_016755675.1;protein_786
GCF_016757555.1;protein_731,GCF_900478295.1;protein_812,GCF_021729605.1;protein_592,GCF_017821635.1;protein_933,GCF_016755675.1;protein_787
GCF_016757555.1;protein_732,GCF_900478295.1;protein_811,GCF_021729605.1;protein_591,GCF_017821635.1;protein_934,GCF_016755675.1;protein_788
GCF_016757555.1;protein_733,GCF_900478295.1;protein_810,GCF_021729605.1;protein_590,GCF_017821635.1;protein_935,GCF_016755675.1;protein_789
GCF_016757555.1;protein_734,GCF_900478295.1;protein_809,GCF_021729605.1;protein_589,GCF_017821635.1;protein_936,GCF_016755675.1;protein_790
GCF_016757555.1;protein_735,GCF_900478295.1;protein_808,GCF_021729605.1;protein_588,GCF_017821635.1;protein_937,GCF_016755675.1;protein_791
GCF_016757555.1;protein_736,GCF_900478295.1;protein_807,GCF_021729605.1;protein_587,GCF_017821635.1;protein_938,GCF_016755675.1;protein_792
GCF_016757555.1;protein_737,GCF_900478295.1;protein_806,GCF_021729605.1;protein_586,GCF_017821635.1;protein_939,GCF_016755675.1;protein_793
GCF_016757555.1;protein_74,GCF_900478295.1;protein_265,GCF_021729605.1;protein_74,GCF_017821635.1;protein_78,GCF_016755675.1;protein_74
GCF_016757555.1;protein_740,GCF_900478295.1;protein_804,GCF_021729605.1;protein_582,GCF_017821635.1;protein_942,GCF_016755675.1;protein_795
GCF_016757555.1;protein_741,GCF_900478295.1;protein_803,GCF_021729605.1;protein_581,GCF_017821635.1;protein_943,GCF_016755675.1;protein_796
GCF_016757555.1;protein_742,GCF_900478295.1;protein_802,GCF_021729605.1;protein_580,GCF_017821635.1;protein_944,GCF_016755675.1;protein_797
GCF_016757555.1;protein_743,GCF_900478295.1;protein_801,GCF_021729605.1;protein_579,GCF_017821635.1;protein_945,GCF_016755675.1;protein_798
GCF_016757555.1;protein_744,GCF_900478295.1;protein_800,GCF_021729605.1;protein_578,GCF_017821635.1;protein_946,GCF_016755675.1;protein_799
GCF_016757555.1;protein_745,GCF_900478295.1;protein_799,GCF_021729605.1;protein_577,GCF_017821635.1;protein_947,GCF_016755675.1;protein_800
GCF_016757555.1;protein_749,GCF_900478295.1;protein_795,GCF_021729605.1;protein_573,GCF_017821635.1;protein_951,GCF_016755675.1;protein_804
GCF_016757555.1;protein_75,GCF_900478295.1;protein_266,GCF_021729605.1;protein_75,GCF_017821635.1;protein_79,GCF_016755675.1;protein_75
GCF_016757555.1;protein_750,GCF_900478295.1;protein_794,GCF_021729605.1;protein_572,GCF_017821635.1;protein_952,GCF_016755675.1;protein_805
GCF_016757555.1;protein_751,GCF_900478295.1;protein_793,GCF_021729605.1;protein_571,GCF_017821635.1;protein_953,GCF_016755675.1;protein_806
GCF_016757555.1;protein_752,GCF_900478295.1;protein_792,GCF_021729605.1;protein_570,GCF_017821635.1;protein_954,GCF_016755675.1;protein_807
GCF_016757555.1;protein_753,GCF_900478295.1;protein_791,GCF_021729605.1;protein_569,GCF_017821635.1;protein_955,GCF_016755675.1;protein_808
GCF_016757555.1;protein_754,GCF_900478295.1;protein_790,GCF_021729605.1;protein_568,GCF_017821635.1;protein_956,GCF_016755675.1;protein_809
GCF_016757555.1;protein_755,GCF_900478295.1;protein_789,GCF_021729605.1;protein_567,GCF_017821635.1;protein_957,GCF_016755675.1;protein_810
GCF_016757555.1;protein_756,GCF_900478295.1;protein_788,GCF_021729605.1;protein_566,GCF_017821635.1;protein_958,GCF_016755675.1;protein_811
GCF_016757555.1;protein_758,GCF_900478295.1;protein_786,GCF_021729605.1;protein_564,GCF_017821635.1;protein_960,GCF_016755675.1;protein_813
GCF_016757555.1;protein_759,GCF_900478295.1;protein_785,GCF_021729605.1;protein_563,GCF_017821635.1;protein_961,GCF_016755675.1;protein_814
GCF_016757555.1;protein_76,GCF_900478295.1;protein_267,GCF_021729605.1;protein_76,GCF_017821635.1;protein_80,GCF_016755675.1;protein_76
GCF_016757555.1;protein_760,GCF_900478295.1;protein_784,GCF_021729605.1;protein_562,GCF_017821635.1;protein_962,GCF_016755675.1;protein_815
GCF_016757555.1;protein_761,GCF_900478295.1;protein_783,GCF_021729605.1;protein_561,GCF_017821635.1;protein_963,GCF_016755675.1;protein_816
GCF_016757555.1;protein_762,GCF_900478295.1;protein_782,GCF_021729605.1;protein_560,GCF_017821635.1;protein_964,GCF_016755675.1;protein_817
GCF_016757555.1;protein_763,GCF_900478295.1;protein_781,GCF_021729605.1;protein_559,GCF_017821635.1;protein_965,GCF_016755675.1;protein_818
GCF_016757555.1;protein_764,GCF_900478295.1;protein_780,GCF_021729605.1;protein_558,GCF_017821635.1;protein_966,GCF_016755675.1;protein_819
GCF_016757555.1;protein_765,GCF_900478295.1;protein_779,GCF_021729605.1;protein_557,GCF_017821635.1;protein_967,GCF_016755675.1;protein_820
GCF_016757555.1;protein_766,GCF_900478295.1;protein_778,GCF_021729605.1;protein_556,GCF_017821635.1;protein_968,GCF_016755675.1;protein_821
GCF_016757555.1;protein_767,GCF_900478295.1;protein_777,GCF_021729605.1;protein_555,GCF_017821635.1;protein_969,GCF_016755675.1;protein_822
GCF_016757555.1;protein_768,GCF_900478295.1;protein_776,GCF_021729605.1;protein_554,GCF_017821635.1;protein_970,GCF_016755675.1;protein_823
GCF_016757555.1;protein_769,GCF_900478295.1;protein_775,GCF_021729605.1;protein_553,GCF_017821635.1;protein_971,GCF_016755675.1;protein_824
GCF_016757555.1;protein_77,GCF_900478295.1;protein_268,GCF_021729605.1;protein_77,GCF_017821635.1;protein_81,GCF_016755675.1;protein_77
GCF_016757555.1;protein_770,GCF_900478295.1;protein_774,GCF_021729605.1;protein_552,GCF_017821635.1;protein_972,GCF_016755675.1;protein_825
GCF_016757555.1;protein_771,GCF_900478295.1;protein_773,GCF_021729605.1;protein_551,GCF_017821635.1;protein_973,GCF_016755675.1;protein_826
GCF_016757555.1;protein_772,GCF_900478295.1;protein_772,GCF_021729605.1;protein_550,GCF_017821635.1;protein_974,GCF_016755675.1;protein_827
GCF_016757555.1;protein_773,GCF_900478295.1;protein_771,GCF_021729605.1;protein_549,GCF_017821635.1;protein_975,GCF_016755675.1;protein_828
GCF_016757555.1;protein_774,GCF_900478295.1;protein_770,GCF_021729605.1;protein_548,GCF_017821635.1;protein_976,GCF_016755675.1;protein_829
GCF_016757555.1;protein_775,GCF_900478295.1;protein_769,GCF_021729605.1;protein_547,GCF_017821635.1;protein_977,GCF_016755675.1;protein_830
GCF_016757555.1;protein_776,GCF_900478295.1;protein_768,GCF_021729605.1;protein_546,GCF_017821635.1;protein_978,GCF_016755675.1;protein_831
GCF_016757555.1;protein_777,GCF_900478295.1;protein_767,GCF_021729605.1;protein_545,GCF_017821635.1;protein_979,GCF_016755675.1;protein_832
GCF_016757555.1;protein_778,GCF_900478295.1;protein_766,GCF_021729605.1;protein_544,GCF_017821635.1;protein_980,GCF_016755675.1;protein_833
GCF_016757555.1;protein_779,GCF_900478295.1;protein_765,GCF_021729605.1;protein_543,GCF_017821635.1;protein_981,GCF_016755675.1;protein_834
GCF_016757555.1;protein_78,GCF_900478295.1;protein_269,GCF_021729605.1;protein_78,GCF_017821635.1;protein_82,GCF_016755675.1;protein_78
GCF_016757555.1;protein_780,GCF_900478295.1;protein_764,GCF_021729605.1;protein_542,GCF_017821635.1;protein_982,GCF_016755675.1;protein_835
GCF_016757555.1;protein_781,GCF_900478295.1;protein_763,GCF_021729605.1;protein_541,GCF_017821635.1;protein_983,GCF_016755675.1;protein_836
GCF_016757555.1;protein_782,GCF_900478295.1;protein_762,GCF_021729605.1;protein_540,GCF_017821635.1;protein_984,GCF_016755675.1;protein_837
GCF_016757555.1;protein_783,GCF_900478295.1;protein_761,GCF_021729605.1;protein_539,GCF_017821635.1;protein_985,GCF_016755675.1;protein_838
GCF_016757555.1;protein_784,GCF_900478295.1;protein_760,GCF_021729605.1;protein_538,GCF_017821635.1;protein_986,GCF_016755675.1;protein_839
GCF_016757555.1;protein_785,GCF_900478295.1;protein_759,GCF_021729605.1;protein_537,GCF_017821635.1;protein_987,GCF_016755675.1;protein_840
GCF_016757555.1;protein_786,GCF_900478295.1;protein_758,GCF_021729605.1;protein_536,GCF_017821635.1;protein_988,GCF_016755675.1;protein_841
GCF_016757555.1;protein_787,GCF_900478295.1;protein_757,GCF_021729605.1;protein_535,GCF_017821635.1;protein_989,GCF_016755675.1;protein_842
GCF_016757555.1;protein_788,GCF_900478295.1;protein_756,GCF_021729605.1;protein_534,GCF_017821635.1;protein_990,GCF_016755675.1;protein_843
GCF_016757555.1;protein_789,GCF_900478295.1;protein_755,GCF_021729605.1;protein_533,GCF_017821635.1;protein_991,GCF_016755675.1;protein_844
GCF_016757555.1;protein_79,GCF_900478295.1;protein_270,GCF_021729605.1;protein_79,GCF_017821635.1;protein_83,GCF_016755675.1;protein_79
GCF_016757555.1;protein_790,GCF_900478295.1;protein_754,GCF_021729605.1;protein_532,GCF_017821635.1;protein_992,GCF_016755675.1;protein_845
GCF_016757555.1;protein_791,GCF_900478295.1;protein_753,GCF_021729605.1;protein_531,GCF_017821635.1;protein_993,GCF_016755675.1;protein_846
GCF_016757555.1;protein_792,GCF_900478295.1;protein_752,GCF_021729605.1;protein_530,GCF_017821635.1;protein_994,GCF_016755675.1;protein_847
GCF_016757555.1;protein_793,GCF_900478295.1;protein_751,GCF_021729605.1;protein_529,GCF_017821635.1;protein_995,GCF_016755675.1;protein_848
GCF_016757555.1;protein_794,GCF_900478295.1;protein_750,GCF_021729605.1;protein_528,GCF_017821635.1;protein_997,GCF_016755675.1;protein_849
GCF_016757555.1;protein_795,GCF_900478295.1;protein_749,GCF_021729605.1;protein_527,GCF_017821635.1;protein_998,GCF_016755675.1;protein_850
GCF_016757555.1;protein_796,GCF_900478295.1;protein_748,GCF_021729605.1;protein_526,GCF_017821635.1;protein_999,GCF_016755675.1;protein_851
GCF_016757555.1;protein_797,GCF_900478295.1;protein_747,GCF_021729605.1;protein_525,GCF_017821635.1;protein_1000,GCF_016755675.1;protein_852
GCF_016757555.1;protein_798,GCF_900478295.1;protein_746,GCF_021729605.1;protein_524,GCF_017821635.1;protein_1001,GCF_016755675.1;protein_853
GCF_016757555.1;protein_799,GCF_900478295.1;protein_745,GCF_021729605.1;protein_523,GCF_017821635.1;protein_1002,GCF_016755675.1;protein_854
GCF_016757555.1;protein_8,GCF_900478295.1;protein_195,GCF_021729605.1;protein_8,GCF_017821635.1;protein_8,GCF_016755675.1;protein_7
GCF_016757555.1;protein_80,GCF_900478295.1;protein_271,GCF_021729605.1;protein_80,GCF_017821635.1;protein_84,GCF_016755675.1;protein_80
GCF_016757555.1;protein_801,GCF_900478295.1;protein_743,GCF_021729605.1;protein_522,GCF_017821635.1;protein_1004,GCF_016755675.1;protein_856
GCF_016757555.1;protein_802,GCF_900478295.1;protein_742,GCF_021729605.1;protein_521,GCF_017821635.1;protein_1005,GCF_016755675.1;protein_857
GCF_016757555.1;protein_803,GCF_900478295.1;protein_741,GCF_021729605.1;protein_520,GCF_017821635.1;protein_1006,GCF_016755675.1;protein_858
GCF_016757555.1;protein_804,GCF_900478295.1;protein_740,GCF_021729605.1;protein_519,GCF_017821635.1;protein_1007,GCF_016755675.1;protein_859
GCF_016757555.1;protein_805,GCF_900478295.1;protein_739,GCF_021729605.1;protein_518,GCF_017821635.1;protein_1008,GCF_016755675.1;protein_860
GCF_016757555.1;protein_806,GCF_900478295.1;protein_738,GCF_021729605.1;protein_517,GCF_017821635.1;protein_1009,GCF_016755675.1;protein_861
GCF_016757555.1;protein_807,GCF_900478295.1;protein_737,GCF_021729605.1;protein_516,GCF_017821635.1;protein_1010,GCF_016755675.1;protein_862
GCF_016757555.1;protein_81,GCF_900478295.1;protein_272,GCF_021729605.1;protein_81,GCF_017821635.1;protein_85,GCF_016755675.1;protein_81
GCF_016757555.1;protein_83,GCF_900478295.1;protein_274,GCF_021729605.1;protein_83,GCF_017821635.1;protein_87,GCF_016755675.1;protein_83
GCF_016757555.1;protein_840,GCF_900478295.1;protein_719,GCF_021729605.1;protein_515,GCF_017821635.1;protein_1046,GCF_016755675.1;protein_894
GCF_016757555.1;protein_841,GCF_900478295.1;protein_726,GCF_021729605.1;protein_514,GCF_017821635.1;protein_1047,GCF_016755675.1;protein_895
GCF_016757555.1;protein_842,GCF_900478295.1;protein_725,GCF_021729605.1;protein_513,GCF_017821635.1;protein_1048,GCF_016755675.1;protein_896
GCF_016757555.1;protein_843,GCF_900478295.1;protein_724,GCF_021729605.1;protein_512,GCF_017821635.1;protein_1049,GCF_016755675.1;protein_897
GCF_016757555.1;protein_844,GCF_900478295.1;protein_723,GCF_021729605.1;protein_511,GCF_017821635.1;protein_1050,GCF_016755675.1;protein_898
GCF_016757555.1;protein_845,GCF_900478295.1;protein_722,GCF_021729605.1;protein_510,GCF_017821635.1;protein_1051,GCF_016755675.1;protein_899
GCF_016757555.1;protein_847,GCF_900478295.1;protein_720,GCF_021729605.1;protein_858,GCF_017821635.1;protein_1053,GCF_016755675.1;protein_901
GCF_016757555.1;protein_849,GCF_900478295.1;protein_688,GCF_021729605.1;protein_856,GCF_017821635.1;protein_1055,GCF_016755675.1;protein_903
GCF_016757555.1;protein_850,GCF_900478295.1;protein_687,GCF_021729605.1;protein_855,GCF_017821635.1;protein_1056,GCF_016755675.1;protein_904
GCF_016757555.1;protein_852,GCF_900478295.1;protein_685,GCF_021729605.1;protein_853,GCF_017821635.1;protein_1058,GCF_016755675.1;protein_906
GCF_016757555.1;protein_853,GCF_900478295.1;protein_684,GCF_021729605.1;protein_852,GCF_017821635.1;protein_1059,GCF_016755675.1;protein_907
GCF_016757555.1;protein_856,GCF_900478295.1;protein_680,GCF_021729605.1;protein_849,GCF_017821635.1;protein_1062,GCF_016755675.1;protein_910
GCF_016757555.1;protein_857,GCF_900478295.1;protein_679,GCF_021729605.1;protein_848,GCF_017821635.1;protein_1063,GCF_016755675.1;protein_911
GCF_016757555.1;protein_858,GCF_900478295.1;protein_678,GCF_021729605.1;protein_847,GCF_017821635.1;protein_1064,GCF_016755675.1;protein_912
GCF_016757555.1;protein_859,GCF_900478295.1;protein_677,GCF_021729605.1;protein_846,GCF_017821635.1;protein_1065,GCF_016755675.1;protein_913
GCF_016757555.1;protein_86,GCF_900478295.1;protein_277,GCF_021729605.1;protein_85,GCF_017821635.1;protein_90,GCF_016755675.1;protein_86
GCF_016757555.1;protein_860,GCF_900478295.1;protein_676,GCF_021729605.1;protein_845,GCF_017821635.1;protein_1066,GCF_016755675.1;protein_914
GCF_016757555.1;protein_861,GCF_900478295.1;protein_675,GCF_021729605.1;protein_844,GCF_017821635.1;protein_1067,GCF_016755675.1;protein_915
GCF_016757555.1;protein_862,GCF_900478295.1;protein_674,GCF_021729605.1;protein_843,GCF_017821635.1;protein_1068,GCF_016755675.1;protein_916
GCF_016757555.1;protein_863,GCF_900478295.1;protein_673,GCF_021729605.1;protein_842,GCF_017821635.1;protein_1069,GCF_016755675.1;protein_917
GCF_016757555.1;protein_864,GCF_900478295.1;protein_672,GCF_021729605.1;protein_841,GCF_017821635.1;protein_1070,GCF_016755675.1;protein_918
GCF_016757555.1;protein_865,GCF_900478295.1;protein_671,GCF_021729605.1;protein_840,GCF_017821635.1;protein_1071,GCF_016755675.1;protein_919
GCF_016757555.1;protein_866,GCF_900478295.1;protein_670,GCF_021729605.1;protein_839,GCF_017821635.1;protein_1072,GCF_016755675.1;protein_920
GCF_016757555.1;protein_867,GCF_900478295.1;protein_669,GCF_021729605.1;protein_838,GCF_017821635.1;protein_1073,GCF_016755675.1;protein_921
GCF_016757555.1;protein_87,GCF_900478295.1;protein_278,GCF_021729605.1;protein_86,GCF_017821635.1;protein_91,GCF_016755675.1;protein_87
GCF_016757555.1;protein_870,GCF_900478295.1;protein_1060,GCF_021729605.1;protein_866,GCF_017821635.1;protein_658,GCF_016755675.1;protein_550
GCF_016757555.1;protein_871,GCF_900478295.1;protein_1061,GCF_021729605.1;protein_867,GCF_017821635.1;protein_657,GCF_016755675.1;protein_549
GCF_016757555.1;protein_872,GCF_900478295.1;protein_1062,GCF_021729605.1;protein_868,GCF_017821635.1;protein_656,GCF_016755675.1;protein_548
GCF_016757555.1;protein_873,GCF_900478295.1;protein_1063,GCF_021729605.1;protein_869,GCF_017821635.1;protein_655,GCF_016755675.1;protein_547
GCF_016757555.1;protein_876,GCF_900478295.1;protein_1065,GCF_021729605.1;protein_871,GCF_017821635.1;protein_652,GCF_016755675.1;protein_545
GCF_016757555.1;protein_877,GCF_900478295.1;protein_1066,GCF_021729605.1;protein_872,GCF_017821635.1;protein_651,GCF_016755675.1;protein_544
GCF_016757555.1;protein_878,GCF_900478295.1;protein_1067,GCF_021729605.1;protein_873,GCF_017821635.1;protein_650,GCF_016755675.1;protein_543
GCF_016757555.1;protein_879,GCF_900478295.1;protein_1068,GCF_021729605.1;protein_874,GCF_017821635.1;protein_649,GCF_016755675.1;protein_542
GCF_016757555.1;protein_88,GCF_900478295.1;protein_279,GCF_021729605.1;protein_87,GCF_017821635.1;protein_92,GCF_016755675.1;protein_88
GCF_016757555.1;protein_883,GCF_900478295.1;protein_1074,GCF_021729605.1;protein_878,GCF_017821635.1;protein_642,GCF_016755675.1;protein_538
GCF_016757555.1;protein_884,GCF_900478295.1;protein_1075,GCF_021729605.1;protein_879,GCF_017821635.1;protein_641,GCF_016755675.1;protein_537
GCF_016757555.1;protein_885,GCF_900478295.1;protein_1076,GCF_021729605.1;protein_880,GCF_017821635.1;protein_640,GCF_016755675.1;protein_536
GCF_016757555.1;protein_886,GCF_900478295.1;protein_1077,GCF_021729605.1;protein_881,GCF_017821635.1;protein_639,GCF_016755675.1;protein_535
GCF_016757555.1;protein_887,GCF_900478295.1;protein_1079,GCF_021729605.1;protein_882,GCF_017821635.1;protein_637,GCF_016755675.1;protein_534
GCF_016757555.1;protein_889,GCF_900478295.1;protein_1081,GCF_021729605.1;protein_884,GCF_017821635.1;protein_635,GCF_016755675.1;protein_532
GCF_016757555.1;protein_89,GCF_900478295.1;protein_280,GCF_021729605.1;protein_88,GCF_017821635.1;protein_93,GCF_016755675.1;protein_89
GCF_016757555.1;protein_890,GCF_900478295.1;protein_1082,GCF_021729605.1;protein_885,GCF_017821635.1;protein_634,GCF_016755675.1;protein_531
GCF_016757555.1;protein_891,GCF_900478295.1;protein_1083,GCF_021729605.1;protein_886,GCF_017821635.1;protein_633,GCF_016755675.1;protein_530
GCF_016757555.1;protein_892,GCF_900478295.1;protein_1084,GCF_021729605.1;protein_887,GCF_017821635.1;protein_632,GCF_016755675.1;protein_529
GCF_016757555.1;protein_894,GCF_900478295.1;protein_1086,GCF_021729605.1;protein_889,GCF_017821635.1;protein_630,GCF_016755675.1;protein_527
GCF_016757555.1;protein_895,GCF_900478295.1;protein_1087,GCF_021729605.1;protein_890,GCF_017821635.1;protein_629,GCF_016755675.1;protein_526
GCF_016757555.1;protein_896,GCF_900478295.1;protein_1088,GCF_021729605.1;protein_891,GCF_017821635.1;protein_628,GCF_016755675.1;protein_525
GCF_016757555.1;protein_897,GCF_900478295.1;protein_1089,GCF_021729605.1;protein_892,GCF_017821635.1;protein_627,GCF_016755675.1;protein_524
GCF_016757555.1;protein_898,GCF_900478295.1;protein_1090,GCF_021729605.1;protein_893,GCF_017821635.1;protein_626,GCF_016755675.1;protein_523
GCF_016757555.1;protein_899,GCF_900478295.1;protein_1092,GCF_021729605.1;protein_894,GCF_017821635.1;protein_625,GCF_016755675.1;protein_522
GCF_016757555.1;protein_9,GCF_900478295.1;protein_196,GCF_021729605.1;protein_9,GCF_017821635.1;protein_9,GCF_016755675.1;protein_8
GCF_016757555.1;protein_900,GCF_900478295.1;protein_1093,GCF_021729605.1;protein_895,GCF_017821635.1;protein_624,GCF_016755675.1;protein_521
GCF_016757555.1;protein_901,GCF_900478295.1;protein_1094,GCF_021729605.1;protein_896,GCF_017821635.1;protein_623,GCF_016755675.1;protein_520
GCF_016757555.1;protein_902,GCF_900478295.1;protein_1095,GCF_021729605.1;protein_897,GCF_017821635.1;protein_622,GCF_016755675.1;protein_519
GCF_016757555.1;protein_903,GCF_900478295.1;protein_1096,GCF_021729605.1;protein_898,GCF_017821635.1;protein_621,GCF_016755675.1;protein_518
GCF_016757555.1;protein_906,GCF_900478295.1;protein_1099,GCF_021729605.1;protein_901,GCF_017821635.1;protein_618,GCF_016755675.1;protein_515
GCF_016757555.1;protein_907,GCF_900478295.1;protein_1100,GCF_021729605.1;protein_902,GCF_017821635.1;protein_617,GCF_016755675.1;protein_514
GCF_016757555.1;protein_908,GCF_900478295.1;protein_1101,GCF_021729605.1;protein_903,GCF_017821635.1;protein_616,GCF_016755675.1;protein_513
GCF_016757555.1;protein_909,GCF_900478295.1;protein_1102,GCF_021729605.1;protein_904,GCF_017821635.1;protein_615,GCF_016755675.1;protein_512
GCF_016757555.1;protein_91,GCF_900478295.1;protein_282,GCF_021729605.1;protein_90,GCF_017821635.1;protein_95,GCF_016755675.1;protein_91
GCF_016757555.1;protein_910,GCF_900478295.1;protein_1103,GCF_021729605.1;protein_905,GCF_017821635.1;protein_614,GCF_016755675.1;protein_511
GCF_016757555.1;protein_911,GCF_900478295.1;protein_1104,GCF_021729605.1;protein_906,GCF_017821635.1;protein_613,GCF_016755675.1;protein_510
GCF_016757555.1;protein_912,GCF_900478295.1;protein_1105,GCF_021729605.1;protein_907,GCF_017821635.1;protein_612,GCF_016755675.1;protein_509
GCF_016757555.1;protein_913,GCF_900478295.1;protein_1106,GCF_021729605.1;protein_908,GCF_017821635.1;protein_611,GCF_016755675.1;protein_508
GCF_016757555.1;protein_914,GCF_900478295.1;protein_1107,GCF_021729605.1;protein_909,GCF_017821635.1;protein_610,GCF_016755675.1;protein_507
GCF_016757555.1;protein_915,GCF_900478295.1;protein_1108,GCF_021729605.1;protein_910,GCF_017821635.1;protein_609,GCF_016755675.1;protein_506
GCF_016757555.1;protein_916,GCF_900478295.1;protein_1109,GCF_021729605.1;protein_911,GCF_017821635.1;protein_608,GCF_016755675.1;protein_505
GCF_016757555.1;protein_918,GCF_900478295.1;protein_1111,GCF_021729605.1;protein_913,GCF_017821635.1;protein_606,GCF_016755675.1;protein_503
GCF_016757555.1;protein_92,GCF_900478295.1;protein_283,GCF_021729605.1;protein_91,GCF_017821635.1;protein_97,GCF_016755675.1;protein_92
GCF_016757555.1;protein_921,GCF_900478295.1;protein_1116,GCF_021729605.1;protein_915,GCF_017821635.1;protein_602,GCF_016755675.1;protein_500
GCF_016757555.1;protein_922,GCF_900478295.1;protein_1117,GCF_021729605.1;protein_916,GCF_017821635.1;protein_601,GCF_016755675.1;protein_499
GCF_016757555.1;protein_923,GCF_900478295.1;protein_1118,GCF_021729605.1;protein_917,GCF_017821635.1;protein_600,GCF_016755675.1;protein_498
GCF_016757555.1;protein_924,GCF_900478295.1;protein_1119,GCF_021729605.1;protein_918,GCF_017821635.1;protein_599,GCF_016755675.1;protein_497
GCF_016757555.1;protein_925,GCF_900478295.1;protein_1120,GCF_021729605.1;protein_919,GCF_017821635.1;protein_598,GCF_016755675.1;protein_496
GCF_016757555.1;protein_926,GCF_900478295.1;protein_1121,GCF_021729605.1;protein_920,GCF_017821635.1;protein_597,GCF_016755675.1;protein_495
GCF_016757555.1;protein_928,GCF_900478295.1;protein_1122,GCF_021729605.1;protein_922,GCF_017821635.1;protein_596,GCF_016755675.1;protein_493
GCF_016757555.1;protein_929,GCF_900478295.1;protein_1123,GCF_021729605.1;protein_923,GCF_017821635.1;protein_595,GCF_016755675.1;protein_492
GCF_016757555.1;protein_93,GCF_900478295.1;protein_284,GCF_021729605.1;protein_92,GCF_017821635.1;protein_98,GCF_016755675.1;protein_93
GCF_016757555.1;protein_930,GCF_900478295.1;protein_1124,GCF_021729605.1;protein_924,GCF_017821635.1;protein_594,GCF_016755675.1;protein_490
GCF_016757555.1;protein_931,GCF_900478295.1;protein_1125,GCF_021729605.1;protein_925,GCF_017821635.1;protein_593,GCF_016755675.1;protein_489
GCF_016757555.1;protein_932,GCF_900478295.1;protein_1126,GCF_021729605.1;protein_926,GCF_017821635.1;protein_592,GCF_016755675.1;protein_488
GCF_016757555.1;protein_933,GCF_900478295.1;protein_1127,GCF_021729605.1;protein_927,GCF_017821635.1;protein_591,GCF_016755675.1;protein_487
GCF_016757555.1;protein_934,GCF_900478295.1;protein_1128,GCF_021729605.1;protein_928,GCF_017821635.1;protein_590,GCF_016755675.1;protein_486
GCF_016757555.1;protein_935,GCF_900478295.1;protein_1129,GCF_021729605.1;protein_929,GCF_017821635.1;protein_589,GCF_016755675.1;protein_485
GCF_016757555.1;protein_937,GCF_900478295.1;protein_1131,GCF_021729605.1;protein_931,GCF_017821635.1;protein_587,GCF_016755675.1;protein_483
GCF_016757555.1;protein_938,GCF_900478295.1;protein_1132,GCF_021729605.1;protein_932,GCF_017821635.1;protein_586,GCF_016755675.1;protein_482
GCF_016757555.1;protein_939,GCF_900478295.1;protein_1133,GCF_021729605.1;protein_933,GCF_017821635.1;protein_585,GCF_016755675.1;protein_481
GCF_016757555.1;protein_94,GCF_900478295.1;protein_285,GCF_021729605.1;protein_93,GCF_017821635.1;protein_99,GCF_016755675.1;protein_94
GCF_016757555.1;protein_940,GCF_900478295.1;protein_1134,GCF_021729605.1;protein_934,GCF_017821635.1;protein_584,GCF_016755675.1;protein_480
GCF_016757555.1;protein_941,GCF_900478295.1;protein_1135,GCF_021729605.1;protein_935,GCF_017821635.1;protein_583,GCF_016755675.1;protein_479
GCF_016757555.1;protein_942,GCF_900478295.1;protein_1136,GCF_021729605.1;protein_936,GCF_017821635.1;protein_582,GCF_016755675.1;protein_478
GCF_016757555.1;protein_943,GCF_900478295.1;protein_1137,GCF_021729605.1;protein_937,GCF_017821635.1;protein_581,GCF_016755675.1;protein_477
GCF_016757555.1;protein_946,GCF_900478295.1;protein_1140,GCF_021729605.1;protein_940,GCF_017821635.1;protein_575,GCF_016755675.1;protein_474
GCF_016757555.1;protein_948,GCF_900478295.1;protein_1141,GCF_021729605.1;protein_942,GCF_017821635.1;protein_573,GCF_016755675.1;protein_472
GCF_016757555.1;protein_949,GCF_900478295.1;protein_1142,GCF_021729605.1;protein_943,GCF_017821635.1;protein_572,GCF_016755675.1;protein_471
GCF_016757555.1;protein_95,GCF_900478295.1;protein_286,GCF_021729605.1;protein_94,GCF_017821635.1;protein_100,GCF_016755675.1;protein_95
GCF_016757555.1;protein_950,GCF_900478295.1;protein_1143,GCF_021729605.1;protein_944,GCF_017821635.1;protein_571,GCF_016755675.1;protein_470
GCF_016757555.1;protein_951,GCF_900478295.1;protein_1144,GCF_021729605.1;protein_945,GCF_017821635.1;protein_570,GCF_016755675.1;protein_469
GCF_016757555.1;protein_952,GCF_900478295.1;protein_1145,GCF_021729605.1;protein_946,GCF_017821635.1;protein_569,GCF_016755675.1;protein_468
GCF_016757555.1;protein_953,GCF_900478295.1;protein_1146,GCF_021729605.1;protein_947,GCF_017821635.1;protein_568,GCF_016755675.1;protein_467
GCF_016757555.1;protein_954,GCF_900478295.1;protein_1147,GCF_021729605.1;protein_948,GCF_017821635.1;protein_567,GCF_016755675.1;protein_466
GCF_016757555.1;protein_955,GCF_900478295.1;protein_1148,GCF_021729605.1;protein_949,GCF_017821635.1;protein_566,GCF_016755675.1;protein_465
GCF_016757555.1;protein_956,GCF_900478295.1;protein_1149,GCF_021729605.1;protein_950,GCF_017821635.1;protein_565,GCF_016755675.1;protein_464
GCF_016757555.1;protein_957,GCF_900478295.1;protein_1150,GCF_021729605.1;protein_951,GCF_017821635.1;protein_564,GCF_016755675.1;protein_463
GCF_016757555.1;protein_958,GCF_900478295.1;protein_1151,GCF_021729605.1;protein_952,GCF_017821635.1;protein_563,GCF_016755675.1;protein_462
GCF_016757555.1;protein_959,GCF_900478295.1;protein_1152,GCF_021729605.1;protein_953,GCF_017821635.1;protein_562,GCF_016755675.1;protein_461
GCF_016757555.1;protein_96,GCF_900478295.1;protein_287,GCF_021729605.1;protein_95,GCF_017821635.1;protein_101,GCF_016755675.1;protein_96
GCF_016757555.1;protein_961,GCF_900478295.1;protein_1156,GCF_021729605.1;protein_955,GCF_017821635.1;protein_559,GCF_016755675.1;protein_459
GCF_016757555.1;protein_97,GCF_900478295.1;protein_288,GCF_021729605.1;protein_96,GCF_017821635.1;protein_102,GCF_016755675.1;protein_97
GCF_016757555.1;protein_978,GCF_900478295.1;protein_1164,GCF_021729605.1;protein_976,GCF_017821635.1;protein_1473,GCF_016755675.1;protein_986
GCF_016757555.1;protein_98,GCF_900478295.1;protein_289,GCF_021729605.1;protein_97,GCF_017821635.1;protein_103,GCF_016755675.1;protein_98
GCF_016757555.1;protein_981,GCF_900478295.1;protein_1169,GCF_021729605.1;protein_979,GCF_017821635.1;protein_535,GCF_016755675.1;protein_989
GCF_016757555.1;protein_982,GCF_900478295.1;protein_1170,GCF_021729605.1;protein_980,GCF_017821635.1;protein_534,GCF_016755675.1;protein_990
GCF_016757555.1;protein_983,GCF_900478295.1;protein_1171,GCF_021729605.1;protein_981,GCF_017821635.1;protein_533,GCF_016755675.1;protein_991
GCF_016757555.1;protein_984,GCF_900478295.1;protein_1172,GCF_021729605.1;protein_982,GCF_017821635.1;protein_532,GCF_016755675.1;protein_992
GCF_016757555.1;protein_985,GCF_900478295.1;protein_1173,GCF_021729605.1;protein_983,GCF_017821635.1;protein_531,GCF_016755675.1;protein_993
GCF_016757555.1;protein_986,GCF_900478295.1;protein_1174,GCF_021729605.1;protein_984,GCF_017821635.1;protein_530,GCF_016755675.1;protein_994
GCF_016757555.1;protein_987,GCF_900478295.1;protein_1175,GCF_021729605.1;protein_985,GCF_017821635.1;protein_529,GCF_016755675.1;protein_995
GCF_016757555.1;protein_988,GCF_900478295.1;protein_1176,GCF_021729605.1;protein_986,GCF_017821635.1;protein_528,GCF_016755675.1;protein_996
GCF_016757555.1;protein_989,GCF_900478295.1;protein_1177,GCF_021729605.1;protein_987,GCF_017821635.1;protein_527,GCF_016755675.1;protein_997
GCF_016757555.1;protein_99,GCF_900478295.1;protein_290,GCF_021729605.1;protein_98,GCF_017821635.1;protein_104,GCF_016755675.1;protein_99
GCF_016757555.1;protein_990,GCF_900478295.1;protein_1178,GCF_021729605.1;protein_988,GCF_017821635.1;protein_526,GCF_016755675.1;protein_998
GCF_016757555.1;protein_991,GCF_900478295.1;protein_1179,GCF_021729605.1;protein_989,GCF_017821635.1;protein_525,GCF_016755675.1;protein_999
GCF_016757555.1;protein_992,GCF_900478295.1;protein_1180,GCF_021729605.1;protein_990,GCF_017821635.1;protein_524,GCF_016755675.1;protein_1000
GCF_016757555.1;protein_993,GCF_900478295.1;protein_1181,GCF_021729605.1;protein_991,GCF_017821635.1;protein_523,GCF_016755675.1;protein_1001
GCF_016757555.1;protein_994,GCF_900478295.1;protein_1182,GCF_021729605.1;protein_992,GCF_017821635.1;protein_522,GCF_016755675.1;protein_1002
GCF_016757555.1;protein_995,GCF_900478295.1;protein_1183,GCF_021729605.1;protein_993,GCF_017821635.1;protein_521,GCF_016755675.1;protein_1003
GCF_016757555.1;protein_996,GCF_900478295.1;protein_1184,GCF_021729605.1;protein_994,GCF_017821635.1;protein_520,GCF_016755675.1;protein_1004
GCF_016757555.1;protein_997,GCF_900478295.1;protein_1185,GCF_021729605.1;protein_995,GCF_017821635.1;protein_519,GCF_016755675.1;protein_1005
GCF_016757555.1;protein_998,GCF_900478295.1;protein_1186,GCF_021729605.1;protein_996,GCF_017821635.1;protein_518,GCF_016755675.1;protein_1006
GCF_016757555.1;protein_999,GCF_900478295.1;protein_1187,GCF_021729605.1;protein_997,GCF_017821635.1;protein_517,GCF_016755675.1;protein_1007
