GCF_016748085.1,GCF_002952675.1,GCF_002951975.1,GCF_002952595.1,GCF_001653415.1,GCF_900638475.1,GCF_016749215.1,GCF_019974055.1,GCF_013122055.1,GCF_003050665.1
GCF_016748085.1;protein_0,GCF_002952675.1;protein_1485,GCF_002951975.1;protein_1481,GCF_002952595.1;protein_1480,GCF_001653415.1;protein_54,GCF_900638475.1;protein_153,GCF_016749215.1;protein_0,GCF_019974055.1;protein_180,GCF_013122055.1;protein_185,GCF_003050665.1;protein_976
GCF_016748085.1;protein_1,GCF_002952675.1;protein_1484,GCF_002951975.1;protein_1480,GCF_002952595.1;protein_1479,GCF_001653415.1;protein_55,GCF_900638475.1;protein_154,GCF_016749215.1;protein_1,GCF_019974055.1;protein_179,GCF_013122055.1;protein_186,GCF_003050665.1;protein_977
GCF_016748085.1;protein_10,GCF_002952675.1;protein_1474,GCF_002951975.1;protein_1470,GCF_002952595.1;protein_1469,GCF_001653415.1;protein_65,GCF_900638475.1;protein_163,GCF_016749215.1;protein_11,GCF_019974055.1;protein_169,GCF_013122055.1;protein_196,GCF_003050665.1;protein_987
GCF_016748085.1;protein_100,GCF_002952675.1;protein_1340,GCF_002951975.1;protein_1336,GCF_002952595.1;protein_1335,GCF_001653415.1;protein_158,GCF_900638475.1;protein_251,GCF_016749215.1;protein_106,GCF_019974055.1;protein_288,GCF_013122055.1;protein_285,GCF_003050665.1;protein_1079
GCF_016748085.1;protein_1000,GCF_002952675.1;protein_515,GCF_002951975.1;protein_513,GCF_002952595.1;protein_513,GCF_001653415.1;protein_984,GCF_900638475.1;protein_497,GCF_016749215.1;protein_961,GCF_019974055.1;protein_1185,GCF_013122055.1;protein_1086,GCF_003050665.1;protein_348
GCF_016748085.1;protein_1001,GCF_002952675.1;protein_514,GCF_002951975.1;protein_512,GCF_002952595.1;protein_512,GCF_001653415.1;protein_985,GCF_900638475.1;protein_496,GCF_016749215.1;protein_962,GCF_019974055.1;protein_1186,GCF_013122055.1;protein_1087,GCF_003050665.1;protein_349
GCF_016748085.1;protein_1002,GCF_002952675.1;protein_513,GCF_002951975.1;protein_511,GCF_002952595.1;protein_511,GCF_001653415.1;protein_986,GCF_900638475.1;protein_495,GCF_016749215.1;protein_963,GCF_019974055.1;protein_1187,GCF_013122055.1;protein_1088,GCF_003050665.1;protein_350
GCF_016748085.1;protein_1005,GCF_002952675.1;protein_508,GCF_002951975.1;protein_507,GCF_002952595.1;protein_507,GCF_001653415.1;protein_988,GCF_900638475.1;protein_492,GCF_016749215.1;protein_965,GCF_019974055.1;protein_1188,GCF_013122055.1;protein_1091,GCF_003050665.1;protein_354
GCF_016748085.1;protein_101,GCF_002952675.1;protein_1339,GCF_002951975.1;protein_1335,GCF_002952595.1;protein_1334,GCF_001653415.1;protein_159,GCF_900638475.1;protein_252,GCF_016749215.1;protein_107,GCF_019974055.1;protein_289,GCF_013122055.1;protein_286,GCF_003050665.1;protein_1080
GCF_016748085.1;protein_1012,GCF_002952675.1;protein_428,GCF_002951975.1;protein_427,GCF_002952595.1;protein_427,GCF_001653415.1;protein_1017,GCF_900638475.1;protein_480,GCF_016749215.1;protein_971,GCF_019974055.1;protein_1196,GCF_013122055.1;protein_1138,GCF_003050665.1;protein_368
GCF_016748085.1;protein_1013,GCF_002952675.1;protein_427,GCF_002951975.1;protein_426,GCF_002952595.1;protein_426,GCF_001653415.1;protein_1018,GCF_900638475.1;protein_479,GCF_016749215.1;protein_972,GCF_019974055.1;protein_1197,GCF_013122055.1;protein_1139,GCF_003050665.1;protein_369
GCF_016748085.1;protein_1014,GCF_002952675.1;protein_426,GCF_002951975.1;protein_425,GCF_002952595.1;protein_425,GCF_001653415.1;protein_1019,GCF_900638475.1;protein_478,GCF_016749215.1;protein_973,GCF_019974055.1;protein_1198,GCF_013122055.1;protein_1140,GCF_003050665.1;protein_370
GCF_016748085.1;protein_1015,GCF_002952675.1;protein_425,GCF_002951975.1;protein_424,GCF_002952595.1;protein_424,GCF_001653415.1;protein_1020,GCF_900638475.1;protein_477,GCF_016749215.1;protein_974,GCF_019974055.1;protein_1199,GCF_013122055.1;protein_1141,GCF_003050665.1;protein_371
GCF_016748085.1;protein_1016,GCF_002952675.1;protein_424,GCF_002951975.1;protein_423,GCF_002952595.1;protein_423,GCF_001653415.1;protein_1021,GCF_900638475.1;protein_476,GCF_016749215.1;protein_975,GCF_019974055.1;protein_1200,GCF_013122055.1;protein_1142,GCF_003050665.1;protein_372
GCF_016748085.1;protein_1017,GCF_002952675.1;protein_423,GCF_002951975.1;protein_422,GCF_002952595.1;protein_422,GCF_001653415.1;protein_1022,GCF_900638475.1;protein_475,GCF_016749215.1;protein_976,GCF_019974055.1;protein_1201,GCF_013122055.1;protein_1143,GCF_003050665.1;protein_373
GCF_016748085.1;protein_1018,GCF_002952675.1;protein_422,GCF_002951975.1;protein_421,GCF_002952595.1;protein_421,GCF_001653415.1;protein_1023,GCF_900638475.1;protein_474,GCF_016749215.1;protein_977,GCF_019974055.1;protein_1202,GCF_013122055.1;protein_1144,GCF_003050665.1;protein_374
GCF_016748085.1;protein_1019,GCF_002952675.1;protein_421,GCF_002951975.1;protein_420,GCF_002952595.1;protein_420,GCF_001653415.1;protein_1024,GCF_900638475.1;protein_473,GCF_016749215.1;protein_978,GCF_019974055.1;protein_1203,GCF_013122055.1;protein_1145,GCF_003050665.1;protein_375
GCF_016748085.1;protein_102,GCF_002952675.1;protein_1338,GCF_002951975.1;protein_1334,GCF_002952595.1;protein_1333,GCF_001653415.1;protein_160,GCF_900638475.1;protein_253,GCF_016749215.1;protein_108,GCF_019974055.1;protein_290,GCF_013122055.1;protein_287,GCF_003050665.1;protein_1081
GCF_016748085.1;protein_1020,GCF_002952675.1;protein_420,GCF_002951975.1;protein_419,GCF_002952595.1;protein_419,GCF_001653415.1;protein_1025,GCF_900638475.1;protein_472,GCF_016749215.1;protein_979,GCF_019974055.1;protein_1204,GCF_013122055.1;protein_1146,GCF_003050665.1;protein_376
GCF_016748085.1;protein_1021,GCF_002952675.1;protein_419,GCF_002951975.1;protein_418,GCF_002952595.1;protein_418,GCF_001653415.1;protein_1027,GCF_900638475.1;protein_470,GCF_016749215.1;protein_980,GCF_019974055.1;protein_1205,GCF_013122055.1;protein_1147,GCF_003050665.1;protein_377
GCF_016748085.1;protein_1022,GCF_002952675.1;protein_418,GCF_002951975.1;protein_417,GCF_002952595.1;protein_417,GCF_001653415.1;protein_1028,GCF_900638475.1;protein_469,GCF_016749215.1;protein_981,GCF_019974055.1;protein_1206,GCF_013122055.1;protein_1148,GCF_003050665.1;protein_378
GCF_016748085.1;protein_1024,GCF_002952675.1;protein_416,GCF_002951975.1;protein_415,GCF_002952595.1;protein_415,GCF_001653415.1;protein_1030,GCF_900638475.1;protein_467,GCF_016749215.1;protein_983,GCF_019974055.1;protein_1208,GCF_013122055.1;protein_1150,GCF_003050665.1;protein_380
GCF_016748085.1;protein_1025,GCF_002952675.1;protein_415,GCF_002951975.1;protein_414,GCF_002952595.1;protein_414,GCF_001653415.1;protein_1031,GCF_900638475.1;protein_466,GCF_016749215.1;protein_984,GCF_019974055.1;protein_1209,GCF_013122055.1;protein_1151,GCF_003050665.1;protein_381
GCF_016748085.1;protein_1026,GCF_002952675.1;protein_414,GCF_002951975.1;protein_413,GCF_002952595.1;protein_413,GCF_001653415.1;protein_1032,GCF_900638475.1;protein_465,GCF_016749215.1;protein_985,GCF_019974055.1;protein_1210,GCF_013122055.1;protein_1152,GCF_003050665.1;protein_382
GCF_016748085.1;protein_1027,GCF_002952675.1;protein_413,GCF_002951975.1;protein_412,GCF_002952595.1;protein_412,GCF_001653415.1;protein_1033,GCF_900638475.1;protein_464,GCF_016749215.1;protein_986,GCF_019974055.1;protein_1211,GCF_013122055.1;protein_1153,GCF_003050665.1;protein_383
GCF_016748085.1;protein_1028,GCF_002952675.1;protein_412,GCF_002951975.1;protein_411,GCF_002952595.1;protein_411,GCF_001653415.1;protein_1034,GCF_900638475.1;protein_463,GCF_016749215.1;protein_987,GCF_019974055.1;protein_1212,GCF_013122055.1;protein_1154,GCF_003050665.1;protein_384
GCF_016748085.1;protein_1029,GCF_002952675.1;protein_411,GCF_002951975.1;protein_410,GCF_002952595.1;protein_410,GCF_001653415.1;protein_1035,GCF_900638475.1;protein_462,GCF_016749215.1;protein_988,GCF_019974055.1;protein_1213,GCF_013122055.1;protein_1155,GCF_003050665.1;protein_385
GCF_016748085.1;protein_103,GCF_002952675.1;protein_1337,GCF_002951975.1;protein_1333,GCF_002952595.1;protein_1332,GCF_001653415.1;protein_161,GCF_900638475.1;protein_254,GCF_016749215.1;protein_109,GCF_019974055.1;protein_291,GCF_013122055.1;protein_288,GCF_003050665.1;protein_1082
GCF_016748085.1;protein_1030,GCF_002952675.1;protein_410,GCF_002951975.1;protein_409,GCF_002952595.1;protein_409,GCF_001653415.1;protein_1036,GCF_900638475.1;protein_461,GCF_016749215.1;protein_989,GCF_019974055.1;protein_1214,GCF_013122055.1;protein_1156,GCF_003050665.1;protein_386
GCF_016748085.1;protein_1031,GCF_002952675.1;protein_409,GCF_002951975.1;protein_408,GCF_002952595.1;protein_408,GCF_001653415.1;protein_1037,GCF_900638475.1;protein_460,GCF_016749215.1;protein_990,GCF_019974055.1;protein_1215,GCF_013122055.1;protein_1157,GCF_003050665.1;protein_387
GCF_016748085.1;protein_1032,GCF_002952675.1;protein_408,GCF_002951975.1;protein_407,GCF_002952595.1;protein_407,GCF_001653415.1;protein_1038,GCF_900638475.1;protein_459,GCF_016749215.1;protein_991,GCF_019974055.1;protein_1216,GCF_013122055.1;protein_1158,GCF_003050665.1;protein_388
GCF_016748085.1;protein_1033,GCF_002952675.1;protein_407,GCF_002951975.1;protein_406,GCF_002952595.1;protein_406,GCF_001653415.1;protein_1039,GCF_900638475.1;protein_458,GCF_016749215.1;protein_992,GCF_019974055.1;protein_1217,GCF_013122055.1;protein_1159,GCF_003050665.1;protein_389
GCF_016748085.1;protein_1034,GCF_002952675.1;protein_406,GCF_002951975.1;protein_405,GCF_002952595.1;protein_405,GCF_001653415.1;protein_1040,GCF_900638475.1;protein_457,GCF_016749215.1;protein_993,GCF_019974055.1;protein_1218,GCF_013122055.1;protein_1160,GCF_003050665.1;protein_390
GCF_016748085.1;protein_1035,GCF_002952675.1;protein_405,GCF_002951975.1;protein_404,GCF_002952595.1;protein_404,GCF_001653415.1;protein_1041,GCF_900638475.1;protein_456,GCF_016749215.1;protein_994,GCF_019974055.1;protein_1219,GCF_013122055.1;protein_1161,GCF_003050665.1;protein_391
GCF_016748085.1;protein_1036,GCF_002952675.1;protein_404,GCF_002951975.1;protein_403,GCF_002952595.1;protein_403,GCF_001653415.1;protein_1042,GCF_900638475.1;protein_455,GCF_016749215.1;protein_995,GCF_019974055.1;protein_1220,GCF_013122055.1;protein_1162,GCF_003050665.1;protein_392
GCF_016748085.1;protein_1037,GCF_002952675.1;protein_403,GCF_002951975.1;protein_402,GCF_002952595.1;protein_402,GCF_001653415.1;protein_1043,GCF_900638475.1;protein_454,GCF_016749215.1;protein_996,GCF_019974055.1;protein_1221,GCF_013122055.1;protein_1163,GCF_003050665.1;protein_393
GCF_016748085.1;protein_1038,GCF_002952675.1;protein_402,GCF_002951975.1;protein_401,GCF_002952595.1;protein_401,GCF_001653415.1;protein_1044,GCF_900638475.1;protein_453,GCF_016749215.1;protein_997,GCF_019974055.1;protein_1222,GCF_013122055.1;protein_1164,GCF_003050665.1;protein_394
GCF_016748085.1;protein_1039,GCF_002952675.1;protein_401,GCF_002951975.1;protein_400,GCF_002952595.1;protein_400,GCF_001653415.1;protein_1045,GCF_900638475.1;protein_452,GCF_016749215.1;protein_998,GCF_019974055.1;protein_1223,GCF_013122055.1;protein_1165,GCF_003050665.1;protein_395
GCF_016748085.1;protein_104,GCF_002952675.1;protein_1336,GCF_002951975.1;protein_1332,GCF_002952595.1;protein_1331,GCF_001653415.1;protein_162,GCF_900638475.1;protein_255,GCF_016749215.1;protein_110,GCF_019974055.1;protein_292,GCF_013122055.1;protein_289,GCF_003050665.1;protein_1083
GCF_016748085.1;protein_1040,GCF_002952675.1;protein_400,GCF_002951975.1;protein_399,GCF_002952595.1;protein_399,GCF_001653415.1;protein_1046,GCF_900638475.1;protein_451,GCF_016749215.1;protein_999,GCF_019974055.1;protein_1224,GCF_013122055.1;protein_1166,GCF_003050665.1;protein_396
GCF_016748085.1;protein_1041,GCF_002952675.1;protein_399,GCF_002951975.1;protein_398,GCF_002952595.1;protein_398,GCF_001653415.1;protein_1047,GCF_900638475.1;protein_450,GCF_016749215.1;protein_1000,GCF_019974055.1;protein_1225,GCF_013122055.1;protein_1167,GCF_003050665.1;protein_397
GCF_016748085.1;protein_1042,GCF_002952675.1;protein_398,GCF_002951975.1;protein_397,GCF_002952595.1;protein_397,GCF_001653415.1;protein_1048,GCF_900638475.1;protein_449,GCF_016749215.1;protein_1001,GCF_019974055.1;protein_1226,GCF_013122055.1;protein_1168,GCF_003050665.1;protein_398
GCF_016748085.1;protein_1043,GCF_002952675.1;protein_397,GCF_002951975.1;protein_396,GCF_002952595.1;protein_396,GCF_001653415.1;protein_1049,GCF_900638475.1;protein_448,GCF_016749215.1;protein_1002,GCF_019974055.1;protein_1227,GCF_013122055.1;protein_1169,GCF_003050665.1;protein_399
GCF_016748085.1;protein_1044,GCF_002952675.1;protein_396,GCF_002951975.1;protein_395,GCF_002952595.1;protein_395,GCF_001653415.1;protein_1050,GCF_900638475.1;protein_447,GCF_016749215.1;protein_1003,GCF_019974055.1;protein_1228,GCF_013122055.1;protein_1170,GCF_003050665.1;protein_400
GCF_016748085.1;protein_1045,GCF_002952675.1;protein_395,GCF_002951975.1;protein_394,GCF_002952595.1;protein_394,GCF_001653415.1;protein_1051,GCF_900638475.1;protein_446,GCF_016749215.1;protein_1004,GCF_019974055.1;protein_1229,GCF_013122055.1;protein_1171,GCF_003050665.1;protein_401
GCF_016748085.1;protein_1046,GCF_002952675.1;protein_394,GCF_002951975.1;protein_393,GCF_002952595.1;protein_393,GCF_001653415.1;protein_1052,GCF_900638475.1;protein_445,GCF_016749215.1;protein_1005,GCF_019974055.1;protein_1230,GCF_013122055.1;protein_1172,GCF_003050665.1;protein_402
GCF_016748085.1;protein_1047,GCF_002952675.1;protein_393,GCF_002951975.1;protein_392,GCF_002952595.1;protein_392,GCF_001653415.1;protein_1053,GCF_900638475.1;protein_444,GCF_016749215.1;protein_1006,GCF_019974055.1;protein_1231,GCF_013122055.1;protein_1173,GCF_003050665.1;protein_403
GCF_016748085.1;protein_1048,GCF_002952675.1;protein_392,GCF_002951975.1;protein_391,GCF_002952595.1;protein_391,GCF_001653415.1;protein_1054,GCF_900638475.1;protein_443,GCF_016749215.1;protein_1007,GCF_019974055.1;protein_1232,GCF_013122055.1;protein_1174,GCF_003050665.1;protein_404
GCF_016748085.1;protein_1049,GCF_002952675.1;protein_391,GCF_002951975.1;protein_390,GCF_002952595.1;protein_390,GCF_001653415.1;protein_1055,GCF_900638475.1;protein_442,GCF_016749215.1;protein_1008,GCF_019974055.1;protein_1233,GCF_013122055.1;protein_1175,GCF_003050665.1;protein_405
GCF_016748085.1;protein_105,GCF_002952675.1;protein_1335,GCF_002951975.1;protein_1331,GCF_002952595.1;protein_1330,GCF_001653415.1;protein_163,GCF_900638475.1;protein_256,GCF_016749215.1;protein_111,GCF_019974055.1;protein_293,GCF_013122055.1;protein_290,GCF_003050665.1;protein_1084
GCF_016748085.1;protein_1050,GCF_002952675.1;protein_390,GCF_002951975.1;protein_389,GCF_002952595.1;protein_389,GCF_001653415.1;protein_1056,GCF_900638475.1;protein_441,GCF_016749215.1;protein_1009,GCF_019974055.1;protein_1234,GCF_013122055.1;protein_1176,GCF_003050665.1;protein_406
GCF_016748085.1;protein_1052,GCF_002952675.1;protein_388,GCF_002951975.1;protein_387,GCF_002952595.1;protein_387,GCF_001653415.1;protein_1059,GCF_900638475.1;protein_439,GCF_016749215.1;protein_1011,GCF_019974055.1;protein_1236,GCF_013122055.1;protein_1178,GCF_003050665.1;protein_408
GCF_016748085.1;protein_1053,GCF_002952675.1;protein_387,GCF_002951975.1;protein_386,GCF_002952595.1;protein_386,GCF_001653415.1;protein_1060,GCF_900638475.1;protein_438,GCF_016749215.1;protein_1012,GCF_019974055.1;protein_1237,GCF_013122055.1;protein_1179,GCF_003050665.1;protein_409
GCF_016748085.1;protein_1054,GCF_002952675.1;protein_386,GCF_002951975.1;protein_385,GCF_002952595.1;protein_385,GCF_001653415.1;protein_1061,GCF_900638475.1;protein_437,GCF_016749215.1;protein_1013,GCF_019974055.1;protein_1238,GCF_013122055.1;protein_1180,GCF_003050665.1;protein_410
GCF_016748085.1;protein_1055,GCF_002952675.1;protein_385,GCF_002951975.1;protein_384,GCF_002952595.1;protein_384,GCF_001653415.1;protein_1062,GCF_900638475.1;protein_436,GCF_016749215.1;protein_1014,GCF_019974055.1;protein_1239,GCF_013122055.1;protein_1181,GCF_003050665.1;protein_411
GCF_016748085.1;protein_1056,GCF_002952675.1;protein_384,GCF_002951975.1;protein_383,GCF_002952595.1;protein_383,GCF_001653415.1;protein_1063,GCF_900638475.1;protein_435,GCF_016749215.1;protein_1015,GCF_019974055.1;protein_1240,GCF_013122055.1;protein_1182,GCF_003050665.1;protein_412
GCF_016748085.1;protein_1058,GCF_002952675.1;protein_382,GCF_002951975.1;protein_381,GCF_002952595.1;protein_381,GCF_001653415.1;protein_1065,GCF_900638475.1;protein_433,GCF_016749215.1;protein_1017,GCF_019974055.1;protein_1242,GCF_013122055.1;protein_1184,GCF_003050665.1;protein_414
GCF_016748085.1;protein_1059,GCF_002952675.1;protein_381,GCF_002951975.1;protein_380,GCF_002952595.1;protein_380,GCF_001653415.1;protein_1066,GCF_900638475.1;protein_432,GCF_016749215.1;protein_1018,GCF_019974055.1;protein_1243,GCF_013122055.1;protein_1185,GCF_003050665.1;protein_415
GCF_016748085.1;protein_106,GCF_002952675.1;protein_1334,GCF_002951975.1;protein_1330,GCF_002952595.1;protein_1329,GCF_001653415.1;protein_164,GCF_900638475.1;protein_257,GCF_016749215.1;protein_112,GCF_019974055.1;protein_294,GCF_013122055.1;protein_291,GCF_003050665.1;protein_1085
GCF_016748085.1;protein_1060,GCF_002952675.1;protein_380,GCF_002951975.1;protein_379,GCF_002952595.1;protein_379,GCF_001653415.1;protein_1067,GCF_900638475.1;protein_431,GCF_016749215.1;protein_1019,GCF_019974055.1;protein_1244,GCF_013122055.1;protein_1186,GCF_003050665.1;protein_416
GCF_016748085.1;protein_1063,GCF_002952675.1;protein_377,GCF_002951975.1;protein_376,GCF_002952595.1;protein_376,GCF_001653415.1;protein_1072,GCF_900638475.1;protein_428,GCF_016749215.1;protein_1023,GCF_019974055.1;protein_1247,GCF_013122055.1;protein_1191,GCF_003050665.1;protein_425
GCF_016748085.1;protein_1064,GCF_002952675.1;protein_376,GCF_002951975.1;protein_375,GCF_002952595.1;protein_375,GCF_001653415.1;protein_1073,GCF_900638475.1;protein_427,GCF_016749215.1;protein_1024,GCF_019974055.1;protein_1248,GCF_013122055.1;protein_1192,GCF_003050665.1;protein_426
GCF_016748085.1;protein_1065,GCF_002952675.1;protein_375,GCF_002951975.1;protein_374,GCF_002952595.1;protein_374,GCF_001653415.1;protein_1074,GCF_900638475.1;protein_426,GCF_016749215.1;protein_1025,GCF_019974055.1;protein_1249,GCF_013122055.1;protein_1193,GCF_003050665.1;protein_427
GCF_016748085.1;protein_1066,GCF_002952675.1;protein_374,GCF_002951975.1;protein_373,GCF_002952595.1;protein_373,GCF_001653415.1;protein_1075,GCF_900638475.1;protein_425,GCF_016749215.1;protein_1026,GCF_019974055.1;protein_1250,GCF_013122055.1;protein_1194,GCF_003050665.1;protein_428
GCF_016748085.1;protein_1067,GCF_002952675.1;protein_373,GCF_002951975.1;protein_372,GCF_002952595.1;protein_372,GCF_001653415.1;protein_1076,GCF_900638475.1;protein_424,GCF_016749215.1;protein_1027,GCF_019974055.1;protein_1251,GCF_013122055.1;protein_1195,GCF_003050665.1;protein_429
GCF_016748085.1;protein_1068,GCF_002952675.1;protein_372,GCF_002951975.1;protein_371,GCF_002952595.1;protein_371,GCF_001653415.1;protein_1077,GCF_900638475.1;protein_423,GCF_016749215.1;protein_1028,GCF_019974055.1;protein_1252,GCF_013122055.1;protein_1196,GCF_003050665.1;protein_430
GCF_016748085.1;protein_1069,GCF_002952675.1;protein_371,GCF_002951975.1;protein_370,GCF_002952595.1;protein_370,GCF_001653415.1;protein_1078,GCF_900638475.1;protein_422,GCF_016749215.1;protein_1029,GCF_019974055.1;protein_1253,GCF_013122055.1;protein_1197,GCF_003050665.1;protein_431
GCF_016748085.1;protein_107,GCF_002952675.1;protein_1333,GCF_002951975.1;protein_1329,GCF_002952595.1;protein_1328,GCF_001653415.1;protein_165,GCF_900638475.1;protein_258,GCF_016749215.1;protein_113,GCF_019974055.1;protein_295,GCF_013122055.1;protein_292,GCF_003050665.1;protein_1086
GCF_016748085.1;protein_1070,GCF_002952675.1;protein_370,GCF_002951975.1;protein_369,GCF_002952595.1;protein_369,GCF_001653415.1;protein_1080,GCF_900638475.1;protein_420,GCF_016749215.1;protein_1030,GCF_019974055.1;protein_1254,GCF_013122055.1;protein_1198,GCF_003050665.1;protein_432
GCF_016748085.1;protein_1071,GCF_002952675.1;protein_369,GCF_002951975.1;protein_368,GCF_002952595.1;protein_368,GCF_001653415.1;protein_1081,GCF_900638475.1;protein_419,GCF_016749215.1;protein_1031,GCF_019974055.1;protein_1255,GCF_013122055.1;protein_1202,GCF_003050665.1;protein_433
GCF_016748085.1;protein_1072,GCF_002952675.1;protein_368,GCF_002951975.1;protein_367,GCF_002952595.1;protein_367,GCF_001653415.1;protein_1082,GCF_900638475.1;protein_418,GCF_016749215.1;protein_1032,GCF_019974055.1;protein_1256,GCF_013122055.1;protein_1203,GCF_003050665.1;protein_434
GCF_016748085.1;protein_1073,GCF_002952675.1;protein_367,GCF_002951975.1;protein_366,GCF_002952595.1;protein_366,GCF_001653415.1;protein_1083,GCF_900638475.1;protein_417,GCF_016749215.1;protein_1033,GCF_019974055.1;protein_1257,GCF_013122055.1;protein_1204,GCF_003050665.1;protein_435
GCF_016748085.1;protein_1074,GCF_002952675.1;protein_366,GCF_002951975.1;protein_365,GCF_002952595.1;protein_365,GCF_001653415.1;protein_1084,GCF_900638475.1;protein_416,GCF_016749215.1;protein_1034,GCF_019974055.1;protein_1258,GCF_013122055.1;protein_1205,GCF_003050665.1;protein_436
GCF_016748085.1;protein_1075,GCF_002952675.1;protein_365,GCF_002951975.1;protein_364,GCF_002952595.1;protein_364,GCF_001653415.1;protein_1085,GCF_900638475.1;protein_415,GCF_016749215.1;protein_1035,GCF_019974055.1;protein_1259,GCF_013122055.1;protein_1206,GCF_003050665.1;protein_437
GCF_016748085.1;protein_1076,GCF_002952675.1;protein_364,GCF_002951975.1;protein_363,GCF_002952595.1;protein_363,GCF_001653415.1;protein_1086,GCF_900638475.1;protein_414,GCF_016749215.1;protein_1036,GCF_019974055.1;protein_1260,GCF_013122055.1;protein_1207,GCF_003050665.1;protein_438
GCF_016748085.1;protein_1077,GCF_002952675.1;protein_363,GCF_002951975.1;protein_362,GCF_002952595.1;protein_362,GCF_001653415.1;protein_1087,GCF_900638475.1;protein_413,GCF_016749215.1;protein_1037,GCF_019974055.1;protein_1261,GCF_013122055.1;protein_1208,GCF_003050665.1;protein_439
GCF_016748085.1;protein_1078,GCF_002952675.1;protein_362,GCF_002951975.1;protein_361,GCF_002952595.1;protein_361,GCF_001653415.1;protein_1088,GCF_900638475.1;protein_412,GCF_016749215.1;protein_1038,GCF_019974055.1;protein_1262,GCF_013122055.1;protein_1209,GCF_003050665.1;protein_440
GCF_016748085.1;protein_108,GCF_002952675.1;protein_1332,GCF_002951975.1;protein_1328,GCF_002952595.1;protein_1327,GCF_001653415.1;protein_166,GCF_900638475.1;protein_259,GCF_016749215.1;protein_114,GCF_019974055.1;protein_296,GCF_013122055.1;protein_293,GCF_003050665.1;protein_1087
GCF_016748085.1;protein_1081,GCF_002952675.1;protein_360,GCF_002951975.1;protein_359,GCF_002952595.1;protein_359,GCF_001653415.1;protein_1091,GCF_900638475.1;protein_409,GCF_016749215.1;protein_1042,GCF_019974055.1;protein_1265,GCF_013122055.1;protein_1212,GCF_003050665.1;protein_443
GCF_016748085.1;protein_1082,GCF_002952675.1;protein_359,GCF_002951975.1;protein_358,GCF_002952595.1;protein_358,GCF_001653415.1;protein_1092,GCF_900638475.1;protein_408,GCF_016749215.1;protein_1043,GCF_019974055.1;protein_1266,GCF_013122055.1;protein_1213,GCF_003050665.1;protein_444
GCF_016748085.1;protein_1083,GCF_002952675.1;protein_358,GCF_002951975.1;protein_357,GCF_002952595.1;protein_357,GCF_001653415.1;protein_1093,GCF_900638475.1;protein_407,GCF_016749215.1;protein_1044,GCF_019974055.1;protein_1267,GCF_013122055.1;protein_1214,GCF_003050665.1;protein_445
GCF_016748085.1;protein_1084,GCF_002952675.1;protein_357,GCF_002951975.1;protein_356,GCF_002952595.1;protein_356,GCF_001653415.1;protein_1094,GCF_900638475.1;protein_406,GCF_016749215.1;protein_1045,GCF_019974055.1;protein_1268,GCF_013122055.1;protein_1215,GCF_003050665.1;protein_446
GCF_016748085.1;protein_1085,GCF_002952675.1;protein_356,GCF_002951975.1;protein_355,GCF_002952595.1;protein_355,GCF_001653415.1;protein_1095,GCF_900638475.1;protein_405,GCF_016749215.1;protein_1046,GCF_019974055.1;protein_1269,GCF_013122055.1;protein_1216,GCF_003050665.1;protein_447
GCF_016748085.1;protein_1086,GCF_002952675.1;protein_355,GCF_002951975.1;protein_354,GCF_002952595.1;protein_354,GCF_001653415.1;protein_1096,GCF_900638475.1;protein_404,GCF_016749215.1;protein_1047,GCF_019974055.1;protein_1270,GCF_013122055.1;protein_1217,GCF_003050665.1;protein_448
GCF_016748085.1;protein_1087,GCF_002952675.1;protein_354,GCF_002951975.1;protein_353,GCF_002952595.1;protein_353,GCF_001653415.1;protein_1097,GCF_900638475.1;protein_403,GCF_016749215.1;protein_1048,GCF_019974055.1;protein_1271,GCF_013122055.1;protein_1218,GCF_003050665.1;protein_449
GCF_016748085.1;protein_1088,GCF_002952675.1;protein_353,GCF_002951975.1;protein_352,GCF_002952595.1;protein_352,GCF_001653415.1;protein_1098,GCF_900638475.1;protein_402,GCF_016749215.1;protein_1049,GCF_019974055.1;protein_1272,GCF_013122055.1;protein_1219,GCF_003050665.1;protein_450
GCF_016748085.1;protein_1089,GCF_002952675.1;protein_352,GCF_002951975.1;protein_351,GCF_002952595.1;protein_351,GCF_001653415.1;protein_1099,GCF_900638475.1;protein_401,GCF_016749215.1;protein_1050,GCF_019974055.1;protein_1273,GCF_013122055.1;protein_1220,GCF_003050665.1;protein_451
GCF_016748085.1;protein_109,GCF_002952675.1;protein_1331,GCF_002951975.1;protein_1327,GCF_002952595.1;protein_1326,GCF_001653415.1;protein_167,GCF_900638475.1;protein_260,GCF_016749215.1;protein_115,GCF_019974055.1;protein_297,GCF_013122055.1;protein_294,GCF_003050665.1;protein_1088
GCF_016748085.1;protein_1092,GCF_002952675.1;protein_347,GCF_002951975.1;protein_346,GCF_002952595.1;protein_346,GCF_001653415.1;protein_1104,GCF_900638475.1;protein_1185,GCF_016749215.1;protein_1054,GCF_019974055.1;protein_1277,GCF_013122055.1;protein_1224,GCF_003050665.1;protein_1455
GCF_016748085.1;protein_1093,GCF_002952675.1;protein_346,GCF_002951975.1;protein_345,GCF_002952595.1;protein_345,GCF_001653415.1;protein_1105,GCF_900638475.1;protein_1186,GCF_016749215.1;protein_1055,GCF_019974055.1;protein_1278,GCF_013122055.1;protein_1225,GCF_003050665.1;protein_1454
GCF_016748085.1;protein_1094,GCF_002952675.1;protein_345,GCF_002951975.1;protein_344,GCF_002952595.1;protein_344,GCF_001653415.1;protein_1106,GCF_900638475.1;protein_1187,GCF_016749215.1;protein_1056,GCF_019974055.1;protein_1279,GCF_013122055.1;protein_1226,GCF_003050665.1;protein_1453
GCF_016748085.1;protein_1095,GCF_002952675.1;protein_344,GCF_002951975.1;protein_343,GCF_002952595.1;protein_343,GCF_001653415.1;protein_1107,GCF_900638475.1;protein_1188,GCF_016749215.1;protein_1057,GCF_019974055.1;protein_1280,GCF_013122055.1;protein_1227,GCF_003050665.1;protein_1452
GCF_016748085.1;protein_1096,GCF_002952675.1;protein_343,GCF_002951975.1;protein_342,GCF_002952595.1;protein_342,GCF_001653415.1;protein_1108,GCF_900638475.1;protein_1189,GCF_016749215.1;protein_1058,GCF_019974055.1;protein_1281,GCF_013122055.1;protein_1228,GCF_003050665.1;protein_1451
GCF_016748085.1;protein_1097,GCF_002952675.1;protein_342,GCF_002951975.1;protein_341,GCF_002952595.1;protein_341,GCF_001653415.1;protein_1109,GCF_900638475.1;protein_1190,GCF_016749215.1;protein_1059,GCF_019974055.1;protein_1282,GCF_013122055.1;protein_1229,GCF_003050665.1;protein_1450
GCF_016748085.1;protein_1098,GCF_002952675.1;protein_341,GCF_002951975.1;protein_340,GCF_002952595.1;protein_340,GCF_001653415.1;protein_1110,GCF_900638475.1;protein_1191,GCF_016749215.1;protein_1060,GCF_019974055.1;protein_1283,GCF_013122055.1;protein_1230,GCF_003050665.1;protein_1449
GCF_016748085.1;protein_1099,GCF_002952675.1;protein_340,GCF_002951975.1;protein_339,GCF_002952595.1;protein_339,GCF_001653415.1;protein_1111,GCF_900638475.1;protein_1192,GCF_016749215.1;protein_1061,GCF_019974055.1;protein_1284,GCF_013122055.1;protein_1231,GCF_003050665.1;protein_1448
GCF_016748085.1;protein_11,GCF_002952675.1;protein_1473,GCF_002951975.1;protein_1469,GCF_002952595.1;protein_1468,GCF_001653415.1;protein_66,GCF_900638475.1;protein_164,GCF_016749215.1;protein_12,GCF_019974055.1;protein_168,GCF_013122055.1;protein_197,GCF_003050665.1;protein_988
GCF_016748085.1;protein_1100,GCF_002952675.1;protein_339,GCF_002951975.1;protein_338,GCF_002952595.1;protein_338,GCF_001653415.1;protein_1112,GCF_900638475.1;protein_1193,GCF_016749215.1;protein_1062,GCF_019974055.1;protein_1285,GCF_013122055.1;protein_1232,GCF_003050665.1;protein_1447
GCF_016748085.1;protein_1101,GCF_002952675.1;protein_338,GCF_002951975.1;protein_337,GCF_002952595.1;protein_337,GCF_001653415.1;protein_1113,GCF_900638475.1;protein_1194,GCF_016749215.1;protein_1063,GCF_019974055.1;protein_1286,GCF_013122055.1;protein_1233,GCF_003050665.1;protein_1446
GCF_016748085.1;protein_1102,GCF_002952675.1;protein_337,GCF_002951975.1;protein_336,GCF_002952595.1;protein_336,GCF_001653415.1;protein_1114,GCF_900638475.1;protein_1195,GCF_016749215.1;protein_1064,GCF_019974055.1;protein_1287,GCF_013122055.1;protein_1234,GCF_003050665.1;protein_1445
GCF_016748085.1;protein_1104,GCF_002952675.1;protein_335,GCF_002951975.1;protein_334,GCF_002952595.1;protein_334,GCF_001653415.1;protein_1116,GCF_900638475.1;protein_1197,GCF_016749215.1;protein_1066,GCF_019974055.1;protein_1289,GCF_013122055.1;protein_1236,GCF_003050665.1;protein_1443
GCF_016748085.1;protein_1105,GCF_002952675.1;protein_334,GCF_002951975.1;protein_333,GCF_002952595.1;protein_333,GCF_001653415.1;protein_1117,GCF_900638475.1;protein_1198,GCF_016749215.1;protein_1067,GCF_019974055.1;protein_1290,GCF_013122055.1;protein_1237,GCF_003050665.1;protein_1442
GCF_016748085.1;protein_1106,GCF_002952675.1;protein_333,GCF_002951975.1;protein_332,GCF_002952595.1;protein_332,GCF_001653415.1;protein_1118,GCF_900638475.1;protein_1199,GCF_016749215.1;protein_1068,GCF_019974055.1;protein_1291,GCF_013122055.1;protein_1238,GCF_003050665.1;protein_1441
GCF_016748085.1;protein_1107,GCF_002952675.1;protein_332,GCF_002951975.1;protein_331,GCF_002952595.1;protein_331,GCF_001653415.1;protein_1119,GCF_900638475.1;protein_1200,GCF_016749215.1;protein_1069,GCF_019974055.1;protein_1292,GCF_013122055.1;protein_1239,GCF_003050665.1;protein_1440
GCF_016748085.1;protein_1108,GCF_002952675.1;protein_331,GCF_002951975.1;protein_330,GCF_002952595.1;protein_330,GCF_001653415.1;protein_1120,GCF_900638475.1;protein_1201,GCF_016749215.1;protein_1070,GCF_019974055.1;protein_1293,GCF_013122055.1;protein_1240,GCF_003050665.1;protein_1439
GCF_016748085.1;protein_1109,GCF_002952675.1;protein_330,GCF_002951975.1;protein_329,GCF_002952595.1;protein_329,GCF_001653415.1;protein_1121,GCF_900638475.1;protein_1202,GCF_016749215.1;protein_1071,GCF_019974055.1;protein_1294,GCF_013122055.1;protein_1241,GCF_003050665.1;protein_1438
GCF_016748085.1;protein_111,GCF_002952675.1;protein_1329,GCF_002951975.1;protein_1325,GCF_002952595.1;protein_1324,GCF_001653415.1;protein_169,GCF_900638475.1;protein_265,GCF_016749215.1;protein_118,GCF_019974055.1;protein_300,GCF_013122055.1;protein_296,GCF_003050665.1;protein_1091
GCF_016748085.1;protein_1110,GCF_002952675.1;protein_329,GCF_002951975.1;protein_328,GCF_002952595.1;protein_328,GCF_001653415.1;protein_1122,GCF_900638475.1;protein_1203,GCF_016749215.1;protein_1072,GCF_019974055.1;protein_1295,GCF_013122055.1;protein_1242,GCF_003050665.1;protein_1437
GCF_016748085.1;protein_1111,GCF_002952675.1;protein_328,GCF_002951975.1;protein_327,GCF_002952595.1;protein_327,GCF_001653415.1;protein_1123,GCF_900638475.1;protein_1204,GCF_016749215.1;protein_1073,GCF_019974055.1;protein_1296,GCF_013122055.1;protein_1243,GCF_003050665.1;protein_1436
GCF_016748085.1;protein_1112,GCF_002952675.1;protein_327,GCF_002951975.1;protein_326,GCF_002952595.1;protein_326,GCF_001653415.1;protein_1124,GCF_900638475.1;protein_1205,GCF_016749215.1;protein_1074,GCF_019974055.1;protein_1297,GCF_013122055.1;protein_1244,GCF_003050665.1;protein_1435
GCF_016748085.1;protein_1113,GCF_002952675.1;protein_326,GCF_002951975.1;protein_325,GCF_002952595.1;protein_325,GCF_001653415.1;protein_1125,GCF_900638475.1;protein_1206,GCF_016749215.1;protein_1075,GCF_019974055.1;protein_1298,GCF_013122055.1;protein_1245,GCF_003050665.1;protein_1434
GCF_016748085.1;protein_1114,GCF_002952675.1;protein_325,GCF_002951975.1;protein_324,GCF_002952595.1;protein_324,GCF_001653415.1;protein_1126,GCF_900638475.1;protein_1207,GCF_016749215.1;protein_1076,GCF_019974055.1;protein_1299,GCF_013122055.1;protein_1246,GCF_003050665.1;protein_1433
GCF_016748085.1;protein_1115,GCF_002952675.1;protein_324,GCF_002951975.1;protein_323,GCF_002952595.1;protein_323,GCF_001653415.1;protein_1127,GCF_900638475.1;protein_1208,GCF_016749215.1;protein_1077,GCF_019974055.1;protein_1300,GCF_013122055.1;protein_1247,GCF_003050665.1;protein_1432
GCF_016748085.1;protein_1116,GCF_002952675.1;protein_323,GCF_002951975.1;protein_322,GCF_002952595.1;protein_322,GCF_001653415.1;protein_1128,GCF_900638475.1;protein_1209,GCF_016749215.1;protein_1078,GCF_019974055.1;protein_1301,GCF_013122055.1;protein_1248,GCF_003050665.1;protein_1431
GCF_016748085.1;protein_1118,GCF_002952675.1;protein_321,GCF_002951975.1;protein_320,GCF_002952595.1;protein_320,GCF_001653415.1;protein_1130,GCF_900638475.1;protein_1211,GCF_016749215.1;protein_1080,GCF_019974055.1;protein_1303,GCF_013122055.1;protein_1250,GCF_003050665.1;protein_1429
GCF_016748085.1;protein_112,GCF_002952675.1;protein_1327,GCF_002951975.1;protein_1323,GCF_002952595.1;protein_1322,GCF_001653415.1;protein_170,GCF_900638475.1;protein_267,GCF_016749215.1;protein_120,GCF_019974055.1;protein_301,GCF_013122055.1;protein_298,GCF_003050665.1;protein_1093
GCF_016748085.1;protein_1120,GCF_002952675.1;protein_319,GCF_002951975.1;protein_318,GCF_002952595.1;protein_318,GCF_001653415.1;protein_1132,GCF_900638475.1;protein_1213,GCF_016749215.1;protein_1082,GCF_019974055.1;protein_1305,GCF_013122055.1;protein_1253,GCF_003050665.1;protein_1426
GCF_016748085.1;protein_1121,GCF_002952675.1;protein_318,GCF_002951975.1;protein_317,GCF_002952595.1;protein_317,GCF_001653415.1;protein_1133,GCF_900638475.1;protein_1214,GCF_016749215.1;protein_1083,GCF_019974055.1;protein_1306,GCF_013122055.1;protein_1255,GCF_003050665.1;protein_1424
GCF_016748085.1;protein_1122,GCF_002952675.1;protein_317,GCF_002951975.1;protein_316,GCF_002952595.1;protein_316,GCF_001653415.1;protein_1134,GCF_900638475.1;protein_1215,GCF_016749215.1;protein_1084,GCF_019974055.1;protein_1307,GCF_013122055.1;protein_1256,GCF_003050665.1;protein_1423
GCF_016748085.1;protein_1123,GCF_002952675.1;protein_316,GCF_002951975.1;protein_315,GCF_002952595.1;protein_315,GCF_001653415.1;protein_1135,GCF_900638475.1;protein_1216,GCF_016749215.1;protein_1085,GCF_019974055.1;protein_1308,GCF_013122055.1;protein_1257,GCF_003050665.1;protein_1422
GCF_016748085.1;protein_1124,GCF_002952675.1;protein_315,GCF_002951975.1;protein_314,GCF_002952595.1;protein_314,GCF_001653415.1;protein_1136,GCF_900638475.1;protein_1217,GCF_016749215.1;protein_1086,GCF_019974055.1;protein_1309,GCF_013122055.1;protein_1258,GCF_003050665.1;protein_1421
GCF_016748085.1;protein_1125,GCF_002952675.1;protein_314,GCF_002951975.1;protein_313,GCF_002952595.1;protein_313,GCF_001653415.1;protein_1137,GCF_900638475.1;protein_1218,GCF_016749215.1;protein_1087,GCF_019974055.1;protein_1310,GCF_013122055.1;protein_1259,GCF_003050665.1;protein_1420
GCF_016748085.1;protein_1126,GCF_002952675.1;protein_313,GCF_002951975.1;protein_312,GCF_002952595.1;protein_312,GCF_001653415.1;protein_1138,GCF_900638475.1;protein_1219,GCF_016749215.1;protein_1088,GCF_019974055.1;protein_1311,GCF_013122055.1;protein_1260,GCF_003050665.1;protein_1419
GCF_016748085.1;protein_1127,GCF_002952675.1;protein_312,GCF_002951975.1;protein_311,GCF_002952595.1;protein_311,GCF_001653415.1;protein_1139,GCF_900638475.1;protein_1220,GCF_016749215.1;protein_1089,GCF_019974055.1;protein_1312,GCF_013122055.1;protein_1261,GCF_003050665.1;protein_1418
GCF_016748085.1;protein_1128,GCF_002952675.1;protein_311,GCF_002951975.1;protein_310,GCF_002952595.1;protein_310,GCF_001653415.1;protein_1140,GCF_900638475.1;protein_1221,GCF_016749215.1;protein_1090,GCF_019974055.1;protein_1313,GCF_013122055.1;protein_1262,GCF_003050665.1;protein_1417
GCF_016748085.1;protein_1129,GCF_002952675.1;protein_310,GCF_002951975.1;protein_309,GCF_002952595.1;protein_309,GCF_001653415.1;protein_1141,GCF_900638475.1;protein_1222,GCF_016749215.1;protein_1091,GCF_019974055.1;protein_1314,GCF_013122055.1;protein_1263,GCF_003050665.1;protein_1416
GCF_016748085.1;protein_113,GCF_002952675.1;protein_1326,GCF_002951975.1;protein_1322,GCF_002952595.1;protein_1321,GCF_001653415.1;protein_171,GCF_900638475.1;protein_268,GCF_016749215.1;protein_121,GCF_019974055.1;protein_302,GCF_013122055.1;protein_299,GCF_003050665.1;protein_1094
GCF_016748085.1;protein_1130,GCF_002952675.1;protein_309,GCF_002951975.1;protein_308,GCF_002952595.1;protein_308,GCF_001653415.1;protein_1142,GCF_900638475.1;protein_1223,GCF_016749215.1;protein_1092,GCF_019974055.1;protein_1315,GCF_013122055.1;protein_1264,GCF_003050665.1;protein_1415
GCF_016748085.1;protein_1131,GCF_002952675.1;protein_308,GCF_002951975.1;protein_307,GCF_002952595.1;protein_307,GCF_001653415.1;protein_1143,GCF_900638475.1;protein_1224,GCF_016749215.1;protein_1093,GCF_019974055.1;protein_1316,GCF_013122055.1;protein_1265,GCF_003050665.1;protein_1414
GCF_016748085.1;protein_1132,GCF_002952675.1;protein_307,GCF_002951975.1;protein_306,GCF_002952595.1;protein_306,GCF_001653415.1;protein_1144,GCF_900638475.1;protein_1225,GCF_016749215.1;protein_1094,GCF_019974055.1;protein_1317,GCF_013122055.1;protein_1266,GCF_003050665.1;protein_1413
GCF_016748085.1;protein_1133,GCF_002952675.1;protein_306,GCF_002951975.1;protein_305,GCF_002952595.1;protein_305,GCF_001653415.1;protein_1145,GCF_900638475.1;protein_1226,GCF_016749215.1;protein_1095,GCF_019974055.1;protein_1318,GCF_013122055.1;protein_1267,GCF_003050665.1;protein_1412
GCF_016748085.1;protein_1136,GCF_002952675.1;protein_305,GCF_002951975.1;protein_304,GCF_002952595.1;protein_304,GCF_001653415.1;protein_1148,GCF_900638475.1;protein_1227,GCF_016749215.1;protein_1096,GCF_019974055.1;protein_1319,GCF_013122055.1;protein_1268,GCF_003050665.1;protein_1411
GCF_016748085.1;protein_1137,GCF_002952675.1;protein_304,GCF_002951975.1;protein_303,GCF_002952595.1;protein_303,GCF_001653415.1;protein_1149,GCF_900638475.1;protein_1228,GCF_016749215.1;protein_1097,GCF_019974055.1;protein_1320,GCF_013122055.1;protein_1269,GCF_003050665.1;protein_1410
GCF_016748085.1;protein_1138,GCF_002952675.1;protein_303,GCF_002951975.1;protein_302,GCF_002952595.1;protein_302,GCF_001653415.1;protein_1150,GCF_900638475.1;protein_1229,GCF_016749215.1;protein_1098,GCF_019974055.1;protein_1321,GCF_013122055.1;protein_1270,GCF_003050665.1;protein_1409
GCF_016748085.1;protein_1139,GCF_002952675.1;protein_302,GCF_002951975.1;protein_301,GCF_002952595.1;protein_301,GCF_001653415.1;protein_1151,GCF_900638475.1;protein_1230,GCF_016749215.1;protein_1099,GCF_019974055.1;protein_1322,GCF_013122055.1;protein_1271,GCF_003050665.1;protein_1408
GCF_016748085.1;protein_114,GCF_002952675.1;protein_1325,GCF_002951975.1;protein_1321,GCF_002952595.1;protein_1320,GCF_001653415.1;protein_172,GCF_900638475.1;protein_269,GCF_016749215.1;protein_122,GCF_019974055.1;protein_303,GCF_013122055.1;protein_300,GCF_003050665.1;protein_1095
GCF_016748085.1;protein_1140,GCF_002952675.1;protein_301,GCF_002951975.1;protein_300,GCF_002952595.1;protein_300,GCF_001653415.1;protein_1152,GCF_900638475.1;protein_1231,GCF_016749215.1;protein_1100,GCF_019974055.1;protein_1323,GCF_013122055.1;protein_1272,GCF_003050665.1;protein_1407
GCF_016748085.1;protein_1141,GCF_002952675.1;protein_300,GCF_002951975.1;protein_299,GCF_002952595.1;protein_299,GCF_001653415.1;protein_1153,GCF_900638475.1;protein_1232,GCF_016749215.1;protein_1101,GCF_019974055.1;protein_1324,GCF_013122055.1;protein_1273,GCF_003050665.1;protein_1406
GCF_016748085.1;protein_1142,GCF_002952675.1;protein_299,GCF_002951975.1;protein_298,GCF_002952595.1;protein_298,GCF_001653415.1;protein_1154,GCF_900638475.1;protein_1233,GCF_016749215.1;protein_1102,GCF_019974055.1;protein_1325,GCF_013122055.1;protein_1274,GCF_003050665.1;protein_1405
GCF_016748085.1;protein_1144,GCF_002952675.1;protein_297,GCF_002951975.1;protein_296,GCF_002952595.1;protein_296,GCF_001653415.1;protein_1156,GCF_900638475.1;protein_1235,GCF_016749215.1;protein_1104,GCF_019974055.1;protein_1327,GCF_013122055.1;protein_1276,GCF_003050665.1;protein_1403
GCF_016748085.1;protein_1145,GCF_002952675.1;protein_296,GCF_002951975.1;protein_295,GCF_002952595.1;protein_295,GCF_001653415.1;protein_1157,GCF_900638475.1;protein_1236,GCF_016749215.1;protein_1105,GCF_019974055.1;protein_1328,GCF_013122055.1;protein_1277,GCF_003050665.1;protein_1402
GCF_016748085.1;protein_1146,GCF_002952675.1;protein_295,GCF_002951975.1;protein_294,GCF_002952595.1;protein_294,GCF_001653415.1;protein_1158,GCF_900638475.1;protein_1237,GCF_016749215.1;protein_1106,GCF_019974055.1;protein_1329,GCF_013122055.1;protein_1278,GCF_003050665.1;protein_1401
GCF_016748085.1;protein_1147,GCF_002952675.1;protein_294,GCF_002951975.1;protein_293,GCF_002952595.1;protein_293,GCF_001653415.1;protein_1159,GCF_900638475.1;protein_1238,GCF_016749215.1;protein_1107,GCF_019974055.1;protein_1330,GCF_013122055.1;protein_1279,GCF_003050665.1;protein_1400
GCF_016748085.1;protein_1148,GCF_002952675.1;protein_293,GCF_002951975.1;protein_292,GCF_002952595.1;protein_292,GCF_001653415.1;protein_1160,GCF_900638475.1;protein_1239,GCF_016749215.1;protein_1108,GCF_019974055.1;protein_1331,GCF_013122055.1;protein_1280,GCF_003050665.1;protein_1399
GCF_016748085.1;protein_1149,GCF_002952675.1;protein_292,GCF_002951975.1;protein_291,GCF_002952595.1;protein_291,GCF_001653415.1;protein_1161,GCF_900638475.1;protein_1240,GCF_016749215.1;protein_1109,GCF_019974055.1;protein_1332,GCF_013122055.1;protein_1281,GCF_003050665.1;protein_1398
GCF_016748085.1;protein_115,GCF_002952675.1;protein_1324,GCF_002951975.1;protein_1320,GCF_002952595.1;protein_1319,GCF_001653415.1;protein_173,GCF_900638475.1;protein_270,GCF_016749215.1;protein_123,GCF_019974055.1;protein_304,GCF_013122055.1;protein_301,GCF_003050665.1;protein_1096
GCF_016748085.1;protein_1150,GCF_002952675.1;protein_291,GCF_002951975.1;protein_290,GCF_002952595.1;protein_290,GCF_001653415.1;protein_1162,GCF_900638475.1;protein_1241,GCF_016749215.1;protein_1110,GCF_019974055.1;protein_1333,GCF_013122055.1;protein_1282,GCF_003050665.1;protein_1397
GCF_016748085.1;protein_1151,GCF_002952675.1;protein_290,GCF_002951975.1;protein_289,GCF_002952595.1;protein_289,GCF_001653415.1;protein_1163,GCF_900638475.1;protein_1242,GCF_016749215.1;protein_1111,GCF_019974055.1;protein_1334,GCF_013122055.1;protein_1283,GCF_003050665.1;protein_1396
GCF_016748085.1;protein_1153,GCF_002952675.1;protein_286,GCF_002951975.1;protein_285,GCF_002952595.1;protein_285,GCF_001653415.1;protein_1168,GCF_900638475.1;protein_1245,GCF_016749215.1;protein_1113,GCF_019974055.1;protein_1337,GCF_013122055.1;protein_1288,GCF_003050665.1;protein_1393
GCF_016748085.1;protein_1154,GCF_002952675.1;protein_285,GCF_002951975.1;protein_284,GCF_002952595.1;protein_284,GCF_001653415.1;protein_1169,GCF_900638475.1;protein_1246,GCF_016749215.1;protein_1114,GCF_019974055.1;protein_1338,GCF_013122055.1;protein_1289,GCF_003050665.1;protein_1392
GCF_016748085.1;protein_1155,GCF_002952675.1;protein_284,GCF_002951975.1;protein_283,GCF_002952595.1;protein_283,GCF_001653415.1;protein_1170,GCF_900638475.1;protein_1247,GCF_016749215.1;protein_1115,GCF_019974055.1;protein_1339,GCF_013122055.1;protein_1290,GCF_003050665.1;protein_1391
GCF_016748085.1;protein_1156,GCF_002952675.1;protein_283,GCF_002951975.1;protein_282,GCF_002952595.1;protein_282,GCF_001653415.1;protein_1171,GCF_900638475.1;protein_1248,GCF_016749215.1;protein_1116,GCF_019974055.1;protein_1340,GCF_013122055.1;protein_1291,GCF_003050665.1;protein_1390
GCF_016748085.1;protein_1157,GCF_002952675.1;protein_282,GCF_002951975.1;protein_281,GCF_002952595.1;protein_281,GCF_001653415.1;protein_1172,GCF_900638475.1;protein_1249,GCF_016749215.1;protein_1117,GCF_019974055.1;protein_1341,GCF_013122055.1;protein_1292,GCF_003050665.1;protein_1389
GCF_016748085.1;protein_1158,GCF_002952675.1;protein_281,GCF_002951975.1;protein_280,GCF_002952595.1;protein_280,GCF_001653415.1;protein_1173,GCF_900638475.1;protein_1250,GCF_016749215.1;protein_1118,GCF_019974055.1;protein_1342,GCF_013122055.1;protein_1293,GCF_003050665.1;protein_1388
GCF_016748085.1;protein_1159,GCF_002952675.1;protein_280,GCF_002951975.1;protein_279,GCF_002952595.1;protein_279,GCF_001653415.1;protein_1174,GCF_900638475.1;protein_1251,GCF_016749215.1;protein_1119,GCF_019974055.1;protein_1343,GCF_013122055.1;protein_1294,GCF_003050665.1;protein_1387
GCF_016748085.1;protein_116,GCF_002952675.1;protein_1323,GCF_002951975.1;protein_1319,GCF_002952595.1;protein_1318,GCF_001653415.1;protein_174,GCF_900638475.1;protein_271,GCF_016749215.1;protein_124,GCF_019974055.1;protein_305,GCF_013122055.1;protein_302,GCF_003050665.1;protein_1097
GCF_016748085.1;protein_1160,GCF_002952675.1;protein_279,GCF_002951975.1;protein_278,GCF_002952595.1;protein_278,GCF_001653415.1;protein_1175,GCF_900638475.1;protein_1252,GCF_016749215.1;protein_1120,GCF_019974055.1;protein_1344,GCF_013122055.1;protein_1295,GCF_003050665.1;protein_1386
GCF_016748085.1;protein_1161,GCF_002952675.1;protein_278,GCF_002951975.1;protein_277,GCF_002952595.1;protein_277,GCF_001653415.1;protein_1176,GCF_900638475.1;protein_1253,GCF_016749215.1;protein_1121,GCF_019974055.1;protein_1345,GCF_013122055.1;protein_1296,GCF_003050665.1;protein_1385
GCF_016748085.1;protein_1163,GCF_002952675.1;protein_276,GCF_002951975.1;protein_275,GCF_002952595.1;protein_275,GCF_001653415.1;protein_1178,GCF_900638475.1;protein_1255,GCF_016749215.1;protein_1125,GCF_019974055.1;protein_1348,GCF_013122055.1;protein_1298,GCF_003050665.1;protein_1382
GCF_016748085.1;protein_1164,GCF_002952675.1;protein_275,GCF_002951975.1;protein_274,GCF_002952595.1;protein_274,GCF_001653415.1;protein_1179,GCF_900638475.1;protein_1256,GCF_016749215.1;protein_1126,GCF_019974055.1;protein_1349,GCF_013122055.1;protein_1299,GCF_003050665.1;protein_1381
GCF_016748085.1;protein_1165,GCF_002952675.1;protein_274,GCF_002951975.1;protein_273,GCF_002952595.1;protein_273,GCF_001653415.1;protein_1180,GCF_900638475.1;protein_1257,GCF_016749215.1;protein_1127,GCF_019974055.1;protein_1350,GCF_013122055.1;protein_1300,GCF_003050665.1;protein_1380
GCF_016748085.1;protein_1168,GCF_002952675.1;protein_271,GCF_002951975.1;protein_270,GCF_002952595.1;protein_270,GCF_001653415.1;protein_1181,GCF_900638475.1;protein_1259,GCF_016749215.1;protein_1130,GCF_019974055.1;protein_1353,GCF_013122055.1;protein_1303,GCF_003050665.1;protein_1377
GCF_016748085.1;protein_1169,GCF_002952675.1;protein_270,GCF_002951975.1;protein_269,GCF_002952595.1;protein_269,GCF_001653415.1;protein_1182,GCF_900638475.1;protein_1260,GCF_016749215.1;protein_1131,GCF_019974055.1;protein_1354,GCF_013122055.1;protein_1304,GCF_003050665.1;protein_1376
GCF_016748085.1;protein_117,GCF_002952675.1;protein_1322,GCF_002951975.1;protein_1318,GCF_002952595.1;protein_1317,GCF_001653415.1;protein_175,GCF_900638475.1;protein_272,GCF_016749215.1;protein_125,GCF_019974055.1;protein_306,GCF_013122055.1;protein_303,GCF_003050665.1;protein_1098
GCF_016748085.1;protein_1170,GCF_002952675.1;protein_269,GCF_002951975.1;protein_268,GCF_002952595.1;protein_268,GCF_001653415.1;protein_1183,GCF_900638475.1;protein_1261,GCF_016749215.1;protein_1132,GCF_019974055.1;protein_1355,GCF_013122055.1;protein_1305,GCF_003050665.1;protein_1375
GCF_016748085.1;protein_1171,GCF_002952675.1;protein_268,GCF_002951975.1;protein_267,GCF_002952595.1;protein_267,GCF_001653415.1;protein_1184,GCF_900638475.1;protein_1262,GCF_016749215.1;protein_1133,GCF_019974055.1;protein_1356,GCF_013122055.1;protein_1306,GCF_003050665.1;protein_1374
GCF_016748085.1;protein_1172,GCF_002952675.1;protein_267,GCF_002951975.1;protein_266,GCF_002952595.1;protein_266,GCF_001653415.1;protein_1185,GCF_900638475.1;protein_1263,GCF_016749215.1;protein_1134,GCF_019974055.1;protein_1357,GCF_013122055.1;protein_1307,GCF_003050665.1;protein_1373
GCF_016748085.1;protein_1173,GCF_002952675.1;protein_266,GCF_002951975.1;protein_265,GCF_002952595.1;protein_265,GCF_001653415.1;protein_1186,GCF_900638475.1;protein_1264,GCF_016749215.1;protein_1135,GCF_019974055.1;protein_1358,GCF_013122055.1;protein_1308,GCF_003050665.1;protein_1372
GCF_016748085.1;protein_1174,GCF_002952675.1;protein_265,GCF_002951975.1;protein_264,GCF_002952595.1;protein_264,GCF_001653415.1;protein_1187,GCF_900638475.1;protein_1265,GCF_016749215.1;protein_1136,GCF_019974055.1;protein_1359,GCF_013122055.1;protein_1309,GCF_003050665.1;protein_1371
GCF_016748085.1;protein_1175,GCF_002952675.1;protein_264,GCF_002951975.1;protein_263,GCF_002952595.1;protein_263,GCF_001653415.1;protein_1188,GCF_900638475.1;protein_1266,GCF_016749215.1;protein_1137,GCF_019974055.1;protein_1360,GCF_013122055.1;protein_1310,GCF_003050665.1;protein_1370
GCF_016748085.1;protein_1176,GCF_002952675.1;protein_263,GCF_002951975.1;protein_262,GCF_002952595.1;protein_262,GCF_001653415.1;protein_1189,GCF_900638475.1;protein_1267,GCF_016749215.1;protein_1138,GCF_019974055.1;protein_1361,GCF_013122055.1;protein_1311,GCF_003050665.1;protein_1369
GCF_016748085.1;protein_1177,GCF_002952675.1;protein_262,GCF_002951975.1;protein_261,GCF_002952595.1;protein_261,GCF_001653415.1;protein_1190,GCF_900638475.1;protein_1268,GCF_016749215.1;protein_1139,GCF_019974055.1;protein_1362,GCF_013122055.1;protein_1312,GCF_003050665.1;protein_1368
GCF_016748085.1;protein_1178,GCF_002952675.1;protein_261,GCF_002951975.1;protein_260,GCF_002952595.1;protein_260,GCF_001653415.1;protein_1191,GCF_900638475.1;protein_1269,GCF_016749215.1;protein_1140,GCF_019974055.1;protein_1363,GCF_013122055.1;protein_1313,GCF_003050665.1;protein_1367
GCF_016748085.1;protein_1179,GCF_002952675.1;protein_260,GCF_002951975.1;protein_259,GCF_002952595.1;protein_259,GCF_001653415.1;protein_1192,GCF_900638475.1;protein_1270,GCF_016749215.1;protein_1141,GCF_019974055.1;protein_1364,GCF_013122055.1;protein_1314,GCF_003050665.1;protein_1366
GCF_016748085.1;protein_1180,GCF_002952675.1;protein_259,GCF_002951975.1;protein_258,GCF_002952595.1;protein_258,GCF_001653415.1;protein_1193,GCF_900638475.1;protein_1271,GCF_016749215.1;protein_1142,GCF_019974055.1;protein_1365,GCF_013122055.1;protein_1315,GCF_003050665.1;protein_1365
GCF_016748085.1;protein_1181,GCF_002952675.1;protein_258,GCF_002951975.1;protein_257,GCF_002952595.1;protein_257,GCF_001653415.1;protein_1194,GCF_900638475.1;protein_1272,GCF_016749215.1;protein_1143,GCF_019974055.1;protein_1366,GCF_013122055.1;protein_1316,GCF_003050665.1;protein_1364
GCF_016748085.1;protein_1182,GCF_002952675.1;protein_257,GCF_002951975.1;protein_256,GCF_002952595.1;protein_256,GCF_001653415.1;protein_1195,GCF_900638475.1;protein_1273,GCF_016749215.1;protein_1144,GCF_019974055.1;protein_1367,GCF_013122055.1;protein_1317,GCF_003050665.1;protein_1363
GCF_016748085.1;protein_1184,GCF_002952675.1;protein_255,GCF_002951975.1;protein_254,GCF_002952595.1;protein_254,GCF_001653415.1;protein_1197,GCF_900638475.1;protein_1276,GCF_016749215.1;protein_1146,GCF_019974055.1;protein_1369,GCF_013122055.1;protein_1319,GCF_003050665.1;protein_1361
GCF_016748085.1;protein_1185,GCF_002952675.1;protein_254,GCF_002951975.1;protein_253,GCF_002952595.1;protein_253,GCF_001653415.1;protein_1198,GCF_900638475.1;protein_1277,GCF_016749215.1;protein_1147,GCF_019974055.1;protein_1370,GCF_013122055.1;protein_1320,GCF_003050665.1;protein_1360
GCF_016748085.1;protein_1187,GCF_002952675.1;protein_253,GCF_002951975.1;protein_252,GCF_002952595.1;protein_252,GCF_001653415.1;protein_1199,GCF_900638475.1;protein_1278,GCF_016749215.1;protein_1148,GCF_019974055.1;protein_1371,GCF_013122055.1;protein_1322,GCF_003050665.1;protein_1359
GCF_016748085.1;protein_1188,GCF_002952675.1;protein_252,GCF_002951975.1;protein_251,GCF_002952595.1;protein_251,GCF_001653415.1;protein_1200,GCF_900638475.1;protein_1279,GCF_016749215.1;protein_1149,GCF_019974055.1;protein_1372,GCF_013122055.1;protein_1323,GCF_003050665.1;protein_1358
GCF_016748085.1;protein_1189,GCF_002952675.1;protein_251,GCF_002951975.1;protein_250,GCF_002952595.1;protein_250,GCF_001653415.1;protein_1201,GCF_900638475.1;protein_1280,GCF_016749215.1;protein_1150,GCF_019974055.1;protein_1373,GCF_013122055.1;protein_1324,GCF_003050665.1;protein_1357
GCF_016748085.1;protein_119,GCF_002952675.1;protein_1320,GCF_002951975.1;protein_1316,GCF_002952595.1;protein_1315,GCF_001653415.1;protein_176,GCF_900638475.1;protein_274,GCF_016749215.1;protein_127,GCF_019974055.1;protein_308,GCF_013122055.1;protein_305,GCF_003050665.1;protein_1101
GCF_016748085.1;protein_1190,GCF_002952675.1;protein_250,GCF_002951975.1;protein_249,GCF_002952595.1;protein_249,GCF_001653415.1;protein_1202,GCF_900638475.1;protein_1281,GCF_016749215.1;protein_1151,GCF_019974055.1;protein_1374,GCF_013122055.1;protein_1325,GCF_003050665.1;protein_1356
GCF_016748085.1;protein_1191,GCF_002952675.1;protein_249,GCF_002951975.1;protein_248,GCF_002952595.1;protein_248,GCF_001653415.1;protein_1203,GCF_900638475.1;protein_1282,GCF_016749215.1;protein_1152,GCF_019974055.1;protein_1375,GCF_013122055.1;protein_1326,GCF_003050665.1;protein_1355
GCF_016748085.1;protein_1192,GCF_002952675.1;protein_246,GCF_002951975.1;protein_245,GCF_002952595.1;protein_245,GCF_001653415.1;protein_1204,GCF_900638475.1;protein_1283,GCF_016749215.1;protein_1153,GCF_019974055.1;protein_1379,GCF_013122055.1;protein_1329,GCF_003050665.1;protein_1351
GCF_016748085.1;protein_1193,GCF_002952675.1;protein_245,GCF_002951975.1;protein_244,GCF_002952595.1;protein_244,GCF_001653415.1;protein_1205,GCF_900638475.1;protein_1284,GCF_016749215.1;protein_1154,GCF_019974055.1;protein_1380,GCF_013122055.1;protein_1330,GCF_003050665.1;protein_1350
GCF_016748085.1;protein_1194,GCF_002952675.1;protein_244,GCF_002951975.1;protein_243,GCF_002952595.1;protein_243,GCF_001653415.1;protein_1206,GCF_900638475.1;protein_1285,GCF_016749215.1;protein_1155,GCF_019974055.1;protein_1381,GCF_013122055.1;protein_1331,GCF_003050665.1;protein_1349
GCF_016748085.1;protein_1195,GCF_002952675.1;protein_243,GCF_002951975.1;protein_242,GCF_002952595.1;protein_242,GCF_001653415.1;protein_1207,GCF_900638475.1;protein_1286,GCF_016749215.1;protein_1156,GCF_019974055.1;protein_1382,GCF_013122055.1;protein_1332,GCF_003050665.1;protein_1348
GCF_016748085.1;protein_1196,GCF_002952675.1;protein_242,GCF_002951975.1;protein_241,GCF_002952595.1;protein_241,GCF_001653415.1;protein_1208,GCF_900638475.1;protein_1287,GCF_016749215.1;protein_1157,GCF_019974055.1;protein_1383,GCF_013122055.1;protein_1333,GCF_003050665.1;protein_1347
GCF_016748085.1;protein_1197,GCF_002952675.1;protein_241,GCF_002951975.1;protein_240,GCF_002952595.1;protein_240,GCF_001653415.1;protein_1209,GCF_900638475.1;protein_1288,GCF_016749215.1;protein_1158,GCF_019974055.1;protein_1384,GCF_013122055.1;protein_1334,GCF_003050665.1;protein_1346
GCF_016748085.1;protein_1198,GCF_002952675.1;protein_240,GCF_002951975.1;protein_239,GCF_002952595.1;protein_239,GCF_001653415.1;protein_1210,GCF_900638475.1;protein_1289,GCF_016749215.1;protein_1159,GCF_019974055.1;protein_1385,GCF_013122055.1;protein_1335,GCF_003050665.1;protein_1345
GCF_016748085.1;protein_1199,GCF_002952675.1;protein_239,GCF_002951975.1;protein_238,GCF_002952595.1;protein_238,GCF_001653415.1;protein_1211,GCF_900638475.1;protein_1290,GCF_016749215.1;protein_1160,GCF_019974055.1;protein_1386,GCF_013122055.1;protein_1336,GCF_003050665.1;protein_1344
GCF_016748085.1;protein_12,GCF_002952675.1;protein_1472,GCF_002951975.1;protein_1468,GCF_002952595.1;protein_1467,GCF_001653415.1;protein_67,GCF_900638475.1;protein_165,GCF_016749215.1;protein_13,GCF_019974055.1;protein_167,GCF_013122055.1;protein_198,GCF_003050665.1;protein_989
GCF_016748085.1;protein_120,GCF_002952675.1;protein_1319,GCF_002951975.1;protein_1315,GCF_002952595.1;protein_1314,GCF_001653415.1;protein_178,GCF_900638475.1;protein_275,GCF_016749215.1;protein_128,GCF_019974055.1;protein_309,GCF_013122055.1;protein_306,GCF_003050665.1;protein_1102
GCF_016748085.1;protein_1200,GCF_002952675.1;protein_238,GCF_002951975.1;protein_237,GCF_002952595.1;protein_237,GCF_001653415.1;protein_1212,GCF_900638475.1;protein_1291,GCF_016749215.1;protein_1161,GCF_019974055.1;protein_1387,GCF_013122055.1;protein_1337,GCF_003050665.1;protein_1343
GCF_016748085.1;protein_1201,GCF_002952675.1;protein_237,GCF_002951975.1;protein_236,GCF_002952595.1;protein_236,GCF_001653415.1;protein_1213,GCF_900638475.1;protein_1292,GCF_016749215.1;protein_1162,GCF_019974055.1;protein_1388,GCF_013122055.1;protein_1338,GCF_003050665.1;protein_1342
GCF_016748085.1;protein_1202,GCF_002952675.1;protein_236,GCF_002951975.1;protein_235,GCF_002952595.1;protein_235,GCF_001653415.1;protein_1214,GCF_900638475.1;protein_1293,GCF_016749215.1;protein_1163,GCF_019974055.1;protein_1389,GCF_013122055.1;protein_1339,GCF_003050665.1;protein_1341
GCF_016748085.1;protein_1203,GCF_002952675.1;protein_235,GCF_002951975.1;protein_234,GCF_002952595.1;protein_234,GCF_001653415.1;protein_1215,GCF_900638475.1;protein_1294,GCF_016749215.1;protein_1164,GCF_019974055.1;protein_1390,GCF_013122055.1;protein_1340,GCF_003050665.1;protein_1340
GCF_016748085.1;protein_1204,GCF_002952675.1;protein_234,GCF_002951975.1;protein_233,GCF_002952595.1;protein_233,GCF_001653415.1;protein_1216,GCF_900638475.1;protein_1295,GCF_016749215.1;protein_1165,GCF_019974055.1;protein_1391,GCF_013122055.1;protein_1341,GCF_003050665.1;protein_1339
GCF_016748085.1;protein_1205,GCF_002952675.1;protein_233,GCF_002951975.1;protein_232,GCF_002952595.1;protein_232,GCF_001653415.1;protein_1217,GCF_900638475.1;protein_1296,GCF_016749215.1;protein_1166,GCF_019974055.1;protein_1392,GCF_013122055.1;protein_1342,GCF_003050665.1;protein_1338
GCF_016748085.1;protein_1206,GCF_002952675.1;protein_232,GCF_002951975.1;protein_231,GCF_002952595.1;protein_231,GCF_001653415.1;protein_1218,GCF_900638475.1;protein_1297,GCF_016749215.1;protein_1167,GCF_019974055.1;protein_1393,GCF_013122055.1;protein_1343,GCF_003050665.1;protein_1337
GCF_016748085.1;protein_1207,GCF_002952675.1;protein_231,GCF_002951975.1;protein_230,GCF_002952595.1;protein_230,GCF_001653415.1;protein_1219,GCF_900638475.1;protein_1298,GCF_016749215.1;protein_1168,GCF_019974055.1;protein_1394,GCF_013122055.1;protein_1344,GCF_003050665.1;protein_1336
GCF_016748085.1;protein_1208,GCF_002952675.1;protein_230,GCF_002951975.1;protein_229,GCF_002952595.1;protein_229,GCF_001653415.1;protein_1220,GCF_900638475.1;protein_1299,GCF_016749215.1;protein_1169,GCF_019974055.1;protein_1395,GCF_013122055.1;protein_1345,GCF_003050665.1;protein_1335
GCF_016748085.1;protein_1209,GCF_002952675.1;protein_229,GCF_002951975.1;protein_228,GCF_002952595.1;protein_228,GCF_001653415.1;protein_1221,GCF_900638475.1;protein_1300,GCF_016749215.1;protein_1170,GCF_019974055.1;protein_1396,GCF_013122055.1;protein_1346,GCF_003050665.1;protein_1334
GCF_016748085.1;protein_121,GCF_002952675.1;protein_1318,GCF_002951975.1;protein_1314,GCF_002952595.1;protein_1313,GCF_001653415.1;protein_179,GCF_900638475.1;protein_276,GCF_016749215.1;protein_129,GCF_019974055.1;protein_310,GCF_013122055.1;protein_307,GCF_003050665.1;protein_1103
GCF_016748085.1;protein_1210,GCF_002952675.1;protein_228,GCF_002951975.1;protein_227,GCF_002952595.1;protein_227,GCF_001653415.1;protein_1222,GCF_900638475.1;protein_1301,GCF_016749215.1;protein_1171,GCF_019974055.1;protein_1397,GCF_013122055.1;protein_1347,GCF_003050665.1;protein_1333
GCF_016748085.1;protein_1211,GCF_002952675.1;protein_227,GCF_002951975.1;protein_226,GCF_002952595.1;protein_226,GCF_001653415.1;protein_1223,GCF_900638475.1;protein_1302,GCF_016749215.1;protein_1172,GCF_019974055.1;protein_1398,GCF_013122055.1;protein_1348,GCF_003050665.1;protein_1332
GCF_016748085.1;protein_1213,GCF_002952675.1;protein_225,GCF_002951975.1;protein_224,GCF_002952595.1;protein_224,GCF_001653415.1;protein_1226,GCF_900638475.1;protein_1305,GCF_016749215.1;protein_1175,GCF_019974055.1;protein_1401,GCF_013122055.1;protein_1350,GCF_003050665.1;protein_1329
GCF_016748085.1;protein_1214,GCF_002952675.1;protein_224,GCF_002951975.1;protein_223,GCF_002952595.1;protein_223,GCF_001653415.1;protein_1227,GCF_900638475.1;protein_1306,GCF_016749215.1;protein_1176,GCF_019974055.1;protein_1402,GCF_013122055.1;protein_1351,GCF_003050665.1;protein_1328
GCF_016748085.1;protein_1215,GCF_002952675.1;protein_223,GCF_002951975.1;protein_222,GCF_002952595.1;protein_222,GCF_001653415.1;protein_1228,GCF_900638475.1;protein_1307,GCF_016749215.1;protein_1177,GCF_019974055.1;protein_1403,GCF_013122055.1;protein_1352,GCF_003050665.1;protein_1327
GCF_016748085.1;protein_1217,GCF_002952675.1;protein_221,GCF_002951975.1;protein_220,GCF_002952595.1;protein_220,GCF_001653415.1;protein_1231,GCF_900638475.1;protein_1309,GCF_016749215.1;protein_1179,GCF_019974055.1;protein_1405,GCF_013122055.1;protein_1354,GCF_003050665.1;protein_1325
GCF_016748085.1;protein_1218,GCF_002952675.1;protein_220,GCF_002951975.1;protein_219,GCF_002952595.1;protein_219,GCF_001653415.1;protein_1232,GCF_900638475.1;protein_1310,GCF_016749215.1;protein_1180,GCF_019974055.1;protein_1406,GCF_013122055.1;protein_1355,GCF_003050665.1;protein_1324
GCF_016748085.1;protein_1219,GCF_002952675.1;protein_219,GCF_002951975.1;protein_218,GCF_002952595.1;protein_218,GCF_001653415.1;protein_1233,GCF_900638475.1;protein_1311,GCF_016749215.1;protein_1181,GCF_019974055.1;protein_1407,GCF_013122055.1;protein_1356,GCF_003050665.1;protein_1323
GCF_016748085.1;protein_122,GCF_002952675.1;protein_1317,GCF_002951975.1;protein_1313,GCF_002952595.1;protein_1312,GCF_001653415.1;protein_180,GCF_900638475.1;protein_277,GCF_016749215.1;protein_130,GCF_019974055.1;protein_311,GCF_013122055.1;protein_308,GCF_003050665.1;protein_1104
GCF_016748085.1;protein_1220,GCF_002952675.1;protein_218,GCF_002951975.1;protein_217,GCF_002952595.1;protein_217,GCF_001653415.1;protein_1234,GCF_900638475.1;protein_1312,GCF_016749215.1;protein_1182,GCF_019974055.1;protein_1408,GCF_013122055.1;protein_1357,GCF_003050665.1;protein_1322
GCF_016748085.1;protein_1221,GCF_002952675.1;protein_217,GCF_002951975.1;protein_216,GCF_002952595.1;protein_216,GCF_001653415.1;protein_1235,GCF_900638475.1;protein_1313,GCF_016749215.1;protein_1183,GCF_019974055.1;protein_1409,GCF_013122055.1;protein_1358,GCF_003050665.1;protein_1321
GCF_016748085.1;protein_1222,GCF_002952675.1;protein_216,GCF_002951975.1;protein_215,GCF_002952595.1;protein_215,GCF_001653415.1;protein_1236,GCF_900638475.1;protein_1314,GCF_016749215.1;protein_1184,GCF_019974055.1;protein_1410,GCF_013122055.1;protein_1359,GCF_003050665.1;protein_1320
GCF_016748085.1;protein_1223,GCF_002952675.1;protein_215,GCF_002951975.1;protein_214,GCF_002952595.1;protein_214,GCF_001653415.1;protein_1237,GCF_900638475.1;protein_1315,GCF_016749215.1;protein_1185,GCF_019974055.1;protein_1411,GCF_013122055.1;protein_1360,GCF_003050665.1;protein_1319
GCF_016748085.1;protein_1224,GCF_002952675.1;protein_214,GCF_002951975.1;protein_213,GCF_002952595.1;protein_213,GCF_001653415.1;protein_1238,GCF_900638475.1;protein_1316,GCF_016749215.1;protein_1186,GCF_019974055.1;protein_1412,GCF_013122055.1;protein_1361,GCF_003050665.1;protein_1318
GCF_016748085.1;protein_1225,GCF_002952675.1;protein_213,GCF_002951975.1;protein_212,GCF_002952595.1;protein_212,GCF_001653415.1;protein_1239,GCF_900638475.1;protein_1317,GCF_016749215.1;protein_1187,GCF_019974055.1;protein_1413,GCF_013122055.1;protein_1362,GCF_003050665.1;protein_1317
GCF_016748085.1;protein_1226,GCF_002952675.1;protein_212,GCF_002951975.1;protein_211,GCF_002952595.1;protein_211,GCF_001653415.1;protein_1240,GCF_900638475.1;protein_1318,GCF_016749215.1;protein_1188,GCF_019974055.1;protein_1414,GCF_013122055.1;protein_1363,GCF_003050665.1;protein_1316
GCF_016748085.1;protein_1227,GCF_002952675.1;protein_211,GCF_002951975.1;protein_210,GCF_002952595.1;protein_210,GCF_001653415.1;protein_1241,GCF_900638475.1;protein_1319,GCF_016749215.1;protein_1189,GCF_019974055.1;protein_1415,GCF_013122055.1;protein_1364,GCF_003050665.1;protein_1315
GCF_016748085.1;protein_1228,GCF_002952675.1;protein_210,GCF_002951975.1;protein_209,GCF_002952595.1;protein_209,GCF_001653415.1;protein_1242,GCF_900638475.1;protein_1320,GCF_016749215.1;protein_1190,GCF_019974055.1;protein_1416,GCF_013122055.1;protein_1365,GCF_003050665.1;protein_1314
GCF_016748085.1;protein_1229,GCF_002952675.1;protein_209,GCF_002951975.1;protein_208,GCF_002952595.1;protein_208,GCF_001653415.1;protein_1243,GCF_900638475.1;protein_1321,GCF_016749215.1;protein_1191,GCF_019974055.1;protein_1417,GCF_013122055.1;protein_1366,GCF_003050665.1;protein_1313
GCF_016748085.1;protein_123,GCF_002952675.1;protein_1316,GCF_002951975.1;protein_1312,GCF_002952595.1;protein_1311,GCF_001653415.1;protein_181,GCF_900638475.1;protein_278,GCF_016749215.1;protein_131,GCF_019974055.1;protein_312,GCF_013122055.1;protein_309,GCF_003050665.1;protein_1105
GCF_016748085.1;protein_1230,GCF_002952675.1;protein_208,GCF_002951975.1;protein_207,GCF_002952595.1;protein_207,GCF_001653415.1;protein_1244,GCF_900638475.1;protein_1322,GCF_016749215.1;protein_1192,GCF_019974055.1;protein_1418,GCF_013122055.1;protein_1367,GCF_003050665.1;protein_1312
GCF_016748085.1;protein_1231,GCF_002952675.1;protein_207,GCF_002951975.1;protein_206,GCF_002952595.1;protein_206,GCF_001653415.1;protein_1245,GCF_900638475.1;protein_1323,GCF_016749215.1;protein_1193,GCF_019974055.1;protein_1419,GCF_013122055.1;protein_1368,GCF_003050665.1;protein_1311
GCF_016748085.1;protein_1232,GCF_002952675.1;protein_206,GCF_002951975.1;protein_205,GCF_002952595.1;protein_205,GCF_001653415.1;protein_1246,GCF_900638475.1;protein_1324,GCF_016749215.1;protein_1194,GCF_019974055.1;protein_1420,GCF_013122055.1;protein_1369,GCF_003050665.1;protein_1310
GCF_016748085.1;protein_1233,GCF_002952675.1;protein_205,GCF_002951975.1;protein_204,GCF_002952595.1;protein_204,GCF_001653415.1;protein_1247,GCF_900638475.1;protein_1325,GCF_016749215.1;protein_1195,GCF_019974055.1;protein_1421,GCF_013122055.1;protein_1370,GCF_003050665.1;protein_1309
GCF_016748085.1;protein_1234,GCF_002952675.1;protein_204,GCF_002951975.1;protein_203,GCF_002952595.1;protein_203,GCF_001653415.1;protein_1248,GCF_900638475.1;protein_1326,GCF_016749215.1;protein_1196,GCF_019974055.1;protein_1422,GCF_013122055.1;protein_1371,GCF_003050665.1;protein_1308
GCF_016748085.1;protein_1235,GCF_002952675.1;protein_203,GCF_002951975.1;protein_202,GCF_002952595.1;protein_202,GCF_001653415.1;protein_1249,GCF_900638475.1;protein_1327,GCF_016749215.1;protein_1197,GCF_019974055.1;protein_1423,GCF_013122055.1;protein_1372,GCF_003050665.1;protein_1307
GCF_016748085.1;protein_1236,GCF_002952675.1;protein_202,GCF_002951975.1;protein_201,GCF_002952595.1;protein_201,GCF_001653415.1;protein_1250,GCF_900638475.1;protein_1328,GCF_016749215.1;protein_1198,GCF_019974055.1;protein_1424,GCF_013122055.1;protein_1373,GCF_003050665.1;protein_1306
GCF_016748085.1;protein_1237,GCF_002952675.1;protein_201,GCF_002951975.1;protein_200,GCF_002952595.1;protein_200,GCF_001653415.1;protein_1251,GCF_900638475.1;protein_1329,GCF_016749215.1;protein_1199,GCF_019974055.1;protein_1425,GCF_013122055.1;protein_1374,GCF_003050665.1;protein_1305
GCF_016748085.1;protein_1238,GCF_002952675.1;protein_200,GCF_002951975.1;protein_199,GCF_002952595.1;protein_199,GCF_001653415.1;protein_1252,GCF_900638475.1;protein_1330,GCF_016749215.1;protein_1200,GCF_019974055.1;protein_1426,GCF_013122055.1;protein_1375,GCF_003050665.1;protein_1304
GCF_016748085.1;protein_1239,GCF_002952675.1;protein_199,GCF_002951975.1;protein_198,GCF_002952595.1;protein_198,GCF_001653415.1;protein_1253,GCF_900638475.1;protein_1331,GCF_016749215.1;protein_1201,GCF_019974055.1;protein_1427,GCF_013122055.1;protein_1376,GCF_003050665.1;protein_1303
GCF_016748085.1;protein_124,GCF_002952675.1;protein_1315,GCF_002951975.1;protein_1311,GCF_002952595.1;protein_1310,GCF_001653415.1;protein_182,GCF_900638475.1;protein_279,GCF_016749215.1;protein_132,GCF_019974055.1;protein_313,GCF_013122055.1;protein_310,GCF_003050665.1;protein_1106
GCF_016748085.1;protein_1240,GCF_002952675.1;protein_198,GCF_002951975.1;protein_197,GCF_002952595.1;protein_197,GCF_001653415.1;protein_1254,GCF_900638475.1;protein_1332,GCF_016749215.1;protein_1202,GCF_019974055.1;protein_1428,GCF_013122055.1;protein_1377,GCF_003050665.1;protein_1302
GCF_016748085.1;protein_1241,GCF_002952675.1;protein_197,GCF_002951975.1;protein_196,GCF_002952595.1;protein_196,GCF_001653415.1;protein_1255,GCF_900638475.1;protein_1333,GCF_016749215.1;protein_1203,GCF_019974055.1;protein_1429,GCF_013122055.1;protein_1378,GCF_003050665.1;protein_1301
GCF_016748085.1;protein_1242,GCF_002952675.1;protein_196,GCF_002951975.1;protein_195,GCF_002952595.1;protein_195,GCF_001653415.1;protein_1256,GCF_900638475.1;protein_1334,GCF_016749215.1;protein_1204,GCF_019974055.1;protein_1430,GCF_013122055.1;protein_1379,GCF_003050665.1;protein_1300
GCF_016748085.1;protein_1243,GCF_002952675.1;protein_195,GCF_002951975.1;protein_194,GCF_002952595.1;protein_194,GCF_001653415.1;protein_1257,GCF_900638475.1;protein_1335,GCF_016749215.1;protein_1205,GCF_019974055.1;protein_1431,GCF_013122055.1;protein_1380,GCF_003050665.1;protein_1299
GCF_016748085.1;protein_1244,GCF_002952675.1;protein_194,GCF_002951975.1;protein_193,GCF_002952595.1;protein_193,GCF_001653415.1;protein_1258,GCF_900638475.1;protein_1336,GCF_016749215.1;protein_1206,GCF_019974055.1;protein_1432,GCF_013122055.1;protein_1381,GCF_003050665.1;protein_1298
GCF_016748085.1;protein_1245,GCF_002952675.1;protein_193,GCF_002951975.1;protein_192,GCF_002952595.1;protein_192,GCF_001653415.1;protein_1259,GCF_900638475.1;protein_1337,GCF_016749215.1;protein_1207,GCF_019974055.1;protein_1433,GCF_013122055.1;protein_1382,GCF_003050665.1;protein_1297
GCF_016748085.1;protein_1246,GCF_002952675.1;protein_192,GCF_002951975.1;protein_191,GCF_002952595.1;protein_191,GCF_001653415.1;protein_1260,GCF_900638475.1;protein_1338,GCF_016749215.1;protein_1208,GCF_019974055.1;protein_1434,GCF_013122055.1;protein_1383,GCF_003050665.1;protein_1296
GCF_016748085.1;protein_1247,GCF_002952675.1;protein_191,GCF_002951975.1;protein_190,GCF_002952595.1;protein_190,GCF_001653415.1;protein_1261,GCF_900638475.1;protein_1339,GCF_016749215.1;protein_1209,GCF_019974055.1;protein_1435,GCF_013122055.1;protein_1384,GCF_003050665.1;protein_1295
GCF_016748085.1;protein_1248,GCF_002952675.1;protein_190,GCF_002951975.1;protein_189,GCF_002952595.1;protein_189,GCF_001653415.1;protein_1262,GCF_900638475.1;protein_1340,GCF_016749215.1;protein_1210,GCF_019974055.1;protein_1436,GCF_013122055.1;protein_1385,GCF_003050665.1;protein_1294
GCF_016748085.1;protein_125,GCF_002952675.1;protein_1314,GCF_002951975.1;protein_1310,GCF_002952595.1;protein_1309,GCF_001653415.1;protein_183,GCF_900638475.1;protein_280,GCF_016749215.1;protein_133,GCF_019974055.1;protein_314,GCF_013122055.1;protein_311,GCF_003050665.1;protein_1107
GCF_016748085.1;protein_1250,GCF_002952675.1;protein_188,GCF_002951975.1;protein_187,GCF_002952595.1;protein_187,GCF_001653415.1;protein_1265,GCF_900638475.1;protein_1357,GCF_016749215.1;protein_1213,GCF_019974055.1;protein_1452,GCF_013122055.1;protein_1390,GCF_003050665.1;protein_1277
GCF_016748085.1;protein_1251,GCF_002952675.1;protein_187,GCF_002951975.1;protein_186,GCF_002952595.1;protein_186,GCF_001653415.1;protein_1266,GCF_900638475.1;protein_1356,GCF_016749215.1;protein_1214,GCF_019974055.1;protein_1451,GCF_013122055.1;protein_1391,GCF_003050665.1;protein_1278
GCF_016748085.1;protein_1252,GCF_002952675.1;protein_186,GCF_002951975.1;protein_185,GCF_002952595.1;protein_185,GCF_001653415.1;protein_1267,GCF_900638475.1;protein_1355,GCF_016749215.1;protein_1215,GCF_019974055.1;protein_1450,GCF_013122055.1;protein_1392,GCF_003050665.1;protein_1279
GCF_016748085.1;protein_1253,GCF_002952675.1;protein_185,GCF_002951975.1;protein_184,GCF_002952595.1;protein_184,GCF_001653415.1;protein_1268,GCF_900638475.1;protein_1354,GCF_016749215.1;protein_1216,GCF_019974055.1;protein_1449,GCF_013122055.1;protein_1393,GCF_003050665.1;protein_1280
GCF_016748085.1;protein_1254,GCF_002952675.1;protein_184,GCF_002951975.1;protein_183,GCF_002952595.1;protein_183,GCF_001653415.1;protein_1269,GCF_900638475.1;protein_1353,GCF_016749215.1;protein_1217,GCF_019974055.1;protein_1448,GCF_013122055.1;protein_1394,GCF_003050665.1;protein_1281
GCF_016748085.1;protein_1255,GCF_002952675.1;protein_183,GCF_002951975.1;protein_182,GCF_002952595.1;protein_182,GCF_001653415.1;protein_1270,GCF_900638475.1;protein_1352,GCF_016749215.1;protein_1218,GCF_019974055.1;protein_1447,GCF_013122055.1;protein_1395,GCF_003050665.1;protein_1282
GCF_016748085.1;protein_1256,GCF_002952675.1;protein_182,GCF_002951975.1;protein_181,GCF_002952595.1;protein_181,GCF_001653415.1;protein_1271,GCF_900638475.1;protein_1350,GCF_016749215.1;protein_1220,GCF_019974055.1;protein_1446,GCF_013122055.1;protein_1398,GCF_003050665.1;protein_1283
GCF_016748085.1;protein_1257,GCF_002952675.1;protein_181,GCF_002951975.1;protein_180,GCF_002952595.1;protein_180,GCF_001653415.1;protein_1272,GCF_900638475.1;protein_1349,GCF_016749215.1;protein_1221,GCF_019974055.1;protein_1445,GCF_013122055.1;protein_1399,GCF_003050665.1;protein_1284
GCF_016748085.1;protein_1258,GCF_002952675.1;protein_180,GCF_002951975.1;protein_179,GCF_002952595.1;protein_179,GCF_001653415.1;protein_1273,GCF_900638475.1;protein_1348,GCF_016749215.1;protein_1222,GCF_019974055.1;protein_1444,GCF_013122055.1;protein_1400,GCF_003050665.1;protein_1285
GCF_016748085.1;protein_1259,GCF_002952675.1;protein_179,GCF_002951975.1;protein_178,GCF_002952595.1;protein_178,GCF_001653415.1;protein_1274,GCF_900638475.1;protein_1347,GCF_016749215.1;protein_1223,GCF_019974055.1;protein_1443,GCF_013122055.1;protein_1401,GCF_003050665.1;protein_1286
GCF_016748085.1;protein_126,GCF_002952675.1;protein_1313,GCF_002951975.1;protein_1309,GCF_002952595.1;protein_1308,GCF_001653415.1;protein_184,GCF_900638475.1;protein_281,GCF_016749215.1;protein_134,GCF_019974055.1;protein_315,GCF_013122055.1;protein_312,GCF_003050665.1;protein_1108
GCF_016748085.1;protein_1260,GCF_002952675.1;protein_176,GCF_002951975.1;protein_175,GCF_002952595.1;protein_175,GCF_001653415.1;protein_1277,GCF_900638475.1;protein_1344,GCF_016749215.1;protein_1226,GCF_019974055.1;protein_1440,GCF_013122055.1;protein_1404,GCF_003050665.1;protein_1289
GCF_016748085.1;protein_1261,GCF_002952675.1;protein_175,GCF_002951975.1;protein_174,GCF_002952595.1;protein_174,GCF_001653415.1;protein_1278,GCF_900638475.1;protein_1343,GCF_016749215.1;protein_1227,GCF_019974055.1;protein_1439,GCF_013122055.1;protein_1405,GCF_003050665.1;protein_1290
GCF_016748085.1;protein_1263,GCF_002952675.1;protein_174,GCF_002951975.1;protein_173,GCF_002952595.1;protein_173,GCF_001653415.1;protein_1279,GCF_900638475.1;protein_1359,GCF_016749215.1;protein_1228,GCF_019974055.1;protein_1454,GCF_013122055.1;protein_1406,GCF_003050665.1;protein_1275
GCF_016748085.1;protein_1264,GCF_002952675.1;protein_173,GCF_002951975.1;protein_172,GCF_002952595.1;protein_172,GCF_001653415.1;protein_1280,GCF_900638475.1;protein_1360,GCF_016749215.1;protein_1229,GCF_019974055.1;protein_1455,GCF_013122055.1;protein_1407,GCF_003050665.1;protein_1274
GCF_016748085.1;protein_1265,GCF_002952675.1;protein_172,GCF_002951975.1;protein_171,GCF_002952595.1;protein_171,GCF_001653415.1;protein_1281,GCF_900638475.1;protein_1361,GCF_016749215.1;protein_1230,GCF_019974055.1;protein_1456,GCF_013122055.1;protein_1408,GCF_003050665.1;protein_1273
GCF_016748085.1;protein_1266,GCF_002952675.1;protein_171,GCF_002951975.1;protein_170,GCF_002952595.1;protein_170,GCF_001653415.1;protein_1282,GCF_900638475.1;protein_1362,GCF_016749215.1;protein_1231,GCF_019974055.1;protein_1457,GCF_013122055.1;protein_1409,GCF_003050665.1;protein_1272
GCF_016748085.1;protein_1267,GCF_002952675.1;protein_170,GCF_002951975.1;protein_169,GCF_002952595.1;protein_169,GCF_001653415.1;protein_1283,GCF_900638475.1;protein_1363,GCF_016749215.1;protein_1232,GCF_019974055.1;protein_1458,GCF_013122055.1;protein_1410,GCF_003050665.1;protein_1271
GCF_016748085.1;protein_1268,GCF_002952675.1;protein_169,GCF_002951975.1;protein_168,GCF_002952595.1;protein_168,GCF_001653415.1;protein_1284,GCF_900638475.1;protein_1364,GCF_016749215.1;protein_1233,GCF_019974055.1;protein_1459,GCF_013122055.1;protein_1411,GCF_003050665.1;protein_1270
GCF_016748085.1;protein_1269,GCF_002952675.1;protein_168,GCF_002951975.1;protein_167,GCF_002952595.1;protein_167,GCF_001653415.1;protein_1285,GCF_900638475.1;protein_1365,GCF_016749215.1;protein_1234,GCF_019974055.1;protein_1460,GCF_013122055.1;protein_1412,GCF_003050665.1;protein_1269
GCF_016748085.1;protein_127,GCF_002952675.1;protein_1312,GCF_002951975.1;protein_1308,GCF_002952595.1;protein_1307,GCF_001653415.1;protein_185,GCF_900638475.1;protein_282,GCF_016749215.1;protein_135,GCF_019974055.1;protein_316,GCF_013122055.1;protein_313,GCF_003050665.1;protein_1109
GCF_016748085.1;protein_1270,GCF_002952675.1;protein_167,GCF_002951975.1;protein_166,GCF_002952595.1;protein_166,GCF_001653415.1;protein_1286,GCF_900638475.1;protein_1366,GCF_016749215.1;protein_1235,GCF_019974055.1;protein_1461,GCF_013122055.1;protein_1413,GCF_003050665.1;protein_1268
GCF_016748085.1;protein_1271,GCF_002952675.1;protein_166,GCF_002951975.1;protein_165,GCF_002952595.1;protein_165,GCF_001653415.1;protein_1287,GCF_900638475.1;protein_1367,GCF_016749215.1;protein_1236,GCF_019974055.1;protein_1462,GCF_013122055.1;protein_1414,GCF_003050665.1;protein_1267
GCF_016748085.1;protein_1272,GCF_002952675.1;protein_165,GCF_002951975.1;protein_164,GCF_002952595.1;protein_164,GCF_001653415.1;protein_1288,GCF_900638475.1;protein_1368,GCF_016749215.1;protein_1237,GCF_019974055.1;protein_1463,GCF_013122055.1;protein_1415,GCF_003050665.1;protein_1266
GCF_016748085.1;protein_1273,GCF_002952675.1;protein_164,GCF_002951975.1;protein_163,GCF_002952595.1;protein_163,GCF_001653415.1;protein_1289,GCF_900638475.1;protein_1369,GCF_016749215.1;protein_1238,GCF_019974055.1;protein_1464,GCF_013122055.1;protein_1416,GCF_003050665.1;protein_1265
GCF_016748085.1;protein_1274,GCF_002952675.1;protein_163,GCF_002951975.1;protein_162,GCF_002952595.1;protein_162,GCF_001653415.1;protein_1290,GCF_900638475.1;protein_1370,GCF_016749215.1;protein_1239,GCF_019974055.1;protein_1465,GCF_013122055.1;protein_1417,GCF_003050665.1;protein_1264
GCF_016748085.1;protein_1275,GCF_002952675.1;protein_162,GCF_002951975.1;protein_161,GCF_002952595.1;protein_161,GCF_001653415.1;protein_1291,GCF_900638475.1;protein_1371,GCF_016749215.1;protein_1240,GCF_019974055.1;protein_1466,GCF_013122055.1;protein_1418,GCF_003050665.1;protein_1263
GCF_016748085.1;protein_1276,GCF_002952675.1;protein_161,GCF_002951975.1;protein_160,GCF_002952595.1;protein_160,GCF_001653415.1;protein_1292,GCF_900638475.1;protein_1372,GCF_016749215.1;protein_1241,GCF_019974055.1;protein_1467,GCF_013122055.1;protein_1419,GCF_003050665.1;protein_1262
GCF_016748085.1;protein_1277,GCF_002952675.1;protein_160,GCF_002951975.1;protein_159,GCF_002952595.1;protein_159,GCF_001653415.1;protein_1293,GCF_900638475.1;protein_1373,GCF_016749215.1;protein_1242,GCF_019974055.1;protein_1468,GCF_013122055.1;protein_1420,GCF_003050665.1;protein_1261
GCF_016748085.1;protein_1278,GCF_002952675.1;protein_159,GCF_002951975.1;protein_158,GCF_002952595.1;protein_158,GCF_001653415.1;protein_1294,GCF_900638475.1;protein_1374,GCF_016749215.1;protein_1243,GCF_019974055.1;protein_1469,GCF_013122055.1;protein_1421,GCF_003050665.1;protein_1260
GCF_016748085.1;protein_1279,GCF_002952675.1;protein_158,GCF_002951975.1;protein_157,GCF_002952595.1;protein_157,GCF_001653415.1;protein_1295,GCF_900638475.1;protein_1375,GCF_016749215.1;protein_1244,GCF_019974055.1;protein_1470,GCF_013122055.1;protein_1422,GCF_003050665.1;protein_1259
GCF_016748085.1;protein_128,GCF_002952675.1;protein_1311,GCF_002951975.1;protein_1307,GCF_002952595.1;protein_1306,GCF_001653415.1;protein_186,GCF_900638475.1;protein_283,GCF_016749215.1;protein_136,GCF_019974055.1;protein_317,GCF_013122055.1;protein_314,GCF_003050665.1;protein_1110
GCF_016748085.1;protein_1280,GCF_002952675.1;protein_157,GCF_002951975.1;protein_156,GCF_002952595.1;protein_156,GCF_001653415.1;protein_1296,GCF_900638475.1;protein_1376,GCF_016749215.1;protein_1245,GCF_019974055.1;protein_1471,GCF_013122055.1;protein_1423,GCF_003050665.1;protein_1258
GCF_016748085.1;protein_1281,GCF_002952675.1;protein_156,GCF_002951975.1;protein_155,GCF_002952595.1;protein_155,GCF_001653415.1;protein_1297,GCF_900638475.1;protein_1377,GCF_016749215.1;protein_1246,GCF_019974055.1;protein_1472,GCF_013122055.1;protein_1424,GCF_003050665.1;protein_1257
GCF_016748085.1;protein_1282,GCF_002952675.1;protein_155,GCF_002951975.1;protein_154,GCF_002952595.1;protein_154,GCF_001653415.1;protein_1298,GCF_900638475.1;protein_1378,GCF_016749215.1;protein_1247,GCF_019974055.1;protein_1473,GCF_013122055.1;protein_1425,GCF_003050665.1;protein_1256
GCF_016748085.1;protein_1283,GCF_002952675.1;protein_154,GCF_002951975.1;protein_153,GCF_002952595.1;protein_153,GCF_001653415.1;protein_1299,GCF_900638475.1;protein_1379,GCF_016749215.1;protein_1248,GCF_019974055.1;protein_1474,GCF_013122055.1;protein_1426,GCF_003050665.1;protein_1255
GCF_016748085.1;protein_1284,GCF_002952675.1;protein_153,GCF_002951975.1;protein_152,GCF_002952595.1;protein_152,GCF_001653415.1;protein_1300,GCF_900638475.1;protein_1380,GCF_016749215.1;protein_1249,GCF_019974055.1;protein_1475,GCF_013122055.1;protein_1427,GCF_003050665.1;protein_1254
GCF_016748085.1;protein_1285,GCF_002952675.1;protein_152,GCF_002951975.1;protein_151,GCF_002952595.1;protein_151,GCF_001653415.1;protein_1301,GCF_900638475.1;protein_1381,GCF_016749215.1;protein_1250,GCF_019974055.1;protein_1476,GCF_013122055.1;protein_1428,GCF_003050665.1;protein_1253
GCF_016748085.1;protein_1286,GCF_002952675.1;protein_151,GCF_002951975.1;protein_150,GCF_002952595.1;protein_150,GCF_001653415.1;protein_1302,GCF_900638475.1;protein_1382,GCF_016749215.1;protein_1251,GCF_019974055.1;protein_1477,GCF_013122055.1;protein_1429,GCF_003050665.1;protein_1252
GCF_016748085.1;protein_1287,GCF_002952675.1;protein_150,GCF_002951975.1;protein_149,GCF_002952595.1;protein_149,GCF_001653415.1;protein_1303,GCF_900638475.1;protein_1383,GCF_016749215.1;protein_1252,GCF_019974055.1;protein_1478,GCF_013122055.1;protein_1430,GCF_003050665.1;protein_1251
GCF_016748085.1;protein_1288,GCF_002952675.1;protein_149,GCF_002951975.1;protein_148,GCF_002952595.1;protein_148,GCF_001653415.1;protein_1304,GCF_900638475.1;protein_1384,GCF_016749215.1;protein_1253,GCF_019974055.1;protein_1479,GCF_013122055.1;protein_1431,GCF_003050665.1;protein_1250
GCF_016748085.1;protein_1289,GCF_002952675.1;protein_148,GCF_002951975.1;protein_147,GCF_002952595.1;protein_147,GCF_001653415.1;protein_1305,GCF_900638475.1;protein_1385,GCF_016749215.1;protein_1254,GCF_019974055.1;protein_1480,GCF_013122055.1;protein_1432,GCF_003050665.1;protein_1249
GCF_016748085.1;protein_129,GCF_002952675.1;protein_1310,GCF_002951975.1;protein_1306,GCF_002952595.1;protein_1305,GCF_001653415.1;protein_187,GCF_900638475.1;protein_284,GCF_016749215.1;protein_137,GCF_019974055.1;protein_318,GCF_013122055.1;protein_315,GCF_003050665.1;protein_1111
GCF_016748085.1;protein_1290,GCF_002952675.1;protein_147,GCF_002951975.1;protein_146,GCF_002952595.1;protein_146,GCF_001653415.1;protein_1306,GCF_900638475.1;protein_1386,GCF_016749215.1;protein_1255,GCF_019974055.1;protein_1481,GCF_013122055.1;protein_1433,GCF_003050665.1;protein_1248
GCF_016748085.1;protein_1291,GCF_002952675.1;protein_146,GCF_002951975.1;protein_145,GCF_002952595.1;protein_145,GCF_001653415.1;protein_1307,GCF_900638475.1;protein_1387,GCF_016749215.1;protein_1256,GCF_019974055.1;protein_1482,GCF_013122055.1;protein_1434,GCF_003050665.1;protein_1247
GCF_016748085.1;protein_1292,GCF_002952675.1;protein_145,GCF_002951975.1;protein_144,GCF_002952595.1;protein_144,GCF_001653415.1;protein_1308,GCF_900638475.1;protein_1388,GCF_016749215.1;protein_1257,GCF_019974055.1;protein_1483,GCF_013122055.1;protein_1435,GCF_003050665.1;protein_1246
GCF_016748085.1;protein_1293,GCF_002952675.1;protein_144,GCF_002951975.1;protein_143,GCF_002952595.1;protein_143,GCF_001653415.1;protein_1309,GCF_900638475.1;protein_1389,GCF_016749215.1;protein_1258,GCF_019974055.1;protein_1484,GCF_013122055.1;protein_1436,GCF_003050665.1;protein_1245
GCF_016748085.1;protein_1294,GCF_002952675.1;protein_143,GCF_002951975.1;protein_142,GCF_002952595.1;protein_142,GCF_001653415.1;protein_1310,GCF_900638475.1;protein_1390,GCF_016749215.1;protein_1259,GCF_019974055.1;protein_1485,GCF_013122055.1;protein_1437,GCF_003050665.1;protein_1244
GCF_016748085.1;protein_1296,GCF_002952675.1;protein_141,GCF_002951975.1;protein_140,GCF_002952595.1;protein_140,GCF_001653415.1;protein_1312,GCF_900638475.1;protein_1392,GCF_016749215.1;protein_1261,GCF_019974055.1;protein_1487,GCF_013122055.1;protein_1439,GCF_003050665.1;protein_1242
GCF_016748085.1;protein_1297,GCF_002952675.1;protein_140,GCF_002951975.1;protein_139,GCF_002952595.1;protein_139,GCF_001653415.1;protein_1313,GCF_900638475.1;protein_1393,GCF_016749215.1;protein_1262,GCF_019974055.1;protein_1488,GCF_013122055.1;protein_1440,GCF_003050665.1;protein_1241
GCF_016748085.1;protein_1298,GCF_002952675.1;protein_139,GCF_002951975.1;protein_138,GCF_002952595.1;protein_138,GCF_001653415.1;protein_1314,GCF_900638475.1;protein_1394,GCF_016749215.1;protein_1263,GCF_019974055.1;protein_1489,GCF_013122055.1;protein_1441,GCF_003050665.1;protein_1240
GCF_016748085.1;protein_1299,GCF_002952675.1;protein_138,GCF_002951975.1;protein_137,GCF_002952595.1;protein_137,GCF_001653415.1;protein_1315,GCF_900638475.1;protein_1395,GCF_016749215.1;protein_1264,GCF_019974055.1;protein_1490,GCF_013122055.1;protein_1442,GCF_003050665.1;protein_1239
GCF_016748085.1;protein_13,GCF_002952675.1;protein_1471,GCF_002951975.1;protein_1467,GCF_002952595.1;protein_1466,GCF_001653415.1;protein_68,GCF_900638475.1;protein_166,GCF_016749215.1;protein_14,GCF_019974055.1;protein_166,GCF_013122055.1;protein_199,GCF_003050665.1;protein_990
GCF_016748085.1;protein_130,GCF_002952675.1;protein_1309,GCF_002951975.1;protein_1305,GCF_002952595.1;protein_1304,GCF_001653415.1;protein_188,GCF_900638475.1;protein_285,GCF_016749215.1;protein_138,GCF_019974055.1;protein_319,GCF_013122055.1;protein_316,GCF_003050665.1;protein_1112
GCF_016748085.1;protein_1300,GCF_002952675.1;protein_137,GCF_002951975.1;protein_136,GCF_002952595.1;protein_136,GCF_001653415.1;protein_1316,GCF_900638475.1;protein_1396,GCF_016749215.1;protein_1265,GCF_019974055.1;protein_1491,GCF_013122055.1;protein_1443,GCF_003050665.1;protein_1238
GCF_016748085.1;protein_1301,GCF_002952675.1;protein_136,GCF_002951975.1;protein_135,GCF_002952595.1;protein_135,GCF_001653415.1;protein_1317,GCF_900638475.1;protein_1397,GCF_016749215.1;protein_1266,GCF_019974055.1;protein_1492,GCF_013122055.1;protein_1444,GCF_003050665.1;protein_1237
GCF_016748085.1;protein_1302,GCF_002952675.1;protein_135,GCF_002951975.1;protein_134,GCF_002952595.1;protein_134,GCF_001653415.1;protein_1318,GCF_900638475.1;protein_1398,GCF_016749215.1;protein_1267,GCF_019974055.1;protein_1493,GCF_013122055.1;protein_1445,GCF_003050665.1;protein_1236
GCF_016748085.1;protein_1303,GCF_002952675.1;protein_134,GCF_002951975.1;protein_133,GCF_002952595.1;protein_133,GCF_001653415.1;protein_1319,GCF_900638475.1;protein_1399,GCF_016749215.1;protein_1268,GCF_019974055.1;protein_1494,GCF_013122055.1;protein_1446,GCF_003050665.1;protein_1235
GCF_016748085.1;protein_1304,GCF_002952675.1;protein_133,GCF_002951975.1;protein_132,GCF_002952595.1;protein_132,GCF_001653415.1;protein_1320,GCF_900638475.1;protein_1400,GCF_016749215.1;protein_1269,GCF_019974055.1;protein_1495,GCF_013122055.1;protein_1447,GCF_003050665.1;protein_1234
GCF_016748085.1;protein_1305,GCF_002952675.1;protein_132,GCF_002951975.1;protein_131,GCF_002952595.1;protein_131,GCF_001653415.1;protein_1321,GCF_900638475.1;protein_1401,GCF_016749215.1;protein_1271,GCF_019974055.1;protein_1496,GCF_013122055.1;protein_1449,GCF_003050665.1;protein_1233
GCF_016748085.1;protein_1306,GCF_002952675.1;protein_131,GCF_002951975.1;protein_130,GCF_002952595.1;protein_130,GCF_001653415.1;protein_1322,GCF_900638475.1;protein_1402,GCF_016749215.1;protein_1272,GCF_019974055.1;protein_1497,GCF_013122055.1;protein_1450,GCF_003050665.1;protein_1232
GCF_016748085.1;protein_1307,GCF_002952675.1;protein_130,GCF_002951975.1;protein_129,GCF_002952595.1;protein_129,GCF_001653415.1;protein_1323,GCF_900638475.1;protein_1403,GCF_016749215.1;protein_1273,GCF_019974055.1;protein_1498,GCF_013122055.1;protein_1451,GCF_003050665.1;protein_1231
GCF_016748085.1;protein_1308,GCF_002952675.1;protein_129,GCF_002951975.1;protein_128,GCF_002952595.1;protein_128,GCF_001653415.1;protein_1324,GCF_900638475.1;protein_1404,GCF_016749215.1;protein_1274,GCF_019974055.1;protein_1499,GCF_013122055.1;protein_1452,GCF_003050665.1;protein_1230
GCF_016748085.1;protein_1309,GCF_002952675.1;protein_128,GCF_002951975.1;protein_127,GCF_002952595.1;protein_127,GCF_001653415.1;protein_1325,GCF_900638475.1;protein_1405,GCF_016749215.1;protein_1275,GCF_019974055.1;protein_1500,GCF_013122055.1;protein_1453,GCF_003050665.1;protein_1229
GCF_016748085.1;protein_131,GCF_002952675.1;protein_1308,GCF_002951975.1;protein_1304,GCF_002952595.1;protein_1303,GCF_001653415.1;protein_189,GCF_900638475.1;protein_286,GCF_016749215.1;protein_139,GCF_019974055.1;protein_320,GCF_013122055.1;protein_317,GCF_003050665.1;protein_1113
GCF_016748085.1;protein_1310,GCF_002952675.1;protein_127,GCF_002951975.1;protein_126,GCF_002952595.1;protein_126,GCF_001653415.1;protein_1326,GCF_900638475.1;protein_1406,GCF_016749215.1;protein_1276,GCF_019974055.1;protein_1501,GCF_013122055.1;protein_1454,GCF_003050665.1;protein_1228
GCF_016748085.1;protein_1311,GCF_002952675.1;protein_126,GCF_002951975.1;protein_125,GCF_002952595.1;protein_125,GCF_001653415.1;protein_1327,GCF_900638475.1;protein_1407,GCF_016749215.1;protein_1277,GCF_019974055.1;protein_1502,GCF_013122055.1;protein_1455,GCF_003050665.1;protein_1227
GCF_016748085.1;protein_1313,GCF_002952675.1;protein_124,GCF_002951975.1;protein_123,GCF_002952595.1;protein_123,GCF_001653415.1;protein_1329,GCF_900638475.1;protein_1409,GCF_016749215.1;protein_1279,GCF_019974055.1;protein_1504,GCF_013122055.1;protein_1457,GCF_003050665.1;protein_696
GCF_016748085.1;protein_1314,GCF_002952675.1;protein_123,GCF_002951975.1;protein_122,GCF_002952595.1;protein_122,GCF_001653415.1;protein_1330,GCF_900638475.1;protein_1410,GCF_016749215.1;protein_1280,GCF_019974055.1;protein_1505,GCF_013122055.1;protein_1458,GCF_003050665.1;protein_697
GCF_016748085.1;protein_1315,GCF_002952675.1;protein_122,GCF_002951975.1;protein_121,GCF_002952595.1;protein_121,GCF_001653415.1;protein_1331,GCF_900638475.1;protein_1411,GCF_016749215.1;protein_1281,GCF_019974055.1;protein_1506,GCF_013122055.1;protein_1459,GCF_003050665.1;protein_698
GCF_016748085.1;protein_1316,GCF_002952675.1;protein_121,GCF_002951975.1;protein_120,GCF_002952595.1;protein_120,GCF_001653415.1;protein_1332,GCF_900638475.1;protein_1412,GCF_016749215.1;protein_1282,GCF_019974055.1;protein_1507,GCF_013122055.1;protein_1460,GCF_003050665.1;protein_699
GCF_016748085.1;protein_1317,GCF_002952675.1;protein_120,GCF_002951975.1;protein_119,GCF_002952595.1;protein_119,GCF_001653415.1;protein_1333,GCF_900638475.1;protein_1413,GCF_016749215.1;protein_1283,GCF_019974055.1;protein_1508,GCF_013122055.1;protein_1461,GCF_003050665.1;protein_700
GCF_016748085.1;protein_1318,GCF_002952675.1;protein_119,GCF_002951975.1;protein_118,GCF_002952595.1;protein_118,GCF_001653415.1;protein_1334,GCF_900638475.1;protein_1414,GCF_016749215.1;protein_1284,GCF_019974055.1;protein_1509,GCF_013122055.1;protein_1462,GCF_003050665.1;protein_701
GCF_016748085.1;protein_1319,GCF_002952675.1;protein_118,GCF_002951975.1;protein_117,GCF_002952595.1;protein_117,GCF_001653415.1;protein_1335,GCF_900638475.1;protein_1415,GCF_016749215.1;protein_1285,GCF_019974055.1;protein_1510,GCF_013122055.1;protein_1463,GCF_003050665.1;protein_702
GCF_016748085.1;protein_132,GCF_002952675.1;protein_1307,GCF_002951975.1;protein_1303,GCF_002952595.1;protein_1302,GCF_001653415.1;protein_190,GCF_900638475.1;protein_287,GCF_016749215.1;protein_140,GCF_019974055.1;protein_321,GCF_013122055.1;protein_318,GCF_003050665.1;protein_1114
GCF_016748085.1;protein_1320,GCF_002952675.1;protein_117,GCF_002951975.1;protein_116,GCF_002952595.1;protein_116,GCF_001653415.1;protein_1336,GCF_900638475.1;protein_1416,GCF_016749215.1;protein_1286,GCF_019974055.1;protein_1511,GCF_013122055.1;protein_1464,GCF_003050665.1;protein_703
GCF_016748085.1;protein_1325,GCF_002952675.1;protein_1403,GCF_002951975.1;protein_1399,GCF_002952595.1;protein_1398,GCF_001653415.1;protein_1341,GCF_900638475.1;protein_1422,GCF_016749215.1;protein_1291,GCF_019974055.1;protein_1516,GCF_013122055.1;protein_1472,GCF_003050665.1;protein_705
GCF_016748085.1;protein_1326,GCF_002952675.1;protein_1404,GCF_002951975.1;protein_1400,GCF_002952595.1;protein_1399,GCF_001653415.1;protein_1342,GCF_900638475.1;protein_1423,GCF_016749215.1;protein_1292,GCF_019974055.1;protein_1517,GCF_013122055.1;protein_1473,GCF_003050665.1;protein_706
GCF_016748085.1;protein_1327,GCF_002952675.1;protein_1405,GCF_002951975.1;protein_1401,GCF_002952595.1;protein_1400,GCF_001653415.1;protein_1343,GCF_900638475.1;protein_1424,GCF_016749215.1;protein_1293,GCF_019974055.1;protein_1518,GCF_013122055.1;protein_1474,GCF_003050665.1;protein_707
GCF_016748085.1;protein_1328,GCF_002952675.1;protein_1406,GCF_002951975.1;protein_1402,GCF_002952595.1;protein_1401,GCF_001653415.1;protein_1344,GCF_900638475.1;protein_1425,GCF_016749215.1;protein_1294,GCF_019974055.1;protein_1519,GCF_013122055.1;protein_1475,GCF_003050665.1;protein_708
GCF_016748085.1;protein_1329,GCF_002952675.1;protein_1407,GCF_002951975.1;protein_1403,GCF_002952595.1;protein_1402,GCF_001653415.1;protein_1345,GCF_900638475.1;protein_1426,GCF_016749215.1;protein_1295,GCF_019974055.1;protein_1520,GCF_013122055.1;protein_1476,GCF_003050665.1;protein_709
GCF_016748085.1;protein_133,GCF_002952675.1;protein_1306,GCF_002951975.1;protein_1302,GCF_002952595.1;protein_1301,GCF_001653415.1;protein_191,GCF_900638475.1;protein_288,GCF_016749215.1;protein_141,GCF_019974055.1;protein_322,GCF_013122055.1;protein_319,GCF_003050665.1;protein_1115
GCF_016748085.1;protein_1330,GCF_002952675.1;protein_1408,GCF_002951975.1;protein_1404,GCF_002952595.1;protein_1403,GCF_001653415.1;protein_1346,GCF_900638475.1;protein_1427,GCF_016749215.1;protein_1296,GCF_019974055.1;protein_1521,GCF_013122055.1;protein_1477,GCF_003050665.1;protein_710
GCF_016748085.1;protein_1331,GCF_002952675.1;protein_1409,GCF_002951975.1;protein_1405,GCF_002952595.1;protein_1404,GCF_001653415.1;protein_1347,GCF_900638475.1;protein_1428,GCF_016749215.1;protein_1297,GCF_019974055.1;protein_1522,GCF_013122055.1;protein_1478,GCF_003050665.1;protein_711
GCF_016748085.1;protein_1332,GCF_002952675.1;protein_1410,GCF_002951975.1;protein_1406,GCF_002952595.1;protein_1405,GCF_001653415.1;protein_1348,GCF_900638475.1;protein_1429,GCF_016749215.1;protein_1298,GCF_019974055.1;protein_1523,GCF_013122055.1;protein_1479,GCF_003050665.1;protein_712
GCF_016748085.1;protein_1333,GCF_002952675.1;protein_1411,GCF_002951975.1;protein_1407,GCF_002952595.1;protein_1406,GCF_001653415.1;protein_1349,GCF_900638475.1;protein_1430,GCF_016749215.1;protein_1299,GCF_019974055.1;protein_1524,GCF_013122055.1;protein_1480,GCF_003050665.1;protein_713
GCF_016748085.1;protein_1334,GCF_002952675.1;protein_1412,GCF_002951975.1;protein_1408,GCF_002952595.1;protein_1407,GCF_001653415.1;protein_1350,GCF_900638475.1;protein_1431,GCF_016749215.1;protein_1300,GCF_019974055.1;protein_1525,GCF_013122055.1;protein_1481,GCF_003050665.1;protein_714
GCF_016748085.1;protein_1335,GCF_002952675.1;protein_1413,GCF_002951975.1;protein_1409,GCF_002952595.1;protein_1408,GCF_001653415.1;protein_1351,GCF_900638475.1;protein_1432,GCF_016749215.1;protein_1301,GCF_019974055.1;protein_1526,GCF_013122055.1;protein_1482,GCF_003050665.1;protein_715
GCF_016748085.1;protein_134,GCF_002952675.1;protein_1305,GCF_002951975.1;protein_1301,GCF_002952595.1;protein_1300,GCF_001653415.1;protein_192,GCF_900638475.1;protein_289,GCF_016749215.1;protein_142,GCF_019974055.1;protein_323,GCF_013122055.1;protein_320,GCF_003050665.1;protein_1116
GCF_016748085.1;protein_1343,GCF_002952675.1;protein_1417,GCF_002951975.1;protein_1413,GCF_002952595.1;protein_1412,GCF_001653415.1;protein_1514,GCF_900638475.1;protein_1439,GCF_016749215.1;protein_1307,GCF_019974055.1;protein_61,GCF_013122055.1;protein_1485,GCF_003050665.1;protein_718
GCF_016748085.1;protein_1344,GCF_002952675.1;protein_1418,GCF_002951975.1;protein_1414,GCF_002952595.1;protein_1413,GCF_001653415.1;protein_1513,GCF_900638475.1;protein_1440,GCF_016749215.1;protein_1308,GCF_019974055.1;protein_60,GCF_013122055.1;protein_1486,GCF_003050665.1;protein_719
GCF_016748085.1;protein_1345,GCF_002952675.1;protein_1419,GCF_002951975.1;protein_1415,GCF_002952595.1;protein_1414,GCF_001653415.1;protein_1512,GCF_900638475.1;protein_1441,GCF_016749215.1;protein_1309,GCF_019974055.1;protein_59,GCF_013122055.1;protein_1487,GCF_003050665.1;protein_720
GCF_016748085.1;protein_1346,GCF_002952675.1;protein_1420,GCF_002951975.1;protein_1416,GCF_002952595.1;protein_1415,GCF_001653415.1;protein_1511,GCF_900638475.1;protein_1442,GCF_016749215.1;protein_1310,GCF_019974055.1;protein_58,GCF_013122055.1;protein_1488,GCF_003050665.1;protein_721
GCF_016748085.1;protein_1347,GCF_002952675.1;protein_1421,GCF_002951975.1;protein_1417,GCF_002952595.1;protein_1416,GCF_001653415.1;protein_1510,GCF_900638475.1;protein_1443,GCF_016749215.1;protein_1311,GCF_019974055.1;protein_57,GCF_013122055.1;protein_1489,GCF_003050665.1;protein_722
GCF_016748085.1;protein_1349,GCF_002952675.1;protein_1423,GCF_002951975.1;protein_1419,GCF_002952595.1;protein_1418,GCF_001653415.1;protein_1508,GCF_900638475.1;protein_1445,GCF_016749215.1;protein_1313,GCF_019974055.1;protein_55,GCF_013122055.1;protein_1491,GCF_003050665.1;protein_724
GCF_016748085.1;protein_135,GCF_002952675.1;protein_1304,GCF_002951975.1;protein_1300,GCF_002952595.1;protein_1299,GCF_001653415.1;protein_193,GCF_900638475.1;protein_290,GCF_016749215.1;protein_143,GCF_019974055.1;protein_324,GCF_013122055.1;protein_321,GCF_003050665.1;protein_1117
GCF_016748085.1;protein_1350,GCF_002952675.1;protein_1425,GCF_002951975.1;protein_1421,GCF_002952595.1;protein_1420,GCF_001653415.1;protein_1506,GCF_900638475.1;protein_1446,GCF_016749215.1;protein_1314,GCF_019974055.1;protein_54,GCF_013122055.1;protein_1492,GCF_003050665.1;protein_725
GCF_016748085.1;protein_1351,GCF_002952675.1;protein_1426,GCF_002951975.1;protein_1422,GCF_002952595.1;protein_1421,GCF_001653415.1;protein_1505,GCF_900638475.1;protein_1447,GCF_016749215.1;protein_1315,GCF_019974055.1;protein_53,GCF_013122055.1;protein_1493,GCF_003050665.1;protein_726
GCF_016748085.1;protein_1352,GCF_002952675.1;protein_1427,GCF_002951975.1;protein_1423,GCF_002952595.1;protein_1422,GCF_001653415.1;protein_1504,GCF_900638475.1;protein_1448,GCF_016749215.1;protein_1316,GCF_019974055.1;protein_52,GCF_013122055.1;protein_1494,GCF_003050665.1;protein_727
GCF_016748085.1;protein_1353,GCF_002952675.1;protein_1428,GCF_002951975.1;protein_1424,GCF_002952595.1;protein_1423,GCF_001653415.1;protein_1503,GCF_900638475.1;protein_1449,GCF_016749215.1;protein_1317,GCF_019974055.1;protein_51,GCF_013122055.1;protein_1495,GCF_003050665.1;protein_728
GCF_016748085.1;protein_1357,GCF_002952675.1;protein_1431,GCF_002951975.1;protein_1427,GCF_002952595.1;protein_1426,GCF_001653415.1;protein_1500,GCF_900638475.1;protein_1452,GCF_016749215.1;protein_1321,GCF_019974055.1;protein_44,GCF_013122055.1;protein_1499,GCF_003050665.1;protein_734
GCF_016748085.1;protein_1358,GCF_002952675.1;protein_1432,GCF_002951975.1;protein_1428,GCF_002952595.1;protein_1427,GCF_001653415.1;protein_1499,GCF_900638475.1;protein_1453,GCF_016749215.1;protein_1322,GCF_019974055.1;protein_43,GCF_013122055.1;protein_1500,GCF_003050665.1;protein_735
GCF_016748085.1;protein_136,GCF_002952675.1;protein_1303,GCF_002951975.1;protein_1299,GCF_002952595.1;protein_1298,GCF_001653415.1;protein_194,GCF_900638475.1;protein_291,GCF_016749215.1;protein_144,GCF_019974055.1;protein_325,GCF_013122055.1;protein_322,GCF_003050665.1;protein_1118
GCF_016748085.1;protein_1362,GCF_002952675.1;protein_1437,GCF_002951975.1;protein_1433,GCF_002952595.1;protein_1432,GCF_001653415.1;protein_1495,GCF_900638475.1;protein_1505,GCF_016749215.1;protein_1328,GCF_019974055.1;protein_38,GCF_013122055.1;protein_1505,GCF_003050665.1;protein_739
GCF_016748085.1;protein_1363,GCF_002952675.1;protein_1438,GCF_002951975.1;protein_1434,GCF_002952595.1;protein_1433,GCF_001653415.1;protein_1494,GCF_900638475.1;protein_1504,GCF_016749215.1;protein_1329,GCF_019974055.1;protein_37,GCF_013122055.1;protein_1506,GCF_003050665.1;protein_740
GCF_016748085.1;protein_1364,GCF_002952675.1;protein_1439,GCF_002951975.1;protein_1435,GCF_002952595.1;protein_1434,GCF_001653415.1;protein_1493,GCF_900638475.1;protein_1503,GCF_016749215.1;protein_1330,GCF_019974055.1;protein_36,GCF_013122055.1;protein_1507,GCF_003050665.1;protein_741
GCF_016748085.1;protein_1365,GCF_002952675.1;protein_1440,GCF_002951975.1;protein_1436,GCF_002952595.1;protein_1435,GCF_001653415.1;protein_1492,GCF_900638475.1;protein_1502,GCF_016749215.1;protein_1331,GCF_019974055.1;protein_35,GCF_013122055.1;protein_1508,GCF_003050665.1;protein_742
GCF_016748085.1;protein_1368,GCF_002952675.1;protein_113,GCF_002951975.1;protein_112,GCF_002952595.1;protein_112,GCF_001653415.1;protein_1489,GCF_900638475.1;protein_1499,GCF_016749215.1;protein_1334,GCF_019974055.1;protein_1537,GCF_013122055.1;protein_1511,GCF_003050665.1;protein_745
GCF_016748085.1;protein_1369,GCF_002952675.1;protein_112,GCF_002951975.1;protein_111,GCF_002952595.1;protein_111,GCF_001653415.1;protein_1488,GCF_900638475.1;protein_1498,GCF_016749215.1;protein_1335,GCF_019974055.1;protein_1538,GCF_013122055.1;protein_1512,GCF_003050665.1;protein_746
GCF_016748085.1;protein_137,GCF_002952675.1;protein_1302,GCF_002951975.1;protein_1298,GCF_002952595.1;protein_1297,GCF_001653415.1;protein_195,GCF_900638475.1;protein_292,GCF_016749215.1;protein_145,GCF_019974055.1;protein_326,GCF_013122055.1;protein_323,GCF_003050665.1;protein_1119
GCF_016748085.1;protein_1370,GCF_002952675.1;protein_111,GCF_002951975.1;protein_110,GCF_002952595.1;protein_110,GCF_001653415.1;protein_1487,GCF_900638475.1;protein_1497,GCF_016749215.1;protein_1336,GCF_019974055.1;protein_1539,GCF_013122055.1;protein_1513,GCF_003050665.1;protein_747
GCF_016748085.1;protein_1371,GCF_002952675.1;protein_110,GCF_002951975.1;protein_109,GCF_002952595.1;protein_109,GCF_001653415.1;protein_1486,GCF_900638475.1;protein_1496,GCF_016749215.1;protein_1337,GCF_019974055.1;protein_1540,GCF_013122055.1;protein_1514,GCF_003050665.1;protein_748
GCF_016748085.1;protein_1372,GCF_002952675.1;protein_109,GCF_002951975.1;protein_108,GCF_002952595.1;protein_108,GCF_001653415.1;protein_1485,GCF_900638475.1;protein_1495,GCF_016749215.1;protein_1338,GCF_019974055.1;protein_1541,GCF_013122055.1;protein_1515,GCF_003050665.1;protein_749
GCF_016748085.1;protein_1373,GCF_002952675.1;protein_108,GCF_002951975.1;protein_107,GCF_002952595.1;protein_107,GCF_001653415.1;protein_1484,GCF_900638475.1;protein_1494,GCF_016749215.1;protein_1339,GCF_019974055.1;protein_1542,GCF_013122055.1;protein_1516,GCF_003050665.1;protein_750
GCF_016748085.1;protein_1374,GCF_002952675.1;protein_107,GCF_002951975.1;protein_106,GCF_002952595.1;protein_106,GCF_001653415.1;protein_1483,GCF_900638475.1;protein_1493,GCF_016749215.1;protein_1340,GCF_019974055.1;protein_1543,GCF_013122055.1;protein_1517,GCF_003050665.1;protein_751
GCF_016748085.1;protein_1376,GCF_002952675.1;protein_104,GCF_002951975.1;protein_103,GCF_002952595.1;protein_103,GCF_001653415.1;protein_1476,GCF_900638475.1;protein_1489,GCF_016749215.1;protein_1347,GCF_019974055.1;protein_1547,GCF_013122055.1;protein_1521,GCF_003050665.1;protein_755
GCF_016748085.1;protein_1377,GCF_002952675.1;protein_103,GCF_002951975.1;protein_102,GCF_002952595.1;protein_102,GCF_001653415.1;protein_1477,GCF_900638475.1;protein_1488,GCF_016749215.1;protein_1346,GCF_019974055.1;protein_1548,GCF_013122055.1;protein_1522,GCF_003050665.1;protein_756
GCF_016748085.1;protein_1378,GCF_002952675.1;protein_102,GCF_002951975.1;protein_101,GCF_002952595.1;protein_101,GCF_001653415.1;protein_1478,GCF_900638475.1;protein_1487,GCF_016749215.1;protein_1345,GCF_019974055.1;protein_1549,GCF_013122055.1;protein_1523,GCF_003050665.1;protein_757
GCF_016748085.1;protein_1379,GCF_002952675.1;protein_101,GCF_002951975.1;protein_100,GCF_002952595.1;protein_100,GCF_001653415.1;protein_1479,GCF_900638475.1;protein_1486,GCF_016749215.1;protein_1344,GCF_019974055.1;protein_1550,GCF_013122055.1;protein_1524,GCF_003050665.1;protein_758
GCF_016748085.1;protein_138,GCF_002952675.1;protein_1301,GCF_002951975.1;protein_1297,GCF_002952595.1;protein_1296,GCF_001653415.1;protein_196,GCF_900638475.1;protein_293,GCF_016749215.1;protein_146,GCF_019974055.1;protein_327,GCF_013122055.1;protein_324,GCF_003050665.1;protein_1120
GCF_016748085.1;protein_1383,GCF_002952675.1;protein_97,GCF_002951975.1;protein_97,GCF_002952595.1;protein_97,GCF_001653415.1;protein_1473,GCF_900638475.1;protein_1483,GCF_016749215.1;protein_1350,GCF_019974055.1;protein_1553,GCF_013122055.1;protein_1527,GCF_003050665.1;protein_762
GCF_016748085.1;protein_1384,GCF_002952675.1;protein_96,GCF_002951975.1;protein_96,GCF_002952595.1;protein_96,GCF_001653415.1;protein_1472,GCF_900638475.1;protein_1482,GCF_016749215.1;protein_1351,GCF_019974055.1;protein_1554,GCF_013122055.1;protein_1528,GCF_003050665.1;protein_763
GCF_016748085.1;protein_1385,GCF_002952675.1;protein_95,GCF_002951975.1;protein_95,GCF_002952595.1;protein_95,GCF_001653415.1;protein_1471,GCF_900638475.1;protein_1481,GCF_016749215.1;protein_1352,GCF_019974055.1;protein_1555,GCF_013122055.1;protein_1529,GCF_003050665.1;protein_764
GCF_016748085.1;protein_1388,GCF_002952675.1;protein_92,GCF_002951975.1;protein_92,GCF_002952595.1;protein_92,GCF_001653415.1;protein_1468,GCF_900638475.1;protein_1478,GCF_016749215.1;protein_1355,GCF_019974055.1;protein_1559,GCF_013122055.1;protein_1532,GCF_003050665.1;protein_767
GCF_016748085.1;protein_1389,GCF_002952675.1;protein_89,GCF_002951975.1;protein_89,GCF_002952595.1;protein_89,GCF_001653415.1;protein_1467,GCF_900638475.1;protein_1477,GCF_016749215.1;protein_1356,GCF_019974055.1;protein_1562,GCF_013122055.1;protein_1535,GCF_003050665.1;protein_768
GCF_016748085.1;protein_139,GCF_002952675.1;protein_1300,GCF_002951975.1;protein_1296,GCF_002952595.1;protein_1295,GCF_001653415.1;protein_197,GCF_900638475.1;protein_294,GCF_016749215.1;protein_147,GCF_019974055.1;protein_328,GCF_013122055.1;protein_325,GCF_003050665.1;protein_1121
GCF_016748085.1;protein_1390,GCF_002952675.1;protein_88,GCF_002951975.1;protein_88,GCF_002952595.1;protein_88,GCF_001653415.1;protein_1466,GCF_900638475.1;protein_1476,GCF_016749215.1;protein_1357,GCF_019974055.1;protein_1563,GCF_013122055.1;protein_1536,GCF_003050665.1;protein_769
GCF_016748085.1;protein_1391,GCF_002952675.1;protein_87,GCF_002951975.1;protein_87,GCF_002952595.1;protein_87,GCF_001653415.1;protein_1465,GCF_900638475.1;protein_1475,GCF_016749215.1;protein_1358,GCF_019974055.1;protein_1564,GCF_013122055.1;protein_1537,GCF_003050665.1;protein_770
GCF_016748085.1;protein_1392,GCF_002952675.1;protein_86,GCF_002951975.1;protein_86,GCF_002952595.1;protein_86,GCF_001653415.1;protein_1464,GCF_900638475.1;protein_1474,GCF_016749215.1;protein_1359,GCF_019974055.1;protein_1565,GCF_013122055.1;protein_1538,GCF_003050665.1;protein_771
GCF_016748085.1;protein_1393,GCF_002952675.1;protein_85,GCF_002951975.1;protein_85,GCF_002952595.1;protein_85,GCF_001653415.1;protein_1463,GCF_900638475.1;protein_1473,GCF_016749215.1;protein_1360,GCF_019974055.1;protein_1566,GCF_013122055.1;protein_1539,GCF_003050665.1;protein_772
GCF_016748085.1;protein_1394,GCF_002952675.1;protein_84,GCF_002951975.1;protein_84,GCF_002952595.1;protein_84,GCF_001653415.1;protein_1462,GCF_900638475.1;protein_1472,GCF_016749215.1;protein_1361,GCF_019974055.1;protein_1567,GCF_013122055.1;protein_1540,GCF_003050665.1;protein_773
GCF_016748085.1;protein_1395,GCF_002952675.1;protein_83,GCF_002951975.1;protein_83,GCF_002952595.1;protein_83,GCF_001653415.1;protein_1461,GCF_900638475.1;protein_1471,GCF_016749215.1;protein_1362,GCF_019974055.1;protein_1568,GCF_013122055.1;protein_1541,GCF_003050665.1;protein_774
GCF_016748085.1;protein_1396,GCF_002952675.1;protein_82,GCF_002951975.1;protein_82,GCF_002952595.1;protein_82,GCF_001653415.1;protein_1460,GCF_900638475.1;protein_1470,GCF_016749215.1;protein_1363,GCF_019974055.1;protein_1569,GCF_013122055.1;protein_1542,GCF_003050665.1;protein_775
GCF_016748085.1;protein_1397,GCF_002952675.1;protein_81,GCF_002951975.1;protein_81,GCF_002952595.1;protein_81,GCF_001653415.1;protein_1459,GCF_900638475.1;protein_1469,GCF_016749215.1;protein_1364,GCF_019974055.1;protein_1570,GCF_013122055.1;protein_1543,GCF_003050665.1;protein_776
GCF_016748085.1;protein_1398,GCF_002952675.1;protein_80,GCF_002951975.1;protein_80,GCF_002952595.1;protein_80,GCF_001653415.1;protein_1458,GCF_900638475.1;protein_1468,GCF_016749215.1;protein_1365,GCF_019974055.1;protein_1571,GCF_013122055.1;protein_1544,GCF_003050665.1;protein_777
GCF_016748085.1;protein_1399,GCF_002952675.1;protein_79,GCF_002951975.1;protein_79,GCF_002952595.1;protein_79,GCF_001653415.1;protein_1457,GCF_900638475.1;protein_1467,GCF_016749215.1;protein_1366,GCF_019974055.1;protein_1572,GCF_013122055.1;protein_1545,GCF_003050665.1;protein_778
GCF_016748085.1;protein_14,GCF_002952675.1;protein_1470,GCF_002951975.1;protein_1466,GCF_002952595.1;protein_1465,GCF_001653415.1;protein_69,GCF_900638475.1;protein_167,GCF_016749215.1;protein_15,GCF_019974055.1;protein_165,GCF_013122055.1;protein_200,GCF_003050665.1;protein_991
GCF_016748085.1;protein_140,GCF_002952675.1;protein_1299,GCF_002951975.1;protein_1295,GCF_002952595.1;protein_1294,GCF_001653415.1;protein_198,GCF_900638475.1;protein_295,GCF_016749215.1;protein_148,GCF_019974055.1;protein_329,GCF_013122055.1;protein_326,GCF_003050665.1;protein_1122
GCF_016748085.1;protein_1400,GCF_002952675.1;protein_78,GCF_002951975.1;protein_78,GCF_002952595.1;protein_78,GCF_001653415.1;protein_1456,GCF_900638475.1;protein_1466,GCF_016749215.1;protein_1367,GCF_019974055.1;protein_1573,GCF_013122055.1;protein_1546,GCF_003050665.1;protein_779
GCF_016748085.1;protein_1401,GCF_002952675.1;protein_77,GCF_002951975.1;protein_77,GCF_002952595.1;protein_77,GCF_001653415.1;protein_1455,GCF_900638475.1;protein_1465,GCF_016749215.1;protein_1368,GCF_019974055.1;protein_1574,GCF_013122055.1;protein_1547,GCF_003050665.1;protein_780
GCF_016748085.1;protein_1402,GCF_002952675.1;protein_76,GCF_002951975.1;protein_76,GCF_002952595.1;protein_76,GCF_001653415.1;protein_1454,GCF_900638475.1;protein_1464,GCF_016749215.1;protein_1369,GCF_019974055.1;protein_1575,GCF_013122055.1;protein_1548,GCF_003050665.1;protein_781
GCF_016748085.1;protein_1405,GCF_002952675.1;protein_74,GCF_002951975.1;protein_74,GCF_002952595.1;protein_74,GCF_001653415.1;protein_1452,GCF_900638475.1;protein_77,GCF_016749215.1;protein_1371,GCF_019974055.1;protein_114,GCF_013122055.1;protein_73,GCF_003050665.1;protein_863
GCF_016748085.1;protein_1406,GCF_002952675.1;protein_73,GCF_002951975.1;protein_73,GCF_002952595.1;protein_73,GCF_001653415.1;protein_1451,GCF_900638475.1;protein_76,GCF_016749215.1;protein_1372,GCF_019974055.1;protein_113,GCF_013122055.1;protein_72,GCF_003050665.1;protein_862
GCF_016748085.1;protein_1407,GCF_002952675.1;protein_72,GCF_002951975.1;protein_72,GCF_002952595.1;protein_72,GCF_001653415.1;protein_1450,GCF_900638475.1;protein_75,GCF_016749215.1;protein_1373,GCF_019974055.1;protein_112,GCF_013122055.1;protein_71,GCF_003050665.1;protein_861
GCF_016748085.1;protein_1408,GCF_002952675.1;protein_71,GCF_002951975.1;protein_71,GCF_002952595.1;protein_71,GCF_001653415.1;protein_1449,GCF_900638475.1;protein_74,GCF_016749215.1;protein_1374,GCF_019974055.1;protein_111,GCF_013122055.1;protein_70,GCF_003050665.1;protein_860
GCF_016748085.1;protein_1409,GCF_002952675.1;protein_70,GCF_002951975.1;protein_70,GCF_002952595.1;protein_70,GCF_001653415.1;protein_1448,GCF_900638475.1;protein_73,GCF_016749215.1;protein_1375,GCF_019974055.1;protein_110,GCF_013122055.1;protein_69,GCF_003050665.1;protein_859
GCF_016748085.1;protein_141,GCF_002952675.1;protein_1298,GCF_002951975.1;protein_1294,GCF_002952595.1;protein_1293,GCF_001653415.1;protein_199,GCF_900638475.1;protein_296,GCF_016749215.1;protein_149,GCF_019974055.1;protein_330,GCF_013122055.1;protein_327,GCF_003050665.1;protein_1123
GCF_016748085.1;protein_1410,GCF_002952675.1;protein_69,GCF_002951975.1;protein_69,GCF_002952595.1;protein_69,GCF_001653415.1;protein_1447,GCF_900638475.1;protein_72,GCF_016749215.1;protein_1376,GCF_019974055.1;protein_109,GCF_013122055.1;protein_68,GCF_003050665.1;protein_858
GCF_016748085.1;protein_1411,GCF_002952675.1;protein_68,GCF_002951975.1;protein_68,GCF_002952595.1;protein_68,GCF_001653415.1;protein_1446,GCF_900638475.1;protein_71,GCF_016749215.1;protein_1377,GCF_019974055.1;protein_108,GCF_013122055.1;protein_67,GCF_003050665.1;protein_857
GCF_016748085.1;protein_1412,GCF_002952675.1;protein_67,GCF_002951975.1;protein_67,GCF_002952595.1;protein_67,GCF_001653415.1;protein_1445,GCF_900638475.1;protein_70,GCF_016749215.1;protein_1378,GCF_019974055.1;protein_107,GCF_013122055.1;protein_66,GCF_003050665.1;protein_856
GCF_016748085.1;protein_1413,GCF_002952675.1;protein_66,GCF_002951975.1;protein_66,GCF_002952595.1;protein_66,GCF_001653415.1;protein_1444,GCF_900638475.1;protein_69,GCF_016749215.1;protein_1379,GCF_019974055.1;protein_106,GCF_013122055.1;protein_65,GCF_003050665.1;protein_855
GCF_016748085.1;protein_1414,GCF_002952675.1;protein_65,GCF_002951975.1;protein_65,GCF_002952595.1;protein_65,GCF_001653415.1;protein_1443,GCF_900638475.1;protein_68,GCF_016749215.1;protein_1380,GCF_019974055.1;protein_105,GCF_013122055.1;protein_64,GCF_003050665.1;protein_854
GCF_016748085.1;protein_1415,GCF_002952675.1;protein_64,GCF_002951975.1;protein_64,GCF_002952595.1;protein_64,GCF_001653415.1;protein_1442,GCF_900638475.1;protein_67,GCF_016749215.1;protein_1381,GCF_019974055.1;protein_104,GCF_013122055.1;protein_63,GCF_003050665.1;protein_853
GCF_016748085.1;protein_1416,GCF_002952675.1;protein_63,GCF_002951975.1;protein_63,GCF_002952595.1;protein_63,GCF_001653415.1;protein_1441,GCF_900638475.1;protein_66,GCF_016749215.1;protein_1382,GCF_019974055.1;protein_103,GCF_013122055.1;protein_62,GCF_003050665.1;protein_852
GCF_016748085.1;protein_1417,GCF_002952675.1;protein_62,GCF_002951975.1;protein_62,GCF_002952595.1;protein_62,GCF_001653415.1;protein_1440,GCF_900638475.1;protein_65,GCF_016749215.1;protein_1383,GCF_019974055.1;protein_102,GCF_013122055.1;protein_61,GCF_003050665.1;protein_851
GCF_016748085.1;protein_1418,GCF_002952675.1;protein_61,GCF_002951975.1;protein_61,GCF_002952595.1;protein_61,GCF_001653415.1;protein_1439,GCF_900638475.1;protein_64,GCF_016749215.1;protein_1384,GCF_019974055.1;protein_101,GCF_013122055.1;protein_60,GCF_003050665.1;protein_850
GCF_016748085.1;protein_1419,GCF_002952675.1;protein_60,GCF_002951975.1;protein_60,GCF_002952595.1;protein_60,GCF_001653415.1;protein_1438,GCF_900638475.1;protein_63,GCF_016749215.1;protein_1385,GCF_019974055.1;protein_100,GCF_013122055.1;protein_59,GCF_003050665.1;protein_849
GCF_016748085.1;protein_142,GCF_002952675.1;protein_1297,GCF_002951975.1;protein_1293,GCF_002952595.1;protein_1292,GCF_001653415.1;protein_200,GCF_900638475.1;protein_297,GCF_016749215.1;protein_150,GCF_019974055.1;protein_331,GCF_013122055.1;protein_328,GCF_003050665.1;protein_1124
GCF_016748085.1;protein_1420,GCF_002952675.1;protein_59,GCF_002951975.1;protein_59,GCF_002952595.1;protein_59,GCF_001653415.1;protein_1437,GCF_900638475.1;protein_62,GCF_016749215.1;protein_1386,GCF_019974055.1;protein_99,GCF_013122055.1;protein_58,GCF_003050665.1;protein_848
GCF_016748085.1;protein_1421,GCF_002952675.1;protein_58,GCF_002951975.1;protein_58,GCF_002952595.1;protein_58,GCF_001653415.1;protein_1436,GCF_900638475.1;protein_61,GCF_016749215.1;protein_1387,GCF_019974055.1;protein_98,GCF_013122055.1;protein_57,GCF_003050665.1;protein_847
GCF_016748085.1;protein_1424,GCF_002952675.1;protein_55,GCF_002951975.1;protein_55,GCF_002952595.1;protein_55,GCF_001653415.1;protein_1432,GCF_900638475.1;protein_58,GCF_016749215.1;protein_1390,GCF_019974055.1;protein_95,GCF_013122055.1;protein_54,GCF_003050665.1;protein_844
GCF_016748085.1;protein_1425,GCF_002952675.1;protein_54,GCF_002951975.1;protein_54,GCF_002952595.1;protein_54,GCF_001653415.1;protein_1431,GCF_900638475.1;protein_57,GCF_016749215.1;protein_1391,GCF_019974055.1;protein_94,GCF_013122055.1;protein_53,GCF_003050665.1;protein_843
GCF_016748085.1;protein_1426,GCF_002952675.1;protein_53,GCF_002951975.1;protein_53,GCF_002952595.1;protein_53,GCF_001653415.1;protein_1430,GCF_900638475.1;protein_56,GCF_016749215.1;protein_1392,GCF_019974055.1;protein_93,GCF_013122055.1;protein_52,GCF_003050665.1;protein_842
GCF_016748085.1;protein_1427,GCF_002952675.1;protein_52,GCF_002951975.1;protein_52,GCF_002952595.1;protein_52,GCF_001653415.1;protein_1429,GCF_900638475.1;protein_55,GCF_016749215.1;protein_1393,GCF_019974055.1;protein_92,GCF_013122055.1;protein_51,GCF_003050665.1;protein_841
GCF_016748085.1;protein_1428,GCF_002952675.1;protein_51,GCF_002951975.1;protein_51,GCF_002952595.1;protein_51,GCF_001653415.1;protein_1428,GCF_900638475.1;protein_54,GCF_016749215.1;protein_1394,GCF_019974055.1;protein_91,GCF_013122055.1;protein_50,GCF_003050665.1;protein_840
GCF_016748085.1;protein_1429,GCF_002952675.1;protein_50,GCF_002951975.1;protein_50,GCF_002952595.1;protein_50,GCF_001653415.1;protein_1427,GCF_900638475.1;protein_53,GCF_016749215.1;protein_1395,GCF_019974055.1;protein_90,GCF_013122055.1;protein_49,GCF_003050665.1;protein_839
GCF_016748085.1;protein_143,GCF_002952675.1;protein_1296,GCF_002951975.1;protein_1292,GCF_002952595.1;protein_1291,GCF_001653415.1;protein_201,GCF_900638475.1;protein_298,GCF_016749215.1;protein_151,GCF_019974055.1;protein_332,GCF_013122055.1;protein_329,GCF_003050665.1;protein_1125
GCF_016748085.1;protein_1430,GCF_002952675.1;protein_49,GCF_002951975.1;protein_49,GCF_002952595.1;protein_49,GCF_001653415.1;protein_1426,GCF_900638475.1;protein_52,GCF_016749215.1;protein_1396,GCF_019974055.1;protein_89,GCF_013122055.1;protein_48,GCF_003050665.1;protein_838
GCF_016748085.1;protein_1431,GCF_002952675.1;protein_48,GCF_002951975.1;protein_48,GCF_002952595.1;protein_48,GCF_001653415.1;protein_1425,GCF_900638475.1;protein_51,GCF_016749215.1;protein_1397,GCF_019974055.1;protein_88,GCF_013122055.1;protein_47,GCF_003050665.1;protein_837
GCF_016748085.1;protein_1432,GCF_002952675.1;protein_47,GCF_002951975.1;protein_47,GCF_002952595.1;protein_47,GCF_001653415.1;protein_1424,GCF_900638475.1;protein_50,GCF_016749215.1;protein_1399,GCF_019974055.1;protein_87,GCF_013122055.1;protein_46,GCF_003050665.1;protein_836
GCF_016748085.1;protein_1433,GCF_002952675.1;protein_46,GCF_002951975.1;protein_46,GCF_002952595.1;protein_46,GCF_001653415.1;protein_1423,GCF_900638475.1;protein_49,GCF_016749215.1;protein_1400,GCF_019974055.1;protein_86,GCF_013122055.1;protein_45,GCF_003050665.1;protein_835
GCF_016748085.1;protein_1434,GCF_002952675.1;protein_45,GCF_002951975.1;protein_45,GCF_002952595.1;protein_45,GCF_001653415.1;protein_1422,GCF_900638475.1;protein_48,GCF_016749215.1;protein_1401,GCF_019974055.1;protein_85,GCF_013122055.1;protein_44,GCF_003050665.1;protein_834
GCF_016748085.1;protein_1435,GCF_002952675.1;protein_44,GCF_002951975.1;protein_44,GCF_002952595.1;protein_44,GCF_001653415.1;protein_1421,GCF_900638475.1;protein_47,GCF_016749215.1;protein_1402,GCF_019974055.1;protein_84,GCF_013122055.1;protein_43,GCF_003050665.1;protein_833
GCF_016748085.1;protein_1436,GCF_002952675.1;protein_43,GCF_002951975.1;protein_43,GCF_002952595.1;protein_43,GCF_001653415.1;protein_1420,GCF_900638475.1;protein_46,GCF_016749215.1;protein_1403,GCF_019974055.1;protein_83,GCF_013122055.1;protein_42,GCF_003050665.1;protein_832
GCF_016748085.1;protein_1437,GCF_002952675.1;protein_42,GCF_002951975.1;protein_42,GCF_002952595.1;protein_42,GCF_001653415.1;protein_1419,GCF_900638475.1;protein_45,GCF_016749215.1;protein_1404,GCF_019974055.1;protein_82,GCF_013122055.1;protein_41,GCF_003050665.1;protein_831
GCF_016748085.1;protein_1438,GCF_002952675.1;protein_41,GCF_002951975.1;protein_41,GCF_002952595.1;protein_41,GCF_001653415.1;protein_1418,GCF_900638475.1;protein_44,GCF_016749215.1;protein_1405,GCF_019974055.1;protein_81,GCF_013122055.1;protein_40,GCF_003050665.1;protein_830
GCF_016748085.1;protein_1439,GCF_002952675.1;protein_40,GCF_002951975.1;protein_40,GCF_002952595.1;protein_40,GCF_001653415.1;protein_1417,GCF_900638475.1;protein_43,GCF_016749215.1;protein_1406,GCF_019974055.1;protein_80,GCF_013122055.1;protein_39,GCF_003050665.1;protein_829
GCF_016748085.1;protein_144,GCF_002952675.1;protein_1295,GCF_002951975.1;protein_1291,GCF_002952595.1;protein_1290,GCF_001653415.1;protein_202,GCF_900638475.1;protein_299,GCF_016749215.1;protein_152,GCF_019974055.1;protein_333,GCF_013122055.1;protein_330,GCF_003050665.1;protein_1126
GCF_016748085.1;protein_1440,GCF_002952675.1;protein_39,GCF_002951975.1;protein_39,GCF_002952595.1;protein_39,GCF_001653415.1;protein_1416,GCF_900638475.1;protein_42,GCF_016749215.1;protein_1407,GCF_019974055.1;protein_79,GCF_013122055.1;protein_38,GCF_003050665.1;protein_828
GCF_016748085.1;protein_1441,GCF_002952675.1;protein_38,GCF_002951975.1;protein_38,GCF_002952595.1;protein_38,GCF_001653415.1;protein_1415,GCF_900638475.1;protein_41,GCF_016749215.1;protein_1408,GCF_019974055.1;protein_78,GCF_013122055.1;protein_37,GCF_003050665.1;protein_827
GCF_016748085.1;protein_1442,GCF_002952675.1;protein_37,GCF_002951975.1;protein_37,GCF_002952595.1;protein_37,GCF_001653415.1;protein_1414,GCF_900638475.1;protein_40,GCF_016749215.1;protein_1409,GCF_019974055.1;protein_77,GCF_013122055.1;protein_36,GCF_003050665.1;protein_826
GCF_016748085.1;protein_1443,GCF_002952675.1;protein_36,GCF_002951975.1;protein_36,GCF_002952595.1;protein_36,GCF_001653415.1;protein_1413,GCF_900638475.1;protein_39,GCF_016749215.1;protein_1410,GCF_019974055.1;protein_66,GCF_013122055.1;protein_35,GCF_003050665.1;protein_825
GCF_016748085.1;protein_1444,GCF_002952675.1;protein_35,GCF_002951975.1;protein_35,GCF_002952595.1;protein_35,GCF_001653415.1;protein_1412,GCF_900638475.1;protein_38,GCF_016749215.1;protein_1411,GCF_019974055.1;protein_67,GCF_013122055.1;protein_34,GCF_003050665.1;protein_824
GCF_016748085.1;protein_1445,GCF_002952675.1;protein_34,GCF_002951975.1;protein_34,GCF_002952595.1;protein_34,GCF_001653415.1;protein_1411,GCF_900638475.1;protein_37,GCF_016749215.1;protein_1412,GCF_019974055.1;protein_68,GCF_013122055.1;protein_33,GCF_003050665.1;protein_823
GCF_016748085.1;protein_1446,GCF_002952675.1;protein_33,GCF_002951975.1;protein_33,GCF_002952595.1;protein_33,GCF_001653415.1;protein_1410,GCF_900638475.1;protein_36,GCF_016749215.1;protein_1413,GCF_019974055.1;protein_69,GCF_013122055.1;protein_32,GCF_003050665.1;protein_822
GCF_016748085.1;protein_1447,GCF_002952675.1;protein_32,GCF_002951975.1;protein_32,GCF_002952595.1;protein_32,GCF_001653415.1;protein_1409,GCF_900638475.1;protein_35,GCF_016749215.1;protein_1414,GCF_019974055.1;protein_70,GCF_013122055.1;protein_31,GCF_003050665.1;protein_821
GCF_016748085.1;protein_1448,GCF_002952675.1;protein_31,GCF_002951975.1;protein_31,GCF_002952595.1;protein_31,GCF_001653415.1;protein_1408,GCF_900638475.1;protein_34,GCF_016749215.1;protein_1415,GCF_019974055.1;protein_71,GCF_013122055.1;protein_30,GCF_003050665.1;protein_820
GCF_016748085.1;protein_1449,GCF_002952675.1;protein_30,GCF_002951975.1;protein_30,GCF_002952595.1;protein_30,GCF_001653415.1;protein_1407,GCF_900638475.1;protein_33,GCF_016749215.1;protein_1416,GCF_019974055.1;protein_72,GCF_013122055.1;protein_29,GCF_003050665.1;protein_819
GCF_016748085.1;protein_145,GCF_002952675.1;protein_1294,GCF_002951975.1;protein_1290,GCF_002952595.1;protein_1289,GCF_001653415.1;protein_203,GCF_900638475.1;protein_300,GCF_016749215.1;protein_153,GCF_019974055.1;protein_334,GCF_013122055.1;protein_331,GCF_003050665.1;protein_1127
GCF_016748085.1;protein_1451,GCF_002952675.1;protein_26,GCF_002951975.1;protein_26,GCF_002952595.1;protein_26,GCF_001653415.1;protein_1403,GCF_900638475.1;protein_29,GCF_016749215.1;protein_1420,GCF_019974055.1;protein_13,GCF_013122055.1;protein_25,GCF_003050665.1;protein_814
GCF_016748085.1;protein_1452,GCF_002952675.1;protein_25,GCF_002951975.1;protein_25,GCF_002952595.1;protein_25,GCF_001653415.1;protein_1402,GCF_900638475.1;protein_28,GCF_016749215.1;protein_1421,GCF_019974055.1;protein_14,GCF_013122055.1;protein_24,GCF_003050665.1;protein_813
GCF_016748085.1;protein_1453,GCF_002952675.1;protein_24,GCF_002951975.1;protein_24,GCF_002952595.1;protein_24,GCF_001653415.1;protein_1401,GCF_900638475.1;protein_27,GCF_016749215.1;protein_1422,GCF_019974055.1;protein_15,GCF_013122055.1;protein_23,GCF_003050665.1;protein_812
GCF_016748085.1;protein_1454,GCF_002952675.1;protein_23,GCF_002951975.1;protein_23,GCF_002952595.1;protein_23,GCF_001653415.1;protein_1400,GCF_900638475.1;protein_26,GCF_016749215.1;protein_1423,GCF_019974055.1;protein_16,GCF_013122055.1;protein_22,GCF_003050665.1;protein_811
GCF_016748085.1;protein_1455,GCF_002952675.1;protein_22,GCF_002951975.1;protein_22,GCF_002952595.1;protein_22,GCF_001653415.1;protein_1399,GCF_900638475.1;protein_25,GCF_016749215.1;protein_1424,GCF_019974055.1;protein_17,GCF_013122055.1;protein_21,GCF_003050665.1;protein_810
GCF_016748085.1;protein_1456,GCF_002952675.1;protein_21,GCF_002951975.1;protein_21,GCF_002952595.1;protein_21,GCF_001653415.1;protein_1398,GCF_900638475.1;protein_24,GCF_016749215.1;protein_1425,GCF_019974055.1;protein_18,GCF_013122055.1;protein_20,GCF_003050665.1;protein_809
GCF_016748085.1;protein_1457,GCF_002952675.1;protein_20,GCF_002951975.1;protein_20,GCF_002952595.1;protein_20,GCF_001653415.1;protein_1397,GCF_900638475.1;protein_23,GCF_016749215.1;protein_1426,GCF_019974055.1;protein_19,GCF_013122055.1;protein_19,GCF_003050665.1;protein_808
GCF_016748085.1;protein_1458,GCF_002952675.1;protein_19,GCF_002951975.1;protein_19,GCF_002952595.1;protein_19,GCF_001653415.1;protein_1396,GCF_900638475.1;protein_22,GCF_016749215.1;protein_1427,GCF_019974055.1;protein_20,GCF_013122055.1;protein_18,GCF_003050665.1;protein_807
GCF_016748085.1;protein_1459,GCF_002952675.1;protein_18,GCF_002951975.1;protein_18,GCF_002952595.1;protein_18,GCF_001653415.1;protein_1395,GCF_900638475.1;protein_21,GCF_016749215.1;protein_1428,GCF_019974055.1;protein_21,GCF_013122055.1;protein_17,GCF_003050665.1;protein_806
GCF_016748085.1;protein_146,GCF_002952675.1;protein_1293,GCF_002951975.1;protein_1289,GCF_002952595.1;protein_1288,GCF_001653415.1;protein_204,GCF_900638475.1;protein_301,GCF_016749215.1;protein_154,GCF_019974055.1;protein_335,GCF_013122055.1;protein_332,GCF_003050665.1;protein_1128
GCF_016748085.1;protein_1460,GCF_002952675.1;protein_17,GCF_002951975.1;protein_17,GCF_002952595.1;protein_17,GCF_001653415.1;protein_1394,GCF_900638475.1;protein_20,GCF_016749215.1;protein_1429,GCF_019974055.1;protein_22,GCF_013122055.1;protein_16,GCF_003050665.1;protein_805
GCF_016748085.1;protein_1461,GCF_002952675.1;protein_16,GCF_002951975.1;protein_16,GCF_002952595.1;protein_16,GCF_001653415.1;protein_1393,GCF_900638475.1;protein_19,GCF_016749215.1;protein_1430,GCF_019974055.1;protein_23,GCF_013122055.1;protein_15,GCF_003050665.1;protein_804
GCF_016748085.1;protein_1463,GCF_002952675.1;protein_14,GCF_002951975.1;protein_14,GCF_002952595.1;protein_14,GCF_001653415.1;protein_1391,GCF_900638475.1;protein_17,GCF_016749215.1;protein_1432,GCF_019974055.1;protein_25,GCF_013122055.1;protein_13,GCF_003050665.1;protein_802
GCF_016748085.1;protein_1464,GCF_002952675.1;protein_13,GCF_002951975.1;protein_13,GCF_002952595.1;protein_13,GCF_001653415.1;protein_1390,GCF_900638475.1;protein_16,GCF_016749215.1;protein_1433,GCF_019974055.1;protein_26,GCF_013122055.1;protein_12,GCF_003050665.1;protein_801
GCF_016748085.1;protein_1466,GCF_002952675.1;protein_8,GCF_002951975.1;protein_8,GCF_002952595.1;protein_8,GCF_001653415.1;protein_1386,GCF_900638475.1;protein_8,GCF_016749215.1;protein_1438,GCF_019974055.1;protein_7,GCF_013122055.1;protein_8,GCF_003050665.1;protein_797
GCF_016748085.1;protein_1468,GCF_002952675.1;protein_6,GCF_002951975.1;protein_6,GCF_002952595.1;protein_6,GCF_001653415.1;protein_1383,GCF_900638475.1;protein_5,GCF_016749215.1;protein_1441,GCF_019974055.1;protein_5,GCF_013122055.1;protein_5,GCF_003050665.1;protein_794
GCF_016748085.1;protein_1469,GCF_002952675.1;protein_5,GCF_002951975.1;protein_5,GCF_002952595.1;protein_5,GCF_001653415.1;protein_1382,GCF_900638475.1;protein_4,GCF_016749215.1;protein_1442,GCF_019974055.1;protein_4,GCF_013122055.1;protein_4,GCF_003050665.1;protein_793
GCF_016748085.1;protein_147,GCF_002952675.1;protein_1292,GCF_002951975.1;protein_1288,GCF_002952595.1;protein_1287,GCF_001653415.1;protein_205,GCF_900638475.1;protein_302,GCF_016749215.1;protein_155,GCF_019974055.1;protein_336,GCF_013122055.1;protein_333,GCF_003050665.1;protein_1129
GCF_016748085.1;protein_1470,GCF_002952675.1;protein_4,GCF_002951975.1;protein_4,GCF_002952595.1;protein_4,GCF_001653415.1;protein_1381,GCF_900638475.1;protein_3,GCF_016749215.1;protein_1443,GCF_019974055.1;protein_3,GCF_013122055.1;protein_3,GCF_003050665.1;protein_792
GCF_016748085.1;protein_1471,GCF_002952675.1;protein_3,GCF_002951975.1;protein_3,GCF_002952595.1;protein_3,GCF_001653415.1;protein_1380,GCF_900638475.1;protein_2,GCF_016749215.1;protein_1444,GCF_019974055.1;protein_2,GCF_013122055.1;protein_2,GCF_003050665.1;protein_791
GCF_016748085.1;protein_1472,GCF_002952675.1;protein_2,GCF_002951975.1;protein_2,GCF_002952595.1;protein_2,GCF_001653415.1;protein_1379,GCF_900638475.1;protein_1,GCF_016749215.1;protein_1445,GCF_019974055.1;protein_1,GCF_013122055.1;protein_1,GCF_003050665.1;protein_790
GCF_016748085.1;protein_1473,GCF_002952675.1;protein_1,GCF_002951975.1;protein_1,GCF_002952595.1;protein_1,GCF_001653415.1;protein_1378,GCF_900638475.1;protein_0,GCF_016749215.1;protein_1446,GCF_019974055.1;protein_0,GCF_013122055.1;protein_0,GCF_003050665.1;protein_789
GCF_016748085.1;protein_1474,GCF_002952675.1;protein_0,GCF_002951975.1;protein_0,GCF_002952595.1;protein_0,GCF_001653415.1;protein_1377,GCF_900638475.1;protein_1530,GCF_016749215.1;protein_1447,GCF_019974055.1;protein_1582,GCF_013122055.1;protein_1556,GCF_003050665.1;protein_788
GCF_016748085.1;protein_1475,GCF_002952675.1;protein_1563,GCF_002951975.1;protein_1557,GCF_002952595.1;protein_1557,GCF_001653415.1;protein_1376,GCF_900638475.1;protein_1529,GCF_016749215.1;protein_1448,GCF_019974055.1;protein_1581,GCF_013122055.1;protein_1555,GCF_003050665.1;protein_787
GCF_016748085.1;protein_1476,GCF_002952675.1;protein_1562,GCF_002951975.1;protein_1556,GCF_002952595.1;protein_1556,GCF_001653415.1;protein_1375,GCF_900638475.1;protein_1528,GCF_016749215.1;protein_1449,GCF_019974055.1;protein_1580,GCF_013122055.1;protein_1554,GCF_003050665.1;protein_786
GCF_016748085.1;protein_1477,GCF_002952675.1;protein_1561,GCF_002951975.1;protein_1555,GCF_002952595.1;protein_1555,GCF_001653415.1;protein_1374,GCF_900638475.1;protein_1527,GCF_016749215.1;protein_1450,GCF_019974055.1;protein_1579,GCF_013122055.1;protein_1553,GCF_003050665.1;protein_785
GCF_016748085.1;protein_148,GCF_002952675.1;protein_1291,GCF_002951975.1;protein_1287,GCF_002952595.1;protein_1286,GCF_001653415.1;protein_206,GCF_900638475.1;protein_303,GCF_016749215.1;protein_156,GCF_019974055.1;protein_337,GCF_013122055.1;protein_334,GCF_003050665.1;protein_1130
GCF_016748085.1;protein_1481,GCF_002952675.1;protein_1558,GCF_002951975.1;protein_1553,GCF_002952595.1;protein_1553,GCF_001653415.1;protein_1372,GCF_900638475.1;protein_80,GCF_016749215.1;protein_1453,GCF_019974055.1;protein_116,GCF_013122055.1;protein_112,GCF_003050665.1;protein_907
GCF_016748085.1;protein_1482,GCF_002952675.1;protein_1557,GCF_002951975.1;protein_1552,GCF_002952595.1;protein_1552,GCF_001653415.1;protein_1371,GCF_900638475.1;protein_81,GCF_016749215.1;protein_1454,GCF_019974055.1;protein_117,GCF_013122055.1;protein_113,GCF_003050665.1;protein_908
GCF_016748085.1;protein_1483,GCF_002952675.1;protein_1556,GCF_002951975.1;protein_1551,GCF_002952595.1;protein_1551,GCF_001653415.1;protein_1370,GCF_900638475.1;protein_82,GCF_016749215.1;protein_1455,GCF_019974055.1;protein_118,GCF_013122055.1;protein_114,GCF_003050665.1;protein_909
GCF_016748085.1;protein_1484,GCF_002952675.1;protein_1555,GCF_002951975.1;protein_1550,GCF_002952595.1;protein_1550,GCF_001653415.1;protein_1369,GCF_900638475.1;protein_83,GCF_016749215.1;protein_1456,GCF_019974055.1;protein_119,GCF_013122055.1;protein_115,GCF_003050665.1;protein_910
GCF_016748085.1;protein_1485,GCF_002952675.1;protein_1554,GCF_002951975.1;protein_1549,GCF_002952595.1;protein_1549,GCF_001653415.1;protein_1368,GCF_900638475.1;protein_84,GCF_016749215.1;protein_1457,GCF_019974055.1;protein_120,GCF_013122055.1;protein_116,GCF_003050665.1;protein_911
GCF_016748085.1;protein_1486,GCF_002952675.1;protein_1553,GCF_002951975.1;protein_1548,GCF_002952595.1;protein_1548,GCF_001653415.1;protein_1367,GCF_900638475.1;protein_85,GCF_016749215.1;protein_1459,GCF_019974055.1;protein_122,GCF_013122055.1;protein_117,GCF_003050665.1;protein_912
GCF_016748085.1;protein_1488,GCF_002952675.1;protein_1551,GCF_002951975.1;protein_1546,GCF_002952595.1;protein_1546,GCF_001653415.1;protein_1364,GCF_900638475.1;protein_88,GCF_016749215.1;protein_1461,GCF_019974055.1;protein_124,GCF_013122055.1;protein_119,GCF_003050665.1;protein_914
GCF_016748085.1;protein_1489,GCF_002952675.1;protein_1550,GCF_002951975.1;protein_1545,GCF_002952595.1;protein_1545,GCF_001653415.1;protein_1363,GCF_900638475.1;protein_89,GCF_016749215.1;protein_1462,GCF_019974055.1;protein_125,GCF_013122055.1;protein_120,GCF_003050665.1;protein_915
GCF_016748085.1;protein_149,GCF_002952675.1;protein_1289,GCF_002951975.1;protein_1285,GCF_002952595.1;protein_1284,GCF_001653415.1;protein_207,GCF_900638475.1;protein_304,GCF_016749215.1;protein_157,GCF_019974055.1;protein_338,GCF_013122055.1;protein_335,GCF_003050665.1;protein_1132
GCF_016748085.1;protein_1490,GCF_002952675.1;protein_1549,GCF_002951975.1;protein_1544,GCF_002952595.1;protein_1544,GCF_001653415.1;protein_1362,GCF_900638475.1;protein_90,GCF_016749215.1;protein_1463,GCF_019974055.1;protein_126,GCF_013122055.1;protein_121,GCF_003050665.1;protein_916
GCF_016748085.1;protein_1491,GCF_002952675.1;protein_1548,GCF_002951975.1;protein_1543,GCF_002952595.1;protein_1543,GCF_001653415.1;protein_1361,GCF_900638475.1;protein_91,GCF_016749215.1;protein_1464,GCF_019974055.1;protein_127,GCF_013122055.1;protein_122,GCF_003050665.1;protein_917
GCF_016748085.1;protein_1492,GCF_002952675.1;protein_1547,GCF_002951975.1;protein_1542,GCF_002952595.1;protein_1542,GCF_001653415.1;protein_1360,GCF_900638475.1;protein_92,GCF_016749215.1;protein_1465,GCF_019974055.1;protein_128,GCF_013122055.1;protein_123,GCF_003050665.1;protein_918
GCF_016748085.1;protein_1496,GCF_002952675.1;protein_1545,GCF_002951975.1;protein_1540,GCF_002952595.1;protein_1540,GCF_001653415.1;protein_1357,GCF_900638475.1;protein_94,GCF_016749215.1;protein_1467,GCF_019974055.1;protein_238,GCF_013122055.1;protein_125,GCF_003050665.1;protein_920
GCF_016748085.1;protein_1497,GCF_002952675.1;protein_1544,GCF_002951975.1;protein_1539,GCF_002952595.1;protein_1539,GCF_001653415.1;protein_1356,GCF_900638475.1;protein_95,GCF_016749215.1;protein_1468,GCF_019974055.1;protein_237,GCF_013122055.1;protein_126,GCF_003050665.1;protein_921
GCF_016748085.1;protein_1498,GCF_002952675.1;protein_1543,GCF_002951975.1;protein_1538,GCF_002952595.1;protein_1538,GCF_001653415.1;protein_1355,GCF_900638475.1;protein_96,GCF_016749215.1;protein_1469,GCF_019974055.1;protein_236,GCF_013122055.1;protein_127,GCF_003050665.1;protein_922
GCF_016748085.1;protein_1499,GCF_002952675.1;protein_1542,GCF_002951975.1;protein_1537,GCF_002952595.1;protein_1537,GCF_001653415.1;protein_1354,GCF_900638475.1;protein_97,GCF_016749215.1;protein_1470,GCF_019974055.1;protein_235,GCF_013122055.1;protein_128,GCF_003050665.1;protein_923
GCF_016748085.1;protein_15,GCF_002952675.1;protein_1469,GCF_002951975.1;protein_1465,GCF_002952595.1;protein_1464,GCF_001653415.1;protein_70,GCF_900638475.1;protein_168,GCF_016749215.1;protein_16,GCF_019974055.1;protein_164,GCF_013122055.1;protein_201,GCF_003050665.1;protein_992
GCF_016748085.1;protein_150,GCF_002952675.1;protein_1288,GCF_002951975.1;protein_1284,GCF_002952595.1;protein_1283,GCF_001653415.1;protein_208,GCF_900638475.1;protein_305,GCF_016749215.1;protein_158,GCF_019974055.1;protein_339,GCF_013122055.1;protein_336,GCF_003050665.1;protein_1133
GCF_016748085.1;protein_1505,GCF_002952675.1;protein_1538,GCF_002951975.1;protein_1533,GCF_002952595.1;protein_1533,GCF_001653415.1;protein_1,GCF_900638475.1;protein_116,GCF_016749215.1;protein_1474,GCF_019974055.1;protein_216,GCF_013122055.1;protein_147,GCF_003050665.1;protein_940
GCF_016748085.1;protein_1506,GCF_002952675.1;protein_1537,GCF_002951975.1;protein_1532,GCF_002952595.1;protein_1532,GCF_001653415.1;protein_2,GCF_900638475.1;protein_115,GCF_016749215.1;protein_1475,GCF_019974055.1;protein_217,GCF_013122055.1;protein_146,GCF_003050665.1;protein_939
GCF_016748085.1;protein_1507,GCF_002952675.1;protein_1536,GCF_002951975.1;protein_1531,GCF_002952595.1;protein_1531,GCF_001653415.1;protein_3,GCF_900638475.1;protein_114,GCF_016749215.1;protein_1476,GCF_019974055.1;protein_218,GCF_013122055.1;protein_145,GCF_003050665.1;protein_938
GCF_016748085.1;protein_1509,GCF_002952675.1;protein_1534,GCF_002951975.1;protein_1529,GCF_002952595.1;protein_1529,GCF_001653415.1;protein_5,GCF_900638475.1;protein_112,GCF_016749215.1;protein_1478,GCF_019974055.1;protein_220,GCF_013122055.1;protein_143,GCF_003050665.1;protein_936
GCF_016748085.1;protein_151,GCF_002952675.1;protein_1287,GCF_002951975.1;protein_1283,GCF_002952595.1;protein_1282,GCF_001653415.1;protein_209,GCF_900638475.1;protein_306,GCF_016749215.1;protein_159,GCF_019974055.1;protein_340,GCF_013122055.1;protein_337,GCF_003050665.1;protein_1134
GCF_016748085.1;protein_1510,GCF_002952675.1;protein_1533,GCF_002951975.1;protein_1528,GCF_002952595.1;protein_1528,GCF_001653415.1;protein_6,GCF_900638475.1;protein_111,GCF_016749215.1;protein_1479,GCF_019974055.1;protein_221,GCF_013122055.1;protein_142,GCF_003050665.1;protein_935
GCF_016748085.1;protein_1511,GCF_002952675.1;protein_1532,GCF_002951975.1;protein_1527,GCF_002952595.1;protein_1527,GCF_001653415.1;protein_7,GCF_900638475.1;protein_110,GCF_016749215.1;protein_1480,GCF_019974055.1;protein_222,GCF_013122055.1;protein_141,GCF_003050665.1;protein_934
GCF_016748085.1;protein_1512,GCF_002952675.1;protein_1531,GCF_002951975.1;protein_1526,GCF_002952595.1;protein_1526,GCF_001653415.1;protein_8,GCF_900638475.1;protein_109,GCF_016749215.1;protein_1481,GCF_019974055.1;protein_223,GCF_013122055.1;protein_140,GCF_003050665.1;protein_933
GCF_016748085.1;protein_1513,GCF_002952675.1;protein_1530,GCF_002951975.1;protein_1525,GCF_002952595.1;protein_1525,GCF_001653415.1;protein_9,GCF_900638475.1;protein_108,GCF_016749215.1;protein_1482,GCF_019974055.1;protein_224,GCF_013122055.1;protein_139,GCF_003050665.1;protein_932
GCF_016748085.1;protein_1514,GCF_002952675.1;protein_1529,GCF_002951975.1;protein_1524,GCF_002952595.1;protein_1524,GCF_001653415.1;protein_10,GCF_900638475.1;protein_107,GCF_016749215.1;protein_1483,GCF_019974055.1;protein_225,GCF_013122055.1;protein_138,GCF_003050665.1;protein_931
GCF_016748085.1;protein_1515,GCF_002952675.1;protein_1528,GCF_002951975.1;protein_1523,GCF_002952595.1;protein_1523,GCF_001653415.1;protein_11,GCF_900638475.1;protein_106,GCF_016749215.1;protein_1484,GCF_019974055.1;protein_226,GCF_013122055.1;protein_137,GCF_003050665.1;protein_930
GCF_016748085.1;protein_1516,GCF_002952675.1;protein_1527,GCF_002951975.1;protein_1522,GCF_002952595.1;protein_1522,GCF_001653415.1;protein_12,GCF_900638475.1;protein_105,GCF_016749215.1;protein_1485,GCF_019974055.1;protein_227,GCF_013122055.1;protein_136,GCF_003050665.1;protein_929
GCF_016748085.1;protein_1518,GCF_002952675.1;protein_1525,GCF_002951975.1;protein_1520,GCF_002952595.1;protein_1520,GCF_001653415.1;protein_14,GCF_900638475.1;protein_103,GCF_016749215.1;protein_1487,GCF_019974055.1;protein_229,GCF_013122055.1;protein_134,GCF_003050665.1;protein_927
GCF_016748085.1;protein_1519,GCF_002952675.1;protein_1524,GCF_002951975.1;protein_1519,GCF_002952595.1;protein_1519,GCF_001653415.1;protein_15,GCF_900638475.1;protein_102,GCF_016749215.1;protein_1488,GCF_019974055.1;protein_230,GCF_013122055.1;protein_133,GCF_003050665.1;protein_926
GCF_016748085.1;protein_152,GCF_002952675.1;protein_1286,GCF_002951975.1;protein_1282,GCF_002952595.1;protein_1281,GCF_001653415.1;protein_210,GCF_900638475.1;protein_307,GCF_016749215.1;protein_160,GCF_019974055.1;protein_341,GCF_013122055.1;protein_338,GCF_003050665.1;protein_1135
GCF_016748085.1;protein_1520,GCF_002952675.1;protein_1523,GCF_002951975.1;protein_1518,GCF_002952595.1;protein_1518,GCF_001653415.1;protein_16,GCF_900638475.1;protein_101,GCF_016749215.1;protein_1489,GCF_019974055.1;protein_231,GCF_013122055.1;protein_132,GCF_003050665.1;protein_925
GCF_016748085.1;protein_1521,GCF_002952675.1;protein_1522,GCF_002951975.1;protein_1517,GCF_002952595.1;protein_1517,GCF_001653415.1;protein_17,GCF_900638475.1;protein_100,GCF_016749215.1;protein_1490,GCF_019974055.1;protein_232,GCF_013122055.1;protein_131,GCF_003050665.1;protein_924
GCF_016748085.1;protein_1523,GCF_002952675.1;protein_1519,GCF_002951975.1;protein_1515,GCF_002952595.1;protein_1514,GCF_001653415.1;protein_20,GCF_900638475.1;protein_119,GCF_016749215.1;protein_1493,GCF_019974055.1;protein_213,GCF_013122055.1;protein_150,GCF_003050665.1;protein_943
GCF_016748085.1;protein_1524,GCF_002952675.1;protein_1518,GCF_002951975.1;protein_1514,GCF_002952595.1;protein_1513,GCF_001653415.1;protein_21,GCF_900638475.1;protein_120,GCF_016749215.1;protein_1494,GCF_019974055.1;protein_212,GCF_013122055.1;protein_151,GCF_003050665.1;protein_944
GCF_016748085.1;protein_1525,GCF_002952675.1;protein_1517,GCF_002951975.1;protein_1513,GCF_002952595.1;protein_1512,GCF_001653415.1;protein_22,GCF_900638475.1;protein_121,GCF_016749215.1;protein_1495,GCF_019974055.1;protein_211,GCF_013122055.1;protein_152,GCF_003050665.1;protein_945
GCF_016748085.1;protein_1526,GCF_002952675.1;protein_1516,GCF_002951975.1;protein_1512,GCF_002952595.1;protein_1511,GCF_001653415.1;protein_23,GCF_900638475.1;protein_122,GCF_016749215.1;protein_1496,GCF_019974055.1;protein_210,GCF_013122055.1;protein_153,GCF_003050665.1;protein_946
GCF_016748085.1;protein_1527,GCF_002952675.1;protein_1515,GCF_002951975.1;protein_1511,GCF_002952595.1;protein_1510,GCF_001653415.1;protein_24,GCF_900638475.1;protein_123,GCF_016749215.1;protein_1497,GCF_019974055.1;protein_209,GCF_013122055.1;protein_154,GCF_003050665.1;protein_947
GCF_016748085.1;protein_1528,GCF_002952675.1;protein_1514,GCF_002951975.1;protein_1510,GCF_002952595.1;protein_1509,GCF_001653415.1;protein_25,GCF_900638475.1;protein_124,GCF_016749215.1;protein_1499,GCF_019974055.1;protein_208,GCF_013122055.1;protein_155,GCF_003050665.1;protein_948
GCF_016748085.1;protein_153,GCF_002952675.1;protein_1285,GCF_002951975.1;protein_1281,GCF_002952595.1;protein_1280,GCF_001653415.1;protein_211,GCF_900638475.1;protein_308,GCF_016749215.1;protein_161,GCF_019974055.1;protein_342,GCF_013122055.1;protein_339,GCF_003050665.1;protein_1136
GCF_016748085.1;protein_1531,GCF_002952675.1;protein_1511,GCF_002951975.1;protein_1507,GCF_002952595.1;protein_1506,GCF_001653415.1;protein_28,GCF_900638475.1;protein_127,GCF_016749215.1;protein_1502,GCF_019974055.1;protein_206,GCF_013122055.1;protein_158,GCF_003050665.1;protein_950
GCF_016748085.1;protein_1532,GCF_002952675.1;protein_1510,GCF_002951975.1;protein_1506,GCF_002952595.1;protein_1505,GCF_001653415.1;protein_29,GCF_900638475.1;protein_128,GCF_016749215.1;protein_1503,GCF_019974055.1;protein_205,GCF_013122055.1;protein_159,GCF_003050665.1;protein_951
GCF_016748085.1;protein_1533,GCF_002952675.1;protein_1509,GCF_002951975.1;protein_1505,GCF_002952595.1;protein_1504,GCF_001653415.1;protein_30,GCF_900638475.1;protein_129,GCF_016749215.1;protein_1504,GCF_019974055.1;protein_204,GCF_013122055.1;protein_160,GCF_003050665.1;protein_952
GCF_016748085.1;protein_1534,GCF_002952675.1;protein_1508,GCF_002951975.1;protein_1504,GCF_002952595.1;protein_1503,GCF_001653415.1;protein_31,GCF_900638475.1;protein_130,GCF_016749215.1;protein_1505,GCF_019974055.1;protein_203,GCF_013122055.1;protein_161,GCF_003050665.1;protein_953
GCF_016748085.1;protein_1535,GCF_002952675.1;protein_1507,GCF_002951975.1;protein_1503,GCF_002952595.1;protein_1502,GCF_001653415.1;protein_32,GCF_900638475.1;protein_131,GCF_016749215.1;protein_1506,GCF_019974055.1;protein_202,GCF_013122055.1;protein_162,GCF_003050665.1;protein_954
GCF_016748085.1;protein_1536,GCF_002952675.1;protein_1506,GCF_002951975.1;protein_1502,GCF_002952595.1;protein_1501,GCF_001653415.1;protein_33,GCF_900638475.1;protein_132,GCF_016749215.1;protein_1507,GCF_019974055.1;protein_201,GCF_013122055.1;protein_163,GCF_003050665.1;protein_955
GCF_016748085.1;protein_1537,GCF_002952675.1;protein_1505,GCF_002951975.1;protein_1501,GCF_002952595.1;protein_1500,GCF_001653415.1;protein_34,GCF_900638475.1;protein_133,GCF_016749215.1;protein_1508,GCF_019974055.1;protein_200,GCF_013122055.1;protein_164,GCF_003050665.1;protein_956
GCF_016748085.1;protein_1538,GCF_002952675.1;protein_1504,GCF_002951975.1;protein_1500,GCF_002952595.1;protein_1499,GCF_001653415.1;protein_35,GCF_900638475.1;protein_134,GCF_016749215.1;protein_1509,GCF_019974055.1;protein_199,GCF_013122055.1;protein_165,GCF_003050665.1;protein_957
GCF_016748085.1;protein_1539,GCF_002952675.1;protein_1503,GCF_002951975.1;protein_1499,GCF_002952595.1;protein_1498,GCF_001653415.1;protein_36,GCF_900638475.1;protein_135,GCF_016749215.1;protein_1510,GCF_019974055.1;protein_198,GCF_013122055.1;protein_166,GCF_003050665.1;protein_958
GCF_016748085.1;protein_154,GCF_002952675.1;protein_1284,GCF_002951975.1;protein_1280,GCF_002952595.1;protein_1279,GCF_001653415.1;protein_212,GCF_900638475.1;protein_309,GCF_016749215.1;protein_162,GCF_019974055.1;protein_343,GCF_013122055.1;protein_340,GCF_003050665.1;protein_1137
GCF_016748085.1;protein_1540,GCF_002952675.1;protein_1502,GCF_002951975.1;protein_1498,GCF_002952595.1;protein_1497,GCF_001653415.1;protein_37,GCF_900638475.1;protein_136,GCF_016749215.1;protein_1511,GCF_019974055.1;protein_197,GCF_013122055.1;protein_167,GCF_003050665.1;protein_959
GCF_016748085.1;protein_1541,GCF_002952675.1;protein_1501,GCF_002951975.1;protein_1497,GCF_002952595.1;protein_1496,GCF_001653415.1;protein_38,GCF_900638475.1;protein_137,GCF_016749215.1;protein_1512,GCF_019974055.1;protein_196,GCF_013122055.1;protein_168,GCF_003050665.1;protein_960
GCF_016748085.1;protein_1542,GCF_002952675.1;protein_1500,GCF_002951975.1;protein_1496,GCF_002952595.1;protein_1495,GCF_001653415.1;protein_39,GCF_900638475.1;protein_138,GCF_016749215.1;protein_1513,GCF_019974055.1;protein_195,GCF_013122055.1;protein_169,GCF_003050665.1;protein_961
GCF_016748085.1;protein_1543,GCF_002952675.1;protein_1499,GCF_002951975.1;protein_1495,GCF_002952595.1;protein_1494,GCF_001653415.1;protein_40,GCF_900638475.1;protein_139,GCF_016749215.1;protein_1514,GCF_019974055.1;protein_194,GCF_013122055.1;protein_170,GCF_003050665.1;protein_962
GCF_016748085.1;protein_1544,GCF_002952675.1;protein_1498,GCF_002951975.1;protein_1494,GCF_002952595.1;protein_1493,GCF_001653415.1;protein_41,GCF_900638475.1;protein_140,GCF_016749215.1;protein_1515,GCF_019974055.1;protein_193,GCF_013122055.1;protein_171,GCF_003050665.1;protein_963
GCF_016748085.1;protein_1545,GCF_002952675.1;protein_1497,GCF_002951975.1;protein_1493,GCF_002952595.1;protein_1492,GCF_001653415.1;protein_42,GCF_900638475.1;protein_141,GCF_016749215.1;protein_1516,GCF_019974055.1;protein_192,GCF_013122055.1;protein_172,GCF_003050665.1;protein_964
GCF_016748085.1;protein_1546,GCF_002952675.1;protein_1496,GCF_002951975.1;protein_1492,GCF_002952595.1;protein_1491,GCF_001653415.1;protein_43,GCF_900638475.1;protein_142,GCF_016749215.1;protein_1517,GCF_019974055.1;protein_191,GCF_013122055.1;protein_174,GCF_003050665.1;protein_965
GCF_016748085.1;protein_1547,GCF_002952675.1;protein_1495,GCF_002951975.1;protein_1491,GCF_002952595.1;protein_1490,GCF_001653415.1;protein_44,GCF_900638475.1;protein_143,GCF_016749215.1;protein_1518,GCF_019974055.1;protein_190,GCF_013122055.1;protein_175,GCF_003050665.1;protein_966
GCF_016748085.1;protein_1548,GCF_002952675.1;protein_1494,GCF_002951975.1;protein_1490,GCF_002952595.1;protein_1489,GCF_001653415.1;protein_45,GCF_900638475.1;protein_144,GCF_016749215.1;protein_1519,GCF_019974055.1;protein_189,GCF_013122055.1;protein_176,GCF_003050665.1;protein_967
GCF_016748085.1;protein_1549,GCF_002952675.1;protein_1493,GCF_002951975.1;protein_1489,GCF_002952595.1;protein_1488,GCF_001653415.1;protein_46,GCF_900638475.1;protein_145,GCF_016749215.1;protein_1520,GCF_019974055.1;protein_188,GCF_013122055.1;protein_177,GCF_003050665.1;protein_968
GCF_016748085.1;protein_155,GCF_002952675.1;protein_1283,GCF_002951975.1;protein_1279,GCF_002952595.1;protein_1278,GCF_001653415.1;protein_213,GCF_900638475.1;protein_310,GCF_016749215.1;protein_163,GCF_019974055.1;protein_344,GCF_013122055.1;protein_341,GCF_003050665.1;protein_1138
GCF_016748085.1;protein_1550,GCF_002952675.1;protein_1492,GCF_002951975.1;protein_1488,GCF_002952595.1;protein_1487,GCF_001653415.1;protein_47,GCF_900638475.1;protein_146,GCF_016749215.1;protein_1521,GCF_019974055.1;protein_187,GCF_013122055.1;protein_178,GCF_003050665.1;protein_969
GCF_016748085.1;protein_1551,GCF_002952675.1;protein_1491,GCF_002951975.1;protein_1487,GCF_002952595.1;protein_1486,GCF_001653415.1;protein_48,GCF_900638475.1;protein_147,GCF_016749215.1;protein_1522,GCF_019974055.1;protein_186,GCF_013122055.1;protein_179,GCF_003050665.1;protein_970
GCF_016748085.1;protein_1552,GCF_002952675.1;protein_1490,GCF_002951975.1;protein_1486,GCF_002952595.1;protein_1485,GCF_001653415.1;protein_49,GCF_900638475.1;protein_148,GCF_016749215.1;protein_1523,GCF_019974055.1;protein_185,GCF_013122055.1;protein_180,GCF_003050665.1;protein_971
GCF_016748085.1;protein_156,GCF_002952675.1;protein_1282,GCF_002951975.1;protein_1278,GCF_002952595.1;protein_1277,GCF_001653415.1;protein_214,GCF_900638475.1;protein_311,GCF_016749215.1;protein_164,GCF_019974055.1;protein_345,GCF_013122055.1;protein_342,GCF_003050665.1;protein_1139
GCF_016748085.1;protein_157,GCF_002952675.1;protein_1281,GCF_002951975.1;protein_1277,GCF_002952595.1;protein_1276,GCF_001653415.1;protein_215,GCF_900638475.1;protein_312,GCF_016749215.1;protein_165,GCF_019974055.1;protein_346,GCF_013122055.1;protein_343,GCF_003050665.1;protein_1140
GCF_016748085.1;protein_159,GCF_002952675.1;protein_1279,GCF_002951975.1;protein_1275,GCF_002952595.1;protein_1274,GCF_001653415.1;protein_217,GCF_900638475.1;protein_314,GCF_016749215.1;protein_167,GCF_019974055.1;protein_349,GCF_013122055.1;protein_345,GCF_003050665.1;protein_1142
GCF_016748085.1;protein_16,GCF_002952675.1;protein_1468,GCF_002951975.1;protein_1464,GCF_002952595.1;protein_1463,GCF_001653415.1;protein_71,GCF_900638475.1;protein_169,GCF_016749215.1;protein_17,GCF_019974055.1;protein_163,GCF_013122055.1;protein_202,GCF_003050665.1;protein_993
GCF_016748085.1;protein_160,GCF_002952675.1;protein_1278,GCF_002951975.1;protein_1274,GCF_002952595.1;protein_1273,GCF_001653415.1;protein_218,GCF_900638475.1;protein_315,GCF_016749215.1;protein_168,GCF_019974055.1;protein_350,GCF_013122055.1;protein_346,GCF_003050665.1;protein_1143
GCF_016748085.1;protein_162,GCF_002952675.1;protein_1276,GCF_002951975.1;protein_1272,GCF_002952595.1;protein_1271,GCF_001653415.1;protein_220,GCF_900638475.1;protein_317,GCF_016749215.1;protein_170,GCF_019974055.1;protein_352,GCF_013122055.1;protein_348,GCF_003050665.1;protein_1145
GCF_016748085.1;protein_163,GCF_002952675.1;protein_1275,GCF_002951975.1;protein_1271,GCF_002952595.1;protein_1270,GCF_001653415.1;protein_221,GCF_900638475.1;protein_318,GCF_016749215.1;protein_171,GCF_019974055.1;protein_353,GCF_013122055.1;protein_349,GCF_003050665.1;protein_1146
GCF_016748085.1;protein_164,GCF_002952675.1;protein_1274,GCF_002951975.1;protein_1270,GCF_002952595.1;protein_1269,GCF_001653415.1;protein_222,GCF_900638475.1;protein_319,GCF_016749215.1;protein_172,GCF_019974055.1;protein_354,GCF_013122055.1;protein_350,GCF_003050665.1;protein_1147
GCF_016748085.1;protein_165,GCF_002952675.1;protein_1273,GCF_002951975.1;protein_1269,GCF_002952595.1;protein_1268,GCF_001653415.1;protein_227,GCF_900638475.1;protein_320,GCF_016749215.1;protein_173,GCF_019974055.1;protein_355,GCF_013122055.1;protein_376,GCF_003050665.1;protein_1152
GCF_016748085.1;protein_166,GCF_002952675.1;protein_1272,GCF_002951975.1;protein_1268,GCF_002952595.1;protein_1267,GCF_001653415.1;protein_228,GCF_900638475.1;protein_321,GCF_016749215.1;protein_174,GCF_019974055.1;protein_356,GCF_013122055.1;protein_375,GCF_003050665.1;protein_1153
GCF_016748085.1;protein_167,GCF_002952675.1;protein_1271,GCF_002951975.1;protein_1267,GCF_002952595.1;protein_1266,GCF_001653415.1;protein_229,GCF_900638475.1;protein_322,GCF_016749215.1;protein_175,GCF_019974055.1;protein_357,GCF_013122055.1;protein_374,GCF_003050665.1;protein_1154
GCF_016748085.1;protein_169,GCF_002952675.1;protein_1270,GCF_002951975.1;protein_1266,GCF_002952595.1;protein_1265,GCF_001653415.1;protein_230,GCF_900638475.1;protein_323,GCF_016749215.1;protein_176,GCF_019974055.1;protein_358,GCF_013122055.1;protein_373,GCF_003050665.1;protein_1155
GCF_016748085.1;protein_17,GCF_002952675.1;protein_1467,GCF_002951975.1;protein_1463,GCF_002952595.1;protein_1462,GCF_001653415.1;protein_72,GCF_900638475.1;protein_170,GCF_016749215.1;protein_18,GCF_019974055.1;protein_162,GCF_013122055.1;protein_203,GCF_003050665.1;protein_994
GCF_016748085.1;protein_170,GCF_002952675.1;protein_1269,GCF_002951975.1;protein_1265,GCF_002952595.1;protein_1264,GCF_001653415.1;protein_231,GCF_900638475.1;protein_324,GCF_016749215.1;protein_177,GCF_019974055.1;protein_359,GCF_013122055.1;protein_372,GCF_003050665.1;protein_1156
GCF_016748085.1;protein_171,GCF_002952675.1;protein_1268,GCF_002951975.1;protein_1264,GCF_002952595.1;protein_1263,GCF_001653415.1;protein_232,GCF_900638475.1;protein_325,GCF_016749215.1;protein_178,GCF_019974055.1;protein_360,GCF_013122055.1;protein_371,GCF_003050665.1;protein_1157
GCF_016748085.1;protein_172,GCF_002952675.1;protein_1267,GCF_002951975.1;protein_1263,GCF_002952595.1;protein_1262,GCF_001653415.1;protein_233,GCF_900638475.1;protein_326,GCF_016749215.1;protein_179,GCF_019974055.1;protein_361,GCF_013122055.1;protein_370,GCF_003050665.1;protein_1158
GCF_016748085.1;protein_173,GCF_002952675.1;protein_1266,GCF_002951975.1;protein_1262,GCF_002952595.1;protein_1261,GCF_001653415.1;protein_234,GCF_900638475.1;protein_327,GCF_016749215.1;protein_180,GCF_019974055.1;protein_362,GCF_013122055.1;protein_369,GCF_003050665.1;protein_1159
GCF_016748085.1;protein_175,GCF_002952675.1;protein_1264,GCF_002951975.1;protein_1260,GCF_002952595.1;protein_1259,GCF_001653415.1;protein_235,GCF_900638475.1;protein_328,GCF_016749215.1;protein_182,GCF_019974055.1;protein_363,GCF_013122055.1;protein_368,GCF_003050665.1;protein_1188
GCF_016748085.1;protein_176,GCF_002952675.1;protein_1263,GCF_002951975.1;protein_1259,GCF_002952595.1;protein_1258,GCF_001653415.1;protein_236,GCF_900638475.1;protein_329,GCF_016749215.1;protein_183,GCF_019974055.1;protein_364,GCF_013122055.1;protein_367,GCF_003050665.1;protein_1189
GCF_016748085.1;protein_177,GCF_002952675.1;protein_1262,GCF_002951975.1;protein_1258,GCF_002952595.1;protein_1257,GCF_001653415.1;protein_237,GCF_900638475.1;protein_330,GCF_016749215.1;protein_184,GCF_019974055.1;protein_365,GCF_013122055.1;protein_366,GCF_003050665.1;protein_1190
GCF_016748085.1;protein_178,GCF_002952675.1;protein_1261,GCF_002951975.1;protein_1257,GCF_002952595.1;protein_1256,GCF_001653415.1;protein_238,GCF_900638475.1;protein_331,GCF_016749215.1;protein_185,GCF_019974055.1;protein_366,GCF_013122055.1;protein_365,GCF_003050665.1;protein_1191
GCF_016748085.1;protein_179,GCF_002952675.1;protein_1260,GCF_002951975.1;protein_1256,GCF_002952595.1;protein_1255,GCF_001653415.1;protein_239,GCF_900638475.1;protein_332,GCF_016749215.1;protein_186,GCF_019974055.1;protein_367,GCF_013122055.1;protein_364,GCF_003050665.1;protein_1192
GCF_016748085.1;protein_18,GCF_002952675.1;protein_1466,GCF_002951975.1;protein_1462,GCF_002952595.1;protein_1461,GCF_001653415.1;protein_73,GCF_900638475.1;protein_171,GCF_016749215.1;protein_19,GCF_019974055.1;protein_161,GCF_013122055.1;protein_204,GCF_003050665.1;protein_995
GCF_016748085.1;protein_180,GCF_002952675.1;protein_1259,GCF_002951975.1;protein_1255,GCF_002952595.1;protein_1254,GCF_001653415.1;protein_240,GCF_900638475.1;protein_333,GCF_016749215.1;protein_187,GCF_019974055.1;protein_368,GCF_013122055.1;protein_363,GCF_003050665.1;protein_1193
GCF_016748085.1;protein_181,GCF_002952675.1;protein_1258,GCF_002951975.1;protein_1254,GCF_002952595.1;protein_1253,GCF_001653415.1;protein_241,GCF_900638475.1;protein_334,GCF_016749215.1;protein_188,GCF_019974055.1;protein_369,GCF_013122055.1;protein_362,GCF_003050665.1;protein_1194
GCF_016748085.1;protein_182,GCF_002952675.1;protein_1257,GCF_002951975.1;protein_1253,GCF_002952595.1;protein_1252,GCF_001653415.1;protein_242,GCF_900638475.1;protein_335,GCF_016749215.1;protein_189,GCF_019974055.1;protein_370,GCF_013122055.1;protein_361,GCF_003050665.1;protein_1195
GCF_016748085.1;protein_183,GCF_002952675.1;protein_1256,GCF_002951975.1;protein_1252,GCF_002952595.1;protein_1251,GCF_001653415.1;protein_243,GCF_900638475.1;protein_336,GCF_016749215.1;protein_190,GCF_019974055.1;protein_371,GCF_013122055.1;protein_360,GCF_003050665.1;protein_1196
GCF_016748085.1;protein_184,GCF_002952675.1;protein_1255,GCF_002951975.1;protein_1251,GCF_002952595.1;protein_1250,GCF_001653415.1;protein_244,GCF_900638475.1;protein_337,GCF_016749215.1;protein_191,GCF_019974055.1;protein_372,GCF_013122055.1;protein_359,GCF_003050665.1;protein_1197
GCF_016748085.1;protein_185,GCF_002952675.1;protein_1254,GCF_002951975.1;protein_1250,GCF_002952595.1;protein_1249,GCF_001653415.1;protein_245,GCF_900638475.1;protein_338,GCF_016749215.1;protein_192,GCF_019974055.1;protein_373,GCF_013122055.1;protein_358,GCF_003050665.1;protein_1198
GCF_016748085.1;protein_186,GCF_002952675.1;protein_1253,GCF_002951975.1;protein_1249,GCF_002952595.1;protein_1248,GCF_001653415.1;protein_246,GCF_900638475.1;protein_339,GCF_016749215.1;protein_193,GCF_019974055.1;protein_374,GCF_013122055.1;protein_357,GCF_003050665.1;protein_1199
GCF_016748085.1;protein_187,GCF_002952675.1;protein_1252,GCF_002951975.1;protein_1248,GCF_002952595.1;protein_1247,GCF_001653415.1;protein_247,GCF_900638475.1;protein_340,GCF_016749215.1;protein_194,GCF_019974055.1;protein_375,GCF_013122055.1;protein_356,GCF_003050665.1;protein_1200
GCF_016748085.1;protein_188,GCF_002952675.1;protein_1251,GCF_002951975.1;protein_1247,GCF_002952595.1;protein_1246,GCF_001653415.1;protein_248,GCF_900638475.1;protein_341,GCF_016749215.1;protein_195,GCF_019974055.1;protein_376,GCF_013122055.1;protein_355,GCF_003050665.1;protein_1201
GCF_016748085.1;protein_189,GCF_002952675.1;protein_1250,GCF_002951975.1;protein_1246,GCF_002952595.1;protein_1245,GCF_001653415.1;protein_249,GCF_900638475.1;protein_342,GCF_016749215.1;protein_196,GCF_019974055.1;protein_377,GCF_013122055.1;protein_354,GCF_003050665.1;protein_1202
GCF_016748085.1;protein_193,GCF_002952675.1;protein_1247,GCF_002951975.1;protein_1243,GCF_002952595.1;protein_1242,GCF_001653415.1;protein_252,GCF_900638475.1;protein_345,GCF_016749215.1;protein_199,GCF_019974055.1;protein_381,GCF_013122055.1;protein_352,GCF_003050665.1;protein_1205
GCF_016748085.1;protein_196,GCF_002952675.1;protein_1245,GCF_002951975.1;protein_1240,GCF_002952595.1;protein_1240,GCF_001653415.1;protein_255,GCF_900638475.1;protein_348,GCF_016749215.1;protein_202,GCF_019974055.1;protein_384,GCF_013122055.1;protein_378,GCF_003050665.1;protein_1208
GCF_016748085.1;protein_197,GCF_002952675.1;protein_1244,GCF_002951975.1;protein_1239,GCF_002952595.1;protein_1239,GCF_001653415.1;protein_256,GCF_900638475.1;protein_349,GCF_016749215.1;protein_203,GCF_019974055.1;protein_385,GCF_013122055.1;protein_379,GCF_003050665.1;protein_1209
GCF_016748085.1;protein_198,GCF_002952675.1;protein_1243,GCF_002951975.1;protein_1238,GCF_002952595.1;protein_1238,GCF_001653415.1;protein_257,GCF_900638475.1;protein_350,GCF_016749215.1;protein_204,GCF_019974055.1;protein_386,GCF_013122055.1;protein_380,GCF_003050665.1;protein_1210
GCF_016748085.1;protein_199,GCF_002952675.1;protein_1242,GCF_002951975.1;protein_1237,GCF_002952595.1;protein_1237,GCF_001653415.1;protein_258,GCF_900638475.1;protein_351,GCF_016749215.1;protein_205,GCF_019974055.1;protein_387,GCF_013122055.1;protein_381,GCF_003050665.1;protein_1211
GCF_016748085.1;protein_2,GCF_002952675.1;protein_1483,GCF_002951975.1;protein_1479,GCF_002952595.1;protein_1478,GCF_001653415.1;protein_56,GCF_900638475.1;protein_155,GCF_016749215.1;protein_2,GCF_019974055.1;protein_178,GCF_013122055.1;protein_187,GCF_003050665.1;protein_978
GCF_016748085.1;protein_20,GCF_002952675.1;protein_1464,GCF_002951975.1;protein_1460,GCF_002952595.1;protein_1459,GCF_001653415.1;protein_76,GCF_900638475.1;protein_173,GCF_016749215.1;protein_22,GCF_019974055.1;protein_159,GCF_013122055.1;protein_208,GCF_003050665.1;protein_997
GCF_016748085.1;protein_200,GCF_002952675.1;protein_1241,GCF_002951975.1;protein_1236,GCF_002952595.1;protein_1236,GCF_001653415.1;protein_259,GCF_900638475.1;protein_352,GCF_016749215.1;protein_206,GCF_019974055.1;protein_388,GCF_013122055.1;protein_382,GCF_003050665.1;protein_1212
GCF_016748085.1;protein_201,GCF_002952675.1;protein_1240,GCF_002951975.1;protein_1235,GCF_002952595.1;protein_1235,GCF_001653415.1;protein_260,GCF_900638475.1;protein_353,GCF_016749215.1;protein_207,GCF_019974055.1;protein_389,GCF_013122055.1;protein_383,GCF_003050665.1;protein_1213
GCF_016748085.1;protein_202,GCF_002952675.1;protein_1239,GCF_002951975.1;protein_1234,GCF_002952595.1;protein_1234,GCF_001653415.1;protein_261,GCF_900638475.1;protein_354,GCF_016749215.1;protein_208,GCF_019974055.1;protein_390,GCF_013122055.1;protein_384,GCF_003050665.1;protein_1214
GCF_016748085.1;protein_203,GCF_002952675.1;protein_1238,GCF_002951975.1;protein_1233,GCF_002952595.1;protein_1233,GCF_001653415.1;protein_262,GCF_900638475.1;protein_355,GCF_016749215.1;protein_209,GCF_019974055.1;protein_391,GCF_013122055.1;protein_385,GCF_003050665.1;protein_1215
GCF_016748085.1;protein_205,GCF_002952675.1;protein_1237,GCF_002951975.1;protein_1232,GCF_002952595.1;protein_1232,GCF_001653415.1;protein_263,GCF_900638475.1;protein_358,GCF_016749215.1;protein_212,GCF_019974055.1;protein_394,GCF_013122055.1;protein_386,GCF_003050665.1;protein_1218
GCF_016748085.1;protein_206,GCF_002952675.1;protein_1236,GCF_002951975.1;protein_1231,GCF_002952595.1;protein_1231,GCF_001653415.1;protein_264,GCF_900638475.1;protein_359,GCF_016749215.1;protein_213,GCF_019974055.1;protein_395,GCF_013122055.1;protein_387,GCF_003050665.1;protein_1219
GCF_016748085.1;protein_207,GCF_002952675.1;protein_1235,GCF_002951975.1;protein_1230,GCF_002952595.1;protein_1230,GCF_001653415.1;protein_265,GCF_900638475.1;protein_360,GCF_016749215.1;protein_214,GCF_019974055.1;protein_396,GCF_013122055.1;protein_388,GCF_003050665.1;protein_1220
GCF_016748085.1;protein_208,GCF_002952675.1;protein_1234,GCF_002951975.1;protein_1229,GCF_002952595.1;protein_1229,GCF_001653415.1;protein_266,GCF_900638475.1;protein_361,GCF_016749215.1;protein_215,GCF_019974055.1;protein_397,GCF_013122055.1;protein_389,GCF_003050665.1;protein_1221
GCF_016748085.1;protein_209,GCF_002952675.1;protein_1233,GCF_002951975.1;protein_1228,GCF_002952595.1;protein_1228,GCF_001653415.1;protein_267,GCF_900638475.1;protein_362,GCF_016749215.1;protein_216,GCF_019974055.1;protein_398,GCF_013122055.1;protein_390,GCF_003050665.1;protein_1222
GCF_016748085.1;protein_21,GCF_002952675.1;protein_1463,GCF_002951975.1;protein_1459,GCF_002952595.1;protein_1458,GCF_001653415.1;protein_77,GCF_900638475.1;protein_174,GCF_016749215.1;protein_23,GCF_019974055.1;protein_158,GCF_013122055.1;protein_209,GCF_003050665.1;protein_998
GCF_016748085.1;protein_210,GCF_002952675.1;protein_1232,GCF_002951975.1;protein_1227,GCF_002952595.1;protein_1227,GCF_001653415.1;protein_268,GCF_900638475.1;protein_363,GCF_016749215.1;protein_217,GCF_019974055.1;protein_399,GCF_013122055.1;protein_391,GCF_003050665.1;protein_1223
GCF_016748085.1;protein_211,GCF_002952675.1;protein_1231,GCF_002951975.1;protein_1226,GCF_002952595.1;protein_1226,GCF_001653415.1;protein_269,GCF_900638475.1;protein_364,GCF_016749215.1;protein_218,GCF_019974055.1;protein_400,GCF_013122055.1;protein_392,GCF_003050665.1;protein_1224
GCF_016748085.1;protein_213,GCF_002952675.1;protein_1230,GCF_002951975.1;protein_1225,GCF_002952595.1;protein_1225,GCF_001653415.1;protein_270,GCF_900638475.1;protein_365,GCF_016749215.1;protein_219,GCF_019974055.1;protein_401,GCF_013122055.1;protein_393,GCF_003050665.1;protein_1225
GCF_016748085.1;protein_215,GCF_002952675.1;protein_1228,GCF_002951975.1;protein_1223,GCF_002952595.1;protein_1223,GCF_001653415.1;protein_272,GCF_900638475.1;protein_367,GCF_016749215.1;protein_221,GCF_019974055.1;protein_403,GCF_013122055.1;protein_395,GCF_003050665.1;protein_694
GCF_016748085.1;protein_216,GCF_002952675.1;protein_1227,GCF_002951975.1;protein_1222,GCF_002952595.1;protein_1222,GCF_001653415.1;protein_273,GCF_900638475.1;protein_368,GCF_016749215.1;protein_222,GCF_019974055.1;protein_404,GCF_013122055.1;protein_396,GCF_003050665.1;protein_693
GCF_016748085.1;protein_217,GCF_002952675.1;protein_1226,GCF_002951975.1;protein_1221,GCF_002952595.1;protein_1221,GCF_001653415.1;protein_274,GCF_900638475.1;protein_369,GCF_016749215.1;protein_223,GCF_019974055.1;protein_405,GCF_013122055.1;protein_397,GCF_003050665.1;protein_692
GCF_016748085.1;protein_218,GCF_002952675.1;protein_1225,GCF_002951975.1;protein_1220,GCF_002952595.1;protein_1220,GCF_001653415.1;protein_275,GCF_900638475.1;protein_370,GCF_016749215.1;protein_224,GCF_019974055.1;protein_406,GCF_013122055.1;protein_398,GCF_003050665.1;protein_691
GCF_016748085.1;protein_219,GCF_002952675.1;protein_1224,GCF_002951975.1;protein_1219,GCF_002952595.1;protein_1219,GCF_001653415.1;protein_276,GCF_900638475.1;protein_371,GCF_016749215.1;protein_225,GCF_019974055.1;protein_407,GCF_013122055.1;protein_399,GCF_003050665.1;protein_690
GCF_016748085.1;protein_22,GCF_002952675.1;protein_1462,GCF_002951975.1;protein_1458,GCF_002952595.1;protein_1457,GCF_001653415.1;protein_78,GCF_900638475.1;protein_175,GCF_016749215.1;protein_24,GCF_019974055.1;protein_157,GCF_013122055.1;protein_210,GCF_003050665.1;protein_999
GCF_016748085.1;protein_220,GCF_002952675.1;protein_1223,GCF_002951975.1;protein_1218,GCF_002952595.1;protein_1218,GCF_001653415.1;protein_277,GCF_900638475.1;protein_372,GCF_016749215.1;protein_226,GCF_019974055.1;protein_408,GCF_013122055.1;protein_400,GCF_003050665.1;protein_689
GCF_016748085.1;protein_221,GCF_002952675.1;protein_1222,GCF_002951975.1;protein_1217,GCF_002952595.1;protein_1217,GCF_001653415.1;protein_278,GCF_900638475.1;protein_373,GCF_016749215.1;protein_227,GCF_019974055.1;protein_409,GCF_013122055.1;protein_401,GCF_003050665.1;protein_688
GCF_016748085.1;protein_222,GCF_002952675.1;protein_1221,GCF_002951975.1;protein_1216,GCF_002952595.1;protein_1216,GCF_001653415.1;protein_279,GCF_900638475.1;protein_374,GCF_016749215.1;protein_228,GCF_019974055.1;protein_410,GCF_013122055.1;protein_402,GCF_003050665.1;protein_687
GCF_016748085.1;protein_223,GCF_002952675.1;protein_1220,GCF_002951975.1;protein_1215,GCF_002952595.1;protein_1215,GCF_001653415.1;protein_280,GCF_900638475.1;protein_375,GCF_016749215.1;protein_229,GCF_019974055.1;protein_411,GCF_013122055.1;protein_403,GCF_003050665.1;protein_686
GCF_016748085.1;protein_224,GCF_002952675.1;protein_1219,GCF_002951975.1;protein_1214,GCF_002952595.1;protein_1214,GCF_001653415.1;protein_281,GCF_900638475.1;protein_376,GCF_016749215.1;protein_230,GCF_019974055.1;protein_412,GCF_013122055.1;protein_404,GCF_003050665.1;protein_685
GCF_016748085.1;protein_225,GCF_002952675.1;protein_1218,GCF_002951975.1;protein_1213,GCF_002952595.1;protein_1213,GCF_001653415.1;protein_282,GCF_900638475.1;protein_377,GCF_016749215.1;protein_231,GCF_019974055.1;protein_413,GCF_013122055.1;protein_405,GCF_003050665.1;protein_684
GCF_016748085.1;protein_226,GCF_002952675.1;protein_1217,GCF_002951975.1;protein_1212,GCF_002952595.1;protein_1212,GCF_001653415.1;protein_283,GCF_900638475.1;protein_378,GCF_016749215.1;protein_232,GCF_019974055.1;protein_414,GCF_013122055.1;protein_406,GCF_003050665.1;protein_683
GCF_016748085.1;protein_227,GCF_002952675.1;protein_1216,GCF_002951975.1;protein_1211,GCF_002952595.1;protein_1211,GCF_001653415.1;protein_284,GCF_900638475.1;protein_379,GCF_016749215.1;protein_233,GCF_019974055.1;protein_415,GCF_013122055.1;protein_407,GCF_003050665.1;protein_682
GCF_016748085.1;protein_228,GCF_002952675.1;protein_1215,GCF_002951975.1;protein_1210,GCF_002952595.1;protein_1210,GCF_001653415.1;protein_285,GCF_900638475.1;protein_380,GCF_016749215.1;protein_234,GCF_019974055.1;protein_416,GCF_013122055.1;protein_408,GCF_003050665.1;protein_681
GCF_016748085.1;protein_229,GCF_002952675.1;protein_1214,GCF_002951975.1;protein_1209,GCF_002952595.1;protein_1209,GCF_001653415.1;protein_286,GCF_900638475.1;protein_381,GCF_016749215.1;protein_235,GCF_019974055.1;protein_417,GCF_013122055.1;protein_409,GCF_003050665.1;protein_680
GCF_016748085.1;protein_23,GCF_002952675.1;protein_1461,GCF_002951975.1;protein_1457,GCF_002952595.1;protein_1456,GCF_001653415.1;protein_79,GCF_900638475.1;protein_176,GCF_016749215.1;protein_25,GCF_019974055.1;protein_156,GCF_013122055.1;protein_211,GCF_003050665.1;protein_1000
GCF_016748085.1;protein_230,GCF_002952675.1;protein_1213,GCF_002951975.1;protein_1208,GCF_002952595.1;protein_1208,GCF_001653415.1;protein_287,GCF_900638475.1;protein_382,GCF_016749215.1;protein_236,GCF_019974055.1;protein_418,GCF_013122055.1;protein_410,GCF_003050665.1;protein_679
GCF_016748085.1;protein_231,GCF_002952675.1;protein_1212,GCF_002951975.1;protein_1207,GCF_002952595.1;protein_1207,GCF_001653415.1;protein_288,GCF_900638475.1;protein_383,GCF_016749215.1;protein_237,GCF_019974055.1;protein_419,GCF_013122055.1;protein_411,GCF_003050665.1;protein_678
GCF_016748085.1;protein_232,GCF_002952675.1;protein_1211,GCF_002951975.1;protein_1206,GCF_002952595.1;protein_1206,GCF_001653415.1;protein_289,GCF_900638475.1;protein_384,GCF_016749215.1;protein_238,GCF_019974055.1;protein_420,GCF_013122055.1;protein_412,GCF_003050665.1;protein_677
GCF_016748085.1;protein_233,GCF_002952675.1;protein_1210,GCF_002951975.1;protein_1205,GCF_002952595.1;protein_1205,GCF_001653415.1;protein_290,GCF_900638475.1;protein_385,GCF_016749215.1;protein_239,GCF_019974055.1;protein_421,GCF_013122055.1;protein_413,GCF_003050665.1;protein_676
GCF_016748085.1;protein_234,GCF_002952675.1;protein_1209,GCF_002951975.1;protein_1204,GCF_002952595.1;protein_1204,GCF_001653415.1;protein_291,GCF_900638475.1;protein_386,GCF_016749215.1;protein_240,GCF_019974055.1;protein_422,GCF_013122055.1;protein_414,GCF_003050665.1;protein_675
GCF_016748085.1;protein_235,GCF_002952675.1;protein_1208,GCF_002951975.1;protein_1203,GCF_002952595.1;protein_1203,GCF_001653415.1;protein_292,GCF_900638475.1;protein_387,GCF_016749215.1;protein_241,GCF_019974055.1;protein_423,GCF_013122055.1;protein_415,GCF_003050665.1;protein_674
GCF_016748085.1;protein_236,GCF_002952675.1;protein_1207,GCF_002951975.1;protein_1202,GCF_002952595.1;protein_1202,GCF_001653415.1;protein_293,GCF_900638475.1;protein_388,GCF_016749215.1;protein_242,GCF_019974055.1;protein_424,GCF_013122055.1;protein_416,GCF_003050665.1;protein_673
GCF_016748085.1;protein_237,GCF_002952675.1;protein_1206,GCF_002951975.1;protein_1201,GCF_002952595.1;protein_1201,GCF_001653415.1;protein_294,GCF_900638475.1;protein_389,GCF_016749215.1;protein_243,GCF_019974055.1;protein_425,GCF_013122055.1;protein_417,GCF_003050665.1;protein_672
GCF_016748085.1;protein_238,GCF_002952675.1;protein_1205,GCF_002951975.1;protein_1200,GCF_002952595.1;protein_1200,GCF_001653415.1;protein_295,GCF_900638475.1;protein_390,GCF_016749215.1;protein_244,GCF_019974055.1;protein_426,GCF_013122055.1;protein_418,GCF_003050665.1;protein_671
GCF_016748085.1;protein_239,GCF_002952675.1;protein_1204,GCF_002951975.1;protein_1199,GCF_002952595.1;protein_1199,GCF_001653415.1;protein_296,GCF_900638475.1;protein_391,GCF_016749215.1;protein_245,GCF_019974055.1;protein_427,GCF_013122055.1;protein_419,GCF_003050665.1;protein_670
GCF_016748085.1;protein_240,GCF_002952675.1;protein_1203,GCF_002951975.1;protein_1198,GCF_002952595.1;protein_1198,GCF_001653415.1;protein_297,GCF_900638475.1;protein_392,GCF_016749215.1;protein_246,GCF_019974055.1;protein_428,GCF_013122055.1;protein_420,GCF_003050665.1;protein_669
GCF_016748085.1;protein_241,GCF_002952675.1;protein_1202,GCF_002951975.1;protein_1197,GCF_002952595.1;protein_1197,GCF_001653415.1;protein_298,GCF_900638475.1;protein_393,GCF_016749215.1;protein_247,GCF_019974055.1;protein_429,GCF_013122055.1;protein_421,GCF_003050665.1;protein_668
GCF_016748085.1;protein_242,GCF_002952675.1;protein_1201,GCF_002951975.1;protein_1196,GCF_002952595.1;protein_1196,GCF_001653415.1;protein_299,GCF_900638475.1;protein_394,GCF_016749215.1;protein_248,GCF_019974055.1;protein_430,GCF_013122055.1;protein_422,GCF_003050665.1;protein_667
GCF_016748085.1;protein_243,GCF_002952675.1;protein_1200,GCF_002951975.1;protein_1195,GCF_002952595.1;protein_1195,GCF_001653415.1;protein_300,GCF_900638475.1;protein_395,GCF_016749215.1;protein_249,GCF_019974055.1;protein_431,GCF_013122055.1;protein_423,GCF_003050665.1;protein_666
GCF_016748085.1;protein_244,GCF_002952675.1;protein_1199,GCF_002951975.1;protein_1194,GCF_002952595.1;protein_1194,GCF_001653415.1;protein_301,GCF_900638475.1;protein_396,GCF_016749215.1;protein_250,GCF_019974055.1;protein_432,GCF_013122055.1;protein_424,GCF_003050665.1;protein_665
GCF_016748085.1;protein_245,GCF_002952675.1;protein_1198,GCF_002951975.1;protein_1193,GCF_002952595.1;protein_1193,GCF_001653415.1;protein_302,GCF_900638475.1;protein_397,GCF_016749215.1;protein_251,GCF_019974055.1;protein_433,GCF_013122055.1;protein_425,GCF_003050665.1;protein_664
GCF_016748085.1;protein_248,GCF_002952675.1;protein_1195,GCF_002951975.1;protein_1190,GCF_002952595.1;protein_1190,GCF_001653415.1;protein_311,GCF_900638475.1;protein_1182,GCF_016749215.1;protein_254,GCF_019974055.1;protein_436,GCF_013122055.1;protein_428,GCF_003050665.1;protein_660
GCF_016748085.1;protein_25,GCF_002952675.1;protein_1459,GCF_002951975.1;protein_1455,GCF_002952595.1;protein_1454,GCF_001653415.1;protein_82,GCF_900638475.1;protein_178,GCF_016749215.1;protein_27,GCF_019974055.1;protein_154,GCF_013122055.1;protein_213,GCF_003050665.1;protein_1002
GCF_016748085.1;protein_250,GCF_002952675.1;protein_1193,GCF_002951975.1;protein_1188,GCF_002952595.1;protein_1188,GCF_001653415.1;protein_313,GCF_900638475.1;protein_1177,GCF_016749215.1;protein_256,GCF_019974055.1;protein_438,GCF_013122055.1;protein_433,GCF_003050665.1;protein_658
GCF_016748085.1;protein_251,GCF_002952675.1;protein_1192,GCF_002951975.1;protein_1187,GCF_002952595.1;protein_1187,GCF_001653415.1;protein_314,GCF_900638475.1;protein_1176,GCF_016749215.1;protein_257,GCF_019974055.1;protein_439,GCF_013122055.1;protein_434,GCF_003050665.1;protein_657
GCF_016748085.1;protein_252,GCF_002952675.1;protein_1191,GCF_002951975.1;protein_1186,GCF_002952595.1;protein_1186,GCF_001653415.1;protein_315,GCF_900638475.1;protein_1175,GCF_016749215.1;protein_258,GCF_019974055.1;protein_440,GCF_013122055.1;protein_435,GCF_003050665.1;protein_656
GCF_016748085.1;protein_253,GCF_002952675.1;protein_1190,GCF_002951975.1;protein_1185,GCF_002952595.1;protein_1185,GCF_001653415.1;protein_316,GCF_900638475.1;protein_1174,GCF_016749215.1;protein_259,GCF_019974055.1;protein_441,GCF_013122055.1;protein_436,GCF_003050665.1;protein_655
GCF_016748085.1;protein_254,GCF_002952675.1;protein_1189,GCF_002951975.1;protein_1184,GCF_002952595.1;protein_1184,GCF_001653415.1;protein_317,GCF_900638475.1;protein_1173,GCF_016749215.1;protein_260,GCF_019974055.1;protein_442,GCF_013122055.1;protein_437,GCF_003050665.1;protein_654
GCF_016748085.1;protein_255,GCF_002952675.1;protein_1188,GCF_002951975.1;protein_1183,GCF_002952595.1;protein_1183,GCF_001653415.1;protein_318,GCF_900638475.1;protein_1172,GCF_016749215.1;protein_261,GCF_019974055.1;protein_443,GCF_013122055.1;protein_438,GCF_003050665.1;protein_653
GCF_016748085.1;protein_256,GCF_002952675.1;protein_1187,GCF_002951975.1;protein_1182,GCF_002952595.1;protein_1182,GCF_001653415.1;protein_319,GCF_900638475.1;protein_1171,GCF_016749215.1;protein_262,GCF_019974055.1;protein_444,GCF_013122055.1;protein_439,GCF_003050665.1;protein_652
GCF_016748085.1;protein_257,GCF_002952675.1;protein_1186,GCF_002951975.1;protein_1181,GCF_002952595.1;protein_1181,GCF_001653415.1;protein_320,GCF_900638475.1;protein_1170,GCF_016749215.1;protein_263,GCF_019974055.1;protein_445,GCF_013122055.1;protein_440,GCF_003050665.1;protein_651
GCF_016748085.1;protein_258,GCF_002952675.1;protein_1185,GCF_002951975.1;protein_1180,GCF_002952595.1;protein_1180,GCF_001653415.1;protein_321,GCF_900638475.1;protein_1169,GCF_016749215.1;protein_264,GCF_019974055.1;protein_446,GCF_013122055.1;protein_441,GCF_003050665.1;protein_650
GCF_016748085.1;protein_259,GCF_002952675.1;protein_1184,GCF_002951975.1;protein_1179,GCF_002952595.1;protein_1179,GCF_001653415.1;protein_322,GCF_900638475.1;protein_1168,GCF_016749215.1;protein_265,GCF_019974055.1;protein_447,GCF_013122055.1;protein_442,GCF_003050665.1;protein_649
GCF_016748085.1;protein_26,GCF_002952675.1;protein_1458,GCF_002951975.1;protein_1454,GCF_002952595.1;protein_1453,GCF_001653415.1;protein_83,GCF_900638475.1;protein_179,GCF_016749215.1;protein_28,GCF_019974055.1;protein_153,GCF_013122055.1;protein_214,GCF_003050665.1;protein_1003
GCF_016748085.1;protein_260,GCF_002952675.1;protein_1183,GCF_002951975.1;protein_1178,GCF_002952595.1;protein_1178,GCF_001653415.1;protein_323,GCF_900638475.1;protein_1167,GCF_016749215.1;protein_266,GCF_019974055.1;protein_448,GCF_013122055.1;protein_443,GCF_003050665.1;protein_648
GCF_016748085.1;protein_261,GCF_002952675.1;protein_1182,GCF_002951975.1;protein_1177,GCF_002952595.1;protein_1177,GCF_001653415.1;protein_324,GCF_900638475.1;protein_1166,GCF_016749215.1;protein_267,GCF_019974055.1;protein_449,GCF_013122055.1;protein_444,GCF_003050665.1;protein_647
GCF_016748085.1;protein_262,GCF_002952675.1;protein_1181,GCF_002951975.1;protein_1176,GCF_002952595.1;protein_1176,GCF_001653415.1;protein_325,GCF_900638475.1;protein_1165,GCF_016749215.1;protein_268,GCF_019974055.1;protein_450,GCF_013122055.1;protein_445,GCF_003050665.1;protein_646
GCF_016748085.1;protein_263,GCF_002952675.1;protein_1180,GCF_002951975.1;protein_1175,GCF_002952595.1;protein_1175,GCF_001653415.1;protein_326,GCF_900638475.1;protein_1164,GCF_016749215.1;protein_269,GCF_019974055.1;protein_451,GCF_013122055.1;protein_446,GCF_003050665.1;protein_645
GCF_016748085.1;protein_264,GCF_002952675.1;protein_1179,GCF_002951975.1;protein_1174,GCF_002952595.1;protein_1174,GCF_001653415.1;protein_327,GCF_900638475.1;protein_1163,GCF_016749215.1;protein_270,GCF_019974055.1;protein_452,GCF_013122055.1;protein_447,GCF_003050665.1;protein_644
GCF_016748085.1;protein_265,GCF_002952675.1;protein_1178,GCF_002951975.1;protein_1173,GCF_002952595.1;protein_1173,GCF_001653415.1;protein_328,GCF_900638475.1;protein_1162,GCF_016749215.1;protein_271,GCF_019974055.1;protein_453,GCF_013122055.1;protein_448,GCF_003050665.1;protein_643
GCF_016748085.1;protein_266,GCF_002952675.1;protein_1177,GCF_002951975.1;protein_1172,GCF_002952595.1;protein_1172,GCF_001653415.1;protein_329,GCF_900638475.1;protein_1161,GCF_016749215.1;protein_272,GCF_019974055.1;protein_454,GCF_013122055.1;protein_449,GCF_003050665.1;protein_642
GCF_016748085.1;protein_267,GCF_002952675.1;protein_1176,GCF_002951975.1;protein_1171,GCF_002952595.1;protein_1171,GCF_001653415.1;protein_330,GCF_900638475.1;protein_1160,GCF_016749215.1;protein_273,GCF_019974055.1;protein_455,GCF_013122055.1;protein_450,GCF_003050665.1;protein_641
GCF_016748085.1;protein_268,GCF_002952675.1;protein_1175,GCF_002951975.1;protein_1170,GCF_002952595.1;protein_1170,GCF_001653415.1;protein_331,GCF_900638475.1;protein_1159,GCF_016749215.1;protein_274,GCF_019974055.1;protein_456,GCF_013122055.1;protein_451,GCF_003050665.1;protein_640
GCF_016748085.1;protein_269,GCF_002952675.1;protein_1174,GCF_002951975.1;protein_1169,GCF_002952595.1;protein_1169,GCF_001653415.1;protein_332,GCF_900638475.1;protein_1158,GCF_016749215.1;protein_275,GCF_019974055.1;protein_457,GCF_013122055.1;protein_452,GCF_003050665.1;protein_639
GCF_016748085.1;protein_27,GCF_002952675.1;protein_1457,GCF_002951975.1;protein_1453,GCF_002952595.1;protein_1452,GCF_001653415.1;protein_84,GCF_900638475.1;protein_180,GCF_016749215.1;protein_29,GCF_019974055.1;protein_152,GCF_013122055.1;protein_215,GCF_003050665.1;protein_1004
GCF_016748085.1;protein_270,GCF_002952675.1;protein_1173,GCF_002951975.1;protein_1168,GCF_002952595.1;protein_1168,GCF_001653415.1;protein_333,GCF_900638475.1;protein_1157,GCF_016749215.1;protein_276,GCF_019974055.1;protein_458,GCF_013122055.1;protein_453,GCF_003050665.1;protein_638
GCF_016748085.1;protein_271,GCF_002952675.1;protein_1172,GCF_002951975.1;protein_1167,GCF_002952595.1;protein_1167,GCF_001653415.1;protein_334,GCF_900638475.1;protein_1156,GCF_016749215.1;protein_277,GCF_019974055.1;protein_459,GCF_013122055.1;protein_454,GCF_003050665.1;protein_637
GCF_016748085.1;protein_272,GCF_002952675.1;protein_1171,GCF_002951975.1;protein_1166,GCF_002952595.1;protein_1166,GCF_001653415.1;protein_335,GCF_900638475.1;protein_1155,GCF_016749215.1;protein_278,GCF_019974055.1;protein_460,GCF_013122055.1;protein_455,GCF_003050665.1;protein_636
GCF_016748085.1;protein_273,GCF_002952675.1;protein_1170,GCF_002951975.1;protein_1165,GCF_002952595.1;protein_1165,GCF_001653415.1;protein_336,GCF_900638475.1;protein_1154,GCF_016749215.1;protein_279,GCF_019974055.1;protein_461,GCF_013122055.1;protein_456,GCF_003050665.1;protein_635
GCF_016748085.1;protein_274,GCF_002952675.1;protein_1169,GCF_002951975.1;protein_1164,GCF_002952595.1;protein_1164,GCF_001653415.1;protein_337,GCF_900638475.1;protein_1153,GCF_016749215.1;protein_280,GCF_019974055.1;protein_462,GCF_013122055.1;protein_457,GCF_003050665.1;protein_634
GCF_016748085.1;protein_276,GCF_002952675.1;protein_1167,GCF_002951975.1;protein_1162,GCF_002952595.1;protein_1162,GCF_001653415.1;protein_339,GCF_900638475.1;protein_1151,GCF_016749215.1;protein_282,GCF_019974055.1;protein_464,GCF_013122055.1;protein_459,GCF_003050665.1;protein_632
GCF_016748085.1;protein_277,GCF_002952675.1;protein_1166,GCF_002951975.1;protein_1161,GCF_002952595.1;protein_1161,GCF_001653415.1;protein_340,GCF_900638475.1;protein_1150,GCF_016749215.1;protein_283,GCF_019974055.1;protein_465,GCF_013122055.1;protein_460,GCF_003050665.1;protein_631
GCF_016748085.1;protein_278,GCF_002952675.1;protein_1165,GCF_002951975.1;protein_1160,GCF_002952595.1;protein_1160,GCF_001653415.1;protein_341,GCF_900638475.1;protein_1149,GCF_016749215.1;protein_284,GCF_019974055.1;protein_466,GCF_013122055.1;protein_461,GCF_003050665.1;protein_630
GCF_016748085.1;protein_279,GCF_002952675.1;protein_1164,GCF_002951975.1;protein_1159,GCF_002952595.1;protein_1159,GCF_001653415.1;protein_342,GCF_900638475.1;protein_1148,GCF_016749215.1;protein_285,GCF_019974055.1;protein_467,GCF_013122055.1;protein_462,GCF_003050665.1;protein_629
GCF_016748085.1;protein_28,GCF_002952675.1;protein_1456,GCF_002951975.1;protein_1452,GCF_002952595.1;protein_1451,GCF_001653415.1;protein_85,GCF_900638475.1;protein_181,GCF_016749215.1;protein_30,GCF_019974055.1;protein_151,GCF_013122055.1;protein_216,GCF_003050665.1;protein_1005
GCF_016748085.1;protein_281,GCF_002952675.1;protein_1162,GCF_002951975.1;protein_1157,GCF_002952595.1;protein_1157,GCF_001653415.1;protein_344,GCF_900638475.1;protein_1146,GCF_016749215.1;protein_287,GCF_019974055.1;protein_469,GCF_013122055.1;protein_467,GCF_003050665.1;protein_627
GCF_016748085.1;protein_282,GCF_002952675.1;protein_1161,GCF_002951975.1;protein_1156,GCF_002952595.1;protein_1156,GCF_001653415.1;protein_346,GCF_900638475.1;protein_1145,GCF_016749215.1;protein_288,GCF_019974055.1;protein_470,GCF_013122055.1;protein_468,GCF_003050665.1;protein_626
GCF_016748085.1;protein_283,GCF_002952675.1;protein_1160,GCF_002951975.1;protein_1155,GCF_002952595.1;protein_1155,GCF_001653415.1;protein_347,GCF_900638475.1;protein_1144,GCF_016749215.1;protein_289,GCF_019974055.1;protein_471,GCF_013122055.1;protein_469,GCF_003050665.1;protein_625
GCF_016748085.1;protein_284,GCF_002952675.1;protein_1159,GCF_002951975.1;protein_1154,GCF_002952595.1;protein_1154,GCF_001653415.1;protein_348,GCF_900638475.1;protein_1143,GCF_016749215.1;protein_290,GCF_019974055.1;protein_472,GCF_013122055.1;protein_470,GCF_003050665.1;protein_624
GCF_016748085.1;protein_285,GCF_002952675.1;protein_1158,GCF_002951975.1;protein_1153,GCF_002952595.1;protein_1153,GCF_001653415.1;protein_349,GCF_900638475.1;protein_1142,GCF_016749215.1;protein_291,GCF_019974055.1;protein_473,GCF_013122055.1;protein_471,GCF_003050665.1;protein_623
GCF_016748085.1;protein_286,GCF_002952675.1;protein_1157,GCF_002951975.1;protein_1152,GCF_002952595.1;protein_1152,GCF_001653415.1;protein_350,GCF_900638475.1;protein_1141,GCF_016749215.1;protein_292,GCF_019974055.1;protein_474,GCF_013122055.1;protein_472,GCF_003050665.1;protein_622
GCF_016748085.1;protein_287,GCF_002952675.1;protein_1156,GCF_002951975.1;protein_1151,GCF_002952595.1;protein_1151,GCF_001653415.1;protein_351,GCF_900638475.1;protein_1140,GCF_016749215.1;protein_293,GCF_019974055.1;protein_475,GCF_013122055.1;protein_473,GCF_003050665.1;protein_621
GCF_016748085.1;protein_288,GCF_002952675.1;protein_1155,GCF_002951975.1;protein_1150,GCF_002952595.1;protein_1150,GCF_001653415.1;protein_352,GCF_900638475.1;protein_1139,GCF_016749215.1;protein_294,GCF_019974055.1;protein_476,GCF_013122055.1;protein_474,GCF_003050665.1;protein_620
GCF_016748085.1;protein_289,GCF_002952675.1;protein_1154,GCF_002951975.1;protein_1149,GCF_002952595.1;protein_1149,GCF_001653415.1;protein_353,GCF_900638475.1;protein_1138,GCF_016749215.1;protein_295,GCF_019974055.1;protein_477,GCF_013122055.1;protein_475,GCF_003050665.1;protein_619
GCF_016748085.1;protein_29,GCF_002952675.1;protein_1455,GCF_002951975.1;protein_1451,GCF_002952595.1;protein_1450,GCF_001653415.1;protein_86,GCF_900638475.1;protein_182,GCF_016749215.1;protein_31,GCF_019974055.1;protein_150,GCF_013122055.1;protein_217,GCF_003050665.1;protein_1006
GCF_016748085.1;protein_290,GCF_002952675.1;protein_1153,GCF_002951975.1;protein_1148,GCF_002952595.1;protein_1148,GCF_001653415.1;protein_354,GCF_900638475.1;protein_1137,GCF_016749215.1;protein_296,GCF_019974055.1;protein_478,GCF_013122055.1;protein_476,GCF_003050665.1;protein_618
GCF_016748085.1;protein_291,GCF_002952675.1;protein_1152,GCF_002951975.1;protein_1147,GCF_002952595.1;protein_1147,GCF_001653415.1;protein_355,GCF_900638475.1;protein_1136,GCF_016749215.1;protein_297,GCF_019974055.1;protein_479,GCF_013122055.1;protein_477,GCF_003050665.1;protein_617
GCF_016748085.1;protein_292,GCF_002952675.1;protein_1151,GCF_002951975.1;protein_1146,GCF_002952595.1;protein_1146,GCF_001653415.1;protein_356,GCF_900638475.1;protein_1135,GCF_016749215.1;protein_298,GCF_019974055.1;protein_480,GCF_013122055.1;protein_478,GCF_003050665.1;protein_616
GCF_016748085.1;protein_293,GCF_002952675.1;protein_1150,GCF_002951975.1;protein_1145,GCF_002952595.1;protein_1145,GCF_001653415.1;protein_357,GCF_900638475.1;protein_1134,GCF_016749215.1;protein_299,GCF_019974055.1;protein_481,GCF_013122055.1;protein_479,GCF_003050665.1;protein_615
GCF_016748085.1;protein_294,GCF_002952675.1;protein_1149,GCF_002951975.1;protein_1144,GCF_002952595.1;protein_1144,GCF_001653415.1;protein_358,GCF_900638475.1;protein_1133,GCF_016749215.1;protein_300,GCF_019974055.1;protein_482,GCF_013122055.1;protein_480,GCF_003050665.1;protein_614
GCF_016748085.1;protein_295,GCF_002952675.1;protein_1148,GCF_002951975.1;protein_1143,GCF_002952595.1;protein_1143,GCF_001653415.1;protein_359,GCF_900638475.1;protein_1132,GCF_016749215.1;protein_301,GCF_019974055.1;protein_483,GCF_013122055.1;protein_481,GCF_003050665.1;protein_613
GCF_016748085.1;protein_296,GCF_002952675.1;protein_1147,GCF_002951975.1;protein_1142,GCF_002952595.1;protein_1142,GCF_001653415.1;protein_360,GCF_900638475.1;protein_1131,GCF_016749215.1;protein_302,GCF_019974055.1;protein_484,GCF_013122055.1;protein_482,GCF_003050665.1;protein_612
GCF_016748085.1;protein_297,GCF_002952675.1;protein_1146,GCF_002951975.1;protein_1141,GCF_002952595.1;protein_1141,GCF_001653415.1;protein_363,GCF_900638475.1;protein_1128,GCF_016749215.1;protein_305,GCF_019974055.1;protein_489,GCF_013122055.1;protein_483,GCF_003050665.1;protein_609
GCF_016748085.1;protein_298,GCF_002952675.1;protein_1145,GCF_002951975.1;protein_1140,GCF_002952595.1;protein_1140,GCF_001653415.1;protein_364,GCF_900638475.1;protein_1127,GCF_016749215.1;protein_306,GCF_019974055.1;protein_490,GCF_013122055.1;protein_484,GCF_003050665.1;protein_608
GCF_016748085.1;protein_299,GCF_002952675.1;protein_1144,GCF_002951975.1;protein_1139,GCF_002952595.1;protein_1139,GCF_001653415.1;protein_365,GCF_900638475.1;protein_1126,GCF_016749215.1;protein_307,GCF_019974055.1;protein_491,GCF_013122055.1;protein_485,GCF_003050665.1;protein_607
GCF_016748085.1;protein_3,GCF_002952675.1;protein_1482,GCF_002951975.1;protein_1478,GCF_002952595.1;protein_1477,GCF_001653415.1;protein_57,GCF_900638475.1;protein_156,GCF_016749215.1;protein_3,GCF_019974055.1;protein_177,GCF_013122055.1;protein_188,GCF_003050665.1;protein_979
GCF_016748085.1;protein_30,GCF_002952675.1;protein_1454,GCF_002951975.1;protein_1450,GCF_002952595.1;protein_1449,GCF_001653415.1;protein_87,GCF_900638475.1;protein_183,GCF_016749215.1;protein_32,GCF_019974055.1;protein_149,GCF_013122055.1;protein_218,GCF_003050665.1;protein_1007
GCF_016748085.1;protein_300,GCF_002952675.1;protein_1143,GCF_002951975.1;protein_1138,GCF_002952595.1;protein_1138,GCF_001653415.1;protein_368,GCF_900638475.1;protein_1119,GCF_016749215.1;protein_311,GCF_019974055.1;protein_497,GCF_013122055.1;protein_486,GCF_003050665.1;protein_603
GCF_016748085.1;protein_301,GCF_002952675.1;protein_1142,GCF_002951975.1;protein_1137,GCF_002952595.1;protein_1137,GCF_001653415.1;protein_369,GCF_900638475.1;protein_1118,GCF_016749215.1;protein_312,GCF_019974055.1;protein_498,GCF_013122055.1;protein_487,GCF_003050665.1;protein_602
GCF_016748085.1;protein_302,GCF_002952675.1;protein_1141,GCF_002951975.1;protein_1136,GCF_002952595.1;protein_1136,GCF_001653415.1;protein_370,GCF_900638475.1;protein_1117,GCF_016749215.1;protein_313,GCF_019974055.1;protein_499,GCF_013122055.1;protein_488,GCF_003050665.1;protein_601
GCF_016748085.1;protein_303,GCF_002952675.1;protein_1140,GCF_002951975.1;protein_1135,GCF_002952595.1;protein_1135,GCF_001653415.1;protein_371,GCF_900638475.1;protein_1116,GCF_016749215.1;protein_314,GCF_019974055.1;protein_500,GCF_013122055.1;protein_489,GCF_003050665.1;protein_600
GCF_016748085.1;protein_305,GCF_002952675.1;protein_1138,GCF_002951975.1;protein_1133,GCF_002952595.1;protein_1133,GCF_001653415.1;protein_373,GCF_900638475.1;protein_1114,GCF_016749215.1;protein_316,GCF_019974055.1;protein_502,GCF_013122055.1;protein_491,GCF_003050665.1;protein_598
GCF_016748085.1;protein_306,GCF_002952675.1;protein_1137,GCF_002951975.1;protein_1132,GCF_002952595.1;protein_1132,GCF_001653415.1;protein_374,GCF_900638475.1;protein_1113,GCF_016749215.1;protein_317,GCF_019974055.1;protein_503,GCF_013122055.1;protein_492,GCF_003050665.1;protein_597
GCF_016748085.1;protein_307,GCF_002952675.1;protein_1136,GCF_002951975.1;protein_1131,GCF_002952595.1;protein_1131,GCF_001653415.1;protein_375,GCF_900638475.1;protein_1112,GCF_016749215.1;protein_318,GCF_019974055.1;protein_504,GCF_013122055.1;protein_493,GCF_003050665.1;protein_596
GCF_016748085.1;protein_308,GCF_002952675.1;protein_1135,GCF_002951975.1;protein_1130,GCF_002952595.1;protein_1130,GCF_001653415.1;protein_376,GCF_900638475.1;protein_1111,GCF_016749215.1;protein_319,GCF_019974055.1;protein_505,GCF_013122055.1;protein_494,GCF_003050665.1;protein_595
GCF_016748085.1;protein_309,GCF_002952675.1;protein_1134,GCF_002951975.1;protein_1129,GCF_002952595.1;protein_1129,GCF_001653415.1;protein_377,GCF_900638475.1;protein_1110,GCF_016749215.1;protein_320,GCF_019974055.1;protein_506,GCF_013122055.1;protein_495,GCF_003050665.1;protein_594
GCF_016748085.1;protein_31,GCF_002952675.1;protein_1453,GCF_002951975.1;protein_1449,GCF_002952595.1;protein_1448,GCF_001653415.1;protein_88,GCF_900638475.1;protein_184,GCF_016749215.1;protein_33,GCF_019974055.1;protein_148,GCF_013122055.1;protein_219,GCF_003050665.1;protein_1008
GCF_016748085.1;protein_310,GCF_002952675.1;protein_1133,GCF_002951975.1;protein_1128,GCF_002952595.1;protein_1128,GCF_001653415.1;protein_378,GCF_900638475.1;protein_1109,GCF_016749215.1;protein_321,GCF_019974055.1;protein_507,GCF_013122055.1;protein_496,GCF_003050665.1;protein_593
GCF_016748085.1;protein_311,GCF_002952675.1;protein_1132,GCF_002951975.1;protein_1127,GCF_002952595.1;protein_1127,GCF_001653415.1;protein_379,GCF_900638475.1;protein_1108,GCF_016749215.1;protein_322,GCF_019974055.1;protein_508,GCF_013122055.1;protein_497,GCF_003050665.1;protein_592
GCF_016748085.1;protein_312,GCF_002952675.1;protein_1131,GCF_002951975.1;protein_1126,GCF_002952595.1;protein_1126,GCF_001653415.1;protein_380,GCF_900638475.1;protein_1107,GCF_016749215.1;protein_323,GCF_019974055.1;protein_509,GCF_013122055.1;protein_498,GCF_003050665.1;protein_591
GCF_016748085.1;protein_313,GCF_002952675.1;protein_1130,GCF_002951975.1;protein_1125,GCF_002952595.1;protein_1125,GCF_001653415.1;protein_381,GCF_900638475.1;protein_1106,GCF_016749215.1;protein_324,GCF_019974055.1;protein_510,GCF_013122055.1;protein_499,GCF_003050665.1;protein_590
GCF_016748085.1;protein_314,GCF_002952675.1;protein_1129,GCF_002951975.1;protein_1124,GCF_002952595.1;protein_1124,GCF_001653415.1;protein_382,GCF_900638475.1;protein_1105,GCF_016749215.1;protein_325,GCF_019974055.1;protein_511,GCF_013122055.1;protein_500,GCF_003050665.1;protein_589
GCF_016748085.1;protein_315,GCF_002952675.1;protein_1128,GCF_002951975.1;protein_1123,GCF_002952595.1;protein_1123,GCF_001653415.1;protein_383,GCF_900638475.1;protein_1104,GCF_016749215.1;protein_326,GCF_019974055.1;protein_512,GCF_013122055.1;protein_501,GCF_003050665.1;protein_588
GCF_016748085.1;protein_316,GCF_002952675.1;protein_1127,GCF_002951975.1;protein_1122,GCF_002952595.1;protein_1122,GCF_001653415.1;protein_384,GCF_900638475.1;protein_1103,GCF_016749215.1;protein_327,GCF_019974055.1;protein_513,GCF_013122055.1;protein_502,GCF_003050665.1;protein_587
GCF_016748085.1;protein_317,GCF_002952675.1;protein_1126,GCF_002951975.1;protein_1121,GCF_002952595.1;protein_1121,GCF_001653415.1;protein_385,GCF_900638475.1;protein_1102,GCF_016749215.1;protein_328,GCF_019974055.1;protein_514,GCF_013122055.1;protein_503,GCF_003050665.1;protein_586
GCF_016748085.1;protein_32,GCF_002952675.1;protein_1452,GCF_002951975.1;protein_1448,GCF_002952595.1;protein_1447,GCF_001653415.1;protein_89,GCF_900638475.1;protein_185,GCF_016749215.1;protein_34,GCF_019974055.1;protein_147,GCF_013122055.1;protein_220,GCF_003050665.1;protein_1009
GCF_016748085.1;protein_320,GCF_002952675.1;protein_1123,GCF_002951975.1;protein_1118,GCF_002952595.1;protein_1118,GCF_001653415.1;protein_388,GCF_900638475.1;protein_1099,GCF_016749215.1;protein_331,GCF_019974055.1;protein_517,GCF_013122055.1;protein_506,GCF_003050665.1;protein_583
GCF_016748085.1;protein_328,GCF_002952675.1;protein_1122,GCF_002951975.1;protein_1117,GCF_002952595.1;protein_1117,GCF_001653415.1;protein_389,GCF_900638475.1;protein_1098,GCF_016749215.1;protein_332,GCF_019974055.1;protein_518,GCF_013122055.1;protein_507,GCF_003050665.1;protein_582
GCF_016748085.1;protein_329,GCF_002952675.1;protein_1121,GCF_002951975.1;protein_1116,GCF_002952595.1;protein_1116,GCF_001653415.1;protein_390,GCF_900638475.1;protein_1097,GCF_016749215.1;protein_333,GCF_019974055.1;protein_519,GCF_013122055.1;protein_508,GCF_003050665.1;protein_581
GCF_016748085.1;protein_33,GCF_002952675.1;protein_1451,GCF_002951975.1;protein_1447,GCF_002952595.1;protein_1446,GCF_001653415.1;protein_90,GCF_900638475.1;protein_186,GCF_016749215.1;protein_35,GCF_019974055.1;protein_146,GCF_013122055.1;protein_221,GCF_003050665.1;protein_1010
GCF_016748085.1;protein_330,GCF_002952675.1;protein_1120,GCF_002951975.1;protein_1115,GCF_002952595.1;protein_1115,GCF_001653415.1;protein_391,GCF_900638475.1;protein_1096,GCF_016749215.1;protein_334,GCF_019974055.1;protein_520,GCF_013122055.1;protein_509,GCF_003050665.1;protein_580
GCF_016748085.1;protein_331,GCF_002952675.1;protein_1119,GCF_002951975.1;protein_1114,GCF_002952595.1;protein_1114,GCF_001653415.1;protein_392,GCF_900638475.1;protein_1095,GCF_016749215.1;protein_335,GCF_019974055.1;protein_521,GCF_013122055.1;protein_510,GCF_003050665.1;protein_579
GCF_016748085.1;protein_332,GCF_002952675.1;protein_1118,GCF_002951975.1;protein_1113,GCF_002952595.1;protein_1113,GCF_001653415.1;protein_393,GCF_900638475.1;protein_1094,GCF_016749215.1;protein_336,GCF_019974055.1;protein_522,GCF_013122055.1;protein_511,GCF_003050665.1;protein_578
GCF_016748085.1;protein_333,GCF_002952675.1;protein_1117,GCF_002951975.1;protein_1112,GCF_002952595.1;protein_1112,GCF_001653415.1;protein_394,GCF_900638475.1;protein_1093,GCF_016749215.1;protein_337,GCF_019974055.1;protein_523,GCF_013122055.1;protein_512,GCF_003050665.1;protein_577
GCF_016748085.1;protein_334,GCF_002952675.1;protein_1116,GCF_002951975.1;protein_1111,GCF_002952595.1;protein_1111,GCF_001653415.1;protein_395,GCF_900638475.1;protein_1092,GCF_016749215.1;protein_338,GCF_019974055.1;protein_524,GCF_013122055.1;protein_513,GCF_003050665.1;protein_576
GCF_016748085.1;protein_335,GCF_002952675.1;protein_1115,GCF_002951975.1;protein_1110,GCF_002952595.1;protein_1110,GCF_001653415.1;protein_396,GCF_900638475.1;protein_1091,GCF_016749215.1;protein_339,GCF_019974055.1;protein_525,GCF_013122055.1;protein_514,GCF_003050665.1;protein_575
GCF_016748085.1;protein_336,GCF_002952675.1;protein_1114,GCF_002951975.1;protein_1109,GCF_002952595.1;protein_1109,GCF_001653415.1;protein_397,GCF_900638475.1;protein_1090,GCF_016749215.1;protein_340,GCF_019974055.1;protein_526,GCF_013122055.1;protein_515,GCF_003050665.1;protein_574
GCF_016748085.1;protein_339,GCF_002952675.1;protein_1110,GCF_002951975.1;protein_1105,GCF_002952595.1;protein_1105,GCF_001653415.1;protein_402,GCF_900638475.1;protein_1085,GCF_016749215.1;protein_344,GCF_019974055.1;protein_530,GCF_013122055.1;protein_519,GCF_003050665.1;protein_570
GCF_016748085.1;protein_34,GCF_002952675.1;protein_1450,GCF_002951975.1;protein_1446,GCF_002952595.1;protein_1445,GCF_001653415.1;protein_91,GCF_900638475.1;protein_187,GCF_016749215.1;protein_36,GCF_019974055.1;protein_145,GCF_013122055.1;protein_222,GCF_003050665.1;protein_1011
GCF_016748085.1;protein_340,GCF_002952675.1;protein_1109,GCF_002951975.1;protein_1104,GCF_002952595.1;protein_1104,GCF_001653415.1;protein_403,GCF_900638475.1;protein_1084,GCF_016749215.1;protein_345,GCF_019974055.1;protein_531,GCF_013122055.1;protein_520,GCF_003050665.1;protein_569
GCF_016748085.1;protein_341,GCF_002952675.1;protein_1108,GCF_002951975.1;protein_1103,GCF_002952595.1;protein_1103,GCF_001653415.1;protein_404,GCF_900638475.1;protein_1083,GCF_016749215.1;protein_346,GCF_019974055.1;protein_532,GCF_013122055.1;protein_523,GCF_003050665.1;protein_568
GCF_016748085.1;protein_342,GCF_002952675.1;protein_1107,GCF_002951975.1;protein_1102,GCF_002952595.1;protein_1102,GCF_001653415.1;protein_405,GCF_900638475.1;protein_1082,GCF_016749215.1;protein_347,GCF_019974055.1;protein_533,GCF_013122055.1;protein_524,GCF_003050665.1;protein_567
GCF_016748085.1;protein_343,GCF_002952675.1;protein_1106,GCF_002951975.1;protein_1101,GCF_002952595.1;protein_1101,GCF_001653415.1;protein_406,GCF_900638475.1;protein_1081,GCF_016749215.1;protein_348,GCF_019974055.1;protein_534,GCF_013122055.1;protein_525,GCF_003050665.1;protein_566
GCF_016748085.1;protein_344,GCF_002952675.1;protein_1105,GCF_002951975.1;protein_1100,GCF_002952595.1;protein_1100,GCF_001653415.1;protein_407,GCF_900638475.1;protein_1080,GCF_016749215.1;protein_349,GCF_019974055.1;protein_535,GCF_013122055.1;protein_526,GCF_003050665.1;protein_565
GCF_016748085.1;protein_345,GCF_002952675.1;protein_1104,GCF_002951975.1;protein_1099,GCF_002952595.1;protein_1099,GCF_001653415.1;protein_408,GCF_900638475.1;protein_1079,GCF_016749215.1;protein_350,GCF_019974055.1;protein_536,GCF_013122055.1;protein_527,GCF_003050665.1;protein_564
GCF_016748085.1;protein_346,GCF_002952675.1;protein_1103,GCF_002951975.1;protein_1098,GCF_002952595.1;protein_1098,GCF_001653415.1;protein_409,GCF_900638475.1;protein_1078,GCF_016749215.1;protein_351,GCF_019974055.1;protein_537,GCF_013122055.1;protein_528,GCF_003050665.1;protein_563
GCF_016748085.1;protein_347,GCF_002952675.1;protein_1102,GCF_002951975.1;protein_1097,GCF_002952595.1;protein_1097,GCF_001653415.1;protein_410,GCF_900638475.1;protein_1077,GCF_016749215.1;protein_352,GCF_019974055.1;protein_538,GCF_013122055.1;protein_529,GCF_003050665.1;protein_562
GCF_016748085.1;protein_348,GCF_002952675.1;protein_1101,GCF_002951975.1;protein_1096,GCF_002952595.1;protein_1096,GCF_001653415.1;protein_411,GCF_900638475.1;protein_1076,GCF_016749215.1;protein_353,GCF_019974055.1;protein_539,GCF_013122055.1;protein_530,GCF_003050665.1;protein_561
GCF_016748085.1;protein_349,GCF_002952675.1;protein_1100,GCF_002951975.1;protein_1095,GCF_002952595.1;protein_1095,GCF_001653415.1;protein_412,GCF_900638475.1;protein_1075,GCF_016749215.1;protein_354,GCF_019974055.1;protein_540,GCF_013122055.1;protein_531,GCF_003050665.1;protein_560
GCF_016748085.1;protein_35,GCF_002952675.1;protein_1449,GCF_002951975.1;protein_1445,GCF_002952595.1;protein_1444,GCF_001653415.1;protein_92,GCF_900638475.1;protein_188,GCF_016749215.1;protein_37,GCF_019974055.1;protein_144,GCF_013122055.1;protein_223,GCF_003050665.1;protein_1012
GCF_016748085.1;protein_350,GCF_002952675.1;protein_1099,GCF_002951975.1;protein_1094,GCF_002952595.1;protein_1094,GCF_001653415.1;protein_413,GCF_900638475.1;protein_1074,GCF_016749215.1;protein_355,GCF_019974055.1;protein_541,GCF_013122055.1;protein_532,GCF_003050665.1;protein_559
GCF_016748085.1;protein_351,GCF_002952675.1;protein_1098,GCF_002951975.1;protein_1093,GCF_002952595.1;protein_1093,GCF_001653415.1;protein_414,GCF_900638475.1;protein_1073,GCF_016749215.1;protein_356,GCF_019974055.1;protein_542,GCF_013122055.1;protein_533,GCF_003050665.1;protein_558
GCF_016748085.1;protein_352,GCF_002952675.1;protein_1095,GCF_002951975.1;protein_1090,GCF_002952595.1;protein_1090,GCF_001653415.1;protein_417,GCF_900638475.1;protein_1070,GCF_016749215.1;protein_357,GCF_019974055.1;protein_753,GCF_013122055.1;protein_536,GCF_003050665.1;protein_553
GCF_016748085.1;protein_353,GCF_002952675.1;protein_1094,GCF_002951975.1;protein_1089,GCF_002952595.1;protein_1089,GCF_001653415.1;protein_418,GCF_900638475.1;protein_1069,GCF_016749215.1;protein_358,GCF_019974055.1;protein_754,GCF_013122055.1;protein_537,GCF_003050665.1;protein_552
GCF_016748085.1;protein_354,GCF_002952675.1;protein_1093,GCF_002951975.1;protein_1088,GCF_002952595.1;protein_1088,GCF_001653415.1;protein_419,GCF_900638475.1;protein_1068,GCF_016749215.1;protein_359,GCF_019974055.1;protein_755,GCF_013122055.1;protein_538,GCF_003050665.1;protein_551
GCF_016748085.1;protein_356,GCF_002952675.1;protein_1091,GCF_002951975.1;protein_1086,GCF_002952595.1;protein_1086,GCF_001653415.1;protein_421,GCF_900638475.1;protein_1066,GCF_016749215.1;protein_360,GCF_019974055.1;protein_757,GCF_013122055.1;protein_540,GCF_003050665.1;protein_549
GCF_016748085.1;protein_357,GCF_002952675.1;protein_1090,GCF_002951975.1;protein_1085,GCF_002952595.1;protein_1085,GCF_001653415.1;protein_422,GCF_900638475.1;protein_1065,GCF_016749215.1;protein_361,GCF_019974055.1;protein_758,GCF_013122055.1;protein_541,GCF_003050665.1;protein_548
GCF_016748085.1;protein_358,GCF_002952675.1;protein_1089,GCF_002951975.1;protein_1084,GCF_002952595.1;protein_1084,GCF_001653415.1;protein_423,GCF_900638475.1;protein_1064,GCF_016749215.1;protein_362,GCF_019974055.1;protein_759,GCF_013122055.1;protein_542,GCF_003050665.1;protein_547
GCF_016748085.1;protein_359,GCF_002952675.1;protein_1088,GCF_002951975.1;protein_1083,GCF_002952595.1;protein_1083,GCF_001653415.1;protein_424,GCF_900638475.1;protein_1063,GCF_016749215.1;protein_363,GCF_019974055.1;protein_760,GCF_013122055.1;protein_543,GCF_003050665.1;protein_546
GCF_016748085.1;protein_36,GCF_002952675.1;protein_1448,GCF_002951975.1;protein_1444,GCF_002952595.1;protein_1443,GCF_001653415.1;protein_93,GCF_900638475.1;protein_189,GCF_016749215.1;protein_38,GCF_019974055.1;protein_143,GCF_013122055.1;protein_224,GCF_003050665.1;protein_1013
GCF_016748085.1;protein_360,GCF_002952675.1;protein_1087,GCF_002951975.1;protein_1082,GCF_002952595.1;protein_1082,GCF_001653415.1;protein_425,GCF_900638475.1;protein_1062,GCF_016749215.1;protein_364,GCF_019974055.1;protein_761,GCF_013122055.1;protein_544,GCF_003050665.1;protein_545
GCF_016748085.1;protein_37,GCF_002952675.1;protein_1447,GCF_002951975.1;protein_1443,GCF_002952595.1;protein_1442,GCF_001653415.1;protein_94,GCF_900638475.1;protein_190,GCF_016749215.1;protein_39,GCF_019974055.1;protein_142,GCF_013122055.1;protein_225,GCF_003050665.1;protein_1014
GCF_016748085.1;protein_38,GCF_002952675.1;protein_1446,GCF_002951975.1;protein_1442,GCF_002952595.1;protein_1441,GCF_001653415.1;protein_95,GCF_900638475.1;protein_191,GCF_016749215.1;protein_40,GCF_019974055.1;protein_141,GCF_013122055.1;protein_226,GCF_003050665.1;protein_1015
GCF_016748085.1;protein_39,GCF_002952675.1;protein_1445,GCF_002951975.1;protein_1441,GCF_002952595.1;protein_1440,GCF_001653415.1;protein_98,GCF_900638475.1;protein_193,GCF_016749215.1;protein_42,GCF_019974055.1;protein_140,GCF_013122055.1;protein_227,GCF_003050665.1;protein_1017
GCF_016748085.1;protein_390,GCF_002952675.1;protein_1072,GCF_002951975.1;protein_1067,GCF_002952595.1;protein_1067,GCF_001653415.1;protein_440,GCF_900638475.1;protein_1047,GCF_016749215.1;protein_379,GCF_019974055.1;protein_776,GCF_013122055.1;protein_559,GCF_003050665.1;protein_530
GCF_016748085.1;protein_391,GCF_002952675.1;protein_1071,GCF_002951975.1;protein_1066,GCF_002952595.1;protein_1066,GCF_001653415.1;protein_441,GCF_900638475.1;protein_1046,GCF_016749215.1;protein_380,GCF_019974055.1;protein_777,GCF_013122055.1;protein_560,GCF_003050665.1;protein_529
GCF_016748085.1;protein_392,GCF_002952675.1;protein_1070,GCF_002951975.1;protein_1065,GCF_002952595.1;protein_1065,GCF_001653415.1;protein_442,GCF_900638475.1;protein_1045,GCF_016749215.1;protein_381,GCF_019974055.1;protein_778,GCF_013122055.1;protein_561,GCF_003050665.1;protein_528
GCF_016748085.1;protein_393,GCF_002952675.1;protein_1069,GCF_002951975.1;protein_1064,GCF_002952595.1;protein_1064,GCF_001653415.1;protein_443,GCF_900638475.1;protein_1044,GCF_016749215.1;protein_382,GCF_019974055.1;protein_779,GCF_013122055.1;protein_562,GCF_003050665.1;protein_527
GCF_016748085.1;protein_394,GCF_002952675.1;protein_1068,GCF_002951975.1;protein_1063,GCF_002952595.1;protein_1063,GCF_001653415.1;protein_444,GCF_900638475.1;protein_1043,GCF_016749215.1;protein_383,GCF_019974055.1;protein_780,GCF_013122055.1;protein_563,GCF_003050665.1;protein_526
GCF_016748085.1;protein_395,GCF_002952675.1;protein_1067,GCF_002951975.1;protein_1062,GCF_002952595.1;protein_1062,GCF_001653415.1;protein_445,GCF_900638475.1;protein_1042,GCF_016749215.1;protein_384,GCF_019974055.1;protein_781,GCF_013122055.1;protein_564,GCF_003050665.1;protein_525
GCF_016748085.1;protein_396,GCF_002952675.1;protein_1066,GCF_002951975.1;protein_1061,GCF_002952595.1;protein_1061,GCF_001653415.1;protein_446,GCF_900638475.1;protein_1041,GCF_016749215.1;protein_385,GCF_019974055.1;protein_782,GCF_013122055.1;protein_565,GCF_003050665.1;protein_524
GCF_016748085.1;protein_397,GCF_002952675.1;protein_1065,GCF_002951975.1;protein_1060,GCF_002952595.1;protein_1060,GCF_001653415.1;protein_447,GCF_900638475.1;protein_1040,GCF_016749215.1;protein_386,GCF_019974055.1;protein_783,GCF_013122055.1;protein_566,GCF_003050665.1;protein_523
GCF_016748085.1;protein_398,GCF_002952675.1;protein_1064,GCF_002951975.1;protein_1059,GCF_002952595.1;protein_1059,GCF_001653415.1;protein_448,GCF_900638475.1;protein_1039,GCF_016749215.1;protein_387,GCF_019974055.1;protein_784,GCF_013122055.1;protein_567,GCF_003050665.1;protein_522
GCF_016748085.1;protein_4,GCF_002952675.1;protein_1481,GCF_002951975.1;protein_1477,GCF_002952595.1;protein_1476,GCF_001653415.1;protein_58,GCF_900638475.1;protein_157,GCF_016749215.1;protein_4,GCF_019974055.1;protein_176,GCF_013122055.1;protein_189,GCF_003050665.1;protein_980
GCF_016748085.1;protein_40,GCF_002952675.1;protein_1444,GCF_002951975.1;protein_1440,GCF_002952595.1;protein_1439,GCF_001653415.1;protein_99,GCF_900638475.1;protein_194,GCF_016749215.1;protein_43,GCF_019974055.1;protein_139,GCF_013122055.1;protein_228,GCF_003050665.1;protein_1018
GCF_016748085.1;protein_400,GCF_002952675.1;protein_1062,GCF_002951975.1;protein_1057,GCF_002952595.1;protein_1057,GCF_001653415.1;protein_449,GCF_900638475.1;protein_1038,GCF_016749215.1;protein_389,GCF_019974055.1;protein_786,GCF_013122055.1;protein_569,GCF_003050665.1;protein_520
GCF_016748085.1;protein_401,GCF_002952675.1;protein_1061,GCF_002951975.1;protein_1056,GCF_002952595.1;protein_1056,GCF_001653415.1;protein_450,GCF_900638475.1;protein_1037,GCF_016749215.1;protein_390,GCF_019974055.1;protein_787,GCF_013122055.1;protein_570,GCF_003050665.1;protein_519
GCF_016748085.1;protein_402,GCF_002952675.1;protein_1060,GCF_002951975.1;protein_1055,GCF_002952595.1;protein_1055,GCF_001653415.1;protein_452,GCF_900638475.1;protein_1036,GCF_016749215.1;protein_392,GCF_019974055.1;protein_788,GCF_013122055.1;protein_571,GCF_003050665.1;protein_518
GCF_016748085.1;protein_403,GCF_002952675.1;protein_1059,GCF_002951975.1;protein_1054,GCF_002952595.1;protein_1054,GCF_001653415.1;protein_453,GCF_900638475.1;protein_1035,GCF_016749215.1;protein_393,GCF_019974055.1;protein_789,GCF_013122055.1;protein_572,GCF_003050665.1;protein_517
GCF_016748085.1;protein_404,GCF_002952675.1;protein_1058,GCF_002951975.1;protein_1053,GCF_002952595.1;protein_1053,GCF_001653415.1;protein_454,GCF_900638475.1;protein_1034,GCF_016749215.1;protein_394,GCF_019974055.1;protein_790,GCF_013122055.1;protein_573,GCF_003050665.1;protein_516
GCF_016748085.1;protein_405,GCF_002952675.1;protein_1057,GCF_002951975.1;protein_1052,GCF_002952595.1;protein_1052,GCF_001653415.1;protein_455,GCF_900638475.1;protein_1033,GCF_016749215.1;protein_395,GCF_019974055.1;protein_791,GCF_013122055.1;protein_574,GCF_003050665.1;protein_515
GCF_016748085.1;protein_406,GCF_002952675.1;protein_1056,GCF_002951975.1;protein_1051,GCF_002952595.1;protein_1051,GCF_001653415.1;protein_456,GCF_900638475.1;protein_1032,GCF_016749215.1;protein_396,GCF_019974055.1;protein_792,GCF_013122055.1;protein_575,GCF_003050665.1;protein_514
GCF_016748085.1;protein_407,GCF_002952675.1;protein_1055,GCF_002951975.1;protein_1050,GCF_002952595.1;protein_1050,GCF_001653415.1;protein_457,GCF_900638475.1;protein_1031,GCF_016749215.1;protein_397,GCF_019974055.1;protein_793,GCF_013122055.1;protein_576,GCF_003050665.1;protein_513
GCF_016748085.1;protein_408,GCF_002952675.1;protein_1054,GCF_002951975.1;protein_1049,GCF_002952595.1;protein_1049,GCF_001653415.1;protein_458,GCF_900638475.1;protein_1030,GCF_016749215.1;protein_398,GCF_019974055.1;protein_794,GCF_013122055.1;protein_577,GCF_003050665.1;protein_512
GCF_016748085.1;protein_409,GCF_002952675.1;protein_1053,GCF_002951975.1;protein_1048,GCF_002952595.1;protein_1048,GCF_001653415.1;protein_459,GCF_900638475.1;protein_1029,GCF_016749215.1;protein_399,GCF_019974055.1;protein_795,GCF_013122055.1;protein_578,GCF_003050665.1;protein_511
GCF_016748085.1;protein_41,GCF_002952675.1;protein_1443,GCF_002951975.1;protein_1439,GCF_002952595.1;protein_1438,GCF_001653415.1;protein_100,GCF_900638475.1;protein_195,GCF_016749215.1;protein_44,GCF_019974055.1;protein_138,GCF_013122055.1;protein_229,GCF_003050665.1;protein_1019
GCF_016748085.1;protein_410,GCF_002952675.1;protein_1052,GCF_002951975.1;protein_1047,GCF_002952595.1;protein_1047,GCF_001653415.1;protein_460,GCF_900638475.1;protein_1028,GCF_016749215.1;protein_400,GCF_019974055.1;protein_796,GCF_013122055.1;protein_579,GCF_003050665.1;protein_510
GCF_016748085.1;protein_411,GCF_002952675.1;protein_1051,GCF_002951975.1;protein_1046,GCF_002952595.1;protein_1046,GCF_001653415.1;protein_461,GCF_900638475.1;protein_1027,GCF_016749215.1;protein_401,GCF_019974055.1;protein_797,GCF_013122055.1;protein_580,GCF_003050665.1;protein_509
GCF_016748085.1;protein_412,GCF_002952675.1;protein_1050,GCF_002951975.1;protein_1045,GCF_002952595.1;protein_1045,GCF_001653415.1;protein_462,GCF_900638475.1;protein_1026,GCF_016749215.1;protein_402,GCF_019974055.1;protein_798,GCF_013122055.1;protein_581,GCF_003050665.1;protein_508
GCF_016748085.1;protein_413,GCF_002952675.1;protein_1049,GCF_002951975.1;protein_1044,GCF_002952595.1;protein_1044,GCF_001653415.1;protein_463,GCF_900638475.1;protein_1025,GCF_016749215.1;protein_403,GCF_019974055.1;protein_799,GCF_013122055.1;protein_582,GCF_003050665.1;protein_507
GCF_016748085.1;protein_414,GCF_002952675.1;protein_1048,GCF_002951975.1;protein_1043,GCF_002952595.1;protein_1043,GCF_001653415.1;protein_464,GCF_900638475.1;protein_1024,GCF_016749215.1;protein_404,GCF_019974055.1;protein_800,GCF_013122055.1;protein_583,GCF_003050665.1;protein_506
GCF_016748085.1;protein_415,GCF_002952675.1;protein_1047,GCF_002951975.1;protein_1042,GCF_002952595.1;protein_1042,GCF_001653415.1;protein_465,GCF_900638475.1;protein_1023,GCF_016749215.1;protein_405,GCF_019974055.1;protein_801,GCF_013122055.1;protein_584,GCF_003050665.1;protein_505
GCF_016748085.1;protein_416,GCF_002952675.1;protein_1046,GCF_002951975.1;protein_1041,GCF_002952595.1;protein_1041,GCF_001653415.1;protein_466,GCF_900638475.1;protein_1022,GCF_016749215.1;protein_406,GCF_019974055.1;protein_802,GCF_013122055.1;protein_585,GCF_003050665.1;protein_504
GCF_016748085.1;protein_417,GCF_002952675.1;protein_1045,GCF_002951975.1;protein_1040,GCF_002952595.1;protein_1040,GCF_001653415.1;protein_467,GCF_900638475.1;protein_1021,GCF_016749215.1;protein_407,GCF_019974055.1;protein_803,GCF_013122055.1;protein_586,GCF_003050665.1;protein_503
GCF_016748085.1;protein_418,GCF_002952675.1;protein_1044,GCF_002951975.1;protein_1039,GCF_002952595.1;protein_1039,GCF_001653415.1;protein_468,GCF_900638475.1;protein_1020,GCF_016749215.1;protein_408,GCF_019974055.1;protein_804,GCF_013122055.1;protein_587,GCF_003050665.1;protein_502
GCF_016748085.1;protein_419,GCF_002952675.1;protein_1043,GCF_002951975.1;protein_1038,GCF_002952595.1;protein_1038,GCF_001653415.1;protein_469,GCF_900638475.1;protein_1019,GCF_016749215.1;protein_409,GCF_019974055.1;protein_805,GCF_013122055.1;protein_588,GCF_003050665.1;protein_501
GCF_016748085.1;protein_420,GCF_002952675.1;protein_1042,GCF_002951975.1;protein_1037,GCF_002952595.1;protein_1037,GCF_001653415.1;protein_470,GCF_900638475.1;protein_1018,GCF_016749215.1;protein_410,GCF_019974055.1;protein_806,GCF_013122055.1;protein_589,GCF_003050665.1;protein_500
GCF_016748085.1;protein_421,GCF_002952675.1;protein_1041,GCF_002951975.1;protein_1036,GCF_002952595.1;protein_1036,GCF_001653415.1;protein_471,GCF_900638475.1;protein_1017,GCF_016749215.1;protein_411,GCF_019974055.1;protein_807,GCF_013122055.1;protein_590,GCF_003050665.1;protein_499
GCF_016748085.1;protein_422,GCF_002952675.1;protein_1040,GCF_002951975.1;protein_1035,GCF_002952595.1;protein_1035,GCF_001653415.1;protein_472,GCF_900638475.1;protein_1016,GCF_016749215.1;protein_412,GCF_019974055.1;protein_808,GCF_013122055.1;protein_591,GCF_003050665.1;protein_498
GCF_016748085.1;protein_423,GCF_002952675.1;protein_1039,GCF_002951975.1;protein_1034,GCF_002952595.1;protein_1034,GCF_001653415.1;protein_473,GCF_900638475.1;protein_1015,GCF_016749215.1;protein_413,GCF_019974055.1;protein_809,GCF_013122055.1;protein_592,GCF_003050665.1;protein_497
GCF_016748085.1;protein_424,GCF_002952675.1;protein_1038,GCF_002951975.1;protein_1033,GCF_002952595.1;protein_1033,GCF_001653415.1;protein_474,GCF_900638475.1;protein_1014,GCF_016749215.1;protein_414,GCF_019974055.1;protein_810,GCF_013122055.1;protein_593,GCF_003050665.1;protein_496
GCF_016748085.1;protein_425,GCF_002952675.1;protein_1037,GCF_002951975.1;protein_1032,GCF_002952595.1;protein_1032,GCF_001653415.1;protein_475,GCF_900638475.1;protein_1013,GCF_016749215.1;protein_415,GCF_019974055.1;protein_811,GCF_013122055.1;protein_594,GCF_003050665.1;protein_495
GCF_016748085.1;protein_426,GCF_002952675.1;protein_1036,GCF_002951975.1;protein_1031,GCF_002952595.1;protein_1031,GCF_001653415.1;protein_476,GCF_900638475.1;protein_1012,GCF_016749215.1;protein_416,GCF_019974055.1;protein_812,GCF_013122055.1;protein_595,GCF_003050665.1;protein_494
GCF_016748085.1;protein_427,GCF_002952675.1;protein_1035,GCF_002951975.1;protein_1030,GCF_002952595.1;protein_1030,GCF_001653415.1;protein_477,GCF_900638475.1;protein_1011,GCF_016749215.1;protein_417,GCF_019974055.1;protein_813,GCF_013122055.1;protein_596,GCF_003050665.1;protein_493
GCF_016748085.1;protein_428,GCF_002952675.1;protein_1034,GCF_002951975.1;protein_1029,GCF_002952595.1;protein_1029,GCF_001653415.1;protein_478,GCF_900638475.1;protein_1010,GCF_016749215.1;protein_418,GCF_019974055.1;protein_814,GCF_013122055.1;protein_597,GCF_003050665.1;protein_492
GCF_016748085.1;protein_429,GCF_002952675.1;protein_1033,GCF_002951975.1;protein_1028,GCF_002952595.1;protein_1028,GCF_001653415.1;protein_479,GCF_900638475.1;protein_1009,GCF_016749215.1;protein_419,GCF_019974055.1;protein_815,GCF_013122055.1;protein_598,GCF_003050665.1;protein_491
GCF_016748085.1;protein_43,GCF_002952675.1;protein_1398,GCF_002951975.1;protein_1394,GCF_002952595.1;protein_1393,GCF_001653415.1;protein_101,GCF_900638475.1;protein_196,GCF_016749215.1;protein_45,GCF_019974055.1;protein_137,GCF_013122055.1;protein_230,GCF_003050665.1;protein_1020
GCF_016748085.1;protein_430,GCF_002952675.1;protein_1032,GCF_002951975.1;protein_1027,GCF_002952595.1;protein_1027,GCF_001653415.1;protein_480,GCF_900638475.1;protein_1008,GCF_016749215.1;protein_420,GCF_019974055.1;protein_816,GCF_013122055.1;protein_599,GCF_003050665.1;protein_490
GCF_016748085.1;protein_431,GCF_002952675.1;protein_1031,GCF_002951975.1;protein_1026,GCF_002952595.1;protein_1026,GCF_001653415.1;protein_481,GCF_900638475.1;protein_1007,GCF_016749215.1;protein_421,GCF_019974055.1;protein_817,GCF_013122055.1;protein_600,GCF_003050665.1;protein_489
GCF_016748085.1;protein_432,GCF_002952675.1;protein_1030,GCF_002951975.1;protein_1025,GCF_002952595.1;protein_1025,GCF_001653415.1;protein_482,GCF_900638475.1;protein_1006,GCF_016749215.1;protein_422,GCF_019974055.1;protein_818,GCF_013122055.1;protein_601,GCF_003050665.1;protein_488
GCF_016748085.1;protein_433,GCF_002952675.1;protein_1029,GCF_002951975.1;protein_1024,GCF_002952595.1;protein_1024,GCF_001653415.1;protein_483,GCF_900638475.1;protein_1005,GCF_016749215.1;protein_423,GCF_019974055.1;protein_819,GCF_013122055.1;protein_602,GCF_003050665.1;protein_487
GCF_016748085.1;protein_435,GCF_002952675.1;protein_1027,GCF_002951975.1;protein_1022,GCF_002952595.1;protein_1022,GCF_001653415.1;protein_485,GCF_900638475.1;protein_1003,GCF_016749215.1;protein_425,GCF_019974055.1;protein_548,GCF_013122055.1;protein_604,GCF_003050665.1;protein_485
GCF_016748085.1;protein_437,GCF_002952675.1;protein_1023,GCF_002951975.1;protein_1018,GCF_002952595.1;protein_1018,GCF_001653415.1;protein_488,GCF_900638475.1;protein_1001,GCF_016749215.1;protein_428,GCF_019974055.1;protein_893,GCF_013122055.1;protein_608,GCF_003050665.1;protein_481
GCF_016748085.1;protein_438,GCF_002952675.1;protein_1022,GCF_002951975.1;protein_1017,GCF_002952595.1;protein_1017,GCF_001653415.1;protein_489,GCF_900638475.1;protein_1000,GCF_016749215.1;protein_429,GCF_019974055.1;protein_894,GCF_013122055.1;protein_609,GCF_003050665.1;protein_480
GCF_016748085.1;protein_439,GCF_002952675.1;protein_1021,GCF_002951975.1;protein_1016,GCF_002952595.1;protein_1016,GCF_001653415.1;protein_490,GCF_900638475.1;protein_999,GCF_016749215.1;protein_430,GCF_019974055.1;protein_895,GCF_013122055.1;protein_610,GCF_003050665.1;protein_479
GCF_016748085.1;protein_440,GCF_002952675.1;protein_1020,GCF_002951975.1;protein_1015,GCF_002952595.1;protein_1015,GCF_001653415.1;protein_491,GCF_900638475.1;protein_998,GCF_016749215.1;protein_431,GCF_019974055.1;protein_896,GCF_013122055.1;protein_611,GCF_003050665.1;protein_478
GCF_016748085.1;protein_441,GCF_002952675.1;protein_1019,GCF_002951975.1;protein_1014,GCF_002952595.1;protein_1014,GCF_001653415.1;protein_492,GCF_900638475.1;protein_997,GCF_016749215.1;protein_432,GCF_019974055.1;protein_897,GCF_013122055.1;protein_612,GCF_003050665.1;protein_477
GCF_016748085.1;protein_442,GCF_002952675.1;protein_1018,GCF_002951975.1;protein_1013,GCF_002952595.1;protein_1013,GCF_001653415.1;protein_493,GCF_900638475.1;protein_996,GCF_016749215.1;protein_433,GCF_019974055.1;protein_898,GCF_013122055.1;protein_613,GCF_003050665.1;protein_476
GCF_016748085.1;protein_443,GCF_002952675.1;protein_1017,GCF_002951975.1;protein_1012,GCF_002952595.1;protein_1012,GCF_001653415.1;protein_494,GCF_900638475.1;protein_995,GCF_016749215.1;protein_434,GCF_019974055.1;protein_899,GCF_013122055.1;protein_614,GCF_003050665.1;protein_475
GCF_016748085.1;protein_445,GCF_002952675.1;protein_1016,GCF_002951975.1;protein_1011,GCF_002952595.1;protein_1011,GCF_001653415.1;protein_496,GCF_900638475.1;protein_994,GCF_016749215.1;protein_436,GCF_019974055.1;protein_901,GCF_013122055.1;protein_616,GCF_003050665.1;protein_473
GCF_016748085.1;protein_447,GCF_002952675.1;protein_1014,GCF_002951975.1;protein_1009,GCF_002952595.1;protein_1009,GCF_001653415.1;protein_497,GCF_900638475.1;protein_993,GCF_016749215.1;protein_437,GCF_019974055.1;protein_903,GCF_013122055.1;protein_617,GCF_003050665.1;protein_471
GCF_016748085.1;protein_448,GCF_002952675.1;protein_1013,GCF_002951975.1;protein_1008,GCF_002952595.1;protein_1008,GCF_001653415.1;protein_498,GCF_900638475.1;protein_992,GCF_016749215.1;protein_438,GCF_019974055.1;protein_904,GCF_013122055.1;protein_618,GCF_003050665.1;protein_470
GCF_016748085.1;protein_451,GCF_002952675.1;protein_1011,GCF_002951975.1;protein_1006,GCF_002952595.1;protein_1006,GCF_001653415.1;protein_501,GCF_900638475.1;protein_990,GCF_016749215.1;protein_440,GCF_019974055.1;protein_1142,GCF_013122055.1;protein_621,GCF_003050665.1;protein_468
GCF_016748085.1;protein_453,GCF_002952675.1;protein_1009,GCF_002951975.1;protein_1004,GCF_002952595.1;protein_1004,GCF_001653415.1;protein_503,GCF_900638475.1;protein_988,GCF_016749215.1;protein_442,GCF_019974055.1;protein_1140,GCF_013122055.1;protein_623,GCF_003050665.1;protein_466
GCF_016748085.1;protein_454,GCF_002952675.1;protein_1008,GCF_002951975.1;protein_1003,GCF_002952595.1;protein_1003,GCF_001653415.1;protein_504,GCF_900638475.1;protein_987,GCF_016749215.1;protein_443,GCF_019974055.1;protein_1139,GCF_013122055.1;protein_624,GCF_003050665.1;protein_465
GCF_016748085.1;protein_455,GCF_002952675.1;protein_1007,GCF_002951975.1;protein_1002,GCF_002952595.1;protein_1002,GCF_001653415.1;protein_505,GCF_900638475.1;protein_986,GCF_016749215.1;protein_444,GCF_019974055.1;protein_1138,GCF_013122055.1;protein_625,GCF_003050665.1;protein_464
GCF_016748085.1;protein_460,GCF_002952675.1;protein_1002,GCF_002951975.1;protein_997,GCF_002952595.1;protein_997,GCF_001653415.1;protein_511,GCF_900638475.1;protein_981,GCF_016749215.1;protein_448,GCF_019974055.1;protein_1132,GCF_013122055.1;protein_627,GCF_003050665.1;protein_459
GCF_016748085.1;protein_461,GCF_002952675.1;protein_1001,GCF_002951975.1;protein_996,GCF_002952595.1;protein_996,GCF_001653415.1;protein_512,GCF_900638475.1;protein_980,GCF_016749215.1;protein_449,GCF_019974055.1;protein_1131,GCF_013122055.1;protein_628,GCF_003050665.1;protein_458
GCF_016748085.1;protein_462,GCF_002952675.1;protein_1000,GCF_002951975.1;protein_995,GCF_002952595.1;protein_995,GCF_001653415.1;protein_513,GCF_900638475.1;protein_979,GCF_016749215.1;protein_450,GCF_019974055.1;protein_1130,GCF_013122055.1;protein_629,GCF_003050665.1;protein_457
GCF_016748085.1;protein_464,GCF_002952675.1;protein_995,GCF_002951975.1;protein_990,GCF_002952595.1;protein_990,GCF_001653415.1;protein_894,GCF_900638475.1;protein_975,GCF_016749215.1;protein_547,GCF_019974055.1;protein_584,GCF_013122055.1;protein_635,GCF_003050665.1;protein_255
GCF_016748085.1;protein_465,GCF_002952675.1;protein_994,GCF_002951975.1;protein_989,GCF_002952595.1;protein_989,GCF_001653415.1;protein_893,GCF_900638475.1;protein_974,GCF_016749215.1;protein_548,GCF_019974055.1;protein_585,GCF_013122055.1;protein_636,GCF_003050665.1;protein_254
GCF_016748085.1;protein_466,GCF_002952675.1;protein_993,GCF_002951975.1;protein_988,GCF_002952595.1;protein_988,GCF_001653415.1;protein_892,GCF_900638475.1;protein_973,GCF_016749215.1;protein_549,GCF_019974055.1;protein_586,GCF_013122055.1;protein_637,GCF_003050665.1;protein_253
GCF_016748085.1;protein_467,GCF_002952675.1;protein_992,GCF_002951975.1;protein_987,GCF_002952595.1;protein_987,GCF_001653415.1;protein_891,GCF_900638475.1;protein_972,GCF_016749215.1;protein_550,GCF_019974055.1;protein_587,GCF_013122055.1;protein_638,GCF_003050665.1;protein_252
GCF_016748085.1;protein_468,GCF_002952675.1;protein_991,GCF_002951975.1;protein_986,GCF_002952595.1;protein_986,GCF_001653415.1;protein_890,GCF_900638475.1;protein_971,GCF_016749215.1;protein_551,GCF_019974055.1;protein_588,GCF_013122055.1;protein_639,GCF_003050665.1;protein_251
GCF_016748085.1;protein_469,GCF_002952675.1;protein_990,GCF_002951975.1;protein_985,GCF_002952595.1;protein_985,GCF_001653415.1;protein_889,GCF_900638475.1;protein_970,GCF_016749215.1;protein_552,GCF_019974055.1;protein_589,GCF_013122055.1;protein_640,GCF_003050665.1;protein_250
GCF_016748085.1;protein_47,GCF_002952675.1;protein_1391,GCF_002951975.1;protein_1387,GCF_002952595.1;protein_1386,GCF_001653415.1;protein_106,GCF_900638475.1;protein_200,GCF_016749215.1;protein_47,GCF_019974055.1;protein_135,GCF_013122055.1;protein_233,GCF_003050665.1;protein_1027
GCF_016748085.1;protein_470,GCF_002952675.1;protein_989,GCF_002951975.1;protein_984,GCF_002952595.1;protein_984,GCF_001653415.1;protein_888,GCF_900638475.1;protein_969,GCF_016749215.1;protein_553,GCF_019974055.1;protein_590,GCF_013122055.1;protein_641,GCF_003050665.1;protein_249
GCF_016748085.1;protein_471,GCF_002952675.1;protein_988,GCF_002951975.1;protein_983,GCF_002952595.1;protein_983,GCF_001653415.1;protein_887,GCF_900638475.1;protein_968,GCF_016749215.1;protein_554,GCF_019974055.1;protein_591,GCF_013122055.1;protein_642,GCF_003050665.1;protein_248
GCF_016748085.1;protein_472,GCF_002952675.1;protein_987,GCF_002951975.1;protein_982,GCF_002952595.1;protein_982,GCF_001653415.1;protein_886,GCF_900638475.1;protein_967,GCF_016749215.1;protein_555,GCF_019974055.1;protein_592,GCF_013122055.1;protein_643,GCF_003050665.1;protein_247
GCF_016748085.1;protein_473,GCF_002952675.1;protein_986,GCF_002951975.1;protein_981,GCF_002952595.1;protein_981,GCF_001653415.1;protein_885,GCF_900638475.1;protein_966,GCF_016749215.1;protein_556,GCF_019974055.1;protein_593,GCF_013122055.1;protein_644,GCF_003050665.1;protein_246
GCF_016748085.1;protein_474,GCF_002952675.1;protein_985,GCF_002951975.1;protein_980,GCF_002952595.1;protein_980,GCF_001653415.1;protein_884,GCF_900638475.1;protein_965,GCF_016749215.1;protein_557,GCF_019974055.1;protein_594,GCF_013122055.1;protein_645,GCF_003050665.1;protein_245
GCF_016748085.1;protein_475,GCF_002952675.1;protein_984,GCF_002951975.1;protein_979,GCF_002952595.1;protein_979,GCF_001653415.1;protein_883,GCF_900638475.1;protein_964,GCF_016749215.1;protein_558,GCF_019974055.1;protein_595,GCF_013122055.1;protein_646,GCF_003050665.1;protein_244
GCF_016748085.1;protein_476,GCF_002952675.1;protein_983,GCF_002951975.1;protein_978,GCF_002952595.1;protein_978,GCF_001653415.1;protein_882,GCF_900638475.1;protein_963,GCF_016749215.1;protein_559,GCF_019974055.1;protein_596,GCF_013122055.1;protein_647,GCF_003050665.1;protein_243
GCF_016748085.1;protein_477,GCF_002952675.1;protein_982,GCF_002951975.1;protein_977,GCF_002952595.1;protein_977,GCF_001653415.1;protein_881,GCF_900638475.1;protein_962,GCF_016749215.1;protein_560,GCF_019974055.1;protein_597,GCF_013122055.1;protein_648,GCF_003050665.1;protein_242
GCF_016748085.1;protein_478,GCF_002952675.1;protein_981,GCF_002951975.1;protein_976,GCF_002952595.1;protein_976,GCF_001653415.1;protein_880,GCF_900638475.1;protein_961,GCF_016749215.1;protein_561,GCF_019974055.1;protein_598,GCF_013122055.1;protein_649,GCF_003050665.1;protein_241
GCF_016748085.1;protein_479,GCF_002952675.1;protein_980,GCF_002951975.1;protein_975,GCF_002952595.1;protein_975,GCF_001653415.1;protein_879,GCF_900638475.1;protein_960,GCF_016749215.1;protein_562,GCF_019974055.1;protein_599,GCF_013122055.1;protein_650,GCF_003050665.1;protein_240
GCF_016748085.1;protein_48,GCF_002952675.1;protein_1390,GCF_002951975.1;protein_1386,GCF_002952595.1;protein_1385,GCF_001653415.1;protein_107,GCF_900638475.1;protein_201,GCF_016749215.1;protein_48,GCF_019974055.1;protein_134,GCF_013122055.1;protein_234,GCF_003050665.1;protein_1028
GCF_016748085.1;protein_480,GCF_002952675.1;protein_979,GCF_002951975.1;protein_974,GCF_002952595.1;protein_974,GCF_001653415.1;protein_878,GCF_900638475.1;protein_959,GCF_016749215.1;protein_563,GCF_019974055.1;protein_600,GCF_013122055.1;protein_651,GCF_003050665.1;protein_239
GCF_016748085.1;protein_481,GCF_002952675.1;protein_978,GCF_002951975.1;protein_973,GCF_002952595.1;protein_973,GCF_001653415.1;protein_877,GCF_900638475.1;protein_958,GCF_016749215.1;protein_564,GCF_019974055.1;protein_601,GCF_013122055.1;protein_652,GCF_003050665.1;protein_238
GCF_016748085.1;protein_482,GCF_002952675.1;protein_977,GCF_002951975.1;protein_972,GCF_002952595.1;protein_972,GCF_001653415.1;protein_876,GCF_900638475.1;protein_957,GCF_016749215.1;protein_565,GCF_019974055.1;protein_602,GCF_013122055.1;protein_653,GCF_003050665.1;protein_237
GCF_016748085.1;protein_483,GCF_002952675.1;protein_976,GCF_002951975.1;protein_971,GCF_002952595.1;protein_971,GCF_001653415.1;protein_875,GCF_900638475.1;protein_956,GCF_016749215.1;protein_566,GCF_019974055.1;protein_603,GCF_013122055.1;protein_654,GCF_003050665.1;protein_236
GCF_016748085.1;protein_484,GCF_002952675.1;protein_975,GCF_002951975.1;protein_970,GCF_002952595.1;protein_970,GCF_001653415.1;protein_874,GCF_900638475.1;protein_955,GCF_016749215.1;protein_567,GCF_019974055.1;protein_604,GCF_013122055.1;protein_655,GCF_003050665.1;protein_235
GCF_016748085.1;protein_485,GCF_002952675.1;protein_974,GCF_002951975.1;protein_969,GCF_002952595.1;protein_969,GCF_001653415.1;protein_873,GCF_900638475.1;protein_954,GCF_016749215.1;protein_568,GCF_019974055.1;protein_605,GCF_013122055.1;protein_656,GCF_003050665.1;protein_234
GCF_016748085.1;protein_486,GCF_002952675.1;protein_973,GCF_002951975.1;protein_968,GCF_002952595.1;protein_968,GCF_001653415.1;protein_872,GCF_900638475.1;protein_953,GCF_016749215.1;protein_569,GCF_019974055.1;protein_606,GCF_013122055.1;protein_659,GCF_003050665.1;protein_233
GCF_016748085.1;protein_487,GCF_002952675.1;protein_972,GCF_002951975.1;protein_967,GCF_002952595.1;protein_967,GCF_001653415.1;protein_871,GCF_900638475.1;protein_952,GCF_016749215.1;protein_570,GCF_019974055.1;protein_607,GCF_013122055.1;protein_660,GCF_003050665.1;protein_232
GCF_016748085.1;protein_488,GCF_002952675.1;protein_971,GCF_002951975.1;protein_966,GCF_002952595.1;protein_966,GCF_001653415.1;protein_870,GCF_900638475.1;protein_951,GCF_016749215.1;protein_571,GCF_019974055.1;protein_608,GCF_013122055.1;protein_661,GCF_003050665.1;protein_231
GCF_016748085.1;protein_489,GCF_002952675.1;protein_970,GCF_002951975.1;protein_965,GCF_002952595.1;protein_965,GCF_001653415.1;protein_869,GCF_900638475.1;protein_950,GCF_016749215.1;protein_572,GCF_019974055.1;protein_609,GCF_013122055.1;protein_662,GCF_003050665.1;protein_230
GCF_016748085.1;protein_5,GCF_002952675.1;protein_1480,GCF_002951975.1;protein_1476,GCF_002952595.1;protein_1475,GCF_001653415.1;protein_59,GCF_900638475.1;protein_158,GCF_016749215.1;protein_5,GCF_019974055.1;protein_175,GCF_013122055.1;protein_190,GCF_003050665.1;protein_981
GCF_016748085.1;protein_505,GCF_002952675.1;protein_607,GCF_002951975.1;protein_604,GCF_002952595.1;protein_604,GCF_001653415.1;protein_516,GCF_900638475.1;protein_761,GCF_016749215.1;protein_454,GCF_019974055.1;protein_557,GCF_013122055.1;protein_997,GCF_003050665.1;protein_1460
GCF_016748085.1;protein_506,GCF_002952675.1;protein_608,GCF_002951975.1;protein_605,GCF_002952595.1;protein_605,GCF_001653415.1;protein_517,GCF_900638475.1;protein_760,GCF_016749215.1;protein_455,GCF_019974055.1;protein_558,GCF_013122055.1;protein_996,GCF_003050665.1;protein_1461
GCF_016748085.1;protein_508,GCF_002952675.1;protein_610,GCF_002951975.1;protein_607,GCF_002952595.1;protein_607,GCF_001653415.1;protein_519,GCF_900638475.1;protein_758,GCF_016749215.1;protein_457,GCF_019974055.1;protein_560,GCF_013122055.1;protein_994,GCF_003050665.1;protein_1463
GCF_016748085.1;protein_509,GCF_002952675.1;protein_611,GCF_002951975.1;protein_608,GCF_002952595.1;protein_608,GCF_001653415.1;protein_520,GCF_900638475.1;protein_757,GCF_016749215.1;protein_458,GCF_019974055.1;protein_561,GCF_013122055.1;protein_993,GCF_003050665.1;protein_1464
GCF_016748085.1;protein_510,GCF_002952675.1;protein_612,GCF_002951975.1;protein_609,GCF_002952595.1;protein_609,GCF_001653415.1;protein_521,GCF_900638475.1;protein_756,GCF_016749215.1;protein_459,GCF_019974055.1;protein_562,GCF_013122055.1;protein_992,GCF_003050665.1;protein_1465
GCF_016748085.1;protein_511,GCF_002952675.1;protein_613,GCF_002951975.1;protein_610,GCF_002952595.1;protein_610,GCF_001653415.1;protein_522,GCF_900638475.1;protein_755,GCF_016749215.1;protein_460,GCF_019974055.1;protein_563,GCF_013122055.1;protein_991,GCF_003050665.1;protein_1466
GCF_016748085.1;protein_512,GCF_002952675.1;protein_614,GCF_002951975.1;protein_611,GCF_002952595.1;protein_611,GCF_001653415.1;protein_523,GCF_900638475.1;protein_754,GCF_016749215.1;protein_461,GCF_019974055.1;protein_564,GCF_013122055.1;protein_990,GCF_003050665.1;protein_1467
GCF_016748085.1;protein_513,GCF_002952675.1;protein_615,GCF_002951975.1;protein_612,GCF_002952595.1;protein_612,GCF_001653415.1;protein_524,GCF_900638475.1;protein_753,GCF_016749215.1;protein_462,GCF_019974055.1;protein_565,GCF_013122055.1;protein_989,GCF_003050665.1;protein_1468
GCF_016748085.1;protein_514,GCF_002952675.1;protein_616,GCF_002951975.1;protein_613,GCF_002952595.1;protein_613,GCF_001653415.1;protein_525,GCF_900638475.1;protein_752,GCF_016749215.1;protein_463,GCF_019974055.1;protein_566,GCF_013122055.1;protein_988,GCF_003050665.1;protein_1469
GCF_016748085.1;protein_515,GCF_002952675.1;protein_617,GCF_002951975.1;protein_614,GCF_002952595.1;protein_614,GCF_001653415.1;protein_526,GCF_900638475.1;protein_751,GCF_016749215.1;protein_464,GCF_019974055.1;protein_567,GCF_013122055.1;protein_987,GCF_003050665.1;protein_1470
GCF_016748085.1;protein_516,GCF_002952675.1;protein_618,GCF_002951975.1;protein_615,GCF_002952595.1;protein_615,GCF_001653415.1;protein_527,GCF_900638475.1;protein_750,GCF_016749215.1;protein_465,GCF_019974055.1;protein_568,GCF_013122055.1;protein_986,GCF_003050665.1;protein_1471
GCF_016748085.1;protein_519,GCF_002952675.1;protein_621,GCF_002951975.1;protein_618,GCF_002952595.1;protein_618,GCF_001653415.1;protein_530,GCF_900638475.1;protein_747,GCF_016749215.1;protein_468,GCF_019974055.1;protein_907,GCF_013122055.1;protein_983,GCF_003050665.1;protein_1475
GCF_016748085.1;protein_52,GCF_002952675.1;protein_1386,GCF_002951975.1;protein_1382,GCF_002952595.1;protein_1381,GCF_001653415.1;protein_111,GCF_900638475.1;protein_205,GCF_016749215.1;protein_52,GCF_019974055.1;protein_242,GCF_013122055.1;protein_238,GCF_003050665.1;protein_1032
GCF_016748085.1;protein_520,GCF_002952675.1;protein_622,GCF_002951975.1;protein_619,GCF_002952595.1;protein_619,GCF_001653415.1;protein_531,GCF_900638475.1;protein_746,GCF_016749215.1;protein_469,GCF_019974055.1;protein_908,GCF_013122055.1;protein_982,GCF_003050665.1;protein_1476
GCF_016748085.1;protein_521,GCF_002952675.1;protein_623,GCF_002951975.1;protein_620,GCF_002952595.1;protein_620,GCF_001653415.1;protein_532,GCF_900638475.1;protein_745,GCF_016749215.1;protein_470,GCF_019974055.1;protein_909,GCF_013122055.1;protein_981,GCF_003050665.1;protein_1477
GCF_016748085.1;protein_522,GCF_002952675.1;protein_624,GCF_002951975.1;protein_621,GCF_002952595.1;protein_621,GCF_001653415.1;protein_533,GCF_900638475.1;protein_744,GCF_016749215.1;protein_471,GCF_019974055.1;protein_910,GCF_013122055.1;protein_980,GCF_003050665.1;protein_1478
GCF_016748085.1;protein_523,GCF_002952675.1;protein_625,GCF_002951975.1;protein_622,GCF_002952595.1;protein_622,GCF_001653415.1;protein_534,GCF_900638475.1;protein_743,GCF_016749215.1;protein_472,GCF_019974055.1;protein_911,GCF_013122055.1;protein_979,GCF_003050665.1;protein_1479
GCF_016748085.1;protein_525,GCF_002952675.1;protein_656,GCF_002951975.1;protein_653,GCF_002952595.1;protein_653,GCF_001653415.1;protein_536,GCF_900638475.1;protein_710,GCF_016749215.1;protein_504,GCF_019974055.1;protein_913,GCF_013122055.1;protein_964,GCF_003050665.1;protein_1511
GCF_016748085.1;protein_527,GCF_002952675.1;protein_658,GCF_002951975.1;protein_655,GCF_002952595.1;protein_655,GCF_001653415.1;protein_538,GCF_900638475.1;protein_708,GCF_016749215.1;protein_884,GCF_019974055.1;protein_915,GCF_013122055.1;protein_966,GCF_003050665.1;protein_1513
GCF_016748085.1;protein_528,GCF_002952675.1;protein_659,GCF_002951975.1;protein_656,GCF_002952595.1;protein_656,GCF_001653415.1;protein_539,GCF_900638475.1;protein_707,GCF_016749215.1;protein_883,GCF_019974055.1;protein_916,GCF_013122055.1;protein_967,GCF_003050665.1;protein_1514
GCF_016748085.1;protein_529,GCF_002952675.1;protein_660,GCF_002951975.1;protein_657,GCF_002952595.1;protein_657,GCF_001653415.1;protein_540,GCF_900638475.1;protein_706,GCF_016749215.1;protein_882,GCF_019974055.1;protein_917,GCF_013122055.1;protein_968,GCF_003050665.1;protein_1515
GCF_016748085.1;protein_53,GCF_002952675.1;protein_1385,GCF_002951975.1;protein_1381,GCF_002952595.1;protein_1380,GCF_001653415.1;protein_112,GCF_900638475.1;protein_206,GCF_016749215.1;protein_53,GCF_019974055.1;protein_243,GCF_013122055.1;protein_239,GCF_003050665.1;protein_1033
GCF_016748085.1;protein_530,GCF_002952675.1;protein_661,GCF_002951975.1;protein_658,GCF_002952595.1;protein_658,GCF_001653415.1;protein_541,GCF_900638475.1;protein_705,GCF_016749215.1;protein_881,GCF_019974055.1;protein_918,GCF_013122055.1;protein_969,GCF_003050665.1;protein_1516
GCF_016748085.1;protein_531,GCF_002952675.1;protein_662,GCF_002951975.1;protein_659,GCF_002952595.1;protein_659,GCF_001653415.1;protein_542,GCF_900638475.1;protein_704,GCF_016749215.1;protein_880,GCF_019974055.1;protein_919,GCF_013122055.1;protein_970,GCF_003050665.1;protein_1517
GCF_016748085.1;protein_532,GCF_002952675.1;protein_655,GCF_002951975.1;protein_652,GCF_002952595.1;protein_652,GCF_001653415.1;protein_543,GCF_900638475.1;protein_711,GCF_016749215.1;protein_503,GCF_019974055.1;protein_920,GCF_013122055.1;protein_963,GCF_003050665.1;protein_1510
GCF_016748085.1;protein_54,GCF_002952675.1;protein_1384,GCF_002951975.1;protein_1380,GCF_002952595.1;protein_1379,GCF_001653415.1;protein_113,GCF_900638475.1;protein_207,GCF_016749215.1;protein_54,GCF_019974055.1;protein_244,GCF_013122055.1;protein_240,GCF_003050665.1;protein_1034
GCF_016748085.1;protein_56,GCF_002952675.1;protein_1382,GCF_002951975.1;protein_1378,GCF_002952595.1;protein_1377,GCF_001653415.1;protein_115,GCF_900638475.1;protein_209,GCF_016749215.1;protein_56,GCF_019974055.1;protein_246,GCF_013122055.1;protein_242,GCF_003050665.1;protein_1036
GCF_016748085.1;protein_564,GCF_002952675.1;protein_673,GCF_002951975.1;protein_670,GCF_002952595.1;protein_670,GCF_001653415.1;protein_577,GCF_900638475.1;protein_693,GCF_016749215.1;protein_868,GCF_019974055.1;protein_954,GCF_013122055.1;protein_962,GCF_003050665.1;protein_1528
GCF_016748085.1;protein_565,GCF_002952675.1;protein_674,GCF_002951975.1;protein_671,GCF_002952595.1;protein_671,GCF_001653415.1;protein_578,GCF_900638475.1;protein_692,GCF_016749215.1;protein_867,GCF_019974055.1;protein_955,GCF_013122055.1;protein_961,GCF_003050665.1;protein_1529
GCF_016748085.1;protein_566,GCF_002952675.1;protein_675,GCF_002951975.1;protein_672,GCF_002952595.1;protein_672,GCF_001653415.1;protein_579,GCF_900638475.1;protein_691,GCF_016749215.1;protein_866,GCF_019974055.1;protein_956,GCF_013122055.1;protein_960,GCF_003050665.1;protein_1530
GCF_016748085.1;protein_567,GCF_002952675.1;protein_676,GCF_002951975.1;protein_673,GCF_002952595.1;protein_673,GCF_001653415.1;protein_580,GCF_900638475.1;protein_690,GCF_016749215.1;protein_865,GCF_019974055.1;protein_957,GCF_013122055.1;protein_959,GCF_003050665.1;protein_1531
GCF_016748085.1;protein_568,GCF_002952675.1;protein_677,GCF_002951975.1;protein_674,GCF_002952595.1;protein_674,GCF_001653415.1;protein_581,GCF_900638475.1;protein_689,GCF_016749215.1;protein_864,GCF_019974055.1;protein_958,GCF_013122055.1;protein_958,GCF_003050665.1;protein_1532
GCF_016748085.1;protein_569,GCF_002952675.1;protein_678,GCF_002951975.1;protein_675,GCF_002952595.1;protein_675,GCF_001653415.1;protein_582,GCF_900638475.1;protein_688,GCF_016749215.1;protein_863,GCF_019974055.1;protein_959,GCF_013122055.1;protein_957,GCF_003050665.1;protein_1533
GCF_016748085.1;protein_57,GCF_002952675.1;protein_1381,GCF_002951975.1;protein_1377,GCF_002952595.1;protein_1376,GCF_001653415.1;protein_116,GCF_900638475.1;protein_210,GCF_016749215.1;protein_57,GCF_019974055.1;protein_247,GCF_013122055.1;protein_243,GCF_003050665.1;protein_1037
GCF_016748085.1;protein_570,GCF_002952675.1;protein_679,GCF_002951975.1;protein_676,GCF_002952595.1;protein_676,GCF_001653415.1;protein_583,GCF_900638475.1;protein_687,GCF_016749215.1;protein_862,GCF_019974055.1;protein_960,GCF_013122055.1;protein_956,GCF_003050665.1;protein_1534
GCF_016748085.1;protein_573,GCF_002952675.1;protein_681,GCF_002951975.1;protein_678,GCF_002952595.1;protein_678,GCF_001653415.1;protein_585,GCF_900638475.1;protein_685,GCF_016749215.1;protein_859,GCF_019974055.1;protein_962,GCF_013122055.1;protein_954,GCF_003050665.1;protein_1536
GCF_016748085.1;protein_574,GCF_002952675.1;protein_682,GCF_002951975.1;protein_679,GCF_002952595.1;protein_679,GCF_001653415.1;protein_586,GCF_900638475.1;protein_684,GCF_016749215.1;protein_858,GCF_019974055.1;protein_963,GCF_013122055.1;protein_953,GCF_003050665.1;protein_1537
GCF_016748085.1;protein_575,GCF_002952675.1;protein_683,GCF_002951975.1;protein_680,GCF_002952595.1;protein_680,GCF_001653415.1;protein_587,GCF_900638475.1;protein_683,GCF_016749215.1;protein_857,GCF_019974055.1;protein_964,GCF_013122055.1;protein_952,GCF_003050665.1;protein_1538
GCF_016748085.1;protein_576,GCF_002952675.1;protein_684,GCF_002951975.1;protein_681,GCF_002952595.1;protein_681,GCF_001653415.1;protein_588,GCF_900638475.1;protein_682,GCF_016749215.1;protein_856,GCF_019974055.1;protein_965,GCF_013122055.1;protein_951,GCF_003050665.1;protein_1539
GCF_016748085.1;protein_577,GCF_002952675.1;protein_685,GCF_002951975.1;protein_682,GCF_002952595.1;protein_682,GCF_001653415.1;protein_589,GCF_900638475.1;protein_681,GCF_016749215.1;protein_855,GCF_019974055.1;protein_966,GCF_013122055.1;protein_950,GCF_003050665.1;protein_1540
GCF_016748085.1;protein_578,GCF_002952675.1;protein_686,GCF_002951975.1;protein_683,GCF_002952595.1;protein_683,GCF_001653415.1;protein_590,GCF_900638475.1;protein_680,GCF_016749215.1;protein_854,GCF_019974055.1;protein_967,GCF_013122055.1;protein_949,GCF_003050665.1;protein_1541
GCF_016748085.1;protein_579,GCF_002952675.1;protein_687,GCF_002951975.1;protein_684,GCF_002952595.1;protein_684,GCF_001653415.1;protein_591,GCF_900638475.1;protein_679,GCF_016749215.1;protein_853,GCF_019974055.1;protein_968,GCF_013122055.1;protein_948,GCF_003050665.1;protein_1542
GCF_016748085.1;protein_580,GCF_002952675.1;protein_688,GCF_002951975.1;protein_685,GCF_002952595.1;protein_685,GCF_001653415.1;protein_592,GCF_900638475.1;protein_678,GCF_016749215.1;protein_852,GCF_019974055.1;protein_969,GCF_013122055.1;protein_947,GCF_003050665.1;protein_1543
GCF_016748085.1;protein_581,GCF_002952675.1;protein_689,GCF_002951975.1;protein_686,GCF_002952595.1;protein_686,GCF_001653415.1;protein_593,GCF_900638475.1;protein_677,GCF_016749215.1;protein_851,GCF_019974055.1;protein_970,GCF_013122055.1;protein_946,GCF_003050665.1;protein_1544
GCF_016748085.1;protein_582,GCF_002952675.1;protein_690,GCF_002951975.1;protein_687,GCF_002952595.1;protein_687,GCF_001653415.1;protein_594,GCF_900638475.1;protein_676,GCF_016749215.1;protein_850,GCF_019974055.1;protein_971,GCF_013122055.1;protein_945,GCF_003050665.1;protein_1545
GCF_016748085.1;protein_583,GCF_002952675.1;protein_691,GCF_002951975.1;protein_688,GCF_002952595.1;protein_688,GCF_001653415.1;protein_596,GCF_900638475.1;protein_675,GCF_016749215.1;protein_849,GCF_019974055.1;protein_972,GCF_013122055.1;protein_944,GCF_003050665.1;protein_1546
GCF_016748085.1;protein_584,GCF_002952675.1;protein_692,GCF_002951975.1;protein_689,GCF_002952595.1;protein_689,GCF_001653415.1;protein_597,GCF_900638475.1;protein_674,GCF_016749215.1;protein_848,GCF_019974055.1;protein_973,GCF_013122055.1;protein_943,GCF_003050665.1;protein_1547
GCF_016748085.1;protein_585,GCF_002952675.1;protein_693,GCF_002951975.1;protein_690,GCF_002952595.1;protein_690,GCF_001653415.1;protein_598,GCF_900638475.1;protein_673,GCF_016749215.1;protein_847,GCF_019974055.1;protein_974,GCF_013122055.1;protein_942,GCF_003050665.1;protein_1548
GCF_016748085.1;protein_586,GCF_002952675.1;protein_694,GCF_002951975.1;protein_691,GCF_002952595.1;protein_691,GCF_001653415.1;protein_599,GCF_900638475.1;protein_672,GCF_016749215.1;protein_846,GCF_019974055.1;protein_975,GCF_013122055.1;protein_941,GCF_003050665.1;protein_1549
GCF_016748085.1;protein_587,GCF_002952675.1;protein_695,GCF_002951975.1;protein_692,GCF_002952595.1;protein_692,GCF_001653415.1;protein_600,GCF_900638475.1;protein_671,GCF_016749215.1;protein_845,GCF_019974055.1;protein_976,GCF_013122055.1;protein_940,GCF_003050665.1;protein_1550
GCF_016748085.1;protein_588,GCF_002952675.1;protein_696,GCF_002951975.1;protein_693,GCF_002952595.1;protein_693,GCF_001653415.1;protein_601,GCF_900638475.1;protein_670,GCF_016749215.1;protein_844,GCF_019974055.1;protein_977,GCF_013122055.1;protein_939,GCF_003050665.1;protein_1551
GCF_016748085.1;protein_589,GCF_002952675.1;protein_697,GCF_002951975.1;protein_694,GCF_002952595.1;protein_694,GCF_001653415.1;protein_602,GCF_900638475.1;protein_669,GCF_016749215.1;protein_843,GCF_019974055.1;protein_978,GCF_013122055.1;protein_938,GCF_003050665.1;protein_1552
GCF_016748085.1;protein_59,GCF_002952675.1;protein_1379,GCF_002951975.1;protein_1375,GCF_002952595.1;protein_1374,GCF_001653415.1;protein_118,GCF_900638475.1;protein_212,GCF_016749215.1;protein_63,GCF_019974055.1;protein_249,GCF_013122055.1;protein_245,GCF_003050665.1;protein_1040
GCF_016748085.1;protein_590,GCF_002952675.1;protein_698,GCF_002951975.1;protein_695,GCF_002952595.1;protein_695,GCF_001653415.1;protein_603,GCF_900638475.1;protein_668,GCF_016749215.1;protein_842,GCF_019974055.1;protein_979,GCF_013122055.1;protein_937,GCF_003050665.1;protein_1553
GCF_016748085.1;protein_591,GCF_002952675.1;protein_699,GCF_002951975.1;protein_696,GCF_002952595.1;protein_696,GCF_001653415.1;protein_604,GCF_900638475.1;protein_667,GCF_016749215.1;protein_841,GCF_019974055.1;protein_980,GCF_013122055.1;protein_936,GCF_003050665.1;protein_1554
GCF_016748085.1;protein_592,GCF_002952675.1;protein_700,GCF_002951975.1;protein_697,GCF_002952595.1;protein_697,GCF_001653415.1;protein_605,GCF_900638475.1;protein_666,GCF_016749215.1;protein_840,GCF_019974055.1;protein_981,GCF_013122055.1;protein_935,GCF_003050665.1;protein_1555
GCF_016748085.1;protein_593,GCF_002952675.1;protein_701,GCF_002951975.1;protein_698,GCF_002952595.1;protein_698,GCF_001653415.1;protein_606,GCF_900638475.1;protein_665,GCF_016749215.1;protein_839,GCF_019974055.1;protein_982,GCF_013122055.1;protein_934,GCF_003050665.1;protein_1556
GCF_016748085.1;protein_594,GCF_002952675.1;protein_702,GCF_002951975.1;protein_699,GCF_002952595.1;protein_699,GCF_001653415.1;protein_607,GCF_900638475.1;protein_664,GCF_016749215.1;protein_838,GCF_019974055.1;protein_983,GCF_013122055.1;protein_933,GCF_003050665.1;protein_1557
GCF_016748085.1;protein_595,GCF_002952675.1;protein_703,GCF_002951975.1;protein_700,GCF_002952595.1;protein_700,GCF_001653415.1;protein_608,GCF_900638475.1;protein_663,GCF_016749215.1;protein_837,GCF_019974055.1;protein_984,GCF_013122055.1;protein_932,GCF_003050665.1;protein_1558
GCF_016748085.1;protein_596,GCF_002952675.1;protein_704,GCF_002951975.1;protein_701,GCF_002952595.1;protein_701,GCF_001653415.1;protein_609,GCF_900638475.1;protein_662,GCF_016749215.1;protein_836,GCF_019974055.1;protein_985,GCF_013122055.1;protein_931,GCF_003050665.1;protein_1559
GCF_016748085.1;protein_597,GCF_002952675.1;protein_705,GCF_002951975.1;protein_702,GCF_002952595.1;protein_702,GCF_001653415.1;protein_610,GCF_900638475.1;protein_661,GCF_016749215.1;protein_835,GCF_019974055.1;protein_986,GCF_013122055.1;protein_930,GCF_003050665.1;protein_1560
GCF_016748085.1;protein_6,GCF_002952675.1;protein_1478,GCF_002951975.1;protein_1474,GCF_002952595.1;protein_1473,GCF_001653415.1;protein_61,GCF_900638475.1;protein_159,GCF_016749215.1;protein_7,GCF_019974055.1;protein_173,GCF_013122055.1;protein_192,GCF_003050665.1;protein_983
GCF_016748085.1;protein_60,GCF_002952675.1;protein_1378,GCF_002951975.1;protein_1374,GCF_002952595.1;protein_1373,GCF_001653415.1;protein_119,GCF_900638475.1;protein_213,GCF_016749215.1;protein_64,GCF_019974055.1;protein_250,GCF_013122055.1;protein_246,GCF_003050665.1;protein_1041
GCF_016748085.1;protein_600,GCF_002952675.1;protein_707,GCF_002951975.1;protein_704,GCF_002952595.1;protein_704,GCF_001653415.1;protein_612,GCF_900638475.1;protein_659,GCF_016749215.1;protein_833,GCF_019974055.1;protein_988,GCF_013122055.1;protein_927,GCF_003050665.1;protein_1562
GCF_016748085.1;protein_601,GCF_002952675.1;protein_708,GCF_002951975.1;protein_705,GCF_002952595.1;protein_705,GCF_001653415.1;protein_613,GCF_900638475.1;protein_658,GCF_016749215.1;protein_832,GCF_019974055.1;protein_989,GCF_013122055.1;protein_926,GCF_003050665.1;protein_1563
GCF_016748085.1;protein_602,GCF_002952675.1;protein_709,GCF_002951975.1;protein_706,GCF_002952595.1;protein_706,GCF_001653415.1;protein_614,GCF_900638475.1;protein_657,GCF_016749215.1;protein_831,GCF_019974055.1;protein_990,GCF_013122055.1;protein_925,GCF_003050665.1;protein_1564
GCF_016748085.1;protein_603,GCF_002952675.1;protein_710,GCF_002951975.1;protein_707,GCF_002952595.1;protein_707,GCF_001653415.1;protein_615,GCF_900638475.1;protein_656,GCF_016749215.1;protein_830,GCF_019974055.1;protein_991,GCF_013122055.1;protein_924,GCF_003050665.1;protein_1565
GCF_016748085.1;protein_604,GCF_002952675.1;protein_711,GCF_002951975.1;protein_708,GCF_002952595.1;protein_708,GCF_001653415.1;protein_616,GCF_900638475.1;protein_655,GCF_016749215.1;protein_829,GCF_019974055.1;protein_992,GCF_013122055.1;protein_923,GCF_003050665.1;protein_1566
GCF_016748085.1;protein_605,GCF_002952675.1;protein_712,GCF_002951975.1;protein_709,GCF_002952595.1;protein_709,GCF_001653415.1;protein_617,GCF_900638475.1;protein_654,GCF_016749215.1;protein_828,GCF_019974055.1;protein_993,GCF_013122055.1;protein_922,GCF_003050665.1;protein_1567
GCF_016748085.1;protein_606,GCF_002952675.1;protein_713,GCF_002951975.1;protein_710,GCF_002952595.1;protein_710,GCF_001653415.1;protein_618,GCF_900638475.1;protein_653,GCF_016749215.1;protein_827,GCF_019974055.1;protein_994,GCF_013122055.1;protein_921,GCF_003050665.1;protein_1568
GCF_016748085.1;protein_607,GCF_002952675.1;protein_714,GCF_002951975.1;protein_711,GCF_002952595.1;protein_711,GCF_001653415.1;protein_619,GCF_900638475.1;protein_652,GCF_016749215.1;protein_826,GCF_019974055.1;protein_995,GCF_013122055.1;protein_920,GCF_003050665.1;protein_1569
GCF_016748085.1;protein_608,GCF_002952675.1;protein_715,GCF_002951975.1;protein_712,GCF_002952595.1;protein_712,GCF_001653415.1;protein_620,GCF_900638475.1;protein_651,GCF_016749215.1;protein_825,GCF_019974055.1;protein_996,GCF_013122055.1;protein_919,GCF_003050665.1;protein_1570
GCF_016748085.1;protein_61,GCF_002952675.1;protein_1377,GCF_002951975.1;protein_1373,GCF_002952595.1;protein_1372,GCF_001653415.1;protein_120,GCF_900638475.1;protein_214,GCF_016749215.1;protein_65,GCF_019974055.1;protein_251,GCF_013122055.1;protein_247,GCF_003050665.1;protein_1042
GCF_016748085.1;protein_610,GCF_002952675.1;protein_717,GCF_002951975.1;protein_714,GCF_002952595.1;protein_714,GCF_001653415.1;protein_622,GCF_900638475.1;protein_649,GCF_016749215.1;protein_823,GCF_019974055.1;protein_998,GCF_013122055.1;protein_916,GCF_003050665.1;protein_1572
GCF_016748085.1;protein_611,GCF_002952675.1;protein_718,GCF_002951975.1;protein_715,GCF_002952595.1;protein_715,GCF_001653415.1;protein_623,GCF_900638475.1;protein_648,GCF_016749215.1;protein_822,GCF_019974055.1;protein_999,GCF_013122055.1;protein_915,GCF_003050665.1;protein_1573
GCF_016748085.1;protein_612,GCF_002952675.1;protein_719,GCF_002951975.1;protein_716,GCF_002952595.1;protein_716,GCF_001653415.1;protein_624,GCF_900638475.1;protein_647,GCF_016749215.1;protein_821,GCF_019974055.1;protein_1000,GCF_013122055.1;protein_914,GCF_003050665.1;protein_1574
GCF_016748085.1;protein_613,GCF_002952675.1;protein_720,GCF_002951975.1;protein_717,GCF_002952595.1;protein_717,GCF_001653415.1;protein_625,GCF_900638475.1;protein_646,GCF_016749215.1;protein_820,GCF_019974055.1;protein_1001,GCF_013122055.1;protein_913,GCF_003050665.1;protein_1575
GCF_016748085.1;protein_614,GCF_002952675.1;protein_721,GCF_002951975.1;protein_718,GCF_002952595.1;protein_718,GCF_001653415.1;protein_626,GCF_900638475.1;protein_645,GCF_016749215.1;protein_819,GCF_019974055.1;protein_1002,GCF_013122055.1;protein_912,GCF_003050665.1;protein_1576
GCF_016748085.1;protein_615,GCF_002952675.1;protein_722,GCF_002951975.1;protein_719,GCF_002952595.1;protein_719,GCF_001653415.1;protein_627,GCF_900638475.1;protein_644,GCF_016749215.1;protein_818,GCF_019974055.1;protein_1003,GCF_013122055.1;protein_911,GCF_003050665.1;protein_1577
GCF_016748085.1;protein_617,GCF_002952675.1;protein_726,GCF_002951975.1;protein_722,GCF_002952595.1;protein_722,GCF_001653415.1;protein_630,GCF_900638475.1;protein_641,GCF_016749215.1;protein_816,GCF_019974055.1;protein_1005,GCF_013122055.1;protein_909,GCF_003050665.1;protein_1579
GCF_016748085.1;protein_618,GCF_002952675.1;protein_727,GCF_002951975.1;protein_723,GCF_002952595.1;protein_723,GCF_001653415.1;protein_631,GCF_900638475.1;protein_640,GCF_016749215.1;protein_815,GCF_019974055.1;protein_1006,GCF_013122055.1;protein_908,GCF_003050665.1;protein_1580
GCF_016748085.1;protein_619,GCF_002952675.1;protein_728,GCF_002951975.1;protein_724,GCF_002952595.1;protein_724,GCF_001653415.1;protein_632,GCF_900638475.1;protein_639,GCF_016749215.1;protein_814,GCF_019974055.1;protein_1007,GCF_013122055.1;protein_907,GCF_003050665.1;protein_1581
GCF_016748085.1;protein_62,GCF_002952675.1;protein_1376,GCF_002951975.1;protein_1372,GCF_002952595.1;protein_1371,GCF_001653415.1;protein_121,GCF_900638475.1;protein_215,GCF_016749215.1;protein_66,GCF_019974055.1;protein_252,GCF_013122055.1;protein_248,GCF_003050665.1;protein_1043
GCF_016748085.1;protein_620,GCF_002952675.1;protein_729,GCF_002951975.1;protein_725,GCF_002952595.1;protein_725,GCF_001653415.1;protein_633,GCF_900638475.1;protein_638,GCF_016749215.1;protein_813,GCF_019974055.1;protein_1008,GCF_013122055.1;protein_906,GCF_003050665.1;protein_1582
GCF_016748085.1;protein_621,GCF_002952675.1;protein_730,GCF_002951975.1;protein_726,GCF_002952595.1;protein_726,GCF_001653415.1;protein_634,GCF_900638475.1;protein_637,GCF_016749215.1;protein_812,GCF_019974055.1;protein_1009,GCF_013122055.1;protein_905,GCF_003050665.1;protein_1583
GCF_016748085.1;protein_622,GCF_002952675.1;protein_731,GCF_002951975.1;protein_727,GCF_002952595.1;protein_727,GCF_001653415.1;protein_635,GCF_900638475.1;protein_636,GCF_016749215.1;protein_811,GCF_019974055.1;protein_1010,GCF_013122055.1;protein_904,GCF_003050665.1;protein_1584
GCF_016748085.1;protein_623,GCF_002952675.1;protein_732,GCF_002951975.1;protein_728,GCF_002952595.1;protein_728,GCF_001653415.1;protein_636,GCF_900638475.1;protein_635,GCF_016749215.1;protein_810,GCF_019974055.1;protein_1011,GCF_013122055.1;protein_903,GCF_003050665.1;protein_1585
GCF_016748085.1;protein_624,GCF_002952675.1;protein_733,GCF_002951975.1;protein_729,GCF_002952595.1;protein_729,GCF_001653415.1;protein_637,GCF_900638475.1;protein_634,GCF_016749215.1;protein_809,GCF_019974055.1;protein_1012,GCF_013122055.1;protein_902,GCF_003050665.1;protein_1586
GCF_016748085.1;protein_628,GCF_002952675.1;protein_737,GCF_002951975.1;protein_733,GCF_002952595.1;protein_733,GCF_001653415.1;protein_640,GCF_900638475.1;protein_630,GCF_016749215.1;protein_806,GCF_019974055.1;protein_1016,GCF_013122055.1;protein_898,GCF_003050665.1;protein_1590
GCF_016748085.1;protein_629,GCF_002952675.1;protein_738,GCF_002951975.1;protein_734,GCF_002952595.1;protein_734,GCF_001653415.1;protein_641,GCF_900638475.1;protein_629,GCF_016749215.1;protein_805,GCF_019974055.1;protein_1017,GCF_013122055.1;protein_897,GCF_003050665.1;protein_1591
GCF_016748085.1;protein_63,GCF_002952675.1;protein_1375,GCF_002951975.1;protein_1371,GCF_002952595.1;protein_1370,GCF_001653415.1;protein_122,GCF_900638475.1;protein_216,GCF_016749215.1;protein_67,GCF_019974055.1;protein_253,GCF_013122055.1;protein_249,GCF_003050665.1;protein_1044
GCF_016748085.1;protein_630,GCF_002952675.1;protein_739,GCF_002951975.1;protein_735,GCF_002952595.1;protein_735,GCF_001653415.1;protein_642,GCF_900638475.1;protein_628,GCF_016749215.1;protein_804,GCF_019974055.1;protein_1018,GCF_013122055.1;protein_896,GCF_003050665.1;protein_1592
GCF_016748085.1;protein_631,GCF_002952675.1;protein_740,GCF_002951975.1;protein_736,GCF_002952595.1;protein_736,GCF_001653415.1;protein_643,GCF_900638475.1;protein_627,GCF_016749215.1;protein_803,GCF_019974055.1;protein_1019,GCF_013122055.1;protein_895,GCF_003050665.1;protein_1593
GCF_016748085.1;protein_632,GCF_002952675.1;protein_741,GCF_002951975.1;protein_737,GCF_002952595.1;protein_737,GCF_001653415.1;protein_644,GCF_900638475.1;protein_626,GCF_016749215.1;protein_802,GCF_019974055.1;protein_1020,GCF_013122055.1;protein_894,GCF_003050665.1;protein_1594
GCF_016748085.1;protein_635,GCF_002952675.1;protein_744,GCF_002951975.1;protein_740,GCF_002952595.1;protein_740,GCF_001653415.1;protein_647,GCF_900638475.1;protein_623,GCF_016749215.1;protein_799,GCF_019974055.1;protein_1024,GCF_013122055.1;protein_891,GCF_003050665.1;protein_3
GCF_016748085.1;protein_638,GCF_002952675.1;protein_745,GCF_002951975.1;protein_741,GCF_002952595.1;protein_741,GCF_001653415.1;protein_648,GCF_900638475.1;protein_622,GCF_016749215.1;protein_798,GCF_019974055.1;protein_1025,GCF_013122055.1;protein_890,GCF_003050665.1;protein_4
GCF_016748085.1;protein_639,GCF_002952675.1;protein_746,GCF_002951975.1;protein_742,GCF_002952595.1;protein_742,GCF_001653415.1;protein_649,GCF_900638475.1;protein_621,GCF_016749215.1;protein_797,GCF_019974055.1;protein_1026,GCF_013122055.1;protein_889,GCF_003050665.1;protein_5
GCF_016748085.1;protein_64,GCF_002952675.1;protein_1374,GCF_002951975.1;protein_1370,GCF_002952595.1;protein_1369,GCF_001653415.1;protein_123,GCF_900638475.1;protein_217,GCF_016749215.1;protein_68,GCF_019974055.1;protein_254,GCF_013122055.1;protein_250,GCF_003050665.1;protein_1045
GCF_016748085.1;protein_640,GCF_002952675.1;protein_747,GCF_002951975.1;protein_743,GCF_002952595.1;protein_743,GCF_001653415.1;protein_650,GCF_900638475.1;protein_620,GCF_016749215.1;protein_796,GCF_019974055.1;protein_1027,GCF_013122055.1;protein_888,GCF_003050665.1;protein_6
GCF_016748085.1;protein_641,GCF_002952675.1;protein_748,GCF_002951975.1;protein_744,GCF_002952595.1;protein_744,GCF_001653415.1;protein_651,GCF_900638475.1;protein_619,GCF_016749215.1;protein_795,GCF_019974055.1;protein_1028,GCF_013122055.1;protein_887,GCF_003050665.1;protein_7
GCF_016748085.1;protein_642,GCF_002952675.1;protein_749,GCF_002951975.1;protein_745,GCF_002952595.1;protein_745,GCF_001653415.1;protein_652,GCF_900638475.1;protein_618,GCF_016749215.1;protein_794,GCF_019974055.1;protein_1029,GCF_013122055.1;protein_886,GCF_003050665.1;protein_8
GCF_016748085.1;protein_643,GCF_002952675.1;protein_750,GCF_002951975.1;protein_746,GCF_002952595.1;protein_746,GCF_001653415.1;protein_653,GCF_900638475.1;protein_617,GCF_016749215.1;protein_793,GCF_019974055.1;protein_1030,GCF_013122055.1;protein_885,GCF_003050665.1;protein_9
GCF_016748085.1;protein_644,GCF_002952675.1;protein_751,GCF_002951975.1;protein_747,GCF_002952595.1;protein_747,GCF_001653415.1;protein_654,GCF_900638475.1;protein_616,GCF_016749215.1;protein_792,GCF_019974055.1;protein_1031,GCF_013122055.1;protein_884,GCF_003050665.1;protein_10
GCF_016748085.1;protein_646,GCF_002952675.1;protein_753,GCF_002951975.1;protein_749,GCF_002952595.1;protein_749,GCF_001653415.1;protein_656,GCF_900638475.1;protein_614,GCF_016749215.1;protein_790,GCF_019974055.1;protein_1036,GCF_013122055.1;protein_882,GCF_003050665.1;protein_12
GCF_016748085.1;protein_647,GCF_002952675.1;protein_754,GCF_002951975.1;protein_750,GCF_002952595.1;protein_750,GCF_001653415.1;protein_657,GCF_900638475.1;protein_613,GCF_016749215.1;protein_789,GCF_019974055.1;protein_1037,GCF_013122055.1;protein_881,GCF_003050665.1;protein_13
GCF_016748085.1;protein_648,GCF_002952675.1;protein_755,GCF_002951975.1;protein_751,GCF_002952595.1;protein_751,GCF_001653415.1;protein_658,GCF_900638475.1;protein_612,GCF_016749215.1;protein_788,GCF_019974055.1;protein_1038,GCF_013122055.1;protein_880,GCF_003050665.1;protein_14
GCF_016748085.1;protein_649,GCF_002952675.1;protein_756,GCF_002951975.1;protein_752,GCF_002952595.1;protein_752,GCF_001653415.1;protein_659,GCF_900638475.1;protein_611,GCF_016749215.1;protein_787,GCF_019974055.1;protein_1039,GCF_013122055.1;protein_879,GCF_003050665.1;protein_15
GCF_016748085.1;protein_65,GCF_002952675.1;protein_1373,GCF_002951975.1;protein_1369,GCF_002952595.1;protein_1368,GCF_001653415.1;protein_124,GCF_900638475.1;protein_218,GCF_016749215.1;protein_69,GCF_019974055.1;protein_255,GCF_013122055.1;protein_251,GCF_003050665.1;protein_1046
GCF_016748085.1;protein_650,GCF_002952675.1;protein_757,GCF_002951975.1;protein_753,GCF_002952595.1;protein_753,GCF_001653415.1;protein_660,GCF_900638475.1;protein_610,GCF_016749215.1;protein_786,GCF_019974055.1;protein_1040,GCF_013122055.1;protein_878,GCF_003050665.1;protein_16
GCF_016748085.1;protein_651,GCF_002952675.1;protein_758,GCF_002951975.1;protein_754,GCF_002952595.1;protein_754,GCF_001653415.1;protein_661,GCF_900638475.1;protein_609,GCF_016749215.1;protein_785,GCF_019974055.1;protein_1041,GCF_013122055.1;protein_877,GCF_003050665.1;protein_17
GCF_016748085.1;protein_653,GCF_002952675.1;protein_760,GCF_002951975.1;protein_756,GCF_002952595.1;protein_756,GCF_001653415.1;protein_663,GCF_900638475.1;protein_607,GCF_016749215.1;protein_783,GCF_019974055.1;protein_1043,GCF_013122055.1;protein_875,GCF_003050665.1;protein_19
GCF_016748085.1;protein_655,GCF_002952675.1;protein_762,GCF_002951975.1;protein_758,GCF_002952595.1;protein_758,GCF_001653415.1;protein_665,GCF_900638475.1;protein_605,GCF_016749215.1;protein_781,GCF_019974055.1;protein_1045,GCF_013122055.1;protein_873,GCF_003050665.1;protein_21
GCF_016748085.1;protein_656,GCF_002952675.1;protein_763,GCF_002951975.1;protein_759,GCF_002952595.1;protein_759,GCF_001653415.1;protein_666,GCF_900638475.1;protein_604,GCF_016749215.1;protein_780,GCF_019974055.1;protein_1046,GCF_013122055.1;protein_872,GCF_003050665.1;protein_22
GCF_016748085.1;protein_657,GCF_002952675.1;protein_766,GCF_002951975.1;protein_762,GCF_002952595.1;protein_762,GCF_001653415.1;protein_669,GCF_900638475.1;protein_601,GCF_016749215.1;protein_777,GCF_019974055.1;protein_1049,GCF_013122055.1;protein_869,GCF_003050665.1;protein_25
GCF_016748085.1;protein_658,GCF_002952675.1;protein_767,GCF_002951975.1;protein_763,GCF_002952595.1;protein_763,GCF_001653415.1;protein_670,GCF_900638475.1;protein_600,GCF_016749215.1;protein_776,GCF_019974055.1;protein_1050,GCF_013122055.1;protein_868,GCF_003050665.1;protein_26
GCF_016748085.1;protein_659,GCF_002952675.1;protein_768,GCF_002951975.1;protein_764,GCF_002952595.1;protein_764,GCF_001653415.1;protein_671,GCF_900638475.1;protein_599,GCF_016749215.1;protein_775,GCF_019974055.1;protein_1051,GCF_013122055.1;protein_867,GCF_003050665.1;protein_27
GCF_016748085.1;protein_66,GCF_002952675.1;protein_1372,GCF_002951975.1;protein_1368,GCF_002952595.1;protein_1367,GCF_001653415.1;protein_125,GCF_900638475.1;protein_219,GCF_016749215.1;protein_70,GCF_019974055.1;protein_256,GCF_013122055.1;protein_252,GCF_003050665.1;protein_1047
GCF_016748085.1;protein_660,GCF_002952675.1;protein_769,GCF_002951975.1;protein_765,GCF_002952595.1;protein_765,GCF_001653415.1;protein_672,GCF_900638475.1;protein_598,GCF_016749215.1;protein_774,GCF_019974055.1;protein_1052,GCF_013122055.1;protein_866,GCF_003050665.1;protein_28
GCF_016748085.1;protein_661,GCF_002952675.1;protein_770,GCF_002951975.1;protein_766,GCF_002952595.1;protein_766,GCF_001653415.1;protein_673,GCF_900638475.1;protein_597,GCF_016749215.1;protein_773,GCF_019974055.1;protein_1053,GCF_013122055.1;protein_865,GCF_003050665.1;protein_29
GCF_016748085.1;protein_662,GCF_002952675.1;protein_771,GCF_002951975.1;protein_767,GCF_002952595.1;protein_767,GCF_001653415.1;protein_674,GCF_900638475.1;protein_596,GCF_016749215.1;protein_772,GCF_019974055.1;protein_1054,GCF_013122055.1;protein_864,GCF_003050665.1;protein_30
GCF_016748085.1;protein_663,GCF_002952675.1;protein_772,GCF_002951975.1;protein_768,GCF_002952595.1;protein_768,GCF_001653415.1;protein_675,GCF_900638475.1;protein_595,GCF_016749215.1;protein_771,GCF_019974055.1;protein_1055,GCF_013122055.1;protein_863,GCF_003050665.1;protein_31
GCF_016748085.1;protein_664,GCF_002952675.1;protein_773,GCF_002951975.1;protein_769,GCF_002952595.1;protein_769,GCF_001653415.1;protein_676,GCF_900638475.1;protein_594,GCF_016749215.1;protein_770,GCF_019974055.1;protein_1056,GCF_013122055.1;protein_862,GCF_003050665.1;protein_32
GCF_016748085.1;protein_665,GCF_002952675.1;protein_774,GCF_002951975.1;protein_770,GCF_002952595.1;protein_770,GCF_001653415.1;protein_677,GCF_900638475.1;protein_593,GCF_016749215.1;protein_769,GCF_019974055.1;protein_1057,GCF_013122055.1;protein_861,GCF_003050665.1;protein_33
GCF_016748085.1;protein_667,GCF_002952675.1;protein_776,GCF_002951975.1;protein_772,GCF_002952595.1;protein_772,GCF_001653415.1;protein_679,GCF_900638475.1;protein_591,GCF_016749215.1;protein_767,GCF_019974055.1;protein_1059,GCF_013122055.1;protein_859,GCF_003050665.1;protein_35
GCF_016748085.1;protein_668,GCF_002952675.1;protein_777,GCF_002951975.1;protein_773,GCF_002952595.1;protein_773,GCF_001653415.1;protein_680,GCF_900638475.1;protein_590,GCF_016749215.1;protein_766,GCF_019974055.1;protein_1060,GCF_013122055.1;protein_858,GCF_003050665.1;protein_36
GCF_016748085.1;protein_669,GCF_002952675.1;protein_778,GCF_002951975.1;protein_774,GCF_002952595.1;protein_774,GCF_001653415.1;protein_681,GCF_900638475.1;protein_589,GCF_016749215.1;protein_765,GCF_019974055.1;protein_1061,GCF_013122055.1;protein_857,GCF_003050665.1;protein_37
GCF_016748085.1;protein_67,GCF_002952675.1;protein_1371,GCF_002951975.1;protein_1367,GCF_002952595.1;protein_1366,GCF_001653415.1;protein_126,GCF_900638475.1;protein_220,GCF_016749215.1;protein_71,GCF_019974055.1;protein_257,GCF_013122055.1;protein_253,GCF_003050665.1;protein_1048
GCF_016748085.1;protein_670,GCF_002952675.1;protein_779,GCF_002951975.1;protein_775,GCF_002952595.1;protein_775,GCF_001653415.1;protein_682,GCF_900638475.1;protein_588,GCF_016749215.1;protein_764,GCF_019974055.1;protein_1062,GCF_013122055.1;protein_856,GCF_003050665.1;protein_38
GCF_016748085.1;protein_671,GCF_002952675.1;protein_780,GCF_002951975.1;protein_776,GCF_002952595.1;protein_776,GCF_001653415.1;protein_683,GCF_900638475.1;protein_587,GCF_016749215.1;protein_763,GCF_019974055.1;protein_1063,GCF_013122055.1;protein_855,GCF_003050665.1;protein_39
GCF_016748085.1;protein_672,GCF_002952675.1;protein_781,GCF_002951975.1;protein_777,GCF_002952595.1;protein_777,GCF_001653415.1;protein_684,GCF_900638475.1;protein_586,GCF_016749215.1;protein_762,GCF_019974055.1;protein_1064,GCF_013122055.1;protein_854,GCF_003050665.1;protein_40
GCF_016748085.1;protein_673,GCF_002952675.1;protein_782,GCF_002951975.1;protein_778,GCF_002952595.1;protein_778,GCF_001653415.1;protein_685,GCF_900638475.1;protein_585,GCF_016749215.1;protein_761,GCF_019974055.1;protein_1065,GCF_013122055.1;protein_853,GCF_003050665.1;protein_41
GCF_016748085.1;protein_674,GCF_002952675.1;protein_783,GCF_002951975.1;protein_779,GCF_002952595.1;protein_779,GCF_001653415.1;protein_686,GCF_900638475.1;protein_584,GCF_016749215.1;protein_760,GCF_019974055.1;protein_1066,GCF_013122055.1;protein_852,GCF_003050665.1;protein_42
GCF_016748085.1;protein_675,GCF_002952675.1;protein_784,GCF_002951975.1;protein_780,GCF_002952595.1;protein_780,GCF_001653415.1;protein_687,GCF_900638475.1;protein_583,GCF_016749215.1;protein_759,GCF_019974055.1;protein_1067,GCF_013122055.1;protein_851,GCF_003050665.1;protein_43
GCF_016748085.1;protein_676,GCF_002952675.1;protein_785,GCF_002951975.1;protein_781,GCF_002952595.1;protein_781,GCF_001653415.1;protein_688,GCF_900638475.1;protein_582,GCF_016749215.1;protein_758,GCF_019974055.1;protein_1068,GCF_013122055.1;protein_850,GCF_003050665.1;protein_44
GCF_016748085.1;protein_677,GCF_002952675.1;protein_786,GCF_002951975.1;protein_782,GCF_002952595.1;protein_782,GCF_001653415.1;protein_689,GCF_900638475.1;protein_581,GCF_016749215.1;protein_757,GCF_019974055.1;protein_1069,GCF_013122055.1;protein_849,GCF_003050665.1;protein_45
GCF_016748085.1;protein_678,GCF_002952675.1;protein_787,GCF_002951975.1;protein_783,GCF_002952595.1;protein_783,GCF_001653415.1;protein_690,GCF_900638475.1;protein_580,GCF_016749215.1;protein_756,GCF_019974055.1;protein_1070,GCF_013122055.1;protein_848,GCF_003050665.1;protein_46
GCF_016748085.1;protein_679,GCF_002952675.1;protein_788,GCF_002951975.1;protein_784,GCF_002952595.1;protein_784,GCF_001653415.1;protein_691,GCF_900638475.1;protein_579,GCF_016749215.1;protein_755,GCF_019974055.1;protein_1071,GCF_013122055.1;protein_847,GCF_003050665.1;protein_47
GCF_016748085.1;protein_68,GCF_002952675.1;protein_1370,GCF_002951975.1;protein_1366,GCF_002952595.1;protein_1365,GCF_001653415.1;protein_127,GCF_900638475.1;protein_221,GCF_016749215.1;protein_72,GCF_019974055.1;protein_258,GCF_013122055.1;protein_254,GCF_003050665.1;protein_1049
GCF_016748085.1;protein_680,GCF_002952675.1;protein_789,GCF_002951975.1;protein_785,GCF_002952595.1;protein_785,GCF_001653415.1;protein_692,GCF_900638475.1;protein_578,GCF_016749215.1;protein_754,GCF_019974055.1;protein_1072,GCF_013122055.1;protein_846,GCF_003050665.1;protein_48
GCF_016748085.1;protein_681,GCF_002952675.1;protein_790,GCF_002951975.1;protein_786,GCF_002952595.1;protein_786,GCF_001653415.1;protein_693,GCF_900638475.1;protein_577,GCF_016749215.1;protein_753,GCF_019974055.1;protein_1073,GCF_013122055.1;protein_845,GCF_003050665.1;protein_49
GCF_016748085.1;protein_684,GCF_002952675.1;protein_795,GCF_002951975.1;protein_791,GCF_002952595.1;protein_791,GCF_001653415.1;protein_696,GCF_900638475.1;protein_573,GCF_016749215.1;protein_750,GCF_019974055.1;protein_1075,GCF_013122055.1;protein_840,GCF_003050665.1;protein_53
GCF_016748085.1;protein_685,GCF_002952675.1;protein_796,GCF_002951975.1;protein_792,GCF_002952595.1;protein_792,GCF_001653415.1;protein_697,GCF_900638475.1;protein_572,GCF_016749215.1;protein_749,GCF_019974055.1;protein_1076,GCF_013122055.1;protein_839,GCF_003050665.1;protein_54
GCF_016748085.1;protein_687,GCF_002952675.1;protein_798,GCF_002951975.1;protein_794,GCF_002952595.1;protein_794,GCF_001653415.1;protein_700,GCF_900638475.1;protein_570,GCF_016749215.1;protein_745,GCF_019974055.1;protein_1078,GCF_013122055.1;protein_837,GCF_003050665.1;protein_56
GCF_016748085.1;protein_688,GCF_002952675.1;protein_799,GCF_002951975.1;protein_795,GCF_002952595.1;protein_795,GCF_001653415.1;protein_701,GCF_900638475.1;protein_569,GCF_016749215.1;protein_744,GCF_019974055.1;protein_1079,GCF_013122055.1;protein_836,GCF_003050665.1;protein_57
GCF_016748085.1;protein_689,GCF_002952675.1;protein_800,GCF_002951975.1;protein_796,GCF_002952595.1;protein_796,GCF_001653415.1;protein_702,GCF_900638475.1;protein_568,GCF_016749215.1;protein_743,GCF_019974055.1;protein_1080,GCF_013122055.1;protein_835,GCF_003050665.1;protein_58
GCF_016748085.1;protein_69,GCF_002952675.1;protein_1369,GCF_002951975.1;protein_1365,GCF_002952595.1;protein_1364,GCF_001653415.1;protein_128,GCF_900638475.1;protein_222,GCF_016749215.1;protein_73,GCF_019974055.1;protein_259,GCF_013122055.1;protein_255,GCF_003050665.1;protein_1050
GCF_016748085.1;protein_690,GCF_002952675.1;protein_801,GCF_002951975.1;protein_797,GCF_002952595.1;protein_797,GCF_001653415.1;protein_703,GCF_900638475.1;protein_567,GCF_016749215.1;protein_742,GCF_019974055.1;protein_1081,GCF_013122055.1;protein_834,GCF_003050665.1;protein_59
GCF_016748085.1;protein_691,GCF_002952675.1;protein_802,GCF_002951975.1;protein_798,GCF_002952595.1;protein_798,GCF_001653415.1;protein_704,GCF_900638475.1;protein_566,GCF_016749215.1;protein_741,GCF_019974055.1;protein_1082,GCF_013122055.1;protein_833,GCF_003050665.1;protein_60
GCF_016748085.1;protein_694,GCF_002952675.1;protein_805,GCF_002951975.1;protein_801,GCF_002952595.1;protein_801,GCF_001653415.1;protein_707,GCF_900638475.1;protein_563,GCF_016749215.1;protein_738,GCF_019974055.1;protein_1085,GCF_013122055.1;protein_830,GCF_003050665.1;protein_65
GCF_016748085.1;protein_695,GCF_002952675.1;protein_807,GCF_002951975.1;protein_803,GCF_002952595.1;protein_803,GCF_001653415.1;protein_708,GCF_900638475.1;protein_562,GCF_016749215.1;protein_737,GCF_019974055.1;protein_1086,GCF_013122055.1;protein_828,GCF_003050665.1;protein_66
GCF_016748085.1;protein_696,GCF_002952675.1;protein_808,GCF_002951975.1;protein_804,GCF_002952595.1;protein_804,GCF_001653415.1;protein_709,GCF_900638475.1;protein_561,GCF_016749215.1;protein_736,GCF_019974055.1;protein_1087,GCF_013122055.1;protein_827,GCF_003050665.1;protein_67
GCF_016748085.1;protein_697,GCF_002952675.1;protein_809,GCF_002951975.1;protein_805,GCF_002952595.1;protein_805,GCF_001653415.1;protein_710,GCF_900638475.1;protein_560,GCF_016749215.1;protein_735,GCF_019974055.1;protein_1088,GCF_013122055.1;protein_826,GCF_003050665.1;protein_68
GCF_016748085.1;protein_698,GCF_002952675.1;protein_810,GCF_002951975.1;protein_806,GCF_002952595.1;protein_806,GCF_001653415.1;protein_711,GCF_900638475.1;protein_559,GCF_016749215.1;protein_734,GCF_019974055.1;protein_1089,GCF_013122055.1;protein_825,GCF_003050665.1;protein_69
GCF_016748085.1;protein_7,GCF_002952675.1;protein_1477,GCF_002951975.1;protein_1473,GCF_002952595.1;protein_1472,GCF_001653415.1;protein_62,GCF_900638475.1;protein_160,GCF_016749215.1;protein_8,GCF_019974055.1;protein_172,GCF_013122055.1;protein_193,GCF_003050665.1;protein_984
GCF_016748085.1;protein_702,GCF_002952675.1;protein_811,GCF_002951975.1;protein_807,GCF_002952595.1;protein_807,GCF_001653415.1;protein_721,GCF_900638475.1;protein_549,GCF_016749215.1;protein_724,GCF_019974055.1;protein_1090,GCF_013122055.1;protein_824,GCF_003050665.1;protein_70
GCF_016748085.1;protein_703,GCF_002952675.1;protein_812,GCF_002951975.1;protein_808,GCF_002952595.1;protein_808,GCF_001653415.1;protein_720,GCF_900638475.1;protein_550,GCF_016749215.1;protein_725,GCF_019974055.1;protein_1091,GCF_013122055.1;protein_823,GCF_003050665.1;protein_71
GCF_016748085.1;protein_704,GCF_002952675.1;protein_813,GCF_002951975.1;protein_809,GCF_002952595.1;protein_809,GCF_001653415.1;protein_719,GCF_900638475.1;protein_551,GCF_016749215.1;protein_726,GCF_019974055.1;protein_1092,GCF_013122055.1;protein_822,GCF_003050665.1;protein_72
GCF_016748085.1;protein_705,GCF_002952675.1;protein_814,GCF_002951975.1;protein_810,GCF_002952595.1;protein_810,GCF_001653415.1;protein_718,GCF_900638475.1;protein_552,GCF_016749215.1;protein_727,GCF_019974055.1;protein_1093,GCF_013122055.1;protein_821,GCF_003050665.1;protein_73
GCF_016748085.1;protein_706,GCF_002952675.1;protein_815,GCF_002951975.1;protein_811,GCF_002952595.1;protein_811,GCF_001653415.1;protein_717,GCF_900638475.1;protein_553,GCF_016749215.1;protein_728,GCF_019974055.1;protein_1094,GCF_013122055.1;protein_820,GCF_003050665.1;protein_74
GCF_016748085.1;protein_707,GCF_002952675.1;protein_816,GCF_002951975.1;protein_812,GCF_002952595.1;protein_812,GCF_001653415.1;protein_716,GCF_900638475.1;protein_554,GCF_016749215.1;protein_729,GCF_019974055.1;protein_1095,GCF_013122055.1;protein_819,GCF_003050665.1;protein_75
GCF_016748085.1;protein_708,GCF_002952675.1;protein_817,GCF_002951975.1;protein_813,GCF_002952595.1;protein_813,GCF_001653415.1;protein_715,GCF_900638475.1;protein_555,GCF_016749215.1;protein_730,GCF_019974055.1;protein_1096,GCF_013122055.1;protein_818,GCF_003050665.1;protein_76
GCF_016748085.1;protein_709,GCF_002952675.1;protein_818,GCF_002951975.1;protein_814,GCF_002952595.1;protein_814,GCF_001653415.1;protein_714,GCF_900638475.1;protein_556,GCF_016749215.1;protein_731,GCF_019974055.1;protein_1097,GCF_013122055.1;protein_817,GCF_003050665.1;protein_77
GCF_016748085.1;protein_710,GCF_002952675.1;protein_819,GCF_002951975.1;protein_815,GCF_002952595.1;protein_815,GCF_001653415.1;protein_722,GCF_900638475.1;protein_548,GCF_016749215.1;protein_723,GCF_019974055.1;protein_1098,GCF_013122055.1;protein_815,GCF_003050665.1;protein_78
GCF_016748085.1;protein_711,GCF_002952675.1;protein_820,GCF_002951975.1;protein_816,GCF_002952595.1;protein_816,GCF_001653415.1;protein_723,GCF_900638475.1;protein_547,GCF_016749215.1;protein_722,GCF_019974055.1;protein_1099,GCF_013122055.1;protein_814,GCF_003050665.1;protein_79
GCF_016748085.1;protein_712,GCF_002952675.1;protein_821,GCF_002951975.1;protein_817,GCF_002952595.1;protein_817,GCF_001653415.1;protein_724,GCF_900638475.1;protein_546,GCF_016749215.1;protein_721,GCF_019974055.1;protein_1100,GCF_013122055.1;protein_813,GCF_003050665.1;protein_80
GCF_016748085.1;protein_713,GCF_002952675.1;protein_822,GCF_002951975.1;protein_818,GCF_002952595.1;protein_818,GCF_001653415.1;protein_725,GCF_900638475.1;protein_545,GCF_016749215.1;protein_720,GCF_019974055.1;protein_1101,GCF_013122055.1;protein_812,GCF_003050665.1;protein_81
GCF_016748085.1;protein_714,GCF_002952675.1;protein_823,GCF_002951975.1;protein_819,GCF_002952595.1;protein_819,GCF_001653415.1;protein_726,GCF_900638475.1;protein_544,GCF_016749215.1;protein_719,GCF_019974055.1;protein_1102,GCF_013122055.1;protein_811,GCF_003050665.1;protein_82
GCF_016748085.1;protein_717,GCF_002952675.1;protein_827,GCF_002951975.1;protein_822,GCF_002952595.1;protein_822,GCF_001653415.1;protein_727,GCF_900638475.1;protein_540,GCF_016749215.1;protein_718,GCF_019974055.1;protein_1105,GCF_013122055.1;protein_809,GCF_003050665.1;protein_87
GCF_016748085.1;protein_718,GCF_002952675.1;protein_828,GCF_002951975.1;protein_823,GCF_002952595.1;protein_823,GCF_001653415.1;protein_728,GCF_900638475.1;protein_539,GCF_016749215.1;protein_717,GCF_019974055.1;protein_1106,GCF_013122055.1;protein_808,GCF_003050665.1;protein_88
GCF_016748085.1;protein_719,GCF_002952675.1;protein_829,GCF_002951975.1;protein_824,GCF_002952595.1;protein_824,GCF_001653415.1;protein_729,GCF_900638475.1;protein_538,GCF_016749215.1;protein_716,GCF_019974055.1;protein_1107,GCF_013122055.1;protein_807,GCF_003050665.1;protein_89
GCF_016748085.1;protein_72,GCF_002952675.1;protein_1367,GCF_002951975.1;protein_1363,GCF_002952595.1;protein_1362,GCF_001653415.1;protein_131,GCF_900638475.1;protein_224,GCF_016749215.1;protein_79,GCF_019974055.1;protein_261,GCF_013122055.1;protein_258,GCF_003050665.1;protein_1052
GCF_016748085.1;protein_720,GCF_002952675.1;protein_830,GCF_002951975.1;protein_825,GCF_002952595.1;protein_825,GCF_001653415.1;protein_730,GCF_900638475.1;protein_537,GCF_016749215.1;protein_715,GCF_019974055.1;protein_1108,GCF_013122055.1;protein_806,GCF_003050665.1;protein_90
GCF_016748085.1;protein_721,GCF_002952675.1;protein_831,GCF_002951975.1;protein_826,GCF_002952595.1;protein_826,GCF_001653415.1;protein_731,GCF_900638475.1;protein_536,GCF_016749215.1;protein_713,GCF_019974055.1;protein_1109,GCF_013122055.1;protein_805,GCF_003050665.1;protein_91
GCF_016748085.1;protein_723,GCF_002952675.1;protein_833,GCF_002951975.1;protein_828,GCF_002952595.1;protein_828,GCF_001653415.1;protein_733,GCF_900638475.1;protein_815,GCF_016749215.1;protein_711,GCF_019974055.1;protein_552,GCF_013122055.1;protein_803,GCF_003050665.1;protein_93
GCF_016748085.1;protein_724,GCF_002952675.1;protein_761,GCF_002951975.1;protein_757,GCF_002952595.1;protein_757,GCF_001653415.1;protein_664,GCF_900638475.1;protein_606,GCF_016749215.1;protein_782,GCF_019974055.1;protein_1044,GCF_013122055.1;protein_874,GCF_003050665.1;protein_20
GCF_016748085.1;protein_725,GCF_002952675.1;protein_835,GCF_002951975.1;protein_830,GCF_002952595.1;protein_830,GCF_001653415.1;protein_735,GCF_900638475.1;protein_816,GCF_016749215.1;protein_709,GCF_019974055.1;protein_750,GCF_013122055.1;protein_800,GCF_003050665.1;protein_94
GCF_016748085.1;protein_726,GCF_002952675.1;protein_836,GCF_002951975.1;protein_831,GCF_002952595.1;protein_831,GCF_001653415.1;protein_736,GCF_900638475.1;protein_817,GCF_016749215.1;protein_708,GCF_019974055.1;protein_749,GCF_013122055.1;protein_799,GCF_003050665.1;protein_95
GCF_016748085.1;protein_727,GCF_002952675.1;protein_837,GCF_002951975.1;protein_832,GCF_002952595.1;protein_832,GCF_001653415.1;protein_737,GCF_900638475.1;protein_818,GCF_016749215.1;protein_707,GCF_019974055.1;protein_748,GCF_013122055.1;protein_798,GCF_003050665.1;protein_96
GCF_016748085.1;protein_728,GCF_002952675.1;protein_838,GCF_002951975.1;protein_833,GCF_002952595.1;protein_833,GCF_001653415.1;protein_738,GCF_900638475.1;protein_819,GCF_016749215.1;protein_706,GCF_019974055.1;protein_747,GCF_013122055.1;protein_797,GCF_003050665.1;protein_97
GCF_016748085.1;protein_729,GCF_002952675.1;protein_839,GCF_002951975.1;protein_834,GCF_002952595.1;protein_834,GCF_001653415.1;protein_739,GCF_900638475.1;protein_820,GCF_016749215.1;protein_705,GCF_019974055.1;protein_746,GCF_013122055.1;protein_796,GCF_003050665.1;protein_98
GCF_016748085.1;protein_730,GCF_002952675.1;protein_840,GCF_002951975.1;protein_835,GCF_002952595.1;protein_835,GCF_001653415.1;protein_740,GCF_900638475.1;protein_821,GCF_016749215.1;protein_704,GCF_019974055.1;protein_745,GCF_013122055.1;protein_795,GCF_003050665.1;protein_99
GCF_016748085.1;protein_731,GCF_002952675.1;protein_841,GCF_002951975.1;protein_836,GCF_002952595.1;protein_836,GCF_001653415.1;protein_741,GCF_900638475.1;protein_822,GCF_016749215.1;protein_703,GCF_019974055.1;protein_744,GCF_013122055.1;protein_794,GCF_003050665.1;protein_100
GCF_016748085.1;protein_733,GCF_002952675.1;protein_843,GCF_002951975.1;protein_838,GCF_002952595.1;protein_838,GCF_001653415.1;protein_1524,GCF_900638475.1;protein_825,GCF_016749215.1;protein_700,GCF_019974055.1;protein_742,GCF_013122055.1;protein_792,GCF_003050665.1;protein_103
GCF_016748085.1;protein_734,GCF_002952675.1;protein_844,GCF_002951975.1;protein_839,GCF_002952595.1;protein_839,GCF_001653415.1;protein_1525,GCF_900638475.1;protein_824,GCF_016749215.1;protein_701,GCF_019974055.1;protein_741,GCF_013122055.1;protein_791,GCF_003050665.1;protein_102
GCF_016748085.1;protein_735,GCF_002952675.1;protein_845,GCF_002951975.1;protein_840,GCF_002952595.1;protein_840,GCF_001653415.1;protein_742,GCF_900638475.1;protein_823,GCF_016749215.1;protein_699,GCF_019974055.1;protein_743,GCF_013122055.1;protein_790,GCF_003050665.1;protein_104
GCF_016748085.1;protein_736,GCF_002952675.1;protein_846,GCF_002951975.1;protein_841,GCF_002952595.1;protein_841,GCF_001653415.1;protein_744,GCF_900638475.1;protein_827,GCF_016749215.1;protein_698,GCF_019974055.1;protein_739,GCF_013122055.1;protein_789,GCF_003050665.1;protein_105
GCF_016748085.1;protein_737,GCF_002952675.1;protein_847,GCF_002951975.1;protein_842,GCF_002952595.1;protein_842,GCF_001653415.1;protein_745,GCF_900638475.1;protein_828,GCF_016749215.1;protein_697,GCF_019974055.1;protein_738,GCF_013122055.1;protein_788,GCF_003050665.1;protein_106
GCF_016748085.1;protein_738,GCF_002952675.1;protein_848,GCF_002951975.1;protein_843,GCF_002952595.1;protein_843,GCF_001653415.1;protein_746,GCF_900638475.1;protein_829,GCF_016749215.1;protein_696,GCF_019974055.1;protein_737,GCF_013122055.1;protein_787,GCF_003050665.1;protein_107
GCF_016748085.1;protein_740,GCF_002952675.1;protein_850,GCF_002951975.1;protein_845,GCF_002952595.1;protein_845,GCF_001653415.1;protein_748,GCF_900638475.1;protein_831,GCF_016749215.1;protein_694,GCF_019974055.1;protein_735,GCF_013122055.1;protein_785,GCF_003050665.1;protein_109
GCF_016748085.1;protein_745,GCF_002952675.1;protein_854,GCF_002951975.1;protein_849,GCF_002952595.1;protein_849,GCF_001653415.1;protein_752,GCF_900638475.1;protein_834,GCF_016749215.1;protein_691,GCF_019974055.1;protein_726,GCF_013122055.1;protein_782,GCF_003050665.1;protein_114
GCF_016748085.1;protein_746,GCF_002952675.1;protein_855,GCF_002951975.1;protein_850,GCF_002952595.1;protein_850,GCF_001653415.1;protein_753,GCF_900638475.1;protein_835,GCF_016749215.1;protein_690,GCF_019974055.1;protein_725,GCF_013122055.1;protein_781,GCF_003050665.1;protein_115
GCF_016748085.1;protein_747,GCF_002952675.1;protein_856,GCF_002951975.1;protein_851,GCF_002952595.1;protein_851,GCF_001653415.1;protein_754,GCF_900638475.1;protein_836,GCF_016749215.1;protein_689,GCF_019974055.1;protein_724,GCF_013122055.1;protein_780,GCF_003050665.1;protein_116
GCF_016748085.1;protein_748,GCF_002952675.1;protein_857,GCF_002951975.1;protein_852,GCF_002952595.1;protein_852,GCF_001653415.1;protein_755,GCF_900638475.1;protein_837,GCF_016749215.1;protein_688,GCF_019974055.1;protein_723,GCF_013122055.1;protein_779,GCF_003050665.1;protein_117
GCF_016748085.1;protein_749,GCF_002952675.1;protein_858,GCF_002951975.1;protein_853,GCF_002952595.1;protein_853,GCF_001653415.1;protein_756,GCF_900638475.1;protein_838,GCF_016749215.1;protein_687,GCF_019974055.1;protein_722,GCF_013122055.1;protein_778,GCF_003050665.1;protein_118
GCF_016748085.1;protein_75,GCF_002952675.1;protein_1365,GCF_002951975.1;protein_1360,GCF_002952595.1;protein_1360,GCF_001653415.1;protein_133,GCF_900638475.1;protein_226,GCF_016749215.1;protein_81,GCF_019974055.1;protein_263,GCF_013122055.1;protein_260,GCF_003050665.1;protein_1054
GCF_016748085.1;protein_750,GCF_002952675.1;protein_859,GCF_002951975.1;protein_854,GCF_002952595.1;protein_854,GCF_001653415.1;protein_757,GCF_900638475.1;protein_839,GCF_016749215.1;protein_686,GCF_019974055.1;protein_721,GCF_013122055.1;protein_777,GCF_003050665.1;protein_119
GCF_016748085.1;protein_751,GCF_002952675.1;protein_860,GCF_002951975.1;protein_855,GCF_002952595.1;protein_855,GCF_001653415.1;protein_758,GCF_900638475.1;protein_840,GCF_016749215.1;protein_685,GCF_019974055.1;protein_720,GCF_013122055.1;protein_776,GCF_003050665.1;protein_120
GCF_016748085.1;protein_752,GCF_002952675.1;protein_861,GCF_002951975.1;protein_856,GCF_002952595.1;protein_856,GCF_001653415.1;protein_759,GCF_900638475.1;protein_841,GCF_016749215.1;protein_684,GCF_019974055.1;protein_719,GCF_013122055.1;protein_775,GCF_003050665.1;protein_121
GCF_016748085.1;protein_753,GCF_002952675.1;protein_862,GCF_002951975.1;protein_857,GCF_002952595.1;protein_857,GCF_001653415.1;protein_760,GCF_900638475.1;protein_842,GCF_016749215.1;protein_683,GCF_019974055.1;protein_718,GCF_013122055.1;protein_774,GCF_003050665.1;protein_122
GCF_016748085.1;protein_754,GCF_002952675.1;protein_863,GCF_002951975.1;protein_858,GCF_002952595.1;protein_858,GCF_001653415.1;protein_761,GCF_900638475.1;protein_843,GCF_016749215.1;protein_682,GCF_019974055.1;protein_717,GCF_013122055.1;protein_773,GCF_003050665.1;protein_123
GCF_016748085.1;protein_757,GCF_002952675.1;protein_866,GCF_002951975.1;protein_861,GCF_002952595.1;protein_861,GCF_001653415.1;protein_764,GCF_900638475.1;protein_846,GCF_016749215.1;protein_679,GCF_019974055.1;protein_714,GCF_013122055.1;protein_770,GCF_003050665.1;protein_126
GCF_016748085.1;protein_758,GCF_002952675.1;protein_867,GCF_002951975.1;protein_862,GCF_002952595.1;protein_862,GCF_001653415.1;protein_765,GCF_900638475.1;protein_847,GCF_016749215.1;protein_678,GCF_019974055.1;protein_713,GCF_013122055.1;protein_769,GCF_003050665.1;protein_127
GCF_016748085.1;protein_759,GCF_002952675.1;protein_868,GCF_002951975.1;protein_863,GCF_002952595.1;protein_863,GCF_001653415.1;protein_766,GCF_900638475.1;protein_848,GCF_016749215.1;protein_677,GCF_019974055.1;protein_712,GCF_013122055.1;protein_768,GCF_003050665.1;protein_128
GCF_016748085.1;protein_76,GCF_002952675.1;protein_1364,GCF_002951975.1;protein_1359,GCF_002952595.1;protein_1359,GCF_001653415.1;protein_134,GCF_900638475.1;protein_227,GCF_016749215.1;protein_82,GCF_019974055.1;protein_264,GCF_013122055.1;protein_261,GCF_003050665.1;protein_1055
GCF_016748085.1;protein_760,GCF_002952675.1;protein_869,GCF_002951975.1;protein_864,GCF_002952595.1;protein_864,GCF_001653415.1;protein_767,GCF_900638475.1;protein_849,GCF_016749215.1;protein_676,GCF_019974055.1;protein_711,GCF_013122055.1;protein_767,GCF_003050665.1;protein_129
GCF_016748085.1;protein_761,GCF_002952675.1;protein_870,GCF_002951975.1;protein_865,GCF_002952595.1;protein_865,GCF_001653415.1;protein_768,GCF_900638475.1;protein_850,GCF_016749215.1;protein_675,GCF_019974055.1;protein_710,GCF_013122055.1;protein_766,GCF_003050665.1;protein_130
GCF_016748085.1;protein_762,GCF_002952675.1;protein_871,GCF_002951975.1;protein_866,GCF_002952595.1;protein_866,GCF_001653415.1;protein_769,GCF_900638475.1;protein_851,GCF_016749215.1;protein_674,GCF_019974055.1;protein_709,GCF_013122055.1;protein_765,GCF_003050665.1;protein_131
GCF_016748085.1;protein_763,GCF_002952675.1;protein_872,GCF_002951975.1;protein_867,GCF_002952595.1;protein_867,GCF_001653415.1;protein_770,GCF_900638475.1;protein_852,GCF_016749215.1;protein_673,GCF_019974055.1;protein_708,GCF_013122055.1;protein_764,GCF_003050665.1;protein_132
GCF_016748085.1;protein_764,GCF_002952675.1;protein_873,GCF_002951975.1;protein_868,GCF_002952595.1;protein_868,GCF_001653415.1;protein_771,GCF_900638475.1;protein_853,GCF_016749215.1;protein_672,GCF_019974055.1;protein_707,GCF_013122055.1;protein_763,GCF_003050665.1;protein_133
GCF_016748085.1;protein_765,GCF_002952675.1;protein_874,GCF_002951975.1;protein_869,GCF_002952595.1;protein_869,GCF_001653415.1;protein_772,GCF_900638475.1;protein_854,GCF_016749215.1;protein_671,GCF_019974055.1;protein_706,GCF_013122055.1;protein_762,GCF_003050665.1;protein_134
GCF_016748085.1;protein_766,GCF_002952675.1;protein_875,GCF_002951975.1;protein_870,GCF_002952595.1;protein_870,GCF_001653415.1;protein_773,GCF_900638475.1;protein_855,GCF_016749215.1;protein_670,GCF_019974055.1;protein_705,GCF_013122055.1;protein_761,GCF_003050665.1;protein_135
GCF_016748085.1;protein_767,GCF_002952675.1;protein_876,GCF_002951975.1;protein_871,GCF_002952595.1;protein_871,GCF_001653415.1;protein_774,GCF_900638475.1;protein_856,GCF_016749215.1;protein_669,GCF_019974055.1;protein_704,GCF_013122055.1;protein_760,GCF_003050665.1;protein_136
GCF_016748085.1;protein_769,GCF_002952675.1;protein_878,GCF_002951975.1;protein_873,GCF_002952595.1;protein_873,GCF_001653415.1;protein_776,GCF_900638475.1;protein_858,GCF_016749215.1;protein_667,GCF_019974055.1;protein_702,GCF_013122055.1;protein_758,GCF_003050665.1;protein_138
GCF_016748085.1;protein_77,GCF_002952675.1;protein_1363,GCF_002951975.1;protein_1358,GCF_002952595.1;protein_1358,GCF_001653415.1;protein_135,GCF_900638475.1;protein_228,GCF_016749215.1;protein_83,GCF_019974055.1;protein_265,GCF_013122055.1;protein_262,GCF_003050665.1;protein_1056
GCF_016748085.1;protein_770,GCF_002952675.1;protein_879,GCF_002951975.1;protein_874,GCF_002952595.1;protein_874,GCF_001653415.1;protein_777,GCF_900638475.1;protein_859,GCF_016749215.1;protein_666,GCF_019974055.1;protein_701,GCF_013122055.1;protein_757,GCF_003050665.1;protein_139
GCF_016748085.1;protein_771,GCF_002952675.1;protein_880,GCF_002951975.1;protein_875,GCF_002952595.1;protein_875,GCF_001653415.1;protein_778,GCF_900638475.1;protein_860,GCF_016749215.1;protein_665,GCF_019974055.1;protein_700,GCF_013122055.1;protein_756,GCF_003050665.1;protein_140
GCF_016748085.1;protein_772,GCF_002952675.1;protein_881,GCF_002951975.1;protein_876,GCF_002952595.1;protein_876,GCF_001653415.1;protein_779,GCF_900638475.1;protein_861,GCF_016749215.1;protein_664,GCF_019974055.1;protein_699,GCF_013122055.1;protein_755,GCF_003050665.1;protein_141
GCF_016748085.1;protein_773,GCF_002952675.1;protein_882,GCF_002951975.1;protein_877,GCF_002952595.1;protein_877,GCF_001653415.1;protein_780,GCF_900638475.1;protein_862,GCF_016749215.1;protein_663,GCF_019974055.1;protein_698,GCF_013122055.1;protein_754,GCF_003050665.1;protein_142
GCF_016748085.1;protein_774,GCF_002952675.1;protein_883,GCF_002951975.1;protein_878,GCF_002952595.1;protein_878,GCF_001653415.1;protein_781,GCF_900638475.1;protein_863,GCF_016749215.1;protein_662,GCF_019974055.1;protein_697,GCF_013122055.1;protein_753,GCF_003050665.1;protein_143
GCF_016748085.1;protein_775,GCF_002952675.1;protein_884,GCF_002951975.1;protein_879,GCF_002952595.1;protein_879,GCF_001653415.1;protein_782,GCF_900638475.1;protein_864,GCF_016749215.1;protein_661,GCF_019974055.1;protein_696,GCF_013122055.1;protein_752,GCF_003050665.1;protein_144
GCF_016748085.1;protein_78,GCF_002952675.1;protein_1362,GCF_002951975.1;protein_1357,GCF_002952595.1;protein_1357,GCF_001653415.1;protein_136,GCF_900638475.1;protein_229,GCF_016749215.1;protein_84,GCF_019974055.1;protein_266,GCF_013122055.1;protein_263,GCF_003050665.1;protein_1057
GCF_016748085.1;protein_781,GCF_002952675.1;protein_889,GCF_002951975.1;protein_884,GCF_002952595.1;protein_884,GCF_001653415.1;protein_787,GCF_900638475.1;protein_869,GCF_016749215.1;protein_657,GCF_019974055.1;protein_692,GCF_013122055.1;protein_746,GCF_003050665.1;protein_149
GCF_016748085.1;protein_782,GCF_002952675.1;protein_890,GCF_002951975.1;protein_885,GCF_002952595.1;protein_885,GCF_001653415.1;protein_788,GCF_900638475.1;protein_870,GCF_016749215.1;protein_656,GCF_019974055.1;protein_691,GCF_013122055.1;protein_745,GCF_003050665.1;protein_150
GCF_016748085.1;protein_783,GCF_002952675.1;protein_891,GCF_002951975.1;protein_886,GCF_002952595.1;protein_886,GCF_001653415.1;protein_789,GCF_900638475.1;protein_871,GCF_016749215.1;protein_655,GCF_019974055.1;protein_690,GCF_013122055.1;protein_744,GCF_003050665.1;protein_151
GCF_016748085.1;protein_784,GCF_002952675.1;protein_892,GCF_002951975.1;protein_887,GCF_002952595.1;protein_887,GCF_001653415.1;protein_790,GCF_900638475.1;protein_872,GCF_016749215.1;protein_654,GCF_019974055.1;protein_689,GCF_013122055.1;protein_743,GCF_003050665.1;protein_152
GCF_016748085.1;protein_785,GCF_002952675.1;protein_893,GCF_002951975.1;protein_888,GCF_002952595.1;protein_888,GCF_001653415.1;protein_791,GCF_900638475.1;protein_873,GCF_016749215.1;protein_653,GCF_019974055.1;protein_688,GCF_013122055.1;protein_742,GCF_003050665.1;protein_153
GCF_016748085.1;protein_786,GCF_002952675.1;protein_894,GCF_002951975.1;protein_889,GCF_002952595.1;protein_889,GCF_001653415.1;protein_792,GCF_900638475.1;protein_874,GCF_016749215.1;protein_652,GCF_019974055.1;protein_687,GCF_013122055.1;protein_741,GCF_003050665.1;protein_154
GCF_016748085.1;protein_787,GCF_002952675.1;protein_895,GCF_002951975.1;protein_890,GCF_002952595.1;protein_890,GCF_001653415.1;protein_793,GCF_900638475.1;protein_875,GCF_016749215.1;protein_651,GCF_019974055.1;protein_686,GCF_013122055.1;protein_740,GCF_003050665.1;protein_155
GCF_016748085.1;protein_788,GCF_002952675.1;protein_896,GCF_002951975.1;protein_891,GCF_002952595.1;protein_891,GCF_001653415.1;protein_794,GCF_900638475.1;protein_876,GCF_016749215.1;protein_650,GCF_019974055.1;protein_685,GCF_013122055.1;protein_739,GCF_003050665.1;protein_156
GCF_016748085.1;protein_789,GCF_002952675.1;protein_897,GCF_002951975.1;protein_892,GCF_002952595.1;protein_892,GCF_001653415.1;protein_795,GCF_900638475.1;protein_877,GCF_016749215.1;protein_649,GCF_019974055.1;protein_684,GCF_013122055.1;protein_738,GCF_003050665.1;protein_157
GCF_016748085.1;protein_79,GCF_002952675.1;protein_1361,GCF_002951975.1;protein_1356,GCF_002952595.1;protein_1356,GCF_001653415.1;protein_137,GCF_900638475.1;protein_230,GCF_016749215.1;protein_85,GCF_019974055.1;protein_267,GCF_013122055.1;protein_264,GCF_003050665.1;protein_1058
GCF_016748085.1;protein_790,GCF_002952675.1;protein_898,GCF_002951975.1;protein_893,GCF_002952595.1;protein_893,GCF_001653415.1;protein_796,GCF_900638475.1;protein_878,GCF_016749215.1;protein_648,GCF_019974055.1;protein_683,GCF_013122055.1;protein_737,GCF_003050665.1;protein_158
GCF_016748085.1;protein_791,GCF_002952675.1;protein_899,GCF_002951975.1;protein_894,GCF_002952595.1;protein_894,GCF_001653415.1;protein_797,GCF_900638475.1;protein_879,GCF_016749215.1;protein_647,GCF_019974055.1;protein_682,GCF_013122055.1;protein_736,GCF_003050665.1;protein_159
GCF_016748085.1;protein_792,GCF_002952675.1;protein_900,GCF_002951975.1;protein_895,GCF_002952595.1;protein_895,GCF_001653415.1;protein_798,GCF_900638475.1;protein_880,GCF_016749215.1;protein_646,GCF_019974055.1;protein_681,GCF_013122055.1;protein_735,GCF_003050665.1;protein_160
GCF_016748085.1;protein_793,GCF_002952675.1;protein_901,GCF_002951975.1;protein_896,GCF_002952595.1;protein_896,GCF_001653415.1;protein_799,GCF_900638475.1;protein_881,GCF_016749215.1;protein_645,GCF_019974055.1;protein_680,GCF_013122055.1;protein_734,GCF_003050665.1;protein_161
GCF_016748085.1;protein_794,GCF_002952675.1;protein_902,GCF_002951975.1;protein_897,GCF_002952595.1;protein_897,GCF_001653415.1;protein_801,GCF_900638475.1;protein_882,GCF_016749215.1;protein_643,GCF_019974055.1;protein_679,GCF_013122055.1;protein_733,GCF_003050665.1;protein_163
GCF_016748085.1;protein_795,GCF_002952675.1;protein_903,GCF_002951975.1;protein_898,GCF_002952595.1;protein_898,GCF_001653415.1;protein_802,GCF_900638475.1;protein_883,GCF_016749215.1;protein_642,GCF_019974055.1;protein_678,GCF_013122055.1;protein_732,GCF_003050665.1;protein_164
GCF_016748085.1;protein_796,GCF_002952675.1;protein_904,GCF_002951975.1;protein_899,GCF_002952595.1;protein_899,GCF_001653415.1;protein_803,GCF_900638475.1;protein_884,GCF_016749215.1;protein_641,GCF_019974055.1;protein_677,GCF_013122055.1;protein_731,GCF_003050665.1;protein_165
GCF_016748085.1;protein_797,GCF_002952675.1;protein_905,GCF_002951975.1;protein_900,GCF_002952595.1;protein_900,GCF_001653415.1;protein_804,GCF_900638475.1;protein_885,GCF_016749215.1;protein_640,GCF_019974055.1;protein_676,GCF_013122055.1;protein_730,GCF_003050665.1;protein_166
GCF_016748085.1;protein_798,GCF_002952675.1;protein_906,GCF_002951975.1;protein_901,GCF_002952595.1;protein_901,GCF_001653415.1;protein_805,GCF_900638475.1;protein_886,GCF_016749215.1;protein_639,GCF_019974055.1;protein_675,GCF_013122055.1;protein_729,GCF_003050665.1;protein_167
GCF_016748085.1;protein_799,GCF_002952675.1;protein_907,GCF_002951975.1;protein_902,GCF_002952595.1;protein_902,GCF_001653415.1;protein_806,GCF_900638475.1;protein_887,GCF_016749215.1;protein_638,GCF_019974055.1;protein_674,GCF_013122055.1;protein_728,GCF_003050665.1;protein_168
GCF_016748085.1;protein_8,GCF_002952675.1;protein_1476,GCF_002951975.1;protein_1472,GCF_002952595.1;protein_1471,GCF_001653415.1;protein_63,GCF_900638475.1;protein_161,GCF_016749215.1;protein_9,GCF_019974055.1;protein_171,GCF_013122055.1;protein_194,GCF_003050665.1;protein_985
GCF_016748085.1;protein_80,GCF_002952675.1;protein_1360,GCF_002951975.1;protein_1355,GCF_002952595.1;protein_1355,GCF_001653415.1;protein_138,GCF_900638475.1;protein_231,GCF_016749215.1;protein_86,GCF_019974055.1;protein_268,GCF_013122055.1;protein_265,GCF_003050665.1;protein_1059
GCF_016748085.1;protein_800,GCF_002952675.1;protein_908,GCF_002951975.1;protein_903,GCF_002952595.1;protein_903,GCF_001653415.1;protein_807,GCF_900638475.1;protein_888,GCF_016749215.1;protein_637,GCF_019974055.1;protein_673,GCF_013122055.1;protein_727,GCF_003050665.1;protein_169
GCF_016748085.1;protein_802,GCF_002952675.1;protein_910,GCF_002951975.1;protein_905,GCF_002952595.1;protein_905,GCF_001653415.1;protein_809,GCF_900638475.1;protein_892,GCF_016749215.1;protein_631,GCF_019974055.1;protein_668,GCF_013122055.1;protein_725,GCF_003050665.1;protein_171
GCF_016748085.1;protein_803,GCF_002952675.1;protein_911,GCF_002951975.1;protein_906,GCF_002952595.1;protein_906,GCF_001653415.1;protein_810,GCF_900638475.1;protein_893,GCF_016749215.1;protein_630,GCF_019974055.1;protein_667,GCF_013122055.1;protein_724,GCF_003050665.1;protein_172
GCF_016748085.1;protein_804,GCF_002952675.1;protein_912,GCF_002951975.1;protein_907,GCF_002952595.1;protein_907,GCF_001653415.1;protein_811,GCF_900638475.1;protein_894,GCF_016749215.1;protein_629,GCF_019974055.1;protein_666,GCF_013122055.1;protein_723,GCF_003050665.1;protein_173
GCF_016748085.1;protein_805,GCF_002952675.1;protein_913,GCF_002951975.1;protein_908,GCF_002952595.1;protein_908,GCF_001653415.1;protein_812,GCF_900638475.1;protein_895,GCF_016749215.1;protein_628,GCF_019974055.1;protein_665,GCF_013122055.1;protein_722,GCF_003050665.1;protein_174
GCF_016748085.1;protein_806,GCF_002952675.1;protein_914,GCF_002951975.1;protein_909,GCF_002952595.1;protein_909,GCF_001653415.1;protein_813,GCF_900638475.1;protein_896,GCF_016749215.1;protein_627,GCF_019974055.1;protein_664,GCF_013122055.1;protein_721,GCF_003050665.1;protein_175
GCF_016748085.1;protein_807,GCF_002952675.1;protein_915,GCF_002951975.1;protein_910,GCF_002952595.1;protein_910,GCF_001653415.1;protein_814,GCF_900638475.1;protein_897,GCF_016749215.1;protein_626,GCF_019974055.1;protein_663,GCF_013122055.1;protein_720,GCF_003050665.1;protein_176
GCF_016748085.1;protein_808,GCF_002952675.1;protein_916,GCF_002951975.1;protein_911,GCF_002952595.1;protein_911,GCF_001653415.1;protein_815,GCF_900638475.1;protein_898,GCF_016749215.1;protein_625,GCF_019974055.1;protein_662,GCF_013122055.1;protein_719,GCF_003050665.1;protein_177
GCF_016748085.1;protein_809,GCF_002952675.1;protein_917,GCF_002951975.1;protein_912,GCF_002952595.1;protein_912,GCF_001653415.1;protein_816,GCF_900638475.1;protein_899,GCF_016749215.1;protein_624,GCF_019974055.1;protein_661,GCF_013122055.1;protein_718,GCF_003050665.1;protein_178
GCF_016748085.1;protein_81,GCF_002952675.1;protein_1359,GCF_002951975.1;protein_1354,GCF_002952595.1;protein_1354,GCF_001653415.1;protein_139,GCF_900638475.1;protein_232,GCF_016749215.1;protein_87,GCF_019974055.1;protein_269,GCF_013122055.1;protein_266,GCF_003050665.1;protein_1060
GCF_016748085.1;protein_810,GCF_002952675.1;protein_918,GCF_002951975.1;protein_913,GCF_002952595.1;protein_913,GCF_001653415.1;protein_817,GCF_900638475.1;protein_900,GCF_016749215.1;protein_623,GCF_019974055.1;protein_660,GCF_013122055.1;protein_717,GCF_003050665.1;protein_179
GCF_016748085.1;protein_811,GCF_002952675.1;protein_919,GCF_002951975.1;protein_914,GCF_002952595.1;protein_914,GCF_001653415.1;protein_818,GCF_900638475.1;protein_901,GCF_016749215.1;protein_622,GCF_019974055.1;protein_659,GCF_013122055.1;protein_716,GCF_003050665.1;protein_180
GCF_016748085.1;protein_812,GCF_002952675.1;protein_920,GCF_002951975.1;protein_915,GCF_002952595.1;protein_915,GCF_001653415.1;protein_819,GCF_900638475.1;protein_902,GCF_016749215.1;protein_621,GCF_019974055.1;protein_658,GCF_013122055.1;protein_715,GCF_003050665.1;protein_181
GCF_016748085.1;protein_813,GCF_002952675.1;protein_921,GCF_002951975.1;protein_916,GCF_002952595.1;protein_916,GCF_001653415.1;protein_820,GCF_900638475.1;protein_903,GCF_016749215.1;protein_620,GCF_019974055.1;protein_657,GCF_013122055.1;protein_714,GCF_003050665.1;protein_182
GCF_016748085.1;protein_814,GCF_002952675.1;protein_922,GCF_002951975.1;protein_917,GCF_002952595.1;protein_917,GCF_001653415.1;protein_821,GCF_900638475.1;protein_904,GCF_016749215.1;protein_619,GCF_019974055.1;protein_656,GCF_013122055.1;protein_713,GCF_003050665.1;protein_183
GCF_016748085.1;protein_815,GCF_002952675.1;protein_923,GCF_002951975.1;protein_918,GCF_002952595.1;protein_918,GCF_001653415.1;protein_822,GCF_900638475.1;protein_905,GCF_016749215.1;protein_618,GCF_019974055.1;protein_655,GCF_013122055.1;protein_712,GCF_003050665.1;protein_184
GCF_016748085.1;protein_816,GCF_002952675.1;protein_924,GCF_002951975.1;protein_919,GCF_002952595.1;protein_919,GCF_001653415.1;protein_823,GCF_900638475.1;protein_906,GCF_016749215.1;protein_617,GCF_019974055.1;protein_654,GCF_013122055.1;protein_711,GCF_003050665.1;protein_185
GCF_016748085.1;protein_817,GCF_002952675.1;protein_925,GCF_002951975.1;protein_920,GCF_002952595.1;protein_920,GCF_001653415.1;protein_824,GCF_900638475.1;protein_907,GCF_016749215.1;protein_616,GCF_019974055.1;protein_653,GCF_013122055.1;protein_710,GCF_003050665.1;protein_186
GCF_016748085.1;protein_819,GCF_002952675.1;protein_927,GCF_002951975.1;protein_922,GCF_002952595.1;protein_922,GCF_001653415.1;protein_826,GCF_900638475.1;protein_909,GCF_016749215.1;protein_614,GCF_019974055.1;protein_651,GCF_013122055.1;protein_708,GCF_003050665.1;protein_188
GCF_016748085.1;protein_82,GCF_002952675.1;protein_1358,GCF_002951975.1;protein_1353,GCF_002952595.1;protein_1353,GCF_001653415.1;protein_140,GCF_900638475.1;protein_233,GCF_016749215.1;protein_88,GCF_019974055.1;protein_270,GCF_013122055.1;protein_267,GCF_003050665.1;protein_1061
GCF_016748085.1;protein_820,GCF_002952675.1;protein_928,GCF_002951975.1;protein_923,GCF_002952595.1;protein_923,GCF_001653415.1;protein_827,GCF_900638475.1;protein_910,GCF_016749215.1;protein_613,GCF_019974055.1;protein_650,GCF_013122055.1;protein_707,GCF_003050665.1;protein_189
GCF_016748085.1;protein_821,GCF_002952675.1;protein_929,GCF_002951975.1;protein_924,GCF_002952595.1;protein_924,GCF_001653415.1;protein_828,GCF_900638475.1;protein_911,GCF_016749215.1;protein_612,GCF_019974055.1;protein_649,GCF_013122055.1;protein_706,GCF_003050665.1;protein_190
GCF_016748085.1;protein_822,GCF_002952675.1;protein_930,GCF_002951975.1;protein_925,GCF_002952595.1;protein_925,GCF_001653415.1;protein_829,GCF_900638475.1;protein_912,GCF_016749215.1;protein_611,GCF_019974055.1;protein_648,GCF_013122055.1;protein_705,GCF_003050665.1;protein_191
GCF_016748085.1;protein_823,GCF_002952675.1;protein_931,GCF_002951975.1;protein_926,GCF_002952595.1;protein_926,GCF_001653415.1;protein_830,GCF_900638475.1;protein_913,GCF_016749215.1;protein_610,GCF_019974055.1;protein_647,GCF_013122055.1;protein_704,GCF_003050665.1;protein_192
GCF_016748085.1;protein_824,GCF_002952675.1;protein_932,GCF_002951975.1;protein_927,GCF_002952595.1;protein_927,GCF_001653415.1;protein_831,GCF_900638475.1;protein_914,GCF_016749215.1;protein_609,GCF_019974055.1;protein_646,GCF_013122055.1;protein_703,GCF_003050665.1;protein_193
GCF_016748085.1;protein_825,GCF_002952675.1;protein_933,GCF_002951975.1;protein_928,GCF_002952595.1;protein_928,GCF_001653415.1;protein_832,GCF_900638475.1;protein_915,GCF_016749215.1;protein_608,GCF_019974055.1;protein_645,GCF_013122055.1;protein_702,GCF_003050665.1;protein_194
GCF_016748085.1;protein_826,GCF_002952675.1;protein_934,GCF_002951975.1;protein_929,GCF_002952595.1;protein_929,GCF_001653415.1;protein_833,GCF_900638475.1;protein_916,GCF_016749215.1;protein_607,GCF_019974055.1;protein_644,GCF_013122055.1;protein_701,GCF_003050665.1;protein_195
GCF_016748085.1;protein_827,GCF_002952675.1;protein_935,GCF_002951975.1;protein_930,GCF_002952595.1;protein_930,GCF_001653415.1;protein_834,GCF_900638475.1;protein_917,GCF_016749215.1;protein_606,GCF_019974055.1;protein_643,GCF_013122055.1;protein_700,GCF_003050665.1;protein_196
GCF_016748085.1;protein_828,GCF_002952675.1;protein_936,GCF_002951975.1;protein_931,GCF_002952595.1;protein_931,GCF_001653415.1;protein_835,GCF_900638475.1;protein_918,GCF_016749215.1;protein_605,GCF_019974055.1;protein_642,GCF_013122055.1;protein_699,GCF_003050665.1;protein_197
GCF_016748085.1;protein_829,GCF_002952675.1;protein_937,GCF_002951975.1;protein_932,GCF_002952595.1;protein_932,GCF_001653415.1;protein_836,GCF_900638475.1;protein_919,GCF_016749215.1;protein_604,GCF_019974055.1;protein_641,GCF_013122055.1;protein_698,GCF_003050665.1;protein_198
GCF_016748085.1;protein_830,GCF_002952675.1;protein_938,GCF_002951975.1;protein_933,GCF_002952595.1;protein_933,GCF_001653415.1;protein_837,GCF_900638475.1;protein_920,GCF_016749215.1;protein_603,GCF_019974055.1;protein_640,GCF_013122055.1;protein_697,GCF_003050665.1;protein_199
GCF_016748085.1;protein_831,GCF_002952675.1;protein_939,GCF_002951975.1;protein_934,GCF_002952595.1;protein_934,GCF_001653415.1;protein_838,GCF_900638475.1;protein_921,GCF_016749215.1;protein_602,GCF_019974055.1;protein_639,GCF_013122055.1;protein_696,GCF_003050665.1;protein_200
GCF_016748085.1;protein_832,GCF_002952675.1;protein_940,GCF_002951975.1;protein_935,GCF_002952595.1;protein_935,GCF_001653415.1;protein_839,GCF_900638475.1;protein_922,GCF_016749215.1;protein_601,GCF_019974055.1;protein_638,GCF_013122055.1;protein_695,GCF_003050665.1;protein_201
GCF_016748085.1;protein_833,GCF_002952675.1;protein_941,GCF_002951975.1;protein_936,GCF_002952595.1;protein_936,GCF_001653415.1;protein_840,GCF_900638475.1;protein_923,GCF_016749215.1;protein_600,GCF_019974055.1;protein_637,GCF_013122055.1;protein_694,GCF_003050665.1;protein_202
GCF_016748085.1;protein_834,GCF_002952675.1;protein_942,GCF_002951975.1;protein_937,GCF_002952595.1;protein_937,GCF_001653415.1;protein_841,GCF_900638475.1;protein_924,GCF_016749215.1;protein_599,GCF_019974055.1;protein_636,GCF_013122055.1;protein_693,GCF_003050665.1;protein_203
GCF_016748085.1;protein_835,GCF_002952675.1;protein_943,GCF_002951975.1;protein_938,GCF_002952595.1;protein_938,GCF_001653415.1;protein_842,GCF_900638475.1;protein_925,GCF_016749215.1;protein_598,GCF_019974055.1;protein_635,GCF_013122055.1;protein_692,GCF_003050665.1;protein_204
GCF_016748085.1;protein_836,GCF_002952675.1;protein_944,GCF_002951975.1;protein_939,GCF_002952595.1;protein_939,GCF_001653415.1;protein_843,GCF_900638475.1;protein_926,GCF_016749215.1;protein_597,GCF_019974055.1;protein_634,GCF_013122055.1;protein_691,GCF_003050665.1;protein_205
GCF_016748085.1;protein_837,GCF_002952675.1;protein_945,GCF_002951975.1;protein_940,GCF_002952595.1;protein_940,GCF_001653415.1;protein_844,GCF_900638475.1;protein_927,GCF_016749215.1;protein_596,GCF_019974055.1;protein_633,GCF_013122055.1;protein_690,GCF_003050665.1;protein_206
GCF_016748085.1;protein_838,GCF_002952675.1;protein_946,GCF_002951975.1;protein_941,GCF_002952595.1;protein_941,GCF_001653415.1;protein_845,GCF_900638475.1;protein_928,GCF_016749215.1;protein_595,GCF_019974055.1;protein_632,GCF_013122055.1;protein_689,GCF_003050665.1;protein_207
GCF_016748085.1;protein_839,GCF_002952675.1;protein_947,GCF_002951975.1;protein_942,GCF_002952595.1;protein_942,GCF_001653415.1;protein_846,GCF_900638475.1;protein_929,GCF_016749215.1;protein_594,GCF_019974055.1;protein_631,GCF_013122055.1;protein_688,GCF_003050665.1;protein_208
GCF_016748085.1;protein_84,GCF_002952675.1;protein_1356,GCF_002951975.1;protein_1351,GCF_002952595.1;protein_1351,GCF_001653415.1;protein_142,GCF_900638475.1;protein_235,GCF_016749215.1;protein_90,GCF_019974055.1;protein_272,GCF_013122055.1;protein_269,GCF_003050665.1;protein_1063
GCF_016748085.1;protein_840,GCF_002952675.1;protein_948,GCF_002951975.1;protein_943,GCF_002952595.1;protein_943,GCF_001653415.1;protein_847,GCF_900638475.1;protein_930,GCF_016749215.1;protein_593,GCF_019974055.1;protein_630,GCF_013122055.1;protein_687,GCF_003050665.1;protein_209
GCF_016748085.1;protein_841,GCF_002952675.1;protein_949,GCF_002951975.1;protein_944,GCF_002952595.1;protein_944,GCF_001653415.1;protein_848,GCF_900638475.1;protein_931,GCF_016749215.1;protein_592,GCF_019974055.1;protein_629,GCF_013122055.1;protein_686,GCF_003050665.1;protein_210
GCF_016748085.1;protein_842,GCF_002952675.1;protein_950,GCF_002951975.1;protein_945,GCF_002952595.1;protein_945,GCF_001653415.1;protein_849,GCF_900638475.1;protein_932,GCF_016749215.1;protein_591,GCF_019974055.1;protein_628,GCF_013122055.1;protein_685,GCF_003050665.1;protein_211
GCF_016748085.1;protein_843,GCF_002952675.1;protein_951,GCF_002951975.1;protein_946,GCF_002952595.1;protein_946,GCF_001653415.1;protein_850,GCF_900638475.1;protein_933,GCF_016749215.1;protein_590,GCF_019974055.1;protein_627,GCF_013122055.1;protein_684,GCF_003050665.1;protein_212
GCF_016748085.1;protein_844,GCF_002952675.1;protein_952,GCF_002951975.1;protein_947,GCF_002952595.1;protein_947,GCF_001653415.1;protein_851,GCF_900638475.1;protein_934,GCF_016749215.1;protein_589,GCF_019974055.1;protein_626,GCF_013122055.1;protein_683,GCF_003050665.1;protein_213
GCF_016748085.1;protein_845,GCF_002952675.1;protein_953,GCF_002951975.1;protein_948,GCF_002952595.1;protein_948,GCF_001653415.1;protein_852,GCF_900638475.1;protein_935,GCF_016749215.1;protein_588,GCF_019974055.1;protein_625,GCF_013122055.1;protein_682,GCF_003050665.1;protein_214
GCF_016748085.1;protein_846,GCF_002952675.1;protein_954,GCF_002951975.1;protein_949,GCF_002952595.1;protein_949,GCF_001653415.1;protein_853,GCF_900638475.1;protein_936,GCF_016749215.1;protein_587,GCF_019974055.1;protein_624,GCF_013122055.1;protein_681,GCF_003050665.1;protein_215
GCF_016748085.1;protein_847,GCF_002952675.1;protein_955,GCF_002951975.1;protein_950,GCF_002952595.1;protein_950,GCF_001653415.1;protein_854,GCF_900638475.1;protein_937,GCF_016749215.1;protein_586,GCF_019974055.1;protein_623,GCF_013122055.1;protein_680,GCF_003050665.1;protein_216
GCF_016748085.1;protein_848,GCF_002952675.1;protein_956,GCF_002951975.1;protein_951,GCF_002952595.1;protein_951,GCF_001653415.1;protein_855,GCF_900638475.1;protein_938,GCF_016749215.1;protein_585,GCF_019974055.1;protein_622,GCF_013122055.1;protein_679,GCF_003050665.1;protein_217
GCF_016748085.1;protein_849,GCF_002952675.1;protein_957,GCF_002951975.1;protein_952,GCF_002952595.1;protein_952,GCF_001653415.1;protein_856,GCF_900638475.1;protein_939,GCF_016749215.1;protein_584,GCF_019974055.1;protein_621,GCF_013122055.1;protein_678,GCF_003050665.1;protein_218
GCF_016748085.1;protein_850,GCF_002952675.1;protein_958,GCF_002951975.1;protein_953,GCF_002952595.1;protein_953,GCF_001653415.1;protein_857,GCF_900638475.1;protein_940,GCF_016749215.1;protein_583,GCF_019974055.1;protein_620,GCF_013122055.1;protein_677,GCF_003050665.1;protein_219
GCF_016748085.1;protein_851,GCF_002952675.1;protein_959,GCF_002951975.1;protein_954,GCF_002952595.1;protein_954,GCF_001653415.1;protein_858,GCF_900638475.1;protein_941,GCF_016749215.1;protein_582,GCF_019974055.1;protein_619,GCF_013122055.1;protein_676,GCF_003050665.1;protein_220
GCF_016748085.1;protein_852,GCF_002952675.1;protein_960,GCF_002951975.1;protein_955,GCF_002952595.1;protein_955,GCF_001653415.1;protein_859,GCF_900638475.1;protein_942,GCF_016749215.1;protein_581,GCF_019974055.1;protein_618,GCF_013122055.1;protein_675,GCF_003050665.1;protein_221
GCF_016748085.1;protein_853,GCF_002952675.1;protein_961,GCF_002951975.1;protein_956,GCF_002952595.1;protein_956,GCF_001653415.1;protein_860,GCF_900638475.1;protein_943,GCF_016749215.1;protein_580,GCF_019974055.1;protein_617,GCF_013122055.1;protein_674,GCF_003050665.1;protein_222
GCF_016748085.1;protein_854,GCF_002952675.1;protein_962,GCF_002951975.1;protein_957,GCF_002952595.1;protein_957,GCF_001653415.1;protein_861,GCF_900638475.1;protein_944,GCF_016749215.1;protein_579,GCF_019974055.1;protein_616,GCF_013122055.1;protein_673,GCF_003050665.1;protein_223
GCF_016748085.1;protein_855,GCF_002952675.1;protein_963,GCF_002951975.1;protein_958,GCF_002952595.1;protein_958,GCF_001653415.1;protein_862,GCF_900638475.1;protein_945,GCF_016749215.1;protein_578,GCF_019974055.1;protein_615,GCF_013122055.1;protein_672,GCF_003050665.1;protein_224
GCF_016748085.1;protein_856,GCF_002952675.1;protein_964,GCF_002951975.1;protein_959,GCF_002952595.1;protein_959,GCF_001653415.1;protein_863,GCF_900638475.1;protein_946,GCF_016749215.1;protein_577,GCF_019974055.1;protein_614,GCF_013122055.1;protein_671,GCF_003050665.1;protein_225
GCF_016748085.1;protein_857,GCF_002952675.1;protein_965,GCF_002951975.1;protein_960,GCF_002952595.1;protein_960,GCF_001653415.1;protein_864,GCF_900638475.1;protein_947,GCF_016749215.1;protein_576,GCF_019974055.1;protein_613,GCF_013122055.1;protein_670,GCF_003050665.1;protein_226
GCF_016748085.1;protein_87,GCF_002952675.1;protein_1353,GCF_002951975.1;protein_1349,GCF_002952595.1;protein_1348,GCF_001653415.1;protein_145,GCF_900638475.1;protein_238,GCF_016749215.1;protein_92,GCF_019974055.1;protein_275,GCF_013122055.1;protein_272,GCF_003050665.1;protein_1066
GCF_016748085.1;protein_88,GCF_002952675.1;protein_1352,GCF_002951975.1;protein_1348,GCF_002952595.1;protein_1347,GCF_001653415.1;protein_146,GCF_900638475.1;protein_239,GCF_016749215.1;protein_93,GCF_019974055.1;protein_276,GCF_013122055.1;protein_273,GCF_003050665.1;protein_1067
GCF_016748085.1;protein_883,GCF_002952675.1;protein_603,GCF_002951975.1;protein_600,GCF_002952595.1;protein_600,GCF_001653415.1;protein_896,GCF_900638475.1;protein_766,GCF_016749215.1;protein_544,GCF_019974055.1;protein_581,GCF_013122055.1;protein_1002,GCF_003050665.1;protein_258
GCF_016748085.1;protein_884,GCF_002952675.1;protein_602,GCF_002951975.1;protein_599,GCF_002952595.1;protein_599,GCF_001653415.1;protein_897,GCF_900638475.1;protein_767,GCF_016749215.1;protein_543,GCF_019974055.1;protein_580,GCF_013122055.1;protein_1003,GCF_003050665.1;protein_259
GCF_016748085.1;protein_885,GCF_002952675.1;protein_601,GCF_002951975.1;protein_598,GCF_002952595.1;protein_598,GCF_001653415.1;protein_898,GCF_900638475.1;protein_768,GCF_016749215.1;protein_542,GCF_019974055.1;protein_579,GCF_013122055.1;protein_1004,GCF_003050665.1;protein_260
GCF_016748085.1;protein_886,GCF_002952675.1;protein_600,GCF_002951975.1;protein_597,GCF_002952595.1;protein_597,GCF_001653415.1;protein_899,GCF_900638475.1;protein_769,GCF_016749215.1;protein_541,GCF_019974055.1;protein_578,GCF_013122055.1;protein_1005,GCF_003050665.1;protein_261
GCF_016748085.1;protein_888,GCF_002952675.1;protein_598,GCF_002951975.1;protein_595,GCF_002952595.1;protein_595,GCF_001653415.1;protein_902,GCF_900638475.1;protein_772,GCF_016749215.1;protein_538,GCF_019974055.1;protein_575,GCF_013122055.1;protein_1007,GCF_003050665.1;protein_263
GCF_016748085.1;protein_889,GCF_002952675.1;protein_597,GCF_002951975.1;protein_594,GCF_002952595.1;protein_594,GCF_001653415.1;protein_903,GCF_900638475.1;protein_773,GCF_016749215.1;protein_537,GCF_019974055.1;protein_574,GCF_013122055.1;protein_1008,GCF_003050665.1;protein_264
GCF_016748085.1;protein_89,GCF_002952675.1;protein_1351,GCF_002951975.1;protein_1347,GCF_002952595.1;protein_1346,GCF_001653415.1;protein_147,GCF_900638475.1;protein_240,GCF_016749215.1;protein_94,GCF_019974055.1;protein_277,GCF_013122055.1;protein_274,GCF_003050665.1;protein_1068
GCF_016748085.1;protein_890,GCF_002952675.1;protein_596,GCF_002951975.1;protein_593,GCF_002952595.1;protein_593,GCF_001653415.1;protein_904,GCF_900638475.1;protein_774,GCF_016749215.1;protein_536,GCF_019974055.1;protein_573,GCF_013122055.1;protein_1009,GCF_003050665.1;protein_265
GCF_016748085.1;protein_891,GCF_002952675.1;protein_595,GCF_002951975.1;protein_592,GCF_002952595.1;protein_592,GCF_001653415.1;protein_905,GCF_900638475.1;protein_775,GCF_016749215.1;protein_535,GCF_019974055.1;protein_572,GCF_013122055.1;protein_1010,GCF_003050665.1;protein_266
GCF_016748085.1;protein_895,GCF_002952675.1;protein_591,GCF_002951975.1;protein_588,GCF_002952595.1;protein_588,GCF_001653415.1;protein_909,GCF_900638475.1;protein_779,GCF_016749215.1;protein_888,GCF_019974055.1;protein_884,GCF_013122055.1;protein_1014,GCF_003050665.1;protein_272
GCF_016748085.1;protein_896,GCF_002952675.1;protein_590,GCF_002951975.1;protein_587,GCF_002952595.1;protein_587,GCF_001653415.1;protein_911,GCF_900638475.1;protein_780,GCF_016749215.1;protein_889,GCF_019974055.1;protein_883,GCF_013122055.1;protein_1015,GCF_003050665.1;protein_273
GCF_016748085.1;protein_897,GCF_002952675.1;protein_589,GCF_002951975.1;protein_586,GCF_002952595.1;protein_586,GCF_001653415.1;protein_912,GCF_900638475.1;protein_781,GCF_016749215.1;protein_890,GCF_019974055.1;protein_882,GCF_013122055.1;protein_1016,GCF_003050665.1;protein_274
GCF_016748085.1;protein_898,GCF_002952675.1;protein_588,GCF_002951975.1;protein_585,GCF_002952595.1;protein_585,GCF_001653415.1;protein_913,GCF_900638475.1;protein_782,GCF_016749215.1;protein_891,GCF_019974055.1;protein_881,GCF_013122055.1;protein_1017,GCF_003050665.1;protein_275
GCF_016748085.1;protein_899,GCF_002952675.1;protein_587,GCF_002951975.1;protein_584,GCF_002952595.1;protein_584,GCF_001653415.1;protein_915,GCF_900638475.1;protein_784,GCF_016749215.1;protein_893,GCF_019974055.1;protein_880,GCF_013122055.1;protein_1019,GCF_003050665.1;protein_277
GCF_016748085.1;protein_9,GCF_002952675.1;protein_1475,GCF_002951975.1;protein_1471,GCF_002952595.1;protein_1470,GCF_001653415.1;protein_64,GCF_900638475.1;protein_162,GCF_016749215.1;protein_10,GCF_019974055.1;protein_170,GCF_013122055.1;protein_195,GCF_003050665.1;protein_986
GCF_016748085.1;protein_90,GCF_002952675.1;protein_1350,GCF_002951975.1;protein_1346,GCF_002952595.1;protein_1345,GCF_001653415.1;protein_148,GCF_900638475.1;protein_241,GCF_016749215.1;protein_95,GCF_019974055.1;protein_278,GCF_013122055.1;protein_275,GCF_003050665.1;protein_1069
GCF_016748085.1;protein_901,GCF_002952675.1;protein_585,GCF_002951975.1;protein_582,GCF_002952595.1;protein_582,GCF_001653415.1;protein_917,GCF_900638475.1;protein_786,GCF_016749215.1;protein_895,GCF_019974055.1;protein_878,GCF_013122055.1;protein_1021,GCF_003050665.1;protein_279
GCF_016748085.1;protein_902,GCF_002952675.1;protein_584,GCF_002951975.1;protein_581,GCF_002952595.1;protein_581,GCF_001653415.1;protein_918,GCF_900638475.1;protein_787,GCF_016749215.1;protein_896,GCF_019974055.1;protein_877,GCF_013122055.1;protein_1022,GCF_003050665.1;protein_280
GCF_016748085.1;protein_903,GCF_002952675.1;protein_583,GCF_002951975.1;protein_580,GCF_002952595.1;protein_580,GCF_001653415.1;protein_919,GCF_900638475.1;protein_788,GCF_016749215.1;protein_897,GCF_019974055.1;protein_876,GCF_013122055.1;protein_1023,GCF_003050665.1;protein_281
GCF_016748085.1;protein_904,GCF_002952675.1;protein_582,GCF_002951975.1;protein_579,GCF_002952595.1;protein_579,GCF_001653415.1;protein_920,GCF_900638475.1;protein_789,GCF_016749215.1;protein_898,GCF_019974055.1;protein_875,GCF_013122055.1;protein_1024,GCF_003050665.1;protein_282
GCF_016748085.1;protein_905,GCF_002952675.1;protein_581,GCF_002951975.1;protein_578,GCF_002952595.1;protein_578,GCF_001653415.1;protein_921,GCF_900638475.1;protein_790,GCF_016749215.1;protein_899,GCF_019974055.1;protein_874,GCF_013122055.1;protein_1025,GCF_003050665.1;protein_283
GCF_016748085.1;protein_906,GCF_002952675.1;protein_580,GCF_002951975.1;protein_577,GCF_002952595.1;protein_577,GCF_001653415.1;protein_922,GCF_900638475.1;protein_791,GCF_016749215.1;protein_900,GCF_019974055.1;protein_873,GCF_013122055.1;protein_1026,GCF_003050665.1;protein_284
GCF_016748085.1;protein_907,GCF_002952675.1;protein_579,GCF_002951975.1;protein_576,GCF_002952595.1;protein_576,GCF_001653415.1;protein_923,GCF_900638475.1;protein_792,GCF_016749215.1;protein_901,GCF_019974055.1;protein_872,GCF_013122055.1;protein_1027,GCF_003050665.1;protein_285
GCF_016748085.1;protein_908,GCF_002952675.1;protein_578,GCF_002951975.1;protein_575,GCF_002952595.1;protein_575,GCF_001653415.1;protein_924,GCF_900638475.1;protein_793,GCF_016749215.1;protein_902,GCF_019974055.1;protein_871,GCF_013122055.1;protein_1028,GCF_003050665.1;protein_286
GCF_016748085.1;protein_909,GCF_002952675.1;protein_577,GCF_002951975.1;protein_574,GCF_002952595.1;protein_574,GCF_001653415.1;protein_925,GCF_900638475.1;protein_794,GCF_016749215.1;protein_903,GCF_019974055.1;protein_870,GCF_013122055.1;protein_1029,GCF_003050665.1;protein_287
GCF_016748085.1;protein_910,GCF_002952675.1;protein_576,GCF_002951975.1;protein_573,GCF_002952595.1;protein_573,GCF_001653415.1;protein_926,GCF_900638475.1;protein_795,GCF_016749215.1;protein_904,GCF_019974055.1;protein_869,GCF_013122055.1;protein_1030,GCF_003050665.1;protein_288
GCF_016748085.1;protein_911,GCF_002952675.1;protein_575,GCF_002951975.1;protein_572,GCF_002952595.1;protein_572,GCF_001653415.1;protein_927,GCF_900638475.1;protein_796,GCF_016749215.1;protein_905,GCF_019974055.1;protein_868,GCF_013122055.1;protein_1031,GCF_003050665.1;protein_290
GCF_016748085.1;protein_912,GCF_002952675.1;protein_574,GCF_002951975.1;protein_571,GCF_002952595.1;protein_571,GCF_001653415.1;protein_928,GCF_900638475.1;protein_797,GCF_016749215.1;protein_906,GCF_019974055.1;protein_867,GCF_013122055.1;protein_1032,GCF_003050665.1;protein_291
GCF_016748085.1;protein_913,GCF_002952675.1;protein_573,GCF_002951975.1;protein_570,GCF_002952595.1;protein_570,GCF_001653415.1;protein_929,GCF_900638475.1;protein_798,GCF_016749215.1;protein_907,GCF_019974055.1;protein_866,GCF_013122055.1;protein_1033,GCF_003050665.1;protein_292
GCF_016748085.1;protein_914,GCF_002952675.1;protein_572,GCF_002951975.1;protein_569,GCF_002952595.1;protein_569,GCF_001653415.1;protein_930,GCF_900638475.1;protein_799,GCF_016749215.1;protein_908,GCF_019974055.1;protein_865,GCF_013122055.1;protein_1034,GCF_003050665.1;protein_293
GCF_016748085.1;protein_915,GCF_002952675.1;protein_571,GCF_002951975.1;protein_568,GCF_002952595.1;protein_568,GCF_001653415.1;protein_931,GCF_900638475.1;protein_800,GCF_016749215.1;protein_909,GCF_019974055.1;protein_864,GCF_013122055.1;protein_1035,GCF_003050665.1;protein_294
GCF_016748085.1;protein_918,GCF_002952675.1;protein_568,GCF_002951975.1;protein_565,GCF_002952595.1;protein_565,GCF_001653415.1;protein_934,GCF_900638475.1;protein_803,GCF_016749215.1;protein_912,GCF_019974055.1;protein_861,GCF_013122055.1;protein_1038,GCF_003050665.1;protein_297
GCF_016748085.1;protein_919,GCF_002952675.1;protein_567,GCF_002951975.1;protein_564,GCF_002952595.1;protein_564,GCF_001653415.1;protein_935,GCF_900638475.1;protein_804,GCF_016749215.1;protein_913,GCF_019974055.1;protein_860,GCF_013122055.1;protein_1039,GCF_003050665.1;protein_298
GCF_016748085.1;protein_92,GCF_002952675.1;protein_1348,GCF_002951975.1;protein_1344,GCF_002952595.1;protein_1343,GCF_001653415.1;protein_150,GCF_900638475.1;protein_243,GCF_016749215.1;protein_97,GCF_019974055.1;protein_280,GCF_013122055.1;protein_277,GCF_003050665.1;protein_1071
GCF_016748085.1;protein_920,GCF_002952675.1;protein_566,GCF_002951975.1;protein_563,GCF_002952595.1;protein_563,GCF_001653415.1;protein_936,GCF_900638475.1;protein_805,GCF_016749215.1;protein_914,GCF_019974055.1;protein_859,GCF_013122055.1;protein_1040,GCF_003050665.1;protein_299
GCF_016748085.1;protein_921,GCF_002952675.1;protein_565,GCF_002951975.1;protein_562,GCF_002952595.1;protein_562,GCF_001653415.1;protein_937,GCF_900638475.1;protein_806,GCF_016749215.1;protein_915,GCF_019974055.1;protein_858,GCF_013122055.1;protein_1041,GCF_003050665.1;protein_300
GCF_016748085.1;protein_922,GCF_002952675.1;protein_564,GCF_002951975.1;protein_561,GCF_002952595.1;protein_561,GCF_001653415.1;protein_938,GCF_900638475.1;protein_807,GCF_016749215.1;protein_916,GCF_019974055.1;protein_857,GCF_013122055.1;protein_1042,GCF_003050665.1;protein_301
GCF_016748085.1;protein_923,GCF_002952675.1;protein_563,GCF_002951975.1;protein_560,GCF_002952595.1;protein_560,GCF_001653415.1;protein_939,GCF_900638475.1;protein_808,GCF_016749215.1;protein_917,GCF_019974055.1;protein_856,GCF_013122055.1;protein_1043,GCF_003050665.1;protein_302
GCF_016748085.1;protein_924,GCF_002952675.1;protein_562,GCF_002951975.1;protein_559,GCF_002952595.1;protein_559,GCF_001653415.1;protein_940,GCF_900638475.1;protein_809,GCF_016749215.1;protein_918,GCF_019974055.1;protein_855,GCF_013122055.1;protein_1044,GCF_003050665.1;protein_303
GCF_016748085.1;protein_925,GCF_002952675.1;protein_561,GCF_002951975.1;protein_558,GCF_002952595.1;protein_558,GCF_001653415.1;protein_941,GCF_900638475.1;protein_810,GCF_016749215.1;protein_919,GCF_019974055.1;protein_854,GCF_013122055.1;protein_1045,GCF_003050665.1;protein_304
GCF_016748085.1;protein_926,GCF_002952675.1;protein_560,GCF_002951975.1;protein_557,GCF_002952595.1;protein_557,GCF_001653415.1;protein_942,GCF_900638475.1;protein_811,GCF_016749215.1;protein_920,GCF_019974055.1;protein_853,GCF_013122055.1;protein_1046,GCF_003050665.1;protein_305
GCF_016748085.1;protein_927,GCF_002952675.1;protein_559,GCF_002951975.1;protein_556,GCF_002952595.1;protein_556,GCF_001653415.1;protein_943,GCF_900638475.1;protein_812,GCF_016749215.1;protein_921,GCF_019974055.1;protein_852,GCF_013122055.1;protein_1047,GCF_003050665.1;protein_306
GCF_016748085.1;protein_93,GCF_002952675.1;protein_1347,GCF_002951975.1;protein_1343,GCF_002952595.1;protein_1342,GCF_001653415.1;protein_151,GCF_900638475.1;protein_244,GCF_016749215.1;protein_99,GCF_019974055.1;protein_281,GCF_013122055.1;protein_278,GCF_003050665.1;protein_1072
GCF_016748085.1;protein_930,GCF_002952675.1;protein_558,GCF_002951975.1;protein_555,GCF_002952595.1;protein_555,GCF_001653415.1;protein_944,GCF_900638475.1;protein_813,GCF_016749215.1;protein_922,GCF_019974055.1;protein_851,GCF_013122055.1;protein_1048,GCF_003050665.1;protein_307
GCF_016748085.1;protein_932,GCF_002952675.1;protein_556,GCF_002951975.1;protein_553,GCF_002952595.1;protein_553,GCF_001653415.1;protein_946,GCF_900638475.1;protein_534,GCF_016749215.1;protein_924,GCF_019974055.1;protein_849,GCF_013122055.1;protein_1050,GCF_003050665.1;protein_309
GCF_016748085.1;protein_934,GCF_002952675.1;protein_553,GCF_002951975.1;protein_550,GCF_002952595.1;protein_550,GCF_001653415.1;protein_949,GCF_900638475.1;protein_532,GCF_016749215.1;protein_926,GCF_019974055.1;protein_1151,GCF_013122055.1;protein_1052,GCF_003050665.1;protein_314
GCF_016748085.1;protein_935,GCF_002952675.1;protein_552,GCF_002951975.1;protein_549,GCF_002952595.1;protein_549,GCF_001653415.1;protein_950,GCF_900638475.1;protein_531,GCF_016749215.1;protein_927,GCF_019974055.1;protein_1152,GCF_013122055.1;protein_1053,GCF_003050665.1;protein_315
GCF_016748085.1;protein_936,GCF_002952675.1;protein_551,GCF_002951975.1;protein_548,GCF_002952595.1;protein_548,GCF_001653415.1;protein_951,GCF_900638475.1;protein_530,GCF_016749215.1;protein_928,GCF_019974055.1;protein_1153,GCF_013122055.1;protein_1054,GCF_003050665.1;protein_316
GCF_016748085.1;protein_937,GCF_002952675.1;protein_550,GCF_002951975.1;protein_547,GCF_002952595.1;protein_547,GCF_001653415.1;protein_952,GCF_900638475.1;protein_529,GCF_016749215.1;protein_929,GCF_019974055.1;protein_1154,GCF_013122055.1;protein_1055,GCF_003050665.1;protein_317
GCF_016748085.1;protein_938,GCF_002952675.1;protein_549,GCF_002951975.1;protein_546,GCF_002952595.1;protein_546,GCF_001653415.1;protein_953,GCF_900638475.1;protein_528,GCF_016749215.1;protein_930,GCF_019974055.1;protein_1155,GCF_013122055.1;protein_1056,GCF_003050665.1;protein_318
GCF_016748085.1;protein_939,GCF_002952675.1;protein_548,GCF_002951975.1;protein_545,GCF_002952595.1;protein_545,GCF_001653415.1;protein_954,GCF_900638475.1;protein_527,GCF_016749215.1;protein_931,GCF_019974055.1;protein_1156,GCF_013122055.1;protein_1057,GCF_003050665.1;protein_319
GCF_016748085.1;protein_94,GCF_002952675.1;protein_1346,GCF_002951975.1;protein_1342,GCF_002952595.1;protein_1341,GCF_001653415.1;protein_152,GCF_900638475.1;protein_245,GCF_016749215.1;protein_100,GCF_019974055.1;protein_282,GCF_013122055.1;protein_279,GCF_003050665.1;protein_1073
GCF_016748085.1;protein_941,GCF_002952675.1;protein_547,GCF_002951975.1;protein_544,GCF_002952595.1;protein_544,GCF_001653415.1;protein_955,GCF_900638475.1;protein_526,GCF_016749215.1;protein_932,GCF_019974055.1;protein_1157,GCF_013122055.1;protein_1058,GCF_003050665.1;protein_320
GCF_016748085.1;protein_942,GCF_002952675.1;protein_546,GCF_002951975.1;protein_543,GCF_002952595.1;protein_543,GCF_001653415.1;protein_956,GCF_900638475.1;protein_525,GCF_016749215.1;protein_933,GCF_019974055.1;protein_1158,GCF_013122055.1;protein_1059,GCF_003050665.1;protein_321
GCF_016748085.1;protein_943,GCF_002952675.1;protein_543,GCF_002951975.1;protein_541,GCF_002952595.1;protein_541,GCF_001653415.1;protein_957,GCF_900638475.1;protein_524,GCF_016749215.1;protein_934,GCF_019974055.1;protein_1159,GCF_013122055.1;protein_1060,GCF_003050665.1;protein_322
GCF_016748085.1;protein_944,GCF_002952675.1;protein_542,GCF_002951975.1;protein_540,GCF_002952595.1;protein_540,GCF_001653415.1;protein_958,GCF_900638475.1;protein_523,GCF_016749215.1;protein_935,GCF_019974055.1;protein_1160,GCF_013122055.1;protein_1061,GCF_003050665.1;protein_323
GCF_016748085.1;protein_945,GCF_002952675.1;protein_541,GCF_002951975.1;protein_539,GCF_002952595.1;protein_539,GCF_001653415.1;protein_959,GCF_900638475.1;protein_522,GCF_016749215.1;protein_936,GCF_019974055.1;protein_1161,GCF_013122055.1;protein_1062,GCF_003050665.1;protein_324
GCF_016748085.1;protein_946,GCF_002952675.1;protein_540,GCF_002951975.1;protein_538,GCF_002952595.1;protein_538,GCF_001653415.1;protein_960,GCF_900638475.1;protein_521,GCF_016749215.1;protein_937,GCF_019974055.1;protein_1162,GCF_013122055.1;protein_1063,GCF_003050665.1;protein_325
GCF_016748085.1;protein_947,GCF_002952675.1;protein_539,GCF_002951975.1;protein_537,GCF_002952595.1;protein_537,GCF_001653415.1;protein_961,GCF_900638475.1;protein_520,GCF_016749215.1;protein_938,GCF_019974055.1;protein_1163,GCF_013122055.1;protein_1064,GCF_003050665.1;protein_326
GCF_016748085.1;protein_948,GCF_002952675.1;protein_538,GCF_002951975.1;protein_536,GCF_002952595.1;protein_536,GCF_001653415.1;protein_962,GCF_900638475.1;protein_519,GCF_016749215.1;protein_939,GCF_019974055.1;protein_1164,GCF_013122055.1;protein_1065,GCF_003050665.1;protein_327
GCF_016748085.1;protein_95,GCF_002952675.1;protein_1345,GCF_002951975.1;protein_1341,GCF_002952595.1;protein_1340,GCF_001653415.1;protein_153,GCF_900638475.1;protein_246,GCF_016749215.1;protein_101,GCF_019974055.1;protein_283,GCF_013122055.1;protein_280,GCF_003050665.1;protein_1074
GCF_016748085.1;protein_950,GCF_002952675.1;protein_536,GCF_002951975.1;protein_534,GCF_002952595.1;protein_534,GCF_001653415.1;protein_964,GCF_900638475.1;protein_517,GCF_016749215.1;protein_941,GCF_019974055.1;protein_1166,GCF_013122055.1;protein_1067,GCF_003050665.1;protein_329
GCF_016748085.1;protein_951,GCF_002952675.1;protein_535,GCF_002951975.1;protein_533,GCF_002952595.1;protein_533,GCF_001653415.1;protein_965,GCF_900638475.1;protein_516,GCF_016749215.1;protein_942,GCF_019974055.1;protein_1167,GCF_013122055.1;protein_1068,GCF_003050665.1;protein_330
GCF_016748085.1;protein_952,GCF_002952675.1;protein_534,GCF_002951975.1;protein_532,GCF_002952595.1;protein_532,GCF_001653415.1;protein_966,GCF_900638475.1;protein_515,GCF_016749215.1;protein_943,GCF_019974055.1;protein_1168,GCF_013122055.1;protein_1069,GCF_003050665.1;protein_331
GCF_016748085.1;protein_953,GCF_002952675.1;protein_533,GCF_002951975.1;protein_531,GCF_002952595.1;protein_531,GCF_001653415.1;protein_967,GCF_900638475.1;protein_514,GCF_016749215.1;protein_944,GCF_019974055.1;protein_1169,GCF_013122055.1;protein_1070,GCF_003050665.1;protein_332
GCF_016748085.1;protein_954,GCF_002952675.1;protein_532,GCF_002951975.1;protein_530,GCF_002952595.1;protein_530,GCF_001653415.1;protein_968,GCF_900638475.1;protein_513,GCF_016749215.1;protein_945,GCF_019974055.1;protein_1170,GCF_013122055.1;protein_1071,GCF_003050665.1;protein_333
GCF_016748085.1;protein_955,GCF_002952675.1;protein_531,GCF_002951975.1;protein_529,GCF_002952595.1;protein_529,GCF_001653415.1;protein_969,GCF_900638475.1;protein_512,GCF_016749215.1;protein_946,GCF_019974055.1;protein_1171,GCF_013122055.1;protein_1072,GCF_003050665.1;protein_334
GCF_016748085.1;protein_956,GCF_002952675.1;protein_530,GCF_002951975.1;protein_528,GCF_002952595.1;protein_528,GCF_001653415.1;protein_970,GCF_900638475.1;protein_511,GCF_016749215.1;protein_947,GCF_019974055.1;protein_1172,GCF_013122055.1;protein_1073,GCF_003050665.1;protein_335
GCF_016748085.1;protein_96,GCF_002952675.1;protein_1344,GCF_002951975.1;protein_1340,GCF_002952595.1;protein_1339,GCF_001653415.1;protein_154,GCF_900638475.1;protein_247,GCF_016749215.1;protein_102,GCF_019974055.1;protein_284,GCF_013122055.1;protein_281,GCF_003050665.1;protein_1075
GCF_016748085.1;protein_97,GCF_002952675.1;protein_1343,GCF_002951975.1;protein_1339,GCF_002952595.1;protein_1338,GCF_001653415.1;protein_155,GCF_900638475.1;protein_248,GCF_016749215.1;protein_103,GCF_019974055.1;protein_285,GCF_013122055.1;protein_282,GCF_003050665.1;protein_1076
GCF_016748085.1;protein_98,GCF_002952675.1;protein_1342,GCF_002951975.1;protein_1338,GCF_002952595.1;protein_1337,GCF_001653415.1;protein_156,GCF_900638475.1;protein_249,GCF_016749215.1;protein_104,GCF_019974055.1;protein_286,GCF_013122055.1;protein_283,GCF_003050665.1;protein_1077
GCF_016748085.1;protein_989,GCF_002952675.1;protein_526,GCF_002951975.1;protein_524,GCF_002952595.1;protein_524,GCF_001653415.1;protein_973,GCF_900638475.1;protein_508,GCF_016749215.1;protein_950,GCF_019974055.1;protein_1175,GCF_013122055.1;protein_1076,GCF_003050665.1;protein_338
GCF_016748085.1;protein_99,GCF_002952675.1;protein_1341,GCF_002951975.1;protein_1337,GCF_002952595.1;protein_1336,GCF_001653415.1;protein_157,GCF_900638475.1;protein_250,GCF_016749215.1;protein_105,GCF_019974055.1;protein_287,GCF_013122055.1;protein_284,GCF_003050665.1;protein_1078
GCF_016748085.1;protein_991,GCF_002952675.1;protein_524,GCF_002951975.1;protein_522,GCF_002952595.1;protein_522,GCF_001653415.1;protein_975,GCF_900638475.1;protein_506,GCF_016749215.1;protein_952,GCF_019974055.1;protein_1176,GCF_013122055.1;protein_1077,GCF_003050665.1;protein_339
GCF_016748085.1;protein_992,GCF_002952675.1;protein_523,GCF_002951975.1;protein_521,GCF_002952595.1;protein_521,GCF_001653415.1;protein_976,GCF_900638475.1;protein_505,GCF_016749215.1;protein_953,GCF_019974055.1;protein_1177,GCF_013122055.1;protein_1078,GCF_003050665.1;protein_340
GCF_016748085.1;protein_993,GCF_002952675.1;protein_522,GCF_002951975.1;protein_520,GCF_002952595.1;protein_520,GCF_001653415.1;protein_977,GCF_900638475.1;protein_504,GCF_016749215.1;protein_954,GCF_019974055.1;protein_1178,GCF_013122055.1;protein_1079,GCF_003050665.1;protein_341
GCF_016748085.1;protein_994,GCF_002952675.1;protein_521,GCF_002951975.1;protein_519,GCF_002952595.1;protein_519,GCF_001653415.1;protein_978,GCF_900638475.1;protein_503,GCF_016749215.1;protein_955,GCF_019974055.1;protein_1179,GCF_013122055.1;protein_1080,GCF_003050665.1;protein_342
GCF_016748085.1;protein_995,GCF_002952675.1;protein_520,GCF_002951975.1;protein_518,GCF_002952595.1;protein_518,GCF_001653415.1;protein_979,GCF_900638475.1;protein_502,GCF_016749215.1;protein_956,GCF_019974055.1;protein_1180,GCF_013122055.1;protein_1081,GCF_003050665.1;protein_343
GCF_016748085.1;protein_996,GCF_002952675.1;protein_519,GCF_002951975.1;protein_517,GCF_002952595.1;protein_517,GCF_001653415.1;protein_980,GCF_900638475.1;protein_501,GCF_016749215.1;protein_957,GCF_019974055.1;protein_1181,GCF_013122055.1;protein_1082,GCF_003050665.1;protein_344
GCF_016748085.1;protein_997,GCF_002952675.1;protein_518,GCF_002951975.1;protein_516,GCF_002952595.1;protein_516,GCF_001653415.1;protein_981,GCF_900638475.1;protein_500,GCF_016749215.1;protein_958,GCF_019974055.1;protein_1182,GCF_013122055.1;protein_1083,GCF_003050665.1;protein_345
GCF_016748085.1;protein_998,GCF_002952675.1;protein_517,GCF_002951975.1;protein_515,GCF_002952595.1;protein_515,GCF_001653415.1;protein_982,GCF_900638475.1;protein_499,GCF_016749215.1;protein_959,GCF_019974055.1;protein_1183,GCF_013122055.1;protein_1084,GCF_003050665.1;protein_346
GCF_016748085.1;protein_999,GCF_002952675.1;protein_516,GCF_002951975.1;protein_514,GCF_002952595.1;protein_514,GCF_001653415.1;protein_983,GCF_900638475.1;protein_498,GCF_016749215.1;protein_960,GCF_019974055.1;protein_1184,GCF_013122055.1;protein_1085,GCF_003050665.1;protein_347
