Assembly Name	Assembly Accession	Assembly Paired Assembly Accession	Organism Name	Organism Taxonomic ID	Organism Infraspecific Names Breed	Organism Infraspecific Names Strain	Organism Infraspecific Names Cultivar	Organism Infraspecific Names Ecotype	Organism Infraspecific Names Isolate	Organism Infraspecific Names Sex	Annotation Name	Assembly Level	Assembly Release Date	WGS project accession	Assembly Stats Number of Scaffolds	Type Material Display Text
ASM584v2	GCF_000005845.2	GCA_000005845.2	Escherichia coli str. K-12 substr. MG1655	511145		K-12 substr. MG1655					Annotation submitted by NCBI RefSeq	Complete Genome	2013-11-03		1	
ASM886v2	GCF_000008865.2	GCA_000008865.2	Escherichia coli O157:H7 str. Sakai	386585		Sakai substr. RIMD 0509952					Annotation submitted by NCBI RefSeq	Complete Genome	2018-06-08		3	
ASM285371v1	GCF_002853715.1	GCA_002853715.1	Escherichia coli	562		14EC020					GCF_002853715.1-RS_2025_06_21	Complete Genome	2018-01-03		3	assembly designated as clade exemplar
ASM1326v1	GCF_000013265.1	GCA_000013265.1	Escherichia coli UTI89	364106		UTI89					GCF_000013265.1-RS_2025_06_09	Complete Genome	2006-04-07		2	assembly designated as clade exemplar
ASM369716v2	GCF_003697165.2	GCA_003697165.2	Escherichia coli DSM 30083 = JCM 1649 = ATCC 11775	866789		ATCC 11775					GCF_003697165.2-RS_2025_02_02	Complete Genome	2018-12-20		2	assembly designated as neotype
ASM21047v1	GCF_000210475.1	GCA_000210475.1	Escherichia coli ETEC H10407	316401		ETEC H10407					GCF_000210475.1-RS_2025_06_09	Complete Genome	2010-10-21		5	assembly designated as clade exemplar
ASM1038v1	GCF_000010385.1	GCA_000010385.1	Escherichia coli SE11	409438		SE11					GCF_000010385.1-RS_2025_06_09	Complete Genome	2008-10-23		7	assembly designated as clade exemplar
ASM1964v1	GCF_000019645.1	GCA_000019645.1	Escherichia coli SMS-3-5	439855		SMS-3-5					GCF_000019645.1-RS_2025_06_09	Complete Genome	2008-03-20		5	assembly designated as clade exemplar
ASM301845v1	GCF_003018455.1	GCA_003018455.1	Escherichia coli	562		97-3250					GCF_003018455.1-RS_2025_06_23	Complete Genome	2018-03-26		3	
ASM5307830v1	GCF_053078305.1	GCA_053078305.1	Escherichia coli	562		48					GCF_053078305.1-RS_2025_11_17	Complete Genome	2025-11-19		5	
ASM4856894v1	GCF_048568945.1	GCA_048568945.1	Escherichia coli	562		97_3250					GCF_048568945.1-RS_2025_03_14	Complete Genome	2025-03-15		4	
ASM4857156v1	GCF_048571565.1	GCA_048571565.1	Escherichia coli	562		10_253					GCF_048571565.1-RS_2025_03_15	Complete Genome	2025-03-15		4	
ASM4857164v1	GCF_048571645.1	GCA_048571645.1	Escherichia coli	562		00_3230					GCF_048571645.1-RS_2025_03_15	Complete Genome	2025-03-15		4	
ASM2430068v1	GCF_024300685.1	GCA_024300685.1	Escherichia coli	562		2003-3014					GCF_024300685.1-RS_2025_08_10	Complete Genome	2022-07-18		6	
ASM4856895v1	GCF_048568955.1	GCA_048568955.1	Escherichia coli	562		96_1414P					GCF_048568955.1-RS_2025_03_14	Complete Genome	2025-03-15		4	
ASM4856896v1	GCF_048568965.1	GCA_048568965.1	Escherichia coli	562		96_1414B					GCF_048568965.1-RS_2025_03_14	Complete Genome	2025-03-15		4	
ASM2792582v1	GCF_027925825.1	GCA_027925825.1	Escherichia coli	562		10153					GCF_027925825.1-RS_2025_06_12	Complete Genome	2023-01-13		6	
ASM4057135v1	GCF_040571355.1	GCA_040571355.1	Escherichia coli	562		12089					GCF_040571355.1-RS_2024_07_10	Complete Genome	2024-07-10		2	
ASM301803v1	GCF_003018035.1	GCA_003018035.1	Escherichia coli	562		2015C-4944					GCF_003018035.1-RS_2026_02_19	Complete Genome	2018-03-26		2	
ASM4857152v1	GCF_048571525.1	GCA_048571525.1	Escherichia coli	562		07_3722					GCF_048571525.1-RS_2025_03_15	Complete Genome	2025-03-15		4	
ASM4857131v1	GCF_048571315.1	GCA_048571315.1	Escherichia coli	562		7_11_88A					GCF_048571315.1-RS_2025_03_15	Complete Genome	2025-03-15		3	
ASM2792574v1	GCF_027925745.1	GCA_027925745.1	Escherichia coli	562		EH2252					GCF_027925745.1-RS_2025_06_12	Complete Genome	2023-01-13		5	
ASM2792580v1	GCF_027925805.1	GCA_027925805.1	Escherichia coli	562		PV0838					GCF_027925805.1-RS_2025_06_12	Complete Genome	2023-01-13		3	
ASM2792576v1	GCF_027925765.1	GCA_027925765.1	Escherichia coli	562		98E11					GCF_027925765.1-RS_2025_06_12	Complete Genome	2023-01-13		4	
ASM4432487v1	GCF_044324875.1	GCA_044324875.1	Escherichia coli	562		GF60					GCF_044324875.1-RS_2024_11_04	Complete Genome	2024-11-04		9	
ASM5101248v1	GCF_051012485.1	GCA_051012485.1	Escherichia coli	562		F2_407_2_2					GCF_051012485.1-RS_2025_06_21	Complete Genome	2025-06-21		4	
ASM2792578v1	GCF_027925785.1	GCA_027925785.1	Escherichia coli	562		NIID080884					GCF_027925785.1-RS_2025_06_12	Complete Genome	2023-01-13		3	
ASM4857181v1	GCF_048571815.1	GCA_048571815.1	Escherichia coli	562		6817					GCF_048571815.1-RS_2025_03_15	Complete Genome	2025-03-15		3	
ASM4856897v1	GCF_048568975.1	GCA_048568975.1	Escherichia coli	562		95_0274					GCF_048568975.1-RS_2025_03_14	Complete Genome	2025-03-15		6	
ASM4857160v1	GCF_048571605.1	GCA_048571605.1	Escherichia coli	562		03_3503					GCF_048571605.1-RS_2025_03_15	Complete Genome	2025-03-15		3	
ASM4857151v1	GCF_048571515.1	GCA_048571515.1	Escherichia coli	562		07_3986					GCF_048571515.1-RS_2025_03_15	Complete Genome	2025-03-15		3	
ASM4857130v1	GCF_048571305.1	GCA_048571305.1	Escherichia coli	562		7_12_30A					GCF_048571305.1-RS_2025_03_15	Complete Genome	2025-03-15		4	
ASM4857163v1	GCF_048571635.1	GCA_048571635.1	Escherichia coli	562		01_3327					GCF_048571635.1-RS_2025_03_15	Complete Genome	2025-03-15		2	
ASM2792556v1	GCF_027925565.1	GCA_027925565.1	Escherichia coli	562		EH031					GCF_027925565.1-RS_2025_06_12	Complete Genome	2023-01-13		3	
ASM2792584v1	GCF_027925845.1	GCA_027925845.1	Escherichia coli	562		02E060					GCF_027925845.1-RS_2025_06_12	Complete Genome	2023-01-13		5	
ASM5537925v1	GCF_055379255.1	GCA_055379255.1	Escherichia coli	562		OkiPb01711					GCF_055379255.1-RS_2026_02_24	Complete Genome	2026-02-25		3	
ASM4857142v1	GCF_048571425.1	GCA_048571425.1	Escherichia coli	562		2009C_3996					GCF_048571425.1-RS_2025_03_15	Complete Genome	2025-03-15		5	
ASM3238231v1	GCF_032382315.1	GCA_032382315.1	Escherichia coli	562		TUM9803					GCF_032382315.1-RS_2024_12_30	Complete Genome	2023-10-05		9	
ASM4857182v1	GCF_048571825.1	GCA_048571825.1	Escherichia coli	562		6629					GCF_048571825.1-RS_2025_03_15	Complete Genome	2025-03-15		4	
ASM4857179v1	GCF_048571795.1	GCA_048571795.1	Escherichia coli	562		10159					GCF_048571795.1-RS_2025_03_15	Complete Genome	2025-03-15		3	
ASM1405844v2	GCF_014058445.2	GCA_014058445.2	Escherichia coli	562		MBT-5					GCF_014058445.2-RS_2025_07_05	Complete Genome	2020-09-17		7	
ASM172112v1	GCF_001721125.1	GCA_001721125.1	Escherichia coli	562		FORC_028					GCF_001721125.1-RS_2025_03_23	Complete Genome	2016-09-07		1	
ASM2792550v1	GCF_027925505.1	GCA_027925505.1	Escherichia coli	562		2313					GCF_027925505.1-RS_2025_06_12	Complete Genome	2023-01-13		3	
ASM4857183v1	GCF_048571835.1	GCA_048571835.1	Escherichia coli	562		2010C_5028					GCF_048571835.1-RS_2025_03_15	Complete Genome	2025-03-15		6	
ASM4857141v1	GCF_048571415.1	GCA_048571415.1	Escherichia coli	562		2010C_3902					GCF_048571415.1-RS_2025_03_15	Complete Genome	2025-03-15		5	
ASM4856900v1	GCF_048569005.1	GCA_048569005.1	Escherichia coli	562		93_0495					GCF_048569005.1-RS_2025_03_14	Complete Genome	2025-03-15		4	
ASM4857165v1	GCF_048571655.1	GCA_048571655.1	Escherichia coli	562		00_3305					GCF_048571655.1-RS_2025_03_15	Complete Genome	2025-03-15		4	
ASM4857180v1	GCF_048571805.1	GCA_048571805.1	Escherichia coli	562		6883					GCF_048571805.1-RS_2025_03_15	Complete Genome	2025-03-15		5	
ASM4856901v1	GCF_048569015.1	GCA_048569015.1	Escherichia coli	562		7_56_38A					GCF_048569015.1-RS_2025_03_14	Complete Genome	2025-03-15		4	
ASM4856892v1	GCF_048568925.1	GCA_048568925.1	Escherichia coli	562		99_0849					GCF_048568925.1-RS_2025_03_14	Complete Genome	2025-03-15		3	
ASM435840v1	GCF_004358405.1	GCA_004358405.1	Escherichia coli	562		CFSAN027343					GCF_004358405.1-RS_2025_06_26	Complete Genome	2019-03-20		2	
ASM5538041v1	GCF_055380415.1	GCA_055380415.1	Escherichia coli	562		OkiPb01707					GCF_055380415.1-RS_2026_02_24	Complete Genome	2026-02-25		8	
ASM4057136v1	GCF_040571365.1	GCA_040571365.1	Escherichia coli	562		12867					GCF_040571365.1-RS_2024_07_09	Complete Genome	2024-07-10		2	
ASM4856899v1	GCF_048568995.1	GCA_048568995.1	Escherichia coli	562		88_1577					GCF_048568995.1-RS_2025_03_14	Complete Genome	2025-03-15		7	
ASM301857v1	GCF_003018575.1	GCA_003018575.1	Escherichia coli	562		2013C-4538					GCF_003018575.1-RS_2025_06_22	Complete Genome	2018-03-26		2	
ASM396646v1	GCF_003966465.1	GCA_003966465.1	Escherichia coli	562		E2865					GCF_003966465.1-RS_2025_06_25	Complete Genome	2018-07-27		5	
ASM3991165v1	GCF_039911655.1	GCA_039911655.1	Escherichia coli	562		UTAK-6					GCF_039911655.1-RS_2025_06_07	Complete Genome	2024-05-31		3	
ASM5288461v1	GCF_052884615.1	GCA_052884615.1	Escherichia coli	562		STEC799					GCF_052884615.1-RS_2025_09_28	Complete Genome	2025-09-30		3	
ASM301813v1	GCF_003018135.1	GCA_003018135.1	Escherichia coli	562		2014C-3050					GCF_003018135.1-RS_2026_02_19	Complete Genome	2018-03-26		2	
ASM4857177v1	GCF_048571775.1	GCA_048571775.1	Escherichia coli	562		10205					GCF_048571775.1-RS_2025_03_15	Complete Genome	2025-03-15		4	
ASM2792568v1	GCF_027925685.1	GCA_027925685.1	Escherichia coli	562		20.1					GCF_027925685.1-RS_2025_06_12	Complete Genome	2023-01-13		6	
ASM4856905v1	GCF_048569055.1	GCA_048569055.1	Escherichia coli	562		7_26_9A					GCF_048569055.1-RS_2025_03_14	Complete Genome	2025-03-15		4	
ASM4857157v1	GCF_048571575.1	GCA_048571575.1	Escherichia coli	562		06_3235					GCF_048571575.1-RS_2025_03_15	Complete Genome	2025-03-15		3	
ASM4857145v1	GCF_048571455.1	GCA_048571455.1	Escherichia coli	562		08_4358					GCF_048571455.1-RS_2025_03_15	Complete Genome	2025-03-15		5	
ASM4926643v1	GCF_049266435.1	GCA_049266435.1	Escherichia coli	562		RM6927					GCF_049266435.1-RS_2025_04_04	Complete Genome	2025-04-05		7	
ASM4187948v1	GCF_041879485.1	GCA_041879485.1	Escherichia coli	562		UTAK-12					GCF_041879485.1-RS_2024_09_10	Complete Genome	2024-09-11		3	
ASM4857161v1	GCF_048571615.1	GCA_048571615.1	Escherichia coli	562		03_3013					GCF_048571615.1-RS_2025_03_15	Complete Genome	2025-03-15		3	
ASM4857162v1	GCF_048571625.1	GCA_048571625.1	Escherichia coli	562		03_3469					GCF_048571625.1-RS_2025_03_15	Complete Genome	2025-03-15		4	
ASM301879v1	GCF_003018795.1	GCA_003018795.1	Escherichia coli	562		2012C-4606					GCF_003018795.1-RS_2026_02_19	Complete Genome	2018-03-26		3	
ASM301855v1	GCF_003018555.1	GCA_003018555.1	Escherichia coli	562		2013C-4225					GCF_003018555.1-RS_2025_06_22	Complete Genome	2018-03-26		2	
ASM301889v1	GCF_003018895.1	GCA_003018895.1	Escherichia coli	562		2014C-3057					GCF_003018895.1-RS_2025_06_22	Complete Genome	2018-03-26		2	
ASM5538697v1	GCF_055386975.1	GCA_055386975.1	Escherichia coli	562		OkiPb01691					GCF_055386975.1-RS_2026_02_24	Complete Genome	2026-02-25		3	
ASM4926528v1	GCF_049265285.1	GCA_049265285.1	Escherichia coli	562		TW08637					GCF_049265285.1-RS_2025_04_04	Complete Genome	2025-04-05		4	
ASM4857147v1	GCF_048571475.1	GCA_048571475.1	Escherichia coli	562		08_3323					GCF_048571475.1-RS_2025_03_15	Complete Genome	2025-03-15		7	
ASM3038992v1	GCF_030389925.1	GCA_030389925.1	Escherichia coli	562		TUM1886					GCF_030389925.1-RS_2025_07_19	Complete Genome	2023-07-03		9	
ASM2599567v1	GCF_025995675.1	GCA_025995675.1	Escherichia coli	562		61_150228					GCF_025995675.1-RS_2025_05_26	Complete Genome	2022-07-27		2	
ASM301805v1	GCF_003018055.1	GCA_003018055.1	Escherichia coli	562		2013C-3252					GCF_003018055.1-RS_2026_02_19	Complete Genome	2018-03-26		3	
ASM4857159v1	GCF_048571595.1	GCA_048571595.1	Escherichia coli	562		05_3471					GCF_048571595.1-RS_2025_03_15	Complete Genome	2025-03-15		5	
ASM1335736v1	GCF_013357365.1	GCA_013357365.1	Escherichia coli	562		RM13322					GCF_013357365.1-RS_2025_07_04	Complete Genome	2020-06-17		2	
ASM4188496v1	GCF_041884965.1	GCA_041884965.1	Escherichia coli	562		UTAK-15					GCF_041884965.1-RS_2024_09_11	Complete Genome	2024-09-11		5	
ASM1199608v1	GCF_011996085.1	GCA_011996085.1	Escherichia coli	562		CAU16175					GCF_011996085.1-RS_2025_07_03	Complete Genome	2020-04-03		7	
ASM4857168v1	GCF_048571685.1	GCA_048571685.1	Escherichia coli	562		12689					GCF_048571685.1-RS_2025_03_15	Complete Genome	2025-03-15		5	
ASM4857153v1	GCF_048571535.1	GCA_048571535.1	Escherichia coli	562		07_3636					GCF_048571535.1-RS_2025_03_15	Complete Genome	2025-03-15		4	
ASM4857178v1	GCF_048571785.1	GCA_048571785.1	Escherichia coli	562		8479					GCF_048571785.1-RS_2025_03_15	Complete Genome	2025-03-15		4	
ASM522188v1	GCF_005221885.1	GCA_005221885.1	Escherichia coli	562		143					GCF_005221885.1-RS_2025_06_27	Complete Genome	2019-05-07		2	
ASM3397104v1	GCF_033971045.1	GCA_033971045.1	Escherichia coli	562		FRIK1989					GCF_033971045.1-RS_2025_02_24	Complete Genome	2023-11-28		2	
ASM3753956v1	GCF_037539565.1	GCA_037539565.1	Escherichia coli	562		Z1323MEC0002					GCF_037539565.1-RS_2025_04_27	Complete Genome	2024-04-05		4	
ASM301791v1	GCF_003017915.1	GCA_003017915.1	Escherichia coli	562		2014C-3051					GCF_003017915.1-RS_2025_06_22	Complete Genome	2018-03-26		2	
ASM4857136v1	GCF_048571365.1	GCA_048571365.1	Escherichia coli	562		2013C_3653					GCF_048571365.1-RS_2025_03_15	Complete Genome	2025-03-15		2	
ASM435836v1	GCF_004358365.1	GCA_004358365.1	Escherichia coli	562		CFSAN027346					GCF_004358365.1-RS_2025_06_25	Complete Genome	2019-03-20		3	
ASM301831v1	GCF_003018315.1	GCA_003018315.1	Escherichia coli	562		2013C-3513					GCF_003018315.1-RS_2025_06_23	Complete Genome	2018-03-26		3	
ASM5112267v1	GCF_051122675.1	GCA_051122675.1	Escherichia coli	562		JB2					GCF_051122675.1-RS_2025_06_28	Complete Genome	2025-06-28		5	
ASM3001359v1	GCF_030013595.1	GCA_030013595.1	Escherichia coli	562		ETEC1738					GCF_030013595.1-RS_2025_06_14	Complete Genome	2023-05-15		7	
ASM4926584v1	GCF_049265845.1	GCA_049265845.1	Escherichia coli	562		SJ2D					GCF_049265845.1-RS_2025_04_04	Complete Genome	2025-04-05		6	
ASM4856891v1	GCF_048568915.1	GCA_048568915.1	Escherichia coli	562		B1_2					GCF_048568915.1-RS_2025_03_14	Complete Genome	2025-03-15		2	
ASM3991265v1	GCF_039912655.1	GCA_039912655.1	Escherichia coli	562		UTAK-1					GCF_039912655.1-RS_2025_06_07	Complete Genome	2024-05-31		3	
ASM893113v1	GCF_008931135.1	GCA_008931135.1	Escherichia coli	562		ERL04-3476					GCF_008931135.1-RS_2025_06_29	Complete Genome	2019-10-09		3	
ASM965003v1	GCF_009650035.1	GCA_009650035.1	Escherichia coli	562		AUSMDU00014361					GCF_009650035.1-RS_2025_07_01	Complete Genome	2019-11-12		4	
ASM687478v1	GCF_006874785.1	GCA_006874785.1	Escherichia coli	562		ATCC 43889					GCF_006874785.1-RS_2025_05_28	Complete Genome	2019-07-11		2	
ASM161247v1	GCF_001612475.1	GCA_001612475.1	Escherichia coli	562		28RC1					GCF_001612475.1-RS_2025_03_23	Complete Genome	2016-04-06		2	
ASM4187950v1	GCF_041879505.1	GCA_041879505.1	Escherichia coli	562		UTAK-23					GCF_041879505.1-RS_2024_09_10	Complete Genome	2024-09-11		2	
ASM4926486v1	GCF_049264865.1	GCA_049264865.1	Escherichia coli	562		War					GCF_049264865.1-RS_2025_04_04	Complete Genome	2025-04-05		4	
ASM2422341v1	GCF_024223415.1	GCA_024223415.1	Escherichia coli	562		LH50-c					GCF_024223415.1-RS_2025_08_02	Complete Genome	2022-07-13		11	
ASM522150v1	GCF_005221505.1	GCA_005221505.1	Escherichia coli	562		150					GCF_005221505.1-RS_2025_06_26	Complete Genome	2019-05-07		4	
ASM892618v1	GCF_008926185.1	GCA_008926185.1	Escherichia coli	562		ERL05-1306					GCF_008926185.1-RS_2025_06_29	Complete Genome	2019-10-09		2	
ASM966445v1	GCF_009664455.1	GCA_009664455.1	Escherichia coli	562		AUSMDU00002545					GCF_009664455.1-RS_2025_06_30	Complete Genome	2019-11-17		2	
ASM892612v1	GCF_008926125.1	GCA_008926125.1	Escherichia coli	562		ERL06-2503					GCF_008926125.1-RS_2025_06_29	Complete Genome	2019-10-09		2	
ASM5566140v1	GCF_055661405.1	GCA_055661405.1	Escherichia coli	562		JNEC-KY176					GCF_055661405.1-RS_2026_03_04	Complete Genome	2026-03-06		1	
ASM3397074v1	GCF_033970745.1	GCA_033970745.1	Escherichia coli	562		TW14588					GCF_033970745.1-RS_2025_02_24	Complete Genome	2023-11-28		3	
ASM4857134v1	GCF_048571345.1	GCA_048571345.1	Escherichia coli	562		2013C_3963					GCF_048571345.1-RS_2025_03_15	Complete Genome	2025-03-15		2	
ASM401067v1	GCF_004010675.1	GCA_004010675.1	Escherichia coli	562		2010C-3347					GCF_004010675.1-RS_2026_02_19	Complete Genome	2019-01-10		2	
ASM943195v1	GCF_009431955.1	GCA_009431955.1	Escherichia coli	562		HB6					GCF_009431955.1-RS_2025_06_30	Complete Genome	2019-10-31		2	
ASM379052v1	GCF_003790525.1	GCA_003790525.1	Escherichia coli	562					ECCNB12-2		GCF_003790525.1-RS_2025_05_27	Complete Genome	2018-11-19		5	
ASM2792562v1	GCF_027925625.1	GCA_027925625.1	Escherichia coli	562		H19					GCF_027925625.1-RS_2025_06_12	Complete Genome	2023-01-13		5	
ASM5087097v1	GCF_050870975.1	GCA_050870975.1	Escherichia coli	562		ATCC 43894					GCF_050870975.1-RS_2025_06_11	Complete Genome	2025-06-12		3	
ASM5087096v1	GCF_050870965.1	GCA_050870965.1	Escherichia coli	562		277					GCF_050870965.1-RS_2025_06_11	Complete Genome	2025-06-12		2	
ASM4857137v1	GCF_048571375.1	GCA_048571375.1	Escherichia coli	562		2011C_4247					GCF_048571375.1-RS_2025_03_15	Complete Genome	2025-03-15		2	
ASM4857129v1	GCF_048571295.1	GCA_048571295.1	Escherichia coli	562		7_14_47A					GCF_048571295.1-RS_2025_03_15	Complete Genome	2025-03-15		6	
GENOMIC21-004	GCF_963575795.1	GCA_963575795.1	Escherichia coli	562					Reference		GCF_963575795.1-RS_2025_04_27	Complete Genome	2024-02-07		6	
ASM2599631v1	GCF_025996315.1	GCA_025996315.1	Escherichia coli	562		CEC13091					GCF_025996315.1-RS_2025_05_29	Complete Genome	2022-07-27		2	
ASM4857166v1	GCF_048571665.1	GCA_048571665.1	Escherichia coli	562		13081					GCF_048571665.1-RS_2025_03_15	Complete Genome	2025-03-15		6	
ASM401071v1	GCF_004010715.1	GCA_004010715.1	Escherichia coli	562		08-3914					GCF_004010715.1-RS_2026_02_19	Complete Genome	2019-01-10		2	
ASM4857133v1	GCF_048571335.1	GCA_048571335.1	Escherichia coli	562		2013C_3964					GCF_048571335.1-RS_2025_03_15	Complete Genome	2025-03-15		2	
ASM3397084v1	GCF_033970845.1	GCA_033970845.1	Escherichia coli	562		RM6067W					GCF_033970845.1-RS_2024_12_02	Complete Genome	2023-11-28		2	
ASM892616v1	GCF_008926165.1	GCA_008926165.1	Escherichia coli	562		ERL06-2442					GCF_008926165.1-RS_2025_06_29	Complete Genome	2019-10-09		2	
ASM5539757v1	GCF_055397575.1	GCA_055397575.1	Escherichia coli	562		OkiPb01717					GCF_055397575.1-RS_2026_02_24	Complete Genome	2026-02-25		5	
ASM4856906v1	GCF_048569065.1	GCA_048569065.1	Escherichia coli	562		7_15_5C					GCF_048569065.1-RS_2025_03_14	Complete Genome	2025-03-15		5	
ASM189028v2	GCF_001890285.2	GCA_001890285.2	Escherichia coli	562		9000					GCF_001890285.2-RS_2025_07_04	Complete Genome	2020-10-09		2	
ASM5566142v1	GCF_055661425.1	GCA_055661425.1	Escherichia coli	562		JNEC-KY174					GCF_055661425.1-RS_2026_03_04	Complete Genome	2026-03-06		1	
ASM2599573v1	GCF_025995735.1	GCA_025995735.1	Escherichia coli	562		93_161312					GCF_025995735.1-RS_2025_05_29	Complete Genome	2022-07-27		3	
ASM189024v1	GCF_001890245.1	GCA_001890245.1	Escherichia coli	562		472					GCF_001890245.1-RS_2025_06_17	Complete Genome	2016-12-07		2	
ASM189020v1	GCF_001890205.1	GCA_001890205.1	Escherichia coli	562		155					GCF_001890205.1-RS_2025_06_17	Complete Genome	2016-12-07		2	
ASM973845v1	GCF_009738455.1	GCA_009738455.1	Escherichia coli	562		RM19259					GCF_009738455.1-RS_2025_06_30	Complete Genome	2019-12-10		2	
ASM301917v1	GCF_003019175.1	GCA_003019175.1	Escherichia coli	562		2013C-4187					GCF_003019175.1-RS_2025_06_22	Complete Genome	2018-03-26		2	
ASM522228v1	GCF_005222285.1	GCA_005222285.1	Escherichia coli	562		112					GCF_005222285.1-RS_2025_06_27	Complete Genome	2019-05-07		2	
ASM522240v1	GCF_005222405.1	GCA_005222405.1	Escherichia coli	562		111					GCF_005222405.1-RS_2025_06_27	Complete Genome	2019-05-07		2	
ASM161249v1	GCF_001612495.1	GCA_001612495.1	Escherichia coli	562		SRCC 1675					GCF_001612495.1-RS_2025_06_17	Complete Genome	2016-04-06		2	
ASM4188077v1	GCF_041880775.1	GCA_041880775.1	Escherichia coli	562		UTME-4					GCF_041880775.1-RS_2024_09_10	Complete Genome	2024-09-11		2	
ASM522158v1	GCF_005221585.1	GCA_005221585.1	Escherichia coli	562		144					GCF_005221585.1-RS_2025_06_26	Complete Genome	2019-05-07		4	
ASM4187946v1	GCF_041879465.1	GCA_041879465.1	Escherichia coli	562		UTME-1					GCF_041879465.1-RS_2024_09_10	Complete Genome	2024-09-11		2	
ASM892614v1	GCF_008926145.1	GCA_008926145.1	Escherichia coli	562		ERL06-2497					GCF_008926145.1-RS_2025_06_29	Complete Genome	2019-10-09		4	
ASM892596v1	GCF_008925965.1	GCA_008925965.1	Escherichia coli	562		NZRM4169					GCF_008925965.1-RS_2025_06_29	Complete Genome	2019-10-09		2	
ASM3990952v1	GCF_039909525.1	GCA_039909525.1	Escherichia coli	562		UTME-9					GCF_039909525.1-RS_2025_06_08	Complete Genome	2024-05-31		5	
ASM1942870v1	GCF_019428705.1	GCA_019428705.1	Escherichia coli	562		PK8241					GCF_019428705.1-RS_2025_03_18	Complete Genome	2021-07-31		7	
ASM301737v1	GCF_003017375.1	GCA_003017375.1	Escherichia coli	562		2015C-3163					GCF_003017375.1-RS_2025_06_21	Complete Genome	2018-03-26		2	
ASM1482584v1	GCF_014825845.1	GCA_014825845.1	Escherichia coli	562		20R2R					GCF_014825845.1-RS_2025_07_04	Complete Genome	2020-09-30		2	
ASM167747v2	GCF_001677475.2	GCA_001677475.2	Escherichia coli	562		06-00048					GCF_001677475.2-RS_2025_03_25	Complete Genome	2021-04-07		3	
ASM2430070v1	GCF_024300705.1	GCA_024300705.1	Escherichia coli	562		2000-3039					GCF_024300705.1-RS_2025_08_09	Complete Genome	2022-07-18		3	
ASM401057v1	GCF_004010575.1	GCA_004010575.1	Escherichia coli	562		2009C-3554					GCF_004010575.1-RS_2026_02_19	Complete Genome	2019-01-10		3	
ASM943221v1	GCF_009432215.1	GCA_009432215.1	Escherichia coli	562		F1 E4					GCF_009432215.1-RS_2025_07_01	Complete Genome	2019-10-31		2	
ASM4857135v1	GCF_048571355.1	GCA_048571355.1	Escherichia coli	562		2013C_3678					GCF_048571355.1-RS_2025_03_15	Complete Genome	2025-03-15		3	
ASM5538645v1	GCF_055386455.1	GCA_055386455.1	Escherichia coli	562		OkiPb01693					GCF_055386455.1-RS_2026_02_24	Complete Genome	2026-02-25		3	
ASM5112268v1	GCF_051122685.1	GCA_051122685.1	Escherichia coli	562		CD45					GCF_051122685.1-RS_2025_06_28	Complete Genome	2025-06-28		5	
ASM294671v1	GCF_002946715.1	GCA_002946715.1	Escherichia coli	562		266917_2					GCF_002946715.1-RS_2025_06_22	Complete Genome	2018-02-18		6	
ASM2580925v1	GCF_025809255.1	GCA_025809255.1	Escherichia coli	562		1613					GCF_025809255.1-RS_2025_01_28	Complete Genome	2022-10-24		2	
ASM301921v1	GCF_003019215.1	GCA_003019215.1	Escherichia coli	562		2013C-3342					GCF_003019215.1-RS_2025_06_22	Complete Genome	2018-03-26		2	
ASM2392120v1	GCF_023921205.1	GCA_023921205.1	Escherichia coli	562		EC20017429					GCF_023921205.1-RS_2025_07_19	Complete Genome	2022-06-27		6	
ASM2539909v1	GCF_025399095.1	GCA_025399095.1	Escherichia coli	562		PNUSAE019785					GCF_025399095.1-RS_2026_02_23	Complete Genome	2022-09-25		2	
ASM2599561v1	GCF_025995615.1	GCA_025995615.1	Escherichia coli	562		57_142493					GCF_025995615.1-RS_2025_05_30	Complete Genome	2022-07-27		2	
ASM2539911v1	GCF_025399115.1	GCA_025399115.1	Escherichia coli	562		PNUSAE008406					GCF_025399115.1-RS_2026_02_23	Complete Genome	2022-09-25		2	
ASM301915v1	GCF_003019155.1	GCA_003019155.1	Escherichia coli	562		2013C-3264					GCF_003019155.1-RS_2025_06_22	Complete Genome	2018-03-26		2	
ASM2539913v1	GCF_025399135.1	GCA_025399135.1	Escherichia coli	562		PNUSAE008512					GCF_025399135.1-RS_2025_08_05	Complete Genome	2022-09-25		2	
ASM3757527v1	GCF_037575275.1	GCA_037575275.1	Escherichia coli	562		Z1323CEC0006					GCF_037575275.1-RS_2025_04_28	Complete Genome	2024-04-05		8	
ASM5590059v1	GCF_055900595.1	GCA_055900595.1	Escherichia coli	562		24A16CRGN010					GCF_055900595.1-RS_2026_03_15	Complete Genome	2026-03-15	JBVWEU01	11	
ASM222026v1	GCF_002220265.1	GCA_002220265.1	Escherichia coli	562		FORC_044					GCF_002220265.1-RS_2025_03_23	Complete Genome	2017-07-17		3	
ASM966430v1	GCF_009664305.1	GCA_009664305.1	Escherichia coli	562		FSIS11705876					GCF_009664305.1-RS_2025_05_28	Complete Genome	2019-11-15		2	
ASM4187949v1	GCF_041879495.1	GCA_041879495.1	Escherichia coli	562		UTAK-14					GCF_041879495.1-RS_2024_09_10	Complete Genome	2024-09-11		5	
ASM2599655v1	GCF_025996555.1	GCA_025996555.1	Escherichia coli	562		CEC03102					GCF_025996555.1-RS_2025_05_28	Complete Genome	2022-07-27		2	
ASM4432478v1	GCF_044324785.1	GCA_044324785.1	Escherichia coli	562		GF43					GCF_044324785.1-RS_2024_11_04	Complete Genome	2024-11-04		7	
ASM401065v1	GCF_004010655.1	GCA_004010655.1	Escherichia coli	562		2009C-4687					GCF_004010655.1-RS_2026_02_19	Complete Genome	2019-01-10		2	
ASM2599535v1	GCF_025995355.1	GCA_025995355.1	Escherichia coli	562		8_140198					GCF_025995355.1-RS_2025_05_27	Complete Genome	2022-07-27		3	
ASM401069v1	GCF_004010695.1	GCA_004010695.1	Escherichia coli	562		2010C-3142					GCF_004010695.1-RS_2026_02_19	Complete Genome	2019-01-10		2	
ASM3158815v2	GCF_031588155.1	GCA_031588155.2	Escherichia coli	562		PNUSAE151637					GCF_031588155.1-RS_2025_04_27	Complete Genome	2024-11-02		3	
ASM189032v1	GCF_001890325.1	GCA_001890325.1	Escherichia coli	562		319					GCF_001890325.1-RS_2025_06_17	Complete Genome	2016-12-07		2	
ASM189022v1	GCF_001890225.1	GCA_001890225.1	Escherichia coli	562		272					GCF_001890225.1-RS_2025_06_17	Complete Genome	2016-12-07		2	
ASM4856903v1	GCF_048569035.1	GCA_048569035.1	Escherichia coli	562		7_33_46A					GCF_048569035.1-RS_2025_03_14	Complete Genome	2025-03-15		5	
ASM5538371v1	GCF_055383715.1	GCA_055383715.1	Escherichia coli	562		OkiPb01699					GCF_055383715.1-RS_2026_02_24	Complete Genome	2026-02-25		3	
ASM2599519v1	GCF_025995195.1	GCA_025995195.1	Escherichia coli	562		F690					GCF_025995195.1-RS_2025_05_30	Complete Genome	2022-07-27		2	
ASM2599525v1	GCF_025995255.1	GCA_025995255.1	Escherichia coli	562		F765					GCF_025995255.1-RS_2025_05_27	Complete Genome	2022-07-27		3	
ASM4840340v1	GCF_048403405.1	GCA_048403405.1	Escherichia coli	562		755					GCF_048403405.1-RS_2025_03_06	Complete Genome	2025-03-07		9	
ASM396642v1	GCF_003966425.1	GCA_003966425.1	Escherichia coli	562		E2855					GCF_003966425.1-RS_2025_06_25	Complete Genome	2018-07-27		6	
39038_C01	GCF_900635185.1	GCA_900635185.1	Escherichia coli	562		NCTC9112					GCF_900635185.1-RS_2025_06_27	Complete Genome	2018-12-19		1	
ASM4856898v1	GCF_048568985.1	GCA_048568985.1	Escherichia coli	562		94_0962					GCF_048568985.1-RS_2025_03_14	Complete Genome	2025-03-15		9	
ASM215684v1	GCF_002156845.1	GCA_002156845.1	Escherichia coli	562		95NR1					GCF_002156845.1-RS_2025_06_19	Complete Genome	2017-05-23		3	
ASM180626v1	GCF_001806265.1	GCA_001806265.1	Escherichia coli	562		NADC 5570/86-24/6565			mutant		GCF_001806265.1-RS_2025_03_23	Complete Genome	2016-10-21		2	
ASM180628v1	GCF_001806285.1	GCA_001806285.1	Escherichia coli	562		NADC 5570/86-24/6564			wild type		GCF_001806285.1-RS_2025_03_23	Complete Genome	2016-10-21		2	
ASM522232v1	GCF_005222325.1	GCA_005222325.1	Escherichia coli	562		108					GCF_005222325.1-RS_2025_06_26	Complete Genome	2019-05-07		2	
ASM3135708v1	GCF_031357085.1	GCA_031357085.1	Escherichia coli	562		EPSSH018					GCF_031357085.1-RS_2024_12_16	Complete Genome	2023-09-12		2	
ASM4856902v1	GCF_048569025.1	GCA_048569025.1	Escherichia coli	562		7_33_80A					GCF_048569025.1-RS_2025_03_14	Complete Genome	2025-03-15		4	
ASM4857140v1	GCF_048571405.1	GCA_048571405.1	Escherichia coli	562		2011C_3361					GCF_048571405.1-RS_2025_03_15	Complete Genome	2025-03-15		3	
ASM5538515v1	GCF_055385155.1	GCA_055385155.1	Escherichia coli	562		OkiPb01696					GCF_055385155.1-RS_2026_02_24	Complete Genome	2026-02-25		9	
ASM943291v1	GCF_009432915.1	GCA_009432915.1	Escherichia coli	562		MA11					GCF_009432915.1-RS_2025_06_30	Complete Genome	2019-10-31		2	
ASM522236v1	GCF_005222365.1	GCA_005222365.1	Escherichia coli	562		105					GCF_005222365.1-RS_2025_06_27	Complete Genome	2019-05-07		2	
ASM4829670v1	GCF_048296705.1	GCA_048296705.1	Escherichia coli	562		VTEC+					GCF_048296705.1-RS_2025_03_05	Complete Genome	2025-03-06		1	
ASM522178v1	GCF_005221785.1	GCA_005221785.1	Escherichia coli	562		123					GCF_005221785.1-RS_2025_06_27	Complete Genome	2019-05-07		2	
ASM3158809v2	GCF_031588095.1	GCA_031588095.2	Escherichia coli	562		PNUSAE151638					GCF_031588095.1-RS_2025_04_27	Complete Genome	2024-11-02		2	
ASM4534762v1	GCF_045347625.1	GCA_045347625.1	Escherichia coli	562		2024CK-1897675					GCF_045347625.1-RS_2024_11_27	Complete Genome	2024-11-27		2	
ASM3073392v1	GCF_030733925.1	GCA_030733925.1	Escherichia coli	562		PNUSAE145745					GCF_030733925.1-RS_2024_08_27	Complete Genome	2023-08-15		2	
ASM3641961v1	GCF_036419615.1	GCA_036419615.1	Escherichia coli	562		PNUSAE147326					GCF_036419615.1-RS_2024_12_02	Complete Genome	2024-02-06		2	
ASM3167547v2	GCF_031675475.1	GCA_031675475.2	Escherichia coli	562		PNUSAE147328					GCF_031675475.1-RS_2024_12_02	Complete Genome	2024-02-06		2	
ASM3073416v1	GCF_030734165.1	GCA_030734165.1	Escherichia coli	562		PNUSAE145743					GCF_030734165.1-RS_2024_08_27	Complete Genome	2023-08-15		2	
ASM3093976v2	GCF_030939765.1	GCA_030939765.2	Escherichia coli	562		PNUSAE147324					GCF_030939765.1-RS_2024_12_02	Complete Genome	2024-02-06		2	
ASM5538671v1	GCF_055386715.1	GCA_055386715.1	Escherichia coli	562		OkiPb01692					GCF_055386715.1-RS_2026_02_24	Complete Genome	2026-02-25		7	
ASM522176v1	GCF_005221765.1	GCA_005221765.1	Escherichia coli	562		124					GCF_005221765.1-RS_2025_06_27	Complete Genome	2019-05-07		2	
ASM4188134v1	GCF_041881345.1	GCA_041881345.1	Escherichia coli	562		UTAK-8					GCF_041881345.1-RS_2024_09_10	Complete Genome	2024-09-11		4	
ASM522164v1	GCF_005221645.1	GCA_005221645.1	Escherichia coli	562		136					GCF_005221645.1-RS_2025_06_26	Complete Genome	2019-05-07		3	
ASM522192v1	GCF_005221925.1	GCA_005221925.1	Escherichia coli	562		140					GCF_005221925.1-RS_2025_06_26	Complete Genome	2019-05-07		3	
ASM522182v1	GCF_005221825.1	GCA_005221825.1	Escherichia coli	562		117					GCF_005221825.1-RS_2025_06_27	Complete Genome	2019-05-07		3	
ASM522180v1	GCF_005221805.1	GCA_005221805.1	Escherichia coli	562		120					GCF_005221805.1-RS_2025_06_27	Complete Genome	2019-05-07		3	
ASM522196v1	GCF_005221965.1	GCA_005221965.1	Escherichia coli	562		138					GCF_005221965.1-RS_2025_06_27	Complete Genome	2019-05-07		3	
ASM522202v1	GCF_005222025.1	GCA_005222025.1	Escherichia coli	562		121					GCF_005222025.1-RS_2025_06_26	Complete Genome	2019-05-07		3	
ASM522162v1	GCF_005221625.1	GCA_005221625.1	Escherichia coli	562		137					GCF_005221625.1-RS_2025_06_27	Complete Genome	2019-05-07		3	
ASM522160v1	GCF_005221605.1	GCA_005221605.1	Escherichia coli	562		141					GCF_005221605.1-RS_2025_06_26	Complete Genome	2019-05-07		3	
ASM522200v1	GCF_005222005.1	GCA_005222005.1	Escherichia coli	562		122					GCF_005222005.1-RS_2025_06_27	Complete Genome	2019-05-07		2	
ASM4856893v1	GCF_048568935.1	GCA_048568935.1	Escherichia coli	562		99_0288					GCF_048568935.1-RS_2025_03_14	Complete Genome	2025-03-15		4	
ASM522174v1	GCF_005221745.1	GCA_005221745.1	Escherichia coli	562		130					GCF_005221745.1-RS_2025_06_27	Complete Genome	2019-05-07		3	
ASM522198v1	GCF_005221985.1	GCA_005221985.1	Escherichia coli	562		131					GCF_005221985.1-RS_2025_06_27	Complete Genome	2019-05-07		3	
ASM522186v1	GCF_005221865.1	GCA_005221865.1	Escherichia coli	562		116					GCF_005221865.1-RS_2025_06_26	Complete Genome	2019-05-07		3	
ASM522166v1	GCF_005221665.1	GCA_005221665.1	Escherichia coli	562		135					GCF_005221665.1-RS_2025_06_26	Complete Genome	2019-05-07		3	
ASM522172v1	GCF_005221725.1	GCA_005221725.1	Escherichia coli	562		132					GCF_005221725.1-RS_2025_06_27	Complete Genome	2019-05-07		3	
ASM522168v1	GCF_005221685.1	GCA_005221685.1	Escherichia coli	562		134					GCF_005221685.1-RS_2025_06_26	Complete Genome	2019-05-07		3	
ASM522226v1	GCF_005222265.1	GCA_005222265.1	Escherichia coli	562		114					GCF_005222265.1-RS_2025_06_27	Complete Genome	2019-05-07		3	
ASM522170v1	GCF_005221705.1	GCA_005221705.1	Escherichia coli	562		133					GCF_005221705.1-RS_2025_06_26	Complete Genome	2019-05-07		3	
ASM522194v1	GCF_005221945.1	GCA_005221945.1	Escherichia coli	562		139					GCF_005221945.1-RS_2025_06_27	Complete Genome	2019-05-07		3	
ASM522206v1	GCF_005222065.1	GCA_005222065.1	Escherichia coli	562		118					GCF_005222065.1-RS_2025_06_27	Complete Genome	2019-05-07		3	
ASM522204v1	GCF_005222045.1	GCA_005222045.1	Escherichia coli	562		119					GCF_005222045.1-RS_2025_06_27	Complete Genome	2019-05-07		3	
ASM5538894v1	GCF_055388945.1	GCA_055388945.1	Escherichia coli	562		OkiPb01686					GCF_055388945.1-RS_2026_02_24	Complete Genome	2026-02-25		3	
ASM522238v1	GCF_005222385.1	GCA_005222385.1	Escherichia coli	562		113					GCF_005222385.1-RS_2025_06_27	Complete Genome	2019-05-07		3	
ASM5538856v1	GCF_055388565.1	GCA_055388565.1	Escherichia coli	562		OkiPb01687					GCF_055388565.1-RS_2026_02_24	Complete Genome	2026-02-25		3	
ASM401063v1	GCF_004010635.1	GCA_004010635.1	Escherichia coli	562		06-3462					GCF_004010635.1-RS_2026_02_19	Complete Genome	2019-01-10		2	
ASM1991552v1	GCF_019915525.1	GCA_019915525.1	Escherichia coli	562		SCAID WND1-2021 (1/128)					GCF_019915525.1-RS_2025_01_29	Complete Genome	2021-09-09		2	
ASM943313v1	GCF_009433135.1	GCA_009433135.1	Escherichia coli	562		CV261					GCF_009433135.1-RS_2025_06_30	Complete Genome	2019-10-31		2	
ASM2430078v1	GCF_024300785.1	GCA_024300785.1	Escherichia coli	562		99-3311					GCF_024300785.1-RS_2025_08_09	Complete Genome	2022-07-18		2	
ASM205876v1	GCF_002058765.1	GCA_002058765.1	Escherichia coli	562		DSM 103246					GCF_002058765.1-RS_2025_06_19	Complete Genome	2017-03-21		1	
ASM3756341v1	GCF_037563415.1	GCA_037563415.1	Escherichia coli	562		Z1323CEC0016					GCF_037563415.1-RS_2025_04_28	Complete Genome	2024-04-05		7	
ASM876153v3	GCF_008761535.2	GCA_008761535.3	Escherichia coli	562		SJ7					GCF_008761535.2-RS_2025_05_28	Complete Genome	2020-04-29		3	
ASM522244v1	GCF_005222445.1	GCA_005222445.1	Escherichia coli	562		107					GCF_005222445.1-RS_2025_06_26	Complete Genome	2019-05-07		3	
ASM522230v1	GCF_005222305.1	GCA_005222305.1	Escherichia coli	562		109					GCF_005222305.1-RS_2025_06_27	Complete Genome	2019-05-07		3	
ASM522242v1	GCF_005222425.1	GCA_005222425.1	Escherichia coli	562		110					GCF_005222425.1-RS_2025_06_27	Complete Genome	2019-05-07		3	
ASM301877v1	GCF_003018775.1	GCA_003018775.1	Escherichia coli	562		2014C-3655					GCF_003018775.1-RS_2025_06_21	Complete Genome	2018-03-26		2	
ASM1640367v2	GCF_016403675.2	GCA_016403675.2	Escherichia coli	562		STEC2018-553					GCF_016403675.2-RS_2025_07_14	Complete Genome	2021-06-09		15	
ASM4856907v1	GCF_048569075.1	GCA_048569075.1	Escherichia coli	562		7_14_50A					GCF_048569075.1-RS_2025_03_14	Complete Genome	2025-03-15		4	
ASM301891v1	GCF_003018915.1	GCA_003018915.1	Escherichia coli	562		2011C-4251					GCF_003018915.1-RS_2025_06_22	Complete Genome	2018-03-26		2	
ASM3754152v1	GCF_037541525.1	GCA_037541525.1	Escherichia coli	562		Z1323HEC0494					GCF_037541525.1-RS_2025_04_28	Complete Genome	2024-04-05		4	
ASM4857158v1	GCF_048571585.1	GCA_048571585.1	Escherichia coli	562		06_3044					GCF_048571585.1-RS_2025_03_15	Complete Genome	2025-03-15		4	
ASM4857143v1	GCF_048571435.1	GCA_048571435.1	Escherichia coli	562		2009C_3689					GCF_048571435.1-RS_2025_03_15	Complete Genome	2025-03-15		3	
ASM301871v1	GCF_003018715.1	GCA_003018715.1	Escherichia coli	562		2013C-3277					GCF_003018715.1-RS_2025_06_22	Complete Genome	2018-03-26		4	
ASM4857138v1	GCF_048571385.1	GCA_048571385.1	Escherichia coli	562		2013C_3277					GCF_048571385.1-RS_2025_03_15	Complete Genome	2025-03-15		4	
ASM522234v1	GCF_005222345.1	GCA_005222345.1	Escherichia coli	562		106					GCF_005222345.1-RS_2025_06_26	Complete Genome	2019-05-07		2	
ASM435838v1	GCF_004358385.1	GCA_004358385.1	Escherichia coli	562		CFSAN027350					GCF_004358385.1-RS_2025_06_25	Complete Genome	2019-03-20		2	
ASM3991250v1	GCF_039912505.1	GCA_039912505.1	Escherichia coli	562		UTAK-2					GCF_039912505.1-RS_2025_06_07	Complete Genome	2024-05-31		3	
ASM3990951v1	GCF_039909515.1	GCA_039909515.1	Escherichia coli	562		UTAK-4					GCF_039909515.1-RS_2025_06_08	Complete Genome	2024-05-31		4	
ASM201208v1	GCF_002012085.1	GCA_002012085.1	Escherichia coli	562		Ecol_AZ146					GCF_002012085.1-RS_2025_06_20	Complete Genome	2017-03-03		8	
ASM301849v1	GCF_003018495.1	GCA_003018495.1	Escherichia coli	562		2015C-4498					GCF_003018495.1-RS_2025_06_23	Complete Genome	2018-03-26		2	
ASM4857155v1	GCF_048571555.1	GCA_048571555.1	Escherichia coli	562		06_3288					GCF_048571555.1-RS_2025_03_15	Complete Genome	2025-03-15		3	
ASM2539903v1	GCF_025399035.1	GCA_025399035.1	Escherichia coli	562		PNUSAE014970					GCF_025399035.1-RS_2026_02_23	Complete Genome	2022-09-25		2	
ASM5539822v1	GCF_055398225.1	GCA_055398225.1	Escherichia coli	562		OkiPb01714					GCF_055398225.1-RS_2026_02_24	Complete Genome	2026-02-25		8	
ASM4857139v1	GCF_048571395.1	GCA_048571395.1	Escherichia coli	562		2011C_4037					GCF_048571395.1-RS_2025_03_15	Complete Genome	2025-03-15		2	
ASM5566151v1	GCF_055661515.1	GCA_055661515.1	Escherichia coli	562		JNEC-KY202					GCF_055661515.1-RS_2026_03_04	Complete Genome	2026-03-06		1	
ASM3757354v1	GCF_037573545.1	GCA_037573545.1	Escherichia coli	562		Z1323CEC0009					GCF_037573545.1-RS_2025_04_27	Complete Genome	2024-04-05		8	
ASM4926707v1	GCF_049267075.1	GCA_049267075.1	Escherichia coli	562		N5D43					GCF_049267075.1-RS_2025_04_04	Complete Genome	2025-04-05		4	
ASM2599541v1	GCF_025995415.1	GCA_025995415.1	Escherichia coli	562		26_141088					GCF_025995415.1-RS_2025_05_31	Complete Genome	2022-07-27		2	
ASM3990918v1	GCF_039909185.1	GCA_039909185.1	Escherichia coli	562		UTME-10					GCF_039909185.1-RS_2025_06_08	Complete Genome	2024-05-31		6	
ASM2599531v1	GCF_025995315.1	GCA_025995315.1	Escherichia coli	562		H52_982342					GCF_025995315.1-RS_2025_06_02	Complete Genome	2022-07-27		2	
ASM4857144v1	GCF_048571445.1	GCA_048571445.1	Escherichia coli	562		2009C_3612					GCF_048571445.1-RS_2025_03_15	Complete Genome	2025-03-15		2	
ASM164474v1	GCF_001644745.1	GCA_001644745.1	Escherichia coli	562		2013C-4465					GCF_001644745.1-RS_2025_03_23	Complete Genome	2016-05-16		2	
ASM189034v1	GCF_001890345.1	GCA_001890345.1	Escherichia coli	562		10671					GCF_001890345.1-RS_2025_06_17	Complete Genome	2016-12-07		2	
ASM401061v1	GCF_004010615.1	GCA_004010615.1	Escherichia coli	562		08-3918					GCF_004010615.1-RS_2026_02_19	Complete Genome	2019-01-10		3	
ASM522190v1	GCF_005221905.1	GCA_005221905.1	Escherichia coli	562		142					GCF_005221905.1-RS_2025_06_27	Complete Genome	2019-05-07		5	
ASM893118v1	GCF_008931185.1	GCA_008931185.1	Escherichia coli	562		ERL03-1416					GCF_008931185.1-RS_2025_06_29	Complete Genome	2019-10-09		3	
ASM4188248v1	GCF_041882485.1	GCA_041882485.1	Escherichia coli	562		UTAK-13					GCF_041882485.1-RS_2024_09_10	Complete Genome	2024-09-11		5	
ASM301776v1	GCF_003017765.1	GCA_003017765.1	Escherichia coli	562		2013C-3033					GCF_003017765.1-RS_2025_06_22	Complete Genome	2018-03-26		2	
ASM401101v1	GCF_004011015.1	GCA_004011015.1	Escherichia coli	562		E-1246					GCF_004011015.1-RS_2025_06_25	Complete Genome	2019-01-10		3	
ASM4026745v1	GCF_040267455.1	GCA_040267455.1	Escherichia coli	562		CM2					GCF_040267455.1-RS_2025_06_29	Complete Genome	2024-06-23		3	
ASM3757625v1	GCF_037576255.1	GCA_037576255.1	Escherichia coli	562		Z1323CEC0001					GCF_037576255.1-RS_2025_04_28	Complete Genome	2024-04-05		11	
ASM2599547v1	GCF_025995475.1	GCA_025995475.1	Escherichia coli	562		27_141091					GCF_025995475.1-RS_2025_05_30	Complete Genome	2022-07-27		3	
ASM3990943v1	GCF_039909435.1	GCA_039909435.1	Escherichia coli	562		UTME-12					GCF_039909435.1-RS_2025_06_08	Complete Genome	2024-05-31		7	
ASM522152v1	GCF_005221525.1	GCA_005221525.1	Escherichia coli	562		147					GCF_005221525.1-RS_2025_06_27	Complete Genome	2019-05-07		3	
ASM522156v1	GCF_005221565.1	GCA_005221565.1	Escherichia coli	562		149					GCF_005221565.1-RS_2025_06_26	Complete Genome	2019-05-07		2	
ASM522154v1	GCF_005221545.1	GCA_005221545.1	Escherichia coli	562		148					GCF_005221545.1-RS_2025_06_26	Complete Genome	2019-05-07		2	
ASM2599673v1	GCF_025996735.1	GCA_025996735.1	Escherichia coli	562		CEC13004					GCF_025996735.1-RS_2025_05_30	Complete Genome	2022-07-27		2	
ASM401059v1	GCF_004010595.1	GCA_004010595.1	Escherichia coli	562		2009C-3378					GCF_004010595.1-RS_2025_06_25	Complete Genome	2019-01-10		2	
ASM4188559v1	GCF_041885595.1	GCA_041885595.1	Escherichia coli	562		UTME-2					GCF_041885595.1-RS_2024_09_11	Complete Genome	2024-09-11		3	
ASM5566145v1	GCF_055661455.1	GCA_055661455.1	Escherichia coli	562		JNEC-KY171					GCF_055661455.1-RS_2026_03_04	Complete Genome	2026-03-06		1	
ASM190035v1	GCF_001900355.1	GCA_001900355.1	Escherichia coli	562		C11					GCF_001900355.1-RS_2025_06_19	Complete Genome	2016-12-12		1	
ASM892608v1	GCF_008926085.1	GCA_008926085.1	Escherichia coli	562		NZRM4165					GCF_008926085.1-RS_2025_06_29	Complete Genome	2019-10-09		2	
ASM4857146v1	GCF_048571465.1	GCA_048571465.1	Escherichia coli	562		08_3449					GCF_048571465.1-RS_2025_03_15	Complete Genome	2025-03-15		2	
ASM301853v1	GCF_003018535.1	GCA_003018535.1	Escherichia coli	562		2013C-4081					GCF_003018535.1-RS_2026_02_19	Complete Genome	2018-03-26		4	
ASM189026v1	GCF_001890265.1	GCA_001890265.1	Escherichia coli	562		350					GCF_001890265.1-RS_2025_06_17	Complete Genome	2016-12-07		2	
ASM357168v1	GCF_003571685.1	GCA_003571685.1	Escherichia coli	562		AR_0013					GCF_003571685.1-RS_2025_06_26	Complete Genome	2018-09-16		2	
ASM3990935v1	GCF_039909355.1	GCA_039909355.1	Escherichia coli	562		UTME-14					GCF_039909355.1-RS_2025_06_08	Complete Genome	2024-05-31		3	
ASM1104521v1	GCF_011045215.1	GCA_011045215.1	Escherichia coli	562		PapRG-04-4					GCF_011045215.1-RS_2025_07_02	Complete Genome	2020-03-02		3	
ASM4534460v1	GCF_045344605.1	GCA_045344605.1	Escherichia coli	562		Z1323CEC0005					GCF_045344605.1-RS_2024_11_27	Complete Genome	2024-11-27		9	
ASM224995v1	GCF_002249955.1	GCA_002249955.1	Escherichia coli	562		CDC#03-98					GCF_002249955.1-RS_2025_06_21	Complete Genome	2017-08-14		2	
ASM4857132v1	GCF_048571325.1	GCA_048571325.1	Escherichia coli	562		2013C_3997_C1					GCF_048571325.1-RS_2025_03_15	Complete Genome	2025-03-15		3	
ASM5579091v1	GCF_055790915.1	GCA_055790915.1	Escherichia coli	562		25-07233					GCF_055790915.1-RS_2026_03_11	Complete Genome	2026-03-11	JBTRIA01	5	
ASM5579094v1	GCF_055790945.1	GCA_055790945.1	Escherichia coli	562		25-07338					GCF_055790945.1-RS_2026_03_11	Complete Genome	2026-03-11	JBTWMM01	5	
ASM5490892v1	GCF_054908925.1	GCA_054908925.1	Escherichia coli	562		LB858871					GCF_054908925.1-RS_2026_02_05	Complete Genome	2026-02-04	JBTTGX01	5	
ASM5579090v1	GCF_055790905.1	GCA_055790905.1	Escherichia coli	562		25-06685					GCF_055790905.1-RS_2026_03_11	Complete Genome	2026-03-11	JBTRAT01	5	
ASM943241v1	GCF_009432415.1	GCA_009432415.1	Escherichia coli	562		21B8					GCF_009432415.1-RS_2025_07_01	Complete Genome	2019-10-31		2	
ASM301887v1	GCF_003018875.1	GCA_003018875.1	Escherichia coli	562		2013C-3250					GCF_003018875.1-RS_2026_02_19	Complete Genome	2018-03-26		6	
ASM301893v1	GCF_003018935.1	GCA_003018935.1	Escherichia coli	562		2014C-3599					GCF_003018935.1-RS_2026_02_19	Complete Genome	2018-03-26		2	
ASM190094v1	GCF_001900945.1	GCA_001900945.1	Escherichia coli	562		S40					GCF_001900945.1-RS_2025_06_19	Complete Genome	2016-12-12		1	
ASM522184v1	GCF_005221845.1	GCA_005221845.1	Escherichia coli	562		115					GCF_005221845.1-RS_2025_06_27	Complete Genome	2019-05-07		3	
ASM943279v1	GCF_009432795.1	GCA_009432795.1	Escherichia coli	562		M7638					GCF_009432795.1-RS_2025_06_30	Complete Genome	2019-10-31		1	
ASM892610v1	GCF_008926105.1	GCA_008926105.1	Escherichia coli	562		NZRM3614					GCF_008926105.1-RS_2025_06_29	Complete Genome	2019-10-09		2	
ASM2599649v1	GCF_025996495.1	GCA_025996495.1	Escherichia coli	562		CEC08123					GCF_025996495.1-RS_2025_05_28	Complete Genome	2022-07-27		2	
ASM2116601v1	GCF_021166015.1	GCA_021166015.1	Escherichia coli	562		7386Nal					GCF_021166015.1-RS_2025_03_16	Complete Genome	2021-12-12		1	
ASM2430076v1	GCF_024300765.1	GCA_024300765.1	Escherichia coli	562		2002-3211					GCF_024300765.1-RS_2025_08_08	Complete Genome	2022-07-18		2	
ASM2599589v1	GCF_025995895.1	GCA_025995895.1	Escherichia coli	562		CEC96047					GCF_025995895.1-RS_2025_05_27	Complete Genome	2022-07-27		2	
ASM892630v1	GCF_008926305.1	GCA_008926305.1	Escherichia coli	562		ERL05-0623					GCF_008926305.1-RS_2025_06_29	Complete Genome	2019-10-09		3	
ASM1694467v1	GCF_016944675.1	GCA_016944675.1	Escherichia coli	562		EF5-18-41					GCF_016944675.1-RS_2025_07_05	Complete Genome	2021-02-25		7	
ASM3238429v1	GCF_032384295.1	GCA_032384295.1	Escherichia coli	562		TUM1880					GCF_032384295.1-RS_2024_12_30	Complete Genome	2023-10-05		3	
ASM301869v1	GCF_003018695.1	GCA_003018695.1	Escherichia coli	562		2015C-3107					GCF_003018695.1-RS_2025_06_22	Complete Genome	2018-03-26		2	
ASM3028558v1	GCF_030285585.1	GCA_030285585.1	Escherichia coli	562		Ch1					GCF_030285585.1-RS_2025_07_05	Complete Genome	2023-06-18		5	
ASM5288420v1	GCF_052884205.1	GCA_052884205.1	Escherichia coli	562		Xuzhou21					GCF_052884205.1-RS_2025_09_28	Complete Genome	2025-09-30		4	
ASM2599553v1	GCF_025995535.1	GCA_025995535.1	Escherichia coli	562		53_142304					GCF_025995535.1-RS_2025_05_28	Complete Genome	2022-07-27		2	
ASM1460751v1	GCF_014607515.1	GCA_014607515.1	Escherichia coli	562		RM9872-C1					GCF_014607515.1-RS_2025_07_04	Complete Genome	2020-09-16		2	
ASM301899v1	GCF_003018995.1	GCA_003018995.1	Escherichia coli	562		95-3192					GCF_003018995.1-RS_2025_06_23	Complete Genome	2018-03-26		1	
ASM2599667v1	GCF_025996675.1	GCA_025996675.1	Escherichia coli	562		CEC13002					GCF_025996675.1-RS_2025_05_27	Complete Genome	2022-07-27		2	
ASM330895v1	GCF_003308955.1	GCA_003308955.1	Escherichia coli	562		2017C-4109					GCF_003308955.1-RS_2025_06_24	Complete Genome	2018-07-10		3	
ASM943263v1	GCF_009432635.1	GCA_009432635.1	Escherichia coli	562		F3398					GCF_009432635.1-RS_2025_07_01	Complete Genome	2019-10-31		2	
ASM5101247v1	GCF_051012475.1	GCA_051012475.1	Escherichia coli	562		DEC9B					GCF_051012475.1-RS_2025_06_21	Complete Genome	2025-06-21		4	
ASM4857128v1	GCF_048571285.1	GCA_048571285.1	Escherichia coli	562		7_12_15B					GCF_048571285.1-RS_2025_03_15	Complete Genome	2025-03-15		4	
ASM3442243v1	GCF_034422435.1	GCA_034422435.1	Escherichia coli	562		Nord58					GCF_034422435.1-RS_2025_02_19	Complete Genome	2023-12-16		8	
ASM3757582v1	GCF_037575825.1	GCA_037575825.1	Escherichia coli	562		Z1323CEC0003					GCF_037575825.1-RS_2025_04_28	Complete Genome	2024-04-05		5	
ASM205724v1	GCF_002057245.1	GCA_002057245.1	Escherichia coli	562		13E0780					GCF_002057245.1-RS_2025_06_20	Complete Genome	2017-03-21		1	
ASM189030v1	GCF_001890305.1	GCA_001890305.1	Escherichia coli	562		7784					GCF_001890305.1-RS_2025_06_17	Complete Genome	2016-12-07		2	
ASM4188022v1	GCF_041880225.1	GCA_041880225.1	Escherichia coli	562		UTAK-10					GCF_041880225.1-RS_2024_09_10	Complete Genome	2024-09-11		2	
ASM4856904v1	GCF_048569045.1	GCA_048569045.1	Escherichia coli	562		7_29_23A					GCF_048569045.1-RS_2025_03_14	Complete Genome	2025-03-15		2	
ASM301881v1	GCF_003018815.1	GCA_003018815.1	Escherichia coli	562		2013C-4991					GCF_003018815.1-RS_2025_06_22	Complete Genome	2018-03-26		4	
ASM4926529v1	GCF_049265295.1	GCA_049265295.1	Escherichia coli	562		SJ3					GCF_049265295.1-RS_2025_04_04	Complete Genome	2025-04-05		4	
ASM4857154v1	GCF_048571545.1	GCA_048571545.1	Escherichia coli	562		07_3337					GCF_048571545.1-RS_2025_03_15	Complete Genome	2025-03-15		4	
ASM301793v1	GCF_003017935.1	GCA_003017935.1	Escherichia coli	562		2015C-3121					GCF_003017935.1-RS_2025_06_22	Complete Genome	2018-03-26		2	
ASM2794457v1	GCF_027944575.1	GCA_027944575.1	Escherichia coli	562		DETEC-S792					GCF_027944575.1-RS_2025_03_20	Complete Genome	2023-01-24		4	
ASM1943118v1	GCF_019431185.1	GCA_019431185.1	Escherichia coli	562		135					GCF_019431185.1-RS_2025_09_18	Complete Genome	2021-08-01		6	
ASM301755v1	GCF_003017555.1	GCA_003017555.1	Escherichia coli	562		2015C-3108					GCF_003017555.1-RS_2025_06_22	Complete Genome	2018-03-26		3	
ASM4857148v1	GCF_048571485.1	GCA_048571485.1	Escherichia coli	562		08_3418					GCF_048571485.1-RS_2025_03_15	Complete Genome	2025-03-15		3	
ASM1688968v1	GCF_016889685.1	GCA_016889685.1	Escherichia coli	562		FDAARGOS_1267					GCF_016889685.1-RS_2025_07_04	Complete Genome	2021-02-15		4	
ASM4052914v1	GCF_040529145.1	GCA_040529145.1	Escherichia coli	562		PKF11					GCF_040529145.1-RS_2024_07_07	Complete Genome	2024-07-07		7	
ASM4052912v1	GCF_040529125.1	GCA_040529125.1	Escherichia coli	562		PKF4					GCF_040529125.1-RS_2024_07_07	Complete Genome	2024-07-07		5	
ASM5288766v1	GCF_052887665.1	GCA_052887665.1	Escherichia coli	562		VTB97432v					GCF_052887665.1-RS_2025_09_28	Complete Genome	2025-09-30		4	
ASM4857167v1	GCF_048571675.1	GCA_048571675.1	Escherichia coli	562		12690					GCF_048571675.1-RS_2025_03_15	Complete Genome	2025-03-15		5	
ASM320375v1	GCF_003203755.1	GCA_003203755.1	Escherichia coli	562		SD134209					GCF_003203755.1-RS_2025_06_23	Complete Genome	2018-06-09		3	
ASM3991474v1	GCF_039914745.1	GCA_039914745.1	Escherichia coli	562		99E2750					GCF_039914745.1-RS_2025_06_07	Complete Genome	2024-05-31		2	
ASM396644v1	GCF_003966445.1	GCA_003966445.1	Escherichia coli	562		E2863					GCF_003966445.1-RS_2025_06_25	Complete Genome	2018-07-27		6	
ASM1297456v1	GCF_012974565.1	GCA_012974565.1	Escherichia coli	562		SCU-101					GCF_012974565.1-RS_2025_07_03	Complete Genome	2020-05-05		1	
ASM1781581v1	GCF_017815815.1	GCA_017815815.1	Escherichia coli	562		SCU-101					GCF_017815815.1-RS_2025_02_26	Complete Genome	2021-04-07		4	
ASM5554283v1	GCF_055542835.1	GCA_055542835.1	Escherichia coli	562		EC332					GCF_055542835.1-RS_2026_03_04	Complete Genome	2026-03-06		10	
ASM456403v1	GCF_004564035.1	GCA_004564035.1	Escherichia coli	562		04-00955					GCF_004564035.1-RS_2025_06_26	Complete Genome	2019-04-02		1	
ASM190051v1	GCF_001900515.1	GCA_001900515.1	Escherichia coli	562		C3					GCF_001900515.1-RS_2025_06_19	Complete Genome	2016-12-12		2	
ASM4187955v1	GCF_041879555.1	GCA_041879555.1	Escherichia coli	562		UTME-3					GCF_041879555.1-RS_2024_09_10	Complete Genome	2024-09-11		3	
ASM215682v1	GCF_002156825.1	GCA_002156825.1	Escherichia coli	562		95JB1					GCF_002156825.1-RS_2025_06_19	Complete Genome	2017-05-23		3	
ASM5155871v1	GCF_051558715.1	GCA_051558715.1	Escherichia coli	562		AH19F006					GCF_051558715.1-RS_2025_07_30	Complete Genome	2025-07-31		2	
F374	GCF_963575375.1	GCA_963575375.1	Escherichia coli	562					F374		GCF_963575375.1-RS_2025_01_15	Complete Genome	2023-10-28		6	
NRZ14408 genome	GCF_900093485.1	GCA_900093485.1	Escherichia coli	562					E. coli NRZ14408		GCF_900093485.1-RS_2025_09_07	Complete Genome	2017-01-09		7	
ASM3756828v1	GCF_037568285.1	GCA_037568285.1	Escherichia coli	562		Z1323CEC0013					GCF_037568285.1-RS_2025_04_28	Complete Genome	2024-04-05		8	
ASM475902v1	GCF_004759025.1	GCA_004759025.1	Escherichia coli	562		28Eco12					GCF_004759025.1-RS_2025_06_26	Complete Genome	2019-04-09		2	
ASM5538778v1	GCF_055387785.1	GCA_055387785.1	Escherichia coli	562		OkiPb01689					GCF_055387785.1-RS_2026_02_24	Complete Genome	2026-02-25		8	
ASM5310282v1	GCF_053102825.1	GCA_053102825.1	Escherichia coli	562		SW070917					GCF_053102825.1-RS_2025_11_18	Complete Genome	2025-10-16	JBRNHL01	3	
ASM4124861v1	GCF_041248615.1	GCA_041248615.1	Escherichia coli	562		NRZ14408					GCF_041248615.1-RS_2024_12_02	Complete Genome	2024-08-14		4	
ASM3442427v1	GCF_034424275.1	GCA_034424275.1	Escherichia coli	562		Nord1					GCF_034424275.1-RS_2025_03_10	Complete Genome	2023-12-17		4	
ASM301905v1	GCF_003019055.1	GCA_003019055.1	Escherichia coli	562		2014C-4423					GCF_003019055.1-RS_2025_06_22	Complete Genome	2018-03-26		3	
ASM2491737v1	GCF_024917375.1	GCA_024917375.1	Escherichia coli	562		3059					GCF_024917375.1-RS_2024_12_18	Complete Genome	2022-09-04		1	
ASM5519504v1	GCF_055195045.1	GCA_055195045.1	Escherichia coli	562		CFIAFB20190157					GCF_055195045.1-RS_2026_02_16	Complete Genome	2026-02-16	JBUXMJ01	7	
ASM5539540v1	GCF_055395405.1	GCA_055395405.1	Escherichia coli	562		HCM-27C-1					GCF_055395405.1-RS_2026_02_24	Complete Genome	2026-02-25		3	
ASM164523v2	GCF_001645235.2	GCA_001645235.2	Escherichia coli	562		2011C-4315					GCF_001645235.2-RS_2025_06_22	Complete Genome	2017-11-02		3	
ASM5317003v1	GCF_053170035.1	GCA_053170035.1	Escherichia coli	562		CUVET19-970					GCF_053170035.1-RS_2025_11_18	Complete Genome	2025-11-19		9	
ASM190053v1	GCF_001900535.1	GCA_001900535.1	Escherichia coli	562		C5					GCF_001900535.1-RS_2025_06_19	Complete Genome	2016-12-12		3	
ASM3070825v1	GCF_030708255.1	GCA_030708255.1	Escherichia coli	562		S6					GCF_030708255.1-RS_2025_08_21	Complete Genome	2023-08-10		3	
ASM5519483v1	GCF_055194835.1	GCA_055194835.1	Escherichia coli	562		CFIAFB20190167					GCF_055194835.1-RS_2026_02_16	Complete Genome	2026-02-16	JBUXMK01	6	
ASM2599661v1	GCF_025996615.1	GCA_025996615.1	Escherichia coli	562		CEC01302					GCF_025996615.1-RS_2025_06_02	Complete Genome	2022-07-27		2	
ASM1293476v1	GCF_012934765.1	GCA_012934765.1	Escherichia coli	562		SCU-387					GCF_012934765.1-RS_2025_07_03	Complete Genome	2020-04-30		4	
ASM5161949v1	GCF_051619495.1	GCA_051619495.1	Escherichia coli	562		AH19B041					GCF_051619495.1-RS_2025_07_31	Complete Genome	2025-08-01		5	
ASM1550900v1	GCF_015509005.1	GCA_015509005.1	Escherichia coli	562		JE86-ST05					GCF_015509005.1-RS_2025_03_23	Complete Genome	2020-11-05		6	
ASM1429523v1	GCF_014295235.1	GCA_014295235.1	Escherichia coli	562		G6/7					GCF_014295235.1-RS_2025_07_03	Complete Genome	2020-08-25		4	
ASM3070801v1	GCF_030708015.1	GCA_030708015.1	Escherichia coli	562		R4					GCF_030708015.1-RS_2025_08_22	Complete Genome	2023-08-10		2	
ASM3688440v1	GCF_036884405.1	GCA_036884405.1	Escherichia coli	562		S1-JOR-02-A					GCF_036884405.1-RS_2025_04_28	Complete Genome	2024-04-05		2	
ASM2599607v1	GCF_025996075.1	GCA_025996075.1	Escherichia coli	562		CEC01311					GCF_025996075.1-RS_2025_05_25	Complete Genome	2022-07-27		2	
ASM3000797v1	GCF_030007975.1	GCA_030007975.1	Escherichia coli	562		C325					GCF_030007975.1-RS_2025_06_13	Complete Genome	2023-05-13		5	
ASM4188374v1	GCF_041883745.1	GCA_041883745.1	Escherichia coli	562		UTME-6					GCF_041883745.1-RS_2024_09_11	Complete Genome	2024-09-11		3	
ASM5433161v1	GCF_054331615.1	GCA_054331615.1	Escherichia coli	562		FXCREC016					GCF_054331615.1-RS_2026_01_05	Complete Genome	2026-01-04	JBTGJA01	3	
ASM696546v1	GCF_006965465.1	GCA_006965465.1	Escherichia coli	562		U1					GCF_006965465.1-RS_2025_06_27	Complete Genome	2019-07-14		2	
ASM5493177v1	GCF_054931775.1	GCA_054931775.1	Escherichia coli	562		UCPROB-002					GCF_054931775.1-RS_2026_02_06	Complete Genome	2026-02-05	JBSATG01	4	
ASM5528571v1	GCF_055285715.1	GCA_055285715.1	Escherichia coli	562		E02					GCF_055285715.1-RS_2026_02_18	Complete Genome	2026-02-18	JBUZKM01	4	
ASM301797v1	GCF_003017975.1	GCA_003017975.1	Escherichia coli	562		2013C-4361					GCF_003017975.1-RS_2025_06_21	Complete Genome	2018-03-26		2	
ASM4857268v1	GCF_048572685.1	GCA_048572685.1	Escherichia coli	562		AREA_R485					GCF_048572685.1-RS_2025_03_16	Complete Genome	2025-03-16		2	
ASM3001310v1	GCF_030013105.1	GCA_030013105.1	Escherichia coli	562		ETEC4090					GCF_030013105.1-RS_2025_06_13	Complete Genome	2023-05-15		5	
ASM301745v1	GCF_003017455.1	GCA_003017455.1	Escherichia coli	562		2015C-3101					GCF_003017455.1-RS_2025_06_21	Complete Genome	2018-03-26		3	
ASM1602619v1	GCF_016026195.1	GCA_016026195.1	Escherichia coli	562		FDAARGOS_946					GCF_016026195.1-RS_2025_07_04	Complete Genome	2020-12-14		4	
ASM5490279v1	GCF_054902795.1	GCA_054902795.1	Escherichia coli	562		GPEC1209					GCF_054902795.1-RS_2026_02_04	Complete Genome	2026-02-04	JBUBIZ01	2	
ASM239346v1	GCF_002393465.1	GCA_002393465.1	Escherichia coli	562		FDAARGOS_401					GCF_002393465.1-RS_2025_06_21	Complete Genome	2017-09-28		2	
ASM5092041v1	GCF_050920415.1	GCA_050920415.1	Escherichia coli	562		MFDS1019527					GCF_050920415.1-RS_2025_06_16	Complete Genome	2025-06-17		2	
ASM5297662v1	GCF_052976625.1	GCA_052976625.1	Escherichia coli	562		1532MA					GCF_052976625.1-RS_2026_02_17	Complete Genome	2025-10-04	JBRIKP01	2	
ASM78492v1	GCF_000784925.1	GCA_000784925.1	Escherichia coli	562		ECONIH1					GCF_000784925.1-RS_2025_06_09	Complete Genome	2014-11-17		4	
ASM876149v2	GCF_008761495.2	GCA_008761495.2	Escherichia coli	562		RM11911					GCF_008761495.2-RS_2025_05_27	Complete Genome	2020-04-29		2	
ASM190142v1	GCF_001901425.1	GCA_001901425.1	Escherichia coli	562		C7					GCF_001901425.1-RS_2025_06_16	Complete Genome	2016-12-12		2	
ASM5310284v1	GCF_053102845.1	GCA_053102845.1	Escherichia coli	562		SW070919					GCF_053102845.1-RS_2025_11_18	Complete Genome	2025-10-16	JBRNHK01	4	
ASM1300404v1	GCF_013004045.1	GCA_013004045.1	Escherichia coli	562		HB37					GCF_013004045.1-RS_2025_07_03	Complete Genome	2020-05-10		4	
ASM538310v2	GCF_005383105.2	GCA_005383105.2	Escherichia coli	562		ECSC054					GCF_005383105.2-RS_2024_12_18	Complete Genome	2021-03-03		2	
ASM588603v1	GCF_005886035.1	GCA_005886035.1	Escherichia coli	562		A1_136					GCF_005886035.1-RS_2025_06_27	Complete Genome	2019-05-29		1	
ASM4503741v1	GCF_045037415.1	GCA_045037415.1	Escherichia coli	562		98889					GCF_045037415.1-RS_2024_11_20	Complete Genome	2024-11-23		3	
ASM1493091v1	GCF_014930915.1	GCA_014930915.1	Escherichia coli	562		KC-Dl-1					GCF_014930915.1-RS_2025_07_04	Complete Genome	2020-10-26		1	
ASM1680391v1	GCF_016803915.1	GCA_016803915.1	Escherichia coli	562		FHI_NMBU_10					GCF_016803915.1-RS_2025_07_06	Complete Genome	2021-02-03		7	
ASM3756665v1	GCF_037566655.1	GCA_037566655.1	Escherichia coli	562		Z1323CEC0014					GCF_037566655.1-RS_2025_04_28	Complete Genome	2024-04-05		1	
ASM301815v1	GCF_003018155.1	GCA_003018155.1	Escherichia coli	562		2014C-3061					GCF_003018155.1-RS_2025_06_23	Complete Genome	2018-03-26		2	
ASM4188431v1	GCF_041884315.1	GCA_041884315.1	Escherichia coli	562		UTAK-22					GCF_041884315.1-RS_2024_09_11	Complete Genome	2024-09-11		5	
ASM3709458v1	GCF_037094585.1	GCA_037094585.1	Escherichia coli	562		MS 21-1					GCF_037094585.1-RS_2025_04_28	Complete Genome	2024-04-05		5	
327_BP0021B_scaffolds	GCF_964200005.1	GCA_964200005.1	Escherichia coli	562					327_BP0021		GCF_964200005.1-RS_2024_11_08	Complete Genome	2024-11-09		4	
ASM636469v1	GCF_006364695.1	GCA_006364695.1	Escherichia coli	562		FDAARGOS_772					GCF_006364695.1-RS_2025_06_28	Complete Genome	2019-06-19		4	
ASM286368v1	GCF_002863685.1	GCA_002863685.1	Escherichia coli	562		SMN152SH1					GCF_002863685.1-RS_2025_06_22	Complete Genome	2018-01-05		4	
ASM90052036v1	GCF_900520365.1	GCA_900520365.1	Escherichia coli	562					Escherichia coli str. TO217		GCF_900520365.1-RS_2025_06_25	Complete Genome	2019-01-29		3	
ASM5538002v1	GCF_055380025.1	GCA_055380025.1	Escherichia coli	562		OkiPb01708					GCF_055380025.1-RS_2026_02_24	Complete Genome	2026-02-25		7	
ASM5537968v1	GCF_055379685.1	GCA_055379685.1	Escherichia coli	562		OkiPb01709					GCF_055379685.1-RS_2026_02_24	Complete Genome	2026-02-25		7	
ASM5538123v1	GCF_055381235.1	GCA_055381235.1	Escherichia coli	562		OkiPb01705					GCF_055381235.1-RS_2026_02_24	Complete Genome	2026-02-25		7	
ASM5538203v1	GCF_055382035.1	GCA_055382035.1	Escherichia coli	562		OkiPb01703					GCF_055382035.1-RS_2026_02_24	Complete Genome	2026-02-25		7	
ASM5537940v1	GCF_055379405.1	GCA_055379405.1	Escherichia coli	562		OkiPb01710					GCF_055379405.1-RS_2026_02_24	Complete Genome	2026-02-25		7	
ASM5538084v1	GCF_055380845.1	GCA_055380845.1	Escherichia coli	562		OkiPb01706					GCF_055380845.1-RS_2026_02_24	Complete Genome	2026-02-25		7	
ASM330897v1	GCF_003308975.1	GCA_003308975.1	Escherichia coli	562		2017C-4173W12					GCF_003308975.1-RS_2025_06_24	Complete Genome	2018-07-10		3	
ASM5539262v1	GCF_055392625.1	GCA_055392625.1	Escherichia coli	562		OkiPb01677					GCF_055392625.1-RS_2026_02_24	Complete Genome	2026-02-25		12	
ASM1328227v1	GCF_013282275.1	GCA_013282275.1	Escherichia coli	562		NMBU_W05E18					GCF_013282275.1-RS_2025_07_03	Complete Genome	2020-06-05		4	
ASM3038470v1	GCF_030384705.1	GCA_030384705.1	Escherichia coli	562		VG38-53E1					GCF_030384705.1-RS_2025_07_18	Complete Genome	2023-07-02		1	
ASM5566147v1	GCF_055661475.1	GCA_055661475.1	Escherichia coli	562		JNEC-KY204					GCF_055661475.1-RS_2026_03_04	Complete Genome	2026-03-06		1	
ASM5538165v1	GCF_055381655.1	GCA_055381655.1	Escherichia coli	562		OkiPb01704					GCF_055381655.1-RS_2026_02_24	Complete Genome	2026-02-25		7	
ASM5538297v1	GCF_055382975.1	GCA_055382975.1	Escherichia coli	562		OkiPb01701					GCF_055382975.1-RS_2026_02_24	Complete Genome	2026-02-25		7	
ASM3070799v1	GCF_030707995.1	GCA_030707995.1	Escherichia coli	562		R6					GCF_030707995.1-RS_2025_08_22	Complete Genome	2023-08-10		4	
ASM5537821v1	GCF_055378215.1	GCA_055378215.1	Escherichia coli	562		OkiPb01713					GCF_055378215.1-RS_2026_02_24	Complete Genome	2026-02-25		5	
ASM5539012v1	GCF_055390125.1	GCA_055390125.1	Escherichia coli	562		OkiPb01683					GCF_055390125.1-RS_2026_02_24	Complete Genome	2026-02-25		4	
ASM5489058v1	GCF_054890585.1	GCA_054890585.1	Escherichia coli	562		UID2309220041					GCF_054890585.1-RS_2026_02_04	Complete Genome	2026-02-02	JBTZOV01	4	
ASM1680387v1	GCF_016803875.1	GCA_016803875.1	Escherichia coli	562		FHI_NMBU_11					GCF_016803875.1-RS_2025_07_06	Complete Genome	2021-02-03		6	
ASM1429521v1	GCF_014295215.1	GCA_014295215.1	Escherichia coli	562		G8					GCF_014295215.1-RS_2025_07_03	Complete Genome	2020-08-25		4	
ASM2491891v1	GCF_024918915.1	GCA_024918915.1	Escherichia coli	562		p11B					GCF_024918915.1-RS_2024_12_18	Complete Genome	2022-09-04		3	
ASM1133093v2	GCF_011330935.2	GCA_011330935.2	Escherichia coli	562		p11A					GCF_011330935.2-RS_2025_07_04	Complete Genome	2020-09-17		3	
ASM5493175v1	GCF_054931755.1	GCA_054931755.1	Escherichia coli	562		UCPROB-001					GCF_054931755.1-RS_2026_02_06	Complete Genome	2026-02-05	JBSATF01	4	
41556_D01	GCF_900635325.1	GCA_900635325.1	Escherichia coli	562		NCTC10444					GCF_900635325.1-RS_2025_06_25	Complete Genome	2018-12-19		1	
ASM3464261v1	GCF_034642615.1	GCA_034642615.1	Escherichia coli	562		KE54					GCF_034642615.1-RS_2025_02_20	Complete Genome	2023-12-26		2	
ASM4534480v1	GCF_045344805.1	GCA_045344805.1	Escherichia coli	562		Z1323HEC0393					GCF_045344805.1-RS_2024_11_27	Complete Genome	2024-11-27		4	
ASM227811v2	GCF_002278115.2	GCA_002278115.2	Escherichia coli	562		CFSAN061770					GCF_002278115.2-RS_2025_06_20	Complete Genome	2017-09-05		4	
ASM3688477v1	GCF_036884775.1	GCA_036884775.1	Escherichia coli	562		S1-CAM-04-C					GCF_036884775.1-RS_2025_04_27	Complete Genome	2024-04-05		3	
AI2959v1_cpp	GCF_905330955.2	GCA_905330955.2	Escherichia coli	562					68		GCF_905330955.2-RS_2025_07_22	Complete Genome	2022-06-24		10	
ASM3099520v1	GCF_030995205.1	GCA_030995205.1	Escherichia coli	562		CUVET17-1136					GCF_030995205.1-RS_2025_09_14	Complete Genome	2023-08-30		2	
ASM1416911v1	GCF_014169115.1	GCA_014169115.1	Escherichia coli	562		WP4-W18-ESBL-09					GCF_014169115.1-RS_2025_07_03	Complete Genome	2020-07-21		8	
ASM5580801v1	GCF_055808015.1	GCA_055808015.1	Escherichia coli	562		33F4					GCF_055808015.1-RS_2026_03_12	Complete Genome	2026-03-12	JBVODL01	1	
ASM5580795v1	GCF_055807955.1	GCA_055807955.1	Escherichia coli	562		33E					GCF_055807955.1-RS_2026_03_12	Complete Genome	2026-03-12	JBVODO01	1	
ASM5580796v1	GCF_055807965.1	GCA_055807965.1	Escherichia coli	562		32F4					GCF_055807965.1-RS_2026_03_12	Complete Genome	2026-03-12	JBVODM01	1	
ASM1429531v1	GCF_014295315.1	GCA_014295315.1	Escherichia coli	562		G1/2					GCF_014295315.1-RS_2025_07_03	Complete Genome	2020-08-25		1	
ASM3070815v1	GCF_030708155.1	GCA_030708155.1	Escherichia coli	562		S13					GCF_030708155.1-RS_2025_08_21	Complete Genome	2023-08-10		3	
ASM167749v1	GCF_001677495.1	GCA_001677495.1	Escherichia coli	562		09-00049					GCF_001677495.1-RS_2025_03_23	Complete Genome	2016-07-01		2	
ASM2999119v1	GCF_029991195.1	GCA_029991195.1	Escherichia coli	562		AVS0753					GCF_029991195.1-RS_2025_06_13	Complete Genome	2023-05-12		2	
ASM2998996v1	GCF_029989965.1	GCA_029989965.1	Escherichia coli	562		AVS0171					GCF_029989965.1-RS_2025_06_12	Complete Genome	2023-05-12		2	
ASM2998940v1	GCF_029989405.1	GCA_029989405.1	Escherichia coli	562		AVS0453					GCF_029989405.1-RS_2025_06_13	Complete Genome	2023-05-12		2	
ASM2998795v1	GCF_029987955.1	GCA_029987955.1	Escherichia coli	562		AVS0787					GCF_029987955.1-RS_2025_06_12	Complete Genome	2023-05-12		4	
ASM4610632v1	GCF_046106325.1	GCA_046106325.1	Escherichia coli	562		19KM1803					GCF_046106325.1-RS_2024_12_17	Complete Genome	2024-12-17		9	
ASM3709463v1	GCF_037094635.1	GCA_037094635.1	Escherichia coli	562		MS 198-1					GCF_037094635.1-RS_2025_04_28	Complete Genome	2024-04-05		3	
ASM2998962v1	GCF_029989625.1	GCA_029989625.1	Escherichia coli	562		AVS0362					GCF_029989625.1-RS_2025_06_12	Complete Genome	2023-05-12		2	
ASM3708198v1	GCF_037081985.1	GCA_037081985.1	Escherichia coli	562		A1.S1.126					GCF_037081985.1-RS_2025_04_28	Complete Genome	2024-04-05		3	
ASM3237514v1	GCF_032375145.1	GCA_032375145.1	Escherichia coli	562		TUM1226					GCF_032375145.1-RS_2024_12_30	Complete Genome	2023-10-05		3	
ASM1731044v1	GCF_017310445.1	GCA_017310445.1	Escherichia coli	562		IR53017					GCF_017310445.1-RS_2025_07_06	Complete Genome	2021-03-09		5	
ASM2998982v1	GCF_029989825.1	GCA_029989825.1	Escherichia coli	562		AVS0226					GCF_029989825.1-RS_2025_06_12	Complete Genome	2023-05-12		2	
ASM2999045v1	GCF_029990455.1	GCA_029990455.1	Escherichia coli	562		AVS0153					GCF_029990455.1-RS_2025_06_13	Complete Genome	2023-05-12		2	
ASM3070803v1	GCF_030708035.1	GCA_030708035.1	Escherichia coli	562		R3					GCF_030708035.1-RS_2025_02_24	Complete Genome	2023-08-10		4	
ASM193631v1	GCF_001936315.1	GCA_001936315.1	Escherichia coli	562		SLK172					GCF_001936315.1-RS_2025_06_17	Complete Genome	2017-01-05		3	
ASM1550880v1	GCF_015508805.1	GCA_015508805.1	Escherichia coli	562		JE86-ST02					GCF_015508805.1-RS_2025_05_27	Complete Genome	2020-11-05		4	
ASM5538335v1	GCF_055383355.1	GCA_055383355.1	Escherichia coli	562		OkiPb01700					GCF_055383355.1-RS_2026_02_24	Complete Genome	2026-02-25		4	
ASM5539160v1	GCF_055391605.1	GCA_055391605.1	Escherichia coli	562		OkiPb01679					GCF_055391605.1-RS_2026_02_24	Complete Genome	2026-02-25		6	
ASM5371122v1	GCF_053711225.1	GCA_053711225.1	Escherichia coli	562		2020C08-115					GCF_053711225.1-RS_2025_11_26	Complete Genome	2025-11-26	JBSJZL01	4	
ASM5539804v1	GCF_055398045.1	GCA_055398045.1	Escherichia coli	562		OkiPb01715					GCF_055398045.1-RS_2026_02_24	Complete Genome	2026-02-25		6	
Br_112_kylling	GCF_048162985.1	GCA_048162985.1	Escherichia coli	562		Br_112_kylling					GCF_048162985.1-RS_2025_02_28	Complete Genome	2025-03-01		3	
ASM5539122v1	GCF_055391225.1	GCA_055391225.1	Escherichia coli	562		OkiPb01680					GCF_055391225.1-RS_2026_02_24	Complete Genome	2026-02-25		4	
ASM5488891v1	GCF_054888915.1	GCA_054888915.1	Escherichia coli	562		UID2309220036					GCF_054888915.1-RS_2026_02_04	Complete Genome	2026-02-02	JBTZPL01	2	
ASM3070817v1	GCF_030708175.1	GCA_030708175.1	Escherichia coli	562		S12					GCF_030708175.1-RS_2025_08_21	Complete Genome	2023-08-10		2	
E401656.fasta	GCF_052907635.1	GCA_052907635.1	Escherichia coli	562		401656					GCF_052907635.1-RS_2025_11_17	Complete Genome	2025-09-29	JBREQQ01	3	
ASM4432492v1	GCF_044324925.1	GCA_044324925.1	Escherichia coli	562		GF4					GCF_044324925.1-RS_2024_11_04	Complete Genome	2024-11-04		12	
ASM3671367v2	GCF_036713675.1	GCA_036713675.2	Escherichia coli	562		2024CK-00184					GCF_036713675.1-RS_2025_05_01	Complete Genome	2024-04-06		2	
ASM296787v2	GCF_002967875.2	GCA_002967875.2	Escherichia coli	562		EBJ003					GCF_002967875.2-RS_2025_02_26	Complete Genome	2021-11-16		2	
ASM3001343v1	GCF_030013435.1	GCA_030013435.1	Escherichia coli	562		ETEC1749					GCF_030013435.1-RS_2025_06_14	Complete Genome	2023-05-15		7	
MSB1_4I	GCF_905071835.1	GCA_905071835.1	Escherichia coli	562		MSB1_4I			MSB1_4I		GCF_905071835.1-RS_2025_07_12	Complete Genome	2020-11-19		12	
ASM293489v1	GCF_002934895.1	GCA_002934895.1	Escherichia coli	562		ECONIH4					GCF_002934895.1-RS_2025_06_22	Complete Genome	2018-02-04		7	
HUSEC2011CHR1	GCF_000967155.2	GCA_000967155.1	Escherichia coli	562		HUSEC2011					GCF_000967155.2-RS_2025_06_09	Complete Genome	2015-01-07		4	
ASM239336v1	GCF_002393365.1	GCA_002393365.1	Escherichia coli	562		FDAARGOS_403					GCF_002393365.1-RS_2025_06_21	Complete Genome	2017-09-28		4	
ASM539360v2	GCF_005393605.2	GCA_005393605.2	Escherichia coli	562		NS-NP030					GCF_005393605.2-RS_2024_12_18	Complete Genome	2021-03-03		4	
E500111.fasta	GCF_052938795.1	GCA_052938795.1	Escherichia coli	562		500111					GCF_052938795.1-RS_2025_11_17	Complete Genome	2025-10-01	JBREQO01	5	
ASM4534483v1	GCF_045344835.1	GCA_045344835.1	Escherichia coli	562		Z1323HEC0399					GCF_045344835.1-RS_2024_11_27	Complete Genome	2024-11-27		8	
ASM5539764v1	GCF_055397645.1	GCA_055397645.1	Escherichia coli	562		WR14-2			Homo sapiens faeces		GCF_055397645.1-RS_2026_02_24	Complete Genome	2026-02-25		3	
ASM4711519v1	GCF_047115195.1	GCA_047115195.1	Escherichia coli	562		CUVET21-PYO5					GCF_047115195.1-RS_2025_01_25	Complete Genome	2025-01-25		3	
ASM5539787v1	GCF_055397875.1	GCA_055397875.1	Escherichia coli	562		WR3-3			Homo sapiens faeces		GCF_055397875.1-RS_2026_02_24	Complete Genome	2026-02-25		3	
ASM3237518v1	GCF_032375185.1	GCA_032375185.1	Escherichia coli	562		TUM13064					GCF_032375185.1-RS_2024_12_30	Complete Genome	2023-10-05		3	
ASM2999037v1	GCF_029990375.1	GCA_029990375.1	Escherichia coli	562		AVS0151					GCF_029990375.1-RS_2025_06_13	Complete Genome	2023-05-12		2	
ASM3001371v1	GCF_030013715.1	GCA_030013715.1	Escherichia coli	562		ETEC1732					GCF_030013715.1-RS_2025_06_13	Complete Genome	2023-05-15		9	
ASM3001367v1	GCF_030013675.1	GCA_030013675.1	Escherichia coli	562		ETEC1734					GCF_030013675.1-RS_2025_06_13	Complete Genome	2023-05-15		9	
ASM301861v1	GCF_003018615.1	GCA_003018615.1	Escherichia coli	562		2012EL-2448					GCF_003018615.1-RS_2025_06_22	Complete Genome	2018-03-26		1	
ASM1602633v1	GCF_016026335.1	GCA_016026335.1	Escherichia coli	562		FDAARGOS_943					GCF_016026335.1-RS_2025_07_05	Complete Genome	2020-12-14		3	
ASM1942860v1	GCF_019428605.1	GCA_019428605.1	Escherichia coli	562		M24					GCF_019428605.1-RS_2025_09_16	Complete Genome	2021-07-31		1	
ASM3041912v1	GCF_030419125.1	GCA_030419125.1	Escherichia coli	562		CE0007a					GCF_030419125.1-RS_2025_07_22	Complete Genome	2023-07-11		2	
ASM806543v1	GCF_008065435.1	GCA_008065435.1	Escherichia coli	562		RM9088					GCF_008065435.1-RS_2025_06_28	Complete Genome	2019-08-22		3	
ASM2470081v2	GCF_024700815.2	GCA_024700815.2	Escherichia coli	562		MLI114					GCF_024700815.2-RS_2025_04_16	Complete Genome	2023-02-08		3	
ASM1690393v1	GCF_016903935.1	GCA_016903935.1	Escherichia coli	562		FDAARGOS_1288					GCF_016903935.1-RS_2025_07_04	Complete Genome	2021-02-17		8	
ASM5417741v1	GCF_054177415.1	GCA_054177415.1	Escherichia coli	562		48956					GCF_054177415.1-RS_2025_12_25	Complete Genome	2025-12-24	JBQIAX01	5	
ASM1104525v1	GCF_011045255.1	GCA_011045255.1	Escherichia coli	562		E118					GCF_011045255.1-RS_2025_07_03	Complete Genome	2020-03-02		1	
ASM3178651v1	GCF_031786515.1	GCA_031786515.1	Escherichia coli	562		M21170					GCF_031786515.1-RS_2025_02_02	Complete Genome	2023-09-20		4	
ASM2080896v1	GCF_020808965.1	GCA_020808965.1	Escherichia coli	562		SCPM-O-B-9427					GCF_020808965.1-RS_2025_02_21	Complete Genome	2021-11-09		6	
ASM4534459v1	GCF_045344595.1	GCA_045344595.1	Escherichia coli	562		Z1323CEC0004					GCF_045344595.1-RS_2024_11_27	Complete Genome	2024-11-27		10	
ASM286366v1	GCF_002863665.1	GCA_002863665.1	Escherichia coli	562		SMN197SH3					GCF_002863665.1-RS_2025_06_22	Complete Genome	2018-01-05		4	
ASM4534458v1	GCF_045344585.1	GCA_045344585.1	Escherichia coli	562		Z1323CEC0002					GCF_045344585.1-RS_2024_11_27	Complete Genome	2024-11-27		9	
ASM3709460v1	GCF_037094605.1	GCA_037094605.1	Escherichia coli	562		MS 69-1					GCF_037094605.1-RS_2025_04_27	Complete Genome	2024-04-05		4	
ASM876147v2	GCF_008761475.2	GCA_008761475.2	Escherichia coli	562		RM13745					GCF_008761475.2-RS_2025_05_27	Complete Genome	2020-04-29		3	
ASM876145v2	GCF_008761455.2	GCA_008761455.2	Escherichia coli	562		RM13752					GCF_008761455.2-RS_2025_05_27	Complete Genome	2020-04-29		2	
ASM5154968v1	GCF_051549685.1	GCA_051549685.1	Escherichia coli	562		B19695					GCF_051549685.1-RS_2025_07_30	Complete Genome	2025-07-31		3	
ASM3754391v1	GCF_037543915.1	GCA_037543915.1	Escherichia coli	562		Z1323HEC0422					GCF_037543915.1-RS_2025_04_28	Complete Genome	2024-04-05		10	
ASM201222v1	GCF_002012225.1	GCA_002012225.1	Escherichia coli	562		Ecol_881					GCF_002012225.1-RS_2025_06_20	Complete Genome	2017-03-03		9	
ASM2088329v1	GCF_020883295.1	GCA_020883295.1	Escherichia coli	562		RIVM_C037884					GCF_020883295.1-RS_2025_03_08	Complete Genome	2021-11-18		1	
ASM4918924v1	GCF_049189245.1	GCA_049189245.1	Escherichia coli	562		M15					GCF_049189245.1-RS_2025_04_01	Complete Genome	2025-04-03		16	
ASM318099v1	GCF_003180995.1	GCA_003180995.1	Escherichia coli	562		DA33137					GCF_003180995.1-RS_2025_06_23	Complete Genome	2018-05-31		3	
ASM5538970v1	GCF_055389705.1	GCA_055389705.1	Escherichia coli	562		OkiPb01684					GCF_055389705.1-RS_2026_02_24	Complete Genome	2026-02-25		4	
ASM880765v1	GCF_008807655.1	GCA_008807655.1	Escherichia coli	562		15.TR.026_OXA					GCF_008807655.1-RS_2025_06_29	Complete Genome	2019-10-03		1	
ASM5528291v1	GCF_055282915.1	GCA_055282915.1	Escherichia coli	562		E18					GCF_055282915.1-RS_2026_02_18	Complete Genome	2026-02-17	JBUZJX01	3	
ASM5417737v1	GCF_054177375.1	GCA_054177375.1	Escherichia coli	562		47258					GCF_054177375.1-RS_2025_12_25	Complete Genome	2025-12-24	JBTANG01	5	
ASM3070813v1	GCF_030708135.1	GCA_030708135.1	Escherichia coli	562		S14					GCF_030708135.1-RS_2025_08_21	Complete Genome	2023-08-10		3	
ASM201202v1	GCF_002012025.1	GCA_002012025.1	Escherichia coli	562		Ecol_542					GCF_002012025.1-RS_2025_06_20	Complete Genome	2017-03-03		5	
ASM3070827v1	GCF_030708275.1	GCA_030708275.1	Escherichia coli	562		S5					GCF_030708275.1-RS_2025_08_21	Complete Genome	2023-08-10		3	
ASM3185231v1	GCF_031852315.1	GCA_031852315.1	Escherichia coli	562		RIVM_C040348					GCF_031852315.1-RS_2024_12_20	Complete Genome	2023-09-24		1	
ASM2967464v1	GCF_029674645.1	GCA_029674645.1	Escherichia coli	562		rl0044					GCF_029674645.1-RS_2025_06_06	Complete Genome	2023-04-11		9	
ASM2962513v1	GCF_029625135.1	GCA_029625135.1	Escherichia coli	562		E47					GCF_029625135.1-RS_2025_06_05	Complete Genome	2023-04-09		2	
ASM5528321v1	GCF_055283215.1	GCA_055283215.1	Escherichia coli	562		E21					GCF_055283215.1-RS_2026_02_18	Complete Genome	2026-02-17	JBUZJU01	9	
ASM5490235v1	GCF_054902355.1	GCA_054902355.1	Escherichia coli	562		GPEC60-33-648					GCF_054902355.1-RS_2026_02_04	Complete Genome	2026-02-03	JBUBJV01	3	
ASM3728861v1	GCF_037288615.1	GCA_037288615.1	Escherichia coli	562		GN06098					GCF_037288615.1-RS_2025_04_27	Complete Genome	2024-04-05		2	
ASM1133121v2	GCF_011331215.2	GCA_011331215.2	Escherichia coli	562		p4A					GCF_011331215.2-RS_2025_07_04	Complete Genome	2020-09-17		1	
ASM1513857v1	GCF_015138575.1	GCA_015138575.1	Escherichia coli	562		THO-003					GCF_015138575.1-RS_2025_07_05	Complete Genome	2020-10-08		2	
ASM3728739v1	GCF_037287395.1	GCA_037287395.1	Escherichia coli	562		GN04979					GCF_037287395.1-RS_2025_04_28	Complete Genome	2024-04-05		3	
ASM2470088v2	GCF_024700885.2	GCA_024700885.2	Escherichia coli	562		MLI121					GCF_024700885.2-RS_2025_04_16	Complete Genome	2023-02-08		3	
ASM5212275v1	GCF_052122755.1	GCA_052122755.1	Escherichia coli	562		2020N21-110-15					GCF_052122755.1-RS_2025_08_19	Complete Genome	2025-08-19	JBQJRS01	21	
ASM5212284v1	GCF_052122845.1	GCA_052122845.1	Escherichia coli	562		2020N21-110-24					GCF_052122845.1-RS_2025_08_19	Complete Genome	2025-08-19	JBQJRT01	15	
ASM5212283v1	GCF_052122835.1	GCA_052122835.1	Escherichia coli	562		2020N21-110					GCF_052122835.1-RS_2025_08_19	Complete Genome	2025-08-19	JBQJRU01	10	
ASM2860976v1	GCF_028609765.1	GCA_028609765.1	Escherichia coli	562		eco-241					GCF_028609765.1-RS_2025_04_25	Complete Genome	2023-02-13		2	
ASM1888438v1	GCF_018884385.1	GCA_018884385.1	Escherichia coli	562		TW10722					GCF_018884385.1-RS_2025_07_21	Complete Genome	2021-06-15		5	
ASM2088335v1	GCF_020883355.1	GCA_020883355.1	Escherichia coli	562		RIVM_C037166					GCF_020883355.1-RS_2025_03_08	Complete Genome	2021-11-18		1	
ASM3757146v1	GCF_037571465.1	GCA_037571465.1	Escherichia coli	562		Z1323CEC0011					GCF_037571465.1-RS_2025_04_28	Complete Genome	2024-04-05		5	
ASM301907v1	GCF_003019075.1	GCA_003019075.1	Escherichia coli	562		90-3040					GCF_003019075.1-RS_2025_06_22	Complete Genome	2018-03-26		2	
ASM5448255v1	GCF_054482555.1	GCA_054482555.1	Escherichia coli	562		4FM					GCF_054482555.1-RS_2026_01_13	Complete Genome	2026-01-13	JBTHVI01	6	
ASM1678072v1	GCF_016780725.1	GCA_016780725.1	Escherichia coli	562		EE72d					GCF_016780725.1-RS_2025_07_05	Complete Genome	2021-02-01		1	
ASM2202375v1	GCF_022023755.1	GCA_022023755.1	Escherichia coli	562		IGC_RcoliRes_1.1					GCF_022023755.1-RS_2025_01_26	Complete Genome	2022-02-07		3	
ASM2291883v1	GCF_022918835.1	GCA_022918835.1	Escherichia coli	562		EC6868					GCF_022918835.1-RS_2025_06_10	Complete Genome	2022-04-12		3	
ASM3709451v1	GCF_037094515.1	GCA_037094515.1	Escherichia coli	562		MS 85-1					GCF_037094515.1-RS_2025_04_28	Complete Genome	2024-04-05		3	
MSB1_8B	GCF_904865655.1	GCA_904865655.1	Escherichia coli	562		MSB1_8B			MSB1_8B		GCF_904865655.1-RS_2025_07_11	Complete Genome	2020-11-01		6	
2850	GCF_050932145.1	GCA_050932145.1	Escherichia coli	562		DSM 101139					GCF_050932145.1-RS_2025_06_17	Complete Genome	2025-06-17		5	
ASM4503746v1	GCF_045037465.1	GCA_045037465.1	Escherichia coli	562		98198					GCF_045037465.1-RS_2024_11_20	Complete Genome	2024-11-23		3	
ASM1763918v1	GCF_017639185.1	GCA_017639185.1	Escherichia coli	562		ABW_A19					GCF_017639185.1-RS_2025_07_06	Complete Genome	2021-03-30		4	
ASM5160900v1	GCF_051609005.1	GCA_051609005.1	Escherichia coli	562		23AR0303					GCF_051609005.1-RS_2025_07_31	Complete Genome	2025-08-01		6	
ASM5310303v1	GCF_053103035.1	GCA_053103035.1	Escherichia coli	562		PCP06238					GCF_053103035.1-RS_2025_11_18	Complete Genome	2025-10-16	JBRNHU01	1	
ASM3051553v1	GCF_030515535.1	GCA_030515535.1	Escherichia coli	562		MS20645					GCF_030515535.1-RS_2025_08_02	Complete Genome	2023-07-21		3	
ASM5091612v1	GCF_050916125.1	GCA_050916125.1	Escherichia coli	562		ECO_1_S					GCF_050916125.1-RS_2025_06_13	Complete Genome	2025-06-14		3	
ASM2088331v1	GCF_020883315.1	GCA_020883315.1	Escherichia coli	562		RIVM_C037794					GCF_020883315.1-RS_2025_03_08	Complete Genome	2021-11-18		1	
ASM3070823v1	GCF_030708235.1	GCA_030708235.1	Escherichia coli	562		S7					GCF_030708235.1-RS_2025_08_21	Complete Genome	2023-08-10		6	
E400625.fasta	GCF_052907765.1	GCA_052907765.1	Escherichia coli	562		400625					GCF_052907765.1-RS_2025_11_17	Complete Genome	2025-09-29	JBREQT01	1	
Esc17complete	GCF_977065465.1	GCA_977065465.1	Escherichia coli	562		Esc17			Esc17		GCF_977065465.1-RS_2025_11_24	Complete Genome	2025-11-28		4	
ASM995080v1	GCF_009950805.1	GCA_009950805.1	Escherichia coli	562		STEC316					GCF_009950805.1-RS_2025_07_02	Complete Genome	2020-01-29		2	
ST38_3_FIN	GCF_963924205.1	GCA_963924205.1	Escherichia coli	562		FFFEB2 MIAE 11482					GCF_963924205.1-RS_2025_04_30	Complete Genome	2024-04-09		2	
ASM3041910v1	GCF_030419105.1	GCA_030419105.1	Escherichia coli	562		CE0011b					GCF_030419105.1-RS_2025_07_22	Complete Genome	2023-07-11		3	
ASM2149814v1	GCF_021498145.1	GCA_021498145.1	Escherichia coli	562		STO_Bone2					GCF_021498145.1-RS_2025_02_11	Complete Genome	2022-01-18		5	
ASM221474v2	GCF_002214745.2	GCA_002214745.2	Escherichia coli	562		FORC_043					GCF_002214745.2-RS_2025_03_24	Complete Genome	2017-10-05		2	
ASM1331599v1	GCF_013315995.1	GCA_013315995.1	Escherichia coli	562		SCU-104					GCF_013315995.1-RS_2025_07_04	Complete Genome	2020-06-10		2	
ASM3708201v1	GCF_037082015.1	GCA_037082015.1	Escherichia coli	562		A1.S1.18					GCF_037082015.1-RS_2025_04_28	Complete Genome	2024-04-05		4	
ASM5545627v1	GCF_055456275.1	GCA_055456275.1	Escherichia coli	562		CB7286					GCF_055456275.1-RS_2026_02_24	Complete Genome	2026-02-24	JBVDMM01	5	
CB7286_version2	GCF_965282775.1	GCA_965282775.1	Escherichia coli	562					CB7286		GCF_965282775.1-RS_2026_02_26	Complete Genome	2026-02-26		5	
ASM4907630v1	GCF_049076305.1	GCA_049076305.1	Escherichia coli	562		1442					GCF_049076305.1-RS_2025_03_28	Complete Genome	2025-04-03		3	
ASM385661v1	GCF_003856615.1	GCA_003856615.1	Escherichia coli	562		4/0					GCF_003856615.1-RS_2025_06_25	Complete Genome	2018-12-03		4	
ASM2088333v1	GCF_020883335.1	GCA_020883335.1	Escherichia coli	562		RIVM_C037791					GCF_020883335.1-RS_2025_03_08	Complete Genome	2021-11-18		1	
ASM3070821v1	GCF_030708215.1	GCA_030708215.1	Escherichia coli	562		S8					GCF_030708215.1-RS_2025_08_21	Complete Genome	2023-08-10		2	
ASM2361245v1	GCF_023612455.1	GCA_023612455.1	Escherichia coli	562		MEI003					GCF_023612455.1-RS_2025_06_27	Complete Genome	2022-05-31		2	
ASM4503738v1	GCF_045037385.1	GCA_045037385.1	Escherichia coli	562		98224					GCF_045037385.1-RS_2024_11_20	Complete Genome	2024-11-23		6	
ASM3001347v1	GCF_030013475.1	GCA_030013475.1	Escherichia coli	562		ETEC1747					GCF_030013475.1-RS_2025_06_14	Complete Genome	2023-05-15		5	
ASM3757283v1	GCF_037572835.1	GCA_037572835.1	Escherichia coli	562		Z1323CEC0010					GCF_037572835.1-RS_2025_04_28	Complete Genome	2024-04-05		8	
ASM3442249v1	GCF_034422495.1	GCA_034422495.1	Escherichia coli	562		Nord122					GCF_034422495.1-RS_2025_02_19	Complete Genome	2023-12-16		5	
ASM5156252v1	GCF_051562525.1	GCA_051562525.1	Escherichia coli	562		AH21C082					GCF_051562525.1-RS_2025_07_30	Complete Genome	2025-07-31		1	
ASM328829v1	GCF_003288295.1	GCA_003288295.1	Escherichia coli	562		RM9131					GCF_003288295.1-RS_2025_06_23	Complete Genome	2018-07-05		3	
ASM3001316v1	GCF_030013165.1	GCA_030013165.1	Escherichia coli	562		ETEC4085					GCF_030013165.1-RS_2025_06_13	Complete Genome	2023-05-15		9	
ASM1072530v1	GCF_010725305.1	GCA_010725305.1	Escherichia coli	562		E302					GCF_010725305.1-RS_2025_07_02	Complete Genome	2020-02-01		1	
ASM2155985v1	GCF_021559855.1	GCA_021559855.1	Escherichia coli	562		CFT073					GCF_021559855.1-RS_2025_02_16	Complete Genome	2022-01-24		1	
ASM4126275v1	GCF_041262755.1	GCA_041262755.1	Escherichia coli	562		CFT073					GCF_041262755.1-RS_2024_12_02	Complete Genome	2024-08-14		1	
ASM301837v1	GCF_003018375.1	GCA_003018375.1	Escherichia coli	562		2013C-4974					GCF_003018375.1-RS_2025_06_23	Complete Genome	2018-03-26		2	
ASM1416885v1	GCF_014168855.1	GCA_014168855.1	Escherichia coli	562		WP3-W18-ESBL-08					GCF_014168855.1-RS_2025_07_03	Complete Genome	2020-07-21		2	
ASM4858552v1	GCF_048585525.1	GCA_048585525.1	Escherichia coli	562		736					GCF_048585525.1-RS_2025_03_17	Complete Genome	2025-03-17		3	
ASM783387v1	GCF_007833875.1	GCA_007833875.1	Escherichia coli	562		UPEC132					GCF_007833875.1-RS_2025_06_27	Complete Genome	2019-08-05		3	
ASM3041380v1	GCF_030413805.1	GCA_030413805.1	Escherichia coli	562		STEC1585					GCF_030413805.1-RS_2025_07_21	Complete Genome	2023-07-10		5	
ASM328827v1	GCF_003288275.1	GCA_003288275.1	Escherichia coli	562		RM9975					GCF_003288275.1-RS_2025_06_24	Complete Genome	2018-07-05		3	
ASM167896v1	GCF_001678965.1	GCA_001678965.1	Escherichia coli	562		GB089					GCF_001678965.1-RS_2025_03_23	Complete Genome	2016-07-05		2	
ASM5490277v1	GCF_054902775.1	GCA_054902775.1	Escherichia coli	562		GPEC1210					GCF_054902775.1-RS_2026_02_04	Complete Genome	2026-02-04	JBUBJA01	2	
PRO_A-1504-6M-A_ESBL	GCF_054388935.1	GCA_054388935.1	Escherichia coli	562		PRO_A-1504-6M-A_ESBL					GCF_054388935.1-RS_2026_01_07	Complete Genome	2026-01-07	JBSTQM01	4	
ASM2665126v1	GCF_026651265.1	GCA_026651265.1	Escherichia coli	562		GN04592					GCF_026651265.1-RS_2025_03_10	Complete Genome	2022-12-05		2	
ASM4102200v1	GCF_041022005.1	GCA_041022005.1	Escherichia coli	562		729_270514_x_12					GCF_041022005.1-RS_2025_04_27	Complete Genome	2024-08-04		4	
ASM4102201v1	GCF_041022015.1	GCA_041022015.1	Escherichia coli	562		729_021014_1_4					GCF_041022015.1-RS_2025_04_27	Complete Genome	2024-08-04		5	
ASM4102199v1	GCF_041021995.1	GCA_041021995.1	Escherichia coli	562		729_xx_1_3_yolk					GCF_041021995.1-RS_2025_04_27	Complete Genome	2024-08-04		5	
ASM1416985v1	GCF_014169855.1	GCA_014169855.1	Escherichia coli	562		WP9-S17-ESBL-11					GCF_014169855.1-RS_2025_07_05	Complete Genome	2020-07-21		3	
ASM3041908v1	GCF_030419085.1	GCA_030419085.1	Escherichia coli	562		CE0021a					GCF_030419085.1-RS_2025_07_22	Complete Genome	2023-07-11		2	
ASM381294v1	GCF_003812945.1	GCA_003812945.1	Escherichia coli	562		FDAARGOS_497					GCF_003812945.1-RS_2025_06_26	Complete Genome	2018-11-21		7	
ASM2088327v1	GCF_020883275.1	GCA_020883275.1	Escherichia coli	562		RIVM_C039205					GCF_020883275.1-RS_2025_03_08	Complete Genome	2021-11-18		2	
ASM4610899v1	GCF_046108995.1	GCA_046108995.1	Escherichia coli	562		22KM0354					GCF_046108995.1-RS_2024_12_17	Complete Genome	2024-12-17		3	
ASM2097174v1	GCF_020971745.1	GCA_020971745.1	Escherichia coli	562		RIVM_C019217					GCF_020971745.1-RS_2025_03_10	Complete Genome	2021-11-24		2	
ASM3070853v1	GCF_030708535.1	GCA_030708535.1	Escherichia coli	562		R14					GCF_030708535.1-RS_2025_08_21	Complete Genome	2023-08-10		4	
ASM2088337v1	GCF_020883375.1	GCA_020883375.1	Escherichia coli	562		RIVM_C037134					GCF_020883375.1-RS_2025_03_08	Complete Genome	2021-11-18		1	
Esc30complete	GCF_977065385.1	GCA_977065385.1	Escherichia coli	562		Esc30			Esc30		GCF_977065385.1-RS_2025_11_24	Complete Genome	2025-11-28		3	
Esc31complete	GCF_977065375.1	GCA_977065375.1	Escherichia coli	562		Esc31			Esc31		GCF_977065375.1-RS_2025_11_24	Complete Genome	2025-11-28		3	
E3_LY2613_BLSE177-2012_complete	GCF_977064575.1	GCA_977064575.1	Escherichia coli	562		BLSE177-2012			E3/LY2613/BLSE177-2012		GCF_977064575.1-RS_2025_11_24	Complete Genome	2025-11-28		2	
MSB1_6C	GCF_904866495.1	GCA_904866495.1	Escherichia coli	562		MSB1_6C			MSB1_6C		GCF_904866495.1-RS_2025_07_13	Complete Genome	2020-11-01		5	
ASM4858550v1	GCF_048585505.1	GCA_048585505.1	Escherichia coli	562		1435					GCF_048585505.1-RS_2025_03_17	Complete Genome	2025-03-17		5	
GPT24-01	GCF_965641705.1	GCA_965641705.1	Escherichia coli	562					GPT24-01		GCF_965641705.1-RS_2025_07_10	Complete Genome	2025-07-10		6	
ASM3688478v1	GCF_036884785.1	GCA_036884785.1	Escherichia coli	562		S1-CAM-02-A					GCF_036884785.1-RS_2025_04_27	Complete Genome	2024-04-05		4	
ASM4858555v1	GCF_048585555.1	GCA_048585555.1	Escherichia coli	562		1438					GCF_048585555.1-RS_2025_03_17	Complete Genome	2025-03-17		5	
ASM4858556v1	GCF_048585565.1	GCA_048585565.1	Escherichia coli	562		1436					GCF_048585565.1-RS_2025_03_17	Complete Genome	2025-03-17		5	
ASM4858549v1	GCF_048585495.1	GCA_048585495.1	Escherichia coli	562		1437					GCF_048585495.1-RS_2025_03_17	Complete Genome	2025-03-17		5	
Escherichia coli M2021-10044802_2_E	GCF_041870075.1	GCA_041870075.1	Escherichia coli	562		M2021-10044802/2-E			M2021-10044802/2-E		GCF_041870075.1-RS_2024_09_10	Complete Genome	2024-09-10		4	
ASM201206v1	GCF_002012065.1	GCA_002012065.1	Escherichia coli	562		Ecol_656					GCF_002012065.1-RS_2025_06_20	Complete Genome	2017-03-03		3	
ASM3070787v1	GCF_030707875.1	GCA_030707875.1	Escherichia coli	562		R12					GCF_030707875.1-RS_2025_08_21	Complete Genome	2023-08-10		2	
ASM3592808v1	GCF_035928085.1	GCA_035928085.1	Escherichia coli	562		HS1496					GCF_035928085.1-RS_2025_03_10	Complete Genome	2024-01-22		4	
ASM806545v1	GCF_008065455.1	GCA_008065455.1	Escherichia coli	562		RM10410					GCF_008065455.1-RS_2025_06_27	Complete Genome	2019-08-22		1	
ASM1760356v1	GCF_017603565.1	GCA_017603565.1	Escherichia coli	562		SB0258h1					GCF_017603565.1-RS_2025_07_06	Complete Genome	2021-03-29		1	
ASM5032007v1	GCF_050320075.1	GCA_050320075.1	Escherichia coli	562		EC17CM6					GCF_050320075.1-RS_2025_05_13	Complete Genome	2025-05-14		9	
ASM2794459v1	GCF_027944595.1	GCA_027944595.1	Escherichia coli	562		DETEC-S589					GCF_027944595.1-RS_2025_03_20	Complete Genome	2023-01-24		3	
ASM3070829v1	GCF_030708295.1	GCA_030708295.1	Escherichia coli	562		S4					GCF_030708295.1-RS_2025_08_21	Complete Genome	2023-08-10		2	
ASM1688962v1	GCF_016889625.1	GCA_016889625.1	Escherichia coli	562		FDAARGOS_1262					GCF_016889625.1-RS_2025_07_04	Complete Genome	2021-02-15		1	
ASM5404784v1	GCF_054047845.1	GCA_054047845.1	Escherichia coli	562		405					GCF_054047845.1-RS_2025_12_18	Complete Genome	2025-12-17	JBSWAT01	5	
ASM1612769v1	GCF_016127695.1	GCA_016127695.1	Escherichia coli	562		FDAARGOS_1059					GCF_016127695.1-RS_2025_07_04	Complete Genome	2020-12-20		5	
ASM3651173v1	GCF_036511735.1	GCA_036511735.1	Escherichia coli	562		JBEHAAB-19-0176					GCF_036511735.1-RS_2026_01_15	Complete Genome	2023-09-07		6	
ASM5161051v1	GCF_051610515.1	GCA_051610515.1	Escherichia coli	562		22AR0747					GCF_051610515.1-RS_2025_07_31	Complete Genome	2025-08-01		3	
ASM5447815v1	GCF_054478155.1	GCA_054478155.1	Escherichia coli	562		HSP60					GCF_054478155.1-RS_2026_01_13	Complete Genome	2026-01-12	JBNVQO01	2	
ASM5212291v1	GCF_052122915.1	GCA_052122915.1	Escherichia coli	562		2022N21-074-17					GCF_052122915.1-RS_2025_08_19	Complete Genome	2025-08-19	JBQJRM01	15	
ASM5212299v1	GCF_052122995.1	GCA_052122995.1	Escherichia coli	562		2022N21-074					GCF_052122995.1-RS_2025_08_19	Complete Genome	2025-08-19	JBQJRN01	9	
ASM1688972v1	GCF_016889725.1	GCA_016889725.1	Escherichia coli	562		FDAARGOS_1252					GCF_016889725.1-RS_2025_07_04	Complete Genome	2021-02-15		4	
ASM1690433v1	GCF_016904335.1	GCA_016904335.1	Escherichia coli	562		FDAARGOS_1370					GCF_016904335.1-RS_2025_07_04	Complete Genome	2021-02-17		6	
SC418	GCF_902810335.1	GCA_902810335.1	Escherichia coli	562					SC418		GCF_902810335.1-RS_2025_07_04	Complete Genome	2020-06-28		1	
ASM5092043v1	GCF_050920435.1	GCA_050920435.1	Escherichia coli	562		MFDS1022581					GCF_050920435.1-RS_2025_06_16	Complete Genome	2025-06-17		3	
ASM5026533v1	GCF_050265335.1	GCA_050265335.1	Escherichia coli	562		MZ1211					GCF_050265335.1-RS_2025_05_08	Complete Genome	2025-05-14		3	
ASM5155890v1	GCF_051558905.1	GCA_051558905.1	Escherichia coli	562		AH20E044					GCF_051558905.1-RS_2025_07_30	Complete Genome	2025-07-31		2	
ASM284613v1	GCF_002846135.1	GCA_002846135.1	Escherichia coli	562		MS8345					GCF_002846135.1-RS_2025_06_21	Complete Genome	2017-12-21		3	
ASM4802027v1	GCF_048020275.1	GCA_048020275.1	Escherichia coli	562		EC19					GCF_048020275.1-RS_2025_02_26	Complete Genome	2025-03-01		9	
ASM3754069v1	GCF_037540695.1	GCA_037540695.1	Escherichia coli	562		Z1323MEC0001					GCF_037540695.1-RS_2025_04_28	Complete Genome	2024-04-05		1	
ASM5490301v1	GCF_054903015.1	GCA_054903015.1	Escherichia coli	562		GPEC1031					GCF_054903015.1-RS_2026_02_04	Complete Genome	2026-02-04	JBUBIO01	2	
ASM1814112v1	GCF_018141125.1	GCA_018141125.1	Escherichia coli	562		EC31					GCF_018141125.1-RS_2025_07_06	Complete Genome	2021-04-27		5	
ASM2256979v1	GCF_022569795.1	GCA_022569795.1	Escherichia coli	562		131					GCF_022569795.1-RS_2025_06_02	Complete Genome	2022-03-15		1	
ASM5539612v1	GCF_055396125.1	GCA_055396125.1	Escherichia coli	562		TK3046					GCF_055396125.1-RS_2026_02_24	Complete Genome	2026-02-25		5	
ASM1688918v1	GCF_016889185.1	GCA_016889185.1	Escherichia coli	562		FDAARGOS_1257					GCF_016889185.1-RS_2025_07_05	Complete Genome	2021-02-15		2	
ASM2249468v1	GCF_022494685.1	GCA_022494685.1	Escherichia coli	562		KOr019					GCF_022494685.1-RS_2025_06_02	Complete Genome	2022-03-07		7	
ASM3755866v1	GCF_037558665.1	GCA_037558665.1	Escherichia coli	562		Z1323CEC0019					GCF_037558665.1-RS_2025_04_28	Complete Genome	2024-04-05		4	
ASM3051561v1	GCF_030515615.1	GCA_030515615.1	Escherichia coli	562		MS15046					GCF_030515615.1-RS_2025_08_02	Complete Genome	2023-07-21		4	
ASM2433158v2	GCF_024331585.2	GCA_024331585.2	Escherichia coli	562		MLI109					GCF_024331585.2-RS_2025_04_16	Complete Genome	2023-02-08		2	
ASM2668933v1	GCF_026689335.1	GCA_026689335.1	Escherichia coli	562		GTEN_97					GCF_026689335.1-RS_2025_03_10	Complete Genome	2022-12-06		2	
ASM1935549v1	GCF_019355495.1	GCA_019355495.1	Escherichia coli	562		Ec55					GCF_019355495.1-RS_2025_09_12	Complete Genome	2021-07-27		5	
ASM4703718v1	GCF_047037185.1	GCA_047037185.1	Escherichia coli	562		APEC17					GCF_047037185.1-RS_2025_01_24	Complete Genome	2025-01-25		3	
ASM477123v1	GCF_004771235.1	GCA_004771235.1	Escherichia coli	562		PF9285					GCF_004771235.1-RS_2025_06_27	Complete Genome	2019-04-11		5	
ASM4840510v1	GCF_048405105.1	GCA_048405105.1	Escherichia coli	562		447					GCF_048405105.1-RS_2025_03_06	Complete Genome	2025-03-07		7	
ASM4840348v1	GCF_048403485.1	GCA_048403485.1	Escherichia coli	562		446					GCF_048403485.1-RS_2025_03_06	Complete Genome	2025-03-07		6	
ASM4840509v1	GCF_048405095.1	GCA_048405095.1	Escherichia coli	562		439					GCF_048405095.1-RS_2025_03_06	Complete Genome	2025-03-07		5	
ASM4840347v1	GCF_048403475.1	GCA_048403475.1	Escherichia coli	562		463					GCF_048403475.1-RS_2025_03_06	Complete Genome	2025-03-07		5	
ASM2665116v1	GCF_026651165.1	GCA_026651165.1	Escherichia coli	562		GN02350					GCF_026651165.1-RS_2025_03_10	Complete Genome	2022-12-05		2	
ASM5091614v1	GCF_050916145.1	GCA_050916145.1	Escherichia coli	562		ECO_2_R					GCF_050916145.1-RS_2025_06_13	Complete Genome	2025-06-14		3	
ASM334683v1	GCF_003346835.1	GCA_003346835.1	Escherichia coli	562		Es_ST80_L1_NDM_10_2017					GCF_003346835.1-RS_2025_06_24	Complete Genome	2018-07-31		2	
ASM2558358v2	GCF_025583585.2	GCA_025583585.2	Escherichia coli	562		YZLc1-3					GCF_025583585.2-RS_2025_06_25	Complete Genome	2023-05-31		4	
ASM3028560v1	GCF_030285605.1	GCA_030285605.1	Escherichia coli	562		C25					GCF_030285605.1-RS_2025_07_05	Complete Genome	2023-06-18		2	
ASM3728767v1	GCF_037287675.1	GCA_037287675.1	Escherichia coli	562		GN05652					GCF_037287675.1-RS_2025_04_28	Complete Genome	2024-04-05		2	
ASM167751v1	GCF_001677515.1	GCA_001677515.1	Escherichia coli	562		08-00022					GCF_001677515.1-RS_2025_03_23	Complete Genome	2016-07-01		2	
ASM1689004v1	GCF_016890045.1	GCA_016890045.1	Escherichia coli	562		FDAARGOS_1265					GCF_016890045.1-RS_2025_07_04	Complete Genome	2021-02-15		3	
AI2834v1_cpp	GCF_905330065.2	GCA_905330065.2	Escherichia coli	562					624		GCF_905330065.2-RS_2025_06_26	Complete Genome	2022-05-24		8	
ASM5288243v1	GCF_052882435.1	GCA_052882435.1	Escherichia coli	562		MMC-J-0078					GCF_052882435.1-RS_2025_11_17	Complete Genome	2025-09-27	JBQRBH01	4	
ASM320415v1	GCF_003204155.1	GCA_003204155.1	Escherichia coli	562		AR_0085					GCF_003204155.1-RS_2025_06_23	Complete Genome	2018-06-10		4	
ASM4935483v1	GCF_049354835.1	GCA_049354835.1	Escherichia coli	562		ECOCN22					GCF_049354835.1-RS_2025_04_09	Complete Genome	2025-04-10		1	
AI2949v1_cpp	GCF_905330875.2	GCA_905330875.2	Escherichia coli	562					131		GCF_905330875.2-RS_2025_06_26	Complete Genome	2022-05-24		3	
ASM5528313v1	GCF_055283135.1	GCA_055283135.1	Escherichia coli	562		E28					GCF_055283135.1-RS_2026_02_18	Complete Genome	2026-02-17	JBUZJN01	6	
ASM296873v1	GCF_002968735.1	GCA_002968735.1	Escherichia coli	562		AR_0372					GCF_002968735.1-RS_2025_06_22	Complete Genome	2018-03-05		6	
ASM1690449v1	GCF_016904495.1	GCA_016904495.1	Escherichia coli	562		FDAARGOS_1281					GCF_016904495.1-RS_2025_07_04	Complete Genome	2021-02-17		12	
ASM4503768v1	GCF_045037685.1	GCA_045037685.1	Escherichia coli	562		98205					GCF_045037685.1-RS_2024_11_20	Complete Genome	2024-11-23		3	
ASM2088325v1	GCF_020883255.1	GCA_020883255.1	Escherichia coli	562		RIVM_C039227					GCF_020883255.1-RS_2025_03_08	Complete Genome	2021-11-18		2	
ASM635188v1	GCF_006351885.1	GCA_006351885.1	Escherichia coli	562		FC853_EC					GCF_006351885.1-RS_2025_08_05	Complete Genome	2019-06-17		5	
ASM5310267v1	GCF_053102675.1	GCA_053102675.1	Escherichia coli	562		SW071619					GCF_053102675.1-RS_2025_11_18	Complete Genome	2025-10-16	JBRNHD01	2	
ASM5310265v1	GCF_053102655.1	GCA_053102655.1	Escherichia coli	562		SW07163					GCF_053102655.1-RS_2025_11_18	Complete Genome	2025-10-16	JBRNHB01	1	
ASM5310273v1	GCF_053102735.1	GCA_053102735.1	Escherichia coli	562		SW071611					GCF_053102735.1-RS_2025_11_18	Complete Genome	2025-10-16	JBRNHG01	1	
ASM5490299v1	GCF_054902995.1	GCA_054902995.1	Escherichia coli	562		GPEC1035					GCF_054902995.1-RS_2026_02_04	Complete Genome	2026-02-04	JBUBIP01	3	
ASM5538742v1	GCF_055387425.1	GCA_055387425.1	Escherichia coli	562		OkiPb01690					GCF_055387425.1-RS_2026_02_24	Complete Genome	2026-02-25		3	
ASM3071752v1	GCF_030717525.1	GCA_030717525.1	Escherichia coli	562		GON1437					GCF_030717525.1-RS_2025_08_22	Complete Genome	2023-08-12		2	
ASM3003554v1	GCF_030035545.1	GCA_030035545.1	Escherichia coli	562		82.0312					GCF_030035545.1-RS_2025_06_15	Complete Genome	2023-05-18		3	
ASM381314v1	GCF_003813145.1	GCA_003813145.1	Escherichia coli	562		50579417					GCF_003813145.1-RS_2025_06_24	Complete Genome	2018-11-21		6	
ASM2291903v1	GCF_022919035.1	GCA_022919035.1	Escherichia coli	562					EC5654		GCF_022919035.1-RS_2025_06_10	Complete Genome	2022-04-12		2	
ASM362785v1	GCF_003627855.1	GCA_003627855.1	Escherichia coli	562		118UI					GCF_003627855.1-RS_2025_06_25	Complete Genome	2018-10-09		3	
ASM1690407v1	GCF_016904075.1	GCA_016904075.1	Escherichia coli	562		FDAARGOS_1303					GCF_016904075.1-RS_2025_07_04	Complete Genome	2021-02-17		2	
ASM1416957v1	GCF_014169575.1	GCA_014169575.1	Escherichia coli	562		WP7-S18-ESBL-09					GCF_014169575.1-RS_2025_07_04	Complete Genome	2020-07-21		6	
ASM3188489v1	GCF_031884895.1	GCA_031884895.1	Escherichia coli	562		E7-1N7					GCF_031884895.1-RS_2024_12_23	Complete Genome	2023-09-25		2	
ASM4907631v1	GCF_049076315.1	GCA_049076315.1	Escherichia coli	562		1446					GCF_049076315.1-RS_2025_03_28	Complete Genome	2025-04-02		2	
ASM1452224v1	GCF_014522245.1	GCA_014522245.1	Escherichia coli	562		UPEC_U013					GCF_014522245.1-RS_2025_07_04	Complete Genome	2020-09-10		1	
ASM4858557v1	GCF_048585575.1	GCA_048585575.1	Escherichia coli	562		1447					GCF_048585575.1-RS_2025_03_17	Complete Genome	2025-03-17		2	
ASM4857262v1	GCF_048572625.1	GCA_048572625.1	Escherichia coli	562		AREA_499					GCF_048572625.1-RS_2025_03_16	Complete Genome	2025-03-16		1	
ASM142093v1	GCF_001420935.1	GCA_001420935.1	Escherichia coli	562		2012C-4227					GCF_001420935.1-RS_2025_03_23	Complete Genome	2015-10-30		3	
ASM4858566v1	GCF_048585665.1	GCA_048585665.1	Escherichia coli	562		AZ 190					GCF_048585665.1-RS_2025_03_17	Complete Genome	2025-03-17		3	
ASM4858565v1	GCF_048585655.1	GCA_048585655.1	Escherichia coli	562		AZ 189					GCF_048585655.1-RS_2025_03_17	Complete Genome	2025-03-17		2	
366_BP0076U_scaffolds	GCF_964200045.1	GCA_964200045.1	Escherichia coli	562					366_BP0076		GCF_964200045.1-RS_2024_11_08	Complete Genome	2024-11-09		7	
ASM2491753v1	GCF_024917535.1	GCA_024917535.1	Escherichia coli	562		4750					GCF_024917535.1-RS_2024_12_18	Complete Genome	2022-09-04		3	
ASM295167v1	GCF_002951675.1	GCA_002951675.1	Escherichia coli	562		Combat2C1					GCF_002951675.1-RS_2025_03_24	Complete Genome	2018-02-05		2	
ASM4027173v2	GCF_040271735.2	GCA_040271735.2	Escherichia coli	562		PS1Thumoskin9					GCF_040271735.2-RS_2025_02_26	Complete Genome	2025-03-01		2	
ASM5528337v1	GCF_055283375.1	GCA_055283375.1	Escherichia coli	562		E20					GCF_055283375.1-RS_2026_02_18	Complete Genome	2026-02-17	JBUZJV01	3	
ASM1688902v1	GCF_016889025.1	GCA_016889025.1	Escherichia coli	562		FDAARGOS_1251					GCF_016889025.1-RS_2025_07_06	Complete Genome	2021-02-15		2	
ASM5307831v1	GCF_053078315.1	GCA_053078315.1	Escherichia coli	562		FXCREC043					GCF_053078315.1-RS_2025_11_17	Complete Genome	2025-11-19		5	
ASM3756180v1	GCF_037561805.1	GCA_037561805.1	Escherichia coli	562		Z1323CEC0017					GCF_037561805.1-RS_2025_04_28	Complete Genome	2024-04-05		7	
ASM1640448v2	GCF_016404485.2	GCA_016404485.2	Escherichia coli	562		2018-166					GCF_016404485.2-RS_2025_07_13	Complete Genome	2021-06-09		8	
MINF_1A	GCF_904863375.1	GCA_904863375.1	Escherichia coli	562		MINF_1A			MINF_1A		GCF_904863375.1-RS_2025_07_11	Complete Genome	2020-11-01		8	
ASM2153488v1	GCF_021534885.1	GCA_021534885.1	Escherichia coli	562		STEC307					GCF_021534885.1-RS_2025_02_11	Complete Genome	2022-01-20		2	
ASM2153490v1	GCF_021534905.1	GCA_021534905.1	Escherichia coli	562		STEC308					GCF_021534905.1-RS_2025_02_11	Complete Genome	2022-01-20		2	
ASM2153484v1	GCF_021534845.1	GCA_021534845.1	Escherichia coli	562		STEC306					GCF_021534845.1-RS_2025_02_11	Complete Genome	2022-01-20		2	
ASM1331571v1	GCF_013315715.1	GCA_013315715.1	Escherichia coli	562		SCU-171					GCF_013315715.1-RS_2025_07_03	Complete Genome	2020-06-10		5	
ASM5161568v1	GCF_051615685.1	GCA_051615685.1	Escherichia coli	562		JCKP02					GCF_051615685.1-RS_2025_07_31	Complete Genome	2025-08-01		2	
ASM3099664v1	GCF_030996645.1	GCA_030996645.1	Escherichia coli	562		CUVET20-PYO4					GCF_030996645.1-RS_2025_09_19	Complete Genome	2023-08-30		5	
ASM285365v1	GCF_002853655.1	GCA_002853655.1	Escherichia coli	562		14EC017					GCF_002853655.1-RS_2025_06_21	Complete Genome	2018-01-03		4	
ASM3238683v1	GCF_032386835.1	GCA_032386835.1	Escherichia coli	562		TUM1857					GCF_032386835.1-RS_2024_12_30	Complete Genome	2023-10-05		3	
ASM2088339v1	GCF_020883395.1	GCA_020883395.1	Escherichia coli	562		RIVM_C036569					GCF_020883395.1-RS_2025_03_08	Complete Genome	2021-11-18		1	
ASM5154965v1	GCF_051549655.1	GCA_051549655.1	Escherichia coli	562		EC2202095					GCF_051549655.1-RS_2025_07_30	Complete Genome	2025-07-31		9	
ASM2600120v1	GCF_026001205.1	GCA_026001205.1	Escherichia coli	562		IPCEC48					GCF_026001205.1-RS_2025_02_01	Complete Genome	2022-09-14		4	
ASM4026744v1	GCF_040267445.1	GCA_040267445.1	Escherichia coli	562		CS5L					GCF_040267445.1-RS_2025_06_29	Complete Genome	2024-06-23		4	
YDC107	GCF_002925525.1	GCA_002925525.1	Escherichia coli	562		YDC107					GCF_002925525.1-RS_2025_06_22	Complete Genome	2018-01-12		5	
ASM5095714v1	GCF_050957145.1	GCA_050957145.1	Escherichia coli	562		TOE17					GCF_050957145.1-RS_2025_06_18	Complete Genome	2025-06-19		5	
ASM5581436v1	GCF_055814365.1	GCA_055814365.1	Escherichia coli	562		1604D011					GCF_055814365.1-RS_2026_03_13	Complete Genome	2026-03-14		3	
ASM5581438v1	GCF_055814385.1	GCA_055814385.1	Escherichia coli	562		1504D004					GCF_055814385.1-RS_2026_03_13	Complete Genome	2026-03-14		2	
ASM5156376v1	GCF_051563765.1	GCA_051563765.1	Escherichia coli	562		ECAMP047					GCF_051563765.1-RS_2025_07_30	Complete Genome	2025-07-31		1	
ASM2875269v1	GCF_028752695.1	GCA_028752695.1	Escherichia coli	562		APEC 102026					GCF_028752695.1-RS_2025_04_26	Complete Genome	2023-02-21		4	
ASM276399v1	GCF_002763995.1	GCA_002763995.1	Escherichia coli	562					NQ3		GCF_002763995.1-RS_2025_06_22	Complete Genome	2017-11-13		3	
ASM276401v1	GCF_002764015.1	GCA_002764015.1	Escherichia coli	562		LS4					GCF_002764015.1-RS_2025_06_22	Complete Genome	2017-11-13		3	
ASM301807v1	GCF_003018075.1	GCA_003018075.1	Escherichia coli	562		2013C-3492					GCF_003018075.1-RS_2025_06_21	Complete Genome	2018-03-26		2	
ASM2491747v1	GCF_024917475.1	GCA_024917475.1	Escherichia coli	562		2900					GCF_024917475.1-RS_2024_12_18	Complete Genome	2022-09-04		2	
ASM1009296v1	GCF_010092965.1	GCA_010092965.1	Escherichia coli	562		201609					GCF_010092965.1-RS_2025_07_02	Complete Genome	2020-02-03		1	
ASM2600112v1	GCF_026001125.1	GCA_026001125.1	Escherichia coli	562		IPCEC42					GCF_026001125.1-RS_2025_02_01	Complete Genome	2022-09-14		6	
ASM5417746v1	GCF_054177465.1	GCA_054177465.1	Escherichia coli	562		51489					GCF_054177465.1-RS_2025_12_25	Complete Genome	2025-12-24	JBQIAZ01	3	
ASM5537841v1	GCF_055378415.1	GCA_055378415.1	Escherichia coli	562		HR12-1			Homo sapiens faeces		GCF_055378415.1-RS_2026_02_24	Complete Genome	2026-02-25		5	
ASM5537880v1	GCF_055378805.1	GCA_055378805.1	Escherichia coli	562		HR5-1			Homo sapiens faeces		GCF_055378805.1-RS_2026_02_24	Complete Genome	2026-02-25		5	
ASM1942874v1	GCF_019428745.1	GCA_019428745.1	Escherichia coli	562		PK8261					GCF_019428745.1-RS_2025_03_18	Complete Genome	2021-07-31		8	
ASM172122v1	GCF_001721225.1	GCA_001721225.1	Escherichia coli	562		CFSAN004176					GCF_001721225.1-RS_2025_06_17	Complete Genome	2016-09-07		4	
ASM1942876v1	GCF_019428765.1	GCA_019428765.1	Escherichia coli	562		PK8275					GCF_019428765.1-RS_2025_03_18	Complete Genome	2021-07-31		9	
ASM5032023v1	GCF_050320235.1	GCA_050320235.1	Escherichia coli	562		EC17CM2					GCF_050320235.1-RS_2025_05_13	Complete Genome	2025-05-14		5	
ASM3034497v1	GCF_030344975.1	GCA_030344975.1	Escherichia coli	562		T309.Ta3					GCF_030344975.1-RS_2025_07_13	Complete Genome	2023-06-26		5	
W46	GCF_041005895.1	GCA_041005895.1	Escherichia coli	562		W46			China:Kunming		GCF_041005895.1-RS_2024_08_02	Complete Genome	2024-08-03		3	
ASM864239v1	GCF_008642395.1	GCA_008642395.1	Escherichia coli	562		631					GCF_008642395.1-RS_2025_06_29	Complete Genome	2019-09-23		6	
ASM5528274v1	GCF_055282745.1	GCA_055282745.1	Escherichia coli	562		E09					GCF_055282745.1-RS_2026_02_18	Complete Genome	2026-02-17	JBUZKF01	3	
ASM4078349v1	GCF_040783495.1	GCA_040783495.1	Escherichia coli	562		GABEEC132					GCF_040783495.1-RS_2024_07_20	Complete Genome	2024-07-20		3	
ASM3757508v1	GCF_037575085.1	GCA_037575085.1	Escherichia coli	562		Z1323CEC0007					GCF_037575085.1-RS_2025_04_28	Complete Genome	2024-04-05		3	
ASM2054098v1	GCF_020540985.1	GCA_020540985.1	Escherichia coli	562		P31_YH1_02.21					GCF_020540985.1-RS_2025_01_30	Complete Genome	2021-10-21		6	
ASM5490237v1	GCF_054902375.1	GCA_054902375.1	Escherichia coli	562		GPEC505-623					GCF_054902375.1-RS_2026_02_04	Complete Genome	2026-02-03	JBUBJU01	3	
ASM3166051v1	GCF_031660515.1	GCA_031660515.1	Escherichia coli	562		TUM13754					GCF_031660515.1-RS_2024_12_18	Complete Genome	2023-09-19		4	
ASM3001320v1	GCF_030013205.1	GCA_030013205.1	Escherichia coli	562		ETEC4077					GCF_030013205.1-RS_2025_06_13	Complete Genome	2023-05-15		4	
ASM188689v1	GCF_001886895.1	GCA_001886895.1	Escherichia coli	562		FORC_029					GCF_001886895.1-RS_2025_03_23	Complete Genome	2016-11-28		2	
ASM349116v1	GCF_003491165.1	GCA_003491165.1	Escherichia coli	562		FORC_069					GCF_003491165.1-RS_2025_06_26	Complete Genome	2018-09-07		2	
E500010.fasta	GCF_052938825.1	GCA_052938825.1	Escherichia coli	562		500010					GCF_052938825.1-RS_2025_11_17	Complete Genome	2025-10-01	JBREQP01	5	
ASM4857266v1	GCF_048572665.1	GCA_048572665.1	Escherichia coli	562		AREA_487					GCF_048572665.1-RS_2025_03_16	Complete Genome	2025-03-16		3	
ASM2665120v1	GCF_026651205.1	GCA_026651205.1	Escherichia coli	562		GN05505					GCF_026651205.1-RS_2025_03_10	Complete Genome	2022-12-05		4	
ASM3051549v1	GCF_030515495.1	GCA_030515495.1	Escherichia coli	562		MS20653					GCF_030515495.1-RS_2025_08_03	Complete Genome	2023-07-21		2	
ASM1416941v1	GCF_014169415.1	GCA_014169415.1	Escherichia coli	562		WP5-S18-ESBL-08					GCF_014169415.1-RS_2025_07_04	Complete Genome	2020-07-21		10	
ASM3029739v1	GCF_030297395.1	GCA_030297395.1	Escherichia coli	562		JNE132847					GCF_030297395.1-RS_2025_07_09	Complete Genome	2023-05-19		3	
ASM4416112v1	GCF_044161125.1	GCA_044161125.1	Escherichia coli	562		1070/13					GCF_044161125.1-RS_2024_11_01	Complete Genome	2024-11-02		3	
ASM429980v1	GCF_004299805.1	GCA_004299805.1	Escherichia coli	562		S65EC					GCF_004299805.1-RS_2024_06_18	Complete Genome	2019-02-26		2	
ASM5288229v1	GCF_052882295.1	GCA_052882295.1	Escherichia coli	562		MMC-J-0085					GCF_052882295.1-RS_2025_11_17	Complete Genome	2025-09-27	JBQRBG01	3	
ASM4416109v1	GCF_044161095.1	GCA_044161095.1	Escherichia coli	562		1070/13 pAA-					GCF_044161095.1-RS_2024_11_01	Complete Genome	2024-11-02		2	
ASM3688453v1	GCF_036884535.1	GCA_036884535.1	Escherichia coli	562		S1-CHI-01-A					GCF_036884535.1-RS_2025_04_27	Complete Genome	2024-04-05		3	
ASM1308518v1	GCF_013085185.1	GCA_013085185.1	Escherichia coli	562		SCU-106					GCF_013085185.1-RS_2025_07_03	Complete Genome	2020-05-13		11	
ASM2491771v1	GCF_024917715.1	GCA_024917715.1	Escherichia coli	562		4621					GCF_024917715.1-RS_2024_12_18	Complete Genome	2022-09-04		8	
ASM2665110v1	GCF_026651105.1	GCA_026651105.1	Escherichia coli	562		GN02270					GCF_026651105.1-RS_2025_03_10	Complete Genome	2022-12-05		4	
AI2721v1_cp	GCF_905219315.2	GCA_905219315.2	Escherichia coli	562					131		GCF_905219315.2-RS_2025_03_26	Complete Genome	2022-05-22		6	
ASM3185229v1	GCF_031852295.1	GCA_031852295.1	Escherichia coli	562		RIVM_C040753					GCF_031852295.1-RS_2025_08_18	Complete Genome	2023-09-24		1	
ASM1942858v1	GCF_019428585.1	GCA_019428585.1	Escherichia coli	562		M45					GCF_019428585.1-RS_2025_09_16	Complete Genome	2021-07-31		1	
ASM3185235v1	GCF_031852355.1	GCA_031852355.1	Escherichia coli	562		RIVM_C029670					GCF_031852355.1-RS_2024_12_20	Complete Genome	2023-09-24		1	
ASM3464285v1	GCF_034642855.1	GCA_034642855.1	Escherichia coli	562		KE51					GCF_034642855.1-RS_2025_02_21	Complete Genome	2023-12-26		2	
AI2831v1_cp	GCF_905332355.1	GCA_905332355.1	Escherichia coli	562					127		GCF_905332355.1-RS_2025_06_24	Complete Genome	2021-10-25		1	
ASM340295v1	GCF_003402955.1	GCA_003402955.1	Escherichia coli	562		cq9					GCF_003402955.1-RS_2025_06_25	Complete Genome	2018-08-18		5	
ASM1807530v1	GCF_018075305.1	GCA_018075305.1	Escherichia coli	562		2547					GCF_018075305.1-RS_2025_07_05	Complete Genome	2021-04-19		3	
MSB1_7C	GCF_904864555.1	GCA_904864555.1	Escherichia coli	562		MSB1_7C			MSB1_7C		GCF_904864555.1-RS_2025_07_12	Complete Genome	2020-11-01		5	
ASM5417745v1	GCF_054177455.1	GCA_054177455.1	Escherichia coli	562		54214					GCF_054177455.1-RS_2025_12_25	Complete Genome	2025-12-24	JBQIAY01	4	
ASM5539830v1	GCF_055398305.1	GCA_055398305.1	Escherichia coli	562		KN13-4			Homo sapiens faeces		GCF_055398305.1-RS_2026_02_24	Complete Genome	2026-02-25		8	
ASM5539812v1	GCF_055398125.1	GCA_055398125.1	Escherichia coli	562		KN12-1			Homo sapiens faeces		GCF_055398125.1-RS_2026_02_24	Complete Genome	2026-02-25		9	
ASM3185233v1	GCF_031852335.1	GCA_031852335.1	Escherichia coli	562		RIVM_C036204					GCF_031852335.1-RS_2024_12_20	Complete Genome	2023-09-24		1	
ASM5288223v1	GCF_052882235.1	GCA_052882235.1	Escherichia coli	562		MMC-J-0105					GCF_052882235.1-RS_2025_11_17	Complete Genome	2025-09-27	JBQRBE01	4	
ASM2668935v1	GCF_026689355.1	GCA_026689355.1	Escherichia coli	562		GTEN_23					GCF_026689355.1-RS_2025_03_10	Complete Genome	2022-12-06		7	
ASM3001318v1	GCF_030013185.1	GCA_030013185.1	Escherichia coli	562		ETEC4079					GCF_030013185.1-RS_2025_06_13	Complete Genome	2023-05-15		5	
ASM4213800v1	GCF_042138005.1	GCA_042138005.1	Escherichia coli	562		AH50					GCF_042138005.1-RS_2024_09_23	Complete Genome	2024-09-23		2	
ASM1897226v1	GCF_018972265.1	GCA_018972265.1	Escherichia coli	562		S103EC					GCF_018972265.1-RS_2025_07_24	Complete Genome	2021-06-21		4	
ASM5528309v1	GCF_055283095.1	GCA_055283095.1	Escherichia coli	562		E30					GCF_055283095.1-RS_2026_02_18	Complete Genome	2026-02-17	JBUZJL01	2	
ASM3038994v1	GCF_030389945.1	GCA_030389945.1	Escherichia coli	562		TUM1881					GCF_030389945.1-RS_2025_07_19	Complete Genome	2023-07-03		7	
E200086.fasta	GCF_052908295.1	GCA_052908295.1	Escherichia coli	562		E200086					GCF_052908295.1-RS_2025_11_17	Complete Genome	2025-09-29	JBRERP01	9	
ASM5566143v1	GCF_055661435.1	GCA_055661435.1	Escherichia coli	562		JNEC-KY173					GCF_055661435.1-RS_2026_03_04	Complete Genome	2026-03-06		1	
ASM3649748v1	GCF_036497485.1	GCA_036497485.1	Escherichia coli	562		LR-58-2					GCF_036497485.1-RS_2025_04_27	Complete Genome	2023-11-03		7	
ASM5490253v1	GCF_054902535.1	GCA_054902535.1	Escherichia coli	562		GPEC1446					GCF_054902535.1-RS_2026_02_04	Complete Genome	2026-02-03	JBUBJM01	3	
ASM1669666v1	GCF_016696665.1	GCA_016696665.1	Escherichia coli	562		U90					GCF_016696665.1-RS_2025_07_05	Complete Genome	2021-01-19		6	
ASM5469084v1	GCF_054690845.1	GCA_054690845.1	Escherichia coli	562		EECO1006					GCF_054690845.1-RS_2026_01_25	Complete Genome	2026-01-30		2	
ASM3688438v1	GCF_036884385.1	GCA_036884385.1	Escherichia coli	562		S1-THA-01-A					GCF_036884385.1-RS_2025_04_28	Complete Genome	2024-04-05		2	
ASM3728747v1	GCF_037287475.1	GCA_037287475.1	Escherichia coli	562		GN05064					GCF_037287475.1-RS_2025_04_28	Complete Genome	2024-04-05		3	
ASM539128v2	GCF_005391285.2	GCA_005391285.2	Escherichia coli	562		KS-NP019					GCF_005391285.2-RS_2024_12_18	Complete Genome	2021-03-03		3	
ASM169331v1	GCF_001693315.1	GCA_001693315.1	Escherichia coli	562		UPEC 26-1					GCF_001693315.1-RS_2025_03_23	Complete Genome	2016-07-25		2	
ASM3001274v1	GCF_030012745.1	GCA_030012745.1	Escherichia coli	562		ETEC1703					GCF_030012745.1-RS_2025_06_13	Complete Genome	2023-05-15		6	
ASM5528351v1	GCF_055283515.1	GCA_055283515.1	Escherichia coli	562		E19					GCF_055283515.1-RS_2026_02_18	Complete Genome	2026-02-17	JBUZJW01	2	
ASM4050045v1	GCF_040500455.1	GCA_040500455.1	Escherichia coli	562		8178			T4039		GCF_040500455.1-RS_2024_07_04	Complete Genome	2024-07-04		2	
ASM4050038v1	GCF_040500385.1	GCA_040500385.1	Escherichia coli	562		8178			T2213		GCF_040500385.1-RS_2024_07_04	Complete Genome	2024-07-04		1	
ASM4050046v1	GCF_040500465.1	GCA_040500465.1	Escherichia coli	562		8178			T4048		GCF_040500465.1-RS_2024_07_04	Complete Genome	2024-07-04		2	
30348_2#256	GCF_964043425.1	GCA_964043425.1	Escherichia coli	562					30348_2#256		GCF_964043425.1-RS_2025_05_30	Complete Genome	2024-05-20		2	
ASM4187015v1	GCF_041870155.1	GCA_041870155.1	Escherichia coli	562		IH5					GCF_041870155.1-RS_2024_09_09	Complete Genome	2024-09-10		1	
ASM214267v1	GCF_002142675.1	GCA_002142675.1	Escherichia coli	562		Z1002					GCF_002142675.1-RS_2025_06_10	Complete Genome	2017-05-16		5	
ASM3688454v1	GCF_036884545.1	GCA_036884545.1	Escherichia coli	562		S1-ZIM-01-A					GCF_036884545.1-RS_2025_04_28	Complete Genome	2024-04-05		8	
ASM2536979v1	GCF_025369795.1	GCA_025369795.1	Escherichia coli	562		E7					GCF_025369795.1-RS_2024_12_30	Complete Genome	2022-09-22		3	
ASM5447797v1	GCF_054477975.1	GCA_054477975.1	Escherichia coli	562		UPEC69					GCF_054477975.1-RS_2026_01_13	Complete Genome	2026-01-12	JBQGLG01	2	
ASM172152v1	GCF_001721525.1	GCA_001721525.1	Escherichia coli	562		MS6198					GCF_001721525.1-RS_2025_06_19	Complete Genome	2016-09-08		5	
ASM5490317v1	GCF_054903175.1	GCA_054903175.1	Escherichia coli	562		GPEC673					GCF_054903175.1-RS_2026_02_04	Complete Genome	2026-02-04	JBUBIG01	2	
ASM1690331v1	GCF_016903315.1	GCA_016903315.1	Escherichia coli	562		FDAARGOS_1289					GCF_016903315.1-RS_2025_07_06	Complete Genome	2021-02-17		8	
ASM2082763v1	GCF_020827635.1	GCA_020827635.1	Escherichia coli	562		elppa5					GCF_020827635.1-RS_2025_02_26	Complete Genome	2021-11-10		9	
ASM2458598v1	GCF_024585985.1	GCA_024585985.1	Escherichia coli	562		PD23					GCF_024585985.1-RS_2025_09_11	Complete Genome	2022-08-08		2	
ASM5612330v1	GCF_056123305.1	GCA_056123305.1	Escherichia coli	562		PK-F-10122					GCF_056123305.1-RS_2026_03_20	Complete Genome	2026-03-19	JBVVYO01	5	
ASM5528259v1	GCF_055282595.1	GCA_055282595.1	Escherichia coli	562		E15					GCF_055282595.1-RS_2026_02_18	Complete Genome	2026-02-17	JBUZJZ01	2	
CNR65D6gen	GCF_916098155.1	GCA_916098155.1	Escherichia coli	562					CNR65D6		GCF_916098155.1-RS_2025_03_19	Complete Genome	2021-12-17		1	
ASM5404735v1	GCF_054047355.1	GCA_054047355.1	Escherichia coli	562		998					GCF_054047355.1-RS_2025_12_18	Complete Genome	2025-12-17	JBSWAM01	5	
ASM2999035v1	GCF_029990355.1	GCA_029990355.1	Escherichia coli	562		AVS0465					GCF_029990355.1-RS_2025_06_13	Complete Genome	2023-05-12		5	
PRO_A-1534-6M-A_ESBL	GCF_054388895.1	GCA_054388895.1	Escherichia coli	562		PRO_A-1534-6M-A_ESBL					GCF_054388895.1-RS_2026_01_07	Complete Genome	2026-01-07	JBSTQK01	4	
ASM2650635v1	GCF_026506355.1	GCA_026506355.1	Escherichia coli	562		MS1679					GCF_026506355.1-RS_2025_02_26	Complete Genome	2022-11-29		2	
ASM385663v1	GCF_003856635.1	GCA_003856635.1	Escherichia coli	562		2/0					GCF_003856635.1-RS_2025_06_25	Complete Genome	2018-12-03		6	
ASM3051557v1	GCF_030515575.1	GCA_030515575.1	Escherichia coli	562		MS15052					GCF_030515575.1-RS_2025_08_02	Complete Genome	2023-07-21		3	
ASM5403107v1	GCF_054031075.1	GCA_054031075.1	Escherichia coli	562		FEA3					GCF_054031075.1-RS_2025_12_18	Complete Genome	2025-12-17	JBSTXA01	3	
MSB1_3B	GCF_904863305.1	GCA_904863305.1	Escherichia coli	562		MSB1_3B			MSB1_3B		GCF_904863305.1-RS_2025_07_13	Complete Genome	2020-11-01		8	
ASM5161276v1	GCF_051612765.1	GCA_051612765.1	Escherichia coli	562		20AR0192					GCF_051612765.1-RS_2025_07_31	Complete Genome	2025-08-01		9	
MSB1_7A	GCF_904864615.1	GCA_904864615.1	Escherichia coli	562		MSB1_7A			MSB1_7A		GCF_904864615.1-RS_2025_07_11	Complete Genome	2020-11-01		5	
ASM1612699v1	GCF_016126995.1	GCA_016126995.1	Escherichia coli	562		FDAARGOS_1058					GCF_016126995.1-RS_2025_07_04	Complete Genome	2020-12-20		4	
ASM3688442v1	GCF_036884425.1	GCA_036884425.1	Escherichia coli	562		S1-IND-02-A					GCF_036884425.1-RS_2025_04_28	Complete Genome	2024-04-05		9	
ASM2594658v1	GCF_025946585.1	GCA_025946585.1	Escherichia coli	562		EC488					GCF_025946585.1-RS_2025_01_31	Complete Genome	2022-11-01		11	
ASM5472096v1	GCF_054720965.1	GCA_054720965.1	Escherichia coli	562		GIMC1410:G-002-25					GCF_054720965.1-RS_2026_01_26	Complete Genome	2026-01-25	JBTVQA01	3	
ASM5406523v1	GCF_054065235.1	GCA_054065235.1	Escherichia coli	562		DEF2					GCF_054065235.1-RS_2025_12_18	Complete Genome	2025-12-17	JBSURG01	3	
ASM5406547v1	GCF_054065475.1	GCA_054065475.1	Escherichia coli	562		DEF10					GCF_054065475.1-RS_2025_12_18	Complete Genome	2025-12-17	JBSURH01	3	
ASM1416945v1	GCF_014169455.1	GCA_014169455.1	Escherichia coli	562		WP7-S17-ESBL-01					GCF_014169455.1-RS_2025_07_04	Complete Genome	2020-07-21		4	
ASM2249458v1	GCF_022494585.1	GCA_022494585.1	Escherichia coli	562		KTa008					GCF_022494585.1-RS_2025_05_30	Complete Genome	2022-03-07		1	
ASM1690391v1	GCF_016903915.1	GCA_016903915.1	Escherichia coli	562		FDAARGOS_1300					GCF_016903915.1-RS_2025_07_04	Complete Genome	2021-02-17		11	
ASM5539197v1	GCF_055391975.1	GCA_055391975.1	Escherichia coli	562		NR319					GCF_055391975.1-RS_2026_02_24	Complete Genome	2026-02-25		4	
ASM5539442v1	GCF_055394425.1	GCA_055394425.1	Escherichia coli	562		NR363					GCF_055394425.1-RS_2026_02_24	Complete Genome	2026-02-25		4	
ASM1331569v1	GCF_013315695.1	GCA_013315695.1	Escherichia coli	562		SCU-172					GCF_013315695.1-RS_2025_07_03	Complete Genome	2020-06-10		10	
ASM3681832v1	GCF_036818325.1	GCA_036818325.1	Escherichia coli	562		NCCP 15734					GCF_036818325.1-RS_2025_04_27	Complete Genome	2024-04-05		1	
Br_167_kylling	GCF_048163005.1	GCA_048163005.1	Escherichia coli	562		Br_167_kylling					GCF_048163005.1-RS_2025_02_28	Complete Genome	2025-03-01		5	
ASM5539358v1	GCF_055393585.1	GCA_055393585.1	Escherichia coli	562		NR341					GCF_055393585.1-RS_2026_02_24	Complete Genome	2026-02-25		4	
ASM2298297v1	GCF_022982975.1	GCA_022982975.1	Escherichia coli	562		EC9682					GCF_022982975.1-RS_2025_06_11	Complete Genome	2022-04-14		3	
ASM259113v1	GCF_002591135.1	GCA_002591135.1	Escherichia coli	562		FDAARGOS_448					GCF_002591135.1-RS_2025_06_21	Complete Genome	2017-10-18		5	
CNR85I8gen	GCF_916098175.1	GCA_916098175.1	Escherichia coli	562					CNR85I8		GCF_916098175.1-RS_2025_03_19	Complete Genome	2021-12-17		1	
ASM1942856v1	GCF_019428565.1	GCA_019428565.1	Escherichia coli	562		M70					GCF_019428565.1-RS_2025_09_16	Complete Genome	2021-07-31		1	
ASM5537863v1	GCF_055378635.1	GCA_055378635.1	Escherichia coli	562		OkiPb01712					GCF_055378635.1-RS_2026_02_24	Complete Genome	2026-02-25		6	
ASM1991550v1	GCF_019915505.1	GCA_019915505.1	Escherichia coli	562		SCAID URN1-2021 (19/278)					GCF_019915505.1-RS_2025_01_29	Complete Genome	2021-09-09		3	
ASM301903v1	GCF_003019035.1	GCA_003019035.1	Escherichia coli	562		2014C-3075					GCF_003019035.1-RS_2025_06_22	Complete Genome	2018-03-26		2	
ASM4093167v1	GCF_040931675.1	GCA_040931675.1	Escherichia coli	562		PEC1021					GCF_040931675.1-RS_2024_07_29	Complete Genome	2024-07-29		4	
ASM5539278v1	GCF_055392785.1	GCA_055392785.1	Escherichia coli	562		OkiPb01676					GCF_055392785.1-RS_2026_02_24	Complete Genome	2026-02-25		3	
ASM301839v1	GCF_003018395.1	GCA_003018395.1	Escherichia coli	562		2014C-3011					GCF_003018395.1-RS_2025_06_23	Complete Genome	2018-03-26		4	
ASM301865v1	GCF_003018655.1	GCA_003018655.1	Escherichia coli	562		2013C-3181					GCF_003018655.1-RS_2025_06_22	Complete Genome	2018-03-26		1	
ASM4095909v1	GCF_040959095.1	GCA_040959095.1	Escherichia coli	562		PEC1020					GCF_040959095.1-RS_2024_07_31	Complete Genome	2024-07-31		3	
ASM219647v1	GCF_002196475.1	GCA_002196475.1	Escherichia coli	562		EC974					GCF_002196475.1-RS_2025_06_19	Complete Genome	2017-06-15		4	
39282_G02	GCF_900636215.1	GCA_900636215.1	Escherichia coli	562		NCTC9022					GCF_900636215.1-RS_2025_06_26	Complete Genome	2018-12-20		1	
ASM2672374v1	GCF_026723745.1	GCA_026723745.1	Escherichia coli	562		16843					GCF_026723745.1-RS_2025_03_10	Complete Genome	2022-12-07		1	
ASM219649v1	GCF_002196495.1	GCA_002196495.1	Escherichia coli	562		EC1515					GCF_002196495.1-RS_2025_06_19	Complete Genome	2017-06-15		4	
ASM2088323v1	GCF_020883235.1	GCA_020883235.1	Escherichia coli	562		RIVM_C039629					GCF_020883235.1-RS_2025_03_08	Complete Genome	2021-11-18		2	
ASM3003556v1	GCF_030035565.1	GCA_030035565.1	Escherichia coli	562		82.0311					GCF_030035565.1-RS_2025_06_15	Complete Genome	2023-05-18		3	
ASM3688441v1	GCF_036884415.1	GCA_036884415.1	Escherichia coli	562		S1-ISR-02-A					GCF_036884415.1-RS_2025_04_27	Complete Genome	2024-04-05		10	
ASM1104527v1	GCF_011045275.1	GCA_011045275.1	Escherichia coli	562		E597					GCF_011045275.1-RS_2025_07_03	Complete Genome	2020-03-02		1	
ASM5536214v1	GCF_055362145.1	GCA_055362145.1	Escherichia coli	562		ESBLEC_HM24					GCF_055362145.1-RS_2026_02_23	Complete Genome	2026-02-19	JBSIBL01	3	
ASM5539337v1	GCF_055393375.1	GCA_055393375.1	Escherichia coli	562		OkiPb01675					GCF_055393375.1-RS_2026_02_24	Complete Genome	2026-02-25		2	
ASM3055291v1	GCF_030552915.1	GCA_030552915.1	Escherichia coli	562		SM107					GCF_030552915.1-RS_2025_08_16	Complete Genome	2023-07-30		7	
ASM1293445v1	GCF_012934455.1	GCA_012934455.1	Escherichia coli	562		SCU-105					GCF_012934455.1-RS_2025_07_03	Complete Genome	2020-04-30		6	
ASM2491813v1	GCF_024918135.1	GCA_024918135.1	Escherichia coli	562		4973					GCF_024918135.1-RS_2024_12_18	Complete Genome	2022-09-04		11	
ASM1485457v1	GCF_014854575.1	GCA_014854575.1	Escherichia coli	562		C311					GCF_014854575.1-RS_2025_07_04	Complete Genome	2020-10-06		3	
ASM4857264v1	GCF_048572645.1	GCA_048572645.1	Escherichia coli	562		AREA_494					GCF_048572645.1-RS_2025_03_16	Complete Genome	2025-03-16		3	
ASM1812840v1	GCF_018128405.1	GCA_018128405.1	Escherichia coli	562		3347558					GCF_018128405.1-RS_2025_07_05	Complete Genome	2021-04-22		7	
ASM2429848v1	GCF_024298485.1	GCA_024298485.1	Escherichia coli	562		EC21Z-144					GCF_024298485.1-RS_2025_08_06	Complete Genome	2022-07-18		11	
ASM437799v2	GCF_004377995.2	GCA_004377995.2	Escherichia coli	562		1517k					GCF_004377995.2-RS_2025_07_03	Complete Genome	2020-07-24		1	
ASM1640397v2	GCF_016403975.2	GCA_016403975.2	Escherichia coli	562		STEC17-190					GCF_016403975.2-RS_2025_07_14	Complete Genome	2021-06-09		3	
ASM1564980v1	GCF_015649805.1	GCA_015649805.1	Escherichia coli	562		20					GCF_015649805.1-RS_2025_07_05	Complete Genome	2020-11-23		4	
ASM1640362v2	GCF_016403625.2	GCA_016403625.2	Escherichia coli	562		STEC2018-607					GCF_016403625.2-RS_2025_07_14	Complete Genome	2021-06-09		18	
ASM5488863v1	GCF_054888635.1	GCA_054888635.1	Escherichia coli	562		UID2309220007					GCF_054888635.1-RS_2026_02_04	Complete Genome	2026-02-02	JBTZPE01	6	
ASM3003797v1	GCF_030037975.1	GCA_030037975.1	Escherichia coli	562		AVS0193					GCF_030037975.1-RS_2025_06_15	Complete Genome	2023-05-12		5	
ASM2276021v1	GCF_022760215.1	GCA_022760215.1	Escherichia coli	562		W224N					GCF_022760215.1-RS_2025_05_09	Complete Genome	2022-03-31		4	
ASM4858572v1	GCF_048585725.1	GCA_048585725.1	Escherichia coli	562		EC-16-526					GCF_048585725.1-RS_2025_03_17	Complete Genome	2025-03-17		4	
ASM1104529v1	GCF_011045295.1	GCA_011045295.1	Escherichia coli	562		E686					GCF_011045295.1-RS_2025_07_02	Complete Genome	2020-03-02		1	
ASM303179v1	GCF_003031795.1	GCA_003031795.1	Escherichia coli	562		222					GCF_003031795.1-RS_2025_06_22	Complete Genome	2018-04-03		4	
ASM456417v1	GCF_004564175.1	GCA_004564175.1	Escherichia coli	562		103					GCF_004564175.1-RS_2025_06_25	Complete Genome	2019-04-02		3	
ASM5371137v1	GCF_053711375.1	GCA_053711375.1	Escherichia coli	562		2020S05-235					GCF_053711375.1-RS_2025_11_26	Complete Genome	2025-11-26	JBSJZJ01	6	
ASM5288718v1	GCF_052887185.1	GCA_052887185.1	Escherichia coli	562		VTB97379v					GCF_052887185.1-RS_2025_09_28	Complete Genome	2025-09-30		7	
ASM2316958v1	GCF_023169585.1	GCA_023169585.1	Escherichia coli	562		KY 1497					GCF_023169585.1-RS_2025_05_27	Complete Genome	2022-03-18		4	
30345_1#186	GCF_964046665.1	GCA_964046665.1	Escherichia coli	562					30345_1#186		GCF_964046665.1-RS_2025_05_30	Complete Genome	2024-05-20		2	
ASM4567413v1	GCF_045674135.1	GCA_045674135.1	Escherichia coli	562		Jnd12					GCF_045674135.1-RS_2024_12_05	Complete Genome	2024-12-06		3	
ASM2365801v1	GCF_023658015.1	GCA_023658015.1	Escherichia coli	562		Z0117EC0056					GCF_023658015.1-RS_2025_07_03	Complete Genome	2022-06-07		2	
ASM1942626v1	GCF_019426265.1	GCA_019426265.1	Escherichia coli	562		Ec-FL1-1X					GCF_019426265.1-RS_2025_09_18	Complete Genome	2021-07-30		3	
E700462.fasta	GCF_052907575.1	GCA_052907575.1	Escherichia coli	562		700462					GCF_052907575.1-RS_2025_11_17	Complete Genome	2025-09-29	JBREQL01	4	
GPT24-02	GCF_965641715.1	GCA_965641715.1	Escherichia coli	562					GPT24-02		GCF_965641715.1-RS_2025_07_10	Complete Genome	2025-07-10		9	
ASM4568995v1	GCF_045689955.1	GCA_045689955.1	Escherichia coli	562		B19429					GCF_045689955.1-RS_2024_12_05	Complete Genome	2024-12-06		6	
ASM5156119v1	GCF_051561195.1	GCA_051561195.1	Escherichia coli	562		ECamp083					GCF_051561195.1-RS_2025_07_30	Complete Genome	2025-07-31		3	
30345_1#335	GCF_964038895.1	GCA_964038895.1	Escherichia coli	562					30345_1#335		GCF_964038895.1-RS_2025_05_30	Complete Genome	2024-05-20		6	
ASM3343906v1	GCF_033439065.1	GCA_033439065.1	Escherichia coli	562		HNSQ2209					GCF_033439065.1-RS_2025_01_23	Complete Genome	2023-11-08		5	
ASM2361241v1	GCF_023612415.1	GCA_023612415.1	Escherichia coli	562		MEI005					GCF_023612415.1-RS_2025_06_28	Complete Genome	2022-05-31		2	
ASM3670257v1	GCF_036702575.1	GCA_036702575.1	Escherichia coli	562		SCPM-O-B-7615					GCF_036702575.1-RS_2025_04_27	Complete Genome	2024-04-05		2	
Esc1complete	GCF_977065175.1	GCA_977065175.1	Escherichia coli	562		Esc1			Esc1		GCF_977065175.1-RS_2025_11_24	Complete Genome	2025-11-28		5	
ASM2365795v1	GCF_023657955.1	GCA_023657955.1	Escherichia coli	562		Z0117EC0117					GCF_023657955.1-RS_2025_07_03	Complete Genome	2022-06-07		5	
Esc6complete	GCF_977065225.1	GCA_977065225.1	Escherichia coli	562		Esc6			Esc6		GCF_977065225.1-RS_2025_11_24	Complete Genome	2025-11-28		5	
Esc7complete	GCF_977065325.1	GCA_977065325.1	Escherichia coli	562		Esc7			Esc7		GCF_977065325.1-RS_2025_11_24	Complete Genome	2025-11-28		5	
Esc3complete	GCF_977065215.1	GCA_977065215.1	Escherichia coli	562		Esc3			Esc3		GCF_977065215.1-RS_2025_11_24	Complete Genome	2025-11-28		5	
Esc2complete	GCF_977065245.1	GCA_977065245.1	Escherichia coli	562		Esc2			Esc2		GCF_977065245.1-RS_2025_11_24	Complete Genome	2025-11-28		5	
Esc5complete	GCF_977065505.1	GCA_977065505.1	Escherichia coli	562		Esc5			Esc5		GCF_977065505.1-RS_2025_11_24	Complete Genome	2025-11-28		5	
Esc14complete	GCF_977065135.1	GCA_977065135.1	Escherichia coli	562		Esc14			Esc14		GCF_977065135.1-RS_2025_11_24	Complete Genome	2025-11-28		5	
Esc28complete	GCF_977065515.1	GCA_977065515.1	Escherichia coli	562		Esc28			Esc28		GCF_977065515.1-RS_2025_11_24	Complete Genome	2025-11-28		5	
Esc9complete	GCF_977065165.1	GCA_977065165.1	Escherichia coli	562		Esc9			Esc9		GCF_977065165.1-RS_2025_11_24	Complete Genome	2025-11-28		5	
Esc29complete	GCF_977065255.1	GCA_977065255.1	Escherichia coli	562		Esc29			Esc29		GCF_977065255.1-RS_2025_11_24	Complete Genome	2025-11-28		5	
Esc13complete	GCF_977065155.1	GCA_977065155.1	Escherichia coli	562		Esc13			Esc13		GCF_977065155.1-RS_2025_11_24	Complete Genome	2025-11-28		5	
Esc15complete	GCF_977065145.1	GCA_977065145.1	Escherichia coli	562		Esc15			Esc15		GCF_977065145.1-RS_2025_11_24	Complete Genome	2025-11-28		5	
Esc12complete	GCF_977065195.1	GCA_977065195.1	Escherichia coli	562		Esc12			Esc12		GCF_977065195.1-RS_2025_11_24	Complete Genome	2025-11-28		5	
Esc27complete	GCF_977065115.1	GCA_977065115.1	Escherichia coli	562		Esc27			Esc27		GCF_977065115.1-RS_2025_11_24	Complete Genome	2025-11-28		5	
Esc26complete	GCF_977065365.1	GCA_977065365.1	Escherichia coli	562		Esc26			Esc26		GCF_977065365.1-RS_2025_11_24	Complete Genome	2025-11-28		5	
Esc10complete	GCF_977065525.1	GCA_977065525.1	Escherichia coli	562		Esc10			Esc10		GCF_977065525.1-RS_2025_11_24	Complete Genome	2025-11-28		5	
Esc11complete	GCF_977065535.1	GCA_977065535.1	Escherichia coli	562		Esc11			Esc11		GCF_977065535.1-RS_2025_11_24	Complete Genome	2025-11-28		5	
Esc25complete	GCF_977065185.1	GCA_977065185.1	Escherichia coli	562		Esc25			Esc25		GCF_977065185.1-RS_2025_11_24	Complete Genome	2025-11-28		5	
Esc19complete	GCF_977065265.1	GCA_977065265.1	Escherichia coli	562		Esc19			Esc19		GCF_977065265.1-RS_2025_11_24	Complete Genome	2025-11-28		5	
Esc8complete	GCF_977065205.1	GCA_977065205.1	Escherichia coli	562		Esc8			Esc8		GCF_977065205.1-RS_2025_11_24	Complete Genome	2025-11-28		5	
Esc24complete	GCF_977065485.1	GCA_977065485.1	Escherichia coli	562		Esc24			Esc24		GCF_977065485.1-RS_2025_11_24	Complete Genome	2025-11-28		5	
Esc21complete	GCF_977065285.1	GCA_977065285.1	Escherichia coli	562		Esc21			Esc21		GCF_977065285.1-RS_2025_11_24	Complete Genome	2025-11-28		4	
Esc22complete	GCF_977065335.1	GCA_977065335.1	Escherichia coli	562		Esc22			Esc22		GCF_977065335.1-RS_2025_11_24	Complete Genome	2025-11-28		5	
E1_LY2458_CNR20191027_complete	GCF_977064555.1	GCA_977064555.1	Escherichia coli	562		CNR20191027			E1/LY2458/CNR20191027		GCF_977064555.1-RS_2025_11_24	Complete Genome	2025-11-28		4	
Esc23complete	GCF_977065105.1	GCA_977065105.1	Escherichia coli	562		Esc23			Esc23		GCF_977065105.1-RS_2025_11_24	Complete Genome	2025-11-28		5	
Esc18complete	GCF_977065315.1	GCA_977065315.1	Escherichia coli	562		Esc18			Esc18		GCF_977065315.1-RS_2025_11_24	Complete Genome	2025-11-28		5	
Esc16complete	GCF_977065475.1	GCA_977065475.1	Escherichia coli	562		Esc16			Esc16		GCF_977065475.1-RS_2025_11_24	Complete Genome	2025-11-28		5	
ASM2327734v1	GCF_023277345.1	GCA_023277345.1	Escherichia coli	562		17-07187					GCF_023277345.1-RS_2025_06_15	Complete Genome	2022-05-09		4	
ASM3071750v1	GCF_030717505.1	GCA_030717505.1	Escherichia coli	562		JCH8249					GCF_030717505.1-RS_2025_08_22	Complete Genome	2023-08-12		2	
ASM142095v1	GCF_001420955.1	GCA_001420955.1	Escherichia coli	562		2009C-3133					GCF_001420955.1-RS_2026_02_19	Complete Genome	2015-10-30		4	
ASM168343v1	GCF_001683435.1	GCA_001683435.1	Escherichia coli	562		K-15KW01					GCF_001683435.1-RS_2025_06_17	Complete Genome	2016-07-11		1	
ASM3464445v1	GCF_034644455.1	GCA_034644455.1	Escherichia coli	562		KE40					GCF_034644455.1-RS_2025_02_20	Complete Genome	2023-12-26		2	
ASM3754988v1	GCF_037549885.1	GCA_037549885.1	Escherichia coli	562		Z1323HEC0108					GCF_037549885.1-RS_2025_04_28	Complete Genome	2024-04-05		4	
ASM2211765v1	GCF_022117655.1	GCA_022117655.1	Escherichia coli	562		RM8082					GCF_022117655.1-RS_2025_02_19	Complete Genome	2022-02-09		5	
ASM98787v1	GCF_000987875.1	GCA_000987875.1	Escherichia coli	562		SEC470					GCF_000987875.1-RS_2025_06_14	Complete Genome	2015-05-04		1	
ASM1735750v1	GCF_017357505.1	GCA_017357505.1	Escherichia coli	562		ATCC 25922					GCF_017357505.1-RS_2025_07_05	Complete Genome	2021-03-16		4	
ASM3757405v1	GCF_037574055.1	GCA_037574055.1	Escherichia coli	562		Z1323CEC0008					GCF_037574055.1-RS_2025_04_27	Complete Genome	2024-04-05		2	
ASM3408900v1	GCF_034089005.1	GCA_034089005.1	Escherichia coli	562		E1					GCF_034089005.1-RS_2025_02_23	Complete Genome	2023-12-04		10	
ASM1308502v1	GCF_013085025.1	GCA_013085025.1	Escherichia coli	562		SCU-482					GCF_013085025.1-RS_2025_07_03	Complete Genome	2020-05-13		4	
ASM4816302v1	GCF_048163025.1	GCA_048163025.1	Escherichia coli	562		Br_190_kylling					GCF_048163025.1-RS_2025_02_28	Complete Genome	2025-03-01		6	
ASM4610772v1	GCF_046107725.1	GCA_046107725.1	Escherichia coli	562		20KM2222					GCF_046107725.1-RS_2024_12_17	Complete Genome	2024-12-17		5	
ASM1102227v1	GCF_011022275.1	GCA_011022275.1	Escherichia coli	562		190693					GCF_011022275.1-RS_2025_07_03	Complete Genome	2020-02-26		1	
ASM3041904v1	GCF_030419045.1	GCA_030419045.1	Escherichia coli	562		CE0026f					GCF_030419045.1-RS_2025_07_22	Complete Genome	2023-07-11		3	
ASM2999041v1	GCF_029990415.1	GCA_029990415.1	Escherichia coli	562		AVS0578					GCF_029990415.1-RS_2025_06_13	Complete Genome	2023-05-12		11	
L3_E36_ETEC	GCF_904831825.1	GCA_904831825.1	Escherichia coli	562					L3_E36_ETEC		GCF_904831825.1-RS_2025_07_04	Complete Genome	2020-11-16		3	
NS30	GCF_040105125.1	GCA_040105125.1	Escherichia coli	562		ST-131					GCF_040105125.1-RS_2025_06_14	Complete Genome	2024-06-10		3	
30821_1#117	GCF_964052415.1	GCA_964052415.1	Escherichia coli	562					30821_1#117		GCF_964052415.1-RS_2025_05_30	Complete Genome	2024-05-20		4	
ASM3703944v1	GCF_037039445.1	GCA_037039445.1	Escherichia coli	562		L26					GCF_037039445.1-RS_2025_04_27	Complete Genome	2024-04-05		3	
ASM3071748v1	GCF_030717485.1	GCA_030717485.1	Escherichia coli	562		JCH767					GCF_030717485.1-RS_2025_08_22	Complete Genome	2023-08-12		1	
ASM5371121v1	GCF_053711215.1	GCA_053711215.1	Escherichia coli	562		2022E04-002					GCF_053711215.1-RS_2025_11_26	Complete Genome	2025-11-26	JBSJZM01	4	
ASM2953661v1	GCF_029536615.1	GCA_029536615.1	Escherichia coli	562		B1172					GCF_029536615.1-RS_2025_06_02	Complete Genome	2023-04-02		8	
B36	GCF_900622635.1	GCA_900622635.1	Escherichia coli	562		B36			B36		GCF_900622635.1-RS_2025_06_25	Complete Genome	2019-01-10		3	
ASM1337242v1	GCF_013372425.1	GCA_013372425.1	Escherichia coli	562		EcPF5					GCF_013372425.1-RS_2025_07_04	Complete Genome	2020-06-24		3	
ASM284468v1	GCF_002844685.1	GCA_002844685.1	Escherichia coli	562		ExPEC XM					GCF_002844685.1-RS_2025_06_22	Complete Genome	2017-12-19		2	
ASM5369891v1	GCF_053698915.1	GCA_053698915.1	Escherichia coli	562		20AR1039					GCF_053698915.1-RS_2025_11_26	Complete Genome	2025-11-25	JBRAWR01	5	
ASM190106v1	GCF_001901065.1	GCA_001901065.1	Escherichia coli	562		M6					GCF_001901065.1-RS_2025_06_19	Complete Genome	2016-12-12		5	
ASM1337172v1	GCF_013371725.1	GCA_013371725.1	Escherichia coli	562		AH25					GCF_013371725.1-RS_2025_07_03	Complete Genome	2020-06-24		3	
ASM1340285v1	GCF_013402855.1	GCA_013402855.1	Escherichia coli	562		EC2					GCF_013402855.1-RS_2025_09_05	Complete Genome	2020-07-12		3	
ASM3043843v1	GCF_030438435.1	GCA_030438435.1	Escherichia coli	562		STEC1590					GCF_030438435.1-RS_2025_07_22	Complete Genome	2023-07-11		3	
ASM190110v1	GCF_001901105.1	GCA_001901105.1	Escherichia coli	562		M9					GCF_001901105.1-RS_2025_06_19	Complete Genome	2016-12-12		4	
ASM1417067v1	GCF_014170675.1	GCA_014170675.1	Escherichia coli	562		64.1					GCF_014170675.1-RS_2025_07_03	Complete Genome	2020-08-12		5	
ASM5154615v1	GCF_051546155.1	GCA_051546155.1	Escherichia coli	562		A_5					GCF_051546155.1-RS_2025_07_28	Complete Genome	2025-07-29		6	
ASM1690381v1	GCF_016903815.1	GCA_016903815.1	Escherichia coli	562		FDAARGOS_1280					GCF_016903815.1-RS_2025_07_06	Complete Genome	2021-02-17		8	
ASM385669v1	GCF_003856695.1	GCA_003856695.1	Escherichia coli	562		4/1-1					GCF_003856695.1-RS_2025_06_26	Complete Genome	2018-12-03		5	
PRJEB14041	GCF_900092615.1	GCA_900092615.1	Escherichia coli	562					NCTC86EC		GCF_900092615.1-RS_2025_06_17	Complete Genome	2016-07-21		1	
ASM1680604v1	GCF_016806045.1	GCA_016806045.1	Escherichia coli	562		XH992					GCF_016806045.1-RS_2025_07_06	Complete Genome	2021-02-03		4	
ASM286388v1	GCF_002863885.1	GCA_002863885.1	Escherichia coli	562		SMN013SH2					GCF_002863885.1-RS_2025_06_21	Complete Genome	2018-01-05		3	
ASM1416917v1	GCF_014169175.1	GCA_014169175.1	Escherichia coli	562		WP4-S18-ESBL-09					GCF_014169175.1-RS_2025_07_03	Complete Genome	2020-07-21		7	
ASM128034v1	GCF_001280345.1	GCA_001280345.1	Escherichia coli	562		SF-468					GCF_001280345.1-RS_2025_06_15	Complete Genome	2015-09-09		6	
ASM3001302v1	GCF_030013025.1	GCA_030013025.1	Escherichia coli	562		ETEC6334					GCF_030013025.1-RS_2025_06_13	Complete Genome	2023-05-15		5	
ASM3001304v1	GCF_030013045.1	GCA_030013045.1	Escherichia coli	562		ETEC6333					GCF_030013045.1-RS_2025_06_13	Complete Genome	2023-05-15		4	
ASM3708197v1	GCF_037081975.1	GCA_037081975.1	Escherichia coli	562		A1.S1.65					GCF_037081975.1-RS_2025_04_28	Complete Genome	2024-04-05		3	
ASM4043678v1	GCF_040436785.1	GCA_040436785.1	Escherichia coli	562		10035004-3					GCF_040436785.1-RS_2024_07_02	Complete Genome	2024-07-02		3	
ASM3722558v1	GCF_037225585.1	GCA_037225585.1	Escherichia coli	562		GN05056					GCF_037225585.1-RS_2025_04_28	Complete Genome	2024-04-05		3	
ASM3003866v1	GCF_030038665.1	GCA_030038665.1	Escherichia coli	562		AVS0790					GCF_030038665.1-RS_2025_06_15	Complete Genome	2023-05-12		6	
ASM220217v1	GCF_002202175.1	GCA_002202175.1	Escherichia coli	562		AR_0055					GCF_002202175.1-RS_2025_06_19	Complete Genome	2017-06-20		4	
ASM4125463v1	GCF_041254635.1	GCA_041254635.1	Escherichia coli	562		ATCC BAA-2469					GCF_041254635.1-RS_2024_12_02	Complete Genome	2024-08-14		5	
ASM1690361v1	GCF_016903615.1	GCA_016903615.1	Escherichia coli	562		FDAARGOS_1304					GCF_016903615.1-RS_2025_07_06	Complete Genome	2021-02-17		2	
ASM1339457v1	GCF_013394575.1	GCA_013394575.1	Escherichia coli	562		K56-43-un					GCF_013394575.1-RS_2025_07_03	Complete Genome	2020-07-08		1	
ST38_2_FIN	GCF_963924195.1	GCA_963924195.1	Escherichia coli	562		HET6 MIAE 10510					GCF_963924195.1-RS_2025_04_30	Complete Genome	2024-04-09		1	
ASM1293478v1	GCF_012934785.1	GCA_012934785.1	Escherichia coli	562		SCU-484					GCF_012934785.1-RS_2025_07_03	Complete Genome	2020-04-30		5	
ASM5581439v1	GCF_055814395.1	GCA_055814395.1	Escherichia coli	562		1410D004					GCF_055814395.1-RS_2026_03_13	Complete Genome	2026-03-14		4	
ASM3722797v1	GCF_037227975.1	GCA_037227975.1	Escherichia coli	562		GN03449					GCF_037227975.1-RS_2025_04_28	Complete Genome	2024-04-05		3	
ASM3709461v1	GCF_037094615.1	GCA_037094615.1	Escherichia coli	562		MS 200-1					GCF_037094615.1-RS_2025_04_27	Complete Genome	2024-04-05		2	
ASM3628766v1	GCF_036287665.1	GCA_036287665.1	Escherichia coli	562		B20123					GCF_036287665.1-RS_2025_03_12	Complete Genome	2024-01-29		9	
ASM395624v1	GCF_003956245.1	GCA_003956245.1	Escherichia coli	562		214-4					GCF_003956245.1-RS_2025_06_26	Complete Genome	2018-12-19		2	
ASM4503747v1	GCF_045037475.1	GCA_045037475.1	Escherichia coli	562		98192					GCF_045037475.1-RS_2024_11_20	Complete Genome	2024-11-23		5	
ASM1339026v1	GCF_013390265.1	GCA_013390265.1	Escherichia coli	562		M1/5					GCF_013390265.1-RS_2025_07_04	Complete Genome	2020-07-06		3	
ASM2523247v1	GCF_025232475.1	GCA_025232475.1	Escherichia coli	562		806883-9-2019					GCF_025232475.1-RS_2024_12_26	Complete Genome	2022-09-16		6	
ASM4503781v1	GCF_045037815.1	GCA_045037815.1	Escherichia coli	562		98203					GCF_045037815.1-RS_2024_11_20	Complete Genome	2024-11-23		9	
ASM2457977v1	GCF_024579775.1	GCA_024579775.1	Escherichia coli	562		C31					GCF_024579775.1-RS_2025_09_07	Complete Genome	2022-08-06		4	
ASM2931897v1	GCF_029318975.1	GCA_029318975.1	Escherichia coli	562		E92					GCF_029318975.1-RS_2025_05_29	Complete Genome	2023-03-21		6	
ASM2931903v1	GCF_029319035.1	GCA_029319035.1	Escherichia coli	562		E94					GCF_029319035.1-RS_2025_05_28	Complete Genome	2023-03-21		6	
ASM2536967v1	GCF_025369675.1	GCA_025369675.1	Escherichia coli	562		E2					GCF_025369675.1-RS_2024_12_29	Complete Genome	2022-09-22		7	
ASM3628770v1	GCF_036287705.1	GCA_036287705.1	Escherichia coli	562		EC190329					GCF_036287705.1-RS_2025_03_12	Complete Genome	2024-01-29		4	
ASM90052034v1	GCF_900520345.1	GCA_900520345.1	Escherichia coli	562					Escherichia coli str. TO124		GCF_900520345.1-RS_2025_06_25	Complete Genome	2019-01-29		3	
ASM5545611v1	GCF_055456115.1	GCA_055456115.1	Escherichia coli	562		KK19-02					GCF_055456115.1-RS_2026_02_24	Complete Genome	2026-02-24	JBVDME01	2	
KK19-02_version2	GCF_965282895.1	GCA_965282895.1	Escherichia coli	562					KK19-02		GCF_965282895.1-RS_2026_02_26	Complete Genome	2026-02-26		2	
PRO_A-1474-6M-A_ESBL	GCF_054389035.1	GCA_054389035.1	Escherichia coli	562		PRO_A-1474-6M-A_ESBL					GCF_054389035.1-RS_2026_01_07	Complete Genome	2026-01-07	JBSTQR01	4	
ASM1640416v2	GCF_016404165.2	GCA_016404165.2	Escherichia coli	562		S19-651					GCF_016404165.2-RS_2025_08_03	Complete Genome	2021-06-28		12	
ASM5528325v1	GCF_055283255.1	GCA_055283255.1	Escherichia coli	562		E27					GCF_055283255.1-RS_2026_02_18	Complete Genome	2026-02-17	JBUZJO01	2	
ASM5490245v1	GCF_054902455.1	GCA_054902455.1	Escherichia coli	562		GPEC403-625					GCF_054902455.1-RS_2026_02_04	Complete Genome	2026-02-03	JBUBJQ01	2	
ASM5488875v1	GCF_054888755.1	GCA_054888755.1	Escherichia coli	562		UID2309220031					GCF_054888755.1-RS_2026_02_04	Complete Genome	2026-02-02	JBTZPK01	4	
ASM3143287v1	GCF_031432875.1	GCA_031432875.1	Escherichia coli	562		ES1					GCF_031432875.1-RS_2024_12_17	Complete Genome	2023-09-13		1	
1697008	GCF_964341145.1	GCA_964341145.1	Escherichia coli	562		ST38			1697008		GCF_964341145.1-RS_2025_03_15	Complete Genome	2025-03-15		1	
ASM5545631v1	GCF_055456315.1	GCA_055456315.1	Escherichia coli	562		CB6837					GCF_055456315.1-RS_2026_02_24	Complete Genome	2026-02-24	JBVDMO01	3	
CB6837_version2	GCF_965282935.1	GCA_965282935.1	Escherichia coli	562					CB6837		GCF_965282935.1-RS_2026_02_26	Complete Genome	2026-02-26		3	
F344	GCF_963575485.1	GCA_963575485.1	Escherichia coli	562					F344		GCF_963575485.1-RS_2025_01_15	Complete Genome	2023-10-28		3	
ASM5539159v1	GCF_055391595.1	GCA_055391595.1	Escherichia coli	562		NR1441					GCF_055391595.1-RS_2026_02_24	Complete Genome	2026-02-25		4	
ASM301780v1	GCF_003017805.1	GCA_003017805.1	Escherichia coli	562		2013C-4830					GCF_003017805.1-RS_2025_06_22	Complete Genome	2018-03-26		3	
ASM5448252v1	GCF_054482525.1	GCA_054482525.1	Escherichia coli	562		7CC					GCF_054482525.1-RS_2026_01_13	Complete Genome	2026-01-13	JBTHVG01	8	
ASM169363v1	GCF_001693635.1	GCA_001693635.1	Escherichia coli	562		O177:H21					GCF_001693635.1-RS_2025_03_23	Complete Genome	2016-07-26		6	
ASM231059v1	GCF_002310595.1	GCA_002310595.1	Escherichia coli	562		144					GCF_002310595.1-RS_2025_06_21	Complete Genome	2017-09-18		3	
ASM894949v1	GCF_008949495.1	GCA_008949495.1	Escherichia coli	562		XDL					GCF_008949495.1-RS_2025_05_04	Complete Genome	2019-10-09		6	
ASM1991554v1	GCF_019915545.1	GCA_019915545.1	Escherichia coli	562		SCAID WND2-2021 (3/145)					GCF_019915545.1-RS_2025_01_29	Complete Genome	2021-09-09		4	
ASM986701v2	GCF_009867015.2	GCA_009867015.2	Escherichia coli	562		CFS3292					GCF_009867015.2-RS_2025_07_03	Complete Genome	2020-05-26		4	
ASM335148v1	GCF_003351485.1	GCA_003351485.1	Escherichia coli	562		M16807					GCF_003351485.1-RS_2025_06_24	Complete Genome	2018-08-01		1	
ASM5489055v1	GCF_054890555.1	GCA_054890555.1	Escherichia coli	562		UID2404240038					GCF_054890555.1-RS_2026_02_04	Complete Genome	2026-02-02	JBTZOW01	6	
ASM5488853v1	GCF_054888535.1	GCA_054888535.1	Escherichia coli	562		UID2309220026					GCF_054888535.1-RS_2026_02_04	Complete Genome	2026-02-02	JBTZPJ01	5	
ASM1328235v1	GCF_013282355.1	GCA_013282355.1	Escherichia coli	562		NMBU-W10C18					GCF_013282355.1-RS_2025_07_03	Complete Genome	2020-06-05		5	
ASM1997379v1	GCF_019973795.1	GCA_019973795.1	Escherichia coli	562		FUJ80154					GCF_019973795.1-RS_2025_01_19	Complete Genome	2021-08-31		7	
ASM993143v1	GCF_009931435.1	GCA_009931435.1	Escherichia coli	562		EC42405					GCF_009931435.1-RS_2025_07_02	Complete Genome	2020-01-27		2	
ASM1342595v1	GCF_013425955.1	GCA_013425955.1	Escherichia coli	562		2D					GCF_013425955.1-RS_2025_07_04	Complete Genome	2020-07-20		6	
ASM3442179v1	GCF_034421795.1	GCA_034421795.1	Escherichia coli	562		Nord8					GCF_034421795.1-RS_2025_02_19	Complete Genome	2023-12-16		9	
ASM2458502v1	GCF_024585025.1	GCA_024585025.1	Escherichia coli	562		P393-F10					GCF_024585025.1-RS_2025_09_11	Complete Genome	2022-08-08		2	
ASM3003725v1	GCF_030037255.1	GCA_030037255.1	Escherichia coli	562		AVS0969					GCF_030037255.1-RS_2025_06_15	Complete Genome	2023-05-12		6	
ASM5334865v1	GCF_053348655.1	GCA_053348655.1	Escherichia coli	562		NE88					GCF_053348655.1-RS_2025_11_18	Complete Genome	2025-11-06	JBRUTH01	5	
ASM1613250v1	GCF_016132505.1	GCA_016132505.1	Escherichia coli	562		ZLWT					GCF_016132505.1-RS_2025_07_05	Complete Genome	2020-12-21		5	
ASM2450815v1	GCF_024508155.1	GCA_024508155.1	Escherichia coli	562		Seattle 1946					GCF_024508155.1-RS_2025_09_05	Complete Genome	2022-08-03		5	
ATCC_25922__202309	GCF_045288035.1	GCA_045288035.1	Escherichia coli	562		FDA strain Seattle 1946					GCF_045288035.1-RS_2024_11_26	Complete Genome	2024-11-26		5	
ASM2859622v1	GCF_028596225.1	GCA_028596225.1	Escherichia coli	562		ATCC 25922					GCF_028596225.1-RS_2025_04_25	Complete Genome	2023-02-12		5	
ASM4126029v1	GCF_041260295.1	GCA_041260295.1	Escherichia coli	562		ATCC 25922					GCF_041260295.1-RS_2024_12_02	Complete Genome	2024-08-14		3	
ASM1529072v1	GCF_015290725.1	GCA_015290725.1	Escherichia coli	562		25DN					GCF_015290725.1-RS_2025_07_04	Complete Genome	2020-11-09		3	
AI2938v1_cp	GCF_905332365.1	GCA_905332365.1	Escherichia coli	562					127		GCF_905332365.1-RS_2025_06_24	Complete Genome	2021-10-25		1	
ASM5538957v1	GCF_055389575.1	GCA_055389575.1	Escherichia coli	562		LTC101					GCF_055389575.1-RS_2026_02_24	Complete Genome	2026-02-25		1	
ASM4284779v1	GCF_042847795.1	GCA_042847795.1	Escherichia coli	562		E. coli JCM:5491					GCF_042847795.1-RS_2024_10_11	Complete Genome	2024-10-13		1	
ASM2491881v1	GCF_024918815.1	GCA_024918815.1	Escherichia coli	562		1579					GCF_024918815.1-RS_2024_12_18	Complete Genome	2022-09-04		4	
ASM1964597v1	GCF_019645975.1	GCA_019645975.1	Escherichia coli	562		25POL					GCF_019645975.1-RS_2024_12_18	Complete Genome	2021-08-17		5	
ASM2155981v1	GCF_021559815.1	GCA_021559815.1	Escherichia coli	562		83972					GCF_021559815.1-RS_2025_02_16	Complete Genome	2022-01-24		2	
ASM285910v1	GCF_002859105.1	GCA_002859105.1	Escherichia coli	562		BH100 substr. MG2017					GCF_002859105.1-RS_2025_06_21	Complete Genome	2018-01-04		3	
ASM5185894v1	GCF_051858945.1	GCA_051858945.1	Escherichia coli	562		99RCEF					GCF_051858945.1-RS_2025_08_07	Complete Genome	2025-08-08		5	
ASM1416875v1	GCF_014168755.1	GCA_014168755.1	Escherichia coli	562		WP2-S18-ESBL-08					GCF_014168755.1-RS_2025_07_03	Complete Genome	2020-07-21		4	
ASM190039v1	GCF_001900395.1	GCA_001900395.1	Escherichia coli	562		D8					GCF_001900395.1-RS_2025_06_19	Complete Genome	2016-12-12		1	
ASM2249466v1	GCF_022494665.1	GCA_022494665.1	Escherichia coli	562		KKa019					GCF_022494665.1-RS_2025_05_30	Complete Genome	2022-03-07		1	
ASM1337238v1	GCF_013372385.1	GCA_013372385.1	Escherichia coli	562		EcPF14					GCF_013372385.1-RS_2025_07_03	Complete Genome	2020-06-24		2	
ASM2650633v1	GCF_026506335.1	GCA_026506335.1	Escherichia coli	562		MS1718					GCF_026506335.1-RS_2025_02_26	Complete Genome	2022-11-29		3	
ASM2249343v1	GCF_022493435.1	GCA_022493435.1	Escherichia coli	562		A24					GCF_022493435.1-RS_2025_05_03	Complete Genome	2022-03-07		1	
ASM385665v1	GCF_003856655.1	GCA_003856655.1	Escherichia coli	562		4/4					GCF_003856655.1-RS_2025_06_25	Complete Genome	2018-12-03		8	
ASM3003851v1	GCF_030038515.1	GCA_030038515.1	Escherichia coli	562		AVS0196					GCF_030038515.1-RS_2025_06_15	Complete Genome	2023-05-12		6	
ASM151363v1	GCF_001513635.1	GCA_001513635.1	Escherichia coli	562		JJ2434					GCF_001513635.1-RS_2025_03_23	Complete Genome	2016-01-12		3	
ASM5490271v1	GCF_054902715.1	GCA_054902715.1	Escherichia coli	562		GPEC1258					GCF_054902715.1-RS_2026_02_04	Complete Genome	2026-02-03	JBUBJD01	4	
ASM5538916v1	GCF_055389165.1	GCA_055389165.1	Escherichia coli	562		LTC201					GCF_055389165.1-RS_2026_02_24	Complete Genome	2026-02-25		1	
ASM3070791v1	GCF_030707915.1	GCA_030707915.1	Escherichia coli	562		R10					GCF_030707915.1-RS_2025_08_21	Complete Genome	2023-08-10		2	
ASM3003669v1	GCF_030036695.1	GCA_030036695.1	Escherichia coli	562		AVS0501					GCF_030036695.1-RS_2025_06_15	Complete Genome	2023-05-12		2	
ASM1328233v1	GCF_013282335.1	GCA_013282335.1	Escherichia coli	562		NMBU-W13E19					GCF_013282335.1-RS_2025_07_03	Complete Genome	2020-06-05		8	
ASM3070831v1	GCF_030708315.1	GCA_030708315.1	Escherichia coli	562		S3					GCF_030708315.1-RS_2025_08_21	Complete Genome	2023-08-10		1	
ASM2249482v1	GCF_022494825.1	GCA_022494825.1	Escherichia coli	562		KGu016					GCF_022494825.1-RS_2025_05_30	Complete Genome	2022-03-07		8	
ASM5310281v1	GCF_053102815.1	GCA_053102815.1	Escherichia coli	562		SW070912					GCF_053102815.1-RS_2025_11_18	Complete Genome	2025-10-16	JBRNHM01	4	
ASM783325v1	GCF_007833255.1	GCA_007833255.1	Escherichia coli	562		PU-1					GCF_007833255.1-RS_2025_06_28	Complete Genome	2019-08-05		2	
ASM4134490v1	GCF_041344905.1	GCA_041344905.1	Escherichia coli	562		CRE287					GCF_041344905.1-RS_2024_08_20	Complete Genome	2024-08-21		4	
ASM4567414v1	GCF_045674145.1	GCA_045674145.1	Escherichia coli	562		STE15					GCF_045674145.1-RS_2024_12_05	Complete Genome	2024-12-06		7	
ASM3709462v1	GCF_037094625.1	GCA_037094625.1	Escherichia coli	562		MS 196-1					GCF_037094625.1-RS_2025_04_27	Complete Genome	2024-04-05		6	
ASM278793v1	GCF_002787935.1	GCA_002787935.1	Escherichia coli	562		CREC-591					GCF_002787935.1-RS_2025_06_22	Complete Genome	2017-11-20		5	
MG32v1	GCF_053850515.1	GCA_053850515.1	Escherichia coli	562		ESBLEC_MG32					GCF_053850515.1-RS_2025_12_08	Complete Genome	2025-12-07	JBSQBR01	2	
ASM3099642v1	GCF_030996425.1	GCA_030996425.1	Escherichia coli	562		CUVET21-H2					GCF_030996425.1-RS_2025_09_14	Complete Genome	2023-08-30		8	
ASM90052039v1	GCF_900520395.1	GCA_900520395.1	Escherichia coli	562					Escherichia coli str. TO148		GCF_900520395.1-RS_2025_06_26	Complete Genome	2019-01-29		2	
ASM3649592v1	GCF_036495925.1	GCA_036495925.1	Escherichia coli	562		LR-31					GCF_036495925.1-RS_2025_04_27	Complete Genome	2023-11-03		3	
ASM986694v3	GCF_009866945.2	GCA_009866945.3	Escherichia coli	562		CFS3273					GCF_009866945.2-RS_2025_07_03	Complete Genome	2020-06-08		4	
ASM2539837v1	GCF_025398375.1	GCA_025398375.1	Escherichia coli	562		2021CK-00607					GCF_025398375.1-RS_2024_12_30	Complete Genome	2022-09-25		12	
ASM3001264v1	GCF_030012645.1	GCA_030012645.1	Escherichia coli	562		ETEC1717					GCF_030012645.1-RS_2025_06_13	Complete Genome	2023-05-15		4	
ASM4503774v1	GCF_045037745.1	GCA_045037745.1	Escherichia coli	562		98200					GCF_045037745.1-RS_2024_11_20	Complete Genome	2024-11-23		4	
ASM3001262v1	GCF_030012625.1	GCA_030012625.1	Escherichia coli	562		ETEC1718					GCF_030012625.1-RS_2025_06_13	Complete Genome	2023-05-15		4	
ASM1690411v1	GCF_016904115.1	GCA_016904115.1	Escherichia coli	562		FDAARGOS_1290					GCF_016904115.1-RS_2025_07_04	Complete Genome	2021-02-17		9	
ASM4120029v1	GCF_041200295.1	GCA_041200295.1	Escherichia coli	562		PEC1013					GCF_041200295.1-RS_2024_08_12	Complete Genome	2024-08-13		5	
MINF_9A	GCF_904863255.1	GCA_904863255.1	Escherichia coli	562		MINF_9A			MINF_9A		GCF_904863255.1-RS_2025_07_12	Complete Genome	2020-11-01		9	
ASM5288510v1	GCF_052885105.1	GCA_052885105.1	Escherichia coli	562		VTB96815v					GCF_052885105.1-RS_2025_09_28	Complete Genome	2025-09-30		6	
ASM1308590v3	GCF_013085905.2	GCA_013085905.3	Escherichia coli	562		SCU-204					GCF_013085905.2-RS_2025_07_04	Complete Genome	2020-06-17		6	
ASM1416991v1	GCF_014169915.1	GCA_014169915.1	Escherichia coli	562		BEC1-S17-ESBL-09					GCF_014169915.1-RS_2025_07_05	Complete Genome	2020-07-21		4	
ASM2302292v1	GCF_023022925.1	GCA_023022925.1	Escherichia coli	562		LS45					GCF_023022925.1-RS_2025_06_11	Complete Genome	2022-04-18		6	
ASM5566139v1	GCF_055661395.1	GCA_055661395.1	Escherichia coli	562		JNEC-KY177					GCF_055661395.1-RS_2026_03_04	Complete Genome	2026-03-06		1	
ASM3070785v1	GCF_030707855.1	GCA_030707855.1	Escherichia coli	562		R13					GCF_030707855.1-RS_2025_08_21	Complete Genome	2023-08-10		2	
ASM3001300v1	GCF_030013005.1	GCA_030013005.1	Escherichia coli	562		ETEC6335					GCF_030013005.1-RS_2025_06_13	Complete Genome	2023-05-15		12	
VTB96933v	GCF_048572705.1	GCA_048572705.1	Escherichia coli	562		VTB96933v					GCF_048572705.1-RS_2025_05_05	Complete Genome	2025-03-16		3	
ASM5537853v1	GCF_055378535.1	GCA_055378535.1	Escherichia coli	562		AST216					GCF_055378535.1-RS_2026_02_24	Complete Genome	2026-02-25		5	
ASM3070789v1	GCF_030707895.1	GCA_030707895.1	Escherichia coli	562		R11					GCF_030707895.1-RS_2025_08_21	Complete Genome	2023-08-10		7	
ASM3038929v1	GCF_030389295.1	GCA_030389295.1	Escherichia coli	562		TUM13773					GCF_030389295.1-RS_2025_07_19	Complete Genome	2023-07-03		4	
ASM2999116v1	GCF_029991165.1	GCA_029991165.1	Escherichia coli	562		AVS0786					GCF_029991165.1-RS_2025_06_12	Complete Genome	2023-05-12		3	
ASM357178v1	GCF_003571785.1	GCA_003571785.1	Escherichia coli	562		AR_0067					GCF_003571785.1-RS_2025_06_26	Complete Genome	2018-09-17		5	
ASM3099678v1	GCF_030996785.1	GCA_030996785.1	Escherichia coli	562		CUVET20-PYO2					GCF_030996785.1-RS_2025_09_19	Complete Genome	2023-08-30		4	
ASM3099640v1	GCF_030996405.1	GCA_030996405.1	Escherichia coli	562		CUVET21-1780					GCF_030996405.1-RS_2025_09_14	Complete Genome	2023-08-30		1	
ASM2235392v1	GCF_022353925.1	GCA_022353925.1	Escherichia coli	562		SWHEFF_68					GCF_022353925.1-RS_2025_05_17	Complete Genome	2022-02-22		2	
ASM3708199v1	GCF_037081995.1	GCA_037081995.1	Escherichia coli	562		B1.H1.39					GCF_037081995.1-RS_2025_04_27	Complete Genome	2024-04-05		2	
ASM5539674v1	GCF_055396745.1	GCA_055396745.1	Escherichia coli	562		KA0011					GCF_055396745.1-RS_2026_02_24	Complete Genome	2026-02-25		4	
ASM5538837v1	GCF_055388375.1	GCA_055388375.1	Escherichia coli	562		OkiPb01688					GCF_055388375.1-RS_2026_02_24	Complete Genome	2026-02-25		5	
ASM3070797v1	GCF_030707975.1	GCA_030707975.1	Escherichia coli	562		R7					GCF_030707975.1-RS_2025_08_21	Complete Genome	2023-08-10		4	
ASM3070833v1	GCF_030708335.1	GCA_030708335.1	Escherichia coli	562		S2					GCF_030708335.1-RS_2025_08_21	Complete Genome	2023-08-10		4	
ASM395632v1	GCF_003956325.1	GCA_003956325.1	Escherichia coli	562		103605					GCF_003956325.1-RS_2025_03_25	Complete Genome	2018-12-19		3	
ASM2536981v1	GCF_025369815.1	GCA_025369815.1	Escherichia coli	562		E9					GCF_025369815.1-RS_2024_12_30	Complete Genome	2022-09-22		3	
ASM3670462v1	GCF_036704625.1	GCA_036704625.1	Escherichia coli	562		REF1					GCF_036704625.1-RS_2025_04_28	Complete Genome	2024-04-05		7	
ASM2249327v1	GCF_022493275.1	GCA_022493275.1	Escherichia coli	562		A33					GCF_022493275.1-RS_2025_03_23	Complete Genome	2022-03-07		1	
ASM4619899v1	GCF_046198995.1	GCA_046198995.1	Escherichia coli	562		razor3					GCF_046198995.1-RS_2024_12_19	Complete Genome	2024-12-19		12	
ASM3003552v1	GCF_030035525.1	GCA_030035525.1	Escherichia coli	562		85.0412					GCF_030035525.1-RS_2025_06_15	Complete Genome	2023-05-18		3	
ASM1454104v1	GCF_014541045.1	GCA_014541045.1	Escherichia coli	562		DA61218					GCF_014541045.1-RS_2025_07_04	Complete Genome	2020-09-15		2	
ASM235789v1	GCF_002357895.1	GCA_002357895.1	Escherichia coli	562		MRY15-117					GCF_002357895.1-RS_2025_05_23	Complete Genome	2017-04-06		3	
ASM2491765v1	GCF_024917655.1	GCA_024917655.1	Escherichia coli	562		5283					GCF_024917655.1-RS_2024_12_18	Complete Genome	2022-09-04		6	
ASM3166309v1	GCF_031663095.1	GCA_031663095.1	Escherichia coli	562		TUM12368					GCF_031663095.1-RS_2024_12_18	Complete Genome	2023-09-19		4	
ASM167514v1	GCF_001675145.1	GCA_001675145.1	Escherichia coli	562		ECONIH2					GCF_001675145.1-RS_2025_06_20	Complete Genome	2016-06-22		3	
Combinated assembly ONT - Illumina	GCF_902703415.1	GCA_902703415.1	Escherichia coli	562		BEN5202			laying hen 51 weeks old		GCF_902703415.1-RS_2025_07_02	Complete Genome	2020-01-11		3	
ASM3728675v1	GCF_037286755.1	GCA_037286755.1	Escherichia coli	562		GN04133					GCF_037286755.1-RS_2025_04_28	Complete Genome	2024-04-05		2	
ASM290030v1	GCF_002900305.1	GCA_002900305.1	Escherichia coli	562		BH100N substr. MG2017					GCF_002900305.1-RS_2025_06_21	Complete Genome	2018-01-26		1	
ASM3728744v1	GCF_037287445.1	GCA_037287445.1	Escherichia coli	562		GN04204					GCF_037287445.1-RS_2025_04_28	Complete Genome	2024-04-05		2	
ASM3728743v1	GCF_037287435.1	GCA_037287435.1	Escherichia coli	562		GN04096					GCF_037287435.1-RS_2025_04_28	Complete Genome	2024-04-05		2	
ASM3051537v1	GCF_030515375.1	GCA_030515375.1	Escherichia coli	562		MS20659					GCF_030515375.1-RS_2025_08_02	Complete Genome	2023-07-21		2	
ASM395648v1	GCF_003956485.1	GCA_003956485.1	Escherichia coli	562		120899					GCF_003956485.1-RS_2025_03_25	Complete Genome	2018-12-19		4	
ASM5160561v1	GCF_051605615.1	GCA_051605615.1	Escherichia coli	562		24AR0070					GCF_051605615.1-RS_2025_07_31	Complete Genome	2025-08-01		7	
ASM2491801v1	GCF_024918015.1	GCA_024918015.1	Escherichia coli	562		2779 - blood draw same patient as MB9267					GCF_024918015.1-RS_2024_12_18	Complete Genome	2022-09-04		8	
ASM1690359v1	GCF_016903595.1	GCA_016903595.1	Escherichia coli	562		FDAARGOS_1279					GCF_016903595.1-RS_2025_07_06	Complete Genome	2021-02-17		4	
ASM3070849v2	GCF_030708495.2	GCA_030708495.2	Escherichia coli	562		DP033					GCF_030708495.2-RS_2025_02_19	Complete Genome	2023-10-27		2	
VREC0864_Chromosome	GCF_900747785.1	GCA_900747785.1	Escherichia coli	562					f9610206-5e81-11e8-bf7f-3c4a9275d6c8		GCF_900747785.1-RS_2025_06_25	Complete Genome	2019-03-17		1	
ASM4021552v1	GCF_040215525.1	GCA_040215525.1	Escherichia coli	562		B1					GCF_040215525.1-RS_2025_06_27	Complete Genome	2024-06-20		3	
ASM3237524v1	GCF_032375245.1	GCA_032375245.1	Escherichia coli	562		TUM9975					GCF_032375245.1-RS_2024_12_30	Complete Genome	2023-10-05		7	
ASM2122897v1	GCF_021228975.1	GCA_021228975.1	Escherichia coli	562		5-1					GCF_021228975.1-RS_2025_03_19	Complete Genome	2021-12-19		3	
ASM205560v1	GCF_002055605.1	GCA_002055605.1	Escherichia coli	562		13E0725					GCF_002055605.1-RS_2025_06_20	Complete Genome	2017-03-21		1	
ASM3237516v1	GCF_032375165.1	GCA_032375165.1	Escherichia coli	562		TUM1586					GCF_032375165.1-RS_2024_12_29	Complete Genome	2023-10-05		7	
ASM1942852v1	GCF_019428525.1	GCA_019428525.1	Escherichia coli	562		Dog168					GCF_019428525.1-RS_2025_09_16	Complete Genome	2021-07-31		1	
ASM190073v1	GCF_001900735.1	GCA_001900735.1	Escherichia coli	562		D10					GCF_001900735.1-RS_2025_06_17	Complete Genome	2016-12-12		3	
ASM1688932v1	GCF_016889325.1	GCA_016889325.1	Escherichia coli	562		FDAARGOS_1258					GCF_016889325.1-RS_2025_07_06	Complete Genome	2021-02-15		2	
ASM200770v1	GCF_002007705.1	GCA_002007705.1	Escherichia coli	562		NCTC86					GCF_002007705.1-RS_2025_04_30	Complete Genome	2017-02-28		1	
ASM5539480v1	GCF_055394805.1	GCA_055394805.1	Escherichia coli	562		HCM-28C-2					GCF_055394805.1-RS_2026_02_24	Complete Genome	2026-02-25		3	
ASM4027232v2	GCF_040272325.2	GCA_040272325.2	Escherichia coli	562		PS1Phumofeces1					GCF_040272325.2-RS_2025_02_26	Complete Genome	2025-03-01		2	
ASM2211763v1	GCF_022117635.1	GCA_022117635.1	Escherichia coli	562		RM10740					GCF_022117635.1-RS_2025_02_19	Complete Genome	2022-02-09		4	
ASM2874333v1	GCF_028743335.1	GCA_028743335.1	Escherichia coli	562		B-2207					GCF_028743335.1-RS_2025_04_26	Complete Genome	2023-02-20		2	
ASM1888434v1	GCF_018884345.1	GCA_018884345.1	Escherichia coli	562		025542-1					GCF_018884345.1-RS_2025_07_22	Complete Genome	2021-06-15		4	
ASM2458464v1	GCF_024584645.1	GCA_024584645.1	Escherichia coli	562		YL3					GCF_024584645.1-RS_2025_09_10	Complete Genome	2022-08-08		2	
ASM5495461v1	GCF_054954615.1	GCA_054954615.1	Escherichia coli	562		UID2404240036					GCF_054954615.1-RS_2026_02_11	Complete Genome	2026-02-10	JBTZPI01	3	
ASM5156229v1	GCF_051562295.1	GCA_051562295.1	Escherichia coli	562		AH20J067					GCF_051562295.1-RS_2025_07_30	Complete Genome	2025-07-31		1	
ASM5177628v1	GCF_051776285.1	GCA_051776285.1	Escherichia coli	562		S3					GCF_051776285.1-RS_2025_08_04	Complete Genome	2025-08-05		5	
ASM2847330v1	GCF_028473305.1	GCA_028473305.1	Escherichia coli	562		YL03					GCF_028473305.1-RS_2025_03_26	Complete Genome	2023-02-06		5	
ASM5490303v1	GCF_054903035.1	GCA_054903035.1	Escherichia coli	562		GPEC996					GCF_054903035.1-RS_2026_02_04	Complete Genome	2026-02-04	JBUBIN01	2	
ASM3143279v1	GCF_031432795.1	GCA_031432795.1	Escherichia coli	562		ES5					GCF_031432795.1-RS_2024_12_17	Complete Genome	2023-09-13		6	
ASM4073563v1	GCF_040735635.1	GCA_040735635.1	Escherichia coli	562		EC958					GCF_040735635.1-RS_2024_07_17	Complete Genome	2024-07-17		3	
ASM2249319v1	GCF_022493195.1	GCA_022493195.1	Escherichia coli	562		A36					GCF_022493195.1-RS_2025_05_30	Complete Genome	2022-03-07		1	
ASM1690423v1	GCF_016904235.1	GCA_016904235.1	Escherichia coli	562		FDAARGOS_1287					GCF_016904235.1-RS_2025_07_04	Complete Genome	2021-02-17		6	
ASM3728745v1	GCF_037287455.1	GCA_037287455.1	Escherichia coli	562		GN04530					GCF_037287455.1-RS_2025_04_28	Complete Genome	2024-04-05		2	
ASM1417061v1	GCF_014170615.1	GCA_014170615.1	Escherichia coli	562		181.1					GCF_014170615.1-RS_2025_07_04	Complete Genome	2020-08-12		6	
ASM5538115v1	GCF_055381155.1	GCA_055381155.1	Escherichia coli	562		AST20					GCF_055381155.1-RS_2026_02_24	Complete Genome	2026-02-25		4	
ASM5323817v1	GCF_053238175.1	GCA_053238175.1	Escherichia coli	562		CREC-36					GCF_053238175.1-RS_2025_11_18	Complete Genome	2025-11-20		1	
ASM5122559v1	GCF_051225595.1	GCA_051225595.1	Escherichia coli	562		CRKP-1					GCF_051225595.1-RS_2025_07_07	Complete Genome	2025-07-08		9	
ASM278811v1	GCF_002788115.1	GCA_002788115.1	Escherichia coli	562		AR_0015					GCF_002788115.1-RS_2025_06_22	Complete Genome	2017-11-20		4	
ASM5323818v1	GCF_053238185.1	GCA_053238185.1	Escherichia coli	562		CREC-U1					GCF_053238185.1-RS_2025_11_18	Complete Genome	2025-11-20		1	
ASM5323819v1	GCF_053238195.1	GCA_053238195.1	Escherichia coli	562		CREC-U3					GCF_053238195.1-RS_2025_11_18	Complete Genome	2025-11-20		1	
ASM4076313v1	GCF_040763135.1	GCA_040763135.1	Escherichia coli	562		TC_EC10					GCF_040763135.1-RS_2024_07_19	Complete Genome	2024-07-19		6	
ASM4529026v1	GCF_045290265.1	GCA_045290265.1	Escherichia coli	562		B20105					GCF_045290265.1-RS_2024_11_26	Complete Genome	2024-11-26		5	
ASM5292287v1	GCF_052922875.1	GCA_052922875.1	Escherichia coli	562		EC65					GCF_052922875.1-RS_2025_11_17	Complete Genome	2025-09-30	JBRETU01	5	
ASM357166v1	GCF_003571665.1	GCA_003571665.1	Escherichia coli	562		AR_0086					GCF_003571665.1-RS_2025_06_26	Complete Genome	2018-09-16		3	
ASM2255904v1	GCF_022559045.1	GCA_022559045.1	Escherichia coli	562		WCHEC040047					GCF_022559045.1-RS_2025_06_02	Complete Genome	2022-03-14		5	
ASM4503767v1	GCF_045037675.1	GCA_045037675.1	Escherichia coli	562		98210					GCF_045037675.1-RS_2024_11_20	Complete Genome	2024-11-23		3	
ASM2696765v1	GCF_026967655.1	GCA_026967655.1	Escherichia coli	562		NJS001					GCF_026967655.1-RS_2025_03_13	Complete Genome	2022-12-18		4	
ASM146981v1	GCF_001469815.1	GCA_001469815.1	Escherichia coli	562		uk_P46212					GCF_001469815.1-RS_2025_03_23	Complete Genome	2015-12-18		2	
ASM2249311v1	GCF_022493115.1	GCA_022493115.1	Escherichia coli	562		A41					GCF_022493115.1-RS_2025_05_30	Complete Genome	2022-03-07		1	
ST38_1_FIN	GCF_963924185.1	GCA_963924185.1	Escherichia coli	562		JEB8 MIAE 10523					GCF_963924185.1-RS_2025_04_30	Complete Genome	2024-04-09		2	
ASM5528277v1	GCF_055282775.1	GCA_055282775.1	Escherichia coli	562		E13					GCF_055282775.1-RS_2026_02_18	Complete Genome	2026-02-17	JBUZKB01	3	
ASM1690445v1	GCF_016904455.1	GCA_016904455.1	Escherichia coli	562		FDAARGOS_1298					GCF_016904455.1-RS_2025_07_05	Complete Genome	2021-02-17		9	
ASM395616v1	GCF_003956165.1	GCA_003956165.1	Escherichia coli	562		504838					GCF_003956165.1-RS_2025_06_25	Complete Genome	2018-12-19		3	
ASM4858558v1	GCF_048585585.1	GCA_048585585.1	Escherichia coli	562		AZ148					GCF_048585585.1-RS_2025_03_17	Complete Genome	2025-03-17		6	
ASM2153494v1	GCF_021534945.1	GCA_021534945.1	Escherichia coli	562		STEC346					GCF_021534945.1-RS_2025_02_11	Complete Genome	2022-01-20		4	
ASM2953667v1	GCF_029536675.1	GCA_029536675.1	Escherichia coli	562		B771					GCF_029536675.1-RS_2025_06_02	Complete Genome	2023-04-02		6	
ASM190116v1	GCF_001901165.1	GCA_001901165.1	Escherichia coli	562		M15					GCF_001901165.1-RS_2025_02_21	Complete Genome	2016-12-12		6	
ASM290310v1	GCF_002903105.1	GCA_002903105.1	Escherichia coli	562		ECONIH5					GCF_002903105.1-RS_2025_03_10	Complete Genome	2018-01-29		8	
ASM3839629v1	GCF_038396295.1	GCA_038396295.1	Escherichia coli	562		JSWP006					GCF_038396295.1-RS_2025_05_01	Complete Genome	2024-04-22		3	
ASM190118v1	GCF_001901185.1	GCA_001901185.1	Escherichia coli	562		M18					GCF_001901185.1-RS_2025_06_19	Complete Genome	2016-12-12		2	
39282_E01-4	GCF_900699165.1	GCA_900699165.1	Escherichia coli	562		NCTC86					GCF_900699165.1-RS_2025_06_26	Complete Genome	2019-03-01		1	
ASM4567321v1	GCF_045673215.1	GCA_045673215.1	Escherichia coli	562		FY10					GCF_045673215.1-RS_2024_12_05	Complete Genome	2024-12-06		4	
ASM190121v1	GCF_001901215.1	GCA_001901215.1	Escherichia coli	562		M19					GCF_001901215.1-RS_2025_06_16	Complete Genome	2016-12-12		5	
ASM5490305v1	GCF_054903055.1	GCA_054903055.1	Escherichia coli	562		GPEC874					GCF_054903055.1-RS_2026_02_04	Complete Genome	2026-02-04	JBUBIM01	2	
ASM5448259v1	GCF_054482595.1	GCA_054482595.1	Escherichia coli	562		3CM					GCF_054482595.1-RS_2026_01_13	Complete Genome	2026-01-13	JBTHVH01	6	
ASM5417736v1	GCF_054177365.1	GCA_054177365.1	Escherichia coli	562		43905					GCF_054177365.1-RS_2025_12_25	Complete Genome	2025-12-24	JBQIAW01	5	
ASM3099524v1	GCF_030995245.1	GCA_030995245.1	Escherichia coli	562		CUVET16-394					GCF_030995245.1-RS_2025_09_19	Complete Genome	2023-08-30		3	
ASM4857267v1	GCF_048572675.1	GCA_048572675.1	Escherichia coli	562		AREA_486					GCF_048572675.1-RS_2025_03_16	Complete Genome	2025-03-16		3	
AI2858v1_cpp	GCF_905330275.2	GCA_905330275.2	Escherichia coli	562					648		GCF_905330275.2-RS_2025_06_26	Complete Genome	2022-05-24		9	
ASM5417742v1	GCF_054177425.1	GCA_054177425.1	Escherichia coli	562		47538					GCF_054177425.1-RS_2025_12_25	Complete Genome	2025-12-24	JBRYHV01	5	
ASM3708187v1	GCF_037081875.1	GCA_037081875.1	Escherichia coli	562		B1.H1.1					GCF_037081875.1-RS_2025_04_28	Complete Genome	2024-04-05		8	
ASM2491837v1	GCF_024918375.1	GCA_024918375.1	Escherichia coli	562		3150					GCF_024918375.1-RS_2024_12_18	Complete Genome	2022-09-04		7	
ASM3070793v1	GCF_030707935.1	GCA_030707935.1	Escherichia coli	562		R9					GCF_030707935.1-RS_2025_08_21	Complete Genome	2023-08-10		8	
ASM3688464v1	GCF_036884645.1	GCA_036884645.1	Escherichia coli	562		S1-KEN-04-A					GCF_036884645.1-RS_2025_04_27	Complete Genome	2024-04-05		4	
ASM3688475v1	GCF_036884755.1	GCA_036884755.1	Escherichia coli	562		S1-KEN-03-A					GCF_036884755.1-RS_2025_04_27	Complete Genome	2024-04-05		4	
MS14385	GCF_900622655.1	GCA_900622655.1	Escherichia coli	562		MS14385			MS14385		GCF_900622655.1-RS_2024_06_18	Complete Genome	2019-01-10		7	
ASM5404754v1	GCF_054047545.1	GCA_054047545.1	Escherichia coli	562		405					GCF_054047545.1-RS_2025_12_18	Complete Genome	2025-12-17	JBSWAL01	6	
ASM3708189v1	GCF_037081895.1	GCA_037081895.1	Escherichia coli	562		B1.H1.18					GCF_037081895.1-RS_2025_04_27	Complete Genome	2024-04-05		8	
ASM5566152v1	GCF_055661525.1	GCA_055661525.1	Escherichia coli	562		JNEC-KY180					GCF_055661525.1-RS_2026_03_04	Complete Genome	2026-03-06		1	
ASM201216v1	GCF_002012165.1	GCA_002012165.1	Escherichia coli	562		Ecol_AZ162					GCF_002012165.1-RS_2025_06_21	Complete Genome	2017-03-03		3	
ASM2996240v1	GCF_029962405.1	GCA_029962405.1	Escherichia coli	562		FP4					GCF_029962405.1-RS_2025_06_12	Complete Genome	2023-05-10		1	
XFN9FR_4	GCF_049561825.1	GCA_049561825.1	Escherichia coli	562		DLL7555					GCF_049561825.1-RS_2025_05_11	Complete Genome	2025-04-15		1	
ASM1897222v1	GCF_018972225.1	GCA_018972225.1	Escherichia coli	562		S21EC					GCF_018972225.1-RS_2025_07_24	Complete Genome	2021-06-21		4	
ASM216464v3	GCF_002164645.3	GCA_002164645.3	Escherichia coli	562		WCHEC4533					GCF_002164645.3-RS_2025_06_28	Complete Genome	2019-08-26		5	
ASM2996244v1	GCF_029962445.1	GCA_029962445.1	Escherichia coli	562		P4					GCF_029962445.1-RS_2025_06_12	Complete Genome	2023-05-10		1	
ASM1877158v1	GCF_018771585.1	GCA_018771585.1	Escherichia coli	562		Survcare321					GCF_018771585.1-RS_2025_07_13	Complete Genome	2021-06-08		4	
ASM995124v1	GCF_009951245.1	GCA_009951245.1	Escherichia coli	562		STEC313					GCF_009951245.1-RS_2025_05_03	Complete Genome	2020-01-29		2	
ASM863259v1	GCF_008632595.1	GCA_008632595.1	Escherichia coli	562		ST95-32					GCF_008632595.1-RS_2025_06_27	Complete Genome	2019-09-23		3	
ASM385667v1	GCF_003856675.1	GCA_003856675.1	Escherichia coli	562		7/2					GCF_003856675.1-RS_2025_06_26	Complete Genome	2018-12-03		6	
ASM5538260v1	GCF_055382605.1	GCA_055382605.1	Escherichia coli	562		BroCaecum-55					GCF_055382605.1-RS_2026_02_24	Complete Genome	2026-02-25		5	
ASM5404750v1	GCF_054047505.1	GCA_054047505.1	Escherichia coli	562		405					GCF_054047505.1-RS_2025_12_18	Complete Genome	2025-12-17	JBSWAK01	5	
ASM2953719v1	GCF_029537195.1	GCA_029537195.1	Escherichia coli	562		USVAST219					GCF_029537195.1-RS_2025_06_02	Complete Genome	2023-04-02		2	
ASM2953669v1	GCF_029536695.1	GCA_029536695.1	Escherichia coli	562		A0 34/86					GCF_029536695.1-RS_2025_06_02	Complete Genome	2023-04-02		1	
ASM2987063v2	GCF_029870635.2	GCA_029870635.2	Escherichia coli	562		muskdeer13-4					GCF_029870635.2-RS_2025_03_12	Complete Genome	2024-02-01		2	
ASM2999060v1	GCF_029990605.1	GCA_029990605.1	Escherichia coli	562		AVS0967					GCF_029990605.1-RS_2025_01_08	Complete Genome	2023-05-12		2	
ASM3041374v1	GCF_030413745.1	GCA_030413745.1	Escherichia coli	562		STEC1589					GCF_030413745.1-RS_2025_07_21	Complete Genome	2023-07-10		2	
ASM3709450v1	GCF_037094505.1	GCA_037094505.1	Escherichia coli	562		MS 119-7					GCF_037094505.1-RS_2025_04_28	Complete Genome	2024-04-05		1	
ASM3001338v1	GCF_030013385.1	GCA_030013385.1	Escherichia coli	562		ETEC4067					GCF_030013385.1-RS_2025_06_14	Complete Genome	2023-05-15		5	
ASM3001345v1	GCF_030013455.1	GCA_030013455.1	Escherichia coli	562		ETEC1748					GCF_030013455.1-RS_2025_06_14	Complete Genome	2023-05-15		3	
ASM395620v1	GCF_003956205.1	GCA_003956205.1	Escherichia coli	562		204446					GCF_003956205.1-RS_2025_03_25	Complete Genome	2018-12-19		3	
ASM3070795v1	GCF_030707955.1	GCA_030707955.1	Escherichia coli	562		R8					GCF_030707955.1-RS_2025_08_21	Complete Genome	2023-08-10		2	
ASM5528361v1	GCF_055283615.1	GCA_055283615.1	Escherichia coli	562		E08					GCF_055283615.1-RS_2026_02_18	Complete Genome	2026-02-17	JBUZKG01	2	
ASM3038969v1	GCF_030389695.1	GCA_030389695.1	Escherichia coli	562		TUM9812					GCF_030389695.1-RS_2025_07_19	Complete Genome	2023-07-03		5	
ASM3041902v1	GCF_030419025.1	GCA_030419025.1	Escherichia coli	562		CE0032f					GCF_030419025.1-RS_2025_07_22	Complete Genome	2023-07-11		3	
ASM876151v1	GCF_008761515.1	GCA_008761515.1	Escherichia coli	562		RM9245					GCF_008761515.1-RS_2025_06_28	Complete Genome	2019-10-01		1	
ASM3001334v1	GCF_030013345.1	GCA_030013345.1	Escherichia coli	562		ETEC4069					GCF_030013345.1-RS_2025_06_14	Complete Genome	2023-05-15		2	
ASM5288611v1	GCF_052886115.1	GCA_052886115.1	Escherichia coli	562		VTB96929v					GCF_052886115.1-RS_2025_09_28	Complete Genome	2025-09-30		2	
ASM2422405v1	GCF_024224055.1	GCA_024224055.1	Escherichia coli	562		LH85-a					GCF_024224055.1-RS_2025_08_03	Complete Genome	2022-07-13		8	
30602_1#64	GCF_964051065.1	GCA_964051065.1	Escherichia coli	562					30602_1#64		GCF_964051065.1-RS_2025_05_30	Complete Genome	2024-05-20		4	
ASM3070805v1	GCF_030708055.1	GCA_030708055.1	Escherichia coli	562		R2					GCF_030708055.1-RS_2025_08_22	Complete Genome	2023-08-10		4	
ASM301909v1	GCF_003019095.1	GCA_003019095.1	Escherichia coli	562		95-3322					GCF_003019095.1-RS_2025_06_22	Complete Genome	2018-03-26		1	
ASM5160899v1	GCF_051608995.1	GCA_051608995.1	Escherichia coli	562		23AR0762					GCF_051608995.1-RS_2025_07_31	Complete Genome	2025-08-01		4	
MS14387	GCF_900622685.1	GCA_900622685.1	Escherichia coli	562		MS14387			MS14387		GCF_900622685.1-RS_2025_06_26	Complete Genome	2019-01-10		3	
ASM1293453v1	GCF_012934535.1	GCA_012934535.1	Escherichia coli	562		SCU-112					GCF_012934535.1-RS_2025_07_03	Complete Genome	2020-04-30		2	
ASM221172v1	GCF_002211725.1	GCA_002211725.1	Escherichia coli	562		ABWA45					GCF_002211725.1-RS_2025_06_17	Complete Genome	2017-06-30		6	
ASM216459v2	GCF_002164595.2	GCA_002164595.2	Escherichia coli	562		WCHEC000837					GCF_002164595.2-RS_2025_06_24	Complete Genome	2018-10-17		5	
ASM2572320v1	GCF_025723205.1	GCA_025723205.1	Escherichia coli	562		RSHH22					GCF_025723205.1-RS_2025_05_30	Complete Genome	2022-10-17		3	
ASM5539336v1	GCF_055393365.1	GCA_055393365.1	Escherichia coli	562		NR301					GCF_055393365.1-RS_2026_02_24	Complete Genome	2026-02-25		6	
ASM5528349v1	GCF_055283495.1	GCA_055283495.1	Escherichia coli	562		E23					GCF_055283495.1-RS_2026_02_18	Complete Genome	2026-02-17	JBUZJS01	2	
ASM5545607v1	GCF_055456075.1	GCA_055456075.1	Escherichia coli	562		O17_K12a					GCF_055456075.1-RS_2026_02_24	Complete Genome	2026-02-24	JBVDMD01	3	
K12a	GCF_965282825.1	GCA_965282825.1	Escherichia coli	562					K12a		GCF_965282825.1-RS_2026_02_26	Complete Genome	2026-02-26		3	
ASM5404777v1	GCF_054047775.1	GCA_054047775.1	Escherichia coli	562		315					GCF_054047775.1-RS_2025_12_18	Complete Genome	2025-12-17	JBSWBH01	3	
Genome assembly GPTB0038	GCF_041014865.1	GCA_041014865.1	Escherichia coli	562		3-72					GCF_041014865.1-RS_2024_08_03	Complete Genome	2024-08-03		1	
ASM5156153v1	GCF_051561535.1	GCA_051561535.1	Escherichia coli	562		ECE313					GCF_051561535.1-RS_2025_07_30	Complete Genome	2025-07-31		2	
ASM4660397v1	GCF_046603975.1	GCA_046603975.1	Escherichia coli	562		SFAD3					GCF_046603975.1-RS_2025_01_13	Complete Genome	2025-01-13		1	
ASM4625011v1	GCF_046250115.1	GCA_046250115.1	Escherichia coli	562		N1131					GCF_046250115.1-RS_2024_12_24	Complete Genome	2024-12-24		4	
ASM5566138v1	GCF_055661385.1	GCA_055661385.1	Escherichia coli	562		JNEC-KY178					GCF_055661385.1-RS_2026_03_04	Complete Genome	2026-03-06		2	
ASM1416939v1	GCF_014169395.1	GCA_014169395.1	Escherichia coli	562		WP5-S18-ESBL-07					GCF_014169395.1-RS_2025_07_04	Complete Genome	2020-07-21		2	
MINF_1D	GCF_904863105.1	GCA_904863105.1	Escherichia coli	562		MINF_1D			MINF_1D		GCF_904863105.1-RS_2025_07_11	Complete Genome	2020-11-01		4	
2848	GCF_050568845.1	GCA_050568845.1	Escherichia coli	562		DSM 111506					GCF_050568845.1-RS_2025_05_27	Complete Genome	2025-05-28		8	
ASM3051523v1	GCF_030515235.1	GCA_030515235.1	Escherichia coli	562		MS20675					GCF_030515235.1-RS_2025_08_01	Complete Genome	2023-07-21		6	
ASM2302442v1	GCF_023024425.1	GCA_023024425.1	Escherichia coli	562		779					GCF_023024425.1-RS_2025_06_02	Complete Genome	2022-04-18		9	
ASM3728741v1	GCF_037287415.1	GCA_037287415.1	Escherichia coli	562		GN04275					GCF_037287415.1-RS_2025_04_28	Complete Genome	2024-04-05		1	
ASM4503753v1	GCF_045037535.1	GCA_045037535.1	Escherichia coli	562		98190					GCF_045037535.1-RS_2024_11_20	Complete Genome	2024-11-23		4	
ASM2999102v1	GCF_029991025.1	GCA_029991025.1	Escherichia coli	562		AVS0533					GCF_029991025.1-RS_2025_06_12	Complete Genome	2023-05-12		2	
ASM59970v1	GCF_000599705.1	GCA_000599705.1	Escherichia coli	562		ST2747					GCF_000599705.1-RS_2025_06_13	Complete Genome	2014-03-19		1	
ASM2998906v1	GCF_029989065.1	GCA_029989065.1	Escherichia coli	562		AVS0530					GCF_029989065.1-RS_2025_06_12	Complete Genome	2023-05-12		2	
ASM2999109v1	GCF_029991095.1	GCA_029991095.1	Escherichia coli	562		AVS0713					GCF_029991095.1-RS_2025_06_12	Complete Genome	2023-05-12		2	
ASM995047v1	GCF_009950475.1	GCA_009950475.1	Escherichia coli	562		STEC367					GCF_009950475.1-RS_2025_07_02	Complete Genome	2020-01-29		2	
ASM2998775v1	GCF_029987755.1	GCA_029987755.1	Escherichia coli	562		AVS0536					GCF_029987755.1-RS_2025_06_13	Complete Genome	2023-05-12		2	
ASM4503756v1	GCF_045037565.1	GCA_045037565.1	Escherichia coli	562		98222					GCF_045037565.1-RS_2024_11_20	Complete Genome	2024-11-23		3	
ASM231065v1	GCF_002310655.1	GCA_002310655.1	Escherichia coli	562		746					GCF_002310655.1-RS_2025_06_19	Complete Genome	2017-09-18		4	
ASM5545632v1	GCF_055456325.1	GCA_055456325.1	Escherichia coli	562		CB209					GCF_055456325.1-RS_2026_02_24	Complete Genome	2026-02-24	JBVDMP01	3	
CB209_version2	GCF_965283005.1	GCA_965283005.1	Escherichia coli	562					CB209		GCF_965283005.1-RS_2026_02_26	Complete Genome	2026-02-26		3	
30345_1#31	GCF_964051515.1	GCA_964051515.1	Escherichia coli	562					30345_1#31		GCF_964051515.1-RS_2025_05_30	Complete Genome	2024-05-20		2	
ASM2999027v1	GCF_029990275.1	GCA_029990275.1	Escherichia coli	562		AVS0093					GCF_029990275.1-RS_2025_06_12	Complete Genome	2023-05-12		3	
ASM2998924v1	GCF_029989245.1	GCA_029989245.1	Escherichia coli	562		AVS0283					GCF_029989245.1-RS_2025_06_13	Complete Genome	2023-05-12		2	
ASM2998761v1	GCF_029987615.1	GCA_029987615.1	Escherichia coli	562		AVS0717					GCF_029987615.1-RS_2025_06_12	Complete Genome	2023-05-12		2	
ASM2998787v1	GCF_029987875.1	GCA_029987875.1	Escherichia coli	562		AVS0285					GCF_029987875.1-RS_2025_06_13	Complete Genome	2023-05-12		2	
SC407	GCF_902810295.1	GCA_902810295.1	Escherichia coli	562					SC407		GCF_902810295.1-RS_2025_07_03	Complete Genome	2020-06-28		1	
ASM3003665v1	GCF_030036655.1	GCA_030036655.1	Escherichia coli	562		AVS0282					GCF_030036655.1-RS_2025_06_15	Complete Genome	2023-05-12		2	
ASM230231v1	GCF_002302315.1	GCA_002302315.1	Escherichia coli	562		ETEC-2265					GCF_002302315.1-RS_2025_06_21	Complete Genome	2017-09-14		3	
ASM2235362v1	GCF_022353625.1	GCA_022353625.1	Escherichia coli	562		STIN_95					GCF_022353625.1-RS_2025_05_18	Complete Genome	2022-02-22		2	
ASM274135v1	GCF_002741355.1	GCA_002741355.1	Escherichia coli	562		ATCC 43896					GCF_002741355.1-RS_2025_06_22	Complete Genome	2017-11-02		4	
ASM1293471v1	GCF_012934715.1	GCA_012934715.1	Escherichia coli	562		SCU-313					GCF_012934715.1-RS_2025_07_03	Complete Genome	2020-04-30		4	
ASM5404776v1	GCF_054047765.1	GCA_054047765.1	Escherichia coli	562		405					GCF_054047765.1-RS_2025_12_18	Complete Genome	2025-12-17	JBSWBF01	4	
ASM3001278v1	GCF_030012785.1	GCA_030012785.1	Escherichia coli	562		ETEC1701					GCF_030012785.1-RS_2025_06_13	Complete Genome	2023-05-15		6	
ASM2491815v1	GCF_024918155.1	GCA_024918155.1	Escherichia coli	562		4069					GCF_024918155.1-RS_2024_12_18	Complete Genome	2022-09-04		1	
ASM5051634v1	GCF_050516345.1	GCA_050516345.1	Escherichia coli	562		19451123					GCF_050516345.1-RS_2025_05_23	Complete Genome	2025-05-23		4	
ASM5404770v1	GCF_054047705.1	GCA_054047705.1	Escherichia coli	562		405					GCF_054047705.1-RS_2025_12_18	Complete Genome	2025-12-17	JBSWBJ01	4	
ASM303173v1	GCF_003031735.1	GCA_003031735.1	Escherichia coli	562		165					GCF_003031735.1-RS_2025_06_22	Complete Genome	2018-04-03		5	
ASM295343v1	GCF_002953435.1	GCA_002953435.1	Escherichia coli	562		HS13-1					GCF_002953435.1-RS_2025_06_22	Complete Genome	2018-02-04		4	
ASM2429874v1	GCF_024298745.1	GCA_024298745.1	Escherichia coli	562		EC21Z-151					GCF_024298745.1-RS_2025_08_07	Complete Genome	2022-07-18		13	
de novo	GCF_047715505.1	GCA_047715505.1	Escherichia coli	562		JMK_KBN3987					GCF_047715505.1-RS_2025_02_13	Complete Genome	2025-02-13		5	
ASM411439v1	GCF_004114395.1	GCA_004114395.1	Escherichia coli	562		RS571					GCF_004114395.1-RS_2025_06_25	Complete Genome	2019-01-25		4	
ASM1897220v1	GCF_018972205.1	GCA_018972205.1	Escherichia coli	562		S22EC					GCF_018972205.1-RS_2025_07_24	Complete Genome	2021-06-21		2	
ASM5369949v1	GCF_053699495.1	GCA_053699495.1	Escherichia coli	562		19AR0254					GCF_053699495.1-RS_2025_11_26	Complete Genome	2025-11-25	JBRAWG01	3	
ASM2996242v1	GCF_029962425.1	GCA_029962425.1	Escherichia coli	562		YP3					GCF_029962425.1-RS_2025_06_12	Complete Genome	2023-05-10		1	
ASM3670355v1	GCF_036703555.1	GCA_036703555.1	Escherichia coli	562		SCPM-O-B-9504					GCF_036703555.1-RS_2025_04_28	Complete Genome	2024-04-05		3	
ASM3344922v1	GCF_033449225.1	GCA_033449225.1	Escherichia coli	562		GCEC19					GCF_033449225.1-RS_2025_01_24	Complete Genome	2023-11-09		2	
ASM2999014v1	GCF_029990145.1	GCA_029990145.1	Escherichia coli	562		AVS0467					GCF_029990145.1-RS_2025_06_12	Complete Genome	2023-05-12		2	
ASM5310287v1	GCF_053102875.1	GCA_053102875.1	Escherichia coli	562		SW070910					GCF_053102875.1-RS_2025_11_18	Complete Genome	2025-10-16	JBRNHN01	4	
ASM285541v1	GCF_002855415.1	GCA_002855415.1	Escherichia coli	562		14EC007					GCF_002855415.1-RS_2025_06_21	Complete Genome	2018-01-03		3	
ASM4730090v1	GCF_047300905.1	GCA_047300905.1	Escherichia coli	562		WWCOL-236					GCF_047300905.1-RS_2025_01_29	Complete Genome	2025-01-30		3	
ASM3099816v1	GCF_030998165.1	GCA_030998165.1	Escherichia coli	562		CUVET20-PYO1					GCF_030998165.1-RS_2025_09_19	Complete Genome	2023-08-30		2	
ASM783329v1	GCF_007833295.1	GCA_007833295.1	Escherichia coli	562		BCE049					GCF_007833295.1-RS_2025_06_28	Complete Genome	2019-08-05		4	
ASM2536971v1	GCF_025369715.1	GCA_025369715.1	Escherichia coli	562		E10					GCF_025369715.1-RS_2024_12_29	Complete Genome	2022-09-22		3	
ASM5155975v1	GCF_051559755.1	GCA_051559755.1	Escherichia coli	562		AH21G053					GCF_051559755.1-RS_2025_07_30	Complete Genome	2025-07-31		2	
ASM4907567v1	GCF_049075675.1	GCA_049075675.1	Escherichia coli	562		1448					GCF_049075675.1-RS_2025_03_28	Complete Genome	2025-04-03		7	
ASM5489044v1	GCF_054890445.1	GCA_054890445.1	Escherichia coli	562		UID2309220015					GCF_054890445.1-RS_2026_02_04	Complete Genome	2026-02-02	JBTZOR01	4	
ASM1888454v1	GCF_018884545.1	GCA_018884545.1	Escherichia coli	562		DS26-1					GCF_018884545.1-RS_2025_07_21	Complete Genome	2021-06-15		3	
ASM1688908v1	GCF_016889085.1	GCA_016889085.1	Escherichia coli	562		FDAARGOS_1256					GCF_016889085.1-RS_2025_07_05	Complete Genome	2021-02-15		2	
ASM3003667v1	GCF_030036675.1	GCA_030036675.1	Escherichia coli	562		AVS0366					GCF_030036675.1-RS_2025_06_15	Complete Genome	2023-05-12		2	
30345_1#220	GCF_964049475.1	GCA_964049475.1	Escherichia coli	562					30345_1#220		GCF_964049475.1-RS_2025_05_30	Complete Genome	2024-05-20		3	
ASM1690457v1	GCF_016904575.1	GCA_016904575.1	Escherichia coli	562		FDAARGOS_1276					GCF_016904575.1-RS_2025_07_04	Complete Genome	2021-02-17		1	
ASM3099142v1	GCF_030991425.1	GCA_030991425.1	Escherichia coli	562		MS8320					GCF_030991425.1-RS_2025_09_14	Complete Genome	2023-08-30		4	
ASM5310263v1	GCF_053102635.1	GCA_053102635.1	Escherichia coli	562		SW071620					GCF_053102635.1-RS_2025_11_18	Complete Genome	2025-10-16	JBRNHC01	6	
ASM4857259v1	GCF_048572595.1	GCA_048572595.1	Escherichia coli	562		AREA_R504					GCF_048572595.1-RS_2025_03_16	Complete Genome	2025-03-16		6	
ASM1827922v1	GCF_018279225.1	GCA_018279225.1	Escherichia coli	562		tcmA_3					GCF_018279225.1-RS_2025_07_05	Complete Genome	2021-05-05		5	
ASM1690461v1	GCF_016904615.1	GCA_016904615.1	Escherichia coli	562		FDAARGOS_1283					GCF_016904615.1-RS_2025_07_05	Complete Genome	2021-02-17		7	
ASM2082765v1	GCF_020827655.1	GCA_020827655.1	Escherichia coli	562		elppa4					GCF_020827655.1-RS_2025_02_26	Complete Genome	2021-11-10		5	
ASM4857260v1	GCF_048572605.1	GCA_048572605.1	Escherichia coli	562		AREA_504					GCF_048572605.1-RS_2025_03_16	Complete Genome	2025-03-16		4	
E300033.fasta	GCF_052907865.1	GCA_052907865.1	Escherichia coli	562		300033					GCF_052907865.1-RS_2025_11_17	Complete Genome	2025-09-29	JBREQX01	1	
ASM1689010v1	GCF_016890105.1	GCA_016890105.1	Escherichia coli	562		FDAARGOS_1266					GCF_016890105.1-RS_2025_07_05	Complete Genome	2021-02-15		4	
ASM2082757v1	GCF_020827575.1	GCA_020827575.1	Escherichia coli	562		elppa9					GCF_020827575.1-RS_2025_02_25	Complete Genome	2021-11-10		10	
ASM1297480v1	GCF_012974805.1	GCA_012974805.1	Escherichia coli	562		ATCC 25922					GCF_012974805.1-RS_2025_07_03	Complete Genome	2020-05-05		2	
E100416.fasta	GCF_052907965.1	GCA_052907965.1	Escherichia coli	562		100416					GCF_052907965.1-RS_2025_11_17	Complete Genome	2025-09-29	JBRERC01	7	
30348_1#195	GCF_964039395.1	GCA_964039395.1	Escherichia coli	562					30348_1#195		GCF_964039395.1-RS_2025_05_30	Complete Genome	2024-05-20		2	
ASM3135417v1	GCF_031354175.1	GCA_031354175.1	Escherichia coli	562		AHS8C65RI					GCF_031354175.1-RS_2024_12_16	Complete Genome	2023-09-12		2	
ASM2875267v1	GCF_028752675.1	GCA_028752675.1	Escherichia coli	562		APEC 16-1068					GCF_028752675.1-RS_2025_04_26	Complete Genome	2023-02-21		3	
ASM5528285v1	GCF_055282855.1	GCA_055282855.1	Escherichia coli	562		E26					GCF_055282855.1-RS_2026_02_18	Complete Genome	2026-02-17	JBUZJP01	1	
ASM1735666v1	GCF_017356665.1	GCA_017356665.1	Escherichia coli	562		UPEC129					GCF_017356665.1-RS_2025_02_16	Complete Genome	2021-03-16		3	
ASM5404756v1	GCF_054047565.1	GCA_054047565.1	Escherichia coli	562		405					GCF_054047565.1-RS_2025_12_18	Complete Genome	2025-12-17	JBSWAN01	5	
ASM1340289v1	GCF_013402895.1	GCA_013402895.1	Escherichia coli	562		EC1					GCF_013402895.1-RS_2025_09_05	Complete Genome	2020-07-12		4	
ASM5297484v1	GCF_052974845.1	GCA_052974845.1	Escherichia coli	562		C8					GCF_052974845.1-RS_2025_11_17	Complete Genome	2025-11-18		2	
ASM2542623v1	GCF_025426235.1	GCA_025426235.1	Escherichia coli	562		DFL.5					GCF_025426235.1-RS_2024_12_31	Complete Genome	2022-09-27		3	
ASM3003679v1	GCF_030036795.1	GCA_030036795.1	Escherichia coli	562		AVS0970					GCF_030036795.1-RS_2025_06_15	Complete Genome	2023-05-12		4	
ASM301827v1	GCF_003018275.1	GCA_003018275.1	Escherichia coli	562		2014C-3097					GCF_003018275.1-RS_2025_06_23	Complete Genome	2018-03-26		3	
ASM1640432v2	GCF_016404325.2	GCA_016404325.2	Escherichia coli	562		S19-141					GCF_016404325.2-RS_2025_07_14	Complete Genome	2021-06-09		9	
ASM957798v1	GCF_009577985.1	GCA_009577985.1	Escherichia coli	562		CCUG 73778					GCF_009577985.1-RS_2025_06_30	Complete Genome	2019-11-05		7	
ASM2354686v1	GCF_023546865.1	GCA_023546865.1	Escherichia coli	562		AGR4587					GCF_023546865.1-RS_2025_06_22	Complete Genome	2022-05-25		3	
ASM5539259v1	GCF_055392595.1	GCA_055392595.1	Escherichia coli	562		NR3736					GCF_055392595.1-RS_2026_02_24	Complete Genome	2026-02-25		6	
ASM5538067v1	GCF_055380675.1	GCA_055380675.1	Escherichia coli	562		g1-11					GCF_055380675.1-RS_2026_02_23	Complete Genome	2026-02-24		7	
ASM1214994v1	GCF_012149945.1	GCA_012149945.1	Escherichia coli	562		09-02E					GCF_012149945.1-RS_2025_07_04	Complete Genome	2020-02-13		10	
ASM5519493v1	GCF_055194935.1	GCA_055194935.1	Escherichia coli	562		CFIAFB20190172					GCF_055194935.1-RS_2026_02_16	Complete Genome	2026-02-16	JBUXMG01	4	
ASM228575v1	GCF_002285755.1	GCA_002285755.1	Escherichia coli	562		PA45B					GCF_002285755.1-RS_2025_06_20	Complete Genome	2017-09-05		2	
ASM5193042v1	GCF_051930425.1	GCA_051930425.1	Escherichia coli	562		ECE170					GCF_051930425.1-RS_2025_08_13	Complete Genome	2025-08-13		4	
Esc4complete	GCF_977065495.1	GCA_977065495.1	Escherichia coli	562		Esc4			Esc4		GCF_977065495.1-RS_2025_11_24	Complete Genome	2025-11-28		5	
ASM5288665v1	GCF_052886655.1	GCA_052886655.1	Escherichia coli	562		VTB96937v					GCF_052886655.1-RS_2025_09_28	Complete Genome	2025-09-30		5	
ASM2365838v1	GCF_023658385.1	GCA_023658385.1	Escherichia coli	562		Z0117EC0032					GCF_023658385.1-RS_2025_07_03	Complete Genome	2022-06-07		2	
ASM302088v1	GCF_003020885.1	GCA_003020885.1	Escherichia coli	562		MS7163					GCF_003020885.1-RS_2025_06_22	Complete Genome	2018-03-27		3	
ASM4857257v1	GCF_048572575.1	GCA_048572575.1	Escherichia coli	562		AREA_C483					GCF_048572575.1-RS_2025_03_16	Complete Genome	2025-03-16		1	
ASM832966v1	GCF_008329665.1	GCA_008329665.1	Escherichia coli	562		ST130					GCF_008329665.1-RS_2025_06_29	Complete Genome	2019-09-08		1	
ASM5051635v1	GCF_050516355.1	GCA_050516355.1	Escherichia coli	562		CDE6306					GCF_050516355.1-RS_2025_05_23	Complete Genome	2025-05-23		3	
ASM539622v2	GCF_005396225.2	GCA_005396225.2	Escherichia coli	562		SI-NP020					GCF_005396225.2-RS_2024_12_18	Complete Genome	2021-03-03		1	
ASM3756985v1	GCF_037569855.1	GCA_037569855.1	Escherichia coli	562		Z1323CEC0012					GCF_037569855.1-RS_2025_04_28	Complete Genome	2024-04-05		5	
ASM151361v1	GCF_001513615.1	GCA_001513615.1	Escherichia coli	562		CD306					GCF_001513615.1-RS_2025_03_23	Complete Genome	2016-01-12		2	
ASM1036538v1	GCF_010365385.1	GCA_010365385.1	Escherichia coli	562		142					GCF_010365385.1-RS_2025_07_02	Complete Genome	2020-02-09		7	
ASM285532v1	GCF_002855325.1	GCA_002855325.1	Escherichia coli	562		14EC001					GCF_002855325.1-RS_2025_06_22	Complete Genome	2018-01-03		4	
ASM276351v3	GCF_002763515.2	GCA_002763515.3	Escherichia coli	562		BH100 substr. MG2014					GCF_002763515.2-RS_2025_06_22	Complete Genome	2018-01-05		3	
ASM3029558v1	GCF_030295585.1	GCA_030295585.1	Escherichia coli	562		JNE120393					GCF_030295585.1-RS_2025_07_10	Complete Genome	2023-05-30		8	
ASM90019653v2	GCF_900196535.2	GCA_900196535.2	Escherichia coli	562		F2_81					GCF_900196535.2-RS_2024_12_18	Complete Genome	2020-01-08		4	
ASM5539200v1	GCF_055392005.1	GCA_055392005.1	Escherichia coli	562		OkiPb01678					GCF_055392005.1-RS_2026_02_24	Complete Genome	2026-02-25		5	
ASM2365830v1	GCF_023658305.1	GCA_023658305.1	Escherichia coli	562		Z0117EC0054					GCF_023658305.1-RS_2025_07_03	Complete Genome	2022-06-07		4	
ASM2998857v1	GCF_029988575.1	GCA_029988575.1	Escherichia coli	562		AVS0971					GCF_029988575.1-RS_2025_06_12	Complete Genome	2023-05-12		2	
ASM1513671v1	GCF_015136715.1	GCA_015136715.1	Escherichia coli	562		STN0717-11					GCF_015136715.1-RS_2025_07_04	Complete Genome	2020-10-08		4	
ASM1513915v1	GCF_015139155.1	GCA_015139155.1	Escherichia coli	562		THO-008					GCF_015139155.1-RS_2025_07_04	Complete Genome	2020-10-08		4	
ASM2794356v1	GCF_027943565.1	GCA_027943565.1	Escherichia coli	562		THO-008					GCF_027943565.1-RS_2025_06_12	Complete Genome	2022-12-21		4	
ASM3178829v1	GCF_031788295.1	GCA_031788295.1	Escherichia coli	562		M22546					GCF_031788295.1-RS_2024_12_18	Complete Genome	2023-09-20		3	
MS14384	GCF_900622695.1	GCA_900622695.1	Escherichia coli	562		MS14384			MS14384		GCF_900622695.1-RS_2024_06_18	Complete Genome	2019-01-10		2	
30134_6#3	GCF_964046695.1	GCA_964046695.1	Escherichia coli	562					30134_6#3		GCF_964046695.1-RS_2025_05_30	Complete Genome	2024-05-20		2	
ASM2665124v1	GCF_026651245.1	GCA_026651245.1	Escherichia coli	562		GN02461					GCF_026651245.1-RS_2025_03_10	Complete Genome	2022-12-05		5	
ASM1690383v1	GCF_016903835.1	GCA_016903835.1	Escherichia coli	562		FDAARGOS_1299					GCF_016903835.1-RS_2025_07_04	Complete Genome	2021-02-17		2	
30859_5#11	GCF_964051595.1	GCA_964051595.1	Escherichia coli	562					30859_5#11		GCF_964051595.1-RS_2025_05_30	Complete Genome	2024-05-20		3	
ASM3070819v1	GCF_030708195.1	GCA_030708195.1	Escherichia coli	562		S9					GCF_030708195.1-RS_2025_08_21	Complete Genome	2023-08-10		4	
ASM303024v1	GCF_003030245.1	GCA_003030245.1	Escherichia coli	562		CFSAN018748					GCF_003030245.1-RS_2025_06_23	Complete Genome	2018-04-02		4	
AI2951v1_cpp	GCF_905330895.2	GCA_905330895.2	Escherichia coli	562					131		GCF_905330895.2-RS_2025_07_19	Complete Genome	2022-06-24		7	
ASM3710126v1	GCF_037101265.1	GCA_037101265.1	Escherichia coli	562		GU2018_CL13					GCF_037101265.1-RS_2025_04_28	Complete Genome	2024-04-05		2	
ASM1602623v1	GCF_016026235.1	GCA_016026235.1	Escherichia coli	562		FDAARGOS_944					GCF_016026235.1-RS_2025_07_04	Complete Genome	2020-12-14		2	
ASM5161134v1	GCF_051611345.1	GCA_051611345.1	Escherichia coli	562		21AR0807					GCF_051611345.1-RS_2025_07_31	Complete Genome	2025-08-01		5	
ASM5590097v1	GCF_055900975.1	GCA_055900975.1	Escherichia coli	562		09A19CPO009					GCF_055900975.1-RS_2026_03_15	Complete Genome	2026-03-15	JBVWFD01	1	
Esc20complete	GCF_977065275.1	GCA_977065275.1	Escherichia coli	562		Esc20			Esc20		GCF_977065275.1-RS_2025_11_24	Complete Genome	2025-11-28		7	
ASM2155987v1	GCF_021559875.1	GCA_021559875.1	Escherichia coli	562		Ec394-330266					GCF_021559875.1-RS_2025_02_16	Complete Genome	2022-01-24		3	
ASM1640401v2	GCF_016404015.2	GCA_016404015.2	Escherichia coli	562		STEC17-183					GCF_016404015.2-RS_2025_07_14	Complete Genome	2021-06-09		11	
ASM5545615v1	GCF_055456155.1	GCA_055456155.1	Escherichia coli	562		DG351-2					GCF_055456155.1-RS_2026_02_24	Complete Genome	2026-02-24	JBVDMG01	4	
ASM5545617v1	GCF_055456175.1	GCA_055456175.1	Escherichia coli	562		DG343-1					GCF_055456175.1-RS_2026_02_24	Complete Genome	2026-02-24	JBVDMH01	4	
ASM5545619v1	GCF_055456195.1	GCA_055456195.1	Escherichia coli	562		DG342-2					GCF_055456195.1-RS_2026_02_24	Complete Genome	2026-02-24	JBVDMI01	4	
ASM5545620v1	GCF_055456205.1	GCA_055456205.1	Escherichia coli	562		DG341-1					GCF_055456205.1-RS_2026_02_24	Complete Genome	2026-02-24	JBVDMJ01	4	
DG343-1_version2	GCF_965282725.1	GCA_965282725.1	Escherichia coli	562					DG343-1		GCF_965282725.1-RS_2026_02_26	Complete Genome	2026-02-26		4	
DG351-2_version2	GCF_965282735.1	GCA_965282735.1	Escherichia coli	562					DG351-2		GCF_965282735.1-RS_2026_02_26	Complete Genome	2026-02-26		4	
DG341-1_version2	GCF_965282745.1	GCA_965282745.1	Escherichia coli	562					DG341-1		GCF_965282745.1-RS_2026_02_26	Complete Genome	2026-02-26		4	
DG342-2_version2	GCF_965282755.1	GCA_965282755.1	Escherichia coli	562					DG342-2		GCF_965282755.1-RS_2026_02_26	Complete Genome	2026-02-26		4	
ASM2450803v1	GCF_024508035.1	GCA_024508035.1	Escherichia coli	562		QA-1986 630					GCF_024508035.1-RS_2025_09_18	Complete Genome	2022-08-03		1	
ASM1416903v1	GCF_014169035.1	GCA_014169035.1	Escherichia coli	562		WP4-S17-ESBL-08					GCF_014169035.1-RS_2025_07_03	Complete Genome	2020-07-21		6	
ASM3001330v1	GCF_030013305.1	GCA_030013305.1	Escherichia coli	562		ETEC4071					GCF_030013305.1-RS_2025_06_14	Complete Genome	2023-05-15		3	
ASM3001332v1	GCF_030013325.1	GCA_030013325.1	Escherichia coli	562		ETEC4070					GCF_030013325.1-RS_2025_06_14	Complete Genome	2023-05-15		3	
ASM1416943v1	GCF_014169435.1	GCA_014169435.1	Escherichia coli	562		WP5-S18-ESBL-09					GCF_014169435.1-RS_2025_07_03	Complete Genome	2020-07-21		2	
ASM301819v1	GCF_003018195.1	GCA_003018195.1	Escherichia coli	562		89-3156					GCF_003018195.1-RS_2025_06_23	Complete Genome	2018-03-26		2	
ASM1485852v1	GCF_014858525.1	GCA_014858525.1	Escherichia coli	562		UTI89					GCF_014858525.1-RS_2025_07_04	Complete Genome	2020-10-07		1	
ASM5519496v1	GCF_055194965.1	GCA_055194965.1	Escherichia coli	562		CFIAFB20180511					GCF_055194965.1-RS_2026_02_16	Complete Genome	2026-02-16	JBUXMH01	3	
ASM5528565v1	GCF_055285655.1	GCA_055285655.1	Escherichia coli	562		E01					GCF_055285655.1-RS_2026_02_18	Complete Genome	2026-02-18	JBUZKN01	3	
ASM2019040v1	GCF_020190405.1	GCA_020190405.1	Escherichia coli	562		SYNB1934					GCF_020190405.1-RS_2025_01_23	Complete Genome	2021-09-30		1	
ASM2153500v1	GCF_021535005.1	GCA_021535005.1	Escherichia coli	562		STEC383					GCF_021535005.1-RS_2025_02_11	Complete Genome	2022-01-20		3	
ASM2542619v1	GCF_025426195.1	GCA_025426195.1	Escherichia coli	562		DFK.1					GCF_025426195.1-RS_2024_12_31	Complete Genome	2022-09-27		2	
ASM2365836v1	GCF_023658365.1	GCA_023658365.1	Escherichia coli	562		Z0117EC0036					GCF_023658365.1-RS_2025_07_03	Complete Genome	2022-06-07		3	
ASM1690425v1	GCF_016904255.1	GCA_016904255.1	Escherichia coli	562		FDAARGOS_1371					GCF_016904255.1-RS_2025_07_04	Complete Genome	2021-02-17		6	
CEA212U	GCF_051122405.1	GCA_051122405.1	Escherichia coli	562		CEA212U					GCF_051122405.1-RS_2025_06_28	Complete Genome	2025-06-28		6	
ASM5186027v1	GCF_051860275.1	GCA_051860275.1	Escherichia coli	562		PS_131_S11					GCF_051860275.1-RS_2025_08_07	Complete Genome	2025-08-08		4	
ASM2337358v1	GCF_023373585.1	GCA_023373585.1	Escherichia coli	562		EFF60					GCF_023373585.1-RS_2025_02_25	Complete Genome	2022-05-16		4	
ASM3562183v1	GCF_035621835.1	GCA_035621835.1	Escherichia coli	562		HN68					GCF_035621835.1-RS_2025_03_09	Complete Genome	2024-01-14		5	
ASM5528297v1	GCF_055282975.1	GCA_055282975.1	Escherichia coli	562		E17					GCF_055282975.1-RS_2026_02_18	Complete Genome	2026-02-17	JBUZJY01	3	
ASM2874375v1	GCF_028743755.1	GCA_028743755.1	Escherichia coli	562		B-766					GCF_028743755.1-RS_2025_04_26	Complete Genome	2023-02-20		3	
Escherichia coli strain 20AR0734	GCF_049667475.1	GCA_049667475.1	Escherichia coli	562		20AR0734					GCF_049667475.1-RS_2025_04_17	Complete Genome	2025-04-20		4	
ASM2794509v1	GCF_027945095.1	GCA_027945095.1	Escherichia coli	562		FAH					GCF_027945095.1-RS_2025_03_20	Complete Genome	2023-01-24		3	
ASM156661v1	GCF_001566615.1	GCA_001566615.1	Escherichia coli	562		SaT040					GCF_001566615.1-RS_2025_06_15	Complete Genome	2016-02-23		2	
Combinated assembly ONT-Illumina - 2022 update	GCF_902705295.2	GCA_902705295.2	Escherichia coli	562		BEN2908			1 day old chicken		GCF_902705295.2-RS_2025_06_05	Complete Genome	2022-03-23		2	
ASM1251645v1	GCF_012516455.1	GCA_012516455.1	Escherichia coli	562		SFE8					GCF_012516455.1-RS_2025_07_03	Complete Genome	2020-04-19		3	
ASM413516v1	GCF_004135165.1	GCA_004135165.1	Escherichia coli	562		U13A					GCF_004135165.1-RS_2025_06_25	Complete Genome	2019-02-03		7	
ASM413591v1	GCF_004135915.1	GCA_004135915.1	Escherichia coli	562		U14A					GCF_004135915.1-RS_2025_06_26	Complete Genome	2019-02-04		7	
MSB1_4E	GCF_904866455.1	GCA_904866455.1	Escherichia coli	562		MSB1_4E			MSB1_4E		GCF_904866455.1-RS_2025_07_11	Complete Genome	2020-11-01		5	
ASM3628764v1	GCF_036287645.1	GCA_036287645.1	Escherichia coli	562		B19374					GCF_036287645.1-RS_2025_03_12	Complete Genome	2024-01-29		4	
ASM3029562v1	GCF_030295625.1	GCA_030295625.1	Escherichia coli	562		JNE141411					GCF_030295625.1-RS_2025_07_10	Complete Genome	2023-05-30		2	
30602_1#109	GCF_964036705.1	GCA_964036705.1	Escherichia coli	562					30602_1#109		GCF_964036705.1-RS_2025_05_29	Complete Genome	2024-05-20		3	
ASM3688435v1	GCF_036884355.1	GCA_036884355.1	Escherichia coli	562		S1-SRB-02-B					GCF_036884355.1-RS_2025_04_27	Complete Genome	2024-04-05		2	
30821_1#274	GCF_964054525.1	GCA_964054525.1	Escherichia coli	562					30821_1#274		GCF_964054525.1-RS_2025_05_29	Complete Genome	2024-05-20		6	
ASM190059v1	GCF_001900595.1	GCA_001900595.1	Escherichia coli	562		D1					GCF_001900595.1-RS_2025_06_19	Complete Genome	2016-12-12		3	
ASM285396v1	GCF_002853965.1	GCA_002853965.1	Escherichia coli	562		14EC047					GCF_002853965.1-RS_2025_06_21	Complete Genome	2018-01-03		4	
ASM2998883v1	GCF_029988835.1	GCA_029988835.1	Escherichia coli	562		AVS0710					GCF_029988835.1-RS_2025_06_12	Complete Genome	2023-05-12		2	
ASM5545635v1	GCF_055456355.1	GCA_055456355.1	Escherichia coli	562		ECA64					GCF_055456355.1-RS_2026_02_24	Complete Genome	2026-02-24	JBVDMQ01	3	
ECA64_version2	GCF_965282715.1	GCA_965282715.1	Escherichia coli	562					ECA64		GCF_965282715.1-RS_2026_02_26	Complete Genome	2026-02-26		3	
ASM90049748v1	GCF_900497485.1	GCA_900497485.1	Escherichia coli	562					EC-1639		GCF_900497485.1-RS_2024_06_18	Complete Genome	2019-01-29		5	
ASM3309838v1	GCF_033098385.1	GCA_033098385.1	Escherichia coli	562		MS1657					GCF_033098385.1-RS_2025_01_15	Complete Genome	2023-10-27		2	
ASM128040v1	GCF_001280405.1	GCA_001280405.1	Escherichia coli	562		SF-173					GCF_001280405.1-RS_2025_06_15	Complete Genome	2015-09-09		2	
ASM231063v1	GCF_002310635.1	GCA_002310635.1	Escherichia coli	562		1105					GCF_002310635.1-RS_2025_06_21	Complete Genome	2017-09-18		2	
MINF_7C	GCF_904863235.1	GCA_904863235.1	Escherichia coli	562		MINF_7C			MINF_7C		GCF_904863235.1-RS_2025_07_12	Complete Genome	2020-11-01		7	
ASM4503782v1	GCF_045037825.1	GCA_045037825.1	Escherichia coli	562		98228					GCF_045037825.1-RS_2024_11_20	Complete Genome	2024-11-23		5	
ASM1690385v1	GCF_016903855.1	GCA_016903855.1	Escherichia coli	562		FDAARGOS_1291					GCF_016903855.1-RS_2025_07_04	Complete Genome	2021-02-17		10	
ASM5288247v1	GCF_052882475.1	GCA_052882475.1	Escherichia coli	562		MMC-J-0020					GCF_052882475.1-RS_2025_11_17	Complete Genome	2025-09-27	JBQRBL01	5	
ASM2429876v1	GCF_024298765.1	GCA_024298765.1	Escherichia coli	562		EC21Z-147					GCF_024298765.1-RS_2025_08_07	Complete Genome	2022-07-18		12	
ASM395636v1	GCF_003956365.1	GCA_003956365.1	Escherichia coli	562		602354					GCF_003956365.1-RS_2025_06_25	Complete Genome	2018-12-19		2	
ASM5113617v1	GCF_051136175.1	GCA_051136175.1	Escherichia coli	562		EC15					GCF_051136175.1-RS_2025_06_30	Complete Genome	2025-06-30		4	
ASM1763900v1	GCF_017639005.1	GCA_017639005.1	Escherichia coli	562		P19_598					GCF_017639005.1-RS_2025_07_06	Complete Genome	2021-03-30		4	
PRO_A-1490-6W-A_ESBL	GCF_054388995.1	GCA_054388995.1	Escherichia coli	562		PRO_A-1490-6W-A_ESBL					GCF_054388995.1-RS_2026_01_07	Complete Genome	2026-01-07	JBSTQO01	2	
ASM5566141v1	GCF_055661415.1	GCA_055661415.1	Escherichia coli	562		JNEC-KY175					GCF_055661415.1-RS_2026_03_04	Complete Genome	2026-03-06		1	
E. coli 47-1826	GCF_051122725.1	GCA_051122725.1	Escherichia coli	562		47-1826					GCF_051122725.1-RS_2025_06_28	Complete Genome	2025-06-28		2	
ASM4858547v1	GCF_048585475.1	GCA_048585475.1	Escherichia coli	562		1290					GCF_048585475.1-RS_2025_03_17	Complete Genome	2025-03-17		9	
ASM148545v1	GCF_001485455.1	GCA_001485455.1	Escherichia coli	562		ST648			Pleural Effusion of Patients with Empyema Thoracis		GCF_001485455.1-RS_2025_06_17	Complete Genome	2016-01-05		8	
ASM1330570v1	GCF_013305705.1	GCA_013305705.1	Escherichia coli	562		ampC_0069					GCF_013305705.1-RS_2025_07_03	Complete Genome	2020-06-09		1	
ASM201198v1	GCF_002011985.1	GCA_002011985.1	Escherichia coli	562		Ecol_316					GCF_002011985.1-RS_2025_06_20	Complete Genome	2017-03-03		4	
ASM413512v1	GCF_004135125.1	GCA_004135125.1	Escherichia coli	562		NissleGFP_pZE21					GCF_004135125.1-RS_2025_06_25	Complete Genome	2019-02-03		4	
E401651.fasta	GCF_052938815.1	GCA_052938815.1	Escherichia coli	562		401651					GCF_052938815.1-RS_2025_11_17	Complete Genome	2025-10-01	JBREQR01	7	
ASM3774432v1	GCF_037744325.1	GCA_037744325.1	Escherichia coli	562		Nissle					GCF_037744325.1-RS_2025_04_28	Complete Genome	2024-04-05		3	
ASM4409464v1	GCF_044094645.1	GCA_044094645.1	Escherichia coli	562		EcN_Sk					GCF_044094645.1-RS_2024_10_31	Complete Genome	2024-10-31		2	
ASM3237512v1	GCF_032375125.1	GCA_032375125.1	Escherichia coli	562		TUM17543					GCF_032375125.1-RS_2024_12_30	Complete Genome	2023-10-05		3	
ASM3041906v1	GCF_030419065.1	GCA_030419065.1	Escherichia coli	562		CE0026a					GCF_030419065.1-RS_2025_07_22	Complete Genome	2023-07-11		3	
ASM4567319v1	GCF_045673195.1	GCA_045673195.1	Escherichia coli	562		E371					GCF_045673195.1-RS_2024_12_05	Complete Genome	2024-12-06		5	
ASM3028552v1	GCF_030285525.1	GCA_030285525.1	Escherichia coli	562		APEC37					GCF_030285525.1-RS_2025_07_05	Complete Genome	2023-06-18		3	
E300010.fasta	GCF_052908155.1	GCA_052908155.1	Escherichia coli	562		E300010					GCF_052908155.1-RS_2025_11_17	Complete Genome	2025-09-29	JBRERM01	9	
ASM1293469v1	GCF_012934695.1	GCA_012934695.1	Escherichia coli	562		SCU-301					GCF_012934695.1-RS_2025_07_03	Complete Genome	2020-04-30		2	
ASM5156253v1	GCF_051562535.1	GCA_051562535.1	Escherichia coli	562		AH21E028					GCF_051562535.1-RS_2025_07_30	Complete Genome	2025-07-31		1	
ASM5539818v1	GCF_055398185.1	GCA_055398185.1	Escherichia coli	562		AST240					GCF_055398185.1-RS_2026_02_24	Complete Genome	2026-02-25		4	
ASM59966v1	GCF_000599665.1	GCA_000599665.1	Escherichia coli	562		ST2747					GCF_000599665.1-RS_2025_06_09	Complete Genome	2014-03-19		1	
ASM5316952v1	GCF_053169525.1	GCA_053169525.1	Escherichia coli	562		CUVET20-416					GCF_053169525.1-RS_2025_11_18	Complete Genome	2025-11-19		4	
ASM1416877v1	GCF_014168775.1	GCA_014168775.1	Escherichia coli	562		WP3-W18-CRE-03					GCF_014168775.1-RS_2025_07_03	Complete Genome	2020-07-21		6	
ASM2365832v1	GCF_023658325.1	GCA_023658325.1	Escherichia coli	562		Z0117EC0051					GCF_023658325.1-RS_2025_07_02	Complete Genome	2022-06-07		1	
ASM5566153v1	GCF_055661535.1	GCA_055661535.1	Escherichia coli	562		JNEC-KY179					GCF_055661535.1-RS_2026_03_04	Complete Genome	2026-03-06		1	
ASM2256941v1	GCF_022569415.1	GCA_022569415.1	Escherichia coli	562		BR1220					GCF_022569415.1-RS_2025_06_10	Complete Genome	2022-03-15		4	
ASM278721v1	GCF_002787215.1	GCA_002787215.1	Escherichia coli	562		AR_0006					GCF_002787215.1-RS_2025_06_21	Complete Genome	2017-11-20		4	
ASM2665114v1	GCF_026651145.1	GCA_026651145.1	Escherichia coli	562		GN02323					GCF_026651145.1-RS_2025_03_10	Complete Genome	2022-12-05		4	
ESCOTC_24	GCF_043950225.1	GCA_043950225.1	Escherichia coli	562		TC24					GCF_043950225.1-RS_2024_10_28	Complete Genome	2024-10-28		3	
ASM1293465v2	GCF_012934655.2	GCA_012934655.2	Escherichia coli	562		SCU-125					GCF_012934655.2-RS_2025_07_03	Complete Genome	2020-04-30		5	
E100117.fasta	GCF_052908025.1	GCA_052908025.1	Escherichia coli	562		100117					GCF_052908025.1-RS_2025_11_17	Complete Genome	2025-09-29	JBRERF01	6	
ASM2251410v1	GCF_022514105.1	GCA_022514105.1	Escherichia coli	562		JP538					GCF_022514105.1-RS_2025_06_01	Complete Genome	2022-01-18		3	
ASM295269v1	GCF_002952695.1	GCA_002952695.1	Escherichia coli	562		FORC_042					GCF_002952695.1-RS_2025_06_22	Complete Genome	2018-02-01		1	
ASM1513895v1	GCF_015138955.1	GCA_015138955.1	Escherichia coli	562		THO-006					GCF_015138955.1-RS_2025_07_04	Complete Genome	2020-10-08		3	
ASM1897224v1	GCF_018972245.1	GCA_018972245.1	Escherichia coli	562		S10EC					GCF_018972245.1-RS_2025_07_25	Complete Genome	2021-06-21		4	
ASM2320661v1	GCF_023206615.1	GCA_023206615.1	Escherichia coli	562		PBP8					GCF_023206615.1-RS_2025_06_14	Complete Genome	2022-05-02		3	
ASM5161273v1	GCF_051612735.1	GCA_051612735.1	Escherichia coli	562		20AR0479					GCF_051612735.1-RS_2025_07_31	Complete Genome	2025-08-01		4	
E100248.fasta	GCF_052907985.1	GCA_052907985.1	Escherichia coli	562		100248					GCF_052907985.1-RS_2025_11_17	Complete Genome	2025-09-29	JBRERD01	7	
ASM3051547v1	GCF_030515475.1	GCA_030515475.1	Escherichia coli	562		MS20654					GCF_030515475.1-RS_2025_08_02	Complete Genome	2023-07-21		2	
ASM216463v4	GCF_002164635.4	GCA_002164635.4	Escherichia coli	562		WCHEC96200					GCF_002164635.4-RS_2025_06_27	Complete Genome	2019-08-22		4	
ASM3001375v1	GCF_030013755.1	GCA_030013755.1	Escherichia coli	562		ETEC1730					GCF_030013755.1-RS_2025_06_13	Complete Genome	2023-05-15		5	
ASM5539663v1	GCF_055396635.1	GCA_055396635.1	Escherichia coli	562		HCM-24C-3					GCF_055396635.1-RS_2026_02_24	Complete Genome	2026-02-25		2	
ASM5292286v1	GCF_052922865.1	GCA_052922865.1	Escherichia coli	562		EC67					GCF_052922865.1-RS_2025_11_17	Complete Genome	2025-09-30	JBRETV01	7	
ASM295165v1	GCF_002951655.1	GCA_002951655.1	Escherichia coli	562		13P477T					GCF_002951655.1-RS_2025_03_24	Complete Genome	2018-02-05		12	
ASM2320665v1	GCF_023206655.1	GCA_023206655.1	Escherichia coli	562		ESM2.2					GCF_023206655.1-RS_2025_06_14	Complete Genome	2022-05-02		3	
ASM2320671v1	GCF_023206715.1	GCA_023206715.1	Escherichia coli	562		SSGNw1					GCF_023206715.1-RS_2025_06_14	Complete Genome	2022-05-02		3	
ASM2320673v1	GCF_023206735.1	GCA_023206735.1	Escherichia coli	562		SSGNw2					GCF_023206735.1-RS_2025_06_14	Complete Genome	2022-05-02		3	
ASM2320659v1	GCF_023206595.1	GCA_023206595.1	Escherichia coli	562		PBP5					GCF_023206595.1-RS_2025_06_14	Complete Genome	2022-05-02		3	
ASM2320663v1	GCF_023206635.1	GCA_023206635.1	Escherichia coli	562		ESM1.4					GCF_023206635.1-RS_2025_06_14	Complete Genome	2022-05-02		3	
ASM2320667v1	GCF_023206675.1	GCA_023206675.1	Escherichia coli	562		SSGw1					GCF_023206675.1-RS_2025_06_14	Complete Genome	2022-05-02		3	
ASM2320669v1	GCF_023206695.1	GCA_023206695.1	Escherichia coli	562		SSGw2					GCF_023206695.1-RS_2025_06_14	Complete Genome	2022-05-02		3	
ASM5472076v1	GCF_054720765.1	GCA_054720765.1	Escherichia coli	562		GIMC1409:EC_VCMCH3-12					GCF_054720765.1-RS_2026_01_26	Complete Genome	2026-01-25	JBTVPZ01	7	
ASM1293447v1	GCF_012934475.1	GCA_012934475.1	Escherichia coli	562		SCU-108					GCF_012934475.1-RS_2025_07_03	Complete Genome	2020-04-30		3	
ASM3464421v1	GCF_034644215.1	GCA_034644215.1	Escherichia coli	562		KE41					GCF_034644215.1-RS_2025_02_20	Complete Genome	2023-12-26		3	
ASM1688896v1	GCF_016888965.1	GCA_016888965.1	Escherichia coli	562		FDAARGOS_1261					GCF_016888965.1-RS_2025_07_05	Complete Genome	2021-02-15		1	
ASM4534803v1	GCF_045348035.1	GCA_045348035.1	Escherichia coli	562		ECSD228					GCF_045348035.1-RS_2024_11_27	Complete Genome	2024-11-27		7	
ASM2665108v1	GCF_026651085.1	GCA_026651085.1	Escherichia coli	562		GN02050					GCF_026651085.1-RS_2025_03_10	Complete Genome	2022-12-05		8	
ASM1688912v1	GCF_016889125.1	GCA_016889125.1	Escherichia coli	562		FDAARGOS_1249					GCF_016889125.1-RS_2025_07_06	Complete Genome	2021-02-15		11	
ASM2149640v1	GCF_021496405.1	GCA_021496405.1	Escherichia coli	562		1162C					GCF_021496405.1-RS_2025_02_08	Complete Genome	2022-01-18		2	
ASM1293461v1	GCF_012934615.1	GCA_012934615.1	Escherichia coli	562		SCU-123					GCF_012934615.1-RS_2025_07_03	Complete Genome	2020-04-30		3	
ASM1694475v1	GCF_016944755.1	GCA_016944755.1	Escherichia coli	562		EH01-18-04-A					GCF_016944755.1-RS_2025_07_06	Complete Genome	2021-02-25		3	
ASM1873406v1	GCF_018734065.1	GCA_018734065.1	Escherichia coli	562		F11					GCF_018734065.1-RS_2025_07_13	Complete Genome	2021-06-07		2	
ASM128032v1	GCF_001280325.1	GCA_001280325.1	Escherichia coli	562		SF-088					GCF_001280325.1-RS_2025_06_16	Complete Genome	2015-09-09		4	
ASM5292296v1	GCF_052922965.1	GCA_052922965.1	Escherichia coli	562		EC444					GCF_052922965.1-RS_2025_11_17	Complete Genome	2025-09-30	JBRETS01	6	
ASM3029627v1	GCF_030296275.1	GCA_030296275.1	Escherichia coli	562		EC556			EC556		GCF_030296275.1-RS_2025_07_09	Complete Genome	2023-03-21		4	
ASM4534506v1	GCF_045345065.1	GCA_045345065.1	Escherichia coli	562		Z1323PEC0008					GCF_045345065.1-RS_2024_11_27	Complete Genome	2024-11-27		6	
ASM1513973v1	GCF_015139735.1	GCA_015139735.1	Escherichia coli	562		THO-015					GCF_015139735.1-RS_2025_07_05	Complete Genome	2020-10-08		4	
ASM2536997v1	GCF_025369975.1	GCA_025369975.1	Escherichia coli	562		UC4224					GCF_025369975.1-RS_2024_12_30	Complete Genome	2022-09-22		3	
30348_1#89	GCF_964041535.1	GCA_964041535.1	Escherichia coli	562					30348_1#89		GCF_964041535.1-RS_2025_05_30	Complete Genome	2024-05-20		3	
ASM5418814v1	GCF_054188145.1	GCA_054188145.1	Escherichia coli	562		Z1324SEC0014					GCF_054188145.1-RS_2025_12_25	Complete Genome	2025-12-25	JBSZTH01	5	
30859_5#12	GCF_964054945.1	GCA_964054945.1	Escherichia coli	562					30859_5#12		GCF_964054945.1-RS_2025_05_30	Complete Genome	2024-05-20		2	
ASM3029623v1	GCF_030296235.1	GCA_030296235.1	Escherichia coli	562		EC581			EC581		GCF_030296235.1-RS_2025_07_09	Complete Genome	2023-03-21		5	
ASM156667v1	GCF_001566675.1	GCA_001566675.1	Escherichia coli	562		ZH193					GCF_001566675.1-RS_2025_06_15	Complete Genome	2016-02-23		2	
ASM5432865v1	GCF_054328655.1	GCA_054328655.1	Escherichia coli	562		WGI31CT					GCF_054328655.1-RS_2026_01_05	Complete Genome	2026-01-04	JBTGFV01	1	
ASM3029625v1	GCF_030296255.1	GCA_030296255.1	Escherichia coli	562		EC571			EC571		GCF_030296255.1-RS_2025_07_09	Complete Genome	2023-03-21		4	
ASM5288763v1	GCF_052887635.1	GCA_052887635.1	Escherichia coli	562		VTB97420v					GCF_052887635.1-RS_2025_09_28	Complete Genome	2025-09-30		8	
ASM4432479v1	GCF_044324795.1	GCA_044324795.1	Escherichia coli	562		GF131					GCF_044324795.1-RS_2024_11_04	Complete Genome	2024-11-04		6	
ASM2255924v1	GCF_022559245.1	GCA_022559245.1	Escherichia coli	562		EC8					GCF_022559245.1-RS_2025_06_02	Complete Genome	2022-03-14		10	
ASM1690455v1	GCF_016904555.1	GCA_016904555.1	Escherichia coli	562		FDAARGOS_1285					GCF_016904555.1-RS_2025_07_04	Complete Genome	2021-02-17		6	
ASM4432490v1	GCF_044324905.1	GCA_044324905.1	Escherichia coli	562		GF75					GCF_044324905.1-RS_2024_11_04	Complete Genome	2024-11-04		4	
ASM317685v1	GCF_003176855.1	GCA_003176855.1	Escherichia coli	562		RM10466					GCF_003176855.1-RS_2025_06_22	Complete Genome	2018-05-30		3	
ASM3628774v1	GCF_036287745.1	GCA_036287745.1	Escherichia coli	562		EC200461					GCF_036287745.1-RS_2025_03_12	Complete Genome	2024-01-29		9	
ASM1888448v1	GCF_018884485.1	GCA_018884485.1	Escherichia coli	562		E275 a					GCF_018884485.1-RS_2025_07_21	Complete Genome	2021-06-15		5	
ASM3001266v1	GCF_030012665.1	GCA_030012665.1	Escherichia coli	562		ETEC1716					GCF_030012665.1-RS_2025_06_13	Complete Genome	2023-05-15		6	
ASM2284621v1	GCF_022846215.1	GCA_022846215.1	Escherichia coli	562		Rb-3					GCF_022846215.1-RS_2025_06_08	Complete Genome	2022-03-25		2	
ASM190098v1	GCF_001900985.1	GCA_001900985.1	Escherichia coli	562		S43					GCF_001900985.1-RS_2025_06_19	Complete Genome	2016-12-12		1	
ASM318103v1	GCF_003181035.1	GCA_003181035.1	Escherichia coli	562		DA33135					GCF_003181035.1-RS_2025_06_23	Complete Genome	2018-05-31		3	
ASM4132013v1	GCF_041320135.1	GCA_041320135.1	Escherichia coli	562		ET350					GCF_041320135.1-RS_2024_09_01	Complete Genome	2024-08-18		4	
ASM5156379v1	GCF_051563795.1	GCA_051563795.1	Escherichia coli	562		ECE204					GCF_051563795.1-RS_2025_07_30	Complete Genome	2025-07-31		1	
ASM3051525v1	GCF_030515255.1	GCA_030515255.1	Escherichia coli	562		MS20674					GCF_030515255.1-RS_2025_08_02	Complete Genome	2023-07-21		5	
ASM4025506v1	GCF_040255065.1	GCA_040255065.1	Escherichia coli	562		EC2257					GCF_040255065.1-RS_2025_06_27	Complete Genome	2024-06-21		3	
ASM3727781v1	GCF_037277815.1	GCA_037277815.1	Escherichia coli	562		GN02100					GCF_037277815.1-RS_2025_04_28	Complete Genome	2024-04-05		4	
ASM235787v1	GCF_002357875.1	GCA_002357875.1	Escherichia coli	562		MRY15-131					GCF_002357875.1-RS_2025_05_23	Complete Genome	2017-04-06		3	
ASM3029617v1	GCF_030296175.1	GCA_030296175.1	Escherichia coli	562		EC476			EC476		GCF_030296175.1-RS_2025_07_09	Complete Genome	2023-03-21		2	
ASM3650228v1	GCF_036502285.1	GCA_036502285.1	Escherichia coli	562		PSS-15					GCF_036502285.1-RS_2025_04_27	Complete Genome	2023-11-04		4	
ASM2249485v1	GCF_022494855.1	GCA_022494855.1	Escherichia coli	562		KFu014					GCF_022494855.1-RS_2025_05_30	Complete Genome	2022-03-07		4	
ASM2153498v1	GCF_021534985.1	GCA_021534985.1	Escherichia coli	562		STEC379					GCF_021534985.1-RS_2025_02_11	Complete Genome	2022-01-20		2	
ASM2922412v1	GCF_029224125.1	GCA_029224125.1	Escherichia coli	562		ZYB39					GCF_029224125.1-RS_2025_01_20	Complete Genome	2023-03-16		3	
ASM1971041v1	GCF_019710415.1	GCA_019710415.1	Escherichia coli	562		EC1722-1					GCF_019710415.1-RS_2024_12_22	Complete Genome	2021-08-21		7	
ASM189036v1	GCF_001890365.1	GCA_001890365.1	Escherichia coli	562		MRSN346647					GCF_001890365.1-RS_2025_06_17	Complete Genome	2016-12-07		3	
ASM214269v1	GCF_002142695.1	GCA_002142695.1	Escherichia coli	562		5CRE51					GCF_002142695.1-RS_2025_06_20	Complete Genome	2017-05-16		3	
ASM3038480v1	GCF_030384805.1	GCA_030384805.1	Escherichia coli	562		VG35A2					GCF_030384805.1-RS_2025_07_19	Complete Genome	2023-07-02		3	
ASM5156017v1	GCF_051560175.1	GCA_051560175.1	Escherichia coli	562		AH21H025					GCF_051560175.1-RS_2025_07_30	Complete Genome	2025-07-31		2	
ASM1908682v1	GCF_019086825.1	GCA_019086825.1	Escherichia coli	562		702/18					GCF_019086825.1-RS_2025_09_11	Complete Genome	2021-07-01		6	
ASM5566148v1	GCF_055661485.1	GCA_055661485.1	Escherichia coli	562		JNEC-KY203					GCF_055661485.1-RS_2026_03_04	Complete Genome	2026-03-06		1	
ASM1416901v1	GCF_014169015.1	GCA_014169015.1	Escherichia coli	562		WP4-S17-ESBL-03					GCF_014169015.1-RS_2025_07_03	Complete Genome	2020-07-21		5	
ASM5545629v1	GCF_055456295.1	GCA_055456295.1	Escherichia coli	562		CB6886					GCF_055456295.1-RS_2026_02_24	Complete Genome	2026-02-24	JBVDMN01	5	
CB6886_version2	GCF_965282995.1	GCA_965282995.1	Escherichia coli	562					CB6886		GCF_965282995.1-RS_2026_02_26	Complete Genome	2026-02-26		5	
ASM2080938v1	GCF_020809385.1	GCA_020809385.1	Escherichia coli	562		EH41					GCF_020809385.1-RS_2025_02_23	Complete Genome	2021-11-09		3	
ASM4610898v1	GCF_046108985.1	GCA_046108985.1	Escherichia coli	562		21KM1392					GCF_046108985.1-RS_2024_12_17	Complete Genome	2024-12-17		4	
ASM301875v1	GCF_003018755.1	GCA_003018755.1	Escherichia coli	562		2014C-4587					GCF_003018755.1-RS_2025_06_21	Complete Genome	2018-03-26		2	
ASM5479287v1	GCF_054792875.1	GCA_054792875.1	Escherichia coli	562		EcE.ESBL.COL					GCF_054792875.1-RS_2026_01_28	Complete Genome	2026-01-28	JBTWAA01	4	
AI2598v1_cp	GCF_905218875.2	GCA_905218875.2	Escherichia coli	562					131		GCF_905218875.2-RS_2025_03_26	Complete Genome	2022-05-22		3	
ASM5545639v1	GCF_055456395.1	GCA_055456395.1	Escherichia coli	562		LP-26-E1-261					GCF_055456395.1-RS_2026_02_24	Complete Genome	2026-02-24	JBVDMR01	9	
LP26-E1-261_version2	GCF_965282885.1	GCA_965282885.1	Escherichia coli	562					LP26-E1-261		GCF_965282885.1-RS_2026_02_26	Complete Genome	2026-02-26		9	
ASM4857261v1	GCF_048572615.1	GCA_048572615.1	Escherichia coli	562		AREA_502					GCF_048572615.1-RS_2025_03_16	Complete Genome	2025-03-16		3	
ASM3006388v1	GCF_030063885.1	GCA_030063885.1	Escherichia coli	562		AVS0750					GCF_030063885.1-RS_2025_06_17	Complete Genome	2023-05-12		2	
ASM5550221v1	GCF_055502215.1	GCA_055502215.1	Escherichia coli	562		E1					GCF_055502215.1-RS_2026_02_25	Complete Genome	2026-02-25	JBVFJZ01	6	
E400634.fasta	GCF_052908095.1	GCA_052908095.1	Escherichia coli	562		E400634					GCF_052908095.1-RS_2025_11_17	Complete Genome	2025-09-29	JBRERJ01	7	
ASM5156201v1	GCF_051562015.1	GCA_051562015.1	Escherichia coli	562		AH19K002					GCF_051562015.1-RS_2025_07_30	Complete Genome	2025-07-31		1	
ASM2999049v1	GCF_029990495.1	GCA_029990495.1	Escherichia coli	562		AVS0972					GCF_029990495.1-RS_2025_06_13	Complete Genome	2023-05-12		5	
ASM3558247v1	GCF_035582475.1	GCA_035582475.1	Escherichia coli	562		W24					GCF_035582475.1-RS_2025_02_26	Complete Genome	2024-01-11		3	
ASM1070643v1	GCF_010706435.1	GCA_010706435.1	Escherichia coli	562		GW-AmxH19					GCF_010706435.1-RS_2025_05_09	Complete Genome	2020-02-18		2	
ASM3028548v1	GCF_030285485.1	GCA_030285485.1	Escherichia coli	562		C41					GCF_030285485.1-RS_2025_07_06	Complete Genome	2023-06-18		3	
ASM279658v1	GCF_002796585.1	GCA_002796585.1	Escherichia coli	562		AR_0017					GCF_002796585.1-RS_2025_06_22	Complete Genome	2017-11-27		2	
ASM3003934v1	GCF_030039345.1	GCA_030039345.1	Escherichia coli	562		AVS0343					GCF_030039345.1-RS_2025_06_15	Complete Genome	2023-05-12		3	
30821_1#335	GCF_964054695.1	GCA_964054695.1	Escherichia coli	562					30821_1#335		GCF_964054695.1-RS_2025_05_30	Complete Genome	2024-05-20		2	
ASM2014946v1	GCF_020149465.1	GCA_020149465.1	Escherichia coli	562		SUISSEKPC3NDM5					GCF_020149465.1-RS_2025_01_20	Complete Genome	2021-09-25		8	
ASM5528569v1	GCF_055285695.1	GCA_055285695.1	Escherichia coli	562		E06					GCF_055285695.1-RS_2026_02_18	Complete Genome	2026-02-18	JBUZKI01	4	
ASM231057v1	GCF_002310575.1	GCA_002310575.1	Escherichia coli	562		317					GCF_002310575.1-RS_2025_06_21	Complete Genome	2017-09-18		2	
ASM4840435v1	GCF_048404355.1	GCA_048404355.1	Escherichia coli	562		492					GCF_048404355.1-RS_2025_03_06	Complete Genome	2025-03-07		3	
ASM2458486v1	GCF_024584865.1	GCA_024584865.1	Escherichia coli	562		SA53-3					GCF_024584865.1-RS_2025_09_10	Complete Genome	2022-08-08		3	
ASM2139029v2	GCF_021390295.2	GCA_021390295.2	Escherichia coli	562		PE164					GCF_021390295.2-RS_2025_03_15	Complete Genome	2022-12-22		2	
ASM5371127v1	GCF_053711275.1	GCA_053711275.1	Escherichia coli	562		2020N08-094					GCF_053711275.1-RS_2025_11_26	Complete Genome	2025-11-26	JBSJZK01	6	
ASM2365799v1	GCF_023657995.1	GCA_023657995.1	Escherichia coli	562		Z0117EC0098					GCF_023657995.1-RS_2025_07_04	Complete Genome	2022-06-07		2	
ASM1293449v1	GCF_012934495.1	GCA_012934495.1	Escherichia coli	562		SCU-109					GCF_012934495.1-RS_2025_07_03	Complete Genome	2020-04-30		2	
ASM5323816v1	GCF_053238165.1	GCA_053238165.1	Escherichia coli	562		CREC-2					GCF_053238165.1-RS_2025_11_18	Complete Genome	2025-11-20		1	
ASM3688462v1	GCF_036884625.1	GCA_036884625.1	Escherichia coli	562		S1-KEN-07-A					GCF_036884625.1-RS_2025_04_28	Complete Genome	2024-04-05		6	
ASM4043862v1	GCF_040438625.1	GCA_040438625.1	Escherichia coli	562		10035776-3					GCF_040438625.1-RS_2024_07_02	Complete Genome	2024-07-02		4	
ASM157732v1	GCF_001577325.1	GCA_001577325.1	Escherichia coli	562		ZH063					GCF_001577325.1-RS_2025_06_20	Complete Genome	2016-02-29		3	
ASM4840434v1	GCF_048404345.1	GCA_048404345.1	Escherichia coli	562		488					GCF_048404345.1-RS_2025_03_06	Complete Genome	2025-03-07		3	
ASM4134492v1	GCF_041344925.1	GCA_041344925.1	Escherichia coli	562		CRE444					GCF_041344925.1-RS_2024_08_20	Complete Genome	2024-08-21		5	
ASM5590253v1	GCF_055902535.1	GCA_055902535.1	Escherichia coli	562		PK-F-10132					GCF_055902535.1-RS_2026_03_16	Complete Genome	2026-03-15	JBVVYB01	3	
ASM1690453v1	GCF_016904535.1	GCA_016904535.1	Escherichia coli	562		FDAARGOS_1297					GCF_016904535.1-RS_2025_07_04	Complete Genome	2021-02-17		3	
ASM190114v1	GCF_001901145.1	GCA_001901145.1	Escherichia coli	562		M11					GCF_001901145.1-RS_2025_02_21	Complete Genome	2016-12-12		7	
ASM2473483v1	GCF_024734835.1	GCA_024734835.1	Escherichia coli	562		SCAID WND1-2022 (119)					GCF_024734835.1-RS_2024_12_15	Complete Genome	2022-08-24		3	
ASM5155891v1	GCF_051558915.1	GCA_051558915.1	Escherichia coli	562		AH20I049					GCF_051558915.1-RS_2025_07_30	Complete Genome	2025-07-31		3	
372_BP0083B_scaffolds	GCF_964200025.1	GCA_964200025.1	Escherichia coli	562					372_BP0083		GCF_964200025.1-RS_2024_11_08	Complete Genome	2024-11-09		3	
ASM201204v1	GCF_002012045.1	GCA_002012045.1	Escherichia coli	562		Ecol_545					GCF_002012045.1-RS_2025_06_20	Complete Genome	2017-03-03		6	
ASM1888458v1	GCF_018884585.1	GCA_018884585.1	Escherichia coli	562		LSN03-016011/A					GCF_018884585.1-RS_2025_07_21	Complete Genome	2021-06-15		2	
ASM90052032v1	GCF_900520325.1	GCA_900520325.1	Escherichia coli	562					Escherichia coli str. TO60		GCF_900520325.1-RS_2025_06_25	Complete Genome	2019-01-29		3	
ASM5538989v1	GCF_055389895.1	GCA_055389895.1	Escherichia coli	562		160-11H1					GCF_055389895.1-RS_2026_02_24	Complete Genome	2026-02-25		4	
ASM5212264v1	GCF_052122645.1	GCA_052122645.1	Escherichia coli	562		2020N21-246-1					GCF_052122645.1-RS_2025_08_19	Complete Genome	2025-08-19	JBQJRQ01	7	
ASM3688461v1	GCF_036884615.1	GCA_036884615.1	Escherichia coli	562		S1-NGR-02-A					GCF_036884615.1-RS_2025_04_28	Complete Genome	2024-04-05		4	
ASM3688437v1	GCF_036884375.1	GCA_036884375.1	Escherichia coli	562		S1-ESP-02-A					GCF_036884375.1-RS_2025_04_28	Complete Genome	2024-04-05		6	
ASM1690443v1	GCF_016904435.1	GCA_016904435.1	Escherichia coli	562		FDAARGOS_1301					GCF_016904435.1-RS_2025_07_05	Complete Genome	2021-02-17		4	
39081_F01	GCF_900635205.1	GCA_900635205.1	Escherichia coli	562		NCTC9082					GCF_900635205.1-RS_2025_06_25	Complete Genome	2018-12-19		1	
E300444.fasta	GCF_052907805.1	GCA_052907805.1	Escherichia coli	562		300444					GCF_052907805.1-RS_2025_11_17	Complete Genome	2025-09-29	JBREQV01	3	
ASM1790095v1	GCF_017900955.1	GCA_017900955.1	Escherichia coli	562		JA0265					GCF_017900955.1-RS_2025_07_05	Complete Genome	2021-04-12		1	
ASM1790097v1	GCF_017900975.1	GCA_017900975.1	Escherichia coli	562		JA0266					GCF_017900975.1-RS_2025_07_05	Complete Genome	2021-04-12		1	
ASM1790099v1	GCF_017900995.1	GCA_017900995.1	Escherichia coli	562		JA0257					GCF_017900995.1-RS_2025_07_05	Complete Genome	2021-04-12		1	
ASM1790101v1	GCF_017901015.1	GCA_017901015.1	Escherichia coli	562		NC101					GCF_017901015.1-RS_2025_07_05	Complete Genome	2021-04-12		1	
ASM1834383v1	GCF_018343835.1	GCA_018343835.1	Escherichia coli	562		JA0072					GCF_018343835.1-RS_2025_06_15	Complete Genome	2021-05-12		1	
ASM301833v1	GCF_003018335.1	GCA_003018335.1	Escherichia coli	562		2013C-4282					GCF_003018335.1-RS_2025_06_23	Complete Genome	2018-03-26		3	
ASM2953663v1	GCF_029536635.1	GCA_029536635.1	Escherichia coli	562		H22					GCF_029536635.1-RS_2025_06_02	Complete Genome	2023-04-02		4	
ASM3029554v1	GCF_030295545.1	GCA_030295545.1	Escherichia coli	562		JNE170426					GCF_030295545.1-RS_2025_07_08	Complete Genome	2023-05-30		4	
ASM2794483v1	GCF_027944835.1	GCA_027944835.1	Escherichia coli	562		DETEC-P622					GCF_027944835.1-RS_2025_03_20	Complete Genome	2023-01-24		7	
ASM5490267v1	GCF_054902675.1	GCA_054902675.1	Escherichia coli	562		GPEC1352					GCF_054902675.1-RS_2026_02_04	Complete Genome	2026-02-03	JBUBJG01	5	
ASM4567245v1	GCF_045672455.1	GCA_045672455.1	Escherichia coli	562		CT282					GCF_045672455.1-RS_2024_12_05	Complete Genome	2024-12-06		3	
ASM1308494v1	GCF_013084945.1	GCA_013084945.1	Escherichia coli	562		SCU-306					GCF_013084945.1-RS_2025_07_03	Complete Genome	2020-05-13		3	
ASM396677v2	GCF_003966775.2	GCA_003966775.2	Escherichia coli	562		SK1144					GCF_003966775.2-RS_2025_09_29	Complete Genome	2023-12-06		2	
ASM218009v1	GCF_002180095.1	GCA_002180095.1	Escherichia coli	562		AR_0119					GCF_002180095.1-RS_2025_06_20	Complete Genome	2017-06-08		4	
ASM5554272v1	GCF_055542725.1	GCA_055542725.1	Escherichia coli	562		OkiPb01716					GCF_055542725.1-RS_2026_03_04	Complete Genome	2026-03-06		5	
ASM5447821v1	GCF_054478215.1	GCA_054478215.1	Escherichia coli	562		LSC52					GCF_054478215.1-RS_2026_01_13	Complete Genome	2026-01-12	JBNWER01	3	
ASM5156300v1	GCF_051563005.1	GCA_051563005.1	Escherichia coli	562		AH21H052					GCF_051563005.1-RS_2025_07_30	Complete Genome	2025-07-31		1	
ASM1690333v1	GCF_016903335.1	GCA_016903335.1	Escherichia coli	562		FDAARGOS_1295					GCF_016903335.1-RS_2025_07_06	Complete Genome	2021-02-17		2	
ASM1675765v1	GCF_016757655.1	GCA_016757655.1	Escherichia coli	562		M-17					GCF_016757655.1-RS_2025_07_04	Complete Genome	2021-01-27		1	
ASM4503744v1	GCF_045037445.1	GCA_045037445.1	Escherichia coli	562		98232					GCF_045037445.1-RS_2024_11_20	Complete Genome	2024-11-23		5	
ASM5212295v1	GCF_052122955.1	GCA_052122955.1	Escherichia coli	562		2020N21-246					GCF_052122955.1-RS_2025_08_19	Complete Genome	2025-08-19	JBQJRR01	8	
ASM5528357v1	GCF_055283575.1	GCA_055283575.1	Escherichia coli	562		E22					GCF_055283575.1-RS_2026_02_18	Complete Genome	2026-02-17	JBUZJT01	2	
ASM5490335v1	GCF_054903355.1	GCA_054903355.1	Escherichia coli	562		GPEC172					GCF_054903355.1-RS_2026_02_04	Complete Genome	2026-02-04	JBUBHX01	4	
ASM2296481v1	GCF_022964815.1	GCA_022964815.1	Escherichia coli	562		Iso00225					GCF_022964815.1-RS_2025_06_10	Complete Genome	2022-04-13		3	
ASM5292304v1	GCF_052923045.1	GCA_052923045.1	Escherichia coli	562		EC100					GCF_052923045.1-RS_2025_11_17	Complete Genome	2025-09-30	JBRETQ01	7	
ASM5550482v1	GCF_055504825.1	GCA_055504825.1	Escherichia coli	562		Yu5					GCF_055504825.1-RS_2026_02_26	Complete Genome	2026-02-26		6	
ASM3166397v1	GCF_031663975.1	GCA_031663975.1	Escherichia coli	562		TUM12357					GCF_031663975.1-RS_2024_12_18	Complete Genome	2023-09-19		6	
ASM166058v1	GCF_001660585.1	GCA_001660585.1	Escherichia coli	562		NGF1					GCF_001660585.1-RS_2025_06_19	Complete Genome	2016-06-09		3	
ASM5538544v1	GCF_055385445.1	GCA_055385445.1	Escherichia coli	562		OkiPb01695					GCF_055385445.1-RS_2026_02_24	Complete Genome	2026-02-25		4	
ASM5528329v1	GCF_055283295.1	GCA_055283295.1	Escherichia coli	562		E14					GCF_055283295.1-RS_2026_02_18	Complete Genome	2026-02-17	JBUZKA01	3	
30821_1#330	GCF_964054465.1	GCA_964054465.1	Escherichia coli	562					30821_1#330		GCF_964054465.1-RS_2025_05_30	Complete Genome	2024-05-20		5	
ASM1337230v1	GCF_013372305.1	GCA_013372305.1	Escherichia coli	562		EcPF40					GCF_013372305.1-RS_2025_07_03	Complete Genome	2020-06-24		5	
ASM5155974v1	GCF_051559745.1	GCA_051559745.1	Escherichia coli	562		AH21C062					GCF_051559745.1-RS_2025_07_30	Complete Genome	2025-07-31		3	
ASM2249480v1	GCF_022494805.1	GCA_022494805.1	Escherichia coli	562		KOr021					GCF_022494805.1-RS_2025_05_30	Complete Genome	2022-03-07		1	
ASM3688436v1	GCF_036884365.1	GCA_036884365.1	Escherichia coli	562		S1-ESP-03-A					GCF_036884365.1-RS_2025_04_27	Complete Genome	2024-04-05		2	
ASM1690405v1	GCF_016904055.1	GCA_016904055.1	Escherichia coli	562		FDAARGOS_1293					GCF_016904055.1-RS_2025_07_04	Complete Genome	2021-02-17		3	
ASM3001322v1	GCF_030013225.1	GCA_030013225.1	Escherichia coli	562		ETEC4075					GCF_030013225.1-RS_2025_06_13	Complete Genome	2023-05-15		3	
ASM1529178v1	GCF_015291785.1	GCA_015291785.1	Escherichia coli	562		R1					GCF_015291785.1-RS_2025_07_04	Complete Genome	2020-11-09		2	
ASM295209v1	GCF_002952095.1	GCA_002952095.1	Escherichia coli	562		Combat11I9					GCF_002952095.1-RS_2025_06_21	Complete Genome	2018-02-02		5	
ASM5433179v1	GCF_054331795.1	GCA_054331795.1	Escherichia coli	562		FXCREC048					GCF_054331795.1-RS_2026_01_05	Complete Genome	2026-01-04	JBTGJD01	2	
ASM3038921v1	GCF_030389215.1	GCA_030389215.1	Escherichia coli	562		TUM14759					GCF_030389215.1-RS_2025_07_19	Complete Genome	2023-07-03		11	
ASM90049741v1	GCF_900497415.1	GCA_900497415.1	Escherichia coli	562					EC-TO143		GCF_900497415.1-RS_2025_06_25	Complete Genome	2019-01-29		5	
ASM1822366v1	GCF_018223665.1	GCA_018223665.1	Escherichia coli	562		MFDS1006657					GCF_018223665.1-RS_2025_07_06	Complete Genome	2021-05-02		2	
ASM5566146v1	GCF_055661465.1	GCA_055661465.1	Escherichia coli	562		JNEC-KY208					GCF_055661465.1-RS_2026_03_04	Complete Genome	2026-03-06		1	
ASM332597v1	GCF_003325975.1	GCA_003325975.1	Escherichia coli	562		AMSHJX01					GCF_003325975.1-RS_2025_06_23	Complete Genome	2018-07-18		2	
ASM2149642v1	GCF_021496425.1	GCA_021496425.1	Escherichia coli	562		1162T7					GCF_021496425.1-RS_2025_02_08	Complete Genome	2022-01-18		2	
ASM1462272v1	GCF_014622725.1	GCA_014622725.1	Escherichia coli	562		LD67-1					GCF_014622725.1-RS_2025_07_04	Complete Genome	2020-09-14		4	
E602687	GCF_051991435.1	GCA_051991435.1	Escherichia coli	562		602687					GCF_051991435.1-RS_2025_08_14	Complete Genome	2025-08-15		5	
ASM4858564v1	GCF_048585645.1	GCA_048585645.1	Escherichia coli	562		AZ 186					GCF_048585645.1-RS_2025_03_17	Complete Genome	2025-03-17		5	
ASM3099140v1	GCF_030991405.1	GCA_030991405.1	Escherichia coli	562		MS10860					GCF_030991405.1-RS_2025_09_14	Complete Genome	2023-08-30		7	
ASM3237526v1	GCF_032375265.1	GCA_032375265.1	Escherichia coli	562		TUM2367					GCF_032375265.1-RS_2024_12_30	Complete Genome	2023-10-05		9	
ASM1331567v1	GCF_013315675.1	GCA_013315675.1	Escherichia coli	562		SCU-176					GCF_013315675.1-RS_2025_07_03	Complete Genome	2020-06-10		8	
ASM4567491v1	GCF_045674915.1	GCA_045674915.1	Escherichia coli	562		EC31					GCF_045674915.1-RS_2024_12_05	Complete Genome	2024-12-06		5	
ASM319434v1	GCF_003194345.1	GCA_003194345.1	Escherichia coli	562		E41-1					GCF_003194345.1-RS_2025_06_22	Complete Genome	2018-06-06		4	
ASM1734883v2	GCF_017348835.2	GCA_017348835.2	Escherichia coli	562		E105					GCF_017348835.2-RS_2025_07_05	Complete Genome	2021-04-06		7	
ASM299694v1	GCF_002996945.1	GCA_002996945.1	Escherichia coli	562		AR_0081					GCF_002996945.1-RS_2025_06_22	Complete Genome	2018-03-14		4	
ASM395618v1	GCF_003956185.1	GCA_003956185.1	Escherichia coli	562		504237					GCF_003956185.1-RS_2025_06_25	Complete Genome	2018-12-19		3	
ASM190033v1	GCF_001900335.1	GCA_001900335.1	Escherichia coli	562		C10					GCF_001900335.1-RS_2025_06_19	Complete Genome	2016-12-12		1	
ASM2237667v1	GCF_022376675.1	GCA_022376675.1	Escherichia coli	562		67-1					GCF_022376675.1-RS_2025_05_29	Complete Genome	2021-06-15		6	
ASM5369941v1	GCF_053699415.1	GCA_053699415.1	Escherichia coli	562		19AR0646					GCF_053699415.1-RS_2025_11_26	Complete Genome	2025-11-25	JBRAWH01	3	
ASM3028556v1	GCF_030285565.1	GCA_030285565.1	Escherichia coli	562		C51					GCF_030285565.1-RS_2025_07_05	Complete Genome	2023-06-18		10	
ASM5155823v1	GCF_051558235.1	GCA_051558235.1	Escherichia coli	562		AH19D088					GCF_051558235.1-RS_2025_07_30	Complete Genome	2025-07-31		2	
ASM3566631v1	GCF_035666315.1	GCA_035666315.1	Escherichia coli	562		HS4					GCF_035666315.1-RS_2025_03_09	Complete Genome	2024-01-16		6	
ASM307639v1	GCF_003076395.1	GCA_003076395.1	Escherichia coli	562		ZJ3920					GCF_003076395.1-RS_2025_06_23	Complete Genome	2018-05-01		4	
ASM2249387v1	GCF_022493875.1	GCA_022493875.1	Escherichia coli	562		A1					GCF_022493875.1-RS_2025_05_02	Complete Genome	2022-03-07		1	
ASM3029552v1	GCF_030295525.1	GCA_030295525.1	Escherichia coli	562		JNE131328					GCF_030295525.1-RS_2025_07_10	Complete Genome	2023-05-30		5	
ASM205563v1	GCF_002055635.1	GCA_002055635.1	Escherichia coli	562		AR_0118					GCF_002055635.1-RS_2025_06_21	Complete Genome	2017-03-21		4	
ASM4125159v1	GCF_041251595.1	GCA_041251595.1	Escherichia coli	562		CDF6					GCF_041251595.1-RS_2024_12_02	Complete Genome	2024-08-14		4	
ASM414195v1	GCF_004141955.1	GCA_004141955.1	Escherichia coli	562		U12A					GCF_004141955.1-RS_2025_06_25	Complete Genome	2019-02-04		9	
ASM3728756v1	GCF_037287565.1	GCA_037287565.1	Escherichia coli	562		GN06758					GCF_037287565.1-RS_2025_04_27	Complete Genome	2024-04-05		3	
323_BP0014P_scaffolds	GCF_964200015.1	GCA_964200015.1	Escherichia coli	562					323_BP0014		GCF_964200015.1-RS_2024_11_08	Complete Genome	2024-11-09		5	
ASM2794481v1	GCF_027944815.1	GCA_027944815.1	Escherichia coli	562		DETEC-P649					GCF_027944815.1-RS_2025_03_20	Complete Genome	2023-01-24		9	
ASM3728794v1	GCF_037287945.1	GCA_037287945.1	Escherichia coli	562		GN06489					GCF_037287945.1-RS_2025_04_28	Complete Genome	2024-04-05		3	
ASM2794479v1	GCF_027944795.1	GCA_027944795.1	Escherichia coli	562		DETEC-P666					GCF_027944795.1-RS_2025_03_20	Complete Genome	2023-01-24		13	
ASM3562109v1	GCF_035621095.1	GCA_035621095.1	Escherichia coli	562		HYM1					GCF_035621095.1-RS_2025_03_09	Complete Genome	2024-01-14		2	
ASM3562111v1	GCF_035621115.1	GCA_035621115.1	Escherichia coli	562		T-HYM1					GCF_035621115.1-RS_2025_03_09	Complete Genome	2024-01-14		2	
ASM2365826v1	GCF_023658265.1	GCA_023658265.1	Escherichia coli	562		Z0117EC0062					GCF_023658265.1-RS_2025_07_03	Complete Genome	2022-06-07		4	
ASM3166599v1	GCF_031665995.1	GCA_031665995.1	Escherichia coli	562		TUM10828					GCF_031665995.1-RS_2024_12_18	Complete Genome	2023-09-19		4	
ASM3003922v1	GCF_030039225.1	GCA_030039225.1	Escherichia coli	562		AVS0155					GCF_030039225.1-RS_2025_06_15	Complete Genome	2023-05-12		4	
ASM3051555v1	GCF_030515555.1	GCA_030515555.1	Escherichia coli	562		MS15236					GCF_030515555.1-RS_2025_08_02	Complete Genome	2023-07-21		3	
ASM1485467v1	GCF_014854675.1	GCA_014854675.1	Escherichia coli	562		K_EC180					GCF_014854675.1-RS_2025_07_04	Complete Genome	2020-10-06		1	
ASM81964v1	GCF_000819645.1	GCA_000819645.1	Escherichia coli	562		789					GCF_000819645.1-RS_2025_06_09	Complete Genome	2015-01-16		4	
ASM5156482v1	GCF_051564825.1	GCA_051564825.1	Escherichia coli	562		AH21A060					GCF_051564825.1-RS_2025_07_30	Complete Genome	2025-07-31		3	
ASM1416883v1	GCF_014168835.1	GCA_014168835.1	Escherichia coli	562		WP3-W18-ESBL-07					GCF_014168835.1-RS_2025_07_03	Complete Genome	2020-07-21		5	
ASM2255987v1	GCF_022559875.1	GCA_022559875.1	Escherichia coli	562		LC-1302-2020					GCF_022559875.1-RS_2025_08_07	Complete Genome	2022-03-14		6	
UTI-2_GENOME	GCF_023376095.1	GCA_023376095.1	Escherichia coli	562		UPEC-245U/190328					GCF_023376095.1-RS_2025_06_21	Complete Genome	2021-08-03		7	
ASM339984v2	GCF_003399845.2	GCA_003399845.2	Escherichia coli	562		CFSAN061761					GCF_003399845.2-RS_2024_12_18	Complete Genome	2019-08-20		1	
ASM5590161v1	GCF_055901615.1	GCA_055901615.1	Escherichia coli	562					51243816-SK1A		GCF_055901615.1-RS_2026_03_15	Complete Genome	2026-03-15	JBVVXS01	4	
51243816-SK1A	GCF_979243125.1	GCA_979243125.1	Escherichia coli	562					51243816-SK1A		GCF_979243125.1-RS_2026_02_17	Complete Genome	2026-02-18		4	
ASM5156296v1	GCF_051562965.1	GCA_051562965.1	Escherichia coli	562		AH21F008					GCF_051562965.1-RS_2025_07_30	Complete Genome	2025-07-31		1	
ASM5095653v1	GCF_050956535.1	GCA_050956535.1	Escherichia coli	562		TOE51					GCF_050956535.1-RS_2025_06_18	Complete Genome	2025-06-19		3	
ASM3236515v1	GCF_032365155.1	GCA_032365155.1	Escherichia coli	562		TW10573					GCF_032365155.1-RS_2024_12_30	Complete Genome	2023-10-04		4	
ASM2696810v1	GCF_026968105.1	GCA_026968105.1	Escherichia coli	562		KE21					GCF_026968105.1-RS_2025_07_25	Complete Genome	2022-12-18	JAPVBX01	3	
ASM5288843v1	GCF_052888435.1	GCA_052888435.1	Escherichia coli	562		VTB97585v					GCF_052888435.1-RS_2025_09_28	Complete Genome	2025-09-30		4	
ASM2794477v1	GCF_027944775.1	GCA_027944775.1	Escherichia coli	562		DETEC-P793					GCF_027944775.1-RS_2025_03_20	Complete Genome	2023-01-24		8	
ASM3178709v1	GCF_031787095.1	GCA_031787095.1	Escherichia coli	562		M21816					GCF_031787095.1-RS_2024_12_18	Complete Genome	2023-09-20		4	
ASM5539009v1	GCF_055390095.1	GCA_055390095.1	Escherichia coli	562		NR3838					GCF_055390095.1-RS_2026_02_24	Complete Genome	2026-02-25		9	
ASM5490255v1	GCF_054902555.1	GCA_054902555.1	Escherichia coli	562		GPEC1405					GCF_054902555.1-RS_2026_02_04	Complete Genome	2026-02-03	JBUBJL01	5	
ASM214271v1	GCF_002142715.1	GCA_002142715.1	Escherichia coli	562		strain Z247					GCF_002142715.1-RS_2025_06_09	Complete Genome	2017-05-16		4	
ASM5488855v1	GCF_054888555.1	GCA_054888555.1	Escherichia coli	562		UID2309220009					GCF_054888555.1-RS_2026_02_04	Complete Genome	2026-02-02	JBTZPF01	8	
ASM1640387v2	GCF_016403875.2	GCA_016403875.2	Escherichia coli	562		STEC2017-197					GCF_016403875.2-RS_2025_07_13	Complete Genome	2021-06-09		2	
ASM1896678v1	GCF_018966785.1	GCA_018966785.1	Escherichia coli	562		MSI001					GCF_018966785.1-RS_2025_07_24	Complete Genome	2021-06-20		1	
ASM1735203v1	GCF_017352035.1	GCA_017352035.1	Escherichia coli	562		EcPNK004					GCF_017352035.1-RS_2025_07_05	Complete Genome	2021-03-14		2	
ASM3003677v1	GCF_030036775.1	GCA_030036775.1	Escherichia coli	562		AVS0655					GCF_030036775.1-RS_2025_06_15	Complete Genome	2023-05-12		2	
ASM5490265v1	GCF_054902655.1	GCA_054902655.1	Escherichia coli	562		GPEC1337					GCF_054902655.1-RS_2026_02_04	Complete Genome	2026-02-03	JBUBJF01	4	
ASM301823v1	GCF_003018235.1	GCA_003018235.1	Escherichia coli	562		2012C-4221					GCF_003018235.1-RS_2025_07_22	Complete Genome	2018-03-26		3	
ASM1104435v1	GCF_011044355.1	GCA_011044355.1	Escherichia coli	562		EC28					GCF_011044355.1-RS_2025_07_03	Complete Genome	2020-03-01		6	
ASM3238631v1	GCF_032386315.1	GCA_032386315.1	Escherichia coli	562		TUM1223					GCF_032386315.1-RS_2024_12_29	Complete Genome	2023-10-05		5	
ASM3380248v1	GCF_033802485.1	GCA_033802485.1	Escherichia coli	562		50EVA					GCF_033802485.1-RS_2025_08_19	Complete Genome	2023-11-19		4	
ASM166347v1	GCF_001663475.1	GCA_001663475.1	Escherichia coli	562		Eco889					GCF_001663475.1-RS_2025_03_23	Complete Genome	2016-06-16		3	
ASM215724v1	GCF_002157245.1	GCA_002157245.1	Escherichia coli	562		81009					GCF_002157245.1-RS_2025_06_20	Complete Genome	2017-05-24		2	
ASM3043589v1	GCF_030435895.1	GCA_030435895.1	Escherichia coli	562		STEC434					GCF_030435895.1-RS_2025_07_21	Complete Genome	2023-07-12		1	
ASM1688892v1	GCF_016888925.1	GCA_016888925.1	Escherichia coli	562		FDAARGOS_1260					GCF_016888925.1-RS_2025_07_06	Complete Genome	2021-02-15		2	
ASM4189754v1	GCF_041897545.1	GCA_041897545.1	Escherichia coli	562		EC052					GCF_041897545.1-RS_2024_09_12	Complete Genome	2024-09-12		8	
ASM1416223v1	GCF_014162235.1	GCA_014162235.1	Escherichia coli	562		WP8-S17-ESBL-08					GCF_014162235.1-RS_2025_07_04	Complete Genome	2020-07-21		1	
ASM5539568v1	GCF_055395685.1	GCA_055395685.1	Escherichia coli	562		NR2550					GCF_055395685.1-RS_2026_02_24	Complete Genome	2026-02-25		4	
ASM93156v1	GCF_000931565.1	GCA_000931565.1	Escherichia coli	562		MNCRE44					GCF_000931565.1-RS_2025_06_09	Complete Genome	2015-02-23		7	
ASM2794463v1	GCF_027944635.1	GCA_027944635.1	Escherichia coli	562		DETEC-S566					GCF_027944635.1-RS_2025_03_20	Complete Genome	2023-01-24		3	
ASM5528548v1	GCF_055285485.1	GCA_055285485.1	Escherichia coli	562		E05					GCF_055285485.1-RS_2026_02_18	Complete Genome	2026-02-18	JBUZKJ01	2	
ASM1337232v1	GCF_013372325.1	GCA_013372325.1	Escherichia coli	562		EcPF18					GCF_013372325.1-RS_2025_07_04	Complete Genome	2020-06-24		5	
ASM1690327v1	GCF_016903275.1	GCA_016903275.1	Escherichia coli	562		FDAARGOS_1282					GCF_016903275.1-RS_2025_07_05	Complete Genome	2021-02-17		9	
ASM161756v1	GCF_001617565.1	GCA_001617565.1	Escherichia coli	562		Ecol_732					GCF_001617565.1-RS_2025_06_19	Complete Genome	2016-04-08		7	
ASM5310299v1	GCF_053102995.1	GCA_053102995.1	Escherichia coli	562		PCP07014					GCF_053102995.1-RS_2025_11_18	Complete Genome	2025-10-16	JBRNHT01	3	
ASM5310259v1	GCF_053102595.1	GCA_053102595.1	Escherichia coli	562		TB06051					GCF_053102595.1-RS_2025_11_18	Complete Genome	2025-10-16	JBRNGZ01	1	
ASM5490306v1	GCF_054903065.1	GCA_054903065.1	Escherichia coli	562		GPEC859					GCF_054903065.1-RS_2026_02_04	Complete Genome	2026-02-04	JBUBIL01	2	
ecoli019	GCF_900618295.1	GCA_900618295.1	Escherichia coli	562					ecoli019		GCF_900618295.1-RS_2024_06_18	Complete Genome	2018-11-28		1	
ASM5379703v1	GCF_053797035.1	GCA_053797035.1	Escherichia coli	562		S931B					GCF_053797035.1-RS_2025_12_03	Complete Genome	2025-12-03		4	
ASM3688439v1	GCF_036884395.1	GCA_036884395.1	Escherichia coli	562		S1-SRL-01-C					GCF_036884395.1-RS_2025_04_28	Complete Genome	2024-04-05		4	
ASM2497105v1	GCF_024971055.1	GCA_024971055.1	Escherichia coli	562		DLI.6n					GCF_024971055.1-RS_2024_12_18	Complete Genome	2022-09-06		2	
ASM4432491v1	GCF_044324915.1	GCA_044324915.1	Escherichia coli	562		GF8					GCF_044324915.1-RS_2024_11_04	Complete Genome	2024-11-04		5	
ASM1688990v1	GCF_016889905.1	GCA_016889905.1	Escherichia coli	562		FDAARGOS_1259					GCF_016889905.1-RS_2025_07_04	Complete Genome	2021-02-15		4	
38670_C01	GCF_900636075.1	GCA_900636075.1	Escherichia coli	562		NCTC11129					GCF_900636075.1-RS_2025_06_27	Complete Genome	2018-12-20		1	
ASM5160481v1	GCF_051604815.1	GCA_051604815.1	Escherichia coli	562		24AR0142					GCF_051604815.1-RS_2025_07_31	Complete Genome	2025-08-01		2	
ASM1293455v1	GCF_012934555.1	GCA_012934555.1	Escherichia coli	562		SCU-116					GCF_012934555.1-RS_2025_07_03	Complete Genome	2020-04-30		6	
ASM4745602v1	GCF_047456025.1	GCA_047456025.1	Escherichia coli	562		S1bESBLb					GCF_047456025.1-RS_2025_02_06	Complete Genome	2025-02-06		2	
ASM1557153v1	GCF_015571535.1	GCA_015571535.1	Escherichia coli	562		Res13-Sevr-PER07-33					GCF_015571535.1-RS_2025_07_04	Complete Genome	2020-11-18		4	
ASM1888428v1	GCF_018884285.1	GCA_018884285.1	Escherichia coli	562		E7476					GCF_018884285.1-RS_2025_07_21	Complete Genome	2021-06-15		2	
ASM161836v1	GCF_001618365.1	GCA_001618365.1	Escherichia coli	562		Ecol_448					GCF_001618365.1-RS_2025_06_19	Complete Genome	2016-04-11		3	
HM50v1	GCF_053850575.1	GCA_053850575.1	Escherichia coli	562		ESBLEC_HM50					GCF_053850575.1-RS_2025_12_08	Complete Genome	2025-12-07	JBSQBT01	5	
ASM2149644v1	GCF_021496445.1	GCA_021496445.1	Escherichia coli	562		1162invT2					GCF_021496445.1-RS_2025_02_08	Complete Genome	2022-01-18		3	
ASM4432489v1	GCF_044324895.1	GCA_044324895.1	Escherichia coli	562		GF161					GCF_044324895.1-RS_2024_11_04	Complete Genome	2024-11-04		5	
ASM4858559v1	GCF_048585595.1	GCA_048585595.1	Escherichia coli	562		1444					GCF_048585595.1-RS_2025_03_17	Complete Genome	2025-03-17		7	
ASM167998v1	GCF_001679985.1	GCA_001679985.1	Escherichia coli	562		210205630					GCF_001679985.1-RS_2025_08_25	Complete Genome	2016-07-06		6	
PRO_A-1551-6M-A_ESBL	GCF_054388875.1	GCA_054388875.1	Escherichia coli	562		PRO_A-1551-6M-A_ESBL					GCF_054388875.1-RS_2026_01_07	Complete Genome	2026-01-07	JBSTQJ01	4	
ASM2249331v1	GCF_022493315.1	GCA_022493315.1	Escherichia coli	562		A30					GCF_022493315.1-RS_2025_05_03	Complete Genome	2022-03-07		1	
ASM2458590v1	GCF_024585905.1	GCA_024585905.1	Escherichia coli	562		PK12					GCF_024585905.1-RS_2025_09_11	Complete Genome	2022-08-08		2	
ASM2245358v1	GCF_022453585.1	GCA_022453585.1	Escherichia coli	562		EC5502					GCF_022453585.1-RS_2025_05_25	Complete Genome	2022-03-03		3	
ASM3003671v1	GCF_030036715.1	GCA_030036715.1	Escherichia coli	562		AVS0068					GCF_030036715.1-RS_2025_06_15	Complete Genome	2023-05-12		3	
ASM5559715v1	GCF_055597155.1	GCA_055597155.1	Escherichia coli	562		CREC7837					GCF_055597155.1-RS_2026_03_03	Complete Genome	2026-03-05		4	
ASM3051540v1	GCF_030515405.1	GCA_030515405.1	Escherichia coli	562		MS20658					GCF_030515405.1-RS_2025_08_01	Complete Genome	2023-07-21		2	
ASM5160810v1	GCF_051608105.1	GCA_051608105.1	Escherichia coli	562		23AR0806					GCF_051608105.1-RS_2025_07_31	Complete Genome	2025-08-01		2	
PRO_A-1401-6M-A_ESBL	GCF_054391665.1	GCA_054391665.1	Escherichia coli	562		PRO_A-1401-6M-A_ESBL					GCF_054391665.1-RS_2026_01_07	Complete Genome	2026-01-07	JBSTRF01	5	
ASM2419904v2	GCF_024199045.2	GCA_024199045.2	Escherichia coli	562		WGS1363					GCF_024199045.2-RS_2025_03_12	Complete Genome	2024-01-30		4	
SC422	GCF_902810275.1	GCA_902810275.1	Escherichia coli	562					SC422		GCF_902810275.1-RS_2025_07_03	Complete Genome	2020-06-28		1	
ASM4026777v1	GCF_040267775.1	GCA_040267775.1	Escherichia coli	562		CS6L					GCF_040267775.1-RS_2024_06_23	Complete Genome	2024-06-24		3	
ASM1944360v1	GCF_019443605.1	GCA_019443605.1	Escherichia coli	562		UPEC-455U/190220					GCF_019443605.1-RS_2025_09_19	Complete Genome	2021-08-03		6	
ASM3029615v1	GCF_030296155.1	GCA_030296155.1	Escherichia coli	562		EC361			EC361		GCF_030296155.1-RS_2025_07_09	Complete Genome	2023-03-21		6	
ASM3727333v1	GCF_037273335.1	GCA_037273335.1	Escherichia coli	562		GN05476					GCF_037273335.1-RS_2025_04_27	Complete Genome	2024-04-05		9	
ASM3728067v1	GCF_037280675.1	GCA_037280675.1	Escherichia coli	562		GN06667					GCF_037280675.1-RS_2025_04_28	Complete Genome	2024-04-05		6	
ASM4840264v1	GCF_048402645.1	GCA_048402645.1	Escherichia coli	562		774					GCF_048402645.1-RS_2025_03_06	Complete Genome	2025-03-07		8	
ASM303177v1	GCF_003031775.1	GCA_003031775.1	Escherichia coli	562		219					GCF_003031775.1-RS_2025_06_22	Complete Genome	2018-04-03		2	
ASM2249385v1	GCF_022493855.1	GCA_022493855.1	Escherichia coli	562		A2					GCF_022493855.1-RS_2025_05_02	Complete Genome	2022-03-07		1	
ASM4534448v1	GCF_045344485.1	GCA_045344485.1	Escherichia coli	562		Z1322HEC0003					GCF_045344485.1-RS_2024_11_27	Complete Genome	2024-11-27		2	
ASM102159v1	GCF_001021595.1	GCA_001021595.1	Escherichia coli	562		O18					GCF_001021595.1-RS_2025_06_14	Complete Genome	2015-06-08		1	
ASM3758454v1	GCF_037584545.1	GCA_037584545.1	Escherichia coli	562		Z1322HEC0005					GCF_037584545.1-RS_2025_04_28	Complete Genome	2024-04-05		1	
ASM1690337v1	GCF_016903375.1	GCA_016903375.1	Escherichia coli	562		FDAARGOS_1286					GCF_016903375.1-RS_2025_07_05	Complete Genome	2021-02-17		8	
ASM5490297v1	GCF_054902975.1	GCA_054902975.1	Escherichia coli	562		GPEC1042					GCF_054902975.1-RS_2026_02_04	Complete Genome	2026-02-04	JBUBIR01	5	
ASM2249353v1	GCF_022493535.1	GCA_022493535.1	Escherichia coli	562		A19					GCF_022493535.1-RS_2025_05_01	Complete Genome	2022-03-07		1	
ASM301811v1	GCF_003018115.1	GCA_003018115.1	Escherichia coli	562		88-3493					GCF_003018115.1-RS_2025_06_21	Complete Genome	2018-03-26		2	
ASM2491779v1	GCF_024917795.1	GCA_024917795.1	Escherichia coli	562		5270					GCF_024917795.1-RS_2024_12_18	Complete Genome	2022-09-04		4	
30224_1#48	GCF_964052815.1	GCA_964052815.1	Escherichia coli	562					30224_1#48		GCF_964052815.1-RS_2025_05_30	Complete Genome	2024-05-20		7	
ASM4858569v1	GCF_048585695.1	GCA_048585695.1	Escherichia coli	562		AZ 191					GCF_048585695.1-RS_2025_03_17	Complete Genome	2025-03-17		4	
ASM5032009v1	GCF_050320095.1	GCA_050320095.1	Escherichia coli	562		EC17CM13					GCF_050320095.1-RS_2025_05_13	Complete Genome	2025-05-14		8	
ASM837075v1	GCF_008370755.1	GCA_008370755.1	Escherichia coli	562		ESBL 15					GCF_008370755.1-RS_2025_06_28	Complete Genome	2019-09-12		4	
30602_6#35	GCF_964048515.1	GCA_964048515.1	Escherichia coli	562					30602_6#35		GCF_964048515.1-RS_2025_05_30	Complete Genome	2024-05-20		2	
30859_5#32	GCF_964049185.1	GCA_964049185.1	Escherichia coli	562					30859_5#32		GCF_964049185.1-RS_2025_05_29	Complete Genome	2024-05-20		2	
ASM1369432v1	GCF_013694325.1	GCA_013694325.1	Escherichia coli	562		C9					GCF_013694325.1-RS_2025_07_03	Complete Genome	2020-07-26		2	
ASM5539086v1	GCF_055390865.1	GCA_055390865.1	Escherichia coli	562		OkiPb01681					GCF_055390865.1-RS_2026_02_24	Complete Genome	2026-02-25		2	
ASM5539700v1	GCF_055397005.1	GCA_055397005.1	Escherichia coli	562		HCM-22C-2					GCF_055397005.1-RS_2026_02_24	Complete Genome	2026-02-25		5	
2014-01-7375	GCF_904711265.1	GCA_904711265.1	Escherichia coli	562				Quinolone resistant	2014-01-7375		GCF_904711265.1-RS_2025_07_04	Complete Genome	2020-09-28		5	
ASM59968v1	GCF_000599685.1	GCA_000599685.1	Escherichia coli	562		ST2747					GCF_000599685.1-RS_2025_06_09	Complete Genome	2014-03-19		1	
ASM1369446v1	GCF_013694465.1	GCA_013694465.1	Escherichia coli	562		C7					GCF_013694465.1-RS_2025_07_03	Complete Genome	2020-07-26		2	
ASM5156016v1	GCF_051560165.1	GCA_051560165.1	Escherichia coli	562		AH21I008					GCF_051560165.1-RS_2025_07_30	Complete Genome	2025-07-31		2	
ASM201224v1	GCF_002012245.1	GCA_002012245.1	Escherichia coli	562		Ecol_AZ153					GCF_002012245.1-RS_2025_06_20	Complete Genome	2017-03-03		5	
ASM4858562v1	GCF_048585625.1	GCA_048585625.1	Escherichia coli	562		AZ184					GCF_048585625.1-RS_2025_03_17	Complete Genome	2025-03-17		6	
ASM5528305v1	GCF_055283055.1	GCA_055283055.1	Escherichia coli	562		E10					GCF_055283055.1-RS_2026_02_18	Complete Genome	2026-02-17	JBUZKE01	3	
ASM301835v1	GCF_003018355.1	GCA_003018355.1	Escherichia coli	562		00-3076					GCF_003018355.1-RS_2025_06_23	Complete Genome	2018-03-26		2	
ASM2580821v1	GCF_025808215.1	GCA_025808215.1	Escherichia coli	562		SW4848					GCF_025808215.1-RS_2025_01_25	Complete Genome	2022-10-24		5	
ASM5206312v1	GCF_052063125.1	GCA_052063125.1	Escherichia coli	562		VTB96959v					GCF_052063125.1-RS_2025_08_16	Complete Genome	2025-08-17		4	
ASM3051521v1	GCF_030515215.1	GCA_030515215.1	Escherichia coli	562		MS20677					GCF_030515215.1-RS_2025_08_02	Complete Genome	2023-07-21		3	
E. coli KV7	GCF_900166955.1	GCA_900166955.1	Escherichia coli	562		KV7			KV7		GCF_900166955.1-RS_2025_06_19	Complete Genome	2017-03-10		7	
ASM538960v2	GCF_005389605.2	GCA_005389605.2	Escherichia coli	562		JML285					GCF_005389605.2-RS_2024_12_18	Complete Genome	2021-03-03		9	
STEC3	GCF_019585785.2	GCA_019585785.2	Escherichia coli	562		EH53					GCF_019585785.2-RS_2025_04_28	Complete Genome	2024-04-06		2	
ASM1337240v1	GCF_013372405.1	GCA_013372405.1	Escherichia coli	562		EcPF7					GCF_013372405.1-RS_2025_07_04	Complete Genome	2020-06-24		4	
ASM1417101v1	GCF_014171015.1	GCA_014171015.1	Escherichia coli	562		WP4-S18-ESBL-07					GCF_014171015.1-RS_2025_07_03	Complete Genome	2020-07-21		8	
ASM1888430v1	GCF_018884305.1	GCA_018884305.1	Escherichia coli	562		WS3294A					GCF_018884305.1-RS_2025_07_21	Complete Genome	2021-06-15		3	
ASM3709455v1	GCF_037094555.1	GCA_037094555.1	Escherichia coli	562		MS 110-3					GCF_037094555.1-RS_2025_04_27	Complete Genome	2024-04-05		2	
ASM5334646v1	GCF_053346465.1	GCA_053346465.1	Escherichia coli	562		SURV0398					GCF_053346465.1-RS_2025_11_18	Complete Genome	2025-11-05	JBRZEU01	5	
ASM320495v1	GCF_003204955.1	GCA_003204955.1	Escherichia coli	562		2016C-3878					GCF_003204955.1-RS_2025_06_22	Complete Genome	2018-06-10		2	
ASM815210v1	GCF_008152105.1	GCA_008152105.1	Escherichia coli	562		AR Bank #0349					GCF_008152105.1-RS_2025_06_29	Complete Genome	2019-08-30		2	
ASM4858567v1	GCF_048585675.1	GCA_048585675.1	Escherichia coli	562		AZ167					GCF_048585675.1-RS_2025_03_17	Complete Genome	2025-03-17		5	
ASM1688926v1	GCF_016889265.1	GCA_016889265.1	Escherichia coli	562		FDAARGOS_1264					GCF_016889265.1-RS_2025_07_05	Complete Genome	2021-02-15		7	
ASM5288230v1	GCF_052882305.1	GCA_052882305.1	Escherichia coli	562		MMC-J-0066					GCF_052882305.1-RS_2025_11_17	Complete Genome	2025-09-27	JBQRBI01	8	
ASM166056v1	GCF_001660565.1	GCA_001660565.1	Escherichia coli	562		S51					GCF_001660565.1-RS_2025_06_19	Complete Genome	2016-06-09		3	
ASM1659863v1	GCF_016598635.1	GCA_016598635.1	Escherichia coli	562		TCM3e1					GCF_016598635.1-RS_2025_07_04	Complete Genome	2021-01-10		3	
ASM4503751v1	GCF_045037515.1	GCA_045037515.1	Escherichia coli	562		98194					GCF_045037515.1-RS_2024_11_20	Complete Genome	2024-11-23		4	
ASM5539045v1	GCF_055390455.1	GCA_055390455.1	Escherichia coli	562		NR379					GCF_055390455.1-RS_2026_02_24	Complete Genome	2026-02-25		3	
ASM2458500v1	GCF_024585005.1	GCA_024585005.1	Escherichia coli	562		E21845/O/A					GCF_024585005.1-RS_2025_09_11	Complete Genome	2022-08-08		2	
ASM5489042v1	GCF_054890425.1	GCA_054890425.1	Escherichia coli	562		UID2309220027					GCF_054890425.1-RS_2026_02_04	Complete Genome	2026-02-02	JBTZOS01	6	
ASM1415739v1	GCF_014157395.1	GCA_014157395.1	Escherichia coli	562		WP2-W18-ESBL-10					GCF_014157395.1-RS_2025_07_04	Complete Genome	2020-07-21		1	
ASM1996958v1	GCF_019969585.1	GCA_019969585.1	Escherichia coli	562		0H26					GCF_019969585.1-RS_2025_01_16	Complete Genome	2021-09-14		9	
ASM1944368v1	GCF_019443685.1	GCA_019443685.1	Escherichia coli	562		UPEC-774U/190308					GCF_019443685.1-RS_2025_09_20	Complete Genome	2021-08-03		5	
ASM5152197v1	GCF_051521975.1	GCA_051521975.1	Escherichia coli	562		H9					GCF_051521975.1-RS_2025_07_25	Complete Genome	2025-07-29		2	
ASM3003937v1	GCF_030039375.1	GCA_030039375.1	Escherichia coli	562		AVS0543					GCF_030039375.1-RS_2025_06_15	Complete Genome	2023-05-12		5	
ASM3029609v1	GCF_030296095.1	GCA_030296095.1	Escherichia coli	562		EC416			EC416		GCF_030296095.1-RS_2025_07_09	Complete Genome	2023-03-21		3	
ASM4858560v1	GCF_048585605.1	GCA_048585605.1	Escherichia coli	562		1449					GCF_048585605.1-RS_2025_03_17	Complete Genome	2025-03-17		8	
ASM1320125v1	GCF_013201255.1	GCA_013201255.1	Escherichia coli	562		CP55_Sichuan					GCF_013201255.1-RS_2025_07_04	Complete Genome	2020-05-31		5	
ASM5490323v1	GCF_054903235.1	GCA_054903235.1	Escherichia coli	562		GPEC606					GCF_054903235.1-RS_2026_02_04	Complete Genome	2026-02-04	JBUBID01	5	
CEA601S	GCF_051122415.1	GCA_051122415.1	Escherichia coli	562		CEA601S					GCF_051122415.1-RS_2025_06_28	Complete Genome	2025-06-28		9	
ASM1996948v1	GCF_019969485.1	GCA_019969485.1	Escherichia coli	562		0H15					GCF_019969485.1-RS_2025_01_16	Complete Genome	2021-09-14		7	
ASM1996952v1	GCF_019969525.1	GCA_019969525.1	Escherichia coli	562		0H23					GCF_019969525.1-RS_2025_01_16	Complete Genome	2021-09-14		6	
ASM1996954v1	GCF_019969545.1	GCA_019969545.1	Escherichia coli	562		0H24					GCF_019969545.1-RS_2025_01_16	Complete Genome	2021-09-14		8	
ASM1996956v1	GCF_019969565.1	GCA_019969565.1	Escherichia coli	562		0H25					GCF_019969565.1-RS_2025_01_16	Complete Genome	2021-09-14		8	
L3_CS7_E2980	GCF_904830975.1	GCA_904830975.1	Escherichia coli	562					L3_CS7_E2980		GCF_904830975.1-RS_2025_07_04	Complete Genome	2020-11-16		4	
ASM3650381v1	GCF_036503815.1	GCA_036503815.1	Escherichia coli	562		2017-02-2CC					GCF_036503815.1-RS_2025_04_27	Complete Genome	2023-11-04		5	
ASM205663v1	GCF_002056635.1	GCA_002056635.1	Escherichia coli	562		AR_0104					GCF_002056635.1-RS_2025_06_21	Complete Genome	2017-03-21		4	
ASM4858548v1	GCF_048585485.1	GCA_048585485.1	Escherichia coli	562		1434					GCF_048585485.1-RS_2025_03_17	Complete Genome	2025-03-17		6	
ASM2524480v1	GCF_025244805.1	GCA_025244805.1	Escherichia coli	562		Ec15103					GCF_025244805.1-RS_2024_12_27	Complete Genome	2022-09-18		1	
ASM3237709v1	GCF_032377095.1	GCA_032377095.1	Escherichia coli	562		TUM2802					GCF_032377095.1-RS_2024_12_30	Complete Genome	2023-10-05		6	
ASM5447800v1	GCF_054478005.1	GCA_054478005.1	Escherichia coli	562		HSP425					GCF_054478005.1-RS_2026_01_13	Complete Genome	2026-01-12	JBQGLE01	5	
ASM1996950v1	GCF_019969505.1	GCA_019969505.1	Escherichia coli	562		0H18					GCF_019969505.1-RS_2025_01_16	Complete Genome	2021-09-14		7	
ASM3038983v1	GCF_030389835.1	GCA_030389835.1	Escherichia coli	562		TUM2330					GCF_030389835.1-RS_2025_07_18	Complete Genome	2023-07-03		5	
ASM3670558v1	GCF_036705585.1	GCA_036705585.1	Escherichia coli	562		REF2					GCF_036705585.1-RS_2025_04_27	Complete Genome	2024-04-05		4	
ASM2153502v1	GCF_021535025.1	GCA_021535025.1	Escherichia coli	562		STEC384					GCF_021535025.1-RS_2025_02_11	Complete Genome	2022-01-20		3	
ASM2255862v1	GCF_022558625.1	GCA_022558625.1	Escherichia coli	562		EC31					GCF_022558625.1-RS_2025_06_02	Complete Genome	2022-03-14		7	
ASM3038971v1	GCF_030389715.1	GCA_030389715.1	Escherichia coli	562		TUM9757					GCF_030389715.1-RS_2025_07_19	Complete Genome	2023-07-03		8	
ASM190031v1	GCF_001900315.1	GCA_001900315.1	Escherichia coli	562		C4					GCF_001900315.1-RS_2025_06_19	Complete Genome	2016-12-12		1	
ASM1503326v1	GCF_015033265.1	GCA_015033265.1	Escherichia coli	562		ERP001					GCF_015033265.1-RS_2025_07_04	Complete Genome	2020-10-28		1	
ASM3099518v1	GCF_030995185.1	GCA_030995185.1	Escherichia coli	562		CUVET18-565					GCF_030995185.1-RS_2025_09_14	Complete Genome	2023-08-30		4	
ASM4858563v1	GCF_048585635.1	GCA_048585635.1	Escherichia coli	562		AZ 187					GCF_048585635.1-RS_2025_03_17	Complete Genome	2025-03-17		7	
ASM328845v1	GCF_003288455.1	GCA_003288455.1	Escherichia coli	562		AR_451					GCF_003288455.1-RS_2025_06_23	Complete Genome	2018-07-05		8	
ASM2931893v1	GCF_029318935.1	GCA_029318935.1	Escherichia coli	562		E32					GCF_029318935.1-RS_2025_05_29	Complete Genome	2023-03-21		4	
ASM2985514v1	GCF_029855145.1	GCA_029855145.1	Escherichia coli	562		5132					GCF_029855145.1-RS_2025_06_09	Complete Genome	2023-04-24		6	
ASM3972581v1	GCF_039725815.1	GCA_039725815.1	Escherichia coli	562		EC-10					GCF_039725815.1-RS_2025_06_01	Complete Genome	2024-05-24		3	
ASM5539119v1	GCF_055391195.1	GCA_055391195.1	Escherichia coli	562		NR329					GCF_055391195.1-RS_2026_02_24	Complete Genome	2026-02-25		8	
ASM2320541v1	GCF_023205415.1	GCA_023205415.1	Escherichia coli	562		STEFF_1					GCF_023205415.1-RS_2025_06_13	Complete Genome	2022-05-02		5	
ASM2962511v1	GCF_029625115.1	GCA_029625115.1	Escherichia coli	562		E14					GCF_029625115.1-RS_2025_06_05	Complete Genome	2023-04-09		2	
ASM2931887v1	GCF_029318875.1	GCA_029318875.1	Escherichia coli	562		E16					GCF_029318875.1-RS_2025_05_29	Complete Genome	2023-03-21		4	
30859_5#29	GCF_964050955.1	GCA_964050955.1	Escherichia coli	562					30859_5#29		GCF_964050955.1-RS_2025_05_29	Complete Genome	2024-05-20		3	
ASM5310339v1	GCF_053103395.1	GCA_053103395.1	Escherichia coli	562		MB06102					GCF_053103395.1-RS_2025_11_18	Complete Genome	2025-10-16	JBRNIN01	4	
ASM5433183v1	GCF_054331835.1	GCA_054331835.1	Escherichia coli	562		FXCREC145					GCF_054331835.1-RS_2026_01_05	Complete Genome	2026-01-04	JBTGJE01	5	
ASM2650641v1	GCF_026506415.1	GCA_026506415.1	Escherichia coli	562		MS1050					GCF_026506415.1-RS_2025_02_26	Complete Genome	2022-11-29		3	
ASM4503770v1	GCF_045037705.1	GCA_045037705.1	Escherichia coli	562		98206					GCF_045037705.1-RS_2024_11_20	Complete Genome	2024-11-23		4	
F1022	GCF_963575365.1	GCA_963575365.1	Escherichia coli	562					F1022		GCF_963575365.1-RS_2025_01_15	Complete Genome	2023-10-28		7	
ASM357182v1	GCF_003571825.1	GCA_003571825.1	Escherichia coli	562		AR_0089					GCF_003571825.1-RS_2025_06_26	Complete Genome	2018-09-17		3	
ASM4055588v1	GCF_040555885.1	GCA_040555885.1	Escherichia coli	562		Z22-2					GCF_040555885.1-RS_2024_07_09	Complete Genome	2024-07-10		9	
ASM994865v1	GCF_009948655.1	GCA_009948655.1	Escherichia coli	562		STEC719					GCF_009948655.1-RS_2025_05_09	Complete Genome	2020-01-29		5	
ASM1557175v1	GCF_015571755.1	GCA_015571755.1	Escherichia coli	562		Res13-Lact-PEA14-20					GCF_015571755.1-RS_2025_07_05	Complete Genome	2020-11-18		5	
ASM3038916v1	GCF_030389165.1	GCA_030389165.1	Escherichia coli	562		TUM14771					GCF_030389165.1-RS_2025_07_19	Complete Genome	2023-07-03		2	
ASM294865v1	GCF_002948655.1	GCA_002948655.1	Escherichia coli	562		AR_0077					GCF_002948655.1-RS_2025_06_22	Complete Genome	2018-02-19		2	
ASM3043669v1	GCF_030436695.1	GCA_030436695.1	Escherichia coli	562		G12					GCF_030436695.1-RS_2025_07_21	Complete Genome	2023-07-11		7	
ASM5580799v1	GCF_055807995.1	GCA_055807995.1	Escherichia coli	562		52F4					GCF_055807995.1-RS_2026_03_12	Complete Genome	2026-03-12	JBVODK01	3	
ASM2235404v1	GCF_022354045.1	GCA_022354045.1	Escherichia coli	562		SWHEFF_58					GCF_022354045.1-RS_2025_05_17	Complete Genome	2022-02-22		4	
ASM231069v1	GCF_002310695.1	GCA_002310695.1	Escherichia coli	562		1428					GCF_002310695.1-RS_2025_06_21	Complete Genome	2017-09-18		5	
ASM4054971v1	GCF_040549715.1	GCA_040549715.1	Escherichia coli	562		Z226-7					GCF_040549715.1-RS_2024_07_09	Complete Genome	2024-07-09		2	
ASM1690343v1	GCF_016903435.1	GCA_016903435.1	Escherichia coli	562		FDAARGOS_1302					GCF_016903435.1-RS_2025_07_06	Complete Genome	2021-02-17		5	
F95	GCF_963575635.1	GCA_963575635.1	Escherichia coli	562					F95		GCF_963575635.1-RS_2025_01_15	Complete Genome	2023-10-28		11	
E203449.fasta	GCF_052908275.1	GCA_052908275.1	Escherichia coli	562		E203449					GCF_052908275.1-RS_2025_11_17	Complete Genome	2025-09-29	JBRERN01	6	
ASM5528261v1	GCF_055282615.1	GCA_055282615.1	Escherichia coli	562		E07					GCF_055282615.1-RS_2026_02_18	Complete Genome	2026-02-17	JBUZKH01	3	
ASM5528295v1	GCF_055282955.1	GCA_055282955.1	Escherichia coli	562		E12					GCF_055282955.1-RS_2026_02_18	Complete Genome	2026-02-17	JBUZKC01	2	
ASM2249351v1	GCF_022493515.1	GCA_022493515.1	Escherichia coli	562		A20					GCF_022493515.1-RS_2025_05_30	Complete Genome	2022-03-07		1	
ASM2458488v1	GCF_024584885.1	GCA_024584885.1	Escherichia coli	562		0-4					GCF_024584885.1-RS_2025_09_10	Complete Genome	2022-08-08		2	
ASM339977v2	GCF_003399775.2	GCA_003399775.2	Escherichia coli	562		CFSAN061769					GCF_003399775.2-RS_2024_12_18	Complete Genome	2019-08-27		4	
ASM3003942v1	GCF_030039425.1	GCA_030039425.1	Escherichia coli	562		AVS0528					GCF_030039425.1-RS_2025_06_15	Complete Genome	2023-05-12		5	
40295_G02	GCF_900636295.1	GCA_900636295.1	Escherichia coli	562		NCTC9040					GCF_900636295.1-RS_2024_06_18	Complete Genome	2018-12-20		1	
ASM5369887v1	GCF_053698875.1	GCA_053698875.1	Escherichia coli	562		21AR0303					GCF_053698875.1-RS_2025_11_26	Complete Genome	2025-11-25	JBRAWS01	6	
ASM395644v1	GCF_003956445.1	GCA_003956445.1	Escherichia coli	562		503440					GCF_003956445.1-RS_2025_06_26	Complete Genome	2018-12-19		5	
W4	GCF_041006045.1	GCA_041006045.1	Escherichia coli	562		W4			China:Kunming		GCF_041006045.1-RS_2024_08_02	Complete Genome	2024-08-03		5	
ASM5160965v1	GCF_051609655.1	GCA_051609655.1	Escherichia coli	562		23AR0151					GCF_051609655.1-RS_2025_07_31	Complete Genome	2025-08-01		6	
ASM5356597v1	GCF_053565975.1	GCA_053565975.1	Escherichia coli	562		1-62					GCF_053565975.1-RS_2025_11_20	Complete Genome	2025-11-19	JBSDZL01	3	
ASM1888436v1	GCF_018884365.1	GCA_018884365.1	Escherichia coli	562		WS1933D					GCF_018884365.1-RS_2025_07_22	Complete Genome	2021-06-15		5	
ASM2875273v1	GCF_028752735.1	GCA_028752735.1	Escherichia coli	562		CM2010-0578/1					GCF_028752735.1-RS_2025_04_26	Complete Genome	2023-02-21		4	
ASM2585387v1	GCF_025853875.1	GCA_025853875.1	Escherichia coli	562		2021CK-01361					GCF_025853875.1-RS_2025_01_30	Complete Genome	2022-10-26		7	
ASM1942854v1	GCF_019428545.1	GCA_019428545.1	Escherichia coli	562		OV24					GCF_019428545.1-RS_2025_09_16	Complete Genome	2021-07-31		1	
ASM3001336v1	GCF_030013365.1	GCA_030013365.1	Escherichia coli	562		ETEC4068					GCF_030013365.1-RS_2025_06_14	Complete Genome	2023-05-15		4	
F1140	GCF_963575395.1	GCA_963575395.1	Escherichia coli	562					F1140		GCF_963575395.1-RS_2025_01_15	Complete Genome	2023-10-28		5	
ASM2255886v1	GCF_022558865.1	GCA_022558865.1	Escherichia coli	562		EC12					GCF_022558865.1-RS_2025_06_02	Complete Genome	2022-03-14		5	
ASM1997691v1	GCF_019976915.1	GCA_019976915.1	Escherichia coli	562		E189					GCF_019976915.1-RS_2025_01_19	Complete Genome	2021-07-20		2	
ASM5056350v1	GCF_050563505.1	GCA_050563505.1	Escherichia coli	562		EcE.CRE.COL					GCF_050563505.1-RS_2025_05_26	Complete Genome	2025-05-26		4	
L5_E1779_ETEC	GCF_904831875.1	GCA_904831875.1	Escherichia coli	562					L5_E1779_ETEC		GCF_904831875.1-RS_2025_07_04	Complete Genome	2020-11-16		6	
ASM1308586v1	GCF_013085865.1	GCA_013085865.1	Escherichia coli	562		SCU-308					GCF_013085865.1-RS_2025_07_03	Complete Genome	2020-05-14		3	
ASM1690447v1	GCF_016904475.1	GCA_016904475.1	Escherichia coli	562		FDAARGOS_1292					GCF_016904475.1-RS_2025_07_04	Complete Genome	2021-02-17		8	
ASM4858553v1	GCF_048585535.1	GCA_048585535.1	Escherichia coli	562		884					GCF_048585535.1-RS_2025_03_17	Complete Genome	2025-03-17		5	
ASM2624886v1	GCF_026248865.1	GCA_026248865.1	Escherichia coli	562		XYEH3783					GCF_026248865.1-RS_2025_02_22	Complete Genome	2022-11-21		3	
ASM4610773v1	GCF_046107735.1	GCA_046107735.1	Escherichia coli	562		20KM2228					GCF_046107735.1-RS_2024_12_17	Complete Genome	2024-12-17		4	
ASM4610897v1	GCF_046108975.1	GCA_046108975.1	Escherichia coli	562		20KM2762					GCF_046108975.1-RS_2024_12_17	Complete Genome	2024-12-17		4	
ASM4027999v2	GCF_040279995.2	GCA_040279995.2	Escherichia coli	562		PS2Canimalfeces12					GCF_040279995.2-RS_2025_02_25	Complete Genome	2025-02-28		4	
ASM4610774v1	GCF_046107745.1	GCA_046107745.1	Escherichia coli	562		20KM2300					GCF_046107745.1-RS_2024_12_17	Complete Genome	2024-12-17		4	
ASM2433149v2	GCF_024331495.2	GCA_024331495.2	Escherichia coli	562		MLI106K2					GCF_024331495.2-RS_2025_08_25	Complete Genome	2023-02-08		4	
ASM2433152v2	GCF_024331525.2	GCA_024331525.2	Escherichia coli	562		MLI106K4					GCF_024331525.2-RS_2025_03_26	Complete Genome	2023-02-08		4	
ASM5305936v1	GCF_053059365.1	GCA_053059365.1	Escherichia coli	562		ECOD1					GCF_053059365.1-RS_2025_11_17	Complete Genome	2025-10-14	JBRNXK01	9	
ASM285380v1	GCF_002853805.1	GCA_002853805.1	Escherichia coli	562		14EC029					GCF_002853805.1-RS_2025_06_21	Complete Genome	2018-01-03		6	
ASM3038931v1	GCF_030389315.1	GCA_030389315.1	Escherichia coli	562		TUM13770					GCF_030389315.1-RS_2025_07_18	Complete Genome	2023-07-03		3	
ASM5538074v1	GCF_055380745.1	GCA_055380745.1	Escherichia coli	562		AST46					GCF_055380745.1-RS_2026_02_24	Complete Genome	2026-02-25		2	
ASM2088187v1	GCF_020881875.1	GCA_020881875.1	Escherichia coli	562		CE2050					GCF_020881875.1-RS_2025_05_29	Complete Genome	2021-11-16		3	
ASM395640v1	GCF_003956405.1	GCA_003956405.1	Escherichia coli	562		504239					GCF_003956405.1-RS_2025_06_25	Complete Genome	2018-12-19		3	
ASM5390300v1	GCF_053903005.1	GCA_053903005.1	Escherichia coli	562		JNE25-005					GCF_053903005.1-RS_2025_12_12	Complete Genome	2025-12-12		4	
ASM3793953v1	GCF_037939535.1	GCA_037939535.1	Escherichia coli	562		EP91A					GCF_037939535.1-RS_2024_12_29	Complete Genome	2024-04-06		2	
ASM2249323v1	GCF_022493235.1	GCA_022493235.1	Escherichia coli	562		A34					GCF_022493235.1-RS_2025_01_26	Complete Genome	2022-03-07		1	
ASM3003689v1	GCF_030036895.1	GCA_030036895.1	Escherichia coli	562		AVS0542					GCF_030036895.1-RS_2025_06_15	Complete Genome	2023-05-12		3	
ASM1997111v1	GCF_019971115.1	GCA_019971115.1	Escherichia coli	562		CX21					GCF_019971115.1-RS_2025_01_16	Complete Genome	2021-09-14		5	
ASM2249423v1	GCF_022494235.1	GCA_022494235.1	Escherichia coli	562		STLEFF_47					GCF_022494235.1-RS_2025_05_16	Complete Genome	2022-03-07		5	
ASM5490281v1	GCF_054902815.1	GCA_054902815.1	Escherichia coli	562		GPEC1201					GCF_054902815.1-RS_2026_02_04	Complete Genome	2026-02-04	JBUBIY01	5	
ASM2186972v1	GCF_021869725.1	GCA_021869725.1	Escherichia coli	562		537-20					GCF_021869725.1-RS_2025_04_16	Complete Genome	2022-02-02		6	
ASM5369955v1	GCF_053699555.1	GCA_053699555.1	Escherichia coli	562		19AR0253					GCF_053699555.1-RS_2025_11_26	Complete Genome	2025-11-25	JBRAWF01	5	
Escherichia coli strain 22AR0010	GCF_049666525.1	GCA_049666525.1	Escherichia coli	562		22AR0010					GCF_049666525.1-RS_2025_04_17	Complete Genome	2025-04-20		6	
ASM5154966v1	GCF_051549665.1	GCA_051549665.1	Escherichia coli	562		EC1908157					GCF_051549665.1-RS_2025_07_30	Complete Genome	2025-07-31		5	
ASM5316595v1	GCF_053165955.1	GCA_053165955.1	Escherichia coli	562		FXCREC073					GCF_053165955.1-RS_2025_11_18	Complete Genome	2025-11-19		5	
ASM5490260v1	GCF_054902605.1	GCA_054902605.1	Escherichia coli	562		GPEC1356					GCF_054902605.1-RS_2026_02_04	Complete Genome	2026-02-03	JBUBJI01	8	
ASM2931908v1	GCF_029319085.1	GCA_029319085.1	Escherichia coli	562		E15					GCF_029319085.1-RS_2025_05_29	Complete Genome	2023-03-21		7	
ASM219309v1	GCF_002193095.1	GCA_002193095.1	Escherichia coli	562		H105					GCF_002193095.1-RS_2025_03_24	Complete Genome	2017-06-14		2	
ASM2249369v1	GCF_022493695.1	GCA_022493695.1	Escherichia coli	562		A10					GCF_022493695.1-RS_2025_05_30	Complete Genome	2022-03-07		1	
ASM5160402v1	GCF_051604025.1	GCA_051604025.1	Escherichia coli	562		24AR0376					GCF_051604025.1-RS_2025_07_31	Complete Genome	2025-08-01		4	
ASM3003783v1	GCF_030037835.1	GCA_030037835.1	Escherichia coli	562		AVS0947					GCF_030037835.1-RS_2025_06_15	Complete Genome	2023-05-12		7	
ASM3678584v1	GCF_036785845.1	GCA_036785845.1	Escherichia coli	562		CAVp367					GCF_036785845.1-RS_2025_04_28	Complete Genome	2024-04-05		9	
ASM200931v1	GCF_002009315.1	GCA_002009315.1	Escherichia coli	562		MDR_56					GCF_002009315.1-RS_2025_06_19	Complete Genome	2017-03-02		8	
ASM3001314v1	GCF_030013145.1	GCA_030013145.1	Escherichia coli	562		ETEC4088					GCF_030013145.1-RS_2025_06_13	Complete Genome	2023-05-15		5	
ASM1416961v1	GCF_014169615.1	GCA_014169615.1	Escherichia coli	562		WP8-S17-ESBL-12					GCF_014169615.1-RS_2025_07_04	Complete Genome	2020-07-21		5	
ASM3038959v1	GCF_030389595.1	GCA_030389595.1	Escherichia coli	562		TUM13066					GCF_030389595.1-RS_2025_07_19	Complete Genome	2023-07-03		4	
ASM381262v1	GCF_003812625.1	GCA_003812625.1	Escherichia coli	562		FDAARGOS_536					GCF_003812625.1-RS_2025_06_26	Complete Genome	2018-11-21		6	
ASM2249373v1	GCF_022493735.1	GCA_022493735.1	Escherichia coli	562		A8					GCF_022493735.1-RS_2025_05_02	Complete Genome	2022-03-07		1	
ASM2054100v1	GCF_020541005.1	GCA_020541005.1	Escherichia coli	562		P27_L1_05.20					GCF_020541005.1-RS_2025_01_30	Complete Genome	2021-10-21		5	
ASM3003907v1	GCF_030039075.1	GCA_030039075.1	Escherichia coli	562		AVS0247					GCF_030039075.1-RS_2025_06_15	Complete Genome	2023-05-12		5	
ASM5185310v1	GCF_051853105.1	GCA_051853105.1	Escherichia coli	562		11					GCF_051853105.1-RS_2025_08_07	Complete Genome	2025-08-08		6	
ASM161834v2	GCF_001618345.2	GCA_001618345.2	Escherichia coli	562		Ecol_745					GCF_001618345.2-RS_2026_03_08	Complete Genome	2016-07-12		2	
Escherichia coli strain 21AR0707	GCF_049667465.1	GCA_049667465.1	Escherichia coli	562		21AR0707					GCF_049667465.1-RS_2025_04_17	Complete Genome	2025-04-20		8	
30821_1#280	GCF_964048075.1	GCA_964048075.1	Escherichia coli	562					30821_1#280		GCF_964048075.1-RS_2025_05_30	Complete Genome	2024-05-20		3	
MRSN129130	GCF_040267585.1	GCA_040267585.1	Escherichia coli	562		129130					GCF_040267585.1-RS_2025_06_29	Complete Genome	2024-06-23		5	
Escherichia coli strain 21AR0275	GCF_049666535.1	GCA_049666535.1	Escherichia coli	562		21AR0275					GCF_049666535.1-RS_2025_04_17	Complete Genome	2025-04-20		8	
ASM3098891v1	GCF_030988915.1	GCA_030988915.1	Escherichia coli	562		MS10711					GCF_030988915.1-RS_2025_09_14	Complete Genome	2023-08-30		3	
ASM399115v1	GCF_003991155.1	GCA_003991155.1	Escherichia coli	562		EC17GD31					GCF_003991155.1-RS_2025_06_25	Complete Genome	2019-01-03		5	
30224_1#201	GCF_964040665.1	GCA_964040665.1	Escherichia coli	562					30224_1#201		GCF_964040665.1-RS_2025_05_30	Complete Genome	2024-05-20		8	
ASM2607423v1	GCF_026074235.1	GCA_026074235.1	Escherichia coli	562		MY732					GCF_026074235.1-RS_2025_02_04	Complete Genome	2022-10-15		3	
VREC0761_Chromosome	GCF_900747775.1	GCA_900747775.1	Escherichia coli	562					f974b26a-5e81-11e8-bf7f-3c4a9275d6c8		GCF_900747775.1-RS_2025_06_25	Complete Genome	2019-03-17		1	
ASM2794495v1	GCF_027944955.1	GCA_027944955.1	Escherichia coli	562		DETEC-E480					GCF_027944955.1-RS_2025_03_20	Complete Genome	2023-01-24		7	
18AR0845	GCF_046713585.1	GCA_046713585.1	Escherichia coli	562		18AR0845					GCF_046713585.1-RS_2025_01_16	Complete Genome	2025-01-16		7	
ASM5288711v1	GCF_052887115.1	GCA_052887115.1	Escherichia coli	562		VTB97074v					GCF_052887115.1-RS_2025_09_28	Complete Genome	2025-09-30		5	
ASM3003891v1	GCF_030038915.1	GCA_030038915.1	Escherichia coli	562		AVS0051					GCF_030038915.1-RS_2025_06_15	Complete Genome	2023-05-12		7	
ASM5292280v1	GCF_052922805.1	GCA_052922805.1	Escherichia coli	562		EC69					GCF_052922805.1-RS_2025_11_17	Complete Genome	2025-09-30	JBRETW01	3	
ASM2999118v1	GCF_029991185.1	GCA_029991185.1	Escherichia coli	562		AVS0754					GCF_029991185.1-RS_2025_06_13	Complete Genome	2023-05-12		2	
E500002.fasta	GCF_052908085.1	GCA_052908085.1	Escherichia coli	562		E500002					GCF_052908085.1-RS_2025_11_17	Complete Genome	2025-09-29	JBRERI01	6	
ASM2236889v1	GCF_022368895.1	GCA_022368895.1	Escherichia coli	562		M172-1					GCF_022368895.1-RS_2025_05_24	Complete Genome	2022-02-23		5	
ASM230233v1	GCF_002302335.1	GCA_002302335.1	Escherichia coli	562		ETEC-2264					GCF_002302335.1-RS_2025_06_20	Complete Genome	2017-09-14		4	
ASM5161432v1	GCF_051614325.1	GCA_051614325.1	Escherichia coli	562		21AR0173					GCF_051614325.1-RS_2025_07_31	Complete Genome	2025-08-01		10	
ASM1416909v1	GCF_014169095.1	GCA_014169095.1	Escherichia coli	562		WP4-W18-ESBL-08					GCF_014169095.1-RS_2025_07_03	Complete Genome	2020-07-21		5	
ASM1997683v1	GCF_019976835.1	GCA_019976835.1	Escherichia coli	562		E148					GCF_019976835.1-RS_2025_01_19	Complete Genome	2021-07-20		3	
30348_2#316	GCF_964043575.1	GCA_964043575.1	Escherichia coli	562					30348_2#316		GCF_964043575.1-RS_2025_05_29	Complete Genome	2024-05-20		2	
ASM4801285v1	GCF_048012855.1	GCA_048012855.1	Escherichia coli	562		CUWW11					GCF_048012855.1-RS_2025_02_26	Complete Genome	2025-03-01		5	
ASM3001373v1	GCF_030013735.1	GCA_030013735.1	Escherichia coli	562		ETEC1731					GCF_030013735.1-RS_2025_06_13	Complete Genome	2023-05-15		7	
ASM5161129v1	GCF_051611295.1	GCA_051611295.1	Escherichia coli	562		22AR0322					GCF_051611295.1-RS_2025_07_31	Complete Genome	2025-08-01		10	
ASM5538579v1	GCF_055385795.1	GCA_055385795.1	Escherichia coli	562		OkiPb01694					GCF_055385795.1-RS_2026_02_24	Complete Genome	2026-02-25		6	
ASM309563v1	GCF_003095635.1	GCA_003095635.1	Escherichia coli	562		104					GCF_003095635.1-RS_2025_06_23	Complete Genome	2018-05-06		1	
ASM190063v1	GCF_001900635.1	GCA_001900635.1	Escherichia coli	562		D3					GCF_001900635.1-RS_2025_06_17	Complete Genome	2016-12-12		3	
30224_1#305	GCF_964049805.1	GCA_964049805.1	Escherichia coli	562					30224_1#305		GCF_964049805.1-RS_2025_05_30	Complete Genome	2024-05-20		2	
ASM1763898v1	GCF_017638985.1	GCA_017638985.1	Escherichia coli	562		SBF22					GCF_017638985.1-RS_2025_07_06	Complete Genome	2021-03-30		6	
38977_C01	GCF_900636125.1	GCA_900636125.1	Escherichia coli	562		NCTC9699					GCF_900636125.1-RS_2025_06_25	Complete Genome	2018-12-20		1	
ASM5155924v1	GCF_051559245.1	GCA_051559245.1	Escherichia coli	562		AH21B060					GCF_051559245.1-RS_2025_07_30	Complete Genome	2025-07-31		3	
ASM2962363v1	GCF_029623635.1	GCA_029623635.1	Escherichia coli	562		ST3					GCF_029623635.1-RS_2025_06_04	Complete Genome	2023-04-08		3	
23S01245-7	GCF_964290865.1	GCA_964290865.1	Escherichia coli	562					23S01245-7		GCF_964290865.1-RS_2025_02_27	Complete Genome	2025-03-01		1	
ASM5403101v1	GCF_054031015.1	GCA_054031015.1	Escherichia coli	562		HY220605					GCF_054031015.1-RS_2025_12_18	Complete Genome	2025-12-17	JBSTRP01	1	
ASM5538469v1	GCF_055384695.1	GCA_055384695.1	Escherichia coli	562		OkiPb01697					GCF_055384695.1-RS_2026_02_24	Complete Genome	2026-02-25		2	
ASM3003675v1	GCF_030036755.1	GCA_030036755.1	Escherichia coli	562		AVS0744					GCF_030036755.1-RS_2025_06_15	Complete Genome	2023-05-12		2	
ASM5490263v1	GCF_054902635.1	GCA_054902635.1	Escherichia coli	562		GPEC1354					GCF_054902635.1-RS_2026_02_04	Complete Genome	2026-02-03	JBUBJH01	6	
ASM3029564v1	GCF_030295645.1	GCA_030295645.1	Escherichia coli	562		JNE151685					GCF_030295645.1-RS_2025_07_09	Complete Genome	2023-05-30		4	
ASM4131707v1	GCF_041317075.1	GCA_041317075.1	Escherichia coli	562		ET826					GCF_041317075.1-RS_2024_09_01	Complete Genome	2024-08-18		5	
ASM5152186v1	GCF_051521865.1	GCA_051521865.1	Escherichia coli	562		D7					GCF_051521865.1-RS_2025_07_25	Complete Genome	2025-07-29		2	
ASM3041376v1	GCF_030413765.1	GCA_030413765.1	Escherichia coli	562		STEC1587					GCF_030413765.1-RS_2025_07_21	Complete Genome	2023-07-10		4	
ASM3029560v1	GCF_030295605.1	GCA_030295605.1	Escherichia coli	562		JNE120442					GCF_030295605.1-RS_2025_07_10	Complete Genome	2023-05-30		2	
ASM218027v1	GCF_002180275.1	GCA_002180275.1	Escherichia coli	562		AR_0128					GCF_002180275.1-RS_2025_06_20	Complete Genome	2017-06-08		4	
ASM3003932v1	GCF_030039325.1	GCA_030039325.1	Escherichia coli	562		AVS0223					GCF_030039325.1-RS_2025_06_15	Complete Genome	2023-05-12		5	
ASM4043647v1	GCF_040436475.1	GCA_040436475.1	Escherichia coli	562		10034292-3					GCF_040436475.1-RS_2024_07_02	Complete Genome	2024-07-02		3	
ASM5528577v1	GCF_055285775.1	GCA_055285775.1	Escherichia coli	562		E04					GCF_055285775.1-RS_2026_02_18	Complete Genome	2026-02-18	JBUZKK01	2	
ASM1640440v2	GCF_016404405.2	GCA_016404405.2	Escherichia coli	562		P15-385					GCF_016404405.2-RS_2025_07_13	Complete Genome	2021-06-09		5	
ASM4123092v1	GCF_041230925.1	GCA_041230925.1	Escherichia coli	562		FDN-4					GCF_041230925.1-RS_2025_02_02	Complete Genome	2024-08-14		4	
ASM301799v1	GCF_003017995.1	GCA_003017995.1	Escherichia coli	562		2014C-3307					GCF_003017995.1-RS_2025_06_21	Complete Genome	2018-03-26		3	
E200177.fasta	GCF_052907885.1	GCA_052907885.1	Escherichia coli	562		200177					GCF_052907885.1-RS_2025_11_17	Complete Genome	2025-09-29	JBREQY01	8	
ASM2433142v2	GCF_024331425.2	GCA_024331425.2	Escherichia coli	562		MLI106K1					GCF_024331425.2-RS_2025_04_16	Complete Genome	2023-02-08		2	
ASM2054102v1	GCF_020541025.1	GCA_020541025.1	Escherichia coli	562		P21_SE1_04.20					GCF_020541025.1-RS_2025_01_30	Complete Genome	2021-10-21		6	
ASM3003744v1	GCF_030037445.1	GCA_030037445.1	Escherichia coli	562		AVS0973					GCF_030037445.1-RS_2025_06_15	Complete Genome	2023-05-12		4	
30348_2#44	GCF_964038595.1	GCA_964038595.1	Escherichia coli	562					30348_2#44		GCF_964038595.1-RS_2025_05_30	Complete Genome	2024-05-20		3	
ASM3038975v1	GCF_030389755.1	GCA_030389755.1	Escherichia coli	562		TUM2826					GCF_030389755.1-RS_2025_07_19	Complete Genome	2023-07-03		3	
ASM3726923v1	GCF_037269235.1	GCA_037269235.1	Escherichia coli	562		GN03551					GCF_037269235.1-RS_2025_04_28	Complete Genome	2024-04-05		3	
ASM3756026v1	GCF_037560265.1	GCA_037560265.1	Escherichia coli	562		Z1323CEC0018					GCF_037560265.1-RS_2025_04_27	Complete Genome	2024-04-05		4	
ASM3723104v1	GCF_037231045.1	GCA_037231045.1	Escherichia coli	562		GN03139					GCF_037231045.1-RS_2025_04_27	Complete Genome	2024-04-05		3	
ASM2296489v1	GCF_022964895.1	GCA_022964895.1	Escherichia coli	562		Iso00041					GCF_022964895.1-RS_2025_06_10	Complete Genome	2022-04-13		5	
ASM5490287v1	GCF_054902875.1	GCA_054902875.1	Escherichia coli	562		GPEC1185					GCF_054902875.1-RS_2026_02_04	Complete Genome	2026-02-04	JBUBIV01	4	
ASM5490290v1	GCF_054902905.1	GCA_054902905.1	Escherichia coli	562		GPEC1165					GCF_054902905.1-RS_2026_02_04	Complete Genome	2026-02-04	JBUBIT01	4	
E700025.fasta	GCF_052908045.1	GCA_052908045.1	Escherichia coli	562		E700025					GCF_052908045.1-RS_2025_11_17	Complete Genome	2025-09-29	JBRERG01	5	
ASM3237520v1	GCF_032375205.1	GCA_032375205.1	Escherichia coli	562		TUM11356					GCF_032375205.1-RS_2024_12_30	Complete Genome	2023-10-05		2	
ASM4778286v1	GCF_047782865.1	GCA_047782865.1	Escherichia coli	562		FREC5					GCF_047782865.1-RS_2025_02_17	Complete Genome	2025-02-17		2	
MSB1_9D	GCF_904863445.1	GCA_904863445.1	Escherichia coli	562		MSB1_9D			MSB1_9D		GCF_904863445.1-RS_2025_07_11	Complete Genome	2020-11-01		4	
ASM1513937v1	GCF_015139375.1	GCA_015139375.1	Escherichia coli	562		THO-010					GCF_015139375.1-RS_2025_07_04	Complete Genome	2020-10-08		7	
ASM2794503v1	GCF_027945035.1	GCA_027945035.1	Escherichia coli	562		DETEC-E1005					GCF_027945035.1-RS_2025_03_20	Complete Genome	2023-01-24		3	
ASM2794471v1	GCF_027944715.1	GCA_027944715.1	Escherichia coli	562		DETEC-P836					GCF_027944715.1-RS_2025_03_20	Complete Genome	2023-01-24		3	
ASM1338827v1	GCF_013388275.1	GCA_013388275.1	Escherichia coli	562		550					GCF_013388275.1-RS_2025_05_25	Complete Genome	2020-07-04		3	
ASM5032008v1	GCF_050320085.1	GCA_050320085.1	Escherichia coli	562		EC17CM12					GCF_050320085.1-RS_2025_05_13	Complete Genome	2025-05-14		12	
ASM3649770v1	GCF_036497705.1	GCA_036497705.1	Escherichia coli	562		LR-60					GCF_036497705.1-RS_2025_04_27	Complete Genome	2023-11-03		6	
ASM5288225v1	GCF_052882255.1	GCA_052882255.1	Escherichia coli	562		MMC-J-0091					GCF_052882255.1-RS_2025_11_17	Complete Genome	2025-09-27	JBQRBF01	2	
ASM5490329v1	GCF_054903295.1	GCA_054903295.1	Escherichia coli	562		GPEC464					GCF_054903295.1-RS_2026_02_04	Complete Genome	2026-02-04	JBUBIB01	4	
ASM2794501v1	GCF_027945015.1	GCA_027945015.1	Escherichia coli	562		DETEC-E1070					GCF_027945015.1-RS_2025_03_20	Complete Genome	2023-01-24		3	
ASM2249381v1	GCF_022493815.1	GCA_022493815.1	Escherichia coli	562		A4					GCF_022493815.1-RS_2025_05_30	Complete Genome	2022-03-07		1	
PRO_A-1482-6W-A_ESBL	GCF_054388955.1	GCA_054388955.1	Escherichia coli	562		PRO_A-1482-6W-A_ESBL					GCF_054388955.1-RS_2026_01_07	Complete Genome	2026-01-07	JBSTQP01	5	
38670_F01	GCF_900635165.1	GCA_900635165.1	Escherichia coli	562		NCTC11151					GCF_900635165.1-RS_2025_06_26	Complete Genome	2018-12-19		1	
ASM2848886v1	GCF_028488865.1	GCA_028488865.1	Escherichia coli	562		AR13438					GCF_028488865.1-RS_2025_03_26	Complete Genome	2023-02-06		3	
ASM5155870v1	GCF_051558705.1	GCA_051558705.1	Escherichia coli	562		AH19E004					GCF_051558705.1-RS_2025_07_30	Complete Genome	2025-07-31		2	
ASM3464295v1	GCF_034642955.1	GCA_034642955.1	Escherichia coli	562		KE50					GCF_034642955.1-RS_2025_02_21	Complete Genome	2023-12-26		2	
ASM2536977v1	GCF_025369775.1	GCA_025369775.1	Escherichia coli	562		E5					GCF_025369775.1-RS_2024_12_30	Complete Genome	2022-09-22		2	
ASM1693979v1	GCF_016939795.1	GCA_016939795.1	Escherichia coli	562		ESC53083					GCF_016939795.1-RS_2025_06_10	Complete Genome	2021-02-25		7	
ASM1036532v1	GCF_010365325.1	GCA_010365325.1	Escherichia coli	562		9					GCF_010365325.1-RS_2025_07_02	Complete Genome	2020-02-09		6	
ASM1814126v1	GCF_018141265.1	GCA_018141265.1	Escherichia coli	562		CT30					GCF_018141265.1-RS_2025_07_06	Complete Genome	2021-04-27		6	
ASM5310331v1	GCF_053103315.1	GCA_053103315.1	Escherichia coli	562		MB06231					GCF_053103315.1-RS_2025_11_18	Complete Genome	2025-10-16	JBRNIJ01	1	
ASM2794461v1	GCF_027944615.1	GCA_027944615.1	Escherichia coli	562		DETEC-S586					GCF_027944615.1-RS_2025_03_20	Complete Genome	2023-01-24		11	
ASM4858574v1	GCF_048585745.1	GCA_048585745.1	Escherichia coli	562		F11					GCF_048585745.1-RS_2025_03_17	Complete Genome	2025-03-17		6	
ASM339988v2	GCF_003399885.2	GCA_003399885.2	Escherichia coli	562		CFSAN061763					GCF_003399885.2-RS_2024_12_18	Complete Genome	2019-08-20		2	
Br_54_kylling	GCF_048161525.1	GCA_048161525.1	Escherichia coli	562		Br_54_kylling					GCF_048161525.1-RS_2025_02_28	Complete Genome	2025-03-01		3	
ASM5490289v1	GCF_054902895.1	GCA_054902895.1	Escherichia coli	562		GPEC1176					GCF_054902895.1-RS_2026_02_04	Complete Genome	2026-02-04	JBUBIU01	2	
SC406	GCF_902810285.1	GCA_902810285.1	Escherichia coli	562					SC406		GCF_902810285.1-RS_2025_07_04	Complete Genome	2020-06-28		1	
ASM339979v2	GCF_003399795.2	GCA_003399795.2	Escherichia coli	562		CFSAN061768					GCF_003399795.2-RS_2024_12_18	Complete Genome	2019-08-27		2	
ASM1735776v1	GCF_017357765.1	GCA_017357765.1	Escherichia coli	562		RM14516					GCF_017357765.1-RS_2025_02_19	Complete Genome	2021-03-16		2	
ASM4567412v1	GCF_045674125.1	GCA_045674125.1	Escherichia coli	562		EC12					GCF_045674125.1-RS_2024_12_05	Complete Genome	2024-12-06		6	
ASM3143285v1	GCF_031432855.1	GCA_031432855.1	Escherichia coli	562		ES4					GCF_031432855.1-RS_2024_12_17	Complete Genome	2023-09-13		3	
ASM1331575v1	GCF_013315755.1	GCA_013315755.1	Escherichia coli	562		SCU-316					GCF_013315755.1-RS_2025_07_03	Complete Genome	2020-06-10		1	
ASM221420v1	GCF_002214205.1	GCA_002214205.1	Escherichia coli	562		M160133					GCF_002214205.1-RS_2025_09_14	Complete Genome	2017-07-03		4	
ASM2255882v1	GCF_022558825.1	GCA_022558825.1	Escherichia coli	562		EC18					GCF_022558825.1-RS_2025_06_02	Complete Genome	2022-03-14		5	
ASM2255884v1	GCF_022558845.1	GCA_022558845.1	Escherichia coli	562		EC15					GCF_022558845.1-RS_2025_06_02	Complete Genome	2022-03-14		5	
ASM5490272v1	GCF_054902725.1	GCA_054902725.1	Escherichia coli	562		GPEC1240					GCF_054902725.1-RS_2026_02_04	Complete Genome	2026-02-03	JBUBJC01	3	
CEA224S	GCF_051122395.1	GCA_051122395.1	Escherichia coli	562		CEA224S					GCF_051122395.1-RS_2025_06_28	Complete Genome	2025-06-28		2	
ASM2249474v1	GCF_022494745.1	GCA_022494745.1	Escherichia coli	562		KKo003					GCF_022494745.1-RS_2025_05_30	Complete Genome	2022-03-07		9	
ASM5310293v1	GCF_053102935.1	GCA_053102935.1	Escherichia coli	562		PO06021					GCF_053102935.1-RS_2025_11_18	Complete Genome	2025-10-16	JBRNHQ01	2	
ASM2794517v1	GCF_027945175.1	GCA_027945175.1	Escherichia coli	562		STEC1575					GCF_027945175.1-RS_2025_03_20	Complete Genome	2023-01-24		2	
ASM5433289v1	GCF_054332895.1	GCA_054332895.1	Escherichia coli	562		FXCREC035					GCF_054332895.1-RS_2026_01_05	Complete Genome	2026-01-04	JBTGJC01	2	
ASM1334292v1	GCF_013342925.1	GCA_013342925.1	Escherichia coli	562		LWY24					GCF_013342925.1-RS_2025_07_05	Complete Genome	2020-06-15		1	
ASM3051535v1	GCF_030515355.1	GCA_030515355.1	Escherichia coli	562		MS20673					GCF_030515355.1-RS_2025_08_02	Complete Genome	2023-07-21		6	
ASM1935547v1	GCF_019355475.1	GCA_019355475.1	Escherichia coli	562		EC45					GCF_019355475.1-RS_2025_09_12	Complete Genome	2021-07-27		5	
ASM2365828v1	GCF_023658285.1	GCA_023658285.1	Escherichia coli	562		Z0117EC0055					GCF_023658285.1-RS_2025_07_03	Complete Genome	2022-06-07		3	
ASM3688443v1	GCF_036884435.1	GCA_036884435.1	Escherichia coli	562		S1-IND-01-B					GCF_036884435.1-RS_2025_04_28	Complete Genome	2024-04-05		2	
ASM795421v2	GCF_007954215.2	GCA_007954215.2	Escherichia coli	562		KCJ3K291					GCF_007954215.2-RS_2025_07_22	Complete Genome	2021-06-16		2	
STEC2	GCF_019585545.2	GCA_019585545.2	Escherichia coli	562		MDP9-27					GCF_019585545.2-RS_2025_04_27	Complete Genome	2024-04-06		3	
ASM4131997v1	GCF_041319975.1	GCA_041319975.1	Escherichia coli	562		ET791					GCF_041319975.1-RS_2024_09_01	Complete Genome	2024-08-18		3	
ASM5538031v1	GCF_055380315.1	GCA_055380315.1	Escherichia coli	562		AST81					GCF_055380315.1-RS_2026_02_24	Complete Genome	2026-02-25		3	
ASM1429527v1	GCF_014295275.1	GCA_014295275.1	Escherichia coli	562		G3/10					GCF_014295275.1-RS_2025_07_03	Complete Genome	2020-08-25		8	
ASM1846006v1	GCF_018460065.1	GCA_018460065.1	Escherichia coli	562		no107					GCF_018460065.1-RS_2025_06_24	Complete Genome	2021-05-24		5	
ASM3099648v1	GCF_030996485.1	GCA_030996485.1	Escherichia coli	562		CUVET19-1704					GCF_030996485.1-RS_2025_09_19	Complete Genome	2023-08-30		3	
ASM5528260v1	GCF_055282605.1	GCA_055282605.1	Escherichia coli	562		E11					GCF_055282605.1-RS_2026_02_18	Complete Genome	2026-02-17	JBUZKD01	4	
ASM4527874v1	GCF_045278745.1	GCA_045278745.1	Escherichia coli	562		EC2001					GCF_045278745.1-RS_2024_11_26	Complete Genome	2024-11-26		3	
ASM5051638v1	GCF_050516385.1	GCA_050516385.1	Escherichia coli	562		TL20					GCF_050516385.1-RS_2025_05_23	Complete Genome	2025-05-23		6	
ASM5417148v1	GCF_054171485.1	GCA_054171485.1	Escherichia coli	562		K99B					GCF_054171485.1-RS_2025_12_25	Complete Genome	2025-12-24	JBSQGH01	2	
ASM2137831v1	GCF_021378315.1	GCA_021378315.1	Escherichia coli	562		EC12					GCF_021378315.1-RS_2025_02_02	Complete Genome	2022-01-06		3	
ASM3236822v1	GCF_032368225.1	GCA_032368225.1	Escherichia coli	562		TW10828					GCF_032368225.1-RS_2024_12_30	Complete Genome	2023-10-04		4	
ASM3380252v1	GCF_033802525.1	GCA_033802525.1	Escherichia coli	562		30EVA1					GCF_033802525.1-RS_2025_01_30	Complete Genome	2023-11-19		3	
ASM5288812v1	GCF_052888125.1	GCA_052888125.1	Escherichia coli	562		VTB97448v					GCF_052888125.1-RS_2025_09_28	Complete Genome	2025-09-30		7	
30224_1#273	GCF_964046655.1	GCA_964046655.1	Escherichia coli	562					30224_1#273		GCF_964046655.1-RS_2025_05_30	Complete Genome	2024-05-20		4	
ASM395642v1	GCF_003956425.1	GCA_003956425.1	Escherichia coli	562		504211					GCF_003956425.1-RS_2025_06_25	Complete Genome	2018-12-19		4	
ASM2038805v1	GCF_020388055.1	GCA_020388055.1	Escherichia coli	562		AW1.7					GCF_020388055.1-RS_2025_01_28	Complete Genome	2021-10-08		3	
ASM3839648v1	GCF_038396485.1	GCA_038396485.1	Escherichia coli	562		JKHS004					GCF_038396485.1-RS_2025_05_01	Complete Genome	2024-04-22		5	
ASM1480580v1	GCF_014805805.1	GCA_014805805.1	Escherichia coli	562		SMBL					GCF_014805805.1-RS_2025_07_04	Complete Genome	2020-09-30		3	
ASM1416895v1	GCF_014168955.1	GCA_014168955.1	Escherichia coli	562		WP3-S18-ESBL-08					GCF_014168955.1-RS_2025_07_03	Complete Genome	2020-07-21		4	
ASM4858551v1	GCF_048585515.1	GCA_048585515.1	Escherichia coli	562		1439					GCF_048585515.1-RS_2025_03_17	Complete Genome	2025-03-17		3	
ASM1690465v1	GCF_016904655.1	GCA_016904655.1	Escherichia coli	562		FDAARGOS_1284					GCF_016904655.1-RS_2025_07_05	Complete Genome	2021-02-17		2	
ASM3839650v1	GCF_038396505.1	GCA_038396505.1	Escherichia coli	562		JKHS016					GCF_038396505.1-RS_2025_05_01	Complete Genome	2024-04-22		5	
ASM301761v1	GCF_003017615.1	GCA_003017615.1	Escherichia coli	562		2014C-4135					GCF_003017615.1-RS_2025_06_22	Complete Genome	2018-03-26		2	
ASM1997105v1	GCF_019971055.1	GCA_019971055.1	Escherichia coli	562		CX07					GCF_019971055.1-RS_2025_01_16	Complete Genome	2021-09-14		5	
ASM1997107v1	GCF_019971075.1	GCA_019971075.1	Escherichia coli	562		CX15					GCF_019971075.1-RS_2025_01_16	Complete Genome	2021-09-14		6	
ASM1997101v1	GCF_019971015.1	GCA_019971015.1	Escherichia coli	562		CX04					GCF_019971015.1-RS_2025_01_16	Complete Genome	2021-09-14		6	
ASM1997103v1	GCF_019971035.1	GCA_019971035.1	Escherichia coli	562		CX05					GCF_019971035.1-RS_2025_01_16	Complete Genome	2021-09-14		5	
ASM1841599v1	GCF_018415995.1	GCA_018415995.1	Escherichia coli	562		EC_J_9					GCF_018415995.1-RS_2025_06_21	Complete Genome	2021-05-20		6	
ASM5310318v1	GCF_053103185.1	GCA_053103185.1	Escherichia coli	562		MN06021					GCF_053103185.1-RS_2025_11_18	Complete Genome	2025-10-16	JBRNIC01	4	
ASM3028550v1	GCF_030285505.1	GCA_030285505.1	Escherichia coli	562		Q5					GCF_030285505.1-RS_2025_07_05	Complete Genome	2023-06-18		6	
ASM5538108v1	GCF_055381085.1	GCA_055381085.1	Escherichia coli	562		e1-39					GCF_055381085.1-RS_2026_02_23	Complete Genome	2026-02-24		7	
ASM201220v1	GCF_002012205.1	GCA_002012205.1	Escherichia coli	562		Ecol_867					GCF_002012205.1-RS_2025_06_21	Complete Genome	2017-03-03		4	
ASM100791v1	GCF_001007915.1	GCA_001007915.1	Escherichia coli	562		CFSAN029787					GCF_001007915.1-RS_2025_06_08	Complete Genome	2015-05-15		3	
ASM3001258v1	GCF_030012585.1	GCA_030012585.1	Escherichia coli	562		2-331					GCF_030012585.1-RS_2025_07_13	Complete Genome	2023-05-15		6	
ASM3238591v1	GCF_032385915.1	GCA_032385915.1	Escherichia coli	562		TUM2830					GCF_032385915.1-RS_2024_12_30	Complete Genome	2023-10-05		3	
ASM1688904v1	GCF_016889045.1	GCA_016889045.1	Escherichia coli	562		FDAARGOS_1255					GCF_016889045.1-RS_2025_07_05	Complete Genome	2021-02-15		3	
ASM5523375v1	GCF_055233755.1	GCA_055233755.1	Escherichia coli	562		KD0845					GCF_055233755.1-RS_2026_02_17	Complete Genome	2026-02-17	JBUYCO01	10	
ASM2962515v1	GCF_029625155.1	GCA_029625155.1	Escherichia coli	562		E57					GCF_029625155.1-RS_2025_06_05	Complete Genome	2023-04-09		2	
ASM677708v1	GCF_006777085.1	GCA_006777085.1	Escherichia coli	562		MSHS 133					GCF_006777085.1-RS_2025_05_27	Complete Genome	2019-07-09		2	
ASM3084601v1	GCF_030846015.1	GCA_030846015.1	Escherichia coli	562		LZSFT34					GCF_030846015.1-RS_2025_01_01	Complete Genome	2023-08-20		8	
ASM5310269v1	GCF_053102695.1	GCA_053102695.1	Escherichia coli	562		SW071618					GCF_053102695.1-RS_2025_11_18	Complete Genome	2025-10-16	JBRNHE01	7	
ASM1066902v1	GCF_010669025.1	GCA_010669025.1	Escherichia coli	562		PapRG-06-5					GCF_010669025.1-RS_2025_07_02	Complete Genome	2020-02-15		1	
ASM1104547v1	GCF_011045475.1	GCA_011045475.1	Escherichia coli	562		CM IVRI KOL-1					GCF_011045475.1-RS_2025_07_03	Complete Genome	2020-03-02		4	
ASM2542617v1	GCF_025426175.1	GCA_025426175.1	Escherichia coli	562		DFS.1					GCF_025426175.1-RS_2024_12_31	Complete Genome	2022-09-27		2	
CEA106S	GCF_051122425.1	GCA_051122425.1	Escherichia coli	562		CEA106S					GCF_051122425.1-RS_2025_06_28	Complete Genome	2025-06-28		7	
APEC_PE144	GCF_965645325.1	GCA_965645325.1	Escherichia coli	562		PE144			PE144		GCF_965645325.1-RS_2025_07_31	Complete Genome	2025-07-31		2	
ASM1879884v1	GCF_018798845.1	GCA_018798845.1	Escherichia coli	562		AVS0096					GCF_018798845.1-RS_2025_05_31	Complete Genome	2021-06-09		4	
ASM3650643v1	GCF_036506435.1	GCA_036506435.1	Escherichia coli	562		2017.18.04CC					GCF_036506435.1-RS_2025_04_27	Complete Genome	2023-11-04		4	
MINF_2E	GCF_904866305.1	GCA_904866305.1	Escherichia coli	562		MINF_2E			MINF_2E		GCF_904866305.1-RS_2025_07_11	Complete Genome	2020-11-01		6	
ASM1942872v1	GCF_019428725.1	GCA_019428725.1	Escherichia coli	562		PK8276					GCF_019428725.1-RS_2025_03_18	Complete Genome	2021-07-31		9	
ASM1411734v2	GCF_014117345.2	GCA_014117345.2	Escherichia coli	562		E2348/69					GCF_014117345.2-RS_2024_12_16	Complete Genome	2021-06-03		3	
ASM1686417v1	GCF_016864175.1	GCA_016864175.1	Escherichia coli	562		DE17					GCF_016864175.1-RS_2025_02_03	Complete Genome	2021-02-11		3	
ASM5539800v1	GCF_055398005.1	GCA_055398005.1	Escherichia coli	562		AST262					GCF_055398005.1-RS_2026_02_24	Complete Genome	2026-02-25		2	
ASM1888426v1	GCF_018884265.1	GCA_018884265.1	Escherichia coli	562		B7A					GCF_018884265.1-RS_2025_07_21	Complete Genome	2021-06-15		5	
ASM5212263v1	GCF_052122635.1	GCA_052122635.1	Escherichia coli	562		2022S01-140-18					GCF_052122635.1-RS_2025_08_19	Complete Genome	2025-08-19	JBQJRO01	11	
ASM5212279v1	GCF_052122795.1	GCA_052122795.1	Escherichia coli	562		2022S01-140					GCF_052122795.1-RS_2025_08_19	Complete Genome	2025-08-19	JBQJRP01	6	
ASM5274862v1	GCF_052748625.1	GCA_052748625.1	Escherichia coli	562		19AR1321					GCF_052748625.1-RS_2025_09_22	Complete Genome	2025-09-21	JBRASS01	4	
ASM1935545v1	GCF_019355455.1	GCA_019355455.1	Escherichia coli	562		Ec42					GCF_019355455.1-RS_2025_09_12	Complete Genome	2021-07-27		6	
39130_G01	GCF_900636175.1	GCA_900636175.1	Escherichia coli	562		NCTC8623					GCF_900636175.1-RS_2025_06_26	Complete Genome	2018-12-20		1	
ASM4125771v1	GCF_041257715.1	GCA_041257715.1	Escherichia coli	562		S115					GCF_041257715.1-RS_2024_12_02	Complete Genome	2024-08-14		5	
ASM5161790v1	GCF_051617905.1	GCA_051617905.1	Escherichia coli	562		ECamp52					GCF_051617905.1-RS_2025_07_31	Complete Genome	2025-08-01		4	
ASM286008v1	GCF_002860085.1	GCA_002860085.1	Escherichia coli	562		CRE1540					GCF_002860085.1-RS_2025_03_24	Complete Genome	2018-01-04		5	
ASM3051517v1	GCF_030515175.1	GCA_030515175.1	Escherichia coli	562		MS21324					GCF_030515175.1-RS_2025_08_02	Complete Genome	2023-07-21		2	
ASM5385231v1	GCF_053852315.1	GCA_053852315.1	Escherichia coli	562		mip270_05					GCF_053852315.1-RS_2026_02_17	Complete Genome	2025-12-07	JBSQHB01	6	
ASM5385226v1	GCF_053852265.1	GCA_053852265.1	Escherichia coli	562		mip270_22					GCF_053852265.1-RS_2025_12_08	Complete Genome	2025-12-07	JBSQHC01	6	
ASM5113619v1	GCF_051136195.1	GCA_051136195.1	Escherichia coli	562		EC28					GCF_051136195.1-RS_2025_06_30	Complete Genome	2025-06-30		8	
ASM205735v1	GCF_002057355.1	GCA_002057355.1	Escherichia coli	562		13E0767					GCF_002057355.1-RS_2025_06_20	Complete Genome	2017-03-21		1	
ASM2794467v1	GCF_027944675.1	GCA_027944675.1	Escherichia coli	562		DETEC-S560					GCF_027944675.1-RS_2025_03_20	Complete Genome	2023-01-24		6	
ASM5269250v1	GCF_052692505.1	GCA_052692505.1	Escherichia coli	562		41EC2					GCF_052692505.1-RS_2025_09_18	Complete Genome	2025-09-19		2	
ASM5539726v1	GCF_055397265.1	GCA_055397265.1	Escherichia coli	562		HCM-21C-2					GCF_055397265.1-RS_2026_02_24	Complete Genome	2026-02-25		3	
ASM3028554v1	GCF_030285545.1	GCA_030285545.1	Escherichia coli	562		APEC20/16					GCF_030285545.1-RS_2025_07_06	Complete Genome	2023-06-18		4	
E700481.fasta	GCF_052938775.1	GCA_052938775.1	Escherichia coli	562		700481					GCF_052938775.1-RS_2025_11_17	Complete Genome	2025-10-01	JBREQK01	9	
30821_1#88	GCF_964049545.1	GCA_964049545.1	Escherichia coli	562					30821_1#88		GCF_964049545.1-RS_2025_05_30	Complete Genome	2024-05-20		7	
ASM2061647v1	GCF_020616475.1	GCA_020616475.1	Escherichia coli	562		EC7518					GCF_020616475.1-RS_2025_01_31	Complete Genome	2021-10-26		5	
ASM4126274v1	GCF_041262745.1	GCA_041262745.1	Escherichia coli	562		536					GCF_041262745.1-RS_2024_12_02	Complete Genome	2024-08-14		1	
ASM190102v1	GCF_001901025.1	GCA_001901025.1	Escherichia coli	562		M1					GCF_001901025.1-RS_2025_06_19	Complete Genome	2016-12-12		3	
ASM3862706v2	GCF_038627065.1	GCA_038627065.2	Escherichia coli	562		2024CK-00475					GCF_038627065.1-RS_2024_06_23	Complete Genome	2024-06-12		5	
ASM5390299v1	GCF_053902995.1	GCA_053902995.1	Escherichia coli	562		JNE12-007					GCF_053902995.1-RS_2025_12_12	Complete Genome	2025-12-12		3	
ASM2862306v1	GCF_028623065.1	GCA_028623065.1	Escherichia coli	562		B1S11					GCF_028623065.1-RS_2025_04_25	Complete Genome	2023-02-15		3	
ASM5323824v1	GCF_053238245.1	GCA_053238245.1	Escherichia coli	562		E-93					GCF_053238245.1-RS_2025_11_18	Complete Genome	2025-11-20		6	
ASM5538146v1	GCF_055381465.1	GCA_055381465.1	Escherichia coli	562		B1-56			20180402-1		GCF_055381465.1-RS_2026_02_24	Complete Genome	2026-02-25		1	
ASM5566144v1	GCF_055661445.1	GCA_055661445.1	Escherichia coli	562		JNEC-KY172					GCF_055661445.1-RS_2026_03_04	Complete Genome	2026-03-06		1	
ASM3862710v2	GCF_038627105.1	GCA_038627105.2	Escherichia coli	562		2024CK-00474					GCF_038627105.1-RS_2024_06_23	Complete Genome	2024-06-12		3	
ASM4527725v1	GCF_045277255.1	GCA_045277255.1	Escherichia coli	562		GABEEC10					GCF_045277255.1-RS_2024_11_26	Complete Genome	2024-11-26		5	
ASM3688463v1	GCF_036884635.1	GCA_036884635.1	Escherichia coli	562		S1-KEN-05-A					GCF_036884635.1-RS_2025_04_28	Complete Genome	2024-04-05		2	
ASM218019v1	GCF_002180195.1	GCA_002180195.1	Escherichia coli	562		AR_0058					GCF_002180195.1-RS_2025_06_20	Complete Genome	2017-06-08		2	
ASM190104v1	GCF_001901045.1	GCA_001901045.1	Escherichia coli	562		M3					GCF_001901045.1-RS_2025_06_19	Complete Genome	2016-12-12		3	
ASM2284625v1	GCF_022846255.1	GCA_022846255.1	Escherichia coli	562		Rb-50					GCF_022846255.1-RS_2025_06_08	Complete Genome	2022-03-25		1	
ASM3098882v1	GCF_030988825.1	GCA_030988825.1	Escherichia coli	562		MS8324					GCF_030988825.1-RS_2025_09_14	Complete Genome	2023-08-30		5	
ASM4219236v1	GCF_042192365.1	GCA_042192365.1	Escherichia coli	562		UPEC 536					GCF_042192365.1-RS_2024_09_25	Complete Genome	2024-09-25		1	
ASM4503759v1	GCF_045037595.1	GCA_045037595.1	Escherichia coli	562		98218					GCF_045037595.1-RS_2024_11_20	Complete Genome	2024-11-23		2	
F247	GCF_963575445.1	GCA_963575445.1	Escherichia coli	562					F247		GCF_963575445.1-RS_2025_01_15	Complete Genome	2023-10-28		2	
F719	GCF_963575415.1	GCA_963575415.1	Escherichia coli	562					F719		GCF_963575415.1-RS_2025_01_15	Complete Genome	2023-10-28		6	
ASM334446v1	GCF_003344465.1	GCA_003344465.1	Escherichia coli	562		MCJCHV-1					GCF_003344465.1-RS_2025_06_24	Complete Genome	2018-07-27		6	
ASM3566609v1	GCF_035666095.1	GCA_035666095.1	Escherichia coli	562		numer 3					GCF_035666095.1-RS_2025_03_09	Complete Genome	2024-01-16		4	
STEC10	GCF_019585465.2	GCA_019585465.2	Escherichia coli	562		10					GCF_019585465.2-RS_2025_04_28	Complete Genome	2024-04-06		4	
30348_1#3	GCF_964038705.1	GCA_964038705.1	Escherichia coli	562					30348_1#3		GCF_964038705.1-RS_2025_05_29	Complete Genome	2024-05-20		2	
ASM2439657v1	GCF_024396575.1	GCA_024396575.1	Escherichia coli	562		DS566					GCF_024396575.1-RS_2025_08_19	Complete Genome	2022-07-25		1	
ASM278754v1	GCF_002787545.1	GCA_002787545.1	Escherichia coli	562		CREC-629					GCF_002787545.1-RS_2025_06_21	Complete Genome	2017-11-20		4	
ASM2439653v1	GCF_024396535.1	GCA_024396535.1	Escherichia coli	562		DS566-2					GCF_024396535.1-RS_2025_08_19	Complete Genome	2022-07-25		1	
ASM2439655v1	GCF_024396555.1	GCA_024396555.1	Escherichia coli	562		DS566-1					GCF_024396555.1-RS_2025_08_19	Complete Genome	2022-07-25		1	
ASM1672808v1	GCF_016728085.1	GCA_016728085.1	Escherichia coli	562		FDAARGOS_1077					GCF_016728085.1-RS_2025_07_04	Complete Genome	2021-01-20		3	
ASM4755188v1	GCF_047551885.1	GCA_047551885.1	Escherichia coli	562		Q65					GCF_047551885.1-RS_2025_02_11	Complete Genome	2025-02-11		8	
ASM2497053v1	GCF_024970535.1	GCA_024970535.1	Escherichia coli	562		DLI.5a					GCF_024970535.1-RS_2024_12_18	Complete Genome	2022-09-06		2	
ASM5156228v1	GCF_051562285.1	GCA_051562285.1	Escherichia coli	562		AH21B066					GCF_051562285.1-RS_2025_07_30	Complete Genome	2025-07-31		1	
ASM3464369v3	GCF_034643695.2	GCA_034643695.3	Escherichia coli	562		KE47					GCF_034643695.2-RS_2026_01_18	Complete Genome	2023-12-26		2	
ASM995212v1	GCF_009952125.1	GCA_009952125.1	Escherichia coli	562		STEC005					GCF_009952125.1-RS_2025_07_01	Complete Genome	2020-01-29		2	
ASM3086392v1	GCF_030863925.1	GCA_030863925.1	Escherichia coli	562		ARS-C101					GCF_030863925.1-RS_2025_09_09	Complete Genome	2023-08-23		3	
ASM258700v1	GCF_002587005.1	GCA_002587005.1	Escherichia coli	562		IMT16316					GCF_002587005.1-RS_2025_06_21	Complete Genome	2017-10-18		2	
ASM5537992v1	GCF_055379925.1	GCA_055379925.1	Escherichia coli	562		AST85					GCF_055379925.1-RS_2026_02_24	Complete Genome	2026-02-25		9	
ASM2525964v1	GCF_025259645.1	GCA_025259645.1	Escherichia coli	562		2021CK-01784					GCF_025259645.1-RS_2024_12_27	Complete Genome	2022-09-19		2	
ASM986703v3	GCF_009867035.2	GCA_009867035.3	Escherichia coli	562		CFS3313					GCF_009867035.2-RS_2025_07_03	Complete Genome	2020-06-08		5	
ASM3166155v1	GCF_031661555.1	GCA_031661555.1	Escherichia coli	562		TUM13936					GCF_031661555.1-RS_2024_12_18	Complete Genome	2023-09-19		4	
ASM3098872v1	GCF_030988725.1	GCA_030988725.1	Escherichia coli	562		MS10858					GCF_030988725.1-RS_2025_09_14	Complete Genome	2023-08-30		4	
ASM2090565v1	GCF_020905655.1	GCA_020905655.1	Escherichia coli	562		PJ-T13					GCF_020905655.1-RS_2025_03_10	Complete Genome	2021-11-21		1	
ASM2249335v1	GCF_022493355.1	GCA_022493355.1	Escherichia coli	562		A28					GCF_022493355.1-RS_2025_05_01	Complete Genome	2022-03-07		1	
W284	GCF_041003625.1	GCA_041003625.1	Escherichia coli	562		W284					GCF_041003625.1-RS_2024_08_02	Complete Genome	2024-08-03		5	
ASM3043845v1	GCF_030438455.1	GCA_030438455.1	Escherichia coli	562		STEC435					GCF_030438455.1-RS_2025_07_22	Complete Genome	2023-07-11		4	
ASM633702v1	GCF_006337025.1	GCA_006337025.1	Escherichia coli	562		K71-77					GCF_006337025.1-RS_2025_06_29	Complete Genome	2019-06-13		3	
ASM4801654v1	GCF_048016545.1	GCA_048016545.1	Escherichia coli	562		CUPF06					GCF_048016545.1-RS_2025_02_26	Complete Genome	2025-03-01		5	
ASM5490257v1	GCF_054902575.1	GCA_054902575.1	Escherichia coli	562		GPEC1366					GCF_054902575.1-RS_2026_02_04	Complete Genome	2026-02-03	JBUBJK01	4	
ASM5139784v1	GCF_051397845.1	GCA_051397845.1	Escherichia coli	562					A21005		GCF_051397845.1-RS_2025_07_18	Complete Genome	2025-07-18		8	
ASM5590079v1	GCF_055900795.1	GCA_055900795.1	Escherichia coli	562		08A21CPO005					GCF_055900795.1-RS_2026_03_15	Complete Genome	2026-03-15	JBVWFH01	6	
ASM4857265v1	GCF_048572655.1	GCA_048572655.1	Escherichia coli	562		AREA_492					GCF_048572655.1-RS_2025_03_16	Complete Genome	2025-03-16		8	
ASM1149292v1	GCF_011492925.1	GCA_011492925.1	Escherichia coli	562		IBS28					GCF_011492925.1-RS_2025_07_03	Complete Genome	2020-03-19		1	
ASM2235390v1	GCF_022353905.1	GCA_022353905.1	Escherichia coli	562		SWHEFF_69					GCF_022353905.1-RS_2025_05_17	Complete Genome	2022-02-22		3	
ASM2365797v1	GCF_023657975.1	GCA_023657975.1	Escherichia coli	562		Z0117EC0116					GCF_023657975.1-RS_2025_07_03	Complete Genome	2022-06-07		3	
ASM299666v1	GCF_002996665.1	GCA_002996665.1	Escherichia coli	562		EC11					GCF_002996665.1-RS_2025_06_21	Complete Genome	2018-03-14		5	
ASM836445v2	GCF_008364455.2	GCA_008364455.2	Escherichia coli	562		Ec1117					GCF_008364455.2-RS_2025_06_12	Complete Genome	2024-06-06		2	
E600003.fasta	GCF_052908065.1	GCA_052908065.1	Escherichia coli	562		E600003					GCF_052908065.1-RS_2025_11_17	Complete Genome	2025-09-29	JBRERH01	6	
ASM5116364v1	GCF_051163645.1	GCA_051163645.1	Escherichia coli	562		EC0585					GCF_051163645.1-RS_2025_07_02	Complete Genome	2025-07-02		4	
ASM1765416v1	GCF_017654165.1	GCA_017654165.1	Escherichia coli	562		LWY6					GCF_017654165.1-RS_2025_07_05	Complete Genome	2021-03-31		1	
ASM3003683v1	GCF_030036835.1	GCA_030036835.1	Escherichia coli	562		AVS0662					GCF_030036835.1-RS_2025_06_15	Complete Genome	2023-05-12		3	
ASM1485463v1	GCF_014854635.1	GCA_014854635.1	Escherichia coli	562		L3Cip3					GCF_014854635.1-RS_2025_07_05	Complete Genome	2020-10-06		7	
ASM5161052v1	GCF_051610525.1	GCA_051610525.1	Escherichia coli	562		22AR0434					GCF_051610525.1-RS_2025_07_31	Complete Genome	2025-08-01		5	
30345_1#279	GCF_964036945.1	GCA_964036945.1	Escherichia coli	562					30345_1#279		GCF_964036945.1-RS_2025_05_29	Complete Genome	2024-05-20		5	
ASM5404752v1	GCF_054047525.1	GCA_054047525.1	Escherichia coli	562		361					GCF_054047525.1-RS_2025_12_18	Complete Genome	2025-12-17	JBSWAR01	3	
E200139.fasta	GCF_052908285.1	GCA_052908285.1	Escherichia coli	562		E200139					GCF_052908285.1-RS_2025_11_17	Complete Genome	2025-09-29	JBRERO01	7	
ASM4503749v1	GCF_045037495.1	GCA_045037495.1	Escherichia coli	562		98197					GCF_045037495.1-RS_2024_11_20	Complete Genome	2024-11-23		4	
ASM2412569v1	GCF_024125695.1	GCA_024125695.1	Escherichia coli	562		EC21GDE043					GCF_024125695.1-RS_2025_07_21	Complete Genome	2022-07-03		6	
ASM4840263v1	GCF_048402635.1	GCA_048402635.1	Escherichia coli	562		605					GCF_048402635.1-RS_2025_03_06	Complete Genome	2025-03-07		5	
ASM4527708v1	GCF_045277085.1	GCA_045277085.1	Escherichia coli	562		EC5931					GCF_045277085.1-RS_2024_11_26	Complete Genome	2024-11-26		3	
ASM3990942v1	GCF_039909425.1	GCA_039909425.1	Escherichia coli	562		UTME-13					GCF_039909425.1-RS_2025_06_07	Complete Genome	2024-05-31		2	
ASM413581v1	GCF_004135815.1	GCA_004135815.1	Escherichia coli	562		CRE10					GCF_004135815.1-RS_2025_06_26	Complete Genome	2019-02-04		5	
ASM289390v2	GCF_002893905.2	GCA_002893905.2	Escherichia coli	562		CV839-06					GCF_002893905.2-RS_2025_06_21	Complete Genome	2018-01-26		3	
ASM2433134v2	GCF_024331345.2	GCA_024331345.2	Escherichia coli	562		MLI104K2					GCF_024331345.2-RS_2025_08_25	Complete Genome	2023-02-08		2	
ASM2473524v1	GCF_024735245.1	GCA_024735245.1	Escherichia coli	562		XH989					GCF_024735245.1-RS_2025_09_30	Complete Genome	2022-08-24		4	
ASM5316962v1	GCF_053169625.1	GCA_053169625.1	Escherichia coli	562		CUVET19-1993					GCF_053169625.1-RS_2025_11_18	Complete Genome	2025-11-19		6	
ASM190083v1	GCF_001900835.1	GCA_001900835.1	Escherichia coli	562		H8					GCF_001900835.1-RS_2025_06_17	Complete Genome	2016-12-12		4	
ASM5074906v1	GCF_050749065.1	GCA_050749065.1	Escherichia coli	562		EC7					GCF_050749065.1-RS_2025_06_05	Complete Genome	2025-06-06		4	
MSB2_1A	GCF_904864635.1	GCA_904864635.1	Escherichia coli	562		MSB2_1A			MSB2_1A		GCF_904864635.1-RS_2025_07_12	Complete Genome	2020-11-01		5	
ASM419375v1	GCF_004193755.1	GCA_004193755.1	Escherichia coli	562		U15A					GCF_004193755.1-RS_2024_06_18	Complete Genome	2019-02-13		7	
ASM1416867v1	GCF_014168675.1	GCA_014168675.1	Escherichia coli	562		WP2-W18-ESBL-08					GCF_014168675.1-RS_2025_07_03	Complete Genome	2020-07-21		2	
ASM995012v1	GCF_009950125.1	GCA_009950125.1	Escherichia coli	562		STEC388					GCF_009950125.1-RS_2025_07_03	Complete Genome	2020-01-29		4	
ASM2222088v1	GCF_022220885.1	GCA_022220885.1	Escherichia coli	562		GDAR2-2					GCF_022220885.1-RS_2025_05_27	Complete Genome	2022-02-14		2	
ASM5317018v1	GCF_053170185.1	GCA_053170185.1	Escherichia coli	562		CUVET17-1418					GCF_053170185.1-RS_2025_11_18	Complete Genome	2025-11-19		5	
ASM2473522v1	GCF_024735225.1	GCA_024735225.1	Escherichia coli	562		XH987					GCF_024735225.1-RS_2025_09_29	Complete Genome	2022-08-24		4	
ASM5435699v1	GCF_054356995.1	GCA_054356995.1	Escherichia coli	562		YZ3E2001					GCF_054356995.1-RS_2026_01_06	Complete Genome	2026-01-06	JBTHWB01	5	
ASM1688960v1	GCF_016889605.1	GCA_016889605.1	Escherichia coli	562		FDAARGOS_1268					GCF_016889605.1-RS_2025_07_04	Complete Genome	2021-02-15		3	
ASM5317002v1	GCF_053170025.1	GCA_053170025.1	Escherichia coli	562		CUVET19-1396					GCF_053170025.1-RS_2025_11_18	Complete Genome	2025-11-19		6	
L7_E1373_ETEC	GCF_904831805.1	GCA_904831805.1	Escherichia coli	562					L7_E1373_ETEC		GCF_904831805.1-RS_2025_07_05	Complete Genome	2020-11-16		3	
ASM2962519v1	GCF_029625195.1	GCA_029625195.1	Escherichia coli	562		E67					GCF_029625195.1-RS_2025_06_05	Complete Genome	2023-04-09		2	
ASM2962545v1	GCF_029625455.1	GCA_029625455.1	Escherichia coli	562		E50					GCF_029625455.1-RS_2025_06_05	Complete Genome	2023-04-09		2	
ASM2491829v1	GCF_024918295.1	GCA_024918295.1	Escherichia coli	562		961					GCF_024918295.1-RS_2024_12_18	Complete Genome	2022-09-04		9	
ASM2962509v1	GCF_029625095.1	GCA_029625095.1	Escherichia coli	562		E20					GCF_029625095.1-RS_2025_06_05	Complete Genome	2023-04-09		2	
ASM1694263v1	GCF_016942635.1	GCA_016942635.1	Escherichia coli	562		EM10-18-28					GCF_016942635.1-RS_2025_07_04	Complete Genome	2021-02-25		3	
ASM201214v1	GCF_002012145.1	GCA_002012145.1	Escherichia coli	562		Ecol_AZ159					GCF_002012145.1-RS_2025_06_21	Complete Genome	2017-03-03		3	
ASM5190306v1	GCF_051903065.1	GCA_051903065.1	Escherichia coli	562		JX21CE8					GCF_051903065.1-RS_2025_08_08	Complete Genome	2025-08-09		5	
ASM1888442v1	GCF_018884425.1	GCA_018884425.1	Escherichia coli	562		TW10590					GCF_018884425.1-RS_2025_07_21	Complete Genome	2021-06-15		5	
ASM4043681v1	GCF_040436815.1	GCA_040436815.1	Escherichia coli	562		10035210-2					GCF_040436815.1-RS_2024_07_02	Complete Genome	2024-07-02		3	
ASM3412088v2	GCF_034120885.1	GCA_034120885.2	Escherichia coli	562		2023CK-01482					GCF_034120885.1-RS_2025_05_01	Complete Genome	2024-01-14		5	
ASM3555751v2	GCF_035557515.1	GCA_035557515.2	Escherichia coli	562		2023CK-01687					GCF_035557515.1-RS_2025_05_01	Complete Genome	2024-04-06		4	
ASM5490251v1	GCF_054902515.1	GCA_054902515.1	Escherichia coli	562		GPEC102					GCF_054902515.1-RS_2026_02_04	Complete Genome	2026-02-03	JBUBJN01	3	
ASM5390302v1	GCF_053903025.1	GCA_053903025.1	Escherichia coli	562		JNE25-001					GCF_053903025.1-RS_2025_12_12	Complete Genome	2025-12-12		4	
ASM2842148v1	GCF_028421485.1	GCA_028421485.1	Escherichia coli	562		EC9952					GCF_028421485.1-RS_2025_03_22	Complete Genome	2023-02-02		3	
ASM5490295v1	GCF_054902955.1	GCA_054902955.1	Escherichia coli	562		GPEC1040					GCF_054902955.1-RS_2026_02_04	Complete Genome	2026-02-04	JBUBIQ01	4	
ASM221509v1	GCF_002215095.1	GCA_002215095.1	Escherichia coli	562		PSUO2					GCF_002215095.1-RS_2025_03_24	Complete Genome	2017-07-06		2	
ASM1694265v1	GCF_016942655.1	GCA_016942655.1	Escherichia coli	562		EM06-18-14					GCF_016942655.1-RS_2025_07_04	Complete Genome	2021-02-25		4	
ASM2433144v2	GCF_024331445.2	GCA_024331445.2	Escherichia coli	562		MLI106K3					GCF_024331445.2-RS_2025_03_26	Complete Genome	2023-02-08		4	
ASM5103576v1	GCF_051035765.1	GCA_051035765.1	Escherichia coli	562		MY203L1					GCF_051035765.1-RS_2025_06_25	Complete Genome	2025-06-26		2	
ASM5545625v1	GCF_055456255.1	GCA_055456255.1	Escherichia coli	562		CB7453					GCF_055456255.1-RS_2026_02_24	Complete Genome	2026-02-24	JBVDML01	4	
CB7453_version2	GCF_965282805.1	GCA_965282805.1	Escherichia coli	562					CB7453		GCF_965282805.1-RS_2026_02_26	Complete Genome	2026-02-26		4	
ASM4610717v1	GCF_046107175.1	GCA_046107175.1	Escherichia coli	562		20KM0223N					GCF_046107175.1-RS_2024_12_17	Complete Genome	2024-12-17		5	
ASM3029550v1	GCF_030295505.1	GCA_030295505.1	Escherichia coli	562		JNE082640					GCF_030295505.1-RS_2025_07_10	Complete Genome	2023-05-30		6	
ASM5490309v1	GCF_054903095.1	GCA_054903095.1	Escherichia coli	562		GPEC856					GCF_054903095.1-RS_2026_02_04	Complete Genome	2026-02-04	JBUBIK01	2	
ASM5316537v1	GCF_053165375.1	GCA_053165375.1	Escherichia coli	562		EN-1077					GCF_053165375.1-RS_2025_11_18	Complete Genome	2025-11-19		9	
ASM334271v1	GCF_003342715.1	GCA_003342715.1	Escherichia coli	562		CFSAN064035					GCF_003342715.1-RS_2025_03_10	Complete Genome	2018-07-26		6	
ASM90052038v1	GCF_900520385.1	GCA_900520385.1	Escherichia coli	562					Escherichia coli str. 3426		GCF_900520385.1-RS_2025_06_25	Complete Genome	2019-01-29		5	
ASM1331708v1	GCF_013317085.1	GCA_013317085.1	Escherichia coli	562		MS6193					GCF_013317085.1-RS_2025_07_03	Complete Genome	2020-06-10		4	
ASM2536985v1	GCF_025369855.1	GCA_025369855.1	Escherichia coli	562		E4					GCF_025369855.1-RS_2024_12_30	Complete Genome	2022-09-22		5	
ASM5130724v1	GCF_051307245.1	GCA_051307245.1	Escherichia coli	562		298					GCF_051307245.1-RS_2025_07_14	Complete Genome	2025-07-15		15	
ASM395622v1	GCF_003956225.1	GCA_003956225.1	Escherichia coli	562		203740					GCF_003956225.1-RS_2025_03_25	Complete Genome	2018-12-19		3	
ASM2520063v1	GCF_025200635.1	GCA_025200635.1	Escherichia coli	562		USDA-ARS-USMARC-50748					GCF_025200635.1-RS_2024_12_20	Complete Genome	2022-09-14		4	
ASM3649786v1	GCF_036497865.1	GCA_036497865.1	Escherichia coli	562		LR-62-2					GCF_036497865.1-RS_2025_04_27	Complete Genome	2023-11-03		12	
ASM5297508v1	GCF_052975085.1	GCA_052975085.1	Escherichia coli	562		FXCREC004					GCF_052975085.1-RS_2025_11_17	Complete Genome	2025-11-18		3	
ASM4610715v1	GCF_046107155.1	GCA_046107155.1	Escherichia coli	562		19KM2326N					GCF_046107155.1-RS_2024_12_17	Complete Genome	2024-12-17		4	
ASM3649518v1	GCF_036495185.1	GCA_036495185.1	Escherichia coli	562		LR-25					GCF_036495185.1-RS_2025_04_27	Complete Genome	2023-11-03		6	
ASM5156200v1	GCF_051562005.1	GCA_051562005.1	Escherichia coli	562		AH19E045					GCF_051562005.1-RS_2025_07_30	Complete Genome	2025-07-31		1	
ASM5545623v1	GCF_055456235.1	GCA_055456235.1	Escherichia coli	562		CB8671					GCF_055456235.1-RS_2026_02_24	Complete Genome	2026-02-24	JBVDMK01	2	
CB8671_version2	GCF_965282765.1	GCA_965282765.1	Escherichia coli	562					CB8671		GCF_965282765.1-RS_2026_02_26	Complete Genome	2026-02-26		2	
ASM5160401v1	GCF_051604015.1	GCA_051604015.1	Escherichia coli	562		24AR0357					GCF_051604015.1-RS_2025_07_31	Complete Genome	2025-08-01		5	
ASM235791v1	GCF_002357915.1	GCA_002357915.1	Escherichia coli	562		20Ec-P-124					GCF_002357915.1-RS_2025_05_23	Complete Genome	2017-04-06		7	
ASM1416915v1	GCF_014169155.1	GCA_014169155.1	Escherichia coli	562		WP4-S18-ESBL-08					GCF_014169155.1-RS_2025_07_03	Complete Genome	2020-07-21		3	
ASM395628v1	GCF_003956285.1	GCA_003956285.1	Escherichia coli	562		503829					GCF_003956285.1-RS_2025_06_25	Complete Genome	2018-12-19		4	
ASM5155922v1	GCF_051559225.1	GCA_051559225.1	Escherichia coli	562		AH20K059					GCF_051559225.1-RS_2025_07_30	Complete Genome	2025-07-31		3	
ASM2999055v1	GCF_029990555.1	GCA_029990555.1	Escherichia coli	562		AVS0968					GCF_029990555.1-RS_2025_08_18	Complete Genome	2023-05-12		6	
ASM4432486v1	GCF_044324865.1	GCA_044324865.1	Escherichia coli	562		GF153					GCF_044324865.1-RS_2024_11_04	Complete Genome	2024-11-04		4	
ASM5130723v1	GCF_051307235.1	GCA_051307235.1	Escherichia coli	562		25403					GCF_051307235.1-RS_2025_07_14	Complete Genome	2025-07-15		10	
ASM1688984v1	GCF_016889845.1	GCA_016889845.1	Escherichia coli	562		FDAARGOS_1248					GCF_016889845.1-RS_2025_07_04	Complete Genome	2021-02-15		7	
ASM287997v1	GCF_002879975.1	GCA_002879975.1	Escherichia coli	562		ML35					GCF_002879975.1-RS_2025_06_21	Complete Genome	2018-01-15		1	
PRO_A-1505-6W-A_ESBL	GCF_054388915.1	GCA_054388915.1	Escherichia coli	562		PRO_A-1505-6W-A_ESBL					GCF_054388915.1-RS_2026_01_07	Complete Genome	2026-01-07	JBSTQL01	5	
W150	GCF_041004245.1	GCA_041004245.1	Escherichia coli	562		W150					GCF_041004245.1-RS_2024_08_02	Complete Genome	2024-08-03		8	
ASM3688476v1	GCF_036884765.1	GCA_036884765.1	Escherichia coli	562		S1-IVC-02-A					GCF_036884765.1-RS_2025_04_27	Complete Genome	2024-04-05		2	
ASM4857256v1	GCF_048572565.1	GCA_048572565.1	Escherichia coli	562		AREA_R505					GCF_048572565.1-RS_2025_03_16	Complete Genome	2025-03-16		2	
L6_E562_ETEC	GCF_904831845.1	GCA_904831845.1	Escherichia coli	562					L6_E562_ETEC		GCF_904831845.1-RS_2025_02_07	Complete Genome	2020-11-16		6	
ASM5435692v1	GCF_054356925.1	GCA_054356925.1	Escherichia coli	562		NY1601					GCF_054356925.1-RS_2026_01_06	Complete Genome	2026-01-06	JBTHWA01	3	
ASM5488893v1	GCF_054888935.1	GCA_054888935.1	Escherichia coli	562		UID2404240032					GCF_054888935.1-RS_2026_02_04	Complete Genome	2026-02-02	JBTZPA01	4	
ASM5538931v1	GCF_055389315.1	GCA_055389315.1	Escherichia coli	562		OkiPb01685					GCF_055389315.1-RS_2026_02_24	Complete Genome	2026-02-25		6	
ASM3003939v1	GCF_030039395.1	GCA_030039395.1	Escherichia coli	562		AVS0935					GCF_030039395.1-RS_2025_06_15	Complete Genome	2023-05-12		5	
ASM995174v1	GCF_009951745.1	GCA_009951745.1	Escherichia coli	562		STEC309					GCF_009951745.1-RS_2025_05_09	Complete Genome	2020-01-29		2	
ASM3311426v2	GCF_033114265.2	GCA_033114265.2	Escherichia coli	562		HH35					GCF_033114265.2-RS_2025_03_08	Complete Genome	2023-12-14		2	
ASM4857258v1	GCF_048572585.1	GCA_048572585.1	Escherichia coli	562		AREA_505					GCF_048572585.1-RS_2025_03_16	Complete Genome	2025-03-16		2	
ASM5191262v1	GCF_051912625.1	GCA_051912625.1	Escherichia coli	562		EC43					GCF_051912625.1-RS_2025_08_12	Complete Genome	2025-08-12		1	
ASM3038927v1	GCF_030389275.1	GCA_030389275.1	Escherichia coli	562		TUM13881					GCF_030389275.1-RS_2025_07_19	Complete Genome	2023-07-03		5	
ASM4093042v1	GCF_040930425.1	GCA_040930425.1	Escherichia coli	562		XB2					GCF_040930425.1-RS_2024_07_28	Complete Genome	2024-07-29		7	
ASM2061649v1	GCF_020616495.1	GCA_020616495.1	Escherichia coli	562		EC195					GCF_020616495.1-RS_2025_01_31	Complete Genome	2021-10-26		4	
ASM1980268v1	GCF_019802685.1	GCA_019802685.1	Escherichia coli	562		WW2					GCF_019802685.1-RS_2024_12_30	Complete Genome	2021-08-30		8	
ASM3650585v1	GCF_036505855.1	GCA_036505855.1	Escherichia coli	562		2017.17.03CC					GCF_036505855.1-RS_2025_04_27	Complete Genome	2023-11-04		15	
ASM2337013v1	GCF_023370135.1	GCA_023370135.1	Escherichia coli	562		2-1					GCF_023370135.1-RS_2025_08_25	Complete Genome	2022-05-15		5	
ASM3016867v1	GCF_030168675.1	GCA_030168675.1	Escherichia coli	562		a15					GCF_030168675.1-RS_2025_06_29	Complete Genome	2023-06-05		4	
ASM3688444v1	GCF_036884445.1	GCA_036884445.1	Escherichia coli	562		S1-IND-01-A					GCF_036884445.1-RS_2025_04_27	Complete Genome	2024-04-05		5	
ASM222021v1	GCF_002220215.1	GCA_002220215.1	Escherichia coli	562		E62					GCF_002220215.1-RS_2025_06_20	Complete Genome	2017-07-17		1	
ASM3051519v1	GCF_030515195.1	GCA_030515195.1	Escherichia coli	562		MS21199					GCF_030515195.1-RS_2025_08_02	Complete Genome	2023-07-21		6	
ASM274129v1	GCF_002741295.1	GCA_002741295.1	Escherichia coli	562		ATCC 43886					GCF_002741295.1-RS_2025_06_21	Complete Genome	2017-11-02		3	
ASM366740v1	GCF_003667405.1	GCA_003667405.1	Escherichia coli	562		W2-5					GCF_003667405.1-RS_2025_06_24	Complete Genome	2018-10-20		3	
ASM3234519v1	GCF_032345195.1	GCA_032345195.1	Escherichia coli	562		isolateI					GCF_032345195.1-RS_2024_12_30	Complete Genome	2023-10-04		7	
ASM5490293v1	GCF_054902935.1	GCA_054902935.1	Escherichia coli	562		GPEC1054					GCF_054902935.1-RS_2026_02_04	Complete Genome	2026-02-04	JBUBIS01	4	
ASM201230v1	GCF_002012305.1	GCA_002012305.1	Escherichia coli	562		Ecol_244					GCF_002012305.1-RS_2025_06_19	Complete Genome	2017-03-03		5	
ASM1888450v1	GCF_018884505.1	GCA_018884505.1	Escherichia coli	562		E2528-C1					GCF_018884505.1-RS_2025_07_21	Complete Genome	2021-06-15		4	
PRO_A-1407-6W-A_ESBL	GCF_054391635.1	GCA_054391635.1	Escherichia coli	562		PRO_A-1407-6W-A_ESBL					GCF_054391635.1-RS_2026_01_07	Complete Genome	2026-01-07	JBSTRD01	4	
ASM2354682v1	GCF_023546825.1	GCA_023546825.1	Escherichia coli	562		AGR6137					GCF_023546825.1-RS_2025_03_10	Complete Genome	2022-05-25		4	
ASM4730096v1	GCF_047300965.1	GCA_047300965.1	Escherichia coli	562		ZF8-1					GCF_047300965.1-RS_2025_01_29	Complete Genome	2025-01-30		2	
ASM201226v1	GCF_002012265.1	GCA_002012265.1	Escherichia coli	562		Ecol_AZ161					GCF_002012265.1-RS_2025_06_20	Complete Genome	2017-03-03		4	
ASM5537884v1	GCF_055378845.1	GCA_055378845.1	Escherichia coli	562		ESC818					GCF_055378845.1-RS_2026_02_24	Complete Genome	2026-02-25		2	
ASM395646v1	GCF_003956465.1	GCA_003956465.1	Escherichia coli	562		503025					GCF_003956465.1-RS_2025_06_26	Complete Genome	2018-12-19		4	
ASM1293459v1	GCF_012934595.1	GCA_012934595.1	Escherichia coli	562		SCU-122					GCF_012934595.1-RS_2025_07_03	Complete Genome	2020-04-30		2	
ASM128038v1	GCF_001280385.1	GCA_001280385.1	Escherichia coli	562		SF-166					GCF_001280385.1-RS_2025_06_09	Complete Genome	2015-09-09		2	
ASM2696808v1	GCF_026968085.1	GCA_026968085.1	Escherichia coli	562		KE26					GCF_026968085.1-RS_2025_07_25	Complete Genome	2022-12-18	JAPVBU01	4	
ASM4920280v4	GCF_049202805.4	GCA_049202805.4	Escherichia coli	562		ZH177					GCF_049202805.4-RS_2025_11_18	Complete Genome	2025-08-19	JBMIPJ04	7	
ASM2855119v1	GCF_028551195.1	GCA_028551195.1	Escherichia coli	562		CUVM3					GCF_028551195.1-RS_2025_08_25	Complete Genome	2023-02-08		6	
ASM608887v1	GCF_006088875.1	GCA_006088875.1	Escherichia coli	562		3385					GCF_006088875.1-RS_2025_06_27	Complete Genome	2019-06-06		3	
ASM2536987v1	GCF_025369875.1	GCA_025369875.1	Escherichia coli	562		E1					GCF_025369875.1-RS_2024_12_30	Complete Genome	2022-09-22		6	
ASM357076v1	GCF_003570765.1	GCA_003570765.1	Escherichia coli	562		GE3					GCF_003570765.1-RS_2025_06_24	Complete Genome	2017-07-31		2	
ASM2665118v1	GCF_026651185.1	GCA_026651185.1	Escherichia coli	562		GN04171					GCF_026651185.1-RS_2025_03_10	Complete Genome	2022-12-05		5	
ASM4567242v1	GCF_045672425.1	GCA_045672425.1	Escherichia coli	562		CT265					GCF_045672425.1-RS_2024_12_05	Complete Genome	2024-12-06		3	
ASM2249365v1	GCF_022493655.1	GCA_022493655.1	Escherichia coli	562		A12					GCF_022493655.1-RS_2025_05_02	Complete Genome	2022-03-07		1	
ASM3003692v1	GCF_030036925.1	GCA_030036925.1	Escherichia coli	562		AVS0575					GCF_030036925.1-RS_2025_06_15	Complete Genome	2023-05-12		4	
MRSN130119	GCF_040267595.1	GCA_040267595.1	Escherichia coli	562		130119					GCF_040267595.1-RS_2025_06_29	Complete Genome	2024-06-23		4	
MRSN126096	GCF_040267605.1	GCA_040267605.1	Escherichia coli	562		126096					GCF_040267605.1-RS_2025_06_29	Complete Genome	2024-06-23		6	
ASM2365840v1	GCF_023658405.1	GCA_023658405.1	Escherichia coli	562		Z0117EC0013					GCF_023658405.1-RS_2025_07_03	Complete Genome	2022-06-07		4	
ASM216511v2	GCF_002165115.2	GCA_002165115.2	Escherichia coli	562		SCEC020001					GCF_002165115.2-RS_2025_06_26	Complete Genome	2018-09-25		7	
ASM340004v2	GCF_003400045.2	GCA_003400045.2	Escherichia coli	562		CFSAN061771					GCF_003400045.2-RS_2024_12_18	Complete Genome	2019-08-20		3	
ASM2080936v1	GCF_020809365.1	GCA_020809365.1	Escherichia coli	562		4					GCF_020809365.1-RS_2025_02_22	Complete Genome	2021-11-09		4	
ASM2284657v1	GCF_022846575.1	GCA_022846575.1	Escherichia coli	562		TUM13867					GCF_022846575.1-RS_2025_06_08	Complete Genome	2022-03-15		5	
ASM1416977v1	GCF_014169775.1	GCA_014169775.1	Escherichia coli	562		WP8-S18-ESBL-07					GCF_014169775.1-RS_2025_07_03	Complete Genome	2020-07-21		3	
ASM5433181v1	GCF_054331815.1	GCA_054331815.1	Escherichia coli	562		FXCREC028					GCF_054331815.1-RS_2026_01_05	Complete Genome	2026-01-04	JBTGJB01	2	
ASM2422575v1	GCF_024225755.1	GCA_024225755.1	Escherichia coli	562		LH10-b-1					GCF_024225755.1-RS_2025_08_02	Complete Genome	2022-07-13		12	
ASM286384v1	GCF_002863845.1	GCA_002863845.1	Escherichia coli	562		STEC299					GCF_002863845.1-RS_2025_06_21	Complete Genome	2018-01-05		3	
ASM5297583v1	GCF_052975835.1	GCA_052975835.1	Escherichia coli	562		CDE2901-yvys					GCF_052975835.1-RS_2025_11_17	Complete Genome	2025-11-18		3	
ASM4503743v1	GCF_045037435.1	GCA_045037435.1	Escherichia coli	562		98234					GCF_045037435.1-RS_2024_11_20	Complete Genome	2024-11-23		2	
ASM2317000v1	GCF_023170005.1	GCA_023170005.1	Escherichia coli	562		TUM20902					GCF_023170005.1-RS_2025_06_12	Complete Genome	2022-03-15		5	
ASM5212273v1	GCF_052122735.1	GCA_052122735.1	Escherichia coli	562		2020S05-013-18-1					GCF_052122735.1-RS_2025_08_19	Complete Genome	2025-08-19	JBQJRW01	3	
ASM2794499v1	GCF_027944995.1	GCA_027944995.1	Escherichia coli	562		DETEC-E223					GCF_027944995.1-RS_2025_03_20	Complete Genome	2023-01-24		3	
ASM2249297v1	GCF_022492975.1	GCA_022492975.1	Escherichia coli	562		H3					GCF_022492975.1-RS_2025_05_04	Complete Genome	2022-03-07		1	
ASM2260534v1	GCF_022605345.1	GCA_022605345.1	Escherichia coli	562		EC-14-2-9					GCF_022605345.1-RS_2025_06_03	Complete Genome	2022-03-17		6	
ASM303181v1	GCF_003031815.1	GCA_003031815.1	Escherichia coli	562		190					GCF_003031815.1-RS_2025_06_23	Complete Genome	2018-04-03		5	
EC7072022	GCF_963693385.1	GCA_963693385.1	Escherichia coli	562		EC7072022BGR			EC7072022		GCF_963693385.1-RS_2025_02_14	Complete Genome	2023-12-06		4	
ASM5288464v1	GCF_052884645.1	GCA_052884645.1	Escherichia coli	562		VTB96775v					GCF_052884645.1-RS_2025_09_28	Complete Genome	2025-09-30		5	
ASM2458496v1	GCF_024584965.1	GCA_024584965.1	Escherichia coli	562		Ceylon31					GCF_024584965.1-RS_2025_09_08	Complete Genome	2022-08-08		2	
ASM480418v1	GCF_004804185.1	GCA_004804185.1	Escherichia coli	562		377323_2f					GCF_004804185.1-RS_2025_06_26	Complete Genome	2019-04-23		2	
ASM5212269v1	GCF_052122695.1	GCA_052122695.1	Escherichia coli	562		2020S05-013-18					GCF_052122695.1-RS_2025_08_19	Complete Genome	2025-08-19	JBQJRX01	3	
ASM5212270v1	GCF_052122705.1	GCA_052122705.1	Escherichia coli	562		2020S05-013-5					GCF_052122705.1-RS_2025_08_19	Complete Genome	2025-08-19	JBQJRY01	4	
ASM5212787v1	GCF_052127875.1	GCA_052127875.1	Escherichia coli	562		2020S05-013-17					GCF_052127875.1-RS_2025_08_19	Complete Genome	2025-08-19	JBQJSA01	4	
ASM5212267v1	GCF_052122675.1	GCA_052122675.1	Escherichia coli	562		2020S05-013-31					GCF_052122675.1-RS_2025_08_19	Complete Genome	2025-08-19	JBQJRV01	3	
ASM5212292v1	GCF_052122925.1	GCA_052122925.1	Escherichia coli	562		2020S05-013-9					GCF_052122925.1-RS_2025_08_19	Complete Genome	2025-08-19	JBQJRZ01	4	
ASM3029548v1	GCF_030295485.1	GCA_030295485.1	Escherichia coli	562		JNE181771					GCF_030295485.1-RS_2025_07_10	Complete Genome	2023-05-30		3	
ASM5212785v1	GCF_052127855.1	GCA_052127855.1	Escherichia coli	562		2020S05-013					GCF_052127855.1-RS_2025_08_19	Complete Genome	2025-08-19	JBQJSB01	5	
ASM274153v1	GCF_002741535.1	GCA_002741535.1	Escherichia coli	562		F8111-1SC3					GCF_002741535.1-RS_2025_06_21	Complete Genome	2017-11-02		4	
ASM5537917v1	GCF_055379175.1	GCA_055379175.1	Escherichia coli	562		AST215					GCF_055379175.1-RS_2026_02_24	Complete Genome	2026-02-25		4	
ASM2458592v1	GCF_024585925.1	GCA_024585925.1	Escherichia coli	562		PI7					GCF_024585925.1-RS_2025_09_11	Complete Genome	2022-08-08		9	
ASM301885v1	GCF_003018855.1	GCA_003018855.1	Escherichia coli	562		05-3629					GCF_003018855.1-RS_2025_06_21	Complete Genome	2018-03-26		3	
Unitig	GCF_900184875.1	GCA_900184875.1	Escherichia coli	562					6666666.257727.embl		GCF_900184875.1-RS_2025_06_21	Complete Genome	2017-12-06		4	
MRSN123636	GCF_040267635.1	GCA_040267635.1	Escherichia coli	562		123636					GCF_040267635.1-RS_2025_06_29	Complete Genome	2024-06-23		6	
MRSN124611	GCF_040267625.1	GCA_040267625.1	Escherichia coli	562		124611					GCF_040267625.1-RS_2025_06_29	Complete Genome	2024-06-23		6	
ASM2558337v2	GCF_025583375.2	GCA_025583375.2	Escherichia coli	562		YZLc23-1					GCF_025583375.2-RS_2025_06_15	Complete Genome	2023-05-18		4	
ASM5555657v1	GCF_055556575.1	GCA_055556575.1	Escherichia coli	562		N1229					GCF_055556575.1-RS_2026_03_02	Complete Genome	2026-03-03		6	
ASM5555658v1	GCF_055556585.1	GCA_055556585.1	Escherichia coli	562		N1241					GCF_055556585.1-RS_2026_03_02	Complete Genome	2026-03-03		6	
ASM5538926v1	GCF_055389265.1	GCA_055389265.1	Escherichia coli	562		JCM 20135					GCF_055389265.1-RS_2026_02_24	Complete Genome	2026-02-25		2	
ASM278764v1	GCF_002787645.1	GCA_002787645.1	Escherichia coli	562		CREC-544					GCF_002787645.1-RS_2025_06_22	Complete Genome	2017-11-20		4	
ASM1839441v1	GCF_018394415.1	GCA_018394415.1	Escherichia coli	562		CS18F					GCF_018394415.1-RS_2025_06_21	Complete Genome	2021-05-18		2	
UR2111869Assembly	GCF_910591805.1	GCA_910591805.1	Escherichia coli	562					UR21/11-869		GCF_910591805.1-RS_2025_01_29	Complete Genome	2021-10-07		2	
ASM1465662v1	GCF_014656625.1	GCA_014656625.1	Escherichia coli	562		M00057					GCF_014656625.1-RS_2025_07_04	Complete Genome	2020-09-19		2	
ASM4711518v1	GCF_047115185.1	GCA_047115185.1	Escherichia coli	562		IZSBS22					GCF_047115185.1-RS_2025_01_25	Complete Genome	2025-01-25		5	
ASM1331573v1	GCF_013315735.1	GCA_013315735.1	Escherichia coli	562		SCU-115					GCF_013315735.1-RS_2025_07_03	Complete Genome	2020-06-10		3	
ASM2249357v1	GCF_022493575.1	GCA_022493575.1	Escherichia coli	562		A16					GCF_022493575.1-RS_2025_05_01	Complete Genome	2022-03-07		1	
ASM5538891v1	GCF_055388915.1	GCA_055388915.1	Escherichia coli	562		NR1442					GCF_055388915.1-RS_2026_02_24	Complete Genome	2026-02-25		2	
ASM5310257v1	GCF_053102575.1	GCA_053102575.1	Escherichia coli	562		TB06052					GCF_053102575.1-RS_2025_11_18	Complete Genome	2025-10-16	JBRNGY01	1	
ASM2249407v1	GCF_022494075.1	GCA_022494075.1	Escherichia coli	562		STLEFF_29					GCF_022494075.1-RS_2025_05_16	Complete Genome	2022-03-07		7	
ASM4080182v1	GCF_040801825.1	GCA_040801825.1	Escherichia coli	562		YF-1					GCF_040801825.1-RS_2024_07_24	Complete Genome	2024-07-24		3	
ASM207719v1	GCF_002077195.1	GCA_002077195.1	Escherichia coli	562		FAM21845					GCF_002077195.1-RS_2025_08_25	Complete Genome	2017-04-03		6	
30224_1#291	GCF_964047955.1	GCA_964047955.1	Escherichia coli	562					30224_1#291		GCF_964047955.1-RS_2025_05_29	Complete Genome	2024-05-20		2	
ASM190055v1	GCF_001900555.1	GCA_001900555.1	Escherichia coli	562		C8					GCF_001900555.1-RS_2025_06_19	Complete Genome	2016-12-12		4	
ASM301821v1	GCF_003018215.1	GCA_003018215.1	Escherichia coli	562		2015C-3905					GCF_003018215.1-RS_2025_06_23	Complete Genome	2018-03-26		2	
ASM5160966v1	GCF_051609665.1	GCA_051609665.1	Escherichia coli	562		22AR0750					GCF_051609665.1-RS_2025_07_31	Complete Genome	2025-08-01		5	
ASM1465660v1	GCF_014656605.1	GCA_014656605.1	Escherichia coli	562		M11957					GCF_014656605.1-RS_2025_07_04	Complete Genome	2020-09-19		2	
ASM3016933v1	GCF_030169335.1	GCA_030169335.1	Escherichia coli	562		AHM8C212RI					GCF_030169335.1-RS_2025_06_27	Complete Genome	2023-06-05		5	
ASM3016919v1	GCF_030169195.1	GCA_030169195.1	Escherichia coli	562		AHM8C160RI					GCF_030169195.1-RS_2025_06_28	Complete Genome	2023-06-05		5	
ASM231061v1	GCF_002310615.1	GCA_002310615.1	Escherichia coli	562		1190					GCF_002310615.1-RS_2025_06_21	Complete Genome	2017-09-18		2	
ASM4503750v1	GCF_045037505.1	GCA_045037505.1	Escherichia coli	562		98193					GCF_045037505.1-RS_2024_11_20	Complete Genome	2024-11-23		4	
ASM4926644v1	GCF_049266445.1	GCA_049266445.1	Escherichia coli	562		R32_14_1F					GCF_049266445.1-RS_2025_04_04	Complete Genome	2025-04-05		1	
F200	GCF_963575505.1	GCA_963575505.1	Escherichia coli	562					F200		GCF_963575505.1-RS_2025_01_15	Complete Genome	2023-10-28		7	
ASM2820163v1	GCF_028201635.1	GCA_028201635.1	Escherichia coli	562		HH97					GCF_028201635.1-RS_2025_03_20	Complete Genome	2023-01-29		2	
TST3	GCF_050859195.1	GCA_050859195.1	Escherichia coli	562		TST3					GCF_050859195.1-RS_2025_06_10	Complete Genome	2025-06-10		6	
ASM2889888v1	GCF_028898885.1	GCA_028898885.1	Escherichia coli	562		NB4833					GCF_028898885.1-RS_2025_05_16	Complete Genome	2023-03-02		4	
ASM201196v1	GCF_002011965.1	GCA_002011965.1	Escherichia coli	562		Ecol_276					GCF_002011965.1-RS_2025_06_20	Complete Genome	2017-03-03		5	
ASM4567246v1	GCF_045672465.1	GCA_045672465.1	Escherichia coli	562		E166					GCF_045672465.1-RS_2024_12_05	Complete Genome	2024-12-06		5	
ASM156663v1	GCF_001566635.1	GCA_001566635.1	Escherichia coli	562		G749					GCF_001566635.1-RS_2025_06_16	Complete Genome	2016-02-23		4	
ASM5538151v1	GCF_055381515.1	GCA_055381515.1	Escherichia coli	562		d1-7					GCF_055381515.1-RS_2026_02_23	Complete Genome	2026-02-24		6	
ASM2794505v1	GCF_027945055.1	GCA_027945055.1	Escherichia coli	562		DETEC-C31					GCF_027945055.1-RS_2025_03_20	Complete Genome	2023-01-24		5	
ASM2794493v1	GCF_027944935.1	GCA_027944935.1	Escherichia coli	562		DETEC-E601					GCF_027944935.1-RS_2025_03_20	Complete Genome	2023-01-24		5	
ASM5404744v1	GCF_054047445.1	GCA_054047445.1	Escherichia coli	562		167					GCF_054047445.1-RS_2025_12_18	Complete Genome	2025-12-17	JBSWAP01	5	
ASM4858546v1	GCF_048585465.1	GCA_048585465.1	Escherichia coli	562		875					GCF_048585465.1-RS_2025_03_17	Complete Genome	2025-03-17		6	
ASM3991247v1	GCF_039912475.1	GCA_039912475.1	Escherichia coli	562		UTAK-5					GCF_039912475.1-RS_2025_06_07	Complete Genome	2024-05-31		4	
ASM3237522v1	GCF_032375225.1	GCA_032375225.1	Escherichia coli	562		TUM10008					GCF_032375225.1-RS_2024_12_30	Complete Genome	2023-10-05		6	
ASM5537811v1	GCF_055378115.1	GCA_055378115.1	Escherichia coli	562		AST217					GCF_055378115.1-RS_2026_02_24	Complete Genome	2026-02-25		3	
ASM3237941v1	GCF_032379415.1	GCA_032379415.1	Escherichia coli	562		TUM3755					GCF_032379415.1-RS_2025_08_13	Complete Genome	2023-10-05		5	
30224_1#333	GCF_964049315.1	GCA_964049315.1	Escherichia coli	562					30224_1#333		GCF_964049315.1-RS_2025_05_29	Complete Genome	2024-05-20		3	
ASM2491799v1	GCF_024917995.1	GCA_024917995.1	Escherichia coli	562		3090					GCF_024917995.1-RS_2024_12_18	Complete Genome	2022-09-04		6	
ASM3003685v1	GCF_030036855.1	GCA_030036855.1	Escherichia coli	562		AVS0225					GCF_030036855.1-RS_2025_06_15	Complete Genome	2023-05-12		3	
ASM3628772v1	GCF_036287725.1	GCA_036287725.1	Escherichia coli	562		EC190759					GCF_036287725.1-RS_2025_03_12	Complete Genome	2024-01-29		3	
ASM4939428v1	GCF_049394285.1	GCA_049394285.1	Escherichia coli	562		F8					GCF_049394285.1-RS_2025_04_10	Complete Genome	2025-04-10		2	
ASM4122837v1	GCF_041228375.1	GCA_041228375.1	Escherichia coli	562		CRE78					GCF_041228375.1-RS_2024_08_14	Complete Genome	2024-08-14		8	
ASM90008810v2	GCF_900088105.1	GCA_900088105.2	Escherichia coli	562					E. coli RL465		GCF_900088105.1-RS_2025_06_22	Complete Genome	2017-08-22		4	
ASM1334080v1	GCF_013340805.1	GCA_013340805.1	Escherichia coli	562		TUM18780					GCF_013340805.1-RS_2025_07_03	Complete Genome	2020-06-05		8	
ASM1334078v1	GCF_013340785.1	GCA_013340785.1	Escherichia coli	562		TUM18530					GCF_013340785.1-RS_2025_07_03	Complete Genome	2020-06-05		7	
ASM216509v2	GCF_002165095.2	GCA_002165095.2	Escherichia coli	562		SCEC020022					GCF_002165095.2-RS_2025_06_24	Complete Genome	2018-10-17		13	
ASM2433153v2	GCF_024331535.2	GCA_024331535.2	Escherichia coli	562		MLI108K3					GCF_024331535.2-RS_2025_04_16	Complete Genome	2023-02-08		5	
F163	GCF_963575325.1	GCA_963575325.1	Escherichia coli	562					F163		GCF_963575325.1-RS_2025_01_15	Complete Genome	2023-10-28		4	
ASM3086396v1	GCF_030863965.1	GCA_030863965.1	Escherichia coli	562		ARS-C301					GCF_030863965.1-RS_2025_09_10	Complete Genome	2023-08-23		4	
ASM2249389v1	GCF_022493895.1	GCA_022493895.1	Escherichia coli	562		A37					GCF_022493895.1-RS_2025_05_02	Complete Genome	2022-03-07		1	
368_BP0078U_scaffolds	GCF_964200035.1	GCA_964200035.1	Escherichia coli	562					368_BP0078		GCF_964200035.1-RS_2024_11_08	Complete Genome	2024-11-09		7	
30224_1#355	GCF_964045445.1	GCA_964045445.1	Escherichia coli	562					30224_1#355		GCF_964045445.1-RS_2025_05_30	Complete Genome	2024-05-20		2	
ASM3003761v1	GCF_030037615.1	GCA_030037615.1	Escherichia coli	562		AVS0747					GCF_030037615.1-RS_2025_06_15	Complete Genome	2023-05-12		4	
ASM3166479v1	GCF_031664795.1	GCA_031664795.1	Escherichia coli	562		TUM11352					GCF_031664795.1-RS_2024_12_18	Complete Genome	2023-09-19		5	
ASM312210v1	GCF_003122105.1	GCA_003122105.1	Escherichia coli	562		ECCRA-119					GCF_003122105.1-RS_2025_08_31	Complete Genome	2018-05-13		4	
ASM1708842v1	GCF_017088425.1	GCA_017088425.1	Escherichia coli	562		88COLEC					GCF_017088425.1-RS_2025_07_04	Complete Genome	2021-03-01		8	
ASM301825v1	GCF_003018255.1	GCA_003018255.1	Escherichia coli	562		2012C-4502					GCF_003018255.1-RS_2025_06_23	Complete Genome	2018-03-26		2	
ASM2429856v1	GCF_024298565.1	GCA_024298565.1	Escherichia coli	562		EC21Z-014					GCF_024298565.1-RS_2025_08_05	Complete Genome	2022-07-18		5	
ASM2536973v1	GCF_025369735.1	GCA_025369735.1	Escherichia coli	562		HBUT-L					GCF_025369735.1-RS_2024_12_29	Complete Genome	2022-09-22		2	
ASM4416167v1	GCF_044161675.1	GCA_044161675.1	Escherichia coli	562		MJ-T					GCF_044161675.1-RS_2024_11_01	Complete Genome	2024-11-02		3	
ASM4134491v1	GCF_041344915.1	GCA_041344915.1	Escherichia coli	562		CRE389					GCF_041344915.1-RS_2024_08_20	Complete Genome	2024-08-21		5	
ASM1036552v1	GCF_010365525.1	GCA_010365525.1	Escherichia coli	562		164					GCF_010365525.1-RS_2025_07_02	Complete Genome	2020-02-09		4	
ASM2054094v1	GCF_020540945.1	GCA_020540945.1	Escherichia coli	562		P24_WM1_05.20					GCF_020540945.1-RS_2025_01_30	Complete Genome	2021-10-21		4	
ASM201194v1	GCF_002011945.1	GCA_002011945.1	Escherichia coli	562		Ecol_224					GCF_002011945.1-RS_2025_06_20	Complete Genome	2017-03-03		9	
ASM2458490v1	GCF_024584905.1	GCA_024584905.1	Escherichia coli	562		NADC1036					GCF_024584905.1-RS_2025_09_10	Complete Genome	2022-08-08		4	
ASM2491727v1	GCF_024917275.1	GCA_024917275.1	Escherichia coli	562		4314					GCF_024917275.1-RS_2024_12_18	Complete Genome	2022-09-04		2	
ASM5160723v1	GCF_051607235.1	GCA_051607235.1	Escherichia coli	562		23AR0922					GCF_051607235.1-RS_2025_07_31	Complete Genome	2025-08-01		4	
ASM1036542v1	GCF_010365425.1	GCA_010365425.1	Escherichia coli	562		10					GCF_010365425.1-RS_2025_07_02	Complete Genome	2020-02-09		7	
ASM4503771v1	GCF_045037715.1	GCA_045037715.1	Escherichia coli	562		98202					GCF_045037715.1-RS_2024_11_20	Complete Genome	2024-11-23		4	
ASM3649476v1	GCF_036494765.1	GCA_036494765.1	Escherichia coli	562		LR-21-1					GCF_036494765.1-RS_2025_04_27	Complete Genome	2023-11-03		6	
ASM5490325v1	GCF_054903255.1	GCA_054903255.1	Escherichia coli	562		GPEC548					GCF_054903255.1-RS_2026_02_04	Complete Genome	2026-02-04	JBUBIC01	3	
ASM2068304v1	GCF_020683045.1	GCA_020683045.1	Escherichia coli	562		EC32					GCF_020683045.1-RS_2025_02_04	Complete Genome	2021-10-31		3	
EC554-PBR	GCF_040616285.1	GCA_040616285.1	Escherichia coli	562		EC554					GCF_040616285.1-RS_2024_07_12	Complete Genome	2024-07-12		5	
ASM3991230v1	GCF_039912305.1	GCA_039912305.1	Escherichia coli	562		UTAK-3					GCF_039912305.1-RS_2025_06_08	Complete Genome	2024-05-31		2	
ASM4503762v1	GCF_045037625.1	GCA_045037625.1	Escherichia coli	562		98207					GCF_045037625.1-RS_2024_11_20	Complete Genome	2024-11-23		3	
ASM4840429v1	GCF_048404295.1	GCA_048404295.1	Escherichia coli	562		571					GCF_048404295.1-RS_2025_03_06	Complete Genome	2025-03-07		6	
ASM1984403v1	GCF_019844035.1	GCA_019844035.1	Escherichia coli	562		NDM_11.16372					GCF_019844035.1-RS_2024_12_31	Complete Genome	2021-09-01		4	
ASM3762247v1	GCF_037622475.1	GCA_037622475.1	Escherichia coli	562		Z1322HEC0009					GCF_037622475.1-RS_2025_04_28	Complete Genome	2024-04-05		3	
ASM1984401v1	GCF_019844015.1	GCA_019844015.1	Escherichia coli	562		NDM_12_14482					GCF_019844015.1-RS_2024_12_31	Complete Genome	2021-09-01		2	
ASM3016207v2	GCF_030162075.2	GCA_030162075.2	Escherichia coli	562		VE-T2					GCF_030162075.2-RS_2025_07_11	Complete Genome	2023-04-14		3	
ASM5390301v1	GCF_053903015.1	GCA_053903015.1	Escherichia coli	562		JNE25-003					GCF_053903015.1-RS_2025_12_12	Complete Genome	2025-12-12		4	
E102651	GCF_051991925.1	GCA_051991925.1	Escherichia coli	562		102651					GCF_051991925.1-RS_2025_08_14	Complete Genome	2025-08-15		8	
ASM1814122v1	GCF_018141225.1	GCA_018141225.1	Escherichia coli	562		E166					GCF_018141225.1-RS_2025_07_06	Complete Genome	2021-04-27		7	
ASM303036v1	GCF_003030365.1	GCA_003030365.1	Escherichia coli	562		675SK2					GCF_003030365.1-RS_2025_06_23	Complete Genome	2018-04-02		2	
ASM3016217v2	GCF_030162175.2	GCA_030162175.2	Escherichia coli	562		VE-V10-F					GCF_030162175.2-RS_2025_07_11	Complete Genome	2023-04-14		7	
ASM210573v1	GCF_002105735.1	GCA_002105735.1	Escherichia coli	562		CFSAN051542					GCF_002105735.1-RS_2025_06_19	Complete Genome	2017-04-24		2	
ASM5316951v1	GCF_053169515.1	GCA_053169515.1	Escherichia coli	562		CUVET20-1573					GCF_053169515.1-RS_2025_11_18	Complete Genome	2025-11-19		5	
ASM5160639v1	GCF_051606395.1	GCA_051606395.1	Escherichia coli	562		23AR1183					GCF_051606395.1-RS_2025_07_31	Complete Genome	2025-08-01		4	
HM52v1	GCF_053850535.1	GCA_053850535.1	Escherichia coli	562		ESBLEC_HM52					GCF_053850535.1-RS_2025_12_08	Complete Genome	2025-12-07	JBSQBS01	2	
ASM3016203v2	GCF_030162035.2	GCA_030162035.2	Escherichia coli	562		VE-T10					GCF_030162035.2-RS_2025_07_10	Complete Genome	2023-04-14		3	
ASM4102197v1	GCF_041021975.1	GCA_041021975.1	Escherichia coli	562		729_141114_1_15					GCF_041021975.1-RS_2025_04_27	Complete Genome	2024-08-04		4	
ASM5404747v1	GCF_054047475.1	GCA_054047475.1	Escherichia coli	562		205					GCF_054047475.1-RS_2025_12_18	Complete Genome	2025-12-17	JBSWAS01	6	
ASM2255864v1	GCF_022558645.1	GCA_022558645.1	Escherichia coli	562		EC29					GCF_022558645.1-RS_2025_06_02	Complete Genome	2022-03-14		6	
ASM2003463v1	GCF_020034635.1	GCA_020034635.1	Escherichia coli	562		JNU					GCF_020034635.1-RS_2025_01_16	Complete Genome	2021-09-18		4	
ASM5417150v1	GCF_054171505.1	GCA_054171505.1	Escherichia coli	562		F41					GCF_054171505.1-RS_2025_12_25	Complete Genome	2025-12-24	JBSQGG01	4	
ASM4083407v1	GCF_040834075.1	GCA_040834075.1	Escherichia coli	562		STK77-E					GCF_040834075.1-RS_2024_07_25	Complete Genome	2024-07-25		1	
GENOMIC20-004	GCF_949361525.1	GCA_949361525.1	Escherichia coli	562					pure strain		GCF_949361525.1-RS_2025_01_28	Complete Genome	2023-03-16		4	
ASM5545413v1	GCF_055454135.1	GCA_055454135.1	Escherichia coli	562		HMDUC-17					GCF_055454135.1-RS_2026_02_24	Complete Genome	2026-02-24	JBVARC01	1	
ASM4503740v1	GCF_045037405.1	GCA_045037405.1	Escherichia coli	562		98223					GCF_045037405.1-RS_2024_11_20	Complete Genome	2024-11-23		4	
ASM1997097v1	GCF_019970975.1	GCA_019970975.1	Escherichia coli	562		AH04					GCF_019970975.1-RS_2025_01_16	Complete Genome	2021-09-14		5	
ASM1996964v1	GCF_019969645.1	GCA_019969645.1	Escherichia coli	562		AH02					GCF_019969645.1-RS_2025_01_15	Complete Genome	2021-09-14		5	
ASM1996960v1	GCF_019969605.1	GCA_019969605.1	Escherichia coli	562		CT01					GCF_019969605.1-RS_2025_01_15	Complete Genome	2021-09-14		5	
ASM4953266v1	GCF_049532665.1	GCA_049532665.1	Escherichia coli	562		GN25					GCF_049532665.1-RS_2025_04_13	Complete Genome	2025-04-15		2	
ASM2963557v1	GCF_029635575.1	GCA_029635575.1	Escherichia coli	562		NC22					GCF_029635575.1-RS_2025_06_04	Complete Genome	2023-04-10		4	
ASM190146v1	GCF_001901465.1	GCA_001901465.1	Escherichia coli	562		S10					GCF_001901465.1-RS_2025_06_17	Complete Genome	2016-12-12		1	
ASM1337168v1	GCF_013371685.1	GCA_013371685.1	Escherichia coli	562		AH01					GCF_013371685.1-RS_2025_07_03	Complete Genome	2020-06-24		5	
ASM295171v1	GCF_002951715.1	GCA_002951715.1	Escherichia coli	562		13KWH46					GCF_002951715.1-RS_2025_06_22	Complete Genome	2018-02-05		6	
ASM5404783v1	GCF_054047835.1	GCA_054047835.1	Escherichia coli	562		167					GCF_054047835.1-RS_2025_12_18	Complete Genome	2025-12-17	JBSWAZ01	4	
E400660.fasta	GCF_052938855.1	GCA_052938855.1	Escherichia coli	562		400660					GCF_052938855.1-RS_2025_11_17	Complete Genome	2025-10-01	JBREQS01	3	
ASM4816027v1	GCF_048160275.1	GCA_048160275.1	Escherichia coli	562		C11					GCF_048160275.1-RS_2025_02_28	Complete Genome	2025-03-01		4	
ASM1416919v1	GCF_014169195.1	GCA_014169195.1	Escherichia coli	562		WP5-S17-ESBL-10					GCF_014169195.1-RS_2025_07_03	Complete Genome	2020-07-21		2	
ASM3038864v1	GCF_030388645.1	GCA_030388645.1	Escherichia coli	562		WL7562					GCF_030388645.1-RS_2025_07_18	Complete Genome	2023-07-03		4	
ASM97161v1	GCF_000971615.1	GCA_000971615.1	Escherichia coli	562		CI5					GCF_000971615.1-RS_2025_06_09	Complete Genome	2015-04-13		2	
ASM3071766v1	GCF_030717665.1	GCA_030717665.1	Escherichia coli	562		QML220601					GCF_030717665.1-RS_2025_08_27	Complete Genome	2023-08-13		2	
ASM4503754v1	GCF_045037545.1	GCA_045037545.1	Escherichia coli	562		98191					GCF_045037545.1-RS_2024_11_20	Complete Genome	2024-11-23		3	
ASM395626v1	GCF_003956265.1	GCA_003956265.1	Escherichia coli	562		510016					GCF_003956265.1-RS_2025_06_25	Complete Genome	2018-12-19		5	
ASM972060v1	GCF_009720605.1	GCA_009720605.1	Escherichia coli	562		ECO2947					GCF_009720605.1-RS_2025_06_30	Complete Genome	2019-11-30		3	
ASM2149804v1	GCF_021498045.1	GCA_021498045.1	Escherichia coli	562		TH9F11					GCF_021498045.1-RS_2025_02_11	Complete Genome	2022-01-18		4	
ASM80118v2	GCF_000801185.2	GCA_000801185.2	Escherichia coli	562		94-3024					GCF_000801185.2-RS_2025_05_21	Complete Genome	2015-06-18		2	
ASM2875271v1	GCF_028752715.1	GCA_028752715.1	Escherichia coli	562		APEC E956					GCF_028752715.1-RS_2025_04_26	Complete Genome	2023-02-21		4	
ASM1036548v1	GCF_010365485.1	GCA_010365485.1	Escherichia coli	562		53					GCF_010365485.1-RS_2025_07_02	Complete Genome	2020-02-09		8	
ASM5288666v1	GCF_052886665.1	GCA_052886665.1	Escherichia coli	562		VTB97022v					GCF_052886665.1-RS_2025_09_28	Complete Genome	2025-09-30		3	
ASM5375481v1	GCF_053754815.1	GCA_053754815.1	Escherichia coli	562		GDG24A39-1PT					GCF_053754815.1-RS_2025_11_29	Complete Genome	2025-12-01		7	
ASM5166985v1	GCF_051669855.1	GCA_051669855.1	Escherichia coli	562		W12-1					GCF_051669855.1-RS_2025_08_01	Complete Genome	2025-08-02		2	
ASM4503748v1	GCF_045037485.1	GCA_045037485.1	Escherichia coli	562		98201					GCF_045037485.1-RS_2024_11_20	Complete Genome	2024-11-23		3	
ASM285067v5	GCF_002850675.4	GCA_002850675.5	Escherichia coli	562		SCEC020023					GCF_002850675.4-RS_2025_06_28	Complete Genome	2019-08-19		7	
ASM197176v1	GCF_001971765.1	GCA_001971765.1	Escherichia coli	562		XH990					GCF_001971765.1-RS_2025_03_24	Complete Genome	2017-01-26		4	
ASM3560926v1	GCF_035609265.1	GCA_035609265.1	Escherichia coli	562		673					GCF_035609265.1-RS_2025_02_26	Complete Genome	2024-01-12		6	
ASM4610585v1	GCF_046105855.1	GCA_046105855.1	Escherichia coli	562		19KM1766N					GCF_046105855.1-RS_2024_12_17	Complete Genome	2024-12-17		4	
ASM1417097v1	GCF_014170975.1	GCA_014170975.1	Escherichia coli	562		268.2					GCF_014170975.1-RS_2025_07_03	Complete Genome	2020-08-12		6	
ASM4132001v1	GCF_041320015.1	GCA_041320015.1	Escherichia coli	562		ET734					GCF_041320015.1-RS_2024_09_01	Complete Genome	2024-08-18		5	
ASM5404806v1	GCF_054048065.1	GCA_054048065.1	Escherichia coli	562		167					GCF_054048065.1-RS_2025_12_18	Complete Genome	2025-12-17	JBSWBE01	4	
ASM4503755v1	GCF_045037555.1	GCA_045037555.1	Escherichia coli	562		98219					GCF_045037555.1-RS_2024_11_20	Complete Genome	2024-11-23		7	
ASM4730088v1	GCF_047300885.1	GCA_047300885.1	Escherichia coli	562		WWCOL-256					GCF_047300885.1-RS_2025_01_29	Complete Genome	2025-01-30		4	
ASM3001272v1	GCF_030012725.1	GCA_030012725.1	Escherichia coli	562		ETEC1706					GCF_030012725.1-RS_2025_06_13	Complete Genome	2023-05-15		19	
ASM3016963v1	GCF_030169635.1	GCA_030169635.1	Escherichia coli	562		AHM21C2872I					GCF_030169635.1-RS_2025_06_28	Complete Genome	2023-06-05		8	
ASM3756502v1	GCF_037565025.1	GCA_037565025.1	Escherichia coli	562		Z1323CEC0015					GCF_037565025.1-RS_2025_04_27	Complete Genome	2024-04-05		3	
ASM4503765v1	GCF_045037655.1	GCA_045037655.1	Escherichia coli	562		98212					GCF_045037655.1-RS_2024_11_20	Complete Genome	2024-11-23		4	
ASM2665128v1	GCF_026651285.1	GCA_026651285.1	Escherichia coli	562		GN03204					GCF_026651285.1-RS_2025_03_10	Complete Genome	2022-12-05		2	
ASM2255894v1	GCF_022558945.1	GCA_022558945.1	Escherichia coli	562		EC9					GCF_022558945.1-RS_2025_06_02	Complete Genome	2022-03-14		3	
ASM5528319v1	GCF_055283195.1	GCA_055283195.1	Escherichia coli	562		E25					GCF_055283195.1-RS_2026_02_18	Complete Genome	2026-02-17	JBUZJQ01	3	
ASM5528347v1	GCF_055283475.1	GCA_055283475.1	Escherichia coli	562		E24					GCF_055283475.1-RS_2026_02_18	Complete Genome	2026-02-17	JBUZJR01	3	
ASM3839654v1	GCF_038396545.1	GCA_038396545.1	Escherichia coli	562		19A14					GCF_038396545.1-RS_2025_05_01	Complete Genome	2024-04-22		2	
ASM151572v1	GCF_001515725.1	GCA_001515725.1	Escherichia coli	562		ACN002					GCF_001515725.1-RS_2025_06_17	Complete Genome	2016-01-15		1	
ASM4610630v1	GCF_046106305.1	GCA_046106305.1	Escherichia coli	562		19KM1776					GCF_046106305.1-RS_2024_12_17	Complete Genome	2024-12-17		4	
ASM2862304v1	GCF_028623045.1	GCA_028623045.1	Escherichia coli	562		PBS4					GCF_028623045.1-RS_2025_04_25	Complete Genome	2023-02-15		3	
ASM2439905v1	GCF_024399055.1	GCA_024399055.1	Escherichia coli	562		MEI008					GCF_024399055.1-RS_2025_08_19	Complete Genome	2022-07-25		3	
AI2715v1_cp	GCF_905219285.2	GCA_905219285.2	Escherichia coli	562					23		GCF_905219285.2-RS_2025_03_26	Complete Genome	2022-05-22		6	
ASM3038985v1	GCF_030389855.1	GCA_030389855.1	Escherichia coli	562		TUM1887					GCF_030389855.1-RS_2025_07_18	Complete Genome	2023-07-03		7	
ASM5545613v1	GCF_055456135.1	GCA_055456135.1	Escherichia coli	562		KK05-19					GCF_055456135.1-RS_2026_02_24	Complete Genome	2026-02-24	JBVDMF01	1	
KK05-19_version2	GCF_965282905.1	GCA_965282905.1	Escherichia coli	562					KK05-19		GCF_965282905.1-RS_2026_02_26	Complete Genome	2026-02-26		1	
ASM1335734v1	GCF_013357345.1	GCA_013357345.1	Escherichia coli	562		MS6192					GCF_013357345.1-RS_2025_07_03	Complete Genome	2020-06-17		5	
ASM3016873v1	GCF_030168735.1	GCA_030168735.1	Escherichia coli	562		W619					GCF_030168735.1-RS_2025_06_27	Complete Genome	2023-06-05		4	
ASM5490313v1	GCF_054903135.1	GCA_054903135.1	Escherichia coli	562		GPEC709					GCF_054903135.1-RS_2026_02_04	Complete Genome	2026-02-04	JBUBII01	2	
ASM1807194v2	GCF_018071945.1	GCA_018071945.2	Escherichia coli	562		2020CK-00188					GCF_018071945.1-RS_2025_03_19	Complete Genome	2022-12-27	ABACVG02	10	
MRSN116333	GCF_040267615.1	GCA_040267615.1	Escherichia coli	562		116333					GCF_040267615.1-RS_2025_06_29	Complete Genome	2024-06-23		4	
ASM299907v1	GCF_002999075.1	GCA_002999075.1	Escherichia coli	562		AR_0374					GCF_002999075.1-RS_2025_06_22	Complete Genome	2018-03-14		4	
ASM653608v3	GCF_006536085.2	GCA_006536085.3	Escherichia coli	562		NIPH17_0020					GCF_006536085.2-RS_2025_06_24	Complete Genome	2021-04-09		1	
AI2853v1_cpp	GCF_905330245.2	GCA_905330245.2	Escherichia coli	562					10		GCF_905330245.2-RS_2025_06_28	Complete Genome	2022-05-24		8	
ASM286010v1	GCF_002860105.1	GCA_002860105.1	Escherichia coli	562		CRE1493					GCF_002860105.1-RS_2025_03_24	Complete Genome	2018-01-04		6	
ASM2536991v1	GCF_025369915.1	GCA_025369915.1	Escherichia coli	562		E6					GCF_025369915.1-RS_2024_12_30	Complete Genome	2022-09-22		7	
ASM4132018v1	GCF_041320185.1	GCA_041320185.1	Escherichia coli	562		ET210					GCF_041320185.1-RS_2024_09_01	Complete Genome	2024-08-18		7	
ASM1819997v1	GCF_018199975.1	GCA_018199975.1	Escherichia coli	562		EC11					GCF_018199975.1-RS_2025_07_05	Complete Genome	2021-04-29		5	
ASM3411970v1	GCF_034119705.1	GCA_034119705.1	Escherichia coli	562		EC147566					GCF_034119705.1-RS_2025_02_07	Complete Genome	2023-12-06		4	
ASM2922406v1	GCF_029224065.1	GCA_029224065.1	Escherichia coli	562		XJ6-3					GCF_029224065.1-RS_2025_05_24	Complete Genome	2023-03-16		2	
ASM2922410v1	GCF_029224105.1	GCA_029224105.1	Escherichia coli	562		XJ34					GCF_029224105.1-RS_2025_05_24	Complete Genome	2023-03-16		3	
ASM4926487v1	GCF_049264875.1	GCA_049264875.1	Escherichia coli	562		TW01221					GCF_049264875.1-RS_2025_04_04	Complete Genome	2025-04-05		1	
ASM395630v1	GCF_003956305.1	GCA_003956305.1	Escherichia coli	562		300709					GCF_003956305.1-RS_2025_03_25	Complete Genome	2018-12-19		3	
ASM4534492v1	GCF_045344925.1	GCA_045344925.1	Escherichia coli	562		Z1323HEC0423					GCF_045344925.1-RS_2024_11_27	Complete Genome	2024-11-27		5	
ASM1690419v1	GCF_016904195.1	GCA_016904195.1	Escherichia coli	562		FDAARGOS_1296					GCF_016904195.1-RS_2025_07_04	Complete Genome	2021-02-17		3	
ASM307387v1	GCF_003073875.1	GCA_003073875.1	Escherichia coli	562		AR436					GCF_003073875.1-RS_2025_06_22	Complete Genome	2018-04-30		4	
ASM3990981v1	GCF_039909815.1	GCA_039909815.1	Escherichia coli	562		UTAK-18					GCF_039909815.1-RS_2025_06_08	Complete Genome	2024-05-31		3	
ASM59964v1	GCF_000599645.1	GCA_000599645.1	Escherichia coli	562		ST540					GCF_000599645.1-RS_2025_06_09	Complete Genome	2014-03-19		1	
ASM3650476v1	GCF_036504765.1	GCA_036504765.1	Escherichia coli	562		2017.06.05CC					GCF_036504765.1-RS_2025_04_27	Complete Genome	2023-11-04		9	
ASM2558356v2	GCF_025583565.2	GCA_025583565.2	Escherichia coli	562		YZLc4-1					GCF_025583565.2-RS_2025_06_25	Complete Genome	2023-06-01		6	
ASM274155v1	GCF_002741555.1	GCA_002741555.1	Escherichia coli	562		F9792					GCF_002741555.1-RS_2025_06_22	Complete Genome	2017-11-02		2	
ASM1337689v1	GCF_013376895.1	GCA_013376895.1	Escherichia coli	562		357900					GCF_013376895.1-RS_2025_07_03	Complete Genome	2020-06-30		1	
ASM4722228v1	GCF_047222285.1	GCA_047222285.1	Escherichia coli	562		N1286					GCF_047222285.1-RS_2025_01_28	Complete Genome	2025-01-28		3	
ASM3628768v1	GCF_036287685.1	GCA_036287685.1	Escherichia coli	562		B20127					GCF_036287685.1-RS_2025_03_12	Complete Genome	2024-01-29		4	
ASM4534499v1	GCF_045344995.1	GCA_045344995.1	Escherichia coli	562		Z1323HEC0462					GCF_045344995.1-RS_2024_11_27	Complete Genome	2024-11-27		3	
ASM1337433v1	GCF_013374335.1	GCA_013374335.1	Escherichia coli	562		F070					GCF_013374335.1-RS_2025_02_03	Complete Genome	2020-06-17		2	
ASM2665122v1	GCF_026651225.1	GCA_026651225.1	Escherichia coli	562		GN06156					GCF_026651225.1-RS_2025_03_10	Complete Genome	2022-12-05		4	
ASM3755558v1	GCF_037555585.1	GCA_037555585.1	Escherichia coli	562		Z1323HEC0010					GCF_037555585.1-RS_2025_04_27	Complete Genome	2024-04-05		7	
E200164.fasta	GCF_052907905.1	GCA_052907905.1	Escherichia coli	562		200164					GCF_052907905.1-RS_2025_11_17	Complete Genome	2025-09-29	JBREQZ01	5	
ASM335242v1	GCF_003352425.1	GCA_003352425.1	Escherichia coli	562		FORC 064					GCF_003352425.1-RS_2025_06_23	Complete Genome	2018-08-01		4	
ASM5539495v1	GCF_055394955.1	GCA_055394955.1	Escherichia coli	562		TK3889					GCF_055394955.1-RS_2026_02_24	Complete Genome	2026-02-25		7	
ASM4534461v1	GCF_045344615.1	GCA_045344615.1	Escherichia coli	562		Z1323HEC0067					GCF_045344615.1-RS_2024_11_27	Complete Genome	2024-11-27		2	
ASM5490327v1	GCF_054903275.1	GCA_054903275.1	Escherichia coli	562		GPEC389					GCF_054903275.1-RS_2026_02_04	Complete Genome	2026-02-04	JBUBIA01	2	
ASM4859338v1	GCF_048593385.1	GCA_048593385.1	Escherichia coli	562		H32					GCF_048593385.1-RS_2025_03_18	Complete Genome	2025-03-18		2	
ASM5152190v1	GCF_051521905.1	GCA_051521905.1	Escherichia coli	562		F5					GCF_051521905.1-RS_2025_07_25	Complete Genome	2025-07-29		3	
ASM3990953v1	GCF_039909535.1	GCA_039909535.1	Escherichia coli	562		UTME-8					GCF_039909535.1-RS_2025_06_08	Complete Genome	2024-05-31		4	
ASM2249431v1	GCF_022494315.1	GCA_022494315.1	Escherichia coli	562		STLIN_13					GCF_022494315.1-RS_2025_05_17	Complete Genome	2022-03-07		4	
ASM1888440v1	GCF_018884405.1	GCA_018884405.1	Escherichia coli	562		TW10598					GCF_018884405.1-RS_2025_07_21	Complete Genome	2021-06-15		4	
ASM4053687v1	GCF_040536875.1	GCA_040536875.1	Escherichia coli	562		PEC1011					GCF_040536875.1-RS_2024_07_08	Complete Genome	2024-07-08		2	
ASM2354684v1	GCF_023546845.1	GCA_023546845.1	Escherichia coli	562		AGR6128					GCF_023546845.1-RS_2025_06_22	Complete Genome	2022-05-25		3	
ASM4132002v1	GCF_041320025.1	GCA_041320025.1	Escherichia coli	562		ET729					GCF_041320025.1-RS_2024_09_01	Complete Genome	2024-08-18		3	
ASM5310337v1	GCF_053103375.1	GCA_053103375.1	Escherichia coli	562		MB06171					GCF_053103375.1-RS_2025_11_18	Complete Genome	2025-10-16	JBRNIM01	3	
ASM4478870v1	GCF_044788705.1	GCA_044788705.1	Escherichia coli	562		JX2					GCF_044788705.1-RS_2024_11_13	Complete Genome	2024-11-20		1	
ASM2953665v1	GCF_029536655.1	GCA_029536655.1	Escherichia coli	562		582					GCF_029536655.1-RS_2025_06_02	Complete Genome	2023-04-02		3	
ASM5568791v1	GCF_055687915.1	GCA_055687915.1	Escherichia coli	562		YZ_2_1_complete					GCF_055687915.1-RS_2026_03_05	Complete Genome	2026-03-04	JBVNBN01	5	
ASM2922785v1	GCF_029227855.1	GCA_029227855.1	Escherichia coli	562		XJ6.1					GCF_029227855.1-RS_2025_01_30	Complete Genome	2023-03-16		3	
PRO_A-1443-6M-A_ESBL	GCF_054391575.1	GCA_054391575.1	Escherichia coli	562		PRO_A-1443-6M-A_ESBL					GCF_054391575.1-RS_2026_01_07	Complete Genome	2026-01-07	JBSTQV01	2	
ASM5310253v1	GCF_053102535.1	GCA_053102535.1	Escherichia coli	562		TB06053					GCF_053102535.1-RS_2025_11_18	Complete Genome	2025-10-16	JBRNGX01	1	
ASM3001308v1	GCF_030013085.1	GCA_030013085.1	Escherichia coli	562		ETEC4091					GCF_030013085.1-RS_2025_06_13	Complete Genome	2023-05-15		3	
ASM2449909v1	GCF_024499095.1	GCA_024499095.1	Escherichia coli	562		CPww7					GCF_024499095.1-RS_2025_08_27	Complete Genome	2022-08-01		6	
ASM3839653v1	GCF_038396535.1	GCA_038396535.1	Escherichia coli	562		19M19					GCF_038396535.1-RS_2025_05_01	Complete Genome	2024-04-22		2	
ASM3464171v1	GCF_034641715.1	GCA_034641715.1	Escherichia coli	562		KE55					GCF_034641715.1-RS_2025_02_23	Complete Genome	2023-12-26		1	
ASM5369965v1	GCF_053699655.1	GCA_053699655.1	Escherichia coli	562		18AR0366					GCF_053699655.1-RS_2025_11_26	Complete Genome	2025-11-25	JBRAWD01	5	
ASM3055313v1	GCF_030553135.1	GCA_030553135.1	Escherichia coli	562		DDG206					GCF_030553135.1-RS_2025_08_18	Complete Genome	2023-07-31		3	
L4_E1441_ETEC	GCF_904831835.1	GCA_904831835.1	Escherichia coli	562					L4_E1441_ETEC		GCF_904831835.1-RS_2025_07_04	Complete Genome	2020-11-16		3	
ASM4503760v1	GCF_045037605.1	GCA_045037605.1	Escherichia coli	562		98208					GCF_045037605.1-RS_2024_11_20	Complete Genome	2024-11-23		5	
ASM3055311v1	GCF_030553115.1	GCA_030553115.1	Escherichia coli	562		DDG220					GCF_030553115.1-RS_2025_08_18	Complete Genome	2023-07-31		4	
ASM2539891v1	GCF_025398915.1	GCA_025398915.1	Escherichia coli	562		ECO3183					GCF_025398915.1-RS_2024_12_30	Complete Genome	2022-09-25		3	
AI2852v1_cpp	GCF_905330215.2	GCA_905330215.2	Escherichia coli	562					10		GCF_905330215.2-RS_2025_06_27	Complete Genome	2022-05-24		8	
ASM4172568v1	GCF_041725685.1	GCA_041725685.1	Escherichia coli	562		IH5					GCF_041725685.1-RS_2024_09_03	Complete Genome	2024-09-04		1	
ASM341362v1	GCF_003413625.1	GCA_003413625.1	Escherichia coli	562		UK_Dog_Liverpool					GCF_003413625.1-RS_2025_06_24	Complete Genome	2018-08-22		6	
ASM4503757v1	GCF_045037575.1	GCA_045037575.1	Escherichia coli	562		98221					GCF_045037575.1-RS_2024_11_20	Complete Genome	2024-11-23		3	
ASM1140335v1	GCF_011403355.1	GCA_011403355.1	Escherichia coli	562		2017.15.01CC					GCF_011403355.1-RS_2025_07_02	Complete Genome	2020-02-10		1	
ASM4055066v1	GCF_040550665.1	GCA_040550665.1	Escherichia coli	562		Z142-7					GCF_040550665.1-RS_2024_07_09	Complete Genome	2024-07-09		2	
ASM4055108v1	GCF_040551085.1	GCA_040551085.1	Escherichia coli	562		Z142-4					GCF_040551085.1-RS_2024_07_09	Complete Genome	2024-07-09		2	
ASM4055132v1	GCF_040551325.1	GCA_040551325.1	Escherichia coli	562		Z142-2					GCF_040551325.1-RS_2024_07_09	Complete Genome	2024-07-09		2	
ASM290312v1	GCF_002903125.1	GCA_002903125.1	Escherichia coli	562		ECONIH6					GCF_002903125.1-RS_2025_06_21	Complete Genome	2018-01-29		3	
Br_120_kylling	GCF_048162995.1	GCA_048162995.1	Escherichia coli	562		bR_120_Kylling					GCF_048162995.1-RS_2025_02_28	Complete Genome	2025-03-01		4	
ASM5161870v1	GCF_051618705.1	GCA_051618705.1	Escherichia coli	562		ECE228					GCF_051618705.1-RS_2025_07_31	Complete Genome	2025-08-01		4	
ASM5161869v1	GCF_051618695.1	GCA_051618695.1	Escherichia coli	562		ECE218					GCF_051618695.1-RS_2025_07_31	Complete Genome	2025-08-01		4	
ASM4527801v1	GCF_045278015.1	GCA_045278015.1	Escherichia coli	562		980-2					GCF_045278015.1-RS_2024_11_26	Complete Genome	2024-11-26		7	
ASM2249478v1	GCF_022494785.1	GCA_022494785.1	Escherichia coli	562		KFu019					GCF_022494785.1-RS_2025_05_30	Complete Genome	2022-03-07		5	
ASM4043668v1	GCF_040436685.1	GCA_040436685.1	Escherichia coli	562		158274-3					GCF_040436685.1-RS_2024_07_02	Complete Genome	2024-07-02		3	
ASM1106708v1	GCF_011067085.1	GCA_011067085.1	Escherichia coli	562		3R					GCF_011067085.1-RS_2025_07_02	Complete Genome	2020-03-07		5	
ASM1997095v1	GCF_019970955.1	GCA_019970955.1	Escherichia coli	562		CX12					GCF_019970955.1-RS_2025_01_16	Complete Genome	2021-09-14		1	
ASM3099654v1	GCF_030996545.1	GCA_030996545.1	Escherichia coli	562		CUVET17-972					GCF_030996545.1-RS_2025_09_19	Complete Genome	2023-08-30		6	
ASM4610634v1	GCF_046106345.1	GCA_046106345.1	Escherichia coli	562		19KM1831					GCF_046106345.1-RS_2024_12_17	Complete Genome	2024-12-17		4	
30859_5#96	GCF_964055715.1	GCA_964055715.1	Escherichia coli	562					30859_5#96		GCF_964055715.1-RS_2025_05_30	Complete Genome	2024-05-20		3	
ASM4534450v1	GCF_045344505.1	GCA_045344505.1	Escherichia coli	562		Z1322HEC0010					GCF_045344505.1-RS_2024_11_27	Complete Genome	2024-11-27		3	
ASM188693v1	GCF_001886935.1	GCA_001886935.1	Escherichia coli	562		FORC_041					GCF_001886935.1-RS_2025_03_23	Complete Genome	2016-11-28		1	
ASM1984399v1	GCF_019843995.1	GCA_019843995.1	Escherichia coli	562		PC-NDM34					GCF_019843995.1-RS_2024_12_31	Complete Genome	2021-09-01		7	
ASM1997089v1	GCF_019970895.1	GCA_019970895.1	Escherichia coli	562		CX08					GCF_019970895.1-RS_2025_01_16	Complete Genome	2021-09-14		1	
ASM5390298v1	GCF_053902985.1	GCA_053902985.1	Escherichia coli	562		JNE23-001					GCF_053902985.1-RS_2025_12_12	Complete Genome	2025-12-12		3	
ASM4102196v1	GCF_041021965.1	GCA_041021965.1	Escherichia coli	562		72322051416_S37					GCF_041021965.1-RS_2025_04_27	Complete Genome	2024-08-04		4	
ASM1104523v1	GCF_011045235.1	GCA_011045235.1	Escherichia coli	562		PapM-32-1					GCF_011045235.1-RS_2025_07_03	Complete Genome	2020-03-02		1	
ASM4534449v1	GCF_045344495.1	GCA_045344495.1	Escherichia coli	562		Z1322HEC0006					GCF_045344495.1-RS_2024_11_27	Complete Genome	2024-11-27		5	
ASM4102198v1	GCF_041021985.1	GCA_041021985.1	Escherichia coli	562		723_010814_2_1					GCF_041021985.1-RS_2025_04_27	Complete Genome	2024-08-04		4	
ASM1496256v1	GCF_014962565.1	GCA_014962565.1	Escherichia coli	562		M7424					GCF_014962565.1-RS_2025_07_05	Complete Genome	2020-10-27		4	
ASM3710024v1	GCF_037100245.1	GCA_037100245.1	Escherichia coli	562		A1.S1.160					GCF_037100245.1-RS_2025_04_27	Complete Genome	2024-04-05		4	
ASM2153492v1	GCF_021534925.1	GCA_021534925.1	Escherichia coli	562		STEC276					GCF_021534925.1-RS_2025_05_03	Complete Genome	2022-01-20		2	
ASM2054096v1	GCF_020540965.1	GCA_020540965.1	Escherichia coli	562		P30_L1_05.20					GCF_020540965.1-RS_2025_01_30	Complete Genome	2021-10-21		3	
ASM5538026v1	GCF_055380265.1	GCA_055380265.1	Escherichia coli	562		p1-49					GCF_055380265.1-RS_2026_02_23	Complete Genome	2026-02-24		5	
ASM4858561v1	GCF_048585615.1	GCA_048585615.1	Escherichia coli	562		1450					GCF_048585615.1-RS_2025_03_17	Complete Genome	2025-03-17		3	
ASM2449926v1	GCF_024499265.1	GCA_024499265.1	Escherichia coli	562		LP50-1					GCF_024499265.1-RS_2025_08_27	Complete Genome	2022-08-01		8	
30859_5#62	GCF_964056585.1	GCA_964056585.1	Escherichia coli	562					30859_5#62		GCF_964056585.1-RS_2025_05_30	Complete Genome	2024-05-20		3	
ASM1935743v1	GCF_019357435.1	GCA_019357435.1	Escherichia coli	562		ECJXMCRH7					GCF_019357435.1-RS_2025_05_01	Complete Genome	2021-07-27		3	
ASM2255872v1	GCF_022558725.1	GCA_022558725.1	Escherichia coli	562		EC22					GCF_022558725.1-RS_2025_06_02	Complete Genome	2022-03-14		7	
ASM219229v1	GCF_002192295.1	GCA_002192295.1	Escherichia coli	562		AR_0150					GCF_002192295.1-RS_2025_06_19	Complete Genome	2017-06-13		4	
ASM5120077v1	GCF_051200775.1	GCA_051200775.1	Escherichia coli	562		G47-1					GCF_051200775.1-RS_2025_07_03	Complete Genome	2025-07-04		1	
ASM5244710v1	GCF_052447105.1	GCA_052447105.1	Escherichia coli	562		LI60C3					GCF_052447105.1-RS_2025_09_04	Complete Genome	2025-09-05		3	
ASM4053958v2	GCF_040539585.2	GCA_040539585.2	Escherichia coli	562		GIMC1405:EC_Lstone01					GCF_040539585.2-RS_2026_01_28	Complete Genome	2026-01-28	JBEWXE02	2	
ASM4658132v1	GCF_046581325.1	GCA_046581325.1	Escherichia coli	562		SX48					GCF_046581325.1-RS_2025_01_11	Complete Genome	2025-01-11		5	
ASM4658137v1	GCF_046581375.1	GCA_046581375.1	Escherichia coli	562		SX4					GCF_046581375.1-RS_2025_01_11	Complete Genome	2025-01-11		5	
ASM164472v1	GCF_001644725.1	GCA_001644725.1	Escherichia coli	562		2011C-3911					GCF_001644725.1-RS_2025_03_23	Complete Genome	2016-05-16		2	
ASM5528547v1	GCF_055285475.1	GCA_055285475.1	Escherichia coli	562		E03					GCF_055285475.1-RS_2026_02_18	Complete Genome	2026-02-18	JBUZKL01	3	
PRO_A-1374-6M-A_ESBL	GCF_054391735.1	GCA_054391735.1	Escherichia coli	562		PRO_A-1374-6M-A_ESBL					GCF_054391735.1-RS_2026_01_07	Complete Genome	2026-01-07	JBSTRI01	6	
ASM144249v1	GCF_001442495.1	GCA_001442495.1	Escherichia coli	562		YD786					GCF_001442495.1-RS_2025_03_23	Complete Genome	2015-11-10		1	
ASM1293443v1	GCF_012934435.1	GCA_012934435.1	Escherichia coli	562		SCU-102					GCF_012934435.1-RS_2025_07_03	Complete Genome	2020-04-30		1	
ASM2449602v1	GCF_024496025.1	GCA_024496025.1	Escherichia coli	562		035152					GCF_024496025.1-RS_2025_08_27	Complete Genome	2022-07-31		2	
AI2821v1_cpp	GCF_905329835.2	GCA_905329835.2	Escherichia coli	562					362		GCF_905329835.2-RS_2025_06_28	Complete Genome	2022-05-24		3	
ASM218021v1	GCF_002180215.1	GCA_002180215.1	Escherichia coli	562		AR_0151					GCF_002180215.1-RS_2025_06_17	Complete Genome	2017-06-08		3	
ASM2249317v1	GCF_022493175.1	GCA_022493175.1	Escherichia coli	562		A38					GCF_022493175.1-RS_2025_05_04	Complete Genome	2022-03-07		1	
ASM5288232v1	GCF_052882325.1	GCA_052882325.1	Escherichia coli	562		MMC-J-0050					GCF_052882325.1-RS_2025_11_17	Complete Genome	2025-09-27	JBQRBK01	5	
AI2981v1_cpp	GCF_905331185.2	GCA_905331185.2	Escherichia coli	562					10		GCF_905331185.2-RS_2025_06_28	Complete Genome	2022-05-24		7	
ASM5539399v1	GCF_055393995.1	GCA_055393995.1	Escherichia coli	562		NR1430					GCF_055393995.1-RS_2026_02_24	Complete Genome	2026-02-25		6	
ASM3041378v1	GCF_030413785.1	GCA_030413785.1	Escherichia coli	562		STEC1588					GCF_030413785.1-RS_2025_07_21	Complete Genome	2023-07-10		6	
ASM3650547v1	GCF_036505475.1	GCA_036505475.1	Escherichia coli	562		2017.15.02CC					GCF_036505475.1-RS_2025_04_27	Complete Genome	2023-11-04		4	
ASM5032006v1	GCF_050320065.1	GCA_050320065.1	Escherichia coli	562		EC17CM7					GCF_050320065.1-RS_2025_05_13	Complete Genome	2025-05-14		9	
ASM5310321v1	GCF_053103215.1	GCA_053103215.1	Escherichia coli	562		MB07081					GCF_053103215.1-RS_2025_11_18	Complete Genome	2025-10-16	JBRNIE01	2	
30224_1#38	GCF_964053165.1	GCA_964053165.1	Escherichia coli	562					30224_1#38		GCF_964053165.1-RS_2025_05_29	Complete Genome	2024-05-20		4	
ASM3649956v1	GCF_036499565.1	GCA_036499565.1	Escherichia coli	562		PSJ-22					GCF_036499565.1-RS_2025_04_27	Complete Genome	2023-11-03		3	
MRSN23713	GCF_040267565.1	GCA_040267565.1	Escherichia coli	562		23713					GCF_040267565.1-RS_2025_06_29	Complete Genome	2024-06-23		3	
ASM1688948v1	GCF_016889485.1	GCA_016889485.1	Escherichia coli	562		E41					GCF_016889485.1-RS_2025_07_04	Complete Genome	2021-02-15		1	
ASM4132004v1	GCF_041320045.1	GCA_041320045.1	Escherichia coli	562		ET665					GCF_041320045.1-RS_2024_09_01	Complete Genome	2024-08-18		3	
ASM2458482v1	GCF_024584825.1	GCA_024584825.1	Escherichia coli	562		SA31-1					GCF_024584825.1-RS_2025_09_10	Complete Genome	2022-08-08		3	
ASM4132008v1	GCF_041320085.1	GCA_041320085.1	Escherichia coli	562		ET490					GCF_041320085.1-RS_2024_09_01	Complete Genome	2024-08-18		3	
ASM4658138v1	GCF_046581385.1	GCA_046581385.1	Escherichia coli	562		SX12					GCF_046581385.1-RS_2025_01_11	Complete Genome	2025-01-11		6	
ASM880713v1	GCF_008807135.1	GCA_008807135.1	Escherichia coli	562		YPE10					GCF_008807135.1-RS_2025_06_28	Complete Genome	2019-10-03		6	
E100341.fasta	GCF_052908335.1	GCA_052908335.1	Escherichia coli	562		E100341					GCF_052908335.1-RS_2025_11_17	Complete Genome	2025-09-29	JBRERQ01	5	
ASM2255926v1	GCF_022559265.1	GCA_022559265.1	Escherichia coli	562		EC7					GCF_022559265.1-RS_2025_06_02	Complete Genome	2022-03-14		6	
ASM5555648v1	GCF_055556485.1	GCA_055556485.1	Escherichia coli	562		N767					GCF_055556485.1-RS_2026_03_02	Complete Genome	2026-03-03		4	
ASM5316903v1	GCF_053169035.1	GCA_053169035.1	Escherichia coli	562		CUVET18-1475					GCF_053169035.1-RS_2025_11_18	Complete Genome	2025-11-19		7	
ASM2491827v1	GCF_024918275.1	GCA_024918275.1	Escherichia coli	562		4012					GCF_024918275.1-RS_2024_12_18	Complete Genome	2022-09-04		7	
ASM2524462v1	GCF_025244625.1	GCA_025244625.1	Escherichia coli	562		hubt-sl					GCF_025244625.1-RS_2024_12_26	Complete Genome	2022-09-17		1	
ASM5490319v1	GCF_054903195.1	GCA_054903195.1	Escherichia coli	562		GPEC657					GCF_054903195.1-RS_2026_02_04	Complete Genome	2026-02-04	JBUBIF01	3	
ASM223730v1	GCF_002237305.1	GCA_002237305.1	Escherichia coli	562		PAR					GCF_002237305.1-RS_2025_06_20	Complete Genome	2017-07-31		1	
ASM1176986v1	GCF_011769865.1	GCA_011769865.1	Escherichia coli	562		52148					GCF_011769865.1-RS_2025_05_26	Complete Genome	2020-03-30		3	
ASM1942878v1	GCF_019428785.1	GCA_019428785.1	Escherichia coli	562		PK8566					GCF_019428785.1-RS_2025_03_18	Complete Genome	2021-07-31		5	
ASM5411288v1	GCF_054112885.1	GCA_054112885.1	Escherichia coli	562		126					GCF_054112885.1-RS_2025_12_22	Complete Genome	2025-12-21	JBSYUH01	5	
ASM836451v2	GCF_008364515.2	GCA_008364515.2	Escherichia coli	562		Ec1115					GCF_008364515.2-RS_2025_06_11	Complete Genome	2024-06-06		5	
ASM211671v2	GCF_002116715.2	GCA_002116715.2	Escherichia coli	562		HB-Coli0					GCF_002116715.2-RS_2024_06_18	Complete Genome	2017-05-01		3	
ASM1888446v1	GCF_018884465.1	GCA_018884465.1	Escherichia coli	562		TD225-C4					GCF_018884465.1-RS_2025_07_21	Complete Genome	2021-06-15		5	
ASM2458538v1	GCF_024585385.1	GCA_024585385.1	Escherichia coli	562		MB98					GCF_024585385.1-RS_2025_09_10	Complete Genome	2022-08-08		3	
ASM2249476v1	GCF_022494765.1	GCA_022494765.1	Escherichia coli	562		KMi006					GCF_022494765.1-RS_2025_06_02	Complete Genome	2022-03-07		7	
SEV4	GCF_050859215.1	GCA_050859215.1	Escherichia coli	562		SEV4					GCF_050859215.1-RS_2025_06_10	Complete Genome	2025-06-10		7	
L1_E925	GCF_904833135.1	GCA_904833135.1	Escherichia coli	562					L1_E925		GCF_904833135.1-RS_2025_07_04	Complete Genome	2020-11-16		5	
ASM5240236v1	GCF_052402365.1	GCA_052402365.1	Escherichia coli	562		19AR1724					GCF_052402365.1-RS_2025_09_04	Complete Genome	2025-09-05		9	
ASM701230v1	GCF_007012305.1	GCA_007012305.1	Escherichia coli	562		ECOL-18-VL-LA-PA-Ryan-0026					GCF_007012305.1-RS_2025_05_28	Complete Genome	2019-07-16		3	
SEV1	GCF_050887695.1	GCA_050887695.1	Escherichia coli	562		SEV1					GCF_050887695.1-RS_2025_06_12	Complete Genome	2025-06-13		6	
ASM3442183v1	GCF_034421835.1	GCA_034421835.1	Escherichia coli	562		HN257					GCF_034421835.1-RS_2025_02_19	Complete Genome	2023-12-16		5	
ASM3005385v1	GCF_030053855.1	GCA_030053855.1	Escherichia coli	562		GYB01					GCF_030053855.1-RS_2024_06_11	Complete Genome	2023-05-21		3	
30859_5#40	GCF_964055375.1	GCA_964055375.1	Escherichia coli	562					30859_5#40		GCF_964055375.1-RS_2025_05_30	Complete Genome	2024-05-20		3	
TBE6	GCF_050859165.1	GCA_050859165.1	Escherichia coli	562		TBE6					GCF_050859165.1-RS_2025_06_10	Complete Genome	2025-06-10		5	
ASM4503739v1	GCF_045037395.1	GCA_045037395.1	Escherichia coli	562		98233					GCF_045037395.1-RS_2024_11_20	Complete Genome	2024-11-23		3	
ASM5161499v1	GCF_051614995.1	GCA_051614995.1	Escherichia coli	562		20AR0300					GCF_051614995.1-RS_2025_07_31	Complete Genome	2025-08-01		12	
ASM278829v1	GCF_002788295.1	GCA_002788295.1	Escherichia coli	562		AR_0011					GCF_002788295.1-RS_2025_06_22	Complete Genome	2017-11-20		4	
ASM161832v1	GCF_001618325.1	GCA_001618325.1	Escherichia coli	562		Ecol_743					GCF_001618325.1-RS_2025_03_23	Complete Genome	2016-04-11		5	
ASM2539875v1	GCF_025398755.1	GCA_025398755.1	Escherichia coli	562		2022CK-00450					GCF_025398755.1-RS_2024_12_30	Complete Genome	2022-09-25		8	
ASM4534859v1	GCF_045348595.1	GCA_045348595.1	Escherichia coli	562		EC22					GCF_045348595.1-RS_2024_11_27	Complete Genome	2024-11-27		5	
ASM2053520v1	GCF_020535205.1	GCA_020535205.1	Escherichia coli	562		EC20					GCF_020535205.1-RS_2025_01_29	Complete Genome	2021-10-20		8	
ASM972046v1	GCF_009720465.1	GCA_009720465.1	Escherichia coli	562		EC2					GCF_009720465.1-RS_2025_07_01	Complete Genome	2019-11-29		6	
ASM4658139v1	GCF_046581395.1	GCA_046581395.1	Escherichia coli	562		SX23					GCF_046581395.1-RS_2025_01_11	Complete Genome	2025-01-11		3	
ASM2316760v1	GCF_023167605.1	GCA_023167605.1	Escherichia coli	562		M719					GCF_023167605.1-RS_2025_06_13	Complete Genome	2022-04-02		5	
ASM1694247v1	GCF_016942475.1	GCA_016942475.1	Escherichia coli	562		BS74R-D					GCF_016942475.1-RS_2025_07_04	Complete Genome	2021-02-25		9	
ASM5519490v1	GCF_055194905.1	GCA_055194905.1	Escherichia coli	562		CFIAFB20180540					GCF_055194905.1-RS_2026_02_16	Complete Genome	2026-02-16	JBUXMI01	3	
ASM4188620v1	GCF_041886205.1	GCA_041886205.1	Escherichia coli	562		UTME-7					GCF_041886205.1-RS_2024_09_11	Complete Genome	2024-09-11		3	
ASM2922789v1	GCF_029227895.1	GCA_029227895.1	Escherichia coli	562		ZYB62					GCF_029227895.1-RS_2025_01_20	Complete Genome	2023-03-16		4	
ASM2354688v1	GCF_023546885.1	GCA_023546885.1	Escherichia coli	562		AGR5151					GCF_023546885.1-RS_2025_06_22	Complete Genome	2022-05-25		3	
ASM216365v1	GCF_002163655.1	GCA_002163655.1	Escherichia coli	562		KSC9					GCF_002163655.1-RS_2025_06_20	Complete Genome	2017-06-02		1	
ASM1338961v1	GCF_013389615.1	GCA_013389615.1	Escherichia coli	562		AMSCJX04					GCF_013389615.1-RS_2025_07_03	Complete Genome	2020-07-06		4	
ASM2255930v1	GCF_022559305.1	GCA_022559305.1	Escherichia coli	562		EC4					GCF_022559305.1-RS_2025_06_02	Complete Genome	2022-03-14		5	
ASM2255870v1	GCF_022558705.1	GCA_022558705.1	Escherichia coli	562		EC24					GCF_022558705.1-RS_2025_06_02	Complete Genome	2022-03-14		7	
ASM2255876v1	GCF_022558765.1	GCA_022558765.1	Escherichia coli	562		EC20					GCF_022558765.1-RS_2025_06_02	Complete Genome	2022-03-14		6	
30859_5#21	GCF_964052875.1	GCA_964052875.1	Escherichia coli	562					30859_5#21		GCF_964052875.1-RS_2025_05_29	Complete Genome	2024-05-20		3	
ASM343230v1	GCF_003432305.1	GCA_003432305.1	Escherichia coli	562		2452					GCF_003432305.1-RS_2025_06_24	Complete Genome	2018-08-30		1	
30859_5#287	GCF_964053065.1	GCA_964053065.1	Escherichia coli	562					30859_5#287		GCF_964053065.1-RS_2025_05_29	Complete Genome	2024-05-20		2	
ASM4840173v1	GCF_048401735.1	GCA_048401735.1	Escherichia coli	562		572					GCF_048401735.1-RS_2025_03_06	Complete Genome	2025-03-07		8	
ASM4518276v1	GCF_045182765.1	GCA_045182765.1	Escherichia coli	562		SZQ1					GCF_045182765.1-RS_2024_11_22	Complete Genome	2024-11-25		7	
PRO_A-1370-6W-A_ESBL	GCF_054391755.1	GCA_054391755.1	Escherichia coli	562		PRO_A-1370-6W-A_ESBL					GCF_054391755.1-RS_2026_01_07	Complete Genome	2026-01-07	JBSTRJ01	3	
44257_F01	GCF_900636785.1	GCA_900636785.1	Escherichia coli	562		NCTC9113					GCF_900636785.1-RS_2025_06_27	Complete Genome	2018-12-20		1	
ASM2990971v1	GCF_029909715.1	GCA_029909715.1	Escherichia coli	562		GYX208DH4E-2					GCF_029909715.1-RS_2025_06_10	Complete Genome	2023-05-01		3	
ASM3236663v1	GCF_032366635.1	GCA_032366635.1	Escherichia coli	562		TW10690					GCF_032366635.1-RS_2024_12_30	Complete Genome	2023-10-04		4	
ASM2255878v1	GCF_022558785.1	GCA_022558785.1	Escherichia coli	562		EC19					GCF_022558785.1-RS_2025_06_02	Complete Genome	2022-03-14		6	
ASM2098522v1	GCF_020985225.1	GCA_020985225.1	Escherichia coli	562		OSUCMP42NDM					GCF_020985225.1-RS_2025_03_10	Complete Genome	2021-11-25		7	
ASM1036534v1	GCF_010365345.1	GCA_010365345.1	Escherichia coli	562		32-4					GCF_010365345.1-RS_2025_07_02	Complete Genome	2020-02-09		12	
ASM5292278v1	GCF_052922785.1	GCA_052922785.1	Escherichia coli	562		EC98					GCF_052922785.1-RS_2025_11_17	Complete Genome	2025-09-30	JBRETX01	4	
GDSC2239PM	GCF_050710325.1	GCA_050710325.1	Escherichia coli	562		GDSC2239PM					GCF_050710325.1-RS_2025_06_04	Complete Genome	2025-06-04		7	
ASM2491877v1	GCF_024918775.1	GCA_024918775.1	Escherichia coli	562		3359					GCF_024918775.1-RS_2024_12_18	Complete Genome	2022-09-04		3	
ASM4023429v1	GCF_040234295.1	GCA_040234295.1	Escherichia coli	562		EC187792					GCF_040234295.1-RS_2024_06_30	Complete Genome	2024-06-20		4	
ASM2255868v1	GCF_022558685.1	GCA_022558685.1	Escherichia coli	562		EC26					GCF_022558685.1-RS_2025_06_02	Complete Genome	2022-03-14		5	
ASM2794473v1	GCF_027944735.1	GCA_027944735.1	Escherichia coli	562		DETEC-P829					GCF_027944735.1-RS_2025_03_20	Complete Genome	2023-01-24		4	
ASM1320152v1	GCF_013201525.1	GCA_013201525.1	Escherichia coli	562					J31		GCF_013201525.1-RS_2025_07_04	Complete Genome	2020-06-01		2	
ASM2310076v1	GCF_023100765.1	GCA_023100765.1	Escherichia coli	562		EC6563					GCF_023100765.1-RS_2025_06_12	Complete Genome	2022-04-25		4	
ASM5366839v1	GCF_053668395.1	GCA_053668395.1	Escherichia coli	562		L16-131					GCF_053668395.1-RS_2025_11_25	Complete Genome	2025-11-25	JBSJPC01	6	
ASM2922408v1	GCF_029224085.1	GCA_029224085.1	Escherichia coli	562		XJ55					GCF_029224085.1-RS_2025_01_30	Complete Genome	2023-03-16		2	
ASM90052028v1	GCF_900520285.1	GCA_900520285.1	Escherichia coli	562					Escherichia coli str. TO6		GCF_900520285.1-RS_2025_06_25	Complete Genome	2019-01-29		2	
ASM2909448v1	GCF_029094485.1	GCA_029094485.1	Escherichia coli	562		GENOMIC22-004					GCF_029094485.1-RS_2025_05_20	Complete Genome	2023-03-09		7	
ASM5310345v1	GCF_053103455.1	GCA_053103455.1	Escherichia coli	562		MB06022					GCF_053103455.1-RS_2025_11_18	Complete Genome	2025-10-16	JBRNIP01	1	
ASM2269946v1	GCF_022699465.1	GCA_022699465.1	Escherichia coli	562		ST167					GCF_022699465.1-RS_2025_06_05	Complete Genome	2022-03-27		7	
ASM2862295v1	GCF_028622955.1	GCA_028622955.1	Escherichia coli	562		KW21					GCF_028622955.1-RS_2025_04_25	Complete Genome	2023-02-15		3	
F437	GCF_963575435.1	GCA_963575435.1	Escherichia coli	562					F437		GCF_963575435.1-RS_2025_01_15	Complete Genome	2023-10-28		9	
ASM863257v1	GCF_008632575.1	GCA_008632575.1	Escherichia coli	562		AR216.2b					GCF_008632575.1-RS_2025_06_27	Complete Genome	2019-09-23		4	
ASM5266278v1	GCF_052662785.1	GCA_052662785.1	Escherichia coli	562		G5					GCF_052662785.1-RS_2025_09_17	Complete Genome	2025-09-16	JBQXPE01	6	
ASM371100v1	GCF_003711005.1	GCA_003711005.1	Escherichia coli	562		L73					GCF_003711005.1-RS_2025_06_25	Complete Genome	2018-11-05		3	
ASM3051543v1	GCF_030515435.1	GCA_030515435.1	Escherichia coli	562		MS20657					GCF_030515435.1-RS_2025_08_02	Complete Genome	2023-07-21		3	
ASM2275978v1	GCF_022759785.1	GCA_022759785.1	Escherichia coli	562		Ec-050-T20-ESBL					GCF_022759785.1-RS_2025_06_06	Complete Genome	2022-03-30		10	
ASM5316099v1	GCF_053160995.1	GCA_053160995.1	Escherichia coli	562		CPEC24103					GCF_053160995.1-RS_2025_11_18	Complete Genome	2025-10-21	JBRSFX01	2	
ASM812442v1	GCF_008124425.1	GCA_008124425.1	Escherichia coli	562		Ec-050					GCF_008124425.1-RS_2025_06_27	Complete Genome	2019-08-29		4	
ASM2275976v1	GCF_022759765.1	GCA_022759765.1	Escherichia coli	562		Ec-050-T20-MAC					GCF_022759765.1-RS_2025_06_06	Complete Genome	2022-03-30		10	
ASM2275974v1	GCF_022759745.1	GCA_022759745.1	Escherichia coli	562		Ec-050-T5-ESBL					GCF_022759745.1-RS_2025_06_06	Complete Genome	2022-03-30		10	
ASM2275972v1	GCF_022759725.1	GCA_022759725.1	Escherichia coli	562		Ec-050-T5-MAC					GCF_022759725.1-RS_2025_06_06	Complete Genome	2022-03-30		10	
ASM2275980v1	GCF_022759805.1	GCA_022759805.1	Escherichia coli	562		Ec-050-T0					GCF_022759805.1-RS_2025_06_06	Complete Genome	2022-03-30		10	
ASM3003713v1	GCF_030037135.1	GCA_030037135.1	Escherichia coli	562		AVS0756					GCF_030037135.1-RS_2025_06_15	Complete Genome	2023-05-12		2	
ASM325406v1	GCF_003254065.1	GCA_003254065.1	Escherichia coli	562		51008369SK1					GCF_003254065.1-RS_2025_06_21	Complete Genome	2018-06-18		6	
ASM1342611v1	GCF_013426115.1	GCA_013426115.1	Escherichia coli	562		005008					GCF_013426115.1-RS_2025_07_03	Complete Genome	2020-07-20		5	
ASM5152193v1	GCF_051521935.1	GCA_051521935.1	Escherichia coli	562		D8					GCF_051521935.1-RS_2025_07_25	Complete Genome	2025-07-29		2	
ASM863255v1	GCF_008632555.1	GCA_008632555.1	Escherichia coli	562		AR202.2					GCF_008632555.1-RS_2025_06_27	Complete Genome	2019-09-23		4	
ASM3650457v1	GCF_036504575.1	GCA_036504575.1	Escherichia coli	562		2017.04.02CC					GCF_036504575.1-RS_2025_04_27	Complete Genome	2023-11-04		2	
ASM1337425v1	GCF_013374255.1	GCA_013374255.1	Escherichia coli	562		YJ1					GCF_013374255.1-RS_2025_07_04	Complete Genome	2020-06-17		2	
ASM223732v1	GCF_002237325.1	GCA_002237325.1	Escherichia coli	562		WAT					GCF_002237325.1-RS_2025_06_20	Complete Genome	2017-07-31		1	
ASM2985447v1	GCF_029854475.1	GCA_029854475.1	Escherichia coli	562		18-4					GCF_029854475.1-RS_2025_06_09	Complete Genome	2023-04-23		4	
ASM301911v1	GCF_003019115.1	GCA_003019115.1	Escherichia coli	562					07-4299		GCF_003019115.1-RS_2025_06_22	Complete Genome	2018-03-26		2	
ASM1643280v1	GCF_016432805.1	GCA_016432805.1	Escherichia coli	562		1EC187					GCF_016432805.1-RS_2025_07_04	Complete Genome	2020-12-29		5	
ASM2558329v2	GCF_025583295.2	GCA_025583295.2	Escherichia coli	562		YZMc17-1					GCF_025583295.2-RS_2025_06_26	Complete Genome	2023-06-01		5	
ASM2249470v1	GCF_022494705.1	GCA_022494705.1	Escherichia coli	562		KKo009					GCF_022494705.1-RS_2025_05_30	Complete Genome	2022-03-07		5	
PRO_A-1028-6W-A_ESBL	GCF_054391775.1	GCA_054391775.1	Escherichia coli	562		PRO_A-1028-6W-A_ESBL					GCF_054391775.1-RS_2026_01_07	Complete Genome	2026-01-07	JBSTRK01	4	
ASM4503752v1	GCF_045037525.1	GCA_045037525.1	Escherichia coli	562		98195					GCF_045037525.1-RS_2024_11_20	Complete Genome	2024-11-23		3	
ASM1898838v1	GCF_018988385.1	GCA_018988385.1	Escherichia coli	562		XJW9B277					GCF_018988385.1-RS_2025_05_26	Complete Genome	2021-06-23		5	
ASM5489034v1	GCF_054890345.1	GCA_054890345.1	Escherichia coli	562		UID2404240044					GCF_054890345.1-RS_2026_02_04	Complete Genome	2026-02-02	JBTZOZ01	7	
ASM4123521v1	GCF_041235215.1	GCA_041235215.1	Escherichia coli	562		FDN-11					GCF_041235215.1-RS_2024_12_16	Complete Genome	2024-08-14		4	
ASM5102759v1	GCF_051027595.1	GCA_051027595.1	Escherichia coli	562		FAHZZU7007					GCF_051027595.1-RS_2025_06_25	Complete Genome	2025-06-26		2	
ASM2458558v1	GCF_024585585.1	GCA_024585585.1	Escherichia coli	562		MB31					GCF_024585585.1-RS_2025_09_11	Complete Genome	2022-08-08		6	
ASM3649614v1	GCF_036496145.1	GCA_036496145.1	Escherichia coli	562		LR-33					GCF_036496145.1-RS_2025_04_27	Complete Genome	2023-11-03		5	
ASM4568934v1	GCF_045689345.1	GCA_045689345.1	Escherichia coli	562		YA-1					GCF_045689345.1-RS_2024_12_05	Complete Genome	2024-12-06		4	
ASM5292292v1	GCF_052922925.1	GCA_052922925.1	Escherichia coli	562		EC61					GCF_052922925.1-RS_2025_11_17	Complete Genome	2025-09-30	JBRETT01	4	
ASM5292300v1	GCF_052923005.1	GCA_052923005.1	Escherichia coli	562		EC116					GCF_052923005.1-RS_2025_11_17	Complete Genome	2025-09-30	JBRETR01	4	
ASM2985451v1	GCF_029854515.1	GCA_029854515.1	Escherichia coli	562		20-16					GCF_029854515.1-RS_2025_06_09	Complete Genome	2023-04-23		5	
ASM1337423v2	GCF_013374235.2	GCA_013374235.2	Escherichia coli	562		M505					GCF_013374235.2-RS_2025_07_05	Complete Genome	2021-03-03		5	
ASM1831661v1	GCF_018316615.1	GCA_018316615.1	Escherichia coli	562		EC16					GCF_018316615.1-RS_2025_06_16	Complete Genome	2021-05-10		6	
ASM1429529v1	GCF_014295295.1	GCA_014295295.1	Escherichia coli	562		G5					GCF_014295295.1-RS_2025_07_03	Complete Genome	2020-08-25		8	
ASM4055089v1	GCF_040550895.1	GCA_040550895.1	Escherichia coli	562		Z142-6					GCF_040550895.1-RS_2024_07_09	Complete Genome	2024-07-09		4	
MINF_8D	GCF_904866345.1	GCA_904866345.1	Escherichia coli	562		MINF_8D			MINF_8D		GCF_904866345.1-RS_2025_07_13	Complete Genome	2020-11-01		10	
ASM190029v1	GCF_001900295.1	GCA_001900295.1	Escherichia coli	562		C1					GCF_001900295.1-RS_2025_06_19	Complete Genome	2016-12-12		1	
ASM4854162v1	GCF_048541625.1	GCA_048541625.1	Escherichia coli	562		EC6030					GCF_048541625.1-RS_2025_03_12	Complete Genome	2025-03-13		11	
ASM3116787v1	GCF_031167875.1	GCA_031167875.1	Escherichia coli	562		CREC8					GCF_031167875.1-RS_2025_09_18	Complete Genome	2023-09-04		8	
ASM5469655v1	GCF_054696555.1	GCA_054696555.1	Escherichia coli	562		ECO2					GCF_054696555.1-RS_2026_01_25	Complete Genome	2026-01-30		4	
ASM1943116v1	GCF_019431165.1	GCA_019431165.1	Escherichia coli	562		SJC33					GCF_019431165.1-RS_2025_09_18	Complete Genome	2021-08-01		5	
ASM4568989v1	GCF_045689895.1	GCA_045689895.1	Escherichia coli	562		FG31-1					GCF_045689895.1-RS_2024_12_05	Complete Genome	2024-12-06		5	
ASM3839655v1	GCF_038396555.1	GCA_038396555.1	Escherichia coli	562		20A24					GCF_038396555.1-RS_2025_05_01	Complete Genome	2024-04-22		2	
ASM3380250v1	GCF_033802505.1	GCA_033802505.1	Escherichia coli	562		30EVA2					GCF_033802505.1-RS_2025_01_30	Complete Genome	2023-11-19		4	
ASM5539607v1	GCF_055396075.1	GCA_055396075.1	Escherichia coli	562		HCM-25C-3					GCF_055396075.1-RS_2026_02_24	Complete Genome	2026-02-25		3	
ASM5555659v1	GCF_055556595.1	GCA_055556595.1	Escherichia coli	562		N2208					GCF_055556595.1-RS_2026_03_02	Complete Genome	2026-03-03		4	
ASM5538426v1	GCF_055384265.1	GCA_055384265.1	Escherichia coli	562		OkiPb01698					GCF_055384265.1-RS_2026_02_24	Complete Genome	2026-02-25		6	
2016-17-292	GCF_904799825.1	GCA_904799825.1	Escherichia coli	562				Quinolone resistant	2016-17-292		GCF_904799825.1-RS_2025_07_04	Complete Genome	2020-09-28		3	
ASM5538492v1	GCF_055384925.1	GCA_055384925.1	Escherichia coli	562		EC529					GCF_055384925.1-RS_2026_02_24	Complete Genome	2026-02-25		8	
ASM2365842v1	GCF_023658425.1	GCA_023658425.1	Escherichia coli	562		Z0117EC0005					GCF_023658425.1-RS_2025_07_02	Complete Genome	2022-06-07		4	
ASM3747798v1	GCF_037477985.1	GCA_037477985.1	Escherichia coli	562		JX21CE33					GCF_037477985.1-RS_2025_04_27	Complete Genome	2024-04-05		5	
MS14386	GCF_900622665.1	GCA_900622665.1	Escherichia coli	562		MS14386			MS14386		GCF_900622665.1-RS_2024_06_18	Complete Genome	2019-01-10		3	
ASM295345v1	GCF_002953455.1	GCA_002953455.1	Escherichia coli	562		KBN10P04869					GCF_002953455.1-RS_2025_06_22	Complete Genome	2018-02-05		4	
ASM2491819v1	GCF_024918195.1	GCA_024918195.1	Escherichia coli	562		3985					GCF_024918195.1-RS_2024_12_18	Complete Genome	2022-09-04		3	
ASM2466225v1	GCF_024662255.1	GCA_024662255.1	Escherichia coli	562		BE311					GCF_024662255.1-RS_2025_09_14	Complete Genome	2022-08-15		5	
ASM4131628v1	GCF_041316285.1	GCA_041316285.1	Escherichia coli	562		ET979					GCF_041316285.1-RS_2024_09_01	Complete Genome	2024-08-17		3	
ASM2014964v1	GCF_020149645.1	GCA_020149645.1	Escherichia coli	562		NDM1					GCF_020149645.1-RS_2025_01_20	Complete Genome	2021-09-27		9	
ASM5310315v1	GCF_053103155.1	GCA_053103155.1	Escherichia coli	562		PCP06021					GCF_053103155.1-RS_2025_11_18	Complete Genome	2025-10-16	JBRNIB01	2	
ASM5404808v1	GCF_054048085.1	GCA_054048085.1	Escherichia coli	562		167					GCF_054048085.1-RS_2025_12_18	Complete Genome	2025-12-17	JBSWBD01	5	
ASM2558326v2	GCF_025583265.2	GCA_025583265.2	Escherichia coli	562		YZMc10-2					GCF_025583265.2-RS_2025_08_18	Complete Genome	2023-08-03		4	
ASM278731v1	GCF_002787315.1	GCA_002787315.1	Escherichia coli	562		AR_0014					GCF_002787315.1-RS_2025_06_21	Complete Genome	2017-11-20		3	
ASM3135706v1	GCF_031357065.1	GCA_031357065.1	Escherichia coli	562		ECGC74					GCF_031357065.1-RS_2024_12_16	Complete Genome	2023-09-12		2	
ASM2237051v1	GCF_022370515.1	GCA_022370515.1	Escherichia coli	562		1000C-3					GCF_022370515.1-RS_2025_05_24	Complete Genome	2022-02-23		3	
ASM186050v1	GCF_001860505.1	GCA_001860505.1	Escherichia coli	562		Y5					GCF_001860505.1-RS_2025_03_23	Complete Genome	2016-11-01		1	
ASM5489823v1	GCF_054898235.1	GCA_054898235.1	Escherichia coli	562		CUVET24-CCU22					GCF_054898235.1-RS_2026_02_04	Complete Genome	2026-02-04		2	
ASM5489822v1	GCF_054898225.1	GCA_054898225.1	Escherichia coli	562		CUVET24-IPD24					GCF_054898225.1-RS_2026_02_04	Complete Genome	2026-02-04		2	
ASM5116644v1	GCF_051166445.1	GCA_051166445.1	Escherichia coli	562		LD91-1					GCF_051166445.1-RS_2025_07_02	Complete Genome	2025-07-02		2	
ASM190096v1	GCF_001900965.1	GCA_001900965.1	Escherichia coli	562		S42					GCF_001900965.1-RS_2025_06_19	Complete Genome	2016-12-12		1	
ASM2365834v1	GCF_023658345.1	GCA_023658345.1	Escherichia coli	562		Z0117EC0040					GCF_023658345.1-RS_2025_07_02	Complete Genome	2022-06-07		3	
ASM1407668v2	GCF_014076685.2	GCA_014076685.2	Escherichia coli	562		1409					GCF_014076685.2-RS_2025_07_04	Complete Genome	2020-11-05		4	
ASM1888432v1	GCF_018884325.1	GCA_018884325.1	Escherichia coli	562		WS4437A-1					GCF_018884325.1-RS_2025_07_21	Complete Genome	2021-06-15		4	
ASM5411292v1	GCF_054112925.1	GCA_054112925.1	Escherichia coli	562		158					GCF_054112925.1-RS_2025_12_22	Complete Genome	2025-12-21	JBSYUJ01	5	
ASM2985449v1	GCF_029854495.1	GCA_029854495.1	Escherichia coli	562		19-7					GCF_029854495.1-RS_2025_06_09	Complete Genome	2023-04-23		7	
ASM278665v1	GCF_002786655.1	GCA_002786655.1	Escherichia coli	562		CREC-532					GCF_002786655.1-RS_2025_06_22	Complete Genome	2017-11-20		4	
ASM2327281v1	GCF_023272815.1	GCA_023272815.1	Escherichia coli	562		PS10-3					GCF_023272815.1-RS_2025_06_15	Complete Genome	2022-05-07		2	
ASM339989v2	GCF_003399895.2	GCA_003399895.2	Escherichia coli	562		CFSAN061762					GCF_003399895.2-RS_2024_12_18	Complete Genome	2019-08-20		2	
ASM3380244v1	GCF_033802445.1	GCA_033802445.1	Escherichia coli	562		64EVA					GCF_033802445.1-RS_2025_01_30	Complete Genome	2023-11-19		8	
Br_178_kylling	GCF_048163035.1	GCA_048163035.1	Escherichia coli	562		Br_178_kylling					GCF_048163035.1-RS_2025_02_28	Complete Genome	2025-03-01		4	
ASM5316976v1	GCF_053169765.1	GCA_053169765.1	Escherichia coli	562		CUVET19-1942					GCF_053169765.1-RS_2025_11_18	Complete Genome	2025-11-19		6	
ASM5316977v1	GCF_053169775.1	GCA_053169775.1	Escherichia coli	562		CUVET19-1937					GCF_053169775.1-RS_2025_11_18	Complete Genome	2025-11-19		6	
ASM2234992v1	GCF_022349925.1	GCA_022349925.1	Escherichia coli	562		ISHS7					GCF_022349925.1-RS_2025_05_23	Complete Genome	2022-02-21		6	
ASM5316953v1	GCF_053169535.1	GCA_053169535.1	Escherichia coli	562		CUVET19-2242					GCF_053169535.1-RS_2025_11_18	Complete Genome	2025-11-19		6	
EC0880B_C	GCF_949786355.1	GCA_949786355.1	Escherichia coli	562		EC0880B			EC0880B_C		GCF_949786355.1-RS_2025_01_28	Complete Genome	2023-04-11		3	
ASM2540293v1	GCF_025402935.1	GCA_025402935.1	Escherichia coli	562		SHP24					GCF_025402935.1-RS_2024_12_31	Complete Genome	2022-09-26		5	
ASM2567768v1	GCF_025677685.1	GCA_025677685.1	Escherichia coli	562		MFDS1016424					GCF_025677685.1-RS_2025_01_16	Complete Genome	2022-10-13		2	
ASM4132011v1	GCF_041320115.1	GCA_041320115.1	Escherichia coli	562		ET450					GCF_041320115.1-RS_2024_09_01	Complete Genome	2024-08-18		4	
ASM2351603v1	GCF_023516035.1	GCA_023516035.1	Escherichia coli	562		18SZHZ655Rt					GCF_023516035.1-RS_2025_06_21	Complete Genome	2022-05-22		10	
ASM301847v1	GCF_003018475.1	GCA_003018475.1	Escherichia coli	562		2015C-4136CT1					GCF_003018475.1-RS_2025_06_21	Complete Genome	2018-03-26		2	
ASM1337657v1	GCF_013376575.1	GCA_013376575.1	Escherichia coli	562		ARL09/232					GCF_013376575.1-RS_2025_07_03	Complete Genome	2020-06-29		9	
ASM2624884v1	GCF_026248845.1	GCA_026248845.1	Escherichia coli	562		XYEH3314					GCF_026248845.1-RS_2025_02_22	Complete Genome	2022-11-21		8	
ASM2249375v1	GCF_022493755.1	GCA_022493755.1	Escherichia coli	562		A7					GCF_022493755.1-RS_2025_05_02	Complete Genome	2022-03-07		1	
ASM1694253v1	GCF_016942535.1	GCA_016942535.1	Escherichia coli	562		BS15R-A					GCF_016942535.1-RS_2025_07_04	Complete Genome	2021-02-25		4	
ASM479249v1	GCF_004792495.1	GCA_004792495.1	Escherichia coli	562		PigCaeca_2					GCF_004792495.1-RS_2025_06_27	Complete Genome	2019-04-14		2	
ASM2985461v1	GCF_029854615.1	GCA_029854615.1	Escherichia coli	562		EC0430					GCF_029854615.1-RS_2025_06_08	Complete Genome	2023-04-23		4	
ASM4500730v1	GCF_045007305.1	GCA_045007305.1	Escherichia coli	562		HZDC01					GCF_045007305.1-RS_2024_11_18	Complete Genome	2024-11-21		4	
ASM5404782v1	GCF_054047825.1	GCA_054047825.1	Escherichia coli	562		410					GCF_054047825.1-RS_2025_12_18	Complete Genome	2025-12-17	JBSWBA01	5	
ASM1253783v1	GCF_012537835.1	GCA_012537835.1	Escherichia coli	562		SCZE5					GCF_012537835.1-RS_2025_07_03	Complete Genome	2020-04-19		5	
ASM4055167v1	GCF_040551675.1	GCA_040551675.1	Escherichia coli	562		Z142-1					GCF_040551675.1-RS_2024_07_09	Complete Genome	2024-07-09		3	
ASM1937505v2	GCF_019375055.2	GCA_019375055.2	Escherichia coli	562		XD35					GCF_019375055.2-RS_2025_03_19	Complete Genome	2021-12-13		9	
ASM3051545v1	GCF_030515455.1	GCA_030515455.1	Escherichia coli	562		MS20655					GCF_030515455.1-RS_2025_08_02	Complete Genome	2023-07-21		3	
ASM4551715v1	GCF_045517155.1	GCA_045517155.1	Escherichia coli	562		STECUZB006					GCF_045517155.1-RS_2024_12_03	Complete Genome	2024-12-06		3	
ASM2458580v1	GCF_024585805.1	GCA_024585805.1	Escherichia coli	562		PD4					GCF_024585805.1-RS_2025_09_11	Complete Genome	2022-08-08		5	
ASM430146v1	GCF_004301465.1	GCA_004301465.1	Escherichia coli	562		L725					GCF_004301465.1-RS_2025_06_25	Complete Genome	2019-02-26		6	
ASM5555660v1	GCF_055556605.1	GCA_055556605.1	Escherichia coli	562		N2250					GCF_055556605.1-RS_2026_03_02	Complete Genome	2026-03-03		10	
ASM2458554v1	GCF_024585545.1	GCA_024585545.1	Escherichia coli	562		MB49					GCF_024585545.1-RS_2025_09_11	Complete Genome	2022-08-08		5	
ASM1827908v1	GCF_018279085.1	GCA_018279085.1	Escherichia coli	562		J-8					GCF_018279085.1-RS_2025_07_06	Complete Genome	2021-05-05		8	
ASM3711347v1	GCF_037113475.1	GCA_037113475.1	Escherichia coli	562		2A					GCF_037113475.1-RS_2025_04_28	Complete Genome	2024-04-05		3	
ASM5490321v1	GCF_054903215.1	GCA_054903215.1	Escherichia coli	562		GPEC617					GCF_054903215.1-RS_2026_02_04	Complete Genome	2026-02-04	JBUBIE01	3	
ASM296793v2	GCF_002967935.2	GCA_002967935.2	Escherichia coli	562		ESY001					GCF_002967935.2-RS_2025_02_26	Complete Genome	2021-11-16		2	
ASM5490275v1	GCF_054902755.1	GCA_054902755.1	Escherichia coli	562		GPEC1222					GCF_054902755.1-RS_2026_02_04	Complete Genome	2026-02-04	JBUBJB01	2	
ASM190041v1	GCF_001900415.1	GCA_001900415.1	Escherichia coli	562		H5					GCF_001900415.1-RS_2025_06_19	Complete Genome	2016-12-12		1	
MRSN914033	GCF_040267575.1	GCA_040267575.1	Escherichia coli	562		914033					GCF_040267575.1-RS_2025_06_29	Complete Genome	2024-06-23		4	
ASM289947v1	GCF_002899475.1	GCA_002899475.1	Escherichia coli	562		DH5alpha					GCF_002899475.1-RS_2025_06_21	Complete Genome	2018-01-25		1	
ASM294513v3	GCF_002945135.3	GCA_002945135.3	Escherichia coli	562		WCHEC005237					GCF_002945135.3-RS_2025_06_27	Complete Genome	2019-08-22		9	
ASM4845719v1	GCF_048457195.1	GCA_048457195.1	Escherichia coli	562		CE-O153H30					GCF_048457195.1-RS_2025_03_08	Complete Genome	2025-03-09		3	
ASM5569819v1	GCF_055698195.1	GCA_055698195.1	Escherichia coli	562		N427					GCF_055698195.1-RS_2026_03_07	Complete Genome	2026-03-08		4	
ASM4503742v1	GCF_045037425.1	GCA_045037425.1	Escherichia coli	562		98227					GCF_045037425.1-RS_2024_11_20	Complete Genome	2024-11-23		4	
ASM296797v2	GCF_002967975.2	GCA_002967975.2	Escherichia coli	562		ESY002					GCF_002967975.2-RS_2025_02_26	Complete Genome	2021-11-16		2	
ASM190043v1	GCF_001900435.1	GCA_001900435.1	Escherichia coli	562		H6					GCF_001900435.1-RS_2025_06_19	Complete Genome	2016-12-12		1	
ASM5569818v1	GCF_055698185.1	GCA_055698185.1	Escherichia coli	562		N385					GCF_055698185.1-RS_2026_03_07	Complete Genome	2026-03-08		4	
W137	GCF_041004315.1	GCA_041004315.1	Escherichia coli	562		W137					GCF_041004315.1-RS_2024_08_02	Complete Genome	2024-08-03		9	
ASM5375482v1	GCF_053754825.1	GCA_053754825.1	Escherichia coli	562		JXZ9A32M					GCF_053754825.1-RS_2025_11_29	Complete Genome	2025-12-01		5	
ASM5484998v1	GCF_054849985.1	GCA_054849985.1	Escherichia coli	562		LT2-3					GCF_054849985.1-RS_2026_01_31	Complete Genome	2026-01-30	JBTWTP01	4	
ASM2149816v2	GCF_021498165.2	GCA_021498165.2	Escherichia coli	562		STO_Bone1B					GCF_021498165.2-RS_2026_02_06	Complete Genome	2022-01-18		3	
ASM307383v1	GCF_003073835.1	GCA_003073835.1	Escherichia coli	562		AR435					GCF_003073835.1-RS_2025_06_22	Complete Genome	2018-04-30		9	
ASM2458494v1	GCF_024584945.1	GCA_024584945.1	Escherichia coli	562		442/2					GCF_024584945.1-RS_2025_09_10	Complete Genome	2022-08-08		3	
ASM5539046v1	GCF_055390465.1	GCA_055390465.1	Escherichia coli	562		OkiPb01682					GCF_055390465.1-RS_2026_02_24	Complete Genome	2026-02-25		3	
ASM2255968v1	GCF_022559685.1	GCA_022559685.1	Escherichia coli	562		WCHEC005215					GCF_022559685.1-RS_2025_06_02	Complete Genome	2022-03-14		8	
ASM5404759v1	GCF_054047595.1	GCA_054047595.1	Escherichia coli	562		361					GCF_054047595.1-RS_2025_12_18	Complete Genome	2025-12-17	JBSWAJ01	4	
ASM5434365v1	GCF_054343655.1	GCA_054343655.1	Escherichia coli	562		DH5alpha					GCF_054343655.1-RS_2026_01_05	Complete Genome	2026-01-04	JBTGUG01	1	
ASM2249462v1	GCF_022494625.1	GCA_022494625.1	Escherichia coli	562		KFu024					GCF_022494625.1-RS_2025_05_30	Complete Genome	2022-03-07		4	
ASM3003687v1	GCF_030036875.1	GCA_030036875.1	Escherichia coli	562		AVS0456					GCF_030036875.1-RS_2025_06_15	Complete Genome	2023-05-12		2	
ASM4919772v2	GCF_049197725.1	GCA_049197725.2	Escherichia coli	562		ZH49					GCF_049197725.1-RS_2026_02_04	Complete Genome	2026-01-19	JBMIQB02	10	
ASM90049745v1	GCF_900497455.1	GCA_900497455.1	Escherichia coli	562					EC-7215		GCF_900497455.1-RS_2024_06_18	Complete Genome	2019-01-29		3	
ASM1774307v1	GCF_017743075.1	GCA_017743075.1	Escherichia coli	562		EC-JS426					GCF_017743075.1-RS_2025_07_05	Complete Genome	2021-04-04		3	
ASM1009240v1	GCF_010092405.1	GCA_010092405.1	Escherichia coli	562		GZEC065					GCF_010092405.1-RS_2025_07_02	Complete Genome	2020-02-01		4	
PRO_A-1422-6M-A_ESBL	GCF_054391595.1	GCA_054391595.1	Escherichia coli	562		PRO_A-1422-6M-A_ESBL					GCF_054391595.1-RS_2026_01_07	Complete Genome	2026-01-07	JBSTRA01	3	
ASM5288562v1	GCF_052885625.1	GCA_052885625.1	Escherichia coli	562		VTB96926v					GCF_052885625.1-RS_2025_09_28	Complete Genome	2025-09-30		4	
ASM2249329v1	GCF_022493295.1	GCA_022493295.1	Escherichia coli	562		A31					GCF_022493295.1-RS_2025_05_30	Complete Genome	2022-03-07		1	
ASM4919792v2	GCF_049197925.2	GCA_049197925.2	Escherichia coli	562		ZH48					GCF_049197925.2-RS_2026_01_23	Complete Genome	2026-01-22	JBMIQC02	7	
ASM218005v1	GCF_002180055.1	GCA_002180055.1	Escherichia coli	562		AR_0149					GCF_002180055.1-RS_2025_06_17	Complete Genome	2017-06-08		3	
ASM3649670v1	GCF_036496705.1	GCA_036496705.1	Escherichia coli	562		LR-46					GCF_036496705.1-RS_2025_04_27	Complete Genome	2023-11-03		6	
ASM296785v2	GCF_002967855.2	GCA_002967855.2	Escherichia coli	562		ESY003					GCF_002967855.2-RS_2025_02_26	Complete Genome	2021-11-16		2	
ASM175084v1	GCF_001750845.1	GCA_001750845.1	Escherichia coli	562		FORC_031					GCF_001750845.1-RS_2025_03_23	Complete Genome	2016-10-03		5	
ASM1888452v1	GCF_018884525.1	GCA_018884525.1	Escherichia coli	562		B2C					GCF_018884525.1-RS_2025_07_21	Complete Genome	2021-06-15		5	
ASM3038482v1	GCF_030384825.1	GCA_030384825.1	Escherichia coli	562		VG12A2					GCF_030384825.1-RS_2025_07_18	Complete Genome	2023-07-02		2	
ASM4132020v1	GCF_041320205.1	GCA_041320205.1	Escherichia coli	562		ET151					GCF_041320205.1-RS_2024_09_01	Complete Genome	2024-08-18		5	
ASM294493v1	GCF_002944935.1	GCA_002944935.1	Escherichia coli	562		FDAARGOS_144					GCF_002944935.1-RS_2025_06_22	Complete Genome	2018-02-20		4	
ASM4132006v1	GCF_041320065.1	GCA_041320065.1	Escherichia coli	562		ET625					GCF_041320065.1-RS_2024_09_01	Complete Genome	2024-08-18		3	
ASM3237508v1	GCF_032375085.1	GCA_032375085.1	Escherichia coli	562		TUM14668					GCF_032375085.1-RS_2024_12_30	Complete Genome	2023-10-05		3	
ASM1877154v1	GCF_018771545.1	GCA_018771545.1	Escherichia coli	562		Survcare045					GCF_018771545.1-RS_2025_07_13	Complete Genome	2021-06-08		10	
ASM1694257v1	GCF_016942575.1	GCA_016942575.1	Escherichia coli	562		EM22-18-53					GCF_016942575.1-RS_2025_07_04	Complete Genome	2021-02-25		8	
ASM1888456v1	GCF_018884565.1	GCA_018884565.1	Escherichia coli	562		WS0115A					GCF_018884565.1-RS_2025_07_22	Complete Genome	2021-06-15		2	
ASM991429v1	GCF_009914295.1	GCA_009914295.1	Escherichia coli	562		PE15					GCF_009914295.1-RS_2025_07_01	Complete Genome	2020-01-22		4	
ASM3839651v1	GCF_038396515.1	GCA_038396515.1	Escherichia coli	562		1002W03					GCF_038396515.1-RS_2025_05_01	Complete Genome	2024-04-22		5	
ASM3062570v1	GCF_030625705.1	GCA_030625705.1	Escherichia coli	562		FY26					GCF_030625705.1-RS_2025_08_18	Complete Genome	2023-08-03		2	
ASM385699v1	GCF_003856995.1	GCA_003856995.1	Escherichia coli	562		SA186					GCF_003856995.1-RS_2024_06_18	Complete Genome	2018-12-03		6	
ASM4399574v1	GCF_043995745.1	GCA_043995745.1	Escherichia coli	562		YZ22PE68					GCF_043995745.1-RS_2024_10_29	Complete Genome	2024-10-30		5	
ASM1943114v1	GCF_019431145.1	GCA_019431145.1	Escherichia coli	562		PC6					GCF_019431145.1-RS_2025_09_16	Complete Genome	2021-08-01		2	
ASM2249355v1	GCF_022493555.1	GCA_022493555.1	Escherichia coli	562		A17					GCF_022493555.1-RS_2025_05_01	Complete Genome	2022-03-07		1	
ASM967104v1	GCF_009671045.1	GCA_009671045.1	Escherichia coli	562		1916D18					GCF_009671045.1-RS_2025_06_30	Complete Genome	2019-11-19		3	
ASM1735207v1	GCF_017352075.1	GCA_017352075.1	Escherichia coli	562		EcPF20					GCF_017352075.1-RS_2025_07_06	Complete Genome	2021-03-14		3	
ASM4534871v1	GCF_045348715.1	GCA_045348715.1	Escherichia coli	562		STK78-E					GCF_045348715.1-RS_2024_11_27	Complete Genome	2024-11-27		5	
ASM2491773v1	GCF_024917735.1	GCA_024917735.1	Escherichia coli	562		4238					GCF_024917735.1-RS_2024_12_18	Complete Genome	2022-09-04		7	
ASM2458536v1	GCF_024585365.1	GCA_024585365.1	Escherichia coli	562		MB165					GCF_024585365.1-RS_2025_09_10	Complete Genome	2022-08-08		2	
ASM190037v1	GCF_001900375.1	GCA_001900375.1	Escherichia coli	562		D7					GCF_001900375.1-RS_2025_06_19	Complete Genome	2016-12-12		1	
ASM3809610v1	GCF_038096105.1	GCA_038096105.1	Escherichia coli	562		CUVET16-465					GCF_038096105.1-RS_2025_04_30	Complete Genome	2024-04-16		6	
ASM80116v1	GCF_000801165.1	GCA_000801165.1	Escherichia coli	562		RM9387					GCF_000801165.1-RS_2025_05_23	Complete Genome	2014-12-15		2	
ASM2794465v1	GCF_027944655.1	GCA_027944655.1	Escherichia coli	562		DETEC-S565					GCF_027944655.1-RS_2025_03_20	Complete Genome	2023-01-24		6	
MSB1_8G	GCF_904866225.1	GCA_904866225.1	Escherichia coli	562		MSB1_8G			MSB1_8G		GCF_904866225.1-RS_2025_07_11	Complete Genome	2020-11-01		3	
ASM5239948v1	GCF_052399485.1	GCA_052399485.1	Escherichia coli	562		ECOR29					GCF_052399485.1-RS_2025_09_04	Complete Genome	2025-09-05		2	
ASM3795340v1	GCF_037953405.1	GCA_037953405.1	Escherichia coli	562		SLDY13					GCF_037953405.1-RS_2025_04_28	Complete Genome	2024-04-06		6	
ASM2255900v1	GCF_022559005.1	GCA_022559005.1	Escherichia coli	562		WCHEC025157					GCF_022559005.1-RS_2025_06_02	Complete Genome	2022-03-14		5	
ASM2985455v1	GCF_029854555.1	GCA_029854555.1	Escherichia coli	562		E22					GCF_029854555.1-RS_2025_06_08	Complete Genome	2023-04-23		4	
ASM2255880v1	GCF_022558805.1	GCA_022558805.1	Escherichia coli	562		EC14					GCF_022558805.1-RS_2025_06_02	Complete Genome	2022-03-14		4	
ASM2821599v1	GCF_028215995.1	GCA_028215995.1	Escherichia coli	562		GTEN_24					GCF_028215995.1-RS_2025_03_21	Complete Genome	2023-01-30		9	
ASM5307832v1	GCF_053078325.1	GCA_053078325.1	Escherichia coli	562		FXCREC180					GCF_053078325.1-RS_2025_11_17	Complete Genome	2025-11-19		4	
ASM2088351v1	GCF_020883515.1	GCA_020883515.1	Escherichia coli	562		E2					GCF_020883515.1-RS_2025_03_08	Complete Genome	2021-11-18		2	
ASM4025033v1	GCF_040250335.1	GCA_040250335.1	Escherichia coli	562		EC0885					GCF_040250335.1-RS_2025_06_27	Complete Genome	2024-06-22		5	
ASM5191261v1	GCF_051912615.1	GCA_051912615.1	Escherichia coli	562		EC77					GCF_051912615.1-RS_2025_08_12	Complete Genome	2025-08-12		1	
ASM3051551v1	GCF_030515515.1	GCA_030515515.1	Escherichia coli	562		MS20649					GCF_030515515.1-RS_2025_08_03	Complete Genome	2023-07-21		4	
ASM1460587v1	GCF_014605875.1	GCA_014605875.1	Escherichia coli	562		EC93					GCF_014605875.1-RS_2025_07_04	Complete Genome	2020-09-16		2	
ASM5569728v1	GCF_055697285.1	GCA_055697285.1	Escherichia coli	562		N2456					GCF_055697285.1-RS_2026_03_07	Complete Genome	2026-03-08		6	
ASM3687098v1	GCF_036870985.1	GCA_036870985.1	Escherichia coli	562		L1PEag1					GCF_036870985.1-RS_2025_04_27	Complete Genome	2024-04-05		2	
ASM1433852v1	GCF_014338525.1	GCA_014338525.1	Escherichia coli	562		ST18					GCF_014338525.1-RS_2025_07_04	Complete Genome	2020-08-31		1	
ASM392589v1	GCF_003925895.1	GCA_003925895.1	Escherichia coli	562		M217					GCF_003925895.1-RS_2025_04_07	Complete Genome	2018-10-31		3	
ASM1690353v1	GCF_016903535.1	GCA_016903535.1	Escherichia coli	562		FDAARGOS_1373					GCF_016903535.1-RS_2025_07_06	Complete Genome	2021-02-17		1	
ASM5288561v1	GCF_052885615.1	GCA_052885615.1	Escherichia coli	562		VTB96816v					GCF_052885615.1-RS_2025_09_28	Complete Genome	2025-09-30		2	
ASM4054450v1	GCF_040544505.1	GCA_040544505.1	Escherichia coli	562		Z135-2					GCF_040544505.1-RS_2024_07_09	Complete Genome	2024-07-09		1	
ASM4054351v1	GCF_040543515.1	GCA_040543515.1	Escherichia coli	562		Z135-6					GCF_040543515.1-RS_2024_07_09	Complete Genome	2024-07-09		1	
ASM5417146v1	GCF_054171465.1	GCA_054171465.1	Escherichia coli	562		K99S					GCF_054171465.1-RS_2025_12_25	Complete Genome	2025-12-24	JBSQGI01	3	
ASM4055242v1	GCF_040552425.1	GCA_040552425.1	Escherichia coli	562		Z135-7					GCF_040552425.1-RS_2024_07_09	Complete Genome	2024-07-09		2	
ASM4054357v1	GCF_040543575.1	GCA_040543575.1	Escherichia coli	562		Z135-3					GCF_040543575.1-RS_2024_07_08	Complete Genome	2024-07-09		1	
ASM4054595v1	GCF_040545955.1	GCA_040545955.1	Escherichia coli	562		Z135-1					GCF_040545955.1-RS_2024_07_09	Complete Genome	2024-07-09		1	
ASM4080352v1	GCF_040803525.1	GCA_040803525.1	Escherichia coli	562		Z135-5					GCF_040803525.1-RS_2024_07_23	Complete Genome	2024-07-24		2	
MSB1_1A	GCF_904863385.1	GCA_904863385.1	Escherichia coli	562		MSB1_1A			MSB1_1A		GCF_904863385.1-RS_2025_07_13	Complete Genome	2020-11-01		3	
ASM1337429v2	GCF_013374295.2	GCA_013374295.2	Escherichia coli	562		YJ4					GCF_013374295.2-RS_2025_07_05	Complete Genome	2021-03-03		5	
ASM1337427v1	GCF_013374275.1	GCA_013374275.1	Escherichia coli	562		YJ3					GCF_013374275.1-RS_2025_07_05	Complete Genome	2020-06-17		4	
ASM4503758v1	GCF_045037585.1	GCA_045037585.1	Escherichia coli	562		98215					GCF_045037585.1-RS_2024_11_20	Complete Genome	2024-11-23		4	
ASM5369935v1	GCF_053699355.1	GCA_053699355.1	Escherichia coli	562		19AR0656					GCF_053699355.1-RS_2025_11_26	Complete Genome	2025-11-25	JBRAWI01	4	
ASM4534874v1	GCF_045348745.1	GCA_045348745.1	Escherichia coli	562		STS63-1-E					GCF_045348745.1-RS_2024_11_27	Complete Genome	2024-11-27		6	
ASM4131684v1	GCF_041316845.1	GCA_041316845.1	Escherichia coli	562		ET846					GCF_041316845.1-RS_2024_09_01	Complete Genome	2024-08-17		6	
ASM5316111v1	GCF_053161115.1	GCA_053161115.1	Escherichia coli	562		CPEC80					GCF_053161115.1-RS_2025_11_18	Complete Genome	2025-10-21	JBRSFY01	4	
ASM3372599v2	GCF_033725995.1	GCA_033725995.2	Escherichia coli	562		2023CK-01341					GCF_033725995.1-RS_2024_12_02	Complete Genome	2024-11-02		6	
ASM1312256v1	GCF_013122565.1	GCA_013122565.1	Escherichia coli	562		GF4-3					GCF_013122565.1-RS_2025_07_03	Complete Genome	2020-05-17		1	
ASM190112v1	GCF_001901125.1	GCA_001901125.1	Escherichia coli	562		M10					GCF_001901125.1-RS_2025_02_21	Complete Genome	2016-12-12		6	
ASM3038474v1	GCF_030384745.1	GCA_030384745.1	Escherichia coli	562		VG888-46E9					GCF_030384745.1-RS_2025_07_19	Complete Genome	2023-07-02		3	
ASM341027v1	GCF_003410275.1	GCA_003410275.1	Escherichia coli	562		N3					GCF_003410275.1-RS_2025_06_24	Complete Genome	2018-08-21		2	
ASM190065v1	GCF_001900655.1	GCA_001900655.1	Escherichia coli	562		D4					GCF_001900655.1-RS_2025_06_16	Complete Genome	2016-12-12		2	
ASM1694471v1	GCF_016944715.1	GCA_016944715.1	Escherichia coli	562		EH09-18-41					GCF_016944715.1-RS_2025_07_05	Complete Genome	2021-02-25		8	
ASM1763902v1	GCF_017639025.1	GCA_017639025.1	Escherichia coli	562		OW1E2					GCF_017639025.1-RS_2025_07_06	Complete Genome	2021-03-30		5	
ASM3649710v1	GCF_036497105.1	GCA_036497105.1	Escherichia coli	562		LR-51					GCF_036497105.1-RS_2025_04_27	Complete Genome	2023-11-03		3	
ASM1896864v1	GCF_018968645.1	GCA_018968645.1	Escherichia coli	562		NC19					GCF_018968645.1-RS_2025_07_24	Complete Genome	2021-06-21		2	
ASM5316963v1	GCF_053169635.1	GCA_053169635.1	Escherichia coli	562		CUVET19-1969					GCF_053169635.1-RS_2025_11_18	Complete Genome	2025-11-19		6	
ASM5590047v1	GCF_055900475.1	GCA_055900475.1	Escherichia coli	562		28A18CPO003A					GCF_055900475.1-RS_2026_03_15	Complete Genome	2026-03-15	JBVWER01	5	
ASM2558334v2	GCF_025583345.2	GCA_025583345.2	Escherichia coli	562		YZMc3-1					GCF_025583345.2-RS_2025_06_26	Complete Genome	2023-06-01		3	
ASM3843027v1	GCF_038430275.1	GCA_038430275.1	Escherichia coli	562		2016C04-116					GCF_038430275.1-RS_2025_05_01	Complete Genome	2024-04-24		6	
ASM515626v1	GCF_005156265.1	GCA_005156265.1	Escherichia coli	562		EC-129					GCF_005156265.1-RS_2025_06_27	Complete Genome	2019-05-06		7	
ASM1036550v1	GCF_010365505.1	GCA_010365505.1	Escherichia coli	562		163					GCF_010365505.1-RS_2025_07_02	Complete Genome	2020-02-09		5	
ASM3001349v1	GCF_030013495.1	GCA_030013495.1	Escherichia coli	562		ETEC1746					GCF_030013495.1-RS_2025_06_14	Complete Genome	2023-05-15		6	
ASM3671817v2	GCF_036718175.1	GCA_036718175.2	Escherichia coli	562		2024CK-00188					GCF_036718175.1-RS_2024_12_02	Complete Genome	2024-11-02		4	
ASM4816024v1	GCF_048160245.1	GCA_048160245.1	Escherichia coli	562		EC100					GCF_048160245.1-RS_2025_02_28	Complete Genome	2025-03-01		8	
Escherichia_coli_Cn5_v1.0	GCF_049200455.1	GCA_049200455.1	Escherichia coli	562		Cn5					GCF_049200455.1-RS_2025_04_02	Complete Genome	2025-04-03		2	
Escherichia_coli_IrN_v1.0	GCF_049852205.1	GCA_049852205.1	Escherichia coli	562		IrN					GCF_049852205.1-RS_2025_04_23	Complete Genome	2025-05-13		2	
ASM5288509v1	GCF_052885095.1	GCA_052885095.1	Escherichia coli	562		VTB96777v					GCF_052885095.1-RS_2025_09_28	Complete Genome	2025-09-30		8	
ASM395638v1	GCF_003956385.1	GCA_003956385.1	Escherichia coli	562		600468					GCF_003956385.1-RS_2025_06_25	Complete Genome	2018-12-19		2	
ASM2249359v1	GCF_022493595.1	GCA_022493595.1	Escherichia coli	562		A15					GCF_022493595.1-RS_2025_05_30	Complete Genome	2022-03-07		1	
ASM190077v1	GCF_001900775.1	GCA_001900775.1	Escherichia coli	562		H1					GCF_001900775.1-RS_2025_06_17	Complete Genome	2016-12-12		3	
ASM328841v1	GCF_003288415.1	GCA_003288415.1	Escherichia coli	562		AR_452					GCF_003288415.1-RS_2025_06_23	Complete Genome	2018-07-05		4	
ASM5490285v1	GCF_054902855.1	GCA_054902855.1	Escherichia coli	562		GPEC1186					GCF_054902855.1-RS_2026_02_04	Complete Genome	2026-02-04	JBUBIW01	3	
EC0880B_R3	GCF_949786295.1	GCA_949786295.1	Escherichia coli	562		EC0880B			EC0880B_R3		GCF_949786295.1-RS_2025_01_28	Complete Genome	2023-04-11		4	
ASM5290676v1	GCF_052906765.1	GCA_052906765.1	Escherichia coli	562		2824					GCF_052906765.1-RS_2025_11_17	Complete Genome	2025-09-28	JBREGG01	1	
ASM190067v1	GCF_001900675.1	GCA_001900675.1	Escherichia coli	562		D5					GCF_001900675.1-RS_2025_06_17	Complete Genome	2016-12-12		3	
ASM2449911v1	GCF_024499115.1	GCA_024499115.1	Escherichia coli	562		CP52E					GCF_024499115.1-RS_2025_08_27	Complete Genome	2022-08-01		6	
ASM281155v3	GCF_002811555.3	GCA_002811555.3	Escherichia coli	562		WCHEC025943					GCF_002811555.3-RS_2025_06_24	Complete Genome	2018-09-26		7	
EC0880B_R2	GCF_949786365.1	GCA_949786365.1	Escherichia coli	562		EC0880B			EC0880B_R2		GCF_949786365.1-RS_2025_01_28	Complete Genome	2023-04-11		3	
ASM1898834v1	GCF_018988345.1	GCA_018988345.1	Escherichia coli	562		XJW9B263					GCF_018988345.1-RS_2025_05_28	Complete Genome	2021-06-23		3	
ASM2820165v1	GCF_028201655.1	GCA_028201655.1	Escherichia coli	562		HH45					GCF_028201655.1-RS_2025_03_20	Complete Genome	2023-01-29		2	
ASM2249301v1	GCF_022493015.1	GCA_022493015.1	Escherichia coli	562		H2					GCF_022493015.1-RS_2025_05_30	Complete Genome	2022-03-07		1	
ASM976171v1	GCF_009761715.1	GCA_009761715.1	Escherichia coli	562		PT109					GCF_009761715.1-RS_2025_06_30	Complete Genome	2019-12-17		3	
ASM395634v1	GCF_003956345.1	GCA_003956345.1	Escherichia coli	562		720632					GCF_003956345.1-RS_2025_06_26	Complete Genome	2018-12-19		5	
ASM4399515v1	GCF_043995155.1	GCA_043995155.1	Escherichia coli	562		YZ22PE106					GCF_043995155.1-RS_2024_10_29	Complete Genome	2024-10-30		5	
ASM4131664v1	GCF_041316645.1	GCA_041316645.1	Escherichia coli	562		ET896					GCF_041316645.1-RS_2024_09_01	Complete Genome	2024-08-17		7	
ASM4858554v1	GCF_048585545.1	GCA_048585545.1	Escherichia coli	562		1380					GCF_048585545.1-RS_2025_03_17	Complete Genome	2025-03-17		3	
ASM4043670v1	GCF_040436705.1	GCA_040436705.1	Escherichia coli	562		10034940-2					GCF_040436705.1-RS_2024_07_01	Complete Genome	2024-07-02		3	
ASM5590151v1	GCF_055901515.1	GCA_055901515.1	Escherichia coli	562		29A20CPO013					GCF_055901515.1-RS_2026_03_15	Complete Genome	2026-03-15	JBVWEM01	4	
ASM1320119v1	GCF_013201195.1	GCA_013201195.1	Escherichia coli	562		CP66-6_Sichuan					GCF_013201195.1-RS_2025_07_04	Complete Genome	2020-05-31		5	
ASM3781977v1	GCF_037819775.1	GCA_037819775.1	Escherichia coli	562		JS01					GCF_037819775.1-RS_2025_04_28	Complete Genome	2024-04-05		4	
PRO_A-2567-6M-A_ESBL	GCF_054388835.1	GCA_054388835.1	Escherichia coli	562		PRO_A-2567-6M-A_ESBL					GCF_054388835.1-RS_2026_01_07	Complete Genome	2026-01-07	JBSTQI01	3	
ASM303002v1	GCF_003030025.1	GCA_003030025.1	Escherichia coli	562		CFSAN064036					GCF_003030025.1-RS_2025_06_22	Complete Genome	2018-04-02		3	
ASM2954212v1	GCF_029542125.1	GCA_029542125.1	Escherichia coli	562		ws5-3					GCF_029542125.1-RS_2025_06_02	Complete Genome	2023-04-03		3	
AI2703v1_cp	GCF_905231995.2	GCA_905231995.2	Escherichia coli	562					162		GCF_905231995.2-RS_2025_03_26	Complete Genome	2022-05-22		5	
ASM5539517v1	GCF_055395175.1	GCA_055395175.1	Escherichia coli	562		TK3888					GCF_055395175.1-RS_2026_02_24	Complete Genome	2026-02-25		4	
ASM3839649v1	GCF_038396495.1	GCA_038396495.1	Escherichia coli	562		JKHS006					GCF_038396495.1-RS_2025_05_01	Complete Genome	2024-04-22		5	
ASM5489022v1	GCF_054890225.1	GCA_054890225.1	Escherichia coli	562		UID2309220033					GCF_054890225.1-RS_2026_02_04	Complete Genome	2026-02-02	JBTZOT01	3	
ASM1416959v1	GCF_014169595.1	GCA_014169595.1	Escherichia coli	562		WP8-S17-ESBL-05					GCF_014169595.1-RS_2025_07_04	Complete Genome	2020-07-21		6	
ASM3649554v1	GCF_036495545.1	GCA_036495545.1	Escherichia coli	562		LR-28					GCF_036495545.1-RS_2025_04_27	Complete Genome	2023-11-03		3	
ASM3433118v2	GCF_034331185.1	GCA_034331185.2	Escherichia coli	562		2023CK-01509					GCF_034331185.1-RS_2025_05_01	Complete Genome	2024-01-14		6	
ASM5154614v1	GCF_051546145.1	GCA_051546145.1	Escherichia coli	562		A37					GCF_051546145.1-RS_2025_07_28	Complete Genome	2025-07-29		7	
ASM5490283v1	GCF_054902835.1	GCA_054902835.1	Escherichia coli	562		GPEC1189					GCF_054902835.1-RS_2026_02_04	Complete Genome	2026-02-04	JBUBIX01	2	
ASM5310295v1	GCF_053102955.1	GCA_053102955.1	Escherichia coli	562		PM06121					GCF_053102955.1-RS_2025_11_18	Complete Genome	2025-10-16	JBRNHR01	2	
ASM4832014v1	GCF_048320145.1	GCA_048320145.1	Escherichia coli	562		FAHZZU6014					GCF_048320145.1-RS_2025_03_05	Complete Genome	2025-03-06		7	
WI2	GCF_900174635.1	GCA_900174635.1	Escherichia coli	562					WI2 isolate		GCF_900174635.1-RS_2025_06_22	Complete Genome	2017-04-20		5	
ASM5310300v1	GCF_053103005.1	GCA_053103005.1	Escherichia coli	562		PCP06235					GCF_053103005.1-RS_2025_11_18	Complete Genome	2025-10-16	JBRNHV01	1	
ASM5447798v1	GCF_054477985.1	GCA_054477985.1	Escherichia coli	562		UPEC85					GCF_054477985.1-RS_2026_01_13	Complete Genome	2026-01-12	JBQGLF01	5	
ASM305198v2	GCF_003051985.2	GCA_003051985.2	Escherichia coli	562		WCHEC005784					GCF_003051985.2-RS_2025_06_24	Complete Genome	2018-07-02		4	
ASM936303v1	GCF_009363035.1	GCA_009363035.1	Escherichia coli	562		LAU-OXA					GCF_009363035.1-RS_2025_06_30	Complete Genome	2019-10-27		10	
ASM1072493v1	GCF_010724935.1	GCA_010724935.1	Escherichia coli	562		E138					GCF_010724935.1-RS_2025_07_03	Complete Genome	2020-02-01		1	
ASM2365791v1	GCF_023657915.1	GCA_023657915.1	Escherichia coli	562		Z0117EC0148					GCF_023657915.1-RS_2025_07_03	Complete Genome	2022-06-07		5	
ASM2600106v1	GCF_026001065.1	GCA_026001065.1	Escherichia coli	562		IPCEC31					GCF_026001065.1-RS_2025_02_01	Complete Genome	2022-09-14		5	
ASM990513v1	GCF_009905135.1	GCA_009905135.1	Escherichia coli	562		94EC					GCF_009905135.1-RS_2025_07_02	Complete Genome	2020-01-19		7	
ASM5152185v1	GCF_051521855.1	GCA_051521855.1	Escherichia coli	562		C6					GCF_051521855.1-RS_2025_07_25	Complete Genome	2025-07-29		4	
ASM5316904v1	GCF_053169045.1	GCA_053169045.1	Escherichia coli	562		CUVET18-1530					GCF_053169045.1-RS_2025_11_18	Complete Genome	2025-11-19		3	
ASM5488849v1	GCF_054888495.1	GCA_054888495.1	Escherichia coli	562		UID2404240040					GCF_054888495.1-RS_2026_02_04	Complete Genome	2026-02-02	JBTZOY01	8	
ASM249436v2	GCF_002494365.2	GCA_002494365.2	Escherichia coli	562		KL53					GCF_002494365.2-RS_2025_06_22	Complete Genome	2018-07-20		4	
ASM3041384v1	GCF_030413845.1	GCA_030413845.1	Escherichia coli	562		1344_LBHALD					GCF_030413845.1-RS_2025_07_21	Complete Genome	2023-07-10		5	
ASM218013v1	GCF_002180135.1	GCA_002180135.1	Escherichia coli	562		AR_0162					GCF_002180135.1-RS_2025_06_20	Complete Genome	2017-06-08		5	
ASM5310325v1	GCF_053103255.1	GCA_053103255.1	Escherichia coli	562		MB06234					GCF_053103255.1-RS_2025_11_18	Complete Genome	2025-10-16	JBRNIG01	1	
ASM3016201v2	GCF_030162015.2	GCA_030162015.2	Escherichia coli	562		VE-F5					GCF_030162015.2-RS_2025_07_10	Complete Genome	2023-04-14		4	
WI1-reUpload	GCF_900174625.1	GCA_900174625.1	Escherichia coli	562					WI1 isolate		GCF_900174625.1-RS_2025_06_09	Complete Genome	2017-04-20		4	
ASM190049v1	GCF_001900495.1	GCA_001900495.1	Escherichia coli	562		C2					GCF_001900495.1-RS_2025_06_19	Complete Genome	2016-12-12		2	
PRO_A-1478-6M-A_ESBL	GCF_054389015.1	GCA_054389015.1	Escherichia coli	562		PRO_A-1478-6M-A_ESBL					GCF_054389015.1-RS_2026_01_07	Complete Genome	2026-01-07	JBSTQQ01	2	
38389_A01	GCF_900636005.1	GCA_900636005.1	Escherichia coli	562		NCTC11476					GCF_900636005.1-RS_2025_06_27	Complete Genome	2018-12-20		1	
ASM5537981v1	GCF_055379815.1	GCA_055379815.1	Escherichia coli	562		AST198					GCF_055379815.1-RS_2026_02_24	Complete Genome	2026-02-25		6	
F467	GCF_963575455.1	GCA_963575455.1	Escherichia coli	562					F467		GCF_963575455.1-RS_2025_01_15	Complete Genome	2023-10-28		6	
ASM440520v2	GCF_004405205.2	GCA_004405205.2	Escherichia coli	562		GZ04-0086					GCF_004405205.2-RS_2025_06_29	Complete Genome	2019-08-19		5	
ASM2086824v1	GCF_020868245.1	GCA_020868245.1	Escherichia coli	562		1585m1					GCF_020868245.1-RS_2025_02_26	Complete Genome	2021-11-15		6	
ASM2284623v1	GCF_022846235.1	GCA_022846235.1	Escherichia coli	562		Rb-23					GCF_022846235.1-RS_2025_06_08	Complete Genome	2022-03-25		5	
A134_1EC	GCF_048163865.1	GCA_048163865.1	Escherichia coli	562		A134_1EC					GCF_048163865.1-RS_2025_02_28	Complete Genome	2025-03-01		6	
ASM1584307v1	GCF_015843075.1	GCA_015843075.1	Escherichia coli	562		W60					GCF_015843075.1-RS_2025_07_04	Complete Genome	2020-12-08		3	
ASM2429872v1	GCF_024298725.1	GCA_024298725.1	Escherichia coli	562		EC21Z-048					GCF_024298725.1-RS_2025_08_06	Complete Genome	2022-07-18		5	
ASM2458484v1	GCF_024584845.1	GCA_024584845.1	Escherichia coli	562		WY517-2					GCF_024584845.1-RS_2025_09_10	Complete Genome	2022-08-08		3	
ASM296788v2	GCF_002967885.2	GCA_002967885.2	Escherichia coli	562		EBJ001					GCF_002967885.2-RS_2025_02_26	Complete Genome	2021-11-16		2	
ASM2607417v1	GCF_026074175.1	GCA_026074175.1	Escherichia coli	562		MY504					GCF_026074175.1-RS_2025_02_04	Complete Genome	2022-10-15		5	
ASM3752758v1	GCF_037527585.1	GCA_037527585.1	Escherichia coli	562		Z1323PEC0012					GCF_037527585.1-RS_2025_04_27	Complete Genome	2024-04-05		2	
ASM59962v1	GCF_000599625.1	GCA_000599625.1	Escherichia coli	562		ST540					GCF_000599625.1-RS_2025_06_09	Complete Genome	2014-03-19		1	
ASM2567766v1	GCF_025677665.1	GCA_025677665.1	Escherichia coli	562		MFDS1001074					GCF_025677665.1-RS_2025_01_16	Complete Genome	2022-10-13		2	
PRO_A-1429-6M-A_ESBL	GCF_054389115.1	GCA_054389115.1	Escherichia coli	562		PRO_A-1429-6M-A_ESBL					GCF_054389115.1-RS_2026_01_07	Complete Genome	2026-01-07	JBSTQY01	4	
ASM4132012v1	GCF_041320125.1	GCA_041320125.1	Escherichia coli	562		ET358					GCF_041320125.1-RS_2024_09_01	Complete Genome	2024-08-18		4	
ASM2794487v1	GCF_027944875.1	GCA_027944875.1	Escherichia coli	562		DETEC-P351					GCF_027944875.1-RS_2025_03_20	Complete Genome	2023-01-24		7	
2016-02-324	GCF_904711305.1	GCA_904711305.1	Escherichia coli	562				Quinolone resistant	2016-02-324		GCF_904711305.1-RS_2025_07_04	Complete Genome	2020-09-28		2	
ASM5051636v1	GCF_050516365.1	GCA_050516365.1	Escherichia coli	562		A3019					GCF_050516365.1-RS_2025_05_23	Complete Genome	2025-05-23		7	
ASM3752946v1	GCF_037529465.1	GCA_037529465.1	Escherichia coli	562		Z1323PEC0010					GCF_037529465.1-RS_2025_04_28	Complete Genome	2024-04-05		4	
ASM2249460v1	GCF_022494605.1	GCA_022494605.1	Escherichia coli	562		KMi025					GCF_022494605.1-RS_2025_05_30	Complete Genome	2022-03-07		6	
ASM1972079v1	GCF_019720795.1	GCA_019720795.1	Escherichia coli	562		Ec1079					GCF_019720795.1-RS_2024_12_23	Complete Genome	2021-08-23		5	
ASM190045v1	GCF_001900455.1	GCA_001900455.1	Escherichia coli	562		H7					GCF_001900455.1-RS_2025_06_19	Complete Genome	2016-12-12		1	
ASM4625010v1	GCF_046250105.1	GCA_046250105.1	Escherichia coli	562		N921					GCF_046250105.1-RS_2024_12_24	Complete Genome	2024-12-24		7	
ASM2862308v1	GCF_028623085.1	GCA_028623085.1	Escherichia coli	562		B1W1					GCF_028623085.1-RS_2025_04_25	Complete Genome	2023-02-15		3	
ASM2255866v1	GCF_022558665.1	GCA_022558665.1	Escherichia coli	562		EC27					GCF_022558665.1-RS_2025_06_02	Complete Genome	2022-03-14		7	
ASM4528828v1	GCF_045288285.1	GCA_045288285.1	Escherichia coli	562		GZ04-0083					GCF_045288285.1-RS_2024_11_26	Complete Genome	2024-11-26		4	
ASM5568790v1	GCF_055687905.1	GCA_055687905.1	Escherichia coli	562		YZ_2_2_complete					GCF_055687905.1-RS_2026_03_05	Complete Genome	2026-03-04	JBVNBM01	9	
ASM5152196v1	GCF_051521965.1	GCA_051521965.1	Escherichia coli	562		J6					GCF_051521965.1-RS_2025_07_25	Complete Genome	2025-07-29		3	
ASM1293451v1	GCF_012934515.1	GCA_012934515.1	Escherichia coli	562		SCU-111					GCF_012934515.1-RS_2025_07_03	Complete Genome	2020-04-30		6	
ASM4529028v1	GCF_045290285.1	GCA_045290285.1	Escherichia coli	562		B20159					GCF_045290285.1-RS_2024_11_26	Complete Genome	2024-11-26		6	
ASM3070837v1	GCF_030708375.1	GCA_030708375.1	Escherichia coli	562		DJH_137urine					GCF_030708375.1-RS_2025_08_22	Complete Genome	2023-08-10		4	
ASM1694477v1	GCF_016944775.1	GCA_016944775.1	Escherichia coli	562		EH01-18-02					GCF_016944775.1-RS_2025_07_06	Complete Genome	2021-02-25		7	
ASM1689000v1	GCF_016890005.1	GCA_016890005.1	Escherichia coli	562		FDAARGOS_1250					GCF_016890005.1-RS_2025_07_04	Complete Genome	2021-02-15		11	
ASM3246374v1	GCF_032463745.1	GCA_032463745.1	Escherichia coli	562		GDSC2BY4G					GCF_032463745.1-RS_2024_12_31	Complete Genome	2023-10-08		3	
PRO_A-1420-6M-A_ESBL	GCF_054389155.1	GCA_054389155.1	Escherichia coli	562		PRO_A-1420-6M-A_ESBL					GCF_054389155.1-RS_2026_01_07	Complete Genome	2026-01-07	JBSTRB01	4	
ASM492427v1	GCF_004924275.1	GCA_004924275.1	Escherichia coli	562		LHM10-1					GCF_004924275.1-RS_2025_06_26	Complete Genome	2019-04-30		7	
ASM1841597v1	GCF_018415975.1	GCA_018415975.1	Escherichia coli	562		TCM_B_2					GCF_018415975.1-RS_2025_06_21	Complete Genome	2021-05-20		6	
ASM4840589v1	GCF_048405895.1	GCA_048405895.1	Escherichia coli	562		613					GCF_048405895.1-RS_2025_03_06	Complete Genome	2025-03-07		6	
ASM3070839v1	GCF_030708395.1	GCA_030708395.1	Escherichia coli	562		DJH_183sputum					GCF_030708395.1-RS_2025_08_21	Complete Genome	2023-08-10		3	
ASM190047v1	GCF_001900475.1	GCA_001900475.1	Escherichia coli	562		H10					GCF_001900475.1-RS_2025_06_19	Complete Genome	2016-12-12		1	
ASM5568800v1	GCF_055688005.1	GCA_055688005.1	Escherichia coli	562		XPFI_3_2_complete					GCF_055688005.1-RS_2026_03_05	Complete Genome	2026-03-05	JBVNBR01	3	
ASM2249337v1	GCF_022493375.1	GCA_022493375.1	Escherichia coli	562		A27					GCF_022493375.1-RS_2025_05_03	Complete Genome	2022-03-07		1	
ASM4132007v1	GCF_041320075.1	GCA_041320075.1	Escherichia coli	562		ET565					GCF_041320075.1-RS_2024_09_01	Complete Genome	2024-08-18		3	
ASM2794491v1	GCF_027944915.1	GCA_027944915.1	Escherichia coli	562		DETEC-P1056					GCF_027944915.1-RS_2025_03_20	Complete Genome	2023-01-24		7	
ASM2874355v1	GCF_028743555.1	GCA_028743555.1	Escherichia coli	562		B-1109					GCF_028743555.1-RS_2025_04_26	Complete Genome	2023-02-20		2	
ASM2042404v1	GCF_020424045.1	GCA_020424045.1	Escherichia coli	562		Z30					GCF_020424045.1-RS_2025_01_30	Complete Genome	2021-10-12		3	
ASM190108v1	GCF_001901085.1	GCA_001901085.1	Escherichia coli	562		M8					GCF_001901085.1-RS_2025_06_19	Complete Genome	2016-12-12		5	
ASM5490229v1	GCF_054902295.1	GCA_054902295.1	Escherichia coli	562		GPEC79-13-647					GCF_054902295.1-RS_2026_02_04	Complete Genome	2026-02-03	JBUBJX01	6	
ASM3754684v1	GCF_037546845.1	GCA_037546845.1	Escherichia coli	562		Z1323HEC0300					GCF_037546845.1-RS_2025_04_27	Complete Genome	2024-04-05		5	
ASM2255906v1	GCF_022559065.1	GCA_022559065.1	Escherichia coli	562		WCHEC115106					GCF_022559065.1-RS_2025_06_02	Complete Genome	2022-03-14		8	
ASM1763904v1	GCF_017639045.1	GCA_017639045.1	Escherichia coli	562		ESBL_DR28					GCF_017639045.1-RS_2025_07_05	Complete Genome	2021-03-30		5	
ASM986692v3	GCF_009866925.2	GCA_009866925.3	Escherichia coli	562		CFS3246					GCF_009866925.2-RS_2025_07_03	Complete Genome	2020-06-08		4	
ASM4475893v1	GCF_044758935.1	GCA_044758935.1	Escherichia coli	562		35					GCF_044758935.1-RS_2024_12_29	Complete Genome	2024-11-19		4	
ASM4432493v1	GCF_044324935.1	GCA_044324935.1	Escherichia coli	562		GF130					GCF_044324935.1-RS_2024_11_04	Complete Genome	2024-11-04		5	
ASM3051559v1	GCF_030515595.1	GCA_030515595.1	Escherichia coli	562		MS15047					GCF_030515595.1-RS_2025_08_02	Complete Genome	2023-07-21		3	
ASM5411290v1	GCF_054112905.1	GCA_054112905.1	Escherichia coli	562		204					GCF_054112905.1-RS_2025_12_22	Complete Genome	2025-12-21	JBSYUI01	3	
ASM3809612v1	GCF_038096125.1	GCA_038096125.1	Escherichia coli	562		CUVET16-321					GCF_038096125.1-RS_2025_04_30	Complete Genome	2024-04-16		3	
ASM2082755v1	GCF_020827555.1	GCA_020827555.1	Escherichia coli	562		elppa10					GCF_020827555.1-RS_2025_02_25	Complete Genome	2021-11-10		3	
ASM296795v2	GCF_002967955.2	GCA_002967955.2	Escherichia coli	562		EJN001					GCF_002967955.2-RS_2025_02_26	Complete Genome	2021-11-16		2	
ASM2144198v1	GCF_021441985.1	GCA_021441985.1	Escherichia coli	562		B379					GCF_021441985.1-RS_2025_02_07	Complete Genome	2022-01-12		6	
ASM5404771v1	GCF_054047715.1	GCA_054047715.1	Escherichia coli	562		361					GCF_054047715.1-RS_2025_12_18	Complete Genome	2025-12-17	JBSWBB01	4	
ASM1407533v1	GCF_014075335.1	GCA_014075335.1	Escherichia coli	562		90-1					GCF_014075335.1-RS_2025_07_03	Complete Genome	2020-08-05		5	
ASM2255928v1	GCF_022559285.1	GCA_022559285.1	Escherichia coli	562		EC5					GCF_022559285.1-RS_2025_06_02	Complete Genome	2022-03-14		5	
EC0880B_R4	GCF_949786275.1	GCA_949786275.1	Escherichia coli	562		EC0880B			EC0880B_R4		GCF_949786275.1-RS_2025_01_28	Complete Genome	2023-04-11		3	
ASM2201469v1	GCF_022014695.1	GCA_022014695.1	Escherichia coli	562		SWYH.B349aT					GCF_022014695.1-RS_2025_02_19	Complete Genome	2022-02-06		4	
ASM5310279v1	GCF_053102795.1	GCA_053102795.1	Escherichia coli	562		SW07096					GCF_053102795.1-RS_2025_11_18	Complete Genome	2025-10-16	JBRNHJ01	1	
ASM287016v1	GCF_002870165.1	GCA_002870165.1	Escherichia coli	562		SCEC020007					GCF_002870165.1-RS_2025_06_21	Complete Genome	2018-01-10		3	
ASM3839631v1	GCF_038396315.1	GCA_038396315.1	Escherichia coli	562		KOr024					GCF_038396315.1-RS_2025_05_01	Complete Genome	2024-04-22		6	
ASM2255902v1	GCF_022559025.1	GCA_022559025.1	Escherichia coli	562		WCHEC025985					GCF_022559025.1-RS_2025_06_02	Complete Genome	2022-03-14		11	
ASM3038923v1	GCF_030389235.1	GCA_030389235.1	Escherichia coli	562		TUM14697					GCF_030389235.1-RS_2025_07_19	Complete Genome	2023-07-03		4	
ASM2985437v1	GCF_029854375.1	GCA_029854375.1	Escherichia coli	562		NWU_4					GCF_029854375.1-RS_2025_06_09	Complete Genome	2023-04-23		1	
ASM3754376v1	GCF_037543765.1	GCA_037543765.1	Escherichia coli	562		Z1323HEC0475					GCF_037543765.1-RS_2025_04_27	Complete Genome	2024-04-05		5	
ASM2068318v1	GCF_020683185.1	GCA_020683185.1	Escherichia coli	562		fEC.1					GCF_020683185.1-RS_2025_02_04	Complete Genome	2021-10-31		1	
ASM1337174v1	GCF_013371745.1	GCA_013371745.1	Escherichia coli	562		AH62					GCF_013371745.1-RS_2025_07_03	Complete Genome	2020-06-24		4	
W170	GCF_041004175.1	GCA_041004175.1	Escherichia coli	562		W170					GCF_041004175.1-RS_2024_08_02	Complete Genome	2024-08-03		4	
ASM4660534v1	GCF_046605345.1	GCA_046605345.1	Escherichia coli	562		XJ23PTE1					GCF_046605345.1-RS_2025_01_14	Complete Genome	2025-01-14		6	
ASM3558192v1	GCF_035581925.1	GCA_035581925.1	Escherichia coli	562		ECO-104					GCF_035581925.1-RS_2025_02_26	Complete Genome	2024-01-11		5	
ASM2757023v2	GCF_027570235.2	GCA_027570235.2	Escherichia coli	562		C-SRM-3					GCF_027570235.2-RS_2025_06_16	Complete Genome	2023-05-22		6	
ASM2985453v1	GCF_029854535.1	GCA_029854535.1	Escherichia coli	562		20-20					GCF_029854535.1-RS_2025_06_09	Complete Genome	2023-04-23		7	
ASM301809v1	GCF_003018095.1	GCA_003018095.1	Escherichia coli	562		2014C-3338					GCF_003018095.1-RS_2025_06_21	Complete Genome	2018-03-26		2	
ASM2255890v1	GCF_022558905.1	GCA_022558905.1	Escherichia coli	562		EC11					GCF_022558905.1-RS_2025_06_02	Complete Genome	2022-03-14		8	
ASM188655v1	GCF_001886555.1	GCA_001886555.1	Escherichia coli	562		MRSN346638					GCF_001886555.1-RS_2025_06_19	Complete Genome	2016-11-28		6	
ASM3688479v1	GCF_036884795.1	GCA_036884795.1	Escherichia coli	562		S1-CAM-01-A					GCF_036884795.1-RS_2025_04_28	Complete Genome	2024-04-05		7	
ASM5568792v1	GCF_055687925.1	GCA_055687925.1	Escherichia coli	562		YJR_complete					GCF_055687925.1-RS_2026_03_05	Complete Genome	2026-03-05	JBVNBO01	3	
ASM5310341v1	GCF_053103415.1	GCA_053103415.1	Escherichia coli	562		MB06101					GCF_053103415.1-RS_2025_11_18	Complete Genome	2025-10-16	JBRNIO01	4	
ASM5135168v1	GCF_051351685.1	GCA_051351685.1	Escherichia coli	562		A27					GCF_051351685.1-RS_2025_07_15	Complete Genome	2025-07-16		4	
ASM4123339v1	GCF_041233395.1	GCA_041233395.1	Escherichia coli	562		FDN-9					GCF_041233395.1-RS_2024_12_16	Complete Genome	2024-08-14		3	
ASM1961482v1	GCF_019614825.1	GCA_019614825.1	Escherichia coli	562		ST866					GCF_019614825.1-RS_2024_12_18	Complete Genome	2021-08-16		3	
ASM3303773v1	GCF_033037735.1	GCA_033037735.1	Escherichia coli	562		YZ3-11					GCF_033037735.1-RS_2025_01_11	Complete Genome	2023-10-25		6	
ASM3650605v1	GCF_036506055.1	GCA_036506055.1	Escherichia coli	562		2017.18.02CC					GCF_036506055.1-RS_2025_04_27	Complete Genome	2023-11-04		3	
ASM2491795v1	GCF_024917955.1	GCA_024917955.1	Escherichia coli	562		5444					GCF_024917955.1-RS_2024_12_18	Complete Genome	2022-09-04		6	
ASM1909100v1	GCF_019091005.1	GCA_019091005.1	Escherichia coli	562		ST865					GCF_019091005.1-RS_2025_08_04	Complete Genome	2021-07-02		3	
ASM3650048v1	GCF_036500485.1	GCA_036500485.1	Escherichia coli	562		PSJ-42					GCF_036500485.1-RS_2025_04_27	Complete Genome	2023-11-03		14	
ASM4134477v1	GCF_041344775.1	GCA_041344775.1	Escherichia coli	562		FDN-24					GCF_041344775.1-RS_2024_12_16	Complete Genome	2024-08-21		3	
ASM5330939v1	GCF_053309395.1	GCA_053309395.1	Escherichia coli	562		IAL7254					GCF_053309395.1-RS_2025_11_18	Complete Genome	2025-11-03	JBRYHU01	3	
ASM3016653v1	GCF_030166535.1	GCA_030166535.1	Escherichia coli	562		DX6					GCF_030166535.1-RS_2025_06_27	Complete Genome	2023-06-05		3	
ASM2449930v1	GCF_024499305.1	GCA_024499305.1	Escherichia coli	562		JSMCR1					GCF_024499305.1-RS_2025_08_27	Complete Genome	2022-08-01		6	
ASM1337236v1	GCF_013372365.1	GCA_013372365.1	Escherichia coli	562		EcPF15					GCF_013372365.1-RS_2025_07_03	Complete Genome	2020-06-24		3	
ASM4070307v1	GCF_040703075.1	GCA_040703075.1	Escherichia coli	562		1000					GCF_040703075.1-RS_2024_07_15	Complete Genome	2024-07-15		4	
ASM3809608v1	GCF_038096085.1	GCA_038096085.1	Escherichia coli	562		CUVET16-819					GCF_038096085.1-RS_2025_04_30	Complete Genome	2024-04-16		1	
ASM2491833v1	GCF_024918335.1	GCA_024918335.1	Escherichia coli	562		ST361					GCF_024918335.1-RS_2024_12_18	Complete Genome	2022-09-04		6	
ASM188675v1	GCF_001886755.1	GCA_001886755.1	Escherichia coli	562		MRSN346595					GCF_001886755.1-RS_2025_06_17	Complete Genome	2016-11-28		6	
E100181.fasta	GCF_052908005.1	GCA_052908005.1	Escherichia coli	562		100181					GCF_052908005.1-RS_2025_11_17	Complete Genome	2025-09-29	JBRERE01	2	
ASM2009164v1	GCF_020091645.1	GCA_020091645.1	Escherichia coli	562		ECNB21-M121					GCF_020091645.1-RS_2025_08_19	Complete Genome	2021-09-22		4	
ASM2259147v1	GCF_022591475.1	GCA_022591475.1	Escherichia coli	562		EC-16-35					GCF_022591475.1-RS_2025_06_02	Complete Genome	2022-03-16		9	
ASM3052016v1	GCF_030520165.1	GCA_030520165.1	Escherichia coli	562		11899A_LBHALD					GCF_030520165.1-RS_2025_08_03	Complete Genome	2023-07-24		3	
ASM3442385v1	GCF_034423855.1	GCA_034423855.1	Escherichia coli	562		ECO21					GCF_034423855.1-RS_2025_03_11	Complete Genome	2023-12-17		4	
ASM400657v1	GCF_004006575.1	GCA_004006575.1	Escherichia coli	562		ECCNB20-2					GCF_004006575.1-RS_2025_06_25	Complete Genome	2019-01-09		4	
ASM2458550v1	GCF_024585505.1	GCA_024585505.1	Escherichia coli	562		MB51					GCF_024585505.1-RS_2025_09_08	Complete Genome	2022-08-08		3	
ASM2820161v1	GCF_028201615.1	GCA_028201615.1	Escherichia coli	562		HH107					GCF_028201615.1-RS_2025_03_20	Complete Genome	2023-01-29		4	
ASM3038476v1	GCF_030384765.1	GCA_030384765.1	Escherichia coli	562		VG48B2					GCF_030384765.1-RS_2025_07_19	Complete Genome	2023-07-02		3	
ASM429536v1	GCF_004295365.1	GCA_004295365.1	Escherichia coli	562		WCHEC025970					GCF_004295365.1-RS_2025_06_25	Complete Genome	2019-02-25		9	
ASM201200v1	GCF_002012005.1	GCA_002012005.1	Escherichia coli	562		Ecol_517					GCF_002012005.1-RS_2025_06_20	Complete Genome	2017-03-03		3	
ASM3380240v1	GCF_033802405.1	GCA_033802405.1	Escherichia coli	562		101EVA					GCF_033802405.1-RS_2025_01_30	Complete Genome	2023-11-19		4	
ASM5390295v1	GCF_053902955.1	GCA_053902955.1	Escherichia coli	562		JNE112863					GCF_053902955.1-RS_2025_12_12	Complete Genome	2025-12-12		2	
SC487	GCF_902810365.1	GCA_902810365.1	Escherichia coli	562					SC487		GCF_902810365.1-RS_2025_07_04	Complete Genome	2020-06-28		1	
ASM2249361v1	GCF_022493615.1	GCA_022493615.1	Escherichia coli	562		A14					GCF_022493615.1-RS_2025_05_30	Complete Genome	2022-03-07		1	
ASM3442387v1	GCF_034423875.1	GCA_034423875.1	Escherichia coli	562		ECO20					GCF_034423875.1-RS_2025_03_11	Complete Genome	2023-12-17		4	
ASM188653v1	GCF_001886535.1	GCA_001886535.1	Escherichia coli	562		MRSN352231					GCF_001886535.1-RS_2025_06_19	Complete Genome	2016-11-28		6	
ASM188657v1	GCF_001886575.1	GCA_001886575.1	Escherichia coli	562		MRSN346355					GCF_001886575.1-RS_2025_06_17	Complete Genome	2016-11-28		6	
ASM3762389v1	GCF_037623895.1	GCA_037623895.1	Escherichia coli	562		Z1322HEC0002					GCF_037623895.1-RS_2025_04_27	Complete Genome	2024-04-05		2	
ASM4054981v1	GCF_040549815.1	GCA_040549815.1	Escherichia coli	562		Z226-1					GCF_040549815.1-RS_2024_07_09	Complete Genome	2024-07-09		3	
ASM5555656v1	GCF_055556565.1	GCA_055556565.1	Escherichia coli	562		N1193					GCF_055556565.1-RS_2026_03_02	Complete Genome	2026-03-03		9	
ASM5294331v2	GCF_052943315.2	GCA_052943315.2	Escherichia coli	562		IAL7252					GCF_052943315.2-RS_2025_11_19	Complete Genome	2025-11-17	JBRFVK02	6	
ASM2433147v2	GCF_024331475.2	GCA_024331475.2	Escherichia coli	562		MLI107					GCF_024331475.2-RS_2025_04_16	Complete Genome	2023-02-08		1	
ASM5316922v1	GCF_053169225.1	GCA_053169225.1	Escherichia coli	562		CUVET21-424					GCF_053169225.1-RS_2025_11_18	Complete Genome	2025-11-19		6	
ASM2794761v1	GCF_027947615.1	GCA_027947615.1	Escherichia coli	562		7.1994/NIST0056					GCF_027947615.1-RS_2025_03_20	Complete Genome	2023-01-25		5	
ASM1416927v1	GCF_014169275.1	GCA_014169275.1	Escherichia coli	562		WP5-W18-ESBL-11					GCF_014169275.1-RS_2025_07_03	Complete Genome	2020-07-21		6	
ASM2068308v1	GCF_020683085.1	GCA_020683085.1	Escherichia coli	562		EC71					GCF_020683085.1-RS_2025_02_04	Complete Genome	2021-10-31		5	
ASM3754247v1	GCF_037542475.1	GCA_037542475.1	Escherichia coli	562		Z1323HEC0477					GCF_037542475.1-RS_2025_04_28	Complete Genome	2024-04-05		3	
ASM281254v1	GCF_002812545.1	GCA_002812545.1	Escherichia coli	562		SC516					GCF_002812545.1-RS_2025_06_22	Complete Genome	2017-12-06		1	
ASM193251v1	GCF_001932515.1	GCA_001932515.1	Escherichia coli	562		tolC-					GCF_001932515.1-RS_2025_06_17	Complete Genome	2017-01-03		1	
ASM5191260v1	GCF_051912605.1	GCA_051912605.1	Escherichia coli	562		EC101					GCF_051912605.1-RS_2025_08_12	Complete Genome	2025-08-12		1	
ASM3099644v1	GCF_030996445.1	GCA_030996445.1	Escherichia coli	562		CUVET21-37					GCF_030996445.1-RS_2025_09_14	Complete Genome	2023-08-30		5	
ASM4610633v1	GCF_046106335.1	GCA_046106335.1	Escherichia coli	562		19KM1863					GCF_046106335.1-RS_2024_12_17	Complete Genome	2024-12-17		4	
ASM2458584v1	GCF_024585845.1	GCA_024585845.1	Escherichia coli	562		PM22					GCF_024585845.1-RS_2025_09_11	Complete Genome	2022-08-08		5	
ASM837533v1	GCF_008375335.1	GCA_008375335.1	Escherichia coli	562		ETEC6					GCF_008375335.1-RS_2025_06_27	Complete Genome	2019-09-13		1	
ASM2847386v1	GCF_028473865.1	GCA_028473865.1	Escherichia coli	562		ZY22049					GCF_028473865.1-RS_2025_03_26	Complete Genome	2023-02-06		9	
ASM1708844v1	GCF_017088445.1	GCA_017088445.1	Escherichia coli	562		40EC					GCF_017088445.1-RS_2025_07_04	Complete Genome	2021-03-01		10	
ASM295175v1	GCF_002951755.1	GCA_002951755.1	Escherichia coli	562		13TMH22					GCF_002951755.1-RS_2025_06_22	Complete Genome	2018-02-05		3	
ASM2450793v1	GCF_024507935.1	GCA_024507935.1	Escherichia coli	562		QA-1986 83					GCF_024507935.1-RS_2025_09_18	Complete Genome	2022-08-03		1	
ASM966418v1	GCF_009664185.1	GCA_009664185.1	Escherichia coli	562		SL112					GCF_009664185.1-RS_2025_02_24	Complete Genome	2019-11-15		1	
ASM5490241v1	GCF_054902415.1	GCA_054902415.1	Escherichia coli	562		GPEC484-624					GCF_054902415.1-RS_2026_02_04	Complete Genome	2026-02-03	JBUBJS01	3	
30345_1#247	GCF_964046945.1	GCA_964046945.1	Escherichia coli	562					30345_1#247		GCF_964046945.1-RS_2025_05_30	Complete Genome	2024-05-20		2	
ASM5191259v1	GCF_051912595.1	GCA_051912595.1	Escherichia coli	562		EC102					GCF_051912595.1-RS_2025_08_12	Complete Genome	2025-08-12		1	
ASM3043922v1	GCF_030439225.1	GCA_030439225.1	Escherichia coli	562		GZM7					GCF_030439225.1-RS_2025_07_22	Complete Genome	2023-07-11		12	
ASM4778279v1	GCF_047782795.1	GCA_047782795.1	Escherichia coli	562		CUPS TF 6/1_01					GCF_047782795.1-RS_2025_02_17	Complete Genome	2025-02-17		9	
F138	GCF_963575405.1	GCA_963575405.1	Escherichia coli	562					F138		GCF_963575405.1-RS_2025_01_15	Complete Genome	2023-10-28		7	
ASM2650631v1	GCF_026506315.1	GCA_026506315.1	Escherichia coli	562		MS1737					GCF_026506315.1-RS_2025_02_26	Complete Genome	2022-11-29		5	
ASM2650639v1	GCF_026506395.1	GCA_026506395.1	Escherichia coli	562		MS1494					GCF_026506395.1-RS_2025_02_26	Complete Genome	2022-11-29		2	
ASM3038484v1	GCF_030384845.1	GCA_030384845.1	Escherichia coli	562		HZ13					GCF_030384845.1-RS_2025_07_19	Complete Genome	2023-07-02		4	
ASM4027526v2	GCF_040275265.2	GCA_040275265.2	Escherichia coli	562		PS3Tanimalfeces2					GCF_040275265.2-RS_2025_02_25	Complete Genome	2025-02-28		3	
ASM5290674v1	GCF_052906745.1	GCA_052906745.1	Escherichia coli	562		3908					GCF_052906745.1-RS_2025_11_17	Complete Genome	2025-09-28	JBREGF01	1	
ASM5369907v1	GCF_053699075.1	GCA_053699075.1	Escherichia coli	562		20AR0354					GCF_053699075.1-RS_2025_11_26	Complete Genome	2025-11-25	JBRAWO01	3	
ASM5310261v1	GCF_053102615.1	GCA_053102615.1	Escherichia coli	562		SW07164					GCF_053102615.1-RS_2025_11_18	Complete Genome	2025-10-16	JBRNHA01	3	
ASM5404740v1	GCF_054047405.1	GCA_054047405.1	Escherichia coli	562		167					GCF_054047405.1-RS_2025_12_18	Complete Genome	2025-12-17	JBSWAQ01	4	
ASM5404766v1	GCF_054047665.1	GCA_054047665.1	Escherichia coli	562		167					GCF_054047665.1-RS_2025_12_18	Complete Genome	2025-12-17	JBSWBM01	3	
ASM344381v1	GCF_003443815.1	GCA_003443815.1	Escherichia coli	562		E308					GCF_003443815.1-RS_2025_06_24	Complete Genome	2018-09-04		5	
ASM219227v1	GCF_002192275.1	GCA_002192275.1	Escherichia coli	562		AR_0114					GCF_002192275.1-RS_2025_06_19	Complete Genome	2017-06-13		4	
ASM2255980v1	GCF_022559805.1	GCA_022559805.1	Escherichia coli	562		81					GCF_022559805.1-RS_2025_06_02	Complete Genome	2022-03-14		3	
ASM3709453v1	GCF_037094535.1	GCA_037094535.1	Escherichia coli	562		MS 145-7					GCF_037094535.1-RS_2025_04_28	Complete Genome	2024-04-05		5	
E200112.fasta	GCF_052907925.1	GCA_052907925.1	Escherichia coli	562		200112					GCF_052907925.1-RS_2025_11_17	Complete Genome	2025-09-29	JBRERA01	2	
ASM5528338v1	GCF_055283385.1	GCA_055283385.1	Escherichia coli	562		E29					GCF_055283385.1-RS_2026_02_18	Complete Genome	2026-02-17	JBUZJM01	5	
ASM3001326v1	GCF_030013265.1	GCA_030013265.1	Escherichia coli	562		ETEC4073					GCF_030013265.1-RS_2025_06_13	Complete Genome	2023-05-15		6	
ASM4745604v1	GCF_047456045.1	GCA_047456045.1	Escherichia coli	562		S6aCHROMc					GCF_047456045.1-RS_2025_02_06	Complete Genome	2025-02-06		7	
ASM3839633v1	GCF_038396335.1	GCA_038396335.1	Escherichia coli	562		KFu021					GCF_038396335.1-RS_2025_05_01	Complete Genome	2024-04-22		4	
ASM333640v1	GCF_003336405.1	GCA_003336405.1	Escherichia coli	562		AMSCJX02					GCF_003336405.1-RS_2025_06_24	Complete Genome	2018-07-24		7	
ASM5538388v1	GCF_055383885.1	GCA_055383885.1	Escherichia coli	562		SOI121					GCF_055383885.1-RS_2026_02_24	Complete Genome	2026-02-25		8	
ASM4399579v1	GCF_043995795.1	GCA_043995795.1	Escherichia coli	562		YZ22PE67					GCF_043995795.1-RS_2024_10_29	Complete Genome	2024-10-30		6	
ASM3038973v1	GCF_030389735.1	GCA_030389735.1	Escherichia coli	562		TUM9754					GCF_030389735.1-RS_2025_07_19	Complete Genome	2023-07-03		8	
ASM5110054v1	GCF_051100545.1	GCA_051100545.1	Escherichia coli	562		HD12481					GCF_051100545.1-RS_2025_06_27	Complete Genome	2025-06-27		3	
ASM2847188v1	GCF_028471885.1	GCA_028471885.1	Escherichia coli	562		XH2172					GCF_028471885.1-RS_2025_03_26	Complete Genome	2023-02-06		2	
TF5	GCF_050859205.1	GCA_050859205.1	Escherichia coli	562		TF5					GCF_050859205.1-RS_2025_06_10	Complete Genome	2025-06-10		6	
AI2860v1_cpp	GCF_905330295.2	GCA_905330295.2	Escherichia coli	562					602		GCF_905330295.2-RS_2025_06_27	Complete Genome	2022-05-24		5	
ASM370379v1	GCF_003703795.1	GCA_003703795.1	Escherichia coli	562		ECCHD184					GCF_003703795.1-RS_2025_06_24	Complete Genome	2018-10-31		3	
ASM1513535v1	GCF_015135355.1	GCA_015135355.1	Escherichia coli	562		STW0522-31					GCF_015135355.1-RS_2025_07_04	Complete Genome	2020-10-08		3	
ASM5051637v1	GCF_050516375.1	GCA_050516375.1	Escherichia coli	562		A3024					GCF_050516375.1-RS_2025_05_23	Complete Genome	2025-05-23		5	
ASM2536969v1	GCF_025369695.1	GCA_025369695.1	Escherichia coli	562		E8					GCF_025369695.1-RS_2024_12_29	Complete Genome	2022-09-22		7	
ASM5581437v1	GCF_055814375.1	GCA_055814375.1	Escherichia coli	562		1506D011					GCF_055814375.1-RS_2026_03_13	Complete Genome	2026-03-14		6	
ASM5581434v1	GCF_055814345.1	GCA_055814345.1	Escherichia coli	562		1912D004					GCF_055814345.1-RS_2026_03_13	Complete Genome	2026-03-14		6	
ASM5581435v1	GCF_055814355.1	GCA_055814355.1	Escherichia coli	562		1802D011					GCF_055814355.1-RS_2026_03_13	Complete Genome	2026-03-14		4	
ASM5102758v1	GCF_051027585.1	GCA_051027585.1	Escherichia coli	562		FAHZZU6724			sputum		GCF_051027585.1-RS_2025_06_25	Complete Genome	2025-06-26		4	
ASM5152191v1	GCF_051521915.1	GCA_051521915.1	Escherichia coli	562		G3					GCF_051521915.1-RS_2025_07_25	Complete Genome	2025-07-29		2	
ASM4534876v1	GCF_045348765.1	GCA_045348765.1	Escherichia coli	562		STS73-1-E					GCF_045348765.1-RS_2024_11_27	Complete Genome	2024-11-27		1	
MSB1_9I	GCF_904865835.1	GCA_904865835.1	Escherichia coli	562		MSB1_9I			MSB1_9I		GCF_904865835.1-RS_2025_07_12	Complete Genome	2020-11-01		4	
ASM2458588v1	GCF_024585885.1	GCA_024585885.1	Escherichia coli	562		PK13					GCF_024585885.1-RS_2025_09_11	Complete Genome	2022-08-08		3	
ASM677706v1	GCF_006777065.1	GCA_006777065.1	Escherichia coli	562		MSHS 472					GCF_006777065.1-RS_2025_05_28	Complete Genome	2019-07-09		2	
ASM3839635v1	GCF_038396355.1	GCA_038396355.1	Escherichia coli	562		KKa014					GCF_038396355.1-RS_2025_05_01	Complete Genome	2024-04-22		4	
ASM408829v1	GCF_004088295.1	GCA_004088295.1	Escherichia coli	562		EC25					GCF_004088295.1-RS_2025_06_25	Complete Genome	2019-01-21		6	
ASM4816028v1	GCF_048160285.1	GCA_048160285.1	Escherichia coli	562		EC6					GCF_048160285.1-RS_2025_02_28	Complete Genome	2025-03-01		10	
ASM1680600v1	GCF_016806005.1	GCA_016806005.1	Escherichia coli	562		XH988					GCF_016806005.1-RS_2025_03_25	Complete Genome	2021-02-03		3	
ASM492435v1	GCF_004924355.1	GCA_004924355.1	Escherichia coli	562		G3X16-2					GCF_004924355.1-RS_2025_06_27	Complete Genome	2019-04-30		3	
ASM2728608v1	GCF_027286085.1	GCA_027286085.1	Escherichia coli	562		WEC					GCF_027286085.1-RS_2025_03_18	Complete Genome	2022-12-26		3	
ASM1416015v1	GCF_014160155.1	GCA_014160155.1	Escherichia coli	562		WP5-S17-ESBL-11					GCF_014160155.1-RS_2025_07_05	Complete Genome	2020-07-21		1	
ASM2458540v1	GCF_024585405.1	GCA_024585405.1	Escherichia coli	562		MB64					GCF_024585405.1-RS_2025_09_08	Complete Genome	2022-08-08		3	
ASM2327277v1	GCF_023272775.1	GCA_023272775.1	Escherichia coli	562		PM4-5					GCF_023272775.1-RS_2025_06_15	Complete Genome	2022-05-07		7	
ASM1790345v1	GCF_017903455.1	GCA_017903455.1	Escherichia coli	562		PK5074					GCF_017903455.1-RS_2025_05_28	Complete Genome	2021-04-12		6	
ASM5538798v1	GCF_055387985.1	GCA_055387985.1	Escherichia coli	562		N61					GCF_055387985.1-RS_2026_02_24	Complete Genome	2026-02-25		1	
ASM4935486v1	GCF_049354865.1	GCA_049354865.1	Escherichia coli	562		R18					GCF_049354865.1-RS_2025_04_09	Complete Genome	2025-04-10		5	
ASM3050145v2	GCF_030501455.2	GCA_030501455.2	Escherichia coli	562		CEC15					GCF_030501455.2-RS_2024_12_18	Complete Genome	2023-09-20		2	
ASM231055v1	GCF_002310555.1	GCA_002310555.1	Escherichia coli	562		1943					GCF_002310555.1-RS_2025_06_19	Complete Genome	2017-09-18		4	
ASM2458572v1	GCF_024585725.1	GCA_024585725.1	Escherichia coli	562		MB1					GCF_024585725.1-RS_2025_09_11	Complete Genome	2022-08-08		2	
ASM4432483v1	GCF_044324835.1	GCA_044324835.1	Escherichia coli	562		GF50					GCF_044324835.1-RS_2024_11_04	Complete Genome	2024-11-04		6	
ASM4432482v1	GCF_044324825.1	GCA_044324825.1	Escherichia coli	562		GF54					GCF_044324825.1-RS_2024_11_04	Complete Genome	2024-11-04		4	
ASM653750v3	GCF_006537505.2	GCA_006537505.3	Escherichia coli	562		NIPH17_0036					GCF_006537505.2-RS_2025_06_24	Complete Genome	2021-04-09		1	
ASM4673626v1	GCF_046736265.1	GCA_046736265.1	Escherichia coli	562		GN4143					GCF_046736265.1-RS_2025_01_17	Complete Genome	2025-01-17		7	
ASM4219213v1	GCF_042192135.1	GCA_042192135.1	Escherichia coli	562		R12					GCF_042192135.1-RS_2024_09_25	Complete Genome	2024-09-25		3	
ASM1877146v1	GCF_018771465.1	GCA_018771465.1	Escherichia coli	562		Survcare253					GCF_018771465.1-RS_2025_07_13	Complete Genome	2021-06-08		7	
ASM2458568v1	GCF_024585685.1	GCA_024585685.1	Escherichia coli	562		MB15					GCF_024585685.1-RS_2025_09_11	Complete Genome	2022-08-08		4	
ASM4432484v1	GCF_044324845.1	GCA_044324845.1	Escherichia coli	562		GF47					GCF_044324845.1-RS_2024_11_04	Complete Genome	2024-11-04		4	
ASM635226v1	GCF_006352265.1	GCA_006352265.1	Escherichia coli	562		A1_181					GCF_006352265.1-RS_2025_06_27	Complete Genome	2019-06-18		10	
ASM3650439v1	GCF_036504395.1	GCA_036504395.1	Escherichia coli	562		2017-03-3CC					GCF_036504395.1-RS_2025_04_27	Complete Genome	2023-11-04		5	
PRO_A-1462-6M-A_ESBL	GCF_054391545.1	GCA_054391545.1	Escherichia coli	562		PRO_A-1462-6M-A_ESBL					GCF_054391545.1-RS_2026_01_07	Complete Genome	2026-01-07	JBSTQT01	2	
ASM3839636v1	GCF_038396365.1	GCA_038396365.1	Escherichia coli	562		KMi029					GCF_038396365.1-RS_2025_05_01	Complete Genome	2024-04-22		16	
ASM1996962v1	GCF_019969625.1	GCA_019969625.1	Escherichia coli	562		CT02					GCF_019969625.1-RS_2025_01_15	Complete Genome	2021-09-14		3	
ASM4953284v1	GCF_049532845.1	GCA_049532845.1	Escherichia coli	562		I2					GCF_049532845.1-RS_2025_04_13	Complete Genome	2025-04-15		2	
ASM4972962v1	GCF_049729625.1	GCA_049729625.1	Escherichia coli	562		639					GCF_049729625.1-RS_2025_04_18	Complete Genome	2025-04-20		6	
ASM5310308v1	GCF_053103085.1	GCA_053103085.1	Escherichia coli	562		PCP06102					GCF_053103085.1-RS_2025_11_18	Complete Genome	2025-10-16	JBRNHY01	3	
ASM5310312v1	GCF_053103125.1	GCA_053103125.1	Escherichia coli	562		PCP06101					GCF_053103125.1-RS_2025_11_18	Complete Genome	2025-10-16	JBRNHZ01	3	
ASM5469207v1	GCF_054692075.1	GCA_054692075.1	Escherichia coli	562		ECO13					GCF_054692075.1-RS_2026_01_25	Complete Genome	2026-01-30		4	
ASM3650028v1	GCF_036500285.1	GCA_036500285.1	Escherichia coli	562		PSJ-36					GCF_036500285.1-RS_2025_04_27	Complete Genome	2023-11-03		4	
ASM5469653v1	GCF_054696535.1	GCA_054696535.1	Escherichia coli	562		ECO11					GCF_054696535.1-RS_2026_01_25	Complete Genome	2026-01-30		4	
ASM5469212v1	GCF_054692125.1	GCA_054692125.1	Escherichia coli	562		ECO12					GCF_054692125.1-RS_2026_01_25	Complete Genome	2026-01-30		3	
ASM399979v1	GCF_003999795.1	GCA_003999795.1	Escherichia coli	562		L65					GCF_003999795.1-RS_2025_06_25	Complete Genome	2019-01-08		7	
ASM2962517v1	GCF_029625175.1	GCA_029625175.1	Escherichia coli	562		E89					GCF_029625175.1-RS_2025_06_05	Complete Genome	2023-04-09		2	
ASM5440522v1	GCF_054405225.1	GCA_054405225.1	Escherichia coli	562		8GC					GCF_054405225.1-RS_2026_01_09	Complete Genome	2026-01-08	JBTHUQ01	6	
ASM5488869v1	GCF_054888695.1	GCA_054888695.1	Escherichia coli	562		UID2309220003					GCF_054888695.1-RS_2026_02_04	Complete Genome	2026-02-02	JBTZPC01	5	
ASM4840260v1	GCF_048402605.1	GCA_048402605.1	Escherichia coli	562		455					GCF_048402605.1-RS_2025_03_06	Complete Genome	2025-03-07		7	
ASM4609705v1	GCF_046097055.1	GCA_046097055.1	Escherichia coli	562		Z1324PEC0010					GCF_046097055.1-RS_2024_12_16	Complete Genome	2024-12-17		5	
ASM991341v1	GCF_009913415.1	GCA_009913415.1	Escherichia coli	562		LD22-1					GCF_009913415.1-RS_2025_07_02	Complete Genome	2020-01-22		4	
ASM4610631v1	GCF_046106315.1	GCA_046106315.1	Escherichia coli	562		19KM1778					GCF_046106315.1-RS_2024_12_17	Complete Genome	2024-12-17		4	
ASM2458492v1	GCF_024584925.1	GCA_024584925.1	Escherichia coli	562		D217-5					GCF_024584925.1-RS_2025_09_10	Complete Genome	2022-08-08		2	
ASM589011v1	GCF_005890115.1	GCA_005890115.1	Escherichia coli	562		BE104					GCF_005890115.1-RS_2025_06_28	Complete Genome	2019-05-30		1	
ASM5316594v1	GCF_053165945.1	GCA_053165945.1	Escherichia coli	562		1428_w1_hybrid					GCF_053165945.1-RS_2025_11_18	Complete Genome	2025-11-19		5	
ASM5590065v1	GCF_055900655.1	GCA_055900655.1	Escherichia coli	562		02B17CRGN002					GCF_055900655.1-RS_2026_03_15	Complete Genome	2026-03-15	JBVWFT01	3	
ASM2458566v1	GCF_024585665.1	GCA_024585665.1	Escherichia coli	562		MB19					GCF_024585665.1-RS_2025_09_11	Complete Genome	2022-08-08		3	
ASM990948v1	GCF_009909485.1	GCA_009909485.1	Escherichia coli	562		LD26-1					GCF_009909485.1-RS_2025_07_01	Complete Genome	2020-01-21		3	
ASM2491803v1	GCF_024918035.1	GCA_024918035.1	Escherichia coli	562		3036					GCF_024918035.1-RS_2024_12_18	Complete Genome	2022-09-04		4	
ASM1418939v1	GCF_014189395.1	GCA_014189395.1	Escherichia coli	562		N18-04097					GCF_014189395.1-RS_2025_07_03	Complete Genome	2020-08-14		2	
ASM4021555v1	GCF_040215555.1	GCA_040215555.1	Escherichia coli	562		800					GCF_040215555.1-RS_2025_06_27	Complete Genome	2024-06-20		2	
ASM2590827v1	GCF_025908275.1	GCA_025908275.1	Escherichia coli	562		TL-14					GCF_025908275.1-RS_2025_01_30	Complete Genome	2022-10-30		2	
ASM303122v1	GCF_003031225.1	GCA_003031225.1	Escherichia coli	562		HKUOPY1					GCF_003031225.1-RS_2025_06_22	Complete Genome	2018-04-03		1	
ASM3955512v1	GCF_039555125.1	GCA_039555125.1	Escherichia coli	562		T43					GCF_039555125.1-RS_2025_05_23	Complete Genome	2024-05-09		4	
ASM990950v1	GCF_009909505.1	GCA_009909505.1	Escherichia coli	562		LD93-1					GCF_009909505.1-RS_2025_07_02	Complete Genome	2020-01-21		3	
ASM3709456v1	GCF_037094565.1	GCA_037094565.1	Escherichia coli	562		MS 115-1					GCF_037094565.1-RS_2025_04_28	Complete Genome	2024-04-05		2	
F404	GCF_963575385.1	GCA_963575385.1	Escherichia coli	562					F404		GCF_963575385.1-RS_2025_01_15	Complete Genome	2023-10-28		7	
ASM1832382v1	GCF_018323825.1	GCA_018323825.1	Escherichia coli	562		Ec387					GCF_018323825.1-RS_2025_08_25	Complete Genome	2021-04-20		3	
ASM4845718v1	GCF_048457185.1	GCA_048457185.1	Escherichia coli	562		APEC-O117H42					GCF_048457185.1-RS_2025_03_08	Complete Genome	2025-03-09		5	
ASM3649880v1	GCF_036498805.1	GCA_036498805.1	Escherichia coli	562		PSJ-07					GCF_036498805.1-RS_2025_04_27	Complete Genome	2023-11-03		3	
ASM5539431v1	GCF_055394315.1	GCA_055394315.1	Escherichia coli	562		TK3896					GCF_055394315.1-RS_2026_02_24	Complete Genome	2026-02-25		6	
ASM3645205v1	GCF_036452055.1	GCA_036452055.1	Escherichia coli	562		PS00260.4					GCF_036452055.1-RS_2025_03_13	Complete Genome	2024-02-08		3	
ASM4432480v1	GCF_044324805.1	GCA_044324805.1	Escherichia coli	562		GF66.2					GCF_044324805.1-RS_2024_11_04	Complete Genome	2024-11-04		7	
ASM595472v1	GCF_005954725.1	GCA_005954725.1	Escherichia coli	562		S17-1					GCF_005954725.1-RS_2025_06_27	Complete Genome	2019-06-04		1	
ASM1591018v1	GCF_015910185.1	GCA_015910185.1	Escherichia coli	562		Eco-15					GCF_015910185.1-RS_2025_05_23	Complete Genome	2020-12-10		5	
ASM318097v1	GCF_003180975.1	GCA_003180975.1	Escherichia coli	562		DA33133					GCF_003180975.1-RS_2025_06_23	Complete Genome	2018-05-31		2	
ASM5559732v1	GCF_055597325.1	GCA_055597325.1	Escherichia coli	562		KD602					GCF_055597325.1-RS_2026_03_03	Complete Genome	2026-03-02	JBVLZW01	8	
G5g	GCF_051521825.1	GCA_051521825.1	Escherichia coli	562		G5					GCF_051521825.1-RS_2025_07_25	Complete Genome	2025-07-29		1	
ASM2927862v2	GCF_029278625.2	GCA_029278625.2	Escherichia coli	562		C012_chr					GCF_029278625.2-RS_2025_09_15	Complete Genome	2023-09-01		7	
ASM5369028v1	GCF_053690285.1	GCA_053690285.1	Escherichia coli	562		21AR0133					GCF_053690285.1-RS_2025_11_26	Complete Genome	2025-11-25	JBSAOW01	7	
ASM1036536v1	GCF_010365365.1	GCA_010365365.1	Escherichia coli	562		64					GCF_010365365.1-RS_2025_07_02	Complete Genome	2020-02-09		4	
ASM1416873v1	GCF_014168735.1	GCA_014168735.1	Escherichia coli	562		WP2-S18-ESBL-07					GCF_014168735.1-RS_2025_07_03	Complete Genome	2020-07-21		2	
ASM5112269v1	GCF_051122695.1	GCA_051122695.1	Escherichia coli	562		RX24					GCF_051122695.1-RS_2025_06_28	Complete Genome	2025-06-28		3	
ASM2249367v1	GCF_022493675.1	GCA_022493675.1	Escherichia coli	562		A11					GCF_022493675.1-RS_2025_05_02	Complete Genome	2022-03-07		1	
ASM1036540v1	GCF_010365405.1	GCA_010365405.1	Escherichia coli	562		61					GCF_010365405.1-RS_2025_07_02	Complete Genome	2020-02-09		4	
ASM1708840v1	GCF_017088405.1	GCA_017088405.1	Escherichia coli	562		99COLEC					GCF_017088405.1-RS_2025_07_04	Complete Genome	2021-03-01		4	
AI2894v1_cpp	GCF_905332395.2	GCA_905332395.2	Escherichia coli	562					58		GCF_905332395.2-RS_2025_06_27	Complete Genome	2022-05-24		5	
ASM2901194v1	GCF_029011945.1	GCA_029011945.1	Escherichia coli	562		BY68					GCF_029011945.1-RS_2025_05_16	Complete Genome	2023-03-06		4	
ASM2902692v1	GCF_029026925.1	GCA_029026925.1	Escherichia coli	562		BY63					GCF_029026925.1-RS_2025_05_18	Complete Genome	2023-03-08		5	
ASM5026978v1	GCF_050269785.1	GCA_050269785.1	Escherichia coli	562		c1-17					GCF_050269785.1-RS_2025_05_09	Complete Genome	2025-05-14		3	
ASM5538237v1	GCF_055382375.1	GCA_055382375.1	Escherichia coli	562		c1-17					GCF_055382375.1-RS_2026_02_23	Complete Genome	2026-02-24		4	
ASM1807528v1	GCF_018075285.1	GCA_018075285.1	Escherichia coli	562		EC2341					GCF_018075285.1-RS_2025_07_06	Complete Genome	2021-04-19		4	
ASM1066898v1	GCF_010668985.1	GCA_010668985.1	Escherichia coli	562		ChlosBP-23-1					GCF_010668985.1-RS_2025_07_03	Complete Genome	2020-02-15		1	
ASM3862729v2	GCF_038627295.1	GCA_038627295.2	Escherichia coli	562		2024CK-00535					GCF_038627295.1-RS_2024_06_23	Complete Genome	2024-06-12		6	
ASM1338969v1	GCF_013389695.1	GCA_013389695.1	Escherichia coli	562		AH65					GCF_013389695.1-RS_2025_07_03	Complete Genome	2020-07-06		4	
ASM2249379v1	GCF_022493795.1	GCA_022493795.1	Escherichia coli	562		A5					GCF_022493795.1-RS_2025_05_30	Complete Genome	2022-03-07		1	
ASM4432485v1	GCF_044324855.1	GCA_044324855.1	Escherichia coli	562		GF124.3					GCF_044324855.1-RS_2024_11_04	Complete Genome	2024-11-04		8	
ASM1416897v1	GCF_014168975.1	GCA_014168975.1	Escherichia coli	562		WP3-S18-ESBL-09					GCF_014168975.1-RS_2025_07_03	Complete Genome	2020-07-21		2	
ASM4857100v1	GCF_048571005.1	GCA_048571005.1	Escherichia coli	562		5735					GCF_048571005.1-RS_2025_03_15	Complete Genome	2025-03-15		4	
ASM2458560v1	GCF_024585605.1	GCA_024585605.1	Escherichia coli	562		MB30					GCF_024585605.1-RS_2025_02_03	Complete Genome	2022-08-08		6	
ASM5404764v1	GCF_054047645.1	GCA_054047645.1	Escherichia coli	562		44					GCF_054047645.1-RS_2025_12_18	Complete Genome	2025-12-17	JBSWBI01	10	
ASM3650130v1	GCF_036501305.1	GCA_036501305.1	Escherichia coli	562		PSS-08-2					GCF_036501305.1-RS_2025_04_27	Complete Genome	2023-11-04		6	
ASM3792062v1	GCF_037920625.1	GCA_037920625.1	Escherichia coli	562		Z1322HEC0001					GCF_037920625.1-RS_2025_04_28	Complete Genome	2024-04-06		5	
ASM5310311v1	GCF_053103115.1	GCA_053103115.1	Escherichia coli	562		PCP06022					GCF_053103115.1-RS_2025_11_18	Complete Genome	2025-10-16	JBRNIA01	1	
ASM1452222v1	GCF_014522225.1	GCA_014522225.1	Escherichia coli	562		EC931					GCF_014522225.1-RS_2025_07_05	Complete Genome	2020-09-10		14	
ASM3235427v1	GCF_032354275.1	GCA_032354275.1	Escherichia coli	562		isolateA					GCF_032354275.1-RS_2025_08_19	Complete Genome	2023-10-04		6	
ASM5448250v1	GCF_054482505.1	GCA_054482505.1	Escherichia coli	562		11PC					GCF_054482505.1-RS_2026_01_13	Complete Genome	2026-01-13	JBTHVE01	5	
ASM3755715v1	GCF_037557155.1	GCA_037557155.1	Escherichia coli	562		Z1323HEC0009					GCF_037557155.1-RS_2025_04_28	Complete Genome	2024-04-05		3	
ASM5404778v1	GCF_054047785.1	GCA_054047785.1	Escherichia coli	562		44					GCF_054047785.1-RS_2025_12_18	Complete Genome	2025-12-17	JBSWBG01	8	
ASM280390v1	GCF_002803905.1	GCA_002803905.1	Escherichia coli	562		AMA1167					GCF_002803905.1-RS_2025_06_22	Complete Genome	2017-12-04		6	
ASM3809611v1	GCF_038096115.1	GCA_038096115.1	Escherichia coli	562		CUVET16-559					GCF_038096115.1-RS_2025_04_30	Complete Genome	2024-04-16		4	
ASM4658131v1	GCF_046581315.1	GCA_046581315.1	Escherichia coli	562		SX45					GCF_046581315.1-RS_2025_01_11	Complete Genome	2025-01-11		3	
ASM3650170v1	GCF_036501705.1	GCA_036501705.1	Escherichia coli	562		PSS-11					GCF_036501705.1-RS_2025_04_27	Complete Genome	2023-11-04		3	
ASM3001384v1	GCF_030013845.1	GCA_030013845.1	Escherichia coli	562		ETEC1721					GCF_030013845.1-RS_2025_06_13	Complete Genome	2023-05-15		4	
ASM5152195v1	GCF_051521955.1	GCA_051521955.1	Escherichia coli	562		I3					GCF_051521955.1-RS_2025_07_25	Complete Genome	2025-07-29		4	
ASM4171464v1	GCF_041714645.1	GCA_041714645.1	Escherichia coli	562		EC23-1020					GCF_041714645.1-RS_2024_09_02	Complete Genome	2024-09-03		3	
ASM1694463v1	GCF_016944635.1	GCA_016944635.1	Escherichia coli	562		EM03-18-08					GCF_016944635.1-RS_2025_07_04	Complete Genome	2021-02-25		4	
ASM3038965v1	GCF_030389655.1	GCA_030389655.1	Escherichia coli	562		TUM9868					GCF_030389655.1-RS_2025_07_18	Complete Genome	2023-07-03		3	
ASM5555650v1	GCF_055556505.1	GCA_055556505.1	Escherichia coli	562		N1454					GCF_055556505.1-RS_2026_03_02	Complete Genome	2026-03-03		3	
ASM5316919v1	GCF_053169195.1	GCA_053169195.1	Escherichia coli	562		CUVET21-147					GCF_053169195.1-RS_2025_11_18	Complete Genome	2025-11-19		4	
ASM1331597v1	GCF_013315975.1	GCA_013315975.1	Escherichia coli	562		SCU-113					GCF_013315975.1-RS_2025_07_03	Complete Genome	2020-06-10		1	
ASM3649866v1	GCF_036498665.1	GCA_036498665.1	Escherichia coli	562		LR-72					GCF_036498665.1-RS_2025_04_27	Complete Genome	2023-11-03		7	
ASM4132000v1	GCF_041320005.1	GCA_041320005.1	Escherichia coli	562		ET745					GCF_041320005.1-RS_2024_09_01	Complete Genome	2024-08-18		4	
ASM190061v1	GCF_001900615.1	GCA_001900615.1	Escherichia coli	562		D2					GCF_001900615.1-RS_2025_06_16	Complete Genome	2016-12-12		3	
ASM1337651v1	GCF_013376515.1	GCA_013376515.1	Escherichia coli	562		17MR471					GCF_013376515.1-RS_2025_07_03	Complete Genome	2020-06-29		1	
ASM5590066v1	GCF_055900665.1	GCA_055900665.1	Escherichia coli	562		01G17CRGN001					GCF_055900665.1-RS_2026_03_15	Complete Genome	2026-03-15	JBVWFV01	5	
GENOMIC23-002	GCF_965318735.1	GCA_965318735.1	Escherichia coli	562					GENOMIC23-002		GCF_965318735.1-RS_2025_06_08	Complete Genome	2025-06-08		7	
ASM296893v1	GCF_002968935.1	GCA_002968935.1	Escherichia coli	562		13P460A					GCF_002968935.1-RS_2025_06_22	Complete Genome	2018-03-05		3	
ASM1989083v1	GCF_019890835.1	GCA_019890835.1	Escherichia coli	562		VCSW5					GCF_019890835.1-RS_2025_01_07	Complete Genome	2021-09-07		2	
DP051-pacbio-raw-flye-asm	GCF_049262605.1	GCA_049262605.1	Escherichia coli	562		DP051					GCF_049262605.1-RS_2025_04_04	Complete Genome	2025-04-05		4	
ASM2249321v1	GCF_022493215.1	GCA_022493215.1	Escherichia coli	562		A35					GCF_022493215.1-RS_2025_05_03	Complete Genome	2022-03-07		1	
ASM1133106v1	GCF_011331065.1	GCA_011331065.1	Escherichia coli	562		p10A					GCF_011331065.1-RS_2025_07_02	Complete Genome	2020-03-16		5	
ASM2068314v1	GCF_020683145.1	GCA_020683145.1	Escherichia coli	562		fECg99.1					GCF_020683145.1-RS_2025_02_04	Complete Genome	2021-10-31		1	
ASM216497v2	GCF_002164975.2	GCA_002164975.2	Escherichia coli	562		SCEC020026					GCF_002164975.2-RS_2025_06_26	Complete Genome	2019-01-22		5	
GENOMIC21-003	GCF_963575765.1	GCA_963575765.1	Escherichia coli	562					Reference		GCF_963575765.1-RS_2025_04_27	Complete Genome	2024-02-07		5	
ASM3670284v1	GCF_036702845.1	GCA_036702845.1	Escherichia coli	562		SCPM-O-B-12142					GCF_036702845.1-RS_2025_04_28	Complete Genome	2024-04-05		2	
ASM939526v1	GCF_009395265.1	GCA_009395265.1	Escherichia coli	562		ET12567					GCF_009395265.1-RS_2025_06_30	Complete Genome	2019-10-29		1	
ASM5390297v1	GCF_053902975.1	GCA_053902975.1	Escherichia coli	562		JNE23-011					GCF_053902975.1-RS_2025_12_12	Complete Genome	2025-12-12		2	
ASM5590135v1	GCF_055901355.1	GCA_055901355.1	Escherichia coli	562					38I23CPO002		GCF_055901355.1-RS_2026_03_15	Complete Genome	2026-03-15	JBVWDY01	3	
ASM5538191v1	GCF_055381915.1	GCA_055381915.1	Escherichia coli	562		d1-58					GCF_055381915.1-RS_2026_02_23	Complete Genome	2026-02-24		3	
ASM4994283v1	GCF_049942835.1	GCA_049942835.1	Escherichia coli	562		d1-58					GCF_049942835.1-RS_2025_04_28	Complete Genome	2025-05-13		2	
ASM3016871v1	GCF_030168715.1	GCA_030168715.1	Escherichia coli	562		W409					GCF_030168715.1-RS_2025_06_29	Complete Genome	2023-06-05		4	
ASM5152188v1	GCF_051521885.1	GCA_051521885.1	Escherichia coli	562		E1					GCF_051521885.1-RS_2025_07_25	Complete Genome	2025-07-29		2	
ASM1680385v1	GCF_016803855.1	GCA_016803855.1	Escherichia coli	562		RUT3575					GCF_016803855.1-RS_2025_07_06	Complete Genome	2021-02-03		5	
ASM1688954v1	GCF_016889545.1	GCA_016889545.1	Escherichia coli	562		EA2					GCF_016889545.1-RS_2025_07_04	Complete Genome	2021-02-15		2	
ASM1416859v1	GCF_014168595.1	GCA_014168595.1	Escherichia coli	562		WP2-W18-CRE-03					GCF_014168595.1-RS_2025_07_03	Complete Genome	2020-07-21		3	
ASM3960453v3	GCF_039604535.2	GCA_039604535.3	Escherichia coli	562		2024CK-00616					GCF_039604535.2-RS_2024_12_02	Complete Genome	2024-11-09		4	
ASM2984913v1	GCF_029849135.1	GCA_029849135.1	Escherichia coli	562		MY1-8					GCF_029849135.1-RS_2025_06_08	Complete Genome	2023-04-20		4	
ASM1513689v1	GCF_015136895.1	GCA_015136895.1	Escherichia coli	562		STN0717-20					GCF_015136895.1-RS_2025_07_04	Complete Genome	2020-10-08		4	
ASM3380242v1	GCF_033802425.1	GCA_033802425.1	Escherichia coli	562		81EVA					GCF_033802425.1-RS_2025_01_30	Complete Genome	2023-11-19		2	
ASM81414v2	GCF_000814145.2	GCA_000814145.2	Escherichia coli	562		6409					GCF_000814145.2-RS_2025_06_14	Complete Genome	2015-02-27		3	
ASM1680602v1	GCF_016806025.1	GCA_016806025.1	Escherichia coli	562		XH993					GCF_016806025.1-RS_2025_03_25	Complete Genome	2021-02-03		2	
ASM5411294v1	GCF_054112945.1	GCA_054112945.1	Escherichia coli	562		148					GCF_054112945.1-RS_2025_12_22	Complete Genome	2025-12-21	JBSYUK01	4	
GENOMIC23-001	GCF_965319085.1	GCA_965319085.1	Escherichia coli	562					GENOMIC23-001		GCF_965319085.1-RS_2025_06_08	Complete Genome	2025-06-08		6	
ASM3001357v1	GCF_030013575.1	GCA_030013575.1	Escherichia coli	562		ETEC1739					GCF_030013575.1-RS_2025_06_14	Complete Genome	2023-05-15		10	
ASM5569817v1	GCF_055698175.1	GCA_055698175.1	Escherichia coli	562		N273					GCF_055698175.1-RS_2026_03_07	Complete Genome	2026-03-08		6	
ASM5316593v1	GCF_053165935.1	GCA_053165935.1	Escherichia coli	562		2406_w1_hybrid					GCF_053165935.1-RS_2025_11_18	Complete Genome	2025-11-19		4	
ASM216369v1	GCF_002163695.1	GCA_002163695.1	Escherichia coli	562		KSC64					GCF_002163695.1-RS_2025_06_19	Complete Genome	2017-06-02		1	
ASM567135v1	GCF_005671355.1	GCA_005671355.1	Escherichia coli	562		BA22372					GCF_005671355.1-RS_2025_06_27	Complete Genome	2019-05-23		3	
ASM3752570v1	GCF_037525705.1	GCA_037525705.1	Escherichia coli	562		Z1323PEC0014					GCF_037525705.1-RS_2025_04_28	Complete Genome	2024-04-05		1	
ASM5488867v1	GCF_054888675.1	GCA_054888675.1	Escherichia coli	562		UID2309220010					GCF_054888675.1-RS_2026_02_04	Complete Genome	2026-02-02	JBTZPG01	9	
ASM3235105v1	GCF_032351055.1	GCA_032351055.1	Escherichia coli	562		isolateD					GCF_032351055.1-RS_2024_12_30	Complete Genome	2023-10-04		6	
ASM59784v1	GCF_000597845.1	GCA_000597845.1	Escherichia coli	562		ST540					GCF_000597845.1-RS_2025_06_13	Complete Genome	2014-03-19		1	
ASM2014962v1	GCF_020149625.1	GCA_020149625.1	Escherichia coli	562		NDM5					GCF_020149625.1-RS_2025_01_20	Complete Genome	2021-09-27		5	
ASM2323836v1	GCF_023238365.1	GCA_023238365.1	Escherichia coli	562		EC6622					GCF_023238365.1-RS_2025_06_13	Complete Genome	2022-05-04		3	
ASM3099650v1	GCF_030996505.1	GCA_030996505.1	Escherichia coli	562		CUVET20-1667					GCF_030996505.1-RS_2025_09_19	Complete Genome	2023-08-30		4	
ASM1677249v1	GCF_016772495.1	GCA_016772495.1	Escherichia coli	562		EF7-18-58					GCF_016772495.1-RS_2025_07_05	Complete Genome	2021-01-30		4	
ASM1297452v1	GCF_012974525.1	GCA_012974525.1	Escherichia coli	562		C21					GCF_012974525.1-RS_2025_07_03	Complete Genome	2020-05-05		5	
ASM90052030v1	GCF_900520305.1	GCA_900520305.1	Escherichia coli	562					Escherichia coli str. TO73		GCF_900520305.1-RS_2025_06_26	Complete Genome	2019-01-29		3	
ASM5369158v1	GCF_053691585.1	GCA_053691585.1	Escherichia coli	562		22AR0118					GCF_053691585.1-RS_2025_11_26	Complete Genome	2025-11-25	JBRAVH01	6	
ASM1293467v1	GCF_012934675.1	GCA_012934675.1	Escherichia coli	562		SCU-152					GCF_012934675.1-RS_2025_07_03	Complete Genome	2020-04-30		2	
ASM4625012v1	GCF_046250125.1	GCA_046250125.1	Escherichia coli	562		N1420					GCF_046250125.1-RS_2024_12_24	Complete Genome	2024-12-24		3	
ASM2855121v1	GCF_028551215.1	GCA_028551215.1	Escherichia coli	562		E6474					GCF_028551215.1-RS_2025_03_26	Complete Genome	2023-02-08		6	
39220_B01	GCF_900636195.1	GCA_900636195.1	Escherichia coli	562		NCTC9008					GCF_900636195.1-RS_2025_06_26	Complete Genome	2018-12-20		1	
ASM1490418v2	GCF_014904185.2	GCA_014904185.2	Escherichia coli	562		NT1W22					GCF_014904185.2-RS_2025_03_15	Complete Genome	2021-05-28		3	
ASM3299842v1	GCF_032998425.1	GCA_032998425.1	Escherichia coli	562		JCL301					GCF_032998425.1-RS_2025_08_18	Complete Genome	2023-10-24		1	
ASM5316596v1	GCF_053165965.1	GCA_053165965.1	Escherichia coli	562		FXCREC123					GCF_053165965.1-RS_2025_11_18	Complete Genome	2025-11-19		6	
Hybrid assembly	GCF_050218735.1	GCA_050218735.1	Escherichia coli	562		EC16					GCF_050218735.1-RS_2025_05_07	Complete Genome	2025-05-14		3	
ASM5555651v1	GCF_055556515.1	GCA_055556515.1	Escherichia coli	562		N1718					GCF_055556515.1-RS_2026_03_02	Complete Genome	2026-03-03		6	
ASM1897204v1	GCF_018972045.1	GCA_018972045.1	Escherichia coli	562		XH1815					GCF_018972045.1-RS_2025_07_25	Complete Genome	2021-06-21		1	
ASM5277164v1	GCF_052771645.1	GCA_052771645.1	Escherichia coli	562		PEC011					GCF_052771645.1-RS_2025_09_24	Complete Genome	2025-09-23	JBRAXZ01	6	
ASM2108987v1	GCF_021089875.1	GCA_021089875.1	Escherichia coli	562		114					GCF_021089875.1-RS_2025_03_13	Complete Genome	2021-12-07		3	
ASM5152184v1	GCF_051521845.1	GCA_051521845.1	Escherichia coli	562		C1					GCF_051521845.1-RS_2025_07_25	Complete Genome	2025-07-29		3	
ASM2634146v2	GCF_026341465.2	GCA_026341465.2	Escherichia coli	562		20220828076					GCF_026341465.2-RS_2025_06_17	Complete Genome	2024-06-13		7	
ASM5113616v1	GCF_051136165.1	GCA_051136165.1	Escherichia coli	562		EC9					GCF_051136165.1-RS_2025_06_30	Complete Genome	2025-06-30		4	
E600029.fasta	GCF_052907605.1	GCA_052907605.1	Escherichia coli	562		600029					GCF_052907605.1-RS_2025_11_17	Complete Genome	2025-09-29	JBREQN01	6	
ASM4131999v1	GCF_041319995.1	GCA_041319995.1	Escherichia coli	562		ET761					GCF_041319995.1-RS_2024_09_01	Complete Genome	2024-08-18		4	
ASM304391v1	GCF_003043915.1	GCA_003043915.1	Escherichia coli	562		RM14723					GCF_003043915.1-RS_2025_06_23	Complete Genome	2018-04-06		1	
ASM1140447v1	GCF_011404475.1	GCA_011404475.1	Escherichia coli	562		2018-06-4CC					GCF_011404475.1-RS_2025_07_02	Complete Genome	2020-02-10		1	
ASM3650781v1	GCF_036507815.1	GCA_036507815.1	Escherichia coli	562		2018-06-4CC					GCF_036507815.1-RS_2025_04_27	Complete Genome	2023-11-04		5	
ASM1293463v1	GCF_012934635.1	GCA_012934635.1	Escherichia coli	562		SCU-124					GCF_012934635.1-RS_2025_07_03	Complete Genome	2020-04-30		5	
ASM763243v1	GCF_007632435.1	GCA_007632435.1	Escherichia coli	562		Ec40743					GCF_007632435.1-RS_2025_06_28	Complete Genome	2019-07-30		4	
ASM5003314v1	GCF_050033145.1	GCA_050033145.1	Escherichia coli	562		BCE-1					GCF_050033145.1-RS_2025_05_01	Complete Genome	2025-05-13		4	
F1005	GCF_963575355.1	GCA_963575355.1	Escherichia coli	562					F1005		GCF_963575355.1-RS_2025_01_15	Complete Genome	2023-10-28		4	
ASM966420v1	GCF_009664205.1	GCA_009664205.1	Escherichia coli	562		AQ15					GCF_009664205.1-RS_2025_07_01	Complete Genome	2019-11-15		1	
ASM5110037v1	GCF_051100375.1	GCA_051100375.1	Escherichia coli	562		HD12480					GCF_051100375.1-RS_2025_06_27	Complete Genome	2025-06-27		3	
ASM2439959v1	GCF_024399595.1	GCA_024399595.1	Escherichia coli	562		DC71					GCF_024399595.1-RS_2025_08_19	Complete Genome	2022-07-25		4	
ASM3650531v1	GCF_036505315.1	GCA_036505315.1	Escherichia coli	562		2017.13.01CC					GCF_036505315.1-RS_2025_04_27	Complete Genome	2023-11-04		5	
ASM2491723v1	GCF_024917235.1	GCA_024917235.1	Escherichia coli	562		3045					GCF_024917235.1-RS_2024_12_18	Complete Genome	2022-09-04		7	
ASM4132009v1	GCF_041320095.1	GCA_041320095.1	Escherichia coli	562		ET479					GCF_041320095.1-RS_2024_09_01	Complete Genome	2024-08-18		4	
ASM1849980v2	GCF_018499805.2	GCA_018499805.2	Escherichia coli	562		JNQH498					GCF_018499805.2-RS_2024_12_29	Complete Genome	2022-09-22		2	
ASM2249299v1	GCF_022492995.1	GCA_022492995.1	Escherichia coli	562		A42					GCF_022492995.1-RS_2025_05_29	Complete Genome	2022-03-07		1	
ASM4299683v1	GCF_042996835.1	GCA_042996835.1	Escherichia coli	562		A2					GCF_042996835.1-RS_2024_10_12	Complete Genome	2024-10-15		3	
ASM1849984v2	GCF_018499845.2	GCA_018499845.2	Escherichia coli	562		JNQH497					GCF_018499845.2-RS_2025_06_01	Complete Genome	2022-03-09		3	
ASM1662948v1	GCF_016629485.1	GCA_016629485.1	Escherichia coli	562		TA8571					GCF_016629485.1-RS_2025_07_19	Complete Genome	2020-12-15		5	
ASM1836136v1	GCF_018361365.1	GCA_018361365.1	Escherichia coli	562		184/2aE					GCF_018361365.1-RS_2025_03_15	Complete Genome	2021-05-14		7	
ASM4801196v1	GCF_048011965.1	GCA_048011965.1	Escherichia coli	562		CUPF09					GCF_048011965.1-RS_2025_02_26	Complete Genome	2025-03-01		3	
ASM90049709v1	GCF_900497095.1	GCA_900497095.1	Escherichia coli	562					EC-TO75		GCF_900497095.1-RS_2025_06_26	Complete Genome	2019-01-29		4	
ASM371104v1	GCF_003711045.1	GCA_003711045.1	Escherichia coli	562		WCHEC020031					GCF_003711045.1-RS_2025_06_26	Complete Genome	2018-11-05		5	
ASM836446v2	GCF_008364465.2	GCA_008364465.2	Escherichia coli	562		Ec1119					GCF_008364465.2-RS_2025_06_12	Complete Genome	2024-06-06		2	
ASM3562181v1	GCF_035621815.1	GCA_035621815.1	Escherichia coli	562		LA3					GCF_035621815.1-RS_2025_03_09	Complete Genome	2024-01-14		4	
ASM3709457v1	GCF_037094575.1	GCA_037094575.1	Escherichia coli	562		MS 16-3					GCF_037094575.1-RS_2025_04_28	Complete Genome	2024-04-05		3	
ASM2458556v1	GCF_024585565.1	GCA_024585565.1	Escherichia coli	562		MB46					GCF_024585565.1-RS_2025_09_11	Complete Genome	2022-08-08		4	
ASM5090915v1	GCF_050909155.1	GCA_050909155.1	Escherichia coli	562		4114					GCF_050909155.1-RS_2025_06_12	Complete Genome	2025-06-13		4	
ASM3752663v1	GCF_037526635.1	GCA_037526635.1	Escherichia coli	562		Z1323PEC0013					GCF_037526635.1-RS_2025_04_28	Complete Genome	2024-04-05		6	
ASM5590049v1	GCF_055900495.1	GCA_055900495.1	Escherichia coli	562					15A23CPO013		GCF_055900495.1-RS_2026_03_15	Complete Genome	2026-03-15	JBVWEV01	1	
ASM3752847v1	GCF_037528475.1	GCA_037528475.1	Escherichia coli	562		Z1323PEC0011					GCF_037528475.1-RS_2025_04_28	Complete Genome	2024-04-05		5	
ASM4778296v1	GCF_047782965.1	GCA_047782965.1	Escherichia coli	562		CUPS03					GCF_047782965.1-RS_2025_02_17	Complete Genome	2025-02-17		4	
ASM4778297v1	GCF_047782975.1	GCA_047782975.1	Escherichia coli	562		CUPS04					GCF_047782975.1-RS_2025_02_17	Complete Genome	2025-02-17		6	
ASM3650092v1	GCF_036500925.1	GCA_036500925.1	Escherichia coli	562		PSS-07					GCF_036500925.1-RS_2025_04_27	Complete Genome	2023-11-03		3	
ASM436801v1	GCF_004368015.1	GCA_004368015.1	Escherichia coli	562		FORC_081					GCF_004368015.1-RS_2025_06_25	Complete Genome	2019-03-25		5	
SC476	GCF_902810415.1	GCA_902810415.1	Escherichia coli	562					SC476		GCF_902810415.1-RS_2025_07_03	Complete Genome	2020-06-28		1	
Escherichia_coli_MAD	GCF_901733115.1	GCA_901733115.1	Escherichia coli	562					EcMAD1		GCF_901733115.1-RS_2025_06_28	Complete Genome	2019-06-09		4	
ASM3016875v1	GCF_030168755.1	GCA_030168755.1	Escherichia coli	562		W444					GCF_030168755.1-RS_2025_06_28	Complete Genome	2023-06-05		8	
ASM2491889v1	GCF_024918895.1	GCA_024918895.1	Escherichia coli	562		p10B					GCF_024918895.1-RS_2024_12_18	Complete Genome	2022-09-04		4	
ASM1921174v1	GCF_019211745.1	GCA_019211745.1	Escherichia coli	562		Sx181-0-1					GCF_019211745.1-RS_2025_08_23	Complete Genome	2021-07-14		2	
ASM1557195v1	GCF_015571955.1	GCA_015571955.1	Escherichia coli	562		Res13-Lact-EB12-05					GCF_015571955.1-RS_2025_07_04	Complete Genome	2020-11-18		6	
ASM1557181v1	GCF_015571815.1	GCA_015571815.1	Escherichia coli	562		Res13-Lact-PEB14-36					GCF_015571815.1-RS_2025_07_05	Complete Genome	2020-11-18		6	
ASM1944336v1	GCF_019443365.1	GCA_019443365.1	Escherichia coli	562		PK5086					GCF_019443365.1-RS_2025_05_31	Complete Genome	2021-08-03		5	
ASM220183v1	GCF_002201835.1	GCA_002201835.1	Escherichia coli	562		AR_0137					GCF_002201835.1-RS_2025_06_20	Complete Genome	2017-06-20		4	
ASM4323121v1	GCF_043231215.1	GCA_043231215.1	Escherichia coli	562		Ec73552					GCF_043231215.1-RS_2024_10_17	Complete Genome	2024-10-18		4	
ASM1643278v1	GCF_016432785.1	GCA_016432785.1	Escherichia coli	562		1EC213					GCF_016432785.1-RS_2025_07_04	Complete Genome	2020-12-29		7	
ASM2249315v1	GCF_022493155.1	GCA_022493155.1	Escherichia coli	562		A39					GCF_022493155.1-RS_2025_05_04	Complete Genome	2022-03-07		1	
ASM3649432v1	GCF_036494325.1	GCA_036494325.1	Escherichia coli	562		LR-17-1					GCF_036494325.1-RS_2025_04_27	Complete Genome	2023-11-03		4	
ASM2985516v1	GCF_029855165.1	GCA_029855165.1	Escherichia coli	562		4588					GCF_029855165.1-RS_2025_06_09	Complete Genome	2023-04-24		3	
ASM1204477v1	GCF_012044775.1	GCA_012044775.1	Escherichia coli	562		PapM-36-2					GCF_012044775.1-RS_2025_07_04	Complete Genome	2020-04-06		2	
ASM5404804v1	GCF_054048045.1	GCA_054048045.1	Escherichia coli	562		167					GCF_054048045.1-RS_2025_12_18	Complete Genome	2025-12-17	JBSWBC01	4	
ASM2794489v1	GCF_027944895.1	GCA_027944895.1	Escherichia coli	562		DETEC-P169					GCF_027944895.1-RS_2025_03_20	Complete Genome	2023-01-24		3	
ASM2014966v1	GCF_020149665.1	GCA_020149665.1	Escherichia coli	562		NDM2					GCF_020149665.1-RS_2025_01_20	Complete Genome	2021-09-27		4	
ASM3622242v1	GCF_036222425.1	GCA_036222425.1	Escherichia coli	562		64					GCF_036222425.1-RS_2025_03_11	Complete Genome	2024-01-25		2	
ASM4025035v1	GCF_040250355.1	GCA_040250355.1	Escherichia coli	562		EC0900					GCF_040250355.1-RS_2025_06_27	Complete Genome	2024-06-22		3	
ASM4610584v1	GCF_046105845.1	GCA_046105845.1	Escherichia coli	562		18KM2445					GCF_046105845.1-RS_2024_12_17	Complete Genome	2024-12-17		2	
ASM1557187v1	GCF_015571875.1	GCA_015571875.1	Escherichia coli	562		Res13-Lact-ER02-39					GCF_015571875.1-RS_2025_07_04	Complete Genome	2020-11-18		6	
ASM3464061v1	GCF_034640615.1	GCA_034640615.1	Escherichia coli	562		KE58					GCF_034640615.1-RS_2025_02_22	Complete Genome	2023-12-26		1	
ASM1557177v1	GCF_015571775.1	GCA_015571775.1	Escherichia coli	562		Res13-Lact-PEA06-10					GCF_015571775.1-RS_2025_07_04	Complete Genome	2020-11-18		6	
ASM5404738v1	GCF_054047385.1	GCA_054047385.1	Escherichia coli	562		167					GCF_054047385.1-RS_2025_12_18	Complete Genome	2025-12-17	JBSWAW01	4	
ASM1407547v1	GCF_014075475.1	GCA_014075475.1	Escherichia coli	562		74-2					GCF_014075475.1-RS_2025_07_03	Complete Genome	2020-08-05		3	
ASM3965419v1	GCF_039654195.1	GCA_039654195.1	Escherichia coli	562		WWCOL-315					GCF_039654195.1-RS_2025_05_27	Complete Genome	2024-05-17		5	
ASM1557163v1	GCF_015571635.1	GCA_015571635.1	Escherichia coli	562		Res13-Lact-PER04-33					GCF_015571635.1-RS_2025_07_04	Complete Genome	2020-11-18		6	
ASM1557165v1	GCF_015571655.1	GCA_015571655.1	Escherichia coli	562		Res13-Lact-PER02-33					GCF_015571655.1-RS_2025_07_04	Complete Genome	2020-11-18		6	
AI2890v1_cpp	GCF_905330545.2	GCA_905330545.2	Escherichia coli	562					538		GCF_905330545.2-RS_2025_06_27	Complete Genome	2022-05-24		4	
ASM480157v1	GCF_004801575.1	GCA_004801575.1	Escherichia coli	562		PigCaeca_1					GCF_004801575.1-RS_2025_06_27	Complete Genome	2019-04-21		5	
ASM3001312v1	GCF_030013125.1	GCA_030013125.1	Escherichia coli	562		ETEC4089					GCF_030013125.1-RS_2025_06_13	Complete Genome	2023-05-15		4	
ASM2365793v1	GCF_023657935.1	GCA_023657935.1	Escherichia coli	562		Z0117EC0133					GCF_023657935.1-RS_2025_07_02	Complete Genome	2022-06-07		4	
AI2843v1_cpp	GCF_905330145.2	GCA_905330145.2	Escherichia coli	562					410		GCF_905330145.2-RS_2025_06_27	Complete Genome	2022-05-24		3	
ASM1557161v1	GCF_015571615.1	GCA_015571615.1	Escherichia coli	562		Res13-Lact-PER12-33-A					GCF_015571615.1-RS_2025_07_04	Complete Genome	2020-11-18		6	
ASM3001276v1	GCF_030012765.1	GCA_030012765.1	Escherichia coli	562		ETEC1702					GCF_030012765.1-RS_2025_06_13	Complete Genome	2023-05-15		9	
ASM5479244v1	GCF_054792445.1	GCA_054792445.1	Escherichia coli	562		DXMF6-3R					GCF_054792445.1-RS_2026_01_28	Complete Genome	2026-01-28	JBTWTR01	5	
ASM190100v1	GCF_001901005.1	GCA_001901005.1	Escherichia coli	562		H15					GCF_001901005.1-RS_2025_06_19	Complete Genome	2016-12-12		2	
SC480	GCF_902810405.1	GCA_902810405.1	Escherichia coli	562					SC480		GCF_902810405.1-RS_2025_07_04	Complete Genome	2020-06-28		1	
EC0026B_C	GCF_949786325.1	GCA_949786325.1	Escherichia coli	562		EC0026B			EC0026B_C		GCF_949786325.1-RS_2025_01_28	Complete Genome	2023-04-11		4	
ASM1557155v1	GCF_015571555.1	GCA_015571555.1	Escherichia coli	562		Res13-Sevr-PER06-05-b-A					GCF_015571555.1-RS_2025_07_04	Complete Genome	2020-11-18		6	
ASM1888406v1	GCF_018884065.1	GCA_018884065.1	Escherichia coli	562		E2					GCF_018884065.1-RS_2025_05_26	Complete Genome	2021-06-15		5	
ASM2491781v1	GCF_024917815.1	GCA_024917815.1	Escherichia coli	562		5264					GCF_024917815.1-RS_2024_12_18	Complete Genome	2022-09-04		4	
ASM5404772v1	GCF_054047725.1	GCA_054047725.1	Escherichia coli	562		167					GCF_054047725.1-RS_2025_12_18	Complete Genome	2025-12-17	JBSWBL01	4	
ASM295179v1	GCF_002951795.1	GCA_002951795.1	Escherichia coli	562		13C1079T					GCF_002951795.1-RS_2025_03_24	Complete Genome	2018-02-05		4	
23-AB02114	GCF_047782535.1	GCA_047782535.1	Escherichia coli	562		23-AB02114					GCF_047782535.1-RS_2025_02_17	Complete Genome	2025-02-17		3	
ASM4503769v1	GCF_045037695.1	GCA_045037695.1	Escherichia coli	562		98209					GCF_045037695.1-RS_2024_11_20	Complete Genome	2024-11-23		3	
MRSN146	GCF_040267555.1	GCA_040267555.1	Escherichia coli	562		146					GCF_040267555.1-RS_2025_06_29	Complete Genome	2024-06-23		2	
ASM2249383v1	GCF_022493835.1	GCA_022493835.1	Escherichia coli	562		A3					GCF_022493835.1-RS_2025_05_02	Complete Genome	2022-03-07		1	
ASM190144v1	GCF_001901445.1	GCA_001901445.1	Escherichia coli	562		S56					GCF_001901445.1-RS_2025_06_17	Complete Genome	2016-12-12		4	
ASM1694250v1	GCF_016942505.1	GCA_016942505.1	Escherichia coli	562		BS90R-A					GCF_016942505.1-RS_2025_07_04	Complete Genome	2021-02-25		8	
ASM2249339v1	GCF_022493395.1	GCA_022493395.1	Escherichia coli	562		A26					GCF_022493395.1-RS_2025_05_30	Complete Genome	2022-03-07		1	
ASM3442271v1	GCF_034422715.1	GCA_034422715.1	Escherichia coli	562		FLI21					GCF_034422715.1-RS_2025_02_19	Complete Genome	2023-12-16		9	
ASM2520067v1	GCF_025200675.1	GCA_025200675.1	Escherichia coli	562		USDA-ARS-USMARC-49610					GCF_025200675.1-RS_2024_12_20	Complete Genome	2022-09-14		3	
ASM2874335v1	GCF_028743355.1	GCA_028743355.1	Escherichia coli	562		B-3008					GCF_028743355.1-RS_2025_04_26	Complete Genome	2023-02-20		1	
ASM3712632v1	GCF_037126325.1	GCA_037126325.1	Escherichia coli	562		KCTC 2571					GCF_037126325.1-RS_2025_04_28	Complete Genome	2024-04-05		1	
ASM5555652v1	GCF_055556525.1	GCA_055556525.1	Escherichia coli	562		N2512					GCF_055556525.1-RS_2026_03_02	Complete Genome	2026-03-03		7	
ASM1320150v1	GCF_013201505.1	GCA_013201505.1	Escherichia coli	562					2-101		GCF_013201505.1-RS_2025_07_03	Complete Genome	2020-06-01		2	
ASM1036554v1	GCF_010365545.1	GCA_010365545.1	Escherichia coli	562		38					GCF_010365545.1-RS_2025_07_02	Complete Genome	2020-02-09		3	
ASM5569726v1	GCF_055697265.1	GCA_055697265.1	Escherichia coli	562		N2409					GCF_055697265.1-RS_2026_03_07	Complete Genome	2026-03-08		3	
ASM3839637v1	GCF_038396375.1	GCA_038396375.1	Escherichia coli	562		KMi012					GCF_038396375.1-RS_2025_05_01	Complete Genome	2024-04-22		5	
ASM2014968v1	GCF_020149685.1	GCA_020149685.1	Escherichia coli	562		NDM3					GCF_020149685.1-RS_2025_01_20	Complete Genome	2021-09-27		4	
ASM2014960v1	GCF_020149605.1	GCA_020149605.1	Escherichia coli	562		NDM4					GCF_020149605.1-RS_2025_01_20	Complete Genome	2021-09-27		3	
ASM4132021v1	GCF_041320215.1	GCA_041320215.1	Escherichia coli	562		ET120					GCF_041320215.1-RS_2024_09_01	Complete Genome	2024-08-18		4	
ASM4131766v1	GCF_041317665.1	GCA_041317665.1	Escherichia coli	562		ET5					GCF_041317665.1-RS_2024_09_01	Complete Genome	2024-08-18		3	
ASM3166235v1	GCF_031662355.1	GCA_031662355.1	Escherichia coli	562		TUM12355					GCF_031662355.1-RS_2024_12_18	Complete Genome	2023-09-19		4	
ASM357176v1	GCF_003571765.1	GCA_003571765.1	Escherichia coli	562		ECCWS199					GCF_003571765.1-RS_2025_06_25	Complete Genome	2018-09-17		3	
ASM2491735v1	GCF_024917355.1	GCA_024917355.1	Escherichia coli	562		4848					GCF_024917355.1-RS_2024_12_18	Complete Genome	2022-09-04		9	
ASM2014970v1	GCF_020149705.1	GCA_020149705.1	Escherichia coli	562		NDM6					GCF_020149705.1-RS_2025_01_20	Complete Genome	2021-09-27		5	
ASM5484996v1	GCF_054849965.1	GCA_054849965.1	Escherichia coli	562		LFB1-1-1R					GCF_054849965.1-RS_2026_01_31	Complete Genome	2026-01-30	JBTWTO01	5	
SC492	GCF_902810375.1	GCA_902810375.1	Escherichia coli	562					SC492		GCF_902810375.1-RS_2025_07_04	Complete Genome	2020-06-28		1	
ASM1997099v1	GCF_019970995.1	GCA_019970995.1	Escherichia coli	562		AH21					GCF_019970995.1-RS_2025_01_16	Complete Genome	2021-09-14		2	
ASM3038488v1	GCF_030384885.1	GCA_030384885.1	Escherichia coli	562		WL297					GCF_030384885.1-RS_2025_07_18	Complete Genome	2023-07-02		5	
38936_F01	GCF_900636105.1	GCA_900636105.1	Escherichia coli	562		NCTC9088					GCF_900636105.1-RS_2025_06_25	Complete Genome	2018-12-20		1	
ASM4985226v1	GCF_049852265.1	GCA_049852265.1	Escherichia coli	562		XSLGL-2					GCF_049852265.1-RS_2025_04_23	Complete Genome	2025-05-13		3	
ASM2450234v1	GCF_024502345.1	GCA_024502345.1	Escherichia coli	562		EC2641					GCF_024502345.1-RS_2025_07_25	Complete Genome	2022-08-01	JALDNN01	3	
ASM864241v1	GCF_008642415.1	GCA_008642415.1	Escherichia coli	562		1500					GCF_008642415.1-RS_2025_06_29	Complete Genome	2019-09-23		3	
ASM2351605v1	GCF_023516055.1	GCA_023516055.1	Escherichia coli	562		19SZHZ803Rt					GCF_023516055.1-RS_2025_06_22	Complete Genome	2022-05-22		4	
ASM2082761v1	GCF_020827615.1	GCA_020827615.1	Escherichia coli	562		elppa6					GCF_020827615.1-RS_2025_02_26	Complete Genome	2021-11-10		6	
ASM2243944v1	GCF_022439445.1	GCA_022439445.1	Escherichia coli	562		KMS2001					GCF_022439445.1-RS_2025_05_25	Complete Genome	2022-03-02		1	
ASM2257691v1	GCF_022576915.1	GCA_022576915.1	Escherichia coli	562		KMS2005					GCF_022576915.1-RS_2025_06_02	Complete Genome	2022-03-15		1	
ASM3309888v1	GCF_033098885.1	GCA_033098885.1	Escherichia coli	562		MS1266					GCF_033098885.1-RS_2025_01_15	Complete Genome	2023-10-27		4	
ASM1676777v1	GCF_016767775.1	GCA_016767775.1	Escherichia coli	562		MS1170					GCF_016767775.1-RS_2025_07_04	Complete Genome	2021-01-28		4	
ASM385657v1	GCF_003856575.1	GCA_003856575.1	Escherichia coli	562		4/2-1					GCF_003856575.1-RS_2024_06_18	Complete Genome	2018-12-03		5	
ASM3178567v1	GCF_031785675.1	GCA_031785675.1	Escherichia coli	562		M23314					GCF_031785675.1-RS_2024_12_19	Complete Genome	2023-09-20		3	
ASM190088v1	GCF_001900885.1	GCA_001900885.1	Escherichia coli	562		H14					GCF_001900885.1-RS_2025_06_19	Complete Genome	2016-12-12		1	
MS10495_ARL02201_ST410	GCF_050389795.1	GCA_050389795.1	Escherichia coli	562		MS10495					GCF_050389795.1-RS_2025_05_18	Complete Genome	2025-05-19		4	
ASM880715v1	GCF_008807155.1	GCA_008807155.1	Escherichia coli	562		YPE12					GCF_008807155.1-RS_2025_06_29	Complete Genome	2019-10-03		5	
ASM3839656v1	GCF_038396565.1	GCA_038396565.1	Escherichia coli	562		21F61					GCF_038396565.1-RS_2025_05_01	Complete Genome	2024-04-22		7	
ASM2353903v1	GCF_023539035.1	GCA_023539035.1	Escherichia coli	562		C288					GCF_023539035.1-RS_2025_06_21	Complete Genome	2022-05-24		4	
ASM2243946v1	GCF_022439465.1	GCA_022439465.1	Escherichia coli	562		EV36					GCF_022439465.1-RS_2025_05_25	Complete Genome	2022-03-02		1	
ASM2265424v1	GCF_022654245.1	GCA_022654245.1	Escherichia coli	562		EV36 mutant 1a					GCF_022654245.1-RS_2025_06_04	Complete Genome	2022-03-21		1	
F1267	GCF_963575475.1	GCA_963575475.1	Escherichia coli	562					F1267		GCF_963575475.1-RS_2025_01_15	Complete Genome	2023-10-28		5	
ASM1731005v1	GCF_017310055.1	GCA_017310055.1	Escherichia coli	562		LZYWN_4					GCF_017310055.1-RS_2025_07_05	Complete Genome	2021-03-09		8	
ASM967108v1	GCF_009671085.1	GCA_009671085.1	Escherichia coli	562		1916D6					GCF_009671085.1-RS_2025_06_30	Complete Genome	2019-11-19		3	
ASM5555649v1	GCF_055556495.1	GCA_055556495.1	Escherichia coli	562		N779					GCF_055556495.1-RS_2026_03_02	Complete Genome	2026-03-03		5	
ASM5569820v1	GCF_055698205.1	GCA_055698205.1	Escherichia coli	562		N780					GCF_055698205.1-RS_2026_03_07	Complete Genome	2026-03-08		5	
ASM799517v1	GCF_007995175.1	GCA_007995175.1	Escherichia coli	562		LD91-1					GCF_007995175.1-RS_2025_06_29	Complete Genome	2019-08-14		4	
ASM4432488v1	GCF_044324885.1	GCA_044324885.1	Escherichia coli	562		GF66.1					GCF_044324885.1-RS_2024_11_04	Complete Genome	2024-11-04		9	
ASM274133v1	GCF_002741335.1	GCA_002741335.1	Escherichia coli	562		F5656C1					GCF_002741335.1-RS_2025_06_22	Complete Genome	2017-11-02		3	
ASM4073550v1	GCF_040735505.1	GCA_040735505.1	Escherichia coli	562		20Y000092					GCF_040735505.1-RS_2024_07_17	Complete Genome	2024-07-17		2	
ASM2433137v2	GCF_024331375.2	GCA_024331375.2	Escherichia coli	562		MLI108K2					GCF_024331375.2-RS_2025_06_12	Complete Genome	2023-02-08		7	
ASM190092v1	GCF_001900925.1	GCA_001900925.1	Escherichia coli	562		S21					GCF_001900925.1-RS_2025_06_19	Complete Genome	2016-12-12		1	
ASM335517v1	GCF_003355175.1	GCA_003355175.1	Escherichia coli	562		ST2350			Es_ST2350_SE1_NDM_03_2018		GCF_003355175.1-RS_2025_06_24	Complete Genome	2018-08-05		3	
ASM2088657v2	GCF_020886575.2	GCA_020886575.2	Escherichia coli	562		2017.11.01CC					GCF_020886575.2-RS_2025_03_19	Complete Genome	2021-12-06		4	
ASM1416947v1	GCF_014169475.1	GCA_014169475.1	Escherichia coli	562		WP7-S17-ESBL-04					GCF_014169475.1-RS_2025_07_04	Complete Genome	2020-07-21		6	
ASM1688956v1	GCF_016889565.1	GCA_016889565.1	Escherichia coli	562		EA13					GCF_016889565.1-RS_2025_07_04	Complete Genome	2021-02-15		5	
ASM5152198v1	GCF_051521985.1	GCA_051521985.1	Escherichia coli	562		I4					GCF_051521985.1-RS_2025_07_25	Complete Genome	2025-07-29		2	
ASM5537930v1	GCF_055379305.1	GCA_055379305.1	Escherichia coli	562		AST205					GCF_055379305.1-RS_2026_02_24	Complete Genome	2026-02-25		3	
ASM2470087v2	GCF_024700875.2	GCA_024700875.2	Escherichia coli	562		MLI108K1					GCF_024700875.2-RS_2025_04_16	Complete Genome	2023-02-08		7	
ASM5569821v1	GCF_055698215.1	GCA_055698215.1	Escherichia coli	562		N1024					GCF_055698215.1-RS_2026_03_07	Complete Genome	2026-03-08		5	
ASM5152237v1	GCF_051522375.1	GCA_051522375.1	Escherichia coli	562		J2					GCF_051522375.1-RS_2025_07_25	Complete Genome	2025-07-29		4	
ASM3654919v1	GCF_036549195.1	GCA_036549195.1	Escherichia coli	562		H106					GCF_036549195.1-RS_2025_03_16	Complete Genome	2024-02-12		3	
ASM4132017v1	GCF_041320175.1	GCA_041320175.1	Escherichia coli	562		ET220					GCF_041320175.1-RS_2024_09_01	Complete Genome	2024-08-18		6	
ASM1138308v1	GCF_011383085.1	GCA_011383085.1	Escherichia coli	562		JL05					GCF_011383085.1-RS_2025_07_02	Complete Genome	2020-03-17		2	
ASM2794469v1	GCF_027944695.1	GCA_027944695.1	Escherichia coli	562		DETEC-P881					GCF_027944695.1-RS_2025_03_20	Complete Genome	2023-01-24		3	
ASM167892v1	GCF_001678925.1	GCA_001678925.1	Escherichia coli	562		H1827/12					GCF_001678925.1-RS_2025_03_23	Complete Genome	2016-07-05		1	
ASM3839639v1	GCF_038396395.1	GCA_038396395.1	Escherichia coli	562		KFu015					GCF_038396395.1-RS_2025_05_01	Complete Genome	2024-04-22		9	
ASM1036546v1	GCF_010365465.1	GCA_010365465.1	Escherichia coli	562		124					GCF_010365465.1-RS_2025_07_02	Complete Genome	2020-02-09		5	
ASM3650681v1	GCF_036506815.1	GCA_036506815.1	Escherichia coli	562		2017.20.01CC					GCF_036506815.1-RS_2025_04_27	Complete Genome	2023-11-04		4	
F1053	GCF_963585905.1	GCA_963585905.1	Escherichia coli	562					F1053		GCF_963585905.1-RS_2025_01_25	Complete Genome	2023-11-10		3	
ASM1989085v1	GCF_019890855.1	GCA_019890855.1	Escherichia coli	562		VCSW7					GCF_019890855.1-RS_2025_01_07	Complete Genome	2021-09-07		2	
ASM3649732v1	GCF_036497325.1	GCA_036497325.1	Escherichia coli	562		LR-58-1					GCF_036497325.1-RS_2025_04_27	Complete Genome	2023-11-03		10	
EC0026B_R1	GCF_949786345.1	GCA_949786345.1	Escherichia coli	562		EC0026B			EC0026B_R1		GCF_949786345.1-RS_2025_01_28	Complete Genome	2023-04-11		4	
ASM1989103v1	GCF_019891035.1	GCA_019891035.1	Escherichia coli	562		AL.H8					GCF_019891035.1-RS_2025_01_07	Complete Genome	2021-09-07		2	
ASM1943437v1	GCF_019434375.1	GCA_019434375.1	Escherichia coli	562		L3452210II					GCF_019434375.1-RS_2025_09_19	Complete Genome	2021-08-02		5	
SC475	GCF_902810385.1	GCA_902810385.1	Escherichia coli	562					SC475		GCF_902810385.1-RS_2025_07_04	Complete Genome	2020-06-28		1	
ASM5404732v1	GCF_054047325.1	GCA_054047325.1	Escherichia coli	562		167					GCF_054047325.1-RS_2025_12_18	Complete Genome	2025-12-17	JBSWBN01	6	
PRO_A-1496-6W-A_ESBL	GCF_054388965.1	GCA_054388965.1	Escherichia coli	562		PRO_A-1496-6W-A_ESBL					GCF_054388965.1-RS_2026_01_07	Complete Genome	2026-01-07	JBSTQN01	6	
ASM295169v1	GCF_002951695.1	GCA_002951695.1	Escherichia coli	562		Combat13F7					GCF_002951695.1-RS_2025_06_22	Complete Genome	2018-02-05		5	
ASM3709454v1	GCF_037094545.1	GCA_037094545.1	Escherichia coli	562		MS 57-2					GCF_037094545.1-RS_2025_04_28	Complete Genome	2024-04-05		3	
ASM5555655v1	GCF_055556555.1	GCA_055556555.1	Escherichia coli	562		N1083					GCF_055556555.1-RS_2026_03_02	Complete Genome	2026-03-03		5	
ASM413585v1	GCF_004135855.1	GCA_004135855.1	Escherichia coli	562		FORC_082					GCF_004135855.1-RS_2024_06_18	Complete Genome	2019-02-04		4	
W21	GCF_041005995.1	GCA_041005995.1	Escherichia coli	562		W21			China:Kunming		GCF_041005995.1-RS_2024_08_02	Complete Genome	2024-08-03		5	
ASM3728080v1	GCF_037280805.1	GCA_037280805.1	Escherichia coli	562		GN03590					GCF_037280805.1-RS_2025_04_28	Complete Genome	2024-04-05		2	
ASM3727538v1	GCF_037275385.1	GCA_037275385.1	Escherichia coli	562		GN03507					GCF_037275385.1-RS_2025_04_28	Complete Genome	2024-04-05		2	
ASM2249325v1	GCF_022493255.1	GCA_022493255.1	Escherichia coli	562		A32					GCF_022493255.1-RS_2025_05_04	Complete Genome	2022-03-07		1	
ASM3688480v1	GCF_036884805.1	GCA_036884805.1	Escherichia coli	562		S1-CAM-01-C					GCF_036884805.1-RS_2025_04_28	Complete Genome	2024-04-05		4	
ASM2353901v1	GCF_023539015.1	GCA_023539015.1	Escherichia coli	562		C289					GCF_023539015.1-RS_2025_06_23	Complete Genome	2022-05-24		4	
ASM3839670v1	GCF_038396705.1	GCA_038396705.1	Escherichia coli	562		1008S13					GCF_038396705.1-RS_2025_05_01	Complete Genome	2024-04-22		2	
ASM2249347v1	GCF_022493475.1	GCA_022493475.1	Escherichia coli	562		A22					GCF_022493475.1-RS_2025_05_03	Complete Genome	2022-03-07		1	
ASM5580793v1	GCF_055807935.1	GCA_055807935.1	Escherichia coli	562		45E					GCF_055807935.1-RS_2026_03_12	Complete Genome	2026-03-12	JBVODN01	4	
ASM882318v1	GCF_008823185.1	GCA_008823185.1	Escherichia coli	562		PK6					GCF_008823185.1-RS_2025_06_28	Complete Genome	2019-10-04		5	
ASM4920190v1	GCF_049201905.1	GCA_049201905.1	Escherichia coli	562		CUPS SST 5/1					GCF_049201905.1-RS_2025_04_03	Complete Genome	2025-04-04		4	
ASM5160562v1	GCF_051605625.1	GCA_051605625.1	Escherichia coli	562		23AR1217					GCF_051605625.1-RS_2025_07_31	Complete Genome	2025-08-01		6	
ASM1320123v1	GCF_013201235.1	GCA_013201235.1	Escherichia coli	562		CP8-3_Sichuan					GCF_013201235.1-RS_2025_07_03	Complete Genome	2020-05-31		8	
ASM3649920v1	GCF_036499205.1	GCA_036499205.1	Escherichia coli	562		PSJ-14					GCF_036499205.1-RS_2025_04_27	Complete Genome	2023-11-03		6	
ASM4802028v1	GCF_048020285.1	GCA_048020285.1	Escherichia coli	562		EC24					GCF_048020285.1-RS_2025_02_26	Complete Genome	2025-03-01		7	
EC0026B_R4	GCF_949786285.1	GCA_949786285.1	Escherichia coli	562		EC0026B			EC0026B_R4		GCF_949786285.1-RS_2025_01_28	Complete Genome	2023-04-11		3	
ASM2476020v1	GCF_024760205.1	GCA_024760205.1	Escherichia coli	562		2e					GCF_024760205.1-RS_2024_12_16	Complete Genome	2022-08-29		3	
ASM3649540v1	GCF_036495405.1	GCA_036495405.1	Escherichia coli	562		LR-27					GCF_036495405.1-RS_2025_04_27	Complete Genome	2023-11-03		6	
ASM2497181v1	GCF_024971815.1	GCA_024971815.1	Escherichia coli	562		HL15					GCF_024971815.1-RS_2024_12_18	Complete Genome	2022-09-06		3	
ASM2497179v1	GCF_024971795.1	GCA_024971795.1	Escherichia coli	562		SF10					GCF_024971795.1-RS_2025_03_26	Complete Genome	2022-09-06		4	
ASM5160724v1	GCF_051607245.1	GCA_051607245.1	Escherichia coli	562		23AR0885					GCF_051607245.1-RS_2025_07_31	Complete Genome	2025-08-01		9	
ASM5538153v1	GCF_055381535.1	GCA_055381535.1	Escherichia coli	562		AST19					GCF_055381535.1-RS_2026_02_24	Complete Genome	2026-02-25		2	
ASM2564223v1	GCF_025642235.1	GCA_025642235.1	Escherichia coli	562		B-JRPT-4119					GCF_025642235.1-RS_2025_01_15	Complete Genome	2022-10-11		1	
ASM295173v1	GCF_002951735.1	GCA_002951735.1	Escherichia coli	562		13P484A					GCF_002951735.1-RS_2025_03_24	Complete Genome	2018-02-05		5	
ASM2650637v1	GCF_026506375.1	GCA_026506375.1	Escherichia coli	562		MS1665					GCF_026506375.1-RS_2025_02_26	Complete Genome	2022-11-29		3	
ASM5160482v1	GCF_051604825.1	GCA_051604825.1	Escherichia coli	562		24AR0180					GCF_051604825.1-RS_2025_07_31	Complete Genome	2025-08-01		6	
ASM5495174v1	GCF_054951745.1	GCA_054951745.1	Escherichia coli	562		R2					GCF_054951745.1-RS_2026_02_08	Complete Genome	2026-02-07	JBUCYP01	9	
ASM3650110v1	GCF_036501105.1	GCA_036501105.1	Escherichia coli	562		PSS-08-1					GCF_036501105.1-RS_2025_04_27	Complete Genome	2023-11-04		3	
ASM3121010v1	GCF_031210105.1	GCA_031210105.1	Escherichia coli	562		T2					GCF_031210105.1-RS_2025_09_19	Complete Genome	2023-09-06		3	
42925_A01	GCF_900636595.1	GCA_900636595.1	Escherichia coli	562		NCTC9080					GCF_900636595.1-RS_2024_06_18	Complete Genome	2018-12-20		1	
ASM492425v1	GCF_004924255.1	GCA_004924255.1	Escherichia coli	562		YSP8-1					GCF_004924255.1-RS_2025_06_27	Complete Genome	2019-04-30		3	
ASM311178v1	GCF_003111785.1	GCA_003111785.1	Escherichia coli	562		H9Ecoli					GCF_003111785.1-RS_2025_06_22	Complete Genome	2018-05-10		5	
ASM5568802v1	GCF_055688025.1	GCA_055688025.1	Escherichia coli	562		XPF_3_complete					GCF_055688025.1-RS_2026_03_05	Complete Genome	2026-03-05	JBVNBS01	3	
EC0026B_R3	GCF_949786315.1	GCA_949786315.1	Escherichia coli	562		EC0026B			EC0026B_R3		GCF_949786315.1-RS_2025_01_28	Complete Genome	2023-04-11		3	
ASM1708846v1	GCF_017088465.1	GCA_017088465.1	Escherichia coli	562		65COLEC					GCF_017088465.1-RS_2025_07_04	Complete Genome	2021-03-01		6	
ASM2429846v1	GCF_024298465.1	GCA_024298465.1	Escherichia coli	562		EC21Z-063					GCF_024298465.1-RS_2025_08_05	Complete Genome	2022-07-18		6	
ASM2249349v1	GCF_022493495.1	GCA_022493495.1	Escherichia coli	562		A21					GCF_022493495.1-RS_2025_05_30	Complete Genome	2022-03-07		1	
ASM2351609v1	GCF_023516095.1	GCA_023516095.1	Escherichia coli	562		19SZHZ663Rt					GCF_023516095.1-RS_2025_06_21	Complete Genome	2022-05-22		5	
ASM1337234v1	GCF_013372345.1	GCA_013372345.1	Escherichia coli	562		EcPF16					GCF_013372345.1-RS_2025_07_03	Complete Genome	2020-06-24		3	
EC0026B_R2	GCF_949786305.1	GCA_949786305.1	Escherichia coli	562		EC0026B			EC0026B_R2		GCF_949786305.1-RS_2025_01_28	Complete Genome	2023-04-11		3	
ASM5332387v1	GCF_053323875.1	GCA_053323875.1	Escherichia coli	562		E3					GCF_053323875.1-RS_2025_11_18	Complete Genome	2025-11-05	JBRYYF01	3	
ASM1690399v1	GCF_016903995.1	GCA_016903995.1	Escherichia coli	562		FDAARGOS_1337					GCF_016903995.1-RS_2025_07_04	Complete Genome	2021-02-17		11	
L2_E1649	GCF_904830965.1	GCA_904830965.1	Escherichia coli	562					L2_E1649		GCF_904830965.1-RS_2025_07_04	Complete Genome	2020-11-16		5	
ASM1694261v1	GCF_016942615.1	GCA_016942615.1	Escherichia coli	562		EM18-18-42					GCF_016942615.1-RS_2025_07_04	Complete Genome	2021-02-25		3	
ASM2458544v1	GCF_024585445.1	GCA_024585445.1	Escherichia coli	562		MB56					GCF_024585445.1-RS_2025_09_10	Complete Genome	2022-08-08		3	
ASM3016649v1	GCF_030166495.1	GCA_030166495.1	Escherichia coli	562		DAX4					GCF_030166495.1-RS_2025_06_27	Complete Genome	2023-06-05		2	
ASM5310307v1	GCF_053103075.1	GCA_053103075.1	Escherichia coli	562		PCP06173					GCF_053103075.1-RS_2025_11_18	Complete Genome	2025-10-16	JBRNHW01	2	
ASM5294335v2	GCF_052943355.2	GCA_052943355.2	Escherichia coli	562		IAL7255					GCF_052943355.2-RS_2025_11_19	Complete Genome	2025-11-17	JBRFVM02	4	
ASM303390v1	GCF_003033905.1	GCA_003033905.1	Escherichia coli	562		26561					GCF_003033905.1-RS_2025_06_23	Complete Genome	2018-04-04		3	
ASM4926706v1	GCF_049267065.1	GCA_049267065.1	Escherichia coli	562		F3_13_1_3					GCF_049267065.1-RS_2025_04_04	Complete Genome	2025-04-05		2	
1255	GCF_050932135.1	GCA_050932135.1	Escherichia coli	562		DSM 103263					GCF_050932135.1-RS_2025_06_17	Complete Genome	2025-06-17		2	
ASM188807v1	GCF_001888075.1	GCA_001888075.1	Escherichia coli	562		FMU073332					GCF_001888075.1-RS_2025_06_19	Complete Genome	2016-12-02		5	
ASM3712618v1	GCF_037126185.1	GCA_037126185.1	Escherichia coli	562		FACU 2024					GCF_037126185.1-RS_2025_04_28	Complete Genome	2024-04-05		2	
ASM5310317v1	GCF_053103175.1	GCA_053103175.1	Escherichia coli	562		MB07152					GCF_053103175.1-RS_2025_11_18	Complete Genome	2025-10-16	JBRNID01	2	
ASM5304812v1	GCF_053048125.1	GCA_053048125.1	Escherichia coli	562		MDK9L1					GCF_053048125.1-RS_2025_11_17	Complete Genome	2025-11-18		4	
ASM4409916v1	GCF_044099165.1	GCA_044099165.1	Escherichia coli	562		QL57EC					GCF_044099165.1-RS_2024_12_02	Complete Genome	2024-10-31		3	
ASM1482601v1	GCF_014826015.1	GCA_014826015.1	Escherichia coli	562		JS316					GCF_014826015.1-RS_2025_07_04	Complete Genome	2020-09-30		6	
ASM1757986v1	GCF_017579865.1	GCA_017579865.1	Escherichia coli	562		AR Bank #0346					GCF_017579865.1-RS_2025_07_06	Complete Genome	2021-03-24		3	
ASM4131675v1	GCF_041316755.1	GCA_041316755.1	Escherichia coli	562		ET881					GCF_041316755.1-RS_2024_09_01	Complete Genome	2024-08-17		5	
ASM3237510v1	GCF_032375105.1	GCA_032375105.1	Escherichia coli	562		TUM14664					GCF_032375105.1-RS_2024_12_30	Complete Genome	2023-10-05		4	
SC423	GCF_902810325.1	GCA_902810325.1	Escherichia coli	562					SC423		GCF_902810325.1-RS_2025_07_04	Complete Genome	2020-06-28		1	
ASM2255874v1	GCF_022558745.1	GCA_022558745.1	Escherichia coli	562		EC21					GCF_022558745.1-RS_2025_06_02	Complete Genome	2022-03-14		3	
ASM231071v1	GCF_002310715.1	GCA_002310715.1	Escherichia coli	562		1223					GCF_002310715.1-RS_2025_06_21	Complete Genome	2017-09-18		3	
ASM5316474v1	GCF_053164745.1	GCA_053164745.1	Escherichia coli	562		BKQWHE					GCF_053164745.1-RS_2025_11_18	Complete Genome	2025-11-19		1	
ASM4432481v1	GCF_044324815.1	GCA_044324815.1	Escherichia coli	562		GF31					GCF_044324815.1-RS_2024_11_04	Complete Genome	2024-11-04		7	
SC467	GCF_902825205.1	GCA_902825205.1	Escherichia coli	562					SC467		GCF_902825205.1-RS_2025_07_03	Complete Genome	2020-03-13		1	
ASM5569806v1	GCF_055698065.1	GCA_055698065.1	Escherichia coli	562		N196					GCF_055698065.1-RS_2026_03_07	Complete Genome	2026-03-08		7	
ASM3649806v1	GCF_036498065.1	GCA_036498065.1	Escherichia coli	562		LR-64-1					GCF_036498065.1-RS_2025_04_27	Complete Genome	2023-11-03		7	
ASM2149802v2	GCF_021498025.2	GCA_021498025.2	Escherichia coli	562		258E					GCF_021498025.2-RS_2025_06_21	Complete Genome	2022-05-12		4	
ASM5310276v1	GCF_053102765.1	GCA_053102765.1	Escherichia coli	562		SW07099					GCF_053102765.1-RS_2025_11_18	Complete Genome	2025-10-16	JBRNHI01	1	
ASM2578282v1	GCF_025782825.1	GCA_025782825.1	Escherichia coli	562		HUM3355					GCF_025782825.1-RS_2025_02_11	Complete Genome	2022-10-21		4	
ASM3668739v1	GCF_036687395.1	GCA_036687395.1	Escherichia coli	562		B18271					GCF_036687395.1-RS_2025_04_28	Complete Genome	2024-04-05		3	
ASM3029619v1	GCF_030296195.1	GCA_030296195.1	Escherichia coli	562		EC261			EC261		GCF_030296195.1-RS_2025_07_09	Complete Genome	2023-03-21		4	
E300081.fasta	GCF_052907845.1	GCA_052907845.1	Escherichia coli	562		300081					GCF_052907845.1-RS_2025_11_17	Complete Genome	2025-09-29	JBREQW01	4	
ASM3166101v1	GCF_031661015.1	GCA_031661015.1	Escherichia coli	562		TUM11353					GCF_031661015.1-RS_2024_12_18	Complete Genome	2023-09-19		4	
ASM3649900v1	GCF_036499005.1	GCA_036499005.1	Escherichia coli	562		PSJ-12					GCF_036499005.1-RS_2025_04_27	Complete Genome	2023-11-03		4	
ASM2449915v1	GCF_024499155.1	GCA_024499155.1	Escherichia coli	562		CPF6					GCF_024499155.1-RS_2025_08_27	Complete Genome	2022-08-01		11	
ASM3041022v2	GCF_030410225.2	GCA_030410225.2	Escherichia coli	562		EC01307					GCF_030410225.2-RS_2025_11_18	Complete Genome	2025-11-06	JAUFNX02	4	
ASM4131998v1	GCF_041319985.1	GCA_041319985.1	Escherichia coli	562		ET776					GCF_041319985.1-RS_2024_09_01	Complete Genome	2024-08-18		5	
ASM4802109v1	GCF_048021095.1	GCA_048021095.1	Escherichia coli	562		EC130					GCF_048021095.1-RS_2025_02_26	Complete Genome	2025-03-01		5	
ASM2515911v1	GCF_025159115.1	GCA_025159115.1	Escherichia coli	562		HB42					GCF_025159115.1-RS_2024_12_19	Complete Genome	2022-09-13		6	
2016-17-550	GCF_904842665.1	GCA_904842665.1	Escherichia coli	562				Quinolone resistant	2016-17-550		GCF_904842665.1-RS_2025_07_04	Complete Genome	2020-10-12		2	
ASM1814114v1	GCF_018141145.1	GCA_018141145.1	Escherichia coli	562		EC50					GCF_018141145.1-RS_2025_07_06	Complete Genome	2021-04-27		3	
ASM5539581v1	GCF_055395815.1	GCA_055395815.1	Escherichia coli	562		HCM-26C-1					GCF_055395815.1-RS_2026_02_24	Complete Genome	2026-02-25		2	
ASM3405979v1	GCF_034059795.1	GCA_034059795.1	Escherichia coli	562		YZ22PE165					GCF_034059795.1-RS_2025_02_04	Complete Genome	2023-12-04		4	
ASM1140435v1	GCF_011404355.1	GCA_011404355.1	Escherichia coli	562		2018-01-1CC					GCF_011404355.1-RS_2025_05_03	Complete Genome	2020-02-10		1	
ASM3650699v1	GCF_036506995.1	GCA_036506995.1	Escherichia coli	562		2018-01-1CC					GCF_036506995.1-RS_2025_04_27	Complete Genome	2023-11-04		4	
ASM190069v1	GCF_001900695.1	GCA_001900695.1	Escherichia coli	562		D6					GCF_001900695.1-RS_2025_06_16	Complete Genome	2016-12-12		2	
ASM258979v1	GCF_002589795.1	GCA_002589795.1	Escherichia coli	562		FDAARGOS_433					GCF_002589795.1-RS_2025_06_21	Complete Genome	2017-10-18		11	
ASM1690439v1	GCF_016904395.1	GCA_016904395.1	Escherichia coli	562		FDAARGOS_1277					GCF_016904395.1-RS_2025_07_04	Complete Genome	2021-02-17		2	
ASM5305920v1	GCF_053059205.1	GCA_053059205.1	Escherichia coli	562		CREC_5					GCF_053059205.1-RS_2026_02_17	Complete Genome	2025-10-13	JBRNXJ01	5	
ASM1827912v1	GCF_018279125.1	GCA_018279125.1	Escherichia coli	562		19-5					GCF_018279125.1-RS_2025_07_06	Complete Genome	2021-05-05		9	
ASM973814v1	GCF_009738145.1	GCA_009738145.1	Escherichia coli	562		NT1F31					GCF_009738145.1-RS_2025_03_16	Complete Genome	2019-12-10		4	
ASM5294339v2	GCF_052943395.1	GCA_052943395.2	Escherichia coli	562		IAL7250					GCF_052943395.1-RS_2026_01_15	Complete Genome	2025-11-17	JBRFVO02	4	
ASM2255888v1	GCF_022558885.1	GCA_022558885.1	Escherichia coli	562		EC13					GCF_022558885.1-RS_2025_06_02	Complete Genome	2022-03-14		5	
ASM967110v1	GCF_009671105.1	GCA_009671105.1	Escherichia coli	562		1919D3					GCF_009671105.1-RS_2025_06_30	Complete Genome	2019-11-19		3	
ASM2624888v1	GCF_026248885.1	GCA_026248885.1	Escherichia coli	562		XYEH3934					GCF_026248885.1-RS_2025_02_22	Complete Genome	2022-11-21		5	
ASM5152192v1	GCF_051521925.1	GCA_051521925.1	Escherichia coli	562		A3					GCF_051521925.1-RS_2025_07_25	Complete Genome	2025-07-29		2	
ASM5385225v1	GCF_053852255.1	GCA_053852255.1	Escherichia coli	562		mip270_04					GCF_053852255.1-RS_2025_12_08	Complete Genome	2025-12-07	JBSQGZ01	11	
ASM201210v1	GCF_002012105.1	GCA_002012105.1	Escherichia coli	562		Ecol_AZ147					GCF_002012105.1-RS_2025_06_20	Complete Genome	2017-03-03		4	
ASM3650761v1	GCF_036507615.1	GCA_036507615.1	Escherichia coli	562		2018-05-5CC					GCF_036507615.1-RS_2025_04_27	Complete Genome	2023-11-04		3	
ASM1339382v1	GCF_013393825.1	GCA_013393825.1	Escherichia coli	562		FT130					GCF_013393825.1-RS_2025_07_03	Complete Genome	2020-07-08		3	
ASM1106457v1	GCF_011064575.1	GCA_011064575.1	Escherichia coli	562		UMB200201_11					GCF_011064575.1-RS_2025_07_03	Complete Genome	2020-03-05		1	
ASM1490443v2	GCF_014904435.2	GCA_014904435.2	Escherichia coli	562		NT1F10					GCF_014904435.2-RS_2025_03_15	Complete Genome	2021-05-28		4	
ASM5404734v1	GCF_054047345.1	GCA_054047345.1	Escherichia coli	562		167					GCF_054047345.1-RS_2025_12_18	Complete Genome	2025-12-17	JBSWBO01	5	
ASM216393v1	GCF_002163935.1	GCA_002163935.1	Escherichia coli	562		KSC1031					GCF_002163935.1-RS_2025_06_19	Complete Genome	2017-06-02		2	
ASM1311233v1	GCF_013112335.1	GCA_013112335.1	Escherichia coli	562		GF3-3					GCF_013112335.1-RS_2025_07_03	Complete Genome	2020-05-17		1	
ASM216395v1	GCF_002163955.1	GCA_002163955.1	Escherichia coli	562		KSC207					GCF_002163955.1-RS_2025_02_02	Complete Genome	2017-06-02		2	
ASM3165995v1	GCF_031659955.1	GCA_031659955.1	Escherichia coli	562		TUM17668					GCF_031659955.1-RS_2024_12_18	Complete Genome	2023-09-19		5	
ASM994914v1	GCF_009949145.1	GCA_009949145.1	Escherichia coli	562		STEC711					GCF_009949145.1-RS_2025_06_30	Complete Genome	2020-01-29		6	
ASM2473409v1	GCF_024734095.1	GCA_024734095.1	Escherichia coli	562		573					GCF_024734095.1-RS_2025_09_22	Complete Genome	2022-08-23		6	
ASM2337017v1	GCF_023370175.1	GCA_023370175.1	Escherichia coli	562		SH21PTE31					GCF_023370175.1-RS_2025_06_16	Complete Genome	2022-05-15		5	
ASM5310323v1	GCF_053103235.1	GCA_053103235.1	Escherichia coli	562		MB07011					GCF_053103235.1-RS_2025_11_18	Complete Genome	2025-10-16	JBRNIF01	1	
ASM2269586v1	GCF_022695865.1	GCA_022695865.1	Escherichia coli	562		Ec-RL2-1X					GCF_022695865.1-RS_2025_06_05	Complete Genome	2022-03-25		5	
ASM3649495v1	GCF_036494955.1	GCA_036494955.1	Escherichia coli	562		LR-24					GCF_036494955.1-RS_2025_04_27	Complete Genome	2023-11-03		6	
ASM2520055v1	GCF_025200555.1	GCA_025200555.1	Escherichia coli	562		USDA-ARS-USMARC-51408					GCF_025200555.1-RS_2024_12_20	Complete Genome	2022-09-14		3	
39641_B02	GCF_900474445.1	GCA_900474445.1	Escherichia coli	562		NCTC9966					GCF_900474445.1-RS_2025_06_23	Complete Genome	2018-06-18		1	
ASM3710141v1	GCF_037101415.1	GCA_037101415.1	Escherichia coli	562		TOK-001					GCF_037101415.1-RS_2025_04_27	Complete Genome	2024-04-05		3	
38344_F01	GCF_900474495.1	GCA_900474495.1	Escherichia coli	562		NCTC11023					GCF_900474495.1-RS_2025_06_23	Complete Genome	2018-06-18		1	
E200088.fasta	GCF_052907945.1	GCA_052907945.1	Escherichia coli	562		200088					GCF_052907945.1-RS_2025_11_17	Complete Genome	2025-09-29	JBRERB01	1	
ASM4534472v1	GCF_045344725.1	GCA_045344725.1	Escherichia coli	562		Z1323HEC0355					GCF_045344725.1-RS_2024_11_27	Complete Genome	2024-11-27		3	
A65EC	GCF_048163845.1	GCA_048163845.1	Escherichia coli	562		A65EC					GCF_048163845.1-RS_2025_02_28	Complete Genome	2025-03-01		5	
ASM1066900v1	GCF_010669005.1	GCA_010669005.1	Escherichia coli	562		PapRG-06-3					GCF_010669005.1-RS_2025_07_03	Complete Genome	2020-02-15		1	
ASM2265454v1	GCF_022654545.1	GCA_022654545.1	Escherichia coli	562		EV36 mutant 5a					GCF_022654545.1-RS_2025_06_02	Complete Genome	2022-03-21		1	
ASM329020v1	GCF_003290205.1	GCA_003290205.1	Escherichia coli	562		99-3165					GCF_003290205.1-RS_2025_06_22	Complete Genome	2018-07-06		4	
ASM5451071v1	GCF_054510715.1	GCA_054510715.1	Escherichia coli	562		SRY206					GCF_054510715.1-RS_2026_01_18	Complete Genome	2026-01-18		5	
ASM2088649v2	GCF_020886495.2	GCA_020886495.2	Escherichia coli	562		2017.09.02CC					GCF_020886495.2-RS_2025_03_19	Complete Genome	2021-12-06		6	
ASM2351613v1	GCF_023516135.1	GCA_023516135.1	Escherichia coli	562		19SZHZ869Rt					GCF_023516135.1-RS_2025_06_21	Complete Genome	2022-05-22		4	
ASM480420v1	GCF_004804205.1	GCA_004804205.1	Escherichia coli	562		382634_2f					GCF_004804205.1-RS_2025_06_27	Complete Genome	2019-04-23		1	
ASM3964536v1	GCF_039645365.1	GCA_039645365.1	Escherichia coli	562		JSWP021					GCF_039645365.1-RS_2025_05_26	Complete Genome	2024-05-16		7	
ASM1416999v1	GCF_014169995.1	GCA_014169995.1	Escherichia coli	562		IDR1900005638-01-02					GCF_014169995.1-RS_2025_07_04	Complete Genome	2020-08-12		3	
ASM190131v1	GCF_001901315.1	GCA_001901315.1	Escherichia coli	562		S1					GCF_001901315.1-RS_2025_06_17	Complete Genome	2016-12-12		2	
ASM5451072v1	GCF_054510725.1	GCA_054510725.1	Escherichia coli	562		SRY157					GCF_054510725.1-RS_2026_01_18	Complete Genome	2026-01-18		5	
ASM5451073v1	GCF_054510735.1	GCA_054510735.1	Escherichia coli	562		SRY149					GCF_054510735.1-RS_2026_01_18	Complete Genome	2026-01-18		5	
ASM3650399v1	GCF_036503995.1	GCA_036503995.1	Escherichia coli	562		2017.03.02CC					GCF_036503995.1-RS_2025_09_12	Complete Genome	2023-11-04		5	
ASM1140459v1	GCF_011404595.1	GCA_011404595.1	Escherichia coli	562		2018-10-1CC					GCF_011404595.1-RS_2025_05_04	Complete Genome	2020-02-10		1	
ASM3650266v1	GCF_036502665.1	GCA_036502665.1	Escherichia coli	562		TBU0218_10-1CC					GCF_036502665.1-RS_2025_09_12	Complete Genome	2023-11-04		4	
ASM3636282v1	GCF_036362825.1	GCA_036362825.1	Escherichia coli	562		FJ_Ec_21					GCF_036362825.1-RS_2025_03_12	Complete Genome	2024-02-05		5	
ASM1694473v1	GCF_016944735.1	GCA_016944735.1	Escherichia coli	562		EH08-18-36					GCF_016944735.1-RS_2025_07_05	Complete Genome	2021-02-25		4	
ASM2259121v1	GCF_022591215.1	GCA_022591215.1	Escherichia coli	562		ER2683					GCF_022591215.1-RS_2025_06_02	Complete Genome	2022-03-16		1	
ASM2536983v1	GCF_025369835.1	GCA_025369835.1	Escherichia coli	562		E3					GCF_025369835.1-RS_2024_12_30	Complete Genome	2022-09-22		3	
ASM2291905v1	GCF_022919055.1	GCA_022919055.1	Escherichia coli	562					w264		GCF_022919055.1-RS_2025_06_10	Complete Genome	2022-04-12		2	
ASM5435695v1	GCF_054356955.1	GCA_054356955.1	Escherichia coli	562		YZB902					GCF_054356955.1-RS_2026_01_06	Complete Genome	2026-01-06	JBTHWC01	3	
ASM2920152v1	GCF_029201525.1	GCA_029201525.1	Escherichia coli	562		GN4554					GCF_029201525.1-RS_2025_05_24	Complete Genome	2023-03-14		7	
ASM5288811v1	GCF_052888115.1	GCA_052888115.1	Escherichia coli	562		VTB97584v					GCF_052888115.1-RS_2025_09_28	Complete Genome	2025-09-30		6	
ASM4610716v1	GCF_046107165.1	GCA_046107165.1	Escherichia coli	562		19KM2415N					GCF_046107165.1-RS_2024_12_17	Complete Genome	2024-12-17		3	
ASM1825583v1	GCF_018255835.1	GCA_018255835.1	Escherichia coli	562		SH19PTE6					GCF_018255835.1-RS_2025_07_05	Complete Genome	2021-05-04		3	
ASM3016193v2	GCF_030161935.2	GCA_030161935.2	Escherichia coli	562		VE-F10					GCF_030161935.2-RS_2025_07_10	Complete Genome	2023-04-14		6	
ASM4857263v1	GCF_048572635.1	GCA_048572635.1	Escherichia coli	562		AREA_497					GCF_048572635.1-RS_2025_03_16	Complete Genome	2025-03-16		3	
ASM5550487v1	GCF_055504875.1	GCA_055504875.1	Escherichia coli	562		M2					GCF_055504875.1-RS_2026_02_26	Complete Genome	2026-02-26		3	
ASM3755354v1	GCF_037553545.1	GCA_037553545.1	Escherichia coli	562		Z1323HEC0016					GCF_037553545.1-RS_2025_04_28	Complete Genome	2024-04-05		3	
ASM3029621v1	GCF_030296215.1	GCA_030296215.1	Escherichia coli	562		B27			B27		GCF_030296215.1-RS_2025_07_09	Complete Genome	2023-03-21		4	
ASM231067v1	GCF_002310675.1	GCA_002310675.1	Escherichia coli	562		127					GCF_002310675.1-RS_2025_06_21	Complete Genome	2017-09-18		6	
ASM1407591v1	GCF_014075915.1	GCA_014075915.1	Escherichia coli	562		33-6					GCF_014075915.1-RS_2025_07_04	Complete Genome	2020-08-05		5	
ASM3001386v1	GCF_030013865.1	GCA_030013865.1	Escherichia coli	562		ETEC1720					GCF_030013865.1-RS_2025_06_13	Complete Genome	2023-05-15		9	
ASM4100625v1	GCF_041006255.1	GCA_041006255.1	Escherichia coli	562		ECO8855					GCF_041006255.1-RS_2024_08_02	Complete Genome	2024-08-03		3	
ASM3650821v1	GCF_036508215.1	GCA_036508215.1	Escherichia coli	562		2018-10-2CC					GCF_036508215.1-RS_2025_04_27	Complete Genome	2023-11-04		3	
ASM435898v1	GCF_004358985.1	GCA_004358985.1	Escherichia coli	562		BH212					GCF_004358985.1-RS_2025_06_26	Complete Genome	2019-03-21		1	
MG48v1	GCF_053850555.1	GCA_053850555.1	Escherichia coli	562		ESBLEC_MG48					GCF_053850555.1-RS_2025_12_08	Complete Genome	2025-12-07	JBSQBQ01	3	
ASM1342609v1	GCF_013426095.1	GCA_013426095.1	Escherichia coli	562		WCHEC035125					GCF_013426095.1-RS_2025_07_04	Complete Genome	2020-07-20		5	
ASM2458596v1	GCF_024585965.1	GCA_024585965.1	Escherichia coli	562		PD7					GCF_024585965.1-RS_2025_09_11	Complete Genome	2022-08-08		5	
ASM5310329v1	GCF_053103295.1	GCA_053103295.1	Escherichia coli	562		MB06173					GCF_053103295.1-RS_2025_11_18	Complete Genome	2025-10-16	JBRNIK01	3	
ASM307395v1	GCF_003073955.1	GCA_003073955.1	Escherichia coli	562		AR434					GCF_003073955.1-RS_2025_06_22	Complete Genome	2018-04-30		2	
ASM326869v1	GCF_003268695.1	GCA_003268695.1	Escherichia coli	562		WCHEC035148					GCF_003268695.1-RS_2025_06_22	Complete Genome	2018-06-27		5	
ASM2255898v1	GCF_022558985.1	GCA_022558985.1	Escherichia coli	562		WCHEC035148					GCF_022558985.1-RS_2025_06_02	Complete Genome	2022-03-14		5	
ASM1169152v1	GCF_011691525.1	GCA_011691525.1	Escherichia coli	562		STB20-1					GCF_011691525.1-RS_2025_05_01	Complete Genome	2020-03-24		2	
ASM1659287v1	GCF_016592875.1	GCA_016592875.1	Escherichia coli	562		2018-18.25PC					GCF_016592875.1-RS_2025_01_28	Complete Genome	2020-12-09		1	
ASM3001382v1	GCF_030013825.1	GCA_030013825.1	Escherichia coli	562		ETEC1722					GCF_030013825.1-RS_2025_06_13	Complete Genome	2023-05-15		8	
ASM1942864v1	GCF_019428645.1	GCA_019428645.1	Escherichia coli	562		PK8568					GCF_019428645.1-RS_2025_03_18	Complete Genome	2021-07-31		7	
ASM2458562v1	GCF_024585625.1	GCA_024585625.1	Escherichia coli	562		MB22					GCF_024585625.1-RS_2025_09_11	Complete Genome	2022-08-08		2	
PRO_A-2576-6M-A_ESBL	GCF_054388855.1	GCA_054388855.1	Escherichia coli	562		PRO_A-2576-6M-A_ESBL					GCF_054388855.1-RS_2026_01_07	Complete Genome	2026-01-07	JBSTQH01	4	
ASM990535v1	GCF_009905355.1	GCA_009905355.1	Escherichia coli	562		LD27-1					GCF_009905355.1-RS_2025_07_02	Complete Genome	2020-01-19		1	
ASM5292166v1	GCF_052921665.1	GCA_052921665.1	Escherichia coli	562		D97-1					GCF_052921665.1-RS_2025_11_17	Complete Genome	2025-09-30	JBRESH01	6	
ASM5152181v1	GCF_051521815.1	GCA_051521815.1	Escherichia coli	562		F3					GCF_051521815.1-RS_2025_07_25	Complete Genome	2025-07-29		1	
ASM3029507v1	GCF_030295075.1	GCA_030295075.1	Escherichia coli	562		LR-50					GCF_030295075.1-RS_2025_07_09	Complete Genome	2023-05-23		2	
ASM2202377v1	GCF_022023775.1	GCA_022023775.1	Escherichia coli	562		IGC_EcoliInv_1.1					GCF_022023775.1-RS_2025_02_19	Complete Genome	2022-02-07		1	
42912_F02	GCF_900636605.1	GCA_900636605.1	Escherichia coli	562		NCTC9041					GCF_900636605.1-RS_2024_06_18	Complete Genome	2018-12-20		1	
ASM2458564v1	GCF_024585645.1	GCA_024585645.1	Escherichia coli	562		MB20					GCF_024585645.1-RS_2025_02_03	Complete Genome	2022-08-08		5	
ASM917696v1	GCF_009176965.1	GCA_009176965.1	Escherichia coli	562		GSH8M-2					GCF_009176965.1-RS_2025_06_28	Complete Genome	2019-10-10		7	
ASM1416969v1	GCF_014169695.1	GCA_014169695.1	Escherichia coli	562		WP8-S18-CRE-02					GCF_014169695.1-RS_2025_07_04	Complete Genome	2020-07-21		7	
ASM3038472v1	GCF_030384725.1	GCA_030384725.1	Escherichia coli	562		VG1046-3E9					GCF_030384725.1-RS_2025_07_19	Complete Genome	2023-07-02		2	
31436_D01	GCF_900635635.1	GCA_900635635.1	Escherichia coli	562		NCTC9104					GCF_900635635.1-RS_2024_06_18	Complete Genome	2018-12-20		1	
ASM5490233v1	GCF_054902335.1	GCA_054902335.1	Escherichia coli	562		GPEC620-622					GCF_054902335.1-RS_2026_02_04	Complete Genome	2026-02-03	JBUBJW01	2	
ASM1342607v1	GCF_013426075.1	GCA_013426075.1	Escherichia coli	562		WCHEC035123					GCF_013426075.1-RS_2025_07_03	Complete Genome	2020-07-20		5	
ASM5269264v1	GCF_052692645.1	GCA_052692645.1	Escherichia coli	562		EPI300					GCF_052692645.1-RS_2025_09_18	Complete Genome	2025-09-19		1	
ASM201212v1	GCF_002012125.1	GCA_002012125.1	Escherichia coli	562		Ecol_AZ155					GCF_002012125.1-RS_2025_06_20	Complete Genome	2017-03-03		5	
ASM1733871v1	GCF_017338715.1	GCA_017338715.1	Escherichia coli	562		11202					GCF_017338715.1-RS_2025_07_06	Complete Genome	2021-03-12		1	
ASM2922360v1	GCF_029223605.1	GCA_029223605.1	Escherichia coli	562		MRE162 substr. NOR					GCF_029223605.1-RS_2025_05_24	Complete Genome	2023-03-16		2	
ASM3649648v1	GCF_036496485.1	GCA_036496485.1	Escherichia coli	562		LR-45					GCF_036496485.1-RS_2025_04_27	Complete Genome	2023-11-03		5	
ASM2922364v1	GCF_029223645.1	GCA_029223645.1	Escherichia coli	562		MRE162 substr. UK					GCF_029223645.1-RS_2025_05_24	Complete Genome	2023-03-16		2	
ASM2433014v2	GCF_024330145.2	GCA_024330145.2	Escherichia coli	562		MLI104K1					GCF_024330145.2-RS_2025_04_16	Complete Genome	2023-02-08		4	
ASM3099516v1	GCF_030995165.1	GCA_030995165.1	Escherichia coli	562		CUVET18-789					GCF_030995165.1-RS_2025_09_14	Complete Genome	2023-08-30		8	
ASM3839652v1	GCF_038396525.1	GCA_038396525.1	Escherichia coli	562		1008S19					GCF_038396525.1-RS_2025_05_01	Complete Genome	2024-04-22		2	
ASM2018153v1	GCF_020181535.1	GCA_020181535.1	Escherichia coli	562		035053C1pKPC2_Vir_090515B1					GCF_020181535.1-RS_2025_01_23	Complete Genome	2021-09-30		2	
ASM2458578v1	GCF_024585785.1	GCA_024585785.1	Escherichia coli	562		PI12					GCF_024585785.1-RS_2025_09_11	Complete Genome	2022-08-08		2	
ASM1896684v1	GCF_018966845.1	GCA_018966845.1	Escherichia coli	562		GD33					GCF_018966845.1-RS_2025_07_24	Complete Genome	2021-06-20		5	
ASM307381v1	GCF_003073815.1	GCA_003073815.1	Escherichia coli	562		AR437					GCF_003073815.1-RS_2025_06_22	Complete Genome	2018-04-30		6	
ASM1955185v1	GCF_019551855.1	GCA_019551855.1	Escherichia coli	562		CY598					GCF_019551855.1-RS_2026_02_17	Complete Genome	2021-08-11		2	
ASM5485002v1	GCF_054850025.1	GCA_054850025.1	Escherichia coli	562		BDSF8-3					GCF_054850025.1-RS_2026_01_31	Complete Genome	2026-01-30	JBTWTU01	4	
ASM1407579v1	GCF_014075795.1	GCA_014075795.1	Escherichia coli	562		58-3					GCF_014075795.1-RS_2025_07_03	Complete Genome	2020-08-05		4	
ASM5085897v1	GCF_050858975.1	GCA_050858975.1	Escherichia coli	562		MG1655_insertion					GCF_050858975.1-RS_2025_06_10	Complete Genome	2025-06-10		3	
ASM5404741v1	GCF_054047415.1	GCA_054047415.1	Escherichia coli	562		410					GCF_054047415.1-RS_2025_12_18	Complete Genome	2025-12-17	JBSWAU01	6	
ASM5310330v1	GCF_053103305.1	GCA_053103305.1	Escherichia coli	562		MB06232					GCF_053103305.1-RS_2025_11_18	Complete Genome	2025-10-16	JBRNII01	1	
ASM3002819v1	GCF_030028195.1	GCA_030028195.1	Escherichia coli	562		HE_50					GCF_030028195.1-RS_2025_06_14	Complete Genome	2023-05-17		1	
ASM3002817v1	GCF_030028175.1	GCA_030028175.1	Escherichia coli	562		HE_100					GCF_030028175.1-RS_2025_06_14	Complete Genome	2023-05-17		1	
ASM3002813v1	GCF_030028135.1	GCA_030028135.1	Escherichia coli	562		HE_100-10					GCF_030028135.1-RS_2025_06_14	Complete Genome	2023-05-17		1	
ASM3002821v1	GCF_030028215.1	GCA_030028215.1	Escherichia coli	562		DH10B					GCF_030028215.1-RS_2025_06_14	Complete Genome	2023-05-17		1	
ASM296675v1	GCF_002966755.1	GCA_002966755.1	Escherichia coli	562		WB61					GCF_002966755.1-RS_2025_03_24	Complete Genome	2018-03-02		1	
ASM5404758v1	GCF_054047585.1	GCA_054047585.1	Escherichia coli	562		167					GCF_054047585.1-RS_2025_12_18	Complete Genome	2025-12-17	JBSWAO01	4	
ASM216486v2	GCF_002164865.2	GCA_002164865.2	Escherichia coli	562		WCHEC020032					GCF_002164865.2-RS_2025_06_27	Complete Genome	2019-01-22		8	
ASM5310305v1	GCF_053103055.1	GCA_053103055.1	Escherichia coli	562		PCP06171					GCF_053103055.1-RS_2025_11_18	Complete Genome	2025-10-16	JBRNHX01	2	
ASM1433850v1	GCF_014338505.1	GCA_014338505.1	Escherichia coli	562		MFDpir					GCF_014338505.1-RS_2025_07_04	Complete Genome	2020-08-31		1	
ASM5404767v1	GCF_054047675.1	GCA_054047675.1	Escherichia coli	562		10					GCF_054047675.1-RS_2025_12_18	Complete Genome	2025-12-17	JBSWBK01	14	
ASM3650665v1	GCF_036506655.1	GCA_036506655.1	Escherichia coli	562		2017-19-1CC					GCF_036506655.1-RS_2025_04_27	Complete Genome	2023-11-04		11	
ASM5290672v1	GCF_052906725.1	GCA_052906725.1	Escherichia coli	562		4600					GCF_052906725.1-RS_2025_11_17	Complete Genome	2025-09-28	JBREGE01	1	
ASM3649846v1	GCF_036498465.1	GCA_036498465.1	Escherichia coli	562		LR-71-1					GCF_036498465.1-RS_2025_04_27	Complete Genome	2023-11-03		13	
ASM4132003v1	GCF_041320035.1	GCA_041320035.1	Escherichia coli	562		ET670					GCF_041320035.1-RS_2024_09_01	Complete Genome	2024-08-18		3	
ASM317246v2	GCF_003172465.2	GCA_003172465.2	Escherichia coli	562		WCHEC035053S1G0					GCF_003172465.2-RS_2025_06_27	Complete Genome	2018-12-27		1	
ASM295185v1	GCF_002951855.1	GCA_002951855.1	Escherichia coli	562		FHI_NMBU_03					GCF_002951855.1-RS_2025_06_22	Complete Genome	2018-02-06		2	
ASM990946v1	GCF_009909465.1	GCA_009909465.1	Escherichia coli	562		LD39-1					GCF_009909465.1-RS_2025_07_01	Complete Genome	2020-01-21		4	
F637	GCF_963575425.1	GCA_963575425.1	Escherichia coli	562					F637		GCF_963575425.1-RS_2025_01_15	Complete Genome	2023-10-28		3	
ASM4568988v1	GCF_045689885.1	GCA_045689885.1	Escherichia coli	562		FG92-1					GCF_045689885.1-RS_2024_12_05	Complete Genome	2024-12-06		3	
ASM2922362v1	GCF_029223625.1	GCA_029223625.1	Escherichia coli	562		MRE162 substr. FRA					GCF_029223625.1-RS_2025_05_24	Complete Genome	2023-03-16		2	
ASM4003045v1	GCF_040030455.2	GCA_040030455.2	Escherichia coli	562		J53-KPC_Vir-TC					GCF_040030455.2-RS_2024_07_04	Complete Genome	2024-07-04		2	
ASM3650190v1	GCF_036501905.1	GCA_036501905.1	Escherichia coli	562		PSS-12					GCF_036501905.1-RS_2025_04_27	Complete Genome	2023-11-04		7	
ASM5416694v1	GCF_054166945.1	GCA_054166945.1	Escherichia coli	562		EcWJ					GCF_054166945.1-RS_2025_12_25	Complete Genome	2025-12-24	JBSJDS01	4	
ASM2429852v1	GCF_024298525.1	GCA_024298525.1	Escherichia coli	562		EC21Z-097					GCF_024298525.1-RS_2025_08_05	Complete Genome	2022-07-18		6	
ASM2429854v1	GCF_024298545.1	GCA_024298545.1	Escherichia coli	562		EC21Z-083					GCF_024298545.1-RS_2025_08_07	Complete Genome	2022-07-18		6	
ASM2429870v1	GCF_024298705.1	GCA_024298705.1	Escherichia coli	562		EC21Z-078					GCF_024298705.1-RS_2025_08_05	Complete Genome	2022-07-18		6	
ASM2429850v1	GCF_024298505.1	GCA_024298505.1	Escherichia coli	562		EC21Z-101					GCF_024298505.1-RS_2025_08_05	Complete Genome	2022-07-18		5	
ASM5490269v1	GCF_054902695.1	GCA_054902695.1	Escherichia coli	562		GPEC1292					GCF_054902695.1-RS_2026_02_04	Complete Genome	2026-02-03	JBUBJE01	2	
ASM5479242v1	GCF_054792425.1	GCA_054792425.1	Escherichia coli	562		JMF1					GCF_054792425.1-RS_2026_01_28	Complete Genome	2026-01-28	JBTWTT01	7	
ASM4101687v1	GCF_041016875.1	GCA_041016875.1	Escherichia coli	562		J53-KPC_Vir-P15					GCF_041016875.1-RS_2024_08_03	Complete Genome	2024-08-03		3	
ASM2523245v1	GCF_025232455.1	GCA_025232455.1	Escherichia coli	562		806883-11-2019					GCF_025232455.1-RS_2024_12_26	Complete Genome	2022-09-16		2	
ASM3433492v2	GCF_034334925.2	GCA_034334925.2	Escherichia coli	562		TP10-3					GCF_034334925.2-RS_2025_05_23	Complete Genome	2024-05-06		4	
ASM3433572v2	GCF_034335725.2	GCA_034335725.2	Escherichia coli	562		TP10-2					GCF_034335725.2-RS_2025_05_23	Complete Genome	2024-05-06		4	
ASM3433946v2	GCF_034339465.2	GCA_034339465.2	Escherichia coli	562		TP6-1					GCF_034339465.2-RS_2025_05_23	Complete Genome	2024-05-06		4	
ASM1677441v1	GCF_016774415.1	GCA_016774415.1	Escherichia coli	562		J53-p1-pV-hybrid-1					GCF_016774415.1-RS_2025_07_04	Complete Genome	2021-01-31		2	
ASM2249333v1	GCF_022493335.1	GCA_022493335.1	Escherichia coli	562		A29					GCF_022493335.1-RS_2025_05_03	Complete Genome	2022-03-07		1	
ASM305264v1	GCF_003052645.1	GCA_003052645.1	Escherichia coli	562		J53					GCF_003052645.1-RS_2025_06_23	Complete Genome	2018-04-17		1	
ASM803329v1	GCF_008033295.1	GCA_008033295.1	Escherichia coli	562		ATCC BAA-196					GCF_008033295.1-RS_2025_06_27	Complete Genome	2019-08-20		4	
ASM803331v1	GCF_008033315.1	GCA_008033315.1	Escherichia coli	562		ATCC BAA-196					GCF_008033315.1-RS_2025_06_28	Complete Genome	2019-08-20		2	
39859_D02	GCF_900635215.1	GCA_900635215.1	Escherichia coli	562		NCTC9038					GCF_900635215.1-RS_2025_06_27	Complete Genome	2018-12-19		1	
ASM1342380v1	GCF_013423805.1	GCA_013423805.1	Escherichia coli	562		SY3626C5					GCF_013423805.1-RS_2025_07_03	Complete Genome	2020-07-19		3	
ASM1342593v1	GCF_013425935.1	GCA_013425935.1	Escherichia coli	562		SY3626C1					GCF_013425935.1-RS_2025_07_04	Complete Genome	2020-07-20		2	
ASM4801284v1	GCF_048012845.1	GCA_048012845.1	Escherichia coli	562		CUPF12					GCF_048012845.1-RS_2025_02_26	Complete Genome	2025-03-01		8	
364_BP0073U-1_scaffolds	GCF_964199995.1	GCA_964199995.1	Escherichia coli	562					364_BP0073		GCF_964199995.1-RS_2024_11_08	Complete Genome	2024-11-09		3	
ASM2855123v1	GCF_028551235.1	GCA_028551235.1	Escherichia coli	562		CUVM53					GCF_028551235.1-RS_2025_03_26	Complete Genome	2023-02-08		5	
ASM2255932v1	GCF_022559325.1	GCA_022559325.1	Escherichia coli	562		EC3					GCF_022559325.1-RS_2025_06_02	Complete Genome	2022-03-14		8	
ASM4079091v1	GCF_040790915.1	GCA_040790915.1	Escherichia coli	562		PEC1012					GCF_040790915.1-RS_2024_07_22	Complete Genome	2024-07-22		2	
ASM3433664v2	GCF_034336645.2	GCA_034336645.2	Escherichia coli	562		TP10-1					GCF_034336645.2-RS_2025_05_23	Complete Genome	2024-05-06		4	
ASM3433832v2	GCF_034338325.2	GCA_034338325.2	Escherichia coli	562		TP6-2					GCF_034338325.2-RS_2025_05_23	Complete Genome	2024-05-06		4	
ASM2624782v1	GCF_026247825.1	GCA_026247825.1	Escherichia coli	562		J53-p133					GCF_026247825.1-RS_2025_02_22	Complete Genome	2022-11-21		5	
ASM2624784v1	GCF_026247845.1	GCA_026247845.1	Escherichia coli	562		J53-p131					GCF_026247845.1-RS_2025_02_20	Complete Genome	2022-11-21		4	
ASM2458542v1	GCF_024585425.1	GCA_024585425.1	Escherichia coli	562		MB57					GCF_024585425.1-RS_2025_09_10	Complete Genome	2022-08-08		4	
ASM3433740v2	GCF_034337405.2	GCA_034337405.2	Escherichia coli	562		TP6-3					GCF_034337405.2-RS_2025_05_23	Complete Genome	2024-05-06		4	
ASM1557183v1	GCF_015571835.1	GCA_015571835.1	Escherichia coli	562		Res13-Lact-PEB01-20					GCF_015571835.1-RS_2025_07_05	Complete Genome	2020-11-18		3	
ASM1490414v2	GCF_014904145.2	GCA_014904145.2	Escherichia coli	562		NT1W25					GCF_014904145.2-RS_2025_03_15	Complete Genome	2021-05-28		4	
ASM2624786v1	GCF_026247865.1	GCA_026247865.1	Escherichia coli	562		J53-p130					GCF_026247865.1-RS_2025_02_22	Complete Genome	2022-11-21		4	
ASM4026829v1	GCF_040268295.1	GCA_040268295.1	Escherichia coli	562		E-ge-1					GCF_040268295.1-RS_2024_06_25	Complete Genome	2024-06-25		4	
ASM2855158v1	GCF_028551585.1	GCA_028551585.1	Escherichia coli	562		DETEC-P80					GCF_028551585.1-RS_2025_03_26	Complete Genome	2023-01-24		5	
ASM4055445v1	GCF_040554455.1	GCA_040554455.1	Escherichia coli	562		Z22-6					GCF_040554455.1-RS_2024_07_09	Complete Genome	2024-07-10		2	
ASM4055438v1	GCF_040554385.1	GCA_040554385.1	Escherichia coli	562		Z22-7					GCF_040554385.1-RS_2024_07_09	Complete Genome	2024-07-10		2	
ASM4132019v1	GCF_041320195.1	GCA_041320195.1	Escherichia coli	562		ET201					GCF_041320195.1-RS_2024_09_01	Complete Genome	2024-08-18		2	
ASM5258880v1	GCF_052588805.1	GCA_052588805.1	Escherichia coli	562		J53					GCF_052588805.1-RS_2025_09_13	Complete Genome	2025-09-14		3	
ASM2422608v1	GCF_024226085.1	GCA_024226085.1	Escherichia coli	562		LH09-a					GCF_024226085.1-RS_2025_08_02	Complete Genome	2022-07-13		7	
ASM3380254v1	GCF_033802545.1	GCA_033802545.1	Escherichia coli	562		21EVA					GCF_033802545.1-RS_2025_01_30	Complete Genome	2023-11-19		2	
ASM1716134v1	GCF_017161345.1	GCA_017161345.1	Escherichia coli	562		RCAD0514					GCF_017161345.1-RS_2025_07_05	Complete Genome	2021-03-03		4	
ASM5310297v1	GCF_053102975.1	GCA_053102975.1	Escherichia coli	562		PCP07083					GCF_053102975.1-RS_2025_11_18	Complete Genome	2025-10-16	JBRNHS01	1	
ASM1690469v1	GCF_016904695.1	GCA_016904695.1	Escherichia coli	562		10R					GCF_016904695.1-RS_2025_07_04	Complete Genome	2021-02-17		1	
ASM1490423v2	GCF_014904235.2	GCA_014904235.2	Escherichia coli	562		NT1N25					GCF_014904235.2-RS_2025_03_16	Complete Genome	2021-05-28		3	
ASM1411740v1	GCF_014117405.1	GCA_014117405.1	Escherichia coli	562		BUCT2930					GCF_014117405.1-RS_2025_07_04	Complete Genome	2020-08-09		7	
ASM104321v1	GCF_001043215.1	GCA_001043215.1	Escherichia coli	562		NCM3722			K-12		GCF_001043215.1-RS_2025_06_09	Complete Genome	2015-06-30		2	
ASM231073v1	GCF_002310735.1	GCA_002310735.1	Escherichia coli	562		1283					GCF_002310735.1-RS_2025_06_21	Complete Genome	2017-09-18		6	
ASM366738v1	GCF_003667385.1	GCA_003667385.1	Escherichia coli	562		BE2-5					GCF_003667385.1-RS_2025_06_24	Complete Genome	2018-10-20		3	
ASM2351607v1	GCF_023516075.1	GCA_023516075.1	Escherichia coli	562		19SZHZ713Rt					GCF_023516075.1-RS_2025_06_21	Complete Genome	2022-05-22		5	
ASM3649574v1	GCF_036495745.1	GCA_036495745.1	Escherichia coli	562		LR-29-1					GCF_036495745.1-RS_2025_04_27	Complete Genome	2023-11-03		5	
ASM2296955v2	GCF_022969555.2	GCA_022969555.2	Escherichia coli	562		HH194M					GCF_022969555.2-RS_2024_12_17	Complete Genome	2022-08-31		4	
ASM5288614v1	GCF_052886145.1	GCA_052886145.1	Escherichia coli	562		VTB96935v					GCF_052886145.1-RS_2025_09_28	Complete Genome	2025-09-30		3	
ASM1308520v1	GCF_013085205.1	GCA_013085205.1	Escherichia coli	562		SCU-485					GCF_013085205.1-RS_2025_07_03	Complete Genome	2020-05-13		2	
ASM2402305v1	GCF_024023055.1	GCA_024023055.1	Escherichia coli	562		EMG2					GCF_024023055.1-RS_2025_03_23	Complete Genome	2022-06-29		2	
ASM2249472v1	GCF_022494725.1	GCA_022494725.1	Escherichia coli	562		KFu022					GCF_022494725.1-RS_2025_06_02	Complete Genome	2022-03-07		5	
ASM2450805v1	GCF_024508055.1	GCA_024508055.1	Escherichia coli	562		Evo1					GCF_024508055.1-RS_2025_09_18	Complete Genome	2022-08-03		5	
ASM3650327v1	GCF_036503275.1	GCA_036503275.1	Escherichia coli	562		2017.02.03CC					GCF_036503275.1-RS_2025_04_27	Complete Genome	2023-11-04		6	
ASM5369027v1	GCF_053690275.1	GCA_053690275.1	Escherichia coli	562		23AR1101					GCF_053690275.1-RS_2025_11_26	Complete Genome	2025-11-25	JBSAOU01	4	
ASM5569763v1	GCF_055697635.1	GCA_055697635.1	Escherichia coli	562		N137					GCF_055697635.1-RS_2026_03_07	Complete Genome	2026-03-08		7	
ASM5569762v1	GCF_055697625.1	GCA_055697625.1	Escherichia coli	562		N73					GCF_055697625.1-RS_2026_03_07	Complete Genome	2026-03-08		7	
ASM3566635v1	GCF_035666355.1	GCA_035666355.1	Escherichia coli	562		L9					GCF_035666355.1-RS_2025_03_09	Complete Genome	2024-01-16		9	
ASM3650567v1	GCF_036505675.1	GCA_036505675.1	Escherichia coli	562		2017.17.01CC					GCF_036505675.1-RS_2025_04_27	Complete Genome	2023-11-04		7	
ASM5569805v1	GCF_055698055.1	GCA_055698055.1	Escherichia coli	562		N169					GCF_055698055.1-RS_2026_03_07	Complete Genome	2026-03-08		7	
ASM5295424v1	GCF_052954245.1	GCA_052954245.1	Escherichia coli	562		MG-phbCAB-3-6					GCF_052954245.1-RS_2025_11_17	Complete Genome	2025-11-17		1	
ASM5310335v1	GCF_053103355.1	GCA_053103355.1	Escherichia coli	562		MB06172					GCF_053103355.1-RS_2025_11_18	Complete Genome	2025-10-16	JBRNIL01	2	
ASM5435691v1	GCF_054356915.1	GCA_054356915.1	Escherichia coli	562		HE302					GCF_054356915.1-RS_2026_01_06	Complete Genome	2026-01-06	JBTHVZ01	2	
ASM1690417v1	GCF_016904175.1	GCA_016904175.1	Escherichia coli	562		FDAARGOS_1372					GCF_016904175.1-RS_2025_07_04	Complete Genome	2021-02-17		3	
PRO_A-1412-6M-A_ESBL	GCF_054391615.1	GCA_054391615.1	Escherichia coli	562		PRO_A-1412-6M-A_ESBL					GCF_054391615.1-RS_2026_01_07	Complete Genome	2026-01-07	JBSTRC01	4	
ASM1429525v1	GCF_014295255.1	GCA_014295255.1	Escherichia coli	562		G4/9					GCF_014295255.1-RS_2025_07_03	Complete Genome	2020-08-25		2	
ASM3027334v1	GCF_030273345.1	GCA_030273345.1	Escherichia coli	562		MB7671					GCF_030273345.1-RS_2025_07_04	Complete Genome	2023-06-15		6	
ASM2068324v1	GCF_020683245.1	GCA_020683245.1	Escherichia coli	562		VCSW8					GCF_020683245.1-RS_2025_02_04	Complete Genome	2021-10-31		2	
ASM2249464v1	GCF_022494645.1	GCA_022494645.1	Escherichia coli	562		KFu023					GCF_022494645.1-RS_2025_05_30	Complete Genome	2022-03-07		2	
ASM3985198v1	GCF_039851985.1	GCA_039851985.1	Escherichia coli	562		EC596					GCF_039851985.1-RS_2025_06_04	Complete Genome	2024-05-28		4	
ASM5317199v1	GCF_053171995.1	GCA_053171995.1	Escherichia coli	562		B19					GCF_053171995.1-RS_2025_11_18	Complete Genome	2025-10-22	JBRTQX01	4	
ASM4132015v1	GCF_041320155.1	GCA_041320155.1	Escherichia coli	562		ET300					GCF_041320155.1-RS_2024_09_01	Complete Genome	2024-08-18		5	
ASM5139783v1	GCF_051397835.1	GCA_051397835.1	Escherichia coli	562					A21005-2		GCF_051397835.1-RS_2025_07_17	Complete Genome	2025-07-18		5	
ASM2041066v1	GCF_020410665.1	GCA_020410665.1	Escherichia coli	562		Origami2-DE3					GCF_020410665.1-RS_2025_01_29	Complete Genome	2021-10-11		1	
ASM2236881v1	GCF_022368815.1	GCA_022368815.1	Escherichia coli	562		S163-2					GCF_022368815.1-RS_2025_05_24	Complete Genome	2022-02-23		5	
ASM3411974v1	GCF_034119745.1	GCA_034119745.1	Escherichia coli	562		YZ22MPE54					GCF_034119745.1-RS_2025_02_07	Complete Genome	2023-12-06		2	
ASM1470596v1	GCF_014705965.1	GCA_014705965.1	Escherichia coli	562		WEM25					GCF_014705965.1-RS_2025_07_04	Complete Genome	2020-09-23		5	
ASM196928v4	GCF_001969285.3	GCA_001969285.4	Escherichia coli	562		WCHEC050613					GCF_001969285.3-RS_2025_02_03	Complete Genome	2019-08-22		6	
ASM1955183v1	GCF_019551835.1	GCA_019551835.1	Escherichia coli	562		CY706					GCF_019551835.1-RS_2024_12_16	Complete Genome	2021-08-11		2	
ASM3650150v1	GCF_036501505.1	GCA_036501505.1	Escherichia coli	562		PSS-10					GCF_036501505.1-RS_2025_04_27	Complete Genome	2023-11-04		9	
ASM967112v1	GCF_009671125.1	GCA_009671125.1	Escherichia coli	562		1919D62					GCF_009671125.1-RS_2025_06_30	Complete Genome	2019-11-19		3	
ASM3789070v1	GCF_037890705.1	GCA_037890705.1	Escherichia coli	562		JX21CE33					GCF_037890705.1-RS_2025_04_27	Complete Genome	2024-04-05		6	
ASM173570v1	GCF_001735705.1	GCA_001735705.1	Escherichia coli	562		210221272					GCF_001735705.1-RS_2025_06_20	Complete Genome	2016-09-20		2	
ASM5490231v1	GCF_054902315.1	GCA_054902315.1	Escherichia coli	562		GPEC87-32-644					GCF_054902315.1-RS_2026_02_04	Complete Genome	2026-02-03	JBUBJY01	3	
ASM2458586v1	GCF_024585865.1	GCA_024585865.1	Escherichia coli	562		PK5					GCF_024585865.1-RS_2025_09_11	Complete Genome	2022-08-08		4	
ASM4778298v1	GCF_047782985.1	GCA_047782985.1	Escherichia coli	562		CUPS05					GCF_047782985.1-RS_2025_02_17	Complete Genome	2025-02-17		2	
ASM2275986v1	GCF_022759865.1	GCA_022759865.1	Escherichia coli	562		Ec-042-T20-MAC					GCF_022759865.1-RS_2025_06_06	Complete Genome	2022-03-30		6	
ASM2402307v1	GCF_024023075.1	GCA_024023075.1	Escherichia coli	562		WG1					GCF_024023075.1-RS_2025_03_23	Complete Genome	2022-06-29		2	
ASM1708848v1	GCF_017088485.1	GCA_017088485.1	Escherichia coli	562		30COLEC					GCF_017088485.1-RS_2025_07_04	Complete Genome	2021-03-01		5	
ASM2564313v1	GCF_025643135.1	GCA_025643135.1	Escherichia coli	562		B2					GCF_025643135.1-RS_2025_08_18	Complete Genome	2022-10-11		1	
ASM1316703v1	GCF_013167035.1	GCA_013167035.1	Escherichia coli	562		NEB10-beta					GCF_013167035.1-RS_2025_07_03	Complete Genome	2020-05-26		1	
ASM3747799v1	GCF_037477995.1	GCA_037477995.1	Escherichia coli	562		JX21CE35					GCF_037477995.1-RS_2025_04_28	Complete Genome	2024-04-05		6	
ASM4801279v1	GCF_048012795.1	GCA_048012795.1	Escherichia coli	562		CUWW10					GCF_048012795.1-RS_2025_02_26	Complete Genome	2025-03-01		9	
ASM339994v2	GCF_003399945.2	GCA_003399945.2	Escherichia coli	562		CFSAN061772					GCF_003399945.2-RS_2024_12_18	Complete Genome	2019-08-20		3	
ASM5369029v1	GCF_053690295.1	GCA_053690295.1	Escherichia coli	562		23AR0998					GCF_053690295.1-RS_2025_11_26	Complete Genome	2025-11-25	JBSAOV01	4	
ASM2275982v1	GCF_022759825.1	GCA_022759825.1	Escherichia coli	562		Ec-042-T5-MAC					GCF_022759825.1-RS_2025_06_06	Complete Genome	2022-03-30		6	
ASM2275988v1	GCF_022759885.1	GCA_022759885.1	Escherichia coli	562		Ec-042-T20-ESBL					GCF_022759885.1-RS_2025_06_06	Complete Genome	2022-03-30		6	
ASM2275990v1	GCF_022759905.1	GCA_022759905.1	Escherichia coli	562		Ec-042-T0					GCF_022759905.1-RS_2025_06_06	Complete Genome	2022-03-30		6	
ASM2275984v1	GCF_022759845.1	GCA_022759845.1	Escherichia coli	562		Ec-042-T5-ESBL					GCF_022759845.1-RS_2025_06_06	Complete Genome	2022-03-30		6	
ASM5310343v1	GCF_053103435.1	GCA_053103435.1	Escherichia coli	562		MB06021					GCF_053103435.1-RS_2025_11_18	Complete Genome	2025-10-16	JBRNIQ01	4	
ASM4074564v1	GCF_040745645.1	GCA_040745645.1	Escherichia coli	562		PEC1009					GCF_040745645.1-RS_2024_11_20	Complete Genome	2024-07-18		3	
ASM5555653v1	GCF_055556535.1	GCA_055556535.1	Escherichia coli	562		AR96.3A					GCF_055556535.1-RS_2026_03_02	Complete Genome	2026-03-03		7	
ASM1964579v1	GCF_019645795.1	GCA_019645795.1	Escherichia coli	562		XL10-gold-ultracompetent					GCF_019645795.1-RS_2024_12_18	Complete Genome	2021-08-17		1	
ASM5555644v1	GCF_055556445.1	GCA_055556445.1	Escherichia coli	562		AR62.2					GCF_055556445.1-RS_2026_03_02	Complete Genome	2026-03-03		6	
ASM3709452v1	GCF_037094525.1	GCA_037094525.1	Escherichia coli	562		MS 124-1					GCF_037094525.1-RS_2025_04_27	Complete Genome	2024-04-05		1	
ASM1688910v1	GCF_016889105.1	GCA_016889105.1	Escherichia coli	562		FDAARGOS_1254					GCF_016889105.1-RS_2025_07_06	Complete Genome	2021-02-15		6	
ASM548436v1	GCF_005484365.1	GCA_005484365.1	Escherichia coli	562		AR24.2b					GCF_005484365.1-RS_2025_06_27	Complete Genome	2019-05-17		1	
ASM5555646v1	GCF_055556465.1	GCA_055556465.1	Escherichia coli	562		AR145.2					GCF_055556465.1-RS_2026_03_02	Complete Genome	2026-03-03		6	
ASM3650491v1	GCF_036504915.1	GCA_036504915.1	Escherichia coli	562		2017.10.01CC					GCF_036504915.1-RS_2025_04_27	Complete Genome	2023-11-04		7	
ASM2794519v1	GCF_027945195.1	GCA_027945195.1	Escherichia coli	562		EC812A1					GCF_027945195.1-RS_2025_05_01	Complete Genome	2023-01-24		4	
ASM5539557v1	GCF_055395575.1	GCA_055395575.1	Escherichia coli	562		TK3887					GCF_055395575.1-RS_2026_02_24	Complete Genome	2026-02-25		3	
ASM5555643v1	GCF_055556435.1	GCA_055556435.1	Escherichia coli	562		AR17.2B					GCF_055556435.1-RS_2026_03_02	Complete Genome	2026-03-03		7	
ASM5568798v1	GCF_055687985.1	GCA_055687985.1	Escherichia coli	562		YDMW_2_complete					GCF_055687985.1-RS_2026_03_05	Complete Genome	2026-03-05	JBVNBP01	2	
ASM1416989v1	GCF_014169895.1	GCA_014169895.1	Escherichia coli	562		BEC1-S17-ESBL-07					GCF_014169895.1-RS_2025_07_05	Complete Genome	2020-07-21		3	
ASM994970v1	GCF_009949705.1	GCA_009949705.1	Escherichia coli	562		STEC409					GCF_009949705.1-RS_2025_07_02	Complete Genome	2020-01-29		3	
ASM5555645v1	GCF_055556455.1	GCA_055556455.1	Escherichia coli	562		AR89.2B					GCF_055556455.1-RS_2026_03_02	Complete Genome	2026-03-03		7	
ASM5555654v1	GCF_055556545.1	GCA_055556545.1	Escherichia coli	562		AR144.2					GCF_055556545.1-RS_2026_03_02	Complete Genome	2026-03-03		7	
ASM3649978v1	GCF_036499785.1	GCA_036499785.1	Escherichia coli	562		PSJ-23					GCF_036499785.1-RS_2025_04_27	Complete Genome	2023-11-03		2	
ASM5555647v1	GCF_055556475.1	GCA_055556475.1	Escherichia coli	562		AR76.3					GCF_055556475.1-RS_2026_03_02	Complete Genome	2026-03-03		7	
ASM5310291v1	GCF_053102915.1	GCA_053102915.1	Escherichia coli	562		PO06101					GCF_053102915.1-RS_2025_11_18	Complete Genome	2025-10-16	JBRNHP01	2	
ASM5205074v1	GCF_052050745.1	GCA_052050745.1	Escherichia coli	562		MG-phbCAB-3-5					GCF_052050745.1-RS_2025_08_15	Complete Genome	2025-08-16		1	
ASM2458552v1	GCF_024585525.1	GCA_024585525.1	Escherichia coli	562		MB50					GCF_024585525.1-RS_2025_09_11	Complete Genome	2022-08-08		4	
ASM190136v1	GCF_001901365.1	GCA_001901365.1	Escherichia coli	562		S30					GCF_001901365.1-RS_2025_06_16	Complete Genome	2016-12-12		4	
ASM2458498v1	GCF_024584985.1	GCA_024584985.1	Escherichia coli	562		41					GCF_024584985.1-RS_2025_09_08	Complete Genome	2022-08-08		1	
ASM1964599v1	GCF_019645995.1	GCA_019645995.1	Escherichia coli	562		XL1-Blue					GCF_019645995.1-RS_2024_12_18	Complete Genome	2021-08-17		1	
ASM880729v1	GCF_008807295.1	GCA_008807295.1	Escherichia coli	562		YPE3					GCF_008807295.1-RS_2025_06_28	Complete Genome	2019-10-03		4	
ASM3380262v1	GCF_033802625.1	GCA_033802625.1	Escherichia coli	562		39EVA					GCF_033802625.1-RS_2025_01_30	Complete Genome	2023-11-19		3	
ASM3649990v1	GCF_036499905.1	GCA_036499905.1	Escherichia coli	562		PSJ-29					GCF_036499905.1-RS_2025_04_27	Complete Genome	2023-11-03		3	
ASM5191263v1	GCF_051912635.1	GCA_051912635.1	Escherichia coli	562		EC26					GCF_051912635.1-RS_2025_08_12	Complete Genome	2025-08-12		1	
ASM1227867v1	GCF_012278675.1	GCA_012278675.1	Escherichia coli	562		54					GCF_012278675.1-RS_2025_07_03	Complete Genome	2020-04-14		4	
ASM1104589v1	GCF_011045895.1	GCA_011045895.1	Escherichia coli	562		ZF34					GCF_011045895.1-RS_2025_07_02	Complete Genome	2020-03-02		6	
ASM295177v1	GCF_002951775.1	GCA_002951775.1	Escherichia coli	562		13C1065T					GCF_002951775.1-RS_2025_03_24	Complete Genome	2018-02-05		8	
ASM1104587v1	GCF_011045875.1	GCA_011045875.1	Escherichia coli	562		ZF31					GCF_011045875.1-RS_2025_07_02	Complete Genome	2020-03-02		6	
ASM205614v1	GCF_002056145.1	GCA_002056145.1	Escherichia coli	562		AR_0069					GCF_002056145.1-RS_2025_06_19	Complete Genome	2017-03-21		3	
SC477	GCF_902810395.1	GCA_902810395.1	Escherichia coli	562					SC477		GCF_902810395.1-RS_2025_07_04	Complete Genome	2020-06-28		1	
ASM882412v1	GCF_008824125.1	GCA_008824125.1	Escherichia coli	562		ecMN1F					GCF_008824125.1-RS_2025_06_28	Complete Genome	2019-10-05		1	
ASM4534868v1	GCF_045348685.1	GCA_045348685.1	Escherichia coli	562		STK39-3-E					GCF_045348685.1-RS_2024_11_27	Complete Genome	2024-11-27		6	
ASM1490426v2	GCF_014904265.2	GCA_014904265.2	Escherichia coli	562		NT1F34					GCF_014904265.2-RS_2025_03_16	Complete Genome	2021-05-28		3	
2015-01-2097	GCF_904426485.1	GCA_904426485.1	Escherichia coli	562				Quinolone resistant	2015-01-2097		GCF_904426485.1-RS_2025_07_04	Complete Genome	2020-09-28		2	
SC434	GCF_902810315.1	GCA_902810315.1	Escherichia coli	562					SC434		GCF_902810315.1-RS_2025_07_04	Complete Genome	2020-06-28		1	
ASM1716103v1	GCF_017161035.1	GCA_017161035.1	Escherichia coli	562		C439					GCF_017161035.1-RS_2025_07_06	Complete Genome	2021-03-03		2	
ASM1807534v1	GCF_018075345.1	GCA_018075345.1	Escherichia coli	562		T159A					GCF_018075345.1-RS_2025_07_06	Complete Genome	2021-04-19		2	
ASM1665908v1	GCF_016659085.1	GCA_016659085.1	Escherichia coli	562		CV601					GCF_016659085.1-RS_2025_07_04	Complete Genome	2021-01-18		1	
ASM5488827v1	GCF_054888275.1	GCA_054888275.1	Escherichia coli	562		UID2309220013					GCF_054888275.1-RS_2026_02_04	Complete Genome	2026-02-02	JBTZPH01	4	
ASM1490417v2	GCF_014904175.2	GCA_014904175.2	Escherichia coli	562		NT1N28					GCF_014904175.2-RS_2025_03_16	Complete Genome	2021-05-28		3	
ASM2327826v1	GCF_023278265.1	GCA_023278265.1	Escherichia coli	562		WG5::PA8					GCF_023278265.1-RS_2025_06_15	Complete Genome	2022-05-09		1	
ASM2327824v1	GCF_023278245.1	GCA_023278245.1	Escherichia coli	562		WG5::PA2					GCF_023278245.1-RS_2025_06_15	Complete Genome	2022-05-09		1	
ASM2327828v1	GCF_023278285.1	GCA_023278285.1	Escherichia coli	562		WG5::TT12A					GCF_023278285.1-RS_2025_06_15	Complete Genome	2022-05-09		1	
ASM2296477v1	GCF_022964775.1	GCA_022964775.1	Escherichia coli	562		Iso00270					GCF_022964775.1-RS_2025_06_10	Complete Genome	2022-04-13		7	
ASM1050941v1	GCF_010509415.1	GCA_010509415.1	Escherichia coli	562		NBRC 3301					GCF_010509415.1-RS_2025_07_04	Complete Genome	2020-02-13		2	
ASM224659v3	GCF_002246595.2	GCA_002246595.3	Escherichia coli	562		ECCTRSRTH03					GCF_002246595.2-RS_2025_06_27	Complete Genome	2019-07-11		12	
ASM3842016v1	GCF_038420165.1	GCA_038420165.1	Escherichia coli	562		PA11					GCF_038420165.1-RS_2025_05_01	Complete Genome	2024-04-24		1	
SC455	GCF_902810345.1	GCA_902810345.1	Escherichia coli	562					SC455		GCF_902810345.1-RS_2025_07_03	Complete Genome	2020-06-28		1	
ASM4703823v1	GCF_047038235.1	GCA_047038235.1	Escherichia coli	562		K-12					GCF_047038235.1-RS_2025_01_24	Complete Genome	2025-01-25		1	
ASM2491875v1	GCF_024918755.1	GCA_024918755.1	Escherichia coli	562		ST12468					GCF_024918755.1-RS_2024_12_18	Complete Genome	2022-09-04		3	
ASM3649828v1	GCF_036498285.1	GCA_036498285.1	Escherichia coli	562		LR-64-2					GCF_036498285.1-RS_2025_04_27	Complete Genome	2023-11-03		4	
ASM2556343v1	GCF_025563435.1	GCA_025563435.1	Escherichia coli	562		JB41					GCF_025563435.1-RS_2025_01_08	Complete Genome	2022-10-04		1	
ASM2458594v1	GCF_024585945.1	GCA_024585945.1	Escherichia coli	562		PI6					GCF_024585945.1-RS_2025_09_11	Complete Genome	2022-08-08		5	
ASM5488865v1	GCF_054888655.1	GCA_054888655.1	Escherichia coli	562		UID2309220004					GCF_054888655.1-RS_2026_02_04	Complete Genome	2026-02-02	JBTZPD01	11	
ASM2052674v2	GCF_020526745.2	GCA_020526745.2	Escherichia coli	562		g83					GCF_020526745.2-RS_2025_04_27	Complete Genome	2024-03-27		1	
ASM2052676v2	GCF_020526765.2	GCA_020526765.2	Escherichia coli	562		g74					GCF_020526765.2-RS_2025_04_27	Complete Genome	2024-03-27		1	
ASM2052680v2	GCF_020526805.2	GCA_020526805.2	Escherichia coli	562		g62					GCF_020526805.2-RS_2025_04_27	Complete Genome	2024-03-27		1	
ASM2052682v2	GCF_020526825.2	GCA_020526825.2	Escherichia coli	562		W3110-P					GCF_020526825.2-RS_2025_04_27	Complete Genome	2024-03-25		1	
ASM2052684v2	GCF_020526845.2	GCA_020526845.2	Escherichia coli	562		gb37					GCF_020526845.2-RS_2025_04_27	Complete Genome	2024-03-27		1	
ASM2052672v2	GCF_020526725.2	GCA_020526725.2	Escherichia coli	562		g94					GCF_020526725.2-RS_2025_04_27	Complete Genome	2024-03-29		1	
ASM2052678v2	GCF_020526785.2	GCA_020526785.2	Escherichia coli	562		gw25					GCF_020526785.2-RS_2025_04_27	Complete Genome	2024-03-25		1	
ASM295389v1	GCF_002953895.1	GCA_002953895.1	Escherichia coli	562		1A					GCF_002953895.1-RS_2025_06_21	Complete Genome	2018-02-01		1	
ASM295291v1	GCF_002952915.1	GCA_002952915.1	Escherichia coli	562		3FA					GCF_002952915.1-RS_2025_06_21	Complete Genome	2018-02-01		1	
ASM295293v1	GCF_002952935.1	GCA_002952935.1	Escherichia coli	562		3A					GCF_002952935.1-RS_2025_06_21	Complete Genome	2018-02-01		1	
ASM295309v1	GCF_002953095.1	GCA_002953095.1	Escherichia coli	562		1FA					GCF_002953095.1-RS_2025_06_21	Complete Genome	2018-02-01		1	
ASM295375v1	GCF_002953755.1	GCA_002953755.1	Escherichia coli	562		8FA					GCF_002953755.1-RS_2025_06_21	Complete Genome	2018-02-01		1	
ASM295379v1	GCF_002953795.1	GCA_002953795.1	Escherichia coli	562		5FA					GCF_002953795.1-RS_2025_06_21	Complete Genome	2018-02-01		1	
ASM295381v1	GCF_002953815.1	GCA_002953815.1	Escherichia coli	562		4FA					GCF_002953815.1-RS_2025_06_21	Complete Genome	2018-02-01		1	
ASM295383v1	GCF_002953835.1	GCA_002953835.1	Escherichia coli	562		4A					GCF_002953835.1-RS_2025_06_21	Complete Genome	2018-02-01		1	
ASM295287v1	GCF_002952875.1	GCA_002952875.1	Escherichia coli	562		6FA					GCF_002952875.1-RS_2025_06_22	Complete Genome	2018-02-01		1	
ASM295295v1	GCF_002952955.1	GCA_002952955.1	Escherichia coli	562		2_0					GCF_002952955.1-RS_2025_06_21	Complete Genome	2018-02-01		1	
ASM295305v1	GCF_002953055.1	GCA_002953055.1	Escherichia coli	562		5A					GCF_002953055.1-RS_2025_06_21	Complete Genome	2018-02-01		1	
ASM295307v1	GCF_002953075.1	GCA_002953075.1	Escherichia coli	562		2FA					GCF_002953075.1-RS_2025_06_21	Complete Genome	2018-02-01		1	
ASM295385v1	GCF_002953855.1	GCA_002953855.1	Escherichia coli	562		2F_0					GCF_002953855.1-RS_2025_06_21	Complete Genome	2018-02-01		1	
ASM295301v1	GCF_002953015.1	GCA_002953015.1	Escherichia coli	562		9FA					GCF_002953015.1-RS_2025_06_21	Complete Genome	2018-02-01		1	
ASM295285v1	GCF_002952855.1	GCA_002952855.1	Escherichia coli	562		7FA					GCF_002952855.1-RS_2025_06_22	Complete Genome	2018-02-01		1	
ASM295303v1	GCF_002953035.1	GCA_002953035.1	Escherichia coli	562		8A					GCF_002953035.1-RS_2025_06_21	Complete Genome	2018-02-01		1	
ASM295299v1	GCF_002952995.1	GCA_002952995.1	Escherichia coli	562		9A					GCF_002952995.1-RS_2025_06_21	Complete Genome	2018-02-01		1	
ASM295377v1	GCF_002953775.1	GCA_002953775.1	Escherichia coli	562		7A					GCF_002953775.1-RS_2025_06_21	Complete Genome	2018-02-01		1	
ASM295289v1	GCF_002952895.1	GCA_002952895.1	Escherichia coli	562		6A					GCF_002952895.1-RS_2025_06_22	Complete Genome	2018-02-01		1	
ASM295387v1	GCF_002953875.1	GCA_002953875.1	Escherichia coli	562		2A					GCF_002953875.1-RS_2025_06_21	Complete Genome	2018-02-01		1	
ASM2458574v1	GCF_024585745.1	GCA_024585745.1	Escherichia coli	562		PM7					GCF_024585745.1-RS_2025_09_11	Complete Genome	2022-08-08		5	
ASM1417073v1	GCF_014170735.1	GCA_014170735.1	Escherichia coli	562		162.2					GCF_014170735.1-RS_2025_07_05	Complete Genome	2020-08-12		2	
ASM5310270v1	GCF_053102705.1	GCA_053102705.1	Escherichia coli	562		SW071614					GCF_053102705.1-RS_2025_11_18	Complete Genome	2025-10-16	JBRNHF01	4	
ASM4801195v1	GCF_048011955.1	GCA_048011955.1	Escherichia coli	562		CUWW06					GCF_048011955.1-RS_2025_02_26	Complete Genome	2025-03-01		3	
ASM3650363v1	GCF_036503635.1	GCA_036503635.1	Escherichia coli	562		2017-02-1CC					GCF_036503635.1-RS_2025_04_27	Complete Genome	2023-11-04		5	
ASM2458576v1	GCF_024585765.1	GCA_024585765.1	Escherichia coli	562		PM4					GCF_024585765.1-RS_2025_09_11	Complete Genome	2022-08-08		4	
ASM4711847v1	GCF_047118475.1	GCA_047118475.1	Escherichia coli	562		WL164					GCF_047118475.1-RS_2025_01_25	Complete Genome	2025-01-25		4	
ASM3650212v1	GCF_036502125.1	GCA_036502125.1	Escherichia coli	562		PSS-13					GCF_036502125.1-RS_2025_04_27	Complete Genome	2023-11-04		5	
39888_E01	GCF_900474625.1	GCA_900474625.1	Escherichia coli	562		NCTC9967					GCF_900474625.1-RS_2025_06_21	Complete Genome	2018-06-18		1	
ASM5152189v1	GCF_051521895.1	GCA_051521895.1	Escherichia coli	562		E2					GCF_051521895.1-RS_2025_07_25	Complete Genome	2025-07-29		2	
ASM3084753v1	GCF_030847535.1	GCA_030847535.1	Escherichia coli	562		K-12					GCF_030847535.1-RS_2024_09_06	Complete Genome	2023-08-21		1	
ASM1763910v1	GCF_017639105.1	GCA_017639105.1	Escherichia coli	562		ABW_S38					GCF_017639105.1-RS_2025_07_06	Complete Genome	2021-03-30		9	
38656_G02	GCF_900636045.1	GCA_900636045.1	Escherichia coli	562		NCTC10973					GCF_900636045.1-RS_2025_06_27	Complete Genome	2018-12-20		1	
GDSC2227PM	GCF_051858775.1	GCA_051858775.1	Escherichia coli	562		GDSC2227PM					GCF_051858775.1-RS_2025_08_08	Complete Genome	2025-06-03		6	
ASM4704639v1	GCF_047046395.1	GCA_047046395.1	Escherichia coli	562		YJX					GCF_047046395.1-RS_2025_01_24	Complete Genome	2025-01-25		1	
ASM5117564v1	GCF_051175645.1	GCA_051175645.1	Escherichia coli	562		A10					GCF_051175645.1-RS_2025_07_02	Complete Genome	2025-07-03		2	
ASM2599951v1	GCF_025999515.1	GCA_025999515.1	Escherichia coli	562		EC20-4B-2					GCF_025999515.1-RS_2025_02_01	Complete Genome	2022-10-22		3	
ASM2470074v2	GCF_024700745.2	GCA_024700745.2	Escherichia coli	562		MLI110					GCF_024700745.2-RS_2025_04_16	Complete Genome	2023-02-08		2	
ASM5304811v1	GCF_053048115.1	GCA_053048115.1	Escherichia coli	562		MDK6L1					GCF_053048115.1-RS_2025_11_17	Complete Genome	2025-11-18		4	
ASM2422543v1	GCF_024225435.1	GCA_024225435.1	Escherichia coli	562		LH13-b					GCF_024225435.1-RS_2025_08_03	Complete Genome	2022-07-13		5	
ASM2525430v1	GCF_025254305.1	GCA_025254305.1	Escherichia coli	562		THB42-F1					GCF_025254305.1-RS_2024_12_28	Complete Genome	2022-09-19		2	
38490_G02	GCF_900635145.1	GCA_900635145.1	Escherichia coli	562		NCTC9066					GCF_900635145.1-RS_2025_06_26	Complete Genome	2018-12-19		1	
ASM3650735v1	GCF_036507355.1	GCA_036507355.1	Escherichia coli	562		2018-05-2CC					GCF_036507355.1-RS_2025_04_27	Complete Genome	2023-11-04		9	
ASM279644v1	GCF_002796445.1	GCA_002796445.1	Escherichia coli	562		AR_0019					GCF_002796445.1-RS_2025_06_22	Complete Genome	2017-11-27		2	
ASM4906452v1	GCF_049064525.1	GCA_049064525.1	Escherichia coli	562		HS					GCF_049064525.1-RS_2025_03_28	Complete Genome	2025-04-02		1	
ASM2458582v1	GCF_024585825.1	GCA_024585825.1	Escherichia coli	562		PI24					GCF_024585825.1-RS_2025_09_11	Complete Genome	2022-08-08		7	
ASM199918v1	GCF_001999185.1	GCA_001999185.1	Escherichia coli	562		MGY					GCF_001999185.1-RS_2025_05_26	Complete Genome	2017-02-14		1	
ASM3958332v1	GCF_039583325.1	GCA_039583325.1	Escherichia coli	562		Sel(aux)					GCF_039583325.1-RS_2025_05_23	Complete Genome	2024-05-10		1	
ASM3958331v1	GCF_039583315.1	GCA_039583315.1	Escherichia coli	562		Sel(hit)					GCF_039583315.1-RS_2025_05_23	Complete Genome	2024-05-10		1	
ASM2991684v1	GCF_029916845.1	GCA_029916845.1	Escherichia coli	562		L6-21					GCF_029916845.1-RS_2025_06_11	Complete Genome	2023-05-02		3	
ASM4055123v1	GCF_040551235.1	GCA_040551235.1	Escherichia coli	562		Z142-3					GCF_040551235.1-RS_2024_07_09	Complete Genome	2024-07-09		4	
ASM3755395v1	GCF_037553955.1	GCA_037553955.1	Escherichia coli	562		Z1323HEC0011					GCF_037553955.1-RS_2025_04_28	Complete Genome	2024-04-05		6	
1258	GCF_050847245.1	GCA_050847245.1	Escherichia coli	562		DSM 498					GCF_050847245.1-RS_2025_06_09	Complete Genome	2025-06-09		1	
ASM130816v1	GCF_001308165.1	GCA_001308165.1	Escherichia coli	562		K-12 substr. MG1655_TMP32XR2					GCF_001308165.1-RS_2025_03_23	Complete Genome	2015-10-08		1	
ASM130812v1	GCF_001308125.1	GCA_001308125.1	Escherichia coli	562		K-12 substr. MG1655_TMP32XR1					GCF_001308125.1-RS_2025_03_23	Complete Genome	2015-10-08		1	
ASM3958329v1	GCF_039583295.1	GCA_039583295.1	Escherichia coli	562		Sel(eng_pnp-mut)					GCF_039583295.1-RS_2025_05_23	Complete Genome	2024-05-10		1	
ASM5101253v1	GCF_051012535.1	GCA_051012535.1	Escherichia coli	562		PD007					GCF_051012535.1-RS_2025_06_21	Complete Genome	2025-06-21		1	
ASM435896v1	GCF_004358965.1	GCA_004358965.1	Escherichia coli	562		CJ236					GCF_004358965.1-RS_2025_06_26	Complete Genome	2019-03-21		1	
ASM2248820v1	GCF_022488205.1	GCA_022488205.1	Escherichia coli	562		S-P-C-029.01					GCF_022488205.1-RS_2025_05_29	Complete Genome	2022-03-06		1	
ASM2004270v1	GCF_020042705.1	GCA_020042705.1	Escherichia coli	562		RP437					GCF_020042705.1-RS_2025_01_19	Complete Genome	2021-09-20		1	
ASM3958328v1	GCF_039583285.1	GCA_039583285.1	Escherichia coli	562		Sel(0 hit star)					GCF_039583285.1-RS_2025_05_23	Complete Genome	2024-05-10		1	
ASM3958330v1	GCF_039583305.1	GCA_039583305.1	Escherichia coli	562		Sel(aux star)					GCF_039583305.1-RS_2025_05_23	Complete Genome	2024-05-10		1	
ASM5152238v1	GCF_051522385.1	GCA_051522385.1	Escherichia coli	562		J3					GCF_051522385.1-RS_2025_07_25	Complete Genome	2025-07-29		2	
ASM893172v1	GCF_008931725.1	GCA_008931725.1	Escherichia coli	562		JME67					GCF_008931725.1-RS_2025_06_29	Complete Genome	2019-10-09		1	
ASM289953v1	GCF_002899535.1	GCA_002899535.1	Escherichia coli	562		CIT					GCF_002899535.1-RS_2025_06_21	Complete Genome	2018-01-25		1	
ASM285406v1	GCF_002854065.1	GCA_002854065.1	Escherichia coli	562		14EC033					GCF_002854065.1-RS_2025_06_22	Complete Genome	2018-01-03		8	
ASM1149298v1	GCF_011492985.1	GCA_011492985.1	Escherichia coli	562		T16R					GCF_011492985.1-RS_2025_07_03	Complete Genome	2020-03-19		4	
ASM4568993v1	GCF_045689935.1	GCA_045689935.1	Escherichia coli	562		T16R					GCF_045689935.1-RS_2024_12_05	Complete Genome	2024-12-06		2	
ASM893186v1	GCF_008931865.1	GCA_008931865.1	Escherichia coli	562		JME66					GCF_008931865.1-RS_2025_06_28	Complete Genome	2019-10-09		1	
ASM3649365v1	GCF_036493655.1	GCA_036493655.1	Escherichia coli	562		15.03CC					GCF_036493655.1-RS_2025_04_27	Complete Genome	2023-11-03		4	
ASM4269219v1	GCF_042692195.1	GCA_042692195.1	Escherichia coli	562		30088					GCF_042692195.1-RS_2024_10_08	Complete Genome	2024-10-11		2	
ASM366742v1	GCF_003667425.1	GCA_003667425.1	Escherichia coli	562		W5-6					GCF_003667425.1-RS_2025_06_24	Complete Genome	2018-10-20		4	
ASM3464325v1	GCF_034643255.1	GCA_034643255.1	Escherichia coli	562		KE48					GCF_034643255.1-RS_2025_02_23	Complete Genome	2023-12-26		4	
ASM4076305v1	GCF_040763055.1	GCA_040763055.1	Escherichia coli	562		MG1655p					GCF_040763055.1-RS_2024_07_19	Complete Genome	2024-07-19		2	
Ecoli_AG100_Sample3_Doxycycline_Assembly	GCF_900096795.1	GCA_900096795.1	Escherichia coli	562					103		GCF_900096795.1-RS_2025_06_20	Complete Genome	2017-01-03		1	
Ecoli_AG100_Sample3_M9_Assembly	GCF_900096845.1	GCA_900096845.1	Escherichia coli	562					106		GCF_900096845.1-RS_2025_06_19	Complete Genome	2017-01-03		1	
ASM190071v1	GCF_001900715.1	GCA_001900715.1	Escherichia coli	562		D9					GCF_001900715.1-RS_2025_06_16	Complete Genome	2016-12-12		5	
ASM1688986v1	GCF_016889865.1	GCA_016889865.1	Escherichia coli	562		FDAARGOS_1253					GCF_016889865.1-RS_2025_07_04	Complete Genome	2021-02-15		9	
44087_H02	GCF_900636795.1	GCA_900636795.1	Escherichia coli	562		NCTC9064					GCF_900636795.1-RS_2025_06_27	Complete Genome	2018-12-20		1	
F829	GCF_963575575.1	GCA_963575575.1	Escherichia coli	562					F829		GCF_963575575.1-RS_2025_01_15	Complete Genome	2023-10-28		5	
ASM893174v1	GCF_008931745.1	GCA_008931745.1	Escherichia coli	562		JME65					GCF_008931745.1-RS_2025_06_29	Complete Genome	2019-10-09		1	
38656_H02	GCF_900636055.1	GCA_900636055.1	Escherichia coli	562		NCTC11121					GCF_900636055.1-RS_2025_06_27	Complete Genome	2018-12-20		1	
ASM4132010v1	GCF_041320105.1	GCA_041320105.1	Escherichia coli	562		ET474					GCF_041320105.1-RS_2024_09_01	Complete Genome	2024-08-18		4	
ASM5135965v1	GCF_051359655.1	GCA_051359655.1	Escherichia coli	562		27992					GCF_051359655.1-RS_2025_07_16	Complete Genome	2025-07-17		6	
ASM5104811v1	GCF_051048115.1	GCA_051048115.1	Escherichia coli	562		PS200					GCF_051048115.1-RS_2025_06_26	Complete Genome	2025-06-27		1	
ASM893176v1	GCF_008931765.1	GCA_008931765.1	Escherichia coli	562		JME64					GCF_008931765.1-RS_2025_06_29	Complete Genome	2019-10-09		1	
ASM1841771v1	GCF_018417715.1	GCA_018417715.1	Escherichia coli	562		K-12 J53					GCF_018417715.1-RS_2025_06_21	Complete Genome	2021-05-20		2	
ASM3029505v1	GCF_030295055.1	GCA_030295055.1	Escherichia coli	562		LR-06					GCF_030295055.1-RS_2025_07_09	Complete Genome	2023-05-23		5	
ASM3016947v1	GCF_030169475.1	GCA_030169475.1	Escherichia coli	562		AHM9C68I					GCF_030169475.1-RS_2025_06_27	Complete Genome	2023-06-05		9	
ASM2449917v1	GCF_024499175.1	GCA_024499175.1	Escherichia coli	562		CPE35					GCF_024499175.1-RS_2025_08_27	Complete Genome	2022-08-01		9	
ASM3084535v1	GCF_030845355.1	GCA_030845355.1	Escherichia coli	562		XL1-Blue					GCF_030845355.1-RS_2025_06_14	Complete Genome	2023-08-20		2	
ASM5207816v2	GCF_052078165.2	GCA_052078165.2	Escherichia coli	562		T177A					GCF_052078165.2-RS_2025_09_04	Complete Genome	2025-08-31	JBQIBA02	4	
ASM5207141v2	GCF_052071415.2	GCA_052071415.2	Escherichia coli	562		T142A					GCF_052071415.2-RS_2025_09_04	Complete Genome	2025-08-31	JBQGUW02	2	
ASM5316529v1	GCF_053165295.1	GCA_053165295.1	Escherichia coli	562		BKQ37E					GCF_053165295.1-RS_2025_11_18	Complete Genome	2025-11-19		1	
ASM4592047v1	GCF_045920475.1	GCA_045920475.1	Escherichia coli	562		NEBExpress(lowRF1)					GCF_045920475.1-RS_2025_04_07	Complete Genome	2024-12-12		1	
ASM3216449v1	GCF_032164495.1	GCA_032164495.1	Escherichia coli	562		AHM9C61I					GCF_032164495.1-RS_2024_12_27	Complete Genome	2023-09-12		2	
ASM5085855v1	GCF_050858555.1	GCA_050858555.1	Escherichia coli	562		BW25113					GCF_050858555.1-RS_2025_06_10	Complete Genome	2025-06-10		1	
ASM2922787v1	GCF_029227875.1	GCA_029227875.1	Escherichia coli	562		XJ6.2					GCF_029227875.1-RS_2025_05_25	Complete Genome	2023-03-16		2	
ASM3268112v1	GCF_032681125.1	GCA_032681125.1	Escherichia coli	562		DCM272-43-68					GCF_032681125.1-RS_2025_01_07	Complete Genome	2023-10-15		1	
ASM1486370v1	GCF_014863705.1	GCA_014863705.1	Escherichia coli	562		AML003_ev03					GCF_014863705.1-RS_2025_07_04	Complete Genome	2020-10-08		1	
ASM1486376v1	GCF_014863765.1	GCA_014863765.1	Escherichia coli	562		AML002_ev03					GCF_014863765.1-RS_2025_07_04	Complete Genome	2020-10-08		1	
ASM1486364v1	GCF_014863645.1	GCA_014863645.1	Escherichia coli	562		AML001_ev02					GCF_014863645.1-RS_2025_07_04	Complete Genome	2020-10-08		1	
ASM1486366v1	GCF_014863665.1	GCA_014863665.1	Escherichia coli	562		AML001_ev01					GCF_014863665.1-RS_2025_07_04	Complete Genome	2020-10-08		1	
ASM1486382v1	GCF_014863825.1	GCA_014863825.1	Escherichia coli	562		AML002_ev01					GCF_014863825.1-RS_2025_07_04	Complete Genome	2020-10-08		1	
ASM190090v1	GCF_001900905.1	GCA_001900905.1	Escherichia coli	562		S3					GCF_001900905.1-RS_2025_06_19	Complete Genome	2016-12-12		1	
ASM4153159v1	GCF_041531595.1	GCA_041531595.1	Escherichia coli	562		EC23HZZ201					GCF_041531595.1-RS_2024_08_29	Complete Genome	2024-08-29		11	
ASM3014247v1	GCF_030142475.1	GCA_030142475.1	Escherichia coli	562		BW25113					GCF_030142475.1-RS_2025_06_23	Complete Genome	2023-05-31		1	
ASM3268114v1	GCF_032681145.1	GCA_032681145.1	Escherichia coli	562		DCM200-113					GCF_032681145.1-RS_2025_01_07	Complete Genome	2023-10-15		1	
ASM1814124v1	GCF_018141245.1	GCA_018141245.1	Escherichia coli	562		CT29					GCF_018141245.1-RS_2025_07_06	Complete Genome	2021-04-27		5	
ASM1763916v1	GCF_017639165.1	GCA_017639165.1	Escherichia coli	562		027_SK3					GCF_017639165.1-RS_2025_07_06	Complete Genome	2021-03-30		7	
ASM1486380v1	GCF_014863805.1	GCA_014863805.1	Escherichia coli	562		AML002_ev02					GCF_014863805.1-RS_2025_07_04	Complete Genome	2020-10-08		1	
ASM1486362v1	GCF_014863625.1	GCA_014863625.1	Escherichia coli	562		AML001_ev03					GCF_014863625.1-RS_2025_07_04	Complete Genome	2020-10-08		1	
ASM1486368v1	GCF_014863685.1	GCA_014863685.1	Escherichia coli	562		AML001_par					GCF_014863685.1-RS_2025_07_04	Complete Genome	2020-10-08		1	
ASM1486372v1	GCF_014863725.1	GCA_014863725.1	Escherichia coli	562		AML003_ev02					GCF_014863725.1-RS_2025_07_04	Complete Genome	2020-10-08		1	
ASM1486378v1	GCF_014863785.1	GCA_014863785.1	Escherichia coli	562		AML003_par					GCF_014863785.1-RS_2025_07_04	Complete Genome	2020-10-08		1	
ASM1486384v1	GCF_014863845.1	GCA_014863845.1	Escherichia coli	562		AML002_par					GCF_014863845.1-RS_2025_07_04	Complete Genome	2020-10-08		1	
ASM1486374v1	GCF_014863745.1	GCA_014863745.1	Escherichia coli	562		AML003_ev01					GCF_014863745.1-RS_2025_07_04	Complete Genome	2020-10-08		1	
ASM3268116v1	GCF_032681165.1	GCA_032681165.1	Escherichia coli	562		DCM188-6					GCF_032681165.1-RS_2025_01_07	Complete Genome	2023-10-15		1	
ASM190081v1	GCF_001900815.1	GCA_001900815.1	Escherichia coli	562		H3					GCF_001900815.1-RS_2025_06_17	Complete Genome	2016-12-12		2	
ASM3649936v1	GCF_036499365.1	GCA_036499365.1	Escherichia coli	562		PSJ-16					GCF_036499365.1-RS_2025_04_27	Complete Genome	2023-11-03		2	
ASM2155465v1	GCF_021554655.1	GCA_021554655.1	Escherichia coli	562		DOC14					GCF_021554655.1-RS_2025_02_14	Complete Genome	2022-01-23		1	
ASM2281154v1	GCF_022811545.1	GCA_022811545.1	Escherichia coli	562		JW5503					GCF_022811545.1-RS_2025_06_07	Complete Genome	2022-04-04		1	
ASM2249363v1	GCF_022493635.1	GCA_022493635.1	Escherichia coli	562		A13					GCF_022493635.1-RS_2025_05_01	Complete Genome	2022-03-07		1	
ASM1694469v1	GCF_016944695.1	GCA_016944695.1	Escherichia coli	562		EH10-18-47					GCF_016944695.1-RS_2025_07_05	Complete Genome	2021-02-25		4	
ASM5319408v1	GCF_053194085.1	GCA_053194085.1	Escherichia coli	562		OV2					GCF_053194085.1-RS_2025_11_18	Complete Genome	2025-11-20		1	
ASM4201714v1	GCF_042017145.1	GCA_042017145.1	Escherichia coli	562		L-form0					GCF_042017145.1-RS_2024_09_20	Complete Genome	2024-09-20		1	
ASM4882031v1	GCF_048820315.1	GCA_048820315.1	Escherichia coli	562		LTE0					GCF_048820315.1-RS_2025_04_20	Complete Genome	2025-03-24		2	
ASM4882032v1	GCF_048820325.1	GCA_048820325.1	Escherichia coli	562		K-12 MG1655					GCF_048820325.1-RS_2025_04_20	Complete Genome	2025-03-24		2	
ASM1316699v1	GCF_013166995.1	GCA_013166995.1	Escherichia coli	562		Dam/Dcm					GCF_013166995.1-RS_2025_07_03	Complete Genome	2020-05-26		1	
ASM3071782v1	GCF_030717825.1	GCA_030717825.1	Escherichia coli	562		QML220614					GCF_030717825.1-RS_2025_08_27	Complete Genome	2023-08-13		2	
ASM2238519v1	GCF_022385195.1	GCA_022385195.1	Escherichia coli	562					TKEC21-17		GCF_022385195.1-RS_2025_05_24	Complete Genome	2022-02-24		3	
ASM2238521v1	GCF_022385215.1	GCA_022385215.1	Escherichia coli	562					TKEC21-59		GCF_022385215.1-RS_2025_05_24	Complete Genome	2022-02-24		2	
49923_G01	GCF_900186905.1	GCA_900186905.1	Escherichia coli	562		NCTC122					GCF_900186905.1-RS_2025_01_06	Complete Genome	2017-08-15		1	
ASM1955181v1	GCF_019551815.1	GCA_019551815.1	Escherichia coli	562		CY708					GCF_019551815.1-RS_2024_12_16	Complete Genome	2021-08-11		2	
ASM1763912v1	GCF_017639125.1	GCA_017639125.1	Escherichia coli	562		ABW_A33					GCF_017639125.1-RS_2025_07_06	Complete Genome	2021-03-30		4	
ASM296871v1	GCF_002968715.1	GCA_002968715.1	Escherichia coli	562		AR_0369					GCF_002968715.1-RS_2025_06_22	Complete Genome	2018-03-05		6	
ASM1369434v1	GCF_013694345.1	GCA_013694345.1	Escherichia coli	562		SY3626_hybrid					GCF_013694345.1-RS_2025_07_03	Complete Genome	2020-07-26		5	
ASM289951v1	GCF_002899515.1	GCA_002899515.1	Escherichia coli	562		LIM					GCF_002899515.1-RS_2025_06_21	Complete Genome	2018-01-25		1	
ASM2922783v1	GCF_029227835.1	GCA_029227835.1	Escherichia coli	562		XJ5.2					GCF_029227835.1-RS_2025_01_20	Complete Genome	2023-03-16		2	
ASM3628782v1	GCF_036287825.1	GCA_036287825.1	Escherichia coli	562		EC190486					GCF_036287825.1-RS_2025_03_12	Complete Genome	2024-01-29		3	
ASM369142v1	GCF_003691425.1	GCA_003691425.1	Escherichia coli	562		CP53					GCF_003691425.1-RS_2025_06_24	Complete Genome	2018-10-27		5	
ASM4882030v1	GCF_048820305.1	GCA_048820305.1	Escherichia coli	562		LTE800					GCF_048820305.1-RS_2025_04_20	Complete Genome	2025-03-24		2	
ASM2088643v2	GCF_020886435.2	GCA_020886435.2	Escherichia coli	562		2017.06.04CC					GCF_020886435.2-RS_2025_02_17	Complete Genome	2021-12-06		5	
ASM1644633v1	GCF_016446335.1	GCA_016446335.1	Escherichia coli	562		QEC11-421					GCF_016446335.1-RS_2025_06_12	Complete Genome	2020-12-30		6	
ASM1763896v1	GCF_017638965.1	GCA_017638965.1	Escherichia coli	562		SBF45					GCF_017638965.1-RS_2025_07_06	Complete Genome	2021-03-30		3	
ASM3155197v1	GCF_031551975.1	GCA_031551975.1	Escherichia coli	562		B-DolR					GCF_031551975.1-RS_2024_12_17	Complete Genome	2023-09-15		1	
ASM3967913v1	GCF_039679135.1	GCA_039679135.1	Escherichia coli	562		LZHX12					GCF_039679135.1-RS_2025_05_29	Complete Genome	2024-05-20		4	
ASM4027187v2	GCF_040271875.2	GCA_040271875.2	Escherichia coli	562		PS2Canimalfeces3					GCF_040271875.2-RS_2025_02_25	Complete Genome	2025-02-28		3	
ASM2794485v1	GCF_027944855.1	GCA_027944855.1	Escherichia coli	562		DETEC-P61					GCF_027944855.1-RS_2025_03_20	Complete Genome	2023-01-24		7	
ASM4132016v1	GCF_041320165.1	GCA_041320165.1	Escherichia coli	562		ET245					GCF_041320165.1-RS_2024_09_01	Complete Genome	2024-08-18		3	
ASM1942866v1	GCF_019428665.1	GCA_019428665.1	Escherichia coli	562		PK8277					GCF_019428665.1-RS_2025_03_18	Complete Genome	2021-07-31		6	
ASM1337431v1	GCF_013374315.1	GCA_013374315.1	Escherichia coli	562		YJ6					GCF_013374315.1-RS_2025_07_04	Complete Genome	2020-06-17		2	
ASM5095652v1	GCF_050956525.1	GCA_050956525.1	Escherichia coli	562		TOE3					GCF_050956525.1-RS_2025_06_18	Complete Genome	2025-06-19		4	
ASM2432977v2	GCF_024329775.2	GCA_024329775.2	Escherichia coli	562		MLI023K2					GCF_024329775.2-RS_2025_03_26	Complete Genome	2023-02-08		3	
ASM1688952v1	GCF_016889525.1	GCA_016889525.1	Escherichia coli	562		EA7					GCF_016889525.1-RS_2025_07_04	Complete Genome	2021-02-15		2	
ASM301320v1	GCF_003013205.1	GCA_003013205.1	Escherichia coli	562		RM14721					GCF_003013205.1-RS_2025_06_22	Complete Genome	2018-03-21		2	
ASM3442472v1	GCF_034424725.1	GCA_034424725.1	Escherichia coli	562		ATCC 11303					GCF_034424725.1-RS_2025_03_10	Complete Genome	2023-12-17		1	
ASM2433002v2	GCF_024330025.2	GCA_024330025.2	Escherichia coli	562		MLI023K1					GCF_024330025.2-RS_2025_04_16	Complete Genome	2023-02-08		3	
ASM5113618v1	GCF_051136185.1	GCA_051136185.1	Escherichia coli	562		EC16					GCF_051136185.1-RS_2025_06_30	Complete Genome	2025-06-30		8	
ASM1339182v1	GCF_013391825.1	GCA_013391825.1	Escherichia coli	562		AMSCJX03					GCF_013391825.1-RS_2025_07_04	Complete Genome	2020-07-08		3	
ASM4920291v3	GCF_049202915.3	GCA_049202915.3	Escherichia coli	562		ZH142					GCF_049202915.3-RS_2025_09_04	Complete Genome	2025-09-03	JBMIPL03	3	
ASM3016651v1	GCF_030166515.1	GCA_030166515.1	Escherichia coli	562		NN5					GCF_030166515.1-RS_2025_06_28	Complete Genome	2023-06-05		2	
ASM168230v2	GCF_001682305.2	GCA_001682305.2	Escherichia coli	562		EC590					GCF_001682305.2-RS_2025_06_19	Complete Genome	2017-03-24		1	
ASM1490431v2	GCF_014904315.2	GCA_014904315.2	Escherichia coli	562		NT1F25					GCF_014904315.2-RS_2025_03_16	Complete Genome	2021-05-28		2	
ASM4534875v1	GCF_045348755.1	GCA_045348755.1	Escherichia coli	562		STS63-2-E					GCF_045348755.1-RS_2024_11_27	Complete Genome	2024-11-27		2	
ASM4131645v1	GCF_041316455.1	GCA_041316455.1	Escherichia coli	562		ET915					GCF_041316455.1-RS_2024_09_01	Complete Genome	2024-08-17		4	
ASM4054343v1	GCF_040543435.1	GCA_040543435.1	Escherichia coli	562		Z217-4					GCF_040543435.1-RS_2024_07_08	Complete Genome	2024-07-09		1	
ASM4054349v1	GCF_040543495.1	GCA_040543495.1	Escherichia coli	562		Z217-2					GCF_040543495.1-RS_2024_07_09	Complete Genome	2024-07-09		1	
ASM4882029v1	GCF_048820295.1	GCA_048820295.1	Escherichia coli	562		LTE950					GCF_048820295.1-RS_2025_03_24	Complete Genome	2025-03-24		2	
ASM1140421v1	GCF_011404215.1	GCA_011404215.1	Escherichia coli	562		2017.01.04CC					GCF_011404215.1-RS_2025_07_02	Complete Genome	2020-02-10		1	
ASM3650302v1	GCF_036503025.1	GCA_036503025.1	Escherichia coli	562		2017-01-4CC					GCF_036503025.1-RS_2025_04_27	Complete Genome	2023-11-04		3	
ASM2458548v1	GCF_024585485.1	GCA_024585485.1	Escherichia coli	562		MB52					GCF_024585485.1-RS_2025_09_10	Complete Genome	2022-08-08		3	
ASM1735756v1	GCF_017357565.1	GCA_017357565.1	Escherichia coli	562		RM9513					GCF_017357565.1-RS_2025_02_19	Complete Genome	2021-03-16		2	
ASM305266v1	GCF_003052665.1	GCA_003052665.1	Escherichia coli	562		ME8067					GCF_003052665.1-RS_2025_06_24	Complete Genome	2018-04-17		1	
ASM2642775v1	GCF_026427755.1	GCA_026427755.1	Escherichia coli	562		HeN100					GCF_026427755.1-RS_2025_05_26	Complete Genome	2022-11-28		6	
ASM118364v1	GCF_001183645.1	GCA_001183645.1	Escherichia coli	562		DH1Ec095					GCF_001183645.1-RS_2025_06_14	Complete Genome	2015-07-21		1	
ASM328724v1	GCF_003287245.1	GCA_003287245.1	Escherichia coli	562		C					GCF_003287245.1-RS_2025_06_22	Complete Genome	2018-07-03		1	
ASM3380256v1	GCF_033802565.1	GCA_033802565.1	Escherichia coli	562		6EVA					GCF_033802565.1-RS_2025_01_30	Complete Genome	2023-11-19		3	
ASM2205822v1	GCF_022058225.1	GCA_022058225.1	Escherichia coli	562		SWYHX138.261ft					GCF_022058225.1-RS_2025_02_19	Complete Genome	2022-02-08		3	
ASM1827958v1	GCF_018279585.1	GCA_018279585.1	Escherichia coli	562		ATCC 98082					GCF_018279585.1-RS_2025_07_05	Complete Genome	2021-05-05		2	
ASM2450787v1	GCF_024507875.1	GCA_024507875.1	Escherichia coli	562		JCC-EE 7					GCF_024507875.1-RS_2025_09_18	Complete Genome	2022-08-03		3	
ASM3154460v1	GCF_031544605.1	GCA_031544605.1	Escherichia coli	562		B-LamR					GCF_031544605.1-RS_2024_12_17	Complete Genome	2023-09-15		1	
ASM2205820v1	GCF_022058205.1	GCA_022058205.1	Escherichia coli	562		SWYHX138.33gt					GCF_022058205.1-RS_2025_02_19	Complete Genome	2022-02-08		3	
ASM118366v1	GCF_001183665.1	GCA_001183665.1	Escherichia coli	562		DH1Ec104					GCF_001183665.1-RS_2025_06_14	Complete Genome	2015-07-21		1	
ASM5484999v1	GCF_054849995.1	GCA_054849995.1	Escherichia coli	562		LF4-1					GCF_054849995.1-RS_2026_01_31	Complete Genome	2026-01-30	JBTWTQ01	3	
ASM1293457v1	GCF_012934575.1	GCA_012934575.1	Escherichia coli	562		SCU-118					GCF_012934575.1-RS_2025_07_03	Complete Genome	2020-04-30		3	
ASM3155479v1	GCF_031554795.1	GCA_031554795.1	Escherichia coli	562		B-ZidR					GCF_031554795.1-RS_2024_12_18	Complete Genome	2023-09-15		1	
ASM3154944v1	GCF_031549445.1	GCA_031549445.1	Escherichia coli	562		B-RalR					GCF_031549445.1-RS_2024_12_17	Complete Genome	2023-09-15		1	
ASM3154702v1	GCF_031547025.1	GCA_031547025.1	Escherichia coli	562		B-DidR					GCF_031547025.1-RS_2024_12_17	Complete Genome	2023-09-15		1	
ASM3154592v1	GCF_031545925.1	GCA_031545925.1	Escherichia coli	562		B-StaR					GCF_031545925.1-RS_2024_12_17	Complete Genome	2023-09-15		1	
ASM3154376v1	GCF_031543765.1	GCA_031543765.1	Escherichia coli	562		B					GCF_031543765.1-RS_2024_12_18	Complete Genome	2023-09-15		1	
ASM5490247v1	GCF_054902475.1	GCA_054902475.1	Escherichia coli	562		GPEC206-621					GCF_054902475.1-RS_2026_02_04	Complete Genome	2026-02-03	JBUBJP01	2	
ASM118368v1	GCF_001183685.1	GCA_001183685.1	Escherichia coli	562		DH1Ec169					GCF_001183685.1-RS_2025_06_15	Complete Genome	2015-07-21		1	
ASM3014220v1	GCF_030142205.1	GCA_030142205.1	Escherichia coli	562		HT-948					GCF_030142205.1-RS_2025_06_24	Complete Genome	2023-05-31		1	
ASM4093955v1	GCF_040939555.1	GCA_040939555.1	Escherichia coli	562		C21-2					GCF_040939555.1-RS_2024_07_30	Complete Genome	2024-07-30		2	
ASM4093951v1	GCF_040939515.1	GCA_040939515.1	Escherichia coli	562		2-C14-1					GCF_040939515.1-RS_2024_07_30	Complete Genome	2024-07-30		3	
ASM299326v1	GCF_002993265.1	GCA_002993265.1	Escherichia coli	562		AS19-RrmA-					GCF_002993265.1-RS_2025_06_21	Complete Genome	2018-03-11		1	
ASM2963676v1	GCF_029636765.1	GCA_029636765.1	Escherichia coli	562		DY612					GCF_029636765.1-RS_2025_06_04	Complete Genome	2023-04-10		6	
ASM3411976v1	GCF_034119765.1	GCA_034119765.1	Escherichia coli	562		YZ22MPE6					GCF_034119765.1-RS_2025_02_08	Complete Genome	2023-12-06		5	
ASM3839630v1	GCF_038396305.1	GCA_038396305.1	Escherichia coli	562		KTa005					GCF_038396305.1-RS_2025_05_01	Complete Genome	2024-04-22		11	
ASM4201649v1	GCF_042016495.1	GCA_042016495.1	Escherichia coli	562		L-formLTE					GCF_042016495.1-RS_2024_09_20	Complete Genome	2024-09-20		1	
ASM1149288v1	GCF_011492885.1	GCA_011492885.1	Escherichia coli	562		T28R					GCF_011492885.1-RS_2025_07_03	Complete Genome	2020-03-19		4	
ASM4568992v1	GCF_045689925.1	GCA_045689925.1	Escherichia coli	562		T28R					GCF_045689925.1-RS_2024_12_05	Complete Genome	2024-12-06		4	
RUNB_Ecoli_1	GCF_042259155.1	GCA_042259155.1	Escherichia coli	562		C122					GCF_042259155.1-RS_2024_09_26	Complete Genome	2024-09-26		1	
ASM3222926v1	GCF_032229265.1	GCA_032229265.1	Escherichia coli	562		19213					GCF_032229265.1-RS_2024_12_27	Complete Genome	2023-09-30		1	
ASM3014233v1	GCF_030142335.1	GCA_030142335.1	Escherichia coli	562		HT-946					GCF_030142335.1-RS_2025_06_23	Complete Genome	2023-05-31		1	
ASM4858573v1	GCF_048585735.1	GCA_048585735.1	Escherichia coli	562		C21					GCF_048585735.1-RS_2025_03_17	Complete Genome	2025-03-17		4	
ASM3230013v1	GCF_032300135.1	GCA_032300135.1	Escherichia coli	562		OHT76-1					GCF_032300135.1-RS_2024_12_29	Complete Genome	2023-10-03		9	
ASM3014224v1	GCF_030142245.1	GCA_030142245.1	Escherichia coli	562		HT-947					GCF_030142245.1-RS_2025_06_23	Complete Genome	2023-05-31		1	
ASM1416893v1	GCF_014168935.1	GCA_014168935.1	Escherichia coli	562		WP3-S18-ESBL-07					GCF_014168935.1-RS_2025_07_03	Complete Genome	2020-07-21		2	
ASM4192725v1	GCF_041927255.1	GCA_041927255.1	Escherichia coli	562		MG1655-pvir					GCF_041927255.1-RS_2024_09_16	Complete Genome	2024-09-17		2	
ASM284822v1	GCF_002848225.1	GCA_002848225.1	Escherichia coli	562		DH5alpha					GCF_002848225.1-RS_2025_06_22	Complete Genome	2017-12-28		1	
ASM595462v1	GCF_005954625.1	GCA_005954625.1	Escherichia coli	562		EK2009					GCF_005954625.1-RS_2025_06_27	Complete Genome	2019-06-04		1	
ASM3014241v1	GCF_030142415.1	GCA_030142415.1	Escherichia coli	562		HT873X1					GCF_030142415.1-RS_2025_06_23	Complete Genome	2023-05-31		1	
ASM3649686v1	GCF_036496865.1	GCA_036496865.1	Escherichia coli	562		LR-48					GCF_036496865.1-RS_2025_04_27	Complete Genome	2023-11-03		7	
40415_B02	GCF_900636305.1	GCA_900636305.1	Escherichia coli	562		NCTC10537					GCF_900636305.1-RS_2024_06_18	Complete Genome	2018-12-20		1	
ASM5310288v1	GCF_053102885.1	GCA_053102885.1	Escherichia coli	562		SW07091					GCF_053102885.1-RS_2025_11_18	Complete Genome	2025-10-16	JBRNHO01	1	
ASM2470083v2	GCF_024700835.2	GCA_024700835.2	Escherichia coli	562		MLI105					GCF_024700835.2-RS_2025_04_16	Complete Genome	2023-02-08		4	
ASM5294371v1	GCF_052943715.1	GCA_052943715.1	Escherichia coli	562		DAM					GCF_052943715.1-RS_2025_11_17	Complete Genome	2025-10-02	JBQXPD01	7	
ASM5266289v1	GCF_052662895.1	GCA_052662895.1	Escherichia coli	562		ANT					GCF_052662895.1-RS_2025_09_17	Complete Genome	2025-09-16	JBQXPC01	7	
ASM2249341v1	GCF_022493415.1	GCA_022493415.1	Escherichia coli	562		A25					GCF_022493415.1-RS_2025_05_03	Complete Genome	2022-03-07		1	
ASM1763914v1	GCF_017639145.1	GCA_017639145.1	Escherichia coli	562		ABW_A32					GCF_017639145.1-RS_2025_07_05	Complete Genome	2021-03-30		4	
ASM3442379v1	GCF_034423795.1	GCA_034423795.1	Escherichia coli	562		THN257					GCF_034423795.1-RS_2025_03_10	Complete Genome	2023-12-17		2	
ASM2525460v1	GCF_025254605.1	GCA_025254605.1	Escherichia coli	562		THB42-F3					GCF_025254605.1-RS_2024_12_27	Complete Genome	2022-09-19		2	
ASM2621049v1	GCF_026210495.1	GCA_026210495.1	Escherichia coli	562		THB42-F4					GCF_026210495.1-RS_2025_02_19	Complete Genome	2022-11-16		2	
ASM2621051v1	GCF_026210515.1	GCA_026210515.1	Escherichia coli	562		THB42-F5					GCF_026210515.1-RS_2025_02_19	Complete Genome	2022-11-16		2	
ASM5448249v1	GCF_054482495.1	GCA_054482495.1	Escherichia coli	562		3PT					GCF_054482495.1-RS_2026_01_13	Complete Genome	2026-01-13	JBTHVF01	5	
ASM5384714v1	GCF_053847145.1	GCA_053847145.1	Escherichia coli	562		EC600_TC_NKI					GCF_053847145.1-RS_2025_12_07	Complete Genome	2025-12-06	JBSPDI01	3	
ASM595460v1	GCF_005954605.1	GCA_005954605.1	Escherichia coli	562		KR2009					GCF_005954605.1-RS_2025_06_27	Complete Genome	2019-06-04		1	
ASM2365384v1	GCF_023653845.1	GCA_023653845.1	Escherichia coli	562		EC2648-Vir2					GCF_023653845.1-RS_2025_06_30	Complete Genome	2022-06-06		3	
ASM2365390v1	GCF_023653905.1	GCA_023653905.1	Escherichia coli	562		EC2648-R2					GCF_023653905.1-RS_2025_06_30	Complete Genome	2022-06-06		3	
ASM2365382v1	GCF_023653825.1	GCA_023653825.1	Escherichia coli	562		EC2648-Vir1					GCF_023653825.1-RS_2025_06_30	Complete Genome	2022-06-06		2	
ASM2365388v1	GCF_023653885.1	GCA_023653885.1	Escherichia coli	562		EC2648-R1-1					GCF_023653885.1-RS_2025_06_30	Complete Genome	2022-06-06		2	
ASM2525446v1	GCF_025254465.1	GCA_025254465.1	Escherichia coli	562		THB42-F2					GCF_025254465.1-RS_2024_12_28	Complete Genome	2022-09-19		2	
ASM3562161v1	GCF_035621615.1	GCA_035621615.1	Escherichia coli	562		K194T1-1017					GCF_035621615.1-RS_2025_03_09	Complete Genome	2024-01-14		2	
ASM3562159v1	GCF_035621595.1	GCA_035621595.1	Escherichia coli	562		K194T1-1018					GCF_035621595.1-RS_2025_03_09	Complete Genome	2024-01-14		2	
pKPC_NDMdeltaNDM	GCF_037914955.1	GCA_037914955.1	Escherichia coli	562		EC600					GCF_037914955.1-RS_2025_04_07	Complete Genome	2024-04-06		2	
ASM4801907v1	GCF_048019075.1	GCA_048019075.1	Escherichia coli	562		C600-p2-3					GCF_048019075.1-RS_2025_02_26	Complete Genome	2025-03-01		2	
ASM4801842v1	GCF_048018425.1	GCA_048018425.1	Escherichia coli	562		C600-p2-V					GCF_048018425.1-RS_2025_02_26	Complete Genome	2025-03-01		3	
ASM3016219v2	GCF_030162195.2	GCA_030162195.2	Escherichia coli	562		VE-V11-M					GCF_030162195.2-RS_2025_07_10	Complete Genome	2023-04-14		8	
ASM3356403v1	GCF_033564035.1	GCA_033564035.1	Escherichia coli	562		Jtgc-02-2-Tmex					GCF_033564035.1-RS_2025_01_28	Complete Genome	2023-11-13		3	
ASM2365386v1	GCF_023653865.1	GCA_023653865.1	Escherichia coli	562		EC2648-R1					GCF_023653865.1-RS_2025_07_01	Complete Genome	2022-06-06		2	
ASM5479241v1	GCF_054792415.1	GCA_054792415.1	Escherichia coli	562		LF3-1					GCF_054792415.1-RS_2026_01_28	Complete Genome	2026-01-28	JBTWTS01	2	
ASM336788v1	GCF_003367885.1	GCA_003367885.1	Escherichia coli	562		C600					GCF_003367885.1-RS_2025_06_23	Complete Genome	2018-08-09		1	
ASM2599965v1	GCF_025999655.1	GCA_025999655.1	Escherichia coli	562		EC20-72C-1					GCF_025999655.1-RS_2025_02_01	Complete Genome	2022-10-29		4	
C10g	GCF_051521835.1	GCA_051521835.1	Escherichia coli	562		C10					GCF_051521835.1-RS_2025_07_25	Complete Genome	2025-07-29		2	
ASM3688448v1	GCF_036884485.1	GCA_036884485.1	Escherichia coli	562		S1-INA-02-B					GCF_036884485.1-RS_2025_04_28	Complete Genome	2024-04-05		1	
ASM5310327v1	GCF_053103275.1	GCA_053103275.1	Escherichia coli	562		MB06233					GCF_053103275.1-RS_2025_11_18	Complete Genome	2025-10-16	JBRNIH01	1	
E600055.fasta	GCF_052938755.1	GCA_052938755.1	Escherichia coli	562		600055					GCF_052938755.1-RS_2025_11_17	Complete Genome	2025-10-01	JBREQM01	10	
ASM166307v1	GCF_001663075.1	GCA_001663075.1	Escherichia coli	562		ER1821R					GCF_001663075.1-RS_2025_03_23	Complete Genome	2016-06-15		1	
ASM808065v1	GCF_008080655.1	GCA_008080655.1	Escherichia coli	562		YY76-1					GCF_008080655.1-RS_2025_06_28	Complete Genome	2019-08-23		3	
ASM205606v1	GCF_002056065.1	GCA_002056065.1	Escherichia coli	562		AR_0061					GCF_002056065.1-RS_2025_06_21	Complete Genome	2017-03-21		3	
39111_A02	GCF_900636145.1	GCA_900636145.1	Escherichia coli	562		NCTC9087					GCF_900636145.1-RS_2025_06_25	Complete Genome	2018-12-20		1	
ASM2497189v1	GCF_024971895.1	GCA_024971895.1	Escherichia coli	562		BL12					GCF_024971895.1-RS_2024_12_18	Complete Genome	2022-09-06		5	
ASM2497187v1	GCF_024971875.1	GCA_024971875.1	Escherichia coli	562		GS04					GCF_024971875.1-RS_2024_12_18	Complete Genome	2022-09-06		4	
ASM432868v1	GCF_004328685.1	GCA_004328685.1	Escherichia coli	562		D72					GCF_004328685.1-RS_2025_06_25	Complete Genome	2019-03-06		5	
ASM3562151v1	GCF_035621515.1	GCA_035621515.1	Escherichia coli	562		BHD6					GCF_035621515.1-RS_2025_03_09	Complete Genome	2024-01-14		5	
2020-09-25	GCF_041464055.1	GCA_041464055.1	Escherichia coli	562		C600					GCF_041464055.1-RS_2024_08_27	Complete Genome	2024-08-28		1	
ASM3099652v1	GCF_030996525.1	GCA_030996525.1	Escherichia coli	562		CUVET19-1426					GCF_030996525.1-RS_2025_09_19	Complete Genome	2023-08-30		5	
ASM4054974v1	GCF_040549745.1	GCA_040549745.1	Escherichia coli	562		Z226-6					GCF_040549745.1-RS_2024_07_09	Complete Genome	2024-07-09		4	
ASM276183v1	GCF_002761835.1	GCA_002761835.1	Escherichia coli	562		WG5					GCF_002761835.1-RS_2025_06_21	Complete Genome	2017-11-08		1	
ASM4054977v1	GCF_040549775.1	GCA_040549775.1	Escherichia coli	562		Z226-5					GCF_040549775.1-RS_2024_07_09	Complete Genome	2024-07-09		2	
E300490.fasta	GCF_052907815.1	GCA_052907815.1	Escherichia coli	562		300490					GCF_052907815.1-RS_2025_11_17	Complete Genome	2025-09-29	JBREQU01	1	
ASM2963583v1	GCF_029635835.1	GCA_029635835.1	Escherichia coli	562		CM19					GCF_029635835.1-RS_2025_06_05	Complete Genome	2023-04-10		1	
ASM1320121v1	GCF_013201215.1	GCA_013201215.1	Escherichia coli	562		CP61_Sichuan					GCF_013201215.1-RS_2025_07_03	Complete Genome	2020-05-31		3	
ASM3029629v1	GCF_030296295.1	GCA_030296295.1	Escherichia coli	562		EC291			EC291		GCF_030296295.1-RS_2025_07_09	Complete Genome	2023-03-21		5	
ASM2002325v1	GCF_020023255.1	GCA_020023255.1	Escherichia coli	562		K-12 substr. AB1157					GCF_020023255.1-RS_2025_01_16	Complete Genome	2021-09-17		1	
ASM2236917v1	GCF_022369175.1	GCA_022369175.1	Escherichia coli	562		S171-1					GCF_022369175.1-RS_2025_05_24	Complete Genome	2022-02-23		4	
ASM5404809v1	GCF_054048095.1	GCA_054048095.1	Escherichia coli	562		744					GCF_054048095.1-RS_2025_12_18	Complete Genome	2025-12-17	JBSWAX01	1	
ASM2458546v1	GCF_024585465.1	GCA_024585465.1	Escherichia coli	562		MB53					GCF_024585465.1-RS_2025_09_10	Complete Genome	2022-08-08		4	
Hybrid genome assembly using MiSeq and MinION	GCF_049953315.1	GCA_049953315.1	Escherichia coli	562		TUM24570					GCF_049953315.1-RS_2025_04_29	Complete Genome	2025-05-13		2	
ASM1369428v1	GCF_013694285.1	GCA_013694285.1	Escherichia coli	562		1506					GCF_013694285.1-RS_2025_07_03	Complete Genome	2020-07-26		6	
ASM127658v2	GCF_001276585.2	GCA_001276585.2	Escherichia coli	562		RR1					GCF_001276585.2-RS_2025_06_17	Complete Genome	2016-11-29		1	
ASM2222138v1	GCF_022221385.1	GCA_022221385.1	Escherichia coli	562		DH5a					GCF_022221385.1-RS_2025_05_28	Complete Genome	2022-02-14		1	
ASM2446703v1	GCF_024467035.1	GCA_024467035.1	Escherichia coli	562		M171-1					GCF_024467035.1-RS_2025_08_21	Complete Genome	2022-07-28		3	
ASM3748211v1	GCF_037482115.1	GCA_037482115.1	Escherichia coli	562		NH-21					GCF_037482115.1-RS_2025_04_28	Complete Genome	2024-04-05		1	
EcRV308Chr	GCF_000952955.1	GCA_000952955.1	Escherichia coli	562		K-12 substr. RV308					GCF_000952955.1-RS_2025_06_08	Complete Genome	2014-09-24		1	
ASM1316707v1	GCF_013167075.1	GCA_013167075.1	Escherichia coli	562		NEB5-alpha_F'Iq					GCF_013167075.1-RS_2025_07_03	Complete Genome	2020-05-26		2	
Hybrid genome assembly using MiSeq and MinION	GCF_049952725.1	GCA_049952725.1	Escherichia coli	562		TUM24566					GCF_049952725.1-RS_2025_04_29	Complete Genome	2025-05-13		2	
Hybrid genome assembly using MiSeq and MinION	GCF_049953305.1	GCA_049953305.1	Escherichia coli	562		TUM24569					GCF_049953305.1-RS_2025_04_29	Complete Genome	2025-05-13		2	
Hybrid genome assembly using MiSeq and MinION	GCF_049952735.1	GCA_049952735.1	Escherichia coli	562		TUM24568					GCF_049952735.1-RS_2025_04_29	Complete Genome	2025-05-13		2	
Hybrid genome assembly using MiSeq and MinION	GCF_049951675.1	GCA_049951675.1	Escherichia coli	562		TUM24563					GCF_049951675.1-RS_2025_04_29	Complete Genome	2025-05-13		2	
Hybrid genome assembly using MiSeq and MinION	GCF_049953895.1	GCA_049953895.1	Escherichia coli	562		TUM24769					GCF_049953895.1-RS_2025_04_29	Complete Genome	2025-05-13		2	
EcHMS174Chr	GCF_000953515.1	GCA_000953515.1	Escherichia coli	562		K-12 substr. HMS174					GCF_000953515.1-RS_2025_06_09	Complete Genome	2014-09-24		1	
ASM4052913v1	GCF_040529135.1	GCA_040529135.1	Escherichia coli	562		PKF8					GCF_040529135.1-RS_2024_07_07	Complete Genome	2024-07-07		7	
Hybrid genome assembly using MiSeq and MinION	GCF_049949325.1	GCA_049949325.1	Escherichia coli	562		TUM22763					GCF_049949325.1-RS_2025_04_29	Complete Genome	2025-05-13		2	
ASM172350v1	GCF_001723505.1	GCA_001723505.1	Escherichia coli	562		K-12 NEB 5-alpha					GCF_001723505.1-RS_2025_06_17	Complete Genome	2016-09-13		1	
Hybrid genome assembly using MiSeq and MinION	GCF_049951225.1	GCA_049951225.1	Escherichia coli	562		TUM23339					GCF_049951225.1-RS_2025_04_29	Complete Genome	2025-05-13		2	
Hybrid genome assembly using MiSeq and MinION	GCF_049952145.1	GCA_049952145.1	Escherichia coli	562		TUM24564					GCF_049952145.1-RS_2025_04_29	Complete Genome	2025-05-13		2	
Hybrid genome assembly using MiSeq and MinION	GCF_050750695.1	GCA_050750695.1	Escherichia coli	562		TUM22760					GCF_050750695.1-RS_2025_06_05	Complete Genome	2025-06-06		2	
Hybrid genome assembly using MiSeq and MinION	GCF_050751425.1	GCA_050751425.1	Escherichia coli	562		TUM22761					GCF_050751425.1-RS_2025_06_05	Complete Genome	2025-06-06		2	
Hybrid genome assembly using MiSeq and MinION	GCF_050751435.1	GCA_050751435.1	Escherichia coli	562		TUM22764					GCF_050751435.1-RS_2025_06_05	Complete Genome	2025-06-06		2	
Hybrid genome assembly using MiSeq and MinION	GCF_050752205.1	GCA_050752205.1	Escherichia coli	562		TUM22767					GCF_050752205.1-RS_2025_06_05	Complete Genome	2025-06-06		2	
Hybrid genome assembly using MiSeq and MinION	GCF_050752235.1	GCA_050752235.1	Escherichia coli	562		TUM22768					GCF_050752235.1-RS_2025_06_05	Complete Genome	2025-06-06		2	
Hybrid genome assembly using MiSeq and MinION	GCF_050753085.1	GCA_050753085.1	Escherichia coli	562		TUM22775					GCF_050753085.1-RS_2025_06_05	Complete Genome	2025-06-06		2	
Hybrid genome assembly using MiSeq and MinION	GCF_050753095.1	GCA_050753095.1	Escherichia coli	562		TUM23349					GCF_050753095.1-RS_2025_06_05	Complete Genome	2025-06-06		2	
Hybrid genome assembly using MiSeq and MinION	GCF_050753445.1	GCA_050753445.1	Escherichia coli	562		TUM24567					GCF_050753445.1-RS_2025_06_05	Complete Genome	2025-06-06		2	
Hybrid genome assembly using MiSeq and MinION	GCF_049949315.1	GCA_049949315.1	Escherichia coli	562		TUM22762					GCF_049949315.1-RS_2025_04_29	Complete Genome	2025-05-13		2	
Hybrid genome assembly using MiSeq and MinION	GCF_049949335.1	GCA_049949335.1	Escherichia coli	562		TUM22765					GCF_049949335.1-RS_2025_04_29	Complete Genome	2025-05-13		2	
Hybrid genome assembly using MiSeq and MinION	GCF_049950685.1	GCA_049950685.1	Escherichia coli	562		TUM23337					GCF_049950685.1-RS_2025_04_29	Complete Genome	2025-05-13		2	
Hybrid genome assembly using MiSeq and MinION	GCF_049949625.1	GCA_049949625.1	Escherichia coli	562		TUM22766					GCF_049949625.1-RS_2025_04_29	Complete Genome	2025-05-13		2	
Hybrid genome assembly using MiSeq and MinION	GCF_049951255.1	GCA_049951255.1	Escherichia coli	562		TUM23341					GCF_049951255.1-RS_2025_04_29	Complete Genome	2025-05-13		2	
Hybrid genome assembly using MiSeq and MinION	GCF_049951665.1	GCA_049951665.1	Escherichia coli	562		TUM24562					GCF_049951665.1-RS_2025_04_29	Complete Genome	2025-05-13		2	
Hybrid genome assembly using MiSeq and MinION	GCF_049949305.1	GCA_049949305.1	Escherichia coli	562		TUM22199					GCF_049949305.1-RS_2025_04_29	Complete Genome	2025-05-13		1	
Hybrid genome assembly using MiSeq and MinION	GCF_049950695.1	GCA_049950695.1	Escherichia coli	562		TUM23335					GCF_049950695.1-RS_2025_04_29	Complete Genome	2025-05-13		2	
Hybrid genome assembly using MiSeq and MinION	GCF_049952155.1	GCA_049952155.1	Escherichia coli	562		TUM24565					GCF_049952155.1-RS_2025_04_29	Complete Genome	2025-05-13		2	
Hybrid genome assembly using MiSeq and MinION	GCF_049949295.1	GCA_049949295.1	Escherichia coli	562		TUM22153					GCF_049949295.1-RS_2025_04_29	Complete Genome	2025-05-13		1	
ASM4132023v1	GCF_041320235.1	GCA_041320235.1	Escherichia coli	562		ET76					GCF_041320235.1-RS_2024_09_01	Complete Genome	2024-08-18		4	
ASM2747442v1	GCF_027474425.1	GCA_027474425.1	Escherichia coli	562		CM13					GCF_027474425.1-RS_2025_06_11	Complete Genome	2022-12-28		1	
ASM371759v1	GCF_003717595.1	GCA_003717595.1	Escherichia coli	562		ER1709					GCF_003717595.1-RS_2025_06_24	Complete Genome	2018-11-07		1	
ASM1490421v2	GCF_014904215.2	GCA_014904215.2	Escherichia coli	562		NT1N31					GCF_014904215.2-RS_2025_03_15	Complete Genome	2021-05-28		3	
ASM2245360v1	GCF_022453605.1	GCA_022453605.1	Escherichia coli	562		HS					GCF_022453605.1-RS_2025_05_25	Complete Genome	2022-03-03		2	
ASM1490413v2	GCF_014904135.2	GCA_014904135.2	Escherichia coli	562		NT1N34					GCF_014904135.2-RS_2025_03_15	Complete Genome	2021-05-28		3	
ASM964849v1	GCF_009648495.1	GCA_009648495.1	Escherichia coli	562		DH5alpha					GCF_009648495.1-RS_2025_06_30	Complete Genome	2019-11-11		2	
ASM2747448v1	GCF_027474485.1	GCA_027474485.1	Escherichia coli	562		CM2					GCF_027474485.1-RS_2025_03_18	Complete Genome	2022-12-28		1	
ASM4586620v1	GCF_045866205.1	GCA_045866205.1	Escherichia coli	562		FS1576					GCF_045866205.1-RS_2024_12_11	Complete Genome	2024-12-11		1	
ASM2144196v1	GCF_021441965.1	GCA_021441965.1	Escherichia coli	562		PT62					GCF_021441965.1-RS_2025_02_07	Complete Genome	2022-01-12		8	
ASM2449924v1	GCF_024499245.1	GCA_024499245.1	Escherichia coli	562		LP5-1					GCF_024499245.1-RS_2024_12_27	Complete Genome	2022-08-01		7	
ASM2747444v1	GCF_027474445.1	GCA_027474445.1	Escherichia coli	562		CM5					GCF_027474445.1-RS_2025_03_18	Complete Genome	2022-12-28		1	
ASM2963586v1	GCF_029635865.1	GCA_029635865.1	Escherichia coli	562		CM56					GCF_029635865.1-RS_2025_06_05	Complete Genome	2023-04-10		1	
ASM1786851v1	GCF_017868515.1	GCA_017868515.1	Escherichia coli	562		QDFD216					GCF_017868515.1-RS_2025_07_06	Complete Genome	2021-04-08		3	
ASM836443v2	GCF_008364435.2	GCA_008364435.2	Escherichia coli	562		Ec1120					GCF_008364435.2-RS_2025_06_11	Complete Genome	2024-06-06		2	
ASM2963588v1	GCF_029635885.1	GCA_029635885.1	Escherichia coli	562		CM93					GCF_029635885.1-RS_2025_06_05	Complete Genome	2023-04-10		1	
ASM4132005v1	GCF_041320055.1	GCA_041320055.1	Escherichia coli	562		ET650					GCF_041320055.1-RS_2024_09_01	Complete Genome	2024-08-18		5	
ASM2963680v1	GCF_029636805.1	GCA_029636805.1	Escherichia coli	562		WF5-5-T2					GCF_029636805.1-RS_2025_06_04	Complete Genome	2023-04-10		3	
ASM2351611v1	GCF_023516115.1	GCA_023516115.1	Escherichia coli	562		19SZHZ886Rt					GCF_023516115.1-RS_2025_06_21	Complete Genome	2022-05-22		5	
ASM2963678v1	GCF_029636785.1	GCA_029636785.1	Escherichia coli	562		WF5-5-T1					GCF_029636785.1-RS_2025_06_04	Complete Genome	2023-04-10		2	
ASM3649385v1	GCF_036493855.1	GCA_036493855.1	Escherichia coli	562		LR-03					GCF_036493855.1-RS_2025_04_27	Complete Genome	2023-11-03		3	
ASM1140489v1	GCF_011404895.1	GCA_011404895.1	Escherichia coli	562		2018-02-2CC					GCF_011404895.1-RS_2025_07_03	Complete Genome	2020-02-10		2	
ASM3650717v1	GCF_036507175.1	GCA_036507175.1	Escherichia coli	562		2018-02-2CC					GCF_036507175.1-RS_2025_04_27	Complete Genome	2023-11-04		4	
ASM3016869v1	GCF_030168695.1	GCA_030168695.1	Escherichia coli	562		a7					GCF_030168695.1-RS_2025_06_28	Complete Genome	2023-06-05		3	
ASM3016215v2	GCF_030162155.2	GCA_030162155.2	Escherichia coli	562		VE-T9					GCF_030162155.2-RS_2025_07_10	Complete Genome	2023-04-14		8	
E300082.fasta	GCF_052908145.1	GCA_052908145.1	Escherichia coli	562		E300082					GCF_052908145.1-RS_2025_11_17	Complete Genome	2025-09-29	JBRERL01	7	
ASM2236901v1	GCF_022369015.1	GCA_022369015.1	Escherichia coli	562		M159-1					GCF_022369015.1-RS_2025_05_24	Complete Genome	2022-02-23		6	
2015-01-466	GCF_904711295.1	GCA_904711295.1	Escherichia coli	562				Quinolone resistant	2015-01-466		GCF_904711295.1-RS_2025_07_04	Complete Genome	2020-09-28		5	
ASM5117560v1	GCF_051175605.1	GCA_051175605.1	Escherichia coli	562		TUM1509					GCF_051175605.1-RS_2025_07_02	Complete Genome	2025-07-03		2	
ASM5319409v1	GCF_053194095.1	GCA_053194095.1	Escherichia coli	562		MC1061					GCF_053194095.1-RS_2025_11_18	Complete Genome	2025-11-20		1	
ASM211809v1	GCF_002118095.1	GCA_002118095.1	Escherichia coli	562		HST04					GCF_002118095.1-RS_2025_03_24	Complete Genome	2017-04-28		1	
ASM5385237v1	GCF_053852375.1	GCA_053852375.1	Escherichia coli	562		C600					GCF_053852375.1-RS_2025_12_08	Complete Genome	2025-12-07	JBSQDE01	2	
ASM2429894v1	GCF_024298945.1	GCA_024298945.1	Escherichia coli	562		X14-3					GCF_024298945.1-RS_2025_05_26	Complete Genome	2022-07-18		3	
ASM2088637v2	GCF_020886375.2	GCA_020886375.2	Escherichia coli	562		2017.04.03CC					GCF_020886375.2-RS_2025_02_17	Complete Genome	2021-12-06		4	
ASM3793842v1	GCF_037938425.1	GCA_037938425.1	Escherichia coli	562		EP91B					GCF_037938425.1-RS_2024_12_22	Complete Genome	2024-04-06		5	
ASM4132022v1	GCF_041320225.1	GCA_041320225.1	Escherichia coli	562		ET82					GCF_041320225.1-RS_2024_09_01	Complete Genome	2024-08-18		5	
ASM990511v1	GCF_009905115.1	GCA_009905115.1	Escherichia coli	562		2EC1					GCF_009905115.1-RS_2025_07_02	Complete Genome	2020-01-19		5	
ASM1316695v1	GCF_013166955.1	GCA_013166955.1	Escherichia coli	562		Nico21(DE3)					GCF_013166955.1-RS_2025_04_07	Complete Genome	2020-05-26		1	
ASM1735205v1	GCF_017352055.1	GCA_017352055.1	Escherichia coli	562		EcPNK006					GCF_017352055.1-RS_2025_07_06	Complete Genome	2021-03-14		3	
ASM1933438v1	GCF_019334385.1	GCA_019334385.1	Escherichia coli	562		DL21					GCF_019334385.1-RS_2025_09_11	Complete Genome	2021-07-25		1	
ASM1919262v2	GCF_019192625.2	GCA_019192625.2	Escherichia coli	562		JM83					GCF_019192625.2-RS_2025_06_14	Complete Genome	2023-08-16		1	
ASM2071666v1	GCF_020716665.1	GCA_020716665.1	Escherichia coli	562		B95. delta A					GCF_020716665.1-RS_2025_02_14	Complete Genome	2021-11-02		1	
ASM1467932v1	GCF_014679325.1	GCA_014679325.1	Escherichia coli	562		HUE1					GCF_014679325.1-RS_2025_07_04	Complete Genome	2020-09-09		6	
ASM4195470v1	GCF_041954705.1	GCA_041954705.1	Escherichia coli	562		MC1061					GCF_041954705.1-RS_2024_09_18	Complete Genome	2024-09-19		1	
ASM1140475v1	GCF_011404755.1	GCA_011404755.1	Escherichia coli	562		2018-11-3CC					GCF_011404755.1-RS_2025_05_09	Complete Genome	2020-02-10		1	
ASM3650284v1	GCF_036502845.1	GCA_036502845.1	Escherichia coli	562		TBU0218_11-3CC					GCF_036502845.1-RS_2025_04_27	Complete Genome	2023-11-04		2	
ASM83003v1	GCF_000830035.1	GCA_000830035.1	Escherichia coli	562		C41(DE3)					GCF_000830035.1-RS_2025_06_14	Complete Genome	2015-01-29		1	
ASM2458570v1	GCF_024585705.1	GCA_024585705.1	Escherichia coli	562		MB10					GCF_024585705.1-RS_2025_09_11	Complete Genome	2022-08-08		6	
MSB1_1D	GCF_905071865.1	GCA_905071865.1	Escherichia coli	562		MSB1_1D			MSB1_1D		GCF_905071865.1-RS_2025_07_11	Complete Genome	2020-11-19		6	
ASM1933466v1	GCF_019334665.1	GCA_019334665.1	Escherichia coli	562		GB2005-delet-a-f					GCF_019334665.1-RS_2025_09_12	Complete Genome	2021-07-25		1	
ASM4592052v1	GCF_045920525.1	GCA_045920525.1	Escherichia coli	562		Trp01					GCF_045920525.1-RS_2024_12_11	Complete Genome	2024-12-12		1	
ASM1933464v1	GCF_019334645.1	GCA_019334645.1	Escherichia coli	562		GB2005					GCF_019334645.1-RS_2025_09_12	Complete Genome	2021-07-25		1	
ASM3650345v1	GCF_036503455.1	GCA_036503455.1	Escherichia coli	562		2017.02.04CC					GCF_036503455.1-RS_2025_09_11	Complete Genome	2023-11-04		3	
ASM3650839v1	GCF_036508395.1	GCA_036508395.1	Escherichia coli	562		2018-11-1BCC					GCF_036508395.1-RS_2025_04_27	Complete Genome	2023-11-04		6	
ASM4704111v1	GCF_047041115.1	GCA_047041115.1	Escherichia coli	562		JW-5					GCF_047041115.1-RS_2025_01_24	Complete Genome	2025-01-25		1	
ASM209035v1	GCF_002090355.1	GCA_002090355.1	Escherichia coli	562		BLR(DE3)					GCF_002090355.1-RS_2025_06_21	Complete Genome	2017-04-13		1	
ASM1320117v1	GCF_013201175.1	GCA_013201175.1	Escherichia coli	562		CP131_Sichuan					GCF_013201175.1-RS_2025_07_04	Complete Genome	2020-05-31		3	
ASM3238629v1	GCF_032386295.1	GCA_032386295.1	Escherichia coli	562		TUM2820					GCF_032386295.1-RS_2024_12_30	Complete Genome	2023-10-05		3	
ASM402250v2	GCF_004022505.2	GCA_004022505.2	Escherichia coli	562		MT102					GCF_004022505.2-RS_2025_06_26	Complete Genome	2019-02-04		1	
ASM2991680v1	GCF_029916805.1	GCA_029916805.1	Escherichia coli	562		TL012					GCF_029916805.1-RS_2025_06_11	Complete Genome	2023-05-02		2	
ASM1964601v1	GCF_019646015.1	GCA_019646015.1	Escherichia coli	562		Stbl4					GCF_019646015.1-RS_2024_12_18	Complete Genome	2021-08-17		1	
ASM397121v1	GCF_003971215.1	GCA_003971215.1	Escherichia coli	562		L37					GCF_003971215.1-RS_2025_06_25	Complete Genome	2018-12-26		4	
ASM976238v1	GCF_009762385.1	GCA_009762385.1	Escherichia coli	562		P276M					GCF_009762385.1-RS_2025_06_30	Complete Genome	2019-12-18		2	
ASM289949v1	GCF_002899495.1	GCA_002899495.1	Escherichia coli	562		CAR					GCF_002899495.1-RS_2025_06_21	Complete Genome	2018-01-25		1	
ASM3380246v1	GCF_033802465.1	GCA_033802465.1	Escherichia coli	562		50EVAW					GCF_033802465.1-RS_2025_01_30	Complete Genome	2023-11-19		5	
ASM1694465v1	GCF_016944655.1	GCA_016944655.1	Escherichia coli	562		EF7-18-51					GCF_016944655.1-RS_2025_07_04	Complete Genome	2021-02-25		5	
ASM452625v1	GCF_004526255.1	GCA_004526255.1	Escherichia coli	562		2 HS-C					GCF_004526255.1-RS_2025_06_25	Complete Genome	2019-03-31		3	
ASM5455327v1	GCF_054553275.1	GCA_054553275.1	Escherichia coli	562		BL21 Star (DE3) gor KO					GCF_054553275.1-RS_2026_01_21	Complete Genome	2026-01-20	JBTLPL01	1	
ASM2520061v1	GCF_025200615.1	GCA_025200615.1	Escherichia coli	562		USDA-ARS-USMARC-51688					GCF_025200615.1-RS_2024_12_20	Complete Genome	2022-09-14		2	
ASM5404800v1	GCF_054048005.1	GCA_054048005.1	Escherichia coli	562		744					GCF_054048005.1-RS_2025_12_18	Complete Genome	2025-12-17	JBSWAY01	1	
Hybrid genome assembly using MiSeq and MinION	GCF_049950195.1	GCA_049950195.1	Escherichia coli	562		TUM23332					GCF_049950195.1-RS_2025_04_29	Complete Genome	2025-05-13		2	
Hybrid genome assembly using MiSeq and MinION	GCF_049950185.1	GCA_049950185.1	Escherichia coli	562		TUM23331					GCF_049950185.1-RS_2025_04_29	Complete Genome	2025-05-13		2	
Hybrid genome assembly using MiSeq and MinION	GCF_049949635.1	GCA_049949635.1	Escherichia coli	562		TUM22769					GCF_049949635.1-RS_2025_04_29	Complete Genome	2025-05-13		3	
ASM3688449v1	GCF_036884495.1	GCA_036884495.1	Escherichia coli	562		S1-INA-02-A					GCF_036884495.1-RS_2025_04_28	Complete Genome	2024-04-05		2	
39610_B01	GCF_900636235.1	GCA_900636235.1	Escherichia coli	562		NCTC9100					GCF_900636235.1-RS_2025_06_26	Complete Genome	2018-12-20		1	
ASM3650070v1	GCF_036500705.1	GCA_036500705.1	Escherichia coli	562		PSS-04					GCF_036500705.1-RS_2025_04_27	Complete Genome	2023-11-03		7	
ASM3650250v1	GCF_036502505.1	GCA_036502505.1	Escherichia coli	562		PSS-16					GCF_036502505.1-RS_2025_04_27	Complete Genome	2023-11-04		3	
ASM190079v1	GCF_001900795.1	GCA_001900795.1	Escherichia coli	562		H2					GCF_001900795.1-RS_2025_06_17	Complete Genome	2016-12-12		4	
ASM983298v1	GCF_009832985.1	GCA_009832985.1	Escherichia coli	562		BL21-AI					GCF_009832985.1-RS_2025_07_01	Complete Genome	2020-01-07		1	
ASM966385v1	GCF_009663855.1	GCA_009663855.1	Escherichia coli	562		INSC1002					GCF_009663855.1-RS_2025_06_30	Complete Genome	2019-11-15		1	
ASM83314v1	GCF_000833145.1	GCA_000833145.1	Escherichia coli	562		BL21 (TaKaRa)					GCF_000833145.1-RS_2025_06_14	Complete Genome	2015-02-05		1	
ASM190057v1	GCF_001900575.1	GCA_001900575.1	Escherichia coli	562		C9					GCF_001900575.1-RS_2025_06_19	Complete Genome	2016-12-12		3	
ASM1316705v1	GCF_013167055.1	GCA_013167055.1	Escherichia coli	562		NEB_Turbo					GCF_013167055.1-RS_2025_07_03	Complete Genome	2020-05-26		2	
ASM1760426v1	GCF_017604265.1	GCA_017604265.1	Escherichia coli	562		K1508					GCF_017604265.1-RS_2025_07_05	Complete Genome	2021-03-29		1	
ASM3650008v1	GCF_036500085.1	GCA_036500085.1	Escherichia coli	562		PSJ-32-1					GCF_036500085.1-RS_2025_04_27	Complete Genome	2023-11-03		6	
ASM2429878v1	GCF_024298785.1	GCA_024298785.1	Escherichia coli	562		EC21Z-137					GCF_024298785.1-RS_2025_08_07	Complete Genome	2022-07-18		7	
ASM2249345v1	GCF_022493455.1	GCA_022493455.1	Escherichia coli	562		A23					GCF_022493455.1-RS_2025_05_03	Complete Genome	2022-03-07		1	
ASM2151333v1	GCF_021513335.1	GCA_021513335.1	Escherichia coli	562		NCCP12480					GCF_021513335.1-RS_2025_02_11	Complete Genome	2022-01-19		2	
ASM5161642v1	GCF_051616425.1	GCA_051616425.1	Escherichia coli	562		C3728					GCF_051616425.1-RS_2025_07_31	Complete Genome	2025-08-01		4	
ASM1942862v1	GCF_019428625.1	GCA_019428625.1	Escherichia coli	562		PK8217					GCF_019428625.1-RS_2025_03_18	Complete Genome	2021-07-31		5	
ASM2556351v1	GCF_025563515.1	GCA_025563515.1	Escherichia coli	562		BM28					GCF_025563515.1-RS_2025_01_08	Complete Genome	2022-10-04		1	
ASM2556347v1	GCF_025563475.1	GCA_025563475.1	Escherichia coli	562		BM28 lysU					GCF_025563475.1-RS_2025_01_08	Complete Genome	2022-10-04		1	
ASM4464825v1	GCF_044648255.1	GCA_044648255.1	Escherichia coli	562		BS-04					GCF_044648255.1-RS_2024_11_08	Complete Genome	2024-11-09		1	
ASM5310275v1	GCF_053102755.1	GCA_053102755.1	Escherichia coli	562		SW071610					GCF_053102755.1-RS_2025_11_18	Complete Genome	2025-10-16	JBRNHH01	2	
ASM3839669v1	GCF_038396695.1	GCA_038396695.1	Escherichia coli	562		22F46					GCF_038396695.1-RS_2025_05_01	Complete Genome	2024-04-22		6	
ASM4528782v1	GCF_045287825.1	GCA_045287825.1	Escherichia coli	562		YZ22PE244					GCF_045287825.1-RS_2024_11_26	Complete Genome	2024-11-26		5	
ASM1959906v1	GCF_019599065.1	GCA_019599065.1	Escherichia coli	562		TOP10					GCF_019599065.1-RS_2024_12_18	Complete Genome	2021-08-15		1	
ASM4464753v1	GCF_044647535.1	GCA_044647535.1	Escherichia coli	562		HS-01					GCF_044647535.1-RS_2024_11_08	Complete Genome	2024-11-09		1	
ASM2003457v1	GCF_020034575.1	GCA_020034575.1	Escherichia coli	562		BL21-RIPL					GCF_020034575.1-RS_2025_01_16	Complete Genome	2021-09-18		1	
ASM1407559v1	GCF_014075595.1	GCA_014075595.1	Escherichia coli	562		63-2					GCF_014075595.1-RS_2025_07_03	Complete Genome	2020-08-05		4	
ASM83363v2	GCF_000833635.2	GCA_000833635.2	Escherichia coli	562		USML2					GCF_000833635.2-RS_2025_06_20	Complete Genome	2017-03-17		1	
ASM4794668v1	GCF_047946685.1	GCA_047946685.1	Escherichia coli	562		ZYS9073					GCF_047946685.1-RS_2025_02_25	Complete Genome	2025-02-28		5	
ASM103941v1	GCF_001039415.1	GCA_001039415.1	Escherichia coli	562		C43(DE3)					GCF_001039415.1-RS_2025_05_23	Complete Genome	2015-06-25		1	
ASM4464754v1	GCF_044647545.1	GCA_044647545.1	Escherichia coli	562		HS-02					GCF_044647545.1-RS_2024_11_08	Complete Genome	2024-11-09		1	
ASM2874337v1	GCF_028743375.1	GCA_028743375.1	Escherichia coli	562		JM109					GCF_028743375.1-RS_2025_04_26	Complete Genome	2023-02-20		2	
ASM5105488v1	GCF_051054885.1	GCA_051054885.1	Escherichia coli	562		JM109					GCF_051054885.1-RS_2025_06_26	Complete Genome	2025-06-27		1	
ASM2049405v1	GCF_020494055.1	GCA_020494055.1	Escherichia coli	562		BL21(RP)					GCF_020494055.1-RS_2025_01_29	Complete Genome	2021-10-14		1	
ASM4464757v1	GCF_044647575.1	GCA_044647575.1	Escherichia coli	562		BS-01					GCF_044647575.1-RS_2024_11_08	Complete Genome	2024-11-09		1	
ASM2003459v1	GCF_020034595.1	GCA_020034595.1	Escherichia coli	562		Rosetta2-DE3					GCF_020034595.1-RS_2025_01_16	Complete Genome	2021-09-18		1	
ASM4078490v1	GCF_040784905.1	GCA_040784905.1	Escherichia coli	562		PEC1003					GCF_040784905.1-RS_2024_11_20	Complete Genome	2024-07-21		2	
ASM4527882v1	GCF_045278825.1	GCA_045278825.1	Escherichia coli	562		M23917					GCF_045278825.1-RS_2024_11_26	Complete Genome	2024-11-26		3	
ASM400654v1	GCF_004006545.1	GCA_004006545.1	Escherichia coli	562		ECZP248					GCF_004006545.1-RS_2025_05_22	Complete Genome	2019-01-09		3	
ASM2255840v1	GCF_022558405.1	GCA_022558405.1	Escherichia coli	562		Z503					GCF_022558405.1-RS_2025_05_17	Complete Genome	2022-03-14		5	
ASM1316689v1	GCF_013166895.1	GCA_013166895.1	Escherichia coli	562		T7Express_LysY					GCF_013166895.1-RS_2025_07_03	Complete Genome	2020-05-26		2	
ASM1316687v1	GCF_013166875.1	GCA_013166875.1	Escherichia coli	562		T7Express_Crystal					GCF_013166875.1-RS_2025_07_04	Complete Genome	2020-05-26		1	
ASM3650419v1	GCF_036504195.1	GCA_036504195.1	Escherichia coli	562		2017.03.04CC					GCF_036504195.1-RS_2025_04_27	Complete Genome	2023-11-04		8	
ASM1316693v1	GCF_013166935.1	GCA_013166935.1	Escherichia coli	562		NEBExpress					GCF_013166935.1-RS_2025_05_30	Complete Genome	2020-05-26		1	
ASM1316685v1	GCF_013166855.1	GCA_013166855.1	Escherichia coli	562		NEBExpress_Iq					GCF_013166855.1-RS_2025_07_03	Complete Genome	2020-05-26		2	
ASM3031619v1	GCF_030316195.1	GCA_030316195.1	Escherichia coli	562		TG1					GCF_030316195.1-RS_2025_07_09	Complete Genome	2023-06-21		2	
ASM1436128v1	GCF_014361285.1	GCA_014361285.1	Escherichia coli	562		EC96					GCF_014361285.1-RS_2025_07_04	Complete Genome	2020-09-01		6	
ASM2624077v1	GCF_026240775.1	GCA_026240775.1	Escherichia coli	562		TSW4848-W1					GCF_026240775.1-RS_2025_04_30	Complete Genome	2022-11-20		3	
ASM293402v1	GCF_002934025.1	GCA_002934025.1	Escherichia coli	562		DTU-1					GCF_002934025.1-RS_2025_05_23	Complete Genome	2018-02-13		1	
ASM2473076v1	GCF_024730765.1	GCA_024730765.1	Escherichia coli	562		A30					GCF_024730765.1-RS_2025_04_07	Complete Genome	2022-08-22		1	
ASM2130734v1	GCF_021307345.1	GCA_021307345.1	Escherichia coli	562		E69					GCF_021307345.1-RS_2025_07_21	Complete Genome	2021-12-28		1	
ASM1694259v1	GCF_016942595.1	GCA_016942595.1	Escherichia coli	562		EM20-18-50					GCF_016942595.1-RS_2025_07_04	Complete Genome	2021-02-25		6	
ASM323111v1	GCF_003231115.1	GCA_003231115.1	Escherichia coli	562		HS30-1					GCF_003231115.1-RS_2025_06_23	Complete Genome	2018-06-15		2	
ASM2148478v1	GCF_021484785.1	GCA_021484785.1	Escherichia coli	562					DCE7		GCF_021484785.1-RS_2025_02_08	Complete Genome	2022-01-16		3	
E2_LY2615_CNR20180903_complete	GCF_977064565.1	GCA_977064565.1	Escherichia coli	562		CNR20180903			E2/LY2615/CNR20180903		GCF_977064565.1-RS_2025_11_24	Complete Genome	2025-11-28		7	
ASM207829v1	GCF_002078295.1	GCA_002078295.1	Escherichia coli	562		BLK16					GCF_002078295.1-RS_2025_01_15	Complete Genome	2017-04-04		1	
ASM207827v1	GCF_002078275.1	GCA_002078275.1	Escherichia coli	562		BLK9					GCF_002078275.1-RS_2025_03_24	Complete Genome	2017-04-04		1	
ASM1334082v1	GCF_013340825.1	GCA_013340825.1	Escherichia coli	562		TUM18781					GCF_013340825.1-RS_2025_07_03	Complete Genome	2020-06-05		7	
ASM3038977v1	GCF_030389775.1	GCA_030389775.1	Escherichia coli	562		TUM2805					GCF_030389775.1-RS_2025_07_19	Complete Genome	2023-07-03		8	
ASM5491883v1	GCF_054918835.1	GCA_054918835.1	Escherichia coli	562		2196					GCF_054918835.1-RS_2026_02_05	Complete Genome	2026-02-04	JBUCKS01	7	
ASM2564343v1	GCF_025643435.1	GCA_025643435.1	Escherichia coli str. K-12 substr. MG1655	511145		K-12 substr. MG1655					GCF_025643435.1-RS_2025_08_18	Complete Genome	2022-10-11		1	
ASM2564345v1	GCF_025643455.1	GCA_025643455.1	Escherichia coli str. K-12 substr. MG1655	511145		K-12 substr. MG1655					GCF_025643455.1-RS_2025_01_15	Complete Genome	2022-10-11		1	
ASM154463v1	GCF_001544635.1	GCA_001544635.1	Escherichia coli str. K-12 substr. MG1655	511145		K-12 substr. MG1655					GCF_001544635.1-RS_2025_03_23	Complete Genome	2016-02-02		1	
ASM156633v1	GCF_001566335.1	GCA_001566335.1	Escherichia coli str. K-12 substr. MG1655	511145		JW5437-1 substr. MG1655					GCF_001566335.1-RS_2025_03_23	Complete Genome	2016-02-23		1	
ASM284368v1	GCF_002843685.1	GCA_002843685.1	Escherichia coli str. K-12 substr. MG1655	511145		K-12 substr. MG1655					GCF_002843685.1-RS_2025_06_22	Complete Genome	2017-12-17		1	
ASM130806v1	GCF_001308065.1	GCA_001308065.1	Escherichia coli str. K-12 substr. MG1655	511145		K-12 substr. MG1655					GCF_001308065.1-RS_2025_04_15	Complete Genome	2015-10-08		1	
ASM362719v1	GCF_003627195.1	GCA_003627195.1	Escherichia coli str. K-12 substr. MG1655	511145		K-12 substr. MG1655					GCF_003627195.1-RS_2025_03_24	Complete Genome	2018-10-08		1	
PB_Esch_coli_MG12655_V1	GCF_000269645.1	GCA_000269645.2	Escherichia coli str. K-12 substr. MG1655	511145		K-12 substr. MG1655					GCF_000269645.1-RS_2025_04_26	Complete Genome	2012-06-15	AKBV01	1	
Esch_coli_MG12655_V1	GCF_000273425.1	GCA_000273425.1	Escherichia coli str. K-12 substr. MG1655	511145		K-12 substr. MG1655					GCF_000273425.1-RS_2025_04_26	Complete Genome	2012-06-25	AKVX01	1	
ASM80120v1	GCF_000801205.1	GCA_000801205.1	Escherichia coli str. K-12 substr. MG1655	511145		K-12 substr. MG1655					GCF_000801205.1-RS_2025_06_14	Complete Genome	2014-12-15		1	
ASM1529184v1	GCF_015291845.1	GCA_015291845.1	Escherichia coli str. K-12 substr. MG1655	511145		K-12 substr. MG1655					GCF_015291845.1-RS_2025_03_25	Complete Genome	2020-11-09		1	
ASM4201789v1	GCF_042017895.1	GCA_042017895.1	Escherichia coli str. K-12 substr. MG1655	511145		K-12 substr. MG1655					GCF_042017895.1-RS_2024_09_20	Complete Genome	2024-09-20		1	
MG1655	GCF_904425475.1	GCA_904425475.1	Escherichia coli str. K-12 substr. MG1655	511145		K-12 substr. MG1655					GCF_904425475.1-RS_2025_07_04	Complete Genome	2020-09-17		1	
ASM2564341v1	GCF_025643415.1	GCA_025643415.1	Escherichia coli str. K-12 substr. MG1655	511145		K-12 substr. MG1655					GCF_025643415.1-RS_2025_01_15	Complete Genome	2022-10-11		1	
ASM4534387v1	GCF_045343875.1	GCA_045343875.1	Escherichia coli str. K-12 substr. MG1655	511145		K-12 substr. MG1655			original strain		GCF_045343875.1-RS_2024_11_27	Complete Genome	2024-11-27		1	
ASM2564347v1	GCF_025643475.1	GCA_025643475.1	Escherichia coli str. K-12 substr. MG1655	511145		K-12 substr. MG1655					GCF_025643475.1-RS_2025_01_15	Complete Genome	2022-10-11		1	
ASM155967v1	GCF_001559675.1	GCA_001559675.1	Escherichia coli K-12	83333		K-12 C3026					GCF_001559675.1-RS_2025_03_23	Complete Genome	2016-02-11		2	
ASM97488v1	GCF_000974885.1	GCA_000974885.1	Escherichia coli K-12	83333		K-12 MG1655					GCF_000974885.1-RS_2025_06_14	Complete Genome	2015-04-21		1	
ASM97457v1	GCF_000974575.1	GCA_000974575.1	Escherichia coli K-12	83333		K-12 MG1655					GCF_000974575.1-RS_2025_06_14	Complete Genome	2015-04-21		1	
EcoliK12AG100	GCF_000981485.1	GCA_000981485.1	Escherichia coli K-12	83333		K-12 substr. AG100					GCF_000981485.1-RS_2025_06_14	Complete Genome	2015-04-03		1	
ASM1553499v1	GCF_015534995.1	GCA_015534995.1	Escherichia coli K-12	83333		BZKR3G40					GCF_015534995.1-RS_2025_07_04	Complete Genome	2020-11-17		1	
ASM1553493v1	GCF_015534935.1	GCA_015534935.1	Escherichia coli K-12	83333		CETR3G40					GCF_015534935.1-RS_2025_07_04	Complete Genome	2020-11-17		1	
ASM1553495v1	GCF_015534955.1	GCA_015534955.1	Escherichia coli K-12	83333		CETR2G40					GCF_015534955.1-RS_2025_07_04	Complete Genome	2020-11-17		1	
ASM1553501v1	GCF_015535015.1	GCA_015535015.1	Escherichia coli K-12	83333		BZKR2G40					GCF_015535015.1-RS_2025_07_04	Complete Genome	2020-11-17		1	
ASM1553497v1	GCF_015534975.1	GCA_015534975.1	Escherichia coli K-12	83333		CETR1G40					GCF_015534975.1-RS_2025_07_04	Complete Genome	2020-11-17		1	
ASM102094v2	GCF_001020945.2	GCA_001020945.2	Escherichia coli K-12	83333		K-12 substr. GM4792					GCF_001020945.2-RS_2025_05_27	Complete Genome	2015-10-20		1	
ASM102100v2	GCF_001021005.2	GCA_001021005.2	Escherichia coli K-12	83333		K-12 substr. GM4792					GCF_001021005.2-RS_2025_07_16	Complete Genome	2015-10-20		1	
ASM97450v1	GCF_000974505.1	GCA_000974505.1	Escherichia coli K-12	83333		K-12 MG1655					GCF_000974505.1-RS_2025_06_14	Complete Genome	2015-04-21		1	
ASM97440v1	GCF_000974405.1	GCA_000974405.1	Escherichia coli K-12	83333		K-12 MG1655					GCF_000974405.1-RS_2025_06_14	Complete Genome	2015-04-21		1	
ASM97486v1	GCF_000974865.1	GCA_000974865.1	Escherichia coli K-12	83333		K-12 MG1655					GCF_000974865.1-RS_2025_06_14	Complete Genome	2015-04-21		1	
ASM97453v1	GCF_000974535.1	GCA_000974535.1	Escherichia coli K-12	83333		K-12 MG1655					GCF_000974535.1-RS_2025_06_14	Complete Genome	2015-04-21		1	
ASM97482v1	GCF_000974825.1	GCA_000974825.1	Escherichia coli K-12	83333		K-12 MG1655					GCF_000974825.1-RS_2025_06_14	Complete Genome	2015-04-21		1	
ASM97446v1	GCF_000974465.1	GCA_000974465.1	Escherichia coli K-12	83333		K-12 MG1655					GCF_000974465.1-RS_2025_06_14	Complete Genome	2015-04-21		1	
ASM983288v1	GCF_009832885.1	GCA_009832885.1	Escherichia coli K-12	83333		K-12					GCF_009832885.1-RS_2025_07_01	Complete Genome	2020-01-07		2	
ASM80076v1	GCF_000800765.1	GCA_000800765.1	Escherichia coli K-12	83333		K-12 ER3413					GCF_000800765.1-RS_2025_05_23	Complete Genome	2014-12-11		1	
ASM155965v1	GCF_001559655.1	GCA_001559655.1	Escherichia coli K-12	83333		K-12 DHB4					GCF_001559655.1-RS_2025_03_23	Complete Genome	2016-02-11		2	
ASM75055v1	GCF_000750555.1	GCA_000750555.1	Escherichia coli BW25113	679895		K-12 substr. BW25113					GCF_000750555.1-RS_2025_06_09	Complete Genome	2014-09-09		1	
ASM1681187v1	GCF_016811875.1	GCA_016811875.1	Escherichia coli BW25113	679895		BW25113 substr. CHXR2G20					GCF_016811875.1-RS_2025_07_04	Complete Genome	2021-02-07		1	
ASM1681185v1	GCF_016811855.1	GCA_016811855.1	Escherichia coli BW25113	679895		BW25113 substr. CHXR1G20					GCF_016811855.1-RS_2025_07_04	Complete Genome	2021-02-07		1	
ASM435510v2	GCF_004355105.2	GCA_004355105.2	Escherichia coli BW25113	679895		AM187					GCF_004355105.2-RS_2025_01_15	Complete Genome	2021-07-21		1	
ASM169551v1	GCF_001695515.1	GCA_001695515.1	Escherichia coli O157:H7	83334		FRIK944					GCF_001695515.1-RS_2025_06_16	Complete Genome	2016-07-27		2	
ASM1716511v1	GCF_017165115.1	GCA_017165115.1	Escherichia coli O157:H7	83334		Z1723					GCF_017165115.1-RS_2025_07_05	Complete Genome	2021-03-04		3	
ASM1716539v1	GCF_017165395.1	GCA_017165395.1	Escherichia coli O157:H7	83334		Z869					GCF_017165395.1-RS_2025_07_05	Complete Genome	2021-03-04		5	
ASM2116639v1	GCF_021166395.1	GCA_021166395.1	Escherichia coli O157:H7	83334		6535WT					GCF_021166395.1-RS_2025_03_16	Complete Genome	2021-12-12		2	
ASM2118410v1	GCF_021184105.1	GCA_021184105.1	Escherichia coli O157:H7	83334		M1300706002					GCF_021184105.1-RS_2025_02_06	Complete Genome	2021-12-15		2	
ASM165196v2	GCF_001651965.2	GCA_001651965.2	Escherichia coli O157:H7	83334		FRIK2455					GCF_001651965.2-RS_2025_06_19	Complete Genome	2017-08-08		3	
ASM165192v2	GCF_001651925.2	GCA_001651925.2	Escherichia coli O157:H7	83334		FRIK2069					GCF_001651925.2-RS_2025_03_24	Complete Genome	2017-08-14		2	
ASM165194v2	GCF_001651945.2	GCA_001651945.2	Escherichia coli O157:H7	83334		FRIK2533					GCF_001651945.2-RS_2025_03_24	Complete Genome	2017-08-11		2	
ASM2116641v1	GCF_021166415.1	GCA_021166415.1	Escherichia coli O157:H7	83334		6535NalR					GCF_021166415.1-RS_2025_03_16	Complete Genome	2021-12-12		2	
ASM1316729v1	GCF_013167295.1	GCA_013167295.1	Escherichia coli O157:H7	83334		SS TX 313-1					GCF_013167295.1-RS_2025_07_03	Complete Genome	2020-05-26		3	
ASM1316805v1	GCF_013168055.1	GCA_013168055.1	Escherichia coli O157:H7	83334		BB24-1					GCF_013168055.1-RS_2025_07_04	Complete Genome	2020-05-26		3	
ASM1316745v1	GCF_013167455.1	GCA_013167455.1	Escherichia coli O157:H7	83334		NE 1092-2					GCF_013167455.1-RS_2025_07_03	Complete Genome	2020-05-26		5	
ASM97881v2	GCF_000978815.2	GCA_000978815.2	Escherichia coli O157:H7	83334		7.1_Anguil					GCF_000978815.2-RS_2025_01_30	Complete Genome	2021-10-13		3	
ASM396679v1	GCF_003966795.1	GCA_003966795.1	Escherichia coli O157:H7	83334		PV15-279					GCF_003966795.1-RS_2025_06_26	Complete Genome	2018-07-03		2	
ASM1316733v1	GCF_013167335.1	GCA_013167335.1	Escherichia coli O157:H7	83334		Show KS 470-1					GCF_013167335.1-RS_2025_07_03	Complete Genome	2020-05-26		4	
ASM1316777v1	GCF_013167775.1	GCA_013167775.1	Escherichia coli O157:H7	83334		F6294					GCF_013167775.1-RS_2025_07_03	Complete Genome	2020-05-26		2	
ASM1716499v1	GCF_017164995.1	GCA_017164995.1	Escherichia coli O157:H7	83334		Z1813					GCF_017164995.1-RS_2025_07_05	Complete Genome	2021-03-04		2	
ASM1316719v1	GCF_013167195.1	GCA_013167195.1	Escherichia coli O157:H7	83334		TX 265-1					GCF_013167195.1-RS_2025_07_03	Complete Genome	2020-05-26		2	
ASM3090866v1	GCF_030908665.1	GCA_030908665.1	Escherichia coli O157:H7	83334		PNUSAE145590					GCF_030908665.1-RS_2024_09_11	Complete Genome	2023-08-27		3	
ASM1316823v1	GCF_013168235.1	GCA_013168235.1	Escherichia coli O157:H7	83334		2571					GCF_013168235.1-RS_2025_07_03	Complete Genome	2020-05-26		3	
ASM1316761v1	GCF_013167615.1	GCA_013167615.1	Escherichia coli O157:H7	83334		F8798					GCF_013167615.1-RS_2025_07_03	Complete Genome	2020-05-26		2	
ASM372219v1	GCF_003722195.1	GCA_003722195.1	Escherichia coli O157:H7	83334		TR01					GCF_003722195.1-RS_2025_06_25	Complete Genome	2018-11-13		1	
ASM1645892v1	GCF_016458925.1	GCA_016458925.1	Escherichia coli O157:H7	83334		ECP19-598					GCF_016458925.1-RS_2025_07_04	Complete Genome	2021-01-03		3	
ASM1316757v1	GCF_013167575.1	GCA_013167575.1	Escherichia coli O157:H7	83334		G5295					GCF_013167575.1-RS_2025_07_03	Complete Genome	2020-05-26		3	
ASM2286994v1	GCF_022869945.1	GCA_022869945.1	Escherichia coli O157:H7	83334		PartA-EcoliO157H7-RM8376					GCF_022869945.1-RS_2025_06_10	Complete Genome	2022-04-11		2	
ASM1716537v1	GCF_017165375.1	GCA_017165375.1	Escherichia coli O157:H7	83334		Z866					GCF_017165375.1-RS_2025_07_06	Complete Genome	2021-03-04		3	
ASM1716495v1	GCF_017164955.1	GCA_017164955.1	Escherichia coli O157:H7	83334		Z1815					GCF_017164955.1-RS_2025_07_05	Complete Genome	2021-03-04		2	
ASM1716493v1	GCF_017164935.1	GCA_017164935.1	Escherichia coli O157:H7	83334		Z1816					GCF_017164935.1-RS_2025_07_05	Complete Genome	2021-03-04		2	
ASM993123v1	GCF_009931235.1	GCA_009931235.1	Escherichia coli O157:H7	83334		FRIK804					GCF_009931235.1-RS_2025_07_02	Complete Genome	2020-01-27		5	
ASM1716543v1	GCF_017165435.1	GCA_017165435.1	Escherichia coli O157:H7	83334		Z570					GCF_017165435.1-RS_2025_07_06	Complete Genome	2021-03-04		3	
ASM1316817v1	GCF_013168175.1	GCA_013168175.1	Escherichia coli O157:H7	83334		2-6-2					GCF_013168175.1-RS_2025_07_04	Complete Genome	2020-05-26		2	
ASM1316727v1	GCF_013167275.1	GCA_013167275.1	Escherichia coli O157:H7	83334		SS TX 754-1					GCF_013167275.1-RS_2025_07_03	Complete Genome	2020-05-26		2	
ASM1316715v1	GCF_013167155.1	GCA_013167155.1	Escherichia coli O157:H7	83334		YB14-1					GCF_013167155.1-RS_2025_07_03	Complete Genome	2020-05-26		3	
ASM1316767v1	GCF_013167675.1	GCA_013167675.1	Escherichia coli O157:H7	83334		F7508					GCF_013167675.1-RS_2025_07_03	Complete Genome	2020-05-26		3	
ASM1716491v1	GCF_017164915.1	GCA_017164915.1	Escherichia coli O157:H7	83334		Z1825					GCF_017164915.1-RS_2025_07_05	Complete Genome	2021-03-04		2	
ASM97884v2	GCF_000978845.2	GCA_000978845.2	Escherichia coli O157:H7	83334		Rafaela_II					GCF_000978845.2-RS_2025_01_29	Complete Genome	2021-10-12		2	
ASM1316813v1	GCF_013168135.1	GCA_013168135.1	Escherichia coli O157:H7	83334		17B6-2					GCF_013168135.1-RS_2025_07_03	Complete Genome	2020-05-26		2	
ASM1716475v1	GCF_017164755.1	GCA_017164755.1	Escherichia coli O157:H7	83334		Z1836					GCF_017164755.1-RS_2025_07_05	Complete Genome	2021-03-04		2	
ASM1716531v1	GCF_017165315.1	GCA_017165315.1	Escherichia coli O157:H7	83334		Z887					GCF_017165315.1-RS_2025_07_06	Complete Genome	2021-03-04		2	
ASM1316775v1	GCF_013167755.1	GCA_013167755.1	Escherichia coli O157:H7	83334		F6321					GCF_013167755.1-RS_2025_07_03	Complete Genome	2020-05-26		3	
ASM1716535v1	GCF_017165355.1	GCA_017165355.1	Escherichia coli O157:H7	83334		Z885					GCF_017165355.1-RS_2025_07_06	Complete Genome	2021-03-04		3	
ASM2042318v1	GCF_020423185.1	GCA_020423185.1	Escherichia coli O157:H7	83334		146N4					GCF_020423185.1-RS_2025_01_29	Complete Genome	2021-10-12		4	
ASM2118412v1	GCF_021184125.1	GCA_021184125.1	Escherichia coli O157:H7	83334		M1300706001A					GCF_021184125.1-RS_2025_02_06	Complete Genome	2021-12-15		2	
ASM186529v1	GCF_001865295.1	GCA_001865295.1	Escherichia coli O157:H7	83334		PA20					GCF_001865295.1-RS_2025_02_09	Complete Genome	2016-11-03		2	
ASM1645894v1	GCF_016458945.1	GCA_016458945.1	Escherichia coli O157:H7	83334		ECP19-2498					GCF_016458945.1-RS_2025_07_04	Complete Genome	2021-01-03		5	
ASM1316781v1	GCF_013167815.1	GCA_013167815.1	Escherichia coli O157:H7	83334		F1273					GCF_013167815.1-RS_2025_07_03	Complete Genome	2020-05-26		4	
ASM1716489v1	GCF_017164895.1	GCA_017164895.1	Escherichia coli O157:H7	83334		Z1826					GCF_017164895.1-RS_2025_07_05	Complete Genome	2021-03-04		2	
ASM1716483v1	GCF_017164835.1	GCA_017164835.1	Escherichia coli O157:H7	83334		Z1832					GCF_017164835.1-RS_2025_07_05	Complete Genome	2021-03-04		3	
ASM1716485v1	GCF_017164855.1	GCA_017164855.1	Escherichia coli O157:H7	83334		Z1831					GCF_017164855.1-RS_2025_07_05	Complete Genome	2021-03-04		2	
ASM1716481v1	GCF_017164815.1	GCA_017164815.1	Escherichia coli O157:H7	83334		Z1833					GCF_017164815.1-RS_2025_07_05	Complete Genome	2021-03-04		3	
ASM1716497v1	GCF_017164975.1	GCA_017164975.1	Escherichia coli O157:H7	83334		Z1814					GCF_017164975.1-RS_2025_07_05	Complete Genome	2021-03-04		2	
ASM1316771v1	GCF_013167715.1	GCA_013167715.1	Escherichia coli O157:H7	83334		F7349					GCF_013167715.1-RS_2025_07_03	Complete Genome	2020-05-26		3	
ASM1716487v1	GCF_017164875.1	GCA_017164875.1	Escherichia coli O157:H7	83334		Z1830					GCF_017164875.1-RS_2025_07_05	Complete Genome	2021-03-04		2	
ASM1334363v1	GCF_013343635.1	GCA_013343635.1	Escherichia coli O157:H7	83334		MB9-1					GCF_013343635.1-RS_2025_07_04	Complete Genome	2020-06-15		4	
ASM1716529v1	GCF_017165295.1	GCA_017165295.1	Escherichia coli O157:H7	83334		Z903					GCF_017165295.1-RS_2025_07_05	Complete Genome	2021-03-04		3	
ASM1716515v1	GCF_017165155.1	GCA_017165155.1	Escherichia coli O157:H7	83334		Z1626					GCF_017165155.1-RS_2025_07_05	Complete Genome	2021-03-04		2	
ASM1716525v1	GCF_017165255.1	GCA_017165255.1	Escherichia coli O157:H7	83334		Z1486					GCF_017165255.1-RS_2025_07_06	Complete Genome	2021-03-04		3	
ASM1716521v1	GCF_017165215.1	GCA_017165215.1	Escherichia coli O157:H7	83334		Z1615					GCF_017165215.1-RS_2025_07_05	Complete Genome	2021-03-04		2	
ASM1316773v1	GCF_013167735.1	GCA_013167735.1	Escherichia coli O157:H7	83334		F6667					GCF_013167735.1-RS_2025_07_03	Complete Genome	2020-05-26		3	
ASM1716513v1	GCF_017165135.1	GCA_017165135.1	Escherichia coli O157:H7	83334		Z1766					GCF_017165135.1-RS_2025_07_06	Complete Genome	2021-03-04		3	
ASM1716507v1	GCF_017165075.1	GCA_017165075.1	Escherichia coli O157:H7	83334		Z1768					GCF_017165075.1-RS_2025_07_06	Complete Genome	2021-03-04		2	
ASM1716505v1	GCF_017165055.1	GCA_017165055.1	Escherichia coli O157:H7	83334		Z1769					GCF_017165055.1-RS_2025_07_06	Complete Genome	2021-03-04		2	
ASM1716509v1	GCF_017165095.1	GCA_017165095.1	Escherichia coli O157:H7	83334		Z1767					GCF_017165095.1-RS_2025_07_05	Complete Genome	2021-03-04		3	
ASM1716501v1	GCF_017165015.1	GCA_017165015.1	Escherichia coli O157:H7	83334		Z1812					GCF_017165015.1-RS_2025_07_05	Complete Genome	2021-03-04		2	
ASM1316743v1	GCF_013167435.1	GCA_013167435.1	Escherichia coli O157:H7	83334		NE 1169-1					GCF_013167435.1-RS_2025_07_03	Complete Genome	2020-05-26		4	
ASM1316741v1	GCF_013167415.1	GCA_013167415.1	Escherichia coli O157:H7	83334		NE1127					GCF_013167415.1-RS_2025_07_03	Complete Genome	2020-05-26		3	
ASM1316713v1	GCF_013167135.1	GCA_013167135.1	Escherichia coli O157:H7	83334		F8492					GCF_013167135.1-RS_2025_07_03	Complete Genome	2020-05-26		2	
ASM1316749v1	GCF_013167495.1	GCA_013167495.1	Escherichia coli O157:H7	83334		LSU61					GCF_013167495.1-RS_2025_07_03	Complete Genome	2020-05-26		3	
ASM1716503v1	GCF_017165035.1	GCA_017165035.1	Escherichia coli O157:H7	83334		Z1811					GCF_017165035.1-RS_2025_07_05	Complete Genome	2021-03-04		2	
ASM1334359v1	GCF_013343595.1	GCA_013343595.1	Escherichia coli O157:H7	83334		MB41-1					GCF_013343595.1-RS_2025_07_05	Complete Genome	2020-06-15		3	
ASM1716533v1	GCF_017165335.1	GCA_017165335.1	Escherichia coli O157:H7	83334		Z892					GCF_017165335.1-RS_2025_07_06	Complete Genome	2021-03-04		3	
ASM1316747v1	GCF_013167475.1	GCA_013167475.1	Escherichia coli O157:H7	83334		N8B7-2					GCF_013167475.1-RS_2025_07_03	Complete Genome	2020-05-26		3	
ASM1716527v1	GCF_017165275.1	GCA_017165275.1	Escherichia coli O157:H7	83334		Z910					GCF_017165275.1-RS_2025_07_06	Complete Genome	2021-03-04		3	
ASM1716523v1	GCF_017165235.1	GCA_017165235.1	Escherichia coli O157:H7	83334		Z1504					GCF_017165235.1-RS_2025_07_05	Complete Genome	2021-03-04		3	
ASM2042322v1	GCF_020423225.1	GCA_020423225.1	Escherichia coli O157:H7	83334		Balcarce_14.2					GCF_020423225.1-RS_2025_01_29	Complete Genome	2021-10-12		2	
ASM1716545v1	GCF_017165455.1	GCA_017165455.1	Escherichia coli O157:H7	83334		Z563					GCF_017165455.1-RS_2025_07_06	Complete Genome	2021-03-04		4	
ASM1735754v1	GCF_017357545.1	GCA_017357545.1	Escherichia coli O157:H7	83334		TT12A					GCF_017357545.1-RS_2025_07_05	Complete Genome	2021-03-16		2	
ASM1316723v1	GCF_013167235.1	GCA_013167235.1	Escherichia coli O157:H7	83334		TB21-1					GCF_013167235.1-RS_2025_07_03	Complete Genome	2020-05-26		3	
ASM1316753v1	GCF_013167535.1	GCA_013167535.1	Escherichia coli O157:H7	83334		H2495					GCF_013167535.1-RS_2025_07_03	Complete Genome	2020-05-26		2	
ASM1316821v1	GCF_013168215.1	GCA_013168215.1	Escherichia coli O157:H7	83334		7409					GCF_013168215.1-RS_2025_07_04	Complete Genome	2020-05-26		2	
ASM1316731v1	GCF_013167315.1	GCA_013167315.1	Escherichia coli O157:H7	83334		SS NE 1040-1					GCF_013167315.1-RS_2025_07_03	Complete Genome	2020-05-26		4	
ASM1716477v1	GCF_017164775.1	GCA_017164775.1	Escherichia coli O157:H7	83334		Z1835					GCF_017164775.1-RS_2025_07_05	Complete Genome	2021-03-04		2	
ASM1535313v1	GCF_015353135.1	GCA_015353135.1	Escherichia coli O157:H7	83334		Wll001					GCF_015353135.1-RS_2025_07_04	Complete Genome	2020-11-11		3	
ASM1316811v1	GCF_013168115.1	GCA_013168115.1	Escherichia coli O157:H7	83334		493/89					GCF_013168115.1-RS_2025_07_04	Complete Genome	2020-05-26		2	
ASM1716479v1	GCF_017164795.1	GCA_017164795.1	Escherichia coli O157:H7	83334		Z1834					GCF_017164795.1-RS_2025_07_05	Complete Genome	2021-03-04		3	
ASM1316763v1	GCF_013167635.1	GCA_013167635.1	Escherichia coli O157:H7	83334		F8797					GCF_013167635.1-RS_2025_07_03	Complete Genome	2020-05-26		2	
ASM155899v2	GCF_001558995.2	GCA_001558995.2	Escherichia coli O157:H7	83334		JEONG-1266					GCF_001558995.2-RS_2025_06_19	Complete Genome	2016-05-20		2	
ASM1316751v1	GCF_013167515.1	GCA_013167515.1	Escherichia coli O157:H7	83334		H6437					GCF_013167515.1-RS_2025_07_03	Complete Genome	2020-05-26		3	
ASM1316825v1	GCF_013168255.1	GCA_013168255.1	Escherichia coli O157:H7	83334		611					GCF_013168255.1-RS_2025_07_04	Complete Genome	2020-05-26		3	
ASM588595v1	GCF_005885955.1	GCA_005885955.1	Escherichia coli O157:H7	83334		ECP17-46					GCF_005885955.1-RS_2025_06_27	Complete Genome	2019-05-29		2	
ASM1316815v1	GCF_013168155.1	GCA_013168155.1	Escherichia coli O157:H7	83334		3-5-1					GCF_013168155.1-RS_2025_07_04	Complete Genome	2020-05-26		3	
ASM1316787v1	GCF_013167875.1	GCA_013167875.1	Escherichia coli O157:H7	83334		E32511					GCF_013167875.1-RS_2025_07_03	Complete Genome	2020-05-26		3	
ASM2116643v1	GCF_021166435.1	GCA_021166435.1	Escherichia coli O157:H7	83334		7386WT					GCF_021166435.1-RS_2025_03_16	Complete Genome	2021-12-12		2	
ASM1316809v1	GCF_013168095.1	GCA_013168095.1	Escherichia coli O157:H7	83334		86-24					GCF_013168095.1-RS_2025_07_03	Complete Genome	2020-05-26		4	
ASM1645888v1	GCF_016458885.1	GCA_016458885.1	Escherichia coli O157:H7	83334		ECP19-198					GCF_016458885.1-RS_2025_07_04	Complete Genome	2021-01-03		3	
ASM3090868v1	GCF_030908685.1	GCA_030908685.1	Escherichia coli O157:H7	83334		PNUSAE146742					GCF_030908685.1-RS_2024_09_11	Complete Genome	2023-08-27		2	
ASM3090872v1	GCF_030908725.1	GCA_030908725.1	Escherichia coli O157:H7	83334		PNUSAE146131					GCF_030908725.1-RS_2024_12_02	Complete Genome	2023-08-27		2	
ASM1316735v1	GCF_013167355.1	GCA_013167355.1	Escherichia coli O157:H7	83334		OK1					GCF_013167355.1-RS_2025_07_03	Complete Genome	2020-05-26		3	
ASM1316807v1	GCF_013168075.1	GCA_013168075.1	Escherichia coli O157:H7	83334		ATCC 35150					GCF_013168075.1-RS_2025_07_04	Complete Genome	2020-05-26		3	
ASM1716541v1	GCF_017165415.1	GCA_017165415.1	Escherichia coli O157:H7	83334		Z852					GCF_017165415.1-RS_2025_07_06	Complete Genome	2021-03-04		2	
ASM3090874v1	GCF_030908745.1	GCA_030908745.1	Escherichia coli O157:H7	83334		PNUSAE146743					GCF_030908745.1-RS_2024_12_02	Complete Genome	2023-08-27		2	
ASM3167535v2	GCF_031675355.1	GCA_031675355.2	Escherichia coli O157:H7	83334		PNUSAE147325					GCF_031675355.1-RS_2025_08_19	Complete Genome	2023-10-23		2	
ASM1316819v1	GCF_013168195.1	GCA_013168195.1	Escherichia coli O157:H7	83334		7636					GCF_013168195.1-RS_2025_07_04	Complete Genome	2020-05-26		2	
ASM588591v1	GCF_005885915.1	GCA_005885915.1	Escherichia coli O157:H7	83334		ECP17-1298					GCF_005885915.1-RS_2025_06_28	Complete Genome	2019-05-29		2	
ASM2042314v1	GCF_020423145.1	GCA_020423145.1	Escherichia coli O157:H7	83334		Balcarce_24.2					GCF_020423145.1-RS_2025_01_29	Complete Genome	2021-10-12		3	
ASM1316717v1	GCF_013167175.1	GCA_013167175.1	Escherichia coli O157:H7	83334		TX 376-2					GCF_013167175.1-RS_2025_07_03	Complete Genome	2020-05-26		3	
ASM1645890v1	GCF_016458905.1	GCA_016458905.1	Escherichia coli O157:H7	83334		ECP19-798					GCF_016458905.1-RS_2025_07_04	Complete Genome	2021-01-03		3	
ASM1316779v1	GCF_013167795.1	GCA_013167795.1	Escherichia coli O157:H7	83334		F3113					GCF_013167795.1-RS_2025_07_03	Complete Genome	2020-05-26		2	
ASM1316739v1	GCF_013167395.1	GCA_013167395.1	Escherichia coli O157:H7	83334		NE122					GCF_013167395.1-RS_2025_07_03	Complete Genome	2020-05-26		2	
ASM411891v1	GCF_004118915.1	GCA_004118915.1	Escherichia coli O157:H7	83334		C1-057					GCF_004118915.1-RS_2025_06_26	Complete Genome	2019-01-30		2	
ASM1291562v2	GCF_012915625.1	GCA_012915625.2	Escherichia coli O157:H7	83334		MD2019EC2705C4					GCF_012915625.1-RS_2025_09_22	Complete Genome	2023-08-24		2	
ASM2525244v1	GCF_025252445.1	GCA_025252445.1	Escherichia coli O157:H7	83334		380-94					GCF_025252445.1-RS_2024_12_27	Complete Genome	2022-09-19		2	
ASM2525234v1	GCF_025252345.1	GCA_025252345.1	Escherichia coli O157:H7	83334		RV06					GCF_025252345.1-RS_2024_12_27	Complete Genome	2022-09-19		2	
ASM175354v1	GCF_001753545.1	GCA_001753545.1	Escherichia coli O157:H7	83334		3384					GCF_001753545.1-RS_2025_03_23	Complete Genome	2016-10-06		2	
ASM175348v1	GCF_001753485.1	GCA_001753485.1	Escherichia coli O157:H7	83334		8368					GCF_001753485.1-RS_2025_03_23	Complete Genome	2016-10-06		2	
ASM2042320v1	GCF_020423205.1	GCA_020423205.1	Escherichia coli O157:H7	83334		Vac_07.1					GCF_020423205.1-RS_2025_01_29	Complete Genome	2021-10-12		2	
ASM175350v1	GCF_001753505.1	GCA_001753505.1	Escherichia coli O157:H7	83334		2159					GCF_001753505.1-RS_2025_03_23	Complete Genome	2016-10-06		2	
ASM175344v1	GCF_001753445.1	GCA_001753445.1	Escherichia coli O157:H7	83334		1130					GCF_001753445.1-RS_2025_03_23	Complete Genome	2016-10-06		2	
ASM2042316v1	GCF_020423165.1	GCA_020423165.1	Escherichia coli O157:H7	83334		9.1_Anguil					GCF_020423165.1-RS_2025_01_29	Complete Genome	2021-10-12		2	
ASM175352v1	GCF_001753525.1	GCA_001753525.1	Escherichia coli O157:H7	83334		9234					GCF_001753525.1-RS_2025_03_23	Complete Genome	2016-10-06		2	
ASM1316755v1	GCF_013167555.1	GCA_013167555.1	Escherichia coli O157:H7	83334		Gim1-1					GCF_013167555.1-RS_2025_07_03	Complete Genome	2020-05-26		2	
ASM175346v1	GCF_001753465.1	GCA_001753465.1	Escherichia coli O157:H7	83334		2149					GCF_001753465.1-RS_2025_03_23	Complete Genome	2016-10-06		2	
ASM1316737v1	GCF_013167375.1	GCA_013167375.1	Escherichia coli O157:H7	83334		NE92					GCF_013167375.1-RS_2025_07_03	Complete Genome	2020-05-26		3	
ASM503773v2	GCF_005037735.1	GCA_005037735.2	Escherichia coli O157:H7	83334		FWSEC0004					GCF_005037735.1-RS_2025_06_26	Complete Genome	2019-05-03		3	
ASM175356v1	GCF_001753565.1	GCA_001753565.1	Escherichia coli O157:H7	83334		4276					GCF_001753565.1-RS_2025_03_23	Complete Genome	2016-10-06		2	
ASM1316769v1	GCF_013167695.1	GCA_013167695.1	Escherichia coli O157:H7	83334		F7386					GCF_013167695.1-RS_2025_07_03	Complete Genome	2020-05-26		3	
ASM1316759v1	GCF_013167595.1	GCA_013167595.1	Escherichia coli O157:H7	83334		F8952					GCF_013167595.1-RS_2025_07_03	Complete Genome	2020-05-26		2	
ASM4195057v1	GCF_041950575.1	GCA_041950575.1	Escherichia coli O157:H7	83334		AC-5					GCF_041950575.1-RS_2024_09_19	Complete Genome	2024-09-19		2	
ASM3090870v1	GCF_030908705.1	GCA_030908705.1	Escherichia coli O157:H7	83334		PNUSAE146744					GCF_030908705.1-RS_2024_12_02	Complete Genome	2023-08-27		3	
ASM4195058v1	GCF_041950585.1	GCA_041950585.1	Escherichia coli O157:H7	83334		AC-3					GCF_041950585.1-RS_2024_09_19	Complete Genome	2024-09-19		2	
ASM792265v1	GCF_007922655.1	GCA_007922655.1	Escherichia coli O157:H7	83334		ATCC 43888					GCF_007922655.1-RS_2025_06_28	Complete Genome	2019-08-08		3	
ASM4627206v1	GCF_046272065.1	GCA_046272065.1	Escherichia coli O157:H7	83334		GTVSS-023					GCF_046272065.1-RS_2024_12_26	Complete Genome	2024-12-26		3	
ASM1316803v1	GCF_013168035.1	GCA_013168035.1	Escherichia coli O157:H7	83334		DEC4E					GCF_013168035.1-RS_2025_07_03	Complete Genome	2020-05-26		4	
ASM965017v1	GCF_009650175.1	GCA_009650175.1	Escherichia coli O157:H7	83334		ATCC 43890					GCF_009650175.1-RS_2025_06_30	Complete Genome	2019-11-12		3	
ASM962749v1	GCF_009627495.1	GCA_009627495.1	Escherichia coli O157:H7	83334		TT12B					GCF_009627495.1-RS_2025_06_30	Complete Genome	2019-11-08		2	
ASM130721v1	GCF_001307215.1	GCA_001307215.1	Escherichia coli O157:H7	83334		WS4202					GCF_001307215.1-RS_2025_03_23	Complete Genome	2015-10-06		3	
ASM1316701v1	GCF_013167015.1	GCA_013167015.1	Escherichia coli BL21(DE3)	469008		BL21(DE3)					GCF_013167015.1-RS_2025_07_04	Complete Genome	2020-05-26		1	
ASM2266v1	GCF_000022665.1	GCA_000022665.2	Escherichia coli BL21(DE3)	469008		BL21(DE3)					GCF_000022665.1-RS_2025_03_23	Complete Genome	2010-05-17		1	
ASM956v1	GCF_000009565.1	GCA_000009565.2	Escherichia coli BL21(DE3)	469008		BL21(DE3)					GCF_000009565.1-RS_2025_06_09	Complete Genome	2012-05-16		1	
ASM1975415v1	GCF_019754155.1	GCA_019754155.1	Escherichia coli BL21(DE3)	469008		BL21(DE3)					GCF_019754155.1-RS_2024_12_27	Complete Genome	2021-08-25		1	
ASM73296v1	GCF_000732965.1	GCA_000732965.1	Escherichia coli O157:H7 str. EDL933	155864		EDL933					GCF_000732965.1-RS_2025_06_09	Complete Genome	2014-07-24		2	
ASM2959049v1	GCF_029590495.1	GCA_029590495.1	Escherichia coli O157:H7 str. EDL933	155864		EDL933					GCF_029590495.1-RS_2025_06_03	Complete Genome	2023-04-05		3	
ASM2996228v1	GCF_029962285.1	GCA_029962285.1	Escherichia coli O157:H7 str. EDL933	155864		EDL933					GCF_029962285.1-RS_2025_06_12	Complete Genome	2023-05-10		4	
W3110	GCF_048541595.1	GCA_048541595.1	Escherichia coli str. K-12 substr. W3110	316407		K-12 substr. W3110					GCF_048541595.1-RS_2025_03_12	Complete Genome	2025-03-13		1	
ASM1024v1	GCF_000010245.2	GCA_000010245.1	Escherichia coli str. K-12 substr. W3110	316407		K-12 substr. W3110					GCF_000010245.2-RS_2025_04_07	Complete Genome	2006-01-23		1	
ASM5528486v1	GCF_055284865.1	GCA_055284865.1	Escherichia coli str. K-12 substr. W3110	316407		K-12 substr. W3110					GCF_055284865.1-RS_2026_02_18	Complete Genome	2026-02-17	JBUYZJ01	1	
ASM165029v1	GCF_001650295.1	GCA_001650295.1	Escherichia coli O157	1045010		644-PT8					GCF_001650295.1-RS_2025_05_23	Complete Genome	2016-05-24		1	
ASM872717v1	GCF_008727175.1	GCA_008727175.1	Escherichia coli O157	1045010		AR-0428					GCF_008727175.1-RS_2025_06_28	Complete Genome	2019-09-29		3	
ASM220886v2	GCF_002208865.2	GCA_002208865.2	Escherichia coli O157	1045010		FDAARGOS_293					GCF_002208865.2-RS_2025_06_21	Complete Genome	2018-03-02		3	
ASM872719v1	GCF_008727195.1	GCA_008727195.1	Escherichia coli O157	1045010		AR-0427					GCF_008727195.1-RS_2025_06_28	Complete Genome	2019-09-29		3	
ASM165027v1	GCF_001650275.1	GCA_001650275.1	Escherichia coli O157	1045010		180-PT54					GCF_001650275.1-RS_2025_05_28	Complete Genome	2016-05-24		2	
ASM872713v1	GCF_008727135.1	GCA_008727135.1	Escherichia coli O157	1045010		AR-0430					GCF_008727135.1-RS_2025_06_29	Complete Genome	2019-09-29		5	
ASM872715v1	GCF_008727155.1	GCA_008727155.1	Escherichia coli O157	1045010		AR-0429					GCF_008727155.1-RS_2025_06_29	Complete Genome	2019-09-29		3	
ASM846242v1	GCF_008462425.1	GCA_008462425.1	Escherichia coli O157	1045010		Al Ain					GCF_008462425.1-RS_2025_06_27	Complete Genome	2019-09-17		1	
ASM71459v1	GCF_000714595.1	GCA_000714595.1	Escherichia coli Nissle 1917	316435		Nissle 1917					GCF_000714595.1-RS_2025_06_09	Complete Genome	2014-06-27		1	
ASM2155983v1	GCF_021559835.1	GCA_021559835.1	Escherichia coli Nissle 1917	316435		Nissle 1917					GCF_021559835.1-RS_2025_02_16	Complete Genome	2022-01-24		3	
ASM354697v1	GCF_003546975.1	GCA_003546975.1	Escherichia coli Nissle 1917	316435		Nissle 1917					GCF_003546975.1-RS_2025_06_24	Complete Genome	2018-09-12		3	
ASM4322806v1	GCF_043228065.1	GCA_043228065.1	Escherichia coli Nissle 1917	316435		Nissle 1917					GCF_043228065.1-RS_2024_10_17	Complete Genome	2024-10-18		4	
ASM1426294v1	GCF_014262945.1	GCA_014262945.1	Escherichia coli CFT073	199310		CFT073					GCF_014262945.1-RS_2025_07_05	Complete Genome	2020-08-21		1	
ASM744v1	GCF_000007445.1	GCA_000007445.1	Escherichia coli CFT073	199310		CFT073					GCF_000007445.1-RS_2025_06_09	Complete Genome	2002-12-09		1	
ASM2491841v1	GCF_024918415.1	GCA_024918415.1	Escherichia coli O25b:H4-ST131	941322		4433					GCF_024918415.1-RS_2024_12_18	Complete Genome	2022-09-04		1	
ASM2491733v1	GCF_024917335.1	GCA_024917335.1	Escherichia coli O25b:H4-ST131	941322		4993					GCF_024917335.1-RS_2024_12_18	Complete Genome	2022-09-04		2	
ASM4534794v1	GCF_045347945.1	GCA_045347945.1	Escherichia coli O25b:H4-ST131	941322		MB1159					GCF_045347945.1-RS_2024_11_27	Complete Genome	2024-11-27		3	
ASM2491797v1	GCF_024917975.1	GCA_024917975.1	Escherichia coli O25b:H4-ST131	941322		751					GCF_024917975.1-RS_2024_12_18	Complete Genome	2022-09-04		5	
ARM46	GCF_951803545.1	GCA_951803545.1	Escherichia coli O25b:H4-ST131	941322		ST131			46		GCF_951803545.1-RS_2025_06_26	Complete Genome	2023-06-01		4	
ARM42.1	GCF_955652485.1	GCA_955652485.1	Escherichia coli O25b:H4-ST131	941322		ST131			42		GCF_955652485.1-RS_2025_07_10	Complete Genome	2023-06-23		3	
EC958.v1	GCF_000285655.3	GCA_000285655.3	Escherichia coli O25b:H4-ST131	941322		EC958					GCF_000285655.3-RS_2025_05_22	Complete Genome	2014-05-29		3	
ASM2491745v1	GCF_024917455.1	GCA_024917455.1	Escherichia coli O25b:H4-ST131	941322		4224					GCF_024917455.1-RS_2024_12_18	Complete Genome	2022-09-04		4	
ASM1421713v1	GCF_014217135.1	GCA_014217135.1	Escherichia coli O25b:H4-ST131	941322		2019_APHA					GCF_014217135.1-RS_2025_07_05	Complete Genome	2020-08-17		6	
ASM4580123v1	GCF_045801235.1	GCA_045801235.1	Escherichia coli O25b:H4-ST131	941322		MB1341					GCF_045801235.1-RS_2024_12_08	Complete Genome	2024-12-09		3	
ASM1527755v1	GCF_015277555.1	GCA_015277555.1	Escherichia coli O25b:H4-ST131	941322		ST131					GCF_015277555.1-RS_2025_07_04	Complete Genome	2020-11-07		5	
ASM2491789v1	GCF_024917895.1	GCA_024917895.1	Escherichia coli O25b:H4-ST131	941322		5506					GCF_024917895.1-RS_2024_12_18	Complete Genome	2022-09-04		4	
ASM1421715v1	GCF_014217155.1	GCA_014217155.1	Escherichia coli O25b:H4-ST131	941322		2017_APHA					GCF_014217155.1-RS_2025_07_03	Complete Genome	2020-08-17		6	
ARM32	GCF_951802855.1	GCA_951802855.1	Escherichia coli O25b:H4-ST131	941322		ST131			32		GCF_951802855.1-RS_2025_06_26	Complete Genome	2023-06-01		2	
ASM2491823v1	GCF_024918235.1	GCA_024918235.1	Escherichia coli O25b:H4-ST131	941322		ST131					GCF_024918235.1-RS_2024_12_18	Complete Genome	2022-09-04		4	
ARM86	GCF_951802865.1	GCA_951802865.1	Escherichia coli O25b:H4-ST131	941322		ST131			86		GCF_951802865.1-RS_2025_06_26	Complete Genome	2023-06-01		3	
ASM2491839v1	GCF_024918395.1	GCA_024918395.1	Escherichia coli O25b:H4-ST131	941322		2822					GCF_024918395.1-RS_2024_12_18	Complete Genome	2022-09-04		3	
ASM2491811v1	GCF_024918115.1	GCA_024918115.1	Escherichia coli O25b:H4-ST131	941322		5392					GCF_024918115.1-RS_2024_12_18	Complete Genome	2022-09-04		3	
ASM1942v1	GCF_000019425.1	GCA_000019425.1	Escherichia coli str. K-12 substr. DH10B	316385		K-12 substr. DH10B					GCF_000019425.1-RS_2025_06_09	Complete Genome	2008-03-14		1	
ASM1686447v1	GCF_016864475.1	GCA_016864475.1	Escherichia coli ATCC 8739	481805		ATCC 8739					GCF_016864475.1-RS_2025_07_05	Complete Genome	2021-02-11		2	
ASM359159v1	GCF_003591595.1	GCA_003591595.1	Escherichia coli ATCC 8739	481805		ATCC 8739					GCF_003591595.1-RS_2025_06_24	Complete Genome	2018-09-24		1	
ASM1938v1	GCF_000019385.1	GCA_000019385.1	Escherichia coli ATCC 8739	481805		ATCC 8739					GCF_000019385.1-RS_2025_06_13	Complete Genome	2008-03-11		1	
ASM2601678v1	GCF_026016785.1	GCA_026016785.1	Escherichia coli ATCC 8739	481805		ATCC 8739					GCF_026016785.1-RS_2025_02_01	Complete Genome	2022-11-07		1	
ASM74325v1	GCF_000743255.1	GCA_000743255.1	Escherichia coli ATCC 25922	1322345		ATCC 25922					GCF_000743255.1-RS_2025_06_09	Complete Genome	2014-08-22		3	
ASM2336v1	GCF_000023365.1	GCA_000023365.1	Escherichia coli DH1	536056		DH1					GCF_000023365.1-RS_2025_06_13	Complete Genome	2009-10-05		1	
ASM27010v1	GCF_000270105.1	GCA_000270105.1	Escherichia coli DH1	536056		DH1					GCF_000270105.1-RS_2025_05_23	Complete Genome	2010-12-16		1	
ASM155963v1	GCF_001559635.1	GCA_001559635.1	Escherichia coli B	37762		C3029					GCF_001559635.1-RS_2025_03_23	Complete Genome	2016-02-11		1	
ASM155961v2	GCF_001559615.2	GCA_001559615.2	Escherichia coli B	37762		C2566					GCF_001559615.2-RS_2025_03_23	Complete Genome	2016-06-15		1	
ASM18418v1	GCF_000184185.1	GCA_000184185.1	Escherichia coli W	566546		W					GCF_000184185.1-RS_2025_06_09	Complete Genome	2010-12-14		3	
ASM25814v1	GCF_000258145.1	GCA_000258145.1	Escherichia coli W	566546		W					GCF_000258145.1-RS_2025_06_09	Complete Genome	2012-04-06		3	
ASM1493087v1	GCF_014930875.1	GCA_014930875.1	Escherichia coli UTI89	364106		UTI89					GCF_014930875.1-RS_2025_07_04	Complete Genome	2020-10-25		1	
ASM1564476v1	GCF_015644765.1	GCA_015644765.1	Escherichia coli UTI89	364106		UTI89					GCF_015644765.1-RS_2025_07_04	Complete Genome	2020-11-22		1	
ASM28449v1	GCF_000284495.1	GCA_000284495.1	Escherichia coli LF82	591946		LF82					GCF_000284495.1-RS_2025_07_22	Complete Genome	2009-01-27		1	
ASM2139893v1	GCF_021398935.1	GCA_021398935.1	Escherichia coli LF82	591946		LF82					GCF_021398935.1-RS_2025_05_30	Complete Genome	2022-01-10		1	
ASM1774v1	GCF_000017745.1	GCA_000017745.1	Escherichia coli O139:H28 str. E24377A	331111		E24377A					GCF_000017745.1-RS_2025_06_13	Complete Genome	2007-09-11		7	
ASM1798v1	GCF_000017985.1	GCA_000017985.1	Escherichia coli B str. REL606	413997		REL606					GCF_000017985.1-RS_2025_06_13	Complete Genome	2009-07-15		1	
ASM1330v1	GCF_000013305.1	GCA_000013305.1	Escherichia coli 536	362663		536					GCF_000013305.1-RS_2025_06_09	Complete Genome	2006-07-24		1	
ASM1316697v1	GCF_013166975.1	GCA_013166975.1	Escherichia coli BL21	511693		BL21					GCF_013166975.1-RS_2025_07_03	Complete Genome	2020-05-26		1	
ASM1426337v1	GCF_014263375.1	GCA_014263375.1	Escherichia coli BL21	511693		BL21					GCF_014263375.1-RS_2025_07_03	Complete Genome	2020-08-21		1	
ASM4218961v1	GCF_042189615.1	GCA_042189615.1	Escherichia coli BL21	511693		BL21					GCF_042189615.1-RS_2024_09_25	Complete Genome	2024-09-25		1	
ASM503772v2	GCF_005037725.1	GCA_005037725.2	Escherichia coli O26:H11	244319		FWSEC0001					GCF_005037725.1-RS_2025_06_26	Complete Genome	2019-05-03		4	
ASM2286998v1	GCF_022869985.1	GCA_022869985.1	Escherichia coli O104:H4	1038927		PartB-EcoliO104H4-RM8376					GCF_022869985.1-RS_2025_06_09	Complete Genome	2022-04-11		2	
ASM3824849v1	GCF_038248495.1	GCA_038248495.1	Escherichia coli O104:H4	1038927		rpoS_ATGtoATA					GCF_038248495.1-RS_2024_11_20	Complete Genome	2024-04-17		3	
ASM298364v1	GCF_002983645.1	GCA_002983645.1	Escherichia coli O104:H4	1038927		FDAARGOS_349					GCF_002983645.1-RS_2025_06_21	Complete Genome	2018-03-09		5	
ASM501407v1	GCF_005014075.1	GCA_005014075.1	Escherichia coli O104:H4	1038927		FWSEC0009					GCF_005014075.1-RS_2025_06_26	Complete Genome	2019-05-01		4	
ASM220910v2	GCF_002209105.2	GCA_002209105.2	Escherichia coli O104:H4	1038927		FDAARGOS_348					GCF_002209105.2-RS_2025_06_22	Complete Genome	2018-03-08		3	
ASM2712v1	GCF_000027125.1	GCA_000027125.1	Escherichia coli 042	216592		042					GCF_000027125.1-RS_2025_05_18	Complete Genome	2010-01-28		2	
ASM2954252v1	GCF_029542525.1	GCA_029542525.1	Escherichia coli NC101	753642		NC101					GCF_029542525.1-RS_2025_09_30	Complete Genome	2023-04-03		2	
ASM2654v1	GCF_000026545.1	GCA_000026545.1	Escherichia coli O127:H6 str. E2348/69	574521		E2348/69					GCF_000026545.1-RS_2025_06_09	Complete Genome	2008-11-26		3	
ASM3426537v1	GCF_034265375.1	GCA_034265375.1	Escherichia coli MP1	1314835		MP1					GCF_034265375.1-RS_2025_03_11	Complete Genome	2023-12-11		2	
ASM1048v1	GCF_000010485.1	GCA_000010485.1	Escherichia coli SE15	431946		SE15					GCF_000010485.1-RS_2025_06_09	Complete Genome	2012-05-16		2	
ASM804201v2	GCF_008042015.2	GCA_008042015.2	Escherichia coli 042	216592		042					GCF_008042015.2-RS_2025_06_29	Complete Genome	2019-09-18		3	
ASM1776v1	GCF_000017765.1	GCA_000017765.1	Escherichia coli HS	331112		HS					GCF_000017765.1-RS_2025_06_09	Complete Genome	2007-09-10		1	
MYMC4100	GCF_000499485.1	GCA_000499485.1	Escherichia coli str. K-12 substr. MC4100	1403831		K-12 substr. MC4100					GCF_000499485.1-RS_2025_06_09	Complete Genome	2013-11-06		1	
ASM98676v1	GCF_000986765.1	GCA_000986765.1	Escherichia coli O104:H4 str. C227-11	1048254		C227-11			368 shch		GCF_000986765.1-RS_2025_05_16	Complete Genome	2015-04-30		8	
ASM187448v1	GCF_001874485.1	GCA_001874485.1	Escherichia coli O25b:H4	941280		O25b:H4					GCF_001874485.1-RS_2025_03_23	Complete Genome	2016-06-15		4	
ASM29945v1	GCF_000299455.1	GCA_000299455.1	Escherichia coli O104:H4 str. 2011C-3493	1133852		2011C-3493					GCF_000299455.1-RS_2025_05_18	Complete Genome	2012-09-27		4	
ASM2624v1	GCF_000026245.1	GCA_000026245.1	Escherichia coli 55989	585055		55989					GCF_000026245.1-RS_2025_06_09	Complete Genome	2008-12-18		1	
ASM2634v1	GCF_000026345.1	GCA_000026345.1	Escherichia coli IAI39	585057		IAI39					GCF_000026345.1-RS_2025_06_09	Complete Genome	2008-12-18		1	
ASM49375v1	GCF_000493755.1	GCA_000493755.1	Escherichia coli JJ1886	1355100		JJ1886					GCF_000493755.1-RS_2025_06_08	Complete Genome	2013-10-29		6	
ASM102163v2	GCF_001021635.2	GCA_001021635.2	Escherichia coli APEC O2-211	1954351		APEC O2-211					GCF_001021635.2-RS_2025_03_24	Complete Genome	2018-07-25		4	
ASM1484v1	GCF_000014845.1	GCA_000014845.1	Escherichia coli APEC O1	405955		APEC O1					GCF_000014845.1-RS_2025_07_24	Complete Genome	2006-10-04		3	
ASM25802v1	GCF_000258025.1	GCA_000258025.1	Escherichia coli KO11FL	595495		KO11FL					GCF_000258025.1-RS_2025_06_09	Complete Genome	2012-04-06		2	
ASM3236739v1	GCF_032367395.1	GCA_032367395.1	Escherichia coli TW14425	913087		TW14425					GCF_032367395.1-RS_2024_12_29	Complete Genome	2023-10-04		4	
ASM105113v1	GCF_001051135.1	GCA_001051135.1	Escherichia coli ACN001	1311757		ACN001					GCF_001051135.1-RS_2025_05_16	Complete Genome	2015-07-09		1	
ASM83156v1	GCF_000831565.1	GCA_000831565.1	Escherichia coli ECC-1470	758831		ECC-1470					GCF_000831565.1-RS_2025_06_09	Complete Genome	2015-02-03		2	
ASM18334v1	GCF_000183345.1	GCA_000183345.1	Escherichia coli O83:H1 str. NRG 857C	685038		NRG 857C					GCF_000183345.1-RS_2025_04_26	Complete Genome	2010-11-30		2	
ASM207922v1	GCF_002079225.1	GCA_002079225.1	Escherichia coli C	498388		C					GCF_002079225.1-RS_2025_03_24	Complete Genome	2017-04-05		1	
ASM4734497v1	GCF_047344975.1	GCA_047344975.1	Escherichia coli HB101	634468		HB101					GCF_047344975.1-RS_2025_02_03	Complete Genome	2025-02-04		2	
ASM4881483v1	GCF_048814835.1	GCA_048814835.1	Escherichia coli HB101	634468		HB101					GCF_048814835.1-RS_2025_03_23	Complete Genome	2025-03-24		2	
ASM4957039v1	GCF_049570395.1	GCA_049570395.1	Escherichia coli O111:H8	991910		7-58 72A					GCF_049570395.1-RS_2025_04_15	Complete Genome	2025-04-15		7	
ASM311222v1	GCF_003112225.1	GCA_003112225.1	Escherichia coli O26 str. RM10386	1055534		RM10386					GCF_003112225.1-RS_2025_06_23	Complete Genome	2018-05-10		3	
ASM5070386v1	GCF_050703865.1	GCA_050703865.1	Escherichia coli O111:H11	1163390		88.0502					GCF_050703865.1-RS_2025_06_04	Complete Genome	2025-06-04		7	
ASM4957032v1	GCF_049570325.1	GCA_049570325.1	Escherichia coli O111:H11	1163390		88-19539					GCF_049570325.1-RS_2025_04_15	Complete Genome	2025-04-15		8	
ASM9100v1	GCF_000091005.1	GCA_000091005.1	Escherichia coli O26:H11 str. 11368	573235		11368					GCF_000091005.1-RS_2025_06_23	Complete Genome	2009-09-10		5	
ASM503781v2	GCF_005037815.1	GCA_005037815.2	Escherichia coli O145:NM	991919		FWSEC0002					GCF_005037815.1-RS_2025_06_27	Complete Genome	2019-05-03		3	
ASM311218v1	GCF_003112185.1	GCA_003112185.1	Escherichia coli O26 str. RM8426	1055533		RM8426					GCF_003112185.1-RS_2025_06_23	Complete Genome	2018-05-10		2	
ASM311216v1	GCF_003112165.1	GCA_003112165.1	Escherichia coli O103 str. RM8385	1055540		RM8385					GCF_003112165.1-RS_2025_06_23	Complete Genome	2018-05-10		3	
ASM52003v1	GCF_000520035.1	GCA_000520035.1	Escherichia coli O145:H28 str. RM13514	1248902		RM13514					GCF_000520035.1-RS_2025_06_09	Complete Genome	2014-01-14		3	
ASM67129v1	GCF_000671295.1	GCA_000671295.1	Escherichia coli O145:H28 str. RM12581	1248823		RM12581					GCF_000671295.1-RS_2025_03_23	Complete Genome	2014-05-01		3	
ASM5539021v1	GCF_055390215.1	GCA_055390215.1	Escherichia coli O103:H2	376725		129					GCF_055390215.1-RS_2026_02_24	Complete Genome	2026-02-25		4	
ASM2112v1	GCF_000021125.1	GCA_000021125.1	Escherichia coli O157:H7 str. EC4115	444450		EC4115					GCF_000021125.1-RS_2025_06_09	Complete Genome	2008-10-08		3	
ASM1316793v1	GCF_013167935.1	GCA_013167935.1	Escherichia coli O55:H7	244320		DEC5E					GCF_013167935.1-RS_2025_01_28	Complete Genome	2020-05-26		3	
ASM4957031v1	GCF_049570315.1	GCA_049570315.1	Escherichia coli O111:H8	991910		99.1145					GCF_049570315.1-RS_2025_04_15	Complete Genome	2025-04-15		10	
ASM5538983v1	GCF_055389835.1	GCA_055389835.1	Escherichia coli O103:H2	376725		20151001					GCF_055389835.1-RS_2026_02_24	Complete Genome	2026-02-25		3	
ASM503784v2	GCF_005037845.1	GCA_005037845.2	Escherichia coli O45:H2	1078032		FWSEC0003					GCF_005037845.1-RS_2025_06_26	Complete Genome	2019-05-03		3	
ASM2222v1	GCF_000022225.1	GCA_000022225.1	Escherichia coli O157:H7 str. TW14359	544404		TW14359					GCF_000022225.1-RS_2025_04_26	Complete Genome	2009-07-23		2	
ASM73034v1	GCF_000730345.1	GCA_000730345.1	Escherichia coli O157:H7 str. SS17	1328859		SS17					GCF_000730345.1-RS_2025_05_23	Complete Genome	2014-07-17		3	
ASM863409v2	GCF_008634095.2	GCA_008634095.2	Escherichia coli O145:H28	1078034		12E115					GCF_008634095.2-RS_2025_07_21	Complete Genome	2021-12-02		3	
ASM1316765v1	GCF_013167655.1	GCA_013167655.1	Escherichia coli O157:H7 str. F8092B	1343836		F8092B					GCF_013167655.1-RS_2025_07_03	Complete Genome	2020-05-26		2	
ASM2351835v1	GCF_023518355.1	GCA_023518355.1	Escherichia coli O22:H8	2491679		154					GCF_023518355.1-RS_2025_06_22	Complete Genome	2022-05-23		6	
ASM80370v1	GCF_000803705.1	GCA_000803705.1	Escherichia coli O157:H7 str. SS52	1330457		SS52					GCF_000803705.1-RS_2025_06_14	Complete Genome	2014-12-18		2	
STEC26	GCF_036923335.1	GCA_036923335.1	Escherichia coli PA8	1005492		PA8					GCF_036923335.1-RS_2025_04_27	Complete Genome	2024-04-05		2	
ASM1462340v1	GCF_014623405.1	GCA_014623405.1	Escherichia coli O145	1055538		RM12367-C1					GCF_014623405.1-RS_2025_07_04	Complete Genome	2020-09-16		2	
ASM4957040v1	GCF_049570405.1	GCA_049570405.1	Escherichia coli O111:H8	991910		7-55 62A					GCF_049570405.1-RS_2025_04_15	Complete Genome	2025-04-15		9	
ASM1462298v1	GCF_014622985.1	GCA_014622985.1	Escherichia coli O145	1055538		RM8843-C1					GCF_014622985.1-RS_2025_07_04	Complete Genome	2020-09-16		2	
ASM1462318v1	GCF_014623185.1	GCA_014623185.1	Escherichia coli O145	1055538		RM8988-C1					GCF_014623185.1-RS_2025_07_04	Complete Genome	2020-09-16		2	
ASM5538944v1	GCF_055389445.1	GCA_055389445.1	Escherichia coli O103:H2	376725		CEC12044					GCF_055389445.1-RS_2026_02_24	Complete Genome	2026-02-25		4	
ASM1460755v1	GCF_014607555.1	GCA_014607555.1	Escherichia coli O145	1055538		RM8995-C1					GCF_014607555.1-RS_2025_07_04	Complete Genome	2020-09-16		2	
ASM1074v1	GCF_000010745.1	GCA_000010745.1	Escherichia coli O103:H2 str. 12009	585395		12009					GCF_000010745.1-RS_2025_04_29	Complete Genome	2009-10-08		2	
ASM1334361v1	GCF_013343615.1	GCA_013343615.1	Escherichia coli O55:H7	244320		USDA5905					GCF_013343615.1-RS_2025_01_28	Complete Genome	2020-06-15		7	
ASM5070424v1	GCF_050704245.1	GCA_050704245.1	Escherichia coli O111:H8	991910		7-32 9A					GCF_050704245.1-RS_2025_06_04	Complete Genome	2025-06-04		3	
ASM4956922v1	GCF_049569225.1	GCA_049569225.1	Escherichia coli O111:H8	991910		TW05614					GCF_049569225.1-RS_2025_04_15	Complete Genome	2025-04-15		6	
ASM4627202v1	GCF_046272025.1	GCA_046272025.1	Escherichia coli O121	1055537		GTVSS-020					GCF_046272025.1-RS_2024_12_26	Complete Genome	2024-12-26		2	
ASM1462320v1	GCF_014623205.1	GCA_014623205.1	Escherichia coli O145	1055538		RM11626-C1					GCF_014623205.1-RS_2025_07_04	Complete Genome	2020-09-16		2	
ASM1460757v1	GCF_014607575.1	GCA_014607575.1	Escherichia coli O145	1055538		RM12522-C8					GCF_014607575.1-RS_2025_07_04	Complete Genome	2020-09-16		2	
STEC27	GCF_036923325.1	GCA_036923325.1	Escherichia coli PA2	1005487		PA2					GCF_036923325.1-RS_2025_04_27	Complete Genome	2024-04-05		2	
ASM863578v2	GCF_008635785.2	GCA_008635785.2	Escherichia coli O145:H28	1078034		16003					GCF_008635785.2-RS_2025_07_21	Complete Genome	2021-12-02		2	
ASM1462296v1	GCF_014622965.1	GCA_014622965.1	Escherichia coli O145	1055538		RM12275-C1					GCF_014622965.1-RS_2025_07_05	Complete Genome	2020-09-16		2	
ASM4956976v1	GCF_049569765.1	GCA_049569765.1	Escherichia coli O111:NM	373045		14614					GCF_049569765.1-RS_2025_04_15	Complete Genome	2025-04-15		5	
ASM66239v1	GCF_000662395.1	GCA_000662395.1	Escherichia coli O145:H28 str. RM12761	1248903		RM12761					GCF_000662395.1-RS_2025_06_09	Complete Genome	2014-05-01		3	
ASM52005v1	GCF_000520055.1	GCA_000520055.1	Escherichia coli O145:H28 str. RM13516	1248915		RM13516					GCF_000520055.1-RS_2025_06_14	Complete Genome	2014-01-14		3	
ASM503771v2	GCF_005037715.1	GCA_005037715.2	Escherichia coli O121:H19	991915		FWSEC0006					GCF_005037715.1-RS_2025_06_27	Complete Genome	2019-05-03		2	
ASM503779v2	GCF_005037795.1	GCA_005037795.2	Escherichia coli O103:H2	376725		FWSEC0007					GCF_005037795.1-RS_2025_06_26	Complete Genome	2019-05-03		2	
ASM284416v1	GCF_002844165.1	GCA_002844165.1	Escherichia coli O121:H19	991915		16-9255					GCF_002844165.1-RS_2025_06_21	Complete Genome	2017-12-15		2	
ASM5070423v1	GCF_050704235.1	GCA_050704235.1	Escherichia coli O111:H8	991910		7-54 11A					GCF_050704235.1-RS_2025_06_04	Complete Genome	2025-06-04		11	
ASM5070491v1	GCF_050704915.1	GCA_050704915.1	Escherichia coli O111:H8	991910		7-15 45A					GCF_050704915.1-RS_2025_06_04	Complete Genome	2025-06-04		8	
ASM311214v1	GCF_003112145.1	GCA_003112145.1	Escherichia coli O121 str. RM8352	1055543		RM8352					GCF_003112145.1-RS_2025_06_24	Complete Genome	2018-05-10		2	
ASM2516v1	GCF_000025165.1	GCA_000025165.1	Escherichia coli O55:H7 str. CB9615	701177		CB9615					GCF_000025165.1-RS_2025_03_23	Complete Genome	2010-03-08		2	
ASM26212v1	GCF_000262125.1	GCA_000262125.1	Escherichia coli Xuzhou21	741093		Xuzhou21					GCF_000262125.1-RS_2025_03_20	Complete Genome	2012-05-09		3	
EcRM9872	GCF_003586065.1	GCA_003586065.1	Escherichia coli O145 str. RM9872	1055544		RM9872					GCF_003586065.1-RS_2025_06_24	Complete Genome	2018-05-30		2	
ASM1462324v1	GCF_014623245.1	GCA_014623245.1	Escherichia coli O145	1055538		RM9467-C1					GCF_014623245.1-RS_2025_07_04	Complete Genome	2020-09-16		2	
ASM1462342v1	GCF_014623425.1	GCA_014623425.1	Escherichia coli O145	1055538		RM9873-C1					GCF_014623425.1-RS_2025_07_04	Complete Genome	2020-09-16		2	
STEC28	GCF_036923505.1	GCA_036923505.1	Escherichia coli PA11	1051349		PA11					GCF_036923505.1-RS_2025_04_28	Complete Genome	2024-04-05		2	
ASM4956975v1	GCF_049569755.1	GCA_049569755.1	Escherichia coli O111:H8	991910		SF26 102-1					GCF_049569755.1-RS_2025_04_15	Complete Genome	2025-04-15		5	
ASM61890v3	GCF_000618905.3	GCA_000618905.3	Escherichia coli O39:NM str. F8704-2	1446739		F8704-2					GCF_000618905.3-RS_2024_12_18	Complete Genome	2020-04-16		4	
ASM1076v1	GCF_000010765.1	GCA_000010765.1	Escherichia coli O111:H- str. 11128	585396		11128					GCF_000010765.1-RS_2025_04_29	Complete Genome	2009-10-08		6	
ASM5070385v1	GCF_050703855.1	GCA_050703855.1	Escherichia coli O111:H8	991910		1056-1					GCF_050703855.1-RS_2025_06_04	Complete Genome	2025-06-04		2	
ASM5070361v1	GCF_050703615.1	GCA_050703615.1	Escherichia coli O111:H8	991910		1074-2					GCF_050703615.1-RS_2025_06_04	Complete Genome	2025-06-04		2	
ASM5070582v1	GCF_050705825.1	GCA_050705825.1	Escherichia coli O111:H8	991910		05-3004					GCF_050705825.1-RS_2025_06_04	Complete Genome	2025-06-04		3	
ASM4957023v1	GCF_049570235.1	GCA_049570235.1	Escherichia coli O111:H2	397453		12A					GCF_049570235.1-RS_2025_04_15	Complete Genome	2025-04-15		2	
ASM5070362v1	GCF_050703625.1	GCA_050703625.1	Escherichia coli O111:H8	991910		08-4455					GCF_050703625.1-RS_2025_06_04	Complete Genome	2025-06-04		5	
ASM5070363v1	GCF_050703635.1	GCA_050703635.1	Escherichia coli O111:H8	991910		08-4347					GCF_050703635.1-RS_2025_06_04	Complete Genome	2025-06-04		6	
ASM4957020v1	GCF_049570205.1	GCA_049570205.1	Escherichia coli O111:H11	1163390		8D					GCF_049570205.1-RS_2025_04_15	Complete Genome	2025-04-15		4	
ASM5070364v1	GCF_050703645.1	GCA_050703645.1	Escherichia coli O111:H8	991910		02-3334					GCF_050703645.1-RS_2025_06_04	Complete Genome	2025-06-04		5	
ASM1460753v1	GCF_014607535.1	GCA_014607535.1	Escherichia coli O145	1055538		RM10425-C1					GCF_014607535.1-RS_2025_07_04	Complete Genome	2020-09-16		2	
ASM4957021v1	GCF_049570215.1	GCA_049570215.1	Escherichia coli O111:H8	991910		8B					GCF_049570215.1-RS_2025_04_15	Complete Genome	2025-04-15		4	
ASM343327v1	GCF_003433275.1	GCA_003433275.1	Escherichia coli NCCP15648	1200752		NCCP15648					GCF_003433275.1-RS_2025_06_24	Complete Genome	2017-08-02		4	
ASM2466207v1	GCF_024662075.1	GCA_024662075.1	Escherichia coli O15:H18	1446600		ST69					GCF_024662075.1-RS_2025_09_14	Complete Genome	2022-08-15		2	
ASM5070358v1	GCF_050703585.1	GCA_050703585.1	Escherichia coli O111:H8	991910		7-16 37A					GCF_050703585.1-RS_2025_06_04	Complete Genome	2025-06-04		7	
ASM22762v1	GCF_000227625.1	GCA_000227625.1	Escherichia coli O7:K1 str. CE10	1072459		CE10					GCF_000227625.1-RS_2025_06_09	Complete Genome	2011-10-06		5	
ASM4957019v1	GCF_049570195.1	GCA_049570195.1	Escherichia coli O111:H8	991910		8E					GCF_049570195.1-RS_2025_04_15	Complete Genome	2025-04-15		4	
ASM29947v1	GCF_000299475.1	GCA_000299475.1	Escherichia coli O104:H4 str. 2009EL-2071	1133853		2009EL-2071					GCF_000299475.1-RS_2025_05_23	Complete Genome	2012-09-27		3	
ASM4948941v1	GCF_049489415.1	GCA_049489415.1	Escherichia coli O111:H8	991910		SF4-1					GCF_049489415.1-RS_2025_04_12	Complete Genome	2025-04-15		5	
ASM3034707v1	GCF_030347075.1	GCA_030347075.1	Escherichia coli O2:K1:H5	3050627		APEC E19035					GCF_030347075.1-RS_2025_07_14	Complete Genome	2023-06-27		2	
ASM5070359v1	GCF_050703595.1	GCA_050703595.1	Escherichia coli O111:NM	373045		2010C-3053					GCF_050703595.1-RS_2025_06_04	Complete Genome	2025-06-04		5	
ASM1316801v1	GCF_013168015.1	GCA_013168015.1	Escherichia coli O55:H7	244320		DEC5A					GCF_013168015.1-RS_2025_01_25	Complete Genome	2020-05-26		4	
ASM4948946v1	GCF_049489465.1	GCA_049489465.1	Escherichia coli O111:H8	991910		8234					GCF_049489465.1-RS_2025_04_12	Complete Genome	2025-04-15		8	
ASM799065v1	GCF_007990655.1	GCA_007990655.1	Escherichia coli O111:H-	168927		110512					GCF_007990655.1-RS_2025_06_27	Complete Genome	2019-07-25		8	
ASM1316799v1	GCF_013167995.1	GCA_013167995.1	Escherichia coli O55:H7	244320		DEC5B					GCF_013167995.1-RS_2025_01_28	Complete Genome	2020-05-26		5	
ASM4957024v1	GCF_049570245.1	GCA_049570245.1	Escherichia coli O111:H8	991910		7-27 20A					GCF_049570245.1-RS_2025_04_15	Complete Genome	2025-04-15		4	
ASM5070369v1	GCF_050703695.1	GCA_050703695.1	Escherichia coli O111:H2	397453		08-3342					GCF_050703695.1-RS_2025_06_04	Complete Genome	2025-06-04		6	
ASM5070360v1	GCF_050703605.1	GCA_050703605.1	Escherichia coli O111:H8	991910		2009C-3675					GCF_050703605.1-RS_2025_06_04	Complete Genome	2025-06-04		7	
ASM5070492v1	GCF_050704925.1	GCA_050704925.1	Escherichia coli O111:NM	373045		08-4377					GCF_050704925.1-RS_2025_06_04	Complete Genome	2025-06-04		4	
ASM24551v1	GCF_000245515.1	GCA_000245515.1	Escherichia coli O55:H7 str. RM12579	1048689		RM12579					GCF_000245515.1-RS_2025_04_26	Complete Genome	2012-02-01		6	
ASM5538905v1	GCF_055389055.1	GCA_055389055.1	Escherichia coli O103:H2	376725		PV16-126					GCF_055389055.1-RS_2026_02_24	Complete Genome	2026-02-25		2	
ASM29925v1	GCF_000299255.1	GCA_000299255.1	Escherichia coli O104:H4 str. 2009EL-2050	1134782		2009EL-2050					GCF_000299255.1-RS_2025_05_23	Complete Genome	2012-09-25		4	
ASM16787v2	GCF_000167875.2	GCA_000167875.2	Escherichia coli E110019	340186		E110019					GCF_000167875.2-RS_2025_06_28	Complete Genome	2019-07-30		6	
ASM22000v2	GCF_000220005.1	GCA_000220005.2	Escherichia coli UMNF18	1050617		UMNF18					GCF_000220005.1-RS_2025_04_26	Complete Genome	2011-11-01	AGTD01	6	
ASM4187006v1	GCF_041870065.1	GCA_041870065.1	Escherichia coli O102:H6	3065859		M2021_10044824_1_E					GCF_041870065.1-RS_2024_09_10	Complete Genome	2024-09-10		3	
ASM1316725v1	GCF_013167255.1	GCA_013167255.1	Escherichia coli O55:H7	244320		TB182A					GCF_013167255.1-RS_2025_01_28	Complete Genome	2020-05-26		5	
ASM5070370v1	GCF_050703705.1	GCA_050703705.1	Escherichia coli O111:H8	991910		9662					GCF_050703705.1-RS_2025_06_04	Complete Genome	2025-06-04		3	
ASM2021744v1	GCF_020217445.1	GCA_020217445.1	Escherichia coli O78	2072463		3					GCF_020217445.1-RS_2025_01_24	Complete Genome	2021-10-03		2	
ASM4957022v1	GCF_049570225.1	GCA_049570225.1	Escherichia coli O111:H21	660582		15A					GCF_049570225.1-RS_2025_04_15	Complete Genome	2025-04-15		2	
ASM1462322v1	GCF_014623225.1	GCA_014623225.1	Escherichia coli O145	1055538		RM9154-C1					GCF_014623225.1-RS_2025_07_04	Complete Genome	2020-09-16		4	
ASM311224v1	GCF_003112245.1	GCA_003112245.1	Escherichia coli O111 str. RM9322	1055542		RM9322					GCF_003112245.1-RS_2025_06_23	Complete Genome	2018-05-10		3	
ASM1316797v1	GCF_013167975.1	GCA_013167975.1	Escherichia coli O55:H7	244320		DEC5D					GCF_013167975.1-RS_2025_01_28	Complete Genome	2020-05-26		3	
ASM21271v2	GCF_000212715.2	GCA_000212715.2	Escherichia coli UMNK88	696406		UMNK88					GCF_000212715.2-RS_2025_05_23	Complete Genome	2011-05-09		6	
ASM2594656v1	GCF_025946565.1	GCA_025946565.1	Escherichia coli O6:K2:H1	2990471		C 691-04A					GCF_025946565.1-RS_2025_06_11	Complete Genome	2022-11-01		2	
ASM3034715v1	GCF_030347155.1	GCA_030347155.1	Escherichia coli O1:K1:H7	3050629		APEC E16002					GCF_030347155.1-RS_2025_07_14	Complete Genome	2023-06-27		2	
ASM3034713v1	GCF_030347135.1	GCA_030347135.1	Escherichia coli O1:K1:H7	3050629		APEC E18006					GCF_030347135.1-RS_2025_07_14	Complete Genome	2023-06-27		2	
ASM3034701v1	GCF_030347015.1	GCA_030347015.1	Escherichia coli O78:H4	2854732		APEC E12049					GCF_030347015.1-RS_2025_07_14	Complete Genome	2023-06-27		3	
ASM1328231v1	GCF_013282315.1	GCA_013282315.1	Escherichia coli O10:H32	2603836		NMBU-W12E19					GCF_013282315.1-RS_2025_07_03	Complete Genome	2020-06-05		8	
ASM5538884v1	GCF_055388845.1	GCA_055388845.1	Escherichia coli O166:H15	2802033		JNE21-009					GCF_055388845.1-RS_2026_02_24	Complete Genome	2026-02-25		4	
ASM2139901v1	GCF_021399015.1	GCA_021399015.1	Escherichia coli O2:H1	2079157		HM670					GCF_021399015.1-RS_2025_05_30	Complete Genome	2022-01-10		1	
ASM3034711v1	GCF_030347115.1	GCA_030347115.1	Escherichia coli O2:K1:H7	3050628		APEC E18055					GCF_030347115.1-RS_2025_07_14	Complete Genome	2023-06-27		2	
ASM503780v2	GCF_005037805.1	GCA_005037805.2	Escherichia coli O111:NM	373045		FWSEC0005					GCF_005037805.1-RS_2025_06_27	Complete Genome	2019-05-03		1	
ASM14836v1	GCF_000148365.1	GCA_000148365.1	Escherichia coli ABU 83972	655817		ABU 83972					GCF_000148365.1-RS_2025_05_23	Complete Genome	2010-09-22		2	
ASM3034705v1	GCF_030347055.1	GCA_030347055.1	Escherichia coli O78:H51	3050630		APEC E18005					GCF_030347055.1-RS_2025_07_14	Complete Genome	2023-06-27		2	
ASM972856v1	GCF_009728565.1	GCA_009728565.1	Escherichia coli O22:H8	2491679		RM10809-3					GCF_009728565.1-RS_2025_06_30	Complete Genome	2019-12-03		2	
ASM2139848v1	GCF_021398485.1	GCA_021398485.1	Escherichia coli O25:H1	2874053		CU39ES-1					GCF_021398485.1-RS_2025_05_30	Complete Genome	2022-01-10		1	
ASM1757064v1	GCF_017570645.1	GCA_017570645.1	Escherichia coli O126:H45	2810407		MIN10					GCF_017570645.1-RS_2025_07_05	Complete Genome	2021-03-23		5	
ASM1477127v1	GCF_014771275.1	GCA_014771275.1	Escherichia coli O19:H7	2773707		730V1					GCF_014771275.1-RS_2025_02_25	Complete Genome	2020-09-28		4	
E.coli isolate	GCF_003586045.1	GCA_003586045.1	Escherichia coli M8	1392854		M8					GCF_003586045.1-RS_2025_06_24	Complete Genome	2017-03-06		4	
ASM2574v1	GCF_000025745.1	GCA_000025745.1	Escherichia coli IHE3034	714962		IHE3034					GCF_000025745.1-RS_2025_06_09	Complete Genome	2010-04-12		1	
ASM82710v1	GCF_000827105.1	GCA_000827105.1	Escherichia coli O157:H16	930406		Santai					GCF_000827105.1-RS_2025_06_15	Complete Genome	2015-01-21		1	
ASM1943133v1	GCF_019431335.1	GCA_019431335.1	Escherichia coli O139:H1	2861805		W13-16					GCF_019431335.1-RS_2025_09_18	Complete Genome	2021-08-01		3	
ASM3034721v1	GCF_030347215.1	GCA_030347215.1	Escherichia coli O78:H51	3050630		APEC E19025					GCF_030347215.1-RS_2025_07_14	Complete Genome	2023-06-27		3	
ASM677704v1	GCF_006777045.1	GCA_006777045.1	Escherichia coli O1:H42	2592065		CLSC36					GCF_006777045.1-RS_2025_05_23	Complete Genome	2019-07-09		2	
ASM159356v1	GCF_001593565.1	GCA_001593565.1	Escherichia coli JJ1887	1355101		JJ1887					GCF_001593565.1-RS_2025_06_09	Complete Genome	2016-03-17		6	
ASM5538923v1	GCF_055389235.1	GCA_055389235.1	Escherichia coli O166:H15	2802033		JNE21-003					GCF_055389235.1-RS_2026_02_24	Complete Genome	2026-02-25		5	
ASM202486v1	GCF_002024865.1	GCA_002024865.1	Escherichia coli NU14	569579		NU14					GCF_002024865.1-RS_2025_06_19	Complete Genome	2017-03-10		1	
ASM812400v1	GCF_008124005.1	GCA_008124005.1	Escherichia coli O80:H26	2605620		EC-107					GCF_008124005.1-RS_2025_06_27	Complete Genome	2019-08-29		5	
ASM274159v1	GCF_002741595.1	GCA_002741595.1	Escherichia coli O178:H19	2048778		2012C-4431					GCF_002741595.1-RS_2025_06_22	Complete Genome	2017-11-02		4	
ASM2459997v1	GCF_024599975.1	GCA_024599975.1	Escherichia coli O7:H15	2969654		ST70					GCF_024599975.1-RS_2025_09_11	Complete Genome	2022-08-09		2	
ASM311220v1	GCF_003112205.1	GCA_003112205.1	Escherichia coli O43 str. RM10042	1055541		RM10042					GCF_003112205.1-RS_2025_06_23	Complete Genome	2018-05-10		4	
ASM3235919v1	GCF_032359195.1	GCA_032359195.1	Escherichia coli O121	1055537		201805972					GCF_032359195.1-RS_2024_12_30	Complete Genome	2023-10-04		2	
ASM5538962v1	GCF_055389625.1	GCA_055389625.1	Escherichia coli O166:H15	2802033		JNE070796					GCF_055389625.1-RS_2026_02_24	Complete Genome	2026-02-25		4	
ASM812408v1	GCF_008124085.1	GCA_008124085.1	Escherichia coli O2:H6	1502658		PG20180057					GCF_008124085.1-RS_2025_06_27	Complete Genome	2019-08-29		2	
ASM23387v1	GCF_000233875.1	GCA_000233875.1	Escherichia coli str. 'clone D i2'	885276		clone D i2					GCF_000233875.1-RS_2025_05_17	Complete Genome	2011-11-03		1	
ASM23389v1	GCF_000233895.1	GCA_000233895.1	Escherichia coli str. 'clone D i14'	885275		clone D i14					GCF_000233895.1-RS_2025_05_21	Complete Genome	2011-11-03		1	
ASM1675645v1	GCF_016756455.1	GCA_016756455.1	Escherichia coli O25:H4	2067421		18044					GCF_016756455.1-RS_2025_05_30	Complete Genome	2020-12-21		6	
ASM2628v2	GCF_000026285.1	GCA_000026285.2	Escherichia coli S88	585035		S88					GCF_000026285.1-RS_2025_06_19	Complete Genome	2008-12-18		2	
ASM1943131v1	GCF_019431315.1	GCA_019431315.1	Escherichia coli O139:H1	2861805		P15-25					GCF_019431315.1-RS_2025_09_18	Complete Genome	2021-08-01		2	
ASM1477065v1	GCF_014770655.1	GCA_014770655.1	Escherichia coli O15:H12	2773704		2273-PO3					GCF_014770655.1-RS_2025_07_04	Complete Genome	2020-09-28		5	
ASM2139899v1	GCF_021398995.1	GCA_021398995.1	Escherichia coli O25:H4	2067421		CU568-3					GCF_021398995.1-RS_2025_05_30	Complete Genome	2022-01-10		1	
ASM3034699v2	GCF_030346995.2	GCA_030346995.2	Escherichia coli O78:H4	2854732		APEC E14033					GCF_030346995.2-RS_2025_09_13	Complete Genome	2023-08-29		5	
ASM477113v1	GCF_004771135.1	GCA_004771135.1	Escherichia coli O18:H1	2126982		CFSAN067215					GCF_004771135.1-RS_2025_06_27	Complete Genome	2019-04-11		4	
ASM2139895v1	GCF_021398955.1	GCA_021398955.1	Escherichia coli O16:H6	2874052		CU37RT-2					GCF_021398955.1-RS_2025_05_27	Complete Genome	2022-01-10		1	
APECO18	GCF_001021615.1	GCA_001021615.1	Escherichia coli APEC O18	1401688		APEC O18					GCF_001021615.1-RS_2025_06_14	Complete Genome	2015-06-08		1	
ASM96851v1	GCF_000968515.1	GCA_000968515.1	Escherichia coli VR50	941323		VR50					GCF_000968515.1-RS_2025_06_09	Complete Genome	2015-04-02		10	
ASM3034703v1	GCF_030347035.1	GCA_030347035.1	Escherichia coli O78:H4	2854732		APEC E123					GCF_030347035.1-RS_2025_07_14	Complete Genome	2023-06-27		3	
ASM14860v1	GCF_000148605.1	GCA_000148605.1	Escherichia coli UM146	869729		UM146					GCF_000148605.1-RS_2025_06_09	Complete Genome	2010-09-24		2	
ASM1557171v1	GCF_015571715.1	GCA_015571715.1	Escherichia coli O20:H12	2778656		Res13-Lact-PEB17-18					GCF_015571715.1-RS_2025_07_04	Complete Genome	2020-11-18		4	
ASM1757068v1	GCF_017570685.1	GCA_017570685.1	Escherichia coli H20	2810409		MIN6					GCF_017570685.1-RS_2025_07_05	Complete Genome	2021-03-23		9	
ASM21951v3	GCF_000219515.2	GCA_000219515.3	Escherichia coli PCN033	1001989		PCN033					GCF_000219515.2-RS_2025_05_21	Complete Genome	2015-06-08		4	
ASM2594654v1	GCF_025946545.1	GCA_025946545.1	Escherichia coli O125ac:K+:H10	2990470		C 236-04A					GCF_025946545.1-RS_2025_06_11	Complete Genome	2022-11-01		5	
EcoPMV1	GCF_000493595.2	GCA_000493595.1	Escherichia coli PMV-1	1382700		PMV-1					GCF_000493595.2-RS_2025_06_09	Complete Genome	2013-09-27	CBTO01	4	
ASM274145v1	GCF_002741455.1	GCA_002741455.1	Escherichia coli O128:H27	2048776		90-9281					GCF_002741455.1-RS_2025_06_22	Complete Genome	2017-11-02		2	
ASM1569721v1	GCF_015697215.1	GCA_015697215.1	Escherichia coli O150:H6	2763104		FEX669					GCF_015697215.1-RS_2025_07_04	Complete Genome	2020-11-30		2	
ASM503777v2	GCF_005037775.1	GCA_005037775.2	Escherichia coli O91:H21	577675		FWSEC0008					GCF_005037775.1-RS_2025_06_27	Complete Genome	2019-05-03		2	
ASM1898679v1	GCF_018986795.1	GCA_018986795.1	Escherichia coli O158:H23	2848144		CFIAFB20140388					GCF_018986795.1-RS_2025_03_09	Complete Genome	2021-06-22		5	
ASM274125v1	GCF_002741255.1	GCA_002741255.1	Escherichia coli O114:H49	2048775		90-9280					GCF_002741255.1-RS_2025_06_22	Complete Genome	2017-11-02		3	
ASM1943129v1	GCF_019431295.1	GCA_019431295.1	Escherichia coli O141:H4	2861806		P13-6					GCF_019431295.1-RS_2025_09_18	Complete Genome	2021-08-01		10	
ASM1557191v1	GCF_015571915.1	GCA_015571915.1	Escherichia coli O112ab:H8	2778653		Res13-Lact-EA06-22					GCF_015571915.1-RS_2025_07_04	Complete Genome	2020-11-18		6	
ASM5110625v1	GCF_051106255.1	GCA_051106255.1	Escherichia coli O2:H16	3385495		BA92					GCF_051106255.1-RS_2025_06_27	Complete Genome	2025-06-27		6	
ASM501405v1	GCF_005014055.1	GCA_005014055.1	Escherichia coli O113:H21	1078021		FWSEC0010					GCF_005014055.1-RS_2025_06_26	Complete Genome	2019-05-01		4	
ASM82998v1	GCF_000829985.1	GCA_000829985.1	Escherichia coli 1303	745156		1303					GCF_000829985.1-RS_2025_06_09	Complete Genome	2015-01-29		4	
ASM1808522v1	GCF_018085225.1	GCA_018085225.1	Escherichia coli O128ac:H12	2822132		AW1.7					GCF_018085225.1-RS_2025_07_05	Complete Genome	2021-04-19		7	
ASM274143v1	GCF_002741435.1	GCA_002741435.1	Escherichia coli O169:H41	1446701		2014EL-1345-2					GCF_002741435.1-RS_2025_06_22	Complete Genome	2017-11-02		5	
ASM1888444v1	GCF_018884445.1	GCA_018884445.1	Escherichia coli TW11681	913088		TW11681					GCF_018884445.1-RS_2025_07_22	Complete Genome	2021-06-15		5	
ASM274149v1	GCF_002741495.1	GCA_002741495.1	Escherichia coli O169:H41	1446701		F6326-C1					GCF_002741495.1-RS_2025_06_22	Complete Genome	2017-11-02		3	
ASM81316v1	GCF_000813165.1	GCA_000813165.1	Escherichia coli APEC IMT5155	1329907		APEC IMT5155					GCF_000813165.1-RS_2025_05_16	Complete Genome	2015-01-02		3	
ASM2594652v1	GCF_025946525.1	GCA_025946525.1	Escherichia coli O2:K2:H1	2990469		C 237-04					GCF_025946525.1-RS_2025_06_11	Complete Genome	2022-11-01		3	
ASM3034709v1	GCF_030347095.1	GCA_030347095.1	Escherichia coli O2:K1:H4	3050626		APEC E19019					GCF_030347095.1-RS_2025_07_14	Complete Genome	2023-06-27		3	
ASM3034717v1	GCF_030347175.1	GCA_030347175.1	Escherichia coli O2:K1:H4	3050626		APEC E12053					GCF_030347175.1-RS_2025_07_14	Complete Genome	2023-06-27		3	
ASM2139897v1	GCF_021398975.1	GCA_021398975.1	Escherichia coli O99:H6	2874051		CU42ET-1					GCF_021398975.1-RS_2025_05_30	Complete Genome	2022-01-10		1	
ASM271688v1	GCF_002716885.1	GCA_002716885.1	Escherichia coli O91 str. RM7190	1055545		RM7190					GCF_002716885.1-RS_2025_03_24	Complete Genome	2017-10-25		3	
ASM1757060v1	GCF_017570605.1	GCA_017570605.1	Escherichia coli O89m:H10	2810405		MIN12					GCF_017570605.1-RS_2025_07_05	Complete Genome	2021-03-23		9	
ASM161075v1	GCF_001610755.1	GCA_001610755.1	Escherichia coli str. Sanji	1441627		Sanji					GCF_001610755.1-RS_2025_06_16	Complete Genome	2016-04-05		7	
ASM274131v1	GCF_002741315.1	GCA_002741315.1	Escherichia coli O25:H16	2048780		F5505-C1					GCF_002741315.1-RS_2025_06_22	Complete Genome	2017-11-02		3	
ASM3034719v1	GCF_030347195.1	GCA_030347195.1	Escherichia coli O78:H4	2854732		APEC E19057					GCF_030347195.1-RS_2025_07_14	Complete Genome	2023-06-27		3	
ASM46495v2	GCF_000464955.2	GCA_000464955.2	Escherichia coli O104:H21 str. CFSAN002236	1335303		ATCC BAA-178					GCF_000464955.2-RS_2025_06_21	Complete Genome	2017-10-02		2	
ASM61800v3	GCF_000618005.3	GCA_000618005.3	Escherichia coli O157:H16 str. 98-3133	1446608		98-3133					GCF_000618005.3-RS_2024_12_18	Complete Genome	2020-04-16		1	
ASM274119v1	GCF_002741195.1	GCA_002741195.1	Escherichia coli O6:H16	1446746		2014EL-1346-6					GCF_002741195.1-RS_2025_06_20	Complete Genome	2017-11-02		6	
ASM1898681v1	GCF_018986815.1	GCA_018986815.1	Escherichia coli O170:H18	2848145		CFIAFB20120266					GCF_018986815.1-RS_2025_03_09	Complete Genome	2021-06-22		3	
ASM1557159v1	GCF_015571595.1	GCA_015571595.1	Escherichia coli O169:H41	1446701		Res13-Lact-PER13-34					GCF_015571595.1-RS_2025_05_18	Complete Genome	2020-11-18		2	
ASM2139846v1	GCF_021398465.1	GCA_021398465.1	Escherichia coli O4:H5	2491878		CU532-9					GCF_021398465.1-RS_2025_05_27	Complete Genome	2022-01-10		1	
EPEC-E2348_69-V2	GCF_900149915.1	GCA_900149915.1	Escherichia coli O127:H6	168807					EPEC E2348/69 variety 2		GCF_900149915.1-RS_2025_06_22	Complete Genome	2017-10-28		1	
ASM274117v1	GCF_002741175.1	GCA_002741175.1	Escherichia coli O25:NM	1446707		2014EL-1343-2					GCF_002741175.1-RS_2026_02_18	Complete Genome	2017-11-02		4	
ASM46851v1	GCF_000468515.1	GCA_000468515.1	Escherichia coli LY180	1335916		LY180					GCF_000468515.1-RS_2025_06_09	Complete Genome	2013-09-18		1	
ASM1557189v1	GCF_015571895.1	GCA_015571895.1	Escherichia coli O152:H23	2778654		Res13-Lact-ER01-35					GCF_015571895.1-RS_2025_07_04	Complete Genome	2020-11-18		3	
ASM2967470v1	GCF_029674705.1	GCA_029674705.1	Escherichia coli O155:H21	3038394		NWU_1					GCF_029674705.1-RS_2025_06_06	Complete Genome	2023-04-11		1	
ASM961801v1	GCF_009618015.1	GCA_009618015.1	Escherichia coli O8:H8	2027293		16F5M1D1					GCF_009618015.1-RS_2025_06_30	Complete Genome	2019-11-01		4	
ASM1898683v1	GCF_018986835.1	GCA_018986835.1	Escherichia coli O8:H28	2027295		BMH-17-0027					GCF_018986835.1-RS_2025_08_01	Complete Genome	2021-06-22		2	
ASM33275v1	GCF_000332755.1	GCA_000332755.1	Escherichia coli APEC O78	1274814		APEC O78					GCF_000332755.1-RS_2025_05_17	Complete Genome	2013-01-23		1	
ASM1477089v1	GCF_014770895.1	GCA_014770895.1	Escherichia coli O18ac:H14	2773705		873.10					GCF_014770895.1-RS_2025_02_24	Complete Genome	2020-09-28		4	
ASM1477105v1	GCF_014771055.1	GCA_014771055.1	Escherichia coli O68:H12	2773706		97.3					GCF_014771055.1-RS_2025_07_04	Complete Genome	2020-09-28		6	
ASM1557185v1	GCF_015571855.1	GCA_015571855.1	Escherichia coli O157:H16	930406		Res13-Lact-PEA12-26					GCF_015571855.1-RS_2025_07_04	Complete Genome	2020-11-18		7	
EPEC1	GCF_900149875.1	GCA_900149875.1	Escherichia coli O127:H6	168807					EPEC1		GCF_900149875.1-RS_2025_06_21	Complete Genome	2017-10-28		1	
ASM2255892v1	GCF_022558925.1	GCA_022558925.1	Escherichia coli O157:H7 str. EC10	996639		EC10					GCF_022558925.1-RS_2025_06_02	Complete Genome	2022-03-14		4	
ASM226932v1	GCF_002269325.1	GCA_002269325.1	Escherichia coli O6:H16	1446746		2011EL-1370-2					GCF_002269325.1-RS_2025_06_19	Complete Genome	2017-08-24		3	
ASM2985439v1	GCF_029854395.1	GCA_029854395.1	Escherichia coli O155	3041057		NWU_3					GCF_029854395.1-RS_2025_06_09	Complete Genome	2023-04-23		1	
ASM1757058v1	GCF_017570585.1	GCA_017570585.1	Escherichia coli O7:H4	2810404		MIN14					GCF_017570585.1-RS_2025_07_05	Complete Genome	2021-03-23		11	
ASM274157v1	GCF_002741575.1	GCA_002741575.1	Escherichia coli O6:H16	1446746		M9682-C1					GCF_002741575.1-RS_2025_06_22	Complete Genome	2017-11-02		3	
ASM1680393v1	GCF_016803935.1	GCA_016803935.1	Escherichia coli O84:H7	2697517		Trh52					GCF_016803935.1-RS_2025_07_06	Complete Genome	2021-02-03		2	
ASM1757062v1	GCF_017570625.1	GCA_017570625.1	Escherichia coli O89m:H9	2810406		MIN11					GCF_017570625.1-RS_2025_07_05	Complete Genome	2021-03-23		11	
ASM1557173v1	GCF_015571735.1	GCA_015571735.1	Escherichia coli O39:H21	2491692		Res13-Lact-PEB08-01					GCF_015571735.1-RS_2025_07_05	Complete Genome	2020-11-18		3	
ASM72530v1	GCF_000725305.1	GCA_000725305.1	Escherichia coli KLY	1435461		KLY					GCF_000725305.1-RS_2025_06_09	Complete Genome	2014-07-14		1	
ASM274147v1	GCF_002741475.1	GCA_002741475.1	Escherichia coli O27:H7	2048781		B4103-1					GCF_002741475.1-RS_2025_06_22	Complete Genome	2017-11-02		4	
ASM2626v1	GCF_000026265.1	GCA_000026265.1	Escherichia coli IAI1	585034		IAI1					GCF_000026265.1-RS_2025_06_09	Complete Genome	2008-12-18		1	
ASM812440v1	GCF_008124405.1	GCA_008124405.1	Escherichia coli O16:H48	2605619		CV601gfp					GCF_008124405.1-RS_2025_06_27	Complete Genome	2019-08-29		1	
ASM812428v1	GCF_008124285.1	GCA_008124285.1	Escherichia coli O16:H48	2605619		PG20180060					GCF_008124285.1-RS_2025_06_27	Complete Genome	2019-08-29		2	
ASM812420v1	GCF_008124205.1	GCA_008124205.1	Escherichia coli O16:H48	2605619		PG20180063					GCF_008124205.1-RS_2025_06_27	Complete Genome	2019-08-29		2	
ASM812412v1	GCF_008124125.1	GCA_008124125.1	Escherichia coli O16:H48	2605619		PG20180172					GCF_008124125.1-RS_2025_06_28	Complete Genome	2019-08-29		2	
ASM812418v1	GCF_008124185.1	GCA_008124185.1	Escherichia coli O16:H48	2605619		PG20180173					GCF_008124185.1-RS_2025_06_27	Complete Genome	2019-08-29		2	
ASM812432v1	GCF_008124325.1	GCA_008124325.1	Escherichia coli O16:H48	2605619		PG20180058					GCF_008124325.1-RS_2025_06_28	Complete Genome	2019-08-29		2	
ASM812414v1	GCF_008124145.1	GCA_008124145.1	Escherichia coli O16:H48	2605619		PG20180170					GCF_008124145.1-RS_2025_06_27	Complete Genome	2019-08-29		2	
ASM812422v1	GCF_008124225.1	GCA_008124225.1	Escherichia coli O16:H48	2605619		PG20180062					GCF_008124225.1-RS_2025_06_28	Complete Genome	2019-08-29		2	
ASM812416v1	GCF_008124165.1	GCA_008124165.1	Escherichia coli O16:H48	2605619		PG20180175					GCF_008124165.1-RS_2025_06_27	Complete Genome	2019-08-29		2	
ASM812426v1	GCF_008124265.1	GCA_008124265.1	Escherichia coli O16:H48	2605619		PG20180059					GCF_008124265.1-RS_2025_06_27	Complete Genome	2019-08-29		2	
ASM1557179v1	GCF_015571795.1	GCA_015571795.1	Escherichia coli O100:H21	2778652		Res13-Lact-ER07-18					GCF_015571795.1-RS_2025_07_05	Complete Genome	2020-11-18		6	
ASM1557169v1	GCF_015571695.1	GCA_015571695.1	Escherichia coli O9:H10	2778657		Res13-Lact-PEB20-37-A					GCF_015571695.1-RS_2025_07_05	Complete Genome	2020-11-18		2	
ASM1557167v1	GCF_015571675.1	GCA_015571675.1	Escherichia coli O9:H10	2778657		Res13-Lact-PEB21-38-A					GCF_015571675.1-RS_2025_07_05	Complete Genome	2020-11-18		2	
ASM812436v1	GCF_008124365.1	GCA_008124365.1	Escherichia coli O16:H48	2605619		PG20180052					GCF_008124365.1-RS_2025_06_27	Complete Genome	2019-08-29		2	
ASM812430v1	GCF_008124305.1	GCA_008124305.1	Escherichia coli O16:H48	2605619		PG20180054					GCF_008124305.1-RS_2025_06_27	Complete Genome	2019-08-29		2	
ASM812434v1	GCF_008124345.1	GCA_008124345.1	Escherichia coli O16:H48	2605619		PG20180053					GCF_008124345.1-RS_2025_06_28	Complete Genome	2019-08-29		2	
ASM812438v1	GCF_008124385.1	GCA_008124385.1	Escherichia coli O16:H48	2605619		PG20180050					GCF_008124385.1-RS_2025_06_28	Complete Genome	2019-08-29		2	
ASM102912v1	GCF_001029125.1	GCA_001029125.1	Escherichia coli PCN061	1358422		PCN061					GCF_001029125.1-RS_2025_05_22	Complete Genome	2015-06-17		7	
ASM812424v1	GCF_008124245.1	GCA_008124245.1	Escherichia coli O16:H48	2605619		PG20180061					GCF_008124245.1-RS_2025_06_27	Complete Genome	2019-08-29		2	
ASM812410v1	GCF_008124105.1	GCA_008124105.1	Escherichia coli O16:H48	2605619		PG20180171					GCF_008124105.1-RS_2025_06_27	Complete Genome	2019-08-29		2	
ASM1757066v1	GCF_017570665.1	GCA_017570665.1	Escherichia coli O176:H45	2810408		MIN9					GCF_017570665.1-RS_2025_02_02	Complete Genome	2021-03-23		10	
ASM2234v1	GCF_000022345.1	GCA_000022345.1	Escherichia coli BW2952	595496		K-12 substr. BW2952					GCF_000022345.1-RS_2025_06_09	Complete Genome	2009-06-04		1	
ASM2366v1	GCF_000023665.1	GCA_000023665.1	Escherichia coli 'BL21-Gold(DE3)pLysS AG'	866768		BL21-Gold(DE3)pLysS AG					GCF_000023665.1-RS_2025_06_14	Complete Genome	2009-07-09		1	
ASM80021v1	GCF_000800215.1	GCA_000800215.1	Escherichia coli ER2796	1245474		K-12 ER2796					GCF_000800215.1-RS_2025_05_17	Complete Genome	2014-12-09		1	
ASM3340051v1	GCF_033400515.1	GCA_033400515.1	Escherichia coli	562					FELIX_MS724		GCF_033400515.1-RS_2025_01_23	Complete Genome	2023-11-07		4	
ASM4108085v1	GCF_041080855.1	GCA_041080855.1	Escherichia coli	562					FELIX_MS516		GCF_041080855.1-RS_2024_08_08	Complete Genome	2024-08-08		2	
ASM3775953v1	GCF_037759535.1	GCA_037759535.1	Escherichia coli	562					FELIX_MS75		GCF_037759535.1-RS_2025_04_27	Complete Genome	2024-04-05		1	
ASM3775235v1	GCF_037752355.1	GCA_037752355.1	Escherichia coli	562					FELIX_MS510		GCF_037752355.1-RS_2025_04_27	Complete Genome	2024-04-05		1	
ASM3775083v1	GCF_037750835.1	GCA_037750835.1	Escherichia coli	562					FELIX_MS508		GCF_037750835.1-RS_2025_04_27	Complete Genome	2024-04-05		1	
ASM3776044v1	GCF_037760445.1	GCA_037760445.1	Escherichia coli	562					FELIX_MS78		GCF_037760445.1-RS_2025_04_27	Complete Genome	2024-04-05		1	
ASM3775688v1	GCF_037756885.1	GCA_037756885.1	Escherichia coli	562					FELIX_MS59		GCF_037756885.1-RS_2025_04_27	Complete Genome	2024-04-05		1	
ASM3340223v1	GCF_033402235.1	GCA_033402235.1	Escherichia coli	562					FELIX_MS772		GCF_033402235.1-RS_2025_01_23	Complete Genome	2023-11-07		1	
ASM3340143v1	GCF_033401435.1	GCA_033401435.1	Escherichia coli	562					FELIX_MS771		GCF_033401435.1-RS_2025_04_16	Complete Genome	2023-11-07		2	
ASM3992688v1	GCF_039926885.1	GCA_039926885.1	Escherichia coli	562					FELIX_MS490		GCF_039926885.1-RS_2025_06_08	Complete Genome	2024-05-31		2	
MG1655_laclq-mcherry-km-nal	GCF_045348315.1	GCA_045348315.1	Escherichia coli	562					MG1655::laclq-mcherry-km-nal		GCF_045348315.1-RS_2024_11_27	Complete Genome	2024-11-27		1	
ASM4534386v1	GCF_045343865.1	GCA_045343865.1	Escherichia coli	562					RiboJ-M2-day21		GCF_045343865.1-RS_2024_11_27	Complete Genome	2024-11-27		2	
ASM3339567v1	GCF_033395675.1	GCA_033395675.1	Escherichia coli	562					FELIX_MS533		GCF_033395675.1-RS_2025_01_23	Complete Genome	2023-11-07		4	
