GCF_004358365.1;protein_0,GCF_048568965.1;protein_3043,GCF_000005845.2;protein_1526,GCF_053078305.1;protein_2869,GCF_048571455.1;protein_2958,,,,,,,,
GCF_004358365.1;protein_1,GCF_048568965.1;protein_3042,GCF_000005845.2;protein_1525,GCF_053078305.1;protein_2870,GCF_048571455.1;protein_2957,,,,,,,,
GCF_004358365.1;protein_10,GCF_048568965.1;protein_3033,GCF_000005845.2;protein_1518,GCF_053078305.1;protein_2879,GCF_048571455.1;protein_2948,,,,,,,,
GCF_004358365.1;protein_100,GCF_048568965.1;protein_2944,GCF_000005845.2;protein_1440,GCF_053078305.1;protein_2970,GCF_048571455.1;protein_2859,,,,,,,,
GCF_004358365.1;protein_1000,GCF_048568965.1;protein_3952,,,GCF_048571455.1;protein_1986,,,,,,,,
GCF_053078305.1;protein_3625,GCF_004358365.1;protein_1005,,GCF_048568965.1;protein_3958,GCF_004358365.1;protein_1069,,,,,,,,
GCF_004358365.1;protein_1006,,,,GCF_048571455.1;protein_1979,,,,,,,,
GCF_004358365.1;protein_1008,,,,GCF_048571455.1;protein_1977,,,,,,,,
GCF_004358365.1;protein_1009,,,,GCF_048571455.1;protein_1976,,,,,,,,
GCF_004358365.1;protein_101,GCF_048568965.1;protein_2943,GCF_000005845.2;protein_1439,GCF_053078305.1;protein_2971,GCF_048571455.1;protein_2858,,,,,,,,
GCF_004358365.1;protein_1010,GCF_048568965.1;protein_1954,,,GCF_048571455.1;protein_1975,,,,,,,,
,GCF_004358365.1;protein_5231,GCF_004358365.1;protein_5561,GCF_048568965.1;protein_3059,GCF_004358365.1;protein_1019,,,,,,,,
GCF_004358365.1;protein_102,GCF_048568965.1;protein_2942,GCF_000005845.2;protein_1438,GCF_053078305.1;protein_2972,GCF_048571455.1;protein_2857,,,,,,,,
GCF_004358365.1;protein_5559,,GCF_004358365.1;protein_5229,GCF_004358365.1;protein_1021,GCF_048568965.1;protein_3061,,,,,,,,
GCF_004358365.1;protein_103,GCF_048568965.1;protein_2941,GCF_000005845.2;protein_1437,GCF_053078305.1;protein_2973,GCF_048571455.1;protein_2856,,,,,,,,
,GCF_048568965.1;protein_2839,GCF_053078305.1;protein_1862,GCF_004358365.1;protein_5543,GCF_004358365.1;protein_1037,,,,,,,,
,GCF_004358365.1;protein_687,GCF_048568965.1;protein_2837,GCF_004358365.1;protein_1039,,,,,,,,,
GCF_004358365.1;protein_104,GCF_048568965.1;protein_2940,GCF_000005845.2;protein_1436,GCF_053078305.1;protein_2974,GCF_048571455.1;protein_2855,,,,,,,,
GCF_048568965.1;protein_2833,GCF_048568965.1;protein_3268,,GCF_048571455.1;protein_1943,GCF_004358365.1;protein_1042,,,,,,,,
GCF_004358365.1;protein_1045,,,,GCF_048571455.1;protein_1940,,,,,,,,
GCF_004358365.1;protein_1046,,,,GCF_048571455.1;protein_1939,,,,,,,,
GCF_004358365.1;protein_105,GCF_048568965.1;protein_2939,GCF_000005845.2;protein_1435,GCF_053078305.1;protein_2975,GCF_048571455.1;protein_2854,,,,,,,,
GCF_004358365.1;protein_1051,,,,GCF_048571455.1;protein_1934,,,,,,,,
GCF_004358365.1;protein_1052,,,,GCF_048571455.1;protein_1933,,,,,,,,
,GCF_004358365.1;protein_1053,GCF_048568965.1;protein_2754,GCF_048571455.1;protein_3083,,,,,,,,,
,GCF_004358365.1;protein_5196,GCF_048568965.1;protein_2360,GCF_004358365.1;protein_1055,,,,,,,,,
GCF_004358365.1;protein_1056,,,,GCF_048571455.1;protein_1929,,,,,,,,
GCF_004358365.1;protein_1057,,,,GCF_048571455.1;protein_1928,,,,,,,,
GCF_004358365.1;protein_1059,,,,GCF_048571455.1;protein_1926,,,,,,,,
GCF_004358365.1;protein_106,GCF_048568965.1;protein_2938,GCF_000005845.2;protein_1434,GCF_053078305.1;protein_2976,GCF_048571455.1;protein_2853,,,,,,,,
GCF_004358365.1;protein_1060,,,,GCF_048571455.1;protein_1925,,,,,,,,
GCF_004358365.1;protein_1061,,,,GCF_048571455.1;protein_1924,,,,,,,,
GCF_004358365.1;protein_1062,,,,GCF_048571455.1;protein_1923,,,,,,,,
,GCF_048568965.1;protein_2812,GCF_004358365.1;protein_1064,GCF_004358365.1;protein_5514,,,,,,,,,
,GCF_048568965.1;protein_2811,GCF_004358365.1;protein_1065,GCF_004358365.1;protein_5513,,,,,,,,,
GCF_004358365.1;protein_1066,,,,GCF_048571455.1;protein_1919,,,,,,,,
GCF_004358365.1;protein_1067,,,,GCF_048571455.1;protein_1918,,,,,,,,
GCF_004358365.1;protein_107,GCF_048568965.1;protein_2937,GCF_000005845.2;protein_1433,GCF_053078305.1;protein_2977,GCF_048571455.1;protein_2852,,,,,,,,
GCF_004358365.1;protein_1070,GCF_048568965.1;protein_3959,,GCF_053078305.1;protein_3626,GCF_048571455.1;protein_1915,,,,,,,,
GCF_004358365.1;protein_1071,GCF_048568965.1;protein_3960,GCF_000005845.2;protein_946,GCF_053078305.1;protein_3627,GCF_048571455.1;protein_1914,,,,,,,,
GCF_004358365.1;protein_1072,GCF_048568965.1;protein_3961,GCF_000005845.2;protein_945,GCF_053078305.1;protein_3628,GCF_048571455.1;protein_1913,,,,,,,,
GCF_004358365.1;protein_1073,GCF_048568965.1;protein_3962,GCF_000005845.2;protein_944,GCF_053078305.1;protein_3629,GCF_048571455.1;protein_1912,,,,,,,,
GCF_004358365.1;protein_1074,GCF_048568965.1;protein_3963,GCF_000005845.2;protein_943,GCF_053078305.1;protein_3630,GCF_048571455.1;protein_1911,,,,,,,,
GCF_004358365.1;protein_1075,GCF_048568965.1;protein_3964,GCF_000005845.2;protein_942,GCF_053078305.1;protein_3631,GCF_048571455.1;protein_1910,,,,,,,,
GCF_004358365.1;protein_1076,GCF_048568965.1;protein_3965,GCF_000005845.2;protein_941,GCF_053078305.1;protein_3632,GCF_048571455.1;protein_1909,,,,,,,,
GCF_004358365.1;protein_1077,GCF_048568965.1;protein_3966,GCF_000005845.2;protein_940,GCF_053078305.1;protein_3633,GCF_048571455.1;protein_1908,,,,,,,,
GCF_004358365.1;protein_1078,GCF_048568965.1;protein_3967,GCF_000005845.2;protein_939,GCF_053078305.1;protein_3634,GCF_048571455.1;protein_1907,,,,,,,,
GCF_004358365.1;protein_1079,GCF_048568965.1;protein_3968,GCF_000005845.2;protein_938,GCF_053078305.1;protein_3635,GCF_048571455.1;protein_1906,,,,,,,,
GCF_004358365.1;protein_108,GCF_048568965.1;protein_2936,GCF_000005845.2;protein_1432,GCF_053078305.1;protein_2978,GCF_048571455.1;protein_2851,,,,,,,,
GCF_004358365.1;protein_1080,GCF_048568965.1;protein_3969,GCF_000005845.2;protein_937,GCF_053078305.1;protein_3636,GCF_048571455.1;protein_1905,,,,,,,,
GCF_004358365.1;protein_1081,GCF_048568965.1;protein_3970,GCF_000005845.2;protein_936,GCF_053078305.1;protein_3637,GCF_048571455.1;protein_1904,,,,,,,,
GCF_004358365.1;protein_1082,GCF_048568965.1;protein_3971,GCF_000005845.2;protein_935,GCF_053078305.1;protein_3638,GCF_048571455.1;protein_1903,,,,,,,,
GCF_004358365.1;protein_1083,GCF_048568965.1;protein_3972,GCF_000005845.2;protein_934,GCF_053078305.1;protein_3639,GCF_048571455.1;protein_1902,,,,,,,,
GCF_004358365.1;protein_1084,GCF_048568965.1;protein_3973,GCF_000005845.2;protein_933,GCF_053078305.1;protein_3640,GCF_048571455.1;protein_1901,,,,,,,,
GCF_004358365.1;protein_1085,GCF_048568965.1;protein_3974,GCF_000005845.2;protein_932,GCF_053078305.1;protein_3641,GCF_048571455.1;protein_1900,,,,,,,,
GCF_004358365.1;protein_1086,GCF_048568965.1;protein_3975,GCF_000005845.2;protein_931,GCF_053078305.1;protein_3642,GCF_048571455.1;protein_1899,,,,,,,,
GCF_004358365.1;protein_1087,GCF_048568965.1;protein_3976,GCF_000005845.2;protein_930,GCF_053078305.1;protein_3643,GCF_048571455.1;protein_1898,,,,,,,,
GCF_004358365.1;protein_1088,GCF_048568965.1;protein_3977,GCF_000005845.2;protein_929,GCF_053078305.1;protein_3644,GCF_048571455.1;protein_1897,,,,,,,,
GCF_004358365.1;protein_1089,GCF_048568965.1;protein_3978,GCF_000005845.2;protein_928,GCF_053078305.1;protein_3645,GCF_048571455.1;protein_1896,,,,,,,,
GCF_004358365.1;protein_109,GCF_048568965.1;protein_2935,,,GCF_048571455.1;protein_2850,,,,,,,,
GCF_004358365.1;protein_1090,GCF_048568965.1;protein_3979,GCF_000005845.2;protein_927,GCF_053078305.1;protein_3646,GCF_048571455.1;protein_1895,,,,,,,,
GCF_004358365.1;protein_1091,GCF_048568965.1;protein_3980,GCF_000005845.2;protein_926,GCF_053078305.1;protein_3647,GCF_048571455.1;protein_1894,,,,,,,,
GCF_004358365.1;protein_1092,GCF_048568965.1;protein_3981,GCF_000005845.2;protein_925,GCF_053078305.1;protein_3648,GCF_048571455.1;protein_1893,,,,,,,,
GCF_004358365.1;protein_1093,GCF_048568965.1;protein_3982,GCF_000005845.2;protein_924,GCF_053078305.1;protein_3649,GCF_048571455.1;protein_1892,,,,,,,,
GCF_004358365.1;protein_1094,GCF_048568965.1;protein_3983,GCF_000005845.2;protein_923,GCF_053078305.1;protein_3650,GCF_048571455.1;protein_1891,,,,,,,,
GCF_004358365.1;protein_1095,GCF_048568965.1;protein_3984,GCF_000005845.2;protein_922,GCF_053078305.1;protein_3651,GCF_048571455.1;protein_1890,,,,,,,,
GCF_004358365.1;protein_1096,GCF_048568965.1;protein_3985,GCF_000005845.2;protein_921,GCF_053078305.1;protein_3652,GCF_048571455.1;protein_1889,,,,,,,,
GCF_004358365.1;protein_1097,GCF_048568965.1;protein_3986,GCF_000005845.2;protein_920,GCF_053078305.1;protein_3653,GCF_048571455.1;protein_1888,,,,,,,,
GCF_004358365.1;protein_1098,GCF_048568965.1;protein_3987,GCF_000005845.2;protein_919,GCF_053078305.1;protein_3654,GCF_048571455.1;protein_1887,,,,,,,,
GCF_004358365.1;protein_1099,GCF_048568965.1;protein_3988,GCF_000005845.2;protein_918,GCF_053078305.1;protein_3655,GCF_048571455.1;protein_1886,,,,,,,,
GCF_004358365.1;protein_11,GCF_048568965.1;protein_3032,GCF_000005845.2;protein_1517,GCF_053078305.1;protein_2880,GCF_048571455.1;protein_2947,,,,,,,,
GCF_004358365.1;protein_110,GCF_048568965.1;protein_2934,GCF_000005845.2;protein_1431,GCF_053078305.1;protein_2979,GCF_048571455.1;protein_2849,,,,,,,,
GCF_004358365.1;protein_1100,GCF_048568965.1;protein_3989,GCF_000005845.2;protein_917,GCF_053078305.1;protein_3656,GCF_048571455.1;protein_1885,,,,,,,,
GCF_004358365.1;protein_1101,GCF_048568965.1;protein_3990,GCF_000005845.2;protein_916,GCF_053078305.1;protein_3657,GCF_048571455.1;protein_1884,,,,,,,,
GCF_004358365.1;protein_1102,GCF_048568965.1;protein_3991,GCF_000005845.2;protein_915,GCF_053078305.1;protein_3658,GCF_048571455.1;protein_1883,,,,,,,,
GCF_004358365.1;protein_1103,GCF_048568965.1;protein_3992,GCF_000005845.2;protein_914,GCF_053078305.1;protein_3659,GCF_048571455.1;protein_1882,,,,,,,,
GCF_004358365.1;protein_1104,GCF_048568965.1;protein_3993,GCF_000005845.2;protein_913,GCF_053078305.1;protein_3660,GCF_048571455.1;protein_1881,,,,,,,,
GCF_004358365.1;protein_1105,GCF_048568965.1;protein_3994,GCF_000005845.2;protein_912,GCF_053078305.1;protein_3661,GCF_048571455.1;protein_1880,,,,,,,,
GCF_004358365.1;protein_1106,GCF_048568965.1;protein_3995,GCF_000005845.2;protein_911,GCF_053078305.1;protein_3662,GCF_048571455.1;protein_1879,,,,,,,,
GCF_004358365.1;protein_1107,GCF_048568965.1;protein_3996,GCF_000005845.2;protein_910,GCF_053078305.1;protein_3663,GCF_048571455.1;protein_1878,,,,,,,,
GCF_004358365.1;protein_1108,GCF_048568965.1;protein_3997,GCF_000005845.2;protein_909,GCF_053078305.1;protein_3664,GCF_048571455.1;protein_1877,,,,,,,,
GCF_004358365.1;protein_1109,GCF_048568965.1;protein_3998,GCF_000005845.2;protein_908,GCF_053078305.1;protein_3665,GCF_048571455.1;protein_1876,,,,,,,,
GCF_004358365.1;protein_111,GCF_048568965.1;protein_2933,GCF_000005845.2;protein_1430,GCF_053078305.1;protein_2980,GCF_048571455.1;protein_2848,,,,,,,,
GCF_004358365.1;protein_1110,GCF_048568965.1;protein_3999,GCF_000005845.2;protein_907,GCF_053078305.1;protein_3666,GCF_048571455.1;protein_1875,,,,,,,,
GCF_004358365.1;protein_1111,GCF_048568965.1;protein_4000,GCF_000005845.2;protein_906,GCF_053078305.1;protein_3667,GCF_048571455.1;protein_1874,,,,,,,,
GCF_004358365.1;protein_1112,GCF_048568965.1;protein_4001,GCF_000005845.2;protein_905,GCF_053078305.1;protein_3668,GCF_048571455.1;protein_1873,,,,,,,,
GCF_004358365.1;protein_1113,GCF_048568965.1;protein_4002,GCF_000005845.2;protein_904,GCF_053078305.1;protein_3669,GCF_048571455.1;protein_1872,,,,,,,,
GCF_004358365.1;protein_1115,GCF_048568965.1;protein_4004,GCF_000005845.2;protein_903,GCF_053078305.1;protein_3670,GCF_048571455.1;protein_1870,,,,,,,,
GCF_004358365.1;protein_1116,GCF_048568965.1;protein_4005,GCF_000005845.2;protein_902,GCF_053078305.1;protein_3671,GCF_048571455.1;protein_1869,,,,,,,,
GCF_004358365.1;protein_1117,GCF_048568965.1;protein_4006,GCF_000005845.2;protein_901,GCF_053078305.1;protein_3672,GCF_048571455.1;protein_1868,,,,,,,,
GCF_004358365.1;protein_1118,GCF_048568965.1;protein_4007,GCF_000005845.2;protein_900,GCF_053078305.1;protein_3673,GCF_048571455.1;protein_1867,,,,,,,,
GCF_004358365.1;protein_1119,GCF_048568965.1;protein_4008,GCF_000005845.2;protein_899,GCF_053078305.1;protein_3674,GCF_048571455.1;protein_1866,,,,,,,,
GCF_004358365.1;protein_112,GCF_048568965.1;protein_2932,GCF_000005845.2;protein_1429,GCF_053078305.1;protein_2981,GCF_048571455.1;protein_2847,,,,,,,,
GCF_004358365.1;protein_1120,GCF_048568965.1;protein_4009,GCF_000005845.2;protein_898,GCF_053078305.1;protein_3675,GCF_048571455.1;protein_1865,,,,,,,,
GCF_004358365.1;protein_1121,GCF_048568965.1;protein_4010,GCF_000005845.2;protein_897,GCF_053078305.1;protein_3676,GCF_048571455.1;protein_1864,,,,,,,,
GCF_004358365.1;protein_1122,GCF_048568965.1;protein_4011,GCF_000005845.2;protein_896,GCF_053078305.1;protein_3677,GCF_048571455.1;protein_1863,,,,,,,,
GCF_004358365.1;protein_1123,GCF_048568965.1;protein_4012,GCF_000005845.2;protein_895,GCF_053078305.1;protein_3678,GCF_048571455.1;protein_1862,,,,,,,,
GCF_004358365.1;protein_1124,GCF_048568965.1;protein_4013,GCF_000005845.2;protein_894,GCF_053078305.1;protein_3679,GCF_048571455.1;protein_1861,,,,,,,,
GCF_004358365.1;protein_1125,GCF_048568965.1;protein_4014,GCF_000005845.2;protein_893,GCF_053078305.1;protein_3680,GCF_048571455.1;protein_1860,,,,,,,,
GCF_004358365.1;protein_1126,GCF_048568965.1;protein_4015,GCF_000005845.2;protein_892,GCF_053078305.1;protein_3681,GCF_048571455.1;protein_1859,,,,,,,,
GCF_004358365.1;protein_1127,GCF_048568965.1;protein_4016,GCF_000005845.2;protein_891,GCF_053078305.1;protein_3682,GCF_048571455.1;protein_1858,,,,,,,,
GCF_004358365.1;protein_1128,GCF_048568965.1;protein_4017,GCF_000005845.2;protein_890,GCF_053078305.1;protein_3683,GCF_048571455.1;protein_1857,,,,,,,,
GCF_004358365.1;protein_1129,GCF_048568965.1;protein_4018,GCF_000005845.2;protein_889,GCF_053078305.1;protein_3684,GCF_048571455.1;protein_1856,,,,,,,,
GCF_004358365.1;protein_113,GCF_048568965.1;protein_2931,GCF_000005845.2;protein_1428,GCF_053078305.1;protein_2982,GCF_048571455.1;protein_2846,,,,,,,,
GCF_004358365.1;protein_1130,GCF_048568965.1;protein_4019,GCF_000005845.2;protein_888,GCF_053078305.1;protein_3685,GCF_048571455.1;protein_1855,,,,,,,,
GCF_004358365.1;protein_1131,GCF_048568965.1;protein_4020,GCF_000005845.2;protein_887,GCF_053078305.1;protein_3686,GCF_048571455.1;protein_1854,,,,,,,,
GCF_004358365.1;protein_1132,GCF_048568965.1;protein_4021,GCF_000005845.2;protein_886,GCF_053078305.1;protein_3687,GCF_048571455.1;protein_1853,,,,,,,,
GCF_004358365.1;protein_1133,GCF_048568965.1;protein_4022,GCF_000005845.2;protein_885,GCF_053078305.1;protein_3688,GCF_048571455.1;protein_1852,,,,,,,,
GCF_004358365.1;protein_1134,GCF_048568965.1;protein_4023,GCF_000005845.2;protein_884,GCF_053078305.1;protein_3689,GCF_048571455.1;protein_1851,,,,,,,,
GCF_004358365.1;protein_1135,GCF_048568965.1;protein_4024,GCF_000005845.2;protein_883,GCF_053078305.1;protein_3690,GCF_048571455.1;protein_1850,,,,,,,,
GCF_004358365.1;protein_1136,GCF_048568965.1;protein_4025,GCF_000005845.2;protein_882,GCF_053078305.1;protein_3691,GCF_048571455.1;protein_1849,,,,,,,,
GCF_004358365.1;protein_1137,GCF_048568965.1;protein_4026,GCF_000005845.2;protein_881,GCF_053078305.1;protein_3692,GCF_048571455.1;protein_1848,,,,,,,,
GCF_004358365.1;protein_1138,GCF_048568965.1;protein_4027,GCF_000005845.2;protein_880,GCF_053078305.1;protein_3693,GCF_048571455.1;protein_1847,,,,,,,,
GCF_004358365.1;protein_1139,GCF_048568965.1;protein_4028,GCF_000005845.2;protein_879,GCF_053078305.1;protein_3694,GCF_048571455.1;protein_1846,,,,,,,,
GCF_004358365.1;protein_114,GCF_048568965.1;protein_2930,GCF_000005845.2;protein_1427,GCF_053078305.1;protein_2983,GCF_048571455.1;protein_2845,,,,,,,,
GCF_004358365.1;protein_1140,GCF_048568965.1;protein_4029,GCF_000005845.2;protein_878,GCF_053078305.1;protein_3695,GCF_048571455.1;protein_1845,,,,,,,,
GCF_004358365.1;protein_1141,GCF_048568965.1;protein_4030,GCF_000005845.2;protein_877,,GCF_048571455.1;protein_1844,,,,,,,,
GCF_004358365.1;protein_1142,GCF_048568965.1;protein_4031,GCF_000005845.2;protein_876,,GCF_048571455.1;protein_1843,,,,,,,,
GCF_004358365.1;protein_1143,GCF_048568965.1;protein_4032,GCF_000005845.2;protein_875,GCF_053078305.1;protein_3697,GCF_048571455.1;protein_1842,,,,,,,,
GCF_004358365.1;protein_1144,GCF_048568965.1;protein_4033,GCF_000005845.2;protein_874,GCF_053078305.1;protein_3698,GCF_048571455.1;protein_1841,,,,,,,,
GCF_004358365.1;protein_1145,GCF_048568965.1;protein_4034,GCF_000005845.2;protein_873,GCF_053078305.1;protein_3699,GCF_048571455.1;protein_1840,,,,,,,,
GCF_004358365.1;protein_1146,GCF_048568965.1;protein_4035,GCF_000005845.2;protein_872,GCF_053078305.1;protein_3700,GCF_048571455.1;protein_1839,,,,,,,,
GCF_004358365.1;protein_1147,GCF_000005845.2;protein_871,GCF_053078305.1;protein_3701,,GCF_048568965.1;protein_4036,GCF_048571455.1;protein_1838,,,,,,,
GCF_004358365.1;protein_1148,GCF_048568965.1;protein_4037,GCF_000005845.2;protein_870,GCF_053078305.1;protein_3702,GCF_048571455.1;protein_1837,,,,,,,,
GCF_004358365.1;protein_1149,GCF_048568965.1;protein_4038,GCF_000005845.2;protein_869,GCF_053078305.1;protein_3753,GCF_048571455.1;protein_1836,,,,,,,,
GCF_004358365.1;protein_115,GCF_048568965.1;protein_2929,GCF_000005845.2;protein_1426,GCF_053078305.1;protein_2984,GCF_048571455.1;protein_2844,,,,,,,,
GCF_004358365.1;protein_1150,GCF_048568965.1;protein_4039,GCF_000005845.2;protein_868,GCF_053078305.1;protein_3754,GCF_048571455.1;protein_1835,,,,,,,,
GCF_004358365.1;protein_1151,GCF_048568965.1;protein_4040,GCF_000005845.2;protein_867,GCF_053078305.1;protein_3755,GCF_048571455.1;protein_1834,,,,,,,,
GCF_004358365.1;protein_1152,GCF_048568965.1;protein_4041,,GCF_053078305.1;protein_3756,GCF_048571455.1;protein_1833,,,,,,,,
GCF_004358365.1;protein_1153,GCF_048568965.1;protein_4042,GCF_000005845.2;protein_865,GCF_053078305.1;protein_3757,GCF_048571455.1;protein_1832,,,,,,,,
GCF_004358365.1;protein_1154,GCF_048568965.1;protein_4043,GCF_000005845.2;protein_864,GCF_053078305.1;protein_3758,GCF_048571455.1;protein_1831,,,,,,,,
GCF_004358365.1;protein_1155,GCF_048568965.1;protein_4044,GCF_000005845.2;protein_863,GCF_053078305.1;protein_3759,GCF_048571455.1;protein_1830,,,,,,,,
GCF_004358365.1;protein_1156,GCF_048568965.1;protein_4045,GCF_000005845.2;protein_862,GCF_053078305.1;protein_3760,GCF_048571455.1;protein_1829,,,,,,,,
GCF_004358365.1;protein_1157,GCF_048568965.1;protein_4046,GCF_000005845.2;protein_861,GCF_053078305.1;protein_3761,GCF_048571455.1;protein_1828,,,,,,,,
GCF_004358365.1;protein_1158,GCF_048568965.1;protein_4047,GCF_000005845.2;protein_860,GCF_053078305.1;protein_3762,GCF_048571455.1;protein_1827,,,,,,,,
GCF_004358365.1;protein_1159,GCF_048568965.1;protein_4048,GCF_000005845.2;protein_859,GCF_053078305.1;protein_3763,GCF_048571455.1;protein_1826,,,,,,,,
GCF_004358365.1;protein_116,GCF_048568965.1;protein_2928,GCF_000005845.2;protein_1425,GCF_053078305.1;protein_2985,GCF_048571455.1;protein_2843,,,,,,,,
GCF_004358365.1;protein_1160,GCF_048568965.1;protein_4049,GCF_000005845.2;protein_858,GCF_053078305.1;protein_3764,GCF_048571455.1;protein_1825,,,,,,,,
GCF_004358365.1;protein_1161,GCF_048568965.1;protein_4050,GCF_000005845.2;protein_857,GCF_053078305.1;protein_3765,GCF_048571455.1;protein_1824,,,,,,,,
GCF_004358365.1;protein_1162,GCF_048568965.1;protein_4051,GCF_000005845.2;protein_856,GCF_053078305.1;protein_3766,GCF_048571455.1;protein_1823,,,,,,,,
GCF_004358365.1;protein_1163,GCF_048568965.1;protein_4052,GCF_000005845.2;protein_855,GCF_053078305.1;protein_3767,GCF_048571455.1;protein_1822,,,,,,,,
GCF_004358365.1;protein_1164,GCF_048568965.1;protein_4053,GCF_000005845.2;protein_854,GCF_053078305.1;protein_3768,GCF_048571455.1;protein_1821,,,,,,,,
GCF_004358365.1;protein_1165,GCF_048568965.1;protein_4054,GCF_000005845.2;protein_853,GCF_053078305.1;protein_3769,GCF_048571455.1;protein_1820,,,,,,,,
GCF_004358365.1;protein_1166,GCF_048568965.1;protein_4055,GCF_000005845.2;protein_852,GCF_053078305.1;protein_3770,GCF_048571455.1;protein_1819,,,,,,,,
GCF_004358365.1;protein_1167,GCF_048568965.1;protein_4056,GCF_000005845.2;protein_851,GCF_053078305.1;protein_3771,GCF_048571455.1;protein_1818,,,,,,,,
GCF_004358365.1;protein_1168,GCF_048568965.1;protein_4057,GCF_000005845.2;protein_850,GCF_053078305.1;protein_3772,GCF_048571455.1;protein_1817,,,,,,,,
GCF_004358365.1;protein_1169,GCF_048568965.1;protein_4058,GCF_000005845.2;protein_849,GCF_053078305.1;protein_3773,GCF_048571455.1;protein_1816,,,,,,,,
GCF_004358365.1;protein_117,GCF_048568965.1;protein_2927,GCF_000005845.2;protein_1424,GCF_053078305.1;protein_2986,GCF_048571455.1;protein_2842,,,,,,,,
GCF_004358365.1;protein_1170,GCF_048568965.1;protein_4059,GCF_000005845.2;protein_848,GCF_053078305.1;protein_3774,GCF_048571455.1;protein_1815,,,,,,,,
GCF_004358365.1;protein_1171,GCF_048568965.1;protein_4060,GCF_000005845.2;protein_847,GCF_053078305.1;protein_3775,GCF_048571455.1;protein_1814,,,,,,,,
GCF_004358365.1;protein_1172,GCF_048568965.1;protein_4061,GCF_000005845.2;protein_846,GCF_053078305.1;protein_3776,GCF_048571455.1;protein_1813,,,,,,,,
GCF_004358365.1;protein_1173,GCF_048568965.1;protein_4062,GCF_000005845.2;protein_845,GCF_053078305.1;protein_3777,GCF_048571455.1;protein_1812,,,,,,,,
GCF_004358365.1;protein_1174,GCF_048568965.1;protein_4063,GCF_000005845.2;protein_844,GCF_053078305.1;protein_3778,GCF_048571455.1;protein_1811,,,,,,,,
GCF_004358365.1;protein_1175,GCF_048568965.1;protein_4064,GCF_000005845.2;protein_843,GCF_053078305.1;protein_3779,GCF_048571455.1;protein_1810,,,,,,,,
GCF_004358365.1;protein_1176,GCF_048568965.1;protein_4065,GCF_000005845.2;protein_842,GCF_053078305.1;protein_3780,GCF_048571455.1;protein_1809,,,,,,,,
GCF_004358365.1;protein_1177,GCF_048568965.1;protein_4066,GCF_000005845.2;protein_841,GCF_053078305.1;protein_3782,GCF_048571455.1;protein_1808,,,,,,,,
GCF_004358365.1;protein_1178,GCF_048568965.1;protein_4067,GCF_000005845.2;protein_840,GCF_053078305.1;protein_3783,GCF_048571455.1;protein_1807,,,,,,,,
GCF_004358365.1;protein_1179,GCF_048568965.1;protein_4068,GCF_000005845.2;protein_839,GCF_053078305.1;protein_3784,GCF_048571455.1;protein_1806,,,,,,,,
GCF_004358365.1;protein_118,GCF_048568965.1;protein_2926,GCF_000005845.2;protein_1423,GCF_053078305.1;protein_2987,GCF_048571455.1;protein_2841,,,,,,,,
GCF_004358365.1;protein_1180,GCF_048568965.1;protein_4069,GCF_000005845.2;protein_838,GCF_053078305.1;protein_3785,GCF_048571455.1;protein_1805,,,,,,,,
GCF_004358365.1;protein_1181,GCF_048568965.1;protein_4070,GCF_000005845.2;protein_837,GCF_053078305.1;protein_3786,GCF_048571455.1;protein_1804,,,,,,,,
GCF_004358365.1;protein_1182,GCF_048568965.1;protein_4071,GCF_000005845.2;protein_836,GCF_053078305.1;protein_3787,GCF_048571455.1;protein_1803,,,,,,,,
GCF_004358365.1;protein_1183,GCF_048568965.1;protein_4072,GCF_000005845.2;protein_835,GCF_053078305.1;protein_3791,GCF_048571455.1;protein_1802,,,,,,,,
GCF_004358365.1;protein_1184,GCF_048568965.1;protein_4073,GCF_000005845.2;protein_834,GCF_053078305.1;protein_3792,GCF_048571455.1;protein_1801,,,,,,,,
GCF_004358365.1;protein_1185,GCF_048568965.1;protein_4074,GCF_000005845.2;protein_833,GCF_053078305.1;protein_3793,GCF_048571455.1;protein_1800,,,,,,,,
GCF_004358365.1;protein_1186,GCF_048568965.1;protein_4075,GCF_000005845.2;protein_832,GCF_053078305.1;protein_3794,GCF_048571455.1;protein_1799,,,,,,,,
GCF_004358365.1;protein_1187,GCF_048568965.1;protein_4076,GCF_000005845.2;protein_831,GCF_053078305.1;protein_3795,GCF_048571455.1;protein_1798,,,,,,,,
GCF_004358365.1;protein_1188,GCF_048568965.1;protein_4077,GCF_000005845.2;protein_830,GCF_053078305.1;protein_3796,GCF_048571455.1;protein_1797,,,,,,,,
GCF_004358365.1;protein_1189,GCF_048568965.1;protein_4078,GCF_000005845.2;protein_829,GCF_053078305.1;protein_3797,GCF_048571455.1;protein_1796,,,,,,,,
GCF_004358365.1;protein_119,GCF_048568965.1;protein_2925,GCF_000005845.2;protein_1422,GCF_053078305.1;protein_2988,GCF_048571455.1;protein_2840,,,,,,,,
GCF_004358365.1;protein_1190,GCF_048568965.1;protein_4079,GCF_000005845.2;protein_828,GCF_053078305.1;protein_3798,GCF_048571455.1;protein_1795,,,,,,,,
GCF_004358365.1;protein_1191,GCF_048568965.1;protein_4080,GCF_000005845.2;protein_827,GCF_053078305.1;protein_3799,GCF_048571455.1;protein_1794,,,,,,,,
GCF_004358365.1;protein_1192,GCF_048568965.1;protein_4081,GCF_000005845.2;protein_826,GCF_053078305.1;protein_3800,GCF_048571455.1;protein_1793,,,,,,,,
GCF_004358365.1;protein_1193,GCF_048568965.1;protein_4082,GCF_000005845.2;protein_825,GCF_053078305.1;protein_3801,GCF_048571455.1;protein_1792,,,,,,,,
GCF_004358365.1;protein_1194,GCF_048568965.1;protein_4083,GCF_000005845.2;protein_824,GCF_053078305.1;protein_3802,GCF_048571455.1;protein_1791,,,,,,,,
GCF_004358365.1;protein_1195,GCF_048568965.1;protein_4084,GCF_000005845.2;protein_823,GCF_053078305.1;protein_3803,GCF_048571455.1;protein_1790,,,,,,,,
GCF_004358365.1;protein_1196,GCF_048568965.1;protein_4085,GCF_000005845.2;protein_822,GCF_053078305.1;protein_3804,GCF_048571455.1;protein_1789,,,,,,,,
GCF_004358365.1;protein_1197,GCF_048568965.1;protein_4086,GCF_000005845.2;protein_821,GCF_053078305.1;protein_3805,GCF_048571455.1;protein_1788,,,,,,,,
GCF_004358365.1;protein_1198,GCF_048568965.1;protein_4087,GCF_000005845.2;protein_820,GCF_053078305.1;protein_3806,GCF_048571455.1;protein_1787,,,,,,,,
GCF_004358365.1;protein_1199,GCF_048568965.1;protein_4088,GCF_000005845.2;protein_819,GCF_053078305.1;protein_3807,GCF_048571455.1;protein_1786,,,,,,,,
GCF_004358365.1;protein_12,GCF_048568965.1;protein_3031,,,GCF_048571455.1;protein_2946,,,,,,,,
GCF_004358365.1;protein_120,GCF_048568965.1;protein_2924,GCF_000005845.2;protein_1421,GCF_053078305.1;protein_2989,GCF_048571455.1;protein_2839,,,,,,,,
GCF_004358365.1;protein_1200,GCF_048568965.1;protein_4089,GCF_000005845.2;protein_818,GCF_053078305.1;protein_3808,GCF_048571455.1;protein_1785,,,,,,,,
GCF_004358365.1;protein_1201,GCF_048568965.1;protein_4090,GCF_000005845.2;protein_817,GCF_053078305.1;protein_3809,GCF_048571455.1;protein_1784,,,,,,,,
GCF_004358365.1;protein_1202,GCF_048568965.1;protein_4091,GCF_000005845.2;protein_816,GCF_053078305.1;protein_3810,GCF_048571455.1;protein_1783,,,,,,,,
GCF_004358365.1;protein_1203,GCF_048568965.1;protein_4092,GCF_000005845.2;protein_815,GCF_053078305.1;protein_3811,GCF_048571455.1;protein_1782,,,,,,,,
GCF_004358365.1;protein_1204,GCF_048568965.1;protein_4093,GCF_000005845.2;protein_814,GCF_053078305.1;protein_3812,GCF_048571455.1;protein_1781,,,,,,,,
GCF_004358365.1;protein_1205,GCF_048568965.1;protein_4094,GCF_000005845.2;protein_813,GCF_053078305.1;protein_3813,GCF_048571455.1;protein_1780,,,,,,,,
GCF_004358365.1;protein_1206,GCF_048568965.1;protein_4095,GCF_000005845.2;protein_812,GCF_053078305.1;protein_3814,GCF_048571455.1;protein_1779,,,,,,,,
GCF_004358365.1;protein_1207,GCF_048568965.1;protein_4096,GCF_000005845.2;protein_811,GCF_053078305.1;protein_3815,GCF_048571455.1;protein_1778,,,,,,,,
GCF_004358365.1;protein_1208,GCF_048568965.1;protein_4097,GCF_000005845.2;protein_810,GCF_053078305.1;protein_3816,GCF_048571455.1;protein_1777,,,,,,,,
GCF_004358365.1;protein_1209,GCF_048568965.1;protein_4098,GCF_000005845.2;protein_809,GCF_053078305.1;protein_3817,GCF_048571455.1;protein_1776,,,,,,,,
GCF_004358365.1;protein_121,GCF_048568965.1;protein_2923,GCF_000005845.2;protein_1420,GCF_053078305.1;protein_2990,GCF_048571455.1;protein_2838,,,,,,,,
GCF_004358365.1;protein_1210,GCF_048568965.1;protein_4099,GCF_000005845.2;protein_808,GCF_053078305.1;protein_3818,GCF_048571455.1;protein_1775,,,,,,,,
GCF_004358365.1;protein_1211,GCF_048568965.1;protein_4100,GCF_000005845.2;protein_807,GCF_053078305.1;protein_3819,GCF_048571455.1;protein_1774,,,,,,,,
GCF_004358365.1;protein_1212,GCF_048568965.1;protein_4101,GCF_000005845.2;protein_806,GCF_053078305.1;protein_3820,GCF_048571455.1;protein_1773,,,,,,,,
GCF_004358365.1;protein_1213,GCF_048568965.1;protein_4102,GCF_000005845.2;protein_805,GCF_053078305.1;protein_3821,GCF_048571455.1;protein_1772,,,,,,,,
GCF_004358365.1;protein_1214,GCF_048568965.1;protein_4103,GCF_000005845.2;protein_804,GCF_053078305.1;protein_3822,GCF_048571455.1;protein_1771,,,,,,,,
GCF_004358365.1;protein_1215,GCF_048568965.1;protein_4104,GCF_000005845.2;protein_803,GCF_053078305.1;protein_3823,GCF_048571455.1;protein_1770,,,,,,,,
GCF_004358365.1;protein_1216,GCF_048568965.1;protein_4105,GCF_000005845.2;protein_802,GCF_053078305.1;protein_3824,GCF_048571455.1;protein_1769,,,,,,,,
GCF_004358365.1;protein_1217,GCF_048568965.1;protein_4106,GCF_000005845.2;protein_801,GCF_053078305.1;protein_3825,GCF_048571455.1;protein_1768,,,,,,,,
GCF_004358365.1;protein_1218,GCF_048568965.1;protein_4107,GCF_000005845.2;protein_800,GCF_053078305.1;protein_3826,GCF_048571455.1;protein_1767,,,,,,,,
GCF_004358365.1;protein_1219,GCF_048568965.1;protein_4108,GCF_000005845.2;protein_799,GCF_053078305.1;protein_3827,GCF_048571455.1;protein_1766,,,,,,,,
GCF_004358365.1;protein_1220,GCF_048568965.1;protein_4109,GCF_000005845.2;protein_798,GCF_053078305.1;protein_3828,GCF_048571455.1;protein_1765,,,,,,,,
GCF_004358365.1;protein_1221,GCF_048568965.1;protein_4110,GCF_000005845.2;protein_797,GCF_053078305.1;protein_3829,GCF_048571455.1;protein_1764,,,,,,,,
GCF_004358365.1;protein_1223,GCF_048568965.1;protein_4112,GCF_000005845.2;protein_796,GCF_053078305.1;protein_3830,GCF_048571455.1;protein_1762,,,,,,,,
GCF_004358365.1;protein_1224,GCF_048568965.1;protein_4113,GCF_000005845.2;protein_795,GCF_053078305.1;protein_3831,GCF_048571455.1;protein_1761,,,,,,,,
GCF_004358365.1;protein_1225,GCF_048568965.1;protein_4114,GCF_000005845.2;protein_794,GCF_053078305.1;protein_3832,GCF_048571455.1;protein_1760,,,,,,,,
GCF_004358365.1;protein_1226,GCF_048568965.1;protein_4115,GCF_000005845.2;protein_793,GCF_053078305.1;protein_3833,GCF_048571455.1;protein_1759,,,,,,,,
GCF_004358365.1;protein_1227,GCF_048568965.1;protein_4116,GCF_000005845.2;protein_792,GCF_053078305.1;protein_3834,GCF_048571455.1;protein_1758,,,,,,,,
GCF_004358365.1;protein_1228,GCF_048568965.1;protein_4117,GCF_000005845.2;protein_791,GCF_053078305.1;protein_3835,GCF_048571455.1;protein_1757,,,,,,,,
GCF_004358365.1;protein_1229,GCF_048568965.1;protein_4118,GCF_000005845.2;protein_790,GCF_053078305.1;protein_3836,GCF_048571455.1;protein_1756,,,,,,,,
GCF_004358365.1;protein_1230,GCF_048568965.1;protein_4119,GCF_000005845.2;protein_789,GCF_053078305.1;protein_3837,GCF_048571455.1;protein_1755,,,,,,,,
GCF_004358365.1;protein_1231,GCF_048568965.1;protein_4120,GCF_000005845.2;protein_788,GCF_053078305.1;protein_3838,GCF_048571455.1;protein_1754,,,,,,,,
GCF_004358365.1;protein_1232,GCF_048568965.1;protein_4121,GCF_000005845.2;protein_787,GCF_053078305.1;protein_3839,GCF_048571455.1;protein_1753,,,,,,,,
GCF_004358365.1;protein_1233,GCF_048568965.1;protein_4122,GCF_000005845.2;protein_786,GCF_053078305.1;protein_3840,GCF_048571455.1;protein_1752,,,,,,,,
GCF_004358365.1;protein_1234,GCF_048568965.1;protein_4123,GCF_000005845.2;protein_785,GCF_053078305.1;protein_3841,GCF_048571455.1;protein_1751,,,,,,,,
GCF_004358365.1;protein_1235,GCF_048568965.1;protein_4124,GCF_000005845.2;protein_784,GCF_053078305.1;protein_3842,GCF_048571455.1;protein_1750,,,,,,,,
GCF_004358365.1;protein_1236,GCF_048568965.1;protein_4125,GCF_000005845.2;protein_783,GCF_053078305.1;protein_3843,GCF_048571455.1;protein_1749,,,,,,,,
GCF_004358365.1;protein_1237,GCF_048568965.1;protein_4126,GCF_000005845.2;protein_782,GCF_053078305.1;protein_3844,GCF_048571455.1;protein_1748,,,,,,,,
GCF_004358365.1;protein_1238,GCF_048568965.1;protein_4127,GCF_000005845.2;protein_781,GCF_053078305.1;protein_3845,GCF_048571455.1;protein_1747,,,,,,,,
GCF_004358365.1;protein_1239,GCF_048568965.1;protein_4128,GCF_000005845.2;protein_780,GCF_053078305.1;protein_3846,GCF_048571455.1;protein_1746,,,,,,,,
GCF_004358365.1;protein_124,GCF_048568965.1;protein_2920,GCF_000005845.2;protein_1418,GCF_053078305.1;protein_2993,GCF_048571455.1;protein_2835,,,,,,,,
GCF_004358365.1;protein_1240,GCF_048568965.1;protein_4129,GCF_000005845.2;protein_779,GCF_053078305.1;protein_3847,GCF_048571455.1;protein_1745,,,,,,,,
GCF_004358365.1;protein_1241,GCF_048568965.1;protein_4130,GCF_000005845.2;protein_778,GCF_053078305.1;protein_3848,GCF_048571455.1;protein_1744,,,,,,,,
GCF_004358365.1;protein_1242,GCF_048568965.1;protein_4131,GCF_000005845.2;protein_777,GCF_053078305.1;protein_3849,GCF_048571455.1;protein_1743,,,,,,,,
GCF_004358365.1;protein_1244,GCF_048568965.1;protein_4133,GCF_000005845.2;protein_772,,GCF_048571455.1;protein_1741,,,,,,,,
GCF_004358365.1;protein_1245,GCF_048568965.1;protein_4134,GCF_000005845.2;protein_773,GCF_053078305.1;protein_3853,GCF_048571455.1;protein_1740,,,,,,,,
GCF_004358365.1;protein_1246,GCF_048568965.1;protein_4135,GCF_000005845.2;protein_774,GCF_053078305.1;protein_3852,GCF_048571455.1;protein_1739,,,,,,,,
GCF_004358365.1;protein_1247,GCF_048568965.1;protein_4136,GCF_000005845.2;protein_775,GCF_053078305.1;protein_3851,GCF_048571455.1;protein_1738,,,,,,,,
GCF_004358365.1;protein_1248,GCF_048568965.1;protein_4137,GCF_000005845.2;protein_776,GCF_053078305.1;protein_3850,GCF_048571455.1;protein_1737,,,,,,,,
GCF_004358365.1;protein_1249,GCF_048568965.1;protein_4138,GCF_000005845.2;protein_771,GCF_053078305.1;protein_3856,GCF_048571455.1;protein_1736,,,,,,,,
GCF_004358365.1;protein_125,GCF_048568965.1;protein_2919,GCF_000005845.2;protein_1417,GCF_053078305.1;protein_2994,GCF_048571455.1;protein_2834,,,,,,,,
GCF_004358365.1;protein_1250,GCF_048568965.1;protein_4139,GCF_000005845.2;protein_770,GCF_053078305.1;protein_3857,GCF_048571455.1;protein_1735,,,,,,,,
GCF_004358365.1;protein_1251,GCF_048568965.1;protein_4140,GCF_000005845.2;protein_769,GCF_053078305.1;protein_3858,GCF_048571455.1;protein_1734,,,,,,,,
GCF_004358365.1;protein_1252,GCF_048568965.1;protein_4141,GCF_000005845.2;protein_768,GCF_053078305.1;protein_3859,GCF_048571455.1;protein_1733,,,,,,,,
GCF_004358365.1;protein_1253,GCF_048568965.1;protein_4142,GCF_000005845.2;protein_767,GCF_053078305.1;protein_3860,GCF_048571455.1;protein_1732,,,,,,,,
GCF_004358365.1;protein_1254,GCF_048568965.1;protein_4143,GCF_000005845.2;protein_766,GCF_053078305.1;protein_3861,GCF_048571455.1;protein_1731,,,,,,,,
GCF_004358365.1;protein_1255,GCF_048568965.1;protein_4144,GCF_000005845.2;protein_765,GCF_053078305.1;protein_3862,GCF_048571455.1;protein_1730,,,,,,,,
GCF_004358365.1;protein_1256,GCF_048568965.1;protein_4145,GCF_000005845.2;protein_764,GCF_053078305.1;protein_3863,GCF_048571455.1;protein_1729,,,,,,,,
GCF_004358365.1;protein_1257,GCF_048568965.1;protein_4146,GCF_000005845.2;protein_763,GCF_053078305.1;protein_3864,GCF_048571455.1;protein_1728,,,,,,,,
GCF_004358365.1;protein_1258,GCF_048568965.1;protein_4147,GCF_000005845.2;protein_762,GCF_053078305.1;protein_3865,GCF_048571455.1;protein_1727,,,,,,,,
GCF_004358365.1;protein_1259,GCF_048568965.1;protein_4148,GCF_000005845.2;protein_761,GCF_053078305.1;protein_3866,GCF_048571455.1;protein_1726,,,,,,,,
GCF_004358365.1;protein_126,GCF_048568965.1;protein_2918,GCF_000005845.2;protein_1416,GCF_053078305.1;protein_2995,GCF_048571455.1;protein_2833,,,,,,,,
GCF_004358365.1;protein_1260,GCF_048568965.1;protein_4149,GCF_000005845.2;protein_760,GCF_053078305.1;protein_3867,GCF_048571455.1;protein_1725,,,,,,,,
GCF_004358365.1;protein_1261,GCF_048568965.1;protein_4150,GCF_000005845.2;protein_759,GCF_053078305.1;protein_3868,GCF_048571455.1;protein_1724,,,,,,,,
GCF_004358365.1;protein_1262,GCF_048568965.1;protein_4151,GCF_000005845.2;protein_758,GCF_053078305.1;protein_3869,GCF_048571455.1;protein_1723,,,,,,,,
GCF_004358365.1;protein_1263,GCF_048568965.1;protein_4152,GCF_000005845.2;protein_757,GCF_053078305.1;protein_3870,GCF_048571455.1;protein_1722,,,,,,,,
GCF_004358365.1;protein_1264,GCF_048568965.1;protein_4153,GCF_000005845.2;protein_756,GCF_053078305.1;protein_3871,GCF_048571455.1;protein_1721,,,,,,,,
GCF_004358365.1;protein_1265,GCF_048568965.1;protein_4154,GCF_000005845.2;protein_755,GCF_053078305.1;protein_3872,GCF_048571455.1;protein_1720,,,,,,,,
GCF_004358365.1;protein_1266,GCF_048568965.1;protein_4155,GCF_000005845.2;protein_754,GCF_053078305.1;protein_3873,GCF_048571455.1;protein_1719,,,,,,,,
GCF_004358365.1;protein_1267,GCF_048568965.1;protein_4156,GCF_000005845.2;protein_753,GCF_053078305.1;protein_3874,GCF_048571455.1;protein_1718,,,,,,,,
GCF_004358365.1;protein_1268,GCF_048568965.1;protein_4157,GCF_000005845.2;protein_752,GCF_053078305.1;protein_3875,GCF_048571455.1;protein_1717,,,,,,,,
GCF_004358365.1;protein_1269,GCF_048568965.1;protein_4158,GCF_000005845.2;protein_751,GCF_053078305.1;protein_3876,GCF_048571455.1;protein_1716,,,,,,,,
GCF_004358365.1;protein_127,GCF_048568965.1;protein_2917,GCF_000005845.2;protein_1415,GCF_053078305.1;protein_2996,GCF_048571455.1;protein_2832,,,,,,,,
GCF_004358365.1;protein_1270,GCF_048568965.1;protein_4159,GCF_000005845.2;protein_750,GCF_053078305.1;protein_3877,GCF_048571455.1;protein_1715,,,,,,,,
GCF_004358365.1;protein_1271,GCF_048568965.1;protein_4160,GCF_000005845.2;protein_749,GCF_053078305.1;protein_3878,GCF_048571455.1;protein_1714,,,,,,,,
GCF_004358365.1;protein_1272,GCF_048568965.1;protein_4161,GCF_000005845.2;protein_748,GCF_053078305.1;protein_3879,GCF_048571455.1;protein_1713,,,,,,,,
GCF_004358365.1;protein_1273,GCF_048568965.1;protein_4162,GCF_000005845.2;protein_747,GCF_053078305.1;protein_3880,GCF_048571455.1;protein_1712,,,,,,,,
GCF_004358365.1;protein_1274,GCF_048568965.1;protein_4163,,,GCF_048571455.1;protein_1711,,,,,,,,
GCF_004358365.1;protein_1275,GCF_048568965.1;protein_4164,,,GCF_048571455.1;protein_1710,,,,,,,,
GCF_004358365.1;protein_1276,GCF_048568965.1;protein_4165,,,GCF_048571455.1;protein_1709,,,,,,,,
GCF_004358365.1;protein_128,GCF_048568965.1;protein_2916,GCF_000005845.2;protein_1414,GCF_053078305.1;protein_2997,GCF_048571455.1;protein_2831,,,,,,,,
GCF_004358365.1;protein_1281,GCF_048568965.1;protein_4170,,,GCF_048571455.1;protein_1704,,,,,,,,
GCF_004358365.1;protein_1282,GCF_048568965.1;protein_4171,,,GCF_048571455.1;protein_1703,,,,,,,,
GCF_004358365.1;protein_1283,GCF_048568965.1;protein_4172,,,GCF_048571455.1;protein_1702,,,,,,,,
GCF_004358365.1;protein_1284,GCF_048568965.1;protein_4173,,,GCF_048571455.1;protein_1701,,,,,,,,
GCF_004358365.1;protein_1286,GCF_048568965.1;protein_4175,,,GCF_048571455.1;protein_1699,,,,,,,,
GCF_004358365.1;protein_129,GCF_048568965.1;protein_2915,GCF_000005845.2;protein_1413,GCF_053078305.1;protein_2998,GCF_048571455.1;protein_2830,,,,,,,,
GCF_004358365.1;protein_13,GCF_048568965.1;protein_3030,,,GCF_048571455.1;protein_2945,,,,,,,,
GCF_004358365.1;protein_1301,GCF_048568965.1;protein_4190,,,GCF_048571455.1;protein_1684,,,,,,,,
GCF_004358365.1;protein_131,GCF_048568965.1;protein_2914,GCF_000005845.2;protein_1412,GCF_053078305.1;protein_2999,GCF_048571455.1;protein_2829,,,,,,,,
GCF_004358365.1;protein_1312,GCF_048568965.1;protein_4201,,,GCF_048571455.1;protein_1673,,,,,,,,
GCF_004358365.1;protein_1315,GCF_048568965.1;protein_4204,,,GCF_048571455.1;protein_1670,,,,,,,,
GCF_004358365.1;protein_1316,GCF_048568965.1;protein_4205,,,GCF_048571455.1;protein_1669,,,,,,,,
GCF_004358365.1;protein_1317,GCF_048568965.1;protein_4206,,,GCF_048571455.1;protein_1668,,,,,,,,
GCF_004358365.1;protein_1318,GCF_048568965.1;protein_4207,,,GCF_048571455.1;protein_1667,,,,,,,,
GCF_004358365.1;protein_1319,GCF_048568965.1;protein_4208,,,GCF_048571455.1;protein_1666,,,,,,,,
GCF_004358365.1;protein_132,GCF_048568965.1;protein_2913,GCF_000005845.2;protein_1411,GCF_053078305.1;protein_3000,GCF_048571455.1;protein_2828,,,,,,,,
GCF_004358365.1;protein_1320,GCF_048568965.1;protein_4209,,,GCF_048571455.1;protein_1665,,,,,,,,
GCF_004358365.1;protein_1321,GCF_048568965.1;protein_4210,,,GCF_048571455.1;protein_1664,,,,,,,,
,GCF_004358365.1;protein_1323,GCF_004358365.1;protein_4471,GCF_048568965.1;protein_4212,,,,,,,,,
GCF_004358365.1;protein_1324,,,,GCF_048571455.1;protein_1661,,,,,,,,
GCF_004358365.1;protein_1326,,,,GCF_048571455.1;protein_1659,,,,,,,,
,GCF_004358365.1;protein_4468,GCF_048568965.1;protein_4215,GCF_004358365.1;protein_1328,,,,,,,,,
,GCF_004358365.1;protein_4467,GCF_004358365.1;protein_1329,GCF_048568965.1;protein_4216,,,,,,,,,
GCF_004358365.1;protein_133,GCF_048568965.1;protein_2912,GCF_000005845.2;protein_1410,GCF_053078305.1;protein_3001,GCF_048571455.1;protein_2827,,,,,,,,
GCF_004358365.1;protein_1334,,,,GCF_048571455.1;protein_1649,,,,,,,,
,GCF_048571455.1;protein_4182,GCF_004358365.1;protein_1339,GCF_048571455.1;protein_1647,,,,,,,,,
GCF_004358365.1;protein_134,GCF_048568965.1;protein_2911,GCF_000005845.2;protein_1409,GCF_053078305.1;protein_3002,GCF_048571455.1;protein_2826,,,,,,,,
GCF_004358365.1;protein_1343,,,,GCF_048571455.1;protein_1643,,,,,,,,
GCF_004358365.1;protein_1344,GCF_048568965.1;protein_4223,,,GCF_048571455.1;protein_1642,,,,,,,,
GCF_004358365.1;protein_1345,GCF_048568965.1;protein_4224,,,GCF_048571455.1;protein_1641,,,,,,,,
GCF_004358365.1;protein_1347,GCF_048568965.1;protein_4226,,,GCF_048571455.1;protein_1639,,,,,,,,
GCF_048571455.1;protein_5747,GCF_048568965.1;protein_5976,GCF_048568965.1;protein_4227,GCF_004358365.1;protein_1348,,GCF_048571455.1;protein_1638,,,,,,,
,GCF_004358365.1;protein_1349,GCF_048568965.1;protein_4228,GCF_004358365.1;protein_4437,,,,,,,,,
GCF_004358365.1;protein_135,GCF_048568965.1;protein_2910,GCF_000005845.2;protein_1407,GCF_053078305.1;protein_3003,GCF_048571455.1;protein_2825,,,,,,,,
GCF_004358365.1;protein_1352,GCF_048568965.1;protein_4231,,,GCF_048571455.1;protein_1634,,,,,,,,
GCF_004358365.1;protein_1353,GCF_048568965.1;protein_4232,GCF_000005845.2;protein_746,GCF_053078305.1;protein_3881,GCF_048571455.1;protein_1633,,,,,,,,
GCF_004358365.1;protein_1354,GCF_048568965.1;protein_4233,GCF_000005845.2;protein_745,GCF_053078305.1;protein_3882,GCF_048571455.1;protein_1632,,,,,,,,
GCF_004358365.1;protein_1355,GCF_048568965.1;protein_4234,GCF_000005845.2;protein_744,GCF_053078305.1;protein_3883,GCF_048571455.1;protein_1631,,,,,,,,
GCF_004358365.1;protein_1356,GCF_048568965.1;protein_4235,GCF_000005845.2;protein_743,GCF_053078305.1;protein_3884,GCF_048571455.1;protein_1630,,,,,,,,
GCF_004358365.1;protein_1357,GCF_048568965.1;protein_4236,GCF_000005845.2;protein_742,GCF_053078305.1;protein_3885,GCF_048571455.1;protein_1629,,,,,,,,
GCF_004358365.1;protein_1358,GCF_048568965.1;protein_4237,GCF_000005845.2;protein_741,GCF_053078305.1;protein_3886,GCF_048571455.1;protein_1628,,,,,,,,
GCF_004358365.1;protein_1359,GCF_048568965.1;protein_4238,GCF_000005845.2;protein_740,GCF_053078305.1;protein_3887,GCF_048571455.1;protein_1627,,,,,,,,
GCF_004358365.1;protein_136,GCF_048568965.1;protein_2909,GCF_000005845.2;protein_1406,GCF_053078305.1;protein_3004,GCF_048571455.1;protein_2824,,,,,,,,
GCF_004358365.1;protein_1360,GCF_048568965.1;protein_4239,GCF_000005845.2;protein_739,GCF_053078305.1;protein_3888,GCF_048571455.1;protein_1626,,,,,,,,
GCF_004358365.1;protein_1361,GCF_048568965.1;protein_4240,GCF_000005845.2;protein_738,GCF_053078305.1;protein_3889,GCF_048571455.1;protein_1625,,,,,,,,
GCF_004358365.1;protein_1362,GCF_048568965.1;protein_4241,GCF_000005845.2;protein_737,GCF_053078305.1;protein_3890,GCF_048571455.1;protein_1624,,,,,,,,
GCF_004358365.1;protein_1363,GCF_048568965.1;protein_4242,GCF_000005845.2;protein_736,GCF_053078305.1;protein_3891,GCF_048571455.1;protein_1623,,,,,,,,
GCF_004358365.1;protein_1364,GCF_048568965.1;protein_4243,GCF_000005845.2;protein_735,GCF_053078305.1;protein_3892,GCF_048571455.1;protein_1622,,,,,,,,
GCF_004358365.1;protein_1365,GCF_048568965.1;protein_4244,GCF_000005845.2;protein_734,GCF_053078305.1;protein_3893,GCF_048571455.1;protein_1621,,,,,,,,
GCF_004358365.1;protein_1366,GCF_048568965.1;protein_4245,GCF_000005845.2;protein_733,GCF_053078305.1;protein_3894,GCF_048571455.1;protein_1620,,,,,,,,
GCF_004358365.1;protein_1367,GCF_048568965.1;protein_4246,GCF_000005845.2;protein_732,GCF_053078305.1;protein_3895,GCF_048571455.1;protein_1619,,,,,,,,
GCF_004358365.1;protein_1368,GCF_048568965.1;protein_4247,GCF_000005845.2;protein_731,GCF_053078305.1;protein_3896,GCF_048571455.1;protein_1618,,,,,,,,
GCF_004358365.1;protein_1369,GCF_048568965.1;protein_4248,GCF_000005845.2;protein_730,GCF_053078305.1;protein_3897,GCF_048571455.1;protein_1617,,,,,,,,
GCF_004358365.1;protein_137,GCF_048568965.1;protein_2908,GCF_000005845.2;protein_1405,GCF_053078305.1;protein_3005,GCF_048571455.1;protein_2823,,,,,,,,
GCF_004358365.1;protein_1370,GCF_048568965.1;protein_4249,GCF_000005845.2;protein_729,GCF_053078305.1;protein_3898,GCF_048571455.1;protein_1616,,,,,,,,
GCF_004358365.1;protein_1371,GCF_048568965.1;protein_4250,GCF_000005845.2;protein_728,GCF_053078305.1;protein_3899,GCF_048571455.1;protein_1615,,,,,,,,
GCF_004358365.1;protein_1372,GCF_048568965.1;protein_4251,GCF_000005845.2;protein_727,GCF_053078305.1;protein_3900,GCF_048571455.1;protein_1614,,,,,,,,
GCF_004358365.1;protein_1373,GCF_048568965.1;protein_4252,GCF_000005845.2;protein_726,GCF_053078305.1;protein_3901,GCF_048571455.1;protein_1613,,,,,,,,
GCF_004358365.1;protein_1374,GCF_048568965.1;protein_4253,GCF_000005845.2;protein_725,GCF_053078305.1;protein_3902,GCF_048571455.1;protein_1612,,,,,,,,
GCF_004358365.1;protein_1375,GCF_048568965.1;protein_4254,GCF_000005845.2;protein_724,GCF_053078305.1;protein_3903,GCF_048571455.1;protein_1611,,,,,,,,
GCF_004358365.1;protein_1376,GCF_048568965.1;protein_4255,GCF_000005845.2;protein_723,GCF_053078305.1;protein_3904,GCF_048571455.1;protein_1610,,,,,,,,
GCF_004358365.1;protein_1377,GCF_048568965.1;protein_4256,GCF_000005845.2;protein_722,GCF_053078305.1;protein_3905,GCF_048571455.1;protein_1609,,,,,,,,
GCF_004358365.1;protein_1378,GCF_048568965.1;protein_4257,GCF_000005845.2;protein_721,GCF_053078305.1;protein_3906,GCF_048571455.1;protein_1608,,,,,,,,
GCF_004358365.1;protein_1379,GCF_048568965.1;protein_4258,GCF_000005845.2;protein_720,GCF_053078305.1;protein_3907,GCF_048571455.1;protein_1607,,,,,,,,
GCF_004358365.1;protein_138,GCF_048568965.1;protein_2907,GCF_000005845.2;protein_1404,GCF_053078305.1;protein_3006,GCF_048571455.1;protein_2822,,,,,,,,
GCF_004358365.1;protein_1380,GCF_048568965.1;protein_4259,GCF_000005845.2;protein_719,GCF_053078305.1;protein_3908,GCF_048571455.1;protein_1606,,,,,,,,
GCF_004358365.1;protein_1381,GCF_048568965.1;protein_4260,GCF_000005845.2;protein_718,GCF_053078305.1;protein_3909,GCF_048571455.1;protein_1605,,,,,,,,
GCF_004358365.1;protein_1382,GCF_048568965.1;protein_4261,GCF_000005845.2;protein_717,GCF_053078305.1;protein_3910,GCF_048571455.1;protein_1604,,,,,,,,
GCF_004358365.1;protein_1383,GCF_048568965.1;protein_4262,GCF_000005845.2;protein_716,GCF_053078305.1;protein_3911,GCF_048571455.1;protein_1603,,,,,,,,
GCF_004358365.1;protein_1384,GCF_048568965.1;protein_4263,GCF_000005845.2;protein_715,GCF_053078305.1;protein_3912,GCF_048571455.1;protein_1602,,,,,,,,
GCF_004358365.1;protein_1385,GCF_048568965.1;protein_4264,GCF_000005845.2;protein_714,GCF_053078305.1;protein_3913,GCF_048571455.1;protein_1601,,,,,,,,
GCF_004358365.1;protein_1386,GCF_048568965.1;protein_4265,GCF_000005845.2;protein_713,GCF_053078305.1;protein_3914,GCF_048571455.1;protein_1600,,,,,,,,
GCF_004358365.1;protein_1387,GCF_048568965.1;protein_4266,GCF_000005845.2;protein_712,,GCF_048571455.1;protein_1598,,,,,,,,
GCF_004358365.1;protein_1388,GCF_048568965.1;protein_4267,GCF_000005845.2;protein_711,,GCF_048571455.1;protein_1597,,,,,,,,
GCF_004358365.1;protein_1389,GCF_048568965.1;protein_4268,GCF_000005845.2;protein_710,,GCF_048571455.1;protein_1596,,,,,,,,
GCF_004358365.1;protein_139,GCF_048568965.1;protein_2906,,GCF_053078305.1;protein_3007,GCF_048571455.1;protein_2821,,,,,,,,
GCF_004358365.1;protein_1390,GCF_048568965.1;protein_4269,GCF_000005845.2;protein_709,GCF_053078305.1;protein_3927,GCF_048571455.1;protein_1595,,,,,,,,
GCF_004358365.1;protein_1391,GCF_048568965.1;protein_4270,GCF_000005845.2;protein_708,GCF_053078305.1;protein_3928,GCF_048571455.1;protein_1594,,,,,,,,
GCF_004358365.1;protein_1392,GCF_048568965.1;protein_4271,GCF_000005845.2;protein_707,GCF_053078305.1;protein_3929,GCF_048571455.1;protein_1593,,,,,,,,
GCF_004358365.1;protein_1393,GCF_048568965.1;protein_4272,GCF_000005845.2;protein_706,GCF_053078305.1;protein_3930,GCF_048571455.1;protein_1592,,,,,,,,
GCF_004358365.1;protein_1394,GCF_048568965.1;protein_4273,GCF_000005845.2;protein_705,GCF_053078305.1;protein_3931,GCF_048571455.1;protein_1591,,,,,,,,
GCF_004358365.1;protein_1395,GCF_048568965.1;protein_4274,GCF_000005845.2;protein_704,GCF_053078305.1;protein_3932,GCF_048571455.1;protein_1590,,,,,,,,
GCF_004358365.1;protein_1396,GCF_048568965.1;protein_4275,GCF_000005845.2;protein_703,GCF_053078305.1;protein_3933,GCF_048571455.1;protein_1589,,,,,,,,
GCF_004358365.1;protein_1397,GCF_048568965.1;protein_4276,GCF_000005845.2;protein_702,GCF_053078305.1;protein_3934,GCF_048571455.1;protein_1588,,,,,,,,
GCF_004358365.1;protein_1398,GCF_048568965.1;protein_4277,GCF_000005845.2;protein_701,GCF_053078305.1;protein_3935,GCF_048571455.1;protein_1587,,,,,,,,
GCF_004358365.1;protein_1399,GCF_048568965.1;protein_4278,GCF_000005845.2;protein_699,GCF_053078305.1;protein_3936,GCF_048571455.1;protein_1586,,,,,,,,
GCF_004358365.1;protein_14,GCF_048568965.1;protein_3029,,,GCF_048571455.1;protein_2944,,,,,,,,
GCF_004358365.1;protein_140,GCF_048568965.1;protein_2905,GCF_000005845.2;protein_1403,GCF_053078305.1;protein_3008,GCF_048571455.1;protein_2820,,,,,,,,
GCF_004358365.1;protein_1400,GCF_048568965.1;protein_4279,,,GCF_048571455.1;protein_1585,,,,,,,,
GCF_004358365.1;protein_1401,GCF_048568965.1;protein_4280,GCF_000005845.2;protein_697,,GCF_048571455.1;protein_1584,,,,,,,,
GCF_004358365.1;protein_1402,GCF_048568965.1;protein_4281,GCF_000005845.2;protein_696,,GCF_048571455.1;protein_1583,,,,,,,,
GCF_004358365.1;protein_1403,GCF_048568965.1;protein_4282,GCF_000005845.2;protein_695,,GCF_048571455.1;protein_1582,,,,,,,,
GCF_004358365.1;protein_1404,GCF_048568965.1;protein_4283,GCF_000005845.2;protein_694,GCF_053078305.1;protein_3941,GCF_048571455.1;protein_1581,,,,,,,,
GCF_004358365.1;protein_1405,GCF_048568965.1;protein_4284,GCF_000005845.2;protein_693,GCF_053078305.1;protein_3942,GCF_048571455.1;protein_1580,,,,,,,,
GCF_004358365.1;protein_1406,GCF_048568965.1;protein_4285,GCF_000005845.2;protein_692,GCF_053078305.1;protein_3943,GCF_048571455.1;protein_1579,,,,,,,,
GCF_004358365.1;protein_1407,GCF_048568965.1;protein_4286,GCF_000005845.2;protein_691,GCF_053078305.1;protein_3944,GCF_048571455.1;protein_1578,,,,,,,,
GCF_004358365.1;protein_1408,GCF_048568965.1;protein_4287,GCF_000005845.2;protein_690,GCF_053078305.1;protein_3945,GCF_048571455.1;protein_1577,,,,,,,,
GCF_004358365.1;protein_1409,GCF_048568965.1;protein_4288,GCF_000005845.2;protein_689,GCF_053078305.1;protein_3946,GCF_048571455.1;protein_1576,,,,,,,,
GCF_004358365.1;protein_141,GCF_048568965.1;protein_2904,GCF_000005845.2;protein_1402,GCF_053078305.1;protein_3009,GCF_048571455.1;protein_2819,,,,,,,,
GCF_004358365.1;protein_1410,GCF_048568965.1;protein_4289,GCF_000005845.2;protein_688,GCF_053078305.1;protein_3947,GCF_048571455.1;protein_1575,,,,,,,,
GCF_004358365.1;protein_1411,GCF_048568965.1;protein_4290,GCF_000005845.2;protein_687,GCF_053078305.1;protein_3948,GCF_048571455.1;protein_1574,,,,,,,,
GCF_004358365.1;protein_1412,GCF_048568965.1;protein_4291,GCF_000005845.2;protein_686,GCF_053078305.1;protein_3949,GCF_048571455.1;protein_1573,,,,,,,,
GCF_004358365.1;protein_1413,GCF_048568965.1;protein_4292,GCF_000005845.2;protein_685,,GCF_048571455.1;protein_1572,,,,,,,,
GCF_004358365.1;protein_1414,GCF_048568965.1;protein_4293,GCF_000005845.2;protein_683,GCF_053078305.1;protein_3953,GCF_048571455.1;protein_1571,,,,,,,,
GCF_004358365.1;protein_1415,GCF_048568965.1;protein_4294,,,GCF_048571455.1;protein_1570,,,,,,,,
GCF_004358365.1;protein_1416,GCF_048568965.1;protein_4295,GCF_000005845.2;protein_682,,GCF_048571455.1;protein_1569,,,,,,,,
GCF_004358365.1;protein_1418,GCF_048568965.1;protein_4297,GCF_000005845.2;protein_680,GCF_053078305.1;protein_3955,GCF_048571455.1;protein_1567,,,,,,,,
GCF_004358365.1;protein_1419,GCF_048568965.1;protein_4298,GCF_000005845.2;protein_679,GCF_053078305.1;protein_3956,GCF_048571455.1;protein_1566,,,,,,,,
GCF_004358365.1;protein_142,GCF_048568965.1;protein_2903,GCF_000005845.2;protein_1401,GCF_053078305.1;protein_3010,GCF_048571455.1;protein_2818,,,,,,,,
GCF_004358365.1;protein_1420,GCF_048568965.1;protein_4299,GCF_000005845.2;protein_678,GCF_053078305.1;protein_3957,GCF_048571455.1;protein_1565,,,,,,,,
GCF_004358365.1;protein_1421,GCF_048568965.1;protein_4300,GCF_000005845.2;protein_677,GCF_053078305.1;protein_3958,GCF_048571455.1;protein_1564,,,,,,,,
GCF_004358365.1;protein_1422,GCF_048568965.1;protein_4301,GCF_000005845.2;protein_676,GCF_053078305.1;protein_3959,GCF_048571455.1;protein_1563,,,,,,,,
GCF_004358365.1;protein_1423,GCF_048568965.1;protein_4302,GCF_000005845.2;protein_675,GCF_053078305.1;protein_3960,GCF_048571455.1;protein_1562,,,,,,,,
GCF_004358365.1;protein_1424,GCF_048568965.1;protein_4303,GCF_000005845.2;protein_674,GCF_053078305.1;protein_3961,GCF_048571455.1;protein_1561,,,,,,,,
GCF_004358365.1;protein_1425,GCF_048568965.1;protein_4304,,,GCF_048571455.1;protein_1560,,,,,,,,
GCF_004358365.1;protein_1426,GCF_048568965.1;protein_4305,,,GCF_048571455.1;protein_1559,,,,,,,,
GCF_004358365.1;protein_1427,GCF_048568965.1;protein_4306,GCF_000005845.2;protein_672,,GCF_048571455.1;protein_1558,,,,,,,,
GCF_004358365.1;protein_1428,GCF_048568965.1;protein_4307,GCF_000005845.2;protein_671,,GCF_048571455.1;protein_1557,,,,,,,,
GCF_004358365.1;protein_1429,GCF_048568965.1;protein_4308,GCF_000005845.2;protein_669,GCF_053078305.1;protein_3962,GCF_048571455.1;protein_1556,,,,,,,,
GCF_004358365.1;protein_143,GCF_048568965.1;protein_2902,GCF_000005845.2;protein_1400,GCF_053078305.1;protein_3011,GCF_048571455.1;protein_2817,,,,,,,,
GCF_004358365.1;protein_1430,GCF_048568965.1;protein_4309,GCF_000005845.2;protein_668,GCF_053078305.1;protein_3963,GCF_048571455.1;protein_1555,,,,,,,,
GCF_004358365.1;protein_1431,GCF_048568965.1;protein_4310,GCF_000005845.2;protein_667,GCF_053078305.1;protein_3964,GCF_048571455.1;protein_1554,,,,,,,,
GCF_004358365.1;protein_1432,GCF_048568965.1;protein_4311,GCF_000005845.2;protein_666,GCF_053078305.1;protein_3965,GCF_048571455.1;protein_1553,,,,,,,,
GCF_004358365.1;protein_1433,GCF_048568965.1;protein_4312,GCF_000005845.2;protein_665,GCF_053078305.1;protein_3966,GCF_048571455.1;protein_1552,,,,,,,,
GCF_004358365.1;protein_1434,GCF_048568965.1;protein_4313,GCF_000005845.2;protein_664,GCF_053078305.1;protein_3967,GCF_048571455.1;protein_1551,,,,,,,,
GCF_004358365.1;protein_1435,GCF_048568965.1;protein_4314,GCF_000005845.2;protein_663,GCF_053078305.1;protein_3968,GCF_048571455.1;protein_1550,,,,,,,,
GCF_004358365.1;protein_1436,GCF_048568965.1;protein_4315,GCF_000005845.2;protein_662,GCF_053078305.1;protein_3969,GCF_048571455.1;protein_1549,,,,,,,,
GCF_004358365.1;protein_1437,GCF_048568965.1;protein_4316,GCF_000005845.2;protein_661,GCF_053078305.1;protein_3970,GCF_048571455.1;protein_1548,,,,,,,,
GCF_004358365.1;protein_1438,GCF_048568965.1;protein_4317,GCF_000005845.2;protein_660,GCF_053078305.1;protein_3971,GCF_048571455.1;protein_1547,,,,,,,,
GCF_004358365.1;protein_1439,GCF_048568965.1;protein_4319,GCF_000005845.2;protein_659,GCF_053078305.1;protein_3972,GCF_048571455.1;protein_1546,,,,,,,,
GCF_004358365.1;protein_144,GCF_048568965.1;protein_2901,GCF_000005845.2;protein_1399,GCF_053078305.1;protein_3012,GCF_048571455.1;protein_2816,,,,,,,,
GCF_004358365.1;protein_1440,GCF_048568965.1;protein_4320,GCF_000005845.2;protein_658,GCF_053078305.1;protein_3973,GCF_048571455.1;protein_1545,,,,,,,,
GCF_004358365.1;protein_1441,GCF_048568965.1;protein_4321,GCF_000005845.2;protein_657,GCF_053078305.1;protein_3974,GCF_048571455.1;protein_1544,,,,,,,,
GCF_004358365.1;protein_1442,GCF_048568965.1;protein_4322,GCF_000005845.2;protein_656,GCF_053078305.1;protein_3975,GCF_048571455.1;protein_1543,,,,,,,,
GCF_004358365.1;protein_1443,GCF_048568965.1;protein_4323,GCF_000005845.2;protein_655,GCF_053078305.1;protein_3976,GCF_048571455.1;protein_1542,,,,,,,,
GCF_004358365.1;protein_1444,GCF_048568965.1;protein_4324,GCF_000005845.2;protein_654,GCF_053078305.1;protein_3977,GCF_048571455.1;protein_1541,,,,,,,,
GCF_004358365.1;protein_1445,GCF_048568965.1;protein_4325,GCF_000005845.2;protein_653,GCF_053078305.1;protein_3978,GCF_048571455.1;protein_1540,,,,,,,,
GCF_004358365.1;protein_1446,GCF_048568965.1;protein_4326,GCF_000005845.2;protein_652,GCF_053078305.1;protein_3979,GCF_048571455.1;protein_1539,,,,,,,,
GCF_004358365.1;protein_1447,GCF_048568965.1;protein_4327,GCF_000005845.2;protein_651,GCF_053078305.1;protein_3980,GCF_048571455.1;protein_1538,,,,,,,,
GCF_004358365.1;protein_1448,GCF_048568965.1;protein_4328,GCF_000005845.2;protein_650,GCF_053078305.1;protein_3981,GCF_048571455.1;protein_1537,,,,,,,,
GCF_004358365.1;protein_1449,GCF_048568965.1;protein_4329,GCF_000005845.2;protein_649,GCF_053078305.1;protein_3982,GCF_048571455.1;protein_1536,,,,,,,,
GCF_004358365.1;protein_145,GCF_048568965.1;protein_2900,GCF_000005845.2;protein_1398,GCF_053078305.1;protein_3013,GCF_048571455.1;protein_2815,,,,,,,,
GCF_004358365.1;protein_1450,GCF_048568965.1;protein_4330,GCF_000005845.2;protein_648,GCF_053078305.1;protein_3983,GCF_048571455.1;protein_1535,,,,,,,,
GCF_004358365.1;protein_1451,GCF_048568965.1;protein_4331,,,GCF_048571455.1;protein_1534,,,,,,,,
GCF_004358365.1;protein_1452,GCF_048568965.1;protein_4332,GCF_000005845.2;protein_646,GCF_053078305.1;protein_3984,GCF_048571455.1;protein_1533,,,,,,,,
GCF_004358365.1;protein_1453,GCF_048568965.1;protein_4333,GCF_000005845.2;protein_645,GCF_053078305.1;protein_3985,GCF_048571455.1;protein_1532,,,,,,,,
GCF_004358365.1;protein_1454,GCF_048568965.1;protein_4334,GCF_000005845.2;protein_644,GCF_053078305.1;protein_3986,GCF_048571455.1;protein_1531,,,,,,,,
GCF_004358365.1;protein_1455,GCF_048568965.1;protein_4335,GCF_000005845.2;protein_643,GCF_053078305.1;protein_3987,GCF_048571455.1;protein_1530,,,,,,,,
GCF_004358365.1;protein_1456,GCF_048568965.1;protein_4336,GCF_000005845.2;protein_642,GCF_053078305.1;protein_3988,GCF_048571455.1;protein_1529,,,,,,,,
GCF_004358365.1;protein_1457,GCF_048568965.1;protein_4337,GCF_000005845.2;protein_641,GCF_053078305.1;protein_3989,GCF_048571455.1;protein_1528,,,,,,,,
GCF_004358365.1;protein_1458,GCF_048568965.1;protein_4338,GCF_000005845.2;protein_640,GCF_053078305.1;protein_3990,GCF_048571455.1;protein_1527,,,,,,,,
GCF_004358365.1;protein_1459,GCF_048568965.1;protein_4339,GCF_000005845.2;protein_639,GCF_053078305.1;protein_3991,GCF_048571455.1;protein_1526,,,,,,,,
GCF_004358365.1;protein_1460,GCF_048568965.1;protein_4340,GCF_000005845.2;protein_638,GCF_053078305.1;protein_3992,GCF_048571455.1;protein_1525,,,,,,,,
GCF_004358365.1;protein_1461,GCF_048568965.1;protein_4341,GCF_000005845.2;protein_637,GCF_053078305.1;protein_3993,GCF_048571455.1;protein_1524,,,,,,,,
GCF_004358365.1;protein_1462,GCF_048568965.1;protein_4342,GCF_000005845.2;protein_636,GCF_053078305.1;protein_3994,GCF_048571455.1;protein_1523,,,,,,,,
GCF_004358365.1;protein_1463,GCF_048568965.1;protein_4343,GCF_000005845.2;protein_635,GCF_053078305.1;protein_3995,GCF_048571455.1;protein_1522,,,,,,,,
GCF_004358365.1;protein_1464,GCF_048568965.1;protein_4344,GCF_000005845.2;protein_634,GCF_053078305.1;protein_3996,GCF_048571455.1;protein_1521,,,,,,,,
GCF_004358365.1;protein_1465,GCF_048568965.1;protein_4345,GCF_000005845.2;protein_633,GCF_053078305.1;protein_3997,GCF_048571455.1;protein_1520,,,,,,,,
GCF_004358365.1;protein_1466,GCF_048568965.1;protein_4346,GCF_000005845.2;protein_632,GCF_053078305.1;protein_3998,GCF_048571455.1;protein_1519,,,,,,,,
GCF_004358365.1;protein_1467,GCF_048568965.1;protein_4347,GCF_000005845.2;protein_631,GCF_053078305.1;protein_3999,GCF_048571455.1;protein_1518,,,,,,,,
GCF_004358365.1;protein_1468,GCF_048568965.1;protein_4348,GCF_000005845.2;protein_630,GCF_053078305.1;protein_4000,GCF_048571455.1;protein_1517,,,,,,,,
GCF_004358365.1;protein_1469,GCF_048568965.1;protein_4349,GCF_000005845.2;protein_629,GCF_053078305.1;protein_4001,GCF_048571455.1;protein_1516,,,,,,,,
GCF_004358365.1;protein_147,GCF_048568965.1;protein_2898,GCF_000005845.2;protein_1396,GCF_053078305.1;protein_3015,GCF_048571455.1;protein_2813,,,,,,,,
GCF_004358365.1;protein_1470,GCF_048568965.1;protein_4350,GCF_000005845.2;protein_628,GCF_053078305.1;protein_4002,GCF_048571455.1;protein_1515,,,,,,,,
GCF_004358365.1;protein_1471,GCF_048568965.1;protein_4351,GCF_000005845.2;protein_627,GCF_053078305.1;protein_4003,GCF_048571455.1;protein_1514,,,,,,,,
GCF_004358365.1;protein_1472,GCF_048568965.1;protein_4352,GCF_000005845.2;protein_626,GCF_053078305.1;protein_4004,GCF_048571455.1;protein_1513,,,,,,,,
GCF_004358365.1;protein_1473,GCF_048568965.1;protein_4353,GCF_000005845.2;protein_625,GCF_053078305.1;protein_4005,GCF_048571455.1;protein_1512,,,,,,,,
GCF_004358365.1;protein_1474,GCF_048568965.1;protein_4354,GCF_000005845.2;protein_624,GCF_053078305.1;protein_4006,GCF_048571455.1;protein_1511,,,,,,,,
GCF_004358365.1;protein_1475,GCF_048568965.1;protein_4355,GCF_000005845.2;protein_623,GCF_053078305.1;protein_4007,GCF_048571455.1;protein_1510,,,,,,,,
GCF_004358365.1;protein_1476,GCF_048568965.1;protein_4356,GCF_000005845.2;protein_622,GCF_053078305.1;protein_4008,GCF_048571455.1;protein_1509,,,,,,,,
GCF_004358365.1;protein_1477,GCF_048568965.1;protein_4357,GCF_000005845.2;protein_621,GCF_053078305.1;protein_4009,GCF_048571455.1;protein_1508,,,,,,,,
GCF_004358365.1;protein_1478,GCF_048568965.1;protein_4358,GCF_000005845.2;protein_620,GCF_053078305.1;protein_4010,GCF_048571455.1;protein_1507,,,,,,,,
GCF_004358365.1;protein_1479,GCF_048568965.1;protein_4359,GCF_000005845.2;protein_619,GCF_053078305.1;protein_4011,GCF_048571455.1;protein_1506,,,,,,,,
GCF_004358365.1;protein_148,GCF_048568965.1;protein_2897,GCF_000005845.2;protein_1395,GCF_053078305.1;protein_3016,GCF_048571455.1;protein_2812,,,,,,,,
GCF_004358365.1;protein_1480,GCF_048568965.1;protein_4360,GCF_000005845.2;protein_618,GCF_053078305.1;protein_4012,GCF_048571455.1;protein_1505,,,,,,,,
GCF_004358365.1;protein_1481,GCF_048568965.1;protein_4361,,GCF_053078305.1;protein_4013,GCF_048571455.1;protein_1504,,,,,,,,
GCF_004358365.1;protein_1482,GCF_048568965.1;protein_4362,GCF_000005845.2;protein_617,GCF_053078305.1;protein_4014,GCF_048571455.1;protein_1503,,,,,,,,
GCF_004358365.1;protein_1483,GCF_048568965.1;protein_4363,GCF_000005845.2;protein_616,GCF_053078305.1;protein_4015,GCF_048571455.1;protein_1502,,,,,,,,
GCF_004358365.1;protein_1484,GCF_048568965.1;protein_4364,GCF_000005845.2;protein_615,GCF_053078305.1;protein_4016,GCF_048571455.1;protein_1501,,,,,,,,
GCF_004358365.1;protein_1485,GCF_048568965.1;protein_4365,GCF_000005845.2;protein_614,GCF_053078305.1;protein_4017,GCF_048571455.1;protein_1500,,,,,,,,
GCF_004358365.1;protein_1486,GCF_048568965.1;protein_4366,GCF_000005845.2;protein_613,GCF_053078305.1;protein_4018,GCF_048571455.1;protein_1499,,,,,,,,
GCF_004358365.1;protein_1487,GCF_048568965.1;protein_4367,GCF_000005845.2;protein_612,GCF_053078305.1;protein_4019,GCF_048571455.1;protein_1498,,,,,,,,
GCF_004358365.1;protein_1488,GCF_048568965.1;protein_4368,GCF_000005845.2;protein_611,GCF_053078305.1;protein_4020,GCF_048571455.1;protein_1497,,,,,,,,
GCF_004358365.1;protein_1489,GCF_048568965.1;protein_4369,GCF_000005845.2;protein_610,GCF_053078305.1;protein_4021,GCF_048571455.1;protein_1496,,,,,,,,
GCF_004358365.1;protein_149,GCF_048568965.1;protein_2896,GCF_000005845.2;protein_1394,GCF_053078305.1;protein_3017,GCF_048571455.1;protein_2811,,,,,,,,
GCF_004358365.1;protein_1490,GCF_048568965.1;protein_4370,GCF_000005845.2;protein_609,GCF_053078305.1;protein_4022,GCF_048571455.1;protein_1495,,,,,,,,
GCF_004358365.1;protein_1491,GCF_048568965.1;protein_4371,GCF_000005845.2;protein_608,GCF_053078305.1;protein_4023,GCF_048571455.1;protein_1494,,,,,,,,
GCF_004358365.1;protein_1492,GCF_048568965.1;protein_4372,GCF_000005845.2;protein_607,GCF_053078305.1;protein_4024,GCF_048571455.1;protein_1493,,,,,,,,
GCF_004358365.1;protein_1493,GCF_048568965.1;protein_4373,GCF_000005845.2;protein_606,GCF_053078305.1;protein_4025,GCF_048571455.1;protein_1492,,,,,,,,
GCF_004358365.1;protein_1494,GCF_048568965.1;protein_4374,GCF_000005845.2;protein_605,GCF_053078305.1;protein_4026,GCF_048571455.1;protein_1491,,,,,,,,
GCF_004358365.1;protein_1495,GCF_048568965.1;protein_4375,GCF_000005845.2;protein_604,GCF_053078305.1;protein_4027,GCF_048571455.1;protein_1490,,,,,,,,
GCF_004358365.1;protein_1496,GCF_048568965.1;protein_4376,GCF_000005845.2;protein_603,GCF_053078305.1;protein_4028,GCF_048571455.1;protein_1489,,,,,,,,
GCF_004358365.1;protein_1498,GCF_048568965.1;protein_4378,GCF_000005845.2;protein_601,GCF_053078305.1;protein_4030,GCF_048571455.1;protein_1487,,,,,,,,
GCF_004358365.1;protein_1499,GCF_048568965.1;protein_4379,GCF_000005845.2;protein_600,GCF_053078305.1;protein_4031,GCF_048571455.1;protein_1486,,,,,,,,
GCF_004358365.1;protein_15,GCF_048568965.1;protein_3028,,,GCF_048571455.1;protein_2943,,,,,,,,
GCF_004358365.1;protein_150,GCF_048568965.1;protein_2895,GCF_000005845.2;protein_1388,,GCF_048571455.1;protein_2810,,,,,,,,
GCF_004358365.1;protein_1500,GCF_048568965.1;protein_4380,GCF_000005845.2;protein_599,GCF_053078305.1;protein_4032,GCF_048571455.1;protein_1485,,,,,,,,
GCF_004358365.1;protein_1501,GCF_048568965.1;protein_4381,GCF_000005845.2;protein_598,GCF_053078305.1;protein_4033,GCF_048571455.1;protein_1484,,,,,,,,
GCF_004358365.1;protein_1502,GCF_048568965.1;protein_4382,GCF_000005845.2;protein_597,GCF_053078305.1;protein_4034,GCF_048571455.1;protein_1483,,,,,,,,
GCF_004358365.1;protein_1503,GCF_048568965.1;protein_4383,GCF_000005845.2;protein_596,GCF_053078305.1;protein_4035,GCF_048571455.1;protein_1482,,,,,,,,
GCF_004358365.1;protein_1504,GCF_048568965.1;protein_4384,GCF_000005845.2;protein_595,GCF_053078305.1;protein_4036,GCF_048571455.1;protein_1481,,,,,,,,
GCF_004358365.1;protein_1505,GCF_048568965.1;protein_4385,GCF_000005845.2;protein_594,GCF_053078305.1;protein_4037,GCF_048571455.1;protein_1480,,,,,,,,
GCF_004358365.1;protein_1506,GCF_048568965.1;protein_4386,GCF_000005845.2;protein_593,GCF_053078305.1;protein_4038,GCF_048571455.1;protein_1479,,,,,,,,
GCF_004358365.1;protein_1507,GCF_048568965.1;protein_4387,GCF_000005845.2;protein_592,GCF_053078305.1;protein_4039,GCF_048571455.1;protein_1478,,,,,,,,
GCF_004358365.1;protein_1508,GCF_048568965.1;protein_4388,GCF_000005845.2;protein_591,GCF_053078305.1;protein_4040,GCF_048571455.1;protein_1477,,,,,,,,
GCF_004358365.1;protein_1509,GCF_048568965.1;protein_4389,GCF_000005845.2;protein_590,GCF_053078305.1;protein_4041,GCF_048571455.1;protein_1476,,,,,,,,
GCF_004358365.1;protein_151,GCF_048568965.1;protein_2894,GCF_000005845.2;protein_1387,,GCF_048571455.1;protein_2809,,,,,,,,
GCF_004358365.1;protein_1510,GCF_048568965.1;protein_4390,GCF_000005845.2;protein_589,GCF_053078305.1;protein_4042,GCF_048571455.1;protein_1475,,,,,,,,
GCF_004358365.1;protein_1511,GCF_048568965.1;protein_4391,GCF_000005845.2;protein_588,GCF_053078305.1;protein_4043,GCF_048571455.1;protein_1474,,,,,,,,
GCF_004358365.1;protein_1512,GCF_048568965.1;protein_4392,GCF_000005845.2;protein_587,GCF_053078305.1;protein_4044,GCF_048571455.1;protein_1473,,,,,,,,
GCF_004358365.1;protein_1513,GCF_048568965.1;protein_4393,GCF_000005845.2;protein_586,GCF_053078305.1;protein_4045,GCF_048571455.1;protein_1472,,,,,,,,
GCF_004358365.1;protein_1514,GCF_048568965.1;protein_4394,GCF_000005845.2;protein_585,GCF_053078305.1;protein_4046,GCF_048571455.1;protein_1471,,,,,,,,
GCF_004358365.1;protein_1515,GCF_048568965.1;protein_4395,GCF_000005845.2;protein_584,GCF_053078305.1;protein_4047,GCF_048571455.1;protein_1470,,,,,,,,
GCF_004358365.1;protein_1516,GCF_048568965.1;protein_4396,GCF_000005845.2;protein_583,GCF_053078305.1;protein_4048,GCF_048571455.1;protein_1469,,,,,,,,
GCF_004358365.1;protein_1517,GCF_048568965.1;protein_4397,GCF_000005845.2;protein_582,GCF_053078305.1;protein_4049,GCF_048571455.1;protein_1468,,,,,,,,
GCF_004358365.1;protein_1518,GCF_048568965.1;protein_4398,GCF_000005845.2;protein_581,GCF_053078305.1;protein_4050,GCF_048571455.1;protein_1467,,,,,,,,
GCF_004358365.1;protein_1519,GCF_048568965.1;protein_4399,GCF_000005845.2;protein_580,GCF_053078305.1;protein_4051,GCF_048571455.1;protein_1466,,,,,,,,
GCF_004358365.1;protein_152,GCF_048568965.1;protein_2893,GCF_000005845.2;protein_1386,,GCF_048571455.1;protein_2808,,,,,,,,
GCF_004358365.1;protein_1520,GCF_048568965.1;protein_4400,GCF_000005845.2;protein_579,GCF_053078305.1;protein_4052,GCF_048571455.1;protein_1465,,,,,,,,
GCF_004358365.1;protein_1521,GCF_048568965.1;protein_4401,GCF_000005845.2;protein_578,GCF_053078305.1;protein_4053,GCF_048571455.1;protein_1464,,,,,,,,
GCF_004358365.1;protein_1522,GCF_048568965.1;protein_4402,GCF_000005845.2;protein_577,GCF_053078305.1;protein_4054,GCF_048571455.1;protein_1463,,,,,,,,
GCF_004358365.1;protein_1523,GCF_048568965.1;protein_4403,GCF_000005845.2;protein_576,GCF_053078305.1;protein_4055,GCF_048571455.1;protein_1462,,,,,,,,
GCF_004358365.1;protein_1524,GCF_048568965.1;protein_4404,GCF_000005845.2;protein_575,GCF_053078305.1;protein_4056,GCF_048571455.1;protein_1461,,,,,,,,
GCF_004358365.1;protein_1525,GCF_048568965.1;protein_4405,GCF_000005845.2;protein_574,GCF_053078305.1;protein_4057,GCF_048571455.1;protein_1460,,,,,,,,
GCF_004358365.1;protein_1528,GCF_048568965.1;protein_4408,,GCF_053078305.1;protein_4059,GCF_048571455.1;protein_1457,,,,,,,,
GCF_004358365.1;protein_1529,GCF_048568965.1;protein_4409,GCF_000005845.2;protein_571,GCF_053078305.1;protein_4060,GCF_048571455.1;protein_1456,,,,,,,,
GCF_004358365.1;protein_153,GCF_048568965.1;protein_2892,GCF_000005845.2;protein_1385,,GCF_048571455.1;protein_2807,,,,,,,,
GCF_004358365.1;protein_1530,GCF_048568965.1;protein_4410,GCF_000005845.2;protein_570,GCF_053078305.1;protein_4061,GCF_048571455.1;protein_1455,,,,,,,,
GCF_004358365.1;protein_1531,GCF_048568965.1;protein_4411,GCF_000005845.2;protein_569,GCF_053078305.1;protein_4062,GCF_048571455.1;protein_1454,,,,,,,,
GCF_004358365.1;protein_1532,GCF_048568965.1;protein_4412,GCF_000005845.2;protein_568,GCF_053078305.1;protein_4063,GCF_048571455.1;protein_1453,,,,,,,,
GCF_004358365.1;protein_1533,GCF_048568965.1;protein_4413,GCF_000005845.2;protein_567,GCF_053078305.1;protein_4064,GCF_048571455.1;protein_1452,,,,,,,,
GCF_004358365.1;protein_1534,GCF_048568965.1;protein_4414,GCF_000005845.2;protein_566,GCF_053078305.1;protein_4065,GCF_048571455.1;protein_1451,,,,,,,,
GCF_004358365.1;protein_1535,GCF_048568965.1;protein_4415,GCF_000005845.2;protein_565,GCF_053078305.1;protein_4066,GCF_048571455.1;protein_1450,,,,,,,,
GCF_004358365.1;protein_1536,GCF_048568965.1;protein_4416,GCF_000005845.2;protein_564,GCF_053078305.1;protein_4067,GCF_048571455.1;protein_1449,,,,,,,,
GCF_004358365.1;protein_1537,GCF_048568965.1;protein_4417,GCF_000005845.2;protein_563,GCF_053078305.1;protein_4068,GCF_048571455.1;protein_1448,,,,,,,,
GCF_004358365.1;protein_1538,GCF_048568965.1;protein_4418,GCF_000005845.2;protein_562,GCF_053078305.1;protein_4069,GCF_048571455.1;protein_1447,,,,,,,,
GCF_004358365.1;protein_1539,GCF_048568965.1;protein_4419,GCF_000005845.2;protein_561,GCF_053078305.1;protein_4070,GCF_048571455.1;protein_1446,,,,,,,,
GCF_004358365.1;protein_154,GCF_048568965.1;protein_2891,GCF_000005845.2;protein_1384,,GCF_048571455.1;protein_2806,,,,,,,,
GCF_004358365.1;protein_1540,GCF_048568965.1;protein_4420,GCF_000005845.2;protein_560,GCF_053078305.1;protein_4071,GCF_048571455.1;protein_1445,,,,,,,,
GCF_004358365.1;protein_1541,GCF_048568965.1;protein_4421,,,GCF_048571455.1;protein_1444,,,,,,,,
GCF_004358365.1;protein_1542,GCF_048568965.1;protein_4422,,,GCF_048571455.1;protein_1443,,,,,,,,
GCF_004358365.1;protein_1543,GCF_048568965.1;protein_4423,,,GCF_048571455.1;protein_1442,,,,,,,,
GCF_004358365.1;protein_1544,GCF_048568965.1;protein_4424,,,GCF_048571455.1;protein_1441,,,,,,,,
GCF_004358365.1;protein_1545,GCF_048568965.1;protein_4425,,,GCF_048571455.1;protein_1440,,,,,,,,
GCF_004358365.1;protein_1546,GCF_048568965.1;protein_4426,,,GCF_048571455.1;protein_1439,,,,,,,,
GCF_004358365.1;protein_1547,GCF_048568965.1;protein_4427,,,GCF_048571455.1;protein_1438,,,,,,,,
GCF_004358365.1;protein_1549,GCF_048568965.1;protein_4429,GCF_000005845.2;protein_559,GCF_053078305.1;protein_4072,GCF_048571455.1;protein_1436,,,,,,,,
GCF_004358365.1;protein_155,GCF_048568965.1;protein_2890,GCF_000005845.2;protein_1383,,GCF_048571455.1;protein_2805,,,,,,,,
GCF_004358365.1;protein_1550,GCF_048568965.1;protein_4430,GCF_000005845.2;protein_558,GCF_053078305.1;protein_4073,GCF_048571455.1;protein_1435,,,,,,,,
GCF_004358365.1;protein_1551,GCF_048568965.1;protein_4431,GCF_000005845.2;protein_557,GCF_053078305.1;protein_4074,GCF_048571455.1;protein_1434,,,,,,,,
GCF_004358365.1;protein_1552,GCF_048568965.1;protein_4432,GCF_000005845.2;protein_556,GCF_053078305.1;protein_4075,GCF_048571455.1;protein_1433,,,,,,,,
GCF_004358365.1;protein_1553,GCF_048568965.1;protein_4433,GCF_000005845.2;protein_555,GCF_053078305.1;protein_1698,GCF_048571455.1;protein_1432,,,,,,,,
GCF_048571455.1;protein_1431,GCF_053078305.1;protein_1697,,GCF_053078305.1;protein_5910,GCF_048568965.1;protein_4434,GCF_004358365.1;protein_1554,,,,,,,
GCF_004358365.1;protein_1555,GCF_048568965.1;protein_4435,,GCF_053078305.1;protein_1696,GCF_048571455.1;protein_1430,,,,,,,,
GCF_004358365.1;protein_1556,GCF_048568965.1;protein_4436,,GCF_053078305.1;protein_1695,GCF_048571455.1;protein_1429,,,,,,,,
GCF_004358365.1;protein_1557,GCF_048568965.1;protein_4437,,GCF_053078305.1;protein_1694,GCF_048571455.1;protein_1428,,,,,,,,
GCF_004358365.1;protein_1559,GCF_048568965.1;protein_4439,,GCF_048571455.1;protein_1426,GCF_048568965.1;protein_2801,GCF_048571455.1;protein_3037,,,,,,,
GCF_004358365.1;protein_156,GCF_048568965.1;protein_2889,GCF_000005845.2;protein_1382,,GCF_048571455.1;protein_2804,,,,,,,,
GCF_004358365.1;protein_1567,GCF_048568965.1;protein_4447,,GCF_053078305.1;protein_1684,GCF_048571455.1;protein_1418,,,,,,,,
GCF_004358365.1;protein_1568,GCF_048568965.1;protein_4448,,GCF_053078305.1;protein_1683,GCF_048571455.1;protein_1417,,,,,,,,
GCF_004358365.1;protein_1569,GCF_048568965.1;protein_4449,,GCF_053078305.1;protein_1682,GCF_048571455.1;protein_1416,,,,,,,,
GCF_004358365.1;protein_157,GCF_048568965.1;protein_2888,GCF_000005845.2;protein_1381,,GCF_048571455.1;protein_2803,,,,,,,,
GCF_004358365.1;protein_1576,GCF_048568965.1;protein_4456,,,GCF_048571455.1;protein_1409,,,,,,,,
GCF_004358365.1;protein_158,GCF_048568965.1;protein_2887,GCF_000005845.2;protein_1380,,GCF_048571455.1;protein_2802,,,,,,,,
GCF_004358365.1;protein_1580,GCF_048568965.1;protein_4460,,,GCF_048571455.1;protein_1405,,,,,,,,
GCF_004358365.1;protein_159,GCF_048568965.1;protein_2886,GCF_000005845.2;protein_1379,,GCF_048571455.1;protein_2801,,,,,,,,
GCF_004358365.1;protein_1591,GCF_048568965.1;protein_4471,GCF_000005845.2;protein_541,GCF_053078305.1;protein_1645,GCF_048571455.1;protein_1394,,,,,,,,
GCF_004358365.1;protein_1592,GCF_048568965.1;protein_4472,GCF_000005845.2;protein_540,GCF_053078305.1;protein_1644,GCF_048571455.1;protein_1393,,,,,,,,
GCF_004358365.1;protein_1593,GCF_048568965.1;protein_4473,GCF_000005845.2;protein_539,GCF_053078305.1;protein_1643,GCF_048571455.1;protein_1392,,,,,,,,
GCF_004358365.1;protein_1594,GCF_048568965.1;protein_4474,GCF_000005845.2;protein_538,GCF_053078305.1;protein_1642,GCF_048571455.1;protein_1391,,,,,,,,
GCF_004358365.1;protein_1595,GCF_048568965.1;protein_4475,GCF_000005845.2;protein_537,GCF_053078305.1;protein_1641,GCF_048571455.1;protein_1390,,,,,,,,
GCF_004358365.1;protein_1596,GCF_048568965.1;protein_4476,GCF_000005845.2;protein_536,GCF_053078305.1;protein_1640,GCF_048571455.1;protein_1389,,,,,,,,
GCF_004358365.1;protein_1597,GCF_048568965.1;protein_4477,GCF_000005845.2;protein_535,GCF_053078305.1;protein_1639,GCF_048571455.1;protein_1388,,,,,,,,
GCF_004358365.1;protein_1598,GCF_053078305.1;protein_1638,GCF_048571455.1;protein_1387,GCF_000005845.2;protein_534,GCF_048568965.1;protein_4478,,,,,,,,
GCF_004358365.1;protein_1599,GCF_048568965.1;protein_4479,,,GCF_048571455.1;protein_1386,,,,,,,,
GCF_004358365.1;protein_16,GCF_048568965.1;protein_3027,,,GCF_048571455.1;protein_2942,,,,,,,,
GCF_004358365.1;protein_160,GCF_048568965.1;protein_2885,GCF_000005845.2;protein_1378,,GCF_048571455.1;protein_2800,,,,,,,,
GCF_004358365.1;protein_1600,GCF_048568965.1;protein_4480,,,GCF_048571455.1;protein_1385,,,,,,,,
GCF_004358365.1;protein_1601,GCF_048568965.1;protein_4481,,,GCF_048571455.1;protein_1384,,,,,,,,
GCF_004358365.1;protein_1602,GCF_048568965.1;protein_4482,,,GCF_048571455.1;protein_1383,,,,,,,,
GCF_004358365.1;protein_1603,GCF_048568965.1;protein_4483,,,GCF_048571455.1;protein_1382,,,,,,,,
GCF_004358365.1;protein_1605,GCF_048568965.1;protein_4485,,GCF_053078305.1;protein_1632,,,,,,,,,
GCF_004358365.1;protein_1606,GCF_048568965.1;protein_4486,,GCF_053078305.1;protein_1631,GCF_048571455.1;protein_1377,,,,,,,,
GCF_004358365.1;protein_1607,GCF_048568965.1;protein_4487,,,GCF_048571455.1;protein_1376,,,,,,,,
GCF_004358365.1;protein_1608,GCF_048568965.1;protein_4488,,,GCF_048571455.1;protein_1375,,,,,,,,
GCF_004358365.1;protein_1609,GCF_048568965.1;protein_4489,,,GCF_048571455.1;protein_1374,,,,,,,,
GCF_004358365.1;protein_161,GCF_048568965.1;protein_2884,GCF_000005845.2;protein_1377,,GCF_048571455.1;protein_2799,,,,,,,,
GCF_004358365.1;protein_1610,GCF_048568965.1;protein_4490,,,GCF_048571455.1;protein_1373,,,,,,,,
GCF_004358365.1;protein_1611,GCF_048568965.1;protein_4491,,GCF_053078305.1;protein_1626,GCF_048571455.1;protein_1372,,,,,,,,
GCF_004358365.1;protein_162,GCF_048568965.1;protein_2883,GCF_000005845.2;protein_1376,,GCF_048571455.1;protein_2798,,,,,,,,
GCF_004358365.1;protein_1620,GCF_048568965.1;protein_4499,,GCF_053078305.1;protein_1618,GCF_048571455.1;protein_1364,,,,,,,,
GCF_004358365.1;protein_1621,GCF_048568965.1;protein_4500,,,GCF_048571455.1;protein_1363,,,,,,,,
GCF_004358365.1;protein_1622,GCF_048568965.1;protein_4501,GCF_000005845.2;protein_525,,GCF_048571455.1;protein_1362,,,,,,,,
GCF_004358365.1;protein_1623,GCF_048568965.1;protein_4502,GCF_000005845.2;protein_524,GCF_053078305.1;protein_4076,GCF_048571455.1;protein_1361,,,,,,,,
GCF_004358365.1;protein_1624,GCF_048568965.1;protein_4503,GCF_000005845.2;protein_523,GCF_053078305.1;protein_4077,GCF_048571455.1;protein_1360,,,,,,,,
GCF_004358365.1;protein_1625,GCF_048568965.1;protein_4504,GCF_000005845.2;protein_522,GCF_053078305.1;protein_4078,GCF_048571455.1;protein_1359,,,,,,,,
GCF_004358365.1;protein_1626,GCF_048568965.1;protein_4505,GCF_000005845.2;protein_521,GCF_053078305.1;protein_4079,GCF_048571455.1;protein_1358,,,,,,,,
GCF_004358365.1;protein_1627,GCF_048568965.1;protein_4506,GCF_000005845.2;protein_520,GCF_053078305.1;protein_4080,GCF_048571455.1;protein_1357,,,,,,,,
GCF_004358365.1;protein_1628,GCF_048568965.1;protein_4507,GCF_000005845.2;protein_519,GCF_053078305.1;protein_4081,GCF_048571455.1;protein_1356,,,,,,,,
GCF_004358365.1;protein_1629,GCF_048568965.1;protein_4508,GCF_000005845.2;protein_518,GCF_053078305.1;protein_4082,GCF_048571455.1;protein_1355,,,,,,,,
GCF_004358365.1;protein_163,GCF_048568965.1;protein_2882,GCF_000005845.2;protein_1375,,GCF_048571455.1;protein_2797,,,,,,,,
GCF_004358365.1;protein_1630,GCF_048568965.1;protein_4509,GCF_000005845.2;protein_517,GCF_053078305.1;protein_4083,GCF_048571455.1;protein_1354,,,,,,,,
GCF_004358365.1;protein_1631,GCF_048568965.1;protein_4510,GCF_000005845.2;protein_516,GCF_053078305.1;protein_4084,GCF_048571455.1;protein_1353,,,,,,,,
GCF_004358365.1;protein_1632,GCF_048568965.1;protein_4511,GCF_000005845.2;protein_515,GCF_053078305.1;protein_4085,GCF_048571455.1;protein_1352,,,,,,,,
GCF_004358365.1;protein_1633,GCF_048568965.1;protein_4512,GCF_000005845.2;protein_514,GCF_053078305.1;protein_4086,GCF_048571455.1;protein_1351,,,,,,,,
GCF_004358365.1;protein_1634,GCF_048568965.1;protein_4513,GCF_000005845.2;protein_513,GCF_053078305.1;protein_4087,GCF_048571455.1;protein_1350,,,,,,,,
GCF_004358365.1;protein_1635,GCF_048568965.1;protein_4514,GCF_000005845.2;protein_512,GCF_053078305.1;protein_4088,GCF_048571455.1;protein_1349,,,,,,,,
GCF_004358365.1;protein_1636,GCF_048568965.1;protein_4515,GCF_000005845.2;protein_511,GCF_053078305.1;protein_4089,GCF_048571455.1;protein_1348,,,,,,,,
GCF_004358365.1;protein_1637,GCF_048568965.1;protein_4516,GCF_000005845.2;protein_510,GCF_053078305.1;protein_4090,GCF_048571455.1;protein_1347,,,,,,,,
GCF_004358365.1;protein_1638,GCF_048568965.1;protein_4517,GCF_000005845.2;protein_509,GCF_053078305.1;protein_4091,GCF_048571455.1;protein_1346,,,,,,,,
GCF_004358365.1;protein_1639,GCF_048568965.1;protein_4518,GCF_000005845.2;protein_508,GCF_053078305.1;protein_4092,GCF_048571455.1;protein_1345,,,,,,,,
GCF_004358365.1;protein_164,GCF_048568965.1;protein_2881,GCF_000005845.2;protein_1374,,GCF_048571455.1;protein_2796,,,,,,,,
GCF_004358365.1;protein_1640,GCF_048568965.1;protein_4519,GCF_000005845.2;protein_507,GCF_053078305.1;protein_4093,GCF_048571455.1;protein_1344,,,,,,,,
GCF_004358365.1;protein_1641,GCF_048568965.1;protein_4520,GCF_000005845.2;protein_506,GCF_053078305.1;protein_4094,GCF_048571455.1;protein_1343,,,,,,,,
GCF_004358365.1;protein_1642,GCF_048568965.1;protein_4521,GCF_000005845.2;protein_505,GCF_053078305.1;protein_4095,GCF_048571455.1;protein_1342,,,,,,,,
GCF_004358365.1;protein_1643,GCF_048568965.1;protein_4522,GCF_000005845.2;protein_504,GCF_053078305.1;protein_4096,GCF_048571455.1;protein_1341,,,,,,,,
GCF_004358365.1;protein_1644,GCF_048568965.1;protein_4523,GCF_000005845.2;protein_503,GCF_053078305.1;protein_4097,GCF_048571455.1;protein_1340,,,,,,,,
GCF_004358365.1;protein_1645,GCF_048568965.1;protein_4524,GCF_000005845.2;protein_502,GCF_053078305.1;protein_4098,GCF_048571455.1;protein_1339,,,,,,,,
GCF_004358365.1;protein_1646,GCF_048568965.1;protein_4525,GCF_000005845.2;protein_501,GCF_053078305.1;protein_4099,GCF_048571455.1;protein_1338,,,,,,,,
GCF_004358365.1;protein_1647,GCF_048568965.1;protein_4526,GCF_000005845.2;protein_500,GCF_053078305.1;protein_4100,GCF_048571455.1;protein_1337,,,,,,,,
GCF_004358365.1;protein_1648,GCF_048568965.1;protein_4527,GCF_000005845.2;protein_499,GCF_053078305.1;protein_4101,GCF_048571455.1;protein_1336,,,,,,,,
GCF_004358365.1;protein_1649,GCF_048568965.1;protein_4528,GCF_000005845.2;protein_498,GCF_053078305.1;protein_4102,GCF_048571455.1;protein_1335,,,,,,,,
GCF_004358365.1;protein_165,GCF_048568965.1;protein_2880,GCF_000005845.2;protein_1373,,GCF_048571455.1;protein_2795,,,,,,,,
GCF_004358365.1;protein_1650,GCF_048568965.1;protein_4529,GCF_000005845.2;protein_497,GCF_053078305.1;protein_4103,GCF_048571455.1;protein_1334,,,,,,,,
GCF_004358365.1;protein_1651,GCF_048568965.1;protein_4530,GCF_000005845.2;protein_496,GCF_053078305.1;protein_4104,GCF_048571455.1;protein_1333,,,,,,,,
GCF_004358365.1;protein_1652,GCF_048568965.1;protein_4531,GCF_000005845.2;protein_495,GCF_053078305.1;protein_4105,GCF_048571455.1;protein_1332,,,,,,,,
GCF_004358365.1;protein_1653,GCF_048568965.1;protein_4532,GCF_000005845.2;protein_494,GCF_053078305.1;protein_4106,GCF_048571455.1;protein_1331,,,,,,,,
GCF_004358365.1;protein_1654,GCF_048568965.1;protein_4533,GCF_000005845.2;protein_493,GCF_053078305.1;protein_4107,GCF_048571455.1;protein_1330,,,,,,,,
GCF_004358365.1;protein_1655,GCF_048568965.1;protein_4534,GCF_000005845.2;protein_492,GCF_053078305.1;protein_4108,GCF_048571455.1;protein_1329,,,,,,,,
GCF_004358365.1;protein_1656,GCF_048568965.1;protein_4535,,GCF_053078305.1;protein_4109,GCF_048571455.1;protein_1328,,,,,,,,
GCF_004358365.1;protein_1658,GCF_048568965.1;protein_4536,,,GCF_048571455.1;protein_1327,,,,,,,,
GCF_004358365.1;protein_1659,GCF_048568965.1;protein_4537,,,GCF_048571455.1;protein_1326,,,,,,,,
GCF_004358365.1;protein_166,GCF_048568965.1;protein_2879,GCF_000005845.2;protein_1372,,GCF_048571455.1;protein_2794,,,,,,,,
GCF_004358365.1;protein_1661,GCF_048568965.1;protein_4539,GCF_000005845.2;protein_489,GCF_053078305.1;protein_4112,GCF_048571455.1;protein_1324,,,,,,,,
GCF_004358365.1;protein_1662,GCF_048568965.1;protein_4540,GCF_000005845.2;protein_488,GCF_053078305.1;protein_4113,GCF_048571455.1;protein_1323,,,,,,,,
GCF_004358365.1;protein_1663,GCF_048568965.1;protein_4541,GCF_000005845.2;protein_487,GCF_053078305.1;protein_4114,GCF_048571455.1;protein_1322,,,,,,,,
GCF_004358365.1;protein_1664,GCF_048568965.1;protein_4542,GCF_000005845.2;protein_486,GCF_053078305.1;protein_4115,GCF_048571455.1;protein_1321,,,,,,,,
GCF_004358365.1;protein_1665,GCF_048568965.1;protein_4543,GCF_000005845.2;protein_485,GCF_053078305.1;protein_4116,GCF_048571455.1;protein_1320,,,,,,,,
GCF_004358365.1;protein_1666,GCF_048568965.1;protein_4544,GCF_000005845.2;protein_484,GCF_053078305.1;protein_4117,GCF_048571455.1;protein_1319,,,,,,,,
GCF_004358365.1;protein_1667,GCF_048568965.1;protein_4545,GCF_000005845.2;protein_483,GCF_053078305.1;protein_4118,GCF_048571455.1;protein_1318,,,,,,,,
GCF_004358365.1;protein_1668,GCF_048568965.1;protein_4546,GCF_000005845.2;protein_482,GCF_053078305.1;protein_4119,GCF_048571455.1;protein_1317,,,,,,,,
GCF_004358365.1;protein_1669,GCF_048568965.1;protein_4547,GCF_000005845.2;protein_481,GCF_053078305.1;protein_4120,GCF_048571455.1;protein_1316,,,,,,,,
GCF_004358365.1;protein_167,GCF_048568965.1;protein_2878,GCF_000005845.2;protein_1371,,GCF_048571455.1;protein_2793,,,,,,,,
GCF_004358365.1;protein_1670,GCF_048568965.1;protein_4548,GCF_000005845.2;protein_480,GCF_053078305.1;protein_4125,GCF_048571455.1;protein_1315,,,,,,,,
GCF_004358365.1;protein_1671,GCF_048568965.1;protein_4549,,,GCF_048571455.1;protein_1314,,,,,,,,
GCF_004358365.1;protein_1672,GCF_048568965.1;protein_4550,GCF_000005845.2;protein_479,GCF_053078305.1;protein_4130,GCF_048571455.1;protein_1313,,,,,,,,
GCF_004358365.1;protein_1673,GCF_048568965.1;protein_4551,GCF_000005845.2;protein_478,GCF_053078305.1;protein_4131,GCF_048571455.1;protein_1312,,,,,,,,
GCF_004358365.1;protein_1674,GCF_048568965.1;protein_4552,GCF_000005845.2;protein_476,GCF_053078305.1;protein_4132,GCF_048571455.1;protein_1311,,,,,,,,
GCF_004358365.1;protein_1675,GCF_048568965.1;protein_4553,GCF_000005845.2;protein_475,GCF_053078305.1;protein_4133,GCF_048571455.1;protein_1310,,,,,,,,
GCF_004358365.1;protein_1676,GCF_048568965.1;protein_4554,GCF_000005845.2;protein_474,GCF_053078305.1;protein_4134,GCF_048571455.1;protein_1309,,,,,,,,
GCF_004358365.1;protein_1677,GCF_048568965.1;protein_4555,GCF_000005845.2;protein_473,GCF_053078305.1;protein_4135,GCF_048571455.1;protein_1308,,,,,,,,
GCF_004358365.1;protein_1678,GCF_048568965.1;protein_4556,GCF_000005845.2;protein_472,GCF_053078305.1;protein_4136,GCF_048571455.1;protein_1307,,,,,,,,
GCF_004358365.1;protein_1679,GCF_048568965.1;protein_4557,GCF_000005845.2;protein_471,GCF_053078305.1;protein_4137,GCF_048571455.1;protein_1306,,,,,,,,
GCF_004358365.1;protein_168,GCF_048568965.1;protein_2877,GCF_000005845.2;protein_1370,,GCF_048571455.1;protein_2792,,,,,,,,
GCF_004358365.1;protein_1680,GCF_048568965.1;protein_4558,GCF_000005845.2;protein_470,GCF_053078305.1;protein_4138,GCF_048571455.1;protein_1305,,,,,,,,
GCF_004358365.1;protein_1681,GCF_048568965.1;protein_4559,GCF_000005845.2;protein_469,GCF_053078305.1;protein_4139,GCF_048571455.1;protein_1304,,,,,,,,
GCF_004358365.1;protein_1682,GCF_048568965.1;protein_4560,GCF_000005845.2;protein_468,GCF_053078305.1;protein_4140,GCF_048571455.1;protein_1303,,,,,,,,
GCF_004358365.1;protein_1683,GCF_048568965.1;protein_4561,GCF_000005845.2;protein_467,GCF_053078305.1;protein_4141,GCF_048571455.1;protein_1302,,,,,,,,
GCF_004358365.1;protein_1684,GCF_048568965.1;protein_4562,GCF_000005845.2;protein_466,GCF_053078305.1;protein_4142,GCF_048571455.1;protein_1301,,,,,,,,
GCF_004358365.1;protein_1685,GCF_048568965.1;protein_4563,GCF_000005845.2;protein_465,GCF_053078305.1;protein_4143,GCF_048571455.1;protein_1300,,,,,,,,
GCF_004358365.1;protein_1686,GCF_048568965.1;protein_4564,GCF_000005845.2;protein_464,GCF_053078305.1;protein_4144,GCF_048571455.1;protein_1299,,,,,,,,
GCF_004358365.1;protein_1687,GCF_048568965.1;protein_4565,GCF_000005845.2;protein_463,GCF_053078305.1;protein_4145,GCF_048571455.1;protein_1298,,,,,,,,
GCF_004358365.1;protein_1688,GCF_048568965.1;protein_4566,GCF_000005845.2;protein_461,GCF_053078305.1;protein_4146,GCF_048571455.1;protein_1297,,,,,,,,
GCF_004358365.1;protein_1689,GCF_048568965.1;protein_4567,GCF_000005845.2;protein_460,GCF_053078305.1;protein_4147,GCF_048571455.1;protein_1296,,,,,,,,
GCF_004358365.1;protein_169,GCF_048568965.1;protein_2876,GCF_000005845.2;protein_1369,GCF_053078305.1;protein_3021,GCF_048571455.1;protein_2791,,,,,,,,
GCF_004358365.1;protein_1690,GCF_048568965.1;protein_4568,GCF_000005845.2;protein_459,GCF_053078305.1;protein_4148,GCF_048571455.1;protein_1295,,,,,,,,
GCF_004358365.1;protein_1691,GCF_048568965.1;protein_4569,GCF_000005845.2;protein_458,GCF_053078305.1;protein_4149,GCF_048571455.1;protein_1294,,,,,,,,
GCF_004358365.1;protein_1692,GCF_048568965.1;protein_4570,GCF_000005845.2;protein_457,GCF_053078305.1;protein_4150,GCF_048571455.1;protein_1293,,,,,,,,
GCF_004358365.1;protein_1694,GCF_048568965.1;protein_4572,GCF_000005845.2;protein_456,GCF_053078305.1;protein_4151,GCF_048571455.1;protein_1291,,,,,,,,
GCF_004358365.1;protein_1695,GCF_048568965.1;protein_4573,GCF_000005845.2;protein_455,GCF_053078305.1;protein_4152,GCF_048571455.1;protein_1290,,,,,,,,
GCF_004358365.1;protein_1696,GCF_048568965.1;protein_4574,GCF_000005845.2;protein_454,GCF_053078305.1;protein_4153,GCF_048571455.1;protein_1289,,,,,,,,
GCF_004358365.1;protein_1697,GCF_048568965.1;protein_4575,GCF_000005845.2;protein_453,GCF_053078305.1;protein_4154,GCF_048571455.1;protein_1288,,,,,,,,
GCF_004358365.1;protein_1698,GCF_048568965.1;protein_4576,GCF_000005845.2;protein_452,GCF_053078305.1;protein_4155,GCF_048571455.1;protein_1287,,,,,,,,
GCF_004358365.1;protein_1699,GCF_048568965.1;protein_4577,GCF_000005845.2;protein_451,GCF_053078305.1;protein_4156,GCF_048571455.1;protein_1286,,,,,,,,
GCF_004358365.1;protein_17,GCF_048568965.1;protein_3026,,,GCF_048571455.1;protein_2941,,,,,,,,
GCF_004358365.1;protein_170,GCF_048568965.1;protein_2875,GCF_000005845.2;protein_1368,GCF_053078305.1;protein_3022,GCF_048571455.1;protein_2790,,,,,,,,
GCF_004358365.1;protein_1700,GCF_048568965.1;protein_4578,GCF_000005845.2;protein_450,GCF_053078305.1;protein_4157,GCF_048571455.1;protein_1285,,,,,,,,
GCF_004358365.1;protein_1701,GCF_048568965.1;protein_4579,GCF_000005845.2;protein_449,GCF_053078305.1;protein_4158,GCF_048571455.1;protein_1284,,,,,,,,
GCF_004358365.1;protein_1702,GCF_048568965.1;protein_4580,GCF_000005845.2;protein_448,GCF_053078305.1;protein_4159,GCF_048571455.1;protein_1283,,,,,,,,
GCF_004358365.1;protein_1703,GCF_048568965.1;protein_4581,GCF_000005845.2;protein_447,GCF_053078305.1;protein_4160,GCF_048571455.1;protein_1282,,,,,,,,
GCF_004358365.1;protein_1704,GCF_048568965.1;protein_4582,GCF_000005845.2;protein_446,GCF_053078305.1;protein_4161,GCF_048571455.1;protein_1281,,,,,,,,
GCF_004358365.1;protein_1705,GCF_048568965.1;protein_4583,GCF_000005845.2;protein_445,GCF_053078305.1;protein_4162,GCF_048571455.1;protein_1280,,,,,,,,
GCF_004358365.1;protein_1706,GCF_048568965.1;protein_4584,GCF_000005845.2;protein_444,GCF_053078305.1;protein_4163,GCF_048571455.1;protein_1279,,,,,,,,
GCF_004358365.1;protein_1707,GCF_048568965.1;protein_4585,GCF_000005845.2;protein_443,GCF_053078305.1;protein_4164,GCF_048571455.1;protein_1278,,,,,,,,
GCF_004358365.1;protein_1708,GCF_048568965.1;protein_4586,GCF_000005845.2;protein_442,GCF_053078305.1;protein_4165,GCF_048571455.1;protein_1277,,,,,,,,
GCF_004358365.1;protein_1709,GCF_048568965.1;protein_4587,GCF_000005845.2;protein_441,GCF_053078305.1;protein_4166,GCF_048571455.1;protein_1276,,,,,,,,
GCF_004358365.1;protein_171,GCF_048568965.1;protein_2874,GCF_000005845.2;protein_1367,GCF_053078305.1;protein_3023,GCF_048571455.1;protein_2789,,,,,,,,
GCF_004358365.1;protein_1710,GCF_048568965.1;protein_4588,GCF_000005845.2;protein_440,GCF_053078305.1;protein_4167,GCF_048571455.1;protein_1275,,,,,,,,
GCF_004358365.1;protein_1711,GCF_048568965.1;protein_4589,GCF_000005845.2;protein_439,GCF_053078305.1;protein_4168,GCF_048571455.1;protein_1274,,,,,,,,
GCF_004358365.1;protein_1712,GCF_048568965.1;protein_4590,GCF_000005845.2;protein_438,GCF_053078305.1;protein_4169,GCF_048571455.1;protein_1273,,,,,,,,
GCF_004358365.1;protein_1713,GCF_048568965.1;protein_4591,GCF_000005845.2;protein_437,GCF_053078305.1;protein_4170,GCF_048571455.1;protein_1272,,,,,,,,
GCF_004358365.1;protein_1714,GCF_048568965.1;protein_4592,GCF_000005845.2;protein_436,GCF_053078305.1;protein_4171,GCF_048571455.1;protein_1271,,,,,,,,
GCF_004358365.1;protein_1715,GCF_048568965.1;protein_4593,GCF_000005845.2;protein_435,GCF_053078305.1;protein_4172,GCF_048571455.1;protein_1270,,,,,,,,
GCF_004358365.1;protein_1716,GCF_048568965.1;protein_4594,GCF_000005845.2;protein_434,GCF_053078305.1;protein_4173,GCF_048571455.1;protein_1269,,,,,,,,
GCF_004358365.1;protein_1717,GCF_048568965.1;protein_4595,GCF_000005845.2;protein_433,GCF_053078305.1;protein_4174,GCF_048571455.1;protein_1268,,,,,,,,
GCF_004358365.1;protein_1718,GCF_048568965.1;protein_4596,GCF_000005845.2;protein_432,GCF_053078305.1;protein_4175,GCF_048571455.1;protein_1267,,,,,,,,
GCF_004358365.1;protein_1719,GCF_048568965.1;protein_4597,GCF_000005845.2;protein_431,GCF_053078305.1;protein_4176,GCF_048571455.1;protein_1266,,,,,,,,
GCF_004358365.1;protein_172,GCF_048568965.1;protein_2873,GCF_000005845.2;protein_1366,GCF_053078305.1;protein_3024,GCF_048571455.1;protein_2788,,,,,,,,
GCF_004358365.1;protein_1720,GCF_048568965.1;protein_4598,GCF_000005845.2;protein_430,GCF_053078305.1;protein_4177,GCF_048571455.1;protein_1265,,,,,,,,
GCF_004358365.1;protein_1721,GCF_048568965.1;protein_4599,GCF_000005845.2;protein_429,GCF_053078305.1;protein_4178,GCF_048571455.1;protein_1264,,,,,,,,
GCF_004358365.1;protein_1722,GCF_048568965.1;protein_4600,GCF_000005845.2;protein_428,GCF_053078305.1;protein_4179,GCF_048571455.1;protein_1263,,,,,,,,
GCF_004358365.1;protein_1723,GCF_048568965.1;protein_4601,GCF_000005845.2;protein_427,GCF_053078305.1;protein_4180,GCF_048571455.1;protein_1262,,,,,,,,
GCF_004358365.1;protein_1724,GCF_048568965.1;protein_4602,GCF_000005845.2;protein_426,GCF_053078305.1;protein_4181,GCF_048571455.1;protein_1261,,,,,,,,
GCF_004358365.1;protein_1725,GCF_048568965.1;protein_4603,GCF_000005845.2;protein_425,GCF_053078305.1;protein_4182,GCF_048571455.1;protein_1260,,,,,,,,
GCF_004358365.1;protein_1726,GCF_048568965.1;protein_4604,GCF_000005845.2;protein_424,GCF_053078305.1;protein_4183,GCF_048571455.1;protein_1259,,,,,,,,
GCF_004358365.1;protein_1727,GCF_048568965.1;protein_4605,GCF_000005845.2;protein_423,GCF_053078305.1;protein_4184,GCF_048571455.1;protein_1258,,,,,,,,
GCF_004358365.1;protein_1728,GCF_048568965.1;protein_4606,GCF_000005845.2;protein_422,GCF_053078305.1;protein_4185,GCF_048571455.1;protein_1257,,,,,,,,
GCF_004358365.1;protein_1729,GCF_048568965.1;protein_4607,GCF_000005845.2;protein_421,GCF_053078305.1;protein_4186,GCF_048571455.1;protein_1256,,,,,,,,
GCF_004358365.1;protein_173,GCF_048568965.1;protein_2872,GCF_000005845.2;protein_1365,GCF_053078305.1;protein_3025,GCF_048571455.1;protein_2787,,,,,,,,
GCF_004358365.1;protein_1730,GCF_048568965.1;protein_4608,GCF_000005845.2;protein_420,GCF_053078305.1;protein_4187,GCF_048571455.1;protein_1255,,,,,,,,
GCF_004358365.1;protein_1731,GCF_048568965.1;protein_4609,,,GCF_048571455.1;protein_1254,,,,,,,,
GCF_004358365.1;protein_1732,GCF_048568965.1;protein_4610,,,GCF_048571455.1;protein_1253,,,,,,,,
GCF_004358365.1;protein_1733,GCF_048568965.1;protein_4611,,,GCF_048571455.1;protein_1252,,,,,,,,
GCF_004358365.1;protein_1734,GCF_048568965.1;protein_4612,GCF_000005845.2;protein_419,GCF_053078305.1;protein_4188,GCF_048571455.1;protein_1251,,,,,,,,
GCF_004358365.1;protein_1735,GCF_048568965.1;protein_4613,GCF_000005845.2;protein_418,GCF_053078305.1;protein_4189,GCF_048571455.1;protein_1250,,,,,,,,
GCF_004358365.1;protein_1736,GCF_048568965.1;protein_4614,GCF_000005845.2;protein_417,GCF_053078305.1;protein_4190,GCF_048571455.1;protein_1249,,,,,,,,
GCF_004358365.1;protein_1737,GCF_048568965.1;protein_4615,GCF_000005845.2;protein_416,GCF_053078305.1;protein_4191,GCF_048571455.1;protein_1248,,,,,,,,
GCF_004358365.1;protein_1738,GCF_048568965.1;protein_4616,GCF_000005845.2;protein_415,GCF_053078305.1;protein_4192,GCF_048571455.1;protein_1247,,,,,,,,
GCF_004358365.1;protein_1739,GCF_048568965.1;protein_4617,GCF_000005845.2;protein_414,GCF_053078305.1;protein_4193,GCF_048571455.1;protein_1246,,,,,,,,
GCF_004358365.1;protein_174,GCF_048568965.1;protein_2871,GCF_000005845.2;protein_1364,GCF_053078305.1;protein_3026,GCF_048571455.1;protein_2786,,,,,,,,
GCF_004358365.1;protein_1740,GCF_048568965.1;protein_4618,GCF_000005845.2;protein_413,GCF_053078305.1;protein_4194,GCF_048571455.1;protein_1245,,,,,,,,
GCF_004358365.1;protein_1741,GCF_048568965.1;protein_4619,GCF_000005845.2;protein_412,GCF_053078305.1;protein_4195,GCF_048571455.1;protein_1244,,,,,,,,
GCF_004358365.1;protein_1742,GCF_048568965.1;protein_4620,GCF_000005845.2;protein_411,GCF_053078305.1;protein_4196,GCF_048571455.1;protein_1243,,,,,,,,
GCF_004358365.1;protein_1743,GCF_048568965.1;protein_4621,GCF_000005845.2;protein_410,GCF_053078305.1;protein_4198,GCF_048571455.1;protein_1242,,,,,,,,
GCF_004358365.1;protein_1744,GCF_048568965.1;protein_4622,GCF_000005845.2;protein_409,GCF_053078305.1;protein_4199,GCF_048571455.1;protein_1241,,,,,,,,
GCF_004358365.1;protein_1745,GCF_048568965.1;protein_4623,GCF_000005845.2;protein_408,GCF_053078305.1;protein_4200,GCF_048571455.1;protein_1240,,,,,,,,
GCF_004358365.1;protein_1746,GCF_048568965.1;protein_4624,GCF_000005845.2;protein_407,GCF_053078305.1;protein_4201,GCF_048571455.1;protein_1239,,,,,,,,
GCF_004358365.1;protein_1747,GCF_048568965.1;protein_4625,GCF_000005845.2;protein_406,GCF_053078305.1;protein_4202,GCF_048571455.1;protein_1238,,,,,,,,
GCF_004358365.1;protein_1748,GCF_048568965.1;protein_4626,GCF_000005845.2;protein_405,GCF_053078305.1;protein_4203,GCF_048571455.1;protein_1237,,,,,,,,
GCF_004358365.1;protein_1749,GCF_048568965.1;protein_4627,GCF_000005845.2;protein_404,GCF_053078305.1;protein_4204,GCF_048571455.1;protein_1236,,,,,,,,
GCF_004358365.1;protein_175,GCF_048568965.1;protein_2870,GCF_000005845.2;protein_1363,GCF_053078305.1;protein_3027,GCF_048571455.1;protein_2785,,,,,,,,
GCF_004358365.1;protein_1750,GCF_048568965.1;protein_4628,GCF_000005845.2;protein_403,GCF_053078305.1;protein_4205,GCF_048571455.1;protein_1235,,,,,,,,
GCF_004358365.1;protein_1751,GCF_048568965.1;protein_4629,GCF_000005845.2;protein_402,GCF_053078305.1;protein_4206,GCF_048571455.1;protein_1234,,,,,,,,
GCF_004358365.1;protein_1752,GCF_048568965.1;protein_4630,GCF_000005845.2;protein_401,GCF_053078305.1;protein_4207,GCF_048571455.1;protein_1233,,,,,,,,
GCF_004358365.1;protein_1753,GCF_048568965.1;protein_4631,GCF_000005845.2;protein_400,GCF_053078305.1;protein_4208,GCF_048571455.1;protein_1232,,,,,,,,
GCF_004358365.1;protein_1754,GCF_048568965.1;protein_4632,GCF_000005845.2;protein_399,GCF_053078305.1;protein_4209,GCF_048571455.1;protein_1231,,,,,,,,
GCF_004358365.1;protein_1755,GCF_048568965.1;protein_4633,GCF_000005845.2;protein_398,GCF_053078305.1;protein_4210,GCF_048571455.1;protein_1230,,,,,,,,
GCF_004358365.1;protein_1756,GCF_048568965.1;protein_4634,GCF_000005845.2;protein_397,GCF_053078305.1;protein_4211,GCF_048571455.1;protein_1229,,,,,,,,
GCF_004358365.1;protein_1757,GCF_048568965.1;protein_4635,GCF_000005845.2;protein_396,GCF_053078305.1;protein_4212,GCF_048571455.1;protein_1228,,,,,,,,
GCF_004358365.1;protein_1758,GCF_048568965.1;protein_4636,GCF_000005845.2;protein_395,GCF_053078305.1;protein_4214,GCF_048571455.1;protein_1227,,,,,,,,
GCF_004358365.1;protein_1759,GCF_048568965.1;protein_4637,GCF_000005845.2;protein_394,GCF_053078305.1;protein_4215,GCF_048571455.1;protein_1226,,,,,,,,
GCF_004358365.1;protein_176,GCF_048568965.1;protein_2869,,,,,,,,,,,
GCF_004358365.1;protein_1760,GCF_048568965.1;protein_4638,GCF_000005845.2;protein_393,GCF_053078305.1;protein_4216,GCF_048571455.1;protein_1225,,,,,,,,
GCF_004358365.1;protein_1761,GCF_048568965.1;protein_4639,GCF_000005845.2;protein_392,GCF_053078305.1;protein_4217,GCF_048571455.1;protein_1224,,,,,,,,
GCF_004358365.1;protein_1762,GCF_048568965.1;protein_4640,GCF_000005845.2;protein_391,GCF_053078305.1;protein_4218,GCF_048571455.1;protein_1223,,,,,,,,
GCF_004358365.1;protein_1763,GCF_048568965.1;protein_4641,GCF_000005845.2;protein_390,GCF_053078305.1;protein_4219,GCF_048571455.1;protein_1222,,,,,,,,
GCF_004358365.1;protein_1764,GCF_048568965.1;protein_4642,GCF_000005845.2;protein_389,GCF_053078305.1;protein_4220,GCF_048571455.1;protein_1221,,,,,,,,
GCF_004358365.1;protein_1765,GCF_048568965.1;protein_4643,GCF_000005845.2;protein_388,GCF_053078305.1;protein_4221,GCF_048571455.1;protein_1220,,,,,,,,
GCF_004358365.1;protein_1766,GCF_048568965.1;protein_4644,GCF_000005845.2;protein_387,GCF_053078305.1;protein_4222,GCF_048571455.1;protein_1219,,,,,,,,
GCF_004358365.1;protein_1767,GCF_048568965.1;protein_4645,GCF_000005845.2;protein_386,GCF_053078305.1;protein_4223,GCF_048571455.1;protein_1218,,,,,,,,
GCF_004358365.1;protein_1768,GCF_048568965.1;protein_4646,GCF_000005845.2;protein_385,,GCF_048571455.1;protein_1217,,,,,,,,
GCF_004358365.1;protein_1769,GCF_048568965.1;protein_4647,,,GCF_048571455.1;protein_1216,,,,,,,,
GCF_004358365.1;protein_177,GCF_048568965.1;protein_2868,,,,,,,,,,,
GCF_004358365.1;protein_1770,GCF_048568965.1;protein_4648,GCF_000005845.2;protein_384,GCF_053078305.1;protein_4226,GCF_048571455.1;protein_1215,,,,,,,,
GCF_004358365.1;protein_1771,GCF_048568965.1;protein_4649,GCF_000005845.2;protein_383,GCF_053078305.1;protein_4227,GCF_048571455.1;protein_1214,,,,,,,,
GCF_004358365.1;protein_1772,GCF_048568965.1;protein_4650,GCF_000005845.2;protein_382,GCF_053078305.1;protein_4228,GCF_048571455.1;protein_1213,,,,,,,,
GCF_004358365.1;protein_1773,GCF_048568965.1;protein_4651,GCF_000005845.2;protein_381,GCF_053078305.1;protein_4229,GCF_048571455.1;protein_1212,,,,,,,,
GCF_004358365.1;protein_1774,GCF_048568965.1;protein_4652,GCF_000005845.2;protein_380,GCF_053078305.1;protein_4230,GCF_048571455.1;protein_1211,,,,,,,,
GCF_004358365.1;protein_1775,GCF_048568965.1;protein_4653,GCF_000005845.2;protein_379,GCF_053078305.1;protein_4231,GCF_048571455.1;protein_1210,,,,,,,,
GCF_004358365.1;protein_1776,GCF_048568965.1;protein_4654,GCF_000005845.2;protein_378,GCF_053078305.1;protein_4232,GCF_048571455.1;protein_1209,,,,,,,,
GCF_004358365.1;protein_1777,GCF_048568965.1;protein_4655,GCF_000005845.2;protein_377,GCF_053078305.1;protein_4233,GCF_048571455.1;protein_1208,,,,,,,,
GCF_004358365.1;protein_1778,GCF_048568965.1;protein_4656,GCF_000005845.2;protein_376,GCF_053078305.1;protein_4234,GCF_048571455.1;protein_1207,,,,,,,,
GCF_004358365.1;protein_1779,GCF_048568965.1;protein_4657,GCF_000005845.2;protein_375,GCF_053078305.1;protein_4235,GCF_048571455.1;protein_1206,,,,,,,,
GCF_004358365.1;protein_1780,GCF_048568965.1;protein_4658,,GCF_053078305.1;protein_4236,GCF_048571455.1;protein_1205,,,,,,,,
GCF_004358365.1;protein_1781,GCF_048568965.1;protein_4659,GCF_000005845.2;protein_374,GCF_053078305.1;protein_4237,GCF_048571455.1;protein_1204,,,,,,,,
GCF_004358365.1;protein_1782,GCF_048568965.1;protein_4660,GCF_000005845.2;protein_373,GCF_053078305.1;protein_4238,GCF_048571455.1;protein_1203,,,,,,,,
GCF_004358365.1;protein_1783,GCF_048568965.1;protein_4661,GCF_000005845.2;protein_372,GCF_053078305.1;protein_4239,GCF_048571455.1;protein_1202,,,,,,,,
GCF_004358365.1;protein_1784,GCF_048568965.1;protein_4662,GCF_000005845.2;protein_371,GCF_053078305.1;protein_4240,GCF_048571455.1;protein_1201,,,,,,,,
GCF_004358365.1;protein_1785,GCF_048568965.1;protein_4663,GCF_000005845.2;protein_370,GCF_053078305.1;protein_4241,GCF_048571455.1;protein_1200,,,,,,,,
GCF_004358365.1;protein_1786,GCF_048568965.1;protein_4664,GCF_000005845.2;protein_369,GCF_053078305.1;protein_4242,GCF_048571455.1;protein_1199,,,,,,,,
GCF_004358365.1;protein_1787,GCF_048568965.1;protein_4665,GCF_000005845.2;protein_368,GCF_053078305.1;protein_4243,GCF_048571455.1;protein_1198,,,,,,,,
GCF_004358365.1;protein_1788,GCF_048568965.1;protein_4666,,,GCF_048571455.1;protein_1197,,,,,,,,
GCF_004358365.1;protein_1790,GCF_048568965.1;protein_4668,,,GCF_048571455.1;protein_1195,,,,,,,,
GCF_004358365.1;protein_1791,GCF_048568965.1;protein_4669,GCF_000005845.2;protein_363,GCF_053078305.1;protein_4245,GCF_048571455.1;protein_1194,,,,,,,,
GCF_004358365.1;protein_1792,GCF_048568965.1;protein_4670,GCF_000005845.2;protein_362,GCF_053078305.1;protein_4246,GCF_048571455.1;protein_1193,,,,,,,,
GCF_004358365.1;protein_1793,GCF_048568965.1;protein_4671,GCF_000005845.2;protein_361,GCF_053078305.1;protein_4247,GCF_048571455.1;protein_1192,,,,,,,,
GCF_004358365.1;protein_1794,GCF_048568965.1;protein_4672,GCF_000005845.2;protein_360,GCF_053078305.1;protein_4248,GCF_048571455.1;protein_1191,,,,,,,,
GCF_004358365.1;protein_1795,GCF_048568965.1;protein_4673,GCF_000005845.2;protein_359,GCF_053078305.1;protein_4249,GCF_048571455.1;protein_1190,,,,,,,,
GCF_004358365.1;protein_1796,GCF_048568965.1;protein_4674,,,GCF_048571455.1;protein_1189,,,,,,,,
GCF_004358365.1;protein_1797,GCF_048568965.1;protein_4675,GCF_000005845.2;protein_357,,GCF_048571455.1;protein_1188,,,,,,,,
GCF_004358365.1;protein_1798,GCF_048568965.1;protein_4676,GCF_000005845.2;protein_356,,GCF_048571455.1;protein_1187,,,,,,,,
GCF_004358365.1;protein_1799,GCF_048568965.1;protein_4677,GCF_000005845.2;protein_353,,GCF_048571455.1;protein_1186,,,,,,,,
GCF_004358365.1;protein_18,GCF_048568965.1;protein_3025,GCF_000005845.2;protein_1516,GCF_053078305.1;protein_2881,GCF_048571455.1;protein_2940,,,,,,,,
GCF_004358365.1;protein_1800,GCF_048568965.1;protein_4678,GCF_000005845.2;protein_352,,GCF_048571455.1;protein_1185,,,,,,,,
GCF_004358365.1;protein_1801,GCF_048568965.1;protein_4679,GCF_000005845.2;protein_351,GCF_053078305.1;protein_4256,GCF_048571455.1;protein_1184,,,,,,,,
GCF_004358365.1;protein_1802,GCF_048568965.1;protein_4680,GCF_000005845.2;protein_350,GCF_053078305.1;protein_4257,GCF_048571455.1;protein_1183,,,,,,,,
GCF_004358365.1;protein_1803,GCF_048568965.1;protein_4681,GCF_000005845.2;protein_349,GCF_053078305.1;protein_4258,GCF_048571455.1;protein_1182,,,,,,,,
GCF_004358365.1;protein_1804,GCF_048568965.1;protein_4682,GCF_000005845.2;protein_348,GCF_053078305.1;protein_4259,GCF_048571455.1;protein_1181,,,,,,,,
GCF_004358365.1;protein_1805,GCF_048568965.1;protein_4683,GCF_000005845.2;protein_347,GCF_053078305.1;protein_4260,GCF_048571455.1;protein_1180,,,,,,,,
GCF_004358365.1;protein_1806,GCF_048568965.1;protein_4684,GCF_000005845.2;protein_346,GCF_053078305.1;protein_4261,GCF_048571455.1;protein_1179,,,,,,,,
GCF_004358365.1;protein_1807,GCF_048568965.1;protein_4685,GCF_000005845.2;protein_345,GCF_053078305.1;protein_4262,GCF_048571455.1;protein_1178,,,,,,,,
GCF_004358365.1;protein_1808,GCF_048568965.1;protein_4686,GCF_000005845.2;protein_344,GCF_053078305.1;protein_4263,GCF_048571455.1;protein_1177,,,,,,,,
GCF_004358365.1;protein_1809,GCF_048568965.1;protein_4687,GCF_000005845.2;protein_343,GCF_053078305.1;protein_4264,GCF_048571455.1;protein_1176,,,,,,,,
GCF_004358365.1;protein_1810,GCF_048568965.1;protein_4688,GCF_000005845.2;protein_342,GCF_053078305.1;protein_4265,GCF_048571455.1;protein_1175,,,,,,,,
GCF_004358365.1;protein_1811,GCF_048568965.1;protein_4689,GCF_000005845.2;protein_341,GCF_053078305.1;protein_4266,GCF_048571455.1;protein_1174,,,,,,,,
GCF_004358365.1;protein_1812,GCF_048568965.1;protein_4690,GCF_000005845.2;protein_340,GCF_053078305.1;protein_4267,GCF_048571455.1;protein_1173,,,,,,,,
GCF_004358365.1;protein_1813,GCF_048568965.1;protein_4691,GCF_000005845.2;protein_339,GCF_053078305.1;protein_4270,GCF_048571455.1;protein_1172,,,,,,,,
GCF_004358365.1;protein_1814,GCF_048568965.1;protein_4692,GCF_000005845.2;protein_338,GCF_053078305.1;protein_4271,GCF_048571455.1;protein_1171,,,,,,,,
GCF_004358365.1;protein_1815,GCF_048568965.1;protein_4693,GCF_000005845.2;protein_337,GCF_053078305.1;protein_4272,GCF_048571455.1;protein_1170,,,,,,,,
GCF_004358365.1;protein_1816,GCF_048568965.1;protein_4694,GCF_000005845.2;protein_335,GCF_053078305.1;protein_4274,GCF_048571455.1;protein_1169,,,,,,,,
GCF_004358365.1;protein_1817,GCF_048568965.1;protein_4695,GCF_000005845.2;protein_334,GCF_053078305.1;protein_4275,GCF_048571455.1;protein_1168,,,,,,,,
GCF_004358365.1;protein_1818,GCF_048568965.1;protein_4696,GCF_000005845.2;protein_333,GCF_053078305.1;protein_4276,GCF_048571455.1;protein_1167,,,,,,,,
GCF_004358365.1;protein_1819,GCF_048568965.1;protein_4697,GCF_000005845.2;protein_332,GCF_053078305.1;protein_4277,GCF_048571455.1;protein_1166,,,,,,,,
GCF_004358365.1;protein_1820,GCF_048568965.1;protein_4698,GCF_000005845.2;protein_331,GCF_053078305.1;protein_4278,GCF_048571455.1;protein_1165,,,,,,,,
GCF_004358365.1;protein_1821,GCF_048568965.1;protein_4699,GCF_000005845.2;protein_330,GCF_053078305.1;protein_4279,GCF_048571455.1;protein_1164,,,,,,,,
GCF_004358365.1;protein_1822,GCF_048568965.1;protein_4700,GCF_000005845.2;protein_329,GCF_053078305.1;protein_4280,GCF_048571455.1;protein_1163,,,,,,,,
GCF_004358365.1;protein_1823,GCF_048568965.1;protein_4701,GCF_000005845.2;protein_328,GCF_053078305.1;protein_4281,GCF_048571455.1;protein_1162,,,,,,,,
GCF_004358365.1;protein_1824,GCF_048568965.1;protein_4702,GCF_000005845.2;protein_327,GCF_053078305.1;protein_4282,GCF_048571455.1;protein_1161,,,,,,,,
GCF_004358365.1;protein_1825,GCF_048568965.1;protein_4703,GCF_000005845.2;protein_326,GCF_053078305.1;protein_4283,GCF_048571455.1;protein_1160,,,,,,,,
GCF_004358365.1;protein_1826,GCF_048568965.1;protein_4704,GCF_000005845.2;protein_325,GCF_053078305.1;protein_4284,GCF_048571455.1;protein_1159,,,,,,,,
GCF_004358365.1;protein_1827,GCF_048568965.1;protein_4705,GCF_000005845.2;protein_324,GCF_053078305.1;protein_4285,GCF_048571455.1;protein_1158,,,,,,,,
GCF_004358365.1;protein_1828,GCF_048568965.1;protein_4706,GCF_000005845.2;protein_323,GCF_053078305.1;protein_4286,GCF_048571455.1;protein_1157,,,,,,,,
GCF_004358365.1;protein_1829,GCF_048568965.1;protein_4707,GCF_000005845.2;protein_322,GCF_053078305.1;protein_4287,GCF_048571455.1;protein_1156,,,,,,,,
GCF_004358365.1;protein_1830,GCF_048568965.1;protein_4708,GCF_000005845.2;protein_320,GCF_053078305.1;protein_4289,GCF_048571455.1;protein_1155,,,,,,,,
GCF_004358365.1;protein_1831,GCF_048568965.1;protein_4709,GCF_000005845.2;protein_319,GCF_053078305.1;protein_4290,GCF_048571455.1;protein_1154,,,,,,,,
GCF_004358365.1;protein_1832,GCF_048568965.1;protein_4710,,GCF_053078305.1;protein_4291,GCF_048571455.1;protein_1153,,,,,,,,
GCF_004358365.1;protein_1833,GCF_048568965.1;protein_4711,,GCF_053078305.1;protein_4292,GCF_048571455.1;protein_1152,,,,,,,,
GCF_004358365.1;protein_1834,GCF_048568965.1;protein_4712,,GCF_053078305.1;protein_4293,GCF_048571455.1;protein_1151,,,,,,,,
GCF_004358365.1;protein_1835,GCF_048568965.1;protein_4713,,GCF_053078305.1;protein_4294,GCF_048571455.1;protein_1150,,,,,,,,
GCF_004358365.1;protein_1836,GCF_048568965.1;protein_4714,,GCF_053078305.1;protein_4295,GCF_048571455.1;protein_1149,,,,,,,,
GCF_004358365.1;protein_1837,GCF_048568965.1;protein_4715,GCF_000005845.2;protein_318,GCF_053078305.1;protein_4296,GCF_048571455.1;protein_1148,,,,,,,,
GCF_004358365.1;protein_1838,GCF_048568965.1;protein_4716,GCF_000005845.2;protein_317,GCF_053078305.1;protein_4297,GCF_048571455.1;protein_1147,,,,,,,,
GCF_004358365.1;protein_1839,GCF_048568965.1;protein_4717,GCF_000005845.2;protein_315,GCF_053078305.1;protein_4299,GCF_048571455.1;protein_1146,,,,,,,,
GCF_004358365.1;protein_1840,GCF_048568965.1;protein_4718,GCF_000005845.2;protein_314,GCF_053078305.1;protein_4300,GCF_048571455.1;protein_1145,,,,,,,,
GCF_004358365.1;protein_1841,GCF_048568965.1;protein_4719,GCF_000005845.2;protein_313,GCF_053078305.1;protein_4301,GCF_048571455.1;protein_1144,,,,,,,,
GCF_004358365.1;protein_1842,GCF_048568965.1;protein_4720,GCF_000005845.2;protein_312,GCF_053078305.1;protein_4302,GCF_048571455.1;protein_1143,,,,,,,,
GCF_004358365.1;protein_1843,GCF_048568965.1;protein_4721,GCF_000005845.2;protein_311,GCF_053078305.1;protein_4303,GCF_048571455.1;protein_1142,,,,,,,,
GCF_004358365.1;protein_1844,GCF_048568965.1;protein_4722,GCF_000005845.2;protein_310,GCF_053078305.1;protein_4304,GCF_048571455.1;protein_1141,,,,,,,,
GCF_004358365.1;protein_1845,GCF_048568965.1;protein_4723,GCF_000005845.2;protein_309,GCF_053078305.1;protein_4305,GCF_048571455.1;protein_1140,,,,,,,,
GCF_004358365.1;protein_1846,GCF_048568965.1;protein_4724,,GCF_053078305.1;protein_4306,GCF_048571455.1;protein_1139,,,,,,,,
GCF_004358365.1;protein_1847,GCF_048568965.1;protein_4725,GCF_000005845.2;protein_307,GCF_053078305.1;protein_4307,GCF_048571455.1;protein_1138,,,,,,,,
GCF_004358365.1;protein_1848,GCF_048568965.1;protein_4726,GCF_000005845.2;protein_306,GCF_053078305.1;protein_4308,GCF_048571455.1;protein_1137,,,,,,,,
GCF_004358365.1;protein_1849,GCF_048568965.1;protein_4727,GCF_000005845.2;protein_305,GCF_053078305.1;protein_4309,GCF_048571455.1;protein_1136,,,,,,,,
GCF_004358365.1;protein_1850,GCF_048568965.1;protein_4728,GCF_000005845.2;protein_304,GCF_053078305.1;protein_4310,GCF_048571455.1;protein_1135,,,,,,,,
GCF_004358365.1;protein_1851,GCF_048568965.1;protein_4729,GCF_000005845.2;protein_303,GCF_053078305.1;protein_4315,GCF_048571455.1;protein_1134,,,,,,,,
GCF_004358365.1;protein_1852,GCF_048568965.1;protein_4730,GCF_000005845.2;protein_302,GCF_053078305.1;protein_4316,GCF_048571455.1;protein_1133,,,,,,,,
GCF_004358365.1;protein_1853,GCF_048568965.1;protein_4731,GCF_000005845.2;protein_301,GCF_053078305.1;protein_4317,GCF_048571455.1;protein_1132,,,,,,,,
GCF_004358365.1;protein_1854,GCF_048568965.1;protein_4732,GCF_000005845.2;protein_300,GCF_053078305.1;protein_4318,GCF_048571455.1;protein_1131,,,,,,,,
GCF_004358365.1;protein_1855,GCF_048568965.1;protein_4733,GCF_000005845.2;protein_299,GCF_053078305.1;protein_4319,GCF_048571455.1;protein_1130,,,,,,,,
GCF_004358365.1;protein_1856,GCF_048568965.1;protein_4734,GCF_000005845.2;protein_298,GCF_053078305.1;protein_4320,GCF_048571455.1;protein_1129,,,,,,,,
GCF_004358365.1;protein_1857,GCF_048568965.1;protein_4735,GCF_000005845.2;protein_297,GCF_053078305.1;protein_4321,GCF_048571455.1;protein_1128,,,,,,,,
GCF_004358365.1;protein_1858,GCF_048568965.1;protein_4736,GCF_000005845.2;protein_296,GCF_053078305.1;protein_4322,GCF_048571455.1;protein_1127,,,,,,,,
GCF_004358365.1;protein_1859,GCF_048568965.1;protein_4737,,GCF_053078305.1;protein_4323,GCF_048571455.1;protein_1126,,,,,,,,
GCF_004358365.1;protein_1860,GCF_048568965.1;protein_4738,,GCF_053078305.1;protein_4324,GCF_048571455.1;protein_1125,,,,,,,,
GCF_004358365.1;protein_1861,GCF_048568965.1;protein_4739,,GCF_053078305.1;protein_4325,GCF_048571455.1;protein_1124,,,,,,,,
GCF_004358365.1;protein_1862,GCF_048568965.1;protein_4740,,,GCF_048571455.1;protein_1123,,,,,,,,
GCF_004358365.1;protein_1863,GCF_048568965.1;protein_4741,GCF_000005845.2;protein_293,GCF_053078305.1;protein_4332,GCF_048571455.1;protein_1122,,,,,,,,
GCF_004358365.1;protein_1864,,GCF_000005845.2;protein_292,GCF_053078305.1;protein_4333,GCF_048571455.1;protein_1121,,,,,,,,
GCF_004358365.1;protein_1865,GCF_048568965.1;protein_4763,GCF_000005845.2;protein_291,GCF_053078305.1;protein_4334,GCF_048571455.1;protein_1120,,,,,,,,
GCF_004358365.1;protein_1866,GCF_048568965.1;protein_4762,GCF_000005845.2;protein_290,GCF_053078305.1;protein_4335,GCF_048571455.1;protein_1119,,,,,,,,
GCF_004358365.1;protein_1867,GCF_048568965.1;protein_4761,GCF_000005845.2;protein_289,GCF_053078305.1;protein_4336,GCF_048571455.1;protein_1118,,,,,,,,
GCF_004358365.1;protein_1868,GCF_048568965.1;protein_4760,GCF_000005845.2;protein_288,GCF_053078305.1;protein_4337,GCF_048571455.1;protein_1117,,,,,,,,
GCF_004358365.1;protein_1869,,,,GCF_048571455.1;protein_1116,,,,,,,,
GCF_004358365.1;protein_1870,,,,GCF_048571455.1;protein_1115,,,,,,,,
GCF_004358365.1;protein_1871,GCF_048568965.1;protein_4756,GCF_000005845.2;protein_284,GCF_053078305.1;protein_4341,GCF_048571455.1;protein_1114,,,,,,,,
GCF_004358365.1;protein_1873,GCF_048568965.1;protein_4752,GCF_000005845.2;protein_280,GCF_053078305.1;protein_4346,GCF_048571455.1;protein_1108,,,,,,,,
GCF_004358365.1;protein_1874,GCF_048568965.1;protein_4751,GCF_000005845.2;protein_279,GCF_053078305.1;protein_4347,GCF_048571455.1;protein_1107,,,,,,,,
GCF_004358365.1;protein_1875,GCF_048568965.1;protein_4750,GCF_000005845.2;protein_278,GCF_053078305.1;protein_4348,GCF_048571455.1;protein_1106,,,,,,,,
GCF_004358365.1;protein_1876,GCF_048568965.1;protein_4749,GCF_000005845.2;protein_277,GCF_053078305.1;protein_4355,GCF_048571455.1;protein_1105,,,,,,,,
GCF_004358365.1;protein_1877,GCF_048568965.1;protein_4748,,,GCF_048571455.1;protein_1103,,,,,,,,
GCF_004358365.1;protein_1878,GCF_048568965.1;protein_4747,,,,,,,,,,,
GCF_004358365.1;protein_1879,GCF_048568965.1;protein_4746,,,GCF_048571455.1;protein_1099,,,,,,,,
GCF_004358365.1;protein_1880,GCF_048568965.1;protein_4745,,,GCF_048571455.1;protein_1098,,,,,,,,
GCF_004358365.1;protein_1881,,,,GCF_048571455.1;protein_1097,,,,,,,,
GCF_004358365.1;protein_1882,GCF_048568965.1;protein_4767,,,GCF_048571455.1;protein_1096,,,,,,,,
GCF_004358365.1;protein_1883,GCF_048568965.1;protein_4768,,,GCF_048571455.1;protein_1095,,,,,,,,
GCF_004358365.1;protein_1884,GCF_048568965.1;protein_4769,,,GCF_048571455.1;protein_1094,,,,,,,,
GCF_004358365.1;protein_1885,GCF_048568965.1;protein_4770,,,GCF_048571455.1;protein_1093,,,,,,,,
GCF_004358365.1;protein_1886,GCF_048568965.1;protein_4771,,,GCF_048571455.1;protein_1092,,,,,,,,
GCF_004358365.1;protein_1887,GCF_048568965.1;protein_4772,,,GCF_048571455.1;protein_1091,,,,,,,,
GCF_004358365.1;protein_1888,GCF_048568965.1;protein_4773,,,GCF_048571455.1;protein_1090,,,,,,,,
GCF_004358365.1;protein_1889,GCF_048568965.1;protein_4774,,,GCF_048571455.1;protein_1089,,,,,,,,
GCF_004358365.1;protein_1890,GCF_048568965.1;protein_4775,,,GCF_048571455.1;protein_1088,,,,,,,,
GCF_004358365.1;protein_1891,GCF_048568965.1;protein_4776,GCF_000005845.2;protein_237,GCF_053078305.1;protein_4390,GCF_048571455.1;protein_1087,,,,,,,,
GCF_004358365.1;protein_1892,GCF_048568965.1;protein_4777,GCF_000005845.2;protein_236,GCF_053078305.1;protein_4391,GCF_048571455.1;protein_1086,,,,,,,,
GCF_004358365.1;protein_1893,GCF_048568965.1;protein_4778,GCF_000005845.2;protein_235,GCF_053078305.1;protein_4392,GCF_048571455.1;protein_1085,,,,,,,,
GCF_004358365.1;protein_1894,GCF_048568965.1;protein_4779,GCF_000005845.2;protein_232,GCF_053078305.1;protein_4393,GCF_048571455.1;protein_1084,,,,,,,,
GCF_004358365.1;protein_1895,GCF_048568965.1;protein_4780,GCF_000005845.2;protein_231,GCF_053078305.1;protein_4394,GCF_048571455.1;protein_1083,,,,,,,,
GCF_004358365.1;protein_1896,GCF_048568965.1;protein_4781,GCF_000005845.2;protein_230,GCF_053078305.1;protein_4395,GCF_048571455.1;protein_1082,,,,,,,,
GCF_004358365.1;protein_1897,GCF_048568965.1;protein_4782,GCF_000005845.2;protein_229,GCF_053078305.1;protein_4396,GCF_048571455.1;protein_1081,,,,,,,,
GCF_004358365.1;protein_1898,GCF_048568965.1;protein_4783,,GCF_053078305.1;protein_4397,GCF_048571455.1;protein_1080,,,,,,,,
GCF_004358365.1;protein_1899,GCF_048568965.1;protein_4784,,,GCF_048571455.1;protein_1079,,,,,,,,
GCF_004358365.1;protein_19,GCF_048568965.1;protein_3024,GCF_000005845.2;protein_1515,GCF_053078305.1;protein_2882,GCF_048571455.1;protein_2939,,,,,,,,
GCF_004358365.1;protein_1900,GCF_048568965.1;protein_4785,GCF_000005845.2;protein_228,GCF_053078305.1;protein_4399,GCF_048571455.1;protein_1078,,,,,,,,
GCF_004358365.1;protein_1901,GCF_048568965.1;protein_4786,GCF_000005845.2;protein_225,GCF_053078305.1;protein_4400,GCF_048571455.1;protein_1077,,,,,,,,
GCF_004358365.1;protein_1902,GCF_048568965.1;protein_4787,,GCF_053078305.1;protein_4401,GCF_048571455.1;protein_1076,,,,,,,,
GCF_004358365.1;protein_1903,GCF_048568965.1;protein_4788,,,GCF_048571455.1;protein_1075,,,,,,,,
GCF_004358365.1;protein_1904,GCF_048568965.1;protein_4789,,,GCF_048571455.1;protein_1074,,,,,,,,
GCF_004358365.1;protein_1905,GCF_048568965.1;protein_4790,,,GCF_048571455.1;protein_1073,,,,,,,,
GCF_004358365.1;protein_1906,GCF_048568965.1;protein_4791,,,GCF_048571455.1;protein_1072,,,,,,,,
GCF_004358365.1;protein_1907,GCF_048568965.1;protein_4792,,,GCF_048571455.1;protein_1071,,,,,,,,
GCF_004358365.1;protein_1908,GCF_048568965.1;protein_4793,,,GCF_048571455.1;protein_1070,,,,,,,,
GCF_004358365.1;protein_1909,GCF_048568965.1;protein_4794,,,GCF_048571455.1;protein_1069,,,,,,,,
GCF_004358365.1;protein_1910,GCF_048568965.1;protein_4795,,,GCF_048571455.1;protein_1068,,,,,,,,
GCF_004358365.1;protein_1911,GCF_048568965.1;protein_4796,,,GCF_048571455.1;protein_1067,,,,,,,,
GCF_004358365.1;protein_1912,GCF_048568965.1;protein_4797,,,GCF_048571455.1;protein_1066,,,,,,,,
GCF_004358365.1;protein_1913,GCF_048568965.1;protein_4798,,,GCF_048571455.1;protein_1065,,,,,,,,
GCF_004358365.1;protein_1914,GCF_048568965.1;protein_4799,,,GCF_048571455.1;protein_1064,,,,,,,,
GCF_004358365.1;protein_1915,GCF_048568965.1;protein_4800,,,GCF_048571455.1;protein_1063,,,,,,,,
GCF_004358365.1;protein_1916,GCF_048568965.1;protein_4801,,,GCF_048571455.1;protein_1062,,,,,,,,
GCF_004358365.1;protein_1917,GCF_048568965.1;protein_4802,,,GCF_048571455.1;protein_1061,,,,,,,,
GCF_004358365.1;protein_1918,GCF_048568965.1;protein_4803,,,GCF_048571455.1;protein_1060,,,,,,,,
GCF_004358365.1;protein_1919,GCF_048568965.1;protein_4804,,,GCF_048571455.1;protein_1059,,,,,,,,
GCF_004358365.1;protein_1920,GCF_048568965.1;protein_4805,,,GCF_048571455.1;protein_1058,,,,,,,,
GCF_004358365.1;protein_1921,GCF_048568965.1;protein_4806,,,GCF_048571455.1;protein_1057,,,,,,,,
GCF_004358365.1;protein_1922,GCF_048568965.1;protein_4807,,,GCF_048571455.1;protein_1056,,,,,,,,
GCF_004358365.1;protein_1923,GCF_048568965.1;protein_4808,,,GCF_048571455.1;protein_1055,,,,,,,,
GCF_004358365.1;protein_1924,GCF_048568965.1;protein_4809,,,GCF_048571455.1;protein_1054,,,,,,,,
GCF_004358365.1;protein_1925,GCF_048568965.1;protein_4810,,,GCF_048571455.1;protein_1053,,,,,,,,
GCF_004358365.1;protein_1926,GCF_048568965.1;protein_4811,,,GCF_048571455.1;protein_1052,,,,,,,,
GCF_004358365.1;protein_1927,GCF_048568965.1;protein_4812,,,GCF_048571455.1;protein_1051,,,,,,,,
GCF_004358365.1;protein_1928,GCF_048568965.1;protein_4813,,,GCF_048571455.1;protein_1050,,,,,,,,
GCF_004358365.1;protein_1929,GCF_048568965.1;protein_4814,,,GCF_048571455.1;protein_1049,,,,,,,,
GCF_004358365.1;protein_1930,GCF_048568965.1;protein_4815,,,GCF_048571455.1;protein_1048,,,,,,,,
GCF_004358365.1;protein_1931,GCF_048568965.1;protein_4816,,,GCF_048571455.1;protein_1047,,,,,,,,
GCF_004358365.1;protein_1932,GCF_048568965.1;protein_4817,,,GCF_048571455.1;protein_1046,,,,,,,,
GCF_004358365.1;protein_1933,GCF_048568965.1;protein_4818,,,GCF_048571455.1;protein_1045,,,,,,,,
GCF_004358365.1;protein_1934,GCF_048568965.1;protein_4819,,,GCF_048571455.1;protein_1044,,,,,,,,
GCF_004358365.1;protein_1935,GCF_048568965.1;protein_4820,,,GCF_048571455.1;protein_1043,,,,,,,,
GCF_004358365.1;protein_1936,GCF_048568965.1;protein_4821,,,GCF_048571455.1;protein_1042,,,,,,,,
GCF_004358365.1;protein_1937,GCF_048568965.1;protein_4822,,,GCF_048571455.1;protein_1041,,,,,,,,
GCF_004358365.1;protein_1938,GCF_048568965.1;protein_4823,,,GCF_048571455.1;protein_1040,,,,,,,,
GCF_004358365.1;protein_1939,GCF_048568965.1;protein_4824,,,GCF_048571455.1;protein_1039,,,,,,,,
GCF_004358365.1;protein_1940,GCF_048568965.1;protein_4825,,,GCF_048571455.1;protein_1038,,,,,,,,
GCF_004358365.1;protein_1941,GCF_048568965.1;protein_4826,,,GCF_048571455.1;protein_1037,,,,,,,,
GCF_004358365.1;protein_1942,GCF_048568965.1;protein_4827,,,GCF_048571455.1;protein_1036,,,,,,,,
GCF_004358365.1;protein_1943,GCF_048568965.1;protein_4828,,GCF_053078305.1;protein_4402,GCF_048571455.1;protein_1035,,,,,,,,
GCF_004358365.1;protein_1944,GCF_048568965.1;protein_4829,,,GCF_048571455.1;protein_1034,,,,,,,,
GCF_004358365.1;protein_1945,GCF_048568965.1;protein_4830,,,GCF_048571455.1;protein_1033,,,,,,,,
GCF_004358365.1;protein_1946,GCF_048568965.1;protein_4831,GCF_000005845.2;protein_223,GCF_053078305.1;protein_4404,GCF_048571455.1;protein_1032,,,,,,,,
GCF_004358365.1;protein_1947,GCF_048568965.1;protein_4832,GCF_000005845.2;protein_222,GCF_053078305.1;protein_4405,GCF_048571455.1;protein_1031,,,,,,,,
GCF_004358365.1;protein_1948,GCF_048568965.1;protein_4833,GCF_000005845.2;protein_221,GCF_053078305.1;protein_4406,GCF_048571455.1;protein_1030,,,,,,,,
GCF_004358365.1;protein_1949,GCF_048568965.1;protein_4834,GCF_000005845.2;protein_220,GCF_053078305.1;protein_4407,GCF_048571455.1;protein_1029,,,,,,,,
GCF_004358365.1;protein_1950,GCF_048568965.1;protein_4835,GCF_000005845.2;protein_219,GCF_053078305.1;protein_4408,GCF_048571455.1;protein_1028,,,,,,,,
GCF_004358365.1;protein_1951,GCF_048568965.1;protein_4836,GCF_000005845.2;protein_218,GCF_053078305.1;protein_4409,GCF_048571455.1;protein_1027,,,,,,,,
GCF_004358365.1;protein_1952,GCF_048568965.1;protein_4837,GCF_000005845.2;protein_217,GCF_053078305.1;protein_4410,GCF_048571455.1;protein_1026,,,,,,,,
GCF_004358365.1;protein_1953,GCF_048568965.1;protein_4838,GCF_000005845.2;protein_216,GCF_053078305.1;protein_4411,GCF_048571455.1;protein_1025,,,,,,,,
GCF_004358365.1;protein_1954,GCF_048568965.1;protein_4839,GCF_000005845.2;protein_215,GCF_053078305.1;protein_4412,GCF_048571455.1;protein_1024,,,,,,,,
GCF_004358365.1;protein_1956,GCF_048568965.1;protein_4841,,,GCF_048571455.1;protein_1022,,,,,,,,
GCF_004358365.1;protein_1957,GCF_048568965.1;protein_4842,GCF_000005845.2;protein_1445,,GCF_048571455.1;protein_1021,,,,,,,,
GCF_004358365.1;protein_1958,GCF_048568965.1;protein_4843,GCF_000005845.2;protein_1444,,GCF_048571455.1;protein_1020,,,,,,,,
GCF_004358365.1;protein_1959,GCF_048568965.1;protein_4844,,,GCF_048571455.1;protein_1019,,,,,,,,
GCF_004358365.1;protein_1960,GCF_048568965.1;protein_4845,,,GCF_048571455.1;protein_1018,,,,,,,,
GCF_004358365.1;protein_1961,GCF_048568965.1;protein_4846,,,GCF_048571455.1;protein_1017,,,,,,,,
GCF_004358365.1;protein_1962,GCF_048568965.1;protein_4847,,,GCF_048571455.1;protein_1016,,,,,,,,
GCF_004358365.1;protein_1963,GCF_048568965.1;protein_4848,,,GCF_048571455.1;protein_1015,,,,,,,,
GCF_004358365.1;protein_1965,GCF_048568965.1;protein_4850,,GCF_053078305.1;protein_4443,GCF_048571455.1;protein_1013,,,,,,,,
GCF_004358365.1;protein_1966,GCF_048568965.1;protein_4851,,,GCF_048571455.1;protein_1012,,,,,,,,
GCF_004358365.1;protein_1967,GCF_048568965.1;protein_4852,,,GCF_048571455.1;protein_1011,,,,,,,,
GCF_004358365.1;protein_1968,GCF_048568965.1;protein_4853,,,GCF_048571455.1;protein_1010,,,,,,,,
GCF_004358365.1;protein_1969,GCF_048568965.1;protein_4854,,,GCF_048571455.1;protein_1009,,,,,,,,
GCF_004358365.1;protein_1970,GCF_048568965.1;protein_4855,,,GCF_048571455.1;protein_1008,,,,,,,,
GCF_004358365.1;protein_1971,GCF_048568965.1;protein_4856,GCF_000005845.2;protein_214,,GCF_048571455.1;protein_1007,,,,,,,,
GCF_004358365.1;protein_1972,GCF_048568965.1;protein_4857,GCF_000005845.2;protein_213,GCF_053078305.1;protein_4448,GCF_048571455.1;protein_1006,,,,,,,,
GCF_004358365.1;protein_1973,GCF_048568965.1;protein_4858,GCF_000005845.2;protein_212,GCF_053078305.1;protein_4449,GCF_048571455.1;protein_1005,,,,,,,,
GCF_004358365.1;protein_1974,GCF_048568965.1;protein_4859,GCF_000005845.2;protein_211,GCF_053078305.1;protein_4450,GCF_048571455.1;protein_1004,,,,,,,,
GCF_004358365.1;protein_1975,GCF_048568965.1;protein_4860,GCF_000005845.2;protein_210,GCF_053078305.1;protein_4451,GCF_048571455.1;protein_1003,,,,,,,,
GCF_004358365.1;protein_1976,GCF_048568965.1;protein_4861,GCF_000005845.2;protein_208,GCF_053078305.1;protein_4452,GCF_048571455.1;protein_1002,,,,,,,,
GCF_004358365.1;protein_1977,GCF_048568965.1;protein_4862,GCF_000005845.2;protein_207,GCF_053078305.1;protein_4453,GCF_048571455.1;protein_1001,,,,,,,,
GCF_004358365.1;protein_1978,GCF_048568965.1;protein_4863,,GCF_053078305.1;protein_4454,GCF_048571455.1;protein_1000,,,,,,,,
GCF_004358365.1;protein_1979,GCF_048568965.1;protein_4864,GCF_000005845.2;protein_205,GCF_053078305.1;protein_4455,GCF_048571455.1;protein_999,,,,,,,,
GCF_004358365.1;protein_1980,GCF_048568965.1;protein_4865,GCF_000005845.2;protein_204,GCF_053078305.1;protein_4456,GCF_048571455.1;protein_998,,,,,,,,
GCF_004358365.1;protein_1981,GCF_048568965.1;protein_4866,GCF_000005845.2;protein_203,GCF_053078305.1;protein_4457,GCF_048571455.1;protein_997,,,,,,,,
GCF_004358365.1;protein_1982,GCF_048568965.1;protein_4867,GCF_000005845.2;protein_202,GCF_053078305.1;protein_4458,GCF_048571455.1;protein_996,,,,,,,,
GCF_004358365.1;protein_1983,GCF_048568965.1;protein_4868,GCF_000005845.2;protein_201,GCF_053078305.1;protein_4459,GCF_048571455.1;protein_995,,,,,,,,
GCF_004358365.1;protein_1984,GCF_048568965.1;protein_4869,GCF_000005845.2;protein_200,GCF_053078305.1;protein_4460,GCF_048571455.1;protein_994,,,,,,,,
GCF_004358365.1;protein_1985,GCF_048568965.1;protein_4870,GCF_000005845.2;protein_199,GCF_053078305.1;protein_4461,GCF_048571455.1;protein_993,,,,,,,,
GCF_004358365.1;protein_1986,GCF_048568965.1;protein_4871,GCF_000005845.2;protein_198,GCF_053078305.1;protein_4462,GCF_048571455.1;protein_992,,,,,,,,
GCF_004358365.1;protein_1987,GCF_048568965.1;protein_4872,GCF_000005845.2;protein_197,GCF_053078305.1;protein_4463,GCF_048571455.1;protein_991,,,,,,,,
GCF_004358365.1;protein_1988,GCF_048568965.1;protein_4873,GCF_000005845.2;protein_196,GCF_053078305.1;protein_4464,GCF_048571455.1;protein_990,,,,,,,,
GCF_004358365.1;protein_1989,GCF_048568965.1;protein_4874,GCF_000005845.2;protein_195,GCF_053078305.1;protein_4465,GCF_048571455.1;protein_989,,,,,,,,
GCF_004358365.1;protein_1991,GCF_048568965.1;protein_4875,GCF_000005845.2;protein_194,GCF_053078305.1;protein_4466,GCF_048571455.1;protein_987,,,,,,,,
GCF_004358365.1;protein_1992,GCF_048568965.1;protein_4876,GCF_000005845.2;protein_193,GCF_053078305.1;protein_4467,GCF_048571455.1;protein_986,,,,,,,,
GCF_004358365.1;protein_1993,GCF_048568965.1;protein_4877,GCF_000005845.2;protein_192,GCF_053078305.1;protein_4468,GCF_048571455.1;protein_985,,,,,,,,
GCF_004358365.1;protein_1994,GCF_048568965.1;protein_4878,GCF_000005845.2;protein_191,GCF_053078305.1;protein_4469,GCF_048571455.1;protein_984,,,,,,,,
GCF_004358365.1;protein_1995,GCF_048568965.1;protein_4879,GCF_000005845.2;protein_190,GCF_053078305.1;protein_4470,GCF_048571455.1;protein_983,,,,,,,,
GCF_004358365.1;protein_1996,GCF_048568965.1;protein_4880,GCF_000005845.2;protein_189,GCF_053078305.1;protein_4471,GCF_048571455.1;protein_982,,,,,,,,
GCF_004358365.1;protein_1997,GCF_048568965.1;protein_4881,GCF_000005845.2;protein_188,GCF_053078305.1;protein_4472,GCF_048571455.1;protein_981,,,,,,,,
GCF_004358365.1;protein_1998,GCF_048568965.1;protein_4882,GCF_000005845.2;protein_187,GCF_053078305.1;protein_4473,GCF_048571455.1;protein_980,,,,,,,,
GCF_004358365.1;protein_1999,GCF_048568965.1;protein_4883,GCF_000005845.2;protein_186,GCF_053078305.1;protein_4474,GCF_048571455.1;protein_979,,,,,,,,
GCF_004358365.1;protein_2,GCF_048568965.1;protein_3041,GCF_000005845.2;protein_1524,GCF_053078305.1;protein_2871,GCF_048571455.1;protein_2956,,,,,,,,
GCF_004358365.1;protein_20,GCF_048568965.1;protein_3023,GCF_000005845.2;protein_1514,GCF_053078305.1;protein_2883,GCF_048571455.1;protein_2938,,,,,,,,
GCF_004358365.1;protein_2000,GCF_048568965.1;protein_4884,GCF_000005845.2;protein_185,GCF_053078305.1;protein_4475,GCF_048571455.1;protein_978,,,,,,,,
GCF_004358365.1;protein_2001,GCF_048568965.1;protein_4885,GCF_000005845.2;protein_184,GCF_053078305.1;protein_4476,GCF_048571455.1;protein_977,,,,,,,,
GCF_004358365.1;protein_2002,GCF_048568965.1;protein_4886,GCF_000005845.2;protein_183,GCF_053078305.1;protein_4477,GCF_048571455.1;protein_976,,,,,,,,
GCF_004358365.1;protein_2003,GCF_048568965.1;protein_4887,GCF_000005845.2;protein_182,GCF_053078305.1;protein_4478,GCF_048571455.1;protein_975,,,,,,,,
GCF_004358365.1;protein_2004,GCF_048568965.1;protein_4888,GCF_000005845.2;protein_181,GCF_053078305.1;protein_4479,GCF_048571455.1;protein_974,,,,,,,,
GCF_004358365.1;protein_2005,GCF_048568965.1;protein_4889,GCF_000005845.2;protein_180,GCF_053078305.1;protein_4480,GCF_048571455.1;protein_973,,,,,,,,
GCF_004358365.1;protein_2006,GCF_048568965.1;protein_4890,GCF_000005845.2;protein_179,GCF_053078305.1;protein_4481,GCF_048571455.1;protein_972,,,,,,,,
GCF_004358365.1;protein_2007,GCF_048568965.1;protein_4891,GCF_000005845.2;protein_178,GCF_053078305.1;protein_4482,GCF_048571455.1;protein_971,,,,,,,,
GCF_004358365.1;protein_2008,GCF_048568965.1;protein_4892,GCF_000005845.2;protein_177,GCF_053078305.1;protein_4483,GCF_048571455.1;protein_970,,,,,,,,
GCF_004358365.1;protein_2009,GCF_048568965.1;protein_4893,GCF_000005845.2;protein_176,GCF_053078305.1;protein_4484,GCF_048571455.1;protein_969,,,,,,,,
GCF_004358365.1;protein_2010,GCF_048568965.1;protein_4894,GCF_000005845.2;protein_175,GCF_053078305.1;protein_4485,GCF_048571455.1;protein_968,,,,,,,,
GCF_004358365.1;protein_2011,GCF_048568965.1;protein_4895,GCF_000005845.2;protein_174,GCF_053078305.1;protein_4486,GCF_048571455.1;protein_967,,,,,,,,
GCF_004358365.1;protein_2012,GCF_048568965.1;protein_4896,GCF_000005845.2;protein_173,GCF_053078305.1;protein_4487,GCF_048571455.1;protein_966,,,,,,,,
GCF_004358365.1;protein_2013,GCF_048568965.1;protein_4897,GCF_000005845.2;protein_172,GCF_053078305.1;protein_4488,GCF_048571455.1;protein_965,,,,,,,,
GCF_004358365.1;protein_2014,GCF_048568965.1;protein_4898,GCF_000005845.2;protein_171,GCF_053078305.1;protein_4489,GCF_048571455.1;protein_964,,,,,,,,
GCF_004358365.1;protein_2015,GCF_048568965.1;protein_4899,GCF_000005845.2;protein_170,GCF_053078305.1;protein_4490,GCF_048571455.1;protein_963,,,,,,,,
GCF_004358365.1;protein_2016,GCF_048568965.1;protein_4900,GCF_000005845.2;protein_169,GCF_053078305.1;protein_4491,GCF_048571455.1;protein_962,,,,,,,,
GCF_004358365.1;protein_2017,GCF_048568965.1;protein_4901,GCF_000005845.2;protein_168,GCF_053078305.1;protein_4492,GCF_048571455.1;protein_961,,,,,,,,
GCF_004358365.1;protein_2018,GCF_048568965.1;protein_4902,GCF_000005845.2;protein_167,GCF_053078305.1;protein_4493,GCF_048571455.1;protein_960,,,,,,,,
GCF_004358365.1;protein_2019,GCF_048568965.1;protein_4903,GCF_000005845.2;protein_166,,GCF_048571455.1;protein_959,,,,,,,,
GCF_004358365.1;protein_2020,GCF_048568965.1;protein_4904,GCF_000005845.2;protein_165,GCF_053078305.1;protein_4494,GCF_048571455.1;protein_958,,,,,,,,
GCF_004358365.1;protein_2021,GCF_048568965.1;protein_4905,GCF_000005845.2;protein_164,GCF_053078305.1;protein_4495,GCF_048571455.1;protein_957,,,,,,,,
GCF_004358365.1;protein_2022,GCF_048568965.1;protein_4906,GCF_000005845.2;protein_163,GCF_053078305.1;protein_4496,GCF_048571455.1;protein_956,,,,,,,,
GCF_004358365.1;protein_2023,GCF_048568965.1;protein_4907,GCF_000005845.2;protein_162,GCF_053078305.1;protein_4497,GCF_048571455.1;protein_955,,,,,,,,
GCF_004358365.1;protein_2024,GCF_048568965.1;protein_4908,GCF_000005845.2;protein_161,GCF_053078305.1;protein_4498,GCF_048571455.1;protein_954,,,,,,,,
GCF_004358365.1;protein_2025,GCF_048568965.1;protein_4909,GCF_000005845.2;protein_160,GCF_053078305.1;protein_4499,GCF_048571455.1;protein_953,,,,,,,,
GCF_004358365.1;protein_2026,GCF_048568965.1;protein_4910,GCF_000005845.2;protein_159,GCF_053078305.1;protein_4500,GCF_048571455.1;protein_952,,,,,,,,
GCF_004358365.1;protein_2027,GCF_048568965.1;protein_4911,GCF_000005845.2;protein_158,GCF_053078305.1;protein_4501,GCF_048571455.1;protein_951,,,,,,,,
GCF_004358365.1;protein_2028,GCF_048568965.1;protein_4912,GCF_000005845.2;protein_157,GCF_053078305.1;protein_4502,GCF_048571455.1;protein_950,,,,,,,,
GCF_004358365.1;protein_2029,GCF_048568965.1;protein_4913,GCF_000005845.2;protein_156,GCF_053078305.1;protein_4503,GCF_048571455.1;protein_949,,,,,,,,
GCF_004358365.1;protein_2030,GCF_048568965.1;protein_4914,GCF_000005845.2;protein_155,GCF_053078305.1;protein_4504,GCF_048571455.1;protein_948,,,,,,,,
GCF_004358365.1;protein_2031,GCF_048568965.1;protein_4915,GCF_000005845.2;protein_154,GCF_053078305.1;protein_4505,GCF_048571455.1;protein_947,,,,,,,,
GCF_004358365.1;protein_2032,GCF_048568965.1;protein_4916,GCF_000005845.2;protein_153,GCF_053078305.1;protein_4506,GCF_048571455.1;protein_946,,,,,,,,
GCF_004358365.1;protein_2033,GCF_048568965.1;protein_4917,GCF_000005845.2;protein_152,GCF_053078305.1;protein_4507,GCF_048571455.1;protein_945,,,,,,,,
GCF_004358365.1;protein_2034,GCF_048568965.1;protein_4918,GCF_000005845.2;protein_151,GCF_053078305.1;protein_4508,GCF_048571455.1;protein_944,,,,,,,,
GCF_004358365.1;protein_2035,GCF_048568965.1;protein_4919,GCF_000005845.2;protein_150,GCF_053078305.1;protein_4509,GCF_048571455.1;protein_943,,,,,,,,
GCF_053078305.1;protein_4510,,GCF_000005845.2;protein_149,GCF_004358365.1;protein_2036,GCF_048568965.1;protein_4920,GCF_000005845.2;protein_148,GCF_048571455.1;protein_942,,,,,,
GCF_004358365.1;protein_2037,GCF_048568965.1;protein_4921,GCF_000005845.2;protein_147,GCF_053078305.1;protein_4511,GCF_048571455.1;protein_941,,,,,,,,
GCF_004358365.1;protein_2038,GCF_048568965.1;protein_4922,GCF_000005845.2;protein_146,GCF_053078305.1;protein_4512,GCF_048571455.1;protein_940,,,,,,,,
GCF_004358365.1;protein_2039,GCF_048568965.1;protein_4923,GCF_000005845.2;protein_145,GCF_053078305.1;protein_4513,GCF_048571455.1;protein_939,,,,,,,,
GCF_004358365.1;protein_2040,GCF_048568965.1;protein_4924,GCF_000005845.2;protein_144,GCF_053078305.1;protein_4514,GCF_048571455.1;protein_938,,,,,,,,
GCF_004358365.1;protein_2041,GCF_048568965.1;protein_4925,GCF_000005845.2;protein_143,GCF_053078305.1;protein_4515,GCF_048571455.1;protein_937,,,,,,,,
GCF_004358365.1;protein_2042,GCF_048568965.1;protein_4926,GCF_000005845.2;protein_142,GCF_053078305.1;protein_4516,GCF_048571455.1;protein_936,,,,,,,,
GCF_004358365.1;protein_2043,GCF_048568965.1;protein_4927,GCF_000005845.2;protein_141,GCF_053078305.1;protein_4517,GCF_048571455.1;protein_935,,,,,,,,
GCF_004358365.1;protein_2044,GCF_048568965.1;protein_4928,GCF_000005845.2;protein_140,,GCF_048571455.1;protein_934,,,,,,,,
GCF_004358365.1;protein_2045,GCF_048568965.1;protein_4929,GCF_000005845.2;protein_139,,GCF_048571455.1;protein_933,,,,,,,,
GCF_004358365.1;protein_2046,GCF_048568965.1;protein_4930,GCF_000005845.2;protein_138,,GCF_048571455.1;protein_932,,,,,,,,
GCF_004358365.1;protein_2047,GCF_048568965.1;protein_4931,GCF_000005845.2;protein_137,,GCF_048571455.1;protein_931,,,,,,,,
GCF_004358365.1;protein_2048,GCF_048568965.1;protein_4932,GCF_000005845.2;protein_136,,GCF_048571455.1;protein_930,,,,,,,,
GCF_004358365.1;protein_2049,GCF_048568965.1;protein_4933,GCF_000005845.2;protein_135,,GCF_048571455.1;protein_929,,,,,,,,
GCF_004358365.1;protein_2050,GCF_048568965.1;protein_4934,,,GCF_048571455.1;protein_928,,,,,,,,
GCF_004358365.1;protein_2051,GCF_048568965.1;protein_4935,GCF_000005845.2;protein_133,GCF_053078305.1;protein_4525,GCF_048571455.1;protein_927,,,,,,,,
GCF_004358365.1;protein_2052,GCF_048568965.1;protein_4936,GCF_000005845.2;protein_132,GCF_053078305.1;protein_4526,GCF_048571455.1;protein_926,,,,,,,,
GCF_004358365.1;protein_2053,GCF_048568965.1;protein_4937,GCF_000005845.2;protein_131,GCF_053078305.1;protein_4528,GCF_048571455.1;protein_925,,,,,,,,
GCF_004358365.1;protein_2054,GCF_048568965.1;protein_4938,GCF_000005845.2;protein_130,GCF_053078305.1;protein_4529,GCF_048571455.1;protein_924,,,,,,,,
GCF_004358365.1;protein_2055,GCF_048568965.1;protein_4939,GCF_000005845.2;protein_129,GCF_053078305.1;protein_4530,GCF_048571455.1;protein_923,,,,,,,,
GCF_004358365.1;protein_2056,GCF_048568965.1;protein_4940,GCF_000005845.2;protein_128,GCF_053078305.1;protein_4531,GCF_048571455.1;protein_922,,,,,,,,
GCF_004358365.1;protein_2057,GCF_048568965.1;protein_4941,GCF_000005845.2;protein_127,GCF_053078305.1;protein_4532,GCF_048571455.1;protein_921,,,,,,,,
GCF_004358365.1;protein_2058,GCF_048568965.1;protein_4942,GCF_000005845.2;protein_126,GCF_053078305.1;protein_4533,GCF_048571455.1;protein_920,,,,,,,,
GCF_004358365.1;protein_2059,GCF_048568965.1;protein_4943,GCF_000005845.2;protein_125,GCF_053078305.1;protein_4534,GCF_048571455.1;protein_919,,,,,,,,
GCF_004358365.1;protein_2060,GCF_048568965.1;protein_4944,GCF_000005845.2;protein_124,GCF_053078305.1;protein_4535,GCF_048571455.1;protein_918,,,,,,,,
GCF_004358365.1;protein_2077,GCF_048568965.1;protein_4945,GCF_000005845.2;protein_123,GCF_053078305.1;protein_4536,GCF_048571455.1;protein_917,,,,,,,,
GCF_004358365.1;protein_2078,GCF_048568965.1;protein_4946,GCF_000005845.2;protein_122,GCF_053078305.1;protein_4537,GCF_048571455.1;protein_916,,,,,,,,
GCF_004358365.1;protein_2079,GCF_048568965.1;protein_4947,GCF_000005845.2;protein_121,GCF_053078305.1;protein_4538,GCF_048571455.1;protein_915,,,,,,,,
GCF_004358365.1;protein_2080,GCF_048568965.1;protein_4948,GCF_000005845.2;protein_120,GCF_053078305.1;protein_4539,GCF_048571455.1;protein_914,,,,,,,,
GCF_004358365.1;protein_2081,GCF_048568965.1;protein_4949,GCF_000005845.2;protein_119,GCF_053078305.1;protein_4540,GCF_048571455.1;protein_913,,,,,,,,
GCF_004358365.1;protein_2082,GCF_048568965.1;protein_4950,GCF_000005845.2;protein_118,GCF_053078305.1;protein_4541,GCF_048571455.1;protein_912,,,,,,,,
GCF_004358365.1;protein_2083,GCF_048568965.1;protein_4951,GCF_000005845.2;protein_117,GCF_053078305.1;protein_4542,GCF_048571455.1;protein_911,,,,,,,,
GCF_004358365.1;protein_2084,GCF_048568965.1;protein_4952,GCF_000005845.2;protein_116,GCF_053078305.1;protein_4543,GCF_048571455.1;protein_910,,,,,,,,
GCF_004358365.1;protein_2085,GCF_048568965.1;protein_4953,GCF_000005845.2;protein_115,GCF_053078305.1;protein_4544,GCF_048571455.1;protein_909,,,,,,,,
GCF_004358365.1;protein_2086,GCF_048568965.1;protein_4954,GCF_000005845.2;protein_114,GCF_053078305.1;protein_4545,GCF_048571455.1;protein_908,,,,,,,,
GCF_004358365.1;protein_2087,GCF_048568965.1;protein_4955,GCF_000005845.2;protein_113,GCF_053078305.1;protein_4546,GCF_048571455.1;protein_907,,,,,,,,
GCF_004358365.1;protein_2088,GCF_048568965.1;protein_4956,GCF_000005845.2;protein_112,GCF_053078305.1;protein_4547,GCF_048571455.1;protein_906,,,,,,,,
GCF_004358365.1;protein_2089,GCF_048568965.1;protein_4957,GCF_000005845.2;protein_111,GCF_053078305.1;protein_4548,GCF_048571455.1;protein_905,,,,,,,,
GCF_004358365.1;protein_2090,GCF_048568965.1;protein_4958,GCF_000005845.2;protein_110,GCF_053078305.1;protein_4549,GCF_048571455.1;protein_904,,,,,,,,
GCF_004358365.1;protein_2091,GCF_048568965.1;protein_4959,GCF_000005845.2;protein_109,GCF_053078305.1;protein_4550,GCF_048571455.1;protein_903,,,,,,,,
GCF_004358365.1;protein_2092,GCF_048568965.1;protein_4960,GCF_000005845.2;protein_108,GCF_053078305.1;protein_4551,GCF_048571455.1;protein_902,,,,,,,,
GCF_004358365.1;protein_2093,GCF_048568965.1;protein_4961,GCF_000005845.2;protein_107,GCF_053078305.1;protein_4552,GCF_048571455.1;protein_901,,,,,,,,
GCF_004358365.1;protein_2094,GCF_048568965.1;protein_4962,GCF_000005845.2;protein_106,GCF_053078305.1;protein_4553,GCF_048571455.1;protein_900,,,,,,,,
GCF_004358365.1;protein_2095,GCF_048568965.1;protein_4963,GCF_000005845.2;protein_105,GCF_053078305.1;protein_4554,GCF_048571455.1;protein_899,,,,,,,,
GCF_004358365.1;protein_2096,GCF_048568965.1;protein_4964,GCF_000005845.2;protein_104,GCF_053078305.1;protein_4555,GCF_048571455.1;protein_898,,,,,,,,
GCF_004358365.1;protein_2097,GCF_048568965.1;protein_4965,GCF_000005845.2;protein_103,GCF_053078305.1;protein_4556,GCF_048571455.1;protein_897,,,,,,,,
GCF_004358365.1;protein_2098,GCF_048568965.1;protein_4966,GCF_000005845.2;protein_102,GCF_053078305.1;protein_4557,GCF_048571455.1;protein_896,,,,,,,,
GCF_004358365.1;protein_2099,GCF_048568965.1;protein_4967,GCF_000005845.2;protein_101,GCF_053078305.1;protein_4558,GCF_048571455.1;protein_895,,,,,,,,
GCF_004358365.1;protein_21,GCF_048568965.1;protein_3022,GCF_000005845.2;protein_1513,GCF_053078305.1;protein_2884,GCF_048571455.1;protein_2937,,,,,,,,
GCF_004358365.1;protein_2100,GCF_048568965.1;protein_4968,GCF_000005845.2;protein_100,GCF_053078305.1;protein_4559,GCF_048571455.1;protein_894,,,,,,,,
GCF_004358365.1;protein_2102,GCF_048568965.1;protein_4970,GCF_000005845.2;protein_99,GCF_053078305.1;protein_4560,GCF_048571455.1;protein_892,,,,,,,,
GCF_004358365.1;protein_2103,GCF_048568965.1;protein_4971,GCF_000005845.2;protein_98,GCF_053078305.1;protein_4561,GCF_048571455.1;protein_891,,,,,,,,
GCF_004358365.1;protein_2104,GCF_048568965.1;protein_4972,GCF_000005845.2;protein_97,GCF_053078305.1;protein_4562,GCF_048571455.1;protein_890,,,,,,,,
GCF_004358365.1;protein_2105,GCF_048568965.1;protein_4973,GCF_000005845.2;protein_96,GCF_053078305.1;protein_4563,GCF_048571455.1;protein_889,,,,,,,,
GCF_004358365.1;protein_2106,GCF_048568965.1;protein_4974,GCF_000005845.2;protein_95,GCF_053078305.1;protein_4564,GCF_048571455.1;protein_888,,,,,,,,
GCF_004358365.1;protein_2107,GCF_048568965.1;protein_4975,GCF_000005845.2;protein_94,GCF_053078305.1;protein_4565,GCF_048571455.1;protein_887,,,,,,,,
GCF_004358365.1;protein_2108,GCF_048568965.1;protein_4976,GCF_000005845.2;protein_93,GCF_053078305.1;protein_4566,GCF_048571455.1;protein_886,,,,,,,,
GCF_004358365.1;protein_2109,GCF_048568965.1;protein_4977,GCF_000005845.2;protein_92,GCF_053078305.1;protein_4567,GCF_048571455.1;protein_885,,,,,,,,
GCF_004358365.1;protein_2110,GCF_048568965.1;protein_4978,GCF_000005845.2;protein_91,GCF_053078305.1;protein_4568,GCF_048571455.1;protein_884,,,,,,,,
GCF_004358365.1;protein_2111,GCF_048568965.1;protein_4979,GCF_000005845.2;protein_90,GCF_053078305.1;protein_4569,GCF_048571455.1;protein_883,,,,,,,,
GCF_004358365.1;protein_2112,GCF_048568965.1;protein_4980,GCF_000005845.2;protein_89,GCF_053078305.1;protein_4570,GCF_048571455.1;protein_882,,,,,,,,
GCF_004358365.1;protein_2113,GCF_048568965.1;protein_4981,GCF_000005845.2;protein_88,GCF_053078305.1;protein_4571,GCF_048571455.1;protein_881,,,,,,,,
GCF_004358365.1;protein_2114,GCF_048568965.1;protein_4982,GCF_000005845.2;protein_87,GCF_053078305.1;protein_4572,GCF_048571455.1;protein_880,,,,,,,,
GCF_004358365.1;protein_2115,GCF_048568965.1;protein_4983,GCF_000005845.2;protein_86,GCF_053078305.1;protein_4573,GCF_048571455.1;protein_879,,,,,,,,
GCF_004358365.1;protein_2116,GCF_048568965.1;protein_4984,GCF_000005845.2;protein_85,GCF_053078305.1;protein_4574,GCF_048571455.1;protein_878,,,,,,,,
GCF_004358365.1;protein_2117,GCF_048568965.1;protein_4985,GCF_000005845.2;protein_84,GCF_053078305.1;protein_4575,GCF_048571455.1;protein_877,,,,,,,,
GCF_004358365.1;protein_2118,GCF_048568965.1;protein_4986,GCF_000005845.2;protein_83,GCF_053078305.1;protein_4576,GCF_048571455.1;protein_876,,,,,,,,
GCF_004358365.1;protein_2119,GCF_048568965.1;protein_4987,GCF_000005845.2;protein_82,GCF_053078305.1;protein_4577,GCF_048571455.1;protein_875,,,,,,,,
GCF_004358365.1;protein_2120,GCF_048568965.1;protein_4988,GCF_000005845.2;protein_81,GCF_053078305.1;protein_4578,GCF_048571455.1;protein_874,,,,,,,,
GCF_004358365.1;protein_2121,GCF_048568965.1;protein_4989,GCF_000005845.2;protein_80,GCF_053078305.1;protein_4579,GCF_048571455.1;protein_873,,,,,,,,
GCF_004358365.1;protein_2122,GCF_048568965.1;protein_4990,,GCF_053078305.1;protein_4580,GCF_048571455.1;protein_872,,,,,,,,
GCF_004358365.1;protein_2123,GCF_048568965.1;protein_4991,GCF_000005845.2;protein_79,GCF_053078305.1;protein_4581,GCF_048571455.1;protein_871,,,,,,,,
GCF_004358365.1;protein_2124,GCF_048568965.1;protein_4992,GCF_000005845.2;protein_78,GCF_053078305.1;protein_4582,GCF_048571455.1;protein_870,,,,,,,,
GCF_004358365.1;protein_2125,GCF_048568965.1;protein_4993,GCF_000005845.2;protein_77,GCF_053078305.1;protein_4583,GCF_048571455.1;protein_869,,,,,,,,
GCF_004358365.1;protein_2126,GCF_048568965.1;protein_4994,GCF_000005845.2;protein_76,GCF_053078305.1;protein_4584,GCF_048571455.1;protein_868,,,,,,,,
GCF_004358365.1;protein_2127,GCF_048568965.1;protein_4995,GCF_000005845.2;protein_75,GCF_053078305.1;protein_4585,GCF_048571455.1;protein_867,,,,,,,,
GCF_004358365.1;protein_2128,GCF_048568965.1;protein_4996,GCF_000005845.2;protein_74,GCF_053078305.1;protein_4586,GCF_048571455.1;protein_866,,,,,,,,
GCF_004358365.1;protein_2129,GCF_048568965.1;protein_4997,GCF_000005845.2;protein_73,GCF_053078305.1;protein_4587,GCF_048571455.1;protein_865,,,,,,,,
GCF_004358365.1;protein_2130,GCF_048568965.1;protein_4998,GCF_000005845.2;protein_72,GCF_053078305.1;protein_4588,GCF_048571455.1;protein_864,,,,,,,,
GCF_004358365.1;protein_2131,GCF_048568965.1;protein_4999,GCF_000005845.2;protein_71,GCF_053078305.1;protein_4589,GCF_048571455.1;protein_863,,,,,,,,
GCF_004358365.1;protein_2132,GCF_048568965.1;protein_5000,GCF_000005845.2;protein_70,,GCF_048571455.1;protein_862,,,,,,,,
GCF_004358365.1;protein_2133,GCF_048568965.1;protein_5001,GCF_000005845.2;protein_69,GCF_053078305.1;protein_4590,GCF_048571455.1;protein_861,,,,,,,,
GCF_004358365.1;protein_2134,GCF_048568965.1;protein_5002,GCF_000005845.2;protein_68,GCF_053078305.1;protein_4591,GCF_048571455.1;protein_860,,,,,,,,
GCF_004358365.1;protein_2135,GCF_048568965.1;protein_5003,GCF_000005845.2;protein_67,GCF_053078305.1;protein_4593,GCF_048571455.1;protein_859,,,,,,,,
GCF_004358365.1;protein_2136,GCF_048568965.1;protein_5004,GCF_000005845.2;protein_66,GCF_053078305.1;protein_4594,GCF_048571455.1;protein_858,,,,,,,,
GCF_004358365.1;protein_2137,GCF_048568965.1;protein_5005,GCF_000005845.2;protein_65,GCF_053078305.1;protein_4595,GCF_048571455.1;protein_857,,,,,,,,
GCF_004358365.1;protein_2138,GCF_048568965.1;protein_5006,GCF_000005845.2;protein_64,GCF_053078305.1;protein_4596,GCF_048571455.1;protein_856,,,,,,,,
GCF_004358365.1;protein_2139,GCF_048568965.1;protein_5007,GCF_000005845.2;protein_63,GCF_053078305.1;protein_4597,GCF_048571455.1;protein_855,,,,,,,,
GCF_004358365.1;protein_2140,GCF_048568965.1;protein_5008,GCF_000005845.2;protein_62,GCF_053078305.1;protein_4598,GCF_048571455.1;protein_854,,,,,,,,
GCF_004358365.1;protein_2141,GCF_048568965.1;protein_5009,GCF_000005845.2;protein_61,GCF_053078305.1;protein_4599,GCF_048571455.1;protein_853,,,,,,,,
GCF_004358365.1;protein_2142,GCF_048568965.1;protein_5010,GCF_000005845.2;protein_60,GCF_053078305.1;protein_4600,GCF_048571455.1;protein_852,,,,,,,,
GCF_004358365.1;protein_2143,GCF_048568965.1;protein_5011,GCF_000005845.2;protein_59,GCF_053078305.1;protein_4601,GCF_048571455.1;protein_851,,,,,,,,
GCF_004358365.1;protein_2144,GCF_048568965.1;protein_5012,GCF_000005845.2;protein_58,GCF_053078305.1;protein_4602,GCF_048571455.1;protein_850,,,,,,,,
GCF_004358365.1;protein_2145,GCF_048568965.1;protein_5013,GCF_000005845.2;protein_57,GCF_053078305.1;protein_4603,GCF_048571455.1;protein_849,,,,,,,,
GCF_004358365.1;protein_2146,GCF_048568965.1;protein_5014,GCF_000005845.2;protein_54,GCF_053078305.1;protein_4606,GCF_048571455.1;protein_848,,,,,,,,
GCF_004358365.1;protein_2147,GCF_048568965.1;protein_5015,GCF_000005845.2;protein_53,GCF_053078305.1;protein_4607,GCF_048571455.1;protein_847,,,,,,,,
GCF_004358365.1;protein_2148,GCF_048568965.1;protein_5016,GCF_000005845.2;protein_52,GCF_053078305.1;protein_4608,GCF_048571455.1;protein_846,,,,,,,,
GCF_004358365.1;protein_2149,GCF_048568965.1;protein_5017,GCF_000005845.2;protein_51,GCF_053078305.1;protein_4609,GCF_048571455.1;protein_845,,,,,,,,
GCF_004358365.1;protein_2150,GCF_048568965.1;protein_5018,GCF_000005845.2;protein_50,GCF_053078305.1;protein_4610,GCF_048571455.1;protein_844,,,,,,,,
GCF_004358365.1;protein_2151,GCF_048568965.1;protein_5019,GCF_000005845.2;protein_49,GCF_053078305.1;protein_4611,GCF_048571455.1;protein_843,,,,,,,,
GCF_004358365.1;protein_2152,GCF_048568965.1;protein_5020,GCF_000005845.2;protein_48,GCF_053078305.1;protein_4612,GCF_048571455.1;protein_842,,,,,,,,
GCF_004358365.1;protein_2153,GCF_048568965.1;protein_5021,,,GCF_048571455.1;protein_841,,,,,,,,
GCF_004358365.1;protein_2154,GCF_048568965.1;protein_5022,,,GCF_048571455.1;protein_840,,,,,,,,
GCF_004358365.1;protein_2156,GCF_048568965.1;protein_5024,GCF_000005845.2;protein_47,GCF_053078305.1;protein_4615,GCF_048571455.1;protein_838,,,,,,,,
GCF_004358365.1;protein_2157,GCF_048568965.1;protein_5025,GCF_000005845.2;protein_46,GCF_053078305.1;protein_4616,GCF_048571455.1;protein_837,,,,,,,,
GCF_004358365.1;protein_2158,GCF_048568965.1;protein_5026,GCF_000005845.2;protein_45,GCF_053078305.1;protein_4617,GCF_048571455.1;protein_836,,,,,,,,
GCF_004358365.1;protein_2159,GCF_048568965.1;protein_5027,GCF_000005845.2;protein_44,GCF_053078305.1;protein_4618,GCF_048571455.1;protein_835,,,,,,,,
GCF_004358365.1;protein_2160,GCF_048568965.1;protein_5028,GCF_000005845.2;protein_43,GCF_053078305.1;protein_4619,GCF_048571455.1;protein_834,,,,,,,,
GCF_004358365.1;protein_2161,GCF_048568965.1;protein_5029,GCF_000005845.2;protein_42,GCF_053078305.1;protein_4620,GCF_048571455.1;protein_833,,,,,,,,
GCF_004358365.1;protein_2162,GCF_048568965.1;protein_5030,GCF_000005845.2;protein_41,GCF_053078305.1;protein_4621,GCF_048571455.1;protein_832,,,,,,,,
GCF_004358365.1;protein_2163,GCF_048568965.1;protein_5031,GCF_000005845.2;protein_40,GCF_053078305.1;protein_4622,GCF_048571455.1;protein_831,,,,,,,,
GCF_004358365.1;protein_2164,GCF_048568965.1;protein_5032,GCF_000005845.2;protein_39,GCF_053078305.1;protein_4623,GCF_048571455.1;protein_830,,,,,,,,
GCF_004358365.1;protein_2165,GCF_048568965.1;protein_5033,GCF_000005845.2;protein_38,GCF_053078305.1;protein_4624,GCF_048571455.1;protein_829,,,,,,,,
GCF_004358365.1;protein_2166,GCF_048568965.1;protein_5034,GCF_000005845.2;protein_37,GCF_053078305.1;protein_4625,GCF_048571455.1;protein_828,,,,,,,,
GCF_004358365.1;protein_2167,GCF_048568965.1;protein_5035,GCF_000005845.2;protein_36,GCF_053078305.1;protein_4626,GCF_048571455.1;protein_827,,,,,,,,
GCF_004358365.1;protein_2168,GCF_048568965.1;protein_5036,GCF_000005845.2;protein_35,GCF_053078305.1;protein_4627,GCF_048571455.1;protein_826,,,,,,,,
GCF_004358365.1;protein_2169,GCF_048568965.1;protein_5037,GCF_000005845.2;protein_34,GCF_053078305.1;protein_4628,GCF_048571455.1;protein_825,,,,,,,,
GCF_004358365.1;protein_217,GCF_048568965.1;protein_3088,,,,,,,,,,,
GCF_004358365.1;protein_2170,GCF_048568965.1;protein_5038,GCF_000005845.2;protein_33,GCF_053078305.1;protein_4629,GCF_048571455.1;protein_824,,,,,,,,
GCF_004358365.1;protein_2171,GCF_048568965.1;protein_5039,GCF_000005845.2;protein_32,GCF_053078305.1;protein_4630,GCF_048571455.1;protein_823,,,,,,,,
GCF_004358365.1;protein_2172,GCF_048568965.1;protein_5040,GCF_000005845.2;protein_31,GCF_053078305.1;protein_4631,GCF_048571455.1;protein_822,,,,,,,,
GCF_004358365.1;protein_2173,GCF_048568965.1;protein_5041,GCF_000005845.2;protein_30,GCF_053078305.1;protein_4632,GCF_048571455.1;protein_821,,,,,,,,
GCF_004358365.1;protein_2174,GCF_048568965.1;protein_5042,GCF_000005845.2;protein_29,GCF_053078305.1;protein_4633,GCF_048571455.1;protein_820,,,,,,,,
GCF_004358365.1;protein_2175,GCF_048568965.1;protein_5043,GCF_000005845.2;protein_28,GCF_053078305.1;protein_4634,GCF_048571455.1;protein_819,,,,,,,,
GCF_004358365.1;protein_2176,GCF_048568965.1;protein_5044,GCF_000005845.2;protein_27,GCF_053078305.1;protein_4635,GCF_048571455.1;protein_818,,,,,,,,
GCF_004358365.1;protein_2177,GCF_048568965.1;protein_5045,GCF_000005845.2;protein_26,GCF_053078305.1;protein_4636,GCF_048571455.1;protein_817,,,,,,,,
GCF_004358365.1;protein_2178,GCF_048568965.1;protein_5046,GCF_000005845.2;protein_25,GCF_053078305.1;protein_4637,GCF_048571455.1;protein_816,,,,,,,,
GCF_004358365.1;protein_2179,GCF_048568965.1;protein_5047,GCF_000005845.2;protein_24,GCF_053078305.1;protein_4638,GCF_048571455.1;protein_815,,,,,,,,
GCF_004358365.1;protein_218,GCF_048568965.1;protein_3089,,,,,,,,,,,
GCF_004358365.1;protein_2180,GCF_048568965.1;protein_5048,GCF_000005845.2;protein_23,GCF_053078305.1;protein_4639,GCF_048571455.1;protein_814,,,,,,,,
GCF_004358365.1;protein_2181,GCF_048568965.1;protein_5049,GCF_000005845.2;protein_22,GCF_053078305.1;protein_4640,GCF_048571455.1;protein_813,,,,,,,,
GCF_004358365.1;protein_2182,GCF_048568965.1;protein_5050,,GCF_053078305.1;protein_4641,GCF_048571455.1;protein_812,,,,,,,,
GCF_004358365.1;protein_2183,GCF_048568965.1;protein_5051,,,GCF_048571455.1;protein_811,,,,,,,,
GCF_004358365.1;protein_2184,GCF_048568965.1;protein_5052,,GCF_053078305.1;protein_4645,GCF_048571455.1;protein_810,,,,,,,,
GCF_004358365.1;protein_2185,GCF_048568965.1;protein_5053,GCF_000005845.2;protein_19,GCF_053078305.1;protein_4646,GCF_048571455.1;protein_809,,,,,,,,
GCF_004358365.1;protein_2186,GCF_048568965.1;protein_5054,GCF_000005845.2;protein_18,GCF_053078305.1;protein_4647,GCF_048571455.1;protein_808,,,,,,,,
GCF_004358365.1;protein_2187,GCF_048568965.1;protein_5055,GCF_000005845.2;protein_17,GCF_053078305.1;protein_4648,GCF_048571455.1;protein_807,,,,,,,,
GCF_004358365.1;protein_2188,GCF_048568965.1;protein_5056,GCF_000005845.2;protein_14,GCF_053078305.1;protein_4649,GCF_048571455.1;protein_806,,,,,,,,
GCF_004358365.1;protein_2189,GCF_048568965.1;protein_5057,GCF_000005845.2;protein_13,GCF_053078305.1;protein_4650,GCF_048571455.1;protein_805,,,,,,,,
GCF_004358365.1;protein_219,GCF_048568965.1;protein_3090,,,,,,,,,,,
GCF_004358365.1;protein_2190,GCF_048568965.1;protein_5058,GCF_000005845.2;protein_12,GCF_053078305.1;protein_4651,GCF_048571455.1;protein_804,,,,,,,,
GCF_004358365.1;protein_2191,GCF_048568965.1;protein_5059,GCF_000005845.2;protein_10,GCF_053078305.1;protein_4652,GCF_048571455.1;protein_803,,,,,,,,
GCF_004358365.1;protein_2192,GCF_048568965.1;protein_5060,GCF_000005845.2;protein_9,GCF_053078305.1;protein_4653,GCF_048571455.1;protein_802,,,,,,,,
GCF_004358365.1;protein_2193,GCF_048568965.1;protein_5061,GCF_000005845.2;protein_8,GCF_053078305.1;protein_4654,GCF_048571455.1;protein_801,,,,,,,,
GCF_004358365.1;protein_2194,GCF_048568965.1;protein_5062,GCF_000005845.2;protein_7,GCF_053078305.1;protein_4655,GCF_048571455.1;protein_800,,,,,,,,
GCF_004358365.1;protein_2195,GCF_048568965.1;protein_5063,GCF_000005845.2;protein_6,GCF_053078305.1;protein_4656,GCF_048571455.1;protein_799,,,,,,,,
GCF_004358365.1;protein_2196,GCF_048568965.1;protein_5064,GCF_000005845.2;protein_5,GCF_053078305.1;protein_4657,GCF_048571455.1;protein_798,,,,,,,,
GCF_004358365.1;protein_2197,GCF_048568965.1;protein_5065,GCF_000005845.2;protein_4,GCF_053078305.1;protein_4658,GCF_048571455.1;protein_797,,,,,,,,
GCF_004358365.1;protein_2198,GCF_048568965.1;protein_5066,GCF_000005845.2;protein_3,GCF_053078305.1;protein_4659,GCF_048571455.1;protein_796,,,,,,,,
GCF_004358365.1;protein_2199,GCF_048568965.1;protein_5067,GCF_000005845.2;protein_2,GCF_053078305.1;protein_4660,GCF_048571455.1;protein_795,,,,,,,,
GCF_004358365.1;protein_22,GCF_048568965.1;protein_3021,GCF_000005845.2;protein_1512,GCF_053078305.1;protein_2885,GCF_048571455.1;protein_2936,,,,,,,,
GCF_004358365.1;protein_220,GCF_048568965.1;protein_3091,,,,,,,,,,,
GCF_004358365.1;protein_2200,GCF_048568965.1;protein_5068,GCF_000005845.2;protein_1,GCF_053078305.1;protein_4661,GCF_048571455.1;protein_794,,,,,,,,
GCF_004358365.1;protein_2201,GCF_048568965.1;protein_5069,,,GCF_048571455.1;protein_793,,,,,,,,
GCF_004358365.1;protein_2202,GCF_048568965.1;protein_5070,GCF_000005845.2;protein_4317,GCF_053078305.1;protein_4663,GCF_048571455.1;protein_792,,,,,,,,
GCF_004358365.1;protein_2203,GCF_048568965.1;protein_5071,GCF_000005845.2;protein_4315,GCF_053078305.1;protein_4664,GCF_048571455.1;protein_791,,,,,,,,
GCF_004358365.1;protein_2204,GCF_048568965.1;protein_5072,GCF_000005845.2;protein_4314,GCF_053078305.1;protein_4665,GCF_048571455.1;protein_790,,,,,,,,
GCF_004358365.1;protein_2205,GCF_048568965.1;protein_5073,GCF_000005845.2;protein_4313,GCF_053078305.1;protein_4666,GCF_048571455.1;protein_789,,,,,,,,
GCF_004358365.1;protein_2206,GCF_048568965.1;protein_5074,GCF_000005845.2;protein_4312,GCF_053078305.1;protein_4667,GCF_048571455.1;protein_788,,,,,,,,
GCF_004358365.1;protein_2207,GCF_048568965.1;protein_5075,GCF_000005845.2;protein_4311,GCF_053078305.1;protein_4668,GCF_048571455.1;protein_787,,,,,,,,
GCF_004358365.1;protein_2208,GCF_048568965.1;protein_5076,GCF_000005845.2;protein_4310,GCF_053078305.1;protein_4669,GCF_048571455.1;protein_786,,,,,,,,
GCF_004358365.1;protein_2209,GCF_048568965.1;protein_5077,GCF_000005845.2;protein_4309,GCF_053078305.1;protein_4670,GCF_048571455.1;protein_785,,,,,,,,
GCF_004358365.1;protein_2210,GCF_048568965.1;protein_5078,GCF_000005845.2;protein_4308,GCF_053078305.1;protein_4671,GCF_048571455.1;protein_784,,,,,,,,
GCF_004358365.1;protein_2211,GCF_048568965.1;protein_5079,GCF_000005845.2;protein_4307,GCF_053078305.1;protein_4672,GCF_048571455.1;protein_783,,,,,,,,
GCF_004358365.1;protein_2212,GCF_048568965.1;protein_5080,GCF_000005845.2;protein_4306,GCF_053078305.1;protein_4673,GCF_048571455.1;protein_782,,,,,,,,
GCF_004358365.1;protein_2213,GCF_048568965.1;protein_5081,GCF_000005845.2;protein_4305,GCF_053078305.1;protein_4674,GCF_048571455.1;protein_781,,,,,,,,
GCF_004358365.1;protein_2214,GCF_048568965.1;protein_5082,GCF_000005845.2;protein_4304,GCF_053078305.1;protein_4675,GCF_048571455.1;protein_780,,,,,,,,
GCF_004358365.1;protein_2216,GCF_048568965.1;protein_5083,GCF_000005845.2;protein_4303,GCF_053078305.1;protein_4684,GCF_048571455.1;protein_779,,,,,,,,
GCF_004358365.1;protein_2217,GCF_048568965.1;protein_5084,GCF_000005845.2;protein_4302,GCF_053078305.1;protein_4685,GCF_048571455.1;protein_778,,,,,,,,
GCF_004358365.1;protein_2218,GCF_048568965.1;protein_5085,GCF_000005845.2;protein_4301,GCF_053078305.1;protein_4686,GCF_048571455.1;protein_777,,,,,,,,
GCF_004358365.1;protein_2219,GCF_048568965.1;protein_5086,GCF_000005845.2;protein_4300,GCF_053078305.1;protein_4687,GCF_048571455.1;protein_776,,,,,,,,
GCF_048568965.1;protein_5979,GCF_053078305.1;protein_2732,,GCF_048568965.1;protein_2824,GCF_004358365.1;protein_222,,,,,,,,
GCF_004358365.1;protein_2220,GCF_048568965.1;protein_5087,GCF_000005845.2;protein_4299,GCF_053078305.1;protein_4688,GCF_048571455.1;protein_775,,,,,,,,
GCF_004358365.1;protein_2221,GCF_048568965.1;protein_5088,,GCF_053078305.1;protein_4689,GCF_048571455.1;protein_774,,,,,,,,
GCF_004358365.1;protein_2222,GCF_048568965.1;protein_5089,GCF_000005845.2;protein_4297,GCF_053078305.1;protein_4690,GCF_048571455.1;protein_773,,,,,,,,
GCF_004358365.1;protein_2223,GCF_048568965.1;protein_5090,GCF_000005845.2;protein_4296,GCF_053078305.1;protein_4691,GCF_048571455.1;protein_772,,,,,,,,
GCF_004358365.1;protein_2224,GCF_048568965.1;protein_5091,GCF_000005845.2;protein_4295,GCF_053078305.1;protein_4692,GCF_048571455.1;protein_771,,,,,,,,
GCF_004358365.1;protein_2225,GCF_048568965.1;protein_5092,GCF_000005845.2;protein_4294,GCF_053078305.1;protein_4693,GCF_048571455.1;protein_770,,,,,,,,
GCF_004358365.1;protein_2226,GCF_048568965.1;protein_5093,GCF_000005845.2;protein_4293,GCF_053078305.1;protein_4694,GCF_048571455.1;protein_769,,,,,,,,
GCF_004358365.1;protein_2227,GCF_048568965.1;protein_5094,GCF_000005845.2;protein_4292,GCF_053078305.1;protein_4695,GCF_048571455.1;protein_768,,,,,,,,
GCF_004358365.1;protein_2228,GCF_048568965.1;protein_5095,GCF_000005845.2;protein_4291,GCF_053078305.1;protein_4696,GCF_048571455.1;protein_767,,,,,,,,
GCF_004358365.1;protein_2229,GCF_048568965.1;protein_5096,GCF_000005845.2;protein_4290,GCF_053078305.1;protein_4697,GCF_048571455.1;protein_766,,,,,,,,
GCF_004358365.1;protein_2230,GCF_048568965.1;protein_5097,GCF_000005845.2;protein_4289,GCF_053078305.1;protein_4698,GCF_048571455.1;protein_765,,,,,,,,
GCF_004358365.1;protein_2231,GCF_048568965.1;protein_5098,GCF_000005845.2;protein_4288,GCF_053078305.1;protein_4699,GCF_048571455.1;protein_764,,,,,,,,
GCF_004358365.1;protein_2232,GCF_048568965.1;protein_5099,GCF_000005845.2;protein_4287,GCF_053078305.1;protein_4700,GCF_048571455.1;protein_763,,,,,,,,
GCF_004358365.1;protein_2233,GCF_048568965.1;protein_5100,GCF_000005845.2;protein_4286,GCF_053078305.1;protein_4701,GCF_048571455.1;protein_762,,,,,,,,
GCF_004358365.1;protein_2234,GCF_048568965.1;protein_5101,GCF_000005845.2;protein_4285,GCF_053078305.1;protein_4702,GCF_048571455.1;protein_761,,,,,,,,
GCF_004358365.1;protein_2235,GCF_048568965.1;protein_5102,GCF_000005845.2;protein_4284,GCF_053078305.1;protein_4703,GCF_048571455.1;protein_760,,,,,,,,
GCF_004358365.1;protein_2236,GCF_048568965.1;protein_5103,GCF_000005845.2;protein_4283,GCF_053078305.1;protein_4704,GCF_048571455.1;protein_759,,,,,,,,
GCF_004358365.1;protein_2237,GCF_048568965.1;protein_5104,GCF_000005845.2;protein_4282,GCF_053078305.1;protein_4705,GCF_048571455.1;protein_758,,,,,,,,
GCF_004358365.1;protein_2238,GCF_048568965.1;protein_5105,GCF_000005845.2;protein_4281,GCF_053078305.1;protein_4706,GCF_048571455.1;protein_757,,,,,,,,
GCF_004358365.1;protein_2239,GCF_048568965.1;protein_5106,GCF_000005845.2;protein_4280,GCF_053078305.1;protein_4707,GCF_048571455.1;protein_756,,,,,,,,
GCF_004358365.1;protein_2240,GCF_048568965.1;protein_5107,GCF_000005845.2;protein_4279,GCF_053078305.1;protein_4708,GCF_048571455.1;protein_755,,,,,,,,
GCF_004358365.1;protein_2241,GCF_048568965.1;protein_5108,GCF_000005845.2;protein_4278,GCF_053078305.1;protein_4709,GCF_048571455.1;protein_754,,,,,,,,
GCF_004358365.1;protein_2242,GCF_048568965.1;protein_5109,GCF_000005845.2;protein_4277,GCF_053078305.1;protein_4710,GCF_048571455.1;protein_753,,,,,,,,
GCF_004358365.1;protein_2243,GCF_048568965.1;protein_5110,GCF_000005845.2;protein_4276,GCF_053078305.1;protein_4711,GCF_048571455.1;protein_752,,,,,,,,
GCF_004358365.1;protein_2244,GCF_048568965.1;protein_5111,GCF_000005845.2;protein_4275,GCF_053078305.1;protein_4712,GCF_048571455.1;protein_751,,,,,,,,
GCF_004358365.1;protein_2245,GCF_048568965.1;protein_5112,GCF_000005845.2;protein_4274,GCF_053078305.1;protein_4713,GCF_048571455.1;protein_750,,,,,,,,
GCF_004358365.1;protein_2246,GCF_048568965.1;protein_5113,GCF_000005845.2;protein_4273,GCF_053078305.1;protein_4714,GCF_048571455.1;protein_749,,,,,,,,
GCF_004358365.1;protein_2247,GCF_048568965.1;protein_5114,GCF_000005845.2;protein_4272,GCF_053078305.1;protein_4715,GCF_048571455.1;protein_748,,,,,,,,
GCF_004358365.1;protein_2248,GCF_048568965.1;protein_5115,GCF_000005845.2;protein_4271,GCF_053078305.1;protein_4716,GCF_048571455.1;protein_747,,,,,,,,
GCF_004358365.1;protein_2249,GCF_048568965.1;protein_5116,,,GCF_048571455.1;protein_746,,,,,,,,
GCF_004358365.1;protein_2250,GCF_048568965.1;protein_5117,,,GCF_048571455.1;protein_745,,,,,,,,
GCF_004358365.1;protein_2251,GCF_048568965.1;protein_5118,,,GCF_048571455.1;protein_744,,,,,,,,
GCF_004358365.1;protein_2252,GCF_048568965.1;protein_5119,,,GCF_048571455.1;protein_743,,,,,,,,
GCF_004358365.1;protein_2253,GCF_048568965.1;protein_5120,GCF_000005845.2;protein_4269,GCF_053078305.1;protein_4718,GCF_048571455.1;protein_742,,,,,,,,
GCF_004358365.1;protein_2254,GCF_048568965.1;protein_5121,,,GCF_048571455.1;protein_741,,,,,,,,
GCF_004358365.1;protein_2255,GCF_048568965.1;protein_5122,,,GCF_048571455.1;protein_740,,,,,,,,
GCF_004358365.1;protein_2256,GCF_048568965.1;protein_5123,,,GCF_048571455.1;protein_739,,,,,,,,
GCF_004358365.1;protein_2257,GCF_048568965.1;protein_5124,,,GCF_048571455.1;protein_738,,,,,,,,
GCF_004358365.1;protein_2258,GCF_048568965.1;protein_5125,,,GCF_048571455.1;protein_737,,,,,,,,
GCF_004358365.1;protein_2259,GCF_048568965.1;protein_5126,,,GCF_048571455.1;protein_736,,,,,,,,
GCF_004358365.1;protein_2260,GCF_048568965.1;protein_5127,,,GCF_048571455.1;protein_735,,,,,,,,
GCF_004358365.1;protein_2261,GCF_048568965.1;protein_5128,,,GCF_048571455.1;protein_734,,,,,,,,
GCF_004358365.1;protein_2262,GCF_048568965.1;protein_5129,,,GCF_048571455.1;protein_733,,,,,,,,
GCF_004358365.1;protein_2263,GCF_048568965.1;protein_5130,,,GCF_048571455.1;protein_732,,,,,,,,
GCF_004358365.1;protein_2264,GCF_048568965.1;protein_5131,,,GCF_048571455.1;protein_731,,,,,,,,
GCF_004358365.1;protein_2265,GCF_048568965.1;protein_5132,GCF_000005845.2;protein_4268,GCF_053078305.1;protein_4720,GCF_048571455.1;protein_730,,,,,,,,
GCF_004358365.1;protein_2266,GCF_048568965.1;protein_5133,GCF_000005845.2;protein_4267,GCF_053078305.1;protein_4721,GCF_048571455.1;protein_729,,,,,,,,
GCF_004358365.1;protein_2267,GCF_048568965.1;protein_5134,GCF_000005845.2;protein_4266,GCF_053078305.1;protein_4722,GCF_048571455.1;protein_728,,,,,,,,
GCF_004358365.1;protein_2268,GCF_048568965.1;protein_5135,,,GCF_048571455.1;protein_727,,,,,,,,
GCF_004358365.1;protein_2269,GCF_048568965.1;protein_5136,,,GCF_048571455.1;protein_726,,,,,,,,
GCF_004358365.1;protein_2270,GCF_048568965.1;protein_5137,,,GCF_048571455.1;protein_725,,,,,,,,
GCF_004358365.1;protein_2271,GCF_048568965.1;protein_5138,,,GCF_048571455.1;protein_724,,,,,,,,
GCF_004358365.1;protein_2272,GCF_048568965.1;protein_5139,,,GCF_048571455.1;protein_723,,,,,,,,
GCF_004358365.1;protein_2273,GCF_048568965.1;protein_5140,GCF_000005845.2;protein_4261,GCF_053078305.1;protein_4729,GCF_048571455.1;protein_722,,,,,,,,
GCF_004358365.1;protein_2274,GCF_048568965.1;protein_5141,,,GCF_048571455.1;protein_721,,,,,,,,
GCF_004358365.1;protein_2275,GCF_048568965.1;protein_5142,,,GCF_048571455.1;protein_720,,,,,,,,
GCF_004358365.1;protein_2276,GCF_048568965.1;protein_5143,GCF_000005845.2;protein_4256,GCF_053078305.1;protein_4730,GCF_048571455.1;protein_719,,,,,,,,
GCF_004358365.1;protein_2277,GCF_048568965.1;protein_5144,GCF_000005845.2;protein_4255,GCF_053078305.1;protein_4731,GCF_048571455.1;protein_718,,,,,,,,
GCF_004358365.1;protein_2278,GCF_048568965.1;protein_5145,,GCF_053078305.1;protein_4732,GCF_048571455.1;protein_717,,,,,,,,
GCF_004358365.1;protein_2279,GCF_048568965.1;protein_5146,GCF_000005845.2;protein_4253,GCF_053078305.1;protein_4733,GCF_048571455.1;protein_716,,,,,,,,
GCF_004358365.1;protein_228,GCF_048568965.1;protein_3099,GCF_000005845.2;protein_1349,,,,,,,,,,
GCF_004358365.1;protein_2280,GCF_048568965.1;protein_5147,GCF_000005845.2;protein_4252,GCF_053078305.1;protein_4734,GCF_048571455.1;protein_715,,,,,,,,
GCF_004358365.1;protein_2281,GCF_048568965.1;protein_5148,GCF_000005845.2;protein_4251,GCF_053078305.1;protein_4735,GCF_048571455.1;protein_714,,,,,,,,
GCF_004358365.1;protein_2282,GCF_048568965.1;protein_5149,GCF_000005845.2;protein_4250,GCF_053078305.1;protein_4736,GCF_048571455.1;protein_713,,,,,,,,
GCF_004358365.1;protein_2283,GCF_048568965.1;protein_5150,GCF_000005845.2;protein_4249,,GCF_048571455.1;protein_712,,,,,,,,
GCF_004358365.1;protein_2284,GCF_048568965.1;protein_5151,GCF_000005845.2;protein_4248,,GCF_048571455.1;protein_711,,,,,,,,
GCF_004358365.1;protein_2285,GCF_048568965.1;protein_5152,GCF_000005845.2;protein_4247,GCF_053078305.1;protein_4740,GCF_048571455.1;protein_710,,,,,,,,
GCF_004358365.1;protein_2286,GCF_048568965.1;protein_5153,GCF_000005845.2;protein_4246,GCF_053078305.1;protein_4742,GCF_048571455.1;protein_709,,,,,,,,
GCF_004358365.1;protein_2287,GCF_048568965.1;protein_5154,GCF_000005845.2;protein_4245,GCF_053078305.1;protein_4743,GCF_048571455.1;protein_708,,,,,,,,
GCF_004358365.1;protein_2288,GCF_048568965.1;protein_5155,GCF_000005845.2;protein_4244,GCF_053078305.1;protein_4744,GCF_048571455.1;protein_707,,,,,,,,
GCF_004358365.1;protein_2289,GCF_048568965.1;protein_5156,GCF_000005845.2;protein_4243,GCF_053078305.1;protein_4745,GCF_048571455.1;protein_706,,,,,,,,
GCF_004358365.1;protein_2290,GCF_048568965.1;protein_5157,GCF_000005845.2;protein_4242,GCF_053078305.1;protein_4746,GCF_048571455.1;protein_705,,,,,,,,
GCF_004358365.1;protein_2291,GCF_048568965.1;protein_5158,GCF_000005845.2;protein_4241,GCF_053078305.1;protein_4747,GCF_048571455.1;protein_704,,,,,,,,
GCF_004358365.1;protein_2292,GCF_048568965.1;protein_5159,GCF_000005845.2;protein_4240,GCF_053078305.1;protein_4748,GCF_048571455.1;protein_703,,,,,,,,
GCF_004358365.1;protein_2293,GCF_048568965.1;protein_5160,GCF_000005845.2;protein_4239,GCF_053078305.1;protein_4749,GCF_048571455.1;protein_702,,,,,,,,
GCF_004358365.1;protein_2294,GCF_048568965.1;protein_5161,GCF_000005845.2;protein_4238,GCF_053078305.1;protein_4750,,,,,,,,,
GCF_004358365.1;protein_2295,GCF_048568965.1;protein_5162,GCF_000005845.2;protein_4237,GCF_053078305.1;protein_4751,GCF_048571455.1;protein_700,,,,,,,,
GCF_004358365.1;protein_2296,GCF_048568965.1;protein_5163,GCF_000005845.2;protein_4236,GCF_053078305.1;protein_4752,GCF_048571455.1;protein_699,,,,,,,,
GCF_004358365.1;protein_2297,GCF_048568965.1;protein_5164,GCF_000005845.2;protein_4235,GCF_053078305.1;protein_4753,GCF_048571455.1;protein_698,,,,,,,,
GCF_004358365.1;protein_2298,GCF_048568965.1;protein_5165,GCF_000005845.2;protein_4234,GCF_053078305.1;protein_4754,GCF_048571455.1;protein_697,,,,,,,,
GCF_004358365.1;protein_2299,GCF_048568965.1;protein_5166,,,GCF_048571455.1;protein_696,,,,,,,,
GCF_004358365.1;protein_23,GCF_048568965.1;protein_3020,GCF_000005845.2;protein_1511,GCF_053078305.1;protein_2886,GCF_048571455.1;protein_2935,,,,,,,,
GCF_004358365.1;protein_2300,GCF_048568965.1;protein_5167,GCF_000005845.2;protein_4232,GCF_053078305.1;protein_4756,GCF_048571455.1;protein_695,,,,,,,,
GCF_004358365.1;protein_2301,GCF_048568965.1;protein_5168,GCF_000005845.2;protein_4231,GCF_053078305.1;protein_4757,GCF_048571455.1;protein_694,,,,,,,,
GCF_004358365.1;protein_2302,GCF_048568965.1;protein_5169,GCF_000005845.2;protein_4230,GCF_053078305.1;protein_4758,GCF_048571455.1;protein_693,,,,,,,,
GCF_004358365.1;protein_2303,GCF_048568965.1;protein_5170,GCF_000005845.2;protein_4229,GCF_053078305.1;protein_4759,GCF_048571455.1;protein_692,,,,,,,,
GCF_004358365.1;protein_2304,GCF_048568965.1;protein_5171,GCF_000005845.2;protein_4228,GCF_053078305.1;protein_4760,GCF_048571455.1;protein_691,,,,,,,,
GCF_004358365.1;protein_2305,GCF_048568965.1;protein_5172,GCF_000005845.2;protein_4227,GCF_053078305.1;protein_4761,GCF_048571455.1;protein_690,,,,,,,,
GCF_004358365.1;protein_2306,GCF_048568965.1;protein_5173,GCF_000005845.2;protein_4226,GCF_053078305.1;protein_4762,GCF_048571455.1;protein_689,,,,,,,,
GCF_004358365.1;protein_2307,GCF_048568965.1;protein_5174,GCF_000005845.2;protein_4225,GCF_053078305.1;protein_4763,GCF_048571455.1;protein_688,,,,,,,,
GCF_004358365.1;protein_2308,GCF_048568965.1;protein_5175,GCF_000005845.2;protein_4224,GCF_053078305.1;protein_4764,GCF_048571455.1;protein_687,,,,,,,,
GCF_004358365.1;protein_2309,GCF_048568965.1;protein_5176,GCF_000005845.2;protein_4223,GCF_053078305.1;protein_4765,GCF_048571455.1;protein_686,,,,,,,,
GCF_004358365.1;protein_2310,GCF_048568965.1;protein_5177,GCF_000005845.2;protein_4222,GCF_053078305.1;protein_4766,GCF_048571455.1;protein_685,,,,,,,,
GCF_004358365.1;protein_2311,GCF_048568965.1;protein_5178,,,GCF_048571455.1;protein_684,,,,,,,,
GCF_004358365.1;protein_2312,GCF_048568965.1;protein_5179,GCF_000005845.2;protein_4220,GCF_053078305.1;protein_4768,GCF_048571455.1;protein_683,,,,,,,,
GCF_004358365.1;protein_2313,GCF_048568965.1;protein_5180,,GCF_053078305.1;protein_4769,GCF_048571455.1;protein_682,,,,,,,,
GCF_004358365.1;protein_2314,GCF_048568965.1;protein_5181,,,GCF_048571455.1;protein_681,,,,,,,,
GCF_004358365.1;protein_2315,GCF_048568965.1;protein_5182,,,GCF_048571455.1;protein_680,,,,,,,,
GCF_004358365.1;protein_2316,GCF_048568965.1;protein_5183,,,GCF_048571455.1;protein_679,,,,,,,,
GCF_004358365.1;protein_232,GCF_048568965.1;protein_3101,GCF_000005845.2;protein_1347,,,,,,,,,,
GCF_053078305.1;protein_4921,GCF_048568965.1;protein_5193,GCF_053078305.1;protein_4368,,GCF_053078305.1;protein_5292,GCF_053078305.1;protein_805,GCF_048571455.1;protein_669,GCF_004358365.1;protein_2327,,,,,
GCF_004358365.1;protein_2329,GCF_048568965.1;protein_5230,GCF_000005845.2;protein_4196,,GCF_048571455.1;protein_600,,,,,,,,
GCF_004358365.1;protein_233,GCF_048568965.1;protein_3102,,,,,,,,,,,
GCF_004358365.1;protein_2330,GCF_048568965.1;protein_5229,GCF_000005845.2;protein_4197,,GCF_048571455.1;protein_601,,,,,,,,
GCF_004358365.1;protein_2331,GCF_048568965.1;protein_5228,GCF_000005845.2;protein_4198,,GCF_048571455.1;protein_602,,,,,,,,
GCF_004358365.1;protein_2332,GCF_048568965.1;protein_5227,GCF_000005845.2;protein_4199,,GCF_048571455.1;protein_603,,,,,,,,
GCF_004358365.1;protein_2333,GCF_048568965.1;protein_5226,GCF_000005845.2;protein_4200,,GCF_048571455.1;protein_604,,,,,,,,
GCF_004358365.1;protein_2334,GCF_048568965.1;protein_5225,GCF_000005845.2;protein_4201,,GCF_048571455.1;protein_605,,,,,,,,
GCF_004358365.1;protein_2335,GCF_048568965.1;protein_5224,GCF_000005845.2;protein_4202,,GCF_048571455.1;protein_606,,,,,,,,
GCF_004358365.1;protein_2336,GCF_048568965.1;protein_5223,GCF_000005845.2;protein_4203,,GCF_048571455.1;protein_607,,,,,,,,
GCF_004358365.1;protein_2338,GCF_048568965.1;protein_5221,,,GCF_048571455.1;protein_609,,,,,,,,
GCF_004358365.1;protein_2339,GCF_048568965.1;protein_5220,,,GCF_048571455.1;protein_610,,,,,,,,
GCF_004358365.1;protein_234,GCF_048568965.1;protein_3103,,,,,,,,,,,
GCF_004358365.1;protein_2340,GCF_048568965.1;protein_5219,,,GCF_048571455.1;protein_611,,,,,,,,
GCF_004358365.1;protein_2341,GCF_048568965.1;protein_5218,,,GCF_048571455.1;protein_612,,,,,,,,
GCF_004358365.1;protein_2342,GCF_048568965.1;protein_5217,,,GCF_048571455.1;protein_613,,,,,,,,
GCF_004358365.1;protein_2343,GCF_048568965.1;protein_5216,,,GCF_048571455.1;protein_614,,,,,,,,
GCF_004358365.1;protein_2344,GCF_048568965.1;protein_5215,,,GCF_048571455.1;protein_615,,,,,,,,
GCF_004358365.1;protein_2351,GCF_048568965.1;protein_5208,,,GCF_048571455.1;protein_622,,,,,,,,
GCF_004358365.1;protein_2355,GCF_048568965.1;protein_5246,,,GCF_048571455.1;protein_626,,,,,,,,
GCF_004358365.1;protein_2356,GCF_048568965.1;protein_5247,,,GCF_048571455.1;protein_627,,,,,,,,
GCF_004358365.1;protein_2357,GCF_048568965.1;protein_5248,,,GCF_048571455.1;protein_628,,,,,,,,
GCF_004358365.1;protein_2358,GCF_048568965.1;protein_5249,GCF_000005845.2;protein_4186,GCF_053078305.1;protein_4788,GCF_048571455.1;protein_629,,,,,,,,
GCF_004358365.1;protein_2359,GCF_048568965.1;protein_5250,GCF_000005845.2;protein_4180,GCF_053078305.1;protein_4794,GCF_048571455.1;protein_630,,,,,,,,
GCF_004358365.1;protein_2360,GCF_048568965.1;protein_5251,GCF_000005845.2;protein_4179,GCF_053078305.1;protein_4795,GCF_048571455.1;protein_631,,,,,,,,
GCF_004358365.1;protein_2361,GCF_048568965.1;protein_5252,GCF_000005845.2;protein_4178,GCF_053078305.1;protein_4796,GCF_048571455.1;protein_632,,,,,,,,
GCF_004358365.1;protein_2362,GCF_048568965.1;protein_5253,GCF_000005845.2;protein_4177,GCF_053078305.1;protein_4797,GCF_048571455.1;protein_633,,,,,,,,
GCF_004358365.1;protein_2363,GCF_048568965.1;protein_5254,GCF_000005845.2;protein_4175,GCF_053078305.1;protein_4798,GCF_048571455.1;protein_634,,,,,,,,
GCF_004358365.1;protein_2364,GCF_048568965.1;protein_5255,GCF_000005845.2;protein_4174,GCF_053078305.1;protein_4799,GCF_048571455.1;protein_635,,,,,,,,
GCF_004358365.1;protein_2365,GCF_048568965.1;protein_5256,GCF_000005845.2;protein_4173,GCF_053078305.1;protein_4800,GCF_048571455.1;protein_636,,,,,,,,
GCF_004358365.1;protein_2366,GCF_048568965.1;protein_5257,GCF_000005845.2;protein_4172,GCF_053078305.1;protein_4801,GCF_048571455.1;protein_637,,,,,,,,
GCF_004358365.1;protein_2367,GCF_048568965.1;protein_5258,GCF_000005845.2;protein_4171,GCF_053078305.1;protein_4802,GCF_048571455.1;protein_638,,,,,,,,
GCF_004358365.1;protein_2368,GCF_048568965.1;protein_5259,GCF_000005845.2;protein_4170,GCF_053078305.1;protein_4803,GCF_048571455.1;protein_639,,,,,,,,
GCF_000005845.2;protein_265,GCF_048571455.1;protein_640,GCF_048568965.1;protein_5260,GCF_000005845.2;protein_4169,,GCF_004358365.1;protein_2369,GCF_053078305.1;protein_4804,,,,,,
GCF_004358365.1;protein_2370,GCF_048568965.1;protein_5261,,,GCF_048571455.1;protein_641,,,,,,,,
GCF_004358365.1;protein_2371,GCF_048568965.1;protein_5262,GCF_000005845.2;protein_4167,GCF_053078305.1;protein_4806,GCF_048571455.1;protein_642,,,,,,,,
GCF_004358365.1;protein_2372,GCF_048568965.1;protein_5263,GCF_000005845.2;protein_4166,GCF_053078305.1;protein_4807,GCF_048571455.1;protein_643,,,,,,,,
GCF_004358365.1;protein_2373,GCF_048568965.1;protein_5264,GCF_000005845.2;protein_4165,GCF_053078305.1;protein_4808,GCF_048571455.1;protein_644,,,,,,,,
GCF_004358365.1;protein_2374,GCF_048568965.1;protein_5265,GCF_000005845.2;protein_4164,GCF_053078305.1;protein_4809,GCF_048571455.1;protein_645,,,,,,,,
GCF_004358365.1;protein_2375,GCF_048568965.1;protein_5266,GCF_000005845.2;protein_4163,GCF_053078305.1;protein_4810,GCF_048571455.1;protein_646,,,,,,,,
GCF_004358365.1;protein_2376,GCF_048568965.1;protein_5267,GCF_000005845.2;protein_4162,GCF_053078305.1;protein_4811,GCF_048571455.1;protein_647,,,,,,,,
GCF_004358365.1;protein_2377,GCF_048568965.1;protein_5268,GCF_000005845.2;protein_4161,GCF_053078305.1;protein_4812,GCF_048571455.1;protein_648,,,,,,,,
GCF_004358365.1;protein_2378,GCF_048568965.1;protein_5269,GCF_000005845.2;protein_4160,GCF_053078305.1;protein_4813,GCF_048571455.1;protein_649,,,,,,,,
GCF_004358365.1;protein_2380,GCF_048568965.1;protein_5271,GCF_000005845.2;protein_4159,GCF_053078305.1;protein_4814,GCF_048571455.1;protein_651,,,,,,,,
GCF_004358365.1;protein_2381,GCF_048568965.1;protein_5272,GCF_000005845.2;protein_4158,GCF_053078305.1;protein_4815,GCF_048571455.1;protein_652,,,,,,,,
GCF_004358365.1;protein_2382,GCF_048568965.1;protein_5273,GCF_000005845.2;protein_4157,GCF_053078305.1;protein_4816,GCF_048571455.1;protein_653,,,,,,,,
GCF_004358365.1;protein_2383,GCF_048568965.1;protein_5274,GCF_000005845.2;protein_4156,GCF_053078305.1;protein_4817,GCF_048571455.1;protein_654,,,,,,,,
GCF_004358365.1;protein_2384,GCF_048568965.1;protein_5275,GCF_000005845.2;protein_4155,GCF_053078305.1;protein_4818,GCF_048571455.1;protein_655,,,,,,,,
GCF_004358365.1;protein_2385,GCF_048568965.1;protein_5276,GCF_000005845.2;protein_4154,GCF_053078305.1;protein_4819,GCF_048571455.1;protein_656,,,,,,,,
GCF_004358365.1;protein_2386,GCF_048568965.1;protein_5277,GCF_000005845.2;protein_4153,GCF_053078305.1;protein_4820,GCF_048571455.1;protein_657,,,,,,,,
GCF_004358365.1;protein_2387,GCF_048568965.1;protein_5278,,GCF_053078305.1;protein_4821,GCF_048571455.1;protein_658,,,,,,,,
GCF_004358365.1;protein_2391,GCF_048568965.1;protein_5282,,,GCF_048571455.1;protein_575,,,,,,,,
GCF_004358365.1;protein_2392,GCF_048568965.1;protein_5283,GCF_000005845.2;protein_4152,GCF_053078305.1;protein_4822,GCF_048571455.1;protein_574,,,,,,,,
GCF_004358365.1;protein_2393,GCF_048568965.1;protein_5284,GCF_000005845.2;protein_4151,GCF_053078305.1;protein_4823,GCF_048571455.1;protein_573,,,,,,,,
GCF_004358365.1;protein_2394,GCF_048568965.1;protein_5285,GCF_000005845.2;protein_4150,GCF_053078305.1;protein_4824,GCF_048571455.1;protein_572,,,,,,,,
GCF_004358365.1;protein_2395,GCF_048568965.1;protein_5286,GCF_000005845.2;protein_4149,GCF_053078305.1;protein_4825,GCF_048571455.1;protein_571,,,,,,,,
GCF_004358365.1;protein_2396,GCF_048568965.1;protein_5287,GCF_000005845.2;protein_4148,GCF_053078305.1;protein_4826,GCF_048571455.1;protein_570,,,,,,,,
GCF_004358365.1;protein_2397,GCF_048568965.1;protein_5288,GCF_000005845.2;protein_4147,GCF_053078305.1;protein_4827,GCF_048571455.1;protein_569,,,,,,,,
GCF_004358365.1;protein_2398,GCF_048568965.1;protein_5289,GCF_000005845.2;protein_4146,GCF_053078305.1;protein_4828,GCF_048571455.1;protein_568,,,,,,,,
GCF_004358365.1;protein_2399,GCF_048568965.1;protein_5290,GCF_000005845.2;protein_4145,GCF_053078305.1;protein_4829,GCF_048571455.1;protein_567,,,,,,,,
GCF_004358365.1;protein_24,GCF_048568965.1;protein_3019,GCF_000005845.2;protein_1510,GCF_053078305.1;protein_2887,GCF_048571455.1;protein_2934,,,,,,,,
GCF_004358365.1;protein_2400,GCF_048568965.1;protein_5291,GCF_000005845.2;protein_4144,GCF_053078305.1;protein_4830,GCF_048571455.1;protein_566,,,,,,,,
GCF_004358365.1;protein_2401,GCF_048568965.1;protein_5292,GCF_000005845.2;protein_4143,GCF_053078305.1;protein_4831,GCF_048571455.1;protein_565,,,,,,,,
GCF_004358365.1;protein_2402,GCF_048568965.1;protein_5293,GCF_000005845.2;protein_4142,GCF_053078305.1;protein_4832,GCF_048571455.1;protein_564,,,,,,,,
GCF_004358365.1;protein_2403,GCF_048568965.1;protein_5294,GCF_000005845.2;protein_4141,GCF_053078305.1;protein_4833,GCF_048571455.1;protein_563,,,,,,,,
GCF_004358365.1;protein_2404,GCF_048568965.1;protein_5295,GCF_000005845.2;protein_4140,GCF_053078305.1;protein_4834,GCF_048571455.1;protein_562,,,,,,,,
GCF_004358365.1;protein_2405,GCF_048568965.1;protein_5296,GCF_000005845.2;protein_4139,GCF_053078305.1;protein_4835,GCF_048571455.1;protein_561,,,,,,,,
GCF_004358365.1;protein_2406,GCF_048568965.1;protein_5297,GCF_000005845.2;protein_4138,GCF_053078305.1;protein_4836,GCF_048571455.1;protein_560,,,,,,,,
GCF_004358365.1;protein_2407,GCF_048568965.1;protein_5298,GCF_000005845.2;protein_4137,GCF_053078305.1;protein_4837,GCF_048571455.1;protein_559,,,,,,,,
GCF_004358365.1;protein_2408,GCF_048568965.1;protein_5299,GCF_000005845.2;protein_4136,GCF_053078305.1;protein_4838,GCF_048571455.1;protein_558,,,,,,,,
GCF_004358365.1;protein_2409,GCF_048568965.1;protein_5300,GCF_000005845.2;protein_4135,GCF_053078305.1;protein_4839,GCF_048571455.1;protein_557,,,,,,,,
GCF_004358365.1;protein_2410,GCF_048568965.1;protein_5301,GCF_000005845.2;protein_4133,GCF_053078305.1;protein_4841,GCF_048571455.1;protein_556,,,,,,,,
GCF_004358365.1;protein_2411,GCF_048568965.1;protein_5302,GCF_000005845.2;protein_4132,GCF_053078305.1;protein_4842,GCF_048571455.1;protein_555,,,,,,,,
GCF_004358365.1;protein_2412,GCF_048568965.1;protein_5303,GCF_000005845.2;protein_4131,GCF_053078305.1;protein_4843,GCF_048571455.1;protein_554,,,,,,,,
GCF_004358365.1;protein_2413,GCF_048568965.1;protein_5304,GCF_000005845.2;protein_4130,GCF_053078305.1;protein_4844,GCF_048571455.1;protein_553,,,,,,,,
GCF_004358365.1;protein_2414,GCF_048568965.1;protein_5305,GCF_000005845.2;protein_4129,GCF_053078305.1;protein_4845,GCF_048571455.1;protein_552,,,,,,,,
GCF_004358365.1;protein_2415,GCF_048568965.1;protein_5306,GCF_000005845.2;protein_4128,GCF_053078305.1;protein_4846,GCF_048571455.1;protein_551,,,,,,,,
GCF_004358365.1;protein_2416,GCF_048568965.1;protein_5307,,,GCF_048571455.1;protein_550,,,,,,,,
GCF_004358365.1;protein_2417,GCF_048568965.1;protein_5308,,,GCF_048571455.1;protein_549,,,,,,,,
GCF_004358365.1;protein_2418,GCF_048568965.1;protein_5309,GCF_000005845.2;protein_4127,GCF_053078305.1;protein_4847,GCF_048571455.1;protein_548,,,,,,,,
GCF_004358365.1;protein_2419,GCF_048568965.1;protein_5310,GCF_000005845.2;protein_4126,GCF_053078305.1;protein_4848,GCF_048571455.1;protein_547,,,,,,,,
GCF_004358365.1;protein_2420,GCF_048568965.1;protein_5311,GCF_000005845.2;protein_4125,GCF_053078305.1;protein_4849,GCF_048571455.1;protein_546,,,,,,,,
GCF_004358365.1;protein_2421,GCF_048568965.1;protein_5312,,GCF_053078305.1;protein_4850,GCF_048571455.1;protein_545,,,,,,,,
GCF_004358365.1;protein_2424,GCF_048568965.1;protein_5315,,GCF_053078305.1;protein_4853,GCF_048571455.1;protein_542,,,,,,,,
GCF_004358365.1;protein_2425,GCF_048568965.1;protein_5316,GCF_000005845.2;protein_4124,GCF_053078305.1;protein_4854,GCF_048571455.1;protein_541,,,,,,,,
GCF_004358365.1;protein_2426,GCF_048568965.1;protein_5317,GCF_000005845.2;protein_4123,GCF_053078305.1;protein_4855,GCF_048571455.1;protein_540,,,,,,,,
GCF_004358365.1;protein_2427,GCF_048568965.1;protein_5318,GCF_000005845.2;protein_4122,GCF_053078305.1;protein_4856,GCF_048571455.1;protein_539,,,,,,,,
GCF_004358365.1;protein_2428,GCF_048568965.1;protein_5319,GCF_000005845.2;protein_4121,GCF_053078305.1;protein_4857,GCF_048571455.1;protein_538,,,,,,,,
GCF_004358365.1;protein_2429,GCF_048568965.1;protein_5320,GCF_000005845.2;protein_4120,GCF_053078305.1;protein_4858,GCF_048571455.1;protein_537,,,,,,,,
GCF_004358365.1;protein_243,GCF_048568965.1;protein_3110,,,,,,,,,,,
GCF_004358365.1;protein_2430,GCF_048568965.1;protein_5321,GCF_000005845.2;protein_4119,GCF_053078305.1;protein_4859,GCF_048571455.1;protein_536,,,,,,,,
GCF_004358365.1;protein_2431,GCF_048568965.1;protein_5322,GCF_000005845.2;protein_4118,GCF_053078305.1;protein_4860,GCF_048571455.1;protein_535,,,,,,,,
GCF_004358365.1;protein_2432,GCF_048568965.1;protein_5323,GCF_000005845.2;protein_4117,GCF_053078305.1;protein_4861,GCF_048571455.1;protein_534,,,,,,,,
GCF_004358365.1;protein_2433,GCF_048568965.1;protein_5324,GCF_000005845.2;protein_4116,GCF_053078305.1;protein_4933,GCF_048571455.1;protein_533,,,,,,,,
GCF_004358365.1;protein_2434,GCF_048568965.1;protein_5325,GCF_000005845.2;protein_4115,GCF_053078305.1;protein_4934,GCF_048571455.1;protein_532,,,,,,,,
GCF_004358365.1;protein_2435,GCF_048568965.1;protein_5326,GCF_000005845.2;protein_4114,GCF_053078305.1;protein_4935,GCF_048571455.1;protein_531,,,,,,,,
GCF_004358365.1;protein_2436,GCF_048568965.1;protein_5327,GCF_000005845.2;protein_4113,GCF_053078305.1;protein_4936,GCF_048571455.1;protein_530,,,,,,,,
GCF_004358365.1;protein_2437,GCF_048568965.1;protein_5328,GCF_000005845.2;protein_4112,GCF_053078305.1;protein_4937,GCF_048571455.1;protein_529,,,,,,,,
GCF_004358365.1;protein_2438,GCF_048568965.1;protein_5329,GCF_000005845.2;protein_4111,GCF_053078305.1;protein_4938,GCF_048571455.1;protein_528,,,,,,,,
GCF_004358365.1;protein_2439,GCF_048568965.1;protein_5330,GCF_000005845.2;protein_4110,GCF_053078305.1;protein_4939,GCF_048571455.1;protein_527,,,,,,,,
GCF_004358365.1;protein_2440,GCF_048568965.1;protein_5331,GCF_000005845.2;protein_4109,GCF_053078305.1;protein_4940,GCF_048571455.1;protein_526,,,,,,,,
GCF_004358365.1;protein_2441,GCF_048568965.1;protein_5332,GCF_000005845.2;protein_4108,GCF_053078305.1;protein_4941,GCF_048571455.1;protein_525,,,,,,,,
GCF_004358365.1;protein_2442,GCF_048568965.1;protein_5333,GCF_000005845.2;protein_4107,GCF_053078305.1;protein_4942,GCF_048571455.1;protein_524,,,,,,,,
GCF_004358365.1;protein_2443,GCF_048568965.1;protein_5334,GCF_000005845.2;protein_4106,GCF_053078305.1;protein_4943,GCF_048571455.1;protein_523,,,,,,,,
GCF_004358365.1;protein_2444,GCF_048568965.1;protein_5335,GCF_000005845.2;protein_4105,GCF_053078305.1;protein_4944,GCF_048571455.1;protein_522,,,,,,,,
GCF_004358365.1;protein_2445,GCF_048568965.1;protein_5336,GCF_000005845.2;protein_4104,GCF_053078305.1;protein_4945,GCF_048571455.1;protein_521,,,,,,,,
GCF_004358365.1;protein_2446,GCF_048568965.1;protein_5337,GCF_000005845.2;protein_4103,GCF_053078305.1;protein_4946,GCF_048571455.1;protein_520,,,,,,,,
GCF_004358365.1;protein_2447,GCF_048568965.1;protein_5338,GCF_000005845.2;protein_4102,GCF_053078305.1;protein_4947,GCF_048571455.1;protein_519,,,,,,,,
GCF_004358365.1;protein_2448,GCF_048568965.1;protein_5339,GCF_000005845.2;protein_4101,GCF_053078305.1;protein_4948,GCF_048571455.1;protein_518,,,,,,,,
GCF_004358365.1;protein_2449,GCF_048568965.1;protein_5340,GCF_000005845.2;protein_4100,GCF_053078305.1;protein_4949,GCF_048571455.1;protein_517,,,,,,,,
GCF_004358365.1;protein_245,GCF_048568965.1;protein_3112,GCF_000005845.2;protein_1334,,,,,,,,,,
GCF_004358365.1;protein_2450,GCF_048568965.1;protein_5341,GCF_000005845.2;protein_4099,GCF_053078305.1;protein_4950,GCF_048571455.1;protein_516,,,,,,,,
GCF_004358365.1;protein_2451,GCF_048568965.1;protein_5342,GCF_000005845.2;protein_4098,GCF_053078305.1;protein_4951,GCF_048571455.1;protein_515,,,,,,,,
GCF_004358365.1;protein_2452,GCF_048568965.1;protein_5343,GCF_000005845.2;protein_4097,GCF_053078305.1;protein_4952,GCF_048571455.1;protein_514,,,,,,,,
GCF_004358365.1;protein_2453,GCF_048568965.1;protein_5344,GCF_000005845.2;protein_4096,GCF_053078305.1;protein_4953,GCF_048571455.1;protein_513,,,,,,,,
GCF_004358365.1;protein_2454,GCF_048568965.1;protein_5345,GCF_000005845.2;protein_4095,GCF_053078305.1;protein_4954,GCF_048571455.1;protein_512,,,,,,,,
GCF_004358365.1;protein_2455,GCF_048568965.1;protein_5346,GCF_000005845.2;protein_4094,GCF_053078305.1;protein_4955,GCF_048571455.1;protein_511,,,,,,,,
GCF_004358365.1;protein_2456,GCF_048568965.1;protein_5347,GCF_000005845.2;protein_4093,GCF_053078305.1;protein_4956,GCF_048571455.1;protein_510,,,,,,,,
GCF_004358365.1;protein_2457,GCF_048568965.1;protein_5348,GCF_000005845.2;protein_4092,GCF_053078305.1;protein_4957,GCF_048571455.1;protein_509,,,,,,,,
GCF_004358365.1;protein_2458,GCF_048568965.1;protein_5349,GCF_000005845.2;protein_4091,GCF_053078305.1;protein_4958,GCF_048571455.1;protein_508,,,,,,,,
GCF_004358365.1;protein_2459,GCF_048568965.1;protein_5350,GCF_000005845.2;protein_4090,GCF_053078305.1;protein_4959,GCF_048571455.1;protein_507,,,,,,,,
GCF_004358365.1;protein_246,GCF_048568965.1;protein_3113,GCF_000005845.2;protein_1333,,,,,,,,,,
GCF_004358365.1;protein_2460,GCF_048568965.1;protein_5351,GCF_000005845.2;protein_4089,GCF_053078305.1;protein_4960,GCF_048571455.1;protein_506,,,,,,,,
GCF_004358365.1;protein_2461,GCF_048568965.1;protein_5352,GCF_000005845.2;protein_4088,GCF_053078305.1;protein_4961,GCF_048571455.1;protein_505,,,,,,,,
GCF_004358365.1;protein_2462,GCF_048568965.1;protein_5353,GCF_000005845.2;protein_4087,GCF_053078305.1;protein_4962,GCF_048571455.1;protein_504,,,,,,,,
GCF_004358365.1;protein_2463,GCF_048568965.1;protein_5354,GCF_000005845.2;protein_4086,GCF_053078305.1;protein_4963,GCF_048571455.1;protein_503,,,,,,,,
GCF_004358365.1;protein_2464,GCF_048568965.1;protein_5355,GCF_000005845.2;protein_4085,GCF_053078305.1;protein_4964,GCF_048571455.1;protein_502,,,,,,,,
GCF_004358365.1;protein_2465,GCF_048568965.1;protein_5356,GCF_000005845.2;protein_4084,GCF_053078305.1;protein_4965,GCF_048571455.1;protein_501,,,,,,,,
GCF_004358365.1;protein_2466,GCF_048568965.1;protein_5357,GCF_000005845.2;protein_4083,GCF_053078305.1;protein_4966,GCF_048571455.1;protein_500,,,,,,,,
GCF_004358365.1;protein_2467,GCF_048568965.1;protein_5358,GCF_000005845.2;protein_4082,GCF_053078305.1;protein_4967,GCF_048571455.1;protein_499,,,,,,,,
GCF_004358365.1;protein_2468,GCF_048568965.1;protein_5359,GCF_000005845.2;protein_4081,GCF_053078305.1;protein_4968,GCF_048571455.1;protein_498,,,,,,,,
GCF_004358365.1;protein_2469,GCF_048568965.1;protein_5360,GCF_000005845.2;protein_4080,,GCF_048571455.1;protein_497,,,,,,,,
GCF_004358365.1;protein_247,GCF_048568965.1;protein_3114,GCF_000005845.2;protein_1332,GCF_053078305.1;protein_3028,GCF_048571455.1;protein_2784,,,,,,,,
GCF_004358365.1;protein_2470,GCF_048568965.1;protein_5361,GCF_000005845.2;protein_4079,,GCF_048571455.1;protein_496,,,,,,,,
GCF_004358365.1;protein_2471,GCF_048568965.1;protein_5362,GCF_000005845.2;protein_4078,GCF_053078305.1;protein_4969,GCF_048571455.1;protein_495,,,,,,,,
GCF_004358365.1;protein_2472,GCF_048568965.1;protein_5363,GCF_000005845.2;protein_4077,GCF_053078305.1;protein_4970,GCF_048571455.1;protein_494,,,,,,,,
GCF_004358365.1;protein_2473,GCF_048568965.1;protein_5364,GCF_000005845.2;protein_4076,GCF_053078305.1;protein_4971,GCF_048571455.1;protein_493,,,,,,,,
GCF_004358365.1;protein_2474,GCF_048568965.1;protein_5365,GCF_000005845.2;protein_4075,GCF_053078305.1;protein_4972,GCF_048571455.1;protein_492,,,,,,,,
GCF_004358365.1;protein_2475,GCF_048568965.1;protein_5366,GCF_000005845.2;protein_4074,GCF_053078305.1;protein_4973,GCF_048571455.1;protein_491,,,,,,,,
GCF_004358365.1;protein_2476,GCF_048568965.1;protein_5367,GCF_000005845.2;protein_4073,GCF_053078305.1;protein_4974,GCF_048571455.1;protein_490,,,,,,,,
GCF_004358365.1;protein_2477,GCF_048568965.1;protein_5368,GCF_000005845.2;protein_4072,GCF_053078305.1;protein_4975,GCF_048571455.1;protein_489,,,,,,,,
GCF_004358365.1;protein_2478,GCF_048568965.1;protein_5369,GCF_000005845.2;protein_4071,GCF_053078305.1;protein_4976,GCF_048571455.1;protein_488,,,,,,,,
GCF_004358365.1;protein_2479,GCF_048568965.1;protein_5370,GCF_000005845.2;protein_4070,GCF_053078305.1;protein_4977,GCF_048571455.1;protein_487,,,,,,,,
GCF_004358365.1;protein_248,GCF_048568965.1;protein_3115,GCF_000005845.2;protein_1331,GCF_053078305.1;protein_3029,GCF_048571455.1;protein_2783,,,,,,,,
GCF_004358365.1;protein_2480,GCF_048568965.1;protein_5371,GCF_000005845.2;protein_4069,GCF_053078305.1;protein_4978,GCF_048571455.1;protein_486,,,,,,,,
GCF_004358365.1;protein_2481,GCF_048568965.1;protein_5372,GCF_000005845.2;protein_4068,GCF_053078305.1;protein_4979,GCF_048571455.1;protein_485,,,,,,,,
GCF_004358365.1;protein_2482,GCF_048568965.1;protein_5373,GCF_000005845.2;protein_4067,GCF_053078305.1;protein_4980,GCF_048571455.1;protein_484,,,,,,,,
GCF_004358365.1;protein_2483,GCF_048568965.1;protein_5374,GCF_000005845.2;protein_4066,GCF_053078305.1;protein_4981,GCF_048571455.1;protein_483,,,,,,,,
GCF_004358365.1;protein_2484,GCF_048568965.1;protein_5375,GCF_000005845.2;protein_4065,GCF_053078305.1;protein_4982,GCF_048571455.1;protein_482,,,,,,,,
GCF_004358365.1;protein_2486,GCF_048568965.1;protein_5377,GCF_000005845.2;protein_4064,GCF_053078305.1;protein_4983,GCF_048571455.1;protein_481,,,,,,,,
GCF_004358365.1;protein_2487,GCF_048568965.1;protein_5378,GCF_000005845.2;protein_4063,GCF_053078305.1;protein_4984,GCF_048571455.1;protein_480,,,,,,,,
GCF_004358365.1;protein_2488,GCF_048568965.1;protein_5379,GCF_000005845.2;protein_4062,GCF_053078305.1;protein_4985,GCF_048571455.1;protein_479,,,,,,,,
GCF_004358365.1;protein_2489,GCF_048568965.1;protein_5380,GCF_000005845.2;protein_4061,GCF_053078305.1;protein_4986,GCF_048571455.1;protein_478,,,,,,,,
GCF_004358365.1;protein_249,GCF_048568965.1;protein_3116,GCF_000005845.2;protein_1330,GCF_053078305.1;protein_3030,GCF_048571455.1;protein_2782,,,,,,,,
GCF_004358365.1;protein_2490,GCF_048568965.1;protein_5381,GCF_000005845.2;protein_4060,GCF_053078305.1;protein_4987,GCF_048571455.1;protein_477,,,,,,,,
GCF_004358365.1;protein_2491,GCF_048568965.1;protein_5382,GCF_000005845.2;protein_4059,GCF_053078305.1;protein_4988,GCF_048571455.1;protein_476,,,,,,,,
GCF_004358365.1;protein_2492,GCF_048568965.1;protein_5383,GCF_000005845.2;protein_4058,GCF_053078305.1;protein_4989,GCF_048571455.1;protein_475,,,,,,,,
GCF_004358365.1;protein_2493,GCF_048568965.1;protein_5384,GCF_000005845.2;protein_4057,GCF_053078305.1;protein_4990,GCF_048571455.1;protein_474,,,,,,,,
GCF_004358365.1;protein_2494,GCF_048568965.1;protein_5385,GCF_000005845.2;protein_4056,GCF_053078305.1;protein_4991,GCF_048571455.1;protein_473,,,,,,,,
GCF_004358365.1;protein_2495,GCF_048568965.1;protein_5386,GCF_000005845.2;protein_4055,GCF_053078305.1;protein_4992,GCF_048571455.1;protein_472,,,,,,,,
GCF_004358365.1;protein_2499,GCF_048568965.1;protein_5390,,,GCF_048571455.1;protein_468,,,,,,,,
GCF_004358365.1;protein_25,GCF_048568965.1;protein_3018,GCF_000005845.2;protein_1509,GCF_053078305.1;protein_2888,GCF_048571455.1;protein_2933,,,,,,,,
GCF_004358365.1;protein_250,GCF_048568965.1;protein_3117,GCF_000005845.2;protein_1329,GCF_053078305.1;protein_3031,GCF_048571455.1;protein_2781,,,,,,,,
GCF_004358365.1;protein_2500,GCF_048568965.1;protein_5391,,,GCF_048571455.1;protein_467,,,,,,,,
GCF_004358365.1;protein_2501,GCF_048568965.1;protein_5392,,,GCF_048571455.1;protein_466,,,,,,,,
GCF_004358365.1;protein_2502,GCF_048568965.1;protein_5393,,,GCF_048571455.1;protein_465,,,,,,,,
GCF_004358365.1;protein_2503,GCF_048568965.1;protein_5394,,,GCF_048571455.1;protein_464,,,,,,,,
GCF_004358365.1;protein_2504,GCF_048568965.1;protein_5395,,,GCF_048571455.1;protein_463,,,,,,,,
GCF_004358365.1;protein_2505,GCF_048568965.1;protein_5396,,,GCF_048571455.1;protein_462,,,,,,,,
GCF_004358365.1;protein_2506,GCF_048568965.1;protein_5397,,,GCF_048571455.1;protein_461,,,,,,,,
GCF_004358365.1;protein_2507,GCF_048568965.1;protein_5398,,,GCF_048571455.1;protein_460,,,,,,,,
GCF_004358365.1;protein_2508,GCF_048568965.1;protein_5399,,,GCF_048571455.1;protein_459,,,,,,,,
GCF_004358365.1;protein_2509,GCF_048568965.1;protein_5400,,,GCF_048571455.1;protein_458,,,,,,,,
GCF_004358365.1;protein_251,GCF_048568965.1;protein_3118,GCF_000005845.2;protein_1328,GCF_053078305.1;protein_3032,GCF_048571455.1;protein_2780,,,,,,,,
GCF_004358365.1;protein_2510,GCF_048568965.1;protein_5401,,,GCF_048571455.1;protein_457,,,,,,,,
GCF_004358365.1;protein_2511,GCF_048568965.1;protein_5402,,,GCF_048571455.1;protein_456,,,,,,,,
GCF_004358365.1;protein_2512,GCF_048568965.1;protein_5403,,,GCF_048571455.1;protein_455,,,,,,,,
GCF_004358365.1;protein_2513,GCF_048568965.1;protein_5404,,,GCF_048571455.1;protein_454,,,,,,,,
GCF_004358365.1;protein_2514,GCF_048568965.1;protein_5405,,,GCF_048571455.1;protein_453,,,,,,,,
GCF_004358365.1;protein_2515,GCF_048568965.1;protein_5406,,,GCF_048571455.1;protein_452,,,,,,,,
GCF_004358365.1;protein_2516,GCF_048568965.1;protein_5407,,,GCF_048571455.1;protein_451,,,,,,,,
GCF_004358365.1;protein_2517,GCF_048568965.1;protein_5408,,,GCF_048571455.1;protein_450,,,,,,,,
GCF_004358365.1;protein_2518,GCF_048568965.1;protein_5409,,,GCF_048571455.1;protein_449,,,,,,,,
GCF_004358365.1;protein_2519,GCF_048568965.1;protein_5410,,,GCF_048571455.1;protein_448,,,,,,,,
GCF_004358365.1;protein_252,GCF_048568965.1;protein_3119,GCF_000005845.2;protein_1327,GCF_053078305.1;protein_3033,GCF_048571455.1;protein_2779,,,,,,,,
GCF_004358365.1;protein_2520,GCF_048568965.1;protein_5411,,,GCF_048571455.1;protein_447,,,,,,,,
GCF_004358365.1;protein_2521,GCF_048568965.1;protein_5412,,,GCF_048571455.1;protein_446,,,,,,,,
GCF_004358365.1;protein_2522,GCF_048568965.1;protein_5413,,,GCF_048571455.1;protein_445,,,,,,,,
GCF_004358365.1;protein_2523,GCF_048568965.1;protein_5414,,,GCF_048571455.1;protein_444,,,,,,,,
GCF_004358365.1;protein_2524,GCF_048568965.1;protein_5415,,,GCF_048571455.1;protein_443,,,,,,,,
GCF_004358365.1;protein_2525,GCF_048568965.1;protein_5416,,,GCF_048571455.1;protein_442,,,,,,,,
GCF_004358365.1;protein_2526,GCF_048568965.1;protein_5417,,,GCF_048571455.1;protein_441,,,,,,,,
GCF_004358365.1;protein_2527,GCF_048568965.1;protein_5418,,,GCF_048571455.1;protein_440,,,,,,,,
GCF_004358365.1;protein_2528,GCF_048568965.1;protein_5419,,,GCF_048571455.1;protein_439,,,,,,,,
GCF_004358365.1;protein_2529,GCF_048568965.1;protein_5420,,,GCF_048571455.1;protein_438,,,,,,,,
GCF_004358365.1;protein_253,GCF_048568965.1;protein_3120,GCF_000005845.2;protein_1326,GCF_053078305.1;protein_3034,GCF_048571455.1;protein_2778,,,,,,,,
GCF_004358365.1;protein_2530,GCF_048568965.1;protein_5421,,,GCF_048571455.1;protein_437,,,,,,,,
GCF_004358365.1;protein_2531,GCF_048568965.1;protein_5422,,,GCF_048571455.1;protein_436,,,,,,,,
GCF_004358365.1;protein_2532,GCF_048568965.1;protein_5423,,,GCF_048571455.1;protein_435,,,,,,,,
GCF_004358365.1;protein_2533,GCF_048568965.1;protein_5424,,,GCF_048571455.1;protein_434,,,,,,,,
GCF_004358365.1;protein_2534,GCF_048568965.1;protein_5425,,,GCF_048571455.1;protein_433,,,,,,,,
GCF_004358365.1;protein_2535,GCF_048568965.1;protein_5426,,,GCF_048571455.1;protein_432,,,,,,,,
GCF_004358365.1;protein_2536,GCF_048568965.1;protein_5427,,,GCF_048571455.1;protein_431,,,,,,,,
GCF_004358365.1;protein_2537,GCF_048568965.1;protein_5428,,,GCF_048571455.1;protein_430,,,,,,,,
GCF_004358365.1;protein_2538,GCF_048568965.1;protein_5429,,,GCF_048571455.1;protein_429,,,,,,,,
GCF_004358365.1;protein_2539,GCF_048568965.1;protein_5430,,,GCF_048571455.1;protein_428,,,,,,,,
GCF_004358365.1;protein_254,GCF_048568965.1;protein_3121,GCF_000005845.2;protein_1325,GCF_053078305.1;protein_3035,GCF_048571455.1;protein_2777,,,,,,,,
GCF_004358365.1;protein_2540,GCF_048568965.1;protein_5431,,,GCF_048571455.1;protein_427,,,,,,,,
GCF_004358365.1;protein_2541,GCF_048568965.1;protein_5432,,,GCF_048571455.1;protein_426,,,,,,,,
GCF_004358365.1;protein_2542,GCF_048568965.1;protein_5433,,,GCF_048571455.1;protein_425,,,,,,,,
GCF_004358365.1;protein_2543,GCF_048568965.1;protein_5434,,,GCF_048571455.1;protein_424,,,,,,,,
GCF_004358365.1;protein_2544,GCF_048568965.1;protein_5435,,,GCF_048571455.1;protein_423,,,,,,,,
GCF_004358365.1;protein_2545,GCF_048568965.1;protein_5436,,,GCF_048571455.1;protein_422,,,,,,,,
GCF_004358365.1;protein_2546,GCF_048568965.1;protein_5437,,,GCF_048571455.1;protein_421,,,,,,,,
GCF_004358365.1;protein_2547,GCF_048568965.1;protein_5438,,,GCF_048571455.1;protein_420,,,,,,,,
GCF_004358365.1;protein_2548,GCF_048568965.1;protein_5439,,,GCF_048571455.1;protein_419,,,,,,,,
GCF_004358365.1;protein_2549,GCF_048568965.1;protein_5440,,,GCF_048571455.1;protein_418,,,,,,,,
GCF_004358365.1;protein_255,GCF_048568965.1;protein_3122,GCF_000005845.2;protein_1324,GCF_053078305.1;protein_3036,GCF_048571455.1;protein_2776,,,,,,,,
GCF_004358365.1;protein_2550,GCF_048568965.1;protein_5441,,,GCF_048571455.1;protein_417,,,,,,,,
GCF_004358365.1;protein_2551,GCF_048568965.1;protein_5442,,,GCF_048571455.1;protein_416,,,,,,,,
GCF_004358365.1;protein_2552,GCF_048568965.1;protein_5443,,GCF_053078305.1;protein_5306,GCF_048571455.1;protein_415,,,,,,,,
GCF_004358365.1;protein_2553,GCF_048568965.1;protein_5444,GCF_000005845.2;protein_4054,GCF_053078305.1;protein_5307,GCF_048571455.1;protein_414,,,,,,,,
GCF_004358365.1;protein_2554,GCF_048568965.1;protein_5445,GCF_000005845.2;protein_4053,GCF_053078305.1;protein_5308,GCF_048571455.1;protein_413,,,,,,,,
GCF_004358365.1;protein_2555,GCF_048568965.1;protein_5446,GCF_000005845.2;protein_4052,GCF_053078305.1;protein_5309,GCF_048571455.1;protein_412,,,,,,,,
GCF_004358365.1;protein_2556,GCF_048568965.1;protein_5447,GCF_000005845.2;protein_4051,GCF_053078305.1;protein_5310,GCF_048571455.1;protein_411,,,,,,,,
GCF_004358365.1;protein_2558,GCF_048568965.1;protein_5449,GCF_000005845.2;protein_4049,GCF_053078305.1;protein_5312,GCF_048571455.1;protein_409,,,,,,,,
GCF_004358365.1;protein_2559,GCF_048568965.1;protein_5450,GCF_000005845.2;protein_4048,GCF_053078305.1;protein_5313,GCF_048571455.1;protein_408,,,,,,,,
GCF_004358365.1;protein_256,GCF_048568965.1;protein_3123,GCF_000005845.2;protein_1323,GCF_053078305.1;protein_3037,GCF_048571455.1;protein_2775,,,,,,,,
GCF_004358365.1;protein_2560,GCF_048568965.1;protein_5451,GCF_000005845.2;protein_4047,GCF_053078305.1;protein_5314,GCF_048571455.1;protein_407,,,,,,,,
GCF_004358365.1;protein_2561,GCF_048568965.1;protein_5452,GCF_000005845.2;protein_4046,GCF_053078305.1;protein_5315,GCF_048571455.1;protein_406,,,,,,,,
GCF_004358365.1;protein_2562,GCF_048568965.1;protein_5454,GCF_000005845.2;protein_4045,GCF_053078305.1;protein_5316,GCF_048571455.1;protein_405,,,,,,,,
GCF_004358365.1;protein_2563,GCF_048568965.1;protein_5455,GCF_000005845.2;protein_4044,GCF_053078305.1;protein_5317,GCF_048571455.1;protein_404,,,,,,,,
GCF_004358365.1;protein_2564,GCF_048568965.1;protein_5456,GCF_000005845.2;protein_4043,GCF_053078305.1;protein_5318,GCF_048571455.1;protein_403,,,,,,,,
GCF_048568965.1;protein_5457,GCF_053078305.1;protein_5319,,GCF_048571455.1;protein_402,GCF_000005845.2;protein_4042,GCF_004358365.1;protein_2565,,,,,,,
GCF_004358365.1;protein_2566,GCF_048568965.1;protein_5458,GCF_000005845.2;protein_4041,GCF_053078305.1;protein_5320,GCF_048571455.1;protein_401,,,,,,,,
GCF_004358365.1;protein_2567,GCF_048568965.1;protein_5459,GCF_000005845.2;protein_4040,GCF_053078305.1;protein_5321,GCF_048571455.1;protein_400,,,,,,,,
GCF_004358365.1;protein_2568,GCF_048568965.1;protein_5460,GCF_000005845.2;protein_4039,GCF_053078305.1;protein_5322,GCF_048571455.1;protein_399,,,,,,,,
GCF_004358365.1;protein_2569,GCF_048568965.1;protein_5461,GCF_000005845.2;protein_4038,GCF_053078305.1;protein_5323,GCF_048571455.1;protein_398,,,,,,,,
GCF_004358365.1;protein_257,GCF_048568965.1;protein_3124,GCF_000005845.2;protein_1322,GCF_053078305.1;protein_3038,GCF_048571455.1;protein_2774,,,,,,,,
GCF_004358365.1;protein_2570,GCF_048568965.1;protein_5462,GCF_000005845.2;protein_4037,GCF_053078305.1;protein_5324,GCF_048571455.1;protein_397,,,,,,,,
GCF_004358365.1;protein_2571,GCF_048568965.1;protein_5463,GCF_000005845.2;protein_4036,GCF_053078305.1;protein_5325,GCF_048571455.1;protein_396,,,,,,,,
GCF_004358365.1;protein_2572,GCF_048568965.1;protein_5464,GCF_000005845.2;protein_4035,GCF_053078305.1;protein_5326,GCF_048571455.1;protein_395,,,,,,,,
GCF_004358365.1;protein_2573,GCF_048568965.1;protein_5465,GCF_000005845.2;protein_4034,GCF_053078305.1;protein_5327,GCF_048571455.1;protein_394,,,,,,,,
GCF_004358365.1;protein_2574,GCF_048568965.1;protein_5466,GCF_000005845.2;protein_4033,GCF_053078305.1;protein_5328,GCF_048571455.1;protein_393,,,,,,,,
GCF_004358365.1;protein_2575,GCF_048568965.1;protein_5467,GCF_000005845.2;protein_4032,GCF_053078305.1;protein_5329,GCF_048571455.1;protein_392,,,,,,,,
GCF_004358365.1;protein_2576,GCF_048568965.1;protein_5468,GCF_000005845.2;protein_4031,GCF_053078305.1;protein_5330,GCF_048571455.1;protein_391,,,,,,,,
GCF_004358365.1;protein_2577,GCF_048568965.1;protein_5469,GCF_000005845.2;protein_4030,GCF_053078305.1;protein_5331,GCF_048571455.1;protein_390,,,,,,,,
GCF_004358365.1;protein_2578,GCF_048568965.1;protein_5470,GCF_000005845.2;protein_4029,GCF_053078305.1;protein_5332,GCF_048571455.1;protein_389,,,,,,,,
GCF_004358365.1;protein_2579,GCF_048568965.1;protein_5471,GCF_000005845.2;protein_4028,GCF_053078305.1;protein_5333,GCF_048571455.1;protein_388,,,,,,,,
GCF_004358365.1;protein_258,GCF_048568965.1;protein_3125,GCF_000005845.2;protein_1321,GCF_053078305.1;protein_3039,GCF_048571455.1;protein_2773,,,,,,,,
GCF_004358365.1;protein_2580,GCF_048568965.1;protein_5472,GCF_000005845.2;protein_4027,GCF_053078305.1;protein_5334,GCF_048571455.1;protein_387,,,,,,,,
GCF_004358365.1;protein_2581,GCF_048568965.1;protein_5473,GCF_000005845.2;protein_4026,GCF_053078305.1;protein_5335,GCF_048571455.1;protein_386,,,,,,,,
GCF_004358365.1;protein_2582,GCF_048568965.1;protein_5474,GCF_000005845.2;protein_4025,GCF_053078305.1;protein_5336,GCF_048571455.1;protein_385,,,,,,,,
GCF_004358365.1;protein_2583,GCF_048568965.1;protein_5475,GCF_000005845.2;protein_4024,GCF_053078305.1;protein_5337,GCF_048571455.1;protein_384,,,,,,,,
GCF_004358365.1;protein_2584,GCF_048568965.1;protein_5476,GCF_000005845.2;protein_4023,GCF_053078305.1;protein_5338,GCF_048571455.1;protein_383,,,,,,,,
GCF_004358365.1;protein_2585,GCF_048568965.1;protein_5477,GCF_000005845.2;protein_4022,GCF_053078305.1;protein_5339,GCF_048571455.1;protein_382,,,,,,,,
GCF_004358365.1;protein_2586,GCF_048568965.1;protein_5478,GCF_000005845.2;protein_4021,GCF_053078305.1;protein_5340,GCF_048571455.1;protein_381,,,,,,,,
GCF_004358365.1;protein_2587,GCF_048568965.1;protein_5479,GCF_000005845.2;protein_4020,GCF_053078305.1;protein_5341,GCF_048571455.1;protein_380,,,,,,,,
GCF_004358365.1;protein_2588,GCF_048568965.1;protein_5480,GCF_000005845.2;protein_4019,GCF_053078305.1;protein_5342,GCF_048571455.1;protein_379,,,,,,,,
GCF_004358365.1;protein_2589,GCF_048568965.1;protein_5481,GCF_000005845.2;protein_4018,GCF_053078305.1;protein_5343,GCF_048571455.1;protein_378,,,,,,,,
GCF_004358365.1;protein_259,GCF_048568965.1;protein_3126,GCF_000005845.2;protein_1320,GCF_053078305.1;protein_3040,GCF_048571455.1;protein_2772,,,,,,,,
GCF_004358365.1;protein_2590,GCF_048568965.1;protein_5482,GCF_000005845.2;protein_4017,GCF_053078305.1;protein_5344,GCF_048571455.1;protein_377,,,,,,,,
GCF_004358365.1;protein_2591,GCF_048568965.1;protein_5483,GCF_000005845.2;protein_4016,GCF_053078305.1;protein_5345,GCF_048571455.1;protein_376,,,,,,,,
GCF_004358365.1;protein_2592,GCF_048568965.1;protein_5484,GCF_000005845.2;protein_4015,GCF_053078305.1;protein_5346,GCF_048571455.1;protein_375,,,,,,,,
GCF_004358365.1;protein_2593,GCF_048568965.1;protein_5485,GCF_000005845.2;protein_4014,GCF_053078305.1;protein_5347,GCF_048571455.1;protein_374,,,,,,,,
GCF_004358365.1;protein_2594,GCF_048568965.1;protein_5486,GCF_000005845.2;protein_4013,GCF_053078305.1;protein_5348,GCF_048571455.1;protein_373,,,,,,,,
GCF_004358365.1;protein_2595,GCF_048568965.1;protein_5487,GCF_000005845.2;protein_4012,GCF_053078305.1;protein_5349,GCF_048571455.1;protein_372,,,,,,,,
GCF_004358365.1;protein_2596,GCF_048568965.1;protein_5488,GCF_000005845.2;protein_4011,GCF_053078305.1;protein_5350,GCF_048571455.1;protein_371,,,,,,,,
GCF_004358365.1;protein_2597,GCF_048568965.1;protein_5489,,,GCF_048571455.1;protein_370,,,,,,,,
GCF_004358365.1;protein_2598,GCF_048568965.1;protein_5490,GCF_000005845.2;protein_4003,GCF_053078305.1;protein_5359,GCF_048571455.1;protein_369,,,,,,,,
GCF_004358365.1;protein_2599,GCF_048568965.1;protein_5491,GCF_000005845.2;protein_4002,GCF_053078305.1;protein_5360,GCF_048571455.1;protein_368,,,,,,,,
GCF_004358365.1;protein_26,GCF_048568965.1;protein_3017,GCF_000005845.2;protein_1508,GCF_053078305.1;protein_2889,GCF_048571455.1;protein_2932,,,,,,,,
GCF_004358365.1;protein_260,GCF_048568965.1;protein_3127,GCF_000005845.2;protein_1319,GCF_053078305.1;protein_3041,GCF_048571455.1;protein_2771,,,,,,,,
GCF_004358365.1;protein_2600,GCF_048568965.1;protein_5492,GCF_000005845.2;protein_4001,GCF_053078305.1;protein_5361,GCF_048571455.1;protein_367,,,,,,,,
GCF_004358365.1;protein_2601,GCF_048568965.1;protein_5493,GCF_000005845.2;protein_4000,GCF_053078305.1;protein_5362,GCF_048571455.1;protein_366,,,,,,,,
GCF_004358365.1;protein_2602,GCF_048568965.1;protein_5494,GCF_000005845.2;protein_3999,GCF_053078305.1;protein_5363,GCF_048571455.1;protein_365,,,,,,,,
GCF_004358365.1;protein_2603,GCF_048568965.1;protein_5495,GCF_000005845.2;protein_3998,GCF_053078305.1;protein_5364,GCF_048571455.1;protein_364,,,,,,,,
GCF_004358365.1;protein_2604,GCF_048568965.1;protein_5496,GCF_000005845.2;protein_3997,GCF_053078305.1;protein_5365,GCF_048571455.1;protein_363,,,,,,,,
GCF_004358365.1;protein_2605,GCF_048568965.1;protein_5497,GCF_000005845.2;protein_3996,GCF_053078305.1;protein_5366,GCF_048571455.1;protein_362,,,,,,,,
GCF_004358365.1;protein_2606,GCF_048568965.1;protein_5498,GCF_000005845.2;protein_3995,GCF_053078305.1;protein_5367,GCF_048571455.1;protein_361,,,,,,,,
GCF_004358365.1;protein_2607,GCF_048568965.1;protein_5499,GCF_000005845.2;protein_3994,GCF_053078305.1;protein_5368,GCF_048571455.1;protein_360,,,,,,,,
GCF_004358365.1;protein_2608,GCF_048568965.1;protein_5500,GCF_000005845.2;protein_3993,GCF_053078305.1;protein_5369,GCF_048571455.1;protein_359,,,,,,,,
GCF_004358365.1;protein_2609,GCF_048568965.1;protein_5501,GCF_000005845.2;protein_3992,GCF_053078305.1;protein_5370,GCF_048571455.1;protein_358,,,,,,,,
GCF_004358365.1;protein_261,GCF_048568965.1;protein_3128,GCF_000005845.2;protein_1318,GCF_053078305.1;protein_3042,GCF_048571455.1;protein_2770,,,,,,,,
GCF_004358365.1;protein_2610,GCF_048568965.1;protein_5502,GCF_000005845.2;protein_3991,GCF_053078305.1;protein_5371,GCF_048571455.1;protein_357,,,,,,,,
GCF_004358365.1;protein_2611,GCF_048568965.1;protein_5503,GCF_000005845.2;protein_3990,GCF_053078305.1;protein_5372,GCF_048571455.1;protein_356,,,,,,,,
GCF_004358365.1;protein_2612,GCF_048568965.1;protein_5504,GCF_000005845.2;protein_3989,GCF_053078305.1;protein_5373,GCF_048571455.1;protein_355,,,,,,,,
GCF_004358365.1;protein_2613,GCF_048568965.1;protein_5505,GCF_000005845.2;protein_3987,GCF_053078305.1;protein_5374,GCF_048571455.1;protein_354,,,,,,,,
GCF_004358365.1;protein_2614,GCF_048568965.1;protein_5506,GCF_000005845.2;protein_3986,GCF_053078305.1;protein_5375,GCF_048571455.1;protein_353,,,,,,,,
GCF_004358365.1;protein_2615,GCF_048568965.1;protein_5507,GCF_000005845.2;protein_3985,GCF_053078305.1;protein_5376,GCF_048571455.1;protein_352,,,,,,,,
GCF_004358365.1;protein_2616,GCF_048568965.1;protein_5508,GCF_000005845.2;protein_3984,GCF_053078305.1;protein_5377,GCF_048571455.1;protein_351,,,,,,,,
GCF_004358365.1;protein_2617,GCF_048568965.1;protein_5509,GCF_000005845.2;protein_3983,GCF_053078305.1;protein_5378,GCF_048571455.1;protein_350,,,,,,,,
GCF_004358365.1;protein_2618,GCF_048568965.1;protein_5510,GCF_000005845.2;protein_3982,GCF_053078305.1;protein_5379,GCF_048571455.1;protein_349,,,,,,,,
GCF_004358365.1;protein_2619,GCF_048568965.1;protein_5511,GCF_000005845.2;protein_3981,GCF_053078305.1;protein_5380,GCF_048571455.1;protein_348,,,,,,,,
GCF_004358365.1;protein_262,GCF_048568965.1;protein_3129,GCF_000005845.2;protein_1316,GCF_053078305.1;protein_3043,GCF_048571455.1;protein_2769,,,,,,,,
GCF_004358365.1;protein_2620,GCF_048568965.1;protein_5512,GCF_000005845.2;protein_3980,GCF_053078305.1;protein_5381,GCF_048571455.1;protein_347,,,,,,,,
GCF_004358365.1;protein_2621,GCF_048568965.1;protein_5513,GCF_000005845.2;protein_3979,GCF_053078305.1;protein_5382,GCF_048571455.1;protein_346,,,,,,,,
GCF_004358365.1;protein_2622,GCF_048568965.1;protein_5514,GCF_000005845.2;protein_3978,GCF_053078305.1;protein_5383,GCF_048571455.1;protein_345,,,,,,,,
GCF_004358365.1;protein_2623,GCF_048568965.1;protein_5515,GCF_000005845.2;protein_3977,GCF_053078305.1;protein_5384,GCF_048571455.1;protein_344,,,,,,,,
GCF_004358365.1;protein_2624,GCF_048568965.1;protein_5516,GCF_000005845.2;protein_3976,GCF_053078305.1;protein_5385,GCF_048571455.1;protein_343,,,,,,,,
GCF_004358365.1;protein_2625,GCF_048568965.1;protein_5517,GCF_000005845.2;protein_3975,GCF_053078305.1;protein_5386,GCF_048571455.1;protein_342,,,,,,,,
GCF_004358365.1;protein_2626,GCF_048568965.1;protein_5518,GCF_000005845.2;protein_3974,GCF_053078305.1;protein_5387,GCF_048571455.1;protein_341,,,,,,,,
GCF_004358365.1;protein_2627,GCF_048568965.1;protein_5519,GCF_000005845.2;protein_3973,GCF_053078305.1;protein_5388,GCF_048571455.1;protein_340,,,,,,,,
GCF_004358365.1;protein_2628,GCF_048568965.1;protein_5520,GCF_000005845.2;protein_3972,,GCF_048571455.1;protein_339,,,,,,,,
GCF_004358365.1;protein_2629,GCF_048568965.1;protein_5521,GCF_000005845.2;protein_3971,GCF_053078305.1;protein_5390,GCF_048571455.1;protein_338,,,,,,,,
GCF_004358365.1;protein_263,GCF_048568965.1;protein_3130,GCF_000005845.2;protein_1315,GCF_053078305.1;protein_3044,GCF_048571455.1;protein_2768,,,,,,,,
GCF_004358365.1;protein_2630,GCF_048568965.1;protein_5522,GCF_000005845.2;protein_3970,GCF_053078305.1;protein_5391,GCF_048571455.1;protein_337,,,,,,,,
GCF_004358365.1;protein_2631,GCF_048568965.1;protein_5523,GCF_000005845.2;protein_3969,GCF_053078305.1;protein_5392,GCF_048571455.1;protein_336,,,,,,,,
GCF_004358365.1;protein_2632,GCF_048568965.1;protein_5524,GCF_000005845.2;protein_3968,GCF_053078305.1;protein_5393,GCF_048571455.1;protein_335,,,,,,,,
GCF_004358365.1;protein_2633,GCF_048568965.1;protein_5525,GCF_000005845.2;protein_3967,GCF_053078305.1;protein_5394,GCF_048571455.1;protein_334,,,,,,,,
GCF_004358365.1;protein_2634,GCF_048568965.1;protein_5526,GCF_000005845.2;protein_3966,GCF_053078305.1;protein_5395,GCF_048571455.1;protein_333,,,,,,,,
GCF_004358365.1;protein_2635,GCF_048568965.1;protein_5599,,,GCF_048571455.1;protein_332,,,,,,,,
GCF_004358365.1;protein_2636,GCF_048568965.1;protein_5600,GCF_000005845.2;protein_3963,GCF_053078305.1;protein_5397,GCF_048571455.1;protein_331,,,,,,,,
GCF_004358365.1;protein_2637,GCF_048568965.1;protein_5601,GCF_000005845.2;protein_3962,GCF_053078305.1;protein_5398,GCF_048571455.1;protein_330,,,,,,,,
GCF_004358365.1;protein_2638,GCF_048568965.1;protein_5602,GCF_000005845.2;protein_3961,GCF_053078305.1;protein_5399,GCF_048571455.1;protein_329,,,,,,,,
GCF_004358365.1;protein_2639,GCF_048568965.1;protein_5603,GCF_000005845.2;protein_3960,GCF_053078305.1;protein_5400,GCF_048571455.1;protein_328,,,,,,,,
GCF_004358365.1;protein_264,,,GCF_053078305.1;protein_3045,,,,,,,,,
GCF_004358365.1;protein_2640,GCF_048568965.1;protein_5604,GCF_000005845.2;protein_3959,GCF_053078305.1;protein_5401,GCF_048571455.1;protein_327,,,,,,,,
GCF_004358365.1;protein_2641,GCF_048568965.1;protein_5605,GCF_000005845.2;protein_3958,GCF_053078305.1;protein_5402,GCF_048571455.1;protein_326,,,,,,,,
GCF_004358365.1;protein_2642,GCF_048568965.1;protein_5606,GCF_000005845.2;protein_3957,GCF_053078305.1;protein_5403,GCF_048571455.1;protein_325,,,,,,,,
GCF_004358365.1;protein_2643,GCF_048568965.1;protein_5607,GCF_000005845.2;protein_3956,GCF_053078305.1;protein_5404,GCF_048571455.1;protein_324,,,,,,,,
GCF_004358365.1;protein_2644,GCF_048568965.1;protein_5608,,GCF_053078305.1;protein_5405,GCF_048571455.1;protein_323,,,,,,,,
GCF_004358365.1;protein_2645,GCF_048568965.1;protein_5609,GCF_000005845.2;protein_3955,GCF_053078305.1;protein_5406,GCF_048571455.1;protein_322,,,,,,,,
GCF_004358365.1;protein_2646,GCF_048568965.1;protein_5610,GCF_000005845.2;protein_3954,GCF_053078305.1;protein_5407,GCF_048571455.1;protein_321,,,,,,,,
GCF_004358365.1;protein_2647,GCF_048568965.1;protein_5611,GCF_000005845.2;protein_3953,GCF_053078305.1;protein_5408,GCF_048571455.1;protein_320,,,,,,,,
GCF_004358365.1;protein_2648,GCF_048568965.1;protein_5612,GCF_000005845.2;protein_3952,GCF_053078305.1;protein_5409,GCF_048571455.1;protein_319,,,,,,,,
GCF_004358365.1;protein_2649,GCF_048568965.1;protein_5613,GCF_000005845.2;protein_3951,GCF_053078305.1;protein_5410,GCF_048571455.1;protein_318,,,,,,,,
GCF_004358365.1;protein_265,GCF_048568965.1;protein_3131,GCF_000005845.2;protein_1314,GCF_053078305.1;protein_3046,GCF_048571455.1;protein_2767,,,,,,,,
GCF_004358365.1;protein_2650,GCF_048568965.1;protein_5614,GCF_000005845.2;protein_3950,GCF_053078305.1;protein_5411,GCF_048571455.1;protein_317,,,,,,,,
GCF_004358365.1;protein_2651,GCF_048568965.1;protein_5615,GCF_000005845.2;protein_3949,GCF_053078305.1;protein_5412,GCF_048571455.1;protein_316,,,,,,,,
GCF_004358365.1;protein_2652,GCF_048568965.1;protein_5616,GCF_000005845.2;protein_3948,GCF_053078305.1;protein_5413,GCF_048571455.1;protein_315,,,,,,,,
GCF_004358365.1;protein_2653,GCF_048568965.1;protein_5617,,,GCF_048571455.1;protein_314,,,,,,,,
GCF_004358365.1;protein_2654,GCF_048568965.1;protein_5618,GCF_000005845.2;protein_3947,GCF_053078305.1;protein_5414,GCF_048571455.1;protein_313,,,,,,,,
GCF_004358365.1;protein_2655,GCF_048568965.1;protein_5619,GCF_000005845.2;protein_3946,GCF_053078305.1;protein_5415,GCF_048571455.1;protein_312,,,,,,,,
GCF_004358365.1;protein_2656,GCF_048568965.1;protein_5620,GCF_000005845.2;protein_3945,GCF_053078305.1;protein_5416,GCF_048571455.1;protein_311,,,,,,,,
GCF_004358365.1;protein_2657,GCF_048568965.1;protein_5621,GCF_000005845.2;protein_3944,GCF_053078305.1;protein_5417,GCF_048571455.1;protein_310,,,,,,,,
GCF_004358365.1;protein_2658,GCF_048568965.1;protein_5622,GCF_000005845.2;protein_3943,GCF_053078305.1;protein_5418,GCF_048571455.1;protein_309,,,,,,,,
GCF_004358365.1;protein_2659,GCF_048568965.1;protein_5623,GCF_000005845.2;protein_3942,GCF_053078305.1;protein_5419,GCF_048571455.1;protein_308,,,,,,,,
GCF_004358365.1;protein_266,GCF_048568965.1;protein_3132,GCF_000005845.2;protein_1313,GCF_053078305.1;protein_3047,GCF_048571455.1;protein_2766,,,,,,,,
GCF_004358365.1;protein_2660,GCF_048568965.1;protein_5624,GCF_000005845.2;protein_3941,GCF_053078305.1;protein_5420,GCF_048571455.1;protein_307,,,,,,,,
GCF_004358365.1;protein_2661,GCF_048568965.1;protein_5625,,,GCF_048571455.1;protein_306,,,,,,,,
GCF_004358365.1;protein_2662,GCF_048568965.1;protein_5626,,,GCF_048571455.1;protein_305,,,,,,,,
GCF_004358365.1;protein_2663,GCF_048568965.1;protein_5627,,,GCF_048571455.1;protein_304,,,,,,,,
GCF_004358365.1;protein_2664,GCF_048568965.1;protein_5628,GCF_000005845.2;protein_3940,GCF_053078305.1;protein_5421,GCF_048571455.1;protein_303,,,,,,,,
GCF_004358365.1;protein_2665,GCF_048568965.1;protein_5629,GCF_000005845.2;protein_3939,GCF_053078305.1;protein_5422,GCF_048571455.1;protein_302,,,,,,,,
GCF_004358365.1;protein_2666,GCF_048568965.1;protein_5630,,GCF_053078305.1;protein_5423,GCF_048571455.1;protein_301,,,,,,,,
GCF_004358365.1;protein_2667,GCF_048568965.1;protein_5631,,GCF_053078305.1;protein_5424,GCF_048571455.1;protein_300,,,,,,,,
GCF_004358365.1;protein_2668,GCF_048568965.1;protein_5632,,GCF_053078305.1;protein_5425,GCF_048571455.1;protein_299,,,,,,,,
GCF_004358365.1;protein_2669,GCF_048568965.1;protein_5633,,GCF_053078305.1;protein_5426,GCF_048571455.1;protein_298,,,,,,,,
GCF_004358365.1;protein_267,GCF_048568965.1;protein_3133,,GCF_053078305.1;protein_3048,GCF_048571455.1;protein_2765,,,,,,,,
GCF_004358365.1;protein_2670,GCF_048568965.1;protein_5634,,GCF_053078305.1;protein_5427,GCF_048571455.1;protein_297,,,,,,,,
GCF_004358365.1;protein_2671,GCF_048568965.1;protein_5635,,GCF_053078305.1;protein_5428,GCF_048571455.1;protein_296,,,,,,,,
GCF_004358365.1;protein_2672,GCF_048568965.1;protein_5636,,GCF_053078305.1;protein_5429,GCF_048571455.1;protein_295,,,,,,,,
GCF_004358365.1;protein_2673,GCF_048568965.1;protein_5637,GCF_000005845.2;protein_3938,GCF_053078305.1;protein_5430,GCF_048571455.1;protein_294,,,,,,,,
GCF_004358365.1;protein_2674,GCF_048568965.1;protein_5638,GCF_000005845.2;protein_3937,GCF_053078305.1;protein_5431,GCF_048571455.1;protein_293,,,,,,,,
GCF_004358365.1;protein_2675,GCF_048568965.1;protein_5639,GCF_000005845.2;protein_3936,GCF_053078305.1;protein_5432,GCF_048571455.1;protein_292,,,,,,,,
GCF_004358365.1;protein_2676,GCF_048568965.1;protein_5640,GCF_000005845.2;protein_3935,GCF_053078305.1;protein_5433,GCF_048571455.1;protein_291,,,,,,,,
GCF_004358365.1;protein_2679,GCF_048568965.1;protein_5642,GCF_000005845.2;protein_3933,GCF_053078305.1;protein_5435,GCF_048571455.1;protein_289,,,,,,,,
GCF_004358365.1;protein_268,GCF_048568965.1;protein_3134,,GCF_053078305.1;protein_3049,GCF_048571455.1;protein_2764,,,,,,,,
GCF_004358365.1;protein_2680,GCF_048568965.1;protein_5643,GCF_000005845.2;protein_3932,GCF_053078305.1;protein_5436,GCF_048571455.1;protein_288,,,,,,,,
GCF_004358365.1;protein_2681,GCF_048568965.1;protein_5644,GCF_000005845.2;protein_3931,GCF_053078305.1;protein_5437,GCF_048571455.1;protein_287,,,,,,,,
GCF_004358365.1;protein_2682,GCF_048568965.1;protein_5645,GCF_000005845.2;protein_3930,GCF_053078305.1;protein_5438,GCF_048571455.1;protein_286,,,,,,,,
GCF_004358365.1;protein_2683,GCF_048568965.1;protein_5646,GCF_000005845.2;protein_3929,GCF_053078305.1;protein_5439,GCF_048571455.1;protein_285,,,,,,,,
GCF_004358365.1;protein_2684,GCF_048568965.1;protein_5647,GCF_000005845.2;protein_3927,GCF_053078305.1;protein_5440,GCF_048571455.1;protein_284,,,,,,,,
GCF_004358365.1;protein_2685,GCF_048568965.1;protein_5648,GCF_000005845.2;protein_3926,GCF_053078305.1;protein_5441,GCF_048571455.1;protein_283,,,,,,,,
GCF_004358365.1;protein_2686,GCF_048568965.1;protein_5649,GCF_000005845.2;protein_3925,GCF_053078305.1;protein_5442,GCF_048571455.1;protein_282,,,,,,,,
GCF_004358365.1;protein_2687,GCF_048568965.1;protein_5650,,GCF_053078305.1;protein_5443,GCF_048571455.1;protein_281,,,,,,,,
GCF_004358365.1;protein_2688,GCF_048568965.1;protein_5651,GCF_000005845.2;protein_3923,GCF_053078305.1;protein_5445,GCF_048571455.1;protein_280,,,,,,,,
GCF_004358365.1;protein_2689,GCF_048568965.1;protein_5652,GCF_000005845.2;protein_3922,GCF_053078305.1;protein_5446,GCF_048571455.1;protein_279,,,,,,,,
GCF_004358365.1;protein_269,GCF_048568965.1;protein_3135,GCF_000005845.2;protein_1310,GCF_053078305.1;protein_3050,GCF_048571455.1;protein_2763,,,,,,,,
GCF_004358365.1;protein_2690,GCF_048568965.1;protein_5653,GCF_000005845.2;protein_3921,GCF_053078305.1;protein_5447,GCF_048571455.1;protein_278,,,,,,,,
GCF_004358365.1;protein_2691,GCF_048568965.1;protein_5654,GCF_000005845.2;protein_3920,GCF_053078305.1;protein_5448,GCF_048571455.1;protein_277,,,,,,,,
GCF_004358365.1;protein_2692,GCF_048568965.1;protein_5655,GCF_000005845.2;protein_3919,GCF_053078305.1;protein_5449,GCF_048571455.1;protein_276,,,,,,,,
GCF_004358365.1;protein_2693,GCF_048568965.1;protein_5656,GCF_000005845.2;protein_3918,GCF_053078305.1;protein_5450,GCF_048571455.1;protein_275,,,,,,,,
GCF_004358365.1;protein_2694,GCF_048568965.1;protein_5657,GCF_000005845.2;protein_3917,GCF_053078305.1;protein_5451,GCF_048571455.1;protein_274,,,,,,,,
GCF_004358365.1;protein_2695,GCF_048568965.1;protein_5658,GCF_000005845.2;protein_3916,GCF_053078305.1;protein_5452,GCF_048571455.1;protein_273,,,,,,,,
GCF_004358365.1;protein_2696,GCF_048568965.1;protein_5659,GCF_000005845.2;protein_3915,GCF_053078305.1;protein_5453,GCF_048571455.1;protein_272,,,,,,,,
GCF_004358365.1;protein_2697,GCF_048568965.1;protein_5660,GCF_000005845.2;protein_3914,GCF_053078305.1;protein_5454,GCF_048571455.1;protein_271,,,,,,,,
GCF_004358365.1;protein_2698,GCF_048568965.1;protein_5661,GCF_000005845.2;protein_3913,GCF_053078305.1;protein_5455,GCF_048571455.1;protein_270,,,,,,,,
GCF_004358365.1;protein_2699,GCF_048568965.1;protein_5662,GCF_000005845.2;protein_3912,GCF_053078305.1;protein_5456,GCF_048571455.1;protein_269,,,,,,,,
GCF_004358365.1;protein_27,GCF_048568965.1;protein_3016,GCF_000005845.2;protein_1507,GCF_053078305.1;protein_2890,GCF_048571455.1;protein_2931,,,,,,,,
GCF_004358365.1;protein_270,GCF_048568965.1;protein_3136,GCF_000005845.2;protein_1309,GCF_053078305.1;protein_3051,GCF_048571455.1;protein_2762,,,,,,,,
GCF_004358365.1;protein_2700,GCF_048568965.1;protein_5663,GCF_000005845.2;protein_3911,GCF_053078305.1;protein_5457,GCF_048571455.1;protein_268,,,,,,,,
GCF_004358365.1;protein_2701,GCF_048568965.1;protein_5664,GCF_000005845.2;protein_3910,GCF_053078305.1;protein_5458,GCF_048571455.1;protein_267,,,,,,,,
GCF_004358365.1;protein_2702,GCF_048568965.1;protein_5665,GCF_000005845.2;protein_3909,GCF_053078305.1;protein_5459,GCF_048571455.1;protein_266,,,,,,,,
GCF_004358365.1;protein_2703,GCF_048568965.1;protein_5666,GCF_000005845.2;protein_3908,GCF_053078305.1;protein_5460,GCF_048571455.1;protein_265,,,,,,,,
GCF_004358365.1;protein_2704,GCF_048568965.1;protein_5667,GCF_000005845.2;protein_3907,GCF_053078305.1;protein_5461,GCF_048571455.1;protein_264,,,,,,,,
GCF_004358365.1;protein_2705,GCF_048568965.1;protein_5668,GCF_000005845.2;protein_3906,GCF_053078305.1;protein_5462,GCF_048571455.1;protein_263,,,,,,,,
GCF_004358365.1;protein_2706,GCF_048568965.1;protein_5669,GCF_000005845.2;protein_3905,GCF_053078305.1;protein_5463,GCF_048571455.1;protein_262,,,,,,,,
GCF_004358365.1;protein_2707,GCF_048568965.1;protein_5670,GCF_000005845.2;protein_3904,GCF_053078305.1;protein_5464,GCF_048571455.1;protein_261,,,,,,,,
GCF_004358365.1;protein_2708,GCF_048568965.1;protein_5671,GCF_000005845.2;protein_3903,GCF_053078305.1;protein_5465,GCF_048571455.1;protein_260,,,,,,,,
GCF_004358365.1;protein_2709,GCF_048568965.1;protein_5672,GCF_000005845.2;protein_3902,GCF_053078305.1;protein_5466,GCF_048571455.1;protein_259,,,,,,,,
GCF_004358365.1;protein_271,GCF_048568965.1;protein_3137,GCF_000005845.2;protein_1308,GCF_053078305.1;protein_3052,GCF_048571455.1;protein_2761,,,,,,,,
GCF_004358365.1;protein_2710,GCF_048568965.1;protein_5673,GCF_000005845.2;protein_3901,GCF_053078305.1;protein_5467,GCF_048571455.1;protein_258,,,,,,,,
GCF_004358365.1;protein_2712,GCF_048568965.1;protein_5675,GCF_000005845.2;protein_3899,GCF_053078305.1;protein_5469,GCF_048571455.1;protein_256,,,,,,,,
GCF_004358365.1;protein_2713,GCF_048568965.1;protein_5676,GCF_000005845.2;protein_3898,GCF_053078305.1;protein_5470,GCF_048571455.1;protein_255,,,,,,,,
GCF_004358365.1;protein_2714,GCF_048568965.1;protein_5677,GCF_000005845.2;protein_3897,GCF_053078305.1;protein_5471,GCF_048571455.1;protein_254,,,,,,,,
GCF_004358365.1;protein_2715,GCF_048568965.1;protein_5678,GCF_000005845.2;protein_3896,GCF_053078305.1;protein_5472,GCF_048571455.1;protein_253,,,,,,,,
GCF_004358365.1;protein_2716,GCF_048568965.1;protein_5679,GCF_000005845.2;protein_3895,GCF_053078305.1;protein_5473,GCF_048571455.1;protein_252,,,,,,,,
GCF_004358365.1;protein_2717,GCF_048568965.1;protein_5680,GCF_000005845.2;protein_3894,GCF_053078305.1;protein_5474,GCF_048571455.1;protein_251,,,,,,,,
GCF_004358365.1;protein_2718,GCF_048568965.1;protein_5681,GCF_000005845.2;protein_3893,GCF_053078305.1;protein_5475,GCF_048571455.1;protein_250,,,,,,,,
GCF_004358365.1;protein_2719,GCF_048568965.1;protein_5682,GCF_000005845.2;protein_3892,GCF_053078305.1;protein_5476,GCF_048571455.1;protein_249,,,,,,,,
GCF_004358365.1;protein_272,GCF_048568965.1;protein_3138,GCF_000005845.2;protein_1307,GCF_053078305.1;protein_3053,GCF_048571455.1;protein_2760,,,,,,,,
GCF_004358365.1;protein_2720,GCF_048568965.1;protein_5683,GCF_000005845.2;protein_3891,GCF_053078305.1;protein_5479,GCF_048571455.1;protein_248,,,,,,,,
GCF_004358365.1;protein_2721,GCF_048568965.1;protein_5684,GCF_000005845.2;protein_3890,GCF_053078305.1;protein_5480,GCF_048571455.1;protein_247,,,,,,,,
GCF_004358365.1;protein_2722,GCF_048568965.1;protein_5685,GCF_000005845.2;protein_3889,GCF_053078305.1;protein_5481,GCF_048571455.1;protein_246,,,,,,,,
GCF_004358365.1;protein_2723,GCF_048568965.1;protein_5686,GCF_000005845.2;protein_3888,GCF_053078305.1;protein_5482,GCF_048571455.1;protein_245,,,,,,,,
GCF_004358365.1;protein_2724,GCF_048568965.1;protein_5687,GCF_000005845.2;protein_3887,GCF_053078305.1;protein_5483,GCF_048571455.1;protein_244,,,,,,,,
GCF_004358365.1;protein_2725,GCF_048568965.1;protein_5688,GCF_000005845.2;protein_3886,GCF_053078305.1;protein_5484,GCF_048571455.1;protein_243,,,,,,,,
GCF_004358365.1;protein_2726,GCF_048568965.1;protein_5689,GCF_000005845.2;protein_3885,GCF_053078305.1;protein_5485,GCF_048571455.1;protein_242,,,,,,,,
GCF_004358365.1;protein_2727,GCF_048568965.1;protein_5690,GCF_000005845.2;protein_3884,GCF_053078305.1;protein_5486,GCF_048571455.1;protein_241,,,,,,,,
GCF_004358365.1;protein_2728,GCF_048568965.1;protein_5691,GCF_000005845.2;protein_3883,GCF_053078305.1;protein_5487,GCF_048571455.1;protein_240,,,,,,,,
GCF_004358365.1;protein_2729,GCF_048568965.1;protein_5692,GCF_000005845.2;protein_3882,GCF_053078305.1;protein_5488,GCF_048571455.1;protein_239,,,,,,,,
GCF_004358365.1;protein_273,GCF_048568965.1;protein_3139,GCF_000005845.2;protein_1306,GCF_053078305.1;protein_3054,GCF_048571455.1;protein_2759,,,,,,,,
GCF_004358365.1;protein_2730,GCF_048568965.1;protein_5693,GCF_000005845.2;protein_3881,GCF_053078305.1;protein_5489,GCF_048571455.1;protein_238,,,,,,,,
GCF_004358365.1;protein_2731,GCF_048568965.1;protein_5694,GCF_000005845.2;protein_3880,GCF_053078305.1;protein_5490,GCF_048571455.1;protein_237,,,,,,,,
GCF_004358365.1;protein_2732,GCF_048568965.1;protein_5695,GCF_000005845.2;protein_3879,GCF_053078305.1;protein_5491,GCF_048571455.1;protein_236,,,,,,,,
GCF_004358365.1;protein_2733,GCF_048568965.1;protein_5696,GCF_000005845.2;protein_3878,GCF_053078305.1;protein_5492,GCF_048571455.1;protein_235,,,,,,,,
GCF_004358365.1;protein_2734,GCF_048568965.1;protein_5697,GCF_000005845.2;protein_3877,GCF_053078305.1;protein_5493,GCF_048571455.1;protein_234,,,,,,,,
GCF_004358365.1;protein_2735,GCF_048568965.1;protein_5698,GCF_000005845.2;protein_3876,GCF_053078305.1;protein_5494,GCF_048571455.1;protein_233,,,,,,,,
GCF_004358365.1;protein_2736,GCF_048568965.1;protein_5699,GCF_000005845.2;protein_3875,GCF_053078305.1;protein_5495,GCF_048571455.1;protein_232,,,,,,,,
GCF_004358365.1;protein_2738,GCF_048568965.1;protein_232,GCF_000005845.2;protein_3483,GCF_053078305.1;protein_173,GCF_048571455.1;protein_230,,,,,,,,
GCF_004358365.1;protein_2739,GCF_048568965.1;protein_231,,,GCF_048571455.1;protein_229,,,,,,,,
GCF_004358365.1;protein_274,GCF_048568965.1;protein_3140,GCF_000005845.2;protein_1305,GCF_053078305.1;protein_3055,GCF_048571455.1;protein_2758,,,,,,,,
GCF_004358365.1;protein_2740,GCF_048568965.1;protein_230,,,GCF_048571455.1;protein_228,,,,,,,,
GCF_004358365.1;protein_2741,GCF_048568965.1;protein_229,,,GCF_048571455.1;protein_227,,,,,,,,
GCF_004358365.1;protein_2742,GCF_048568965.1;protein_228,,,GCF_048571455.1;protein_226,,,,,,,,
GCF_004358365.1;protein_2743,GCF_048568965.1;protein_227,,,GCF_048571455.1;protein_225,,,,,,,,
GCF_004358365.1;protein_2744,GCF_048568965.1;protein_226,GCF_000005845.2;protein_3484,GCF_053078305.1;protein_167,GCF_048571455.1;protein_224,,,,,,,,
GCF_004358365.1;protein_2745,GCF_048568965.1;protein_225,GCF_000005845.2;protein_3485,GCF_053078305.1;protein_166,GCF_048571455.1;protein_223,,,,,,,,
GCF_004358365.1;protein_2746,GCF_048568965.1;protein_224,GCF_000005845.2;protein_3486,GCF_053078305.1;protein_165,GCF_048571455.1;protein_222,,,,,,,,
GCF_004358365.1;protein_2747,GCF_048568965.1;protein_223,GCF_000005845.2;protein_3487,GCF_053078305.1;protein_164,GCF_048571455.1;protein_221,,,,,,,,
GCF_004358365.1;protein_2748,GCF_048568965.1;protein_222,GCF_000005845.2;protein_3488,GCF_053078305.1;protein_163,GCF_048571455.1;protein_220,,,,,,,,
GCF_004358365.1;protein_2749,GCF_048568965.1;protein_221,GCF_000005845.2;protein_3489,GCF_053078305.1;protein_162,GCF_048571455.1;protein_219,,,,,,,,
GCF_004358365.1;protein_275,GCF_048568965.1;protein_3141,GCF_000005845.2;protein_1304,GCF_053078305.1;protein_3056,GCF_048571455.1;protein_2757,,,,,,,,
GCF_004358365.1;protein_2750,GCF_048568965.1;protein_220,GCF_000005845.2;protein_3490,GCF_053078305.1;protein_161,GCF_048571455.1;protein_218,,,,,,,,
GCF_004358365.1;protein_2751,GCF_048568965.1;protein_219,GCF_000005845.2;protein_3491,GCF_053078305.1;protein_160,GCF_048571455.1;protein_217,,,,,,,,
GCF_004358365.1;protein_2752,GCF_048568965.1;protein_218,GCF_000005845.2;protein_3492,GCF_053078305.1;protein_159,GCF_048571455.1;protein_216,,,,,,,,
GCF_004358365.1;protein_2753,GCF_048568965.1;protein_217,GCF_000005845.2;protein_3493,GCF_053078305.1;protein_158,GCF_048571455.1;protein_215,,,,,,,,
GCF_004358365.1;protein_2754,GCF_048568965.1;protein_216,,,GCF_048571455.1;protein_214,,,,,,,,
GCF_004358365.1;protein_2755,GCF_048568965.1;protein_215,GCF_000005845.2;protein_3495,GCF_053078305.1;protein_156,GCF_048571455.1;protein_213,,,,,,,,
GCF_004358365.1;protein_2756,GCF_048568965.1;protein_214,GCF_000005845.2;protein_3498,GCF_053078305.1;protein_155,GCF_048571455.1;protein_212,,,,,,,,
GCF_004358365.1;protein_2757,GCF_048568965.1;protein_213,GCF_000005845.2;protein_3499,GCF_053078305.1;protein_154,GCF_048571455.1;protein_211,,,,,,,,
GCF_004358365.1;protein_2758,GCF_048568965.1;protein_212,GCF_000005845.2;protein_3500,GCF_053078305.1;protein_153,GCF_048571455.1;protein_210,,,,,,,,
GCF_004358365.1;protein_2759,GCF_048568965.1;protein_211,GCF_000005845.2;protein_3501,GCF_053078305.1;protein_152,GCF_048571455.1;protein_209,,,,,,,,
GCF_004358365.1;protein_276,GCF_048568965.1;protein_3142,GCF_000005845.2;protein_1303,GCF_053078305.1;protein_3057,GCF_048571455.1;protein_2756,,,,,,,,
GCF_004358365.1;protein_2760,GCF_048568965.1;protein_210,GCF_000005845.2;protein_3502,GCF_053078305.1;protein_151,GCF_048571455.1;protein_208,,,,,,,,
GCF_004358365.1;protein_2761,GCF_048568965.1;protein_209,GCF_000005845.2;protein_3503,GCF_053078305.1;protein_150,GCF_048571455.1;protein_207,,,,,,,,
GCF_004358365.1;protein_2762,GCF_048568965.1;protein_208,GCF_000005845.2;protein_3504,GCF_053078305.1;protein_149,GCF_048571455.1;protein_206,,,,,,,,
GCF_004358365.1;protein_2763,GCF_048568965.1;protein_207,GCF_000005845.2;protein_3505,GCF_053078305.1;protein_148,GCF_048571455.1;protein_205,,,,,,,,
GCF_004358365.1;protein_2764,GCF_048568965.1;protein_206,GCF_000005845.2;protein_3506,GCF_053078305.1;protein_147,GCF_048571455.1;protein_204,,,,,,,,
GCF_004358365.1;protein_2765,GCF_048568965.1;protein_205,GCF_000005845.2;protein_3507,GCF_053078305.1;protein_146,GCF_048571455.1;protein_203,,,,,,,,
GCF_004358365.1;protein_2766,GCF_048568965.1;protein_204,GCF_000005845.2;protein_3508,GCF_053078305.1;protein_145,GCF_048571455.1;protein_202,,,,,,,,
GCF_004358365.1;protein_2767,GCF_048568965.1;protein_203,GCF_000005845.2;protein_3509,GCF_053078305.1;protein_144,GCF_048571455.1;protein_201,,,,,,,,
GCF_004358365.1;protein_2768,GCF_048568965.1;protein_202,GCF_000005845.2;protein_3510,GCF_053078305.1;protein_143,GCF_048571455.1;protein_200,,,,,,,,
GCF_004358365.1;protein_2769,GCF_048568965.1;protein_201,GCF_000005845.2;protein_3512,GCF_053078305.1;protein_142,GCF_048571455.1;protein_199,,,,,,,,
GCF_004358365.1;protein_277,GCF_048568965.1;protein_3143,,GCF_053078305.1;protein_3058,GCF_048571455.1;protein_2755,,,,,,,,
GCF_004358365.1;protein_2770,GCF_048568965.1;protein_200,GCF_000005845.2;protein_3513,GCF_053078305.1;protein_141,GCF_048571455.1;protein_198,,,,,,,,
GCF_004358365.1;protein_2771,GCF_048568965.1;protein_199,GCF_000005845.2;protein_3514,GCF_053078305.1;protein_140,GCF_048571455.1;protein_197,,,,,,,,
GCF_004358365.1;protein_2772,GCF_048568965.1;protein_198,GCF_000005845.2;protein_3515,,GCF_048571455.1;protein_196,,,,,,,,
GCF_004358365.1;protein_2773,GCF_048568965.1;protein_197,GCF_000005845.2;protein_3516,,GCF_048571455.1;protein_195,,,,,,,,
GCF_004358365.1;protein_2774,GCF_048568965.1;protein_196,GCF_000005845.2;protein_3517,,GCF_048571455.1;protein_194,,,,,,,,
GCF_004358365.1;protein_2775,GCF_048568965.1;protein_195,GCF_000005845.2;protein_3518,,GCF_048571455.1;protein_193,,,,,,,,
GCF_004358365.1;protein_2776,GCF_048568965.1;protein_194,GCF_000005845.2;protein_3519,,GCF_048571455.1;protein_192,,,,,,,,
GCF_004358365.1;protein_2777,GCF_048568965.1;protein_193,GCF_000005845.2;protein_3520,,GCF_048571455.1;protein_191,,,,,,,,
GCF_004358365.1;protein_2778,GCF_048568965.1;protein_192,GCF_000005845.2;protein_3521,,GCF_048571455.1;protein_190,,,,,,,,
GCF_004358365.1;protein_2779,GCF_048568965.1;protein_191,GCF_000005845.2;protein_3522,,GCF_048571455.1;protein_189,,,,,,,,
GCF_004358365.1;protein_278,GCF_048568965.1;protein_3144,GCF_000005845.2;protein_1302,GCF_053078305.1;protein_3059,GCF_048571455.1;protein_2754,,,,,,,,
GCF_004358365.1;protein_2780,GCF_048568965.1;protein_190,GCF_000005845.2;protein_3523,,GCF_048571455.1;protein_188,,,,,,,,
GCF_004358365.1;protein_2781,GCF_048568965.1;protein_189,GCF_000005845.2;protein_3524,,GCF_048571455.1;protein_187,,,,,,,,
GCF_004358365.1;protein_2782,GCF_048568965.1;protein_188,,,GCF_048571455.1;protein_186,,,,,,,,
GCF_004358365.1;protein_2783,GCF_048568965.1;protein_187,,,GCF_048571455.1;protein_185,,,,,,,,
GCF_004358365.1;protein_2784,GCF_048568965.1;protein_186,GCF_000005845.2;protein_3525,GCF_053078305.1;protein_135,GCF_048571455.1;protein_184,,,,,,,,
GCF_004358365.1;protein_2785,GCF_048568965.1;protein_185,GCF_000005845.2;protein_3526,GCF_053078305.1;protein_134,GCF_048571455.1;protein_183,,,,,,,,
GCF_004358365.1;protein_2786,GCF_048568965.1;protein_184,GCF_000005845.2;protein_3527,GCF_053078305.1;protein_133,GCF_048571455.1;protein_182,,,,,,,,
GCF_004358365.1;protein_2787,GCF_048568965.1;protein_183,GCF_000005845.2;protein_3528,GCF_053078305.1;protein_132,GCF_048571455.1;protein_181,,,,,,,,
GCF_053078305.1;protein_131,GCF_048571455.1;protein_180,GCF_004358365.1;protein_2788,,GCF_048568965.1;protein_182,,,,,,,,
GCF_004358365.1;protein_2789,GCF_048568965.1;protein_181,GCF_000005845.2;protein_3529,GCF_053078305.1;protein_130,GCF_048571455.1;protein_179,,,,,,,,
GCF_004358365.1;protein_279,GCF_048568965.1;protein_3145,GCF_000005845.2;protein_1301,GCF_053078305.1;protein_3060,GCF_048571455.1;protein_2753,,,,,,,,
GCF_004358365.1;protein_2790,GCF_048568965.1;protein_180,GCF_000005845.2;protein_3530,GCF_053078305.1;protein_128,GCF_048571455.1;protein_178,,,,,,,,
GCF_004358365.1;protein_2791,GCF_048568965.1;protein_179,GCF_000005845.2;protein_3531,GCF_053078305.1;protein_127,GCF_048571455.1;protein_177,,,,,,,,
GCF_004358365.1;protein_2792,GCF_048568965.1;protein_178,GCF_000005845.2;protein_3532,GCF_053078305.1;protein_126,GCF_048571455.1;protein_176,,,,,,,,
GCF_004358365.1;protein_2793,GCF_048568965.1;protein_177,GCF_000005845.2;protein_3533,GCF_053078305.1;protein_125,GCF_048571455.1;protein_175,,,,,,,,
GCF_004358365.1;protein_2795,GCF_048568965.1;protein_175,GCF_000005845.2;protein_3535,,GCF_048571455.1;protein_173,,,,,,,,
GCF_004358365.1;protein_2796,GCF_048568965.1;protein_174,,,GCF_048571455.1;protein_172,,,,,,,,
GCF_004358365.1;protein_2797,GCF_048568965.1;protein_173,GCF_000005845.2;protein_3536,,GCF_048571455.1;protein_171,,,,,,,,
GCF_004358365.1;protein_2798,GCF_048568965.1;protein_172,,,GCF_048571455.1;protein_170,,,,,,,,
GCF_004358365.1;protein_2799,GCF_048568965.1;protein_171,,,GCF_048571455.1;protein_169,,,,,,,,
GCF_004358365.1;protein_28,GCF_048568965.1;protein_3015,,GCF_053078305.1;protein_2891,GCF_048571455.1;protein_2930,,,,,,,,
GCF_004358365.1;protein_280,GCF_048568965.1;protein_3146,GCF_000005845.2;protein_1300,GCF_053078305.1;protein_3061,GCF_048571455.1;protein_2752,,,,,,,,
GCF_004358365.1;protein_2800,GCF_048568965.1;protein_170,GCF_000005845.2;protein_3538,GCF_053078305.1;protein_124,GCF_048571455.1;protein_168,,,,,,,,
GCF_004358365.1;protein_2801,GCF_048568965.1;protein_169,GCF_000005845.2;protein_3539,GCF_053078305.1;protein_123,GCF_048571455.1;protein_167,,,,,,,,
GCF_004358365.1;protein_2802,GCF_048568965.1;protein_168,GCF_000005845.2;protein_3540,GCF_053078305.1;protein_122,GCF_048571455.1;protein_166,,,,,,,,
GCF_004358365.1;protein_2803,GCF_048568965.1;protein_167,GCF_000005845.2;protein_3541,GCF_053078305.1;protein_121,GCF_048571455.1;protein_165,,,,,,,,
GCF_004358365.1;protein_2804,GCF_048568965.1;protein_166,GCF_000005845.2;protein_3542,GCF_053078305.1;protein_120,GCF_048571455.1;protein_164,,,,,,,,
GCF_004358365.1;protein_2805,GCF_048568965.1;protein_165,GCF_000005845.2;protein_3543,GCF_053078305.1;protein_119,GCF_048571455.1;protein_163,,,,,,,,
GCF_004358365.1;protein_2806,GCF_048568965.1;protein_164,GCF_000005845.2;protein_3544,GCF_053078305.1;protein_118,GCF_048571455.1;protein_162,,,,,,,,
GCF_004358365.1;protein_2807,GCF_048568965.1;protein_163,,GCF_053078305.1;protein_117,GCF_048571455.1;protein_161,,,,,,,,
GCF_004358365.1;protein_2808,GCF_048568965.1;protein_162,,,GCF_048571455.1;protein_160,,,,,,,,
GCF_004358365.1;protein_2809,GCF_048568965.1;protein_161,GCF_000005845.2;protein_3545,GCF_053078305.1;protein_114,GCF_048571455.1;protein_159,,,,,,,,
GCF_004358365.1;protein_281,GCF_048568965.1;protein_3147,GCF_000005845.2;protein_1299,GCF_053078305.1;protein_3062,GCF_048571455.1;protein_2751,,,,,,,,
GCF_004358365.1;protein_2810,GCF_048568965.1;protein_160,GCF_000005845.2;protein_3546,GCF_053078305.1;protein_113,GCF_048571455.1;protein_158,,,,,,,,
GCF_004358365.1;protein_2811,GCF_048568965.1;protein_159,GCF_000005845.2;protein_3547,GCF_053078305.1;protein_112,GCF_048571455.1;protein_157,,,,,,,,
GCF_004358365.1;protein_2812,GCF_048568965.1;protein_158,GCF_000005845.2;protein_3548,GCF_053078305.1;protein_111,GCF_048571455.1;protein_156,,,,,,,,
GCF_004358365.1;protein_2813,GCF_048568965.1;protein_157,GCF_000005845.2;protein_3549,GCF_053078305.1;protein_110,GCF_048571455.1;protein_155,,,,,,,,
GCF_004358365.1;protein_2814,GCF_048568965.1;protein_156,GCF_000005845.2;protein_3550,GCF_053078305.1;protein_109,GCF_048571455.1;protein_154,,,,,,,,
GCF_004358365.1;protein_2815,GCF_048568965.1;protein_155,GCF_000005845.2;protein_3551,GCF_053078305.1;protein_108,GCF_048571455.1;protein_153,,,,,,,,
GCF_004358365.1;protein_2816,GCF_048568965.1;protein_154,GCF_000005845.2;protein_3552,GCF_053078305.1;protein_107,GCF_048571455.1;protein_152,,,,,,,,
GCF_004358365.1;protein_2817,GCF_048568965.1;protein_153,GCF_000005845.2;protein_3553,GCF_053078305.1;protein_106,GCF_048571455.1;protein_151,,,,,,,,
GCF_004358365.1;protein_2818,GCF_048568965.1;protein_152,GCF_000005845.2;protein_3554,GCF_053078305.1;protein_105,GCF_048571455.1;protein_150,,,,,,,,
GCF_004358365.1;protein_2819,GCF_048568965.1;protein_151,GCF_000005845.2;protein_3555,GCF_053078305.1;protein_104,GCF_048571455.1;protein_149,,,,,,,,
GCF_004358365.1;protein_282,GCF_048568965.1;protein_3148,GCF_000005845.2;protein_1298,GCF_053078305.1;protein_3063,GCF_048571455.1;protein_2750,,,,,,,,
GCF_004358365.1;protein_2820,GCF_048568965.1;protein_150,GCF_000005845.2;protein_3556,GCF_053078305.1;protein_103,GCF_048571455.1;protein_148,,,,,,,,
GCF_004358365.1;protein_2821,GCF_048568965.1;protein_149,GCF_000005845.2;protein_3557,GCF_053078305.1;protein_102,GCF_048571455.1;protein_147,,,,,,,,
GCF_004358365.1;protein_2822,GCF_048568965.1;protein_148,GCF_000005845.2;protein_3558,GCF_053078305.1;protein_101,GCF_048571455.1;protein_146,,,,,,,,
GCF_004358365.1;protein_2823,GCF_048568965.1;protein_147,GCF_000005845.2;protein_3559,GCF_053078305.1;protein_100,GCF_048571455.1;protein_145,,,,,,,,
GCF_004358365.1;protein_2824,GCF_048568965.1;protein_146,GCF_000005845.2;protein_3560,,GCF_048571455.1;protein_144,,,,,,,,
GCF_004358365.1;protein_2825,GCF_048568965.1;protein_145,GCF_000005845.2;protein_3561,GCF_053078305.1;protein_99,GCF_048571455.1;protein_143,,,,,,,,
GCF_004358365.1;protein_2826,GCF_048568965.1;protein_144,GCF_000005845.2;protein_3562,GCF_053078305.1;protein_98,GCF_048571455.1;protein_142,,,,,,,,
GCF_004358365.1;protein_2827,GCF_048568965.1;protein_143,GCF_000005845.2;protein_3563,GCF_053078305.1;protein_97,GCF_048571455.1;protein_141,,,,,,,,
GCF_004358365.1;protein_2828,GCF_048568965.1;protein_142,,,GCF_048571455.1;protein_140,,,,,,,,
GCF_004358365.1;protein_2829,GCF_048568965.1;protein_141,,,GCF_048571455.1;protein_139,,,,,,,,
GCF_004358365.1;protein_283,GCF_048568965.1;protein_3149,GCF_000005845.2;protein_1297,GCF_053078305.1;protein_3064,GCF_048571455.1;protein_2749,,,,,,,,
GCF_004358365.1;protein_2830,GCF_048568965.1;protein_140,,,GCF_048571455.1;protein_138,,,,,,,,
GCF_004358365.1;protein_2831,GCF_048568965.1;protein_139,,,GCF_048571455.1;protein_137,,,,,,,,
GCF_004358365.1;protein_2832,GCF_048568965.1;protein_138,,,GCF_048571455.1;protein_136,,,,,,,,
GCF_004358365.1;protein_2833,GCF_048568965.1;protein_137,,GCF_053078305.1;protein_90,GCF_048571455.1;protein_135,,,,,,,,
GCF_004358365.1;protein_2834,GCF_048568965.1;protein_136,,GCF_053078305.1;protein_89,GCF_048571455.1;protein_134,,,,,,,,
GCF_004358365.1;protein_2835,GCF_048568965.1;protein_135,,GCF_053078305.1;protein_88,GCF_048571455.1;protein_133,,,,,,,,
GCF_004358365.1;protein_2836,GCF_048568965.1;protein_134,GCF_000005845.2;protein_3578,GCF_053078305.1;protein_87,GCF_048571455.1;protein_132,,,,,,,,
GCF_004358365.1;protein_2837,GCF_048568965.1;protein_133,GCF_000005845.2;protein_3579,GCF_053078305.1;protein_86,GCF_048571455.1;protein_131,,,,,,,,
GCF_004358365.1;protein_2838,GCF_048568965.1;protein_132,GCF_000005845.2;protein_3580,GCF_053078305.1;protein_85,GCF_048571455.1;protein_130,,,,,,,,
GCF_004358365.1;protein_2839,GCF_048568965.1;protein_131,GCF_000005845.2;protein_3581,GCF_053078305.1;protein_84,GCF_048571455.1;protein_129,,,,,,,,
GCF_004358365.1;protein_284,GCF_048568965.1;protein_3150,GCF_000005845.2;protein_1296,GCF_053078305.1;protein_3065,GCF_048571455.1;protein_2748,,,,,,,,
GCF_004358365.1;protein_2840,GCF_048568965.1;protein_130,GCF_000005845.2;protein_3582,GCF_053078305.1;protein_83,GCF_048571455.1;protein_128,,,,,,,,
GCF_004358365.1;protein_2841,GCF_048568965.1;protein_129,GCF_000005845.2;protein_3583,GCF_053078305.1;protein_82,GCF_048571455.1;protein_127,,,,,,,,
GCF_004358365.1;protein_2842,GCF_048568965.1;protein_128,GCF_000005845.2;protein_3584,GCF_053078305.1;protein_81,GCF_048571455.1;protein_126,,,,,,,,
GCF_004358365.1;protein_2843,GCF_048568965.1;protein_127,GCF_000005845.2;protein_3585,GCF_053078305.1;protein_80,GCF_048571455.1;protein_125,,,,,,,,
GCF_004358365.1;protein_2844,GCF_048568965.1;protein_126,GCF_000005845.2;protein_3586,GCF_053078305.1;protein_79,GCF_048571455.1;protein_124,,,,,,,,
GCF_004358365.1;protein_2845,GCF_048568965.1;protein_125,GCF_000005845.2;protein_3587,GCF_053078305.1;protein_77,GCF_048571455.1;protein_123,,,,,,,,
GCF_004358365.1;protein_2846,GCF_048568965.1;protein_124,GCF_000005845.2;protein_3588,GCF_053078305.1;protein_76,GCF_048571455.1;protein_122,,,,,,,,
GCF_004358365.1;protein_2847,GCF_048568965.1;protein_123,GCF_000005845.2;protein_3589,GCF_053078305.1;protein_75,GCF_048571455.1;protein_121,,,,,,,,
GCF_004358365.1;protein_2848,GCF_048568965.1;protein_122,,GCF_053078305.1;protein_74,GCF_048571455.1;protein_120,,,,,,,,
GCF_004358365.1;protein_2849,GCF_048568965.1;protein_121,GCF_000005845.2;protein_3591,GCF_053078305.1;protein_73,GCF_048571455.1;protein_119,,,,,,,,
GCF_004358365.1;protein_285,GCF_048568965.1;protein_3151,GCF_000005845.2;protein_1295,GCF_053078305.1;protein_3066,GCF_048571455.1;protein_2747,,,,,,,,
GCF_004358365.1;protein_2850,GCF_048568965.1;protein_120,GCF_000005845.2;protein_3592,GCF_053078305.1;protein_72,GCF_048571455.1;protein_118,,,,,,,,
GCF_004358365.1;protein_2851,GCF_048568965.1;protein_119,GCF_000005845.2;protein_3593,GCF_053078305.1;protein_71,GCF_048571455.1;protein_117,,,,,,,,
GCF_004358365.1;protein_2852,GCF_048568965.1;protein_118,GCF_000005845.2;protein_3594,GCF_053078305.1;protein_70,GCF_048571455.1;protein_116,,,,,,,,
GCF_004358365.1;protein_2853,GCF_048568965.1;protein_117,GCF_000005845.2;protein_3595,GCF_053078305.1;protein_69,GCF_048571455.1;protein_115,,,,,,,,
GCF_004358365.1;protein_2854,GCF_048568965.1;protein_116,GCF_000005845.2;protein_3596,GCF_053078305.1;protein_68,GCF_048571455.1;protein_114,,,,,,,,
GCF_004358365.1;protein_2855,GCF_048568965.1;protein_115,GCF_000005845.2;protein_3597,GCF_053078305.1;protein_67,GCF_048571455.1;protein_113,,,,,,,,
GCF_004358365.1;protein_2856,GCF_048568965.1;protein_114,,,GCF_048571455.1;protein_112,,,,,,,,
GCF_004358365.1;protein_2857,GCF_048568965.1;protein_113,GCF_000005845.2;protein_3598,GCF_053078305.1;protein_66,GCF_048571455.1;protein_111,,,,,,,,
GCF_004358365.1;protein_2858,GCF_048568965.1;protein_112,GCF_000005845.2;protein_3599,GCF_053078305.1;protein_65,GCF_048571455.1;protein_110,,,,,,,,
GCF_004358365.1;protein_2859,GCF_048568965.1;protein_111,GCF_000005845.2;protein_3600,GCF_053078305.1;protein_64,GCF_048571455.1;protein_109,,,,,,,,
GCF_004358365.1;protein_286,GCF_048568965.1;protein_3152,GCF_000005845.2;protein_1294,GCF_053078305.1;protein_3067,GCF_048571455.1;protein_2746,,,,,,,,
GCF_004358365.1;protein_2860,GCF_048568965.1;protein_110,GCF_000005845.2;protein_3601,GCF_053078305.1;protein_55,GCF_048571455.1;protein_108,,,,,,,,
GCF_004358365.1;protein_2861,GCF_048568965.1;protein_109,GCF_000005845.2;protein_3602,GCF_053078305.1;protein_54,GCF_048571455.1;protein_107,,,,,,,,
GCF_004358365.1;protein_2862,GCF_048568965.1;protein_108,,,GCF_048571455.1;protein_106,,,,,,,,
GCF_004358365.1;protein_2863,GCF_048568965.1;protein_107,,,GCF_048571455.1;protein_105,,,,,,,,
GCF_004358365.1;protein_2864,GCF_048568965.1;protein_106,,,GCF_048571455.1;protein_104,,,,,,,,
GCF_004358365.1;protein_2865,GCF_048568965.1;protein_105,,,GCF_048571455.1;protein_103,,,,,,,,
GCF_004358365.1;protein_2866,GCF_048568965.1;protein_104,,,GCF_048571455.1;protein_102,,,,,,,,
GCF_004358365.1;protein_2867,GCF_048568965.1;protein_103,,,GCF_048571455.1;protein_101,,,,,,,,
GCF_004358365.1;protein_2868,GCF_048568965.1;protein_102,,,GCF_048571455.1;protein_100,,,,,,,,
GCF_004358365.1;protein_2869,GCF_048568965.1;protein_101,,,GCF_048571455.1;protein_99,,,,,,,,
GCF_004358365.1;protein_287,GCF_048568965.1;protein_3153,GCF_000005845.2;protein_1293,GCF_053078305.1;protein_3068,GCF_048571455.1;protein_2745,,,,,,,,
GCF_004358365.1;protein_2870,GCF_048568965.1;protein_100,,,GCF_048571455.1;protein_98,,,,,,,,
GCF_004358365.1;protein_2871,GCF_048568965.1;protein_99,,,GCF_048571455.1;protein_97,,,,,,,,
GCF_004358365.1;protein_2875,GCF_048568965.1;protein_95,,,GCF_048571455.1;protein_93,,,,,,,,
GCF_004358365.1;protein_2876,GCF_048568965.1;protein_94,,,GCF_048571455.1;protein_92,,,,,,,,
GCF_004358365.1;protein_2877,GCF_048568965.1;protein_93,,,GCF_048571455.1;protein_91,,,,,,,,
GCF_004358365.1;protein_2878,GCF_048568965.1;protein_92,GCF_000005845.2;protein_3603,GCF_053078305.1;protein_52,GCF_048571455.1;protein_90,,,,,,,,
GCF_004358365.1;protein_2879,GCF_048568965.1;protein_91,GCF_000005845.2;protein_3604,GCF_053078305.1;protein_51,GCF_048571455.1;protein_89,,,,,,,,
GCF_004358365.1;protein_288,GCF_048568965.1;protein_3154,GCF_000005845.2;protein_1292,GCF_053078305.1;protein_3069,GCF_048571455.1;protein_2744,,,,,,,,
GCF_004358365.1;protein_2880,GCF_048568965.1;protein_90,GCF_000005845.2;protein_3606,GCF_053078305.1;protein_50,GCF_048571455.1;protein_88,,,,,,,,
GCF_004358365.1;protein_2881,GCF_048568965.1;protein_89,GCF_000005845.2;protein_3607,,GCF_048571455.1;protein_87,,,,,,,,
GCF_004358365.1;protein_2882,GCF_048568965.1;protein_88,GCF_000005845.2;protein_3608,GCF_053078305.1;protein_41,GCF_048571455.1;protein_86,,,,,,,,
GCF_004358365.1;protein_2883,GCF_048568965.1;protein_87,GCF_000005845.2;protein_3609,GCF_053078305.1;protein_38,GCF_048571455.1;protein_85,,,,,,,,
GCF_004358365.1;protein_2884,GCF_048568965.1;protein_86,GCF_000005845.2;protein_3610,GCF_053078305.1;protein_37,GCF_048571455.1;protein_84,,,,,,,,
GCF_004358365.1;protein_2885,GCF_048568965.1;protein_85,GCF_000005845.2;protein_3611,GCF_053078305.1;protein_36,GCF_048571455.1;protein_83,,,,,,,,
GCF_004358365.1;protein_2886,GCF_048568965.1;protein_84,GCF_000005845.2;protein_3612,GCF_053078305.1;protein_35,GCF_048571455.1;protein_82,,,,,,,,
GCF_004358365.1;protein_2887,GCF_048568965.1;protein_83,GCF_000005845.2;protein_3613,GCF_053078305.1;protein_34,GCF_048571455.1;protein_81,,,,,,,,
GCF_004358365.1;protein_2888,GCF_048568965.1;protein_82,GCF_000005845.2;protein_3614,GCF_053078305.1;protein_33,GCF_048571455.1;protein_80,,,,,,,,
GCF_004358365.1;protein_2889,,,,GCF_048571455.1;protein_79,,,,,,,,
GCF_004358365.1;protein_289,GCF_048568965.1;protein_3155,GCF_000005845.2;protein_1291,GCF_053078305.1;protein_3070,GCF_048571455.1;protein_2743,,,,,,,,
GCF_004358365.1;protein_2890,GCF_048568965.1;protein_80,GCF_000005845.2;protein_3616,GCF_053078305.1;protein_29,GCF_048571455.1;protein_78,,,,,,,,
GCF_004358365.1;protein_2891,GCF_048568965.1;protein_79,GCF_000005845.2;protein_3617,GCF_053078305.1;protein_28,GCF_048571455.1;protein_77,,,,,,,,
GCF_004358365.1;protein_2892,GCF_048568965.1;protein_78,GCF_000005845.2;protein_3618,GCF_053078305.1;protein_27,GCF_048571455.1;protein_76,,,,,,,,
GCF_004358365.1;protein_2893,GCF_048568965.1;protein_77,GCF_000005845.2;protein_3619,GCF_053078305.1;protein_26,GCF_048571455.1;protein_75,,,,,,,,
GCF_004358365.1;protein_2894,GCF_048568965.1;protein_76,GCF_000005845.2;protein_3620,GCF_053078305.1;protein_25,GCF_048571455.1;protein_74,,,,,,,,
GCF_004358365.1;protein_2895,GCF_048568965.1;protein_75,GCF_000005845.2;protein_3621,GCF_053078305.1;protein_24,GCF_048571455.1;protein_73,,,,,,,,
GCF_004358365.1;protein_2896,GCF_048568965.1;protein_74,GCF_000005845.2;protein_3622,GCF_053078305.1;protein_23,GCF_048571455.1;protein_72,,,,,,,,
GCF_004358365.1;protein_2897,GCF_048568965.1;protein_73,GCF_000005845.2;protein_3623,GCF_053078305.1;protein_22,GCF_048571455.1;protein_71,,,,,,,,
GCF_004358365.1;protein_2898,GCF_048568965.1;protein_72,GCF_000005845.2;protein_3624,GCF_053078305.1;protein_21,GCF_048571455.1;protein_70,,,,,,,,
GCF_004358365.1;protein_2899,GCF_048568965.1;protein_71,GCF_000005845.2;protein_3625,GCF_053078305.1;protein_20,GCF_048571455.1;protein_69,,,,,,,,
GCF_004358365.1;protein_29,GCF_048568965.1;protein_3014,GCF_000005845.2;protein_1505,GCF_053078305.1;protein_2892,GCF_048571455.1;protein_2929,,,,,,,,
GCF_004358365.1;protein_290,GCF_048568965.1;protein_3156,GCF_000005845.2;protein_1290,GCF_053078305.1;protein_3071,GCF_048571455.1;protein_2742,,,,,,,,
GCF_004358365.1;protein_2900,GCF_048568965.1;protein_70,GCF_000005845.2;protein_3626,GCF_053078305.1;protein_19,GCF_048571455.1;protein_68,,,,,,,,
GCF_004358365.1;protein_2901,GCF_048568965.1;protein_69,GCF_000005845.2;protein_3627,GCF_053078305.1;protein_18,GCF_048571455.1;protein_67,,,,,,,,
GCF_004358365.1;protein_2902,GCF_048568965.1;protein_68,GCF_000005845.2;protein_3628,GCF_053078305.1;protein_17,GCF_048571455.1;protein_66,,,,,,,,
GCF_004358365.1;protein_2903,GCF_048568965.1;protein_67,,,GCF_048571455.1;protein_65,,,,,,,,
GCF_004358365.1;protein_2904,GCF_048568965.1;protein_66,,GCF_053078305.1;protein_15,GCF_048571455.1;protein_64,,,,,,,,
GCF_004358365.1;protein_2905,GCF_048568965.1;protein_65,GCF_000005845.2;protein_3631,GCF_053078305.1;protein_14,GCF_048571455.1;protein_63,,,,,,,,
GCF_004358365.1;protein_2906,GCF_048568965.1;protein_64,GCF_000005845.2;protein_3632,GCF_053078305.1;protein_13,GCF_048571455.1;protein_62,,,,,,,,
GCF_004358365.1;protein_2907,GCF_048568965.1;protein_63,GCF_000005845.2;protein_3633,GCF_053078305.1;protein_12,GCF_048571455.1;protein_61,,,,,,,,
GCF_004358365.1;protein_2908,GCF_048568965.1;protein_62,GCF_000005845.2;protein_3634,GCF_053078305.1;protein_11,GCF_048571455.1;protein_60,,,,,,,,
GCF_004358365.1;protein_2909,GCF_048568965.1;protein_61,GCF_000005845.2;protein_3635,GCF_053078305.1;protein_10,GCF_048571455.1;protein_59,,,,,,,,
GCF_004358365.1;protein_291,GCF_048568965.1;protein_3157,GCF_000005845.2;protein_1289,GCF_053078305.1;protein_3072,GCF_048571455.1;protein_2741,,,,,,,,
GCF_004358365.1;protein_2910,GCF_048568965.1;protein_60,GCF_000005845.2;protein_3636,GCF_053078305.1;protein_9,GCF_048571455.1;protein_58,,,,,,,,
GCF_004358365.1;protein_2911,GCF_048568965.1;protein_59,GCF_000005845.2;protein_3637,GCF_053078305.1;protein_8,GCF_048571455.1;protein_57,,,,,,,,
GCF_004358365.1;protein_2912,GCF_048568965.1;protein_58,GCF_000005845.2;protein_3638,,GCF_048571455.1;protein_56,,,,,,,,
GCF_004358365.1;protein_2913,GCF_048568965.1;protein_57,GCF_000005845.2;protein_3639,,GCF_048571455.1;protein_55,,,,,,,,
GCF_004358365.1;protein_2914,GCF_048568965.1;protein_56,GCF_000005845.2;protein_3640,,GCF_048571455.1;protein_54,,,,,,,,
GCF_004358365.1;protein_2915,GCF_048568965.1;protein_55,GCF_000005845.2;protein_3641,,GCF_048571455.1;protein_53,,,,,,,,
GCF_004358365.1;protein_2916,GCF_048568965.1;protein_54,GCF_000005845.2;protein_3642,,GCF_048571455.1;protein_52,,,,,,,,
GCF_004358365.1;protein_2917,GCF_048568965.1;protein_53,GCF_000005845.2;protein_3643,GCF_053078305.1;protein_6,GCF_048571455.1;protein_51,,,,,,,,
GCF_004358365.1;protein_2918,GCF_048568965.1;protein_52,GCF_000005845.2;protein_3644,GCF_053078305.1;protein_5,GCF_048571455.1;protein_50,,,,,,,,
GCF_004358365.1;protein_2919,GCF_048568965.1;protein_51,GCF_000005845.2;protein_3645,GCF_053078305.1;protein_4,GCF_048571455.1;protein_49,,,,,,,,
GCF_004358365.1;protein_292,GCF_048568965.1;protein_3158,GCF_000005845.2;protein_1288,GCF_053078305.1;protein_3073,GCF_048571455.1;protein_2740,,,,,,,,
GCF_004358365.1;protein_2920,GCF_048568965.1;protein_50,GCF_000005845.2;protein_3646,GCF_053078305.1;protein_3,GCF_048571455.1;protein_48,,,,,,,,
GCF_004358365.1;protein_2921,GCF_048568965.1;protein_49,GCF_000005845.2;protein_3647,GCF_053078305.1;protein_2,GCF_048571455.1;protein_47,,,,,,,,
GCF_004358365.1;protein_2922,GCF_048568965.1;protein_48,GCF_000005845.2;protein_3648,GCF_053078305.1;protein_1,GCF_048571455.1;protein_46,,,,,,,,
GCF_004358365.1;protein_2923,GCF_048568965.1;protein_47,GCF_000005845.2;protein_3649,GCF_053078305.1;protein_0,GCF_048571455.1;protein_45,,,,,,,,
GCF_004358365.1;protein_2924,GCF_048568965.1;protein_46,GCF_000005845.2;protein_3650,GCF_053078305.1;protein_5734,GCF_048571455.1;protein_44,,,,,,,,
GCF_004358365.1;protein_2925,GCF_048568965.1;protein_45,GCF_000005845.2;protein_3651,GCF_053078305.1;protein_5733,GCF_048571455.1;protein_43,,,,,,,,
GCF_004358365.1;protein_2926,GCF_048568965.1;protein_44,GCF_000005845.2;protein_3652,GCF_053078305.1;protein_5732,GCF_048571455.1;protein_42,,,,,,,,
GCF_004358365.1;protein_2927,GCF_048568965.1;protein_43,GCF_000005845.2;protein_3653,GCF_053078305.1;protein_5731,GCF_048571455.1;protein_41,,,,,,,,
GCF_004358365.1;protein_2928,GCF_048568965.1;protein_42,GCF_000005845.2;protein_3654,GCF_053078305.1;protein_5730,GCF_048571455.1;protein_40,,,,,,,,
GCF_004358365.1;protein_2929,GCF_048568965.1;protein_41,GCF_000005845.2;protein_3655,GCF_053078305.1;protein_5729,GCF_048571455.1;protein_39,,,,,,,,
GCF_004358365.1;protein_293,GCF_048568965.1;protein_3159,GCF_000005845.2;protein_1287,GCF_053078305.1;protein_3074,GCF_048571455.1;protein_2739,,,,,,,,
GCF_004358365.1;protein_2930,GCF_048568965.1;protein_40,GCF_000005845.2;protein_3656,GCF_053078305.1;protein_5727,GCF_048571455.1;protein_38,,,,,,,,
GCF_004358365.1;protein_2931,GCF_048568965.1;protein_39,GCF_000005845.2;protein_3657,GCF_053078305.1;protein_5726,GCF_048571455.1;protein_37,,,,,,,,
GCF_004358365.1;protein_2932,GCF_048568965.1;protein_38,GCF_000005845.2;protein_3658,GCF_053078305.1;protein_5725,GCF_048571455.1;protein_36,,,,,,,,
GCF_004358365.1;protein_2933,GCF_048568965.1;protein_37,GCF_000005845.2;protein_3659,GCF_053078305.1;protein_5724,GCF_048571455.1;protein_35,,,,,,,,
GCF_004358365.1;protein_2934,GCF_048568965.1;protein_36,GCF_000005845.2;protein_3660,GCF_053078305.1;protein_5723,GCF_048571455.1;protein_34,,,,,,,,
GCF_004358365.1;protein_2935,GCF_048568965.1;protein_35,GCF_000005845.2;protein_3661,GCF_053078305.1;protein_5722,GCF_048571455.1;protein_33,,,,,,,,
GCF_004358365.1;protein_2936,GCF_048568965.1;protein_34,GCF_000005845.2;protein_3662,GCF_053078305.1;protein_5721,GCF_048571455.1;protein_32,,,,,,,,
GCF_004358365.1;protein_2937,GCF_048568965.1;protein_33,GCF_000005845.2;protein_3663,GCF_053078305.1;protein_5720,GCF_048571455.1;protein_31,,,,,,,,
GCF_004358365.1;protein_2938,GCF_048568965.1;protein_32,GCF_000005845.2;protein_3664,GCF_053078305.1;protein_5719,GCF_048571455.1;protein_30,,,,,,,,
GCF_004358365.1;protein_2939,GCF_048568965.1;protein_31,GCF_000005845.2;protein_3665,,GCF_048571455.1;protein_29,,,,,,,,
GCF_004358365.1;protein_294,GCF_048568965.1;protein_3160,GCF_000005845.2;protein_1286,GCF_053078305.1;protein_3075,GCF_048571455.1;protein_2738,,,,,,,,
GCF_004358365.1;protein_2940,,GCF_000005845.2;protein_3666,,GCF_048571455.1;protein_28,,,,,,,,
GCF_004358365.1;protein_2941,GCF_048568965.1;protein_27,GCF_000005845.2;protein_3667,,GCF_048571455.1;protein_27,,,,,,,,
GCF_004358365.1;protein_2942,GCF_048568965.1;protein_26,GCF_000005845.2;protein_3668,,GCF_048571455.1;protein_26,,,,,,,,
GCF_004358365.1;protein_2943,GCF_048568965.1;protein_25,GCF_000005845.2;protein_3669,,GCF_048571455.1;protein_25,,,,,,,,
GCF_004358365.1;protein_2944,GCF_048568965.1;protein_24,GCF_000005845.2;protein_3670,,GCF_048571455.1;protein_24,,,,,,,,
GCF_004358365.1;protein_2945,GCF_048568965.1;protein_23,GCF_000005845.2;protein_3671,,GCF_048571455.1;protein_23,,,,,,,,
GCF_004358365.1;protein_2946,GCF_048568965.1;protein_22,GCF_000005845.2;protein_3672,,GCF_048571455.1;protein_22,,,,,,,,
GCF_004358365.1;protein_2947,GCF_048568965.1;protein_21,GCF_000005845.2;protein_3673,GCF_053078305.1;protein_5715,GCF_048571455.1;protein_21,,,,,,,,
GCF_004358365.1;protein_2948,GCF_048568965.1;protein_20,GCF_000005845.2;protein_3674,GCF_053078305.1;protein_5714,GCF_048571455.1;protein_20,,,,,,,,
GCF_004358365.1;protein_2949,GCF_048568965.1;protein_19,GCF_000005845.2;protein_3675,GCF_053078305.1;protein_5713,GCF_048571455.1;protein_19,,,,,,,,
GCF_004358365.1;protein_295,GCF_048568965.1;protein_3161,GCF_000005845.2;protein_1285,GCF_053078305.1;protein_3076,GCF_048571455.1;protein_2737,,,,,,,,
GCF_004358365.1;protein_2950,GCF_048568965.1;protein_18,GCF_000005845.2;protein_3676,GCF_053078305.1;protein_5712,GCF_048571455.1;protein_18,,,,,,,,
GCF_004358365.1;protein_2951,GCF_048568965.1;protein_17,GCF_000005845.2;protein_3677,GCF_053078305.1;protein_5711,GCF_048571455.1;protein_17,,,,,,,,
GCF_004358365.1;protein_2952,GCF_048568965.1;protein_16,,,GCF_048571455.1;protein_16,,,,,,,,
GCF_004358365.1;protein_2953,GCF_048568965.1;protein_15,,,GCF_048571455.1;protein_15,,,,,,,,
GCF_004358365.1;protein_2954,GCF_048568965.1;protein_14,,,GCF_048571455.1;protein_14,,,,,,,,
GCF_004358365.1;protein_2955,GCF_048568965.1;protein_13,,,GCF_048571455.1;protein_13,,,,,,,,
GCF_004358365.1;protein_2956,GCF_048568965.1;protein_12,GCF_000005845.2;protein_3678,GCF_053078305.1;protein_5705,GCF_048571455.1;protein_12,,,,,,,,
GCF_004358365.1;protein_2957,GCF_048568965.1;protein_11,GCF_000005845.2;protein_3679,GCF_053078305.1;protein_5704,GCF_048571455.1;protein_11,,,,,,,,
GCF_004358365.1;protein_2958,GCF_048568965.1;protein_10,GCF_000005845.2;protein_3680,GCF_053078305.1;protein_5703,GCF_048571455.1;protein_10,,,,,,,,
GCF_004358365.1;protein_2959,GCF_048568965.1;protein_9,GCF_000005845.2;protein_3681,GCF_053078305.1;protein_5702,GCF_048571455.1;protein_9,,,,,,,,
GCF_004358365.1;protein_296,GCF_048568965.1;protein_3162,GCF_000005845.2;protein_1284,GCF_053078305.1;protein_3077,GCF_048571455.1;protein_2736,,,,,,,,
GCF_004358365.1;protein_2960,GCF_048568965.1;protein_8,GCF_000005845.2;protein_3682,GCF_053078305.1;protein_5701,GCF_048571455.1;protein_8,,,,,,,,
GCF_004358365.1;protein_2961,GCF_048568965.1;protein_7,GCF_000005845.2;protein_3683,GCF_053078305.1;protein_5700,GCF_048571455.1;protein_7,,,,,,,,
GCF_004358365.1;protein_2962,GCF_048568965.1;protein_6,GCF_000005845.2;protein_3684,GCF_053078305.1;protein_5699,GCF_048571455.1;protein_6,,,,,,,,
GCF_004358365.1;protein_2963,GCF_048568965.1;protein_5,GCF_000005845.2;protein_3685,GCF_053078305.1;protein_5698,GCF_048571455.1;protein_5,,,,,,,,
GCF_004358365.1;protein_2964,GCF_048568965.1;protein_4,GCF_000005845.2;protein_3686,GCF_053078305.1;protein_5697,GCF_048571455.1;protein_4,,,,,,,,
GCF_004358365.1;protein_2965,GCF_048568965.1;protein_3,GCF_000005845.2;protein_3687,GCF_053078305.1;protein_5696,GCF_048571455.1;protein_3,,,,,,,,
GCF_004358365.1;protein_2966,GCF_048568965.1;protein_2,GCF_000005845.2;protein_3688,GCF_053078305.1;protein_5695,GCF_048571455.1;protein_2,,,,,,,,
GCF_004358365.1;protein_2967,GCF_048568965.1;protein_1,GCF_000005845.2;protein_3689,GCF_053078305.1;protein_5694,GCF_048571455.1;protein_1,,,,,,,,
GCF_004358365.1;protein_2968,GCF_048568965.1;protein_0,GCF_000005845.2;protein_3690,GCF_053078305.1;protein_5693,GCF_048571455.1;protein_0,,,,,,,,
GCF_004358365.1;protein_2969,GCF_048568965.1;protein_5899,GCF_000005845.2;protein_3691,GCF_053078305.1;protein_5692,GCF_048571455.1;protein_5663,,,,,,,,
GCF_004358365.1;protein_297,GCF_048568965.1;protein_3163,GCF_000005845.2;protein_1283,GCF_053078305.1;protein_3078,GCF_048571455.1;protein_2735,,,,,,,,
GCF_004358365.1;protein_2970,GCF_048568965.1;protein_5898,GCF_000005845.2;protein_3692,GCF_053078305.1;protein_5691,GCF_048571455.1;protein_5662,,,,,,,,
GCF_004358365.1;protein_2971,GCF_048568965.1;protein_5897,GCF_000005845.2;protein_3693,GCF_053078305.1;protein_5690,GCF_048571455.1;protein_5661,,,,,,,,
GCF_004358365.1;protein_2972,GCF_048568965.1;protein_5896,GCF_000005845.2;protein_3694,GCF_053078305.1;protein_5689,GCF_048571455.1;protein_5660,,,,,,,,
GCF_004358365.1;protein_2973,GCF_048568965.1;protein_5895,GCF_000005845.2;protein_3695,GCF_053078305.1;protein_5688,GCF_048571455.1;protein_5659,,,,,,,,
GCF_004358365.1;protein_2974,GCF_048568965.1;protein_5894,GCF_000005845.2;protein_3696,GCF_053078305.1;protein_5687,GCF_048571455.1;protein_5658,,,,,,,,
GCF_004358365.1;protein_2975,GCF_048568965.1;protein_5893,GCF_000005845.2;protein_3697,GCF_053078305.1;protein_5686,GCF_048571455.1;protein_5657,,,,,,,,
GCF_004358365.1;protein_2976,GCF_048568965.1;protein_5892,GCF_000005845.2;protein_3698,GCF_053078305.1;protein_5685,GCF_048571455.1;protein_5656,,,,,,,,
GCF_004358365.1;protein_2977,GCF_048568965.1;protein_5891,GCF_000005845.2;protein_3699,GCF_053078305.1;protein_5684,GCF_048571455.1;protein_5655,,,,,,,,
GCF_004358365.1;protein_2978,GCF_048568965.1;protein_5890,GCF_000005845.2;protein_3700,GCF_053078305.1;protein_5683,GCF_048571455.1;protein_5654,,,,,,,,
GCF_004358365.1;protein_2979,GCF_048568965.1;protein_5889,GCF_000005845.2;protein_3701,GCF_053078305.1;protein_5682,GCF_048571455.1;protein_5653,,,,,,,,
GCF_004358365.1;protein_298,GCF_048568965.1;protein_3164,GCF_000005845.2;protein_1282,GCF_053078305.1;protein_3079,GCF_048571455.1;protein_2734,,,,,,,,
GCF_004358365.1;protein_2980,GCF_048568965.1;protein_5888,GCF_000005845.2;protein_3702,GCF_053078305.1;protein_5681,GCF_048571455.1;protein_5652,,,,,,,,
GCF_004358365.1;protein_2981,GCF_048568965.1;protein_5887,GCF_000005845.2;protein_3703,GCF_053078305.1;protein_5680,GCF_048571455.1;protein_5651,,,,,,,,
GCF_004358365.1;protein_2982,GCF_048568965.1;protein_5886,GCF_000005845.2;protein_3704,GCF_053078305.1;protein_5679,GCF_048571455.1;protein_5650,,,,,,,,
GCF_004358365.1;protein_2983,GCF_048568965.1;protein_5885,GCF_000005845.2;protein_3705,GCF_053078305.1;protein_5678,GCF_048571455.1;protein_5649,,,,,,,,
GCF_004358365.1;protein_2984,GCF_048568965.1;protein_5884,GCF_000005845.2;protein_3706,GCF_053078305.1;protein_5677,GCF_048571455.1;protein_5648,,,,,,,,
GCF_004358365.1;protein_2985,GCF_048568965.1;protein_5883,GCF_000005845.2;protein_3707,GCF_053078305.1;protein_5676,GCF_048571455.1;protein_5647,,,,,,,,
GCF_004358365.1;protein_2986,GCF_048568965.1;protein_5882,GCF_000005845.2;protein_3708,GCF_053078305.1;protein_5675,GCF_048571455.1;protein_5646,,,,,,,,
GCF_004358365.1;protein_2987,GCF_048568965.1;protein_5881,GCF_000005845.2;protein_3709,GCF_053078305.1;protein_5674,GCF_048571455.1;protein_5645,,,,,,,,
GCF_004358365.1;protein_2988,GCF_048568965.1;protein_5880,,GCF_053078305.1;protein_5673,GCF_048571455.1;protein_5644,,,,,,,,
GCF_004358365.1;protein_2989,GCF_048568965.1;protein_5879,GCF_000005845.2;protein_3710,GCF_053078305.1;protein_5672,GCF_048571455.1;protein_5643,,,,,,,,
GCF_004358365.1;protein_299,GCF_048568965.1;protein_3165,GCF_000005845.2;protein_1281,GCF_053078305.1;protein_3080,GCF_048571455.1;protein_2733,,,,,,,,
GCF_004358365.1;protein_2990,GCF_048568965.1;protein_5878,GCF_000005845.2;protein_3711,GCF_053078305.1;protein_5671,GCF_048571455.1;protein_5642,,,,,,,,
GCF_004358365.1;protein_2991,GCF_048568965.1;protein_5877,GCF_000005845.2;protein_3712,GCF_053078305.1;protein_5670,GCF_048571455.1;protein_5641,,,,,,,,
GCF_004358365.1;protein_2992,GCF_048568965.1;protein_5876,GCF_000005845.2;protein_3713,GCF_053078305.1;protein_5669,GCF_048571455.1;protein_5640,,,,,,,,
GCF_004358365.1;protein_2993,GCF_048568965.1;protein_5875,GCF_000005845.2;protein_3714,GCF_053078305.1;protein_5668,GCF_048571455.1;protein_5639,,,,,,,,
GCF_004358365.1;protein_2994,GCF_048568965.1;protein_5874,GCF_000005845.2;protein_3715,GCF_053078305.1;protein_5667,GCF_048571455.1;protein_5638,,,,,,,,
GCF_004358365.1;protein_2995,GCF_048568965.1;protein_5873,GCF_000005845.2;protein_3716,GCF_053078305.1;protein_5666,GCF_048571455.1;protein_5637,,,,,,,,
GCF_004358365.1;protein_2996,GCF_048568965.1;protein_5872,,GCF_053078305.1;protein_5665,GCF_048571455.1;protein_5636,,,,,,,,
GCF_004358365.1;protein_2997,GCF_048568965.1;protein_5871,GCF_000005845.2;protein_3717,GCF_053078305.1;protein_5664,GCF_048571455.1;protein_5635,,,,,,,,
GCF_004358365.1;protein_2998,GCF_048568965.1;protein_5870,GCF_000005845.2;protein_3718,GCF_053078305.1;protein_5663,GCF_048571455.1;protein_5634,,,,,,,,
GCF_004358365.1;protein_2999,GCF_048568965.1;protein_5869,GCF_000005845.2;protein_3719,GCF_053078305.1;protein_5662,GCF_048571455.1;protein_5633,,,,,,,,
GCF_004358365.1;protein_3,GCF_048568965.1;protein_3040,GCF_000005845.2;protein_1523,GCF_053078305.1;protein_2872,GCF_048571455.1;protein_2955,,,,,,,,
GCF_004358365.1;protein_30,GCF_048568965.1;protein_3013,GCF_000005845.2;protein_1504,GCF_053078305.1;protein_2893,GCF_048571455.1;protein_2928,,,,,,,,
GCF_004358365.1;protein_300,GCF_048568965.1;protein_3166,GCF_000005845.2;protein_1280,GCF_053078305.1;protein_3081,GCF_048571455.1;protein_2732,,,,,,,,
GCF_004358365.1;protein_3000,GCF_048568965.1;protein_5868,GCF_000005845.2;protein_3720,GCF_053078305.1;protein_5661,GCF_048571455.1;protein_5632,,,,,,,,
GCF_004358365.1;protein_3001,GCF_048568965.1;protein_5867,GCF_000005845.2;protein_3721,GCF_053078305.1;protein_5660,GCF_048571455.1;protein_5631,,,,,,,,
GCF_004358365.1;protein_3002,GCF_048568965.1;protein_5866,GCF_000005845.2;protein_3722,GCF_053078305.1;protein_5659,GCF_048571455.1;protein_5630,,,,,,,,
GCF_004358365.1;protein_3003,GCF_048568965.1;protein_5865,GCF_000005845.2;protein_3723,GCF_053078305.1;protein_5658,GCF_048571455.1;protein_5629,,,,,,,,
GCF_004358365.1;protein_3004,GCF_048568965.1;protein_5864,GCF_000005845.2;protein_3724,GCF_053078305.1;protein_5657,GCF_048571455.1;protein_5628,,,,,,,,
GCF_004358365.1;protein_3005,GCF_048568965.1;protein_5863,GCF_000005845.2;protein_3725,GCF_053078305.1;protein_5656,GCF_048571455.1;protein_5627,,,,,,,,
GCF_004358365.1;protein_3006,GCF_048568965.1;protein_5862,GCF_000005845.2;protein_3726,GCF_053078305.1;protein_5655,GCF_048571455.1;protein_5626,,,,,,,,
GCF_004358365.1;protein_3007,GCF_048568965.1;protein_5861,GCF_000005845.2;protein_3727,GCF_053078305.1;protein_5654,GCF_048571455.1;protein_5625,,,,,,,,
GCF_004358365.1;protein_3008,GCF_048568965.1;protein_5860,GCF_000005845.2;protein_3728,GCF_053078305.1;protein_5653,GCF_048571455.1;protein_5624,,,,,,,,
GCF_004358365.1;protein_3009,GCF_048568965.1;protein_5859,GCF_000005845.2;protein_3729,GCF_053078305.1;protein_5652,GCF_048571455.1;protein_5623,,,,,,,,
GCF_004358365.1;protein_301,GCF_048568965.1;protein_3167,GCF_000005845.2;protein_1279,GCF_053078305.1;protein_3082,GCF_048571455.1;protein_2731,,,,,,,,
GCF_004358365.1;protein_3010,GCF_048568965.1;protein_5858,GCF_000005845.2;protein_3730,GCF_053078305.1;protein_5651,GCF_048571455.1;protein_5622,,,,,,,,
GCF_004358365.1;protein_3011,GCF_048568965.1;protein_5857,GCF_000005845.2;protein_3731,GCF_053078305.1;protein_5650,GCF_048571455.1;protein_5621,,,,,,,,
GCF_004358365.1;protein_3012,GCF_048568965.1;protein_5856,GCF_000005845.2;protein_3732,GCF_053078305.1;protein_5649,GCF_048571455.1;protein_5620,,,,,,,,
GCF_004358365.1;protein_3013,GCF_048568965.1;protein_5855,GCF_000005845.2;protein_3733,GCF_053078305.1;protein_5648,GCF_048571455.1;protein_5619,,,,,,,,
GCF_004358365.1;protein_3014,GCF_048568965.1;protein_5854,GCF_000005845.2;protein_3734,GCF_053078305.1;protein_5647,GCF_048571455.1;protein_5618,,,,,,,,
GCF_004358365.1;protein_3015,GCF_048568965.1;protein_5853,GCF_000005845.2;protein_3735,GCF_053078305.1;protein_5646,GCF_048571455.1;protein_5617,,,,,,,,
GCF_004358365.1;protein_3016,GCF_048568965.1;protein_5852,GCF_000005845.2;protein_3736,GCF_053078305.1;protein_5645,GCF_048571455.1;protein_5616,,,,,,,,
GCF_004358365.1;protein_3017,GCF_048568965.1;protein_5851,,,GCF_048571455.1;protein_5615,,,,,,,,
GCF_004358365.1;protein_3018,GCF_048568965.1;protein_5850,GCF_000005845.2;protein_3738,GCF_053078305.1;protein_5643,GCF_048571455.1;protein_5614,,,,,,,,
GCF_004358365.1;protein_3019,GCF_048568965.1;protein_5849,GCF_000005845.2;protein_3739,GCF_053078305.1;protein_5642,GCF_048571455.1;protein_5613,,,,,,,,
GCF_004358365.1;protein_302,GCF_048568965.1;protein_3168,GCF_000005845.2;protein_1278,GCF_053078305.1;protein_3083,GCF_048571455.1;protein_2730,,,,,,,,
GCF_004358365.1;protein_3020,GCF_048568965.1;protein_5848,GCF_000005845.2;protein_3740,GCF_053078305.1;protein_5641,GCF_048571455.1;protein_5612,,,,,,,,
GCF_004358365.1;protein_3021,GCF_048568965.1;protein_5847,GCF_000005845.2;protein_3741,GCF_053078305.1;protein_5640,GCF_048571455.1;protein_5611,,,,,,,,
GCF_004358365.1;protein_3022,GCF_048568965.1;protein_5846,GCF_000005845.2;protein_3742,GCF_053078305.1;protein_5639,GCF_048571455.1;protein_5610,,,,,,,,
GCF_004358365.1;protein_3023,GCF_048568965.1;protein_5845,GCF_000005845.2;protein_3743,GCF_053078305.1;protein_5638,GCF_048571455.1;protein_5609,,,,,,,,
GCF_004358365.1;protein_3024,GCF_048568965.1;protein_5844,,GCF_053078305.1;protein_5637,GCF_048571455.1;protein_5608,,,,,,,,
GCF_004358365.1;protein_3025,GCF_048568965.1;protein_5843,,GCF_053078305.1;protein_5636,GCF_048571455.1;protein_5607,,,,,,,,
GCF_004358365.1;protein_3026,GCF_048568965.1;protein_5842,,GCF_053078305.1;protein_5635,GCF_048571455.1;protein_5606,,,,,,,,
GCF_004358365.1;protein_3027,GCF_048568965.1;protein_5841,GCF_000005845.2;protein_3745,GCF_053078305.1;protein_5634,GCF_048571455.1;protein_5605,,,,,,,,
GCF_004358365.1;protein_3028,GCF_048568965.1;protein_5840,GCF_000005845.2;protein_3746,GCF_053078305.1;protein_5633,GCF_048571455.1;protein_5604,,,,,,,,
GCF_004358365.1;protein_3029,GCF_048568965.1;protein_5839,GCF_000005845.2;protein_3747,GCF_053078305.1;protein_5632,GCF_048571455.1;protein_5603,,,,,,,,
GCF_004358365.1;protein_303,GCF_048568965.1;protein_3169,GCF_000005845.2;protein_1277,GCF_053078305.1;protein_3084,GCF_048571455.1;protein_2729,,,,,,,,
GCF_004358365.1;protein_3030,GCF_048568965.1;protein_5838,GCF_000005845.2;protein_3748,GCF_053078305.1;protein_5631,GCF_048571455.1;protein_5602,,,,,,,,
GCF_004358365.1;protein_3031,GCF_048568965.1;protein_5837,GCF_000005845.2;protein_3749,GCF_053078305.1;protein_5630,GCF_048571455.1;protein_5601,,,,,,,,
GCF_004358365.1;protein_3032,GCF_048568965.1;protein_5836,GCF_000005845.2;protein_3750,GCF_053078305.1;protein_5629,GCF_048571455.1;protein_5600,,,,,,,,
GCF_004358365.1;protein_3033,GCF_048568965.1;protein_5835,GCF_000005845.2;protein_3751,GCF_053078305.1;protein_5627,GCF_048571455.1;protein_5599,,,,,,,,
GCF_004358365.1;protein_3034,GCF_048568965.1;protein_5834,GCF_000005845.2;protein_3752,GCF_053078305.1;protein_5626,GCF_048571455.1;protein_5598,,,,,,,,
GCF_004358365.1;protein_3035,GCF_048568965.1;protein_5833,GCF_000005845.2;protein_3753,GCF_053078305.1;protein_5625,GCF_048571455.1;protein_5597,,,,,,,,
GCF_004358365.1;protein_3036,GCF_048568965.1;protein_5832,,GCF_053078305.1;protein_5624,GCF_048571455.1;protein_5596,,,,,,,,
GCF_004358365.1;protein_3037,GCF_048568965.1;protein_5831,,GCF_053078305.1;protein_5623,GCF_048571455.1;protein_5595,,,,,,,,
GCF_004358365.1;protein_3038,GCF_048568965.1;protein_5830,,GCF_053078305.1;protein_5622,GCF_048571455.1;protein_5594,,,,,,,,
GCF_004358365.1;protein_3039,GCF_048568965.1;protein_5829,,,GCF_048571455.1;protein_5593,,,,,,,,
GCF_004358365.1;protein_304,GCF_048568965.1;protein_3170,GCF_000005845.2;protein_1276,GCF_053078305.1;protein_3085,GCF_048571455.1;protein_2728,,,,,,,,
GCF_004358365.1;protein_3040,GCF_048568965.1;protein_5828,GCF_000005845.2;protein_3756,GCF_053078305.1;protein_5619,GCF_048571455.1;protein_5592,,,,,,,,
GCF_004358365.1;protein_3041,GCF_048568965.1;protein_5827,GCF_000005845.2;protein_3757,GCF_053078305.1;protein_5618,GCF_048571455.1;protein_5591,,,,,,,,
GCF_004358365.1;protein_3042,GCF_048568965.1;protein_5826,GCF_000005845.2;protein_3758,GCF_053078305.1;protein_5617,GCF_048571455.1;protein_5590,,,,,,,,
GCF_004358365.1;protein_3043,GCF_048568965.1;protein_5825,GCF_000005845.2;protein_3759,GCF_053078305.1;protein_5616,GCF_048571455.1;protein_5589,,,,,,,,
GCF_004358365.1;protein_3044,GCF_048568965.1;protein_5824,GCF_000005845.2;protein_3760,GCF_053078305.1;protein_5615,GCF_048571455.1;protein_5588,,,,,,,,
GCF_004358365.1;protein_3045,GCF_048568965.1;protein_5823,GCF_000005845.2;protein_3761,GCF_053078305.1;protein_5614,GCF_048571455.1;protein_5587,,,,,,,,
GCF_004358365.1;protein_3046,GCF_048568965.1;protein_5822,GCF_000005845.2;protein_3762,GCF_053078305.1;protein_5613,GCF_048571455.1;protein_5586,,,,,,,,
GCF_004358365.1;protein_3047,GCF_048568965.1;protein_5821,GCF_000005845.2;protein_3763,GCF_053078305.1;protein_5612,GCF_048571455.1;protein_5585,,,,,,,,
GCF_004358365.1;protein_3048,GCF_048568965.1;protein_5820,GCF_000005845.2;protein_3764,GCF_053078305.1;protein_5611,GCF_048571455.1;protein_5584,,,,,,,,
GCF_004358365.1;protein_3049,GCF_048568965.1;protein_5819,GCF_000005845.2;protein_3765,GCF_053078305.1;protein_5610,GCF_048571455.1;protein_5583,,,,,,,,
GCF_004358365.1;protein_305,GCF_048568965.1;protein_3171,GCF_000005845.2;protein_1275,GCF_053078305.1;protein_3086,GCF_048571455.1;protein_2727,,,,,,,,
GCF_004358365.1;protein_3050,GCF_048568965.1;protein_5818,GCF_000005845.2;protein_3766,GCF_053078305.1;protein_5609,GCF_048571455.1;protein_5582,,,,,,,,
GCF_004358365.1;protein_3051,GCF_048568965.1;protein_5817,GCF_000005845.2;protein_3767,GCF_053078305.1;protein_5608,GCF_048571455.1;protein_5581,,,,,,,,
GCF_004358365.1;protein_3052,GCF_048568965.1;protein_5816,GCF_000005845.2;protein_3768,GCF_053078305.1;protein_5607,GCF_048571455.1;protein_5580,,,,,,,,
GCF_004358365.1;protein_3053,GCF_048568965.1;protein_5815,GCF_000005845.2;protein_3769,GCF_053078305.1;protein_5606,GCF_048571455.1;protein_5579,,,,,,,,
GCF_004358365.1;protein_3054,GCF_048568965.1;protein_5814,GCF_000005845.2;protein_3770,GCF_053078305.1;protein_5605,GCF_048571455.1;protein_5578,,,,,,,,
GCF_004358365.1;protein_3055,GCF_048568965.1;protein_5813,GCF_000005845.2;protein_3771,GCF_053078305.1;protein_5604,GCF_048571455.1;protein_5577,,,,,,,,
GCF_004358365.1;protein_3056,GCF_048568965.1;protein_5812,GCF_000005845.2;protein_3772,GCF_053078305.1;protein_5603,GCF_048571455.1;protein_5576,,,,,,,,
GCF_004358365.1;protein_3057,GCF_048568965.1;protein_5811,GCF_000005845.2;protein_3773,GCF_053078305.1;protein_5602,GCF_048571455.1;protein_5575,,,,,,,,
GCF_004358365.1;protein_3058,GCF_048568965.1;protein_5810,GCF_000005845.2;protein_3774,GCF_053078305.1;protein_5601,GCF_048571455.1;protein_5574,,,,,,,,
GCF_004358365.1;protein_3059,GCF_048568965.1;protein_5809,GCF_000005845.2;protein_3775,GCF_053078305.1;protein_5600,GCF_048571455.1;protein_5573,,,,,,,,
GCF_004358365.1;protein_306,GCF_048568965.1;protein_3172,GCF_000005845.2;protein_1274,GCF_053078305.1;protein_3087,GCF_048571455.1;protein_2726,,,,,,,,
GCF_004358365.1;protein_3060,GCF_048568965.1;protein_5808,GCF_000005845.2;protein_3776,GCF_053078305.1;protein_5599,GCF_048571455.1;protein_5572,,,,,,,,
GCF_004358365.1;protein_3061,GCF_048568965.1;protein_5807,GCF_000005845.2;protein_3777,GCF_053078305.1;protein_5598,GCF_048571455.1;protein_5571,,,,,,,,
GCF_004358365.1;protein_3062,GCF_048568965.1;protein_5806,GCF_000005845.2;protein_3778,GCF_053078305.1;protein_5597,GCF_048571455.1;protein_5570,,,,,,,,
GCF_004358365.1;protein_3063,GCF_048568965.1;protein_5805,GCF_000005845.2;protein_3779,GCF_053078305.1;protein_5596,GCF_048571455.1;protein_5569,,,,,,,,
GCF_004358365.1;protein_3064,GCF_048568965.1;protein_5804,GCF_000005845.2;protein_3780,GCF_053078305.1;protein_5595,GCF_048571455.1;protein_5568,,,,,,,,
GCF_004358365.1;protein_3065,GCF_048568965.1;protein_5803,GCF_000005845.2;protein_3781,GCF_053078305.1;protein_5594,GCF_048571455.1;protein_5567,,,,,,,,
GCF_004358365.1;protein_3066,GCF_048568965.1;protein_5802,GCF_000005845.2;protein_3782,GCF_053078305.1;protein_5593,GCF_048571455.1;protein_5566,,,,,,,,
GCF_004358365.1;protein_3067,GCF_048568965.1;protein_5801,GCF_000005845.2;protein_3783,GCF_053078305.1;protein_5592,GCF_048571455.1;protein_5565,,,,,,,,
GCF_004358365.1;protein_3068,GCF_048568965.1;protein_5800,GCF_000005845.2;protein_3784,GCF_053078305.1;protein_5591,GCF_048571455.1;protein_5564,,,,,,,,
GCF_004358365.1;protein_3069,GCF_048568965.1;protein_5799,GCF_000005845.2;protein_3785,GCF_053078305.1;protein_5590,GCF_048571455.1;protein_5563,,,,,,,,
GCF_004358365.1;protein_307,GCF_048568965.1;protein_3173,GCF_000005845.2;protein_1273,,GCF_048571455.1;protein_2725,,,,,,,,
GCF_004358365.1;protein_3070,GCF_048568965.1;protein_5798,GCF_000005845.2;protein_3786,GCF_053078305.1;protein_5589,GCF_048571455.1;protein_5562,,,,,,,,
GCF_004358365.1;protein_3071,GCF_048568965.1;protein_5797,GCF_000005845.2;protein_3787,GCF_053078305.1;protein_5588,GCF_048571455.1;protein_5561,,,,,,,,
GCF_004358365.1;protein_3072,GCF_048568965.1;protein_5796,GCF_000005845.2;protein_3788,GCF_053078305.1;protein_5587,GCF_048571455.1;protein_5560,,,,,,,,
GCF_004358365.1;protein_3073,GCF_048568965.1;protein_5795,GCF_000005845.2;protein_3789,GCF_053078305.1;protein_5586,GCF_048571455.1;protein_5559,,,,,,,,
GCF_004358365.1;protein_3074,GCF_048568965.1;protein_5794,GCF_000005845.2;protein_3790,GCF_053078305.1;protein_5585,GCF_048571455.1;protein_5558,,,,,,,,
GCF_004358365.1;protein_3075,GCF_048568965.1;protein_5793,GCF_000005845.2;protein_3791,GCF_053078305.1;protein_5584,GCF_048571455.1;protein_5557,,,,,,,,
GCF_004358365.1;protein_3076,,,,GCF_048571455.1;protein_5556,,,,,,,,
GCF_004358365.1;protein_3078,,,,GCF_048571455.1;protein_5554,,,,,,,,
GCF_004358365.1;protein_3079,GCF_048568965.1;protein_5791,GCF_000005845.2;protein_3793,GCF_053078305.1;protein_5582,GCF_048571455.1;protein_5553,,,,,,,,
GCF_004358365.1;protein_308,GCF_048568965.1;protein_3174,GCF_000005845.2;protein_1272,GCF_053078305.1;protein_3093,GCF_048571455.1;protein_2724,,,,,,,,
GCF_004358365.1;protein_3080,GCF_048568965.1;protein_5790,GCF_000005845.2;protein_3795,GCF_053078305.1;protein_5580,GCF_048571455.1;protein_5552,,,,,,,,
GCF_004358365.1;protein_3081,GCF_048568965.1;protein_5789,,GCF_053078305.1;protein_5579,GCF_048571455.1;protein_5551,,,,,,,,
GCF_004358365.1;protein_3082,GCF_048568965.1;protein_5788,GCF_000005845.2;protein_3796,GCF_053078305.1;protein_5578,GCF_048571455.1;protein_5550,,,,,,,,
GCF_004358365.1;protein_3083,GCF_048568965.1;protein_5787,GCF_000005845.2;protein_3797,GCF_053078305.1;protein_5577,GCF_048571455.1;protein_5549,,,,,,,,
GCF_004358365.1;protein_3084,GCF_048568965.1;protein_5786,GCF_000005845.2;protein_3798,GCF_053078305.1;protein_5576,GCF_048571455.1;protein_5548,,,,,,,,
GCF_004358365.1;protein_3085,GCF_048568965.1;protein_5785,GCF_000005845.2;protein_3799,GCF_053078305.1;protein_5575,GCF_048571455.1;protein_5547,,,,,,,,
GCF_004358365.1;protein_3086,GCF_048568965.1;protein_5784,GCF_000005845.2;protein_3800,GCF_053078305.1;protein_5574,GCF_048571455.1;protein_5546,,,,,,,,
GCF_004358365.1;protein_3087,GCF_048568965.1;protein_5783,GCF_000005845.2;protein_3801,GCF_053078305.1;protein_5573,GCF_048571455.1;protein_5545,,,,,,,,
GCF_004358365.1;protein_3088,GCF_048568965.1;protein_5782,GCF_000005845.2;protein_3802,GCF_053078305.1;protein_5572,GCF_048571455.1;protein_5544,,,,,,,,
GCF_004358365.1;protein_3089,GCF_048568965.1;protein_5781,GCF_000005845.2;protein_3803,GCF_053078305.1;protein_5571,GCF_048571455.1;protein_5543,,,,,,,,
GCF_004358365.1;protein_309,GCF_048568965.1;protein_3175,GCF_000005845.2;protein_1271,GCF_053078305.1;protein_3094,GCF_048571455.1;protein_2723,,,,,,,,
GCF_004358365.1;protein_3090,GCF_048568965.1;protein_5780,GCF_000005845.2;protein_3804,GCF_053078305.1;protein_5570,GCF_048571455.1;protein_5542,,,,,,,,
GCF_004358365.1;protein_3091,GCF_048568965.1;protein_5779,GCF_000005845.2;protein_3805,GCF_053078305.1;protein_5569,GCF_048571455.1;protein_5541,,,,,,,,
GCF_004358365.1;protein_3092,GCF_048568965.1;protein_5778,GCF_000005845.2;protein_3806,,GCF_048571455.1;protein_5540,,,,,,,,
GCF_004358365.1;protein_3093,GCF_048568965.1;protein_5777,GCF_000005845.2;protein_3807,,GCF_048571455.1;protein_5539,,,,,,,,
GCF_004358365.1;protein_3094,GCF_048568965.1;protein_5776,GCF_000005845.2;protein_3808,,GCF_048571455.1;protein_5538,,,,,,,,
GCF_004358365.1;protein_3095,GCF_048568965.1;protein_5775,GCF_000005845.2;protein_3809,,GCF_048571455.1;protein_5537,,,,,,,,
GCF_004358365.1;protein_3096,GCF_048568965.1;protein_5774,GCF_000005845.2;protein_3810,,GCF_048571455.1;protein_5536,,,,,,,,
GCF_004358365.1;protein_3097,GCF_048568965.1;protein_5773,GCF_000005845.2;protein_3811,,GCF_048571455.1;protein_5535,,,,,,,,
GCF_004358365.1;protein_3098,GCF_048568965.1;protein_5772,GCF_000005845.2;protein_3812,,GCF_048571455.1;protein_5534,,,,,,,,
GCF_004358365.1;protein_3099,GCF_048568965.1;protein_5771,GCF_000005845.2;protein_3813,,GCF_048571455.1;protein_5533,,,,,,,,
GCF_004358365.1;protein_31,GCF_048568965.1;protein_3012,,,GCF_048571455.1;protein_2927,,,,,,,,
GCF_004358365.1;protein_310,GCF_048568965.1;protein_3176,GCF_000005845.2;protein_1270,GCF_053078305.1;protein_3095,GCF_048571455.1;protein_2722,,,,,,,,
GCF_004358365.1;protein_3100,GCF_048568965.1;protein_5770,GCF_000005845.2;protein_3814,,GCF_048571455.1;protein_5532,,,,,,,,
GCF_004358365.1;protein_3101,GCF_048568965.1;protein_5769,GCF_000005845.2;protein_3815,,GCF_048571455.1;protein_5531,,,,,,,,
GCF_004358365.1;protein_3102,GCF_048568965.1;protein_5768,GCF_000005845.2;protein_3816,GCF_053078305.1;protein_5560,GCF_048571455.1;protein_5530,,,,,,,,
GCF_004358365.1;protein_3103,GCF_048568965.1;protein_5767,GCF_000005845.2;protein_3817,GCF_053078305.1;protein_5559,GCF_048571455.1;protein_5529,,,,,,,,
GCF_004358365.1;protein_3104,GCF_048568965.1;protein_5766,GCF_000005845.2;protein_3818,GCF_053078305.1;protein_5558,GCF_048571455.1;protein_5528,,,,,,,,
GCF_004358365.1;protein_3105,GCF_048568965.1;protein_5765,GCF_000005845.2;protein_3819,GCF_053078305.1;protein_5557,GCF_048571455.1;protein_5527,,,,,,,,
GCF_004358365.1;protein_3106,GCF_048568965.1;protein_5764,,,GCF_048571455.1;protein_5526,,,,,,,,
GCF_004358365.1;protein_3107,GCF_048568965.1;protein_5763,,,GCF_048571455.1;protein_5525,,,,,,,,
GCF_004358365.1;protein_3108,GCF_048568965.1;protein_5762,,,GCF_048571455.1;protein_5524,,,,,,,,
GCF_004358365.1;protein_3109,GCF_048568965.1;protein_5761,GCF_000005845.2;protein_3820,GCF_053078305.1;protein_5554,GCF_048571455.1;protein_5523,,,,,,,,
GCF_004358365.1;protein_311,GCF_048568965.1;protein_3177,GCF_000005845.2;protein_1269,,GCF_048571455.1;protein_2721,,,,,,,,
GCF_004358365.1;protein_3110,GCF_048568965.1;protein_5760,GCF_000005845.2;protein_3821,GCF_053078305.1;protein_5553,GCF_048571455.1;protein_5522,,,,,,,,
GCF_004358365.1;protein_3111,GCF_048568965.1;protein_5758,GCF_000005845.2;protein_3822,GCF_053078305.1;protein_5552,GCF_048571455.1;protein_5520,,,,,,,,
GCF_004358365.1;protein_3112,GCF_048568965.1;protein_5757,GCF_000005845.2;protein_3823,GCF_053078305.1;protein_5551,GCF_048571455.1;protein_5519,,,,,,,,
GCF_004358365.1;protein_3113,GCF_048568965.1;protein_5756,GCF_000005845.2;protein_3824,GCF_053078305.1;protein_5550,GCF_048571455.1;protein_5518,,,,,,,,
GCF_004358365.1;protein_3114,GCF_048568965.1;protein_5755,GCF_000005845.2;protein_3825,GCF_053078305.1;protein_5549,GCF_048571455.1;protein_5517,,,,,,,,
GCF_004358365.1;protein_3115,GCF_048568965.1;protein_5754,GCF_000005845.2;protein_3826,GCF_053078305.1;protein_5548,GCF_048571455.1;protein_5516,,,,,,,,
GCF_004358365.1;protein_3116,GCF_048568965.1;protein_5753,GCF_000005845.2;protein_3827,GCF_053078305.1;protein_5547,GCF_048571455.1;protein_5515,,,,,,,,
GCF_004358365.1;protein_3117,GCF_048568965.1;protein_5752,GCF_000005845.2;protein_3828,GCF_053078305.1;protein_5546,GCF_048571455.1;protein_5514,,,,,,,,
GCF_004358365.1;protein_3118,GCF_048568965.1;protein_5751,GCF_000005845.2;protein_3829,GCF_053078305.1;protein_5545,GCF_048571455.1;protein_5513,,,,,,,,
GCF_004358365.1;protein_3119,GCF_048568965.1;protein_5750,GCF_000005845.2;protein_3830,GCF_053078305.1;protein_5544,GCF_048571455.1;protein_5512,,,,,,,,
GCF_004358365.1;protein_312,GCF_048568965.1;protein_3178,GCF_000005845.2;protein_1268,GCF_053078305.1;protein_3097,GCF_048571455.1;protein_2720,,,,,,,,
GCF_004358365.1;protein_3120,GCF_048568965.1;protein_5749,GCF_000005845.2;protein_3831,GCF_053078305.1;protein_5543,GCF_048571455.1;protein_5511,,,,,,,,
GCF_004358365.1;protein_3121,GCF_048568965.1;protein_5748,GCF_000005845.2;protein_3832,GCF_053078305.1;protein_5541,GCF_048571455.1;protein_5510,,,,,,,,
GCF_004358365.1;protein_3122,GCF_048568965.1;protein_5747,,,GCF_048571455.1;protein_5509,,,,,,,,
GCF_004358365.1;protein_3123,GCF_048568965.1;protein_5746,GCF_000005845.2;protein_3833,GCF_053078305.1;protein_5540,GCF_048571455.1;protein_5508,,,,,,,,
GCF_004358365.1;protein_3124,GCF_048568965.1;protein_5745,GCF_000005845.2;protein_3834,GCF_053078305.1;protein_5539,GCF_048571455.1;protein_5507,,,,,,,,
GCF_004358365.1;protein_3125,GCF_048568965.1;protein_5744,GCF_000005845.2;protein_3835,GCF_053078305.1;protein_5538,GCF_048571455.1;protein_5506,,,,,,,,
GCF_004358365.1;protein_3126,GCF_048568965.1;protein_5743,GCF_000005845.2;protein_3836,GCF_053078305.1;protein_5537,GCF_048571455.1;protein_5505,,,,,,,,
GCF_004358365.1;protein_3127,GCF_048568965.1;protein_5742,GCF_000005845.2;protein_3837,GCF_053078305.1;protein_5536,GCF_048571455.1;protein_5504,,,,,,,,
GCF_004358365.1;protein_3128,GCF_048568965.1;protein_5741,GCF_000005845.2;protein_3838,GCF_053078305.1;protein_5535,GCF_048571455.1;protein_5503,,,,,,,,
GCF_004358365.1;protein_3129,GCF_048568965.1;protein_5740,GCF_000005845.2;protein_3839,GCF_053078305.1;protein_5534,GCF_048571455.1;protein_5502,,,,,,,,
GCF_004358365.1;protein_313,GCF_048568965.1;protein_3179,GCF_000005845.2;protein_1267,GCF_053078305.1;protein_3098,GCF_048571455.1;protein_2719,,,,,,,,
GCF_004358365.1;protein_3130,GCF_048568965.1;protein_5739,GCF_000005845.2;protein_3840,GCF_053078305.1;protein_5533,GCF_048571455.1;protein_5501,,,,,,,,
GCF_004358365.1;protein_3131,GCF_048568965.1;protein_5738,GCF_000005845.2;protein_3841,GCF_053078305.1;protein_5532,GCF_048571455.1;protein_5500,,,,,,,,
GCF_004358365.1;protein_3132,GCF_048568965.1;protein_5737,GCF_000005845.2;protein_3842,GCF_053078305.1;protein_5531,GCF_048571455.1;protein_5499,,,,,,,,
GCF_004358365.1;protein_3133,GCF_048568965.1;protein_5736,GCF_000005845.2;protein_3843,GCF_053078305.1;protein_5530,GCF_048571455.1;protein_5498,,,,,,,,
GCF_004358365.1;protein_3134,GCF_048568965.1;protein_5735,GCF_000005845.2;protein_3844,GCF_053078305.1;protein_5529,GCF_048571455.1;protein_5497,,,,,,,,
GCF_004358365.1;protein_3135,GCF_048568965.1;protein_5734,GCF_000005845.2;protein_3845,GCF_053078305.1;protein_5528,GCF_048571455.1;protein_5496,,,,,,,,
GCF_004358365.1;protein_3136,GCF_048568965.1;protein_5733,GCF_000005845.2;protein_3846,GCF_053078305.1;protein_5527,GCF_048571455.1;protein_5495,,,,,,,,
GCF_004358365.1;protein_3137,GCF_048568965.1;protein_5732,GCF_000005845.2;protein_3847,GCF_053078305.1;protein_5526,GCF_048571455.1;protein_5494,,,,,,,,
GCF_004358365.1;protein_3138,GCF_048568965.1;protein_5731,GCF_000005845.2;protein_3848,GCF_053078305.1;protein_5525,GCF_048571455.1;protein_5493,,,,,,,,
GCF_004358365.1;protein_3139,GCF_048568965.1;protein_5730,GCF_000005845.2;protein_3849,GCF_053078305.1;protein_5524,GCF_048571455.1;protein_5492,,,,,,,,
GCF_004358365.1;protein_314,GCF_048568965.1;protein_3180,GCF_000005845.2;protein_1266,GCF_053078305.1;protein_3099,GCF_048571455.1;protein_2718,,,,,,,,
GCF_004358365.1;protein_3140,GCF_048568965.1;protein_5729,GCF_000005845.2;protein_3850,GCF_053078305.1;protein_5523,GCF_048571455.1;protein_5491,,,,,,,,
GCF_004358365.1;protein_3141,GCF_048568965.1;protein_5728,GCF_000005845.2;protein_3851,GCF_053078305.1;protein_5522,GCF_048571455.1;protein_5490,,,,,,,,
GCF_004358365.1;protein_3142,GCF_048568965.1;protein_5727,GCF_000005845.2;protein_3852,GCF_053078305.1;protein_5521,GCF_048571455.1;protein_5489,,,,,,,,
GCF_004358365.1;protein_3143,GCF_048568965.1;protein_5726,GCF_000005845.2;protein_3853,GCF_053078305.1;protein_5520,GCF_048571455.1;protein_5488,,,,,,,,
GCF_004358365.1;protein_3144,GCF_048568965.1;protein_5725,GCF_000005845.2;protein_3854,GCF_053078305.1;protein_5519,GCF_048571455.1;protein_5487,,,,,,,,
GCF_004358365.1;protein_3145,GCF_048568965.1;protein_5724,GCF_000005845.2;protein_3855,GCF_053078305.1;protein_5518,GCF_048571455.1;protein_5486,,,,,,,,
GCF_004358365.1;protein_3146,GCF_048568965.1;protein_5723,GCF_000005845.2;protein_3856,GCF_053078305.1;protein_5517,GCF_048571455.1;protein_5485,,,,,,,,
GCF_004358365.1;protein_3147,GCF_048568965.1;protein_5722,GCF_000005845.2;protein_3857,GCF_053078305.1;protein_5516,GCF_048571455.1;protein_5484,,,,,,,,
GCF_004358365.1;protein_3148,GCF_048568965.1;protein_5721,GCF_000005845.2;protein_3858,GCF_053078305.1;protein_5515,GCF_048571455.1;protein_5483,,,,,,,,
GCF_004358365.1;protein_3149,GCF_048568965.1;protein_5720,GCF_000005845.2;protein_3859,GCF_053078305.1;protein_5512,GCF_048571455.1;protein_5482,,,,,,,,
GCF_004358365.1;protein_315,GCF_048568965.1;protein_3181,GCF_000005845.2;protein_1265,GCF_053078305.1;protein_3100,GCF_048571455.1;protein_2717,,,,,,,,
GCF_004358365.1;protein_3150,GCF_048568965.1;protein_5719,GCF_000005845.2;protein_3860,GCF_053078305.1;protein_5511,GCF_048571455.1;protein_5481,,,,,,,,
GCF_004358365.1;protein_3151,GCF_048568965.1;protein_5718,GCF_000005845.2;protein_3861,GCF_053078305.1;protein_5510,GCF_048571455.1;protein_5480,,,,,,,,
GCF_004358365.1;protein_3152,GCF_048568965.1;protein_5717,GCF_000005845.2;protein_3862,GCF_053078305.1;protein_5509,GCF_048571455.1;protein_5479,,,,,,,,
GCF_004358365.1;protein_3153,GCF_048568965.1;protein_5716,GCF_000005845.2;protein_3863,GCF_053078305.1;protein_5508,GCF_048571455.1;protein_5478,,,,,,,,
GCF_004358365.1;protein_3154,GCF_048568965.1;protein_5715,GCF_000005845.2;protein_3864,GCF_053078305.1;protein_5507,GCF_048571455.1;protein_5477,,,,,,,,
GCF_004358365.1;protein_3155,GCF_048568965.1;protein_5714,GCF_000005845.2;protein_3865,GCF_053078305.1;protein_5506,GCF_048571455.1;protein_5476,,,,,,,,
GCF_004358365.1;protein_3156,GCF_048568965.1;protein_5713,GCF_000005845.2;protein_3866,GCF_053078305.1;protein_5505,GCF_048571455.1;protein_5475,,,,,,,,
GCF_004358365.1;protein_3158,GCF_048568965.1;protein_5711,,,GCF_048571455.1;protein_5473,,,,,,,,
GCF_004358365.1;protein_3159,GCF_048568965.1;protein_5710,,,GCF_048571455.1;protein_5472,,,,,,,,
GCF_004358365.1;protein_316,GCF_048568965.1;protein_3182,GCF_000005845.2;protein_1264,GCF_053078305.1;protein_3101,GCF_048571455.1;protein_2716,,,,,,,,
GCF_004358365.1;protein_3160,GCF_048568965.1;protein_5709,GCF_000005845.2;protein_3867,GCF_053078305.1;protein_5504,GCF_048571455.1;protein_5471,,,,,,,,
GCF_004358365.1;protein_3161,GCF_048568965.1;protein_5708,GCF_000005845.2;protein_3868,GCF_053078305.1;protein_5503,GCF_048571455.1;protein_5470,,,,,,,,
GCF_004358365.1;protein_3162,GCF_048568965.1;protein_5707,GCF_000005845.2;protein_3869,GCF_053078305.1;protein_5502,GCF_048571455.1;protein_5469,,,,,,,,
GCF_004358365.1;protein_3163,GCF_048568965.1;protein_5706,GCF_000005845.2;protein_3870,GCF_053078305.1;protein_5501,GCF_048571455.1;protein_5468,,,,,,,,
GCF_004358365.1;protein_3164,GCF_048568965.1;protein_5705,,GCF_053078305.1;protein_5500,,,,,,,,,
GCF_004358365.1;protein_3165,GCF_048568965.1;protein_5704,GCF_000005845.2;protein_3871,GCF_053078305.1;protein_5499,GCF_048571455.1;protein_5467,,,,,,,,
GCF_004358365.1;protein_3166,GCF_048568965.1;protein_5703,GCF_000005845.2;protein_3872,GCF_053078305.1;protein_5498,GCF_048571455.1;protein_5466,,,,,,,,
GCF_004358365.1;protein_3167,GCF_048568965.1;protein_5702,GCF_000005845.2;protein_3873,GCF_053078305.1;protein_5497,GCF_048571455.1;protein_5465,,,,,,,,
GCF_004358365.1;protein_3168,GCF_048568965.1;protein_5701,GCF_000005845.2;protein_3874,GCF_053078305.1;protein_5496,GCF_048571455.1;protein_5464,,,,,,,,
GCF_004358365.1;protein_317,GCF_048568965.1;protein_3183,GCF_000005845.2;protein_1263,GCF_053078305.1;protein_3102,GCF_048571455.1;protein_2715,,,,,,,,
GCF_004358365.1;protein_3170,GCF_048568965.1;protein_234,,,,,,,,,,,
GCF_004358365.1;protein_3171,GCF_048568965.1;protein_235,GCF_000005845.2;protein_3482,GCF_053078305.1;protein_174,GCF_048571455.1;protein_5462,,,,,,,,
GCF_004358365.1;protein_3172,GCF_048568965.1;protein_236,GCF_000005845.2;protein_3481,GCF_053078305.1;protein_176,GCF_048571455.1;protein_5461,,,,,,,,
GCF_004358365.1;protein_3173,GCF_048568965.1;protein_237,GCF_000005845.2;protein_3480,GCF_053078305.1;protein_177,GCF_048571455.1;protein_5460,,,,,,,,
GCF_004358365.1;protein_3174,GCF_048568965.1;protein_238,GCF_000005845.2;protein_3479,GCF_053078305.1;protein_178,GCF_048571455.1;protein_5459,,,,,,,,
GCF_004358365.1;protein_3175,GCF_048568965.1;protein_239,GCF_000005845.2;protein_3478,GCF_053078305.1;protein_179,GCF_048571455.1;protein_5458,,,,,,,,
GCF_004358365.1;protein_3176,GCF_048568965.1;protein_240,GCF_000005845.2;protein_3477,GCF_053078305.1;protein_180,GCF_048571455.1;protein_5457,,,,,,,,
GCF_004358365.1;protein_318,GCF_048568965.1;protein_3184,GCF_000005845.2;protein_1262,GCF_053078305.1;protein_3103,GCF_048571455.1;protein_2714,,,,,,,,
GCF_004358365.1;protein_3181,GCF_048568965.1;protein_245,GCF_000005845.2;protein_3475,GCF_053078305.1;protein_184,GCF_048571455.1;protein_5452,,,,,,,,
GCF_004358365.1;protein_3182,GCF_048568965.1;protein_246,GCF_000005845.2;protein_3474,GCF_053078305.1;protein_185,GCF_048571455.1;protein_5451,,,,,,,,
GCF_004358365.1;protein_3183,GCF_048568965.1;protein_247,GCF_000005845.2;protein_3473,GCF_053078305.1;protein_186,GCF_048571455.1;protein_5450,,,,,,,,
GCF_004358365.1;protein_3184,GCF_048568965.1;protein_248,GCF_000005845.2;protein_3472,GCF_053078305.1;protein_187,GCF_048571455.1;protein_5449,,,,,,,,
GCF_004358365.1;protein_3185,GCF_048568965.1;protein_249,,GCF_053078305.1;protein_188,GCF_048571455.1;protein_5448,,,,,,,,
GCF_004358365.1;protein_3186,GCF_048568965.1;protein_250,GCF_000005845.2;protein_3471,GCF_053078305.1;protein_189,GCF_048571455.1;protein_5447,,,,,,,,
GCF_004358365.1;protein_3187,GCF_048568965.1;protein_251,GCF_000005845.2;protein_3470,GCF_053078305.1;protein_190,GCF_048571455.1;protein_5446,,,,,,,,
GCF_004358365.1;protein_3188,GCF_048568965.1;protein_252,GCF_000005845.2;protein_3469,GCF_053078305.1;protein_191,GCF_048571455.1;protein_5445,,,,,,,,
GCF_004358365.1;protein_3189,GCF_048568965.1;protein_253,GCF_000005845.2;protein_3468,GCF_053078305.1;protein_192,GCF_048571455.1;protein_5444,,,,,,,,
GCF_004358365.1;protein_319,GCF_048568965.1;protein_3185,GCF_000005845.2;protein_1261,GCF_053078305.1;protein_3104,GCF_048571455.1;protein_2713,,,,,,,,
GCF_004358365.1;protein_3190,GCF_048568965.1;protein_254,GCF_000005845.2;protein_3467,GCF_053078305.1;protein_193,GCF_048571455.1;protein_5443,,,,,,,,
GCF_004358365.1;protein_3191,GCF_048568965.1;protein_255,GCF_000005845.2;protein_3466,GCF_053078305.1;protein_194,GCF_048571455.1;protein_5442,,,,,,,,
GCF_004358365.1;protein_3192,GCF_048568965.1;protein_256,GCF_000005845.2;protein_3465,GCF_053078305.1;protein_195,GCF_048571455.1;protein_5441,,,,,,,,
GCF_004358365.1;protein_3193,GCF_048568965.1;protein_257,GCF_000005845.2;protein_3464,GCF_053078305.1;protein_196,GCF_048571455.1;protein_5440,,,,,,,,
GCF_004358365.1;protein_3194,GCF_048568965.1;protein_258,GCF_000005845.2;protein_3463,GCF_053078305.1;protein_197,GCF_048571455.1;protein_5439,,,,,,,,
GCF_004358365.1;protein_3195,GCF_048568965.1;protein_259,GCF_000005845.2;protein_3462,GCF_053078305.1;protein_198,GCF_048571455.1;protein_5438,,,,,,,,
GCF_004358365.1;protein_3196,GCF_048568965.1;protein_260,GCF_000005845.2;protein_3461,GCF_053078305.1;protein_199,GCF_048571455.1;protein_5437,,,,,,,,
GCF_004358365.1;protein_3197,GCF_048568965.1;protein_261,GCF_000005845.2;protein_3460,GCF_053078305.1;protein_200,GCF_048571455.1;protein_5436,,,,,,,,
GCF_004358365.1;protein_3198,GCF_048568965.1;protein_262,GCF_000005845.2;protein_3459,GCF_053078305.1;protein_201,GCF_048571455.1;protein_5435,,,,,,,,
GCF_004358365.1;protein_3199,GCF_048568965.1;protein_263,GCF_000005845.2;protein_3458,GCF_053078305.1;protein_202,GCF_048571455.1;protein_5434,,,,,,,,
GCF_004358365.1;protein_32,GCF_048568965.1;protein_3011,GCF_000005845.2;protein_1501,GCF_053078305.1;protein_2896,GCF_048571455.1;protein_2926,,,,,,,,
GCF_004358365.1;protein_320,GCF_048568965.1;protein_3186,GCF_000005845.2;protein_1260,GCF_053078305.1;protein_3105,GCF_048571455.1;protein_2712,,,,,,,,
GCF_004358365.1;protein_3200,GCF_048568965.1;protein_264,GCF_000005845.2;protein_3457,GCF_053078305.1;protein_203,GCF_048571455.1;protein_5433,,,,,,,,
GCF_004358365.1;protein_3201,GCF_048568965.1;protein_265,GCF_000005845.2;protein_3456,GCF_053078305.1;protein_204,GCF_048571455.1;protein_5432,,,,,,,,
GCF_004358365.1;protein_3203,GCF_048568965.1;protein_267,GCF_000005845.2;protein_3454,GCF_053078305.1;protein_206,GCF_048571455.1;protein_5430,,,,,,,,
GCF_004358365.1;protein_3204,GCF_048568965.1;protein_268,GCF_000005845.2;protein_3453,GCF_053078305.1;protein_207,GCF_048571455.1;protein_5429,,,,,,,,
GCF_004358365.1;protein_3205,GCF_048568965.1;protein_269,GCF_000005845.2;protein_3452,GCF_053078305.1;protein_208,GCF_048571455.1;protein_5428,,,,,,,,
GCF_004358365.1;protein_3206,GCF_048568965.1;protein_270,GCF_000005845.2;protein_3451,GCF_053078305.1;protein_209,GCF_048571455.1;protein_5427,,,,,,,,
GCF_004358365.1;protein_3207,GCF_048568965.1;protein_271,,GCF_053078305.1;protein_210,GCF_048571455.1;protein_5426,,,,,,,,
GCF_004358365.1;protein_3208,GCF_048568965.1;protein_272,GCF_000005845.2;protein_3450,GCF_053078305.1;protein_211,GCF_048571455.1;protein_5425,,,,,,,,
GCF_004358365.1;protein_3209,GCF_048568965.1;protein_273,GCF_000005845.2;protein_3449,GCF_053078305.1;protein_212,GCF_048571455.1;protein_5424,,,,,,,,
GCF_004358365.1;protein_321,GCF_048568965.1;protein_3187,GCF_000005845.2;protein_1259,GCF_053078305.1;protein_3106,GCF_048571455.1;protein_2711,,,,,,,,
GCF_004358365.1;protein_3210,GCF_048568965.1;protein_274,GCF_000005845.2;protein_3448,GCF_053078305.1;protein_213,GCF_048571455.1;protein_5423,,,,,,,,
GCF_004358365.1;protein_3211,GCF_048568965.1;protein_275,GCF_000005845.2;protein_3447,GCF_053078305.1;protein_214,GCF_048571455.1;protein_5422,,,,,,,,
GCF_004358365.1;protein_3212,GCF_048568965.1;protein_276,GCF_000005845.2;protein_3446,GCF_053078305.1;protein_215,GCF_048571455.1;protein_5421,,,,,,,,
GCF_004358365.1;protein_3213,GCF_048568965.1;protein_277,GCF_000005845.2;protein_3445,GCF_053078305.1;protein_224,GCF_048571455.1;protein_5420,,,,,,,,
GCF_004358365.1;protein_3214,GCF_048568965.1;protein_278,GCF_000005845.2;protein_3444,GCF_053078305.1;protein_225,GCF_048571455.1;protein_5419,,,,,,,,
GCF_004358365.1;protein_3215,GCF_048568965.1;protein_279,GCF_000005845.2;protein_3442,GCF_053078305.1;protein_226,GCF_048571455.1;protein_5418,,,,,,,,
GCF_004358365.1;protein_3216,GCF_048568965.1;protein_280,,,GCF_048571455.1;protein_5417,,,,,,,,
GCF_004358365.1;protein_3217,GCF_048568965.1;protein_281,,,GCF_048571455.1;protein_5416,,,,,,,,
GCF_004358365.1;protein_3218,GCF_048568965.1;protein_282,GCF_000005845.2;protein_3441,GCF_053078305.1;protein_227,GCF_048571455.1;protein_5415,,,,,,,,
GCF_004358365.1;protein_3219,GCF_048568965.1;protein_283,GCF_000005845.2;protein_3440,,GCF_048571455.1;protein_5414,,,,,,,,
GCF_004358365.1;protein_322,GCF_048568965.1;protein_3188,GCF_000005845.2;protein_1258,GCF_053078305.1;protein_3107,GCF_048571455.1;protein_2710,,,,,,,,
GCF_004358365.1;protein_3220,GCF_048568965.1;protein_284,GCF_000005845.2;protein_3439,,GCF_048571455.1;protein_5413,,,,,,,,
GCF_004358365.1;protein_3221,GCF_048568965.1;protein_285,,,GCF_048571455.1;protein_5412,,,,,,,,
GCF_004358365.1;protein_3222,GCF_048568965.1;protein_286,GCF_000005845.2;protein_3438,GCF_053078305.1;protein_228,GCF_048571455.1;protein_5411,,,,,,,,
GCF_004358365.1;protein_3223,GCF_048568965.1;protein_287,GCF_000005845.2;protein_3437,GCF_053078305.1;protein_229,GCF_048571455.1;protein_5410,,,,,,,,
GCF_004358365.1;protein_3224,GCF_048568965.1;protein_288,GCF_000005845.2;protein_3436,GCF_053078305.1;protein_230,GCF_048571455.1;protein_5409,,,,,,,,
GCF_004358365.1;protein_3225,GCF_048568965.1;protein_289,GCF_000005845.2;protein_3435,GCF_053078305.1;protein_231,GCF_048571455.1;protein_5408,,,,,,,,
GCF_004358365.1;protein_3226,GCF_048568965.1;protein_290,GCF_000005845.2;protein_3434,GCF_053078305.1;protein_232,GCF_048571455.1;protein_5407,,,,,,,,
GCF_004358365.1;protein_3227,GCF_048568965.1;protein_291,GCF_000005845.2;protein_3433,GCF_053078305.1;protein_243,GCF_048571455.1;protein_5406,,,,,,,,
GCF_004358365.1;protein_3228,GCF_048568965.1;protein_292,,,GCF_048571455.1;protein_5405,,,,,,,,
GCF_004358365.1;protein_3229,GCF_048568965.1;protein_293,GCF_000005845.2;protein_3430,GCF_053078305.1;protein_246,GCF_048571455.1;protein_5404,,,,,,,,
GCF_004358365.1;protein_323,GCF_048568965.1;protein_3189,GCF_000005845.2;protein_1257,GCF_053078305.1;protein_3108,GCF_048571455.1;protein_2709,,,,,,,,
GCF_004358365.1;protein_3230,GCF_048568965.1;protein_294,GCF_000005845.2;protein_3429,GCF_053078305.1;protein_247,GCF_048571455.1;protein_5403,,,,,,,,
GCF_004358365.1;protein_3231,GCF_048568965.1;protein_295,GCF_000005845.2;protein_3428,GCF_053078305.1;protein_248,GCF_048571455.1;protein_5402,,,,,,,,
GCF_004358365.1;protein_3232,GCF_048568965.1;protein_296,GCF_000005845.2;protein_3427,GCF_053078305.1;protein_249,GCF_048571455.1;protein_5401,,,,,,,,
GCF_004358365.1;protein_3233,GCF_048568965.1;protein_297,GCF_000005845.2;protein_3426,GCF_053078305.1;protein_250,GCF_048571455.1;protein_5400,,,,,,,,
GCF_004358365.1;protein_3234,GCF_048568965.1;protein_298,,GCF_053078305.1;protein_251,GCF_048571455.1;protein_5399,,,,,,,,
GCF_004358365.1;protein_3235,GCF_048568965.1;protein_299,GCF_000005845.2;protein_3425,GCF_053078305.1;protein_252,GCF_048571455.1;protein_5398,,,,,,,,
GCF_004358365.1;protein_3236,GCF_048568965.1;protein_300,GCF_000005845.2;protein_3424,GCF_053078305.1;protein_253,GCF_048571455.1;protein_5397,,,,,,,,
GCF_004358365.1;protein_3237,GCF_048568965.1;protein_301,GCF_000005845.2;protein_3423,GCF_053078305.1;protein_254,GCF_048571455.1;protein_5396,,,,,,,,
GCF_004358365.1;protein_3238,GCF_048568965.1;protein_302,GCF_000005845.2;protein_3422,GCF_053078305.1;protein_255,GCF_048571455.1;protein_5395,,,,,,,,
GCF_004358365.1;protein_3239,GCF_048568965.1;protein_303,GCF_000005845.2;protein_3421,GCF_053078305.1;protein_256,GCF_048571455.1;protein_5394,,,,,,,,
GCF_004358365.1;protein_324,GCF_048568965.1;protein_3190,GCF_000005845.2;protein_1256,GCF_053078305.1;protein_3109,GCF_048571455.1;protein_2708,,,,,,,,
GCF_004358365.1;protein_3241,GCF_048568965.1;protein_305,,,GCF_048571455.1;protein_5392,,,,,,,,
GCF_004358365.1;protein_3242,GCF_048568965.1;protein_306,GCF_000005845.2;protein_3419,,GCF_048571455.1;protein_5391,,,,,,,,
GCF_004358365.1;protein_3244,GCF_048568965.1;protein_308,GCF_000005845.2;protein_3417,GCF_053078305.1;protein_266,GCF_048571455.1;protein_5389,,,,,,,,
GCF_004358365.1;protein_3245,GCF_048568965.1;protein_309,GCF_000005845.2;protein_3416,GCF_053078305.1;protein_267,GCF_048571455.1;protein_5388,,,,,,,,
GCF_004358365.1;protein_3246,GCF_048568965.1;protein_310,GCF_000005845.2;protein_3415,GCF_053078305.1;protein_268,GCF_048571455.1;protein_5387,,,,,,,,
GCF_004358365.1;protein_3247,GCF_048568965.1;protein_311,GCF_000005845.2;protein_3414,GCF_053078305.1;protein_269,GCF_048571455.1;protein_5386,,,,,,,,
GCF_004358365.1;protein_3248,GCF_048568965.1;protein_312,GCF_000005845.2;protein_3413,GCF_053078305.1;protein_270,GCF_048571455.1;protein_5385,,,,,,,,
GCF_004358365.1;protein_3249,GCF_048568965.1;protein_313,GCF_000005845.2;protein_3412,GCF_053078305.1;protein_271,GCF_048571455.1;protein_5384,,,,,,,,
GCF_004358365.1;protein_325,GCF_048568965.1;protein_3191,GCF_000005845.2;protein_1255,GCF_053078305.1;protein_3110,GCF_048571455.1;protein_2707,,,,,,,,
GCF_004358365.1;protein_3250,GCF_048568965.1;protein_314,GCF_000005845.2;protein_3411,GCF_053078305.1;protein_272,GCF_048571455.1;protein_5383,,,,,,,,
GCF_004358365.1;protein_3251,GCF_048568965.1;protein_315,GCF_000005845.2;protein_3410,GCF_053078305.1;protein_291,GCF_048571455.1;protein_5382,,,,,,,,
GCF_004358365.1;protein_3252,GCF_048568965.1;protein_316,GCF_000005845.2;protein_3409,GCF_053078305.1;protein_292,GCF_048571455.1;protein_5381,,,,,,,,
GCF_004358365.1;protein_3253,GCF_048568965.1;protein_317,GCF_000005845.2;protein_3408,GCF_053078305.1;protein_293,GCF_048571455.1;protein_5380,,,,,,,,
GCF_004358365.1;protein_3254,GCF_048568965.1;protein_318,GCF_000005845.2;protein_3407,GCF_053078305.1;protein_294,GCF_048571455.1;protein_5379,,,,,,,,
GCF_004358365.1;protein_3255,GCF_048568965.1;protein_319,GCF_000005845.2;protein_3406,GCF_053078305.1;protein_295,GCF_048571455.1;protein_5378,,,,,,,,
GCF_004358365.1;protein_3256,GCF_048568965.1;protein_320,GCF_000005845.2;protein_3405,GCF_053078305.1;protein_296,GCF_048571455.1;protein_5377,,,,,,,,
GCF_004358365.1;protein_3257,GCF_048568965.1;protein_321,GCF_000005845.2;protein_3404,GCF_053078305.1;protein_297,GCF_048571455.1;protein_5376,,,,,,,,
GCF_004358365.1;protein_3258,GCF_048568965.1;protein_322,GCF_000005845.2;protein_3403,GCF_053078305.1;protein_298,GCF_048571455.1;protein_5375,,,,,,,,
GCF_004358365.1;protein_3259,GCF_048568965.1;protein_323,GCF_000005845.2;protein_3402,GCF_053078305.1;protein_299,GCF_048571455.1;protein_5374,,,,,,,,
GCF_004358365.1;protein_326,GCF_048568965.1;protein_3192,GCF_000005845.2;protein_1254,GCF_053078305.1;protein_3111,GCF_048571455.1;protein_2706,,,,,,,,
GCF_004358365.1;protein_3260,GCF_048568965.1;protein_324,GCF_000005845.2;protein_3401,GCF_053078305.1;protein_300,GCF_048571455.1;protein_5373,,,,,,,,
GCF_004358365.1;protein_3261,GCF_048568965.1;protein_325,GCF_000005845.2;protein_3400,GCF_053078305.1;protein_301,GCF_048571455.1;protein_5372,,,,,,,,
GCF_004358365.1;protein_3262,GCF_048568965.1;protein_326,GCF_000005845.2;protein_3399,GCF_053078305.1;protein_302,GCF_048571455.1;protein_5371,,,,,,,,
GCF_004358365.1;protein_3263,GCF_048568965.1;protein_327,GCF_000005845.2;protein_3398,GCF_053078305.1;protein_303,GCF_048571455.1;protein_5370,,,,,,,,
GCF_004358365.1;protein_3264,GCF_048568965.1;protein_328,GCF_000005845.2;protein_3397,GCF_053078305.1;protein_304,GCF_048571455.1;protein_5369,,,,,,,,
GCF_004358365.1;protein_3265,GCF_048568965.1;protein_329,GCF_000005845.2;protein_3396,GCF_053078305.1;protein_305,GCF_048571455.1;protein_5368,,,,,,,,
GCF_004358365.1;protein_3266,GCF_048568965.1;protein_330,GCF_000005845.2;protein_3395,GCF_053078305.1;protein_306,GCF_048571455.1;protein_5367,,,,,,,,
GCF_004358365.1;protein_3267,GCF_048568965.1;protein_331,GCF_000005845.2;protein_3394,GCF_053078305.1;protein_307,GCF_048571455.1;protein_5366,,,,,,,,
GCF_004358365.1;protein_3268,GCF_048568965.1;protein_332,GCF_000005845.2;protein_3393,GCF_053078305.1;protein_308,GCF_048571455.1;protein_5365,,,,,,,,
GCF_004358365.1;protein_3269,GCF_048568965.1;protein_333,GCF_000005845.2;protein_3392,GCF_053078305.1;protein_309,GCF_048571455.1;protein_5364,,,,,,,,
GCF_004358365.1;protein_327,GCF_048568965.1;protein_3193,GCF_000005845.2;protein_1253,GCF_053078305.1;protein_3112,GCF_048571455.1;protein_2705,,,,,,,,
GCF_004358365.1;protein_3270,GCF_048568965.1;protein_334,GCF_000005845.2;protein_3391,GCF_053078305.1;protein_310,GCF_048571455.1;protein_5363,,,,,,,,
GCF_004358365.1;protein_3271,GCF_048568965.1;protein_335,GCF_000005845.2;protein_3390,GCF_053078305.1;protein_311,GCF_048571455.1;protein_5362,,,,,,,,
GCF_004358365.1;protein_3272,GCF_048568965.1;protein_336,GCF_000005845.2;protein_3389,GCF_053078305.1;protein_313,GCF_048571455.1;protein_5361,,,,,,,,
GCF_004358365.1;protein_3273,GCF_048568965.1;protein_337,GCF_000005845.2;protein_3388,GCF_053078305.1;protein_314,GCF_048571455.1;protein_5360,,,,,,,,
GCF_004358365.1;protein_3274,GCF_048568965.1;protein_338,GCF_000005845.2;protein_3387,GCF_053078305.1;protein_315,GCF_048571455.1;protein_5359,,,,,,,,
GCF_004358365.1;protein_3275,GCF_048568965.1;protein_339,GCF_000005845.2;protein_3386,GCF_053078305.1;protein_316,GCF_048571455.1;protein_5358,,,,,,,,
GCF_004358365.1;protein_3276,GCF_048568965.1;protein_340,GCF_000005845.2;protein_3385,GCF_053078305.1;protein_317,GCF_048571455.1;protein_5357,,,,,,,,
GCF_004358365.1;protein_3277,GCF_048568965.1;protein_341,GCF_000005845.2;protein_3384,GCF_053078305.1;protein_318,GCF_048571455.1;protein_5356,,,,,,,,
GCF_004358365.1;protein_3278,GCF_048568965.1;protein_342,GCF_000005845.2;protein_3383,GCF_053078305.1;protein_319,GCF_048571455.1;protein_5355,,,,,,,,
GCF_004358365.1;protein_3279,GCF_048568965.1;protein_343,GCF_000005845.2;protein_3382,GCF_053078305.1;protein_320,GCF_048571455.1;protein_5354,,,,,,,,
GCF_004358365.1;protein_328,GCF_048568965.1;protein_3194,GCF_000005845.2;protein_1252,GCF_053078305.1;protein_3113,GCF_048571455.1;protein_2704,,,,,,,,
GCF_004358365.1;protein_3280,GCF_048568965.1;protein_344,GCF_000005845.2;protein_3381,GCF_053078305.1;protein_321,GCF_048571455.1;protein_5353,,,,,,,,
GCF_004358365.1;protein_3281,GCF_048568965.1;protein_345,GCF_000005845.2;protein_3378,GCF_053078305.1;protein_322,GCF_048571455.1;protein_5352,,,,,,,,
GCF_004358365.1;protein_3282,GCF_048568965.1;protein_346,GCF_000005845.2;protein_3377,GCF_053078305.1;protein_323,GCF_048571455.1;protein_5351,,,,,,,,
GCF_004358365.1;protein_3283,GCF_048568965.1;protein_347,GCF_000005845.2;protein_3376,GCF_053078305.1;protein_324,GCF_048571455.1;protein_5350,,,,,,,,
GCF_004358365.1;protein_3284,GCF_048568965.1;protein_348,GCF_000005845.2;protein_3375,GCF_053078305.1;protein_325,GCF_048571455.1;protein_5349,,,,,,,,
GCF_004358365.1;protein_3285,GCF_048568965.1;protein_349,GCF_000005845.2;protein_3374,GCF_053078305.1;protein_326,GCF_048571455.1;protein_5348,,,,,,,,
GCF_004358365.1;protein_3286,GCF_048568965.1;protein_350,GCF_000005845.2;protein_3373,GCF_053078305.1;protein_327,GCF_048571455.1;protein_5347,,,,,,,,
GCF_004358365.1;protein_3287,GCF_048568965.1;protein_351,GCF_000005845.2;protein_3372,GCF_053078305.1;protein_328,GCF_048571455.1;protein_5346,,,,,,,,
GCF_004358365.1;protein_3288,GCF_048568965.1;protein_352,GCF_000005845.2;protein_3371,GCF_053078305.1;protein_329,GCF_048571455.1;protein_5345,,,,,,,,
GCF_004358365.1;protein_3289,GCF_048568965.1;protein_353,GCF_000005845.2;protein_3370,GCF_053078305.1;protein_332,GCF_048571455.1;protein_5344,,,,,,,,
GCF_004358365.1;protein_329,GCF_048568965.1;protein_3195,GCF_000005845.2;protein_1251,GCF_053078305.1;protein_3114,GCF_048571455.1;protein_2703,,,,,,,,
GCF_004358365.1;protein_3290,GCF_048568965.1;protein_354,GCF_000005845.2;protein_3369,GCF_053078305.1;protein_333,GCF_048571455.1;protein_5343,,,,,,,,
GCF_004358365.1;protein_3291,GCF_048568965.1;protein_355,GCF_000005845.2;protein_3366,GCF_053078305.1;protein_334,GCF_048571455.1;protein_5342,,,,,,,,
GCF_004358365.1;protein_3292,GCF_048568965.1;protein_356,GCF_000005845.2;protein_3365,GCF_053078305.1;protein_335,GCF_048571455.1;protein_5341,,,,,,,,
GCF_004358365.1;protein_3293,GCF_048568965.1;protein_357,GCF_000005845.2;protein_3364,GCF_053078305.1;protein_336,GCF_048571455.1;protein_5340,,,,,,,,
GCF_004358365.1;protein_3294,GCF_048568965.1;protein_358,GCF_000005845.2;protein_3363,GCF_053078305.1;protein_337,GCF_048571455.1;protein_5339,,,,,,,,
GCF_004358365.1;protein_3295,GCF_048568965.1;protein_359,GCF_000005845.2;protein_3362,GCF_053078305.1;protein_338,GCF_048571455.1;protein_5338,,,,,,,,
GCF_004358365.1;protein_3296,GCF_048568965.1;protein_360,,GCF_053078305.1;protein_339,GCF_048571455.1;protein_5337,,,,,,,,
GCF_004358365.1;protein_3297,GCF_048568965.1;protein_361,,,GCF_048571455.1;protein_5336,,,,,,,,
GCF_004358365.1;protein_3298,GCF_048568965.1;protein_362,,,GCF_048571455.1;protein_5335,,,,,,,,
GCF_004358365.1;protein_3299,GCF_048568965.1;protein_363,,,GCF_048571455.1;protein_5334,,,,,,,,
GCF_004358365.1;protein_33,GCF_048568965.1;protein_3010,GCF_000005845.2;protein_1500,GCF_053078305.1;protein_2897,GCF_048571455.1;protein_2925,,,,,,,,
GCF_004358365.1;protein_330,GCF_048568965.1;protein_3196,GCF_000005845.2;protein_1250,GCF_053078305.1;protein_3115,GCF_048571455.1;protein_2702,,,,,,,,
GCF_004358365.1;protein_3300,GCF_048568965.1;protein_364,GCF_000005845.2;protein_3360,GCF_053078305.1;protein_342,GCF_048571455.1;protein_5333,,,,,,,,
GCF_004358365.1;protein_3301,GCF_048568965.1;protein_365,GCF_000005845.2;protein_3359,GCF_053078305.1;protein_343,GCF_048571455.1;protein_5332,,,,,,,,
GCF_004358365.1;protein_3302,GCF_048568965.1;protein_366,GCF_000005845.2;protein_3358,GCF_053078305.1;protein_344,GCF_048571455.1;protein_5331,,,,,,,,
GCF_004358365.1;protein_3303,GCF_048568965.1;protein_367,,GCF_053078305.1;protein_345,GCF_048571455.1;protein_5330,,,,,,,,
GCF_004358365.1;protein_3304,GCF_048568965.1;protein_368,GCF_000005845.2;protein_3357,GCF_053078305.1;protein_346,GCF_048571455.1;protein_5329,,,,,,,,
GCF_004358365.1;protein_3305,GCF_048568965.1;protein_369,GCF_000005845.2;protein_3356,GCF_053078305.1;protein_347,GCF_048571455.1;protein_5328,,,,,,,,
GCF_004358365.1;protein_3306,GCF_048568965.1;protein_370,GCF_000005845.2;protein_3355,GCF_053078305.1;protein_348,GCF_048571455.1;protein_5327,,,,,,,,
GCF_004358365.1;protein_3307,GCF_048568965.1;protein_371,GCF_000005845.2;protein_3354,GCF_053078305.1;protein_351,GCF_048571455.1;protein_5326,,,,,,,,
GCF_004358365.1;protein_3308,GCF_048568965.1;protein_372,GCF_000005845.2;protein_3353,GCF_053078305.1;protein_352,GCF_048571455.1;protein_5325,,,,,,,,
GCF_004358365.1;protein_3309,GCF_048568965.1;protein_373,GCF_000005845.2;protein_3352,GCF_053078305.1;protein_353,GCF_048571455.1;protein_5324,,,,,,,,
GCF_004358365.1;protein_331,GCF_048568965.1;protein_3197,GCF_000005845.2;protein_1249,GCF_053078305.1;protein_3116,GCF_048571455.1;protein_2701,,,,,,,,
GCF_004358365.1;protein_3310,GCF_048568965.1;protein_374,GCF_000005845.2;protein_3351,GCF_053078305.1;protein_354,GCF_048571455.1;protein_5323,,,,,,,,
GCF_004358365.1;protein_3311,GCF_048568965.1;protein_375,GCF_000005845.2;protein_3350,GCF_053078305.1;protein_355,GCF_048571455.1;protein_5322,,,,,,,,
GCF_004358365.1;protein_3312,GCF_048568965.1;protein_376,GCF_000005845.2;protein_3349,GCF_053078305.1;protein_356,GCF_048571455.1;protein_5321,,,,,,,,
GCF_004358365.1;protein_3313,GCF_048568965.1;protein_377,GCF_000005845.2;protein_3348,GCF_053078305.1;protein_357,GCF_048571455.1;protein_5320,,,,,,,,
GCF_004358365.1;protein_3314,GCF_048568965.1;protein_378,GCF_000005845.2;protein_3347,GCF_053078305.1;protein_358,GCF_048571455.1;protein_5319,,,,,,,,
GCF_004358365.1;protein_3315,GCF_048568965.1;protein_379,GCF_000005845.2;protein_3346,GCF_053078305.1;protein_359,GCF_048571455.1;protein_5318,,,,,,,,
GCF_004358365.1;protein_3316,GCF_048568965.1;protein_380,GCF_000005845.2;protein_3345,GCF_053078305.1;protein_360,GCF_048571455.1;protein_5317,,,,,,,,
GCF_004358365.1;protein_3317,GCF_048568965.1;protein_381,GCF_000005845.2;protein_3344,GCF_053078305.1;protein_361,GCF_048571455.1;protein_5316,,,,,,,,
GCF_004358365.1;protein_3318,GCF_048568965.1;protein_382,GCF_000005845.2;protein_3343,GCF_053078305.1;protein_362,GCF_048571455.1;protein_5315,,,,,,,,
GCF_004358365.1;protein_3319,GCF_048568965.1;protein_383,GCF_000005845.2;protein_3342,GCF_053078305.1;protein_363,GCF_048571455.1;protein_5314,,,,,,,,
GCF_004358365.1;protein_332,GCF_048568965.1;protein_3198,GCF_000005845.2;protein_1248,GCF_053078305.1;protein_3117,GCF_048571455.1;protein_2700,,,,,,,,
GCF_004358365.1;protein_3320,GCF_048568965.1;protein_384,GCF_000005845.2;protein_3341,GCF_053078305.1;protein_364,GCF_048571455.1;protein_5313,,,,,,,,
GCF_004358365.1;protein_3321,GCF_048568965.1;protein_385,GCF_000005845.2;protein_3340,GCF_053078305.1;protein_365,GCF_048571455.1;protein_5312,,,,,,,,
GCF_004358365.1;protein_3322,GCF_048568965.1;protein_386,GCF_000005845.2;protein_3339,GCF_053078305.1;protein_366,GCF_048571455.1;protein_5311,,,,,,,,
GCF_004358365.1;protein_3323,GCF_048568965.1;protein_387,GCF_000005845.2;protein_3338,GCF_053078305.1;protein_367,GCF_048571455.1;protein_5310,,,,,,,,
GCF_004358365.1;protein_3324,GCF_048568965.1;protein_388,GCF_000005845.2;protein_3337,GCF_053078305.1;protein_368,GCF_048571455.1;protein_5309,,,,,,,,
GCF_004358365.1;protein_3325,GCF_048568965.1;protein_389,GCF_000005845.2;protein_3336,GCF_053078305.1;protein_369,GCF_048571455.1;protein_5308,,,,,,,,
GCF_004358365.1;protein_3326,GCF_048568965.1;protein_390,GCF_000005845.2;protein_3335,GCF_053078305.1;protein_370,GCF_048571455.1;protein_5307,,,,,,,,
GCF_004358365.1;protein_3327,GCF_048568965.1;protein_391,GCF_000005845.2;protein_3334,GCF_053078305.1;protein_371,GCF_048571455.1;protein_5306,,,,,,,,
GCF_004358365.1;protein_3328,GCF_048568965.1;protein_392,GCF_000005845.2;protein_3333,GCF_053078305.1;protein_372,GCF_048571455.1;protein_5305,,,,,,,,
GCF_004358365.1;protein_3329,GCF_048568965.1;protein_393,GCF_000005845.2;protein_3332,GCF_053078305.1;protein_373,GCF_048571455.1;protein_5304,,,,,,,,
GCF_004358365.1;protein_333,GCF_048568965.1;protein_3199,GCF_000005845.2;protein_1247,GCF_053078305.1;protein_3118,GCF_048571455.1;protein_2699,,,,,,,,
GCF_004358365.1;protein_3330,GCF_048568965.1;protein_394,GCF_000005845.2;protein_3331,GCF_053078305.1;protein_374,GCF_048571455.1;protein_5303,,,,,,,,
GCF_004358365.1;protein_3331,GCF_048568965.1;protein_395,GCF_000005845.2;protein_3330,GCF_053078305.1;protein_375,GCF_048571455.1;protein_5302,,,,,,,,
GCF_004358365.1;protein_3332,GCF_048568965.1;protein_396,GCF_000005845.2;protein_3329,GCF_053078305.1;protein_376,GCF_048571455.1;protein_5301,,,,,,,,
GCF_004358365.1;protein_3333,GCF_048568965.1;protein_397,GCF_000005845.2;protein_3328,GCF_053078305.1;protein_377,GCF_048571455.1;protein_5300,,,,,,,,
GCF_004358365.1;protein_3334,GCF_048568965.1;protein_398,GCF_000005845.2;protein_3327,GCF_053078305.1;protein_378,GCF_048571455.1;protein_5299,,,,,,,,
GCF_004358365.1;protein_3335,GCF_048568965.1;protein_399,GCF_000005845.2;protein_3326,GCF_053078305.1;protein_379,GCF_048571455.1;protein_5298,,,,,,,,
GCF_004358365.1;protein_3336,GCF_048568965.1;protein_400,GCF_000005845.2;protein_3325,GCF_053078305.1;protein_380,GCF_048571455.1;protein_5297,,,,,,,,
GCF_004358365.1;protein_3337,GCF_048568965.1;protein_401,GCF_000005845.2;protein_3324,GCF_053078305.1;protein_381,GCF_048571455.1;protein_5296,,,,,,,,
GCF_004358365.1;protein_3338,GCF_048568965.1;protein_402,GCF_000005845.2;protein_3323,GCF_053078305.1;protein_382,GCF_048571455.1;protein_5295,,,,,,,,
GCF_004358365.1;protein_3339,GCF_048568965.1;protein_403,GCF_000005845.2;protein_3322,GCF_053078305.1;protein_383,GCF_048571455.1;protein_5294,,,,,,,,
GCF_004358365.1;protein_334,GCF_048568965.1;protein_3200,GCF_000005845.2;protein_1245,GCF_053078305.1;protein_3181,GCF_048571455.1;protein_2698,,,,,,,,
GCF_004358365.1;protein_3340,GCF_048568965.1;protein_404,GCF_000005845.2;protein_3321,GCF_053078305.1;protein_384,GCF_048571455.1;protein_5293,,,,,,,,
GCF_004358365.1;protein_3341,GCF_048568965.1;protein_405,GCF_000005845.2;protein_3320,GCF_053078305.1;protein_385,GCF_048571455.1;protein_5292,,,,,,,,
GCF_004358365.1;protein_3342,GCF_048568965.1;protein_406,GCF_000005845.2;protein_3319,GCF_053078305.1;protein_386,GCF_048571455.1;protein_5291,,,,,,,,
GCF_004358365.1;protein_3343,GCF_048568965.1;protein_407,GCF_000005845.2;protein_3318,GCF_053078305.1;protein_387,GCF_048571455.1;protein_5290,,,,,,,,
GCF_004358365.1;protein_3344,GCF_048568965.1;protein_408,GCF_000005845.2;protein_3317,GCF_053078305.1;protein_388,GCF_048571455.1;protein_5289,,,,,,,,
GCF_004358365.1;protein_3345,GCF_048568965.1;protein_409,GCF_000005845.2;protein_3316,GCF_053078305.1;protein_389,GCF_048571455.1;protein_5288,,,,,,,,
GCF_004358365.1;protein_3346,GCF_048568965.1;protein_410,GCF_000005845.2;protein_3315,GCF_053078305.1;protein_390,GCF_048571455.1;protein_5287,,,,,,,,
GCF_004358365.1;protein_3347,GCF_048568965.1;protein_411,GCF_000005845.2;protein_3314,GCF_053078305.1;protein_391,GCF_048571455.1;protein_5286,,,,,,,,
GCF_004358365.1;protein_3348,GCF_048568965.1;protein_412,GCF_000005845.2;protein_3313,GCF_053078305.1;protein_392,GCF_048571455.1;protein_5285,,,,,,,,
GCF_004358365.1;protein_3349,GCF_048568965.1;protein_413,GCF_000005845.2;protein_3312,GCF_053078305.1;protein_393,GCF_048571455.1;protein_5284,,,,,,,,
GCF_004358365.1;protein_335,GCF_048568965.1;protein_3201,GCF_000005845.2;protein_1244,GCF_053078305.1;protein_3182,GCF_048571455.1;protein_2697,,,,,,,,
GCF_004358365.1;protein_3350,GCF_048568965.1;protein_414,GCF_000005845.2;protein_3311,GCF_053078305.1;protein_394,GCF_048571455.1;protein_5283,,,,,,,,
GCF_004358365.1;protein_3351,GCF_048568965.1;protein_415,GCF_000005845.2;protein_3310,GCF_053078305.1;protein_395,GCF_048571455.1;protein_5282,,,,,,,,
GCF_004358365.1;protein_3352,GCF_048568965.1;protein_416,GCF_000005845.2;protein_3309,GCF_053078305.1;protein_396,GCF_048571455.1;protein_5281,,,,,,,,
GCF_004358365.1;protein_3353,GCF_048568965.1;protein_417,GCF_000005845.2;protein_3308,GCF_053078305.1;protein_397,GCF_048571455.1;protein_5280,,,,,,,,
GCF_004358365.1;protein_3354,GCF_048568965.1;protein_418,GCF_000005845.2;protein_3307,GCF_053078305.1;protein_398,GCF_048571455.1;protein_5279,,,,,,,,
GCF_004358365.1;protein_3355,GCF_048568965.1;protein_419,GCF_000005845.2;protein_3306,GCF_053078305.1;protein_399,GCF_048571455.1;protein_5278,,,,,,,,
GCF_004358365.1;protein_3356,GCF_048568965.1;protein_420,GCF_000005845.2;protein_3305,GCF_053078305.1;protein_400,GCF_048571455.1;protein_5277,,,,,,,,
GCF_004358365.1;protein_3357,GCF_048568965.1;protein_421,GCF_000005845.2;protein_3304,GCF_053078305.1;protein_401,GCF_048571455.1;protein_5276,,,,,,,,
GCF_004358365.1;protein_3358,GCF_048568965.1;protein_422,GCF_000005845.2;protein_3303,GCF_053078305.1;protein_402,GCF_048571455.1;protein_5275,,,,,,,,
GCF_004358365.1;protein_3359,GCF_048568965.1;protein_423,GCF_000005845.2;protein_3302,GCF_053078305.1;protein_403,GCF_048571455.1;protein_5274,,,,,,,,
GCF_004358365.1;protein_336,GCF_048568965.1;protein_3202,GCF_000005845.2;protein_1243,GCF_053078305.1;protein_3183,GCF_048571455.1;protein_2696,,,,,,,,
GCF_004358365.1;protein_3360,GCF_048568965.1;protein_424,GCF_000005845.2;protein_3301,GCF_053078305.1;protein_404,GCF_048571455.1;protein_5273,,,,,,,,
GCF_004358365.1;protein_3361,GCF_048568965.1;protein_425,GCF_000005845.2;protein_3300,GCF_053078305.1;protein_405,GCF_048571455.1;protein_5272,,,,,,,,
GCF_004358365.1;protein_3362,GCF_048568965.1;protein_426,GCF_000005845.2;protein_3299,GCF_053078305.1;protein_406,GCF_048571455.1;protein_5271,,,,,,,,
GCF_004358365.1;protein_3363,GCF_048568965.1;protein_427,GCF_000005845.2;protein_3298,GCF_053078305.1;protein_407,GCF_048571455.1;protein_5270,,,,,,,,
GCF_004358365.1;protein_3364,GCF_048568965.1;protein_428,GCF_000005845.2;protein_3297,GCF_053078305.1;protein_408,GCF_048571455.1;protein_5269,,,,,,,,
GCF_004358365.1;protein_3365,GCF_048568965.1;protein_429,GCF_000005845.2;protein_3295,GCF_053078305.1;protein_409,GCF_048571455.1;protein_5268,,,,,,,,
GCF_004358365.1;protein_3366,GCF_048568965.1;protein_430,GCF_000005845.2;protein_3294,GCF_053078305.1;protein_410,GCF_048571455.1;protein_5267,,,,,,,,
GCF_004358365.1;protein_3367,GCF_048568965.1;protein_431,GCF_000005845.2;protein_3293,GCF_053078305.1;protein_411,GCF_048571455.1;protein_5266,,,,,,,,
GCF_004358365.1;protein_3368,GCF_048568965.1;protein_432,GCF_000005845.2;protein_3292,GCF_053078305.1;protein_412,GCF_048571455.1;protein_5265,,,,,,,,
GCF_004358365.1;protein_3369,GCF_048568965.1;protein_433,GCF_000005845.2;protein_3291,GCF_053078305.1;protein_413,GCF_048571455.1;protein_5264,,,,,,,,
GCF_004358365.1;protein_337,GCF_048568965.1;protein_3203,GCF_000005845.2;protein_1242,GCF_053078305.1;protein_3184,GCF_048571455.1;protein_2695,,,,,,,,
GCF_004358365.1;protein_3370,GCF_048568965.1;protein_434,GCF_000005845.2;protein_3290,GCF_053078305.1;protein_414,GCF_048571455.1;protein_5263,,,,,,,,
GCF_004358365.1;protein_3371,GCF_048568965.1;protein_435,GCF_000005845.2;protein_3289,GCF_053078305.1;protein_415,GCF_048571455.1;protein_5262,,,,,,,,
GCF_004358365.1;protein_3372,GCF_048568965.1;protein_436,GCF_000005845.2;protein_3288,GCF_053078305.1;protein_416,GCF_048571455.1;protein_5261,,,,,,,,
GCF_004358365.1;protein_3373,GCF_048568965.1;protein_437,GCF_000005845.2;protein_3287,GCF_053078305.1;protein_417,GCF_048571455.1;protein_5260,,,,,,,,
GCF_004358365.1;protein_3374,GCF_048568965.1;protein_438,GCF_000005845.2;protein_3286,GCF_053078305.1;protein_418,GCF_048571455.1;protein_5259,,,,,,,,
GCF_004358365.1;protein_3375,GCF_048568965.1;protein_439,GCF_000005845.2;protein_3285,GCF_053078305.1;protein_419,GCF_048571455.1;protein_5258,,,,,,,,
GCF_004358365.1;protein_3376,GCF_048568965.1;protein_440,GCF_000005845.2;protein_3284,GCF_053078305.1;protein_420,GCF_048571455.1;protein_5257,,,,,,,,
GCF_004358365.1;protein_3377,GCF_048568965.1;protein_441,GCF_000005845.2;protein_3283,GCF_053078305.1;protein_421,GCF_048571455.1;protein_5256,,,,,,,,
GCF_004358365.1;protein_3378,GCF_048568965.1;protein_442,GCF_000005845.2;protein_3282,GCF_053078305.1;protein_422,GCF_048571455.1;protein_5255,,,,,,,,
GCF_004358365.1;protein_3379,GCF_048568965.1;protein_443,GCF_000005845.2;protein_3281,GCF_053078305.1;protein_423,GCF_048571455.1;protein_5254,,,,,,,,
GCF_004358365.1;protein_338,GCF_048568965.1;protein_3204,GCF_000005845.2;protein_1241,GCF_053078305.1;protein_3185,GCF_048571455.1;protein_2694,,,,,,,,
GCF_004358365.1;protein_3380,GCF_048568965.1;protein_444,GCF_000005845.2;protein_3280,GCF_053078305.1;protein_424,GCF_048571455.1;protein_5253,,,,,,,,
GCF_004358365.1;protein_3381,GCF_048568965.1;protein_445,GCF_000005845.2;protein_3279,GCF_053078305.1;protein_425,GCF_048571455.1;protein_5252,,,,,,,,
GCF_004358365.1;protein_3382,GCF_048568965.1;protein_446,GCF_000005845.2;protein_3278,GCF_053078305.1;protein_426,GCF_048571455.1;protein_5251,,,,,,,,
GCF_004358365.1;protein_3383,GCF_048568965.1;protein_447,GCF_000005845.2;protein_3277,GCF_053078305.1;protein_427,GCF_048571455.1;protein_5250,,,,,,,,
GCF_004358365.1;protein_3384,GCF_048568965.1;protein_448,GCF_000005845.2;protein_3276,GCF_053078305.1;protein_428,GCF_048571455.1;protein_5249,,,,,,,,
GCF_004358365.1;protein_3385,GCF_048568965.1;protein_449,GCF_000005845.2;protein_3275,GCF_053078305.1;protein_429,GCF_048571455.1;protein_5248,,,,,,,,
GCF_004358365.1;protein_3387,GCF_048568965.1;protein_451,,GCF_053078305.1;protein_431,GCF_048571455.1;protein_5246,,,,,,,,
GCF_004358365.1;protein_3388,GCF_048568965.1;protein_452,GCF_000005845.2;protein_3271,GCF_053078305.1;protein_432,GCF_048571455.1;protein_5245,,,,,,,,
GCF_004358365.1;protein_3389,GCF_048568965.1;protein_453,,GCF_053078305.1;protein_433,GCF_048571455.1;protein_5244,,,,,,,,
GCF_004358365.1;protein_339,GCF_048568965.1;protein_3205,GCF_000005845.2;protein_1240,GCF_053078305.1;protein_3186,GCF_048571455.1;protein_2693,,,,,,,,
GCF_004358365.1;protein_3390,GCF_048568965.1;protein_454,GCF_000005845.2;protein_3256,GCF_053078305.1;protein_434,GCF_048571455.1;protein_5243,,,,,,,,
GCF_004358365.1;protein_3391,GCF_048568965.1;protein_455,GCF_000005845.2;protein_3255,GCF_053078305.1;protein_435,GCF_048571455.1;protein_5242,,,,,,,,
GCF_004358365.1;protein_3392,GCF_048568965.1;protein_456,GCF_000005845.2;protein_3254,GCF_053078305.1;protein_436,GCF_048571455.1;protein_5241,,,,,,,,
GCF_004358365.1;protein_3393,GCF_048568965.1;protein_457,GCF_000005845.2;protein_3253,GCF_053078305.1;protein_437,GCF_048571455.1;protein_5240,,,,,,,,
GCF_004358365.1;protein_3394,GCF_048568965.1;protein_458,GCF_000005845.2;protein_3252,GCF_053078305.1;protein_438,GCF_048571455.1;protein_5239,,,,,,,,
GCF_004358365.1;protein_3395,GCF_048568965.1;protein_459,GCF_000005845.2;protein_3251,GCF_053078305.1;protein_439,GCF_048571455.1;protein_5238,,,,,,,,
GCF_004358365.1;protein_3396,GCF_048568965.1;protein_460,GCF_000005845.2;protein_3250,GCF_053078305.1;protein_440,GCF_048571455.1;protein_5237,,,,,,,,
GCF_004358365.1;protein_3397,GCF_048568965.1;protein_461,GCF_000005845.2;protein_3249,GCF_053078305.1;protein_441,GCF_048571455.1;protein_5236,,,,,,,,
GCF_004358365.1;protein_3398,GCF_048568965.1;protein_462,GCF_000005845.2;protein_3248,GCF_053078305.1;protein_442,GCF_048571455.1;protein_5235,,,,,,,,
GCF_004358365.1;protein_3399,GCF_048568965.1;protein_463,GCF_000005845.2;protein_3247,GCF_053078305.1;protein_443,GCF_048571455.1;protein_5234,,,,,,,,
GCF_004358365.1;protein_34,GCF_048568965.1;protein_3009,GCF_000005845.2;protein_1499,GCF_053078305.1;protein_2898,GCF_048571455.1;protein_2924,,,,,,,,
GCF_004358365.1;protein_340,GCF_048568965.1;protein_3206,GCF_000005845.2;protein_1239,GCF_053078305.1;protein_3187,GCF_048571455.1;protein_2692,,,,,,,,
GCF_004358365.1;protein_3400,GCF_048568965.1;protein_464,GCF_000005845.2;protein_3246,GCF_053078305.1;protein_444,GCF_048571455.1;protein_5233,,,,,,,,
GCF_004358365.1;protein_3401,GCF_048568965.1;protein_465,GCF_000005845.2;protein_3245,GCF_053078305.1;protein_445,GCF_048571455.1;protein_5232,,,,,,,,
GCF_004358365.1;protein_3402,GCF_048568965.1;protein_466,GCF_000005845.2;protein_3244,GCF_053078305.1;protein_446,GCF_048571455.1;protein_5231,,,,,,,,
GCF_004358365.1;protein_3403,GCF_048568965.1;protein_467,GCF_000005845.2;protein_3243,GCF_053078305.1;protein_447,GCF_048571455.1;protein_5230,,,,,,,,
GCF_004358365.1;protein_3404,GCF_048568965.1;protein_468,GCF_000005845.2;protein_3242,GCF_053078305.1;protein_448,GCF_048571455.1;protein_5229,,,,,,,,
GCF_004358365.1;protein_3405,GCF_048568965.1;protein_469,GCF_000005845.2;protein_3241,GCF_053078305.1;protein_449,GCF_048571455.1;protein_5228,,,,,,,,
GCF_004358365.1;protein_3406,GCF_048568965.1;protein_470,GCF_000005845.2;protein_3240,GCF_053078305.1;protein_450,GCF_048571455.1;protein_5227,,,,,,,,
GCF_004358365.1;protein_3407,GCF_048568965.1;protein_471,GCF_000005845.2;protein_3239,GCF_053078305.1;protein_451,GCF_048571455.1;protein_5226,,,,,,,,
GCF_004358365.1;protein_3408,GCF_048568965.1;protein_472,GCF_000005845.2;protein_3238,GCF_053078305.1;protein_452,GCF_048571455.1;protein_5225,,,,,,,,
GCF_004358365.1;protein_3409,GCF_048568965.1;protein_473,GCF_000005845.2;protein_3237,GCF_053078305.1;protein_453,GCF_048571455.1;protein_5224,,,,,,,,
GCF_004358365.1;protein_341,GCF_048568965.1;protein_3207,GCF_000005845.2;protein_1238,GCF_053078305.1;protein_3188,GCF_048571455.1;protein_2691,,,,,,,,
GCF_004358365.1;protein_3410,GCF_048568965.1;protein_474,GCF_000005845.2;protein_3236,GCF_053078305.1;protein_454,GCF_048571455.1;protein_5223,,,,,,,,
GCF_004358365.1;protein_3411,GCF_048568965.1;protein_475,GCF_000005845.2;protein_3235,GCF_053078305.1;protein_455,GCF_048571455.1;protein_5222,,,,,,,,
GCF_004358365.1;protein_3412,GCF_048568965.1;protein_476,GCF_000005845.2;protein_3234,GCF_053078305.1;protein_456,GCF_048571455.1;protein_5221,,,,,,,,
GCF_004358365.1;protein_3413,GCF_048568965.1;protein_477,GCF_000005845.2;protein_3233,GCF_053078305.1;protein_457,GCF_048571455.1;protein_5220,,,,,,,,
GCF_004358365.1;protein_3414,GCF_048568965.1;protein_478,GCF_000005845.2;protein_3232,GCF_053078305.1;protein_458,GCF_048571455.1;protein_5219,,,,,,,,
GCF_004358365.1;protein_3415,GCF_048568965.1;protein_479,GCF_000005845.2;protein_3231,GCF_053078305.1;protein_459,GCF_048571455.1;protein_5218,,,,,,,,
GCF_004358365.1;protein_3416,GCF_048568965.1;protein_480,GCF_000005845.2;protein_3230,GCF_053078305.1;protein_460,GCF_048571455.1;protein_5217,,,,,,,,
GCF_004358365.1;protein_3417,GCF_048568965.1;protein_481,GCF_000005845.2;protein_3229,GCF_053078305.1;protein_461,GCF_048571455.1;protein_5216,,,,,,,,
GCF_004358365.1;protein_3418,GCF_048568965.1;protein_482,GCF_000005845.2;protein_3228,GCF_053078305.1;protein_462,GCF_048571455.1;protein_5215,,,,,,,,
GCF_004358365.1;protein_3419,GCF_048568965.1;protein_483,GCF_000005845.2;protein_3227,GCF_053078305.1;protein_463,GCF_048571455.1;protein_5214,,,,,,,,
GCF_004358365.1;protein_342,GCF_048568965.1;protein_3208,GCF_000005845.2;protein_1237,GCF_053078305.1;protein_3189,GCF_048571455.1;protein_2690,,,,,,,,
GCF_004358365.1;protein_3420,GCF_048568965.1;protein_484,GCF_000005845.2;protein_3226,GCF_053078305.1;protein_464,GCF_048571455.1;protein_5213,,,,,,,,
GCF_004358365.1;protein_3421,GCF_048568965.1;protein_485,GCF_000005845.2;protein_3225,GCF_053078305.1;protein_465,GCF_048571455.1;protein_5212,,,,,,,,
GCF_004358365.1;protein_3422,GCF_048568965.1;protein_486,GCF_000005845.2;protein_3224,GCF_053078305.1;protein_466,GCF_048571455.1;protein_5211,,,,,,,,
GCF_004358365.1;protein_3423,GCF_048568965.1;protein_487,GCF_000005845.2;protein_3223,GCF_053078305.1;protein_467,GCF_048571455.1;protein_5210,,,,,,,,
GCF_004358365.1;protein_3424,GCF_048568965.1;protein_488,GCF_000005845.2;protein_3222,GCF_053078305.1;protein_468,GCF_048571455.1;protein_5209,,,,,,,,
GCF_004358365.1;protein_3425,GCF_048568965.1;protein_489,GCF_000005845.2;protein_3221,GCF_053078305.1;protein_469,GCF_048571455.1;protein_5208,,,,,,,,
GCF_004358365.1;protein_3426,GCF_048568965.1;protein_490,GCF_000005845.2;protein_3220,GCF_053078305.1;protein_470,GCF_048571455.1;protein_5207,,,,,,,,
GCF_004358365.1;protein_3427,GCF_048568965.1;protein_491,GCF_000005845.2;protein_3219,GCF_053078305.1;protein_471,GCF_048571455.1;protein_5206,,,,,,,,
GCF_004358365.1;protein_3428,GCF_048568965.1;protein_492,GCF_000005845.2;protein_3218,GCF_053078305.1;protein_472,GCF_048571455.1;protein_5205,,,,,,,,
GCF_004358365.1;protein_3429,GCF_048568965.1;protein_493,GCF_000005845.2;protein_3217,GCF_053078305.1;protein_473,GCF_048571455.1;protein_5204,,,,,,,,
GCF_004358365.1;protein_343,GCF_048568965.1;protein_3209,GCF_000005845.2;protein_1236,GCF_053078305.1;protein_3190,GCF_048571455.1;protein_2689,,,,,,,,
GCF_004358365.1;protein_3430,GCF_048568965.1;protein_494,GCF_000005845.2;protein_3216,GCF_053078305.1;protein_474,GCF_048571455.1;protein_5203,,,,,,,,
GCF_004358365.1;protein_3431,GCF_048568965.1;protein_495,GCF_000005845.2;protein_3215,GCF_053078305.1;protein_475,GCF_048571455.1;protein_5202,,,,,,,,
GCF_004358365.1;protein_3432,GCF_048568965.1;protein_496,GCF_000005845.2;protein_3214,GCF_053078305.1;protein_476,GCF_048571455.1;protein_5201,,,,,,,,
GCF_004358365.1;protein_3433,GCF_048568965.1;protein_497,GCF_000005845.2;protein_3213,GCF_053078305.1;protein_477,GCF_048571455.1;protein_5200,,,,,,,,
GCF_004358365.1;protein_3434,GCF_048568965.1;protein_498,GCF_000005845.2;protein_3212,GCF_053078305.1;protein_478,GCF_048571455.1;protein_5199,,,,,,,,
GCF_004358365.1;protein_3435,GCF_048568965.1;protein_499,,,GCF_048571455.1;protein_5198,,,,,,,,
GCF_004358365.1;protein_3437,GCF_048568965.1;protein_501,,,GCF_048571455.1;protein_5196,,,,,,,,
GCF_004358365.1;protein_3438,GCF_048568965.1;protein_502,,GCF_053078305.1;protein_480,GCF_048571455.1;protein_5195,,,,,,,,
GCF_004358365.1;protein_3439,GCF_048568965.1;protein_503,GCF_000005845.2;protein_3210,GCF_053078305.1;protein_481,GCF_048571455.1;protein_5194,,,,,,,,
GCF_004358365.1;protein_344,GCF_048568965.1;protein_3210,GCF_000005845.2;protein_1235,GCF_053078305.1;protein_3191,GCF_048571455.1;protein_2688,,,,,,,,
GCF_004358365.1;protein_3440,GCF_048568965.1;protein_504,GCF_000005845.2;protein_3209,GCF_053078305.1;protein_482,GCF_048571455.1;protein_5193,,,,,,,,
GCF_004358365.1;protein_3441,GCF_048568965.1;protein_505,GCF_000005845.2;protein_3208,GCF_053078305.1;protein_483,GCF_048571455.1;protein_5192,,,,,,,,
GCF_004358365.1;protein_3442,GCF_048568965.1;protein_506,GCF_000005845.2;protein_3207,GCF_053078305.1;protein_484,GCF_048571455.1;protein_5191,,,,,,,,
GCF_004358365.1;protein_3443,GCF_048568965.1;protein_507,GCF_000005845.2;protein_3206,GCF_053078305.1;protein_485,GCF_048571455.1;protein_5190,,,,,,,,
GCF_004358365.1;protein_3444,GCF_048568965.1;protein_508,GCF_000005845.2;protein_3205,GCF_053078305.1;protein_486,GCF_048571455.1;protein_5189,,,,,,,,
GCF_004358365.1;protein_3445,GCF_048568965.1;protein_509,GCF_000005845.2;protein_3204,GCF_053078305.1;protein_487,GCF_048571455.1;protein_5188,,,,,,,,
GCF_004358365.1;protein_3446,GCF_048568965.1;protein_510,GCF_000005845.2;protein_3203,GCF_053078305.1;protein_488,GCF_048571455.1;protein_5187,,,,,,,,
GCF_004358365.1;protein_3447,GCF_048568965.1;protein_511,GCF_000005845.2;protein_3202,GCF_053078305.1;protein_489,GCF_048571455.1;protein_5186,,,,,,,,
GCF_004358365.1;protein_3448,GCF_048568965.1;protein_512,GCF_000005845.2;protein_3201,GCF_053078305.1;protein_490,GCF_048571455.1;protein_5185,,,,,,,,
GCF_004358365.1;protein_3449,GCF_048568965.1;protein_513,GCF_000005845.2;protein_3200,GCF_053078305.1;protein_491,GCF_048571455.1;protein_5184,,,,,,,,
GCF_004358365.1;protein_345,GCF_048568965.1;protein_3211,,,GCF_048571455.1;protein_2687,,,,,,,,
GCF_004358365.1;protein_3450,GCF_048568965.1;protein_514,,,GCF_048571455.1;protein_5183,,,,,,,,
GCF_004358365.1;protein_3451,GCF_048568965.1;protein_515,,,GCF_048571455.1;protein_5182,,,,,,,,
GCF_004358365.1;protein_3452,GCF_048568965.1;protein_516,,,GCF_048571455.1;protein_5181,,,,,,,,
GCF_004358365.1;protein_3453,GCF_048568965.1;protein_517,,,GCF_048571455.1;protein_5180,,,,,,,,
GCF_004358365.1;protein_3454,GCF_048568965.1;protein_518,,,GCF_048571455.1;protein_5179,,,,,,,,
GCF_004358365.1;protein_3455,GCF_048568965.1;protein_519,,,GCF_048571455.1;protein_5178,,,,,,,,
GCF_004358365.1;protein_3456,GCF_048568965.1;protein_520,,,GCF_048571455.1;protein_5177,,,,,,,,
GCF_004358365.1;protein_3457,GCF_048568965.1;protein_521,,,GCF_048571455.1;protein_5176,,,,,,,,
GCF_004358365.1;protein_3458,GCF_048568965.1;protein_522,GCF_000005845.2;protein_3199,GCF_053078305.1;protein_492,GCF_048571455.1;protein_5175,,,,,,,,
GCF_004358365.1;protein_3459,GCF_048568965.1;protein_523,GCF_000005845.2;protein_3198,GCF_053078305.1;protein_493,GCF_048571455.1;protein_5174,,,,,,,,
GCF_004358365.1;protein_346,GCF_048568965.1;protein_3212,,,GCF_048571455.1;protein_2630,,,,,,,,
GCF_004358365.1;protein_3460,GCF_048568965.1;protein_524,,,GCF_048571455.1;protein_5173,,,,,,,,
GCF_004358365.1;protein_3461,GCF_048568965.1;protein_525,GCF_000005845.2;protein_3197,GCF_053078305.1;protein_494,GCF_048571455.1;protein_5172,,,,,,,,
GCF_004358365.1;protein_3462,GCF_048568965.1;protein_526,GCF_000005845.2;protein_3196,GCF_053078305.1;protein_495,GCF_048571455.1;protein_5171,,,,,,,,
GCF_004358365.1;protein_3463,GCF_048568965.1;protein_527,GCF_000005845.2;protein_3195,GCF_053078305.1;protein_496,GCF_048571455.1;protein_5170,,,,,,,,
GCF_004358365.1;protein_3464,GCF_048568965.1;protein_528,GCF_000005845.2;protein_3194,GCF_053078305.1;protein_497,GCF_048571455.1;protein_5169,,,,,,,,
GCF_004358365.1;protein_3465,GCF_048568965.1;protein_529,GCF_000005845.2;protein_3193,GCF_053078305.1;protein_498,GCF_048571455.1;protein_5168,,,,,,,,
GCF_004358365.1;protein_3466,GCF_048568965.1;protein_530,GCF_000005845.2;protein_3192,GCF_053078305.1;protein_499,GCF_048571455.1;protein_5167,,,,,,,,
GCF_004358365.1;protein_3467,GCF_048568965.1;protein_531,GCF_000005845.2;protein_3191,GCF_053078305.1;protein_500,GCF_048571455.1;protein_5166,,,,,,,,
GCF_004358365.1;protein_3468,GCF_048568965.1;protein_532,GCF_000005845.2;protein_3190,GCF_053078305.1;protein_501,GCF_048571455.1;protein_5165,,,,,,,,
GCF_004358365.1;protein_3469,GCF_048568965.1;protein_533,GCF_000005845.2;protein_3189,GCF_053078305.1;protein_502,GCF_048571455.1;protein_5164,,,,,,,,
GCF_004358365.1;protein_347,GCF_048568965.1;protein_3213,,,GCF_048571455.1;protein_2629,,,,,,,,
GCF_004358365.1;protein_3470,GCF_048568965.1;protein_534,GCF_000005845.2;protein_3188,GCF_053078305.1;protein_503,GCF_048571455.1;protein_5163,,,,,,,,
GCF_004358365.1;protein_3471,GCF_048568965.1;protein_535,GCF_000005845.2;protein_3187,GCF_053078305.1;protein_504,GCF_048571455.1;protein_5162,,,,,,,,
GCF_004358365.1;protein_3472,GCF_048568965.1;protein_536,GCF_000005845.2;protein_3186,GCF_053078305.1;protein_505,GCF_048571455.1;protein_5161,,,,,,,,
GCF_004358365.1;protein_3473,GCF_048568965.1;protein_537,GCF_000005845.2;protein_3185,GCF_053078305.1;protein_506,GCF_048571455.1;protein_5160,,,,,,,,
GCF_004358365.1;protein_3474,GCF_048568965.1;protein_538,GCF_000005845.2;protein_3184,GCF_053078305.1;protein_507,GCF_048571455.1;protein_5159,,,,,,,,
GCF_004358365.1;protein_3475,GCF_048568965.1;protein_539,GCF_000005845.2;protein_3183,GCF_053078305.1;protein_508,GCF_048571455.1;protein_5158,,,,,,,,
GCF_004358365.1;protein_3476,GCF_048568965.1;protein_540,GCF_000005845.2;protein_3182,GCF_053078305.1;protein_509,GCF_048571455.1;protein_5157,,,,,,,,
GCF_004358365.1;protein_3477,GCF_048568965.1;protein_541,GCF_000005845.2;protein_3181,GCF_053078305.1;protein_510,GCF_048571455.1;protein_5156,,,,,,,,
GCF_004358365.1;protein_3478,GCF_048568965.1;protein_542,GCF_000005845.2;protein_3180,GCF_053078305.1;protein_511,GCF_048571455.1;protein_5155,,,,,,,,
GCF_004358365.1;protein_3479,GCF_048568965.1;protein_543,GCF_000005845.2;protein_3179,GCF_053078305.1;protein_512,GCF_048571455.1;protein_5154,,,,,,,,
GCF_004358365.1;protein_348,GCF_048568965.1;protein_3214,,,GCF_048571455.1;protein_2628,,,,,,,,
GCF_004358365.1;protein_3480,GCF_048568965.1;protein_544,GCF_000005845.2;protein_3178,GCF_053078305.1;protein_513,GCF_048571455.1;protein_5153,,,,,,,,
GCF_004358365.1;protein_3481,GCF_048568965.1;protein_545,GCF_000005845.2;protein_3177,GCF_053078305.1;protein_514,GCF_048571455.1;protein_5152,,,,,,,,
GCF_004358365.1;protein_3482,GCF_048568965.1;protein_546,GCF_000005845.2;protein_3176,GCF_053078305.1;protein_515,GCF_048571455.1;protein_5151,,,,,,,,
GCF_004358365.1;protein_3483,GCF_048568965.1;protein_547,GCF_000005845.2;protein_3175,GCF_053078305.1;protein_516,GCF_048571455.1;protein_5150,,,,,,,,
GCF_004358365.1;protein_3484,GCF_048568965.1;protein_548,GCF_000005845.2;protein_3174,GCF_053078305.1;protein_517,GCF_048571455.1;protein_5149,,,,,,,,
GCF_004358365.1;protein_3485,GCF_048568965.1;protein_549,GCF_000005845.2;protein_3173,GCF_053078305.1;protein_518,GCF_048571455.1;protein_5148,,,,,,,,
GCF_004358365.1;protein_3486,GCF_048568965.1;protein_550,GCF_000005845.2;protein_3172,GCF_053078305.1;protein_519,GCF_048571455.1;protein_5147,,,,,,,,
GCF_004358365.1;protein_3487,GCF_048568965.1;protein_551,GCF_000005845.2;protein_3171,GCF_053078305.1;protein_520,GCF_048571455.1;protein_5146,,,,,,,,
GCF_004358365.1;protein_3488,GCF_048568965.1;protein_552,GCF_000005845.2;protein_3170,GCF_053078305.1;protein_521,GCF_048571455.1;protein_5145,,,,,,,,
GCF_004358365.1;protein_3489,GCF_048568965.1;protein_553,GCF_000005845.2;protein_3169,GCF_053078305.1;protein_522,GCF_048571455.1;protein_5144,,,,,,,,
GCF_004358365.1;protein_349,GCF_048568965.1;protein_3215,,,GCF_048571455.1;protein_2627,,,,,,,,
GCF_004358365.1;protein_3490,GCF_048568965.1;protein_554,GCF_000005845.2;protein_3168,GCF_053078305.1;protein_523,GCF_048571455.1;protein_5143,,,,,,,,
GCF_004358365.1;protein_3491,GCF_048568965.1;protein_555,GCF_000005845.2;protein_3167,GCF_053078305.1;protein_524,GCF_048571455.1;protein_5142,,,,,,,,
GCF_004358365.1;protein_3492,GCF_048568965.1;protein_556,GCF_000005845.2;protein_3166,GCF_053078305.1;protein_525,GCF_048571455.1;protein_5141,,,,,,,,
GCF_004358365.1;protein_3493,GCF_048568965.1;protein_557,,,GCF_048571455.1;protein_5140,,,,,,,,
GCF_004358365.1;protein_3494,GCF_048568965.1;protein_558,GCF_000005845.2;protein_3158,GCF_053078305.1;protein_527,GCF_048571455.1;protein_5139,,,,,,,,
GCF_004358365.1;protein_3495,GCF_048568965.1;protein_559,GCF_000005845.2;protein_3157,GCF_053078305.1;protein_528,GCF_048571455.1;protein_5138,,,,,,,,
GCF_004358365.1;protein_3496,GCF_048568965.1;protein_560,GCF_000005845.2;protein_3156,GCF_053078305.1;protein_529,GCF_048571455.1;protein_5137,,,,,,,,
GCF_004358365.1;protein_3497,GCF_048568965.1;protein_561,GCF_000005845.2;protein_3155,GCF_053078305.1;protein_530,GCF_048571455.1;protein_5136,,,,,,,,
GCF_004358365.1;protein_3498,GCF_048568965.1;protein_562,GCF_000005845.2;protein_3154,GCF_053078305.1;protein_531,GCF_048571455.1;protein_5135,,,,,,,,
GCF_004358365.1;protein_3499,GCF_048568965.1;protein_563,GCF_000005845.2;protein_3153,GCF_053078305.1;protein_532,GCF_048571455.1;protein_5134,,,,,,,,
GCF_004358365.1;protein_35,GCF_048568965.1;protein_3008,GCF_000005845.2;protein_1498,GCF_053078305.1;protein_2899,GCF_048571455.1;protein_2923,,,,,,,,
GCF_004358365.1;protein_350,GCF_048568965.1;protein_3216,,,GCF_048571455.1;protein_2626,,,,,,,,
GCF_004358365.1;protein_3500,GCF_048568965.1;protein_564,GCF_000005845.2;protein_3152,GCF_053078305.1;protein_533,GCF_048571455.1;protein_5133,,,,,,,,
GCF_004358365.1;protein_3501,GCF_048568965.1;protein_565,GCF_000005845.2;protein_3151,GCF_053078305.1;protein_534,GCF_048571455.1;protein_5132,,,,,,,,
GCF_004358365.1;protein_3502,GCF_048568965.1;protein_566,GCF_000005845.2;protein_3150,GCF_053078305.1;protein_535,GCF_048571455.1;protein_5131,,,,,,,,
GCF_004358365.1;protein_3503,GCF_048568965.1;protein_567,GCF_000005845.2;protein_3149,GCF_053078305.1;protein_536,GCF_048571455.1;protein_5130,,,,,,,,
GCF_004358365.1;protein_3504,GCF_048568965.1;protein_568,GCF_000005845.2;protein_3148,GCF_053078305.1;protein_537,GCF_048571455.1;protein_5129,,,,,,,,
GCF_004358365.1;protein_3505,GCF_048568965.1;protein_569,GCF_000005845.2;protein_3147,GCF_053078305.1;protein_538,GCF_048571455.1;protein_5128,,,,,,,,
GCF_004358365.1;protein_3506,GCF_048568965.1;protein_570,GCF_000005845.2;protein_3146,GCF_053078305.1;protein_539,GCF_048571455.1;protein_5127,,,,,,,,
GCF_004358365.1;protein_3507,GCF_048568965.1;protein_571,GCF_000005845.2;protein_3145,GCF_053078305.1;protein_540,GCF_048571455.1;protein_5126,,,,,,,,
GCF_004358365.1;protein_3508,GCF_048568965.1;protein_572,GCF_000005845.2;protein_3144,GCF_053078305.1;protein_541,GCF_048571455.1;protein_5125,,,,,,,,
GCF_004358365.1;protein_3509,GCF_048568965.1;protein_573,GCF_000005845.2;protein_3143,GCF_053078305.1;protein_542,GCF_048571455.1;protein_5124,,,,,,,,
GCF_004358365.1;protein_351,GCF_048568965.1;protein_3217,,,GCF_048571455.1;protein_2625,,,,,,,,
GCF_004358365.1;protein_3510,GCF_048568965.1;protein_574,GCF_000005845.2;protein_3142,GCF_053078305.1;protein_543,GCF_048571455.1;protein_5123,,,,,,,,
GCF_004358365.1;protein_3511,GCF_048568965.1;protein_575,GCF_000005845.2;protein_3141,GCF_053078305.1;protein_544,GCF_048571455.1;protein_5122,,,,,,,,
GCF_004358365.1;protein_3512,GCF_048568965.1;protein_576,GCF_000005845.2;protein_3140,GCF_053078305.1;protein_545,GCF_048571455.1;protein_5121,,,,,,,,
GCF_004358365.1;protein_3513,GCF_048568965.1;protein_577,GCF_000005845.2;protein_3139,GCF_053078305.1;protein_546,GCF_048571455.1;protein_5120,,,,,,,,
GCF_004358365.1;protein_3514,GCF_048568965.1;protein_578,GCF_000005845.2;protein_3138,GCF_053078305.1;protein_547,GCF_048571455.1;protein_5119,,,,,,,,
GCF_004358365.1;protein_3515,GCF_048568965.1;protein_579,GCF_000005845.2;protein_3137,GCF_053078305.1;protein_548,GCF_048571455.1;protein_5118,,,,,,,,
GCF_004358365.1;protein_3516,GCF_048568965.1;protein_580,GCF_000005845.2;protein_3136,GCF_053078305.1;protein_549,GCF_048571455.1;protein_5117,,,,,,,,
GCF_004358365.1;protein_3517,GCF_048568965.1;protein_581,GCF_000005845.2;protein_3135,GCF_053078305.1;protein_550,GCF_048571455.1;protein_5116,,,,,,,,
GCF_004358365.1;protein_3518,GCF_048568965.1;protein_582,GCF_000005845.2;protein_3134,GCF_053078305.1;protein_551,GCF_048571455.1;protein_5115,,,,,,,,
GCF_004358365.1;protein_3519,GCF_048568965.1;protein_583,GCF_000005845.2;protein_3133,GCF_053078305.1;protein_552,GCF_048571455.1;protein_5114,,,,,,,,
GCF_004358365.1;protein_352,GCF_048568965.1;protein_3218,,,GCF_048571455.1;protein_2624,,,,,,,,
GCF_004358365.1;protein_3520,GCF_048568965.1;protein_584,GCF_000005845.2;protein_3132,GCF_053078305.1;protein_553,GCF_048571455.1;protein_5113,,,,,,,,
GCF_004358365.1;protein_3521,GCF_048568965.1;protein_585,GCF_000005845.2;protein_3131,GCF_053078305.1;protein_554,GCF_048571455.1;protein_5112,,,,,,,,
GCF_004358365.1;protein_3522,GCF_048568965.1;protein_586,GCF_000005845.2;protein_3130,GCF_053078305.1;protein_555,GCF_048571455.1;protein_5111,,,,,,,,
GCF_004358365.1;protein_3523,GCF_048568965.1;protein_587,GCF_000005845.2;protein_3129,GCF_053078305.1;protein_556,GCF_048571455.1;protein_5110,,,,,,,,
GCF_004358365.1;protein_3524,GCF_048568965.1;protein_588,GCF_000005845.2;protein_3128,GCF_053078305.1;protein_557,GCF_048571455.1;protein_5109,,,,,,,,
GCF_004358365.1;protein_3525,GCF_048568965.1;protein_589,GCF_000005845.2;protein_3127,GCF_053078305.1;protein_558,GCF_048571455.1;protein_5108,,,,,,,,
GCF_004358365.1;protein_3526,GCF_048568965.1;protein_590,GCF_000005845.2;protein_3126,GCF_053078305.1;protein_559,GCF_048571455.1;protein_5107,,,,,,,,
GCF_004358365.1;protein_3527,GCF_048568965.1;protein_591,GCF_000005845.2;protein_3125,GCF_053078305.1;protein_560,GCF_048571455.1;protein_5106,,,,,,,,
GCF_004358365.1;protein_3528,GCF_048568965.1;protein_592,GCF_000005845.2;protein_3124,GCF_053078305.1;protein_561,GCF_048571455.1;protein_5105,,,,,,,,
GCF_004358365.1;protein_3529,GCF_048568965.1;protein_593,GCF_000005845.2;protein_3123,GCF_053078305.1;protein_562,GCF_048571455.1;protein_5104,,,,,,,,
GCF_004358365.1;protein_3530,GCF_048568965.1;protein_594,GCF_000005845.2;protein_3122,GCF_053078305.1;protein_563,GCF_048571455.1;protein_5103,,,,,,,,
GCF_004358365.1;protein_3531,GCF_048568965.1;protein_595,GCF_000005845.2;protein_3121,GCF_053078305.1;protein_564,GCF_048571455.1;protein_5102,,,,,,,,
GCF_004358365.1;protein_3532,GCF_048568965.1;protein_596,GCF_000005845.2;protein_3120,GCF_053078305.1;protein_565,GCF_048571455.1;protein_5101,,,,,,,,
GCF_004358365.1;protein_3533,GCF_048568965.1;protein_597,GCF_000005845.2;protein_3119,GCF_053078305.1;protein_566,GCF_048571455.1;protein_5100,,,,,,,,
GCF_004358365.1;protein_3534,GCF_048568965.1;protein_598,GCF_000005845.2;protein_3118,GCF_053078305.1;protein_567,GCF_048571455.1;protein_5099,,,,,,,,
GCF_004358365.1;protein_3535,GCF_048568965.1;protein_599,GCF_000005845.2;protein_3117,GCF_053078305.1;protein_568,GCF_048571455.1;protein_5098,,,,,,,,
GCF_004358365.1;protein_3536,GCF_048568965.1;protein_600,GCF_000005845.2;protein_3116,GCF_053078305.1;protein_569,GCF_048571455.1;protein_5097,,,,,,,,
GCF_048571455.1;protein_5096,GCF_053078305.1;protein_570,GCF_000005845.2;protein_3115,,GCF_004358365.1;protein_3537,GCF_048568965.1;protein_601,GCF_000005845.2;protein_3113,GCF_000005845.2;protein_3114,,,,,
GCF_004358365.1;protein_3538,GCF_048568965.1;protein_602,GCF_000005845.2;protein_3112,GCF_053078305.1;protein_571,GCF_048571455.1;protein_5095,,,,,,,,
GCF_004358365.1;protein_3539,GCF_048568965.1;protein_603,GCF_000005845.2;protein_3111,GCF_053078305.1;protein_572,GCF_048571455.1;protein_5094,,,,,,,,
GCF_004358365.1;protein_354,GCF_048568965.1;protein_3222,,,GCF_048571455.1;protein_2620,,,,,,,,
GCF_004358365.1;protein_3540,GCF_048568965.1;protein_604,GCF_000005845.2;protein_3110,GCF_053078305.1;protein_573,GCF_048571455.1;protein_5093,,,,,,,,
GCF_004358365.1;protein_3541,GCF_048568965.1;protein_605,GCF_000005845.2;protein_3109,GCF_053078305.1;protein_574,GCF_048571455.1;protein_5092,,,,,,,,
GCF_004358365.1;protein_3542,GCF_048568965.1;protein_606,GCF_000005845.2;protein_3108,GCF_053078305.1;protein_575,GCF_048571455.1;protein_5091,,,,,,,,
GCF_004358365.1;protein_3543,GCF_048568965.1;protein_607,GCF_000005845.2;protein_3107,GCF_053078305.1;protein_576,GCF_048571455.1;protein_5090,,,,,,,,
GCF_004358365.1;protein_3544,GCF_048568965.1;protein_608,GCF_000005845.2;protein_3106,GCF_053078305.1;protein_577,GCF_048571455.1;protein_5089,,,,,,,,
GCF_004358365.1;protein_3545,GCF_048568965.1;protein_609,GCF_000005845.2;protein_3105,GCF_053078305.1;protein_578,GCF_048571455.1;protein_5088,,,,,,,,
GCF_004358365.1;protein_3547,GCF_048568965.1;protein_611,GCF_000005845.2;protein_3104,GCF_053078305.1;protein_579,GCF_048571455.1;protein_5086,,,,,,,,
GCF_004358365.1;protein_3548,GCF_048568965.1;protein_612,GCF_000005845.2;protein_3103,GCF_053078305.1;protein_580,GCF_048571455.1;protein_5085,,,,,,,,
GCF_004358365.1;protein_3549,GCF_048568965.1;protein_613,GCF_000005845.2;protein_3102,GCF_053078305.1;protein_581,GCF_048571455.1;protein_5084,,,,,,,,
GCF_004358365.1;protein_355,GCF_048568965.1;protein_3223,,,GCF_048571455.1;protein_2619,,,,,,,,
GCF_004358365.1;protein_3550,GCF_048568965.1;protein_614,GCF_000005845.2;protein_3101,GCF_053078305.1;protein_582,GCF_048571455.1;protein_5083,,,,,,,,
GCF_004358365.1;protein_3551,GCF_048568965.1;protein_615,GCF_000005845.2;protein_3100,GCF_053078305.1;protein_583,GCF_048571455.1;protein_5082,,,,,,,,
GCF_004358365.1;protein_3552,GCF_048568965.1;protein_616,GCF_000005845.2;protein_3099,GCF_053078305.1;protein_584,GCF_048571455.1;protein_5081,,,,,,,,
GCF_004358365.1;protein_3553,GCF_048568965.1;protein_617,GCF_000005845.2;protein_3098,GCF_053078305.1;protein_585,GCF_048571455.1;protein_5080,,,,,,,,
GCF_004358365.1;protein_3554,GCF_048568965.1;protein_618,GCF_000005845.2;protein_3097,GCF_053078305.1;protein_586,GCF_048571455.1;protein_5079,,,,,,,,
GCF_004358365.1;protein_3555,GCF_048568965.1;protein_619,GCF_000005845.2;protein_3096,GCF_053078305.1;protein_587,GCF_048571455.1;protein_5078,,,,,,,,
GCF_004358365.1;protein_3556,GCF_048568965.1;protein_620,GCF_000005845.2;protein_3095,GCF_053078305.1;protein_588,GCF_048571455.1;protein_5077,,,,,,,,
GCF_004358365.1;protein_3557,GCF_048568965.1;protein_621,GCF_000005845.2;protein_3094,GCF_053078305.1;protein_589,GCF_048571455.1;protein_5076,,,,,,,,
GCF_004358365.1;protein_3558,GCF_048568965.1;protein_622,GCF_000005845.2;protein_3093,GCF_053078305.1;protein_590,GCF_048571455.1;protein_5075,,,,,,,,
GCF_004358365.1;protein_3559,GCF_048568965.1;protein_623,GCF_000005845.2;protein_3092,GCF_053078305.1;protein_591,GCF_048571455.1;protein_5074,,,,,,,,
GCF_004358365.1;protein_356,GCF_048568965.1;protein_3224,,,GCF_048571455.1;protein_2618,,,,,,,,
GCF_004358365.1;protein_3560,GCF_048568965.1;protein_624,GCF_000005845.2;protein_3091,GCF_053078305.1;protein_592,GCF_048571455.1;protein_5073,,,,,,,,
GCF_004358365.1;protein_3561,GCF_048568965.1;protein_625,GCF_000005845.2;protein_3090,GCF_053078305.1;protein_593,GCF_048571455.1;protein_5072,,,,,,,,
GCF_004358365.1;protein_3562,GCF_048568965.1;protein_626,GCF_000005845.2;protein_3089,GCF_053078305.1;protein_594,GCF_048571455.1;protein_5071,,,,,,,,
GCF_004358365.1;protein_3563,GCF_048568965.1;protein_627,GCF_000005845.2;protein_3088,GCF_053078305.1;protein_595,GCF_048571455.1;protein_5070,,,,,,,,
GCF_004358365.1;protein_3564,GCF_048568965.1;protein_628,GCF_000005845.2;protein_3087,GCF_053078305.1;protein_596,GCF_048571455.1;protein_5069,,,,,,,,
GCF_004358365.1;protein_3565,GCF_048568965.1;protein_629,GCF_000005845.2;protein_3086,GCF_053078305.1;protein_597,GCF_048571455.1;protein_5068,,,,,,,,
GCF_004358365.1;protein_3566,GCF_048568965.1;protein_630,GCF_000005845.2;protein_3085,GCF_053078305.1;protein_598,GCF_048571455.1;protein_5067,,,,,,,,
GCF_004358365.1;protein_3567,GCF_048568965.1;protein_631,GCF_000005845.2;protein_3084,GCF_053078305.1;protein_599,GCF_048571455.1;protein_5066,,,,,,,,
GCF_004358365.1;protein_3568,GCF_048568965.1;protein_632,GCF_000005845.2;protein_3083,GCF_053078305.1;protein_600,GCF_048571455.1;protein_5065,,,,,,,,
GCF_004358365.1;protein_3569,GCF_048568965.1;protein_633,GCF_000005845.2;protein_3082,GCF_053078305.1;protein_601,GCF_048571455.1;protein_5064,,,,,,,,
GCF_004358365.1;protein_3570,GCF_048568965.1;protein_634,GCF_000005845.2;protein_3081,GCF_053078305.1;protein_602,GCF_048571455.1;protein_5063,,,,,,,,
GCF_004358365.1;protein_3571,GCF_048568965.1;protein_635,GCF_000005845.2;protein_3080,GCF_053078305.1;protein_603,GCF_048571455.1;protein_5062,,,,,,,,
GCF_004358365.1;protein_3572,GCF_048568965.1;protein_636,,GCF_053078305.1;protein_604,GCF_048571455.1;protein_5061,,,,,,,,
GCF_004358365.1;protein_3573,GCF_048568965.1;protein_637,,GCF_053078305.1;protein_605,GCF_048571455.1;protein_5060,,,,,,,,
GCF_004358365.1;protein_3574,GCF_048568965.1;protein_638,,GCF_053078305.1;protein_606,GCF_048571455.1;protein_5059,,,,,,,,
GCF_004358365.1;protein_3575,GCF_048568965.1;protein_639,,GCF_053078305.1;protein_607,GCF_048571455.1;protein_5058,,,,,,,,
GCF_004358365.1;protein_3576,GCF_048568965.1;protein_640,GCF_000005845.2;protein_3079,GCF_053078305.1;protein_608,GCF_048571455.1;protein_5057,,,,,,,,
GCF_004358365.1;protein_3577,GCF_048568965.1;protein_641,GCF_000005845.2;protein_3078,GCF_053078305.1;protein_609,GCF_048571455.1;protein_5056,,,,,,,,
GCF_004358365.1;protein_3578,GCF_048568965.1;protein_642,GCF_000005845.2;protein_3077,GCF_053078305.1;protein_610,GCF_048571455.1;protein_5055,,,,,,,,
GCF_004358365.1;protein_3579,GCF_048568965.1;protein_643,GCF_000005845.2;protein_3076,GCF_053078305.1;protein_611,GCF_048571455.1;protein_5054,,,,,,,,
GCF_004358365.1;protein_3580,GCF_048568965.1;protein_644,GCF_000005845.2;protein_3075,GCF_053078305.1;protein_612,GCF_048571455.1;protein_5053,,,,,,,,
GCF_004358365.1;protein_3581,GCF_048568965.1;protein_645,GCF_000005845.2;protein_3074,GCF_053078305.1;protein_613,GCF_048571455.1;protein_5052,,,,,,,,
GCF_004358365.1;protein_3582,GCF_048568965.1;protein_646,GCF_000005845.2;protein_3073,GCF_053078305.1;protein_614,GCF_048571455.1;protein_5051,,,,,,,,
GCF_004358365.1;protein_3583,GCF_048568965.1;protein_647,GCF_000005845.2;protein_3072,GCF_053078305.1;protein_615,GCF_048571455.1;protein_5050,,,,,,,,
GCF_004358365.1;protein_3584,GCF_048568965.1;protein_648,GCF_000005845.2;protein_3071,GCF_053078305.1;protein_616,GCF_048571455.1;protein_5049,,,,,,,,
GCF_004358365.1;protein_3585,GCF_048568965.1;protein_649,GCF_000005845.2;protein_3070,GCF_053078305.1;protein_617,GCF_048571455.1;protein_5048,,,,,,,,
GCF_004358365.1;protein_3586,GCF_048568965.1;protein_650,GCF_000005845.2;protein_3069,GCF_053078305.1;protein_618,GCF_048571455.1;protein_5047,,,,,,,,
GCF_004358365.1;protein_3587,GCF_048568965.1;protein_651,GCF_000005845.2;protein_3068,GCF_053078305.1;protein_619,GCF_048571455.1;protein_5046,,,,,,,,
GCF_004358365.1;protein_3588,GCF_048568965.1;protein_652,GCF_000005845.2;protein_3067,GCF_053078305.1;protein_620,GCF_048571455.1;protein_5045,,,,,,,,
GCF_004358365.1;protein_3589,GCF_048568965.1;protein_653,GCF_000005845.2;protein_3066,GCF_053078305.1;protein_621,GCF_048571455.1;protein_5044,,,,,,,,
GCF_004358365.1;protein_3590,GCF_048568965.1;protein_654,GCF_000005845.2;protein_3065,GCF_053078305.1;protein_622,GCF_048571455.1;protein_5043,,,,,,,,
GCF_004358365.1;protein_3591,GCF_048568965.1;protein_655,GCF_000005845.2;protein_3064,GCF_053078305.1;protein_623,GCF_048571455.1;protein_5042,,,,,,,,
GCF_004358365.1;protein_3592,GCF_048568965.1;protein_656,GCF_000005845.2;protein_3063,GCF_053078305.1;protein_624,GCF_048571455.1;protein_5041,,,,,,,,
GCF_004358365.1;protein_3593,GCF_048568965.1;protein_657,GCF_000005845.2;protein_3062,GCF_053078305.1;protein_625,GCF_048571455.1;protein_5040,,,,,,,,
GCF_004358365.1;protein_3594,GCF_048568965.1;protein_658,GCF_000005845.2;protein_3061,GCF_053078305.1;protein_626,GCF_048571455.1;protein_5039,,,,,,,,
GCF_004358365.1;protein_3595,GCF_048568965.1;protein_659,GCF_000005845.2;protein_3060,GCF_053078305.1;protein_627,GCF_048571455.1;protein_5038,,,,,,,,
GCF_004358365.1;protein_3596,GCF_048568965.1;protein_660,GCF_000005845.2;protein_3059,GCF_053078305.1;protein_628,GCF_048571455.1;protein_5037,,,,,,,,
GCF_004358365.1;protein_3597,GCF_048568965.1;protein_661,GCF_000005845.2;protein_3058,GCF_053078305.1;protein_629,GCF_048571455.1;protein_5036,,,,,,,,
GCF_004358365.1;protein_3598,GCF_048568965.1;protein_662,GCF_000005845.2;protein_3057,GCF_053078305.1;protein_630,GCF_048571455.1;protein_5035,,,,,,,,
GCF_004358365.1;protein_3599,GCF_048568965.1;protein_663,GCF_000005845.2;protein_3056,GCF_053078305.1;protein_631,GCF_048571455.1;protein_5034,,,,,,,,
GCF_004358365.1;protein_36,GCF_048568965.1;protein_3007,GCF_000005845.2;protein_1497,GCF_053078305.1;protein_2900,GCF_048571455.1;protein_2922,,,,,,,,
GCF_004358365.1;protein_3600,GCF_048568965.1;protein_664,GCF_000005845.2;protein_3055,GCF_053078305.1;protein_632,GCF_048571455.1;protein_5033,,,,,,,,
GCF_004358365.1;protein_3601,GCF_048568965.1;protein_665,GCF_000005845.2;protein_3054,GCF_053078305.1;protein_633,GCF_048571455.1;protein_5032,,,,,,,,
GCF_004358365.1;protein_3602,GCF_048568965.1;protein_666,GCF_000005845.2;protein_3053,GCF_053078305.1;protein_634,GCF_048571455.1;protein_5031,,,,,,,,
GCF_004358365.1;protein_3603,GCF_048568965.1;protein_667,GCF_000005845.2;protein_3052,GCF_053078305.1;protein_635,GCF_048571455.1;protein_5030,,,,,,,,
GCF_004358365.1;protein_3604,GCF_048568965.1;protein_668,GCF_000005845.2;protein_3051,GCF_053078305.1;protein_636,GCF_048571455.1;protein_5029,,,,,,,,
GCF_004358365.1;protein_3605,GCF_048568965.1;protein_669,GCF_000005845.2;protein_3050,GCF_053078305.1;protein_637,GCF_048571455.1;protein_5028,,,,,,,,
GCF_004358365.1;protein_3606,GCF_048568965.1;protein_670,GCF_000005845.2;protein_3049,GCF_053078305.1;protein_638,GCF_048571455.1;protein_5027,,,,,,,,
GCF_004358365.1;protein_3607,GCF_048568965.1;protein_671,GCF_000005845.2;protein_3048,GCF_053078305.1;protein_639,GCF_048571455.1;protein_5026,,,,,,,,
GCF_004358365.1;protein_3608,GCF_048568965.1;protein_672,GCF_000005845.2;protein_3047,GCF_053078305.1;protein_640,GCF_048571455.1;protein_5025,,,,,,,,
GCF_004358365.1;protein_3609,GCF_048568965.1;protein_673,GCF_000005845.2;protein_3046,GCF_053078305.1;protein_641,GCF_048571455.1;protein_5024,,,,,,,,
GCF_004358365.1;protein_3610,GCF_048568965.1;protein_674,GCF_000005845.2;protein_3045,GCF_053078305.1;protein_642,GCF_048571455.1;protein_5023,,,,,,,,
GCF_004358365.1;protein_3611,GCF_048568965.1;protein_675,GCF_000005845.2;protein_3044,GCF_053078305.1;protein_643,GCF_048571455.1;protein_5022,,,,,,,,
GCF_004358365.1;protein_3612,GCF_048568965.1;protein_676,GCF_000005845.2;protein_3043,GCF_053078305.1;protein_644,GCF_048571455.1;protein_5021,,,,,,,,
GCF_004358365.1;protein_3613,GCF_048568965.1;protein_677,,,GCF_048571455.1;protein_5020,,,,,,,,
GCF_004358365.1;protein_3614,GCF_048568965.1;protein_678,,,GCF_048571455.1;protein_5019,,,,,,,,
GCF_004358365.1;protein_3615,GCF_048568965.1;protein_679,,,GCF_048571455.1;protein_5018,,,,,,,,
GCF_004358365.1;protein_3616,GCF_048568965.1;protein_680,,,GCF_048571455.1;protein_5017,,,,,,,,
GCF_004358365.1;protein_3617,GCF_048568965.1;protein_681,GCF_000005845.2;protein_3042,GCF_053078305.1;protein_645,GCF_048571455.1;protein_5016,,,,,,,,
GCF_004358365.1;protein_3618,GCF_048568965.1;protein_682,GCF_000005845.2;protein_3041,GCF_053078305.1;protein_646,GCF_048571455.1;protein_5015,,,,,,,,
GCF_004358365.1;protein_3619,GCF_048568965.1;protein_683,GCF_000005845.2;protein_3040,GCF_053078305.1;protein_647,GCF_048571455.1;protein_5014,,,,,,,,
GCF_004358365.1;protein_3620,GCF_048568965.1;protein_684,GCF_000005845.2;protein_3039,GCF_053078305.1;protein_648,GCF_048571455.1;protein_5013,,,,,,,,
GCF_004358365.1;protein_3621,GCF_048568965.1;protein_685,GCF_000005845.2;protein_3038,GCF_053078305.1;protein_649,GCF_048571455.1;protein_5012,,,,,,,,
GCF_004358365.1;protein_3622,GCF_048568965.1;protein_686,GCF_000005845.2;protein_3037,GCF_053078305.1;protein_650,GCF_048571455.1;protein_5011,,,,,,,,
GCF_004358365.1;protein_3623,GCF_048568965.1;protein_687,GCF_000005845.2;protein_3036,GCF_053078305.1;protein_651,GCF_048571455.1;protein_5010,,,,,,,,
GCF_004358365.1;protein_3624,GCF_048568965.1;protein_688,GCF_000005845.2;protein_3035,GCF_053078305.1;protein_652,GCF_048571455.1;protein_5009,,,,,,,,
GCF_004358365.1;protein_3625,GCF_048568965.1;protein_689,GCF_000005845.2;protein_3034,GCF_053078305.1;protein_653,GCF_048571455.1;protein_5008,,,,,,,,
GCF_004358365.1;protein_3626,GCF_048568965.1;protein_690,GCF_000005845.2;protein_3033,GCF_053078305.1;protein_654,GCF_048571455.1;protein_5007,,,,,,,,
GCF_004358365.1;protein_3627,GCF_048568965.1;protein_691,,GCF_053078305.1;protein_655,GCF_048571455.1;protein_5006,,,,,,,,
GCF_004358365.1;protein_3628,GCF_048568965.1;protein_692,GCF_000005845.2;protein_3031,GCF_053078305.1;protein_656,GCF_048571455.1;protein_5005,,,,,,,,
GCF_004358365.1;protein_3629,GCF_048568965.1;protein_693,GCF_000005845.2;protein_3030,GCF_053078305.1;protein_657,GCF_048571455.1;protein_5004,,,,,,,,
GCF_004358365.1;protein_3630,GCF_048568965.1;protein_694,GCF_000005845.2;protein_3029,GCF_053078305.1;protein_658,GCF_048571455.1;protein_5003,,,,,,,,
GCF_004358365.1;protein_3631,GCF_048568965.1;protein_695,GCF_000005845.2;protein_3028,GCF_053078305.1;protein_659,GCF_048571455.1;protein_5002,,,,,,,,
GCF_004358365.1;protein_3632,GCF_048568965.1;protein_696,GCF_000005845.2;protein_3027,GCF_053078305.1;protein_660,GCF_048571455.1;protein_5001,,,,,,,,
GCF_004358365.1;protein_3633,GCF_048568965.1;protein_697,GCF_000005845.2;protein_3026,GCF_053078305.1;protein_661,GCF_048571455.1;protein_5000,,,,,,,,
GCF_004358365.1;protein_3634,GCF_048568965.1;protein_698,GCF_000005845.2;protein_3025,GCF_053078305.1;protein_662,GCF_048571455.1;protein_4999,,,,,,,,
GCF_004358365.1;protein_3635,GCF_048568965.1;protein_699,GCF_000005845.2;protein_3024,GCF_053078305.1;protein_663,GCF_048571455.1;protein_4998,,,,,,,,
GCF_004358365.1;protein_3636,GCF_048568965.1;protein_700,GCF_000005845.2;protein_3023,GCF_053078305.1;protein_664,GCF_048571455.1;protein_4997,,,,,,,,
GCF_004358365.1;protein_3637,GCF_048568965.1;protein_701,GCF_000005845.2;protein_3022,GCF_053078305.1;protein_665,GCF_048571455.1;protein_4996,,,,,,,,
GCF_004358365.1;protein_3638,GCF_048568965.1;protein_702,GCF_000005845.2;protein_3021,GCF_053078305.1;protein_666,GCF_048571455.1;protein_4995,,,,,,,,
GCF_004358365.1;protein_3639,GCF_048568965.1;protein_703,GCF_000005845.2;protein_3020,GCF_053078305.1;protein_667,GCF_048571455.1;protein_4994,,,,,,,,
GCF_004358365.1;protein_3640,GCF_048568965.1;protein_704,GCF_000005845.2;protein_3019,GCF_053078305.1;protein_668,GCF_048571455.1;protein_4993,,,,,,,,
GCF_004358365.1;protein_3641,GCF_048568965.1;protein_705,GCF_000005845.2;protein_3018,GCF_053078305.1;protein_683,GCF_048571455.1;protein_4992,,,,,,,,
GCF_004358365.1;protein_3642,GCF_048568965.1;protein_706,GCF_000005845.2;protein_3017,GCF_053078305.1;protein_684,GCF_048571455.1;protein_4991,,,,,,,,
GCF_004358365.1;protein_3643,GCF_048568965.1;protein_707,GCF_000005845.2;protein_3016,GCF_053078305.1;protein_685,GCF_048571455.1;protein_4990,,,,,,,,
GCF_004358365.1;protein_3644,GCF_048568965.1;protein_708,GCF_000005845.2;protein_3015,GCF_053078305.1;protein_686,GCF_048571455.1;protein_4989,,,,,,,,
GCF_004358365.1;protein_3645,GCF_048568965.1;protein_709,GCF_000005845.2;protein_3014,GCF_053078305.1;protein_687,GCF_048571455.1;protein_4988,,,,,,,,
GCF_004358365.1;protein_3646,GCF_048568965.1;protein_710,GCF_000005845.2;protein_3013,GCF_053078305.1;protein_688,GCF_048571455.1;protein_4987,,,,,,,,
GCF_004358365.1;protein_3647,GCF_048568965.1;protein_711,GCF_000005845.2;protein_3012,GCF_053078305.1;protein_689,GCF_048571455.1;protein_4986,,,,,,,,
GCF_004358365.1;protein_3648,GCF_048568965.1;protein_712,GCF_000005845.2;protein_3011,GCF_053078305.1;protein_690,GCF_048571455.1;protein_4985,,,,,,,,
GCF_004358365.1;protein_3649,GCF_048568965.1;protein_713,GCF_000005845.2;protein_3010,GCF_053078305.1;protein_691,GCF_048571455.1;protein_4984,,,,,,,,
GCF_004358365.1;protein_3650,GCF_048568965.1;protein_714,GCF_000005845.2;protein_3009,GCF_053078305.1;protein_692,GCF_048571455.1;protein_4983,,,,,,,,
GCF_004358365.1;protein_3651,GCF_048568965.1;protein_715,GCF_000005845.2;protein_3008,GCF_053078305.1;protein_693,GCF_048571455.1;protein_4982,,,,,,,,
GCF_004358365.1;protein_3652,GCF_048568965.1;protein_716,GCF_000005845.2;protein_3007,GCF_053078305.1;protein_694,GCF_048571455.1;protein_4981,,,,,,,,
GCF_004358365.1;protein_3653,GCF_048568965.1;protein_717,GCF_000005845.2;protein_3006,GCF_053078305.1;protein_695,GCF_048571455.1;protein_4980,,,,,,,,
GCF_004358365.1;protein_3654,GCF_048568965.1;protein_718,GCF_000005845.2;protein_3005,GCF_053078305.1;protein_696,GCF_048571455.1;protein_4979,,,,,,,,
GCF_004358365.1;protein_3655,GCF_048568965.1;protein_719,GCF_000005845.2;protein_3004,GCF_053078305.1;protein_697,GCF_048571455.1;protein_4978,,,,,,,,
GCF_004358365.1;protein_3656,GCF_048568965.1;protein_720,GCF_000005845.2;protein_3003,GCF_053078305.1;protein_698,GCF_048571455.1;protein_4977,,,,,,,,
GCF_004358365.1;protein_3657,GCF_048568965.1;protein_721,GCF_000005845.2;protein_3002,GCF_053078305.1;protein_699,GCF_048571455.1;protein_4976,,,,,,,,
GCF_004358365.1;protein_3658,GCF_048568965.1;protein_722,GCF_000005845.2;protein_3001,GCF_053078305.1;protein_700,GCF_048571455.1;protein_4975,,,,,,,,
GCF_004358365.1;protein_3659,GCF_048568965.1;protein_723,GCF_000005845.2;protein_3000,GCF_053078305.1;protein_701,GCF_048571455.1;protein_4974,,,,,,,,
GCF_004358365.1;protein_3660,GCF_048568965.1;protein_724,GCF_000005845.2;protein_2999,GCF_053078305.1;protein_702,GCF_048571455.1;protein_4973,,,,,,,,
GCF_004358365.1;protein_3661,GCF_048568965.1;protein_725,GCF_000005845.2;protein_2998,GCF_053078305.1;protein_703,GCF_048571455.1;protein_4972,,,,,,,,
GCF_004358365.1;protein_3662,GCF_048568965.1;protein_726,GCF_000005845.2;protein_2997,GCF_053078305.1;protein_704,GCF_048571455.1;protein_4971,,,,,,,,
GCF_004358365.1;protein_3663,GCF_048568965.1;protein_727,GCF_000005845.2;protein_2996,,GCF_048571455.1;protein_4970,,,,,,,,
GCF_004358365.1;protein_3664,GCF_048568965.1;protein_728,GCF_000005845.2;protein_2995,,GCF_048571455.1;protein_4969,,,,,,,,
GCF_004358365.1;protein_3665,GCF_048568965.1;protein_729,GCF_000005845.2;protein_2992,,GCF_048571455.1;protein_4968,,,,,,,,
GCF_004358365.1;protein_3666,GCF_048568965.1;protein_730,GCF_000005845.2;protein_2991,,GCF_048571455.1;protein_4967,,,,,,,,
GCF_004358365.1;protein_3667,GCF_048568965.1;protein_731,GCF_000005845.2;protein_2990,,GCF_048571455.1;protein_4966,,,,,,,,
GCF_004358365.1;protein_3668,GCF_048568965.1;protein_732,GCF_000005845.2;protein_2989,GCF_053078305.1;protein_706,GCF_048571455.1;protein_4965,,,,,,,,
GCF_004358365.1;protein_3669,GCF_048568965.1;protein_733,GCF_000005845.2;protein_2988,GCF_053078305.1;protein_707,GCF_048571455.1;protein_4964,,,,,,,,
GCF_004358365.1;protein_3670,GCF_048568965.1;protein_734,GCF_000005845.2;protein_2987,GCF_053078305.1;protein_708,GCF_048571455.1;protein_4963,,,,,,,,
GCF_004358365.1;protein_3671,GCF_048568965.1;protein_735,GCF_000005845.2;protein_2986,GCF_053078305.1;protein_709,GCF_048571455.1;protein_4962,,,,,,,,
GCF_004358365.1;protein_3672,GCF_048568965.1;protein_736,GCF_000005845.2;protein_2985,GCF_053078305.1;protein_710,GCF_048571455.1;protein_4961,,,,,,,,
GCF_004358365.1;protein_3673,GCF_048568965.1;protein_737,GCF_000005845.2;protein_2984,GCF_053078305.1;protein_711,GCF_048571455.1;protein_4960,,,,,,,,
GCF_004358365.1;protein_3674,GCF_048568965.1;protein_738,GCF_000005845.2;protein_2983,GCF_053078305.1;protein_712,GCF_048571455.1;protein_4959,,,,,,,,
GCF_004358365.1;protein_3675,GCF_048568965.1;protein_739,GCF_000005845.2;protein_2982,GCF_053078305.1;protein_713,GCF_048571455.1;protein_4958,,,,,,,,
GCF_004358365.1;protein_3676,GCF_048568965.1;protein_740,GCF_000005845.2;protein_2981,GCF_053078305.1;protein_714,GCF_048571455.1;protein_4957,,,,,,,,
GCF_004358365.1;protein_3677,GCF_048568965.1;protein_741,GCF_000005845.2;protein_2980,GCF_053078305.1;protein_715,GCF_048571455.1;protein_4956,,,,,,,,
GCF_004358365.1;protein_3678,GCF_048568965.1;protein_742,GCF_000005845.2;protein_2979,GCF_053078305.1;protein_716,GCF_048571455.1;protein_4955,,,,,,,,
GCF_004358365.1;protein_3679,GCF_048568965.1;protein_743,GCF_000005845.2;protein_2978,GCF_053078305.1;protein_717,GCF_048571455.1;protein_4954,,,,,,,,
GCF_004358365.1;protein_3680,GCF_048568965.1;protein_744,GCF_000005845.2;protein_2977,GCF_053078305.1;protein_724,GCF_048571455.1;protein_4953,,,,,,,,
GCF_004358365.1;protein_3681,GCF_048568965.1;protein_745,GCF_000005845.2;protein_2976,GCF_053078305.1;protein_725,GCF_048571455.1;protein_4952,,,,,,,,
GCF_004358365.1;protein_3682,GCF_048568965.1;protein_746,GCF_000005845.2;protein_2975,,GCF_048571455.1;protein_4951,,,,,,,,
GCF_004358365.1;protein_3683,GCF_048568965.1;protein_747,GCF_000005845.2;protein_2974,GCF_053078305.1;protein_726,GCF_048571455.1;protein_4950,,,,,,,,
GCF_004358365.1;protein_3684,GCF_048568965.1;protein_748,GCF_000005845.2;protein_2973,GCF_053078305.1;protein_727,GCF_048571455.1;protein_4949,,,,,,,,
GCF_004358365.1;protein_3685,GCF_048568965.1;protein_749,GCF_000005845.2;protein_2972,GCF_053078305.1;protein_728,GCF_048571455.1;protein_4948,,,,,,,,
GCF_004358365.1;protein_3686,GCF_048568965.1;protein_750,GCF_000005845.2;protein_2971,GCF_053078305.1;protein_729,GCF_048571455.1;protein_4947,,,,,,,,
GCF_004358365.1;protein_3687,GCF_048568965.1;protein_751,GCF_000005845.2;protein_2967,GCF_053078305.1;protein_731,GCF_048571455.1;protein_4946,,,,,,,,
GCF_004358365.1;protein_3688,GCF_048568965.1;protein_752,GCF_000005845.2;protein_2966,GCF_053078305.1;protein_732,GCF_048571455.1;protein_4945,,,,,,,,
GCF_004358365.1;protein_3689,GCF_048568965.1;protein_753,GCF_000005845.2;protein_2965,GCF_053078305.1;protein_733,GCF_048571455.1;protein_4944,,,,,,,,
GCF_004358365.1;protein_3690,GCF_048568965.1;protein_754,GCF_000005845.2;protein_2964,GCF_053078305.1;protein_734,GCF_048571455.1;protein_4943,,,,,,,,
GCF_004358365.1;protein_3691,GCF_048568965.1;protein_755,GCF_000005845.2;protein_2963,GCF_053078305.1;protein_735,GCF_048571455.1;protein_4942,,,,,,,,
GCF_004358365.1;protein_3692,GCF_048568965.1;protein_756,GCF_000005845.2;protein_2962,GCF_053078305.1;protein_736,GCF_048571455.1;protein_4941,,,,,,,,
GCF_004358365.1;protein_3693,GCF_048568965.1;protein_757,GCF_000005845.2;protein_2961,GCF_053078305.1;protein_737,GCF_048571455.1;protein_4940,,,,,,,,
GCF_004358365.1;protein_3694,GCF_048568965.1;protein_758,GCF_000005845.2;protein_2960,GCF_053078305.1;protein_738,GCF_048571455.1;protein_4939,,,,,,,,
GCF_004358365.1;protein_3695,GCF_048568965.1;protein_759,GCF_000005845.2;protein_2959,GCF_053078305.1;protein_739,GCF_048571455.1;protein_4938,,,,,,,,
GCF_004358365.1;protein_3696,GCF_048568965.1;protein_760,GCF_000005845.2;protein_2958,GCF_053078305.1;protein_740,GCF_048571455.1;protein_4937,,,,,,,,
GCF_004358365.1;protein_3697,GCF_048568965.1;protein_761,GCF_000005845.2;protein_2957,GCF_053078305.1;protein_741,GCF_048571455.1;protein_4936,,,,,,,,
GCF_004358365.1;protein_3698,GCF_048568965.1;protein_762,GCF_000005845.2;protein_2956,GCF_053078305.1;protein_742,GCF_048571455.1;protein_4935,,,,,,,,
GCF_004358365.1;protein_3699,GCF_048568965.1;protein_763,GCF_000005845.2;protein_2955,GCF_053078305.1;protein_743,GCF_048571455.1;protein_4934,,,,,,,,
GCF_004358365.1;protein_37,GCF_048568965.1;protein_3006,GCF_000005845.2;protein_1496,GCF_053078305.1;protein_2901,GCF_048571455.1;protein_2921,,,,,,,,
GCF_004358365.1;protein_370,GCF_048568965.1;protein_3719,,,GCF_048571455.1;protein_2605,,,,,,,,
GCF_004358365.1;protein_3700,GCF_048568965.1;protein_764,GCF_000005845.2;protein_2954,GCF_053078305.1;protein_744,GCF_048571455.1;protein_4933,,,,,,,,
GCF_004358365.1;protein_3701,GCF_048568965.1;protein_765,GCF_000005845.2;protein_2953,GCF_053078305.1;protein_745,GCF_048571455.1;protein_4932,,,,,,,,
GCF_004358365.1;protein_3702,GCF_048568965.1;protein_766,GCF_000005845.2;protein_2952,GCF_053078305.1;protein_746,GCF_048571455.1;protein_4931,,,,,,,,
GCF_004358365.1;protein_3703,GCF_048568965.1;protein_767,,GCF_053078305.1;protein_747,GCF_048571455.1;protein_4930,,,,,,,,
GCF_004358365.1;protein_3704,GCF_048568965.1;protein_768,GCF_000005845.2;protein_2950,GCF_053078305.1;protein_748,GCF_048571455.1;protein_4929,,,,,,,,
GCF_004358365.1;protein_3705,GCF_048568965.1;protein_769,GCF_000005845.2;protein_2949,GCF_053078305.1;protein_749,GCF_048571455.1;protein_4928,,,,,,,,
GCF_004358365.1;protein_3706,GCF_048568965.1;protein_770,GCF_000005845.2;protein_2948,GCF_053078305.1;protein_750,GCF_048571455.1;protein_4927,,,,,,,,
GCF_004358365.1;protein_3707,GCF_048568965.1;protein_771,GCF_000005845.2;protein_2947,GCF_053078305.1;protein_751,GCF_048571455.1;protein_4926,,,,,,,,
GCF_004358365.1;protein_3708,GCF_048568965.1;protein_772,GCF_000005845.2;protein_2946,GCF_053078305.1;protein_752,GCF_048571455.1;protein_4925,,,,,,,,
GCF_004358365.1;protein_3709,GCF_048568965.1;protein_773,GCF_000005845.2;protein_2945,GCF_053078305.1;protein_753,GCF_048571455.1;protein_4924,,,,,,,,
GCF_004358365.1;protein_3710,GCF_048568965.1;protein_774,GCF_000005845.2;protein_2944,GCF_053078305.1;protein_754,GCF_048571455.1;protein_4923,,,,,,,,
GCF_004358365.1;protein_3711,GCF_048568965.1;protein_775,GCF_000005845.2;protein_2943,GCF_053078305.1;protein_755,GCF_048571455.1;protein_4922,,,,,,,,
GCF_004358365.1;protein_3712,GCF_048568965.1;protein_776,GCF_000005845.2;protein_2942,GCF_053078305.1;protein_756,GCF_048571455.1;protein_4921,,,,,,,,
GCF_004358365.1;protein_3714,GCF_048568965.1;protein_778,GCF_000005845.2;protein_2941,GCF_053078305.1;protein_757,GCF_048571455.1;protein_4919,,,,,,,,
GCF_004358365.1;protein_3715,GCF_048568965.1;protein_779,GCF_000005845.2;protein_2940,,GCF_048571455.1;protein_4918,,,,,,,,
GCF_004358365.1;protein_3716,GCF_048568965.1;protein_780,GCF_000005845.2;protein_2939,GCF_053078305.1;protein_759,GCF_048571455.1;protein_4917,,,,,,,,
GCF_004358365.1;protein_3717,GCF_048568965.1;protein_781,GCF_000005845.2;protein_2938,GCF_053078305.1;protein_760,GCF_048571455.1;protein_4916,,,,,,,,
GCF_004358365.1;protein_3718,GCF_048568965.1;protein_782,GCF_000005845.2;protein_2937,GCF_053078305.1;protein_761,GCF_048571455.1;protein_4915,,,,,,,,
GCF_004358365.1;protein_3719,GCF_048568965.1;protein_783,GCF_000005845.2;protein_2936,GCF_053078305.1;protein_762,GCF_048571455.1;protein_4914,,,,,,,,
GCF_004358365.1;protein_3720,GCF_048568965.1;protein_784,,GCF_053078305.1;protein_763,GCF_048571455.1;protein_4913,,,,,,,,
GCF_004358365.1;protein_3721,GCF_048568965.1;protein_785,,GCF_053078305.1;protein_764,GCF_048571455.1;protein_4912,,,,,,,,
GCF_004358365.1;protein_3722,GCF_048568965.1;protein_786,,GCF_053078305.1;protein_765,GCF_048571455.1;protein_4911,,,,,,,,
GCF_004358365.1;protein_3723,GCF_048568965.1;protein_787,,GCF_053078305.1;protein_766,GCF_048571455.1;protein_4910,,,,,,,,
GCF_004358365.1;protein_3724,GCF_048568965.1;protein_788,,GCF_053078305.1;protein_767,GCF_048571455.1;protein_4909,,,,,,,,
GCF_004358365.1;protein_3725,GCF_048568965.1;protein_789,,GCF_053078305.1;protein_768,GCF_048571455.1;protein_4908,,,,,,,,
GCF_004358365.1;protein_3726,GCF_048568965.1;protein_790,,GCF_053078305.1;protein_769,GCF_048571455.1;protein_4907,,,,,,,,
GCF_004358365.1;protein_3727,GCF_048568965.1;protein_791,,GCF_053078305.1;protein_770,GCF_048571455.1;protein_4906,,,,,,,,
GCF_004358365.1;protein_3728,GCF_048568965.1;protein_792,,GCF_053078305.1;protein_771,GCF_048571455.1;protein_4905,,,,,,,,
GCF_004358365.1;protein_3729,GCF_048568965.1;protein_793,GCF_000005845.2;protein_2933,GCF_053078305.1;protein_772,GCF_048571455.1;protein_4904,,,,,,,,
GCF_004358365.1;protein_3730,GCF_048568965.1;protein_794,GCF_000005845.2;protein_2932,GCF_053078305.1;protein_773,GCF_048571455.1;protein_4903,,,,,,,,
GCF_004358365.1;protein_3731,GCF_048568965.1;protein_795,GCF_000005845.2;protein_2931,GCF_053078305.1;protein_774,GCF_048571455.1;protein_4902,,,,,,,,
GCF_004358365.1;protein_3732,GCF_048568965.1;protein_796,GCF_000005845.2;protein_2930,GCF_053078305.1;protein_775,GCF_048571455.1;protein_4901,,,,,,,,
GCF_004358365.1;protein_3733,GCF_048568965.1;protein_797,GCF_000005845.2;protein_2929,GCF_053078305.1;protein_776,GCF_048571455.1;protein_4900,,,,,,,,
GCF_004358365.1;protein_3734,GCF_048568965.1;protein_798,GCF_000005845.2;protein_2928,GCF_053078305.1;protein_777,GCF_048571455.1;protein_4899,,,,,,,,
GCF_004358365.1;protein_3735,GCF_048568965.1;protein_799,GCF_000005845.2;protein_2927,GCF_053078305.1;protein_778,GCF_048571455.1;protein_4898,,,,,,,,
GCF_004358365.1;protein_3736,GCF_048568965.1;protein_800,,,GCF_048571455.1;protein_4897,,,,,,,,
GCF_004358365.1;protein_3737,GCF_048568965.1;protein_801,,,GCF_048571455.1;protein_4896,,,,,,,,
GCF_004358365.1;protein_3739,GCF_048568965.1;protein_803,,,GCF_048571455.1;protein_4894,,,,,,,,
GCF_004358365.1;protein_374,GCF_048568965.1;protein_3723,,,GCF_048571455.1;protein_2601,,,,,,,,
GCF_004358365.1;protein_3740,GCF_048568965.1;protein_804,,,GCF_048571455.1;protein_4893,,,,,,,,
GCF_004358365.1;protein_3743,GCF_048568965.1;protein_807,,,GCF_048571455.1;protein_4890,,,,,,,,
GCF_004358365.1;protein_3745,GCF_048568965.1;protein_809,GCF_000005845.2;protein_2918,GCF_053078305.1;protein_980,GCF_048571455.1;protein_4888,,,,,,,,
GCF_004358365.1;protein_3746,GCF_048568965.1;protein_810,GCF_000005845.2;protein_2917,GCF_053078305.1;protein_981,GCF_048571455.1;protein_4887,,,,,,,,
GCF_004358365.1;protein_3747,GCF_048568965.1;protein_811,GCF_000005845.2;protein_2916,GCF_053078305.1;protein_982,GCF_048571455.1;protein_4886,,,,,,,,
GCF_004358365.1;protein_3748,GCF_048568965.1;protein_812,GCF_000005845.2;protein_2915,GCF_053078305.1;protein_983,GCF_048571455.1;protein_4885,,,,,,,,
GCF_004358365.1;protein_3749,GCF_048568965.1;protein_813,GCF_000005845.2;protein_2914,GCF_053078305.1;protein_984,GCF_048571455.1;protein_4884,,,,,,,,
GCF_004358365.1;protein_3750,GCF_048568965.1;protein_814,GCF_000005845.2;protein_2913,GCF_053078305.1;protein_985,GCF_048571455.1;protein_4883,,,,,,,,
GCF_004358365.1;protein_3751,GCF_048568965.1;protein_815,GCF_000005845.2;protein_2912,GCF_053078305.1;protein_986,GCF_048571455.1;protein_4882,,,,,,,,
GCF_004358365.1;protein_3752,GCF_048568965.1;protein_816,GCF_000005845.2;protein_2911,GCF_053078305.1;protein_987,GCF_048571455.1;protein_4881,,,,,,,,
GCF_004358365.1;protein_3753,GCF_048568965.1;protein_817,GCF_000005845.2;protein_2910,GCF_053078305.1;protein_988,GCF_048571455.1;protein_4880,,,,,,,,
GCF_004358365.1;protein_3754,GCF_048568965.1;protein_818,GCF_000005845.2;protein_2909,GCF_053078305.1;protein_989,GCF_048571455.1;protein_4878,,,,,,,,
GCF_004358365.1;protein_3755,GCF_048568965.1;protein_819,GCF_000005845.2;protein_2908,GCF_053078305.1;protein_990,GCF_048571455.1;protein_4877,,,,,,,,
GCF_004358365.1;protein_3756,GCF_048568965.1;protein_820,GCF_000005845.2;protein_2907,GCF_053078305.1;protein_991,GCF_048571455.1;protein_4876,,,,,,,,
GCF_004358365.1;protein_3757,GCF_048568965.1;protein_821,,,GCF_048571455.1;protein_4875,,,,,,,,
GCF_004358365.1;protein_3758,GCF_048568965.1;protein_822,,,GCF_048571455.1;protein_4874,,,,,,,,
GCF_004358365.1;protein_3759,GCF_048568965.1;protein_823,,,GCF_048571455.1;protein_4873,,,,,,,,
GCF_004358365.1;protein_376,GCF_048568965.1;protein_3725,,,GCF_048571455.1;protein_2599,,,,,,,,
GCF_004358365.1;protein_3760,GCF_048568965.1;protein_824,GCF_000005845.2;protein_2906,GCF_053078305.1;protein_992,GCF_048571455.1;protein_4872,,,,,,,,
GCF_004358365.1;protein_3761,GCF_048568965.1;protein_825,GCF_000005845.2;protein_2905,GCF_053078305.1;protein_993,GCF_048571455.1;protein_4871,,,,,,,,
GCF_004358365.1;protein_3762,GCF_048568965.1;protein_826,GCF_000005845.2;protein_2904,GCF_053078305.1;protein_994,GCF_048571455.1;protein_4870,,,,,,,,
GCF_004358365.1;protein_3763,GCF_048568965.1;protein_827,GCF_000005845.2;protein_2903,GCF_053078305.1;protein_995,GCF_048571455.1;protein_4869,,,,,,,,
GCF_004358365.1;protein_3764,GCF_048568965.1;protein_828,GCF_000005845.2;protein_2902,GCF_053078305.1;protein_996,GCF_048571455.1;protein_4868,,,,,,,,
GCF_004358365.1;protein_3765,GCF_048568965.1;protein_829,GCF_000005845.2;protein_2901,GCF_053078305.1;protein_997,GCF_048571455.1;protein_4867,,,,,,,,
GCF_004358365.1;protein_3766,GCF_048568965.1;protein_830,GCF_000005845.2;protein_2900,GCF_053078305.1;protein_998,GCF_048571455.1;protein_4866,,,,,,,,
GCF_004358365.1;protein_3767,GCF_048568965.1;protein_831,GCF_000005845.2;protein_2899,GCF_053078305.1;protein_999,GCF_048571455.1;protein_4865,,,,,,,,
GCF_004358365.1;protein_3768,GCF_048568965.1;protein_832,GCF_000005845.2;protein_2898,GCF_053078305.1;protein_1000,GCF_048571455.1;protein_4864,,,,,,,,
GCF_004358365.1;protein_3769,GCF_048568965.1;protein_833,GCF_000005845.2;protein_2897,GCF_053078305.1;protein_1001,GCF_048571455.1;protein_4863,,,,,,,,
GCF_004358365.1;protein_377,GCF_048568965.1;protein_3726,,,GCF_048571455.1;protein_2598,,,,,,,,
GCF_004358365.1;protein_3770,GCF_048568965.1;protein_834,GCF_000005845.2;protein_2896,GCF_053078305.1;protein_1002,GCF_048571455.1;protein_4862,,,,,,,,
GCF_004358365.1;protein_3771,GCF_048568965.1;protein_835,GCF_000005845.2;protein_2895,GCF_053078305.1;protein_1003,GCF_048571455.1;protein_4861,,,,,,,,
GCF_004358365.1;protein_3772,GCF_048568965.1;protein_836,GCF_000005845.2;protein_2894,GCF_053078305.1;protein_1004,GCF_048571455.1;protein_4860,,,,,,,,
GCF_004358365.1;protein_3773,GCF_048568965.1;protein_837,GCF_000005845.2;protein_2893,GCF_053078305.1;protein_1005,GCF_048571455.1;protein_4859,,,,,,,,
GCF_004358365.1;protein_3774,GCF_048568965.1;protein_838,GCF_000005845.2;protein_2892,GCF_053078305.1;protein_1006,GCF_048571455.1;protein_4858,,,,,,,,
GCF_004358365.1;protein_3775,GCF_048568965.1;protein_839,GCF_000005845.2;protein_2890,GCF_053078305.1;protein_1007,GCF_048571455.1;protein_4857,,,,,,,,
GCF_004358365.1;protein_3776,GCF_048568965.1;protein_840,GCF_000005845.2;protein_2889,GCF_053078305.1;protein_1008,GCF_048571455.1;protein_4856,,,,,,,,
GCF_004358365.1;protein_3777,GCF_048568965.1;protein_841,GCF_000005845.2;protein_2888,GCF_053078305.1;protein_1009,GCF_048571455.1;protein_4855,,,,,,,,
GCF_004358365.1;protein_3778,GCF_048568965.1;protein_842,,GCF_053078305.1;protein_1010,GCF_048571455.1;protein_4854,,,,,,,,
GCF_004358365.1;protein_3779,GCF_048568965.1;protein_843,GCF_000005845.2;protein_2887,GCF_053078305.1;protein_1011,GCF_048571455.1;protein_4853,,,,,,,,
GCF_004358365.1;protein_378,GCF_048568965.1;protein_3727,,,GCF_048571455.1;protein_2597,,,,,,,,
GCF_004358365.1;protein_3780,GCF_048568965.1;protein_844,,,GCF_048571455.1;protein_4852,,,,,,,,
GCF_004358365.1;protein_3781,GCF_048568965.1;protein_845,,,GCF_048571455.1;protein_4851,,,,,,,,
GCF_004358365.1;protein_3782,GCF_048568965.1;protein_846,,,GCF_048571455.1;protein_4850,,,,,,,,
GCF_004358365.1;protein_3783,GCF_048568965.1;protein_847,,,GCF_048571455.1;protein_4849,,,,,,,,
GCF_004358365.1;protein_3784,GCF_048568965.1;protein_848,,,GCF_048571455.1;protein_4848,,,,,,,,
GCF_004358365.1;protein_3785,GCF_048568965.1;protein_849,,,GCF_048571455.1;protein_4847,,,,,,,,
GCF_004358365.1;protein_3786,GCF_048568965.1;protein_850,,,GCF_048571455.1;protein_4846,,,,,,,,
GCF_004358365.1;protein_3787,GCF_048568965.1;protein_851,GCF_000005845.2;protein_2886,GCF_053078305.1;protein_1012,GCF_048571455.1;protein_4845,,,,,,,,
GCF_004358365.1;protein_3788,GCF_048568965.1;protein_852,GCF_000005845.2;protein_2885,GCF_053078305.1;protein_1013,GCF_048571455.1;protein_4844,,,,,,,,
GCF_004358365.1;protein_3789,GCF_048568965.1;protein_853,GCF_000005845.2;protein_2884,GCF_053078305.1;protein_1015,GCF_048571455.1;protein_4843,,,,,,,,
GCF_004358365.1;protein_3790,GCF_048568965.1;protein_854,GCF_000005845.2;protein_2883,GCF_053078305.1;protein_1016,GCF_048571455.1;protein_4842,,,,,,,,
GCF_004358365.1;protein_3791,GCF_048568965.1;protein_855,GCF_000005845.2;protein_2882,GCF_053078305.1;protein_1017,GCF_048571455.1;protein_4841,,,,,,,,
GCF_004358365.1;protein_3792,GCF_048568965.1;protein_856,GCF_000005845.2;protein_2881,GCF_053078305.1;protein_1018,GCF_048571455.1;protein_4840,,,,,,,,
GCF_004358365.1;protein_3793,GCF_048568965.1;protein_857,GCF_000005845.2;protein_2880,GCF_053078305.1;protein_1019,GCF_048571455.1;protein_4839,,,,,,,,
GCF_004358365.1;protein_3794,GCF_048568965.1;protein_858,GCF_000005845.2;protein_2879,GCF_053078305.1;protein_1020,GCF_048571455.1;protein_4838,,,,,,,,
GCF_004358365.1;protein_3795,GCF_048568965.1;protein_859,,,GCF_048571455.1;protein_4837,,,,,,,,
GCF_004358365.1;protein_3796,GCF_048568965.1;protein_860,,,GCF_048571455.1;protein_4836,,,,,,,,
GCF_004358365.1;protein_3797,GCF_048568965.1;protein_861,,,GCF_048571455.1;protein_4835,,,,,,,,
GCF_004358365.1;protein_3798,GCF_048568965.1;protein_862,,,GCF_048571455.1;protein_4834,,,,,,,,
GCF_004358365.1;protein_3799,GCF_048568965.1;protein_863,,,GCF_048571455.1;protein_4833,,,,,,,,
GCF_004358365.1;protein_38,GCF_048568965.1;protein_3005,GCF_000005845.2;protein_1495,GCF_053078305.1;protein_2902,GCF_048571455.1;protein_2920,,,,,,,,
GCF_004358365.1;protein_3800,GCF_048568965.1;protein_864,GCF_000005845.2;protein_2878,GCF_053078305.1;protein_1021,GCF_048571455.1;protein_4832,,,,,,,,
GCF_004358365.1;protein_3801,GCF_048568965.1;protein_865,GCF_000005845.2;protein_2877,GCF_053078305.1;protein_1022,GCF_048571455.1;protein_4831,,,,,,,,
GCF_004358365.1;protein_3802,GCF_048568965.1;protein_866,GCF_000005845.2;protein_2876,GCF_053078305.1;protein_1023,GCF_048571455.1;protein_4830,,,,,,,,
GCF_004358365.1;protein_3803,GCF_048568965.1;protein_867,GCF_000005845.2;protein_2875,GCF_053078305.1;protein_1024,GCF_048571455.1;protein_4829,,,,,,,,
GCF_004358365.1;protein_3804,GCF_048568965.1;protein_868,GCF_000005845.2;protein_2874,GCF_053078305.1;protein_1027,GCF_048571455.1;protein_4828,,,,,,,,
GCF_004358365.1;protein_3805,GCF_048568965.1;protein_869,GCF_000005845.2;protein_2873,GCF_053078305.1;protein_1028,GCF_048571455.1;protein_4827,,,,,,,,
GCF_004358365.1;protein_3806,GCF_048568965.1;protein_870,GCF_000005845.2;protein_2872,GCF_053078305.1;protein_1029,GCF_048571455.1;protein_4826,,,,,,,,
GCF_004358365.1;protein_3807,GCF_048568965.1;protein_871,GCF_000005845.2;protein_2871,GCF_053078305.1;protein_1030,GCF_048571455.1;protein_4825,,,,,,,,
GCF_004358365.1;protein_3808,GCF_048568965.1;protein_872,GCF_000005845.2;protein_2870,GCF_053078305.1;protein_1031,GCF_048571455.1;protein_4824,,,,,,,,
GCF_004358365.1;protein_3809,GCF_048568965.1;protein_873,GCF_000005845.2;protein_2869,GCF_053078305.1;protein_1032,GCF_048571455.1;protein_4823,,,,,,,,
GCF_004358365.1;protein_381,GCF_048568965.1;protein_3730,,,GCF_048571455.1;protein_2594,,,,,,,,
GCF_004358365.1;protein_3810,GCF_048568965.1;protein_874,GCF_000005845.2;protein_2868,GCF_053078305.1;protein_1033,GCF_048571455.1;protein_4822,,,,,,,,
GCF_004358365.1;protein_3811,GCF_048568965.1;protein_875,GCF_000005845.2;protein_2867,GCF_053078305.1;protein_1034,GCF_048571455.1;protein_4821,,,,,,,,
GCF_004358365.1;protein_3812,GCF_048568965.1;protein_876,,,GCF_048571455.1;protein_4820,,,,,,,,
GCF_004358365.1;protein_3813,GCF_048568965.1;protein_877,GCF_000005845.2;protein_2866,GCF_053078305.1;protein_1040,GCF_048571455.1;protein_4819,,,,,,,,
GCF_004358365.1;protein_3814,GCF_048568965.1;protein_878,GCF_000005845.2;protein_2865,GCF_053078305.1;protein_1041,GCF_048571455.1;protein_4818,,,,,,,,
GCF_000005845.2;protein_2864,GCF_004358365.1;protein_3815,GCF_048568965.1;protein_880,GCF_004358365.1;protein_3816,GCF_048571455.1;protein_4816,,GCF_048568965.1;protein_879,GCF_048571455.1;protein_4817,,,,,
GCF_004358365.1;protein_3817,GCF_048568965.1;protein_881,GCF_000005845.2;protein_2863,GCF_053078305.1;protein_1043,GCF_048571455.1;protein_4815,,,,,,,,
GCF_004358365.1;protein_3818,GCF_048568965.1;protein_882,GCF_000005845.2;protein_2862,GCF_053078305.1;protein_1044,GCF_048571455.1;protein_4814,,,,,,,,
GCF_004358365.1;protein_3819,GCF_048568965.1;protein_883,GCF_000005845.2;protein_2861,GCF_053078305.1;protein_1045,GCF_048571455.1;protein_4813,,,,,,,,
GCF_004358365.1;protein_3820,GCF_048568965.1;protein_884,GCF_000005845.2;protein_2860,GCF_053078305.1;protein_1046,GCF_048571455.1;protein_4812,,,,,,,,
GCF_004358365.1;protein_3821,GCF_048568965.1;protein_885,GCF_000005845.2;protein_2859,GCF_053078305.1;protein_1047,GCF_048571455.1;protein_4811,,,,,,,,
GCF_004358365.1;protein_3822,GCF_048568965.1;protein_886,GCF_000005845.2;protein_2858,GCF_053078305.1;protein_1048,GCF_048571455.1;protein_4810,,,,,,,,
GCF_004358365.1;protein_3823,GCF_048568965.1;protein_887,GCF_000005845.2;protein_2857,GCF_053078305.1;protein_1049,GCF_048571455.1;protein_4809,,,,,,,,
GCF_004358365.1;protein_3824,GCF_048568965.1;protein_888,GCF_000005845.2;protein_2856,GCF_053078305.1;protein_1050,GCF_048571455.1;protein_4808,,,,,,,,
GCF_004358365.1;protein_3825,GCF_048568965.1;protein_889,GCF_000005845.2;protein_2855,GCF_053078305.1;protein_1051,GCF_048571455.1;protein_4807,,,,,,,,
GCF_004358365.1;protein_3826,GCF_048568965.1;protein_890,GCF_000005845.2;protein_2854,GCF_053078305.1;protein_1052,GCF_048571455.1;protein_4806,,,,,,,,
GCF_004358365.1;protein_3827,GCF_048568965.1;protein_891,GCF_000005845.2;protein_2853,,GCF_048571455.1;protein_4805,,,,,,,,
GCF_004358365.1;protein_3828,GCF_048568965.1;protein_892,GCF_000005845.2;protein_2852,GCF_053078305.1;protein_1053,GCF_048571455.1;protein_4804,,,,,,,,
GCF_004358365.1;protein_3829,GCF_048568965.1;protein_893,GCF_000005845.2;protein_2851,GCF_053078305.1;protein_1054,GCF_048571455.1;protein_4803,,,,,,,,
GCF_004358365.1;protein_383,GCF_048568965.1;protein_3732,,,GCF_048571455.1;protein_2592,,,,,,,,
GCF_004358365.1;protein_3830,GCF_048568965.1;protein_894,GCF_000005845.2;protein_2850,GCF_053078305.1;protein_1055,GCF_048571455.1;protein_4802,,,,,,,,
GCF_004358365.1;protein_3831,GCF_048568965.1;protein_896,GCF_000005845.2;protein_2849,GCF_053078305.1;protein_1056,GCF_048571455.1;protein_4801,,,,,,,,
GCF_004358365.1;protein_3832,GCF_048568965.1;protein_897,GCF_000005845.2;protein_2848,GCF_053078305.1;protein_1057,GCF_048571455.1;protein_4800,,,,,,,,
GCF_004358365.1;protein_3833,GCF_048568965.1;protein_898,GCF_000005845.2;protein_2847,GCF_053078305.1;protein_1058,GCF_048571455.1;protein_4799,,,,,,,,
GCF_004358365.1;protein_3834,GCF_048568965.1;protein_899,GCF_000005845.2;protein_2846,GCF_053078305.1;protein_1059,GCF_048571455.1;protein_4798,,,,,,,,
GCF_004358365.1;protein_3835,GCF_048568965.1;protein_900,GCF_000005845.2;protein_2845,GCF_053078305.1;protein_1060,GCF_048571455.1;protein_4797,,,,,,,,
GCF_004358365.1;protein_3836,GCF_048568965.1;protein_901,GCF_000005845.2;protein_2844,GCF_053078305.1;protein_1061,GCF_048571455.1;protein_4796,,,,,,,,
GCF_004358365.1;protein_3837,GCF_048568965.1;protein_902,GCF_000005845.2;protein_2843,GCF_053078305.1;protein_1062,GCF_048571455.1;protein_4795,,,,,,,,
GCF_004358365.1;protein_3838,GCF_048568965.1;protein_903,GCF_000005845.2;protein_2842,GCF_053078305.1;protein_1063,GCF_048571455.1;protein_4794,,,,,,,,
GCF_004358365.1;protein_384,GCF_048568965.1;protein_3733,,,GCF_048571455.1;protein_2591,,,,,,,,
GCF_004358365.1;protein_3840,GCF_048568965.1;protein_905,GCF_000005845.2;protein_2840,GCF_053078305.1;protein_1065,GCF_048571455.1;protein_4792,,,,,,,,
GCF_004358365.1;protein_3841,GCF_048568965.1;protein_906,GCF_000005845.2;protein_2839,GCF_053078305.1;protein_1066,GCF_048571455.1;protein_4791,,,,,,,,
GCF_004358365.1;protein_3842,GCF_048568965.1;protein_907,GCF_000005845.2;protein_2838,GCF_053078305.1;protein_1067,GCF_048571455.1;protein_4790,,,,,,,,
GCF_004358365.1;protein_3843,GCF_048568965.1;protein_908,GCF_000005845.2;protein_2837,GCF_053078305.1;protein_1068,GCF_048571455.1;protein_4789,,,,,,,,
GCF_004358365.1;protein_3844,GCF_048568965.1;protein_909,GCF_000005845.2;protein_2836,GCF_053078305.1;protein_1069,GCF_048571455.1;protein_4788,,,,,,,,
GCF_004358365.1;protein_3845,GCF_048568965.1;protein_910,GCF_000005845.2;protein_2835,GCF_053078305.1;protein_1070,GCF_048571455.1;protein_4787,,,,,,,,
GCF_004358365.1;protein_3846,GCF_048568965.1;protein_911,GCF_000005845.2;protein_2834,GCF_053078305.1;protein_1071,GCF_048571455.1;protein_4786,,,,,,,,
GCF_004358365.1;protein_3847,GCF_048568965.1;protein_912,GCF_000005845.2;protein_2833,GCF_053078305.1;protein_1072,GCF_048571455.1;protein_4785,,,,,,,,
GCF_004358365.1;protein_3848,GCF_048568965.1;protein_913,GCF_000005845.2;protein_2832,GCF_053078305.1;protein_1073,GCF_048571455.1;protein_4784,,,,,,,,
GCF_004358365.1;protein_3849,GCF_048568965.1;protein_914,GCF_000005845.2;protein_2831,GCF_053078305.1;protein_1074,GCF_048571455.1;protein_4783,,,,,,,,
GCF_004358365.1;protein_385,GCF_048568965.1;protein_3734,,,GCF_048571455.1;protein_2590,,,,,,,,
GCF_004358365.1;protein_3850,GCF_048568965.1;protein_915,GCF_000005845.2;protein_2830,GCF_053078305.1;protein_1075,GCF_048571455.1;protein_4782,,,,,,,,
GCF_004358365.1;protein_3851,GCF_048568965.1;protein_916,GCF_000005845.2;protein_2829,GCF_053078305.1;protein_1076,GCF_048571455.1;protein_4781,,,,,,,,
GCF_004358365.1;protein_3852,GCF_048568965.1;protein_917,GCF_000005845.2;protein_2828,GCF_053078305.1;protein_1077,GCF_048571455.1;protein_4780,,,,,,,,
GCF_004358365.1;protein_3853,GCF_048568965.1;protein_918,GCF_000005845.2;protein_2827,GCF_053078305.1;protein_1078,GCF_048571455.1;protein_4779,,,,,,,,
GCF_004358365.1;protein_3854,GCF_048568965.1;protein_919,GCF_000005845.2;protein_2826,GCF_053078305.1;protein_1079,GCF_048571455.1;protein_4778,,,,,,,,
GCF_004358365.1;protein_3855,GCF_048568965.1;protein_920,GCF_000005845.2;protein_2825,GCF_053078305.1;protein_1080,GCF_048571455.1;protein_4777,,,,,,,,
GCF_004358365.1;protein_3856,GCF_048568965.1;protein_921,GCF_000005845.2;protein_2824,GCF_053078305.1;protein_1081,GCF_048571455.1;protein_4776,,,,,,,,
GCF_004358365.1;protein_3857,GCF_048568965.1;protein_922,GCF_000005845.2;protein_2823,GCF_053078305.1;protein_1082,GCF_048571455.1;protein_4775,,,,,,,,
GCF_004358365.1;protein_3858,GCF_048568965.1;protein_923,GCF_000005845.2;protein_2822,GCF_053078305.1;protein_1083,GCF_048571455.1;protein_4774,,,,,,,,
GCF_004358365.1;protein_3859,GCF_048568965.1;protein_924,GCF_000005845.2;protein_2821,GCF_053078305.1;protein_1084,GCF_048571455.1;protein_4773,,,,,,,,
GCF_004358365.1;protein_3860,GCF_048568965.1;protein_925,GCF_000005845.2;protein_2820,GCF_053078305.1;protein_1085,GCF_048571455.1;protein_4772,,,,,,,,
GCF_004358365.1;protein_3861,GCF_048568965.1;protein_926,GCF_000005845.2;protein_2819,GCF_053078305.1;protein_1086,GCF_048571455.1;protein_4771,,,,,,,,
GCF_004358365.1;protein_3862,GCF_048568965.1;protein_927,GCF_000005845.2;protein_2818,GCF_053078305.1;protein_1087,GCF_048571455.1;protein_4770,,,,,,,,
GCF_004358365.1;protein_3863,GCF_048568965.1;protein_928,GCF_000005845.2;protein_2817,GCF_053078305.1;protein_1088,GCF_048571455.1;protein_4769,,,,,,,,
GCF_004358365.1;protein_3864,GCF_048568965.1;protein_929,GCF_000005845.2;protein_2816,GCF_053078305.1;protein_1089,GCF_048571455.1;protein_4768,,,,,,,,
GCF_004358365.1;protein_3865,GCF_048568965.1;protein_930,GCF_000005845.2;protein_2815,GCF_053078305.1;protein_1090,GCF_048571455.1;protein_4767,,,,,,,,
GCF_004358365.1;protein_3866,GCF_048568965.1;protein_948,,,GCF_048571455.1;protein_4766,,,,,,,,
GCF_004358365.1;protein_3867,GCF_048568965.1;protein_949,,,GCF_048571455.1;protein_4765,,,,,,,,
GCF_004358365.1;protein_3868,GCF_048568965.1;protein_950,,,GCF_048571455.1;protein_4764,,,,,,,,
GCF_004358365.1;protein_387,GCF_048568965.1;protein_3736,,,GCF_048571455.1;protein_2588,,,,,,,,
GCF_004358365.1;protein_3872,GCF_048568965.1;protein_954,,,GCF_048571455.1;protein_4760,,,,,,,,
GCF_004358365.1;protein_3873,GCF_048568965.1;protein_955,,,GCF_048571455.1;protein_4759,,,,,,,,
GCF_004358365.1;protein_3874,GCF_048568965.1;protein_956,,GCF_053078305.1;protein_1091,GCF_048571455.1;protein_4758,,,,,,,,
GCF_004358365.1;protein_3875,GCF_048568965.1;protein_957,,,GCF_048571455.1;protein_4757,,,,,,,,
GCF_004358365.1;protein_3876,GCF_048568965.1;protein_958,,GCF_053078305.1;protein_1101,GCF_048571455.1;protein_4756,,,,,,,,
GCF_004358365.1;protein_3877,GCF_048568965.1;protein_959,,GCF_053078305.1;protein_1102,GCF_048571455.1;protein_4755,,,,,,,,
GCF_004358365.1;protein_3878,GCF_048568965.1;protein_960,,GCF_053078305.1;protein_1103,GCF_048571455.1;protein_4754,,,,,,,,
GCF_004358365.1;protein_3879,GCF_048568965.1;protein_961,,GCF_053078305.1;protein_1104,GCF_048571455.1;protein_4753,,,,,,,,
GCF_004358365.1;protein_388,GCF_048568965.1;protein_3737,,,GCF_048571455.1;protein_2587,,,,,,,,
GCF_004358365.1;protein_3880,GCF_048568965.1;protein_962,,GCF_053078305.1;protein_1105,GCF_048571455.1;protein_4752,,,,,,,,
GCF_004358365.1;protein_3881,GCF_048568965.1;protein_963,,GCF_053078305.1;protein_1106,GCF_048571455.1;protein_4751,,,,,,,,
GCF_004358365.1;protein_3882,GCF_048568965.1;protein_964,,GCF_053078305.1;protein_1107,GCF_048571455.1;protein_4750,,,,,,,,
GCF_004358365.1;protein_3883,GCF_048568965.1;protein_965,,GCF_053078305.1;protein_1108,GCF_048571455.1;protein_4749,,,,,,,,
GCF_004358365.1;protein_3884,GCF_048568965.1;protein_966,,GCF_053078305.1;protein_1109,GCF_048571455.1;protein_4748,,,,,,,,
GCF_004358365.1;protein_3885,GCF_048568965.1;protein_967,,GCF_053078305.1;protein_1110,GCF_048571455.1;protein_4747,,,,,,,,
GCF_004358365.1;protein_3886,GCF_048568965.1;protein_968,,GCF_053078305.1;protein_1111,GCF_048571455.1;protein_4746,,,,,,,,
GCF_004358365.1;protein_3887,GCF_048568965.1;protein_969,,GCF_053078305.1;protein_1112,GCF_048571455.1;protein_4745,,,,,,,,
GCF_004358365.1;protein_3888,GCF_048568965.1;protein_970,,,GCF_048571455.1;protein_4744,,,,,,,,
GCF_004358365.1;protein_3889,GCF_048568965.1;protein_971,,,GCF_048571455.1;protein_4743,,,,,,,,
GCF_004358365.1;protein_3890,GCF_048568965.1;protein_972,,GCF_053078305.1;protein_1114,GCF_048571455.1;protein_4742,,,,,,,,
GCF_004358365.1;protein_3891,GCF_048568965.1;protein_973,,GCF_053078305.1;protein_1115,GCF_048571455.1;protein_4741,,,,,,,,
GCF_004358365.1;protein_3892,GCF_048568965.1;protein_974,GCF_000005845.2;protein_2811,GCF_053078305.1;protein_1116,GCF_048571455.1;protein_4740,,,,,,,,
GCF_004358365.1;protein_3893,GCF_048568965.1;protein_975,GCF_000005845.2;protein_2810,GCF_053078305.1;protein_1117,GCF_048571455.1;protein_4739,,,,,,,,
GCF_004358365.1;protein_3894,GCF_048568965.1;protein_976,GCF_000005845.2;protein_2809,GCF_053078305.1;protein_1118,GCF_048571455.1;protein_4738,,,,,,,,
GCF_004358365.1;protein_3895,GCF_048568965.1;protein_977,,GCF_053078305.1;protein_1119,GCF_048571455.1;protein_4737,,,,,,,,
GCF_004358365.1;protein_3896,GCF_048568965.1;protein_978,GCF_000005845.2;protein_2808,GCF_053078305.1;protein_1120,GCF_048571455.1;protein_4736,,,,,,,,
GCF_004358365.1;protein_3897,GCF_048568965.1;protein_979,GCF_000005845.2;protein_2807,GCF_053078305.1;protein_1121,GCF_048571455.1;protein_4735,,,,,,,,
GCF_004358365.1;protein_3898,GCF_048568965.1;protein_980,GCF_000005845.2;protein_2806,GCF_053078305.1;protein_1122,GCF_048571455.1;protein_4734,,,,,,,,
GCF_004358365.1;protein_3899,GCF_048568965.1;protein_981,GCF_000005845.2;protein_2805,GCF_053078305.1;protein_1123,GCF_048571455.1;protein_4733,,,,,,,,
GCF_004358365.1;protein_390,GCF_048568965.1;protein_3739,,,GCF_048571455.1;protein_2585,,,,,,,,
GCF_004358365.1;protein_3900,GCF_048568965.1;protein_982,GCF_000005845.2;protein_2804,GCF_053078305.1;protein_1124,GCF_048571455.1;protein_4732,,,,,,,,
GCF_004358365.1;protein_3901,GCF_048568965.1;protein_983,GCF_000005845.2;protein_2803,GCF_053078305.1;protein_1125,GCF_048571455.1;protein_4731,,,,,,,,
GCF_004358365.1;protein_3902,GCF_048568965.1;protein_984,GCF_000005845.2;protein_2802,GCF_053078305.1;protein_1126,GCF_048571455.1;protein_4730,,,,,,,,
GCF_004358365.1;protein_3903,GCF_048568965.1;protein_985,GCF_000005845.2;protein_2801,GCF_053078305.1;protein_1127,GCF_048571455.1;protein_4729,,,,,,,,
GCF_004358365.1;protein_3904,GCF_048568965.1;protein_986,GCF_000005845.2;protein_2800,GCF_053078305.1;protein_1128,GCF_048571455.1;protein_4728,,,,,,,,
GCF_004358365.1;protein_3905,GCF_048568965.1;protein_987,GCF_000005845.2;protein_2799,GCF_053078305.1;protein_1129,GCF_048571455.1;protein_4727,,,,,,,,
GCF_004358365.1;protein_3906,GCF_048568965.1;protein_988,GCF_000005845.2;protein_2798,GCF_053078305.1;protein_1130,GCF_048571455.1;protein_4726,,,,,,,,
GCF_004358365.1;protein_3907,GCF_048568965.1;protein_989,GCF_000005845.2;protein_2797,GCF_053078305.1;protein_1131,GCF_048571455.1;protein_4725,,,,,,,,
GCF_004358365.1;protein_3908,GCF_048568965.1;protein_990,GCF_000005845.2;protein_2796,GCF_053078305.1;protein_1132,GCF_048571455.1;protein_4724,,,,,,,,
GCF_004358365.1;protein_3909,GCF_048568965.1;protein_991,GCF_000005845.2;protein_2795,GCF_053078305.1;protein_1133,GCF_048571455.1;protein_4723,,,,,,,,
GCF_004358365.1;protein_3910,GCF_048568965.1;protein_992,GCF_000005845.2;protein_2794,GCF_053078305.1;protein_1134,GCF_048571455.1;protein_4722,,,,,,,,
GCF_004358365.1;protein_3911,GCF_048568965.1;protein_993,GCF_000005845.2;protein_2793,GCF_053078305.1;protein_1135,GCF_048571455.1;protein_4721,,,,,,,,
GCF_004358365.1;protein_3912,GCF_048568965.1;protein_994,GCF_000005845.2;protein_2792,GCF_053078305.1;protein_1136,GCF_048571455.1;protein_4720,,,,,,,,
GCF_004358365.1;protein_3913,GCF_048568965.1;protein_995,GCF_000005845.2;protein_2791,GCF_053078305.1;protein_1137,GCF_048571455.1;protein_4719,,,,,,,,
GCF_004358365.1;protein_3914,GCF_048568965.1;protein_996,GCF_000005845.2;protein_2790,GCF_053078305.1;protein_1138,GCF_048571455.1;protein_4718,,,,,,,,
GCF_004358365.1;protein_3915,GCF_048568965.1;protein_997,GCF_000005845.2;protein_2789,GCF_053078305.1;protein_1139,GCF_048571455.1;protein_4717,,,,,,,,
GCF_004358365.1;protein_3916,GCF_048568965.1;protein_998,GCF_000005845.2;protein_2788,GCF_053078305.1;protein_1140,GCF_048571455.1;protein_4716,,,,,,,,
GCF_004358365.1;protein_3917,GCF_048568965.1;protein_999,GCF_000005845.2;protein_2787,GCF_053078305.1;protein_1141,GCF_048571455.1;protein_4715,,,,,,,,
GCF_004358365.1;protein_3918,GCF_048568965.1;protein_1000,GCF_000005845.2;protein_2786,GCF_053078305.1;protein_1142,GCF_048571455.1;protein_4714,,,,,,,,
GCF_004358365.1;protein_3919,GCF_048568965.1;protein_1001,GCF_000005845.2;protein_2785,GCF_053078305.1;protein_1143,GCF_048571455.1;protein_4713,,,,,,,,
GCF_004358365.1;protein_392,GCF_048568965.1;protein_3741,,,GCF_048571455.1;protein_2583,,,,,,,,
GCF_004358365.1;protein_3920,GCF_048568965.1;protein_1002,GCF_000005845.2;protein_2784,GCF_053078305.1;protein_1144,GCF_048571455.1;protein_4712,,,,,,,,
GCF_004358365.1;protein_3921,GCF_048568965.1;protein_1003,GCF_000005845.2;protein_2783,GCF_053078305.1;protein_1145,GCF_048571455.1;protein_4710,,,,,,,,
GCF_004358365.1;protein_3922,GCF_048568965.1;protein_1004,GCF_000005845.2;protein_2782,GCF_053078305.1;protein_1146,GCF_048571455.1;protein_4709,,,,,,,,
GCF_004358365.1;protein_3923,GCF_048568965.1;protein_1005,GCF_000005845.2;protein_2781,GCF_053078305.1;protein_1147,GCF_048571455.1;protein_4708,,,,,,,,
GCF_004358365.1;protein_3924,GCF_048568965.1;protein_1006,GCF_000005845.2;protein_2780,GCF_053078305.1;protein_1148,GCF_048571455.1;protein_4707,,,,,,,,
GCF_004358365.1;protein_3925,GCF_048568965.1;protein_1007,GCF_000005845.2;protein_2779,GCF_053078305.1;protein_1149,GCF_048571455.1;protein_4706,,,,,,,,
GCF_004358365.1;protein_3926,GCF_048568965.1;protein_1008,GCF_000005845.2;protein_2778,GCF_053078305.1;protein_1150,GCF_048571455.1;protein_4705,,,,,,,,
GCF_004358365.1;protein_3927,GCF_048568965.1;protein_1009,GCF_000005845.2;protein_2777,GCF_053078305.1;protein_1151,GCF_048571455.1;protein_4704,,,,,,,,
GCF_004358365.1;protein_3928,GCF_048568965.1;protein_1010,GCF_000005845.2;protein_2776,GCF_053078305.1;protein_1152,GCF_048571455.1;protein_4703,,,,,,,,
GCF_004358365.1;protein_3929,GCF_048568965.1;protein_1011,GCF_000005845.2;protein_2775,GCF_053078305.1;protein_1153,GCF_048571455.1;protein_4702,,,,,,,,
GCF_004358365.1;protein_393,GCF_048568965.1;protein_3742,,,GCF_048571455.1;protein_2582,,,,,,,,
GCF_004358365.1;protein_3930,GCF_048568965.1;protein_1012,GCF_000005845.2;protein_2774,GCF_053078305.1;protein_1154,GCF_048571455.1;protein_4701,,,,,,,,
GCF_004358365.1;protein_3931,GCF_048568965.1;protein_1013,,,GCF_048571455.1;protein_4700,,,,,,,,
GCF_004358365.1;protein_3932,GCF_048568965.1;protein_1014,,,GCF_048571455.1;protein_4699,,,,,,,,
GCF_004358365.1;protein_3933,GCF_048568965.1;protein_1015,,,GCF_048571455.1;protein_4698,,,,,,,,
GCF_004358365.1;protein_3934,GCF_048568965.1;protein_1016,,,GCF_048571455.1;protein_4697,,,,,,,,
GCF_004358365.1;protein_3935,GCF_048568965.1;protein_1017,,,GCF_048571455.1;protein_4696,,,,,,,,
GCF_004358365.1;protein_3936,GCF_048568965.1;protein_1018,GCF_000005845.2;protein_2773,GCF_053078305.1;protein_1155,GCF_048571455.1;protein_4695,,,,,,,,
GCF_004358365.1;protein_3937,GCF_048568965.1;protein_1019,GCF_000005845.2;protein_2772,GCF_053078305.1;protein_1156,GCF_048571455.1;protein_4694,,,,,,,,
GCF_004358365.1;protein_3938,GCF_048568965.1;protein_1020,GCF_000005845.2;protein_2771,GCF_053078305.1;protein_1157,GCF_048571455.1;protein_4693,,,,,,,,
GCF_004358365.1;protein_3939,GCF_048568965.1;protein_1021,GCF_000005845.2;protein_2770,GCF_053078305.1;protein_1158,GCF_048571455.1;protein_4692,,,,,,,,
GCF_004358365.1;protein_394,GCF_048568965.1;protein_3743,GCF_000005845.2;protein_1234,GCF_053078305.1;protein_3192,GCF_048571455.1;protein_2581,,,,,,,,
GCF_004358365.1;protein_3940,GCF_048568965.1;protein_1022,GCF_000005845.2;protein_2769,GCF_053078305.1;protein_1159,GCF_048571455.1;protein_4691,,,,,,,,
GCF_004358365.1;protein_3941,GCF_048568965.1;protein_1023,GCF_000005845.2;protein_2768,GCF_053078305.1;protein_1160,GCF_048571455.1;protein_4690,,,,,,,,
GCF_004358365.1;protein_3942,GCF_048568965.1;protein_1024,GCF_000005845.2;protein_2767,GCF_053078305.1;protein_1161,GCF_048571455.1;protein_4689,,,,,,,,
GCF_004358365.1;protein_3943,GCF_048568965.1;protein_1025,GCF_000005845.2;protein_2766,GCF_053078305.1;protein_1162,GCF_048571455.1;protein_4688,,,,,,,,
GCF_004358365.1;protein_3944,GCF_048568965.1;protein_1026,GCF_000005845.2;protein_2765,GCF_053078305.1;protein_1163,GCF_048571455.1;protein_4687,,,,,,,,
GCF_004358365.1;protein_3945,GCF_048568965.1;protein_1027,GCF_000005845.2;protein_2764,GCF_053078305.1;protein_1164,GCF_048571455.1;protein_4686,,,,,,,,
GCF_004358365.1;protein_3946,GCF_048568965.1;protein_1028,GCF_000005845.2;protein_2763,GCF_053078305.1;protein_1165,GCF_048571455.1;protein_4685,,,,,,,,
GCF_004358365.1;protein_3947,GCF_048568965.1;protein_1029,GCF_000005845.2;protein_2762,GCF_053078305.1;protein_1166,GCF_048571455.1;protein_4684,,,,,,,,
GCF_004358365.1;protein_3948,GCF_048568965.1;protein_1030,GCF_000005845.2;protein_2761,GCF_053078305.1;protein_1167,GCF_048571455.1;protein_4683,,,,,,,,
GCF_004358365.1;protein_3949,GCF_048568965.1;protein_1031,GCF_000005845.2;protein_2760,GCF_053078305.1;protein_1168,GCF_048571455.1;protein_4682,,,,,,,,
GCF_004358365.1;protein_395,GCF_048568965.1;protein_3744,,GCF_053078305.1;protein_3193,GCF_048571455.1;protein_2580,,,,,,,,
GCF_004358365.1;protein_3950,GCF_048568965.1;protein_1032,GCF_000005845.2;protein_2759,GCF_053078305.1;protein_1169,GCF_048571455.1;protein_4681,,,,,,,,
GCF_004358365.1;protein_3951,GCF_048568965.1;protein_1033,GCF_000005845.2;protein_2758,GCF_053078305.1;protein_1170,GCF_048571455.1;protein_4680,,,,,,,,
GCF_004358365.1;protein_3952,GCF_048568965.1;protein_1034,GCF_000005845.2;protein_2757,GCF_053078305.1;protein_1171,GCF_048571455.1;protein_4679,,,,,,,,
GCF_004358365.1;protein_3953,GCF_048568965.1;protein_1035,GCF_000005845.2;protein_2756,GCF_053078305.1;protein_1172,GCF_048571455.1;protein_4678,,,,,,,,
GCF_004358365.1;protein_3954,GCF_048568965.1;protein_1036,GCF_000005845.2;protein_2755,GCF_053078305.1;protein_1173,GCF_048571455.1;protein_4677,,,,,,,,
GCF_004358365.1;protein_3955,GCF_048568965.1;protein_1037,GCF_000005845.2;protein_2754,GCF_053078305.1;protein_1174,GCF_048571455.1;protein_4676,,,,,,,,
GCF_004358365.1;protein_3956,GCF_048568965.1;protein_1038,GCF_000005845.2;protein_2753,GCF_053078305.1;protein_1175,GCF_048571455.1;protein_4675,,,,,,,,
GCF_004358365.1;protein_3957,GCF_048568965.1;protein_1039,GCF_000005845.2;protein_2752,GCF_053078305.1;protein_1176,GCF_048571455.1;protein_4674,,,,,,,,
GCF_004358365.1;protein_3958,GCF_048568965.1;protein_1040,GCF_000005845.2;protein_2751,GCF_053078305.1;protein_1177,GCF_048571455.1;protein_4673,,,,,,,,
GCF_004358365.1;protein_3959,GCF_048568965.1;protein_1041,GCF_000005845.2;protein_2750,GCF_053078305.1;protein_1178,GCF_048571455.1;protein_4672,,,,,,,,
GCF_004358365.1;protein_396,GCF_048568965.1;protein_3745,GCF_000005845.2;protein_1233,GCF_053078305.1;protein_3194,GCF_048571455.1;protein_2579,,,,,,,,
GCF_004358365.1;protein_3960,GCF_048568965.1;protein_1042,GCF_000005845.2;protein_2749,GCF_053078305.1;protein_1179,GCF_048571455.1;protein_4671,,,,,,,,
GCF_004358365.1;protein_3961,GCF_048568965.1;protein_1043,GCF_000005845.2;protein_2748,GCF_053078305.1;protein_1180,GCF_048571455.1;protein_4670,,,,,,,,
GCF_004358365.1;protein_3962,GCF_048568965.1;protein_1044,GCF_000005845.2;protein_2747,GCF_053078305.1;protein_1181,GCF_048571455.1;protein_4669,,,,,,,,
GCF_004358365.1;protein_3963,GCF_048568965.1;protein_1045,GCF_000005845.2;protein_2746,GCF_053078305.1;protein_1182,GCF_048571455.1;protein_4668,,,,,,,,
GCF_004358365.1;protein_3964,GCF_048568965.1;protein_1046,GCF_000005845.2;protein_2745,GCF_053078305.1;protein_1183,GCF_048571455.1;protein_4667,,,,,,,,
GCF_004358365.1;protein_3965,GCF_048568965.1;protein_1047,GCF_000005845.2;protein_2744,GCF_053078305.1;protein_1184,GCF_048571455.1;protein_4666,,,,,,,,
GCF_004358365.1;protein_3966,GCF_048568965.1;protein_1048,GCF_000005845.2;protein_2743,GCF_053078305.1;protein_1185,GCF_048571455.1;protein_4665,,,,,,,,
GCF_004358365.1;protein_3967,GCF_048568965.1;protein_1049,GCF_000005845.2;protein_2742,GCF_053078305.1;protein_1186,GCF_048571455.1;protein_4664,,,,,,,,
GCF_004358365.1;protein_3968,GCF_048568965.1;protein_1050,GCF_000005845.2;protein_2741,GCF_053078305.1;protein_1187,GCF_048571455.1;protein_4663,,,,,,,,
GCF_004358365.1;protein_3969,GCF_048568965.1;protein_1051,GCF_000005845.2;protein_2740,GCF_053078305.1;protein_1188,GCF_048571455.1;protein_4662,,,,,,,,
GCF_004358365.1;protein_397,GCF_048568965.1;protein_3746,GCF_000005845.2;protein_1232,GCF_053078305.1;protein_3195,GCF_048571455.1;protein_2578,,,,,,,,
GCF_004358365.1;protein_3970,GCF_048568965.1;protein_1052,GCF_000005845.2;protein_2739,GCF_053078305.1;protein_1189,GCF_048571455.1;protein_4661,,,,,,,,
GCF_004358365.1;protein_3971,GCF_048568965.1;protein_1053,GCF_000005845.2;protein_2738,,GCF_048571455.1;protein_4660,,,,,,,,
GCF_004358365.1;protein_3972,GCF_048568965.1;protein_1054,GCF_000005845.2;protein_2737,,GCF_048571455.1;protein_4659,,,,,,,,
GCF_004358365.1;protein_3973,GCF_048568965.1;protein_1055,GCF_000005845.2;protein_2736,GCF_053078305.1;protein_1194,GCF_048571455.1;protein_4658,,,,,,,,
GCF_004358365.1;protein_3974,GCF_048568965.1;protein_1056,GCF_000005845.2;protein_2735,GCF_053078305.1;protein_1195,GCF_048571455.1;protein_4657,,,,,,,,
GCF_004358365.1;protein_3975,GCF_048568965.1;protein_1057,GCF_000005845.2;protein_2734,GCF_053078305.1;protein_1196,GCF_048571455.1;protein_4656,,,,,,,,
GCF_004358365.1;protein_3976,GCF_048568965.1;protein_1058,GCF_000005845.2;protein_2733,GCF_053078305.1;protein_1197,GCF_048571455.1;protein_4655,,,,,,,,
GCF_004358365.1;protein_3977,GCF_048568965.1;protein_1059,GCF_000005845.2;protein_2732,GCF_053078305.1;protein_1198,GCF_048571455.1;protein_4654,,,,,,,,
GCF_004358365.1;protein_3978,GCF_048568965.1;protein_1060,GCF_000005845.2;protein_2731,GCF_053078305.1;protein_1199,GCF_048571455.1;protein_4653,,,,,,,,
GCF_004358365.1;protein_3979,GCF_048568965.1;protein_1061,GCF_000005845.2;protein_2730,GCF_053078305.1;protein_1200,GCF_048571455.1;protein_4652,,,,,,,,
GCF_004358365.1;protein_398,GCF_048568965.1;protein_3747,GCF_000005845.2;protein_1231,GCF_053078305.1;protein_3196,GCF_048571455.1;protein_2577,,,,,,,,
GCF_004358365.1;protein_3980,GCF_048568965.1;protein_1062,GCF_000005845.2;protein_2729,GCF_053078305.1;protein_1201,GCF_048571455.1;protein_4651,,,,,,,,
GCF_004358365.1;protein_3981,GCF_048568965.1;protein_1063,GCF_000005845.2;protein_2728,GCF_053078305.1;protein_1202,GCF_048571455.1;protein_4650,,,,,,,,
GCF_004358365.1;protein_3982,GCF_048568965.1;protein_1064,GCF_000005845.2;protein_2727,GCF_053078305.1;protein_1203,GCF_048571455.1;protein_4649,,,,,,,,
GCF_004358365.1;protein_3983,GCF_048568965.1;protein_1065,GCF_000005845.2;protein_2726,GCF_053078305.1;protein_1204,GCF_048571455.1;protein_4648,,,,,,,,
GCF_004358365.1;protein_3984,GCF_048568965.1;protein_1066,GCF_000005845.2;protein_2725,GCF_053078305.1;protein_1205,GCF_048571455.1;protein_4647,,,,,,,,
GCF_004358365.1;protein_3985,GCF_048568965.1;protein_1067,GCF_000005845.2;protein_2724,GCF_053078305.1;protein_1206,GCF_048571455.1;protein_4646,,,,,,,,
GCF_004358365.1;protein_3986,GCF_048568965.1;protein_1068,GCF_000005845.2;protein_2723,GCF_053078305.1;protein_1207,GCF_048571455.1;protein_4645,,,,,,,,
GCF_004358365.1;protein_3987,GCF_048568965.1;protein_1069,GCF_000005845.2;protein_2722,GCF_053078305.1;protein_1208,GCF_048571455.1;protein_4644,,,,,,,,
GCF_004358365.1;protein_3988,GCF_048568965.1;protein_1070,,GCF_053078305.1;protein_1209,GCF_048571455.1;protein_4643,,,,,,,,
GCF_004358365.1;protein_3989,GCF_048568965.1;protein_1071,,GCF_053078305.1;protein_1210,GCF_048571455.1;protein_4642,,,,,,,,
GCF_004358365.1;protein_399,GCF_048568965.1;protein_3748,GCF_000005845.2;protein_1230,GCF_053078305.1;protein_3197,GCF_048571455.1;protein_2576,,,,,,,,
GCF_004358365.1;protein_3990,GCF_048568965.1;protein_1072,,GCF_053078305.1;protein_1211,GCF_048571455.1;protein_4641,,,,,,,,
GCF_004358365.1;protein_3991,GCF_048568965.1;protein_1073,,GCF_053078305.1;protein_1212,GCF_048571455.1;protein_4640,,,,,,,,
GCF_004358365.1;protein_3992,GCF_048568965.1;protein_1074,,GCF_053078305.1;protein_1213,GCF_048571455.1;protein_4639,,,,,,,,
GCF_004358365.1;protein_3993,GCF_048568965.1;protein_1075,,GCF_053078305.1;protein_1214,GCF_048571455.1;protein_4638,,,,,,,,
GCF_004358365.1;protein_3994,GCF_048568965.1;protein_1076,,GCF_053078305.1;protein_1215,GCF_048571455.1;protein_4637,,,,,,,,
GCF_004358365.1;protein_3995,GCF_048568965.1;protein_1077,,GCF_053078305.1;protein_1216,GCF_048571455.1;protein_4636,,,,,,,,
GCF_004358365.1;protein_3996,GCF_048568965.1;protein_1078,,GCF_053078305.1;protein_1217,GCF_048571455.1;protein_4635,,,,,,,,
GCF_004358365.1;protein_3997,GCF_048568965.1;protein_1079,GCF_000005845.2;protein_2713,GCF_053078305.1;protein_1218,GCF_048571455.1;protein_4634,,,,,,,,
GCF_004358365.1;protein_3998,GCF_048568965.1;protein_1080,GCF_000005845.2;protein_2712,GCF_053078305.1;protein_1219,GCF_048571455.1;protein_4633,,,,,,,,
GCF_004358365.1;protein_3999,GCF_048568965.1;protein_1081,GCF_000005845.2;protein_2711,GCF_053078305.1;protein_1220,GCF_048571455.1;protein_4632,,,,,,,,
GCF_004358365.1;protein_4,GCF_048568965.1;protein_3039,GCF_000005845.2;protein_1522,GCF_053078305.1;protein_2873,GCF_048571455.1;protein_2954,,,,,,,,
GCF_004358365.1;protein_400,GCF_048568965.1;protein_3749,GCF_000005845.2;protein_1229,GCF_053078305.1;protein_3198,GCF_048571455.1;protein_2575,,,,,,,,
GCF_004358365.1;protein_4000,GCF_048568965.1;protein_1082,GCF_000005845.2;protein_2710,GCF_053078305.1;protein_1221,GCF_048571455.1;protein_4631,,,,,,,,
GCF_004358365.1;protein_4001,GCF_048568965.1;protein_1083,GCF_000005845.2;protein_2709,GCF_053078305.1;protein_1222,GCF_048571455.1;protein_4630,,,,,,,,
GCF_004358365.1;protein_4002,GCF_048568965.1;protein_1084,GCF_000005845.2;protein_2708,GCF_053078305.1;protein_1223,GCF_048571455.1;protein_4629,,,,,,,,
GCF_004358365.1;protein_4003,GCF_048568965.1;protein_1085,GCF_000005845.2;protein_2707,GCF_053078305.1;protein_1224,GCF_048571455.1;protein_4628,,,,,,,,
GCF_004358365.1;protein_4004,GCF_048568965.1;protein_1086,GCF_000005845.2;protein_2706,GCF_053078305.1;protein_1225,GCF_048571455.1;protein_4627,,,,,,,,
GCF_004358365.1;protein_4005,GCF_048568965.1;protein_1087,GCF_000005845.2;protein_2705,GCF_053078305.1;protein_1226,GCF_048571455.1;protein_4626,,,,,,,,
GCF_004358365.1;protein_4006,GCF_048568965.1;protein_1088,GCF_000005845.2;protein_2704,GCF_053078305.1;protein_1227,GCF_048571455.1;protein_4625,,,,,,,,
GCF_004358365.1;protein_4007,GCF_048568965.1;protein_1089,GCF_000005845.2;protein_2703,GCF_053078305.1;protein_1228,GCF_048571455.1;protein_4624,,,,,,,,
GCF_004358365.1;protein_4008,GCF_048568965.1;protein_1090,GCF_000005845.2;protein_2702,GCF_053078305.1;protein_1229,GCF_048571455.1;protein_4623,,,,,,,,
GCF_004358365.1;protein_4009,GCF_048568965.1;protein_1091,GCF_000005845.2;protein_2701,GCF_053078305.1;protein_1230,GCF_048571455.1;protein_4622,,,,,,,,
GCF_004358365.1;protein_4010,GCF_048568965.1;protein_1092,,GCF_053078305.1;protein_1231,GCF_048571455.1;protein_4621,,,,,,,,
GCF_004358365.1;protein_4011,GCF_048568965.1;protein_1093,,GCF_053078305.1;protein_1232,GCF_048571455.1;protein_4620,,,,,,,,
GCF_004358365.1;protein_4012,GCF_048568965.1;protein_1094,,GCF_053078305.1;protein_1233,GCF_048571455.1;protein_4619,,,,,,,,
GCF_004358365.1;protein_4013,GCF_048568965.1;protein_1095,,GCF_053078305.1;protein_1234,GCF_048571455.1;protein_4618,,,,,,,,
GCF_004358365.1;protein_4014,GCF_048568965.1;protein_1096,GCF_000005845.2;protein_2700,,GCF_048571455.1;protein_4617,,,,,,,,
GCF_004358365.1;protein_4015,GCF_048568965.1;protein_1097,GCF_000005845.2;protein_2699,,GCF_048571455.1;protein_4616,,,,,,,,
GCF_004358365.1;protein_4016,GCF_048568965.1;protein_1098,GCF_000005845.2;protein_2698,,GCF_048571455.1;protein_4615,,,,,,,,
GCF_004358365.1;protein_4017,GCF_048568965.1;protein_1099,GCF_000005845.2;protein_2697,,GCF_048571455.1;protein_4614,,,,,,,,
GCF_004358365.1;protein_4018,GCF_048568965.1;protein_1100,GCF_000005845.2;protein_2696,,GCF_048571455.1;protein_4613,,,,,,,,
GCF_004358365.1;protein_4019,GCF_048568965.1;protein_1101,GCF_000005845.2;protein_2695,,GCF_048571455.1;protein_4612,,,,,,,,
GCF_004358365.1;protein_402,GCF_048568965.1;protein_3750,GCF_000005845.2;protein_1228,GCF_053078305.1;protein_3199,GCF_048571455.1;protein_2574,,,,,,,,
GCF_004358365.1;protein_4020,GCF_048568965.1;protein_1102,GCF_000005845.2;protein_2694,GCF_053078305.1;protein_1235,GCF_048571455.1;protein_4611,,,,,,,,
GCF_004358365.1;protein_4021,GCF_048568965.1;protein_1103,GCF_000005845.2;protein_2693,GCF_053078305.1;protein_1236,GCF_048571455.1;protein_4610,,,,,,,,
GCF_004358365.1;protein_4022,GCF_048568965.1;protein_1104,,GCF_053078305.1;protein_1237,GCF_048571455.1;protein_4609,,,,,,,,
GCF_004358365.1;protein_4023,GCF_048568965.1;protein_1105,GCF_000005845.2;protein_2692,GCF_053078305.1;protein_1238,GCF_048571455.1;protein_4608,,,,,,,,
GCF_004358365.1;protein_4024,GCF_048568965.1;protein_1106,GCF_000005845.2;protein_2691,GCF_053078305.1;protein_1240,GCF_048571455.1;protein_4607,,,,,,,,
GCF_004358365.1;protein_4025,GCF_048568965.1;protein_1107,GCF_000005845.2;protein_2690,GCF_053078305.1;protein_1241,GCF_048571455.1;protein_4606,,,,,,,,
GCF_004358365.1;protein_4026,GCF_048568965.1;protein_1108,GCF_000005845.2;protein_2689,GCF_053078305.1;protein_1242,GCF_048571455.1;protein_4605,,,,,,,,
GCF_004358365.1;protein_4027,GCF_048568965.1;protein_1109,GCF_000005845.2;protein_2688,GCF_053078305.1;protein_1243,GCF_048571455.1;protein_4604,,,,,,,,
GCF_004358365.1;protein_4028,GCF_048568965.1;protein_1110,GCF_000005845.2;protein_2687,GCF_053078305.1;protein_1244,GCF_048571455.1;protein_4603,,,,,,,,
GCF_004358365.1;protein_4029,GCF_048568965.1;protein_1111,GCF_000005845.2;protein_2686,GCF_053078305.1;protein_1245,GCF_048571455.1;protein_4602,,,,,,,,
GCF_004358365.1;protein_403,GCF_048568965.1;protein_3751,GCF_000005845.2;protein_1227,GCF_053078305.1;protein_3200,GCF_048571455.1;protein_2573,,,,,,,,
GCF_004358365.1;protein_4030,GCF_048568965.1;protein_1112,GCF_000005845.2;protein_2685,GCF_053078305.1;protein_1246,GCF_048571455.1;protein_4601,,,,,,,,
GCF_004358365.1;protein_4031,GCF_048568965.1;protein_1113,GCF_000005845.2;protein_2684,GCF_053078305.1;protein_1247,GCF_048571455.1;protein_4600,,,,,,,,
GCF_004358365.1;protein_4032,GCF_048568965.1;protein_1114,GCF_000005845.2;protein_2683,GCF_053078305.1;protein_1248,GCF_048571455.1;protein_4599,,,,,,,,
GCF_004358365.1;protein_4033,GCF_048568965.1;protein_1115,GCF_000005845.2;protein_2682,GCF_053078305.1;protein_1249,GCF_048571455.1;protein_4598,,,,,,,,
GCF_004358365.1;protein_4034,GCF_048568965.1;protein_1116,GCF_000005845.2;protein_2681,GCF_053078305.1;protein_1250,GCF_048571455.1;protein_4597,,,,,,,,
GCF_004358365.1;protein_4035,GCF_048568965.1;protein_1117,GCF_000005845.2;protein_2680,GCF_053078305.1;protein_1251,GCF_048571455.1;protein_4596,,,,,,,,
GCF_004358365.1;protein_4036,GCF_048568965.1;protein_1118,GCF_000005845.2;protein_2679,GCF_053078305.1;protein_1252,GCF_048571455.1;protein_4595,,,,,,,,
GCF_004358365.1;protein_4037,GCF_048568965.1;protein_1119,GCF_000005845.2;protein_2678,GCF_053078305.1;protein_1253,GCF_048571455.1;protein_4594,,,,,,,,
GCF_004358365.1;protein_4038,GCF_048568965.1;protein_1120,GCF_000005845.2;protein_2677,GCF_053078305.1;protein_1254,GCF_048571455.1;protein_4593,,,,,,,,
GCF_004358365.1;protein_4039,GCF_048568965.1;protein_1121,,,GCF_048571455.1;protein_4592,,,,,,,,
GCF_004358365.1;protein_404,GCF_048568965.1;protein_3752,GCF_000005845.2;protein_1226,GCF_053078305.1;protein_3201,GCF_048571455.1;protein_2572,,,,,,,,
GCF_004358365.1;protein_4040,GCF_048568965.1;protein_1122,,,GCF_048571455.1;protein_4591,,,,,,,,
GCF_004358365.1;protein_4041,GCF_048568965.1;protein_1123,,,GCF_048571455.1;protein_4590,,,,,,,,
GCF_004358365.1;protein_4042,GCF_048568965.1;protein_1124,GCF_000005845.2;protein_2676,GCF_053078305.1;protein_1255,GCF_048571455.1;protein_4589,,,,,,,,
GCF_004358365.1;protein_4043,GCF_048568965.1;protein_1125,GCF_000005845.2;protein_2675,GCF_053078305.1;protein_1256,GCF_048571455.1;protein_4588,,,,,,,,
GCF_004358365.1;protein_4044,GCF_048568965.1;protein_1126,GCF_000005845.2;protein_2674,GCF_053078305.1;protein_1257,GCF_048571455.1;protein_4587,,,,,,,,
GCF_004358365.1;protein_4045,GCF_048568965.1;protein_1127,GCF_000005845.2;protein_2673,GCF_053078305.1;protein_1258,GCF_048571455.1;protein_4586,,,,,,,,
GCF_004358365.1;protein_4046,GCF_048568965.1;protein_1128,GCF_000005845.2;protein_2672,GCF_053078305.1;protein_1259,GCF_048571455.1;protein_4585,,,,,,,,
GCF_004358365.1;protein_4047,GCF_048568965.1;protein_1129,GCF_000005845.2;protein_2671,GCF_053078305.1;protein_1260,GCF_048571455.1;protein_4584,,,,,,,,
GCF_004358365.1;protein_4048,GCF_048568965.1;protein_1130,GCF_000005845.2;protein_2670,GCF_053078305.1;protein_1261,GCF_048571455.1;protein_4583,,,,,,,,
GCF_004358365.1;protein_4049,GCF_048568965.1;protein_1131,GCF_000005845.2;protein_2669,GCF_053078305.1;protein_1262,GCF_048571455.1;protein_4582,,,,,,,,
GCF_004358365.1;protein_405,GCF_048568965.1;protein_3753,GCF_000005845.2;protein_1225,GCF_053078305.1;protein_3202,GCF_048571455.1;protein_2571,,,,,,,,
GCF_004358365.1;protein_4050,GCF_048568965.1;protein_1132,GCF_000005845.2;protein_2668,GCF_053078305.1;protein_1263,GCF_048571455.1;protein_4581,,,,,,,,
GCF_004358365.1;protein_4051,GCF_048568965.1;protein_1133,GCF_000005845.2;protein_2667,GCF_053078305.1;protein_1264,GCF_048571455.1;protein_4580,,,,,,,,
GCF_004358365.1;protein_4052,GCF_048568965.1;protein_1134,GCF_000005845.2;protein_2666,GCF_053078305.1;protein_1265,GCF_048571455.1;protein_4579,,,,,,,,
GCF_004358365.1;protein_4053,GCF_048568965.1;protein_1135,GCF_000005845.2;protein_2665,GCF_053078305.1;protein_1266,GCF_048571455.1;protein_4578,,,,,,,,
GCF_004358365.1;protein_4054,GCF_048568965.1;protein_1136,GCF_000005845.2;protein_2664,GCF_053078305.1;protein_1267,GCF_048571455.1;protein_4577,,,,,,,,
GCF_004358365.1;protein_4055,GCF_048568965.1;protein_1137,GCF_000005845.2;protein_2663,GCF_053078305.1;protein_1268,GCF_048571455.1;protein_4576,,,,,,,,
GCF_004358365.1;protein_4056,GCF_048568965.1;protein_1138,GCF_000005845.2;protein_2662,GCF_053078305.1;protein_1269,GCF_048571455.1;protein_4575,,,,,,,,
GCF_004358365.1;protein_4057,GCF_048568965.1;protein_1139,GCF_000005845.2;protein_2661,GCF_053078305.1;protein_1270,GCF_048571455.1;protein_4574,,,,,,,,
GCF_004358365.1;protein_4058,GCF_048568965.1;protein_1140,GCF_000005845.2;protein_2660,GCF_053078305.1;protein_1271,GCF_048571455.1;protein_4573,,,,,,,,
GCF_004358365.1;protein_4059,GCF_048568965.1;protein_1141,GCF_000005845.2;protein_2659,GCF_053078305.1;protein_1272,GCF_048571455.1;protein_4572,,,,,,,,
GCF_004358365.1;protein_406,GCF_048568965.1;protein_3754,GCF_000005845.2;protein_1224,GCF_053078305.1;protein_3203,GCF_048571455.1;protein_2570,,,,,,,,
GCF_004358365.1;protein_4060,GCF_048568965.1;protein_1142,GCF_000005845.2;protein_2658,GCF_053078305.1;protein_1273,GCF_048571455.1;protein_4571,,,,,,,,
GCF_004358365.1;protein_4061,GCF_048568965.1;protein_1143,GCF_000005845.2;protein_2657,GCF_053078305.1;protein_1274,GCF_048571455.1;protein_4570,,,,,,,,
GCF_004358365.1;protein_4062,GCF_048568965.1;protein_1144,GCF_000005845.2;protein_2656,GCF_053078305.1;protein_1275,GCF_048571455.1;protein_4569,,,,,,,,
GCF_004358365.1;protein_4063,GCF_048568965.1;protein_1145,GCF_000005845.2;protein_2655,GCF_053078305.1;protein_1276,GCF_048571455.1;protein_4568,,,,,,,,
GCF_004358365.1;protein_4064,GCF_048568965.1;protein_1146,GCF_000005845.2;protein_2654,GCF_053078305.1;protein_1277,GCF_048571455.1;protein_4567,,,,,,,,
GCF_004358365.1;protein_4065,GCF_048568965.1;protein_1147,GCF_000005845.2;protein_2653,GCF_053078305.1;protein_1278,GCF_048571455.1;protein_4566,,,,,,,,
GCF_004358365.1;protein_4066,GCF_048568965.1;protein_1148,GCF_000005845.2;protein_2652,GCF_053078305.1;protein_1279,GCF_048571455.1;protein_4565,,,,,,,,
GCF_004358365.1;protein_4067,GCF_048568965.1;protein_1149,GCF_000005845.2;protein_2651,GCF_053078305.1;protein_1280,GCF_048571455.1;protein_4564,,,,,,,,
GCF_004358365.1;protein_4068,GCF_048568965.1;protein_1150,GCF_000005845.2;protein_2650,GCF_053078305.1;protein_1281,GCF_048571455.1;protein_4563,,,,,,,,
GCF_004358365.1;protein_4069,GCF_048568965.1;protein_1151,GCF_000005845.2;protein_2649,GCF_053078305.1;protein_1282,GCF_048571455.1;protein_4562,,,,,,,,
GCF_004358365.1;protein_407,GCF_048568965.1;protein_3755,GCF_000005845.2;protein_1223,GCF_053078305.1;protein_3204,GCF_048571455.1;protein_2569,,,,,,,,
GCF_004358365.1;protein_4070,GCF_048568965.1;protein_1152,GCF_000005845.2;protein_2648,GCF_053078305.1;protein_1283,GCF_048571455.1;protein_4561,,,,,,,,
GCF_004358365.1;protein_4071,GCF_048568965.1;protein_1153,GCF_000005845.2;protein_2647,GCF_053078305.1;protein_1284,GCF_048571455.1;protein_4560,,,,,,,,
GCF_004358365.1;protein_4072,GCF_048568965.1;protein_1154,,GCF_053078305.1;protein_1285,GCF_048571455.1;protein_4559,,,,,,,,
GCF_004358365.1;protein_4073,GCF_048568965.1;protein_1155,GCF_000005845.2;protein_2646,GCF_053078305.1;protein_1286,GCF_048571455.1;protein_4558,,,,,,,,
GCF_004358365.1;protein_4074,GCF_048568965.1;protein_1156,GCF_000005845.2;protein_2645,GCF_053078305.1;protein_1287,GCF_048571455.1;protein_4557,,,,,,,,
GCF_004358365.1;protein_4075,GCF_048568965.1;protein_1157,GCF_000005845.2;protein_2644,GCF_053078305.1;protein_1288,GCF_048571455.1;protein_4556,,,,,,,,
GCF_004358365.1;protein_4076,GCF_048568965.1;protein_1158,GCF_000005845.2;protein_2643,GCF_053078305.1;protein_1289,GCF_048571455.1;protein_4555,,,,,,,,
GCF_004358365.1;protein_4077,GCF_048568965.1;protein_1159,GCF_000005845.2;protein_2642,GCF_053078305.1;protein_1290,GCF_048571455.1;protein_4554,,,,,,,,
GCF_004358365.1;protein_4078,GCF_048568965.1;protein_1160,GCF_000005845.2;protein_2641,GCF_053078305.1;protein_1291,GCF_048571455.1;protein_4553,,,,,,,,
GCF_004358365.1;protein_4079,GCF_048568965.1;protein_1161,GCF_000005845.2;protein_2640,GCF_053078305.1;protein_1292,GCF_048571455.1;protein_4552,,,,,,,,
GCF_004358365.1;protein_408,GCF_048568965.1;protein_3756,GCF_000005845.2;protein_1222,GCF_053078305.1;protein_3205,GCF_048571455.1;protein_2568,,,,,,,,
GCF_004358365.1;protein_4080,GCF_048568965.1;protein_1162,GCF_000005845.2;protein_2639,GCF_053078305.1;protein_1295,GCF_048571455.1;protein_4551,,,,,,,,
GCF_004358365.1;protein_4081,GCF_048568965.1;protein_1163,GCF_000005845.2;protein_2638,GCF_053078305.1;protein_1296,GCF_048571455.1;protein_4550,,,,,,,,
GCF_004358365.1;protein_4082,GCF_048568965.1;protein_1164,GCF_000005845.2;protein_2637,GCF_053078305.1;protein_1297,GCF_048571455.1;protein_4549,,,,,,,,
GCF_004358365.1;protein_4083,GCF_048568965.1;protein_1165,GCF_000005845.2;protein_2636,GCF_053078305.1;protein_1298,GCF_048571455.1;protein_4548,,,,,,,,
GCF_004358365.1;protein_4084,GCF_048568965.1;protein_1166,GCF_000005845.2;protein_2635,GCF_053078305.1;protein_1299,GCF_048571455.1;protein_4547,,,,,,,,
GCF_004358365.1;protein_4085,GCF_048568965.1;protein_1167,GCF_000005845.2;protein_2634,GCF_053078305.1;protein_1300,GCF_048571455.1;protein_4546,,,,,,,,
GCF_004358365.1;protein_4086,GCF_048568965.1;protein_1168,GCF_000005845.2;protein_2633,GCF_053078305.1;protein_1301,GCF_048571455.1;protein_4545,,,,,,,,
GCF_004358365.1;protein_4087,GCF_048568965.1;protein_1169,GCF_000005845.2;protein_2632,GCF_053078305.1;protein_1302,GCF_048571455.1;protein_4544,,,,,,,,
GCF_004358365.1;protein_4088,GCF_048568965.1;protein_1170,GCF_000005845.2;protein_2631,GCF_053078305.1;protein_1303,GCF_048571455.1;protein_4543,,,,,,,,
GCF_004358365.1;protein_4089,GCF_048568965.1;protein_1171,GCF_000005845.2;protein_2630,GCF_053078305.1;protein_1304,GCF_048571455.1;protein_4542,,,,,,,,
GCF_004358365.1;protein_409,GCF_048568965.1;protein_3757,GCF_000005845.2;protein_1221,GCF_053078305.1;protein_3206,GCF_048571455.1;protein_2567,,,,,,,,
GCF_004358365.1;protein_4090,GCF_048568965.1;protein_1172,GCF_000005845.2;protein_2629,GCF_053078305.1;protein_1305,GCF_048571455.1;protein_4541,,,,,,,,
GCF_004358365.1;protein_4091,GCF_048568965.1;protein_1173,GCF_000005845.2;protein_2628,GCF_053078305.1;protein_1306,GCF_048571455.1;protein_4540,,,,,,,,
GCF_004358365.1;protein_4092,GCF_048568965.1;protein_1174,GCF_000005845.2;protein_2627,GCF_053078305.1;protein_1307,GCF_048571455.1;protein_4539,,,,,,,,
GCF_004358365.1;protein_4093,GCF_048568965.1;protein_1175,GCF_000005845.2;protein_2626,GCF_053078305.1;protein_1308,GCF_048571455.1;protein_4538,,,,,,,,
GCF_004358365.1;protein_4094,GCF_048568965.1;protein_1176,,,GCF_048571455.1;protein_4537,,,,,,,,
GCF_004358365.1;protein_4096,GCF_048568965.1;protein_1178,,,GCF_048571455.1;protein_4535,,,,,,,,
GCF_004358365.1;protein_4097,GCF_048568965.1;protein_1179,,,GCF_048571455.1;protein_4534,,,,,,,,
GCF_004358365.1;protein_4098,GCF_048568965.1;protein_1180,,,GCF_048571455.1;protein_4533,,,,,,,,
GCF_004358365.1;protein_4099,GCF_048568965.1;protein_1181,,,,,,,,,,,
GCF_004358365.1;protein_41,GCF_048568965.1;protein_3003,GCF_000005845.2;protein_1494,GCF_053078305.1;protein_2904,GCF_048571455.1;protein_2918,,,,,,,,
GCF_004358365.1;protein_410,GCF_048568965.1;protein_3758,GCF_000005845.2;protein_1220,GCF_053078305.1;protein_3207,GCF_048571455.1;protein_2566,,,,,,,,
GCF_004358365.1;protein_4100,GCF_048568965.1;protein_1182,,,GCF_048571455.1;protein_4529,,,,,,,,
GCF_004358365.1;protein_4101,GCF_048568965.1;protein_1183,,,GCF_048571455.1;protein_4528,,,,,,,,
GCF_004358365.1;protein_4102,GCF_048568965.1;protein_1184,,,GCF_048571455.1;protein_4527,,,,,,,,
GCF_048571455.1;protein_4526,GCF_004358365.1;protein_4103,,GCF_048568965.1;protein_1882,GCF_048568965.1;protein_1185,,,,,,,,
GCF_004358365.1;protein_4104,GCF_048568965.1;protein_1186,,,GCF_048571455.1;protein_4525,,,,,,,,
GCF_004358365.1;protein_4105,GCF_048568965.1;protein_1187,,,GCF_048571455.1;protein_4524,,,,,,,,
GCF_004358365.1;protein_4106,GCF_048568965.1;protein_1188,,,GCF_048571455.1;protein_4523,,,,,,,,
GCF_004358365.1;protein_4107,GCF_048568965.1;protein_1189,,,GCF_048571455.1;protein_4522,,,,,,,,
GCF_004358365.1;protein_4108,GCF_048568965.1;protein_1190,,,GCF_048571455.1;protein_4521,,,,,,,,
GCF_048568965.1;protein_5984,GCF_048568965.1;protein_5587,GCF_048571455.1;protein_4520,GCF_048568965.1;protein_1191,GCF_048571455.1;protein_5760,GCF_004358365.1;protein_4109,,GCF_053078305.1;protein_2226,,,,,
GCF_004358365.1;protein_411,GCF_048568965.1;protein_3759,,,GCF_048571455.1;protein_2565,,,,,,,,
GCF_053078305.1;protein_2227,GCF_048571455.1;protein_5761,GCF_004358365.1;protein_4110,GCF_048568965.1;protein_1192,,GCF_048571455.1;protein_4519,GCF_048568965.1;protein_5985,,,,,,
GCF_004358365.1;protein_4111,GCF_048568965.1;protein_1193,,,GCF_048571455.1;protein_4518,,,,,,,,
GCF_048568965.1;protein_5584,GCF_048568965.1;protein_1194,GCF_048571455.1;protein_4517,,GCF_004358365.1;protein_4112,GCF_000005845.2;protein_2338,,,,,,,
GCF_004358365.1;protein_4119,GCF_048568965.1;protein_1197,GCF_000005845.2;protein_1119,,GCF_048571455.1;protein_4514,,,,,,,,
GCF_004358365.1;protein_412,GCF_048568965.1;protein_3760,GCF_000005845.2;protein_1218,GCF_053078305.1;protein_3208,GCF_048571455.1;protein_2564,,,,,,,,
GCF_004358365.1;protein_4120,GCF_048568965.1;protein_1198,GCF_000005845.2;protein_1120,,GCF_048571455.1;protein_4513,,,,,,,,
GCF_048568965.1;protein_5579,GCF_000005845.2;protein_1121,,GCF_048568965.1;protein_1199,GCF_048571455.1;protein_4512,GCF_004358365.1;protein_4121,,,,,,,
GCF_004358365.1;protein_4123,GCF_048568965.1;protein_5576,GCF_048571455.1;protein_4509,,GCF_048568965.1;protein_1202,,,,,,,,
GCF_004358365.1;protein_4124,GCF_048568965.1;protein_5575,GCF_048571455.1;protein_4508,GCF_048568965.1;protein_1203,,,,,,,,,
GCF_004358365.1;protein_4125,GCF_048568965.1;protein_1204,GCF_000005845.2;protein_2334,,GCF_048571455.1;protein_4507,,,,,,,,
GCF_048568965.1;protein_5573,GCF_048571455.1;protein_4506,,GCF_004358365.1;protein_4126,GCF_048568965.1;protein_1205,,,,,,,,
GCF_004358365.1;protein_4127,GCF_048568965.1;protein_1206,,,GCF_048571455.1;protein_4505,,,,,,,,
GCF_048568965.1;protein_5572,,GCF_048571455.1;protein_4504,GCF_004358365.1;protein_4128,GCF_048568965.1;protein_1207,,,,,,,,
GCF_004358365.1;protein_4129,GCF_048568965.1;protein_1208,,,GCF_048571455.1;protein_4503,,,,,,,,
GCF_004358365.1;protein_413,GCF_048568965.1;protein_3761,GCF_000005845.2;protein_1217,GCF_053078305.1;protein_3209,GCF_048571455.1;protein_2563,,,,,,,,
GCF_004358365.1;protein_4130,GCF_048568965.1;protein_1209,,GCF_048571455.1;protein_2650,GCF_048571455.1;protein_4502,GCF_048568965.1;protein_5570,,,,,,,
GCF_004358365.1;protein_414,GCF_048568965.1;protein_3762,GCF_000005845.2;protein_1216,GCF_053078305.1;protein_3210,GCF_048571455.1;protein_2562,,,,,,,,
GCF_004358365.1;protein_415,GCF_048568965.1;protein_3763,,,GCF_048571455.1;protein_2561,,,,,,,,
GCF_004358365.1;protein_416,GCF_048568965.1;protein_3764,GCF_000005845.2;protein_1215,GCF_053078305.1;protein_3211,GCF_048571455.1;protein_2560,,,,,,,,
GCF_004358365.1;protein_4161,GCF_048568965.1;protein_1240,,,GCF_048571455.1;protein_4471,,,,,,,,
GCF_004358365.1;protein_4162,GCF_048568965.1;protein_1241,,,GCF_048571455.1;protein_4470,,,,,,,,
GCF_004358365.1;protein_4163,GCF_048568965.1;protein_1242,,,GCF_048571455.1;protein_4469,,,,,,,,
GCF_004358365.1;protein_4164,GCF_048568965.1;protein_1243,,,GCF_048571455.1;protein_4468,,,,,,,,
GCF_004358365.1;protein_4166,GCF_048568965.1;protein_5528,,,,,,,,,,,
GCF_004358365.1;protein_4167,GCF_048568965.1;protein_1246,GCF_000005845.2;protein_2599,GCF_053078305.1;protein_1314,GCF_048571455.1;protein_4465,,,,,,,,
GCF_004358365.1;protein_4168,GCF_048568965.1;protein_1247,GCF_000005845.2;protein_2598,GCF_053078305.1;protein_1315,GCF_048571455.1;protein_4464,,,,,,,,
GCF_004358365.1;protein_4169,GCF_048568965.1;protein_1248,GCF_000005845.2;protein_2597,GCF_053078305.1;protein_1316,GCF_048571455.1;protein_4463,,,,,,,,
GCF_004358365.1;protein_417,GCF_048568965.1;protein_3765,GCF_000005845.2;protein_1214,GCF_053078305.1;protein_3212,GCF_048571455.1;protein_2559,,,,,,,,
GCF_004358365.1;protein_4170,GCF_048568965.1;protein_1249,GCF_000005845.2;protein_2596,GCF_053078305.1;protein_1317,GCF_048571455.1;protein_4462,,,,,,,,
GCF_004358365.1;protein_4171,GCF_048568965.1;protein_1250,GCF_000005845.2;protein_2595,GCF_053078305.1;protein_1318,GCF_048571455.1;protein_4461,,,,,,,,
GCF_004358365.1;protein_4172,GCF_048568965.1;protein_1251,GCF_000005845.2;protein_2594,GCF_053078305.1;protein_1319,GCF_048571455.1;protein_4460,,,,,,,,
GCF_004358365.1;protein_4173,GCF_048568965.1;protein_1252,GCF_000005845.2;protein_2593,GCF_053078305.1;protein_1320,GCF_048571455.1;protein_4459,,,,,,,,
GCF_004358365.1;protein_4174,GCF_048568965.1;protein_1253,GCF_000005845.2;protein_2592,GCF_053078305.1;protein_1321,GCF_048571455.1;protein_4458,,,,,,,,
GCF_004358365.1;protein_4175,GCF_048568965.1;protein_1254,GCF_000005845.2;protein_2591,GCF_053078305.1;protein_1322,GCF_048571455.1;protein_4457,,,,,,,,
GCF_004358365.1;protein_4176,GCF_048568965.1;protein_1255,GCF_000005845.2;protein_2590,GCF_053078305.1;protein_1323,GCF_048571455.1;protein_4456,,,,,,,,
GCF_004358365.1;protein_4177,GCF_048568965.1;protein_1256,GCF_000005845.2;protein_2589,GCF_053078305.1;protein_1324,GCF_048571455.1;protein_4455,,,,,,,,
GCF_004358365.1;protein_4178,GCF_048568965.1;protein_1257,GCF_000005845.2;protein_2588,GCF_053078305.1;protein_1325,GCF_048571455.1;protein_4454,,,,,,,,
GCF_004358365.1;protein_4179,GCF_048568965.1;protein_1258,GCF_000005845.2;protein_2587,GCF_053078305.1;protein_1326,GCF_048571455.1;protein_4453,,,,,,,,
GCF_004358365.1;protein_418,GCF_048568965.1;protein_3766,GCF_000005845.2;protein_1213,GCF_053078305.1;protein_3213,GCF_048571455.1;protein_2558,,,,,,,,
GCF_004358365.1;protein_4180,GCF_048568965.1;protein_1259,GCF_000005845.2;protein_2586,GCF_053078305.1;protein_1327,GCF_048571455.1;protein_4452,,,,,,,,
GCF_004358365.1;protein_4181,GCF_048568965.1;protein_1260,GCF_000005845.2;protein_2585,GCF_053078305.1;protein_1328,GCF_048571455.1;protein_4451,,,,,,,,
GCF_004358365.1;protein_4182,GCF_048568965.1;protein_1261,GCF_000005845.2;protein_2584,GCF_053078305.1;protein_1329,GCF_048571455.1;protein_4450,,,,,,,,
GCF_004358365.1;protein_4183,GCF_048568965.1;protein_1262,GCF_000005845.2;protein_2583,GCF_053078305.1;protein_1330,GCF_048571455.1;protein_4449,,,,,,,,
GCF_004358365.1;protein_4184,GCF_048568965.1;protein_1263,GCF_000005845.2;protein_2582,GCF_053078305.1;protein_1331,GCF_048571455.1;protein_4448,,,,,,,,
GCF_004358365.1;protein_4185,GCF_048568965.1;protein_1264,GCF_000005845.2;protein_2581,GCF_053078305.1;protein_1332,GCF_048571455.1;protein_4447,,,,,,,,
GCF_004358365.1;protein_4186,GCF_048568965.1;protein_1265,GCF_000005845.2;protein_2580,GCF_053078305.1;protein_1333,GCF_048571455.1;protein_4446,,,,,,,,
GCF_004358365.1;protein_4187,GCF_048568965.1;protein_1266,GCF_000005845.2;protein_2579,GCF_053078305.1;protein_1334,GCF_048571455.1;protein_4445,,,,,,,,
GCF_004358365.1;protein_4188,GCF_048568965.1;protein_1267,GCF_000005845.2;protein_2578,GCF_053078305.1;protein_1335,GCF_048571455.1;protein_4444,,,,,,,,
GCF_004358365.1;protein_4189,GCF_048568965.1;protein_1268,GCF_000005845.2;protein_2577,GCF_053078305.1;protein_1336,GCF_048571455.1;protein_4443,,,,,,,,
GCF_004358365.1;protein_419,GCF_048568965.1;protein_3767,GCF_000005845.2;protein_1212,GCF_053078305.1;protein_3214,GCF_048571455.1;protein_2557,,,,,,,,
GCF_004358365.1;protein_4190,GCF_048568965.1;protein_1269,GCF_000005845.2;protein_2576,GCF_053078305.1;protein_1337,GCF_048571455.1;protein_4442,,,,,,,,
GCF_004358365.1;protein_4191,GCF_048568965.1;protein_1270,GCF_000005845.2;protein_2575,GCF_053078305.1;protein_1338,GCF_048571455.1;protein_4441,,,,,,,,
GCF_004358365.1;protein_4192,GCF_048568965.1;protein_1271,GCF_000005845.2;protein_2574,GCF_053078305.1;protein_1339,GCF_048571455.1;protein_4440,,,,,,,,
GCF_004358365.1;protein_4193,GCF_048571455.1;protein_4439,,GCF_053078305.1;protein_1340,GCF_000005845.2;protein_2572,GCF_048568965.1;protein_1272,GCF_000005845.2;protein_2573,,,,,,
GCF_004358365.1;protein_4194,GCF_048568965.1;protein_1273,GCF_000005845.2;protein_2570,GCF_053078305.1;protein_1341,GCF_048571455.1;protein_4438,,,,,,,,
GCF_004358365.1;protein_4195,GCF_048568965.1;protein_1274,GCF_000005845.2;protein_2569,GCF_053078305.1;protein_1342,GCF_048571455.1;protein_4437,,,,,,,,
GCF_004358365.1;protein_4196,GCF_048568965.1;protein_1275,GCF_000005845.2;protein_2568,GCF_053078305.1;protein_1343,GCF_048571455.1;protein_4436,,,,,,,,
GCF_004358365.1;protein_4197,GCF_048568965.1;protein_1276,GCF_000005845.2;protein_2566,GCF_053078305.1;protein_1344,GCF_048571455.1;protein_4435,,,,,,,,
GCF_004358365.1;protein_4198,GCF_048568965.1;protein_1277,GCF_000005845.2;protein_2565,GCF_053078305.1;protein_1345,GCF_048571455.1;protein_4434,,,,,,,,
GCF_004358365.1;protein_4199,GCF_048568965.1;protein_1278,GCF_000005845.2;protein_2564,GCF_053078305.1;protein_1346,GCF_048571455.1;protein_4433,,,,,,,,
GCF_004358365.1;protein_42,GCF_048568965.1;protein_3002,GCF_000005845.2;protein_1493,GCF_053078305.1;protein_2905,GCF_048571455.1;protein_2917,,,,,,,,
GCF_004358365.1;protein_420,GCF_048568965.1;protein_3768,GCF_000005845.2;protein_1211,GCF_053078305.1;protein_3215,GCF_048571455.1;protein_2556,,,,,,,,
GCF_004358365.1;protein_4200,GCF_048568965.1;protein_1279,GCF_000005845.2;protein_2563,GCF_053078305.1;protein_1347,GCF_048571455.1;protein_4432,,,,,,,,
GCF_004358365.1;protein_4201,GCF_048568965.1;protein_1280,GCF_000005845.2;protein_2562,GCF_053078305.1;protein_1348,GCF_048571455.1;protein_4431,,,,,,,,
GCF_004358365.1;protein_4202,GCF_048568965.1;protein_1281,GCF_000005845.2;protein_2561,GCF_053078305.1;protein_1349,GCF_048571455.1;protein_4430,,,,,,,,
GCF_004358365.1;protein_4203,GCF_048568965.1;protein_1282,GCF_000005845.2;protein_2560,GCF_053078305.1;protein_1350,GCF_048571455.1;protein_4429,,,,,,,,
GCF_004358365.1;protein_4204,GCF_048568965.1;protein_1283,GCF_000005845.2;protein_2559,GCF_053078305.1;protein_1351,GCF_048571455.1;protein_4428,,,,,,,,
GCF_004358365.1;protein_4205,GCF_048568965.1;protein_1285,GCF_000005845.2;protein_2558,GCF_053078305.1;protein_1352,GCF_048571455.1;protein_4427,,,,,,,,
GCF_004358365.1;protein_4206,GCF_048568965.1;protein_1286,GCF_000005845.2;protein_2557,GCF_053078305.1;protein_1353,GCF_048571455.1;protein_4426,,,,,,,,
GCF_004358365.1;protein_4207,GCF_048568965.1;protein_1287,GCF_000005845.2;protein_2556,GCF_053078305.1;protein_1354,GCF_048571455.1;protein_4425,,,,,,,,
GCF_004358365.1;protein_4208,GCF_048568965.1;protein_1288,GCF_000005845.2;protein_2555,GCF_053078305.1;protein_1355,GCF_048571455.1;protein_4424,,,,,,,,
GCF_004358365.1;protein_4209,GCF_048568965.1;protein_1289,GCF_000005845.2;protein_2554,GCF_053078305.1;protein_1356,GCF_048571455.1;protein_4423,,,,,,,,
GCF_004358365.1;protein_421,GCF_048568965.1;protein_3769,GCF_000005845.2;protein_1210,GCF_053078305.1;protein_3216,GCF_048571455.1;protein_2555,,,,,,,,
GCF_004358365.1;protein_4210,GCF_048568965.1;protein_1290,GCF_000005845.2;protein_2553,GCF_053078305.1;protein_1357,GCF_048571455.1;protein_4422,,,,,,,,
GCF_004358365.1;protein_4211,GCF_048568965.1;protein_1291,GCF_000005845.2;protein_2552,GCF_053078305.1;protein_1358,GCF_048571455.1;protein_4421,,,,,,,,
GCF_004358365.1;protein_4212,GCF_048568965.1;protein_1292,GCF_000005845.2;protein_2551,GCF_053078305.1;protein_1359,GCF_048571455.1;protein_4420,,,,,,,,
GCF_004358365.1;protein_4213,GCF_048568965.1;protein_1293,GCF_000005845.2;protein_2550,GCF_053078305.1;protein_1360,GCF_048571455.1;protein_4419,,,,,,,,
GCF_004358365.1;protein_4214,GCF_048568965.1;protein_1294,GCF_000005845.2;protein_2549,GCF_053078305.1;protein_1361,GCF_048571455.1;protein_4418,,,,,,,,
GCF_004358365.1;protein_4215,GCF_048568965.1;protein_1295,GCF_000005845.2;protein_2548,GCF_053078305.1;protein_1362,GCF_048571455.1;protein_4417,,,,,,,,
GCF_004358365.1;protein_4216,GCF_048568965.1;protein_1296,GCF_000005845.2;protein_2547,GCF_053078305.1;protein_1363,GCF_048571455.1;protein_4416,,,,,,,,
GCF_004358365.1;protein_4217,GCF_048568965.1;protein_1297,GCF_000005845.2;protein_2546,GCF_053078305.1;protein_1364,GCF_048571455.1;protein_4415,,,,,,,,
GCF_004358365.1;protein_4218,GCF_048568965.1;protein_1298,GCF_000005845.2;protein_2545,GCF_053078305.1;protein_1365,GCF_048571455.1;protein_4414,,,,,,,,
GCF_004358365.1;protein_4219,GCF_048568965.1;protein_1299,GCF_000005845.2;protein_2544,GCF_053078305.1;protein_1366,GCF_048571455.1;protein_4413,,,,,,,,
GCF_004358365.1;protein_422,GCF_048568965.1;protein_3770,GCF_000005845.2;protein_1209,GCF_053078305.1;protein_3217,GCF_048571455.1;protein_2554,,,,,,,,
GCF_004358365.1;protein_4220,GCF_048568965.1;protein_1300,GCF_000005845.2;protein_2543,GCF_053078305.1;protein_1367,GCF_048571455.1;protein_4412,,,,,,,,
GCF_004358365.1;protein_4221,GCF_048568965.1;protein_1301,GCF_000005845.2;protein_2542,GCF_053078305.1;protein_1368,GCF_048571455.1;protein_4411,,,,,,,,
GCF_004358365.1;protein_4222,GCF_048568965.1;protein_1355,GCF_000005845.2;protein_2541,GCF_053078305.1;protein_1421,GCF_048571455.1;protein_4410,,,,,,,,
GCF_004358365.1;protein_4223,GCF_048568965.1;protein_1356,GCF_000005845.2;protein_2540,GCF_053078305.1;protein_1422,GCF_048571455.1;protein_4409,,,,,,,,
GCF_004358365.1;protein_4224,GCF_048568965.1;protein_1357,GCF_000005845.2;protein_2539,GCF_053078305.1;protein_1423,GCF_048571455.1;protein_4408,,,,,,,,
GCF_004358365.1;protein_4225,GCF_048568965.1;protein_1358,GCF_000005845.2;protein_2538,GCF_053078305.1;protein_1424,GCF_048571455.1;protein_4407,,,,,,,,
GCF_004358365.1;protein_4226,GCF_048568965.1;protein_1359,GCF_000005845.2;protein_2537,GCF_053078305.1;protein_1425,GCF_048571455.1;protein_4406,,,,,,,,
GCF_004358365.1;protein_4227,GCF_048568965.1;protein_1360,GCF_000005845.2;protein_2536,GCF_053078305.1;protein_1426,GCF_048571455.1;protein_4405,,,,,,,,
GCF_004358365.1;protein_4228,GCF_048568965.1;protein_1361,GCF_000005845.2;protein_2535,GCF_053078305.1;protein_1427,GCF_048571455.1;protein_4404,,,,,,,,
GCF_004358365.1;protein_4229,GCF_048568965.1;protein_1362,GCF_000005845.2;protein_2534,GCF_053078305.1;protein_1428,GCF_048571455.1;protein_4403,,,,,,,,
GCF_004358365.1;protein_423,GCF_048568965.1;protein_3771,GCF_000005845.2;protein_1206,GCF_053078305.1;protein_3218,GCF_048571455.1;protein_2553,,,,,,,,
GCF_004358365.1;protein_4230,GCF_048568965.1;protein_1363,GCF_000005845.2;protein_2533,GCF_053078305.1;protein_1429,GCF_048571455.1;protein_4402,,,,,,,,
GCF_004358365.1;protein_4231,GCF_048568965.1;protein_1364,GCF_000005845.2;protein_2532,GCF_053078305.1;protein_1430,GCF_048571455.1;protein_4401,,,,,,,,
GCF_004358365.1;protein_4232,GCF_048568965.1;protein_1365,GCF_000005845.2;protein_2531,GCF_053078305.1;protein_1431,GCF_048571455.1;protein_4400,,,,,,,,
GCF_004358365.1;protein_4233,GCF_048568965.1;protein_1366,GCF_000005845.2;protein_2530,GCF_053078305.1;protein_1432,GCF_048571455.1;protein_4399,,,,,,,,
GCF_004358365.1;protein_4234,GCF_048568965.1;protein_1367,GCF_000005845.2;protein_2529,GCF_053078305.1;protein_1433,GCF_048571455.1;protein_4398,,,,,,,,
GCF_004358365.1;protein_4235,GCF_048568965.1;protein_1368,GCF_000005845.2;protein_2528,GCF_053078305.1;protein_1434,GCF_048571455.1;protein_4397,,,,,,,,
GCF_004358365.1;protein_4236,GCF_048568965.1;protein_1369,GCF_000005845.2;protein_2527,GCF_053078305.1;protein_1435,GCF_048571455.1;protein_4396,,,,,,,,
GCF_004358365.1;protein_4237,GCF_048568965.1;protein_1370,GCF_000005845.2;protein_2526,GCF_053078305.1;protein_1436,GCF_048571455.1;protein_4395,,,,,,,,
GCF_004358365.1;protein_4238,GCF_048568965.1;protein_1371,GCF_000005845.2;protein_2525,GCF_053078305.1;protein_1437,GCF_048571455.1;protein_4394,,,,,,,,
GCF_004358365.1;protein_4239,GCF_048568965.1;protein_1372,GCF_000005845.2;protein_2524,GCF_053078305.1;protein_1438,GCF_048571455.1;protein_4393,,,,,,,,
GCF_004358365.1;protein_424,GCF_048568965.1;protein_3772,GCF_000005845.2;protein_1205,GCF_053078305.1;protein_3219,GCF_048571455.1;protein_2552,,,,,,,,
GCF_004358365.1;protein_4240,GCF_048568965.1;protein_1373,GCF_000005845.2;protein_2523,GCF_053078305.1;protein_1439,GCF_048571455.1;protein_4392,,,,,,,,
GCF_004358365.1;protein_4241,GCF_048568965.1;protein_1374,GCF_000005845.2;protein_2522,GCF_053078305.1;protein_1440,GCF_048571455.1;protein_4391,,,,,,,,
GCF_004358365.1;protein_4242,GCF_048568965.1;protein_1375,GCF_000005845.2;protein_2521,GCF_053078305.1;protein_1441,GCF_048571455.1;protein_4390,,,,,,,,
GCF_004358365.1;protein_4243,GCF_048568965.1;protein_1376,GCF_000005845.2;protein_2520,GCF_053078305.1;protein_1442,GCF_048571455.1;protein_4389,,,,,,,,
GCF_004358365.1;protein_4244,GCF_048568965.1;protein_1377,GCF_000005845.2;protein_2519,GCF_053078305.1;protein_1443,GCF_048571455.1;protein_4388,,,,,,,,
GCF_004358365.1;protein_4245,GCF_048568965.1;protein_1378,GCF_000005845.2;protein_2518,GCF_053078305.1;protein_1444,GCF_048571455.1;protein_4387,,,,,,,,
GCF_004358365.1;protein_4246,GCF_048568965.1;protein_1379,GCF_000005845.2;protein_2516,GCF_053078305.1;protein_1445,GCF_048571455.1;protein_4386,,,,,,,,
GCF_004358365.1;protein_4247,GCF_048568965.1;protein_1380,GCF_000005845.2;protein_2515,GCF_053078305.1;protein_1446,GCF_048571455.1;protein_4385,,,,,,,,
GCF_004358365.1;protein_4248,GCF_048568965.1;protein_1381,GCF_000005845.2;protein_2514,GCF_053078305.1;protein_1447,GCF_048571455.1;protein_4384,,,,,,,,
GCF_004358365.1;protein_4249,GCF_048568965.1;protein_1382,GCF_000005845.2;protein_2513,GCF_053078305.1;protein_1448,GCF_048571455.1;protein_4383,,,,,,,,
GCF_004358365.1;protein_425,GCF_048568965.1;protein_3773,GCF_000005845.2;protein_1204,GCF_053078305.1;protein_3220,GCF_048571455.1;protein_2551,,,,,,,,
GCF_004358365.1;protein_4250,GCF_048568965.1;protein_1383,GCF_000005845.2;protein_2512,GCF_053078305.1;protein_1449,GCF_048571455.1;protein_4382,,,,,,,,
GCF_004358365.1;protein_4251,GCF_048568965.1;protein_1384,GCF_000005845.2;protein_2511,GCF_053078305.1;protein_1450,GCF_048571455.1;protein_4381,,,,,,,,
GCF_004358365.1;protein_4252,GCF_048568965.1;protein_1385,GCF_000005845.2;protein_2510,GCF_053078305.1;protein_1451,GCF_048571455.1;protein_4380,,,,,,,,
GCF_004358365.1;protein_4253,GCF_048568965.1;protein_1386,GCF_000005845.2;protein_2509,GCF_053078305.1;protein_1452,GCF_048571455.1;protein_4379,,,,,,,,
GCF_004358365.1;protein_4254,GCF_048568965.1;protein_1387,GCF_000005845.2;protein_2508,GCF_053078305.1;protein_1453,GCF_048571455.1;protein_4378,,,,,,,,
GCF_004358365.1;protein_4255,GCF_048568965.1;protein_1388,GCF_000005845.2;protein_2507,GCF_053078305.1;protein_1454,GCF_048571455.1;protein_4377,,,,,,,,
GCF_004358365.1;protein_4256,GCF_048568965.1;protein_1389,GCF_000005845.2;protein_2506,GCF_053078305.1;protein_1455,GCF_048571455.1;protein_4376,,,,,,,,
GCF_004358365.1;protein_4257,GCF_048568965.1;protein_1390,GCF_000005845.2;protein_2505,GCF_053078305.1;protein_1456,GCF_048571455.1;protein_4375,,,,,,,,
GCF_004358365.1;protein_4258,GCF_048568965.1;protein_1391,GCF_000005845.2;protein_2504,GCF_053078305.1;protein_1457,GCF_048571455.1;protein_4374,,,,,,,,
GCF_004358365.1;protein_4259,GCF_048568965.1;protein_1392,GCF_000005845.2;protein_2503,GCF_053078305.1;protein_1458,GCF_048571455.1;protein_4373,,,,,,,,
GCF_004358365.1;protein_426,GCF_048568965.1;protein_3774,GCF_000005845.2;protein_1203,GCF_053078305.1;protein_3221,GCF_048571455.1;protein_2550,,,,,,,,
GCF_004358365.1;protein_4260,GCF_048568965.1;protein_1393,GCF_000005845.2;protein_2502,GCF_053078305.1;protein_1459,GCF_048571455.1;protein_4372,,,,,,,,
GCF_004358365.1;protein_4261,GCF_048568965.1;protein_1394,GCF_000005845.2;protein_2501,GCF_053078305.1;protein_1460,GCF_048571455.1;protein_4371,,,,,,,,
GCF_004358365.1;protein_4262,GCF_048568965.1;protein_1395,GCF_053078305.1;protein_1461,GCF_000005845.2;protein_2500,GCF_048571455.1;protein_4370,,GCF_053078305.1;protein_1463,,,,,,
GCF_004358365.1;protein_4263,GCF_048568965.1;protein_1396,GCF_000005845.2;protein_2499,GCF_053078305.1;protein_1464,GCF_048571455.1;protein_4369,,,,,,,,
GCF_004358365.1;protein_4264,GCF_048568965.1;protein_1397,GCF_000005845.2;protein_2498,GCF_053078305.1;protein_1465,GCF_048571455.1;protein_4368,,,,,,,,
GCF_004358365.1;protein_4265,GCF_048568965.1;protein_1398,GCF_000005845.2;protein_2497,GCF_053078305.1;protein_1466,GCF_048571455.1;protein_4367,,,,,,,,
GCF_004358365.1;protein_4266,GCF_048568965.1;protein_1399,GCF_000005845.2;protein_2496,GCF_053078305.1;protein_1471,GCF_048571455.1;protein_4366,,,,,,,,
GCF_004358365.1;protein_4267,GCF_048568965.1;protein_1400,GCF_000005845.2;protein_2495,GCF_053078305.1;protein_1472,GCF_048571455.1;protein_4365,,,,,,,,
GCF_004358365.1;protein_4268,GCF_048568965.1;protein_1401,GCF_000005845.2;protein_2494,GCF_053078305.1;protein_1473,GCF_048571455.1;protein_4364,,,,,,,,
GCF_004358365.1;protein_4269,GCF_048568965.1;protein_1402,GCF_000005845.2;protein_2493,GCF_053078305.1;protein_1474,GCF_048571455.1;protein_4363,,,,,,,,
GCF_004358365.1;protein_427,GCF_048568965.1;protein_3775,GCF_000005845.2;protein_1202,GCF_053078305.1;protein_3222,GCF_048571455.1;protein_2549,,,,,,,,
GCF_004358365.1;protein_4270,GCF_048568965.1;protein_1403,GCF_000005845.2;protein_2492,GCF_053078305.1;protein_1475,GCF_048571455.1;protein_4362,,,,,,,,
GCF_004358365.1;protein_4271,GCF_048568965.1;protein_1404,GCF_000005845.2;protein_2491,GCF_053078305.1;protein_1476,GCF_048571455.1;protein_4361,,,,,,,,
GCF_004358365.1;protein_4272,GCF_048568965.1;protein_1405,GCF_000005845.2;protein_2490,GCF_053078305.1;protein_1477,GCF_048571455.1;protein_4360,,,,,,,,
GCF_004358365.1;protein_4273,GCF_048568965.1;protein_1406,GCF_000005845.2;protein_2489,GCF_053078305.1;protein_1478,GCF_048571455.1;protein_4359,,,,,,,,
GCF_004358365.1;protein_4274,GCF_048568965.1;protein_1407,GCF_000005845.2;protein_2488,GCF_053078305.1;protein_1479,GCF_048571455.1;protein_4358,,,,,,,,
GCF_004358365.1;protein_4275,GCF_048568965.1;protein_1408,GCF_000005845.2;protein_2487,GCF_053078305.1;protein_1480,GCF_048571455.1;protein_4357,,,,,,,,
GCF_004358365.1;protein_4276,GCF_048568965.1;protein_1409,GCF_000005845.2;protein_2486,GCF_053078305.1;protein_1481,GCF_048571455.1;protein_4356,,,,,,,,
GCF_004358365.1;protein_4277,GCF_048568965.1;protein_1410,GCF_000005845.2;protein_2485,GCF_053078305.1;protein_1482,GCF_048571455.1;protein_4355,,,,,,,,
GCF_004358365.1;protein_4278,GCF_048568965.1;protein_1411,GCF_000005845.2;protein_2484,GCF_053078305.1;protein_1485,GCF_048571455.1;protein_4354,,,,,,,,
GCF_004358365.1;protein_4279,GCF_048568965.1;protein_1412,GCF_000005845.2;protein_2483,GCF_053078305.1;protein_1486,GCF_048571455.1;protein_4353,,,,,,,,
GCF_004358365.1;protein_428,GCF_048568965.1;protein_3776,GCF_000005845.2;protein_1201,GCF_053078305.1;protein_3223,GCF_048571455.1;protein_2548,,,,,,,,
GCF_004358365.1;protein_4280,GCF_048568965.1;protein_1413,GCF_000005845.2;protein_2482,GCF_053078305.1;protein_1487,GCF_048571455.1;protein_4352,,,,,,,,
GCF_004358365.1;protein_4281,GCF_048568965.1;protein_1414,,GCF_053078305.1;protein_1488,GCF_048571455.1;protein_4351,,,,,,,,
GCF_004358365.1;protein_4282,GCF_048568965.1;protein_1415,GCF_000005845.2;protein_2481,GCF_053078305.1;protein_1489,GCF_048571455.1;protein_4350,,,,,,,,
GCF_004358365.1;protein_4283,GCF_048568965.1;protein_1416,GCF_000005845.2;protein_2480,GCF_053078305.1;protein_1490,GCF_048571455.1;protein_4349,,,,,,,,
GCF_004358365.1;protein_4284,GCF_048568965.1;protein_1417,GCF_000005845.2;protein_2479,GCF_053078305.1;protein_1491,GCF_048571455.1;protein_4348,,,,,,,,
GCF_004358365.1;protein_4285,GCF_048568965.1;protein_1418,GCF_000005845.2;protein_2478,GCF_053078305.1;protein_1492,GCF_048571455.1;protein_4347,,,,,,,,
GCF_004358365.1;protein_4286,GCF_048568965.1;protein_1419,GCF_000005845.2;protein_2477,GCF_053078305.1;protein_1493,GCF_048571455.1;protein_4346,,,,,,,,
GCF_004358365.1;protein_4287,GCF_048568965.1;protein_1420,GCF_000005845.2;protein_2476,GCF_053078305.1;protein_1494,GCF_048571455.1;protein_4345,,,,,,,,
GCF_004358365.1;protein_4288,GCF_048568965.1;protein_1421,GCF_000005845.2;protein_2475,GCF_053078305.1;protein_1495,GCF_048571455.1;protein_4344,,,,,,,,
GCF_004358365.1;protein_4289,GCF_048568965.1;protein_1422,GCF_000005845.2;protein_2474,GCF_053078305.1;protein_1496,GCF_048571455.1;protein_4343,,,,,,,,
GCF_004358365.1;protein_429,GCF_048568965.1;protein_3777,GCF_000005845.2;protein_1200,GCF_053078305.1;protein_3224,GCF_048571455.1;protein_2547,,,,,,,,
GCF_004358365.1;protein_4290,GCF_048568965.1;protein_1423,GCF_000005845.2;protein_2473,GCF_053078305.1;protein_1497,GCF_048571455.1;protein_4342,,,,,,,,
GCF_004358365.1;protein_4291,GCF_048568965.1;protein_1424,GCF_000005845.2;protein_2472,GCF_053078305.1;protein_1498,GCF_048571455.1;protein_4341,,,,,,,,
GCF_004358365.1;protein_4292,GCF_048568965.1;protein_1425,GCF_000005845.2;protein_2471,GCF_053078305.1;protein_1499,GCF_048571455.1;protein_4340,,,,,,,,
GCF_004358365.1;protein_4293,GCF_048568965.1;protein_1426,GCF_000005845.2;protein_2470,GCF_053078305.1;protein_1500,GCF_048571455.1;protein_4339,,,,,,,,
GCF_004358365.1;protein_4294,GCF_048568965.1;protein_1427,GCF_000005845.2;protein_2469,GCF_053078305.1;protein_1501,GCF_048571455.1;protein_4338,,,,,,,,
GCF_004358365.1;protein_4295,GCF_048568965.1;protein_1428,GCF_000005845.2;protein_2468,GCF_053078305.1;protein_1502,GCF_048571455.1;protein_4337,,,,,,,,
GCF_004358365.1;protein_4296,GCF_048568965.1;protein_1429,GCF_000005845.2;protein_2467,GCF_053078305.1;protein_1503,GCF_048571455.1;protein_4336,,,,,,,,
GCF_004358365.1;protein_4297,GCF_048568965.1;protein_1430,GCF_000005845.2;protein_2466,GCF_053078305.1;protein_1504,GCF_048571455.1;protein_4335,,,,,,,,
GCF_004358365.1;protein_4298,GCF_048568965.1;protein_1431,GCF_000005845.2;protein_2465,,GCF_048571455.1;protein_4334,,,,,,,,
GCF_004358365.1;protein_4299,GCF_048568965.1;protein_1432,GCF_000005845.2;protein_2464,GCF_053078305.1;protein_1506,GCF_048571455.1;protein_4333,,,,,,,,
GCF_004358365.1;protein_43,GCF_048568965.1;protein_3001,,,GCF_048571455.1;protein_2916,,,,,,,,
GCF_004358365.1;protein_430,GCF_048568965.1;protein_3778,GCF_000005845.2;protein_1199,GCF_053078305.1;protein_3225,GCF_048571455.1;protein_2546,,,,,,,,
GCF_004358365.1;protein_4300,GCF_048568965.1;protein_1433,GCF_000005845.2;protein_2463,GCF_053078305.1;protein_1507,GCF_048571455.1;protein_4332,,,,,,,,
GCF_004358365.1;protein_4301,GCF_048568965.1;protein_1434,GCF_000005845.2;protein_2462,GCF_053078305.1;protein_1508,GCF_048571455.1;protein_4331,,,,,,,,
GCF_004358365.1;protein_4302,GCF_048568965.1;protein_1435,GCF_000005845.2;protein_2461,GCF_053078305.1;protein_1509,GCF_048571455.1;protein_4330,,,,,,,,
GCF_004358365.1;protein_4303,GCF_048568965.1;protein_1436,GCF_000005845.2;protein_2460,GCF_053078305.1;protein_1510,GCF_048571455.1;protein_4329,,,,,,,,
GCF_004358365.1;protein_4304,GCF_048568965.1;protein_1437,GCF_000005845.2;protein_2459,GCF_053078305.1;protein_1511,GCF_048571455.1;protein_4328,,,,,,,,
GCF_004358365.1;protein_4305,GCF_048568965.1;protein_1438,GCF_000005845.2;protein_2458,GCF_053078305.1;protein_1512,GCF_048571455.1;protein_4327,,,,,,,,
GCF_004358365.1;protein_4306,GCF_048568965.1;protein_1439,GCF_000005845.2;protein_2457,GCF_053078305.1;protein_1513,GCF_048571455.1;protein_4326,,,,,,,,
GCF_004358365.1;protein_4307,GCF_048568965.1;protein_1440,GCF_000005845.2;protein_2456,GCF_053078305.1;protein_1514,GCF_048571455.1;protein_4325,,,,,,,,
GCF_004358365.1;protein_4308,GCF_048568965.1;protein_1441,GCF_000005845.2;protein_2455,GCF_053078305.1;protein_1515,GCF_048571455.1;protein_4324,,,,,,,,
GCF_004358365.1;protein_4309,GCF_048568965.1;protein_1442,GCF_000005845.2;protein_2454,GCF_053078305.1;protein_1516,GCF_048571455.1;protein_4323,,,,,,,,
GCF_004358365.1;protein_431,GCF_048568965.1;protein_3779,GCF_000005845.2;protein_1198,GCF_053078305.1;protein_3226,GCF_048571455.1;protein_2545,,,,,,,,
GCF_004358365.1;protein_4310,GCF_048568965.1;protein_1443,,,GCF_048571455.1;protein_4322,,,,,,,,
GCF_004358365.1;protein_4311,GCF_048568965.1;protein_1444,,,GCF_048571455.1;protein_4321,,,,,,,,
GCF_004358365.1;protein_4312,GCF_048568965.1;protein_1445,GCF_000005845.2;protein_2453,GCF_053078305.1;protein_1517,GCF_048571455.1;protein_4320,,,,,,,,
GCF_004358365.1;protein_4313,GCF_048568965.1;protein_1446,GCF_000005845.2;protein_2452,GCF_053078305.1;protein_1518,GCF_048571455.1;protein_4319,,,,,,,,
GCF_004358365.1;protein_4314,GCF_048568965.1;protein_1447,GCF_000005845.2;protein_2451,GCF_053078305.1;protein_1519,GCF_048571455.1;protein_4318,,,,,,,,
GCF_004358365.1;protein_4315,GCF_048568965.1;protein_1448,GCF_000005845.2;protein_2450,GCF_053078305.1;protein_1520,GCF_048571455.1;protein_4317,,,,,,,,
GCF_004358365.1;protein_4316,GCF_048568965.1;protein_1449,GCF_000005845.2;protein_2449,GCF_053078305.1;protein_1521,GCF_048571455.1;protein_4316,,,,,,,,
GCF_004358365.1;protein_4317,GCF_048568965.1;protein_1450,GCF_000005845.2;protein_2448,GCF_053078305.1;protein_1522,GCF_048571455.1;protein_4315,,,,,,,,
GCF_004358365.1;protein_4318,GCF_048568965.1;protein_1451,GCF_000005845.2;protein_2447,GCF_053078305.1;protein_1523,GCF_048571455.1;protein_4314,,,,,,,,
GCF_004358365.1;protein_4319,GCF_048568965.1;protein_1452,GCF_000005845.2;protein_2446,GCF_053078305.1;protein_1524,GCF_048571455.1;protein_4313,,,,,,,,
GCF_004358365.1;protein_432,GCF_048568965.1;protein_3780,GCF_000005845.2;protein_1197,GCF_053078305.1;protein_3227,GCF_048571455.1;protein_2544,,,,,,,,
GCF_004358365.1;protein_4320,GCF_048568965.1;protein_1453,GCF_000005845.2;protein_2445,GCF_053078305.1;protein_1525,GCF_048571455.1;protein_4312,,,,,,,,
GCF_004358365.1;protein_4321,GCF_048568965.1;protein_1454,GCF_000005845.2;protein_2444,GCF_053078305.1;protein_1526,GCF_048571455.1;protein_4311,,,,,,,,
GCF_004358365.1;protein_4322,GCF_048568965.1;protein_1455,GCF_000005845.2;protein_2443,GCF_053078305.1;protein_1527,GCF_048571455.1;protein_4310,,,,,,,,
GCF_004358365.1;protein_4323,GCF_048568965.1;protein_1456,GCF_000005845.2;protein_2442,GCF_053078305.1;protein_1528,GCF_048571455.1;protein_4309,,,,,,,,
GCF_004358365.1;protein_4324,GCF_048568965.1;protein_1457,GCF_000005845.2;protein_2441,GCF_053078305.1;protein_1529,GCF_048571455.1;protein_4308,,,,,,,,
GCF_004358365.1;protein_4325,GCF_048568965.1;protein_1458,GCF_000005845.2;protein_2440,GCF_053078305.1;protein_1530,GCF_048571455.1;protein_4307,,,,,,,,
GCF_004358365.1;protein_4326,GCF_048568965.1;protein_1459,GCF_000005845.2;protein_2439,GCF_053078305.1;protein_1531,GCF_048571455.1;protein_4306,,,,,,,,
GCF_004358365.1;protein_4327,GCF_048568965.1;protein_1460,GCF_000005845.2;protein_2438,GCF_053078305.1;protein_1532,GCF_048571455.1;protein_4305,,,,,,,,
GCF_004358365.1;protein_4328,GCF_048568965.1;protein_1461,GCF_000005845.2;protein_2437,GCF_053078305.1;protein_1533,GCF_048571455.1;protein_4304,,,,,,,,
GCF_004358365.1;protein_4329,GCF_048568965.1;protein_1462,GCF_000005845.2;protein_2436,GCF_053078305.1;protein_1534,GCF_048571455.1;protein_4303,,,,,,,,
GCF_004358365.1;protein_433,GCF_048568965.1;protein_3781,GCF_000005845.2;protein_1196,GCF_053078305.1;protein_3228,GCF_048571455.1;protein_2543,,,,,,,,
GCF_004358365.1;protein_4330,GCF_048568965.1;protein_1463,GCF_000005845.2;protein_2435,GCF_053078305.1;protein_1535,GCF_048571455.1;protein_4302,,,,,,,,
GCF_004358365.1;protein_4331,GCF_048568965.1;protein_1464,GCF_000005845.2;protein_2434,GCF_053078305.1;protein_1536,GCF_048571455.1;protein_4301,,,,,,,,
GCF_004358365.1;protein_4332,GCF_048568965.1;protein_1465,GCF_000005845.2;protein_2433,GCF_053078305.1;protein_1537,GCF_048571455.1;protein_4300,,,,,,,,
GCF_004358365.1;protein_4333,GCF_048568965.1;protein_1466,GCF_000005845.2;protein_2432,GCF_053078305.1;protein_1538,GCF_048571455.1;protein_4299,,,,,,,,
GCF_004358365.1;protein_4334,GCF_048568965.1;protein_1467,GCF_000005845.2;protein_2431,GCF_053078305.1;protein_1539,GCF_048571455.1;protein_4298,,,,,,,,
GCF_004358365.1;protein_4335,GCF_048568965.1;protein_1468,GCF_000005845.2;protein_2430,GCF_053078305.1;protein_1540,GCF_048571455.1;protein_4297,,,,,,,,
GCF_004358365.1;protein_4336,GCF_048568965.1;protein_1469,GCF_000005845.2;protein_2429,GCF_053078305.1;protein_1541,GCF_048571455.1;protein_4296,,,,,,,,
GCF_004358365.1;protein_4337,GCF_048568965.1;protein_1470,GCF_000005845.2;protein_2428,GCF_053078305.1;protein_1542,GCF_048571455.1;protein_4295,,,,,,,,
GCF_004358365.1;protein_4338,GCF_048568965.1;protein_1471,GCF_000005845.2;protein_2427,GCF_053078305.1;protein_1543,GCF_048571455.1;protein_4294,,,,,,,,
GCF_004358365.1;protein_4339,GCF_048568965.1;protein_1472,GCF_000005845.2;protein_2417,GCF_053078305.1;protein_1544,GCF_048571455.1;protein_4293,,,,,,,,
GCF_004358365.1;protein_434,GCF_048568965.1;protein_3782,GCF_000005845.2;protein_1195,GCF_053078305.1;protein_3229,GCF_048571455.1;protein_2542,,,,,,,,
GCF_004358365.1;protein_4340,GCF_048568965.1;protein_1473,GCF_000005845.2;protein_2416,GCF_053078305.1;protein_1545,GCF_048571455.1;protein_4292,,,,,,,,
GCF_004358365.1;protein_4341,GCF_048568965.1;protein_1474,GCF_000005845.2;protein_2415,GCF_053078305.1;protein_1546,GCF_048571455.1;protein_4291,,,,,,,,
GCF_004358365.1;protein_4342,GCF_048568965.1;protein_1475,GCF_000005845.2;protein_2414,GCF_053078305.1;protein_1547,GCF_048571455.1;protein_4290,,,,,,,,
GCF_004358365.1;protein_4343,GCF_048568965.1;protein_1476,GCF_000005845.2;protein_2413,GCF_053078305.1;protein_1548,GCF_048571455.1;protein_4289,,,,,,,,
GCF_004358365.1;protein_4344,GCF_048568965.1;protein_1477,GCF_000005845.2;protein_2412,GCF_053078305.1;protein_1549,GCF_048571455.1;protein_4288,,,,,,,,
GCF_004358365.1;protein_4345,GCF_048568965.1;protein_1478,GCF_000005845.2;protein_2411,GCF_053078305.1;protein_1550,GCF_048571455.1;protein_4287,,,,,,,,
GCF_004358365.1;protein_4346,GCF_048568965.1;protein_1479,GCF_000005845.2;protein_2410,GCF_053078305.1;protein_1551,GCF_048571455.1;protein_4286,,,,,,,,
GCF_004358365.1;protein_4347,GCF_048568965.1;protein_1480,GCF_000005845.2;protein_2409,GCF_053078305.1;protein_1552,GCF_048571455.1;protein_4285,,,,,,,,
GCF_004358365.1;protein_4348,GCF_048568965.1;protein_1481,GCF_000005845.2;protein_2408,GCF_053078305.1;protein_1553,GCF_048571455.1;protein_4284,,,,,,,,
GCF_004358365.1;protein_4349,GCF_048568965.1;protein_1482,GCF_000005845.2;protein_2407,GCF_053078305.1;protein_1554,GCF_048571455.1;protein_4283,,,,,,,,
GCF_004358365.1;protein_4350,GCF_048568965.1;protein_1483,GCF_000005845.2;protein_2406,GCF_053078305.1;protein_1555,GCF_048571455.1;protein_4282,,,,,,,,
GCF_004358365.1;protein_4351,GCF_048568965.1;protein_1484,GCF_000005845.2;protein_2405,GCF_053078305.1;protein_1556,GCF_048571455.1;protein_4281,,,,,,,,
GCF_004358365.1;protein_4352,GCF_048568965.1;protein_1485,GCF_000005845.2;protein_2404,GCF_053078305.1;protein_1557,GCF_048571455.1;protein_4280,,,,,,,,
GCF_004358365.1;protein_4353,GCF_048568965.1;protein_1486,GCF_000005845.2;protein_2403,GCF_053078305.1;protein_1558,GCF_048571455.1;protein_4279,,,,,,,,
GCF_004358365.1;protein_4354,GCF_048568965.1;protein_1487,GCF_000005845.2;protein_2402,GCF_053078305.1;protein_1559,GCF_048571455.1;protein_4278,,,,,,,,
GCF_004358365.1;protein_4355,GCF_048568965.1;protein_1488,GCF_000005845.2;protein_2401,GCF_053078305.1;protein_1560,GCF_048571455.1;protein_4277,,,,,,,,
GCF_004358365.1;protein_4356,GCF_048568965.1;protein_1489,GCF_000005845.2;protein_2400,GCF_053078305.1;protein_1561,GCF_048571455.1;protein_4276,,,,,,,,
GCF_004358365.1;protein_4357,GCF_048568965.1;protein_1490,GCF_000005845.2;protein_2399,GCF_053078305.1;protein_1562,GCF_048571455.1;protein_4275,,,,,,,,
GCF_004358365.1;protein_4358,GCF_048568965.1;protein_1491,GCF_000005845.2;protein_2398,GCF_053078305.1;protein_1563,GCF_048571455.1;protein_4274,,,,,,,,
GCF_004358365.1;protein_4359,GCF_048568965.1;protein_1492,GCF_000005845.2;protein_2397,GCF_053078305.1;protein_1564,GCF_048571455.1;protein_4273,,,,,,,,
GCF_004358365.1;protein_4360,GCF_048568965.1;protein_1493,GCF_000005845.2;protein_2395,GCF_053078305.1;protein_1565,GCF_048571455.1;protein_4272,,,,,,,,
GCF_004358365.1;protein_4361,GCF_048568965.1;protein_1494,GCF_000005845.2;protein_2394,GCF_053078305.1;protein_1566,GCF_048571455.1;protein_4271,,,,,,,,
GCF_004358365.1;protein_4362,GCF_048568965.1;protein_1495,GCF_000005845.2;protein_2393,GCF_053078305.1;protein_1567,GCF_048571455.1;protein_4270,,,,,,,,
GCF_004358365.1;protein_4363,GCF_048568965.1;protein_1496,GCF_000005845.2;protein_2392,GCF_053078305.1;protein_1568,GCF_048571455.1;protein_4269,,,,,,,,
GCF_004358365.1;protein_4364,GCF_048568965.1;protein_1497,GCF_000005845.2;protein_2391,GCF_053078305.1;protein_1569,GCF_048571455.1;protein_4268,,,,,,,,
GCF_004358365.1;protein_4365,GCF_048568965.1;protein_1498,GCF_000005845.2;protein_2390,GCF_053078305.1;protein_1570,GCF_048571455.1;protein_4267,,,,,,,,
GCF_004358365.1;protein_4366,GCF_048568965.1;protein_1499,GCF_000005845.2;protein_2389,GCF_053078305.1;protein_1571,GCF_048571455.1;protein_4266,,,,,,,,
GCF_004358365.1;protein_4367,GCF_048568965.1;protein_1500,GCF_000005845.2;protein_2388,GCF_053078305.1;protein_1572,GCF_048571455.1;protein_4265,,,,,,,,
GCF_004358365.1;protein_4368,GCF_048568965.1;protein_1501,GCF_000005845.2;protein_2387,GCF_053078305.1;protein_1573,GCF_048571455.1;protein_4264,,,,,,,,
GCF_004358365.1;protein_4369,GCF_048568965.1;protein_1502,GCF_000005845.2;protein_2386,GCF_053078305.1;protein_1574,GCF_048571455.1;protein_4263,,,,,,,,
GCF_004358365.1;protein_4370,GCF_048568965.1;protein_1503,GCF_000005845.2;protein_2385,GCF_053078305.1;protein_1575,GCF_048571455.1;protein_4262,,,,,,,,
GCF_004358365.1;protein_4371,GCF_048568965.1;protein_1504,GCF_000005845.2;protein_2384,GCF_053078305.1;protein_1576,GCF_048571455.1;protein_4261,,,,,,,,
GCF_004358365.1;protein_4372,GCF_048568965.1;protein_1505,GCF_000005845.2;protein_2383,,GCF_048571455.1;protein_4260,,,,,,,,
GCF_004358365.1;protein_4373,GCF_048568965.1;protein_1506,GCF_000005845.2;protein_2382,,GCF_048571455.1;protein_4259,,,,,,,,
GCF_004358365.1;protein_4374,GCF_048568965.1;protein_1507,GCF_000005845.2;protein_2381,,GCF_048571455.1;protein_4258,,,,,,,,
GCF_004358365.1;protein_4375,GCF_048568965.1;protein_1508,,,GCF_048571455.1;protein_4257,,,,,,,,
GCF_004358365.1;protein_4376,GCF_048568965.1;protein_1509,GCF_000005845.2;protein_2380,,GCF_048571455.1;protein_4256,,,,,,,,
GCF_004358365.1;protein_4377,GCF_048568965.1;protein_1510,GCF_000005845.2;protein_2379,GCF_053078305.1;protein_1578,GCF_048571455.1;protein_4255,,,,,,,,
GCF_004358365.1;protein_4378,GCF_048568965.1;protein_1511,GCF_000005845.2;protein_2378,GCF_053078305.1;protein_1579,GCF_048571455.1;protein_4254,,,,,,,,
GCF_004358365.1;protein_4379,GCF_048568965.1;protein_1512,GCF_000005845.2;protein_2377,GCF_053078305.1;protein_1580,GCF_048571455.1;protein_4253,,,,,,,,
GCF_004358365.1;protein_438,GCF_048568965.1;protein_3786,GCF_000005845.2;protein_1191,GCF_053078305.1;protein_3232,GCF_048571455.1;protein_2538,,,,,,,,
GCF_004358365.1;protein_4380,GCF_048568965.1;protein_1513,GCF_000005845.2;protein_2376,GCF_053078305.1;protein_1581,GCF_048571455.1;protein_4252,,,,,,,,
GCF_004358365.1;protein_4381,GCF_048568965.1;protein_1514,GCF_000005845.2;protein_2374,GCF_053078305.1;protein_1582,GCF_048571455.1;protein_4251,,,,,,,,
GCF_004358365.1;protein_4382,GCF_048568965.1;protein_1515,,GCF_053078305.1;protein_1583,,,,,,,,,
GCF_004358365.1;protein_4383,GCF_048568965.1;protein_1516,GCF_000005845.2;protein_2372,GCF_053078305.1;protein_1584,GCF_048571455.1;protein_4249,,,,,,,,
GCF_004358365.1;protein_4384,GCF_048568965.1;protein_1517,GCF_000005845.2;protein_2371,GCF_053078305.1;protein_1585,GCF_048571455.1;protein_4248,,,,,,,,
GCF_004358365.1;protein_4385,GCF_048568965.1;protein_1518,GCF_000005845.2;protein_2370,GCF_053078305.1;protein_1586,GCF_048571455.1;protein_4247,,,,,,,,
GCF_004358365.1;protein_4386,GCF_048568965.1;protein_1519,GCF_000005845.2;protein_2369,GCF_053078305.1;protein_1587,GCF_048571455.1;protein_4246,,,,,,,,
GCF_004358365.1;protein_4387,GCF_048568965.1;protein_1520,GCF_000005845.2;protein_2368,GCF_053078305.1;protein_1588,GCF_048571455.1;protein_4245,,,,,,,,
GCF_004358365.1;protein_4388,GCF_048568965.1;protein_1521,GCF_000005845.2;protein_2367,GCF_053078305.1;protein_1589,GCF_048571455.1;protein_4244,,,,,,,,
GCF_004358365.1;protein_4389,GCF_048568965.1;protein_1522,GCF_000005845.2;protein_2366,GCF_053078305.1;protein_1590,GCF_048571455.1;protein_4243,,,,,,,,
GCF_004358365.1;protein_439,GCF_048568965.1;protein_3787,GCF_000005845.2;protein_1190,GCF_053078305.1;protein_3233,GCF_048571455.1;protein_2537,,,,,,,,
GCF_004358365.1;protein_4390,GCF_048568965.1;protein_1523,GCF_000005845.2;protein_2365,GCF_053078305.1;protein_1591,GCF_048571455.1;protein_4242,,,,,,,,
GCF_004358365.1;protein_4391,GCF_048568965.1;protein_1524,GCF_000005845.2;protein_2364,GCF_053078305.1;protein_1592,GCF_048571455.1;protein_4241,,,,,,,,
GCF_004358365.1;protein_4392,GCF_048568965.1;protein_1525,GCF_000005845.2;protein_2363,GCF_053078305.1;protein_1593,GCF_048571455.1;protein_4240,,,,,,,,
GCF_004358365.1;protein_4393,GCF_048568965.1;protein_1526,GCF_000005845.2;protein_2362,GCF_053078305.1;protein_1594,GCF_048571455.1;protein_4239,,,,,,,,
GCF_004358365.1;protein_4394,GCF_048568965.1;protein_1527,GCF_000005845.2;protein_2361,GCF_053078305.1;protein_1595,GCF_048571455.1;protein_4238,,,,,,,,
GCF_004358365.1;protein_4395,GCF_048568965.1;protein_1528,GCF_000005845.2;protein_2360,GCF_053078305.1;protein_1596,GCF_048571455.1;protein_4237,,,,,,,,
GCF_004358365.1;protein_4396,GCF_048568965.1;protein_1529,GCF_000005845.2;protein_2359,GCF_053078305.1;protein_1597,GCF_048571455.1;protein_4236,,,,,,,,
GCF_004358365.1;protein_4397,GCF_048568965.1;protein_1530,GCF_000005845.2;protein_2358,GCF_053078305.1;protein_1598,GCF_048571455.1;protein_4235,,,,,,,,
GCF_004358365.1;protein_4398,GCF_048568965.1;protein_1531,GCF_000005845.2;protein_2357,GCF_053078305.1;protein_1599,GCF_048571455.1;protein_4234,,,,,,,,
GCF_004358365.1;protein_4399,GCF_048568965.1;protein_1532,GCF_000005845.2;protein_2356,GCF_053078305.1;protein_1600,GCF_048571455.1;protein_4233,,,,,,,,
GCF_004358365.1;protein_44,GCF_048568965.1;protein_3000,,GCF_053078305.1;protein_2907,GCF_048571455.1;protein_2915,,,,,,,,
GCF_004358365.1;protein_440,GCF_048568965.1;protein_3788,GCF_000005845.2;protein_1189,GCF_053078305.1;protein_3234,GCF_048571455.1;protein_2536,,,,,,,,
GCF_004358365.1;protein_4400,GCF_048568965.1;protein_1533,GCF_000005845.2;protein_2355,GCF_053078305.1;protein_1601,GCF_048571455.1;protein_4232,,,,,,,,
GCF_004358365.1;protein_4401,GCF_048568965.1;protein_1534,GCF_000005845.2;protein_2354,GCF_053078305.1;protein_1602,GCF_048571455.1;protein_4231,,,,,,,,
GCF_004358365.1;protein_4402,GCF_048568965.1;protein_1535,GCF_000005845.2;protein_2353,GCF_053078305.1;protein_1603,GCF_048571455.1;protein_4230,,,,,,,,
GCF_004358365.1;protein_4403,GCF_048568965.1;protein_1536,GCF_000005845.2;protein_2352,GCF_053078305.1;protein_1604,GCF_048571455.1;protein_4229,,,,,,,,
GCF_004358365.1;protein_4404,GCF_048568965.1;protein_1537,GCF_000005845.2;protein_2351,GCF_053078305.1;protein_1605,GCF_048571455.1;protein_4228,,,,,,,,
GCF_004358365.1;protein_4405,GCF_048568965.1;protein_1538,GCF_000005845.2;protein_2350,GCF_053078305.1;protein_1606,GCF_048571455.1;protein_4227,,,,,,,,
GCF_004358365.1;protein_4406,GCF_048568965.1;protein_1539,GCF_000005845.2;protein_2349,GCF_053078305.1;protein_1607,GCF_048571455.1;protein_4226,,,,,,,,
GCF_004358365.1;protein_4407,GCF_048568965.1;protein_1540,GCF_000005845.2;protein_2347,GCF_053078305.1;protein_1608,GCF_048571455.1;protein_4225,,,,,,,,
GCF_004358365.1;protein_4408,GCF_048568965.1;protein_1541,GCF_000005845.2;protein_2346,GCF_053078305.1;protein_1609,GCF_048571455.1;protein_4224,,,,,,,,
GCF_004358365.1;protein_4409,GCF_048568965.1;protein_1542,GCF_000005845.2;protein_2345,GCF_053078305.1;protein_1610,GCF_048571455.1;protein_4223,,,,,,,,
GCF_004358365.1;protein_441,GCF_048568965.1;protein_3789,GCF_000005845.2;protein_1188,GCF_053078305.1;protein_3235,GCF_048571455.1;protein_2535,,,,,,,,
GCF_004358365.1;protein_4410,GCF_048568965.1;protein_1543,,GCF_053078305.1;protein_1611,GCF_048571455.1;protein_4222,,,,,,,,
GCF_004358365.1;protein_4411,GCF_048568965.1;protein_1544,,GCF_053078305.1;protein_1612,GCF_048571455.1;protein_4221,,,,,,,,
GCF_004358365.1;protein_4412,GCF_048568965.1;protein_1545,,GCF_053078305.1;protein_1613,GCF_048571455.1;protein_4220,,,,,,,,
GCF_004358365.1;protein_4413,GCF_048568965.1;protein_1546,,GCF_053078305.1;protein_1614,GCF_048571455.1;protein_4219,,,,,,,,
GCF_004358365.1;protein_4414,,,GCF_053078305.1;protein_1615,GCF_048571455.1;protein_4218,,,,,,,,
GCF_004358365.1;protein_442,GCF_048568965.1;protein_3790,GCF_000005845.2;protein_1187,GCF_053078305.1;protein_3236,GCF_048571455.1;protein_2534,,,,,,,,
,GCF_004358365.1;protein_4420,GCF_048568965.1;protein_3398,GCF_004358365.1;protein_821,,,,,,,,,
GCF_004358365.1;protein_4422,,,,GCF_048571455.1;protein_4210,,,,,,,,
GCF_004358365.1;protein_4423,,,,GCF_048571455.1;protein_4209,,,,,,,,
GCF_004358365.1;protein_4424,,,,GCF_048571455.1;protein_4208,,,,,,,,
GCF_004358365.1;protein_4425,,,,GCF_048571455.1;protein_4207,,,,,,,,
GCF_004358365.1;protein_4426,,,,GCF_048571455.1;protein_4206,,,,,,,,
GCF_004358365.1;protein_4427,,,,GCF_048571455.1;protein_4205,,,,,,,,
GCF_004358365.1;protein_443,GCF_048568965.1;protein_3791,GCF_000005845.2;protein_1186,GCF_053078305.1;protein_3237,GCF_048571455.1;protein_2533,,,,,,,,
GCF_004358365.1;protein_4431,,,,GCF_048571455.1;protein_4201,,,,,,,,
GCF_004358365.1;protein_4432,,,,GCF_048571455.1;protein_4200,,,,,,,,
GCF_004358365.1;protein_4433,GCF_048568965.1;protein_1177,,,,,,,,,,,
GCF_004358365.1;protein_4434,,,,GCF_048571455.1;protein_4198,,,,,,,,
GCF_004358365.1;protein_4436,,GCF_000005845.2;protein_2342,GCF_053078305.1;protein_1617,GCF_048571455.1;protein_4194,,,,,,,,
GCF_004358365.1;protein_4438,,,,GCF_048571455.1;protein_4192,,,,,,,,
GCF_004358365.1;protein_4439,,,,GCF_048571455.1;protein_4191,,,,,,,,
GCF_004358365.1;protein_444,GCF_048568965.1;protein_3792,GCF_000005845.2;protein_1185,GCF_053078305.1;protein_3238,GCF_048571455.1;protein_2532,,,,,,,,
GCF_004358365.1;protein_4440,,,,GCF_048571455.1;protein_4190,,,,,,,,
GCF_004358365.1;protein_4441,,,,GCF_048571455.1;protein_4189,,,,,,,,
GCF_004358365.1;protein_4442,,,,GCF_048571455.1;protein_4188,,,,,,,,
GCF_004358365.1;protein_4443,,,,GCF_048571455.1;protein_4187,,,,,,,,
GCF_004358365.1;protein_4444,,,,GCF_048571455.1;protein_4186,,,,,,,,
GCF_004358365.1;protein_445,GCF_048568965.1;protein_3793,GCF_000005845.2;protein_1184,GCF_053078305.1;protein_3239,GCF_048571455.1;protein_2531,,,,,,,,
GCF_004358365.1;protein_4451,,,,GCF_048571455.1;protein_4181,,,,,,,,
GCF_004358365.1;protein_4453,,,,GCF_048571455.1;protein_4179,,,,,,,,
GCF_004358365.1;protein_4454,,,,GCF_048571455.1;protein_4178,,,,,,,,
GCF_004358365.1;protein_4456,,,,GCF_048571455.1;protein_4176,,,,,,,,
GCF_004358365.1;protein_4457,,,,GCF_048571455.1;protein_4175,,,,,,,,
GCF_004358365.1;protein_4458,,,,GCF_048571455.1;protein_4174,,,,,,,,
GCF_004358365.1;protein_4459,,,,GCF_048571455.1;protein_4173,,,,,,,,
GCF_004358365.1;protein_446,GCF_048568965.1;protein_3794,GCF_000005845.2;protein_1183,GCF_053078305.1;protein_3240,GCF_048571455.1;protein_2530,,,,,,,,
GCF_004358365.1;protein_4460,,,,GCF_048571455.1;protein_4172,,,,,,,,
GCF_004358365.1;protein_4461,,,,GCF_048571455.1;protein_4171,,,,,,,,
GCF_004358365.1;protein_4462,,,,GCF_048571455.1;protein_4170,,,,,,,,
GCF_004358365.1;protein_4463,,,,GCF_048571455.1;protein_4169,,,,,,,,
GCF_004358365.1;protein_4464,,,,GCF_048571455.1;protein_4168,,,,,,,,
GCF_004358365.1;protein_4465,,,,GCF_048571455.1;protein_4167,,,,,,,,
GCF_004358365.1;protein_4466,,GCF_048568965.1;protein_1910,GCF_004358365.1;protein_582,,,,,,,,,
GCF_004358365.1;protein_447,GCF_048568965.1;protein_3795,GCF_000005845.2;protein_1182,GCF_053078305.1;protein_3241,GCF_048571455.1;protein_2529,,,,,,,,
GCF_004358365.1;protein_4470,GCF_048568965.1;protein_4213,,,GCF_048571455.1;protein_4162,,,,,,,,
GCF_004358365.1;protein_4473,GCF_048568965.1;protein_1551,,,GCF_048571455.1;protein_4159,,,,,,,,
GCF_004358365.1;protein_4476,GCF_048568965.1;protein_1554,,,GCF_048571455.1;protein_4156,,,,,,,,
GCF_053078305.1;protein_1388,GCF_048568965.1;protein_1320,GCF_048571455.1;protein_4155,,GCF_004358365.1;protein_4477,GCF_048568965.1;protein_1555,,,,,,,
GCF_004358365.1;protein_4479,GCF_048568965.1;protein_1557,,,GCF_048571455.1;protein_4153,,,,,,,,
GCF_004358365.1;protein_448,GCF_048568965.1;protein_3796,GCF_000005845.2;protein_1181,GCF_053078305.1;protein_3242,GCF_048571455.1;protein_2528,,,,,,,,
GCF_004358365.1;protein_4480,GCF_048568965.1;protein_1558,,,GCF_048571455.1;protein_4152,,,,,,,,
GCF_004358365.1;protein_4481,GCF_048568965.1;protein_1559,,,GCF_048571455.1;protein_4151,,,,,,,,
GCF_004358365.1;protein_4482,GCF_048568965.1;protein_1560,,,GCF_048571455.1;protein_4150,,,,,,,,
GCF_004358365.1;protein_4483,GCF_048568965.1;protein_1561,,,GCF_048571455.1;protein_4149,,,,,,,,
GCF_004358365.1;protein_4484,GCF_048568965.1;protein_1562,,,GCF_048571455.1;protein_4148,,,,,,,,
GCF_004358365.1;protein_4485,GCF_048568965.1;protein_1563,,,GCF_048571455.1;protein_4147,,,,,,,,
GCF_004358365.1;protein_4486,GCF_048568965.1;protein_1564,,,GCF_048571455.1;protein_4146,,,,,,,,
GCF_004358365.1;protein_4487,GCF_048568965.1;protein_1565,,,GCF_048571455.1;protein_4145,,,,,,,,
GCF_004358365.1;protein_4488,GCF_048568965.1;protein_1566,,,GCF_048571455.1;protein_4144,,,,,,,,
GCF_004358365.1;protein_4489,GCF_048568965.1;protein_1567,,,GCF_048571455.1;protein_4143,,,,,,,,
GCF_004358365.1;protein_449,GCF_048568965.1;protein_3797,GCF_000005845.2;protein_1180,GCF_053078305.1;protein_3243,GCF_048571455.1;protein_2527,,,,,,,,
GCF_004358365.1;protein_4490,GCF_048568965.1;protein_1568,,,GCF_048571455.1;protein_4142,,,,,,,,
GCF_004358365.1;protein_4491,GCF_048568965.1;protein_1569,,,GCF_048571455.1;protein_4141,,,,,,,,
GCF_004358365.1;protein_4492,GCF_048568965.1;protein_1570,,,GCF_048571455.1;protein_4140,,,,,,,,
GCF_004358365.1;protein_4493,GCF_048568965.1;protein_1571,,,GCF_048571455.1;protein_4139,,,,,,,,
GCF_004358365.1;protein_4494,GCF_048568965.1;protein_1572,,,GCF_048571455.1;protein_4138,,,,,,,,
GCF_004358365.1;protein_4495,GCF_048568965.1;protein_1573,,,GCF_048571455.1;protein_4137,,,,,,,,
GCF_004358365.1;protein_4497,GCF_048568965.1;protein_1574,,,GCF_048571455.1;protein_4136,,,,,,,,
GCF_004358365.1;protein_4498,GCF_048568965.1;protein_1575,,,GCF_048571455.1;protein_4135,,,,,,,,
GCF_004358365.1;protein_4499,GCF_048568965.1;protein_1576,,,GCF_048571455.1;protein_4134,,,,,,,,
GCF_004358365.1;protein_45,GCF_048568965.1;protein_2999,,GCF_053078305.1;protein_2908,GCF_048571455.1;protein_2914,,,,,,,,
GCF_004358365.1;protein_450,GCF_048568965.1;protein_3798,GCF_000005845.2;protein_1179,GCF_053078305.1;protein_3244,GCF_048571455.1;protein_2526,,,,,,,,
GCF_004358365.1;protein_4500,GCF_048568965.1;protein_1577,GCF_000005845.2;protein_2327,GCF_053078305.1;protein_1699,GCF_048571455.1;protein_4133,,,,,,,,
GCF_004358365.1;protein_4501,GCF_048568965.1;protein_1578,GCF_000005845.2;protein_2326,GCF_053078305.1;protein_1700,GCF_048571455.1;protein_4132,,,,,,,,
GCF_004358365.1;protein_4502,GCF_048568965.1;protein_1579,GCF_000005845.2;protein_2325,GCF_053078305.1;protein_1701,GCF_048571455.1;protein_4131,,,,,,,,
GCF_004358365.1;protein_4503,GCF_048568965.1;protein_1580,GCF_000005845.2;protein_2324,,GCF_048571455.1;protein_4130,,,,,,,,
GCF_004358365.1;protein_4504,GCF_048568965.1;protein_1581,GCF_000005845.2;protein_2323,GCF_053078305.1;protein_1703,GCF_048571455.1;protein_4129,,,,,,,,
GCF_004358365.1;protein_4505,GCF_048568965.1;protein_1582,GCF_000005845.2;protein_2322,GCF_053078305.1;protein_1704,GCF_048571455.1;protein_4128,,,,,,,,
GCF_004358365.1;protein_4506,GCF_048568965.1;protein_1583,GCF_000005845.2;protein_2321,GCF_053078305.1;protein_1705,GCF_048571455.1;protein_4127,,,,,,,,
GCF_004358365.1;protein_4507,GCF_048568965.1;protein_1584,GCF_000005845.2;protein_2320,GCF_053078305.1;protein_1706,GCF_048571455.1;protein_4126,,,,,,,,
GCF_004358365.1;protein_4508,GCF_048568965.1;protein_1585,GCF_000005845.2;protein_2319,GCF_053078305.1;protein_1707,GCF_048571455.1;protein_4125,,,,,,,,
GCF_004358365.1;protein_4509,GCF_048568965.1;protein_1586,GCF_000005845.2;protein_2318,GCF_053078305.1;protein_1708,GCF_048571455.1;protein_4124,,,,,,,,
GCF_004358365.1;protein_451,GCF_048568965.1;protein_3799,GCF_000005845.2;protein_1178,GCF_053078305.1;protein_3245,GCF_048571455.1;protein_2525,,,,,,,,
GCF_004358365.1;protein_4510,GCF_048568965.1;protein_1587,,GCF_053078305.1;protein_1709,GCF_048571455.1;protein_4123,,,,,,,,
GCF_004358365.1;protein_4511,GCF_048568965.1;protein_1588,GCF_000005845.2;protein_2317,GCF_053078305.1;protein_1710,GCF_048571455.1;protein_4122,,,,,,,,
GCF_004358365.1;protein_4512,GCF_048568965.1;protein_1589,,,GCF_048571455.1;protein_4121,,,,,,,,
GCF_004358365.1;protein_4513,GCF_048568965.1;protein_1590,,,GCF_048571455.1;protein_4120,,,,,,,,
GCF_004358365.1;protein_4514,GCF_048568965.1;protein_1591,,,GCF_048571455.1;protein_4119,,,,,,,,
GCF_004358365.1;protein_4515,GCF_048568965.1;protein_1592,,,GCF_048571455.1;protein_4118,,,,,,,,
GCF_004358365.1;protein_4516,GCF_048568965.1;protein_1593,GCF_000005845.2;protein_2312,GCF_053078305.1;protein_1715,GCF_048571455.1;protein_4117,,,,,,,,
GCF_004358365.1;protein_4517,GCF_048568965.1;protein_1594,GCF_000005845.2;protein_2311,GCF_053078305.1;protein_1716,GCF_048571455.1;protein_4116,,,,,,,,
GCF_004358365.1;protein_4518,GCF_048568965.1;protein_1595,GCF_000005845.2;protein_2310,GCF_053078305.1;protein_1717,GCF_048571455.1;protein_4115,,,,,,,,
GCF_004358365.1;protein_4519,GCF_048568965.1;protein_1596,GCF_000005845.2;protein_2309,GCF_053078305.1;protein_1718,GCF_048571455.1;protein_4114,,,,,,,,
GCF_004358365.1;protein_452,GCF_048568965.1;protein_3800,GCF_000005845.2;protein_1177,GCF_053078305.1;protein_3246,GCF_048571455.1;protein_2524,,,,,,,,
GCF_004358365.1;protein_4520,GCF_048568965.1;protein_1597,GCF_000005845.2;protein_2308,GCF_053078305.1;protein_1719,GCF_048571455.1;protein_4113,,,,,,,,
GCF_004358365.1;protein_4521,GCF_048568965.1;protein_1598,GCF_000005845.2;protein_2307,GCF_053078305.1;protein_1720,GCF_048571455.1;protein_4112,,,,,,,,
GCF_004358365.1;protein_4522,GCF_048568965.1;protein_1599,GCF_000005845.2;protein_2306,GCF_053078305.1;protein_1721,GCF_048571455.1;protein_4111,,,,,,,,
GCF_004358365.1;protein_4523,GCF_048568965.1;protein_1600,GCF_000005845.2;protein_2305,GCF_053078305.1;protein_1722,GCF_048571455.1;protein_4110,,,,,,,,
GCF_004358365.1;protein_4524,GCF_048568965.1;protein_1601,GCF_000005845.2;protein_2304,GCF_053078305.1;protein_1723,GCF_048571455.1;protein_4109,,,,,,,,
GCF_004358365.1;protein_4525,GCF_048568965.1;protein_1602,GCF_000005845.2;protein_2303,GCF_053078305.1;protein_1724,GCF_048571455.1;protein_4108,,,,,,,,
GCF_004358365.1;protein_4526,GCF_048568965.1;protein_1603,GCF_000005845.2;protein_2302,GCF_053078305.1;protein_1725,GCF_048571455.1;protein_4107,,,,,,,,
GCF_004358365.1;protein_4527,GCF_048568965.1;protein_1604,GCF_000005845.2;protein_2301,GCF_053078305.1;protein_1726,GCF_048571455.1;protein_4106,,,,,,,,
GCF_004358365.1;protein_4528,GCF_048568965.1;protein_1605,GCF_000005845.2;protein_2300,GCF_053078305.1;protein_1727,GCF_048571455.1;protein_4105,,,,,,,,
GCF_004358365.1;protein_4529,GCF_048568965.1;protein_1606,GCF_000005845.2;protein_2299,GCF_053078305.1;protein_1728,GCF_048571455.1;protein_4104,,,,,,,,
GCF_004358365.1;protein_453,GCF_048568965.1;protein_3801,GCF_000005845.2;protein_1176,GCF_053078305.1;protein_3247,GCF_048571455.1;protein_2523,,,,,,,,
GCF_004358365.1;protein_4530,GCF_048568965.1;protein_1607,GCF_000005845.2;protein_2298,GCF_053078305.1;protein_1729,GCF_048571455.1;protein_4103,,,,,,,,
GCF_004358365.1;protein_4531,GCF_048568965.1;protein_1608,GCF_000005845.2;protein_2297,GCF_053078305.1;protein_1730,GCF_048571455.1;protein_4102,,,,,,,,
GCF_004358365.1;protein_4532,GCF_048568965.1;protein_1609,GCF_000005845.2;protein_2296,GCF_053078305.1;protein_1731,GCF_048571455.1;protein_4101,,,,,,,,
GCF_004358365.1;protein_4533,GCF_048568965.1;protein_1610,GCF_000005845.2;protein_2295,GCF_053078305.1;protein_1732,GCF_048571455.1;protein_4100,,,,,,,,
GCF_004358365.1;protein_4534,GCF_048568965.1;protein_1611,GCF_000005845.2;protein_2294,GCF_053078305.1;protein_1733,GCF_048571455.1;protein_4099,,,,,,,,
GCF_004358365.1;protein_4535,GCF_048568965.1;protein_1612,GCF_000005845.2;protein_2293,GCF_053078305.1;protein_1734,GCF_048571455.1;protein_4098,,,,,,,,
GCF_004358365.1;protein_4536,GCF_048568965.1;protein_1613,GCF_000005845.2;protein_2292,GCF_053078305.1;protein_1735,GCF_048571455.1;protein_4097,,,,,,,,
GCF_004358365.1;protein_4537,GCF_048568965.1;protein_1614,GCF_000005845.2;protein_2291,GCF_053078305.1;protein_1736,GCF_048571455.1;protein_4096,,,,,,,,
GCF_004358365.1;protein_4538,GCF_048568965.1;protein_1615,GCF_000005845.2;protein_2290,GCF_053078305.1;protein_1737,GCF_048571455.1;protein_4095,,,,,,,,
GCF_004358365.1;protein_4539,GCF_048568965.1;protein_1616,GCF_000005845.2;protein_2289,GCF_053078305.1;protein_1738,GCF_048571455.1;protein_4094,,,,,,,,
GCF_004358365.1;protein_454,GCF_048568965.1;protein_3802,GCF_000005845.2;protein_1175,GCF_053078305.1;protein_3248,GCF_048571455.1;protein_2522,,,,,,,,
GCF_004358365.1;protein_4540,GCF_048568965.1;protein_1617,GCF_000005845.2;protein_2288,GCF_053078305.1;protein_1739,GCF_048571455.1;protein_4093,,,,,,,,
GCF_004358365.1;protein_4541,GCF_048568965.1;protein_1618,GCF_000005845.2;protein_2287,GCF_053078305.1;protein_1740,GCF_048571455.1;protein_4092,,,,,,,,
GCF_004358365.1;protein_4542,GCF_048568965.1;protein_1619,GCF_000005845.2;protein_2286,GCF_053078305.1;protein_1741,GCF_048571455.1;protein_4091,,,,,,,,
GCF_004358365.1;protein_4543,GCF_048568965.1;protein_1620,GCF_000005845.2;protein_2285,GCF_053078305.1;protein_1742,GCF_048571455.1;protein_4090,,,,,,,,
GCF_004358365.1;protein_4544,GCF_048568965.1;protein_1621,GCF_000005845.2;protein_2284,GCF_053078305.1;protein_1743,GCF_048571455.1;protein_4089,,,,,,,,
GCF_004358365.1;protein_4545,GCF_048568965.1;protein_1622,GCF_000005845.2;protein_2283,GCF_053078305.1;protein_1744,GCF_048571455.1;protein_4088,,,,,,,,
GCF_004358365.1;protein_4546,GCF_048568965.1;protein_1623,GCF_000005845.2;protein_2282,GCF_053078305.1;protein_1745,GCF_048571455.1;protein_4087,,,,,,,,
GCF_004358365.1;protein_4547,GCF_048568965.1;protein_1624,GCF_000005845.2;protein_2281,GCF_053078305.1;protein_1746,GCF_048571455.1;protein_4086,,,,,,,,
GCF_004358365.1;protein_4548,GCF_048568965.1;protein_1625,GCF_000005845.2;protein_2280,GCF_053078305.1;protein_1747,GCF_048571455.1;protein_4085,,,,,,,,
GCF_004358365.1;protein_4549,GCF_048568965.1;protein_1626,GCF_000005845.2;protein_2279,GCF_053078305.1;protein_1748,GCF_048571455.1;protein_4084,,,,,,,,
GCF_004358365.1;protein_455,GCF_048568965.1;protein_3803,GCF_000005845.2;protein_1174,GCF_053078305.1;protein_3249,GCF_048571455.1;protein_2521,,,,,,,,
GCF_004358365.1;protein_4550,GCF_048568965.1;protein_1627,GCF_000005845.2;protein_2278,GCF_053078305.1;protein_1749,GCF_048571455.1;protein_4083,,,,,,,,
GCF_004358365.1;protein_4551,GCF_048568965.1;protein_1628,GCF_000005845.2;protein_2277,GCF_053078305.1;protein_1750,GCF_048571455.1;protein_4082,,,,,,,,
GCF_004358365.1;protein_4552,GCF_048568965.1;protein_1629,GCF_000005845.2;protein_2276,GCF_053078305.1;protein_1751,GCF_048571455.1;protein_4081,,,,,,,,
GCF_004358365.1;protein_4553,GCF_048568965.1;protein_1630,GCF_000005845.2;protein_2275,GCF_053078305.1;protein_1752,GCF_048571455.1;protein_4080,,,,,,,,
GCF_004358365.1;protein_4554,GCF_048568965.1;protein_1631,GCF_000005845.2;protein_2274,GCF_053078305.1;protein_1753,GCF_048571455.1;protein_4079,,,,,,,,
GCF_004358365.1;protein_4555,GCF_048568965.1;protein_1632,GCF_000005845.2;protein_2273,GCF_053078305.1;protein_1754,GCF_048571455.1;protein_4078,,,,,,,,
GCF_004358365.1;protein_4556,GCF_048568965.1;protein_1633,GCF_000005845.2;protein_2272,GCF_053078305.1;protein_1755,GCF_048571455.1;protein_4077,,,,,,,,
GCF_004358365.1;protein_4557,GCF_048568965.1;protein_1634,GCF_000005845.2;protein_2271,GCF_053078305.1;protein_1756,GCF_048571455.1;protein_4076,,,,,,,,
GCF_004358365.1;protein_4558,GCF_048568965.1;protein_1635,GCF_000005845.2;protein_2270,GCF_053078305.1;protein_1757,GCF_048571455.1;protein_4075,,,,,,,,
GCF_004358365.1;protein_4559,GCF_048568965.1;protein_1636,GCF_000005845.2;protein_2269,GCF_053078305.1;protein_1758,GCF_048571455.1;protein_4074,,,,,,,,
GCF_004358365.1;protein_456,GCF_048568965.1;protein_3804,GCF_000005845.2;protein_1173,GCF_053078305.1;protein_3250,GCF_048571455.1;protein_2520,,,,,,,,
GCF_004358365.1;protein_4560,GCF_048568965.1;protein_1637,GCF_000005845.2;protein_2268,GCF_053078305.1;protein_1759,GCF_048571455.1;protein_4073,,,,,,,,
GCF_004358365.1;protein_4561,GCF_048568965.1;protein_1638,GCF_000005845.2;protein_2267,GCF_053078305.1;protein_1760,GCF_048571455.1;protein_4072,,,,,,,,
GCF_004358365.1;protein_4562,GCF_048568965.1;protein_1639,GCF_000005845.2;protein_2266,GCF_053078305.1;protein_1761,GCF_048571455.1;protein_4071,,,,,,,,
GCF_004358365.1;protein_4563,GCF_048568965.1;protein_1640,GCF_000005845.2;protein_2265,GCF_053078305.1;protein_1762,GCF_048571455.1;protein_4070,,,,,,,,
GCF_004358365.1;protein_4564,GCF_048568965.1;protein_1641,GCF_000005845.2;protein_2264,GCF_053078305.1;protein_1763,GCF_048571455.1;protein_4069,,,,,,,,
GCF_004358365.1;protein_4565,GCF_048568965.1;protein_1642,GCF_000005845.2;protein_2263,GCF_053078305.1;protein_1764,GCF_048571455.1;protein_4068,,,,,,,,
GCF_004358365.1;protein_4566,GCF_048568965.1;protein_1643,GCF_000005845.2;protein_2262,GCF_053078305.1;protein_1765,GCF_048571455.1;protein_4067,,,,,,,,
GCF_004358365.1;protein_4567,GCF_048568965.1;protein_1644,GCF_000005845.2;protein_2261,GCF_053078305.1;protein_1766,GCF_048571455.1;protein_4066,,,,,,,,
GCF_004358365.1;protein_4568,GCF_048568965.1;protein_1645,GCF_000005845.2;protein_2260,GCF_053078305.1;protein_1767,GCF_048571455.1;protein_4065,,,,,,,,
GCF_004358365.1;protein_4569,GCF_048568965.1;protein_1646,GCF_000005845.2;protein_2259,GCF_053078305.1;protein_1768,GCF_048571455.1;protein_4064,,,,,,,,
GCF_004358365.1;protein_457,GCF_048568965.1;protein_3805,GCF_000005845.2;protein_1172,,GCF_048571455.1;protein_2519,,,,,,,,
GCF_004358365.1;protein_4570,GCF_048568965.1;protein_1647,GCF_000005845.2;protein_2258,GCF_053078305.1;protein_1769,GCF_048571455.1;protein_4063,,,,,,,,
GCF_004358365.1;protein_4571,GCF_048568965.1;protein_1648,GCF_000005845.2;protein_2257,GCF_053078305.1;protein_1770,GCF_048571455.1;protein_4062,,,,,,,,
GCF_004358365.1;protein_4572,GCF_048568965.1;protein_1649,GCF_000005845.2;protein_2253,GCF_053078305.1;protein_1774,GCF_048571455.1;protein_4061,,,,,,,,
GCF_004358365.1;protein_4573,GCF_048568965.1;protein_1650,GCF_000005845.2;protein_2252,GCF_053078305.1;protein_1775,GCF_048571455.1;protein_4060,,,,,,,,
GCF_004358365.1;protein_4574,GCF_048568965.1;protein_1651,GCF_000005845.2;protein_2251,GCF_053078305.1;protein_1776,GCF_048571455.1;protein_4059,,,,,,,,
GCF_004358365.1;protein_4575,GCF_048568965.1;protein_1652,GCF_000005845.2;protein_2250,GCF_053078305.1;protein_1777,GCF_048571455.1;protein_4058,,,,,,,,
GCF_004358365.1;protein_4576,GCF_048568965.1;protein_1653,GCF_000005845.2;protein_2249,GCF_053078305.1;protein_1778,GCF_048571455.1;protein_4057,,,,,,,,
GCF_004358365.1;protein_4577,GCF_048568965.1;protein_1654,GCF_000005845.2;protein_2248,GCF_053078305.1;protein_1779,GCF_048571455.1;protein_4056,,,,,,,,
GCF_004358365.1;protein_4578,GCF_048568965.1;protein_1655,GCF_000005845.2;protein_2247,GCF_053078305.1;protein_1780,GCF_048571455.1;protein_4055,,,,,,,,
GCF_004358365.1;protein_4579,GCF_048568965.1;protein_1656,GCF_000005845.2;protein_2246,GCF_053078305.1;protein_1781,GCF_048571455.1;protein_4054,,,,,,,,
GCF_004358365.1;protein_458,GCF_048568965.1;protein_3806,GCF_000005845.2;protein_1171,GCF_053078305.1;protein_3257,GCF_048571455.1;protein_2518,,,,,,,,
GCF_004358365.1;protein_4580,GCF_048568965.1;protein_1657,GCF_000005845.2;protein_2245,GCF_053078305.1;protein_1782,GCF_048571455.1;protein_4053,,,,,,,,
GCF_004358365.1;protein_4581,GCF_048568965.1;protein_1658,GCF_000005845.2;protein_2244,GCF_053078305.1;protein_1783,GCF_048571455.1;protein_4052,,,,,,,,
GCF_004358365.1;protein_4582,GCF_048568965.1;protein_1659,GCF_000005845.2;protein_2243,GCF_053078305.1;protein_1784,GCF_048571455.1;protein_4051,,,,,,,,
GCF_004358365.1;protein_4583,GCF_048568965.1;protein_1660,GCF_000005845.2;protein_2242,GCF_053078305.1;protein_1785,GCF_048571455.1;protein_4050,,,,,,,,
GCF_004358365.1;protein_4584,GCF_048568965.1;protein_1661,GCF_000005845.2;protein_2241,GCF_053078305.1;protein_1786,GCF_048571455.1;protein_4049,,,,,,,,
GCF_004358365.1;protein_4585,GCF_048568965.1;protein_1662,GCF_000005845.2;protein_2240,GCF_053078305.1;protein_1787,GCF_048571455.1;protein_4048,,,,,,,,
GCF_004358365.1;protein_4586,GCF_048568965.1;protein_1663,GCF_000005845.2;protein_2239,GCF_053078305.1;protein_1788,GCF_048571455.1;protein_4047,,,,,,,,
GCF_004358365.1;protein_4587,GCF_048568965.1;protein_1664,GCF_000005845.2;protein_2238,GCF_053078305.1;protein_1789,GCF_048571455.1;protein_4046,,,,,,,,
GCF_004358365.1;protein_4588,GCF_048568965.1;protein_1665,GCF_000005845.2;protein_2237,GCF_053078305.1;protein_1790,GCF_048571455.1;protein_4045,,,,,,,,
GCF_004358365.1;protein_4589,GCF_048568965.1;protein_1666,GCF_000005845.2;protein_2236,GCF_053078305.1;protein_1791,GCF_048571455.1;protein_4044,,,,,,,,
GCF_004358365.1;protein_459,GCF_048568965.1;protein_3807,GCF_000005845.2;protein_1170,GCF_053078305.1;protein_3258,GCF_048571455.1;protein_2517,,,,,,,,
GCF_004358365.1;protein_4590,GCF_048568965.1;protein_1667,GCF_000005845.2;protein_2235,GCF_053078305.1;protein_1792,GCF_048571455.1;protein_4043,,,,,,,,
GCF_004358365.1;protein_4591,GCF_048568965.1;protein_1668,GCF_000005845.2;protein_2234,GCF_053078305.1;protein_1793,GCF_048571455.1;protein_4042,,,,,,,,
GCF_004358365.1;protein_4592,GCF_048568965.1;protein_1669,GCF_000005845.2;protein_2233,GCF_053078305.1;protein_1794,GCF_048571455.1;protein_4041,,,,,,,,
GCF_004358365.1;protein_4593,GCF_048568965.1;protein_1670,GCF_000005845.2;protein_2232,GCF_053078305.1;protein_1795,GCF_048571455.1;protein_4040,,,,,,,,
GCF_004358365.1;protein_4594,GCF_048568965.1;protein_1671,GCF_000005845.2;protein_2231,GCF_053078305.1;protein_1796,GCF_048571455.1;protein_4039,,,,,,,,
GCF_004358365.1;protein_4595,GCF_048568965.1;protein_1672,GCF_000005845.2;protein_2230,GCF_053078305.1;protein_1797,GCF_048571455.1;protein_4038,,,,,,,,
GCF_004358365.1;protein_4596,GCF_048568965.1;protein_1673,GCF_000005845.2;protein_2229,GCF_053078305.1;protein_1798,GCF_048571455.1;protein_4037,,,,,,,,
GCF_004358365.1;protein_4597,GCF_048568965.1;protein_1674,,,GCF_048571455.1;protein_4036,,,,,,,,
GCF_004358365.1;protein_4598,GCF_048568965.1;protein_1675,GCF_000005845.2;protein_2224,GCF_053078305.1;protein_1804,GCF_048571455.1;protein_4035,,,,,,,,
GCF_004358365.1;protein_4599,GCF_048568965.1;protein_1676,GCF_000005845.2;protein_2223,GCF_053078305.1;protein_1805,GCF_048571455.1;protein_4034,,,,,,,,
GCF_004358365.1;protein_46,GCF_048568965.1;protein_2998,,,GCF_048571455.1;protein_2913,,,,,,,,
GCF_004358365.1;protein_460,GCF_048568965.1;protein_3808,GCF_000005845.2;protein_1169,GCF_053078305.1;protein_3259,GCF_048571455.1;protein_2516,,,,,,,,
GCF_004358365.1;protein_4600,GCF_048568965.1;protein_1677,GCF_000005845.2;protein_2222,GCF_053078305.1;protein_1806,GCF_048571455.1;protein_4033,,,,,,,,
GCF_004358365.1;protein_4601,GCF_048568965.1;protein_1678,GCF_000005845.2;protein_2221,GCF_053078305.1;protein_1807,GCF_048571455.1;protein_4032,,,,,,,,
GCF_004358365.1;protein_4602,GCF_048568965.1;protein_1679,GCF_000005845.2;protein_2220,GCF_053078305.1;protein_1808,GCF_048571455.1;protein_4031,,,,,,,,
GCF_004358365.1;protein_4603,GCF_048568965.1;protein_1680,GCF_000005845.2;protein_2219,GCF_053078305.1;protein_1809,GCF_048571455.1;protein_4030,,,,,,,,
GCF_004358365.1;protein_4604,GCF_048568965.1;protein_1681,,,GCF_048571455.1;protein_4029,,,,,,,,
GCF_004358365.1;protein_4605,GCF_048568965.1;protein_1682,,,GCF_048571455.1;protein_4028,,,,,,,,
GCF_004358365.1;protein_4606,GCF_048568965.1;protein_1683,GCF_000005845.2;protein_2218,GCF_053078305.1;protein_1813,GCF_048571455.1;protein_4027,,,,,,,,
GCF_004358365.1;protein_4607,GCF_048568965.1;protein_1684,GCF_000005845.2;protein_2217,GCF_053078305.1;protein_1814,GCF_048571455.1;protein_4026,,,,,,,,
GCF_004358365.1;protein_4608,GCF_048568965.1;protein_1685,GCF_000005845.2;protein_2216,GCF_053078305.1;protein_1815,GCF_048571455.1;protein_4025,,,,,,,,
GCF_004358365.1;protein_4609,GCF_048568965.1;protein_1686,GCF_000005845.2;protein_2214,GCF_053078305.1;protein_1816,GCF_048571455.1;protein_4024,,,,,,,,
GCF_004358365.1;protein_461,GCF_048568965.1;protein_3809,GCF_000005845.2;protein_1168,GCF_053078305.1;protein_3260,GCF_048571455.1;protein_2515,,,,,,,,
GCF_004358365.1;protein_4610,GCF_048568965.1;protein_1687,GCF_000005845.2;protein_2213,GCF_053078305.1;protein_1817,GCF_048571455.1;protein_4023,,,,,,,,
GCF_004358365.1;protein_4611,GCF_048568965.1;protein_1688,GCF_000005845.2;protein_2212,GCF_053078305.1;protein_1818,GCF_048571455.1;protein_4022,,,,,,,,
GCF_004358365.1;protein_4612,GCF_048568965.1;protein_1689,GCF_000005845.2;protein_2211,GCF_053078305.1;protein_1819,GCF_048571455.1;protein_4021,,,,,,,,
GCF_004358365.1;protein_4613,GCF_048568965.1;protein_1690,GCF_000005845.2;protein_2210,GCF_053078305.1;protein_1820,GCF_048571455.1;protein_4020,,,,,,,,
GCF_004358365.1;protein_4614,GCF_048568965.1;protein_1691,GCF_000005845.2;protein_2209,GCF_053078305.1;protein_1821,GCF_048571455.1;protein_4019,,,,,,,,
GCF_004358365.1;protein_4615,GCF_048568965.1;protein_1692,GCF_000005845.2;protein_2208,GCF_053078305.1;protein_1822,GCF_048571455.1;protein_4018,,,,,,,,
GCF_004358365.1;protein_4619,GCF_048568965.1;protein_1696,,,GCF_048571455.1;protein_4014,,,,,,,,
GCF_004358365.1;protein_462,GCF_048568965.1;protein_3810,GCF_000005845.2;protein_1167,GCF_053078305.1;protein_3261,GCF_048571455.1;protein_2514,,,,,,,,
GCF_004358365.1;protein_4620,GCF_048568965.1;protein_1697,,,GCF_048571455.1;protein_4013,,,,,,,,
GCF_004358365.1;protein_4621,GCF_048568965.1;protein_1698,,,GCF_048571455.1;protein_4012,,,,,,,,
GCF_048568965.1;protein_1706,GCF_048568965.1;protein_1895,,GCF_004358365.1;protein_4629,GCF_048571455.1;protein_4004,,,,,,,,
GCF_004358365.1;protein_463,GCF_048568965.1;protein_3811,,,GCF_048571455.1;protein_2513,,,,,,,,
GCF_004358365.1;protein_4631,GCF_048568965.1;protein_1708,GCF_048568965.1;protein_1897,GCF_048571455.1;protein_4002,,,,,,,,,
GCF_004358365.1;protein_4633,GCF_048568965.1;protein_1711,,,GCF_048571455.1;protein_3999,,,,,,,,
GCF_004358365.1;protein_4634,GCF_048568965.1;protein_1712,,,GCF_048571455.1;protein_3998,,,,,,,,
GCF_004358365.1;protein_4635,GCF_048568965.1;protein_1713,,,GCF_048571455.1;protein_3997,,,,,,,,
GCF_004358365.1;protein_4636,GCF_048568965.1;protein_1714,,,GCF_048571455.1;protein_3996,,,,,,,,
GCF_004358365.1;protein_464,GCF_048568965.1;protein_3812,GCF_000005845.2;protein_1165,GCF_053078305.1;protein_3265,GCF_048571455.1;protein_2512,,,,,,,,
GCF_004358365.1;protein_4641,GCF_048568965.1;protein_1719,,,GCF_048571455.1;protein_3991,,,,,,,,
GCF_004358365.1;protein_4645,GCF_048568965.1;protein_1723,,,GCF_048571455.1;protein_3987,,,,,,,,
GCF_004358365.1;protein_4647,GCF_048568965.1;protein_1724,,,GCF_048571455.1;protein_3986,,,,,,,,
GCF_004358365.1;protein_465,GCF_048568965.1;protein_3813,GCF_000005845.2;protein_1164,GCF_053078305.1;protein_3266,GCF_048571455.1;protein_2511,,,,,,,,
GCF_004358365.1;protein_4653,GCF_048568965.1;protein_1730,,,GCF_048571455.1;protein_3980,,,,,,,,
GCF_004358365.1;protein_466,GCF_048568965.1;protein_3814,GCF_000005845.2;protein_1163,GCF_053078305.1;protein_3267,GCF_048571455.1;protein_2510,,,,,,,,
GCF_053078305.1;protein_2786,GCF_048571455.1;protein_3970,GCF_004358365.1;protein_4663,,GCF_053078305.1;protein_3579,GCF_048568965.1;protein_1740,,,,,,,
GCF_053078305.1;protein_2787,GCF_048571455.1;protein_3969,GCF_004358365.1;protein_4664,GCF_048568965.1;protein_1741,GCF_053078305.1;protein_3578,,,,,,,,
GCF_004358365.1;protein_4665,GCF_048568965.1;protein_1742,,,GCF_048571455.1;protein_3968,,,,,,,,
GCF_004358365.1;protein_4666,GCF_048568965.1;protein_1743,,,GCF_048571455.1;protein_3967,,,,,,,,
GCF_004358365.1;protein_4667,GCF_048571455.1;protein_3966,GCF_048568965.1;protein_1744,,GCF_053078305.1;protein_2790,GCF_053078305.1;protein_3575,,,,,,,
GCF_004358365.1;protein_4668,GCF_048568965.1;protein_1745,,,GCF_048571455.1;protein_3965,,,,,,,,
GCF_004358365.1;protein_467,GCF_048568965.1;protein_3815,GCF_000005845.2;protein_1162,GCF_053078305.1;protein_3268,GCF_048571455.1;protein_2509,,,,,,,,
GCF_004358365.1;protein_468,GCF_048568965.1;protein_3816,GCF_000005845.2;protein_1161,GCF_053078305.1;protein_3269,GCF_048571455.1;protein_2508,,,,,,,,
GCF_004358365.1;protein_4682,GCF_048568965.1;protein_1759,,,GCF_048571455.1;protein_3951,,,,,,,,
GCF_004358365.1;protein_4686,GCF_048568965.1;protein_1763,,,GCF_048571455.1;protein_3947,,,,,,,,
GCF_004358365.1;protein_4687,GCF_048568965.1;protein_1764,,,GCF_048571455.1;protein_3946,,,,,,,,
GCF_004358365.1;protein_4689,GCF_048568965.1;protein_1766,,,GCF_048571455.1;protein_3944,,,,,,,,
GCF_004358365.1;protein_469,GCF_048568965.1;protein_3817,GCF_000005845.2;protein_1160,GCF_053078305.1;protein_3270,GCF_048571455.1;protein_2507,,,,,,,,
GCF_004358365.1;protein_4690,GCF_048568965.1;protein_1767,,GCF_053078305.1;protein_1823,GCF_048571455.1;protein_3943,,,,,,,,
GCF_004358365.1;protein_4691,GCF_048568965.1;protein_1768,GCF_000005845.2;protein_2207,GCF_053078305.1;protein_1824,GCF_048571455.1;protein_3942,,,,,,,,
GCF_004358365.1;protein_4692,GCF_048568965.1;protein_1769,GCF_000005845.2;protein_2206,GCF_053078305.1;protein_1825,GCF_048571455.1;protein_3941,,,,,,,,
GCF_004358365.1;protein_4693,GCF_048568965.1;protein_1770,GCF_000005845.2;protein_2199,GCF_053078305.1;protein_1826,GCF_048571455.1;protein_3940,,,,,,,,
GCF_004358365.1;protein_4694,GCF_048568965.1;protein_1771,GCF_000005845.2;protein_2198,GCF_053078305.1;protein_1827,GCF_048571455.1;protein_3939,,,,,,,,
GCF_004358365.1;protein_4695,GCF_048568965.1;protein_1772,GCF_000005845.2;protein_2197,GCF_053078305.1;protein_1891,GCF_048571455.1;protein_3938,,,,,,,,
GCF_004358365.1;protein_4696,GCF_048568965.1;protein_1773,GCF_000005845.2;protein_2196,GCF_053078305.1;protein_1892,GCF_048571455.1;protein_3937,,,,,,,,
GCF_004358365.1;protein_4697,GCF_048568965.1;protein_1774,GCF_000005845.2;protein_2195,GCF_053078305.1;protein_1893,GCF_048571455.1;protein_3936,,,,,,,,
GCF_004358365.1;protein_4698,GCF_048568965.1;protein_1775,GCF_000005845.2;protein_2194,GCF_053078305.1;protein_1894,GCF_048571455.1;protein_3935,,,,,,,,
GCF_004358365.1;protein_4699,GCF_048568965.1;protein_1776,GCF_000005845.2;protein_2193,GCF_053078305.1;protein_1895,GCF_048571455.1;protein_3934,,,,,,,,
GCF_004358365.1;protein_47,GCF_048568965.1;protein_2997,GCF_000005845.2;protein_1491,GCF_053078305.1;protein_2910,GCF_048571455.1;protein_2912,,,,,,,,
GCF_004358365.1;protein_470,GCF_048568965.1;protein_3818,GCF_000005845.2;protein_1159,GCF_053078305.1;protein_3271,GCF_048571455.1;protein_2506,,,,,,,,
GCF_004358365.1;protein_4700,GCF_048568965.1;protein_1777,GCF_000005845.2;protein_2192,GCF_053078305.1;protein_1896,GCF_048571455.1;protein_3933,,,,,,,,
GCF_004358365.1;protein_4701,GCF_048568965.1;protein_1778,GCF_000005845.2;protein_2191,GCF_053078305.1;protein_1897,GCF_048571455.1;protein_3932,,,,,,,,
GCF_004358365.1;protein_4702,GCF_048568965.1;protein_1779,GCF_000005845.2;protein_2190,GCF_053078305.1;protein_1898,GCF_048571455.1;protein_3931,,,,,,,,
GCF_004358365.1;protein_4703,GCF_048568965.1;protein_1780,GCF_000005845.2;protein_2189,GCF_053078305.1;protein_1899,GCF_048571455.1;protein_3930,,,,,,,,
GCF_004358365.1;protein_4704,GCF_048568965.1;protein_1781,GCF_000005845.2;protein_2188,GCF_053078305.1;protein_1900,GCF_048571455.1;protein_3929,,,,,,,,
GCF_004358365.1;protein_4705,GCF_048568965.1;protein_1782,GCF_000005845.2;protein_2187,GCF_053078305.1;protein_1901,GCF_048571455.1;protein_3928,,,,,,,,
GCF_004358365.1;protein_4706,GCF_048568965.1;protein_1783,GCF_000005845.2;protein_2186,GCF_053078305.1;protein_1902,GCF_048571455.1;protein_3927,,,,,,,,
GCF_004358365.1;protein_4707,GCF_048568965.1;protein_1784,GCF_000005845.2;protein_2185,GCF_053078305.1;protein_1903,GCF_048571455.1;protein_3926,,,,,,,,
GCF_004358365.1;protein_4708,GCF_048568965.1;protein_1785,GCF_000005845.2;protein_2184,GCF_053078305.1;protein_1904,GCF_048571455.1;protein_3925,,,,,,,,
GCF_004358365.1;protein_4709,GCF_048568965.1;protein_1786,GCF_000005845.2;protein_2183,GCF_053078305.1;protein_1905,GCF_048571455.1;protein_3924,,,,,,,,
GCF_004358365.1;protein_471,GCF_048568965.1;protein_3819,GCF_000005845.2;protein_1158,GCF_053078305.1;protein_3272,GCF_048571455.1;protein_2505,,,,,,,,
GCF_004358365.1;protein_4710,GCF_048568965.1;protein_1787,GCF_000005845.2;protein_2182,GCF_053078305.1;protein_1906,GCF_048571455.1;protein_3923,,,,,,,,
GCF_004358365.1;protein_4711,GCF_048568965.1;protein_1788,GCF_000005845.2;protein_2181,GCF_053078305.1;protein_1907,GCF_048571455.1;protein_3922,,,,,,,,
GCF_004358365.1;protein_4712,GCF_048568965.1;protein_1789,GCF_000005845.2;protein_2180,GCF_053078305.1;protein_1908,GCF_048571455.1;protein_3921,,,,,,,,
GCF_004358365.1;protein_4713,GCF_048568965.1;protein_1790,GCF_000005845.2;protein_2179,GCF_053078305.1;protein_1909,GCF_048571455.1;protein_3920,,,,,,,,
GCF_004358365.1;protein_4714,GCF_048568965.1;protein_1791,GCF_000005845.2;protein_2178,GCF_053078305.1;protein_1910,GCF_048571455.1;protein_3919,,,,,,,,
GCF_004358365.1;protein_4715,GCF_048568965.1;protein_1792,GCF_000005845.2;protein_2177,GCF_053078305.1;protein_1911,GCF_048571455.1;protein_3918,,,,,,,,
GCF_004358365.1;protein_4716,GCF_048568965.1;protein_1793,GCF_000005845.2;protein_2176,GCF_053078305.1;protein_1912,GCF_048571455.1;protein_3917,,,,,,,,
GCF_004358365.1;protein_4717,GCF_048568965.1;protein_1794,GCF_000005845.2;protein_2175,GCF_053078305.1;protein_1913,GCF_048571455.1;protein_3916,,,,,,,,
GCF_004358365.1;protein_4718,GCF_048568965.1;protein_1795,GCF_000005845.2;protein_2174,GCF_053078305.1;protein_1914,GCF_048571455.1;protein_3915,,,,,,,,
GCF_004358365.1;protein_4719,GCF_048568965.1;protein_1796,GCF_000005845.2;protein_2173,GCF_053078305.1;protein_1915,GCF_048571455.1;protein_3914,,,,,,,,
GCF_004358365.1;protein_472,GCF_048568965.1;protein_3820,GCF_000005845.2;protein_1157,GCF_053078305.1;protein_3273,GCF_048571455.1;protein_2504,,,,,,,,
GCF_004358365.1;protein_4720,GCF_048568965.1;protein_1797,GCF_000005845.2;protein_2171,GCF_053078305.1;protein_1916,GCF_048571455.1;protein_3913,,,,,,,,
GCF_004358365.1;protein_4721,GCF_048568965.1;protein_1798,,,GCF_048571455.1;protein_3912,,,,,,,,
GCF_004358365.1;protein_4722,GCF_048568965.1;protein_1799,,,GCF_048571455.1;protein_3911,,,,,,,,
GCF_004358365.1;protein_4723,GCF_048568965.1;protein_1800,,,GCF_048571455.1;protein_3910,,,,,,,,
GCF_004358365.1;protein_4724,GCF_048568965.1;protein_1801,,,GCF_048571455.1;protein_3909,,,,,,,,
GCF_004358365.1;protein_4725,GCF_048568965.1;protein_1802,,,GCF_048571455.1;protein_3908,,,,,,,,
GCF_048568965.1;protein_1806,GCF_053078305.1;protein_1662,GCF_004358365.1;protein_4729,,GCF_053078305.1;protein_2773,GCF_048571455.1;protein_3904,,,,,,,
GCF_004358365.1;protein_473,GCF_048568965.1;protein_3821,GCF_000005845.2;protein_1156,GCF_053078305.1;protein_3274,GCF_048571455.1;protein_2503,,,,,,,,
GCF_004358365.1;protein_4730,GCF_048568965.1;protein_1807,,,GCF_048571455.1;protein_3903,,,,,,,,
GCF_004358365.1;protein_4731,GCF_048568965.1;protein_1808,,,GCF_048571455.1;protein_3902,,,,,,,,
GCF_048571455.1;protein_3901,GCF_053078305.1;protein_2770,GCF_053078305.1;protein_1660,,GCF_053078305.1;protein_678,GCF_004358365.1;protein_4732,GCF_048568965.1;protein_1809,,,,,,
GCF_004358365.1;protein_4733,GCF_048568965.1;protein_1810,,,,,,,,,,,
GCF_004358365.1;protein_4734,GCF_048568965.1;protein_1811,,,GCF_048571455.1;protein_3899,,,,,,,,
GCF_004358365.1;protein_4735,GCF_048568965.1;protein_1812,,,GCF_048571455.1;protein_3898,,,,,,,,
GCF_004358365.1;protein_4736,GCF_048568965.1;protein_1813,,,GCF_048571455.1;protein_3897,,,,,,,,
GCF_004358365.1;protein_4737,GCF_048568965.1;protein_1814,,,GCF_048571455.1;protein_3896,,,,,,,,
GCF_004358365.1;protein_4738,GCF_048568965.1;protein_1815,GCF_000005845.2;protein_2170,GCF_053078305.1;protein_1917,GCF_048571455.1;protein_3895,,,,,,,,
GCF_004358365.1;protein_4739,GCF_048568965.1;protein_1816,GCF_000005845.2;protein_2169,GCF_053078305.1;protein_1918,GCF_048571455.1;protein_3894,,,,,,,,
GCF_004358365.1;protein_474,GCF_048568965.1;protein_3822,GCF_000005845.2;protein_1155,GCF_053078305.1;protein_3275,GCF_048571455.1;protein_2502,,,,,,,,
GCF_004358365.1;protein_4740,GCF_048568965.1;protein_1817,GCF_000005845.2;protein_2168,GCF_053078305.1;protein_1919,GCF_048571455.1;protein_3893,,,,,,,,
GCF_004358365.1;protein_4741,GCF_048568965.1;protein_1818,GCF_000005845.2;protein_2167,GCF_053078305.1;protein_1920,GCF_048571455.1;protein_3892,,,,,,,,
GCF_004358365.1;protein_4742,GCF_048568965.1;protein_1819,GCF_000005845.2;protein_2166,GCF_053078305.1;protein_1921,GCF_048571455.1;protein_3891,,,,,,,,
GCF_004358365.1;protein_4743,GCF_048568965.1;protein_1820,GCF_000005845.2;protein_2165,GCF_053078305.1;protein_1922,GCF_048571455.1;protein_3890,,,,,,,,
GCF_004358365.1;protein_4744,GCF_048568965.1;protein_1821,GCF_000005845.2;protein_2164,GCF_053078305.1;protein_1923,GCF_048571455.1;protein_3889,,,,,,,,
GCF_004358365.1;protein_4745,GCF_048568965.1;protein_1822,GCF_000005845.2;protein_2163,GCF_053078305.1;protein_1924,GCF_048571455.1;protein_3888,,,,,,,,
GCF_004358365.1;protein_4746,GCF_048568965.1;protein_1823,GCF_000005845.2;protein_2162,GCF_053078305.1;protein_1925,GCF_048571455.1;protein_3887,,,,,,,,
GCF_004358365.1;protein_4747,GCF_048568965.1;protein_1824,GCF_000005845.2;protein_2161,GCF_053078305.1;protein_1926,GCF_048571455.1;protein_3886,,,,,,,,
GCF_004358365.1;protein_4748,GCF_048568965.1;protein_1825,GCF_000005845.2;protein_2160,GCF_053078305.1;protein_1927,GCF_048571455.1;protein_3885,,,,,,,,
GCF_004358365.1;protein_4749,GCF_048568965.1;protein_1826,GCF_000005845.2;protein_2159,GCF_053078305.1;protein_1928,GCF_048571455.1;protein_3884,,,,,,,,
GCF_004358365.1;protein_475,GCF_048568965.1;protein_3823,GCF_000005845.2;protein_1154,GCF_053078305.1;protein_3276,GCF_048571455.1;protein_2501,,,,,,,,
GCF_004358365.1;protein_4750,GCF_048568965.1;protein_1827,GCF_000005845.2;protein_2158,GCF_053078305.1;protein_1929,GCF_048571455.1;protein_3883,,,,,,,,
GCF_004358365.1;protein_4751,GCF_048568965.1;protein_1828,GCF_000005845.2;protein_2157,GCF_053078305.1;protein_1930,GCF_048571455.1;protein_3882,,,,,,,,
GCF_004358365.1;protein_4752,GCF_048568965.1;protein_1829,GCF_000005845.2;protein_2156,GCF_053078305.1;protein_1931,GCF_048571455.1;protein_3881,,,,,,,,
GCF_004358365.1;protein_4753,GCF_048568965.1;protein_1830,GCF_000005845.2;protein_2155,GCF_053078305.1;protein_1932,GCF_048571455.1;protein_3880,,,,,,,,
GCF_004358365.1;protein_4754,GCF_048568965.1;protein_1831,GCF_000005845.2;protein_2154,GCF_053078305.1;protein_1933,GCF_048571455.1;protein_3879,,,,,,,,
GCF_004358365.1;protein_4755,GCF_048568965.1;protein_1832,GCF_000005845.2;protein_2153,GCF_053078305.1;protein_1934,GCF_048571455.1;protein_3878,,,,,,,,
GCF_004358365.1;protein_4756,GCF_048568965.1;protein_1833,GCF_000005845.2;protein_2152,GCF_053078305.1;protein_1935,GCF_048571455.1;protein_3877,,,,,,,,
GCF_004358365.1;protein_4757,GCF_048568965.1;protein_1834,GCF_000005845.2;protein_2151,GCF_053078305.1;protein_1936,GCF_048571455.1;protein_3876,,,,,,,,
GCF_004358365.1;protein_4758,GCF_048568965.1;protein_1835,GCF_000005845.2;protein_2150,GCF_053078305.1;protein_1937,GCF_048571455.1;protein_3875,,,,,,,,
GCF_004358365.1;protein_4759,GCF_048568965.1;protein_1836,GCF_000005845.2;protein_2149,GCF_053078305.1;protein_1938,GCF_048571455.1;protein_3874,,,,,,,,
GCF_004358365.1;protein_476,GCF_048568965.1;protein_3825,GCF_000005845.2;protein_1152,GCF_053078305.1;protein_3277,GCF_048571455.1;protein_2499,,,,,,,,
GCF_004358365.1;protein_4760,GCF_048568965.1;protein_1837,GCF_000005845.2;protein_2148,GCF_053078305.1;protein_1939,GCF_048571455.1;protein_3873,,,,,,,,
GCF_004358365.1;protein_4761,,,,GCF_048571455.1;protein_3872,,,,,,,,
GCF_004358365.1;protein_4762,GCF_048568965.1;protein_1838,GCF_000005845.2;protein_2147,GCF_053078305.1;protein_1940,GCF_048571455.1;protein_3871,,,,,,,,
GCF_004358365.1;protein_4763,GCF_048568965.1;protein_1839,GCF_000005845.2;protein_2146,GCF_053078305.1;protein_1941,GCF_048571455.1;protein_3870,,,,,,,,
GCF_004358365.1;protein_4764,GCF_048568965.1;protein_1840,GCF_000005845.2;protein_2145,GCF_053078305.1;protein_1942,GCF_048571455.1;protein_3869,,,,,,,,
GCF_004358365.1;protein_4765,GCF_048568965.1;protein_1841,GCF_000005845.2;protein_2144,GCF_053078305.1;protein_1943,GCF_048571455.1;protein_3868,,,,,,,,
GCF_004358365.1;protein_4766,GCF_048568965.1;protein_1842,GCF_000005845.2;protein_2143,GCF_053078305.1;protein_1944,GCF_048571455.1;protein_3867,,,,,,,,
GCF_004358365.1;protein_4767,GCF_048568965.1;protein_1843,GCF_000005845.2;protein_2142,GCF_053078305.1;protein_1945,GCF_048571455.1;protein_3866,,,,,,,,
GCF_004358365.1;protein_4768,GCF_048568965.1;protein_1844,GCF_000005845.2;protein_2141,GCF_053078305.1;protein_1946,GCF_048571455.1;protein_3865,,,,,,,,
GCF_004358365.1;protein_4769,GCF_048568965.1;protein_1845,GCF_000005845.2;protein_2140,GCF_053078305.1;protein_1947,GCF_048571455.1;protein_3864,,,,,,,,
GCF_004358365.1;protein_477,GCF_048568965.1;protein_3826,GCF_000005845.2;protein_1151,GCF_053078305.1;protein_3278,GCF_048571455.1;protein_2498,,,,,,,,
GCF_004358365.1;protein_4770,GCF_048568965.1;protein_1846,GCF_000005845.2;protein_2139,GCF_053078305.1;protein_1948,GCF_048571455.1;protein_3863,,,,,,,,
GCF_004358365.1;protein_4771,GCF_048568965.1;protein_1847,GCF_000005845.2;protein_2138,GCF_053078305.1;protein_1949,GCF_048571455.1;protein_3862,,,,,,,,
GCF_004358365.1;protein_4772,GCF_048568965.1;protein_1848,GCF_000005845.2;protein_2137,GCF_053078305.1;protein_1950,GCF_048571455.1;protein_3861,,,,,,,,
GCF_004358365.1;protein_4773,GCF_048568965.1;protein_1849,GCF_000005845.2;protein_2136,GCF_053078305.1;protein_1951,GCF_048571455.1;protein_3860,,,,,,,,
GCF_004358365.1;protein_4774,GCF_048568965.1;protein_1850,GCF_000005845.2;protein_2135,GCF_053078305.1;protein_1952,GCF_048571455.1;protein_3859,,,,,,,,
GCF_004358365.1;protein_4775,GCF_048568965.1;protein_1851,GCF_000005845.2;protein_2134,GCF_053078305.1;protein_1953,GCF_048571455.1;protein_3858,,,,,,,,
GCF_004358365.1;protein_4776,GCF_048568965.1;protein_1852,GCF_000005845.2;protein_2133,GCF_053078305.1;protein_1954,GCF_048571455.1;protein_3857,,,,,,,,
GCF_004358365.1;protein_4777,GCF_048568965.1;protein_1853,GCF_000005845.2;protein_2132,GCF_053078305.1;protein_1955,GCF_048571455.1;protein_3856,,,,,,,,
GCF_004358365.1;protein_4778,GCF_048568965.1;protein_1854,GCF_000005845.2;protein_2131,GCF_053078305.1;protein_1956,GCF_048571455.1;protein_3855,,,,,,,,
GCF_004358365.1;protein_4779,GCF_048568965.1;protein_1855,GCF_000005845.2;protein_2130,GCF_053078305.1;protein_1957,GCF_048571455.1;protein_3854,,,,,,,,
GCF_004358365.1;protein_478,GCF_048568965.1;protein_3827,GCF_000005845.2;protein_1150,GCF_053078305.1;protein_3279,GCF_048571455.1;protein_2497,,,,,,,,
GCF_004358365.1;protein_4780,GCF_048568965.1;protein_1856,GCF_000005845.2;protein_2129,GCF_053078305.1;protein_1958,GCF_048571455.1;protein_3853,,,,,,,,
GCF_004358365.1;protein_4781,GCF_048568965.1;protein_1857,GCF_000005845.2;protein_2128,GCF_053078305.1;protein_1959,GCF_048571455.1;protein_3852,,,,,,,,
GCF_004358365.1;protein_4782,GCF_048568965.1;protein_1858,GCF_000005845.2;protein_2127,GCF_053078305.1;protein_1960,GCF_048571455.1;protein_3851,,,,,,,,
GCF_004358365.1;protein_4783,GCF_048568965.1;protein_1859,GCF_000005845.2;protein_2126,GCF_053078305.1;protein_1961,GCF_048571455.1;protein_3850,,,,,,,,
GCF_004358365.1;protein_4784,GCF_048568965.1;protein_1860,GCF_000005845.2;protein_2125,GCF_053078305.1;protein_1962,GCF_048571455.1;protein_3849,,,,,,,,
GCF_004358365.1;protein_4785,GCF_048568965.1;protein_1861,GCF_000005845.2;protein_2124,GCF_053078305.1;protein_1963,GCF_048571455.1;protein_3848,,,,,,,,
GCF_004358365.1;protein_4786,GCF_048568965.1;protein_1862,GCF_000005845.2;protein_2123,GCF_053078305.1;protein_1964,GCF_048571455.1;protein_3847,,,,,,,,
GCF_004358365.1;protein_4787,GCF_048568965.1;protein_1863,GCF_000005845.2;protein_2122,GCF_053078305.1;protein_1965,GCF_048571455.1;protein_3846,,,,,,,,
GCF_004358365.1;protein_4788,GCF_048568965.1;protein_1864,GCF_000005845.2;protein_2121,GCF_053078305.1;protein_1972,GCF_048571455.1;protein_3845,,,,,,,,
GCF_004358365.1;protein_4789,GCF_048568965.1;protein_1865,GCF_000005845.2;protein_2120,GCF_053078305.1;protein_1973,GCF_048571455.1;protein_3844,,,,,,,,
GCF_004358365.1;protein_479,GCF_048568965.1;protein_3828,GCF_000005845.2;protein_1149,GCF_053078305.1;protein_3280,GCF_048571455.1;protein_2496,,,,,,,,
GCF_004358365.1;protein_4790,GCF_048568965.1;protein_1866,,GCF_053078305.1;protein_1974,GCF_048571455.1;protein_3843,,,,,,,,
GCF_004358365.1;protein_4791,GCF_048568965.1;protein_1867,GCF_000005845.2;protein_2119,GCF_053078305.1;protein_1975,GCF_048571455.1;protein_3842,,,,,,,,
GCF_004358365.1;protein_4792,GCF_048568965.1;protein_1868,GCF_000005845.2;protein_2118,GCF_053078305.1;protein_1976,GCF_048571455.1;protein_3841,,,,,,,,
GCF_004358365.1;protein_4793,GCF_048568965.1;protein_1869,GCF_000005845.2;protein_2117,GCF_053078305.1;protein_1977,GCF_048571455.1;protein_3840,,,,,,,,
GCF_004358365.1;protein_4794,GCF_048568965.1;protein_1870,GCF_000005845.2;protein_2116,GCF_053078305.1;protein_1978,GCF_048571455.1;protein_3839,,,,,,,,
GCF_004358365.1;protein_4795,GCF_048568965.1;protein_1871,GCF_000005845.2;protein_2115,GCF_053078305.1;protein_1979,GCF_048571455.1;protein_3838,,,,,,,,
GCF_004358365.1;protein_4796,GCF_048568965.1;protein_1872,GCF_000005845.2;protein_2114,GCF_053078305.1;protein_1980,GCF_048571455.1;protein_3837,,,,,,,,
GCF_004358365.1;protein_4797,GCF_048568965.1;protein_1873,GCF_000005845.2;protein_2113,GCF_053078305.1;protein_1981,GCF_048571455.1;protein_3836,,,,,,,,
GCF_004358365.1;protein_4798,GCF_048568965.1;protein_1874,GCF_000005845.2;protein_2112,GCF_053078305.1;protein_1982,GCF_048571455.1;protein_3835,,,,,,,,
GCF_004358365.1;protein_4799,GCF_048568965.1;protein_1875,GCF_000005845.2;protein_2111,GCF_053078305.1;protein_1983,GCF_048571455.1;protein_3834,,,,,,,,
GCF_004358365.1;protein_48,GCF_048568965.1;protein_2996,GCF_000005845.2;protein_1490,GCF_053078305.1;protein_2911,GCF_048571455.1;protein_2911,,,,,,,,
GCF_004358365.1;protein_480,GCF_048568965.1;protein_3829,GCF_000005845.2;protein_1148,GCF_053078305.1;protein_3281,GCF_048571455.1;protein_2495,,,,,,,,
GCF_004358365.1;protein_4800,GCF_048568965.1;protein_1876,GCF_000005845.2;protein_2110,GCF_053078305.1;protein_1984,GCF_048571455.1;protein_3833,,,,,,,,
GCF_004358365.1;protein_4801,GCF_048568965.1;protein_1877,GCF_000005845.2;protein_2109,GCF_053078305.1;protein_1985,GCF_048571455.1;protein_3832,,,,,,,,
GCF_004358365.1;protein_4802,GCF_048568965.1;protein_1878,GCF_000005845.2;protein_2108,GCF_053078305.1;protein_1986,GCF_048571455.1;protein_3831,,,,,,,,
GCF_004358365.1;protein_4803,GCF_048568965.1;protein_1957,GCF_000005845.2;protein_2107,GCF_053078305.1;protein_1987,GCF_048571455.1;protein_3830,,,,,,,,
GCF_004358365.1;protein_4804,GCF_048568965.1;protein_1958,GCF_000005845.2;protein_2106,GCF_053078305.1;protein_1988,GCF_048571455.1;protein_3829,,,,,,,,
GCF_004358365.1;protein_4805,GCF_048568965.1;protein_1959,GCF_000005845.2;protein_2105,GCF_053078305.1;protein_1989,GCF_048571455.1;protein_3828,,,,,,,,
GCF_004358365.1;protein_4806,GCF_048568965.1;protein_1960,,,GCF_048571455.1;protein_3827,,,,,,,,
GCF_004358365.1;protein_481,GCF_048568965.1;protein_3830,,GCF_053078305.1;protein_3282,GCF_048571455.1;protein_2494,,,,,,,,
GCF_004358365.1;protein_4810,GCF_048568965.1;protein_1964,,,GCF_048571455.1;protein_3823,,,,,,,,
GCF_004358365.1;protein_4811,GCF_048568965.1;protein_1965,GCF_000005845.2;protein_2103,GCF_053078305.1;protein_1991,GCF_048571455.1;protein_3822,,,,,,,,
GCF_004358365.1;protein_4812,GCF_048568965.1;protein_1966,GCF_000005845.2;protein_2102,GCF_053078305.1;protein_1992,GCF_048571455.1;protein_3821,,,,,,,,
GCF_004358365.1;protein_4813,GCF_048568965.1;protein_1967,GCF_000005845.2;protein_2101,GCF_053078305.1;protein_1993,GCF_048571455.1;protein_3820,,,,,,,,
GCF_004358365.1;protein_4814,GCF_048568965.1;protein_1968,GCF_000005845.2;protein_2100,GCF_053078305.1;protein_1994,GCF_048571455.1;protein_3819,,,,,,,,
GCF_004358365.1;protein_4815,GCF_048568965.1;protein_1969,GCF_000005845.2;protein_2099,GCF_053078305.1;protein_1995,GCF_048571455.1;protein_3818,,,,,,,,
GCF_004358365.1;protein_4816,GCF_048568965.1;protein_1970,GCF_000005845.2;protein_2098,GCF_053078305.1;protein_1996,GCF_048571455.1;protein_3817,,,,,,,,
GCF_004358365.1;protein_4817,GCF_048568965.1;protein_1971,,,GCF_048571455.1;protein_3816,,,,,,,,
GCF_004358365.1;protein_4818,GCF_048568965.1;protein_1972,GCF_000005845.2;protein_2096,GCF_053078305.1;protein_1999,GCF_048571455.1;protein_3815,,,,,,,,
GCF_004358365.1;protein_4819,GCF_048568965.1;protein_1973,GCF_000005845.2;protein_2095,GCF_053078305.1;protein_2000,GCF_048571455.1;protein_3814,,,,,,,,
GCF_053078305.1;protein_1312,GCF_053078305.1;protein_3283,GCF_048571455.1;protein_2493,,GCF_048568965.1;protein_3831,GCF_004358365.1;protein_482,,,,,,,
GCF_004358365.1;protein_4820,GCF_048568965.1;protein_1974,GCF_000005845.2;protein_2094,GCF_053078305.1;protein_2001,GCF_048571455.1;protein_3813,,,,,,,,
GCF_004358365.1;protein_4821,GCF_048568965.1;protein_1975,GCF_000005845.2;protein_2093,GCF_053078305.1;protein_2002,GCF_048571455.1;protein_3812,,,,,,,,
GCF_004358365.1;protein_4822,GCF_048568965.1;protein_1976,GCF_000005845.2;protein_2092,GCF_053078305.1;protein_2003,GCF_048571455.1;protein_3811,,,,,,,,
GCF_004358365.1;protein_4823,GCF_048568965.1;protein_1977,GCF_000005845.2;protein_2091,GCF_053078305.1;protein_2004,GCF_048571455.1;protein_3810,,,,,,,,
GCF_004358365.1;protein_4824,GCF_048568965.1;protein_1978,GCF_000005845.2;protein_2090,GCF_053078305.1;protein_2005,GCF_048571455.1;protein_3809,,,,,,,,
GCF_004358365.1;protein_4825,GCF_048568965.1;protein_1979,GCF_000005845.2;protein_2089,GCF_053078305.1;protein_2006,GCF_048571455.1;protein_3808,,,,,,,,
GCF_004358365.1;protein_4826,GCF_048568965.1;protein_1980,GCF_000005845.2;protein_2088,GCF_053078305.1;protein_2007,GCF_048571455.1;protein_3807,,,,,,,,
GCF_004358365.1;protein_4827,GCF_048568965.1;protein_1981,GCF_000005845.2;protein_2087,GCF_053078305.1;protein_2008,GCF_048571455.1;protein_3806,,,,,,,,
GCF_004358365.1;protein_4828,GCF_048568965.1;protein_1982,GCF_000005845.2;protein_2086,GCF_053078305.1;protein_2009,GCF_048571455.1;protein_3805,,,,,,,,
GCF_004358365.1;protein_4829,GCF_048568965.1;protein_1983,GCF_000005845.2;protein_2085,GCF_053078305.1;protein_2010,GCF_048571455.1;protein_3804,,,,,,,,
GCF_004358365.1;protein_483,GCF_048568965.1;protein_3832,GCF_000005845.2;protein_1147,GCF_053078305.1;protein_3284,GCF_048571455.1;protein_2492,,,,,,,,
GCF_004358365.1;protein_4830,GCF_048568965.1;protein_1984,GCF_000005845.2;protein_2084,GCF_053078305.1;protein_2011,GCF_048571455.1;protein_3803,,,,,,,,
GCF_004358365.1;protein_4831,GCF_048568965.1;protein_1985,GCF_000005845.2;protein_2083,GCF_053078305.1;protein_2012,GCF_048571455.1;protein_3802,,,,,,,,
GCF_004358365.1;protein_4832,GCF_048568965.1;protein_1986,GCF_000005845.2;protein_2082,GCF_053078305.1;protein_2013,GCF_048571455.1;protein_3801,,,,,,,,
GCF_004358365.1;protein_4833,GCF_048568965.1;protein_1987,GCF_000005845.2;protein_2081,GCF_053078305.1;protein_2014,GCF_048571455.1;protein_3800,,,,,,,,
GCF_004358365.1;protein_4834,GCF_048568965.1;protein_1988,GCF_000005845.2;protein_2080,GCF_053078305.1;protein_2015,GCF_048571455.1;protein_3799,,,,,,,,
GCF_004358365.1;protein_4835,GCF_048568965.1;protein_1989,GCF_000005845.2;protein_2079,GCF_053078305.1;protein_2016,GCF_048571455.1;protein_3798,,,,,,,,
GCF_004358365.1;protein_4836,GCF_048568965.1;protein_1990,GCF_000005845.2;protein_2078,GCF_053078305.1;protein_2017,GCF_048571455.1;protein_3797,,,,,,,,
GCF_004358365.1;protein_4837,GCF_048568965.1;protein_1991,GCF_000005845.2;protein_2077,GCF_053078305.1;protein_2018,GCF_048571455.1;protein_3796,,,,,,,,
GCF_004358365.1;protein_4838,GCF_048568965.1;protein_1992,GCF_000005845.2;protein_2076,GCF_053078305.1;protein_2019,GCF_048571455.1;protein_3795,,,,,,,,
GCF_004358365.1;protein_4839,GCF_048568965.1;protein_1993,GCF_000005845.2;protein_2075,GCF_053078305.1;protein_2020,GCF_048571455.1;protein_3794,,,,,,,,
GCF_004358365.1;protein_484,GCF_048568965.1;protein_3833,GCF_000005845.2;protein_1146,GCF_053078305.1;protein_3285,GCF_048571455.1;protein_2491,,,,,,,,
GCF_004358365.1;protein_4840,GCF_048568965.1;protein_1994,,GCF_053078305.1;protein_2021,GCF_048571455.1;protein_3793,,,,,,,,
GCF_004358365.1;protein_4841,GCF_048568965.1;protein_1995,GCF_000005845.2;protein_2074,GCF_053078305.1;protein_2022,GCF_048571455.1;protein_3792,,,,,,,,
GCF_004358365.1;protein_4842,GCF_048568965.1;protein_1996,GCF_000005845.2;protein_2071,GCF_053078305.1;protein_2023,GCF_048571455.1;protein_3791,,,,,,,,
GCF_004358365.1;protein_4843,GCF_048568965.1;protein_1997,GCF_000005845.2;protein_2070,GCF_053078305.1;protein_2024,GCF_048571455.1;protein_3790,,,,,,,,
GCF_004358365.1;protein_4844,GCF_048568965.1;protein_1998,GCF_000005845.2;protein_2069,GCF_053078305.1;protein_2025,GCF_048571455.1;protein_3789,,,,,,,,
GCF_004358365.1;protein_4845,GCF_048568965.1;protein_1999,GCF_000005845.2;protein_2067,GCF_053078305.1;protein_2026,GCF_048571455.1;protein_3788,,,,,,,,
GCF_004358365.1;protein_4846,GCF_048568965.1;protein_2000,,GCF_053078305.1;protein_2027,GCF_048571455.1;protein_3787,,,,,,,,
GCF_004358365.1;protein_4847,GCF_048568965.1;protein_2001,,GCF_053078305.1;protein_2028,GCF_048571455.1;protein_3786,,,,,,,,
GCF_004358365.1;protein_4848,GCF_048568965.1;protein_2002,GCF_000005845.2;protein_2066,GCF_053078305.1;protein_2029,GCF_048571455.1;protein_3785,,,,,,,,
GCF_004358365.1;protein_4849,GCF_048568965.1;protein_2003,GCF_000005845.2;protein_2065,GCF_053078305.1;protein_2030,GCF_048571455.1;protein_3784,,,,,,,,
GCF_004358365.1;protein_485,GCF_048568965.1;protein_3834,GCF_000005845.2;protein_1145,GCF_053078305.1;protein_3286,GCF_048571455.1;protein_2490,,,,,,,,
GCF_004358365.1;protein_4850,GCF_048568965.1;protein_2004,GCF_000005845.2;protein_2064,GCF_053078305.1;protein_2031,GCF_048571455.1;protein_3783,,,,,,,,
GCF_004358365.1;protein_4851,GCF_048568965.1;protein_2005,GCF_000005845.2;protein_2063,GCF_053078305.1;protein_2032,GCF_048571455.1;protein_3782,,,,,,,,
GCF_004358365.1;protein_4852,GCF_048568965.1;protein_2006,GCF_000005845.2;protein_2062,GCF_053078305.1;protein_2033,GCF_048571455.1;protein_3781,,,,,,,,
GCF_004358365.1;protein_4853,GCF_048568965.1;protein_2007,GCF_000005845.2;protein_2061,GCF_053078305.1;protein_2034,GCF_048571455.1;protein_3780,,,,,,,,
GCF_004358365.1;protein_4854,GCF_048568965.1;protein_2008,GCF_000005845.2;protein_2060,GCF_053078305.1;protein_2035,GCF_048571455.1;protein_3779,,,,,,,,
GCF_004358365.1;protein_4855,GCF_048568965.1;protein_2009,,GCF_053078305.1;protein_2036,GCF_048571455.1;protein_3778,,,,,,,,
GCF_004358365.1;protein_4857,GCF_048568965.1;protein_2011,GCF_000005845.2;protein_2058,GCF_053078305.1;protein_2038,GCF_048571455.1;protein_3776,,,,,,,,
GCF_004358365.1;protein_4858,GCF_048568965.1;protein_2012,GCF_000005845.2;protein_2057,GCF_053078305.1;protein_2039,GCF_048571455.1;protein_3775,,,,,,,,
GCF_004358365.1;protein_4859,GCF_048568965.1;protein_2013,GCF_000005845.2;protein_2056,GCF_053078305.1;protein_2040,GCF_048571455.1;protein_3774,,,,,,,,
GCF_004358365.1;protein_486,GCF_048568965.1;protein_3835,GCF_000005845.2;protein_1144,GCF_053078305.1;protein_3287,GCF_048571455.1;protein_2489,,,,,,,,
GCF_004358365.1;protein_4860,GCF_048568965.1;protein_2014,GCF_000005845.2;protein_2054,GCF_053078305.1;protein_2041,GCF_048571455.1;protein_3773,,,,,,,,
GCF_004358365.1;protein_4861,GCF_048568965.1;protein_2015,GCF_000005845.2;protein_2053,GCF_053078305.1;protein_2042,GCF_048571455.1;protein_3772,,,,,,,,
GCF_004358365.1;protein_4862,GCF_048568965.1;protein_2016,GCF_000005845.2;protein_2052,GCF_053078305.1;protein_2043,GCF_048571455.1;protein_3771,,,,,,,,
GCF_004358365.1;protein_4863,GCF_048568965.1;protein_2017,GCF_000005845.2;protein_2051,GCF_053078305.1;protein_2044,GCF_048571455.1;protein_3770,,,,,,,,
GCF_004358365.1;protein_4864,GCF_048568965.1;protein_2018,GCF_000005845.2;protein_2050,GCF_053078305.1;protein_2045,GCF_048571455.1;protein_3769,,,,,,,,
GCF_004358365.1;protein_4865,GCF_048568965.1;protein_2019,GCF_000005845.2;protein_2049,GCF_053078305.1;protein_2046,GCF_048571455.1;protein_3768,,,,,,,,
GCF_004358365.1;protein_4866,GCF_048568965.1;protein_2020,GCF_000005845.2;protein_2048,GCF_053078305.1;protein_2047,GCF_048571455.1;protein_3767,,,,,,,,
GCF_004358365.1;protein_4867,GCF_048568965.1;protein_2021,GCF_000005845.2;protein_2047,,GCF_048571455.1;protein_3766,,,,,,,,
GCF_004358365.1;protein_4868,GCF_048568965.1;protein_2022,GCF_000005845.2;protein_2046,GCF_053078305.1;protein_2318,GCF_048571455.1;protein_3765,,,,,,,,
GCF_004358365.1;protein_4869,GCF_048568965.1;protein_2023,GCF_000005845.2;protein_2045,GCF_053078305.1;protein_2317,GCF_048571455.1;protein_3764,,,,,,,,
GCF_004358365.1;protein_487,GCF_048568965.1;protein_3836,,GCF_053078305.1;protein_3288,GCF_048571455.1;protein_2488,,,,,,,,
GCF_004358365.1;protein_4870,GCF_048568965.1;protein_2024,GCF_000005845.2;protein_2044,GCF_053078305.1;protein_2316,GCF_048571455.1;protein_3763,,,,,,,,
GCF_004358365.1;protein_4871,GCF_048568965.1;protein_2025,GCF_000005845.2;protein_2043,GCF_053078305.1;protein_2315,GCF_048571455.1;protein_3762,,,,,,,,
GCF_004358365.1;protein_4872,GCF_048568965.1;protein_2026,GCF_000005845.2;protein_2042,GCF_053078305.1;protein_2314,GCF_048571455.1;protein_3761,,,,,,,,
GCF_004358365.1;protein_4873,GCF_048568965.1;protein_2027,GCF_000005845.2;protein_2041,GCF_053078305.1;protein_2313,GCF_048571455.1;protein_3760,,,,,,,,
GCF_004358365.1;protein_4874,GCF_048568965.1;protein_2028,GCF_000005845.2;protein_2040,GCF_053078305.1;protein_2312,GCF_048571455.1;protein_3759,,,,,,,,
GCF_004358365.1;protein_4875,GCF_048568965.1;protein_2029,GCF_000005845.2;protein_2039,GCF_053078305.1;protein_2311,GCF_048571455.1;protein_3758,,,,,,,,
GCF_004358365.1;protein_4876,GCF_048568965.1;protein_2030,GCF_000005845.2;protein_2038,GCF_053078305.1;protein_2310,GCF_048571455.1;protein_3757,,,,,,,,
GCF_004358365.1;protein_4877,GCF_048568965.1;protein_2031,GCF_000005845.2;protein_2037,GCF_053078305.1;protein_2309,GCF_048571455.1;protein_3756,,,,,,,,
GCF_004358365.1;protein_4878,GCF_048568965.1;protein_2032,GCF_000005845.2;protein_2036,GCF_053078305.1;protein_2308,GCF_048571455.1;protein_3755,,,,,,,,
GCF_004358365.1;protein_4879,GCF_048568965.1;protein_2033,GCF_000005845.2;protein_2035,GCF_053078305.1;protein_2307,GCF_048571455.1;protein_3754,,,,,,,,
GCF_004358365.1;protein_488,GCF_048568965.1;protein_3837,,,GCF_048571455.1;protein_2487,,,,,,,,
GCF_004358365.1;protein_4880,GCF_048568965.1;protein_2034,GCF_000005845.2;protein_2034,GCF_053078305.1;protein_2306,GCF_048571455.1;protein_3753,,,,,,,,
GCF_004358365.1;protein_4881,GCF_048568965.1;protein_2035,GCF_000005845.2;protein_2033,GCF_053078305.1;protein_2305,GCF_048571455.1;protein_3752,,,,,,,,
GCF_004358365.1;protein_4882,GCF_000005845.2;protein_2032,GCF_053078305.1;protein_2304,,GCF_053078305.1;protein_2285,GCF_048571455.1;protein_3751,GCF_048568965.1;protein_2036,,,,,,
GCF_004358365.1;protein_4883,GCF_048568965.1;protein_2037,GCF_000005845.2;protein_2031,GCF_053078305.1;protein_2303,GCF_048571455.1;protein_3750,,,,,,,,
GCF_004358365.1;protein_4884,GCF_048568965.1;protein_2038,GCF_000005845.2;protein_2030,GCF_053078305.1;protein_2302,GCF_048571455.1;protein_3749,,,,,,,,
GCF_004358365.1;protein_4885,GCF_048568965.1;protein_2039,GCF_000005845.2;protein_2029,GCF_053078305.1;protein_2301,GCF_048571455.1;protein_3748,,,,,,,,
GCF_004358365.1;protein_4886,GCF_048568965.1;protein_2040,GCF_000005845.2;protein_2028,GCF_053078305.1;protein_2300,GCF_048571455.1;protein_3747,,,,,,,,
GCF_004358365.1;protein_4887,GCF_048568965.1;protein_2041,GCF_000005845.2;protein_2027,GCF_053078305.1;protein_2299,GCF_048571455.1;protein_3746,,,,,,,,
GCF_004358365.1;protein_4888,GCF_048568965.1;protein_2042,GCF_000005845.2;protein_2026,GCF_053078305.1;protein_2297,GCF_048571455.1;protein_3745,,,,,,,,
GCF_004358365.1;protein_4889,GCF_048568965.1;protein_2043,GCF_000005845.2;protein_2025,,GCF_048571455.1;protein_3744,,,,,,,,
GCF_004358365.1;protein_489,GCF_048568965.1;protein_3838,GCF_000005845.2;protein_1143,GCF_053078305.1;protein_3289,GCF_048571455.1;protein_2486,,,,,,,,
GCF_004358365.1;protein_4890,GCF_048568965.1;protein_2044,GCF_000005845.2;protein_2024,,GCF_048571455.1;protein_3743,,,,,,,,
GCF_004358365.1;protein_4891,GCF_048568965.1;protein_2045,GCF_000005845.2;protein_2023,,GCF_048571455.1;protein_3742,,,,,,,,
GCF_004358365.1;protein_4892,GCF_048568965.1;protein_2046,,,GCF_048571455.1;protein_3741,,,,,,,,
GCF_004358365.1;protein_4893,GCF_048568965.1;protein_2047,,,GCF_048571455.1;protein_3740,,,,,,,,
GCF_004358365.1;protein_4894,GCF_048568965.1;protein_2048,,,GCF_048571455.1;protein_3739,,,,,,,,
GCF_004358365.1;protein_4895,GCF_048568965.1;protein_2049,,,GCF_048571455.1;protein_3738,,,,,,,,
GCF_004358365.1;protein_4896,GCF_048568965.1;protein_2050,,,GCF_048571455.1;protein_3737,,,,,,,,
GCF_004358365.1;protein_4897,GCF_048568965.1;protein_2051,,,GCF_048571455.1;protein_3736,,,,,,,,
GCF_004358365.1;protein_4898,GCF_048568965.1;protein_2052,,,GCF_048571455.1;protein_3735,,,,,,,,
GCF_004358365.1;protein_4899,GCF_048568965.1;protein_2053,,,GCF_048571455.1;protein_3734,,,,,,,,
GCF_004358365.1;protein_49,GCF_048568965.1;protein_2995,GCF_000005845.2;protein_1489,GCF_053078305.1;protein_2912,GCF_048571455.1;protein_2910,,,,,,,,
GCF_004358365.1;protein_490,GCF_048568965.1;protein_3839,GCF_000005845.2;protein_1142,GCF_053078305.1;protein_3290,GCF_048571455.1;protein_2485,,,,,,,,
GCF_004358365.1;protein_4900,GCF_048568965.1;protein_2054,,,GCF_048571455.1;protein_3733,,,,,,,,
GCF_004358365.1;protein_4901,GCF_048568965.1;protein_2055,GCF_000005845.2;protein_2013,GCF_053078305.1;protein_2284,GCF_048571455.1;protein_3732,,,,,,,,
GCF_004358365.1;protein_4902,GCF_048568965.1;protein_2056,GCF_000005845.2;protein_2012,GCF_053078305.1;protein_2283,GCF_048571455.1;protein_3731,,,,,,,,
GCF_004358365.1;protein_4903,GCF_048568965.1;protein_2057,GCF_000005845.2;protein_2011,GCF_053078305.1;protein_2282,GCF_048571455.1;protein_3730,,,,,,,,
GCF_004358365.1;protein_4904,GCF_048568965.1;protein_2058,GCF_000005845.2;protein_2010,GCF_053078305.1;protein_2281,GCF_048571455.1;protein_3729,,,,,,,,
GCF_004358365.1;protein_4905,GCF_048568965.1;protein_2059,GCF_000005845.2;protein_2009,GCF_053078305.1;protein_2280,GCF_048571455.1;protein_3728,,,,,,,,
GCF_004358365.1;protein_4906,GCF_048568965.1;protein_2060,GCF_000005845.2;protein_2008,GCF_053078305.1;protein_2279,GCF_048571455.1;protein_3727,,,,,,,,
GCF_004358365.1;protein_4907,GCF_048568965.1;protein_2061,GCF_000005845.2;protein_2007,GCF_053078305.1;protein_2278,GCF_048571455.1;protein_3726,,,,,,,,
GCF_004358365.1;protein_4908,GCF_048568965.1;protein_2062,GCF_000005845.2;protein_2006,GCF_053078305.1;protein_2277,GCF_048571455.1;protein_3725,,,,,,,,
GCF_004358365.1;protein_4909,GCF_048568965.1;protein_2063,GCF_000005845.2;protein_2005,GCF_053078305.1;protein_2276,GCF_048571455.1;protein_3724,,,,,,,,
GCF_004358365.1;protein_491,GCF_048568965.1;protein_3840,GCF_000005845.2;protein_1141,GCF_053078305.1;protein_3291,GCF_048571455.1;protein_2484,,,,,,,,
GCF_004358365.1;protein_4910,GCF_048568965.1;protein_2064,GCF_000005845.2;protein_2004,GCF_053078305.1;protein_2275,GCF_048571455.1;protein_3723,,,,,,,,
GCF_004358365.1;protein_4911,GCF_048568965.1;protein_2065,GCF_000005845.2;protein_2003,GCF_053078305.1;protein_2274,GCF_048571455.1;protein_3722,,,,,,,,
GCF_004358365.1;protein_4912,GCF_048568965.1;protein_2066,,,GCF_048571455.1;protein_3721,,,,,,,,
GCF_004358365.1;protein_4913,GCF_048568965.1;protein_2067,GCF_000005845.2;protein_2001,,GCF_048571455.1;protein_3720,,,,,,,,
GCF_004358365.1;protein_4914,GCF_048568965.1;protein_2068,GCF_000005845.2;protein_2000,,GCF_048571455.1;protein_3719,,,,,,,,
GCF_004358365.1;protein_4915,GCF_048568965.1;protein_2069,GCF_000005845.2;protein_1999,GCF_053078305.1;protein_2272,GCF_048571455.1;protein_3718,,,,,,,,
GCF_004358365.1;protein_4916,GCF_048568965.1;protein_2070,GCF_000005845.2;protein_1998,GCF_053078305.1;protein_2271,GCF_048571455.1;protein_3717,,,,,,,,
GCF_004358365.1;protein_4917,GCF_048568965.1;protein_2071,GCF_000005845.2;protein_1997,GCF_053078305.1;protein_2270,GCF_048571455.1;protein_3716,,,,,,,,
GCF_004358365.1;protein_4918,GCF_048568965.1;protein_2072,GCF_000005845.2;protein_1996,GCF_053078305.1;protein_2269,GCF_048571455.1;protein_3715,,,,,,,,
GCF_004358365.1;protein_4919,GCF_048568965.1;protein_2073,GCF_000005845.2;protein_1995,GCF_053078305.1;protein_2268,GCF_048571455.1;protein_3714,,,,,,,,
GCF_004358365.1;protein_492,GCF_048568965.1;protein_3841,GCF_000005845.2;protein_1140,GCF_053078305.1;protein_3292,GCF_048571455.1;protein_2483,,,,,,,,
GCF_004358365.1;protein_4920,GCF_048568965.1;protein_2074,GCF_000005845.2;protein_1994,GCF_053078305.1;protein_2267,GCF_048571455.1;protein_3713,,,,,,,,
GCF_004358365.1;protein_4921,GCF_048568965.1;protein_2075,GCF_000005845.2;protein_1993,GCF_053078305.1;protein_2266,GCF_048571455.1;protein_3712,,,,,,,,
GCF_004358365.1;protein_4922,GCF_048568965.1;protein_2076,GCF_000005845.2;protein_1992,GCF_053078305.1;protein_2265,GCF_048571455.1;protein_3711,,,,,,,,
GCF_004358365.1;protein_4923,GCF_048568965.1;protein_2077,GCF_000005845.2;protein_1991,GCF_053078305.1;protein_2264,GCF_048571455.1;protein_3710,,,,,,,,
GCF_004358365.1;protein_4925,GCF_048568965.1;protein_2078,GCF_000005845.2;protein_1990,GCF_053078305.1;protein_2263,GCF_048571455.1;protein_3709,,,,,,,,
GCF_004358365.1;protein_4926,GCF_048568965.1;protein_2079,GCF_000005845.2;protein_1988,GCF_053078305.1;protein_2262,GCF_048571455.1;protein_3708,,,,,,,,
GCF_004358365.1;protein_4927,GCF_048568965.1;protein_2080,,,GCF_048571455.1;protein_3707,,,,,,,,
GCF_004358365.1;protein_4928,,,,GCF_048571455.1;protein_3706,,,,,,,,
GCF_004358365.1;protein_4929,GCF_048568965.1;protein_2082,,,GCF_048571455.1;protein_3705,,,,,,,,
GCF_004358365.1;protein_493,GCF_048568965.1;protein_3842,GCF_000005845.2;protein_1139,GCF_053078305.1;protein_3293,GCF_048571455.1;protein_2482,,,,,,,,
GCF_004358365.1;protein_4930,GCF_048568965.1;protein_2083,,,GCF_048571455.1;protein_3704,,,,,,,,
GCF_004358365.1;protein_4938,GCF_048568965.1;protein_2091,,,GCF_048571455.1;protein_3696,,,,,,,,
GCF_004358365.1;protein_494,GCF_048568965.1;protein_3843,GCF_000005845.2;protein_1138,GCF_053078305.1;protein_3294,GCF_048571455.1;protein_2481,,,,,,,,
GCF_004358365.1;protein_4942,GCF_048568965.1;protein_2095,,,GCF_048571455.1;protein_3692,,,,,,,,
GCF_048571455.1;protein_3690,GCF_053078305.1;protein_4919,GCF_048571455.1;protein_665,GCF_048568965.1;protein_5195,GCF_053078305.1;protein_5290,GCF_053078305.1;protein_4370,,GCF_004358365.1;protein_4944,GCF_053078305.1;protein_807,GCF_000005845.2;protein_1980,GCF_048568965.1;protein_2099,,
GCF_004358365.1;protein_4946,GCF_048568965.1;protein_2101,,,GCF_048571455.1;protein_3688,,,,,,,,
GCF_004358365.1;protein_495,GCF_048568965.1;protein_3844,GCF_000005845.2;protein_1137,GCF_053078305.1;protein_3295,GCF_048571455.1;protein_2480,,,,,,,,
GCF_004358365.1;protein_4950,GCF_048568965.1;protein_2105,,,GCF_048571455.1;protein_3684,,,,,,,,
GCF_004358365.1;protein_4951,GCF_048568965.1;protein_2106,,GCF_053078305.1;protein_5287,GCF_048571455.1;protein_3683,,,,,,,,
GCF_048568965.1;protein_5203,GCF_048568965.1;protein_2107,GCF_004358365.1;protein_4952,GCF_053078305.1;protein_811,GCF_048571455.1;protein_3682,GCF_053078305.1;protein_4913,GCF_048571455.1;protein_580,,GCF_053078305.1;protein_5286,,,,
GCF_004358365.1;protein_4953,GCF_048571455.1;protein_3681,GCF_048568965.1;protein_2108,,GCF_053078305.1;protein_5285,,,,,,,,
GCF_004358365.1;protein_4956,GCF_048568965.1;protein_2111,,,GCF_048571455.1;protein_3678,,,,,,,,
GCF_004358365.1;protein_4959,GCF_048568965.1;protein_2114,,,GCF_048571455.1;protein_3675,,,,,,,,
GCF_004358365.1;protein_496,GCF_048568965.1;protein_3845,GCF_000005845.2;protein_1136,GCF_053078305.1;protein_3296,GCF_048571455.1;protein_2479,,,,,,,,
GCF_004358365.1;protein_4960,GCF_048568965.1;protein_2115,,,GCF_048571455.1;protein_3674,,,,,,,,
GCF_004358365.1;protein_4962,GCF_048568965.1;protein_2117,,,GCF_048571455.1;protein_3671,,,,,,,,
GCF_004358365.1;protein_4963,GCF_048568965.1;protein_2118,,,GCF_048571455.1;protein_3670,,,,,,,,
GCF_004358365.1;protein_4964,GCF_048568965.1;protein_2119,GCF_000005845.2;protein_1975,GCF_053078305.1;protein_2260,GCF_048571455.1;protein_3669,,,,,,,,
GCF_004358365.1;protein_4965,GCF_048568965.1;protein_2120,GCF_000005845.2;protein_1974,GCF_053078305.1;protein_2259,GCF_048571455.1;protein_3668,,,,,,,,
GCF_004358365.1;protein_4966,GCF_048568965.1;protein_2121,GCF_000005845.2;protein_1973,GCF_053078305.1;protein_2258,GCF_048571455.1;protein_3667,,,,,,,,
GCF_004358365.1;protein_4967,GCF_048568965.1;protein_2122,GCF_000005845.2;protein_1972,GCF_053078305.1;protein_2257,GCF_048571455.1;protein_3666,,,,,,,,
GCF_004358365.1;protein_4968,GCF_048568965.1;protein_2123,GCF_000005845.2;protein_1971,GCF_053078305.1;protein_2256,GCF_048571455.1;protein_3665,,,,,,,,
GCF_004358365.1;protein_4969,GCF_048568965.1;protein_2124,GCF_000005845.2;protein_1970,GCF_053078305.1;protein_2255,GCF_048571455.1;protein_3664,,,,,,,,
GCF_004358365.1;protein_497,GCF_048568965.1;protein_3846,GCF_000005845.2;protein_1135,GCF_053078305.1;protein_3297,GCF_048571455.1;protein_2478,,,,,,,,
GCF_004358365.1;protein_4970,GCF_048568965.1;protein_2125,GCF_000005845.2;protein_1969,GCF_053078305.1;protein_2254,GCF_048571455.1;protein_3663,,,,,,,,
GCF_004358365.1;protein_4971,GCF_048568965.1;protein_2126,GCF_000005845.2;protein_1968,GCF_053078305.1;protein_2253,GCF_048571455.1;protein_3662,,,,,,,,
GCF_004358365.1;protein_4972,GCF_048568965.1;protein_2127,GCF_000005845.2;protein_1967,GCF_053078305.1;protein_2252,GCF_048571455.1;protein_3661,,,,,,,,
GCF_004358365.1;protein_4973,GCF_048568965.1;protein_2128,GCF_000005845.2;protein_1966,GCF_053078305.1;protein_2251,GCF_048571455.1;protein_3660,,,,,,,,
GCF_004358365.1;protein_4974,GCF_048568965.1;protein_2129,,GCF_053078305.1;protein_2250,GCF_048571455.1;protein_3659,,,,,,,,
GCF_004358365.1;protein_4975,GCF_048568965.1;protein_2130,,,GCF_048571455.1;protein_3658,,,,,,,,
GCF_004358365.1;protein_4976,GCF_048568965.1;protein_2131,,,GCF_048571455.1;protein_3657,,,,,,,,
GCF_004358365.1;protein_4977,GCF_048568965.1;protein_2132,,,GCF_048571455.1;protein_3656,,,,,,,,
GCF_004358365.1;protein_4978,GCF_048568965.1;protein_2133,,,GCF_048571455.1;protein_3655,,,,,,,,
GCF_004358365.1;protein_4979,GCF_048568965.1;protein_2134,,,GCF_048571455.1;protein_3654,,,,,,,,
GCF_004358365.1;protein_498,GCF_048568965.1;protein_3847,,GCF_053078305.1;protein_3298,GCF_048571455.1;protein_2477,,,,,,,,
GCF_004358365.1;protein_4980,GCF_048568965.1;protein_2135,,,GCF_048571455.1;protein_3653,,,,,,,,
GCF_004358365.1;protein_4981,,,,GCF_048571455.1;protein_3652,,,,,,,,
GCF_004358365.1;protein_4982,GCF_048568965.1;protein_2196,,,GCF_048571455.1;protein_3651,,,,,,,,
GCF_004358365.1;protein_4983,GCF_048568965.1;protein_2197,,,GCF_048571455.1;protein_3650,,,,,,,,
GCF_004358365.1;protein_4984,GCF_048568965.1;protein_2198,,,GCF_048571455.1;protein_3649,,,,,,,,
GCF_004358365.1;protein_4985,GCF_048568965.1;protein_2199,,,GCF_048571455.1;protein_3648,,,,,,,,
GCF_004358365.1;protein_4986,GCF_048568965.1;protein_2200,,,GCF_048571455.1;protein_3647,,,,,,,,
GCF_004358365.1;protein_4987,GCF_048568965.1;protein_2201,,,GCF_048571455.1;protein_3646,,,,,,,,
GCF_004358365.1;protein_4988,GCF_048568965.1;protein_2202,,,GCF_048571455.1;protein_3645,,,,,,,,
GCF_004358365.1;protein_4989,GCF_048568965.1;protein_2203,GCF_000005845.2;protein_1964,GCF_053078305.1;protein_2248,GCF_048571455.1;protein_3644,,,,,,,,
GCF_004358365.1;protein_499,GCF_048568965.1;protein_3848,GCF_000005845.2;protein_1133,GCF_053078305.1;protein_3299,GCF_048571455.1;protein_2476,,,,,,,,
GCF_004358365.1;protein_4990,GCF_048568965.1;protein_2204,GCF_000005845.2;protein_1962,GCF_053078305.1;protein_2174,GCF_048571455.1;protein_3643,,,,,,,,
GCF_004358365.1;protein_4991,GCF_048568965.1;protein_2205,GCF_000005845.2;protein_1961,GCF_053078305.1;protein_2173,GCF_048571455.1;protein_3642,,,,,,,,
GCF_004358365.1;protein_4992,GCF_048568965.1;protein_2206,GCF_000005845.2;protein_1960,GCF_053078305.1;protein_2172,GCF_048571455.1;protein_3641,,,,,,,,
GCF_004358365.1;protein_4993,GCF_048568965.1;protein_2207,GCF_000005845.2;protein_1959,GCF_053078305.1;protein_2171,GCF_048571455.1;protein_3640,,,,,,,,
GCF_004358365.1;protein_4994,GCF_048568965.1;protein_2208,GCF_000005845.2;protein_1958,GCF_053078305.1;protein_2170,GCF_048571455.1;protein_3639,,,,,,,,
GCF_004358365.1;protein_4995,GCF_048568965.1;protein_2209,GCF_000005845.2;protein_1957,GCF_053078305.1;protein_2169,GCF_048571455.1;protein_3638,,,,,,,,
GCF_004358365.1;protein_4996,GCF_048568965.1;protein_2210,GCF_000005845.2;protein_1956,GCF_053078305.1;protein_2168,GCF_048571455.1;protein_3637,,,,,,,,
GCF_004358365.1;protein_4998,GCF_048568965.1;protein_2212,,,GCF_048571455.1;protein_3635,,,,,,,,
GCF_004358365.1;protein_4999,GCF_048568965.1;protein_2213,GCF_000005845.2;protein_1953,GCF_053078305.1;protein_2164,GCF_048571455.1;protein_3634,,,,,,,,
GCF_004358365.1;protein_5,GCF_048568965.1;protein_3038,,,GCF_048571455.1;protein_2953,,,,,,,,
GCF_004358365.1;protein_500,GCF_048568965.1;protein_3849,GCF_000005845.2;protein_1132,GCF_053078305.1;protein_3300,GCF_048571455.1;protein_2475,,,,,,,,
GCF_004358365.1;protein_5000,GCF_048568965.1;protein_2214,GCF_000005845.2;protein_1952,GCF_053078305.1;protein_2163,GCF_048571455.1;protein_3633,,,,,,,,
GCF_004358365.1;protein_5001,GCF_048568965.1;protein_2215,GCF_000005845.2;protein_1951,GCF_053078305.1;protein_2162,GCF_048571455.1;protein_3632,,,,,,,,
GCF_004358365.1;protein_5002,GCF_048568965.1;protein_2216,GCF_000005845.2;protein_1950,GCF_053078305.1;protein_2161,GCF_048571455.1;protein_3631,,,,,,,,
GCF_004358365.1;protein_5003,GCF_048568965.1;protein_2217,GCF_000005845.2;protein_1949,GCF_053078305.1;protein_2160,GCF_048571455.1;protein_3630,,,,,,,,
GCF_004358365.1;protein_5004,GCF_048568965.1;protein_2218,GCF_000005845.2;protein_1948,GCF_053078305.1;protein_2159,GCF_048571455.1;protein_3629,,,,,,,,
GCF_004358365.1;protein_5005,GCF_048568965.1;protein_2219,GCF_000005845.2;protein_1947,GCF_053078305.1;protein_2158,GCF_048571455.1;protein_3628,,,,,,,,
GCF_004358365.1;protein_5006,GCF_048568965.1;protein_2220,GCF_000005845.2;protein_1946,GCF_053078305.1;protein_2157,GCF_048571455.1;protein_3627,,,,,,,,
GCF_004358365.1;protein_5007,GCF_048568965.1;protein_2221,GCF_000005845.2;protein_1945,GCF_053078305.1;protein_2156,GCF_048571455.1;protein_3626,,,,,,,,
GCF_004358365.1;protein_5008,GCF_048568965.1;protein_2222,GCF_000005845.2;protein_1944,GCF_053078305.1;protein_2155,GCF_048571455.1;protein_3625,,,,,,,,
GCF_004358365.1;protein_5009,GCF_048568965.1;protein_2223,GCF_000005845.2;protein_1943,GCF_053078305.1;protein_2154,GCF_048571455.1;protein_3624,,,,,,,,
GCF_004358365.1;protein_501,GCF_048568965.1;protein_3850,GCF_000005845.2;protein_1110,GCF_053078305.1;protein_3301,GCF_048571455.1;protein_2474,,,,,,,,
GCF_004358365.1;protein_5010,GCF_048568965.1;protein_2224,GCF_000005845.2;protein_1942,GCF_053078305.1;protein_2153,GCF_048571455.1;protein_3623,,,,,,,,
GCF_004358365.1;protein_5011,GCF_048568965.1;protein_2225,GCF_000005845.2;protein_1941,GCF_053078305.1;protein_2152,GCF_048571455.1;protein_3622,,,,,,,,
GCF_004358365.1;protein_5012,GCF_048568965.1;protein_2226,GCF_000005845.2;protein_1940,GCF_053078305.1;protein_2151,GCF_048571455.1;protein_3621,,,,,,,,
GCF_004358365.1;protein_5013,GCF_048568965.1;protein_2227,GCF_000005845.2;protein_1939,GCF_053078305.1;protein_2150,GCF_048571455.1;protein_3620,,,,,,,,
GCF_004358365.1;protein_5014,GCF_048568965.1;protein_2228,GCF_000005845.2;protein_1938,GCF_053078305.1;protein_2149,GCF_048571455.1;protein_3619,,,,,,,,
GCF_004358365.1;protein_5015,GCF_048568965.1;protein_2229,GCF_000005845.2;protein_1937,GCF_053078305.1;protein_2148,GCF_048571455.1;protein_3618,,,,,,,,
GCF_004358365.1;protein_5016,GCF_048568965.1;protein_2230,GCF_000005845.2;protein_1936,GCF_053078305.1;protein_2147,GCF_048571455.1;protein_3617,,,,,,,,
GCF_004358365.1;protein_5017,GCF_048568965.1;protein_2231,GCF_000005845.2;protein_1935,GCF_053078305.1;protein_2146,GCF_048571455.1;protein_3616,,,,,,,,
GCF_004358365.1;protein_5018,GCF_048568965.1;protein_2232,GCF_000005845.2;protein_1934,GCF_053078305.1;protein_2145,GCF_048571455.1;protein_3615,,,,,,,,
GCF_004358365.1;protein_5019,GCF_048568965.1;protein_2233,GCF_000005845.2;protein_1933,GCF_053078305.1;protein_2144,GCF_048571455.1;protein_3614,,,,,,,,
GCF_004358365.1;protein_502,GCF_048568965.1;protein_3851,GCF_000005845.2;protein_1109,GCF_053078305.1;protein_3302,GCF_048571455.1;protein_2473,,,,,,,,
GCF_004358365.1;protein_5020,GCF_048568965.1;protein_2234,GCF_000005845.2;protein_1932,GCF_053078305.1;protein_2143,GCF_048571455.1;protein_3613,,,,,,,,
GCF_004358365.1;protein_5021,GCF_048568965.1;protein_2235,GCF_000005845.2;protein_1931,GCF_053078305.1;protein_2142,GCF_048571455.1;protein_3612,,,,,,,,
GCF_004358365.1;protein_5022,GCF_048568965.1;protein_2236,GCF_000005845.2;protein_1930,GCF_053078305.1;protein_2141,GCF_048571455.1;protein_3611,,,,,,,,
GCF_004358365.1;protein_5023,GCF_048568965.1;protein_2238,GCF_000005845.2;protein_1928,GCF_053078305.1;protein_2139,GCF_048571455.1;protein_3609,,,,,,,,
GCF_004358365.1;protein_5024,GCF_048568965.1;protein_2239,GCF_000005845.2;protein_1927,GCF_053078305.1;protein_2138,GCF_048571455.1;protein_3608,,,,,,,,
GCF_004358365.1;protein_5025,GCF_048568965.1;protein_2240,GCF_000005845.2;protein_1926,GCF_053078305.1;protein_2137,GCF_048571455.1;protein_3607,,,,,,,,
GCF_004358365.1;protein_5026,GCF_048568965.1;protein_2241,GCF_000005845.2;protein_1925,GCF_053078305.1;protein_2136,GCF_048571455.1;protein_3606,,,,,,,,
GCF_004358365.1;protein_5027,GCF_048568965.1;protein_2242,GCF_000005845.2;protein_1924,GCF_053078305.1;protein_2135,GCF_048571455.1;protein_3605,,,,,,,,
GCF_004358365.1;protein_5028,GCF_048568965.1;protein_2243,GCF_000005845.2;protein_1923,GCF_053078305.1;protein_2134,GCF_048571455.1;protein_3604,,,,,,,,
GCF_004358365.1;protein_5029,GCF_048568965.1;protein_2244,GCF_000005845.2;protein_1922,GCF_053078305.1;protein_2133,GCF_048571455.1;protein_3603,,,,,,,,
GCF_004358365.1;protein_503,GCF_048568965.1;protein_3852,GCF_000005845.2;protein_1108,GCF_053078305.1;protein_3303,GCF_048571455.1;protein_2472,,,,,,,,
GCF_004358365.1;protein_5030,GCF_048568965.1;protein_2245,,,GCF_048571455.1;protein_3602,,,,,,,,
GCF_004358365.1;protein_5031,GCF_048568965.1;protein_2246,,,GCF_048571455.1;protein_3601,,,,,,,,
GCF_004358365.1;protein_5032,GCF_048568965.1;protein_2247,GCF_000005845.2;protein_1919,GCF_053078305.1;protein_2130,GCF_048571455.1;protein_3600,,,,,,,,
GCF_004358365.1;protein_5033,GCF_048568965.1;protein_2248,GCF_000005845.2;protein_1918,GCF_053078305.1;protein_2129,GCF_048571455.1;protein_3599,,,,,,,,
GCF_004358365.1;protein_5034,GCF_048568965.1;protein_2249,GCF_000005845.2;protein_1917,GCF_053078305.1;protein_2128,GCF_048571455.1;protein_3598,,,,,,,,
GCF_004358365.1;protein_5035,GCF_048568965.1;protein_2250,GCF_000005845.2;protein_1916,GCF_053078305.1;protein_2127,GCF_048571455.1;protein_3597,,,,,,,,
GCF_004358365.1;protein_5036,GCF_048568965.1;protein_2251,GCF_000005845.2;protein_1915,GCF_053078305.1;protein_2126,GCF_048571455.1;protein_3596,,,,,,,,
GCF_004358365.1;protein_5037,GCF_048568965.1;protein_2252,GCF_000005845.2;protein_1914,GCF_053078305.1;protein_2125,GCF_048571455.1;protein_3595,,,,,,,,
GCF_004358365.1;protein_5038,GCF_048568965.1;protein_2253,GCF_000005845.2;protein_1913,GCF_053078305.1;protein_2124,GCF_048571455.1;protein_3594,,,,,,,,
GCF_004358365.1;protein_5039,GCF_048568965.1;protein_2254,GCF_000005845.2;protein_1912,GCF_053078305.1;protein_2123,GCF_048571455.1;protein_3593,,,,,,,,
GCF_004358365.1;protein_504,GCF_048568965.1;protein_3853,GCF_000005845.2;protein_1107,GCF_053078305.1;protein_3304,GCF_048571455.1;protein_2471,,,,,,,,
GCF_004358365.1;protein_5040,GCF_048568965.1;protein_2255,GCF_000005845.2;protein_1911,GCF_053078305.1;protein_2122,GCF_048571455.1;protein_3592,,,,,,,,
GCF_004358365.1;protein_5041,GCF_048568965.1;protein_2256,,,GCF_048571455.1;protein_3591,,,,,,,,
GCF_004358365.1;protein_5042,GCF_048568965.1;protein_2257,GCF_000005845.2;protein_1910,GCF_053078305.1;protein_2120,GCF_048571455.1;protein_3590,,,,,,,,
GCF_004358365.1;protein_5043,GCF_048568965.1;protein_2258,GCF_000005845.2;protein_1909,GCF_053078305.1;protein_2119,GCF_048571455.1;protein_3589,,,,,,,,
GCF_004358365.1;protein_5044,GCF_048568965.1;protein_2259,GCF_000005845.2;protein_1908,GCF_053078305.1;protein_2118,GCF_048571455.1;protein_3588,,,,,,,,
GCF_004358365.1;protein_5046,GCF_048568965.1;protein_2533,GCF_048568965.1;protein_3577,GCF_053078305.1;protein_1881,,GCF_053078305.1;protein_3458,GCF_048571455.1;protein_3309,,,,,,
GCF_004358365.1;protein_5047,GCF_048568965.1;protein_2534,,,GCF_048571455.1;protein_3308,,,,,,,,
GCF_004358365.1;protein_505,GCF_048568965.1;protein_3854,GCF_000005845.2;protein_1106,GCF_053078305.1;protein_3305,GCF_048571455.1;protein_2470,,,,,,,,
GCF_004358365.1;protein_5052,GCF_048568965.1;protein_2541,,,GCF_048571455.1;protein_3301,,,,,,,,
GCF_004358365.1;protein_5053,GCF_048568965.1;protein_2542,,,GCF_048571455.1;protein_3300,,,,,,,,
GCF_004358365.1;protein_5054,GCF_048568965.1;protein_2543,,,GCF_048571455.1;protein_3299,,,,,,,,
GCF_004358365.1;protein_5055,GCF_048568965.1;protein_2544,,,GCF_048571455.1;protein_3298,,,,,,,,
GCF_004358365.1;protein_5056,GCF_048568965.1;protein_2545,,,GCF_048571455.1;protein_3297,,,,,,,,
GCF_004358365.1;protein_5057,GCF_048568965.1;protein_2546,,,GCF_048571455.1;protein_3296,,,,,,,,
GCF_004358365.1;protein_5058,GCF_048568965.1;protein_5928,GCF_048568965.1;protein_1351,,GCF_048571455.1;protein_5699,GCF_048571455.1;protein_3295,,,,,,,
GCF_004358365.1;protein_506,GCF_048568965.1;protein_3855,GCF_000005845.2;protein_1105,GCF_053078305.1;protein_3306,GCF_048571455.1;protein_2469,,,,,,,,
GCF_004358365.1;protein_5060,,,,GCF_048571455.1;protein_3293,,,,,,,,
GCF_004358365.1;protein_5061,,,,GCF_048571455.1;protein_3292,,,,,,,,
GCF_004358365.1;protein_5062,GCF_048568965.1;protein_2553,,,GCF_048571455.1;protein_3291,,,,,,,,
GCF_004358365.1;protein_5063,GCF_048568965.1;protein_2554,,,GCF_048571455.1;protein_3290,,,,,,,,
GCF_004358365.1;protein_5064,GCF_048568965.1;protein_2555,,,GCF_048571455.1;protein_3289,,,,,,,,
GCF_004358365.1;protein_5065,GCF_048568965.1;protein_2556,,,GCF_048571455.1;protein_3288,,,,,,,,
GCF_004358365.1;protein_5066,GCF_048568965.1;protein_2557,,,GCF_048571455.1;protein_3287,,,,,,,,
GCF_004358365.1;protein_5069,GCF_048568965.1;protein_2559,,,GCF_048571455.1;protein_3285,,,,,,,,
GCF_004358365.1;protein_507,GCF_048568965.1;protein_3856,GCF_000005845.2;protein_1104,GCF_053078305.1;protein_3307,GCF_048571455.1;protein_2468,,,,,,,,
GCF_004358365.1;protein_5070,GCF_048568965.1;protein_2560,,,GCF_048571455.1;protein_3284,,,,,,,,
GCF_004358365.1;protein_5071,GCF_048568965.1;protein_2561,,,GCF_048571455.1;protein_3283,,,,,,,,
GCF_004358365.1;protein_5072,GCF_048568965.1;protein_2562,,,GCF_048571455.1;protein_3282,,,,,,,,
GCF_004358365.1;protein_5073,GCF_048568965.1;protein_2563,,,GCF_048571455.1;protein_3281,,,,,,,,
GCF_004358365.1;protein_5074,GCF_048568965.1;protein_2564,,,GCF_048571455.1;protein_3280,,,,,,,,
GCF_004358365.1;protein_5075,GCF_048568965.1;protein_2565,,,GCF_048571455.1;protein_3279,,,,,,,,
GCF_004358365.1;protein_5076,GCF_048568965.1;protein_2566,,,GCF_048571455.1;protein_3278,,,,,,,,
GCF_004358365.1;protein_5077,GCF_048568965.1;protein_2567,,,GCF_048571455.1;protein_3277,,,,,,,,
GCF_004358365.1;protein_5078,GCF_048568965.1;protein_2568,,,GCF_048571455.1;protein_3276,,,,,,,,
GCF_004358365.1;protein_508,GCF_048568965.1;protein_3857,GCF_000005845.2;protein_1103,GCF_053078305.1;protein_3308,GCF_048571455.1;protein_2467,,,,,,,,
GCF_004358365.1;protein_5080,GCF_048568965.1;protein_2572,,,GCF_048571455.1;protein_3273,,,,,,,,
GCF_004358365.1;protein_5081,GCF_048568965.1;protein_2573,,,GCF_048571455.1;protein_3272,,,,,,,,
GCF_004358365.1;protein_5082,GCF_048568965.1;protein_2574,,,GCF_048571455.1;protein_3271,,,,,,,,
GCF_004358365.1;protein_5083,GCF_048568965.1;protein_2575,,,GCF_048571455.1;protein_3270,,,,,,,,
GCF_004358365.1;protein_5084,GCF_048568965.1;protein_2576,,,GCF_048571455.1;protein_3269,,,,,,,,
GCF_004358365.1;protein_5085,GCF_048568965.1;protein_2577,,,GCF_048571455.1;protein_3268,,,,,,,,
GCF_048568965.1;protein_2578,,GCF_048571455.1;protein_3267,GCF_004358365.1;protein_5086,,,,,,,,,
GCF_004358365.1;protein_5087,GCF_048568965.1;protein_2579,,,GCF_048571455.1;protein_3266,,,,,,,,
GCF_004358365.1;protein_5088,GCF_048568965.1;protein_2580,,,GCF_048571455.1;protein_3265,,,,,,,,
GCF_004358365.1;protein_5089,GCF_048568965.1;protein_2581,,,GCF_048571455.1;protein_3264,,,,,,,,
GCF_048571455.1;protein_3124,GCF_048568965.1;protein_2721,GCF_053078305.1;protein_1673,GCF_053078305.1;protein_2784,,GCF_048568965.1;protein_3858,GCF_004358365.1;protein_509,,,,,,
GCF_004358365.1;protein_5096,GCF_048568965.1;protein_2260,GCF_000005845.2;protein_1907,GCF_053078305.1;protein_2117,GCF_048571455.1;protein_3587,,,,,,,,
GCF_004358365.1;protein_5097,GCF_048568965.1;protein_2261,GCF_000005845.2;protein_1906,GCF_053078305.1;protein_2116,GCF_048571455.1;protein_3586,,,,,,,,
GCF_004358365.1;protein_5098,GCF_048568965.1;protein_2262,GCF_000005845.2;protein_1905,GCF_053078305.1;protein_2115,GCF_048571455.1;protein_3585,,,,,,,,
GCF_004358365.1;protein_5099,GCF_048568965.1;protein_2263,GCF_000005845.2;protein_1904,GCF_053078305.1;protein_2114,GCF_048571455.1;protein_3584,,,,,,,,
GCF_004358365.1;protein_51,GCF_048568965.1;protein_2993,GCF_000005845.2;protein_1488,GCF_053078305.1;protein_2913,GCF_048571455.1;protein_2908,,,,,,,,
GCF_053078305.1;protein_1672,GCF_048568965.1;protein_3859,,GCF_053078305.1;protein_2783,GCF_004358365.1;protein_510,,,,,,,,
GCF_004358365.1;protein_5100,GCF_048568965.1;protein_2264,GCF_000005845.2;protein_1903,GCF_053078305.1;protein_2113,GCF_048571455.1;protein_3583,,,,,,,,
GCF_004358365.1;protein_5101,GCF_048568965.1;protein_2265,GCF_000005845.2;protein_1902,GCF_053078305.1;protein_2112,GCF_048571455.1;protein_3582,,,,,,,,
GCF_004358365.1;protein_5102,GCF_048568965.1;protein_2266,GCF_000005845.2;protein_1901,GCF_053078305.1;protein_2111,GCF_048571455.1;protein_3581,,,,,,,,
GCF_004358365.1;protein_5103,GCF_048568965.1;protein_2267,GCF_000005845.2;protein_1900,,GCF_048571455.1;protein_3580,,,,,,,,
GCF_004358365.1;protein_5104,GCF_048568965.1;protein_2268,GCF_000005845.2;protein_1899,GCF_053078305.1;protein_2381,GCF_048571455.1;protein_3579,,,,,,,,
GCF_004358365.1;protein_5105,GCF_048568965.1;protein_2269,GCF_000005845.2;protein_1898,GCF_053078305.1;protein_2382,GCF_048571455.1;protein_3578,,,,,,,,
GCF_004358365.1;protein_5106,GCF_048568965.1;protein_2270,GCF_000005845.2;protein_1897,GCF_053078305.1;protein_2383,GCF_048571455.1;protein_3577,,,,,,,,
GCF_004358365.1;protein_5107,GCF_048568965.1;protein_2271,GCF_000005845.2;protein_1896,GCF_053078305.1;protein_2384,GCF_048571455.1;protein_3576,,,,,,,,
GCF_004358365.1;protein_5108,GCF_048568965.1;protein_2272,GCF_000005845.2;protein_1895,GCF_053078305.1;protein_2385,GCF_048571455.1;protein_3575,,,,,,,,
GCF_004358365.1;protein_5109,GCF_048568965.1;protein_2273,GCF_000005845.2;protein_1894,GCF_053078305.1;protein_2386,GCF_048571455.1;protein_3574,,,,,,,,
GCF_048568965.1;protein_3860,GCF_004358365.1;protein_511,GCF_053078305.1;protein_1671,,GCF_053078305.1;protein_2782,,,,,,,,
GCF_004358365.1;protein_5110,GCF_048568965.1;protein_2274,GCF_000005845.2;protein_1891,GCF_053078305.1;protein_2387,GCF_048571455.1;protein_3573,,,,,,,,
GCF_004358365.1;protein_5111,GCF_048568965.1;protein_2275,GCF_000005845.2;protein_1890,GCF_053078305.1;protein_2388,GCF_048571455.1;protein_3572,,,,,,,,
GCF_004358365.1;protein_5112,GCF_048568965.1;protein_2276,GCF_000005845.2;protein_1889,GCF_053078305.1;protein_2389,GCF_048571455.1;protein_3571,,,,,,,,
GCF_004358365.1;protein_5113,GCF_048568965.1;protein_2277,GCF_000005845.2;protein_1888,GCF_053078305.1;protein_2390,GCF_048571455.1;protein_3570,,,,,,,,
GCF_053078305.1;protein_2391,GCF_000005845.2;protein_1887,GCF_000005845.2;protein_1886,,GCF_048568965.1;protein_2278,GCF_048571455.1;protein_3569,GCF_004358365.1;protein_5114,,,,,,
GCF_004358365.1;protein_5115,GCF_048568965.1;protein_2279,GCF_000005845.2;protein_1885,GCF_053078305.1;protein_2392,GCF_048571455.1;protein_3568,,,,,,,,
GCF_004358365.1;protein_5116,GCF_048568965.1;protein_2280,GCF_000005845.2;protein_1884,GCF_053078305.1;protein_2393,GCF_048571455.1;protein_3567,,,,,,,,
GCF_004358365.1;protein_5117,GCF_048568965.1;protein_2281,GCF_000005845.2;protein_1883,GCF_053078305.1;protein_2394,GCF_048571455.1;protein_3566,,,,,,,,
GCF_004358365.1;protein_5118,GCF_048568965.1;protein_2282,GCF_000005845.2;protein_1882,GCF_053078305.1;protein_2395,GCF_048571455.1;protein_3565,,,,,,,,
GCF_004358365.1;protein_5119,GCF_048568965.1;protein_2283,GCF_000005845.2;protein_1881,GCF_053078305.1;protein_2396,GCF_048571455.1;protein_3564,,,,,,,,
GCF_048568965.1;protein_3861,,GCF_053078305.1;protein_2781,GCF_053078305.1;protein_1670,GCF_004358365.1;protein_512,,,,,,,,
GCF_004358365.1;protein_5120,GCF_048568965.1;protein_2284,GCF_000005845.2;protein_1880,GCF_053078305.1;protein_2397,GCF_048571455.1;protein_3563,,,,,,,,
GCF_004358365.1;protein_5121,GCF_048568965.1;protein_2285,GCF_000005845.2;protein_1879,GCF_053078305.1;protein_2398,GCF_048571455.1;protein_3562,,,,,,,,
GCF_004358365.1;protein_5122,GCF_048568965.1;protein_2286,GCF_000005845.2;protein_1878,GCF_053078305.1;protein_2399,GCF_048571455.1;protein_3561,,,,,,,,
GCF_004358365.1;protein_5123,GCF_048568965.1;protein_2287,GCF_000005845.2;protein_1877,GCF_053078305.1;protein_2400,GCF_048571455.1;protein_3560,,,,,,,,
GCF_004358365.1;protein_5124,GCF_048568965.1;protein_2288,GCF_000005845.2;protein_1876,GCF_053078305.1;protein_2401,GCF_048571455.1;protein_3559,,,,,,,,
GCF_004358365.1;protein_5125,GCF_048568965.1;protein_2289,GCF_000005845.2;protein_1875,GCF_053078305.1;protein_2402,GCF_048571455.1;protein_3558,,,,,,,,
GCF_004358365.1;protein_5126,GCF_048568965.1;protein_2290,GCF_000005845.2;protein_1874,GCF_053078305.1;protein_2403,GCF_048571455.1;protein_3557,,,,,,,,
GCF_004358365.1;protein_5127,GCF_048568965.1;protein_2291,GCF_000005845.2;protein_1873,GCF_053078305.1;protein_2404,GCF_048571455.1;protein_3556,,,,,,,,
GCF_004358365.1;protein_5128,GCF_048568965.1;protein_2292,GCF_000005845.2;protein_1872,GCF_053078305.1;protein_2405,GCF_048571455.1;protein_3555,,,,,,,,
GCF_004358365.1;protein_5129,GCF_048568965.1;protein_2293,GCF_000005845.2;protein_1871,GCF_053078305.1;protein_2406,GCF_048571455.1;protein_3554,,,,,,,,
GCF_048568965.1;protein_3862,GCF_004358365.1;protein_513,,GCF_053078305.1;protein_2780,GCF_053078305.1;protein_1669,,,,,,,,
GCF_004358365.1;protein_5130,GCF_048568965.1;protein_2294,GCF_000005845.2;protein_1870,GCF_053078305.1;protein_2407,GCF_048571455.1;protein_3553,,,,,,,,
GCF_004358365.1;protein_5131,GCF_048568965.1;protein_2295,GCF_000005845.2;protein_1869,GCF_053078305.1;protein_2408,GCF_048571455.1;protein_3552,,,,,,,,
GCF_004358365.1;protein_5132,GCF_048568965.1;protein_2296,GCF_000005845.2;protein_1868,GCF_053078305.1;protein_2409,GCF_048571455.1;protein_3551,,,,,,,,
GCF_004358365.1;protein_5133,GCF_048568965.1;protein_2297,GCF_000005845.2;protein_1867,GCF_053078305.1;protein_2410,GCF_048571455.1;protein_3550,,,,,,,,
GCF_004358365.1;protein_5134,GCF_048568965.1;protein_2298,GCF_000005845.2;protein_1866,GCF_053078305.1;protein_2411,GCF_048571455.1;protein_3549,,,,,,,,
GCF_004358365.1;protein_5135,GCF_048568965.1;protein_2299,GCF_000005845.2;protein_1865,GCF_053078305.1;protein_2412,GCF_048571455.1;protein_3548,,,,,,,,
GCF_004358365.1;protein_5136,GCF_048568965.1;protein_2300,GCF_000005845.2;protein_1864,GCF_053078305.1;protein_2413,GCF_048571455.1;protein_3547,,,,,,,,
GCF_004358365.1;protein_5137,GCF_048568965.1;protein_2301,GCF_000005845.2;protein_1863,GCF_053078305.1;protein_2414,GCF_048571455.1;protein_3546,,,,,,,,
GCF_004358365.1;protein_5138,GCF_048568965.1;protein_2302,GCF_000005845.2;protein_1862,GCF_053078305.1;protein_2415,GCF_048571455.1;protein_3545,,,,,,,,
GCF_004358365.1;protein_5139,GCF_048568965.1;protein_2303,GCF_000005845.2;protein_1861,GCF_053078305.1;protein_2416,GCF_048571455.1;protein_3544,,,,,,,,
GCF_004358365.1;protein_514,GCF_048568965.1;protein_3863,,,,,,,,,,,
GCF_004358365.1;protein_5140,GCF_048568965.1;protein_2304,GCF_000005845.2;protein_1860,GCF_053078305.1;protein_2417,GCF_048571455.1;protein_3543,,,,,,,,
GCF_004358365.1;protein_5141,GCF_048568965.1;protein_2305,GCF_000005845.2;protein_1859,GCF_053078305.1;protein_2418,GCF_048571455.1;protein_3542,,,,,,,,
GCF_004358365.1;protein_5142,GCF_048568965.1;protein_2306,GCF_000005845.2;protein_1858,GCF_053078305.1;protein_2419,GCF_048571455.1;protein_3541,,,,,,,,
GCF_004358365.1;protein_5143,GCF_048568965.1;protein_2307,GCF_000005845.2;protein_1857,GCF_053078305.1;protein_2420,GCF_048571455.1;protein_3540,,,,,,,,
GCF_004358365.1;protein_5144,GCF_048568965.1;protein_2308,GCF_000005845.2;protein_1856,GCF_053078305.1;protein_2421,GCF_048571455.1;protein_3539,,,,,,,,
GCF_004358365.1;protein_5145,GCF_048568965.1;protein_2309,GCF_000005845.2;protein_1855,GCF_053078305.1;protein_2422,GCF_048571455.1;protein_3538,,,,,,,,
GCF_004358365.1;protein_5146,GCF_048568965.1;protein_2310,GCF_000005845.2;protein_1854,GCF_053078305.1;protein_2423,GCF_048571455.1;protein_3537,,,,,,,,
GCF_004358365.1;protein_5147,GCF_048568965.1;protein_2311,GCF_000005845.2;protein_1853,GCF_053078305.1;protein_2424,GCF_048571455.1;protein_3536,,,,,,,,
GCF_004358365.1;protein_5148,GCF_048568965.1;protein_2312,GCF_000005845.2;protein_1852,GCF_053078305.1;protein_2425,GCF_048571455.1;protein_3535,,,,,,,,
GCF_004358365.1;protein_5149,GCF_048568965.1;protein_2313,GCF_000005845.2;protein_1851,GCF_053078305.1;protein_2426,GCF_048571455.1;protein_3534,,,,,,,,
GCF_048571455.1;protein_3134,GCF_004358365.1;protein_515,GCF_048568965.1;protein_3864,GCF_048568965.1;protein_2711,,,,,,,,,
GCF_004358365.1;protein_5150,GCF_048568965.1;protein_2314,,,GCF_048571455.1;protein_3533,,,,,,,,
GCF_004358365.1;protein_5151,GCF_048568965.1;protein_2315,,,GCF_048571455.1;protein_3532,,,,,,,,
GCF_004358365.1;protein_5152,GCF_048568965.1;protein_2316,,,GCF_048571455.1;protein_3531,,,,,,,,
GCF_004358365.1;protein_5153,GCF_048568965.1;protein_2317,,,GCF_048571455.1;protein_3530,,,,,,,,
GCF_004358365.1;protein_5154,GCF_048568965.1;protein_2318,,,GCF_048571455.1;protein_3529,,,,,,,,
GCF_004358365.1;protein_5155,GCF_048568965.1;protein_2319,,,GCF_048571455.1;protein_3528,,,,,,,,
GCF_004358365.1;protein_5156,GCF_048568965.1;protein_2320,,,GCF_048571455.1;protein_3527,,,,,,,,
GCF_004358365.1;protein_5157,GCF_048568965.1;protein_2321,,,GCF_048571455.1;protein_3526,,,,,,,,
GCF_004358365.1;protein_5158,GCF_048568965.1;protein_2322,,,GCF_048571455.1;protein_3525,,,,,,,,
GCF_004358365.1;protein_5159,GCF_048568965.1;protein_2323,,,GCF_048571455.1;protein_3524,,,,,,,,
GCF_048568965.1;protein_2710,GCF_048571455.1;protein_3135,GCF_004358365.1;protein_516,,GCF_048568965.1;protein_3865,,,,,,,,
GCF_004358365.1;protein_5160,GCF_048568965.1;protein_2324,,,GCF_048571455.1;protein_3523,,,,,,,,
GCF_004358365.1;protein_5161,GCF_048568965.1;protein_2325,,,GCF_048571455.1;protein_3522,,,,,,,,
GCF_004358365.1;protein_5162,GCF_048568965.1;protein_2326,,,GCF_048571455.1;protein_3521,,,,,,,,
GCF_004358365.1;protein_5163,GCF_048568965.1;protein_2327,,,GCF_048571455.1;protein_3520,,,,,,,,
GCF_004358365.1;protein_5164,GCF_048568965.1;protein_2328,GCF_000005845.2;protein_1850,GCF_053078305.1;protein_2427,GCF_048571455.1;protein_3519,,,,,,,,
GCF_004358365.1;protein_5165,GCF_048568965.1;protein_2329,GCF_000005845.2;protein_1849,GCF_053078305.1;protein_2428,GCF_048571455.1;protein_3518,,,,,,,,
GCF_004358365.1;protein_5166,GCF_048568965.1;protein_2330,GCF_000005845.2;protein_1848,GCF_053078305.1;protein_2429,GCF_048571455.1;protein_3517,,,,,,,,
GCF_004358365.1;protein_5167,GCF_048568965.1;protein_2331,GCF_000005845.2;protein_1847,GCF_053078305.1;protein_2430,GCF_048571455.1;protein_3516,,,,,,,,
GCF_004358365.1;protein_5168,GCF_048568965.1;protein_2332,GCF_000005845.2;protein_1846,GCF_053078305.1;protein_2431,GCF_048571455.1;protein_3515,,,,,,,,
GCF_004358365.1;protein_5169,GCF_048568965.1;protein_2333,GCF_000005845.2;protein_1845,GCF_053078305.1;protein_2432,GCF_048571455.1;protein_3514,,,,,,,,
GCF_053078305.1;protein_1667,GCF_048568965.1;protein_3866,GCF_048571455.1;protein_3136,GCF_053078305.1;protein_2778,GCF_048568965.1;protein_2709,,GCF_004358365.1;protein_517,,,,,,
GCF_004358365.1;protein_5170,GCF_048568965.1;protein_2334,GCF_000005845.2;protein_1844,GCF_053078305.1;protein_2433,GCF_048571455.1;protein_3513,,,,,,,,
GCF_004358365.1;protein_5171,GCF_048568965.1;protein_2335,GCF_000005845.2;protein_1843,GCF_053078305.1;protein_2434,GCF_048571455.1;protein_3512,,,,,,,,
GCF_004358365.1;protein_5172,GCF_048568965.1;protein_2336,GCF_000005845.2;protein_1842,GCF_053078305.1;protein_2435,GCF_048571455.1;protein_3511,,,,,,,,
GCF_004358365.1;protein_5173,GCF_048568965.1;protein_2337,GCF_000005845.2;protein_1841,GCF_053078305.1;protein_2436,GCF_048571455.1;protein_3510,,,,,,,,
GCF_004358365.1;protein_5174,GCF_048568965.1;protein_2338,GCF_000005845.2;protein_1840,GCF_053078305.1;protein_2437,GCF_048571455.1;protein_3509,,,,,,,,
GCF_004358365.1;protein_5175,GCF_048568965.1;protein_2339,GCF_000005845.2;protein_1839,GCF_053078305.1;protein_2438,GCF_048571455.1;protein_3508,,,,,,,,
GCF_004358365.1;protein_5176,GCF_048568965.1;protein_2340,GCF_000005845.2;protein_1838,GCF_053078305.1;protein_2439,GCF_048571455.1;protein_3507,,,,,,,,
GCF_004358365.1;protein_5177,GCF_048568965.1;protein_2341,GCF_000005845.2;protein_1837,GCF_053078305.1;protein_2440,GCF_048571455.1;protein_3506,,,,,,,,
GCF_004358365.1;protein_5178,GCF_048568965.1;protein_2342,GCF_000005845.2;protein_1836,GCF_053078305.1;protein_2441,GCF_048571455.1;protein_3505,,,,,,,,
GCF_004358365.1;protein_5179,GCF_048568965.1;protein_2343,GCF_000005845.2;protein_1835,GCF_053078305.1;protein_2442,GCF_048571455.1;protein_3504,,,,,,,,
GCF_053078305.1;protein_1666,GCF_048568965.1;protein_2708,GCF_048571455.1;protein_3137,,GCF_053078305.1;protein_2777,GCF_004358365.1;protein_518,GCF_053078305.1;protein_671,GCF_048568965.1;protein_3867,,,,,
GCF_004358365.1;protein_5180,GCF_048568965.1;protein_2344,,,GCF_048571455.1;protein_3503,,,,,,,,
GCF_004358365.1;protein_5181,GCF_048568965.1;protein_2345,,,GCF_048571455.1;protein_3502,,,,,,,,
GCF_004358365.1;protein_5183,GCF_048568965.1;protein_2347,GCF_000005845.2;protein_1336,,GCF_048571455.1;protein_3500,,,,,,,,
GCF_004358365.1;protein_5185,GCF_048568965.1;protein_2349,,,,,,,,,,,
GCF_004358365.1;protein_5190,GCF_048568965.1;protein_2354,,,GCF_048571455.1;protein_3491,,,,,,,,
GCF_004358365.1;protein_5191,GCF_048568965.1;protein_2355,,,GCF_048571455.1;protein_3490,,,,,,,,
GCF_004358365.1;protein_5192,GCF_048568965.1;protein_2356,,,GCF_048571455.1;protein_3489,,,,,,,,
GCF_004358365.1;protein_5193,GCF_048568965.1;protein_2357,,,GCF_048571455.1;protein_3488,,,,,,,,
GCF_048568965.1;protein_2817,GCF_048568965.1;protein_2359,,GCF_004358365.1;protein_5195,GCF_048571455.1;protein_3486,GCF_048568965.1;protein_3283,,,,,,,
GCF_053078305.1;protein_3610,GCF_053078305.1;protein_2728,GCF_053078305.1;protein_2232,GCF_048568965.1;protein_2362,,GCF_048571455.1;protein_3483,GCF_004358365.1;protein_5198,,,,,,
GCF_004358365.1;protein_5199,GCF_048568965.1;protein_2363,,,GCF_048571455.1;protein_3482,,,,,,,,
GCF_004358365.1;protein_52,GCF_048568965.1;protein_2992,GCF_000005845.2;protein_1487,GCF_053078305.1;protein_2914,GCF_048571455.1;protein_2907,,,,,,,,
GCF_004358365.1;protein_5202,GCF_048568965.1;protein_2366,,,GCF_048571455.1;protein_3479,,,,,,,,
GCF_004358365.1;protein_5204,GCF_048568965.1;protein_2368,,GCF_053078305.1;protein_3603,GCF_048571455.1;protein_3477,,,,,,,,
GCF_004358365.1;protein_5205,GCF_048568965.1;protein_2369,,GCF_053078305.1;protein_3602,GCF_048571455.1;protein_3476,,,,,,,,
GCF_004358365.1;protein_523,GCF_048568965.1;protein_3872,,GCF_053078305.1;protein_1661,,,,,,,,,
GCF_004358365.1;protein_524,GCF_048568965.1;protein_3873,,,,,,,,,,,
GCF_048568965.1;protein_2404,GCF_048568965.1;protein_5532,GCF_004358365.1;protein_5243,,GCF_048571455.1;protein_3438,,,,,,,,
GCF_048568965.1;protein_5531,GCF_048568965.1;protein_2405,GCF_048571455.1;protein_3437,,GCF_004358365.1;protein_5244,,,,,,,,
GCF_004358365.1;protein_5245,GCF_048571455.1;protein_3436,,GCF_048568965.1;protein_2406,GCF_048568965.1;protein_5530,,,,,,,,
GCF_004358365.1;protein_5246,GCF_048568965.1;protein_2407,GCF_000005845.2;protein_1834,GCF_053078305.1;protein_2443,GCF_048571455.1;protein_3435,,,,,,,,
GCF_004358365.1;protein_5247,GCF_048568965.1;protein_2408,GCF_000005845.2;protein_1833,GCF_053078305.1;protein_2444,GCF_048571455.1;protein_3434,,,,,,,,
GCF_004358365.1;protein_5248,GCF_048568965.1;protein_2409,GCF_000005845.2;protein_1832,GCF_053078305.1;protein_2445,GCF_048571455.1;protein_3433,,,,,,,,
GCF_004358365.1;protein_5249,GCF_048568965.1;protein_2410,GCF_000005845.2;protein_1831,GCF_053078305.1;protein_2446,GCF_048571455.1;protein_3432,,,,,,,,
GCF_004358365.1;protein_525,GCF_048568965.1;protein_3874,,,,,,,,,,,
GCF_004358365.1;protein_5250,GCF_048568965.1;protein_2411,GCF_000005845.2;protein_1830,GCF_053078305.1;protein_2447,GCF_048571455.1;protein_3431,,,,,,,,
GCF_004358365.1;protein_5251,GCF_048568965.1;protein_2412,GCF_000005845.2;protein_1829,GCF_053078305.1;protein_2448,GCF_048571455.1;protein_3430,,,,,,,,
GCF_004358365.1;protein_5252,GCF_048568965.1;protein_2413,GCF_000005845.2;protein_1828,GCF_053078305.1;protein_2449,GCF_048571455.1;protein_3429,,,,,,,,
GCF_004358365.1;protein_5253,GCF_048568965.1;protein_2414,GCF_000005845.2;protein_1827,GCF_053078305.1;protein_2450,GCF_048571455.1;protein_3428,,,,,,,,
GCF_004358365.1;protein_5254,GCF_048568965.1;protein_2415,GCF_000005845.2;protein_1826,GCF_053078305.1;protein_2451,GCF_048571455.1;protein_3427,,,,,,,,
GCF_004358365.1;protein_5255,GCF_048568965.1;protein_2416,GCF_000005845.2;protein_1825,GCF_053078305.1;protein_2452,GCF_048571455.1;protein_3426,,,,,,,,
GCF_004358365.1;protein_5256,GCF_048568965.1;protein_2417,GCF_000005845.2;protein_1824,GCF_053078305.1;protein_2453,GCF_048571455.1;protein_3425,,,,,,,,
GCF_004358365.1;protein_5257,GCF_048568965.1;protein_2418,GCF_000005845.2;protein_1823,GCF_053078305.1;protein_2454,GCF_048571455.1;protein_3424,,,,,,,,
GCF_004358365.1;protein_5258,GCF_048568965.1;protein_2419,GCF_000005845.2;protein_1822,GCF_053078305.1;protein_2455,GCF_048571455.1;protein_3423,,,,,,,,
GCF_004358365.1;protein_5259,GCF_048568965.1;protein_2420,GCF_000005845.2;protein_1821,GCF_053078305.1;protein_2456,GCF_048571455.1;protein_3422,,,,,,,,
GCF_048571455.1;protein_3144,GCF_048568965.1;protein_3875,,GCF_048568965.1;protein_2701,GCF_004358365.1;protein_526,,,,,,,,
GCF_004358365.1;protein_5260,GCF_048568965.1;protein_2421,GCF_000005845.2;protein_1820,GCF_053078305.1;protein_2457,GCF_048571455.1;protein_3421,,,,,,,,
GCF_004358365.1;protein_5261,GCF_048568965.1;protein_2422,GCF_000005845.2;protein_1819,GCF_053078305.1;protein_2458,GCF_048571455.1;protein_3420,,,,,,,,
GCF_004358365.1;protein_5262,GCF_048568965.1;protein_2423,GCF_000005845.2;protein_1818,GCF_053078305.1;protein_2459,GCF_048571455.1;protein_3419,,,,,,,,
GCF_004358365.1;protein_5263,GCF_048568965.1;protein_2424,GCF_000005845.2;protein_1817,GCF_053078305.1;protein_2460,GCF_048571455.1;protein_3418,,,,,,,,
GCF_004358365.1;protein_5264,GCF_048568965.1;protein_2425,GCF_000005845.2;protein_1816,GCF_053078305.1;protein_2461,GCF_048571455.1;protein_3417,,,,,,,,
GCF_004358365.1;protein_5265,GCF_048568965.1;protein_2426,GCF_000005845.2;protein_1815,GCF_053078305.1;protein_2463,GCF_048571455.1;protein_3416,,,,,,,,
GCF_004358365.1;protein_5266,GCF_048568965.1;protein_2427,GCF_000005845.2;protein_1814,GCF_053078305.1;protein_2464,GCF_048571455.1;protein_3415,,,,,,,,
GCF_004358365.1;protein_5267,GCF_048568965.1;protein_2428,GCF_000005845.2;protein_1813,GCF_053078305.1;protein_2465,GCF_048571455.1;protein_3414,,,,,,,,
GCF_004358365.1;protein_5268,GCF_048568965.1;protein_2429,GCF_000005845.2;protein_1812,GCF_053078305.1;protein_2466,GCF_048571455.1;protein_3413,,,,,,,,
GCF_004358365.1;protein_5269,GCF_048568965.1;protein_2430,GCF_000005845.2;protein_1811,GCF_053078305.1;protein_2467,GCF_048571455.1;protein_3412,,,,,,,,
GCF_048568965.1;protein_3876,GCF_048568965.1;protein_2700,GCF_048571455.1;protein_3145,GCF_004358365.1;protein_527,,,,,,,,,
GCF_004358365.1;protein_5270,GCF_048568965.1;protein_2431,GCF_000005845.2;protein_1810,GCF_053078305.1;protein_2468,GCF_048571455.1;protein_3411,,,,,,,,
GCF_004358365.1;protein_5271,GCF_048568965.1;protein_2432,GCF_000005845.2;protein_1809,GCF_053078305.1;protein_2469,GCF_048571455.1;protein_3410,,,,,,,,
GCF_004358365.1;protein_5272,GCF_048568965.1;protein_2433,GCF_000005845.2;protein_1808,GCF_053078305.1;protein_2470,GCF_048571455.1;protein_3409,,,,,,,,
GCF_004358365.1;protein_5273,GCF_048568965.1;protein_2434,GCF_000005845.2;protein_1807,GCF_053078305.1;protein_2471,GCF_048571455.1;protein_3408,,,,,,,,
GCF_004358365.1;protein_5274,GCF_048568965.1;protein_2435,GCF_000005845.2;protein_1806,GCF_053078305.1;protein_2472,GCF_048571455.1;protein_3407,,,,,,,,
GCF_004358365.1;protein_5275,GCF_048568965.1;protein_2436,GCF_000005845.2;protein_1805,GCF_053078305.1;protein_2473,GCF_048571455.1;protein_3406,,,,,,,,
GCF_004358365.1;protein_5276,GCF_048568965.1;protein_2437,GCF_000005845.2;protein_1804,GCF_053078305.1;protein_2474,GCF_048571455.1;protein_3405,,,,,,,,
GCF_004358365.1;protein_5277,GCF_048568965.1;protein_2438,GCF_000005845.2;protein_1803,GCF_053078305.1;protein_2475,GCF_048571455.1;protein_3404,,,,,,,,
GCF_004358365.1;protein_5278,GCF_048568965.1;protein_2439,GCF_000005845.2;protein_1802,GCF_053078305.1;protein_2476,GCF_048571455.1;protein_3403,,,,,,,,
GCF_004358365.1;protein_5279,GCF_048568965.1;protein_2440,GCF_000005845.2;protein_1801,GCF_053078305.1;protein_2477,GCF_048571455.1;protein_3402,,,,,,,,
GCF_048568965.1;protein_2699,GCF_048568965.1;protein_3877,GCF_004358365.1;protein_528,,GCF_048571455.1;protein_3146,,,,,,,,
GCF_004358365.1;protein_5280,GCF_048568965.1;protein_2441,GCF_000005845.2;protein_1800,GCF_053078305.1;protein_2478,GCF_048571455.1;protein_3401,,,,,,,,
GCF_004358365.1;protein_5281,GCF_048568965.1;protein_2442,GCF_000005845.2;protein_1799,GCF_053078305.1;protein_2479,GCF_048571455.1;protein_3400,,,,,,,,
GCF_004358365.1;protein_5282,GCF_048568965.1;protein_2443,GCF_000005845.2;protein_1798,GCF_053078305.1;protein_2480,GCF_048571455.1;protein_3399,,,,,,,,
GCF_004358365.1;protein_5283,GCF_048568965.1;protein_2444,GCF_000005845.2;protein_1797,GCF_053078305.1;protein_2481,GCF_048571455.1;protein_3398,,,,,,,,
GCF_004358365.1;protein_5284,GCF_048568965.1;protein_2445,GCF_000005845.2;protein_1796,GCF_053078305.1;protein_2482,GCF_048571455.1;protein_3397,,,,,,,,
GCF_004358365.1;protein_5285,GCF_048568965.1;protein_2446,GCF_000005845.2;protein_1795,GCF_053078305.1;protein_2483,GCF_048571455.1;protein_3396,,,,,,,,
GCF_004358365.1;protein_5286,GCF_048568965.1;protein_2447,GCF_000005845.2;protein_1794,GCF_053078305.1;protein_2484,GCF_048571455.1;protein_3395,,,,,,,,
GCF_004358365.1;protein_5287,GCF_048568965.1;protein_2448,GCF_000005845.2;protein_1793,GCF_053078305.1;protein_2485,GCF_048571455.1;protein_3394,,,,,,,,
GCF_004358365.1;protein_5288,GCF_048568965.1;protein_2449,GCF_000005845.2;protein_1792,GCF_053078305.1;protein_2486,GCF_048571455.1;protein_3393,,,,,,,,
GCF_004358365.1;protein_5289,GCF_048568965.1;protein_2450,GCF_000005845.2;protein_1791,GCF_053078305.1;protein_2487,GCF_048571455.1;protein_3392,,,,,,,,
GCF_004358365.1;protein_529,GCF_048568965.1;protein_3878,GCF_000005845.2;protein_1102,GCF_053078305.1;protein_3309,GCF_048571455.1;protein_2466,,,,,,,,
GCF_004358365.1;protein_5290,GCF_048568965.1;protein_2451,,,GCF_048571455.1;protein_3391,,,,,,,,
GCF_004358365.1;protein_5293,GCF_048568965.1;protein_2454,GCF_000005845.2;protein_1789,GCF_053078305.1;protein_2489,GCF_048571455.1;protein_3388,,,,,,,,
GCF_004358365.1;protein_5294,GCF_048568965.1;protein_2455,GCF_000005845.2;protein_1788,GCF_053078305.1;protein_2490,GCF_048571455.1;protein_3387,,,,,,,,
GCF_004358365.1;protein_5295,GCF_048568965.1;protein_2456,GCF_000005845.2;protein_1787,GCF_053078305.1;protein_2491,GCF_048571455.1;protein_3386,,,,,,,,
GCF_004358365.1;protein_5296,GCF_048568965.1;protein_2457,GCF_000005845.2;protein_1786,GCF_053078305.1;protein_2492,GCF_048571455.1;protein_3385,,,,,,,,
GCF_004358365.1;protein_5297,GCF_048568965.1;protein_2458,GCF_000005845.2;protein_1785,GCF_053078305.1;protein_2493,GCF_048571455.1;protein_3384,,,,,,,,
GCF_004358365.1;protein_5298,GCF_048568965.1;protein_2459,GCF_000005845.2;protein_1784,GCF_053078305.1;protein_2494,GCF_048571455.1;protein_3383,,,,,,,,
GCF_004358365.1;protein_5299,GCF_048568965.1;protein_2460,GCF_000005845.2;protein_1783,GCF_053078305.1;protein_2495,GCF_048571455.1;protein_3382,,,,,,,,
GCF_004358365.1;protein_53,GCF_048568965.1;protein_2991,GCF_000005845.2;protein_1486,GCF_053078305.1;protein_2915,GCF_048571455.1;protein_2906,,,,,,,,
GCF_004358365.1;protein_530,GCF_048568965.1;protein_3879,GCF_000005845.2;protein_1101,GCF_053078305.1;protein_3310,GCF_048571455.1;protein_2465,,,,,,,,
GCF_004358365.1;protein_5300,GCF_048568965.1;protein_2461,GCF_000005845.2;protein_1782,GCF_053078305.1;protein_2496,GCF_048571455.1;protein_3381,,,,,,,,
GCF_004358365.1;protein_5301,GCF_048568965.1;protein_2462,GCF_000005845.2;protein_1781,GCF_053078305.1;protein_2497,GCF_048571455.1;protein_3380,,,,,,,,
GCF_004358365.1;protein_5302,GCF_048568965.1;protein_2463,GCF_000005845.2;protein_1780,GCF_053078305.1;protein_2498,GCF_048571455.1;protein_3379,,,,,,,,
GCF_004358365.1;protein_5303,GCF_048568965.1;protein_2464,GCF_000005845.2;protein_1779,GCF_053078305.1;protein_2499,GCF_048571455.1;protein_3378,,,,,,,,
GCF_004358365.1;protein_5304,GCF_048568965.1;protein_2465,GCF_000005845.2;protein_1778,GCF_053078305.1;protein_2500,GCF_048571455.1;protein_3377,,,,,,,,
GCF_004358365.1;protein_5305,GCF_048568965.1;protein_2466,GCF_000005845.2;protein_1777,GCF_053078305.1;protein_2501,GCF_048571455.1;protein_3376,,,,,,,,
GCF_004358365.1;protein_5306,GCF_048568965.1;protein_2467,GCF_000005845.2;protein_1776,GCF_053078305.1;protein_2502,GCF_048571455.1;protein_3375,,,,,,,,
GCF_004358365.1;protein_5307,GCF_048568965.1;protein_2468,GCF_000005845.2;protein_1775,GCF_053078305.1;protein_2503,GCF_048571455.1;protein_3374,,,,,,,,
GCF_004358365.1;protein_5308,GCF_048568965.1;protein_2469,GCF_000005845.2;protein_1774,GCF_053078305.1;protein_2504,GCF_048571455.1;protein_3373,,,,,,,,
GCF_004358365.1;protein_5309,GCF_048568965.1;protein_2470,GCF_000005845.2;protein_1773,GCF_053078305.1;protein_2505,GCF_048571455.1;protein_3372,,,,,,,,
GCF_004358365.1;protein_531,GCF_048568965.1;protein_3880,GCF_000005845.2;protein_1100,GCF_053078305.1;protein_3311,GCF_048571455.1;protein_2464,,,,,,,,
GCF_004358365.1;protein_5310,GCF_048568965.1;protein_2471,GCF_000005845.2;protein_1772,GCF_053078305.1;protein_2506,GCF_048571455.1;protein_3371,,,,,,,,
GCF_004358365.1;protein_5311,GCF_048568965.1;protein_2472,GCF_000005845.2;protein_1771,GCF_053078305.1;protein_2507,GCF_048571455.1;protein_3370,,,,,,,,
GCF_004358365.1;protein_5312,GCF_048568965.1;protein_2473,GCF_000005845.2;protein_1770,GCF_053078305.1;protein_2508,GCF_048571455.1;protein_3369,,,,,,,,
GCF_004358365.1;protein_5313,GCF_048568965.1;protein_2474,GCF_000005845.2;protein_1769,GCF_053078305.1;protein_2509,GCF_048571455.1;protein_3368,,,,,,,,
GCF_004358365.1;protein_5314,GCF_048568965.1;protein_2475,GCF_000005845.2;protein_1760,,GCF_048571455.1;protein_3367,,,,,,,,
GCF_004358365.1;protein_5315,GCF_048568965.1;protein_2476,GCF_000005845.2;protein_1759,GCF_053078305.1;protein_2519,GCF_048571455.1;protein_3366,,,,,,,,
GCF_004358365.1;protein_5316,GCF_048568965.1;protein_2477,GCF_000005845.2;protein_1758,GCF_053078305.1;protein_2520,GCF_048571455.1;protein_3365,,,,,,,,
GCF_004358365.1;protein_5317,GCF_048568965.1;protein_2478,GCF_000005845.2;protein_1757,GCF_053078305.1;protein_2521,GCF_048571455.1;protein_3364,,,,,,,,
GCF_004358365.1;protein_5318,GCF_048568965.1;protein_2479,GCF_000005845.2;protein_1756,GCF_053078305.1;protein_2522,GCF_048571455.1;protein_3363,,,,,,,,
GCF_004358365.1;protein_5319,GCF_048568965.1;protein_2480,GCF_000005845.2;protein_1755,GCF_053078305.1;protein_2523,GCF_048571455.1;protein_3362,,,,,,,,
GCF_004358365.1;protein_532,GCF_048568965.1;protein_3881,GCF_000005845.2;protein_1099,GCF_053078305.1;protein_3312,GCF_048571455.1;protein_2463,,,,,,,,
GCF_004358365.1;protein_5320,GCF_048568965.1;protein_2481,GCF_000005845.2;protein_1754,GCF_053078305.1;protein_2524,GCF_048571455.1;protein_3361,,,,,,,,
GCF_004358365.1;protein_5321,GCF_048568965.1;protein_2482,GCF_000005845.2;protein_1753,GCF_053078305.1;protein_2525,GCF_048571455.1;protein_3360,,,,,,,,
GCF_004358365.1;protein_5322,GCF_048568965.1;protein_2483,GCF_000005845.2;protein_1752,GCF_053078305.1;protein_2526,GCF_048571455.1;protein_3359,,,,,,,,
GCF_004358365.1;protein_5323,GCF_048568965.1;protein_2484,GCF_000005845.2;protein_1751,GCF_053078305.1;protein_2527,GCF_048571455.1;protein_3358,,,,,,,,
GCF_004358365.1;protein_5324,GCF_048568965.1;protein_2485,GCF_000005845.2;protein_1750,GCF_053078305.1;protein_2528,GCF_048571455.1;protein_3357,,,,,,,,
GCF_004358365.1;protein_5325,GCF_048568965.1;protein_2486,GCF_000005845.2;protein_1749,GCF_053078305.1;protein_2529,GCF_048571455.1;protein_3356,,,,,,,,
GCF_004358365.1;protein_5326,GCF_048568965.1;protein_2487,GCF_000005845.2;protein_1748,GCF_053078305.1;protein_2530,GCF_048571455.1;protein_3355,,,,,,,,
GCF_004358365.1;protein_5327,GCF_048568965.1;protein_2488,GCF_000005845.2;protein_1747,GCF_053078305.1;protein_2531,GCF_048571455.1;protein_3354,,,,,,,,
GCF_004358365.1;protein_5328,GCF_048568965.1;protein_2489,GCF_000005845.2;protein_1746,GCF_053078305.1;protein_2532,GCF_048571455.1;protein_3353,,,,,,,,
GCF_004358365.1;protein_5329,GCF_048568965.1;protein_2490,GCF_000005845.2;protein_1745,GCF_053078305.1;protein_2533,GCF_048571455.1;protein_3352,,,,,,,,
GCF_004358365.1;protein_533,GCF_048568965.1;protein_3884,,,GCF_048571455.1;protein_2462,,,,,,,,
GCF_004358365.1;protein_5330,GCF_048568965.1;protein_2491,GCF_000005845.2;protein_1744,GCF_053078305.1;protein_2534,GCF_048571455.1;protein_3351,,,,,,,,
GCF_004358365.1;protein_5331,GCF_048568965.1;protein_2492,GCF_000005845.2;protein_1743,GCF_053078305.1;protein_2535,GCF_048571455.1;protein_3350,,,,,,,,
GCF_004358365.1;protein_5332,GCF_048568965.1;protein_2493,GCF_000005845.2;protein_1742,GCF_053078305.1;protein_2536,GCF_048571455.1;protein_3349,,,,,,,,
GCF_004358365.1;protein_5333,GCF_048568965.1;protein_2494,GCF_000005845.2;protein_1741,GCF_053078305.1;protein_2537,GCF_048571455.1;protein_3348,,,,,,,,
GCF_004358365.1;protein_5334,GCF_048568965.1;protein_2495,GCF_000005845.2;protein_1740,GCF_053078305.1;protein_2538,GCF_048571455.1;protein_3347,,,,,,,,
GCF_004358365.1;protein_5335,GCF_048568965.1;protein_2496,GCF_000005845.2;protein_1739,GCF_053078305.1;protein_2539,GCF_048571455.1;protein_3346,,,,,,,,
GCF_004358365.1;protein_5336,GCF_048568965.1;protein_2497,GCF_000005845.2;protein_1738,GCF_053078305.1;protein_2540,GCF_048571455.1;protein_3345,,,,,,,,
GCF_004358365.1;protein_5337,GCF_048568965.1;protein_2498,GCF_000005845.2;protein_1737,GCF_053078305.1;protein_2541,GCF_048571455.1;protein_3344,,,,,,,,
GCF_004358365.1;protein_5338,GCF_048568965.1;protein_2499,GCF_000005845.2;protein_1736,GCF_053078305.1;protein_2542,GCF_048571455.1;protein_3343,,,,,,,,
GCF_004358365.1;protein_5339,GCF_048568965.1;protein_2500,GCF_000005845.2;protein_1735,GCF_053078305.1;protein_2543,GCF_048571455.1;protein_3342,,,,,,,,
GCF_004358365.1;protein_534,GCF_048568965.1;protein_3885,,,GCF_048571455.1;protein_2461,,,,,,,,
GCF_004358365.1;protein_5340,GCF_048568965.1;protein_2501,GCF_000005845.2;protein_1734,GCF_053078305.1;protein_2544,GCF_048571455.1;protein_3341,,,,,,,,
GCF_004358365.1;protein_5341,GCF_048568965.1;protein_2502,GCF_000005845.2;protein_1733,GCF_053078305.1;protein_2545,GCF_048571455.1;protein_3340,,,,,,,,
GCF_004358365.1;protein_5342,GCF_048568965.1;protein_2503,GCF_000005845.2;protein_1732,GCF_053078305.1;protein_2546,GCF_048571455.1;protein_3339,,,,,,,,
GCF_004358365.1;protein_5343,GCF_048568965.1;protein_2504,GCF_000005845.2;protein_1731,GCF_053078305.1;protein_2547,GCF_048571455.1;protein_3338,,,,,,,,
GCF_004358365.1;protein_5344,GCF_048568965.1;protein_2505,GCF_000005845.2;protein_1730,GCF_053078305.1;protein_2548,GCF_048571455.1;protein_3337,,,,,,,,
GCF_004358365.1;protein_5345,GCF_048568965.1;protein_2506,GCF_000005845.2;protein_1729,GCF_053078305.1;protein_2549,GCF_048571455.1;protein_3336,,,,,,,,
GCF_004358365.1;protein_5346,GCF_048568965.1;protein_2507,GCF_000005845.2;protein_1728,GCF_053078305.1;protein_2550,GCF_048571455.1;protein_3335,,,,,,,,
GCF_004358365.1;protein_5347,GCF_048568965.1;protein_2508,GCF_000005845.2;protein_1727,GCF_053078305.1;protein_2551,GCF_048571455.1;protein_3334,,,,,,,,
GCF_004358365.1;protein_5348,GCF_048568965.1;protein_2509,GCF_000005845.2;protein_1726,GCF_053078305.1;protein_2552,GCF_048571455.1;protein_3333,,,,,,,,
GCF_004358365.1;protein_5349,GCF_048568965.1;protein_2510,GCF_000005845.2;protein_1725,GCF_053078305.1;protein_2553,GCF_048571455.1;protein_3332,,,,,,,,
GCF_004358365.1;protein_535,GCF_048568965.1;protein_3886,,,GCF_048571455.1;protein_2460,,,,,,,,
GCF_004358365.1;protein_5351,GCF_048568965.1;protein_2512,GCF_000005845.2;protein_1724,GCF_053078305.1;protein_2554,GCF_048571455.1;protein_3330,,,,,,,,
GCF_004358365.1;protein_5352,GCF_048568965.1;protein_2513,GCF_000005845.2;protein_1723,GCF_053078305.1;protein_2555,GCF_048571455.1;protein_3329,,,,,,,,
GCF_004358365.1;protein_5353,GCF_048568965.1;protein_2514,GCF_000005845.2;protein_1722,GCF_053078305.1;protein_2556,GCF_048571455.1;protein_3328,,,,,,,,
GCF_004358365.1;protein_5354,GCF_048568965.1;protein_2515,GCF_000005845.2;protein_1721,GCF_053078305.1;protein_2557,GCF_048571455.1;protein_3327,,,,,,,,
GCF_004358365.1;protein_5355,GCF_048568965.1;protein_2516,GCF_000005845.2;protein_1720,GCF_053078305.1;protein_2558,GCF_048571455.1;protein_3326,,,,,,,,
GCF_004358365.1;protein_5356,GCF_048568965.1;protein_2517,GCF_000005845.2;protein_1719,GCF_053078305.1;protein_2559,GCF_048571455.1;protein_3325,,,,,,,,
GCF_004358365.1;protein_5357,GCF_048568965.1;protein_2518,GCF_000005845.2;protein_1718,GCF_053078305.1;protein_2560,GCF_048571455.1;protein_3324,,,,,,,,
GCF_004358365.1;protein_5358,GCF_048568965.1;protein_2519,GCF_000005845.2;protein_1717,GCF_053078305.1;protein_2561,GCF_048571455.1;protein_3323,,,,,,,,
GCF_004358365.1;protein_5359,GCF_048568965.1;protein_2520,GCF_000005845.2;protein_1716,GCF_053078305.1;protein_2562,GCF_048571455.1;protein_3322,,,,,,,,
GCF_004358365.1;protein_5360,GCF_048568965.1;protein_2521,GCF_000005845.2;protein_1715,GCF_053078305.1;protein_2563,GCF_048571455.1;protein_3321,,,,,,,,
GCF_004358365.1;protein_5361,GCF_048568965.1;protein_2522,GCF_000005845.2;protein_1714,GCF_053078305.1;protein_2564,GCF_048571455.1;protein_3320,,,,,,,,
GCF_004358365.1;protein_5362,GCF_048568965.1;protein_2523,GCF_000005845.2;protein_1713,GCF_053078305.1;protein_2565,GCF_048571455.1;protein_3319,,,,,,,,
GCF_004358365.1;protein_5363,GCF_048568965.1;protein_2524,,GCF_053078305.1;protein_2566,GCF_048571455.1;protein_3318,,,,,,,,
GCF_004358365.1;protein_5364,GCF_048568965.1;protein_2525,GCF_000005845.2;protein_1712,GCF_053078305.1;protein_2567,GCF_048571455.1;protein_3317,,,,,,,,
GCF_004358365.1;protein_5365,GCF_048568965.1;protein_2526,GCF_000005845.2;protein_1711,GCF_053078305.1;protein_2568,GCF_048571455.1;protein_3316,,,,,,,,
GCF_004358365.1;protein_5366,GCF_048568965.1;protein_2527,GCF_000005845.2;protein_1710,GCF_053078305.1;protein_2569,GCF_048571455.1;protein_3315,,,,,,,,
GCF_004358365.1;protein_5367,GCF_048568965.1;protein_2528,GCF_000005845.2;protein_1709,GCF_053078305.1;protein_2570,GCF_048571455.1;protein_3314,,,,,,,,
GCF_004358365.1;protein_5369,GCF_048568965.1;protein_2530,GCF_000005845.2;protein_1707,GCF_053078305.1;protein_2572,GCF_048571455.1;protein_3312,,,,,,,,
GCF_004358365.1;protein_537,GCF_048568965.1;protein_3888,,,GCF_048571455.1;protein_2458,,,,,,,,
GCF_004358365.1;protein_5370,GCF_048568965.1;protein_2531,GCF_000005845.2;protein_1706,GCF_053078305.1;protein_2573,GCF_048571455.1;protein_3311,,,,,,,,
GCF_004358365.1;protein_5371,GCF_048568965.1;protein_2532,GCF_000005845.2;protein_1705,GCF_053078305.1;protein_2574,GCF_048571455.1;protein_3310,,,,,,,,
GCF_004358365.1;protein_5372,GCF_048568965.1;protein_2586,GCF_000005845.2;protein_1704,GCF_053078305.1;protein_2575,GCF_048571455.1;protein_3259,,,,,,,,
GCF_004358365.1;protein_5373,GCF_048568965.1;protein_2587,GCF_000005845.2;protein_1703,GCF_053078305.1;protein_2576,GCF_048571455.1;protein_3258,,,,,,,,
GCF_004358365.1;protein_5374,GCF_048568965.1;protein_2588,GCF_000005845.2;protein_1702,GCF_053078305.1;protein_2577,GCF_048571455.1;protein_3257,,,,,,,,
GCF_004358365.1;protein_5375,GCF_048568965.1;protein_2589,GCF_000005845.2;protein_1701,GCF_053078305.1;protein_2578,GCF_048571455.1;protein_3256,,,,,,,,
GCF_004358365.1;protein_5376,GCF_048568965.1;protein_2590,GCF_000005845.2;protein_1700,GCF_053078305.1;protein_2579,GCF_048571455.1;protein_3255,,,,,,,,
GCF_004358365.1;protein_5377,GCF_048568965.1;protein_2591,GCF_000005845.2;protein_1699,GCF_053078305.1;protein_2580,GCF_048571455.1;protein_3254,,,,,,,,
GCF_004358365.1;protein_5378,GCF_048568965.1;protein_2592,GCF_000005845.2;protein_1698,GCF_053078305.1;protein_2581,GCF_048571455.1;protein_3253,,,,,,,,
GCF_004358365.1;protein_5379,GCF_048568965.1;protein_2593,GCF_000005845.2;protein_1697,GCF_053078305.1;protein_2582,GCF_048571455.1;protein_3252,,,,,,,,
GCF_004358365.1;protein_538,GCF_048568965.1;protein_3889,,,GCF_048571455.1;protein_2457,,,,,,,,
GCF_004358365.1;protein_5380,GCF_048568965.1;protein_2594,GCF_000005845.2;protein_1696,GCF_053078305.1;protein_2583,GCF_048571455.1;protein_3251,,,,,,,,
GCF_004358365.1;protein_5381,GCF_048568965.1;protein_2595,GCF_000005845.2;protein_1695,GCF_053078305.1;protein_2584,GCF_048571455.1;protein_3250,,,,,,,,
GCF_004358365.1;protein_5382,GCF_048568965.1;protein_2596,GCF_000005845.2;protein_1694,GCF_053078305.1;protein_2589,GCF_048571455.1;protein_3249,,,,,,,,
GCF_004358365.1;protein_5383,GCF_048568965.1;protein_2597,GCF_000005845.2;protein_1693,GCF_053078305.1;protein_2590,GCF_048571455.1;protein_3248,,,,,,,,
GCF_004358365.1;protein_5384,GCF_048568965.1;protein_2598,GCF_000005845.2;protein_1692,GCF_053078305.1;protein_2591,GCF_048571455.1;protein_3247,,,,,,,,
GCF_004358365.1;protein_5385,GCF_048568965.1;protein_2599,GCF_000005845.2;protein_1691,GCF_053078305.1;protein_2592,GCF_048571455.1;protein_3246,,,,,,,,
GCF_004358365.1;protein_5386,GCF_048568965.1;protein_2600,GCF_000005845.2;protein_1690,GCF_053078305.1;protein_2593,GCF_048571455.1;protein_3245,,,,,,,,
GCF_004358365.1;protein_5387,GCF_048568965.1;protein_2601,GCF_000005845.2;protein_1689,GCF_053078305.1;protein_2594,GCF_048571455.1;protein_3244,,,,,,,,
GCF_004358365.1;protein_5388,GCF_048568965.1;protein_2602,GCF_000005845.2;protein_1688,GCF_053078305.1;protein_2595,GCF_048571455.1;protein_3243,,,,,,,,
GCF_004358365.1;protein_5389,GCF_048568965.1;protein_2603,GCF_000005845.2;protein_1687,GCF_053078305.1;protein_2596,GCF_048571455.1;protein_3242,,,,,,,,
GCF_004358365.1;protein_5390,GCF_048568965.1;protein_2604,GCF_000005845.2;protein_1686,GCF_053078305.1;protein_2597,GCF_048571455.1;protein_3241,,,,,,,,
GCF_004358365.1;protein_5391,GCF_048568965.1;protein_2605,GCF_000005845.2;protein_1685,GCF_053078305.1;protein_2598,GCF_048571455.1;protein_3240,,,,,,,,
GCF_004358365.1;protein_5392,GCF_048568965.1;protein_2606,GCF_000005845.2;protein_1684,GCF_053078305.1;protein_2599,GCF_048571455.1;protein_3239,,,,,,,,
GCF_004358365.1;protein_5393,GCF_048568965.1;protein_2607,GCF_000005845.2;protein_1683,GCF_053078305.1;protein_2600,GCF_048571455.1;protein_3238,,,,,,,,
GCF_004358365.1;protein_5394,GCF_048568965.1;protein_2608,GCF_000005845.2;protein_1682,GCF_053078305.1;protein_2601,GCF_048571455.1;protein_3237,,,,,,,,
GCF_004358365.1;protein_5395,GCF_048568965.1;protein_2609,GCF_000005845.2;protein_1681,GCF_053078305.1;protein_2602,GCF_048571455.1;protein_3236,,,,,,,,
GCF_004358365.1;protein_5396,GCF_048568965.1;protein_2610,GCF_000005845.2;protein_1680,GCF_053078305.1;protein_2603,GCF_048571455.1;protein_3235,,,,,,,,
GCF_004358365.1;protein_5397,GCF_048568965.1;protein_2611,GCF_000005845.2;protein_1679,GCF_053078305.1;protein_2604,GCF_048571455.1;protein_3234,,,,,,,,
GCF_004358365.1;protein_5398,GCF_048568965.1;protein_2612,GCF_000005845.2;protein_1678,GCF_053078305.1;protein_2605,GCF_048571455.1;protein_3233,,,,,,,,
GCF_004358365.1;protein_5399,GCF_048568965.1;protein_2613,GCF_000005845.2;protein_1677,GCF_053078305.1;protein_2606,GCF_048571455.1;protein_3232,,,,,,,,
GCF_004358365.1;protein_54,GCF_048568965.1;protein_2990,GCF_000005845.2;protein_1485,GCF_053078305.1;protein_2916,GCF_048571455.1;protein_2905,,,,,,,,
GCF_004358365.1;protein_5400,GCF_048568965.1;protein_2614,GCF_000005845.2;protein_1676,GCF_053078305.1;protein_2607,GCF_048571455.1;protein_3231,,,,,,,,
GCF_004358365.1;protein_5401,GCF_048568965.1;protein_2615,GCF_000005845.2;protein_1675,GCF_053078305.1;protein_2608,GCF_048571455.1;protein_3230,,,,,,,,
GCF_004358365.1;protein_5402,GCF_048568965.1;protein_2616,GCF_000005845.2;protein_1674,GCF_053078305.1;protein_2609,GCF_048571455.1;protein_3229,,,,,,,,
GCF_004358365.1;protein_5403,GCF_048568965.1;protein_2617,GCF_000005845.2;protein_1673,GCF_053078305.1;protein_2610,GCF_048571455.1;protein_3228,,,,,,,,
GCF_004358365.1;protein_5404,GCF_048568965.1;protein_2618,GCF_000005845.2;protein_1672,GCF_053078305.1;protein_2611,GCF_048571455.1;protein_3227,,,,,,,,
GCF_004358365.1;protein_5405,GCF_048568965.1;protein_2619,GCF_000005845.2;protein_1671,GCF_053078305.1;protein_2612,GCF_048571455.1;protein_3226,,,,,,,,
GCF_004358365.1;protein_5406,GCF_048568965.1;protein_2620,GCF_000005845.2;protein_1670,GCF_053078305.1;protein_2613,GCF_048571455.1;protein_3225,,,,,,,,
GCF_004358365.1;protein_5407,GCF_048568965.1;protein_2621,GCF_000005845.2;protein_1669,GCF_053078305.1;protein_2614,GCF_048571455.1;protein_3224,,,,,,,,
GCF_004358365.1;protein_5408,GCF_048568965.1;protein_2622,GCF_000005845.2;protein_1668,GCF_053078305.1;protein_2615,GCF_048571455.1;protein_3223,,,,,,,,
GCF_004358365.1;protein_5409,GCF_048568965.1;protein_2623,GCF_000005845.2;protein_1667,GCF_053078305.1;protein_2616,GCF_048571455.1;protein_3222,,,,,,,,
GCF_004358365.1;protein_5410,GCF_048568965.1;protein_2624,GCF_000005845.2;protein_1666,GCF_053078305.1;protein_2617,GCF_048571455.1;protein_3221,,,,,,,,
GCF_004358365.1;protein_5411,GCF_048568965.1;protein_2625,GCF_000005845.2;protein_1665,GCF_053078305.1;protein_2618,GCF_048571455.1;protein_3220,,,,,,,,
GCF_004358365.1;protein_5412,GCF_048568965.1;protein_2626,GCF_000005845.2;protein_1664,GCF_053078305.1;protein_2619,GCF_048571455.1;protein_3219,,,,,,,,
GCF_004358365.1;protein_5413,GCF_048568965.1;protein_2627,GCF_000005845.2;protein_1663,GCF_053078305.1;protein_2620,GCF_048571455.1;protein_3218,,,,,,,,
GCF_004358365.1;protein_5414,GCF_048568965.1;protein_2628,GCF_000005845.2;protein_1662,GCF_053078305.1;protein_2621,GCF_048571455.1;protein_3217,,,,,,,,
GCF_004358365.1;protein_5415,GCF_048568965.1;protein_2629,GCF_000005845.2;protein_1661,GCF_053078305.1;protein_2622,GCF_048571455.1;protein_3216,,,,,,,,
GCF_004358365.1;protein_5416,GCF_048568965.1;protein_2630,GCF_000005845.2;protein_1660,GCF_053078305.1;protein_2623,GCF_048571455.1;protein_3215,,,,,,,,
GCF_004358365.1;protein_5417,GCF_048568965.1;protein_2631,GCF_000005845.2;protein_1659,GCF_053078305.1;protein_2624,GCF_048571455.1;protein_3214,,,,,,,,
GCF_004358365.1;protein_5418,GCF_048568965.1;protein_2632,GCF_000005845.2;protein_1658,GCF_053078305.1;protein_2625,GCF_048571455.1;protein_3213,,,,,,,,
GCF_004358365.1;protein_5419,GCF_048568965.1;protein_2633,GCF_000005845.2;protein_1657,GCF_053078305.1;protein_2626,GCF_048571455.1;protein_3212,,,,,,,,
GCF_004358365.1;protein_5420,GCF_048568965.1;protein_2634,GCF_000005845.2;protein_1656,GCF_053078305.1;protein_2627,GCF_048571455.1;protein_3211,,,,,,,,
GCF_004358365.1;protein_5421,GCF_048568965.1;protein_2635,GCF_000005845.2;protein_1655,GCF_053078305.1;protein_2628,GCF_048571455.1;protein_3210,,,,,,,,
GCF_004358365.1;protein_5422,GCF_048568965.1;protein_2636,GCF_000005845.2;protein_1654,GCF_053078305.1;protein_2629,GCF_048571455.1;protein_3209,,,,,,,,
GCF_004358365.1;protein_5423,GCF_048568965.1;protein_2637,GCF_000005845.2;protein_1653,GCF_053078305.1;protein_2630,GCF_048571455.1;protein_3208,,,,,,,,
GCF_004358365.1;protein_5424,GCF_048568965.1;protein_2638,GCF_000005845.2;protein_1652,GCF_053078305.1;protein_2631,GCF_048571455.1;protein_3207,,,,,,,,
GCF_004358365.1;protein_5425,GCF_048568965.1;protein_2639,GCF_000005845.2;protein_1651,GCF_053078305.1;protein_2632,GCF_048571455.1;protein_3206,,,,,,,,
GCF_004358365.1;protein_5426,GCF_048568965.1;protein_2640,GCF_000005845.2;protein_1650,GCF_053078305.1;protein_2633,GCF_048571455.1;protein_3205,,,,,,,,
GCF_004358365.1;protein_5427,GCF_048568965.1;protein_2641,GCF_000005845.2;protein_1649,GCF_053078305.1;protein_2634,GCF_048571455.1;protein_3204,,,,,,,,
GCF_004358365.1;protein_5428,GCF_048568965.1;protein_2642,GCF_000005845.2;protein_1648,GCF_053078305.1;protein_2635,GCF_048571455.1;protein_3203,,,,,,,,
GCF_004358365.1;protein_5429,GCF_048568965.1;protein_2643,GCF_000005845.2;protein_1647,GCF_053078305.1;protein_2636,GCF_048571455.1;protein_3202,,,,,,,,
GCF_004358365.1;protein_5430,GCF_048568965.1;protein_2644,GCF_000005845.2;protein_1646,GCF_053078305.1;protein_2637,GCF_048571455.1;protein_3201,,,,,,,,
GCF_004358365.1;protein_5431,GCF_048568965.1;protein_2645,GCF_000005845.2;protein_1645,GCF_053078305.1;protein_2638,GCF_048571455.1;protein_3200,,,,,,,,
GCF_004358365.1;protein_5432,GCF_048568965.1;protein_2646,GCF_000005845.2;protein_1644,GCF_053078305.1;protein_2639,GCF_048571455.1;protein_3199,,,,,,,,
GCF_004358365.1;protein_5433,GCF_048568965.1;protein_2647,GCF_000005845.2;protein_1643,GCF_053078305.1;protein_2640,GCF_048571455.1;protein_3198,,,,,,,,
GCF_004358365.1;protein_5434,GCF_048568965.1;protein_2648,GCF_000005845.2;protein_1642,GCF_053078305.1;protein_2641,GCF_048571455.1;protein_3197,,,,,,,,
GCF_004358365.1;protein_5435,GCF_048568965.1;protein_2649,GCF_000005845.2;protein_1641,GCF_053078305.1;protein_2642,GCF_048571455.1;protein_3196,,,,,,,,
GCF_004358365.1;protein_5436,GCF_048568965.1;protein_2650,GCF_000005845.2;protein_1640,GCF_053078305.1;protein_2643,GCF_048571455.1;protein_3195,,,,,,,,
GCF_004358365.1;protein_5437,GCF_048568965.1;protein_2651,GCF_000005845.2;protein_1639,GCF_053078305.1;protein_2644,GCF_048571455.1;protein_3194,,,,,,,,
GCF_004358365.1;protein_5438,GCF_048568965.1;protein_2652,GCF_000005845.2;protein_1638,GCF_053078305.1;protein_2645,GCF_048571455.1;protein_3193,,,,,,,,
GCF_004358365.1;protein_5439,GCF_048568965.1;protein_2653,GCF_000005845.2;protein_1637,GCF_053078305.1;protein_2646,GCF_048571455.1;protein_3192,,,,,,,,
GCF_004358365.1;protein_5440,GCF_048568965.1;protein_2654,GCF_000005845.2;protein_1636,GCF_053078305.1;protein_2647,GCF_048571455.1;protein_3191,,,,,,,,
GCF_004358365.1;protein_5441,GCF_048568965.1;protein_2655,GCF_000005845.2;protein_1635,GCF_053078305.1;protein_2648,GCF_048571455.1;protein_3190,,,,,,,,
GCF_004358365.1;protein_5442,GCF_048568965.1;protein_2656,GCF_000005845.2;protein_1634,GCF_053078305.1;protein_2649,GCF_048571455.1;protein_3189,,,,,,,,
GCF_004358365.1;protein_5443,GCF_048568965.1;protein_2657,GCF_000005845.2;protein_1633,GCF_053078305.1;protein_2650,GCF_048571455.1;protein_3188,,,,,,,,
GCF_004358365.1;protein_5444,GCF_048568965.1;protein_2658,GCF_000005845.2;protein_1632,GCF_053078305.1;protein_2651,GCF_048571455.1;protein_3187,,,,,,,,
GCF_004358365.1;protein_5445,GCF_048568965.1;protein_2659,GCF_000005845.2;protein_1631,GCF_053078305.1;protein_2652,GCF_048571455.1;protein_3186,,,,,,,,
GCF_004358365.1;protein_5446,GCF_048568965.1;protein_2660,GCF_000005845.2;protein_1630,GCF_053078305.1;protein_2653,GCF_048571455.1;protein_3185,,,,,,,,
GCF_004358365.1;protein_5447,GCF_048568965.1;protein_2661,GCF_000005845.2;protein_1629,GCF_053078305.1;protein_2654,GCF_048571455.1;protein_3184,,,,,,,,
GCF_004358365.1;protein_5448,GCF_048568965.1;protein_2662,GCF_000005845.2;protein_1628,GCF_053078305.1;protein_2655,GCF_048571455.1;protein_3183,,,,,,,,
GCF_004358365.1;protein_5449,GCF_048568965.1;protein_2663,GCF_000005845.2;protein_1627,GCF_053078305.1;protein_2656,GCF_048571455.1;protein_3182,,,,,,,,
GCF_004358365.1;protein_5450,GCF_048568965.1;protein_2664,GCF_000005845.2;protein_1626,GCF_053078305.1;protein_2657,GCF_048571455.1;protein_3181,,,,,,,,
GCF_004358365.1;protein_5451,GCF_048568965.1;protein_2665,GCF_000005845.2;protein_1625,GCF_053078305.1;protein_2658,GCF_048571455.1;protein_3180,,,,,,,,
GCF_004358365.1;protein_5452,GCF_048568965.1;protein_2666,GCF_000005845.2;protein_1624,GCF_053078305.1;protein_2659,GCF_048571455.1;protein_3179,,,,,,,,
GCF_004358365.1;protein_5453,GCF_048568965.1;protein_2667,GCF_000005845.2;protein_1623,GCF_053078305.1;protein_2660,GCF_048571455.1;protein_3178,,,,,,,,
GCF_004358365.1;protein_5454,GCF_048568965.1;protein_2668,GCF_000005845.2;protein_1622,GCF_053078305.1;protein_2661,GCF_048571455.1;protein_3177,,,,,,,,
GCF_004358365.1;protein_5455,GCF_048568965.1;protein_2669,GCF_000005845.2;protein_1621,GCF_053078305.1;protein_2662,GCF_048571455.1;protein_3176,,,,,,,,
GCF_004358365.1;protein_5456,GCF_048568965.1;protein_2670,GCF_000005845.2;protein_1620,GCF_053078305.1;protein_2663,GCF_048571455.1;protein_3175,,,,,,,,
GCF_004358365.1;protein_5457,GCF_048568965.1;protein_2671,GCF_000005845.2;protein_1619,GCF_053078305.1;protein_2664,GCF_048571455.1;protein_3174,,,,,,,,
GCF_004358365.1;protein_5458,GCF_048568965.1;protein_2672,GCF_000005845.2;protein_1618,GCF_053078305.1;protein_2665,GCF_048571455.1;protein_3173,,,,,,,,
GCF_004358365.1;protein_5459,GCF_048568965.1;protein_2673,GCF_000005845.2;protein_1617,GCF_053078305.1;protein_2666,GCF_048571455.1;protein_3172,,,,,,,,
GCF_004358365.1;protein_5460,GCF_048568965.1;protein_2674,GCF_000005845.2;protein_1616,GCF_053078305.1;protein_2667,GCF_048571455.1;protein_3171,,,,,,,,
GCF_004358365.1;protein_5461,GCF_048568965.1;protein_2675,GCF_000005845.2;protein_1615,GCF_053078305.1;protein_2668,GCF_048571455.1;protein_3170,,,,,,,,
GCF_004358365.1;protein_5462,GCF_048568965.1;protein_2676,GCF_000005845.2;protein_1614,GCF_053078305.1;protein_2669,GCF_048571455.1;protein_3169,,,,,,,,
GCF_004358365.1;protein_5463,GCF_048568965.1;protein_2677,GCF_000005845.2;protein_1613,GCF_053078305.1;protein_2670,GCF_048571455.1;protein_3168,,,,,,,,
GCF_004358365.1;protein_5464,GCF_048568965.1;protein_2678,GCF_000005845.2;protein_1612,GCF_053078305.1;protein_2671,GCF_048571455.1;protein_3167,,,,,,,,
GCF_004358365.1;protein_5465,GCF_048568965.1;protein_2679,GCF_000005845.2;protein_1611,GCF_053078305.1;protein_2672,GCF_048571455.1;protein_3166,,,,,,,,
GCF_004358365.1;protein_5466,GCF_048568965.1;protein_2680,GCF_000005845.2;protein_1610,GCF_053078305.1;protein_2673,GCF_048571455.1;protein_3165,,,,,,,,
GCF_004358365.1;protein_5467,GCF_048568965.1;protein_2681,GCF_000005845.2;protein_1609,GCF_053078305.1;protein_2674,GCF_048571455.1;protein_3164,,,,,,,,
GCF_004358365.1;protein_5468,GCF_048568965.1;protein_2682,GCF_000005845.2;protein_1608,GCF_053078305.1;protein_2675,GCF_048571455.1;protein_3163,,,,,,,,
GCF_004358365.1;protein_5469,GCF_048568965.1;protein_2683,GCF_000005845.2;protein_1607,GCF_053078305.1;protein_2676,GCF_048571455.1;protein_3162,,,,,,,,
GCF_004358365.1;protein_5470,GCF_048568965.1;protein_2684,GCF_000005845.2;protein_1606,GCF_053078305.1;protein_2677,GCF_048571455.1;protein_3161,,,,,,,,
GCF_004358365.1;protein_5471,GCF_048568965.1;protein_2685,GCF_000005845.2;protein_1605,GCF_053078305.1;protein_2678,GCF_048571455.1;protein_3160,,,,,,,,
GCF_004358365.1;protein_5472,GCF_048568965.1;protein_2686,GCF_000005845.2;protein_1604,GCF_053078305.1;protein_2679,GCF_048571455.1;protein_3159,,,,,,,,
GCF_004358365.1;protein_5473,GCF_048568965.1;protein_2687,GCF_000005845.2;protein_1603,GCF_053078305.1;protein_2680,GCF_048571455.1;protein_3158,,,,,,,,
GCF_004358365.1;protein_5474,GCF_048568965.1;protein_2688,GCF_000005845.2;protein_1602,GCF_053078305.1;protein_2681,GCF_048571455.1;protein_3157,,,,,,,,
GCF_004358365.1;protein_5475,GCF_048568965.1;protein_2689,GCF_000005845.2;protein_1601,GCF_053078305.1;protein_2682,GCF_048571455.1;protein_3156,,,,,,,,
GCF_004358365.1;protein_5476,GCF_048568965.1;protein_2690,GCF_000005845.2;protein_1600,GCF_053078305.1;protein_2683,GCF_048571455.1;protein_3155,,,,,,,,
GCF_004358365.1;protein_5477,GCF_048568965.1;protein_2691,GCF_000005845.2;protein_1599,GCF_053078305.1;protein_2684,GCF_048571455.1;protein_3154,,,,,,,,
GCF_004358365.1;protein_5478,GCF_048568965.1;protein_2692,GCF_000005845.2;protein_1598,GCF_053078305.1;protein_2685,GCF_048571455.1;protein_3153,,,,,,,,
GCF_004358365.1;protein_5479,GCF_048568965.1;protein_2693,GCF_000005845.2;protein_1597,GCF_053078305.1;protein_2686,GCF_048571455.1;protein_3152,,,,,,,,
GCF_004358365.1;protein_5480,GCF_048568965.1;protein_2694,GCF_000005845.2;protein_1596,GCF_053078305.1;protein_2687,GCF_048571455.1;protein_3151,,,,,,,,
GCF_004358365.1;protein_5481,GCF_048568965.1;protein_2695,GCF_000005845.2;protein_1595,GCF_053078305.1;protein_2688,GCF_048571455.1;protein_3150,,,,,,,,
GCF_004358365.1;protein_5482,GCF_048568965.1;protein_2696,GCF_000005845.2;protein_1594,GCF_053078305.1;protein_2689,GCF_048571455.1;protein_3149,,,,,,,,
GCF_004358365.1;protein_5483,GCF_048568965.1;protein_2697,GCF_000005845.2;protein_1593,GCF_053078305.1;protein_2690,GCF_048571455.1;protein_3148,,,,,,,,
GCF_004358365.1;protein_5484,GCF_048568965.1;protein_2723,,GCF_053078305.1;protein_2691,GCF_048571455.1;protein_3122,,,,,,,,
GCF_004358365.1;protein_5485,GCF_048568965.1;protein_2724,GCF_000005845.2;protein_1591,GCF_053078305.1;protein_2692,GCF_048571455.1;protein_3121,,,,,,,,
GCF_004358365.1;protein_5486,GCF_048568965.1;protein_2725,GCF_000005845.2;protein_1590,GCF_053078305.1;protein_2693,GCF_048571455.1;protein_3120,,,,,,,,
GCF_004358365.1;protein_5487,GCF_048568965.1;protein_2726,GCF_000005845.2;protein_1589,GCF_053078305.1;protein_2694,GCF_048571455.1;protein_3119,,,,,,,,
GCF_004358365.1;protein_5488,GCF_048568965.1;protein_2727,GCF_000005845.2;protein_1588,GCF_053078305.1;protein_2695,GCF_048571455.1;protein_3118,,,,,,,,
GCF_004358365.1;protein_5489,GCF_048568965.1;protein_2728,GCF_000005845.2;protein_1587,GCF_053078305.1;protein_2696,GCF_048571455.1;protein_3117,,,,,,,,
GCF_004358365.1;protein_5490,,,GCF_053078305.1;protein_2697,,,,,,,,,
GCF_004358365.1;protein_5491,GCF_048568965.1;protein_2730,GCF_000005845.2;protein_1586,GCF_053078305.1;protein_2698,GCF_048571455.1;protein_3115,,,,,,,,
GCF_004358365.1;protein_5492,GCF_048568965.1;protein_2731,GCF_000005845.2;protein_1585,GCF_053078305.1;protein_2699,GCF_048571455.1;protein_3114,,,,,,,,
GCF_004358365.1;protein_5493,GCF_048568965.1;protein_2732,GCF_000005845.2;protein_1584,GCF_053078305.1;protein_2700,GCF_048571455.1;protein_3113,,,,,,,,
GCF_004358365.1;protein_5494,GCF_048568965.1;protein_2733,GCF_000005845.2;protein_1583,GCF_053078305.1;protein_2701,GCF_048571455.1;protein_3112,,,,,,,,
GCF_004358365.1;protein_5495,GCF_048568965.1;protein_2734,GCF_000005845.2;protein_1582,GCF_053078305.1;protein_2702,GCF_048571455.1;protein_3111,,,,,,,,
GCF_004358365.1;protein_5496,GCF_048568965.1;protein_2735,GCF_000005845.2;protein_1581,GCF_053078305.1;protein_2703,GCF_048571455.1;protein_3110,,,,,,,,
GCF_004358365.1;protein_5497,GCF_048568965.1;protein_2736,GCF_000005845.2;protein_1580,GCF_053078305.1;protein_2704,GCF_048571455.1;protein_3109,,,,,,,,
GCF_004358365.1;protein_5498,GCF_048568965.1;protein_2737,GCF_000005845.2;protein_1579,GCF_053078305.1;protein_2705,GCF_048571455.1;protein_3108,,,,,,,,
GCF_004358365.1;protein_5499,GCF_048568965.1;protein_2738,GCF_000005845.2;protein_1578,GCF_053078305.1;protein_2706,GCF_048571455.1;protein_3107,,,,,,,,
GCF_004358365.1;protein_55,GCF_048568965.1;protein_2989,GCF_000005845.2;protein_1484,GCF_053078305.1;protein_2917,GCF_048571455.1;protein_2904,,,,,,,,
GCF_004358365.1;protein_5500,GCF_048568965.1;protein_2739,GCF_000005845.2;protein_1577,GCF_053078305.1;protein_2707,GCF_048571455.1;protein_3106,,,,,,,,
GCF_004358365.1;protein_5501,GCF_048568965.1;protein_2740,GCF_000005845.2;protein_1576,GCF_053078305.1;protein_2708,GCF_048571455.1;protein_3105,,,,,,,,
GCF_004358365.1;protein_5502,GCF_048568965.1;protein_2741,GCF_000005845.2;protein_1575,GCF_053078305.1;protein_2709,GCF_048571455.1;protein_3104,,,,,,,,
GCF_004358365.1;protein_5503,,GCF_000005845.2;protein_1574,GCF_053078305.1;protein_2710,GCF_048571455.1;protein_3103,,,,,,,,
GCF_004358365.1;protein_5504,,GCF_000005845.2;protein_1573,GCF_053078305.1;protein_2711,GCF_048571455.1;protein_3102,,,,,,,,
GCF_004358365.1;protein_5505,,GCF_000005845.2;protein_1572,GCF_053078305.1;protein_2712,GCF_048571455.1;protein_3101,,,,,,,,
GCF_004358365.1;protein_5506,,GCF_000005845.2;protein_1571,GCF_053078305.1;protein_2713,GCF_048571455.1;protein_3100,,,,,,,,
GCF_004358365.1;protein_5507,,GCF_000005845.2;protein_1570,GCF_053078305.1;protein_2714,GCF_048571455.1;protein_3099,,,,,,,,
GCF_004358365.1;protein_5508,GCF_048568965.1;protein_2806,,GCF_053078305.1;protein_2715,GCF_048571455.1;protein_3098,,,,,,,,
GCF_004358365.1;protein_5509,GCF_048568965.1;protein_2807,,GCF_053078305.1;protein_2716,,,,,,,,,
GCF_004358365.1;protein_5510,GCF_048568965.1;protein_2808,,,GCF_048571455.1;protein_3025,,,,,,,,
GCF_004358365.1;protein_5516,,GCF_000005845.2;protein_1563,GCF_053078305.1;protein_2238,GCF_048571455.1;protein_3019,,,,,,,,
GCF_004358365.1;protein_5517,,GCF_000005845.2;protein_1562,GCF_053078305.1;protein_2237,GCF_048571455.1;protein_3018,,,,,,,,
GCF_048568965.1;protein_2753,GCF_004358365.1;protein_5519,,GCF_053078305.1;protein_2235,GCF_048571455.1;protein_3084,GCF_053078305.1;protein_2725,GCF_048571455.1;protein_3016,,,,,,
GCF_053078305.1;protein_2234,GCF_048568965.1;protein_2818,,GCF_048571455.1;protein_3015,GCF_004358365.1;protein_5520,GCF_053078305.1;protein_2726,,,,,,,
GCF_004358365.1;protein_5522,,,,GCF_048571455.1;protein_3013,,,,,,,,
GCF_004358365.1;protein_5523,,,,GCF_048571455.1;protein_3012,,,,,,,,
GCF_004358365.1;protein_5525,,GCF_053078305.1;protein_2737,GCF_048571455.1;protein_3010,GCF_053078305.1;protein_2221,,,,,,,,
GCF_048571455.1;protein_3009,GCF_053078305.1;protein_2738,GCF_053078305.1;protein_2220,,GCF_004358365.1;protein_5526,,,,,,,,
GCF_053078305.1;protein_2219,GCF_004358365.1;protein_5527,GCF_053078305.1;protein_2739,,GCF_048571455.1;protein_3008,,,,,,,,
GCF_004358365.1;protein_5535,,,,GCF_048571455.1;protein_3002,,,,,,,,
GCF_004358365.1;protein_5541,,,,GCF_048571455.1;protein_2996,,,,,,,,
GCF_004358365.1;protein_5547,,,,GCF_048571455.1;protein_2990,,,,,,,,
GCF_004358365.1;protein_5556,,,,GCF_048571455.1;protein_2981,,,,,,,,
GCF_004358365.1;protein_5570,GCF_048571455.1;protein_2967,,GCF_048571455.1;protein_2684,GCF_048568965.1;protein_3050,,,,,,,,
GCF_004358365.1;protein_5571,GCF_048568965.1;protein_3049,,GCF_048571455.1;protein_2966,GCF_048571455.1;protein_2685,,,,,,,,
GCF_004358365.1;protein_5572,GCF_048568965.1;protein_3048,,,GCF_048571455.1;protein_2965,,,,,,,,
GCF_004358365.1;protein_5574,,,,GCF_048571455.1;protein_2963,,,,,,,,
GCF_004358365.1;protein_5576,,,,GCF_048571455.1;protein_2961,,,,,,,,
GCF_004358365.1;protein_5577,GCF_048568965.1;protein_3045,GCF_000005845.2;protein_1528,GCF_053078305.1;protein_2867,GCF_048571455.1;protein_2960,,,,,,,,
GCF_004358365.1;protein_5578,GCF_048568965.1;protein_3044,GCF_000005845.2;protein_1527,GCF_053078305.1;protein_2868,GCF_048571455.1;protein_2959,,,,,,,,
GCF_004358365.1;protein_5585,GCF_048568965.1;protein_6102,,,,,,,,,,,
GCF_004358365.1;protein_5586,GCF_048568965.1;protein_6101,,,,,,,,,,,
GCF_004358365.1;protein_5588,GCF_048568965.1;protein_6099,,,,,,,,,,,
GCF_004358365.1;protein_5589,GCF_048568965.1;protein_6098,,,,,,,,,,,
GCF_004358365.1;protein_5590,,GCF_048568965.1;protein_6097,GCF_004358365.1;protein_5704,,,,,,,,,
GCF_053078305.1;protein_5858,GCF_004358365.1;protein_5703,GCF_048568965.1;protein_6096,,GCF_004358365.1;protein_5591,GCF_004358365.1;protein_5705,,,,,,,
,GCF_048568965.1;protein_6095,GCF_004358365.1;protein_5706,GCF_004358365.1;protein_5592,,,,,,,,,
GCF_004358365.1;protein_5593,GCF_048568965.1;protein_6094,,,,,,,,,,,
,GCF_048568965.1;protein_6093,GCF_004358365.1;protein_5594,GCF_004358365.1;protein_5708,,,,,,,,,
GCF_004358365.1;protein_5595,GCF_048568965.1;protein_6092,,,,,,,,,,,
GCF_004358365.1;protein_5596,GCF_048568965.1;protein_6091,,,,,,,,,,,
GCF_004358365.1;protein_5597,GCF_048568965.1;protein_6090,,,,,,,,,,,
GCF_004358365.1;protein_5598,GCF_048568965.1;protein_6089,,,,,,,,,,,
GCF_004358365.1;protein_5599,GCF_048568965.1;protein_6088,,GCF_053078305.1;protein_5853,,,,,,,,,
GCF_004358365.1;protein_56,GCF_048568965.1;protein_2988,GCF_000005845.2;protein_1483,GCF_053078305.1;protein_2918,GCF_048571455.1;protein_2903,,,,,,,,
GCF_004358365.1;protein_5600,GCF_048568965.1;protein_6087,,,,,,,,,,,
GCF_004358365.1;protein_5601,GCF_048568965.1;protein_6086,,GCF_053078305.1;protein_5851,,,,,,,,,
GCF_004358365.1;protein_5602,GCF_048568965.1;protein_6085,,GCF_053078305.1;protein_5850,,,,,,,,,
GCF_004358365.1;protein_5603,GCF_048568965.1;protein_6084,,GCF_053078305.1;protein_5848,,,,,,,,,
GCF_004358365.1;protein_5604,GCF_048568965.1;protein_6083,,GCF_053078305.1;protein_5847,,,,,,,,,
GCF_004358365.1;protein_5605,GCF_048568965.1;protein_6082,,GCF_053078305.1;protein_5846,,,,,,,,,
GCF_004358365.1;protein_5606,GCF_048568965.1;protein_6081,,,,,,,,,,,
GCF_004358365.1;protein_5607,GCF_048568965.1;protein_6080,,GCF_053078305.1;protein_5844,,,,,,,,,
GCF_004358365.1;protein_5608,GCF_048568965.1;protein_6079,,GCF_053078305.1;protein_5843,,,,,,,,,
GCF_004358365.1;protein_5609,GCF_048568965.1;protein_6078,,GCF_053078305.1;protein_5842,,,,,,,,,
GCF_004358365.1;protein_561,GCF_048568965.1;protein_1931,,,GCF_048571455.1;protein_2434,,,,,,,,
GCF_004358365.1;protein_5610,GCF_048568965.1;protein_6077,,GCF_053078305.1;protein_5841,,,,,,,,,
GCF_004358365.1;protein_5611,GCF_048568965.1;protein_6076,,,,,,,,,,,
GCF_004358365.1;protein_5612,GCF_048568965.1;protein_6075,,,,,,,,,,,
GCF_004358365.1;protein_5618,GCF_048568965.1;protein_6071,,,,,,,,,,,
GCF_004358365.1;protein_5619,GCF_048568965.1;protein_6070,,,,,,,,,,,
GCF_004358365.1;protein_5629,GCF_048568965.1;protein_6060,,,,,,,,,,,
GCF_004358365.1;protein_5630,GCF_048568965.1;protein_6059,,,,,,,,,,,
GCF_004358365.1;protein_5631,GCF_048568965.1;protein_6058,,,,,,,,,,,
GCF_004358365.1;protein_5632,GCF_048568965.1;protein_6057,,,,,,,,,,,
GCF_004358365.1;protein_5633,GCF_048568965.1;protein_6056,,,,,,,,,,,
GCF_004358365.1;protein_5634,GCF_048568965.1;protein_6055,,,,,,,,,,,
GCF_004358365.1;protein_5636,GCF_048568965.1;protein_6053,,GCF_053078305.1;protein_5743,,,,,,,,,
GCF_004358365.1;protein_5637,GCF_048568965.1;protein_6052,,GCF_053078305.1;protein_5742,,,,,,,,,
GCF_004358365.1;protein_5638,GCF_048568965.1;protein_6051,,GCF_053078305.1;protein_5741,,,,,,,,,
GCF_004358365.1;protein_5639,GCF_048568965.1;protein_6050,,GCF_053078305.1;protein_5740,,,,,,,,,
GCF_004358365.1;protein_5640,GCF_048568965.1;protein_6049,,,,,,,,,,,
GCF_004358365.1;protein_5641,GCF_048568965.1;protein_6048,,,,,,,,,,,
GCF_004358365.1;protein_5642,GCF_048568965.1;protein_6047,,GCF_053078305.1;protein_5930,,,,,,,,,
GCF_004358365.1;protein_5643,,GCF_053078305.1;protein_6063,GCF_048568965.1;protein_6046,GCF_053078305.1;protein_5929,,,,,,,,
GCF_004358365.1;protein_5644,GCF_048568965.1;protein_6045,,GCF_053078305.1;protein_5928,,,,,,,,,
GCF_004358365.1;protein_5645,GCF_048568965.1;protein_6044,,,,,,,,,,,
GCF_004358365.1;protein_5646,GCF_048568965.1;protein_6043,,,,,,,,,,,
GCF_004358365.1;protein_5647,GCF_048568965.1;protein_6042,,,,,,,,,,,
GCF_004358365.1;protein_5649,GCF_048568965.1;protein_6040,,,,,,,,,,,
GCF_004358365.1;protein_5650,GCF_048568965.1;protein_6039,,,,,,,,,,,
GCF_004358365.1;protein_5651,GCF_048568965.1;protein_6038,,,,,,,,,,,
GCF_004358365.1;protein_5652,GCF_048568965.1;protein_6037,,,,,,,,,,,
GCF_004358365.1;protein_5656,GCF_048568965.1;protein_6032,,,,,,,,,,,
GCF_004358365.1;protein_5657,GCF_048568965.1;protein_6031,,GCF_053078305.1;protein_5779,,,,,,,,,
GCF_004358365.1;protein_5658,GCF_048568965.1;protein_6030,,GCF_053078305.1;protein_5778,,,,,,,,,
GCF_004358365.1;protein_5659,GCF_048568965.1;protein_6029,,,,,,,,,,,
GCF_004358365.1;protein_5660,GCF_048568965.1;protein_6028,,,,,,,,,,,
GCF_004358365.1;protein_5661,GCF_048568965.1;protein_6027,,,,,,,,,,,
GCF_004358365.1;protein_5662,GCF_048568965.1;protein_6026,,,,,,,,,,,
GCF_004358365.1;protein_5666,GCF_048568965.1;protein_5232,GCF_048571455.1;protein_598,,GCF_048568965.1;protein_6024,,,,,,,,
GCF_004358365.1;protein_5670,GCF_048568965.1;protein_6022,,,,,,,,,,,
GCF_004358365.1;protein_5671,GCF_048568965.1;protein_6021,,,,,,,,,,,
GCF_004358365.1;protein_5674,GCF_048568965.1;protein_6018,,,,,,,,,,,
GCF_004358365.1;protein_5675,GCF_048568965.1;protein_6017,,,,,,,,,,,
GCF_004358365.1;protein_5679,GCF_048568965.1;protein_6013,,,,,,,,,,,
GCF_053078305.1;protein_3482,GCF_048571455.1;protein_2427,GCF_048571455.1;protein_2658,GCF_004358365.1;protein_568,GCF_048568965.1;protein_1924,,GCF_053078305.1;protein_1859,,,,,,
GCF_004358365.1;protein_5680,GCF_048568965.1;protein_6012,,GCF_053078305.1;protein_5735,,,,,,,,,
GCF_004358365.1;protein_5681,,,GCF_053078305.1;protein_5776,,,,,,,,,
GCF_004358365.1;protein_5682,,,GCF_053078305.1;protein_5775,,,,,,,,,
GCF_004358365.1;protein_569,,,GCF_053078305.1;protein_3483,GCF_048571455.1;protein_2426,,,,,,,,
GCF_004358365.1;protein_57,GCF_048568965.1;protein_2987,GCF_000005845.2;protein_1482,GCF_053078305.1;protein_2919,GCF_048571455.1;protein_2902,,,,,,,,
GCF_004358365.1;protein_5701,,,GCF_053078305.1;protein_5936,,,,,,,,,
GCF_004358365.1;protein_5702,,,GCF_053078305.1;protein_5937,,,,,,,,,
,GCF_053078305.1;protein_5942,GCF_053078305.1;protein_6050,GCF_004358365.1;protein_5709,GCF_053078305.1;protein_5854,,,,,,,,
GCF_004358365.1;protein_571,GCF_048568965.1;protein_1921,,GCF_053078305.1;protein_3485,GCF_048571455.1;protein_2424,,,,,,,,
,GCF_053078305.1;protein_5943,GCF_053078305.1;protein_6049,GCF_053078305.1;protein_5885,GCF_004358365.1;protein_5710,,,,,,,,
,GCF_004358365.1;protein_5711,GCF_053078305.1;protein_6048,GCF_053078305.1;protein_5944,GCF_053078305.1;protein_5884,,,,,,,,
,GCF_053078305.1;protein_5883,GCF_053078305.1;protein_5945,GCF_053078305.1;protein_6047,GCF_004358365.1;protein_5712,,,,,,,,
GCF_004358365.1;protein_5718,,,GCF_053078305.1;protein_5947,,,,,,,,,
GCF_004358365.1;protein_5719,,,GCF_053078305.1;protein_5948,,,,,,,,,
GCF_004358365.1;protein_572,GCF_048568965.1;protein_1920,,GCF_053078305.1;protein_3486,GCF_048571455.1;protein_2423,,,,,,,,
GCF_004358365.1;protein_5720,,,GCF_053078305.1;protein_5949,,,,,,,,,
,GCF_004358365.1;protein_5723,GCF_053078305.1;protein_5880,GCF_053078305.1;protein_6044,GCF_053078305.1;protein_5954,,,,,,,,
GCF_053078305.1;protein_5955,GCF_004358365.1;protein_5724,,GCF_053078305.1;protein_5879,GCF_053078305.1;protein_6043,,,,,,,,
,GCF_053078305.1;protein_5878,GCF_053078305.1;protein_5956,GCF_053078305.1;protein_6042,GCF_004358365.1;protein_5725,,,,,,,,
GCF_053078305.1;protein_5957,,GCF_004358365.1;protein_5726,GCF_053078305.1;protein_6041,GCF_053078305.1;protein_5877,,,,,,,,
,GCF_053078305.1;protein_5876,GCF_004358365.1;protein_5727,GCF_053078305.1;protein_5958,GCF_053078305.1;protein_6040,,,,,,,,
,GCF_053078305.1;protein_5874,GCF_053078305.1;protein_6038,GCF_004358365.1;protein_5729,,,,,,,,,
GCF_004358365.1;protein_573,GCF_053078305.1;protein_3487,,GCF_048571455.1;protein_2422,GCF_048568965.1;protein_1919,GCF_048568965.1;protein_3606,,,,,,,
GCF_004358365.1;protein_5733,,,GCF_053078305.1;protein_5966,,,,,,,,,
GCF_004358365.1;protein_5734,,,GCF_053078305.1;protein_5967,,,,,,,,,
GCF_004358365.1;protein_5735,,,GCF_053078305.1;protein_5968,,,,,,,,,
GCF_004358365.1;protein_5738,,,GCF_053078305.1;protein_5973,,,,,,,,,
GCF_004358365.1;protein_5739,,,GCF_053078305.1;protein_5974,,,,,,,,,
GCF_053078305.1;protein_3488,,GCF_048571455.1;protein_2421,GCF_004358365.1;protein_574,GCF_048568965.1;protein_1918,GCF_048568965.1;protein_3607,,,,,,,
GCF_004358365.1;protein_5740,,,GCF_053078305.1;protein_5975,,,,,,,,,
GCF_004358365.1;protein_5741,,,GCF_053078305.1;protein_5976,,,,,,,,,
GCF_004358365.1;protein_5742,,,GCF_053078305.1;protein_5977,,,,,,,,,
GCF_004358365.1;protein_5743,,,GCF_053078305.1;protein_5978,,,,,,,,,
GCF_004358365.1;protein_5745,,,GCF_053078305.1;protein_5980,,,,,,,,,
GCF_004358365.1;protein_5746,,,GCF_053078305.1;protein_5981,,,,,,,,,
GCF_004358365.1;protein_5747,,,GCF_053078305.1;protein_5982,,,,,,,,,
GCF_004358365.1;protein_5749,,,GCF_053078305.1;protein_5983,,,,,,,,,
GCF_004358365.1;protein_5750,,,GCF_053078305.1;protein_5984,,,,,,,,,
GCF_004358365.1;protein_5751,,,GCF_053078305.1;protein_5985,,,,,,,,,
GCF_004358365.1;protein_5752,,,GCF_053078305.1;protein_5986,,,,,,,,,
GCF_004358365.1;protein_5753,,,GCF_053078305.1;protein_5987,,,,,,,,,
GCF_004358365.1;protein_5754,,,GCF_053078305.1;protein_5988,,,,,,,,,
GCF_004358365.1;protein_5755,,,GCF_053078305.1;protein_5989,,,,,,,,,
GCF_004358365.1;protein_5757,,,GCF_053078305.1;protein_5994,,,,,,,,,
GCF_004358365.1;protein_5758,,,GCF_053078305.1;protein_5996,,,,,,,,,
GCF_004358365.1;protein_5759,,,GCF_053078305.1;protein_5997,,,,,,,,,
GCF_004358365.1;protein_5760,,,GCF_053078305.1;protein_5998,,,,,,,,,
GCF_004358365.1;protein_5762,,,GCF_053078305.1;protein_6000,,,,,,,,,
GCF_004358365.1;protein_5763,,,GCF_053078305.1;protein_6001,,,,,,,,,
GCF_004358365.1;protein_5764,,,GCF_053078305.1;protein_6002,,,,,,,,,
GCF_004358365.1;protein_5765,,,GCF_053078305.1;protein_6003,,,,,,,,,
GCF_004358365.1;protein_5766,,,GCF_053078305.1;protein_6004,,,,,,,,,
GCF_004358365.1;protein_5767,,,GCF_053078305.1;protein_6005,,,,,,,,,
GCF_004358365.1;protein_5769,,,GCF_053078305.1;protein_6007,,,,,,,,,
GCF_004358365.1;protein_577,GCF_048568965.1;protein_1915,,,GCF_048571455.1;protein_2418,,,,,,,,
GCF_004358365.1;protein_5770,,,GCF_053078305.1;protein_6009,,,,,,,,,
GCF_004358365.1;protein_5771,,,GCF_053078305.1;protein_6010,,,,,,,,,
GCF_004358365.1;protein_5772,,,GCF_053078305.1;protein_6011,,,,,,,,,
GCF_004358365.1;protein_5774,,,GCF_053078305.1;protein_6014,,,,,,,,,
,GCF_004358365.1;protein_5776,GCF_053078305.1;protein_5887,GCF_053078305.1;protein_6016,,,,,,,,,
,GCF_053078305.1;protein_6020,GCF_053078305.1;protein_5891,GCF_004358365.1;protein_5780,,,,,,,,,
,GCF_004358365.1;protein_5781,GCF_053078305.1;protein_5777,GCF_053078305.1;protein_6021,GCF_053078305.1;protein_5892,,,,,,,,
GCF_004358365.1;protein_58,GCF_048568965.1;protein_2986,GCF_000005845.2;protein_1481,GCF_053078305.1;protein_2920,GCF_048571455.1;protein_2901,,,,,,,,
GCF_004358365.1;protein_581,GCF_048568965.1;protein_1911,,,GCF_048571455.1;protein_2414,,,,,,,,
GCF_004358365.1;protein_583,GCF_048568965.1;protein_1909,,,GCF_048571455.1;protein_2412,,,,,,,,
GCF_004358365.1;protein_588,GCF_048568965.1;protein_1904,,,GCF_048571455.1;protein_2407,,,,,,,,
GCF_004358365.1;protein_589,GCF_048568965.1;protein_1903,,,GCF_048571455.1;protein_2406,,,,,,,,
GCF_004358365.1;protein_59,GCF_048568965.1;protein_2985,GCF_000005845.2;protein_1480,GCF_053078305.1;protein_2921,GCF_048571455.1;protein_2900,,,,,,,,
GCF_004358365.1;protein_590,GCF_048568965.1;protein_1902,,,GCF_048571455.1;protein_2405,,,,,,,,
GCF_004358365.1;protein_591,GCF_048568965.1;protein_1901,,,GCF_048571455.1;protein_2404,,,,,,,,
GCF_004358365.1;protein_592,GCF_048568965.1;protein_1900,,,GCF_048571455.1;protein_2403,,,,,,,,
GCF_004358365.1;protein_593,,,,GCF_048571455.1;protein_2402,,,,,,,,
GCF_004358365.1;protein_596,,,,GCF_048571455.1;protein_2399,,,,,,,,
GCF_004358365.1;protein_598,,,,GCF_048571455.1;protein_2395,,,,,,,,
GCF_004358365.1;protein_599,GCF_048568965.1;protein_3624,,GCF_053078305.1;protein_3507,GCF_048571455.1;protein_2394,,,,,,,,
GCF_004358365.1;protein_600,,,,GCF_048571455.1;protein_2393,,,,,,,,
GCF_004358365.1;protein_602,,,,GCF_048571455.1;protein_2391,,,,,,,,
GCF_004358365.1;protein_603,GCF_048568965.1;protein_3629,,,GCF_048571455.1;protein_2390,,,,,,,,
GCF_004358365.1;protein_604,GCF_048571455.1;protein_2389,GCF_048568965.1;protein_3630,GCF_048568965.1;protein_5590,,,,,,,,,
GCF_004358365.1;protein_605,,,,GCF_048571455.1;protein_2388,,,,,,,,
GCF_004358365.1;protein_606,,,,GCF_048571455.1;protein_2387,,,,,,,,
,GCF_004358365.1;protein_607,GCF_048571455.1;protein_2386,GCF_048571455.1;protein_5750,,,,,,,,,
GCF_004358365.1;protein_608,GCF_048568965.1;protein_3631,,,GCF_048571455.1;protein_2385,,,,,,,,
GCF_004358365.1;protein_609,GCF_048568965.1;protein_3632,,,GCF_048571455.1;protein_2384,,,,,,,,
GCF_004358365.1;protein_61,GCF_048568965.1;protein_2983,GCF_000005845.2;protein_1478,GCF_053078305.1;protein_2923,GCF_048571455.1;protein_2898,,,,,,,,
GCF_004358365.1;protein_610,,,,GCF_048571455.1;protein_2383,,,,,,,,
GCF_048571455.1;protein_2382,GCF_048568965.1;protein_3637,,GCF_053078305.1;protein_3521,GCF_004358365.1;protein_611,,,,,,,,
GCF_004358365.1;protein_612,,,,GCF_048571455.1;protein_2381,,,,,,,,
GCF_004358365.1;protein_613,GCF_048568965.1;protein_3638,,GCF_053078305.1;protein_3522,GCF_048571455.1;protein_2380,,,,,,,,
GCF_004358365.1;protein_614,GCF_048568965.1;protein_3639,,GCF_053078305.1;protein_3523,GCF_048571455.1;protein_2379,,,,,,,,
GCF_004358365.1;protein_615,GCF_048568965.1;protein_3640,,GCF_053078305.1;protein_3524,GCF_048571455.1;protein_2378,,,,,,,,
GCF_004358365.1;protein_616,GCF_048568965.1;protein_3641,GCF_000005845.2;protein_983,GCF_053078305.1;protein_3525,GCF_048571455.1;protein_2377,,,,,,,,
GCF_004358365.1;protein_617,GCF_048568965.1;protein_3642,GCF_000005845.2;protein_982,GCF_053078305.1;protein_3526,GCF_048571455.1;protein_2376,,,,,,,,
GCF_004358365.1;protein_618,GCF_048568965.1;protein_3643,GCF_000005845.2;protein_981,GCF_053078305.1;protein_3527,GCF_048571455.1;protein_2375,,,,,,,,
GCF_004358365.1;protein_619,GCF_048568965.1;protein_3644,GCF_000005845.2;protein_980,GCF_053078305.1;protein_3528,GCF_048571455.1;protein_2374,,,,,,,,
GCF_004358365.1;protein_62,GCF_048568965.1;protein_2982,GCF_000005845.2;protein_1477,GCF_053078305.1;protein_2924,GCF_048571455.1;protein_2897,,,,,,,,
GCF_004358365.1;protein_620,GCF_048568965.1;protein_3645,GCF_000005845.2;protein_979,GCF_053078305.1;protein_3529,GCF_048571455.1;protein_2373,,,,,,,,
GCF_004358365.1;protein_621,GCF_048568965.1;protein_3646,GCF_000005845.2;protein_978,GCF_053078305.1;protein_3530,GCF_048571455.1;protein_2372,,,,,,,,
GCF_004358365.1;protein_622,GCF_048568965.1;protein_3647,GCF_000005845.2;protein_977,GCF_053078305.1;protein_3531,GCF_048571455.1;protein_2371,,,,,,,,
GCF_004358365.1;protein_623,GCF_048568965.1;protein_3648,GCF_000005845.2;protein_976,GCF_053078305.1;protein_3532,GCF_048571455.1;protein_2370,,,,,,,,
GCF_004358365.1;protein_624,GCF_048568965.1;protein_3649,GCF_000005845.2;protein_975,GCF_053078305.1;protein_3533,GCF_048571455.1;protein_2369,,,,,,,,
GCF_004358365.1;protein_625,GCF_048568965.1;protein_3650,GCF_000005845.2;protein_974,GCF_053078305.1;protein_3534,GCF_048571455.1;protein_2368,,,,,,,,
GCF_004358365.1;protein_626,GCF_048568965.1;protein_3651,GCF_000005845.2;protein_973,GCF_053078305.1;protein_3535,GCF_048571455.1;protein_2367,,,,,,,,
GCF_004358365.1;protein_627,GCF_048568965.1;protein_3652,GCF_000005845.2;protein_972,GCF_053078305.1;protein_3536,GCF_048571455.1;protein_2366,,,,,,,,
GCF_004358365.1;protein_628,GCF_048568965.1;protein_3653,GCF_000005845.2;protein_971,GCF_053078305.1;protein_3537,GCF_048571455.1;protein_2365,,,,,,,,
GCF_004358365.1;protein_629,GCF_048568965.1;protein_3654,GCF_000005845.2;protein_970,GCF_053078305.1;protein_3538,GCF_048571455.1;protein_2364,,,,,,,,
GCF_004358365.1;protein_63,GCF_048568965.1;protein_2981,GCF_000005845.2;protein_1475,GCF_053078305.1;protein_2925,GCF_048571455.1;protein_2896,,,,,,,,
GCF_004358365.1;protein_630,GCF_048568965.1;protein_3655,GCF_000005845.2;protein_969,GCF_053078305.1;protein_3539,GCF_048571455.1;protein_2363,,,,,,,,
GCF_004358365.1;protein_631,GCF_048568965.1;protein_3656,GCF_000005845.2;protein_968,GCF_053078305.1;protein_3540,GCF_048571455.1;protein_2362,,,,,,,,
GCF_004358365.1;protein_632,GCF_048568965.1;protein_3657,GCF_000005845.2;protein_967,GCF_053078305.1;protein_3541,GCF_048571455.1;protein_2361,,,,,,,,
GCF_053078305.1;protein_3542,GCF_048568965.1;protein_3658,GCF_000005845.2;protein_1550,GCF_048568965.1;protein_2768,GCF_004358365.1;protein_633,,GCF_048571455.1;protein_3070,GCF_048571455.1;protein_2360,GCF_000005845.2;protein_966,,,,
GCF_004358365.1;protein_634,GCF_048568965.1;protein_3659,GCF_000005845.2;protein_963,GCF_053078305.1;protein_3543,GCF_048571455.1;protein_2359,,,,,,,,
GCF_004358365.1;protein_635,GCF_048568965.1;protein_3660,GCF_000005845.2;protein_962,GCF_053078305.1;protein_3544,GCF_048571455.1;protein_2358,,,,,,,,
GCF_004358365.1;protein_636,GCF_048568965.1;protein_3661,GCF_000005845.2;protein_961,GCF_053078305.1;protein_3545,GCF_048571455.1;protein_2357,,,,,,,,
GCF_004358365.1;protein_637,GCF_048568965.1;protein_3662,GCF_000005845.2;protein_960,GCF_053078305.1;protein_3546,GCF_048571455.1;protein_2356,,,,,,,,
GCF_004358365.1;protein_638,GCF_048568965.1;protein_3663,GCF_000005845.2;protein_959,GCF_053078305.1;protein_3547,GCF_048571455.1;protein_2355,,,,,,,,
GCF_004358365.1;protein_639,GCF_048568965.1;protein_3664,GCF_000005845.2;protein_958,GCF_053078305.1;protein_3548,GCF_048571455.1;protein_2354,,,,,,,,
GCF_004358365.1;protein_64,GCF_048568965.1;protein_2980,GCF_000005845.2;protein_1474,GCF_053078305.1;protein_2926,GCF_048571455.1;protein_2895,,,,,,,,
GCF_004358365.1;protein_640,GCF_048568965.1;protein_3665,GCF_000005845.2;protein_957,GCF_053078305.1;protein_3549,,,,,,,,,
GCF_004358365.1;protein_641,GCF_048568965.1;protein_3666,GCF_000005845.2;protein_956,GCF_053078305.1;protein_3550,GCF_048571455.1;protein_2350,,,,,,,,
GCF_004358365.1;protein_642,GCF_048568965.1;protein_3667,GCF_000005845.2;protein_955,GCF_053078305.1;protein_3551,GCF_048571455.1;protein_2349,,,,,,,,
GCF_004358365.1;protein_643,GCF_048568965.1;protein_3668,GCF_000005845.2;protein_954,GCF_053078305.1;protein_3552,GCF_048571455.1;protein_2348,,,,,,,,
GCF_004358365.1;protein_644,GCF_048568965.1;protein_3669,GCF_000005845.2;protein_953,GCF_053078305.1;protein_3553,GCF_048571455.1;protein_2347,,,,,,,,
GCF_004358365.1;protein_645,GCF_048568965.1;protein_3670,GCF_000005845.2;protein_952,GCF_053078305.1;protein_3554,GCF_048571455.1;protein_2346,,,,,,,,
GCF_004358365.1;protein_646,GCF_048568965.1;protein_3671,GCF_000005845.2;protein_951,GCF_053078305.1;protein_3555,GCF_048571455.1;protein_2345,,,,,,,,
GCF_004358365.1;protein_647,GCF_048568965.1;protein_3672,GCF_000005845.2;protein_950,GCF_053078305.1;protein_3556,GCF_048571455.1;protein_2344,,,,,,,,
GCF_004358365.1;protein_648,GCF_048568965.1;protein_3673,GCF_000005845.2;protein_949,GCF_053078305.1;protein_3557,GCF_048571455.1;protein_2343,,,,,,,,
GCF_004358365.1;protein_649,GCF_048568965.1;protein_3674,GCF_000005845.2;protein_948,GCF_053078305.1;protein_3558,GCF_048571455.1;protein_2342,,,,,,,,
GCF_004358365.1;protein_65,GCF_048568965.1;protein_2979,GCF_000005845.2;protein_1473,GCF_053078305.1;protein_2927,GCF_048571455.1;protein_2894,,,,,,,,
GCF_004358365.1;protein_650,GCF_048568965.1;protein_3675,GCF_000005845.2;protein_947,GCF_053078305.1;protein_3559,GCF_048571455.1;protein_2341,,,,,,,,
GCF_004358365.1;protein_651,GCF_048568965.1;protein_3676,,,GCF_048571455.1;protein_2340,,,,,,,,
GCF_004358365.1;protein_653,GCF_048568965.1;protein_3678,,,GCF_048571455.1;protein_2338,,,,,,,,
GCF_004358365.1;protein_66,GCF_048568965.1;protein_2978,GCF_000005845.2;protein_1472,GCF_053078305.1;protein_2928,GCF_048571455.1;protein_2893,,,,,,,,
GCF_004358365.1;protein_67,GCF_048568965.1;protein_2977,GCF_000005845.2;protein_1471,GCF_053078305.1;protein_2929,GCF_048571455.1;protein_2892,,,,,,,,
GCF_004358365.1;protein_673,,,,GCF_048571455.1;protein_2318,,,,,,,,
GCF_004358365.1;protein_675,,,,GCF_048571455.1;protein_2316,,,,,,,,
GCF_004358365.1;protein_68,GCF_048568965.1;protein_2976,GCF_000005845.2;protein_1470,GCF_053078305.1;protein_2930,GCF_048571455.1;protein_2891,,,,,,,,
GCF_004358365.1;protein_681,GCF_048568965.1;protein_3706,,,GCF_048571455.1;protein_2310,,,,,,,,
GCF_004358365.1;protein_682,GCF_048568965.1;protein_3707,,,GCF_048571455.1;protein_2309,,,,,,,,
GCF_048571455.1;protein_2662,GCF_048571455.1;protein_2308,GCF_053078305.1;protein_2203,GCF_004358365.1;protein_683,,GCF_048568965.1;protein_3708,GCF_053078305.1;protein_3584,GCF_053078305.1;protein_2759,,,,,
GCF_004358365.1;protein_684,GCF_048568965.1;protein_3709,,GCF_053078305.1;protein_2204,GCF_048571455.1;protein_2307,,,,,,,,
GCF_004358365.1;protein_685,GCF_048568965.1;protein_3262,,GCF_053078305.1;protein_2205,GCF_048571455.1;protein_2306,,,,,,,,
GCF_004358365.1;protein_69,GCF_048568965.1;protein_2975,GCF_000005845.2;protein_1469,GCF_053078305.1;protein_2931,GCF_048571455.1;protein_2890,,,,,,,,
GCF_004358365.1;protein_690,,,,GCF_048571455.1;protein_2300,,,,,,,,
GCF_053078305.1;protein_2213,GCF_048571455.1;protein_2653,GCF_048568965.1;protein_3270,GCF_004358365.1;protein_692,,GCF_048571455.1;protein_2298,GCF_053078305.1;protein_2745,GCF_053078305.1;protein_3597,,,,,
GCF_004358365.1;protein_694,GCF_048568965.1;protein_3272,,,GCF_048571455.1;protein_2296,,,,,,,,
GCF_004358365.1;protein_7,GCF_048568965.1;protein_3036,,,GCF_048571455.1;protein_2951,,,,,,,,
GCF_004358365.1;protein_70,GCF_048568965.1;protein_2974,GCF_000005845.2;protein_1468,GCF_053078305.1;protein_2932,GCF_048571455.1;protein_2889,,,,,,,,
GCF_004358365.1;protein_700,,,,GCF_048571455.1;protein_2290,,,,,,,,
GCF_004358365.1;protein_703,,,,GCF_048571455.1;protein_2286,,,,,,,,
GCF_004358365.1;protein_704,,,,GCF_048571455.1;protein_2285,,,,,,,,
GCF_004358365.1;protein_992,GCF_053078305.1;protein_2233,GCF_004358365.1;protein_705,,GCF_048568965.1;protein_3944,,,,,,,,
GCF_004358365.1;protein_707,,,,GCF_048571455.1;protein_2282,,,,,,,,
GCF_004358365.1;protein_709,,,,GCF_048571455.1;protein_2280,,,,,,,,
GCF_004358365.1;protein_71,GCF_048568965.1;protein_2973,GCF_000005845.2;protein_1467,GCF_053078305.1;protein_2933,GCF_048571455.1;protein_2888,,,,,,,,
GCF_004358365.1;protein_710,,,,GCF_048571455.1;protein_2279,,,,,,,,
GCF_004358365.1;protein_711,GCF_048568965.1;protein_2813,,,,,,,,,,,
GCF_048568965.1;protein_2747,GCF_004358365.1;protein_712,,GCF_048571455.1;protein_2277,GCF_048571455.1;protein_3090,GCF_000005845.2;protein_1567,,,,,,,
GCF_048571455.1;protein_3091,GCF_004358365.1;protein_713,GCF_048571455.1;protein_2276,,GCF_048568965.1;protein_2746,GCF_000005845.2;protein_1568,,,,,,,
GCF_004358365.1;protein_715,GCF_048568965.1;protein_3294,,,GCF_048571455.1;protein_2274,,,,,,,,
GCF_004358365.1;protein_716,GCF_048568965.1;protein_3295,,,GCF_048571455.1;protein_2273,,,,,,,,
GCF_004358365.1;protein_717,,,,GCF_048571455.1;protein_2272,,,,,,,,
GCF_004358365.1;protein_718,,,,GCF_048571455.1;protein_2271,,,,,,,,
GCF_004358365.1;protein_719,GCF_048568965.1;protein_3296,GCF_000005845.2;protein_1098,GCF_053078305.1;protein_3313,GCF_048571455.1;protein_2270,,,,,,,,
GCF_004358365.1;protein_72,GCF_048568965.1;protein_2972,GCF_000005845.2;protein_1466,GCF_053078305.1;protein_2934,GCF_048571455.1;protein_2887,,,,,,,,
GCF_004358365.1;protein_720,GCF_048568965.1;protein_3297,GCF_000005845.2;protein_1097,GCF_053078305.1;protein_3314,GCF_048571455.1;protein_2269,,,,,,,,
GCF_004358365.1;protein_721,GCF_048568965.1;protein_3298,,,GCF_048571455.1;protein_2268,,,,,,,,
GCF_004358365.1;protein_722,GCF_048568965.1;protein_3299,GCF_000005845.2;protein_1095,,GCF_048571455.1;protein_2267,,,,,,,,
GCF_048571455.1;protein_2266,GCF_053078305.1;protein_3315,GCF_000005845.2;protein_1093,GCF_000005845.2;protein_1094,,GCF_004358365.1;protein_723,GCF_048568965.1;protein_3300,,,,,,
GCF_004358365.1;protein_724,GCF_048568965.1;protein_3301,GCF_000005845.2;protein_1092,GCF_053078305.1;protein_3316,GCF_048571455.1;protein_2265,,,,,,,,
GCF_004358365.1;protein_725,GCF_048568965.1;protein_3302,GCF_000005845.2;protein_1091,GCF_053078305.1;protein_3317,GCF_048571455.1;protein_2264,,,,,,,,
GCF_004358365.1;protein_726,GCF_048568965.1;protein_3303,GCF_000005845.2;protein_1090,GCF_053078305.1;protein_3318,GCF_048571455.1;protein_2263,,,,,,,,
GCF_004358365.1;protein_727,GCF_048568965.1;protein_3304,GCF_000005845.2;protein_1089,GCF_053078305.1;protein_3319,GCF_048571455.1;protein_2262,,,,,,,,
GCF_004358365.1;protein_728,GCF_048568965.1;protein_3305,GCF_000005845.2;protein_1088,GCF_053078305.1;protein_3320,GCF_048571455.1;protein_2261,,,,,,,,
GCF_004358365.1;protein_729,GCF_048568965.1;protein_3306,GCF_000005845.2;protein_1087,GCF_053078305.1;protein_3321,GCF_048571455.1;protein_2260,,,,,,,,
GCF_004358365.1;protein_73,GCF_048568965.1;protein_2971,GCF_000005845.2;protein_1465,GCF_053078305.1;protein_2935,GCF_048571455.1;protein_2886,,,,,,,,
GCF_004358365.1;protein_730,GCF_048568965.1;protein_3307,GCF_000005845.2;protein_1086,GCF_053078305.1;protein_3322,GCF_048571455.1;protein_2259,,,,,,,,
GCF_004358365.1;protein_731,GCF_048568965.1;protein_3308,GCF_000005845.2;protein_1085,GCF_053078305.1;protein_3323,GCF_048571455.1;protein_2258,,,,,,,,
GCF_004358365.1;protein_732,GCF_048568965.1;protein_3309,GCF_000005845.2;protein_1084,GCF_053078305.1;protein_3324,GCF_048571455.1;protein_2257,,,,,,,,
GCF_004358365.1;protein_733,GCF_048568965.1;protein_3310,GCF_000005845.2;protein_1083,GCF_053078305.1;protein_3325,GCF_048571455.1;protein_2256,,,,,,,,
GCF_004358365.1;protein_734,GCF_048568965.1;protein_3311,GCF_000005845.2;protein_1082,GCF_053078305.1;protein_3326,GCF_048571455.1;protein_2255,,,,,,,,
GCF_004358365.1;protein_735,GCF_048568965.1;protein_3312,GCF_000005845.2;protein_1081,GCF_053078305.1;protein_3327,GCF_048571455.1;protein_2254,,,,,,,,
GCF_004358365.1;protein_736,GCF_048568965.1;protein_3313,GCF_000005845.2;protein_1080,GCF_053078305.1;protein_3328,GCF_048571455.1;protein_2253,,,,,,,,
GCF_004358365.1;protein_737,GCF_048568965.1;protein_3314,GCF_000005845.2;protein_1079,GCF_053078305.1;protein_3329,GCF_048571455.1;protein_2252,,,,,,,,
GCF_004358365.1;protein_738,GCF_048568965.1;protein_3315,GCF_000005845.2;protein_1078,GCF_053078305.1;protein_3330,GCF_048571455.1;protein_2251,,,,,,,,
GCF_004358365.1;protein_739,GCF_048568965.1;protein_3316,GCF_000005845.2;protein_1077,GCF_053078305.1;protein_3331,GCF_048571455.1;protein_2250,,,,,,,,
GCF_004358365.1;protein_74,GCF_048568965.1;protein_2970,GCF_000005845.2;protein_1464,GCF_053078305.1;protein_2936,GCF_048571455.1;protein_2885,,,,,,,,
GCF_004358365.1;protein_740,GCF_048568965.1;protein_3317,GCF_000005845.2;protein_1076,GCF_053078305.1;protein_3332,GCF_048571455.1;protein_2249,,,,,,,,
GCF_004358365.1;protein_741,GCF_048568965.1;protein_3318,GCF_000005845.2;protein_1075,GCF_053078305.1;protein_3333,GCF_048571455.1;protein_2248,,,,,,,,
GCF_004358365.1;protein_742,GCF_048568965.1;protein_3319,GCF_000005845.2;protein_1074,GCF_053078305.1;protein_3334,GCF_048571455.1;protein_2247,,,,,,,,
GCF_004358365.1;protein_743,GCF_048568965.1;protein_3320,GCF_000005845.2;protein_1073,GCF_053078305.1;protein_3335,GCF_048571455.1;protein_2246,,,,,,,,
GCF_004358365.1;protein_744,GCF_048568965.1;protein_3321,GCF_000005845.2;protein_1072,GCF_053078305.1;protein_3336,GCF_048571455.1;protein_2245,,,,,,,,
GCF_004358365.1;protein_745,GCF_048568965.1;protein_3322,GCF_000005845.2;protein_1071,GCF_053078305.1;protein_3337,GCF_048571455.1;protein_2244,,,,,,,,
GCF_004358365.1;protein_746,GCF_048568965.1;protein_3323,GCF_000005845.2;protein_1070,GCF_053078305.1;protein_3338,GCF_048571455.1;protein_2243,,,,,,,,
GCF_004358365.1;protein_747,GCF_048568965.1;protein_3324,GCF_000005845.2;protein_1069,GCF_053078305.1;protein_3339,GCF_048571455.1;protein_2242,,,,,,,,
GCF_004358365.1;protein_748,GCF_048568965.1;protein_3325,GCF_000005845.2;protein_1068,GCF_053078305.1;protein_3340,GCF_048571455.1;protein_2241,,,,,,,,
GCF_004358365.1;protein_749,GCF_048568965.1;protein_3326,GCF_000005845.2;protein_1067,GCF_053078305.1;protein_3341,GCF_048571455.1;protein_2240,,,,,,,,
GCF_004358365.1;protein_75,GCF_048568965.1;protein_2969,GCF_000005845.2;protein_1463,GCF_053078305.1;protein_2937,GCF_048571455.1;protein_2884,,,,,,,,
GCF_004358365.1;protein_750,GCF_048568965.1;protein_3327,GCF_000005845.2;protein_1066,GCF_053078305.1;protein_3342,GCF_048571455.1;protein_2239,,,,,,,,
GCF_004358365.1;protein_751,GCF_048568965.1;protein_3328,GCF_000005845.2;protein_1065,GCF_053078305.1;protein_3343,GCF_048571455.1;protein_2238,,,,,,,,
GCF_004358365.1;protein_752,GCF_048568965.1;protein_3329,GCF_000005845.2;protein_1064,GCF_053078305.1;protein_3344,GCF_048571455.1;protein_2237,,,,,,,,
GCF_004358365.1;protein_753,GCF_048568965.1;protein_3330,GCF_000005845.2;protein_1063,GCF_053078305.1;protein_3345,GCF_048571455.1;protein_2236,,,,,,,,
GCF_004358365.1;protein_754,GCF_048568965.1;protein_3331,GCF_000005845.2;protein_1062,GCF_053078305.1;protein_3346,GCF_048571455.1;protein_2235,,,,,,,,
GCF_004358365.1;protein_755,GCF_048568965.1;protein_3332,GCF_000005845.2;protein_1061,GCF_053078305.1;protein_3347,GCF_048571455.1;protein_2234,,,,,,,,
GCF_004358365.1;protein_756,GCF_048568965.1;protein_3333,GCF_000005845.2;protein_1060,GCF_053078305.1;protein_3348,GCF_048571455.1;protein_2233,,,,,,,,
GCF_004358365.1;protein_757,GCF_048568965.1;protein_3334,GCF_000005845.2;protein_1059,GCF_053078305.1;protein_3349,GCF_048571455.1;protein_2232,,,,,,,,
GCF_004358365.1;protein_758,GCF_048568965.1;protein_3335,GCF_000005845.2;protein_1057,GCF_053078305.1;protein_3350,GCF_048571455.1;protein_2231,,,,,,,,
GCF_004358365.1;protein_759,GCF_048568965.1;protein_3336,GCF_000005845.2;protein_1056,GCF_053078305.1;protein_3351,GCF_048571455.1;protein_2230,,,,,,,,
GCF_004358365.1;protein_76,GCF_048568965.1;protein_2968,GCF_000005845.2;protein_1462,GCF_053078305.1;protein_2938,GCF_048571455.1;protein_2883,,,,,,,,
GCF_004358365.1;protein_760,GCF_048568965.1;protein_3337,GCF_000005845.2;protein_1055,GCF_053078305.1;protein_3352,GCF_048571455.1;protein_2229,,,,,,,,
GCF_004358365.1;protein_761,GCF_048568965.1;protein_3338,GCF_000005845.2;protein_1054,GCF_053078305.1;protein_3353,GCF_048571455.1;protein_2228,,,,,,,,
GCF_004358365.1;protein_762,GCF_048568965.1;protein_3339,GCF_000005845.2;protein_1053,GCF_053078305.1;protein_3354,GCF_048571455.1;protein_2227,,,,,,,,
GCF_004358365.1;protein_763,GCF_048568965.1;protein_3340,GCF_000005845.2;protein_1052,GCF_053078305.1;protein_3355,GCF_048571455.1;protein_2226,,,,,,,,
GCF_004358365.1;protein_764,GCF_048568965.1;protein_3341,GCF_000005845.2;protein_1051,GCF_053078305.1;protein_3356,GCF_048571455.1;protein_2225,,,,,,,,
GCF_004358365.1;protein_765,GCF_048568965.1;protein_3342,GCF_000005845.2;protein_1050,GCF_053078305.1;protein_3357,GCF_048571455.1;protein_2224,,,,,,,,
GCF_004358365.1;protein_766,GCF_048568965.1;protein_3343,GCF_000005845.2;protein_1049,GCF_053078305.1;protein_3358,GCF_048571455.1;protein_2223,,,,,,,,
GCF_004358365.1;protein_767,GCF_048568965.1;protein_3344,GCF_000005845.2;protein_1048,GCF_053078305.1;protein_3359,GCF_048571455.1;protein_2222,,,,,,,,
GCF_004358365.1;protein_768,GCF_048568965.1;protein_3345,GCF_000005845.2;protein_1047,GCF_053078305.1;protein_3360,GCF_048571455.1;protein_2221,,,,,,,,
GCF_004358365.1;protein_769,GCF_048568965.1;protein_3346,GCF_000005845.2;protein_1046,GCF_053078305.1;protein_3361,,,,,,,,,
GCF_004358365.1;protein_77,GCF_048568965.1;protein_2967,GCF_000005845.2;protein_1461,GCF_053078305.1;protein_2939,GCF_048571455.1;protein_2882,,,,,,,,
GCF_004358365.1;protein_770,GCF_048568965.1;protein_3347,GCF_000005845.2;protein_1045,GCF_053078305.1;protein_3362,GCF_048571455.1;protein_2219,,,,,,,,
GCF_004358365.1;protein_771,GCF_048568965.1;protein_3348,GCF_000005845.2;protein_1044,GCF_053078305.1;protein_3363,GCF_048571455.1;protein_2218,,,,,,,,
GCF_004358365.1;protein_772,GCF_048568965.1;protein_3349,GCF_000005845.2;protein_1043,GCF_053078305.1;protein_3364,GCF_048571455.1;protein_2217,,,,,,,,
GCF_004358365.1;protein_773,GCF_048568965.1;protein_3350,GCF_000005845.2;protein_1042,GCF_053078305.1;protein_3365,GCF_048571455.1;protein_2216,,,,,,,,
GCF_004358365.1;protein_774,GCF_048568965.1;protein_3351,GCF_000005845.2;protein_1041,GCF_053078305.1;protein_3366,GCF_048571455.1;protein_2215,,,,,,,,
GCF_004358365.1;protein_775,GCF_048568965.1;protein_3352,GCF_000005845.2;protein_1040,GCF_053078305.1;protein_3367,GCF_048571455.1;protein_2214,,,,,,,,
GCF_004358365.1;protein_776,GCF_048568965.1;protein_3353,GCF_000005845.2;protein_1039,GCF_053078305.1;protein_3368,GCF_048571455.1;protein_2213,,,,,,,,
GCF_004358365.1;protein_777,GCF_048568965.1;protein_3354,GCF_000005845.2;protein_1038,GCF_053078305.1;protein_3369,GCF_048571455.1;protein_2212,,,,,,,,
GCF_004358365.1;protein_778,GCF_048568965.1;protein_3355,GCF_000005845.2;protein_1037,GCF_053078305.1;protein_3370,GCF_048571455.1;protein_2211,,,,,,,,
GCF_004358365.1;protein_779,GCF_048568965.1;protein_3356,GCF_000005845.2;protein_1036,GCF_053078305.1;protein_3371,GCF_048571455.1;protein_2210,,,,,,,,
GCF_004358365.1;protein_78,GCF_048568965.1;protein_2966,GCF_000005845.2;protein_1460,GCF_053078305.1;protein_2940,GCF_048571455.1;protein_2881,,,,,,,,
GCF_004358365.1;protein_780,GCF_048568965.1;protein_3357,GCF_000005845.2;protein_1035,GCF_053078305.1;protein_3372,GCF_048571455.1;protein_2209,,,,,,,,
GCF_004358365.1;protein_781,GCF_048568965.1;protein_3358,GCF_000005845.2;protein_1034,GCF_053078305.1;protein_3373,GCF_048571455.1;protein_2208,,,,,,,,
GCF_004358365.1;protein_782,GCF_048568965.1;protein_3359,GCF_000005845.2;protein_1033,GCF_053078305.1;protein_3374,GCF_048571455.1;protein_2207,,,,,,,,
GCF_004358365.1;protein_783,GCF_048568965.1;protein_3360,GCF_000005845.2;protein_1032,GCF_053078305.1;protein_3375,GCF_048571455.1;protein_2206,,,,,,,,
GCF_004358365.1;protein_784,GCF_048568965.1;protein_3361,GCF_000005845.2;protein_1031,GCF_053078305.1;protein_3376,GCF_048571455.1;protein_2205,,,,,,,,
GCF_004358365.1;protein_785,GCF_048568965.1;protein_3362,GCF_000005845.2;protein_1030,GCF_053078305.1;protein_3377,GCF_048571455.1;protein_2204,,,,,,,,
GCF_004358365.1;protein_786,GCF_048568965.1;protein_3363,GCF_000005845.2;protein_1029,GCF_053078305.1;protein_3378,GCF_048571455.1;protein_2203,,,,,,,,
GCF_004358365.1;protein_787,GCF_048568965.1;protein_3364,GCF_000005845.2;protein_1028,GCF_053078305.1;protein_3379,GCF_048571455.1;protein_2202,,,,,,,,
GCF_004358365.1;protein_788,GCF_048568965.1;protein_3365,GCF_000005845.2;protein_1027,GCF_053078305.1;protein_3380,GCF_048571455.1;protein_2201,,,,,,,,
GCF_004358365.1;protein_789,GCF_048568965.1;protein_3366,GCF_000005845.2;protein_1026,GCF_053078305.1;protein_3381,GCF_048571455.1;protein_2200,,,,,,,,
GCF_004358365.1;protein_79,GCF_048568965.1;protein_2965,GCF_000005845.2;protein_1459,GCF_053078305.1;protein_2941,GCF_048571455.1;protein_2880,,,,,,,,
GCF_004358365.1;protein_790,GCF_048568965.1;protein_3367,GCF_000005845.2;protein_1025,GCF_053078305.1;protein_3382,GCF_048571455.1;protein_2199,,,,,,,,
GCF_004358365.1;protein_791,GCF_048568965.1;protein_3368,GCF_000005845.2;protein_1024,GCF_053078305.1;protein_3383,GCF_048571455.1;protein_2198,,,,,,,,
GCF_004358365.1;protein_792,GCF_048568965.1;protein_3369,GCF_000005845.2;protein_1023,GCF_053078305.1;protein_3384,GCF_048571455.1;protein_2197,,,,,,,,
GCF_004358365.1;protein_793,GCF_048568965.1;protein_3370,GCF_000005845.2;protein_1022,GCF_053078305.1;protein_3385,GCF_048571455.1;protein_2196,,,,,,,,
GCF_004358365.1;protein_794,GCF_048568965.1;protein_3371,GCF_000005845.2;protein_1021,GCF_053078305.1;protein_3386,GCF_048571455.1;protein_2195,,,,,,,,
GCF_004358365.1;protein_795,GCF_048568965.1;protein_3372,GCF_000005845.2;protein_1020,GCF_053078305.1;protein_3387,GCF_048571455.1;protein_2194,,,,,,,,
GCF_004358365.1;protein_796,GCF_048568965.1;protein_3373,GCF_000005845.2;protein_1019,GCF_053078305.1;protein_3388,GCF_048571455.1;protein_2193,,,,,,,,
GCF_004358365.1;protein_797,GCF_048568965.1;protein_3374,GCF_000005845.2;protein_1018,GCF_053078305.1;protein_3389,GCF_048571455.1;protein_2192,,,,,,,,
GCF_004358365.1;protein_798,GCF_048568965.1;protein_3375,GCF_000005845.2;protein_1017,GCF_053078305.1;protein_3390,GCF_048571455.1;protein_2191,,,,,,,,
GCF_004358365.1;protein_799,GCF_048568965.1;protein_3376,GCF_000005845.2;protein_1016,GCF_053078305.1;protein_3391,GCF_048571455.1;protein_2190,,,,,,,,
GCF_004358365.1;protein_8,GCF_048568965.1;protein_3035,GCF_000005845.2;protein_1520,GCF_053078305.1;protein_2875,GCF_048571455.1;protein_2950,,,,,,,,
GCF_004358365.1;protein_80,GCF_048568965.1;protein_2964,GCF_000005845.2;protein_1458,GCF_053078305.1;protein_2942,GCF_048571455.1;protein_2879,,,,,,,,
GCF_004358365.1;protein_800,GCF_048568965.1;protein_3377,GCF_000005845.2;protein_1015,GCF_053078305.1;protein_3392,GCF_048571455.1;protein_2189,,,,,,,,
GCF_004358365.1;protein_801,GCF_048568965.1;protein_3378,GCF_000005845.2;protein_1014,GCF_053078305.1;protein_3393,GCF_048571455.1;protein_2188,,,,,,,,
GCF_004358365.1;protein_802,GCF_048568965.1;protein_3379,GCF_000005845.2;protein_1013,GCF_053078305.1;protein_3394,GCF_048571455.1;protein_2187,,,,,,,,
GCF_004358365.1;protein_803,GCF_048568965.1;protein_3380,GCF_000005845.2;protein_1012,GCF_053078305.1;protein_3395,GCF_048571455.1;protein_2186,,,,,,,,
GCF_004358365.1;protein_804,GCF_048568965.1;protein_3381,GCF_000005845.2;protein_1011,GCF_053078305.1;protein_3396,GCF_048571455.1;protein_2185,,,,,,,,
GCF_004358365.1;protein_805,GCF_048568965.1;protein_3382,GCF_000005845.2;protein_1010,GCF_053078305.1;protein_3397,GCF_048571455.1;protein_2184,,,,,,,,
GCF_004358365.1;protein_806,GCF_048568965.1;protein_3383,GCF_000005845.2;protein_1009,GCF_053078305.1;protein_3398,GCF_048571455.1;protein_2183,,,,,,,,
GCF_004358365.1;protein_807,GCF_048568965.1;protein_3384,GCF_000005845.2;protein_1008,GCF_053078305.1;protein_3399,GCF_048571455.1;protein_2182,,,,,,,,
GCF_004358365.1;protein_808,GCF_048568965.1;protein_3385,GCF_000005845.2;protein_1007,GCF_053078305.1;protein_3400,GCF_048571455.1;protein_2181,,,,,,,,
GCF_004358365.1;protein_809,GCF_053078305.1;protein_4357,GCF_048568965.1;protein_3386,GCF_048571455.1;protein_2180,,GCF_053078305.1;protein_4931,GCF_053078305.1;protein_794,GCF_053078305.1;protein_5303,,,,,
GCF_004358365.1;protein_81,GCF_048568965.1;protein_2963,GCF_000005845.2;protein_1457,,GCF_048571455.1;protein_2878,,,,,,,,
GCF_004358365.1;protein_818,GCF_048568965.1;protein_3395,,,GCF_048571455.1;protein_2170,,,,,,,,
GCF_004358365.1;protein_819,GCF_048568965.1;protein_3396,,,GCF_048571455.1;protein_2169,,,,,,,,
GCF_004358365.1;protein_82,GCF_048568965.1;protein_2962,,,GCF_048571455.1;protein_2877,,,,,,,,
GCF_004358365.1;protein_820,GCF_048568965.1;protein_3397,,,GCF_048571455.1;protein_2168,,,,,,,,
GCF_004358365.1;protein_823,GCF_048568965.1;protein_3400,,,GCF_048571455.1;protein_2165,,,,,,,,
GCF_004358365.1;protein_824,GCF_048568965.1;protein_3401,,,GCF_048571455.1;protein_2164,,,,,,,,
GCF_004358365.1;protein_826,GCF_048568965.1;protein_3403,,,GCF_048571455.1;protein_2162,,,,,,,,
GCF_004358365.1;protein_827,GCF_048568965.1;protein_3404,,,GCF_048571455.1;protein_2161,,,,,,,,
GCF_004358365.1;protein_828,GCF_048568965.1;protein_3405,,,GCF_048571455.1;protein_2160,,,,,,,,
GCF_004358365.1;protein_829,GCF_048568965.1;protein_3406,,,GCF_048571455.1;protein_2159,,,,,,,,
GCF_004358365.1;protein_83,GCF_048568965.1;protein_2961,GCF_000005845.2;protein_1455,GCF_053078305.1;protein_2947,GCF_048571455.1;protein_2876,,,,,,,,
GCF_004358365.1;protein_830,GCF_048568965.1;protein_3407,,,GCF_048571455.1;protein_2158,,,,,,,,
GCF_004358365.1;protein_831,GCF_048568965.1;protein_3408,,,GCF_048571455.1;protein_2157,,,,,,,,
GCF_004358365.1;protein_832,GCF_048568965.1;protein_3409,,,GCF_048571455.1;protein_2156,,,,,,,,
GCF_004358365.1;protein_834,GCF_048568965.1;protein_3411,,,GCF_048571455.1;protein_2154,,,,,,,,
GCF_004358365.1;protein_835,GCF_048568965.1;protein_3412,,,GCF_048571455.1;protein_2153,,,,,,,,
GCF_004358365.1;protein_836,GCF_048568965.1;protein_3413,,,GCF_048571455.1;protein_2152,,,,,,,,
GCF_004358365.1;protein_837,GCF_048568965.1;protein_3414,,,GCF_048571455.1;protein_2151,,,,,,,,
GCF_004358365.1;protein_838,GCF_048568965.1;protein_3415,,,GCF_048571455.1;protein_2150,,,,,,,,
GCF_004358365.1;protein_839,GCF_048568965.1;protein_3416,,GCF_053078305.1;protein_5234,GCF_048571455.1;protein_2149,,,,,,,,
GCF_004358365.1;protein_84,GCF_048568965.1;protein_2960,GCF_000005845.2;protein_1454,GCF_053078305.1;protein_2948,GCF_048571455.1;protein_2875,,,,,,,,
GCF_004358365.1;protein_840,GCF_048568965.1;protein_3417,,,GCF_048571455.1;protein_2148,,,,,,,,
GCF_004358365.1;protein_841,GCF_048568965.1;protein_3418,,,,,,,,,,,
GCF_048568965.1;protein_3419,GCF_004358365.1;protein_842,GCF_053078305.1;protein_4901,,GCF_053078305.1;protein_5260,GCF_048571455.1;protein_2147,,,,,,,
GCF_053078305.1;protein_4902,GCF_048568965.1;protein_3420,GCF_053078305.1;protein_5261,GCF_048571455.1;protein_2146,,GCF_004358365.1;protein_843,,,,,,,
GCF_053078305.1;protein_4903,GCF_053078305.1;protein_5262,GCF_004358365.1;protein_844,,GCF_048568965.1;protein_3421,GCF_048571455.1;protein_2145,,,,,,,
GCF_053078305.1;protein_5263,GCF_048571455.1;protein_2144,GCF_053078305.1;protein_5176,,GCF_004358365.1;protein_845,GCF_048568965.1;protein_3422,GCF_053078305.1;protein_4904,,,,,,
GCF_004358365.1;protein_846,GCF_048568965.1;protein_3423,,GCF_053078305.1;protein_5264,GCF_048571455.1;protein_2143,,,,,,,,
GCF_004358365.1;protein_847,GCF_048568965.1;protein_3424,,,GCF_048571455.1;protein_2142,,,,,,,,
GCF_004358365.1;protein_849,GCF_048568965.1;protein_3426,,,GCF_048571455.1;protein_2140,,,,,,,,
GCF_004358365.1;protein_85,GCF_048568965.1;protein_2959,GCF_000005845.2;protein_1453,GCF_053078305.1;protein_2949,GCF_048571455.1;protein_2874,,,,,,,,
GCF_004358365.1;protein_850,GCF_048568965.1;protein_3427,,GCF_053078305.1;protein_5277,GCF_048571455.1;protein_2139,,,,,,,,
GCF_004358365.1;protein_851,GCF_048568965.1;protein_3428,,GCF_053078305.1;protein_5278,GCF_048571455.1;protein_2138,,,,,,,,
GCF_048568965.1;protein_3429,GCF_048571455.1;protein_2137,,GCF_004358365.1;protein_852,GCF_053078305.1;protein_5279,GCF_053078305.1;protein_818,,,,,,,
GCF_004358365.1;protein_853,GCF_048568965.1;protein_3430,,GCF_053078305.1;protein_4869,,,,,,,,,
GCF_004358365.1;protein_854,GCF_048568965.1;protein_3431,,GCF_053078305.1;protein_4870,GCF_048571455.1;protein_2134,,,,,,,,
GCF_004358365.1;protein_855,GCF_048568965.1;protein_3432,,GCF_053078305.1;protein_4871,GCF_048571455.1;protein_2133,,,,,,,,
GCF_004358365.1;protein_856,GCF_048568965.1;protein_3433,,GCF_053078305.1;protein_4872,GCF_048571455.1;protein_2132,,,,,,,,
GCF_004358365.1;protein_857,GCF_048568965.1;protein_3434,,GCF_053078305.1;protein_4873,GCF_048571455.1;protein_2131,,,,,,,,
GCF_004358365.1;protein_86,GCF_048568965.1;protein_2958,GCF_000005845.2;protein_1452,GCF_053078305.1;protein_2950,GCF_048571455.1;protein_2873,,,,,,,,
GCF_004358365.1;protein_860,GCF_048568965.1;protein_3437,,GCF_053078305.1;protein_4876,GCF_048571455.1;protein_2128,,,,,,,,
GCF_004358365.1;protein_861,GCF_048568965.1;protein_3438,,,GCF_048571455.1;protein_2127,,,,,,,,
GCF_004358365.1;protein_862,GCF_048568965.1;protein_3439,,GCF_053078305.1;protein_5026,GCF_048571455.1;protein_2126,,,,,,,,
GCF_004358365.1;protein_863,GCF_048568965.1;protein_3440,,GCF_053078305.1;protein_5027,GCF_048571455.1;protein_2125,,,,,,,,
GCF_004358365.1;protein_864,GCF_048568965.1;protein_3441,,GCF_053078305.1;protein_5028,GCF_048571455.1;protein_2124,,,,,,,,
GCF_004358365.1;protein_865,GCF_048568965.1;protein_3442,,GCF_053078305.1;protein_5029,GCF_048571455.1;protein_2123,,,,,,,,
GCF_004358365.1;protein_866,GCF_048568965.1;protein_3443,,GCF_053078305.1;protein_5030,GCF_048571455.1;protein_2122,,,,,,,,
GCF_004358365.1;protein_867,GCF_048568965.1;protein_3444,,GCF_053078305.1;protein_5031,GCF_048571455.1;protein_2121,,,,,,,,
GCF_004358365.1;protein_868,GCF_048568965.1;protein_3445,,GCF_053078305.1;protein_5032,GCF_048571455.1;protein_2120,,,,,,,,
GCF_004358365.1;protein_869,GCF_048568965.1;protein_3446,,GCF_053078305.1;protein_5033,GCF_048571455.1;protein_2119,,,,,,,,
GCF_004358365.1;protein_87,GCF_048568965.1;protein_2957,GCF_000005845.2;protein_1451,GCF_053078305.1;protein_2951,GCF_048571455.1;protein_2872,,,,,,,,
GCF_004358365.1;protein_870,GCF_048568965.1;protein_3447,,GCF_053078305.1;protein_5034,GCF_048571455.1;protein_2118,,,,,,,,
GCF_004358365.1;protein_871,GCF_048568965.1;protein_3448,,GCF_053078305.1;protein_5035,GCF_048571455.1;protein_2117,,,,,,,,
GCF_004358365.1;protein_872,GCF_048568965.1;protein_3449,,GCF_053078305.1;protein_5036,GCF_048571455.1;protein_2116,,,,,,,,
GCF_004358365.1;protein_873,GCF_048568965.1;protein_3450,,GCF_053078305.1;protein_5037,GCF_048571455.1;protein_2115,,,,,,,,
GCF_004358365.1;protein_874,GCF_048568965.1;protein_3451,,GCF_053078305.1;protein_5038,GCF_048571455.1;protein_2114,,,,,,,,
GCF_004358365.1;protein_875,GCF_048568965.1;protein_3452,,,GCF_048571455.1;protein_2113,,,,,,,,
GCF_004358365.1;protein_876,GCF_048568965.1;protein_3453,,,GCF_048571455.1;protein_2112,,,,,,,,
GCF_004358365.1;protein_877,GCF_048568965.1;protein_3454,,,GCF_048571455.1;protein_2111,,,,,,,,
GCF_004358365.1;protein_878,GCF_053078305.1;protein_846,GCF_053078305.1;protein_2058,GCF_053078305.1;protein_5074,GCF_053078305.1;protein_5969,,GCF_048571455.1;protein_2110,GCF_053078305.1;protein_4889,GCF_053078305.1;protein_895,GCF_053078305.1;protein_5781,GCF_048568965.1;protein_6025,GCF_048568965.1;protein_3455,GCF_053078305.1;protein_5230
GCF_053078305.1;protein_5970,GCF_004358365.1;protein_879,GCF_053078305.1;protein_5231,,GCF_053078305.1;protein_5073,GCF_048571455.1;protein_2109,GCF_053078305.1;protein_845,GCF_053078305.1;protein_896,GCF_053078305.1;protein_2057,GCF_048568965.1;protein_3456,GCF_053078305.1;protein_5782,GCF_053078305.1;protein_4890,
GCF_004358365.1;protein_88,GCF_048568965.1;protein_2956,GCF_000005845.2;protein_1450,GCF_053078305.1;protein_2953,GCF_048571455.1;protein_2871,,,,,,,,
GCF_004358365.1;protein_881,GCF_048568965.1;protein_3458,,,GCF_048571455.1;protein_2107,,,,,,,,
GCF_004358365.1;protein_882,GCF_048568965.1;protein_3460,,,GCF_048571455.1;protein_2105,,,,,,,,
GCF_004358365.1;protein_883,GCF_048568965.1;protein_3461,,GCF_053078305.1;protein_3752,GCF_048571455.1;protein_2104,,,,,,,,
GCF_004358365.1;protein_884,GCF_048568965.1;protein_3462,,,GCF_048571455.1;protein_2103,,,,,,,,
GCF_004358365.1;protein_885,GCF_048568965.1;protein_3463,,,GCF_048571455.1;protein_2102,,,,,,,,
GCF_004358365.1;protein_887,GCF_048568965.1;protein_3465,,,GCF_048571455.1;protein_2100,,,,,,,,
GCF_004358365.1;protein_888,GCF_048568965.1;protein_3466,,,GCF_048571455.1;protein_2099,,,,,,,,
GCF_004358365.1;protein_889,GCF_048568965.1;protein_3467,,,GCF_048571455.1;protein_2098,,,,,,,,
GCF_004358365.1;protein_89,GCF_048568965.1;protein_2955,GCF_000005845.2;protein_1449,GCF_053078305.1;protein_2954,GCF_048571455.1;protein_2870,,,,,,,,
GCF_004358365.1;protein_890,GCF_048568965.1;protein_3468,,,GCF_048571455.1;protein_2097,,,,,,,,
GCF_004358365.1;protein_891,GCF_048568965.1;protein_3469,,,GCF_048571455.1;protein_2096,,,,,,,,
GCF_004358365.1;protein_892,GCF_048568965.1;protein_3470,,,GCF_048571455.1;protein_2095,,,,,,,,
GCF_004358365.1;protein_893,GCF_048568965.1;protein_3471,,,GCF_048571455.1;protein_2094,,,,,,,,
GCF_004358365.1;protein_894,GCF_048568965.1;protein_3472,,,GCF_048571455.1;protein_2093,,,,,,,,
GCF_004358365.1;protein_895,GCF_048568965.1;protein_3473,,,GCF_048571455.1;protein_2092,,,,,,,,
GCF_004358365.1;protein_896,GCF_048568965.1;protein_3474,,,GCF_048571455.1;protein_2091,,,,,,,,
GCF_004358365.1;protein_897,GCF_048568965.1;protein_3475,,,GCF_048571455.1;protein_2090,,,,,,,,
GCF_004358365.1;protein_898,GCF_048568965.1;protein_3476,,,GCF_048571455.1;protein_2089,,,,,,,,
GCF_004358365.1;protein_899,GCF_048568965.1;protein_3477,,,GCF_048571455.1;protein_2088,,,,,,,,
GCF_004358365.1;protein_9,GCF_048568965.1;protein_3034,GCF_000005845.2;protein_1519,GCF_053078305.1;protein_2876,GCF_048571455.1;protein_2949,,,,,,,,
GCF_004358365.1;protein_90,GCF_048568965.1;protein_2954,GCF_000005845.2;protein_1448,GCF_053078305.1;protein_2955,GCF_048571455.1;protein_2869,,,,,,,,
GCF_004358365.1;protein_900,GCF_048568965.1;protein_3478,,,GCF_048571455.1;protein_2087,,,,,,,,
GCF_004358365.1;protein_901,GCF_048568965.1;protein_3479,,GCF_053078305.1;protein_5219,GCF_048571455.1;protein_2086,,,,,,,,
GCF_004358365.1;protein_902,GCF_048568965.1;protein_3480,,,GCF_048571455.1;protein_2085,,,,,,,,
GCF_004358365.1;protein_903,GCF_048568965.1;protein_3481,,,GCF_048571455.1;protein_2084,,,,,,,,
GCF_004358365.1;protein_907,GCF_048568965.1;protein_3485,,,GCF_048571455.1;protein_2080,,,,,,,,
GCF_004358365.1;protein_908,,,,GCF_048571455.1;protein_2079,,,,,,,,
GCF_004358365.1;protein_909,GCF_048568965.1;protein_3545,,GCF_053078305.1;protein_4383,GCF_048571455.1;protein_2078,,,,,,,,
GCF_004358365.1;protein_91,GCF_048568965.1;protein_2953,GCF_000005845.2;protein_1447,GCF_053078305.1;protein_2956,GCF_048571455.1;protein_2868,,,,,,,,
GCF_048571455.1;protein_2077,GCF_053078305.1;protein_4384,GCF_004358365.1;protein_910,GCF_048568965.1;protein_3546,,GCF_053078305.1;protein_5187,,,,,,,
GCF_048568965.1;protein_3547,GCF_004358365.1;protein_911,GCF_048571455.1;protein_2076,,GCF_053078305.1;protein_4385,GCF_053078305.1;protein_5188,,,,,,,
GCF_004358365.1;protein_912,GCF_048568965.1;protein_3548,,,,,,,,,,,
GCF_004358365.1;protein_913,GCF_048568965.1;protein_3549,,,GCF_048571455.1;protein_2074,,,,,,,,
GCF_004358365.1;protein_914,GCF_048568965.1;protein_3550,,,GCF_048571455.1;protein_2073,,,,,,,,
GCF_004358365.1;protein_915,GCF_048568965.1;protein_3551,,,GCF_048571455.1;protein_2072,,,,,,,,
GCF_004358365.1;protein_916,GCF_048568965.1;protein_3552,,,GCF_048571455.1;protein_2071,,,,,,,,
GCF_004358365.1;protein_917,GCF_048568965.1;protein_3553,,,GCF_048571455.1;protein_2070,,,,,,,,
GCF_004358365.1;protein_918,GCF_048568965.1;protein_3554,,GCF_053078305.1;protein_3433,GCF_048571455.1;protein_2069,,,,,,,,
GCF_004358365.1;protein_919,GCF_048568965.1;protein_3555,GCF_000005845.2;protein_997,GCF_053078305.1;protein_3434,GCF_048571455.1;protein_2068,,,,,,,,
GCF_004358365.1;protein_920,GCF_048568965.1;protein_3556,GCF_000005845.2;protein_996,GCF_053078305.1;protein_3435,GCF_048571455.1;protein_2067,,,,,,,,
GCF_004358365.1;protein_921,GCF_048568965.1;protein_3557,,GCF_053078305.1;protein_3436,GCF_048571455.1;protein_2066,,,,,,,,
GCF_004358365.1;protein_922,GCF_048568965.1;protein_3558,GCF_000005845.2;protein_995,GCF_053078305.1;protein_3438,GCF_048571455.1;protein_2065,,,,,,,,
GCF_004358365.1;protein_923,GCF_048568965.1;protein_3559,,GCF_053078305.1;protein_3439,GCF_048571455.1;protein_2064,,,,,,,,
GCF_004358365.1;protein_924,GCF_048568965.1;protein_3560,GCF_000005845.2;protein_993,GCF_053078305.1;protein_3440,GCF_048571455.1;protein_2063,,,,,,,,
GCF_004358365.1;protein_925,GCF_048568965.1;protein_3561,GCF_000005845.2;protein_992,GCF_053078305.1;protein_3441,GCF_048571455.1;protein_2062,,,,,,,,
GCF_004358365.1;protein_926,GCF_048568965.1;protein_3562,GCF_000005845.2;protein_991,GCF_053078305.1;protein_3442,GCF_048571455.1;protein_2061,,,,,,,,
GCF_004358365.1;protein_927,GCF_048568965.1;protein_3563,GCF_000005845.2;protein_990,GCF_053078305.1;protein_3443,GCF_048571455.1;protein_2060,,,,,,,,
GCF_004358365.1;protein_928,GCF_048568965.1;protein_3564,GCF_000005845.2;protein_989,GCF_053078305.1;protein_3444,GCF_048571455.1;protein_2059,,,,,,,,
GCF_004358365.1;protein_929,GCF_048568965.1;protein_3565,GCF_000005845.2;protein_988,GCF_053078305.1;protein_3445,GCF_048571455.1;protein_2058,,,,,,,,
GCF_004358365.1;protein_93,GCF_048568965.1;protein_2951,,,GCF_048571455.1;protein_2866,,,,,,,,
GCF_004358365.1;protein_930,GCF_048568965.1;protein_3566,GCF_000005845.2;protein_987,GCF_053078305.1;protein_3446,GCF_048571455.1;protein_2057,,,,,,,,
GCF_004358365.1;protein_931,GCF_048568965.1;protein_3567,GCF_000005845.2;protein_986,GCF_053078305.1;protein_3447,GCF_048571455.1;protein_2056,,,,,,,,
GCF_004358365.1;protein_932,GCF_048568965.1;protein_3568,GCF_000005845.2;protein_985,GCF_053078305.1;protein_3448,GCF_048571455.1;protein_2055,,,,,,,,
GCF_004358365.1;protein_933,GCF_048568965.1;protein_3569,GCF_000005845.2;protein_984,GCF_053078305.1;protein_3449,GCF_048571455.1;protein_2054,,,,,,,,
GCF_004358365.1;protein_934,,,,GCF_048571455.1;protein_2053,,,,,,,,
GCF_004358365.1;protein_94,GCF_048568965.1;protein_2950,,,GCF_048571455.1;protein_2865,,,,,,,,
GCF_004358365.1;protein_941,,,,GCF_048571455.1;protein_2046,,,,,,,,
GCF_004358365.1;protein_942,,,,GCF_048571455.1;protein_2045,,,,,,,,
GCF_004358365.1;protein_943,,,,GCF_048571455.1;protein_2044,,,,,,,,
GCF_004358365.1;protein_96,GCF_048568965.1;protein_2948,,,GCF_048571455.1;protein_2863,,,,,,,,
GCF_048571455.1;protein_2024,GCF_053078305.1;protein_3587,,GCF_004358365.1;protein_963,GCF_053078305.1;protein_2756,GCF_048568965.1;protein_3915,,,,,,,
GCF_048568965.1;protein_3919,GCF_048568965.1;protein_3600,GCF_004358365.1;protein_967,,GCF_048571455.1;protein_2020,GCF_053078305.1;protein_2209,GCF_053078305.1;protein_2751,GCF_053078305.1;protein_3592,,,,,
GCF_004358365.1;protein_97,GCF_048568965.1;protein_2947,GCF_000005845.2;protein_1443,,GCF_048571455.1;protein_2862,,,,,,,,
GCF_004358365.1;protein_975,GCF_048568965.1;protein_3927,,,GCF_048571455.1;protein_2012,,,,,,,,
GCF_004358365.1;protein_979,GCF_048568965.1;protein_3931,,,GCF_048571455.1;protein_2007,,,,,,,,
GCF_004358365.1;protein_98,GCF_048568965.1;protein_2946,GCF_000005845.2;protein_1442,GCF_053078305.1;protein_2968,GCF_048571455.1;protein_2861,,,,,,,,
GCF_004358365.1;protein_980,GCF_048568965.1;protein_3932,,,GCF_048571455.1;protein_2006,,,,,,,,
GCF_004358365.1;protein_981,GCF_048568965.1;protein_3933,,GCF_053078305.1;protein_2735,GCF_048571455.1;protein_2005,,,,,,,,
GCF_004358365.1;protein_982,GCF_048568965.1;protein_3934,,GCF_053078305.1;protein_2734,GCF_048571455.1;protein_2004,,,,,,,,
GCF_004358365.1;protein_984,GCF_048568965.1;protein_3936,,,GCF_048571455.1;protein_2002,,,,,,,,
GCF_004358365.1;protein_985,GCF_048568965.1;protein_3937,,GCF_053078305.1;protein_2229,GCF_048571455.1;protein_2001,,,,,,,,
GCF_004358365.1;protein_986,GCF_048568965.1;protein_3938,,GCF_053078305.1;protein_2230,GCF_048571455.1;protein_2000,,,,,,,,
GCF_004358365.1;protein_99,GCF_048568965.1;protein_2945,GCF_000005845.2;protein_1441,GCF_053078305.1;protein_2969,GCF_048571455.1;protein_2860,,,,,,,,
GCF_004358365.1;protein_991,GCF_048568965.1;protein_2820,GCF_048568965.1;protein_3943,,GCF_048571455.1;protein_1995,,,,,,,,
GCF_004358365.1;protein_994,GCF_048568965.1;protein_3946,,GCF_053078305.1;protein_3613,GCF_048571455.1;protein_1992,,,,,,,,
GCF_004358365.1;protein_995,GCF_048568965.1;protein_3947,,GCF_053078305.1;protein_3614,GCF_048571455.1;protein_1991,,,,,,,,
GCF_004358365.1;protein_996,GCF_048568965.1;protein_3948,,GCF_053078305.1;protein_3615,GCF_048571455.1;protein_1990,,,,,,,,
GCF_004358365.1;protein_997,GCF_048568965.1;protein_3949,,GCF_053078305.1;protein_3616,GCF_048571455.1;protein_1989,,,,,,,,
GCF_004358365.1;protein_998,GCF_048568965.1;protein_3950,,GCF_053078305.1;protein_3617,GCF_048571455.1;protein_1988,,,,,,,,
GCF_004358365.1;protein_999,GCF_048568965.1;protein_3951,,GCF_053078305.1;protein_3618,GCF_048571455.1;protein_1987,,,,,,,,
GCF_048571455.1;protein_94,,,,,,,,,,,,
GCF_048571455.1;protein_95,,,,,,,,,,,,
GCF_048571455.1;protein_96,,,,,,,,,,,,
GCF_048571455.1;protein_231,,,,,,,,,,,,
GCF_048571455.1;protein_257,,,,,,,,,,,,
GCF_048571455.1;protein_410,,,,,,,,,,,,
GCF_048571455.1;protein_469,,,,,,,,,,,,
GCF_048571455.1;protein_470,,,,,,,,,,,,
GCF_048571455.1;protein_543,,,,,,,,,,,,
GCF_048571455.1;protein_576,,,,,,,,,,,,
GCF_048571455.1;protein_577,,,,,,,,,,,,
GCF_048571455.1;protein_578,,,,,,,,,,,,
GCF_048571455.1;protein_582,,,,,,,,,,,,
GCF_048571455.1;protein_584,,,,,,,,,,,,
GCF_048571455.1;protein_585,,,,,,,,,,,,
GCF_048571455.1;protein_586,,,,,,,,,,,,
GCF_048571455.1;protein_608,,,,,,,,,,,,
GCF_048571455.1;protein_616,,,,,,,,,,,,
GCF_048571455.1;protein_617,,,,,,,,,,,,
GCF_048571455.1;protein_618,,,,,,,,,,,,
GCF_048571455.1;protein_619,,,,,,,,,,,,
GCF_048571455.1;protein_620,,,,,,,,,,,,
GCF_048571455.1;protein_623,,,,,,,,,,,,
GCF_048571455.1;protein_624,,,,,,,,,,,,
GCF_048571455.1;protein_625,,,,,,,,,,,,
GCF_048571455.1;protein_650,,,,,,,,,,,,
GCF_048571455.1;protein_659,,,,,,,,,,,,
GCF_048571455.1;protein_660,,,,,,,,,,,,
GCF_048571455.1;protein_661,,,,,,,,,,,,
GCF_048571455.1;protein_664,,,,,,,,,,,,
GCF_048571455.1;protein_666,,,,,,,,,,,,
GCF_048571455.1;protein_668,,,,,,,,,,,,
GCF_048571455.1;protein_670,,,,,,,,,,,,
GCF_048571455.1;protein_671,,,,,,,,,,,,
GCF_048571455.1;protein_672,,,,,,,,,,,,
GCF_048571455.1;protein_677,,,,,,,,,,,,
GCF_048571455.1;protein_678,,,,,,,,,,,,
GCF_048571455.1;protein_701,,,,,,,,,,,,
GCF_048571455.1;protein_893,,,,,,,,,,,,
GCF_048571455.1;protein_988,,,,,,,,,,,,
GCF_048571455.1;protein_1014,,,,,,,,,,,,
GCF_048571455.1;protein_1023,,,,,,,,,,,,
GCF_048571455.1;protein_1100,,,,,,,,,,,,
GCF_048571455.1;protein_1102,,,,,,,,,,,,
GCF_048571455.1;protein_1112,,,,,,,,,,,,
GCF_048571455.1;protein_1196,,,,,,,,,,,,
GCF_048571455.1;protein_1292,,,,,,,,,,,,
GCF_048571455.1;protein_1369,,,,,,,,,,,,
GCF_048571455.1;protein_1378,,,,,,,,,,,,
GCF_048571455.1;protein_1380,,,,,,,,,,,,
GCF_048571455.1;protein_1399,,,,,,,,,,,,
GCF_048571455.1;protein_1404,,,,,,,,,,,,
GCF_048571455.1;protein_1406,,,,,,,,,,,,
GCF_048571455.1;protein_1407,,,,,,,,,,,,
GCF_048571455.1;protein_1408,,,,,,,,,,,,
GCF_048571455.1;protein_1414,,,,,,,,,,,,
GCF_048571455.1;protein_1415,,,,,,,,,,,,
GCF_048571455.1;protein_1422,,,,,,,,,,,,
GCF_048571455.1;protein_1437,,,,,,,,,,,,
GCF_048571455.1;protein_1599,,,,,,,,,,,,
GCF_048571455.1;protein_1635,,,,,,,,,,,,
GCF_048571455.1;protein_1636,,,,,,,,,,,,
GCF_048571455.1;protein_1644,,,,,,,,,,,,
GCF_048571455.1;protein_1645,,,,,,,,,,,,
GCF_048571455.1;protein_1646,,,,,,,,,,,,
GCF_048571455.1;protein_1648,,,,,,,,,,,,
GCF_048571455.1;protein_1650,,,,,,,,,,,,
GCF_048571455.1;protein_1651,,,,,,,,,,,,
GCF_048571455.1;protein_1652,,,,,,,,,,,,
GCF_048571455.1;protein_1653,,,,,,,,,,,,
GCF_048571455.1;protein_1658,,,,,,,,,,,,
GCF_048571455.1;protein_1660,,,,,,,,,,,,
GCF_048571455.1;protein_1663,,,,,,,,,,,,
GCF_048571455.1;protein_1671,,,,,,,,,,,,
GCF_048571455.1;protein_1672,,,,,,,,,,,,
GCF_048571455.1;protein_1674,,,,,,,,,,,,
GCF_048571455.1;protein_1677,,,,,,,,,,,,
GCF_048571455.1;protein_1681,,,,,,,,,,,,
GCF_048571455.1;protein_1682,,,,,,,,,,,,
GCF_048571455.1;protein_1685,,,,,,,,,,,,
GCF_048571455.1;protein_1686,,,,,,,,,,,,
GCF_048571455.1;protein_1687,,,,,,,,,,,,
GCF_048571455.1;protein_1688,,,,,,,,,,,,
GCF_048571455.1;protein_1689,,,,,,,,,,,,
GCF_048571455.1;protein_1690,,,,,,,,,,,,
GCF_048571455.1;protein_1691,,,,,,,,,,,,
GCF_048571455.1;protein_1693,,,,,,,,,,,,
GCF_048571455.1;protein_1694,,,,,,,,,,,,
GCF_048571455.1;protein_1695,,,,,,,,,,,,
GCF_048571455.1;protein_1696,,,,,,,,,,,,
GCF_048571455.1;protein_1697,,,,,,,,,,,,
GCF_048571455.1;protein_1700,,,,,,,,,,,,
GCF_048571455.1;protein_1705,,,,,,,,,,,,
GCF_048571455.1;protein_1706,,,,,,,,,,,,
GCF_048571455.1;protein_1707,,,,,,,,,,,,
GCF_048571455.1;protein_1708,,,,,,,,,,,,
GCF_048571455.1;protein_1742,,,,,,,,,,,,
GCF_048571455.1;protein_1763,,,,,,,,,,,,
GCF_048571455.1;protein_1871,,,,,,,,,,,,
GCF_048571455.1;protein_1917,,,,,,,,,,,,
GCF_048571455.1;protein_1927,,,,,,,,,,,,
GCF_048571455.1;protein_1931,,,,,,,,,,,,
GCF_048571455.1;protein_1936,,,,,,,,,,,,
GCF_048571455.1;protein_1938,,,,,,,,,,,,
GCF_048571455.1;protein_1941,,,,,,,,,,,,
GCF_048571455.1;protein_1942,,,,,,,,,,,,
GCF_048571455.1;protein_1944,,,,,,,,,,,,
GCF_048571455.1;protein_1945,,,,,,,,,,,,
GCF_048571455.1;protein_1950,,,,,,,,,,,,
GCF_048571455.1;protein_1951,,,,,,,,,,,,
GCF_048571455.1;protein_1955,,,,,,,,,,,,
GCF_048571455.1;protein_1961,,,,,,,,,,,,
GCF_048571455.1;protein_1962,,,,,,,,,,,,
GCF_048571455.1;protein_1965,,,,,,,,,,,,
GCF_048571455.1;protein_1966,,,,,,,,,,,,
GCF_048571455.1;protein_1967,,,,,,,,,,,,
GCF_048571455.1;protein_1968,,,,,,,,,,,,
GCF_048571455.1;protein_1969,,,,,,,,,,,,
GCF_048571455.1;protein_1970,,,,,,,,,,,,
GCF_048571455.1;protein_1971,,,,,,,,,,,,
GCF_048571455.1;protein_1972,,,,,,,,,,,,
GCF_048571455.1;protein_1973,,,,,,,,,,,,
GCF_048571455.1;protein_1974,,,,,,,,,,,,
GCF_048571455.1;protein_1978,,,,,,,,,,,,
GCF_048571455.1;protein_1981,,,,,,,,,,,,
GCF_048571455.1;protein_1982,,,,,,,,,,,,
GCF_048571455.1;protein_1983,,,,,,,,,,,,
GCF_048571455.1;protein_2008,,,,,,,,,,,,
GCF_048571455.1;protein_2009,,,,,,,,,,,,
GCF_048571455.1;protein_2011,,,,,,,,,,,,
GCF_048571455.1;protein_2013,,,,,,,,,,,,
GCF_048571455.1;protein_2014,,,,,,,,,,,,
GCF_048571455.1;protein_2016,,,,,,,,,,,,
GCF_048571455.1;protein_2017,,,,,,,,,,,,
GCF_048571455.1;protein_2018,,,,,,,,,,,,
GCF_048571455.1;protein_2019,,,,,,,,,,,,
GCF_048571455.1;protein_2021,,,,,,,,,,,,
GCF_048571455.1;protein_2025,,,,,,,,,,,,
GCF_048571455.1;protein_2026,,,,,,,,,,,,
GCF_048571455.1;protein_2027,,,,,,,,,,,,
GCF_048571455.1;protein_2029,,,,,,,,,,,,
GCF_048571455.1;protein_2043,,,,,,,,,,,,
GCF_048571455.1;protein_2047,,,,,,,,,,,,
GCF_048571455.1;protein_2048,,,,,,,,,,,,
GCF_048571455.1;protein_2049,,,,,,,,,,,,
GCF_048571455.1;protein_2051,,,,,,,,,,,,
GCF_048571455.1;protein_2052,,,,,,,,,,,,
GCF_048571455.1;protein_2075,,,,,,,,,,,,
GCF_048571455.1;protein_2081,,,,,,,,,,,,
GCF_048571455.1;protein_2082,,,,,,,,,,,,
GCF_048571455.1;protein_2083,,,,,,,,,,,,
GCF_048571455.1;protein_2108,,,,,,,,,,,,
GCF_048571455.1;protein_2129,,,,,,,,,,,,
GCF_048571455.1;protein_2130,,,,,,,,,,,,
GCF_048571455.1;protein_2135,,,,,,,,,,,,
GCF_048571455.1;protein_2136,,,,,,,,,,,,
GCF_048571455.1;protein_2141,,,,,,,,,,,,
GCF_048571455.1;protein_2155,,,,,,,,,,,,
GCF_048571455.1;protein_2166,,,,,,,,,,,,
GCF_048571455.1;protein_2171,,,,,,,,,,,,
GCF_048571455.1;protein_2172,,,,,,,,,,,,
GCF_048571455.1;protein_2173,,,,,,,,,,,,
GCF_048571455.1;protein_2178,,,,,,,,,,,,
GCF_048571455.1;protein_2179,,,,,,,,,,,,
GCF_048571455.1;protein_2220,,,,,,,,,,,,
GCF_048571455.1;protein_2275,,,,,,,,,,,,
GCF_048571455.1;protein_2281,,,,,,,,,,,,
GCF_048571455.1;protein_2288,,,,,,,,,,,,
GCF_048571455.1;protein_2289,,,,,,,,,,,,
GCF_048571455.1;protein_2294,,,,,,,,,,,,
GCF_048571455.1;protein_2295,,,,,,,,,,,,
GCF_048571455.1;protein_2297,,,,,,,,,,,,
GCF_048571455.1;protein_2301,,,,,,,,,,,,
GCF_048571455.1;protein_2302,,,,,,,,,,,,
GCF_048571455.1;protein_2305,,,,,,,,,,,,
GCF_048571455.1;protein_2312,,,,,,,,,,,,
GCF_048571455.1;protein_2328,,,,,,,,,,,,
GCF_048571455.1;protein_2329,,,,,,,,,,,,
GCF_048571455.1;protein_2330,,,,,,,,,,,,
GCF_048571455.1;protein_2331,,,,,,,,,,,,
GCF_048571455.1;protein_2333,,,,,,,,,,,,
GCF_048571455.1;protein_2334,,,,,,,,,,,,
GCF_048571455.1;protein_2335,,,,,,,,,,,,
GCF_048571455.1;protein_2336,,,,,,,,,,,,
GCF_048571455.1;protein_2337,,,,,,,,,,,,
GCF_048571455.1;protein_2339,,,,,,,,,,,,
GCF_048571455.1;protein_2351,,,,,,,,,,,,
GCF_048571455.1;protein_2353,,,,,,,,,,,,
GCF_048571455.1;protein_2392,,,,,,,,,,,,
GCF_048571455.1;protein_2397,,,,,,,,,,,,
GCF_048571455.1;protein_2400,,,,,,,,,,,,
GCF_048571455.1;protein_2401,,,,,,,,,,,,
GCF_048571455.1;protein_2408,,,,,,,,,,,,
GCF_048571455.1;protein_2409,,,,,,,,,,,,
GCF_048571455.1;protein_2415,,,,,,,,,,,,
GCF_048571455.1;protein_2416,,,,,,,,,,,,
GCF_048571455.1;protein_2417,,,,,,,,,,,,
GCF_048571455.1;protein_2419,,,,,,,,,,,,
GCF_048571455.1;protein_2420,,,,,,,,,,,,
GCF_048571455.1;protein_2425,,,,,,,,,,,,
GCF_048571455.1;protein_2428,,,,,,,,,,,,
GCF_048571455.1;protein_2429,,,,,,,,,,,,
GCF_048571455.1;protein_2432,,,,,,,,,,,,
GCF_048571455.1;protein_2433,,,,,,,,,,,,
GCF_048571455.1;protein_2436,,,,,,,,,,,,
GCF_048571455.1;protein_2450,,,,,,,,,,,,
GCF_048571455.1;protein_2451,,,,,,,,,,,,
GCF_048571455.1;protein_2452,,,,,,,,,,,,
GCF_048571455.1;protein_2453,,,,,,,,,,,,
GCF_048571455.1;protein_2454,,,,,,,,,,,,
GCF_048571455.1;protein_2455,,,,,,,,,,,,
GCF_048571455.1;protein_2456,,,,,,,,,,,,
GCF_048571455.1;protein_2539,,,,,,,,,,,,
GCF_048571455.1;protein_2540,,,,,,,,,,,,
GCF_048571455.1;protein_2541,,,,,,,,,,,,
GCF_048571455.1;protein_2584,,,,,,,,,,,,
GCF_048571455.1;protein_2586,,,,,,,,,,,,
GCF_048571455.1;protein_2593,,,,,,,,,,,,
GCF_048571455.1;protein_2602,,,,,,,,,,,,
GCF_048571455.1;protein_2603,,,,,,,,,,,,
GCF_048571455.1;protein_2604,,,,,,,,,,,,
GCF_048571455.1;protein_2607,,,,,,,,,,,,
GCF_048571455.1;protein_2608,,,,,,,,,,,,
GCF_048571455.1;protein_2609,,,,,,,,,,,,
GCF_048571455.1;protein_2610,,,,,,,,,,,,
GCF_048571455.1;protein_2611,,,,,,,,,,,,
GCF_048571455.1;protein_2614,,,,,,,,,,,,
GCF_048571455.1;protein_2615,,,,,,,,,,,,
GCF_048571455.1;protein_2616,,,,,,,,,,,,
GCF_048571455.1;protein_2617,,,,,,,,,,,,
GCF_048571455.1;protein_2623,,,,,,,,,,,,
GCF_048571455.1;protein_2633,,,,,,,,,,,,
GCF_048571455.1;protein_2634,,,,,,,,,,,,
GCF_048571455.1;protein_2636,,,,,,,,,,,,
GCF_048571455.1;protein_2637,,,,,,,,,,,,
GCF_048571455.1;protein_2638,,,,,,,,,,,,
GCF_048571455.1;protein_2639,,,,,,,,,,,,
GCF_048571455.1;protein_2640,,,,,,,,,,,,
GCF_048571455.1;protein_2641,,,,,,,,,,,,
GCF_048571455.1;protein_2642,,,,,,,,,,,,
GCF_048571455.1;protein_2643,,,,,,,,,,,,
GCF_048571455.1;protein_2644,,,,,,,,,,,,
GCF_048571455.1;protein_2645,,,,,,,,,,,,
GCF_048571455.1;protein_2646,,,,,,,,,,,,
GCF_048571455.1;protein_2647,,,,,,,,,,,,
GCF_048571455.1;protein_2648,,,,,,,,,,,,
GCF_048571455.1;protein_2649,,,,,,,,,,,,
GCF_048571455.1;protein_2651,,,,,,,,,,,,
GCF_048571455.1;protein_2652,,,,,,,,,,,,
GCF_048571455.1;protein_2656,,,,,,,,,,,,
GCF_048571455.1;protein_2657,,,,,,,,,,,,
GCF_048571455.1;protein_2659,,,,,,,,,,,,
GCF_048571455.1;protein_2663,,,,,,,,,,,,
GCF_048571455.1;protein_2664,,,,,,,,,,,,
GCF_048571455.1;protein_2665,,,,,,,,,,,,
GCF_048571455.1;protein_2666,,,,,,,,,,,,
GCF_048571455.1;protein_2667,,,,,,,,,,,,
GCF_048571455.1;protein_2668,,,,,,,,,,,,
GCF_048571455.1;protein_2669,,,,,,,,,,,,
GCF_048571455.1;protein_2670,,,,,,,,,,,,
GCF_048571455.1;protein_2671,,,,,,,,,,,,
GCF_048571455.1;protein_2674,,,,,,,,,,,,
GCF_048571455.1;protein_2676,,,,,,,,,,,,
GCF_048571455.1;protein_2677,,,,,,,,,,,,
GCF_048571455.1;protein_2678,,,,,,,,,,,,
GCF_048571455.1;protein_2679,,,,,,,,,,,,
GCF_048571455.1;protein_2680,,,,,,,,,,,,
GCF_048571455.1;protein_2682,,,,,,,,,,,,
GCF_048571455.1;protein_2683,,,,,,,,,,,,
GCF_048571455.1;protein_2686,,,,,,,,,,,,
GCF_048571455.1;protein_2836,,,,,,,,,,,,
GCF_048571455.1;protein_2867,,,,,,,,,,,,
GCF_048571455.1;protein_2899,,,,,,,,,,,,
GCF_048571455.1;protein_2909,,,,,,,,,,,,
GCF_048571455.1;protein_2952,,,,,,,,,,,,
GCF_048571455.1;protein_2962,,,,,,,,,,,,
GCF_048571455.1;protein_2964,,,,,,,,,,,,
GCF_048571455.1;protein_2968,,,,,,,,,,,,
GCF_048571455.1;protein_2969,,,,,,,,,,,,
GCF_048571455.1;protein_2970,,,,,,,,,,,,
GCF_048571455.1;protein_2971,,,,,,,,,,,,
GCF_048571455.1;protein_2972,,,,,,,,,,,,
GCF_048571455.1;protein_2973,,,,,,,,,,,,
GCF_048571455.1;protein_2974,,,,,,,,,,,,
GCF_048571455.1;protein_2975,,,,,,,,,,,,
GCF_048571455.1;protein_2977,,,,,,,,,,,,
GCF_048571455.1;protein_2980,,,,,,,,,,,,
GCF_048571455.1;protein_2987,,,,,,,,,,,,
GCF_048571455.1;protein_2991,,,,,,,,,,,,
GCF_048571455.1;protein_2992,,,,,,,,,,,,
GCF_048571455.1;protein_2993,,,,,,,,,,,,
GCF_048571455.1;protein_2997,,,,,,,,,,,,
GCF_048571455.1;protein_2998,,,,,,,,,,,,
GCF_048571455.1;protein_2999,,,,,,,,,,,,
GCF_048571455.1;protein_3000,,,,,,,,,,,,
GCF_048571455.1;protein_3003,,,,,,,,,,,,
GCF_048571455.1;protein_3004,,,,,,,,,,,,
GCF_048571455.1;protein_3007,,,,,,,,,,,,
GCF_048571455.1;protein_3014,,,,,,,,,,,,
GCF_048571455.1;protein_3017,,,,,,,,,,,,
GCF_048571455.1;protein_3020,,,,,,,,,,,,
GCF_048571455.1;protein_3023,,,,,,,,,,,,
GCF_048571455.1;protein_3024,,,,,,,,,,,,
GCF_048571455.1;protein_3026,,,,,,,,,,,,
GCF_048571455.1;protein_3028,,,,,,,,,,,,
GCF_048571455.1;protein_3029,,,,,,,,,,,,
GCF_048571455.1;protein_3030,,,,,,,,,,,,
GCF_048571455.1;protein_3031,,,,,,,,,,,,
GCF_048571455.1;protein_3041,,,,,,,,,,,,
GCF_048571455.1;protein_3085,,,,,,,,,,,,
GCF_048571455.1;protein_3092,,,,,,,,,,,,
GCF_048571455.1;protein_3094,,,,,,,,,,,,
GCF_048571455.1;protein_3095,,,,,,,,,,,,
GCF_048571455.1;protein_3096,,,,,,,,,,,,
GCF_048571455.1;protein_3097,,,,,,,,,,,,
GCF_048571455.1;protein_3260,,,,,,,,,,,,
GCF_048571455.1;protein_3262,,,,,,,,,,,,
GCF_048571455.1;protein_3263,,,,,,,,,,,,
GCF_048571455.1;protein_3274,,,,,,,,,,,,
GCF_048571455.1;protein_3275,,,,,,,,,,,,
GCF_048571455.1;protein_3286,,,,,,,,,,,,
GCF_048571455.1;protein_3313,,,,,,,,,,,,
GCF_048571455.1;protein_3331,,,,,,,,,,,,
GCF_048571455.1;protein_3390,,,,,,,,,,,,
GCF_048571455.1;protein_3439,,,,,,,,,,,,
GCF_048571455.1;protein_3440,,,,,,,,,,,,
GCF_048571455.1;protein_3442,,,,,,,,,,,,
GCF_048571455.1;protein_3443,,,,,,,,,,,,
GCF_048571455.1;protein_3444,,,,,,,,,,,,
GCF_048571455.1;protein_3446,,,,,,,,,,,,
GCF_048571455.1;protein_3447,,,,,,,,,,,,
GCF_048571455.1;protein_3448,,,,,,,,,,,,
GCF_048571455.1;protein_3449,,,,,,,,,,,,
GCF_048571455.1;protein_3451,,,,,,,,,,,,
GCF_048571455.1;protein_3454,,,,,,,,,,,,
GCF_048571455.1;protein_3455,,,,,,,,,,,,
GCF_048571455.1;protein_3461,,,,,,,,,,,,
GCF_048571455.1;protein_3467,,,,,,,,,,,,
GCF_048571455.1;protein_3470,,,,,,,,,,,,
GCF_048571455.1;protein_3471,,,,,,,,,,,,
GCF_048571455.1;protein_3474,,,,,,,,,,,,
GCF_048571455.1;protein_3481,,,,,,,,,,,,
GCF_048571455.1;protein_3484,,,,,,,,,,,,
GCF_048571455.1;protein_3487,,,,,,,,,,,,
GCF_048571455.1;protein_3496,,,,,,,,,,,,
GCF_048571455.1;protein_3498,,,,,,,,,,,,
GCF_048571455.1;protein_3636,,,,,,,,,,,,
GCF_048571455.1;protein_3672,,,,,,,,,,,,
GCF_048571455.1;protein_3673,,,,,,,,,,,,
GCF_048571455.1;protein_3676,,,,,,,,,,,,
GCF_048571455.1;protein_3677,,,,,,,,,,,,
GCF_048571455.1;protein_3679,,,,,,,,,,,,
GCF_048571455.1;protein_3685,,,,,,,,,,,,
GCF_048571455.1;protein_3686,,,,,,,,,,,,
GCF_048571455.1;protein_3687,,,,,,,,,,,,
GCF_048571455.1;protein_3689,,,,,,,,,,,,
GCF_048571455.1;protein_3691,,,,,,,,,,,,
GCF_048571455.1;protein_3693,,,,,,,,,,,,
GCF_048571455.1;protein_3694,,,,,,,,,,,,
GCF_048571455.1;protein_3695,,,,,,,,,,,,
GCF_048571455.1;protein_3697,,,,,,,,,,,,
GCF_048571455.1;protein_3698,,,,,,,,,,,,
GCF_048571455.1;protein_3699,,,,,,,,,,,,
GCF_048571455.1;protein_3824,,,,,,,,,,,,
GCF_048571455.1;protein_3825,,,,,,,,,,,,
GCF_048571455.1;protein_3826,,,,,,,,,,,,
GCF_048571455.1;protein_3900,,,,,,,,,,,,
GCF_048571455.1;protein_3945,,,,,,,,,,,,
GCF_048571455.1;protein_3948,,,,,,,,,,,,
GCF_048571455.1;protein_3949,,,,,,,,,,,,
GCF_048571455.1;protein_3952,,,,,,,,,,,,
GCF_048571455.1;protein_3953,,,,,,,,,,,,
GCF_048571455.1;protein_3954,,,,,,,,,,,,
GCF_048571455.1;protein_3955,,,,,,,,,,,,
GCF_048571455.1;protein_3957,,,,,,,,,,,,
GCF_048571455.1;protein_3961,,,,,,,,,,,,
GCF_048571455.1;protein_3962,,,,,,,,,,,,
GCF_048571455.1;protein_3963,,,,,,,,,,,,
GCF_048571455.1;protein_3964,,,,,,,,,,,,
GCF_048571455.1;protein_3972,,,,,,,,,,,,
GCF_048571455.1;protein_3973,,,,,,,,,,,,
GCF_048571455.1;protein_3981,,,,,,,,,,,,
GCF_048571455.1;protein_3982,,,,,,,,,,,,
GCF_048571455.1;protein_3983,,,,,,,,,,,,
GCF_048571455.1;protein_3984,,,,,,,,,,,,
GCF_048571455.1;protein_3985,,,,,,,,,,,,
GCF_048571455.1;protein_3988,,,,,,,,,,,,
GCF_048571455.1;protein_3989,,,,,,,,,,,,
GCF_048571455.1;protein_3990,,,,,,,,,,,,
GCF_048571455.1;protein_3994,,,,,,,,,,,,
GCF_048571455.1;protein_3995,,,,,,,,,,,,
GCF_048571455.1;protein_4001,,,,,,,,,,,,
GCF_048571455.1;protein_4003,,,,,,,,,,,,
GCF_048571455.1;protein_4007,,,,,,,,,,,,
GCF_048571455.1;protein_4015,,,,,,,,,,,,
GCF_048571455.1;protein_4016,,,,,,,,,,,,
GCF_048571455.1;protein_4017,,,,,,,,,,,,
GCF_048571455.1;protein_4154,,,,,,,,,,,,
GCF_048571455.1;protein_4157,,,,,,,,,,,,
GCF_048571455.1;protein_4158,,,,,,,,,,,,
GCF_048571455.1;protein_4160,,,,,,,,,,,,
GCF_048571455.1;protein_4163,,,,,,,,,,,,
GCF_048571455.1;protein_4177,,,,,,,,,,,,
GCF_048571455.1;protein_4180,,,,,,,,,,,,
GCF_048571455.1;protein_4183,,,,,,,,,,,,
GCF_048571455.1;protein_4184,,,,,,,,,,,,
GCF_048571455.1;protein_4185,,,,,,,,,,,,
GCF_048571455.1;protein_4195,,,,,,,,,,,,
GCF_048571455.1;protein_4197,,,,,,,,,,,,
GCF_048571455.1;protein_4202,,,,,,,,,,,,
GCF_048571455.1;protein_4203,,,,,,,,,,,,
GCF_048571455.1;protein_4204,,,,,,,,,,,,
GCF_048571455.1;protein_4211,,,,,,,,,,,,
GCF_048571455.1;protein_4213,,,,,,,,,,,,
GCF_048571455.1;protein_4214,,,,,,,,,,,,
GCF_048571455.1;protein_4466,,,,,,,,,,,,
GCF_048571455.1;protein_4467,,,,,,,,,,,,
GCF_048571455.1;protein_4472,,,,,,,,,,,,
GCF_048571455.1;protein_4473,,,,,,,,,,,,
GCF_048571455.1;protein_4475,,,,,,,,,,,,
GCF_048571455.1;protein_4476,,,,,,,,,,,,
GCF_048571455.1;protein_4477,,,,,,,,,,,,
GCF_048571455.1;protein_4478,,,,,,,,,,,,
GCF_048571455.1;protein_4479,,,,,,,,,,,,
GCF_048571455.1;protein_4492,,,,,,,,,,,,
GCF_048571455.1;protein_4494,,,,,,,,,,,,
GCF_048571455.1;protein_4495,,,,,,,,,,,,
GCF_048571455.1;protein_4496,,,,,,,,,,,,
GCF_048571455.1;protein_4499,,,,,,,,,,,,
GCF_048571455.1;protein_4500,,,,,,,,,,,,
GCF_048571455.1;protein_4530,,,,,,,,,,,,
GCF_048571455.1;protein_4532,,,,,,,,,,,,
GCF_048571455.1;protein_4536,,,,,,,,,,,,
GCF_048571455.1;protein_4711,,,,,,,,,,,,
GCF_048571455.1;protein_4761,,,,,,,,,,,,
GCF_048571455.1;protein_4762,,,,,,,,,,,,
GCF_048571455.1;protein_4763,,,,,,,,,,,,
GCF_048571455.1;protein_4793,,,,,,,,,,,,
GCF_048571455.1;protein_4879,,,,,,,,,,,,
GCF_048571455.1;protein_4891,,,,,,,,,,,,
GCF_048571455.1;protein_4892,,,,,,,,,,,,
GCF_048571455.1;protein_4895,,,,,,,,,,,,
GCF_048571455.1;protein_4920,,,,,,,,,,,,
GCF_048571455.1;protein_5087,,,,,,,,,,,,
GCF_048571455.1;protein_5197,,,,,,,,,,,,
GCF_048571455.1;protein_5247,,,,,,,,,,,,
GCF_048571455.1;protein_5393,,,,,,,,,,,,
GCF_048571455.1;protein_5431,,,,,,,,,,,,
GCF_048571455.1;protein_5463,,,,,,,,,,,,
GCF_048571455.1;protein_5521,,,,,,,,,,,,
GCF_048571455.1;protein_5672,,,,,,,,,,,,
GCF_048571455.1;protein_5673,,,,,,,,,,,,
GCF_048571455.1;protein_5676,,,,,,,,,,,,
GCF_048571455.1;protein_5681,,,,,,,,,,,,
GCF_048571455.1;protein_5682,,,,,,,,,,,,
GCF_048571455.1;protein_5683,,,,,,,,,,,,
GCF_048571455.1;protein_5686,,,,,,,,,,,,
GCF_048571455.1;protein_5687,,,,,,,,,,,,
GCF_048571455.1;protein_5688,,,,,,,,,,,,
GCF_048571455.1;protein_5709,,,,,,,,,,,,
GCF_048571455.1;protein_5710,,,,,,,,,,,,
GCF_048571455.1;protein_5711,,,,,,,,,,,,
GCF_048571455.1;protein_5714,,,,,,,,,,,,
GCF_048571455.1;protein_5719,,,,,,,,,,,,
GCF_048571455.1;protein_5720,,,,,,,,,,,,
GCF_048571455.1;protein_5721,,,,,,,,,,,,
GCF_048571455.1;protein_5722,,,,,,,,,,,,
GCF_048571455.1;protein_5732,,,,,,,,,,,,
GCF_048571455.1;protein_5741,,,,,,,,,,,,
GCF_048571455.1;protein_5742,,,,,,,,,,,,
GCF_048571455.1;protein_5743,,,,,,,,,,,,
GCF_048571455.1;protein_5749,,,,,,,,,,,,
GCF_048571455.1;protein_5751,,,,,,,,,,,,
GCF_048571455.1;protein_5752,,,,,,,,,,,,
GCF_048571455.1;protein_5754,,,,,,,,,,,,
GCF_048571455.1;protein_5755,,,,,,,,,,,,
GCF_048571455.1;protein_5756,,,,,,,,,,,,
GCF_048571455.1;protein_5757,,,,,,,,,,,,
GCF_048571455.1;protein_5758,,,,,,,,,,,,
GCF_048571455.1;protein_5762,,,,,,,,,,,,
GCF_048571455.1;protein_5763,,,,,,,,,,,,
GCF_048571455.1;protein_5769,,,,,,,,,,,,
GCF_048571455.1;protein_5773,,,,,,,,,,,,
GCF_048571455.1;protein_5790,,,,,,,,,,,,
GCF_048571455.1;protein_5791,,,,,,,,,,,,
GCF_048571455.1;protein_5792,,,,,,,,,,,,
GCF_048571455.1;protein_5793,,,,,,,,,,,,
GCF_048571455.1;protein_5794,,,,,,,,,,,,
GCF_048571455.1;protein_5798,,,,,,,,,,,,
GCF_048571455.1;protein_5799,,,,,,,,,,,,
GCF_048571455.1;protein_5800,,,,,,,,,,,,
GCF_048571455.1;protein_5801,,,,,,,,,,,,
GCF_048571455.1;protein_5802,,,,,,,,,,,,
GCF_048571455.1;protein_5803,,,,,,,,,,,,
GCF_048571455.1;protein_5804,,,,,,,,,,,,
GCF_048571455.1;protein_5805,,,,,,,,,,,,
GCF_048571455.1;protein_5806,,,,,,,,,,,,
GCF_048571455.1;protein_5808,,,,,,,,,,,,
GCF_048571455.1;protein_5809,,,,,,,,,,,,
GCF_048571455.1;protein_5811,,,,,,,,,,,,
GCF_048571455.1;protein_5812,,,,,,,,,,,,
GCF_004358365.1;protein_6,,,,,,,,,,,,
GCF_004358365.1;protein_39,,,,,,,,,,,,
GCF_004358365.1;protein_40,,,,,,,,,,,,
GCF_004358365.1;protein_50,,,,,,,,,,,,
GCF_004358365.1;protein_60,,,,,,,,,,,,
GCF_004358365.1;protein_92,,,,,,,,,,,,
GCF_004358365.1;protein_123,,,,,,,,,,,,
GCF_004358365.1;protein_146,,,,,,,,,,,,
GCF_004358365.1;protein_179,,,,,,,,,,,,
GCF_004358365.1;protein_180,,,,,,,,,,,,
GCF_004358365.1;protein_181,,,,,,,,,,,,
GCF_004358365.1;protein_183,,,,,,,,,,,,
GCF_004358365.1;protein_184,,,,,,,,,,,,
GCF_004358365.1;protein_185,,,,,,,,,,,,
GCF_004358365.1;protein_186,,,,,,,,,,,,
GCF_004358365.1;protein_187,,,,,,,,,,,,
GCF_004358365.1;protein_189,,,,,,,,,,,,
GCF_004358365.1;protein_190,,,,,,,,,,,,
GCF_004358365.1;protein_192,,,,,,,,,,,,
GCF_004358365.1;protein_193,,,,,,,,,,,,
GCF_004358365.1;protein_199,,,,,,,,,,,,
GCF_004358365.1;protein_205,,,,,,,,,,,,
GCF_004358365.1;protein_208,,,,,,,,,,,,
GCF_004358365.1;protein_209,,,,,,,,,,,,
GCF_004358365.1;protein_212,,,,,,,,,,,,
GCF_004358365.1;protein_229,,,,,,,,,,,,
GCF_004358365.1;protein_230,,,,,,,,,,,,
GCF_004358365.1;protein_231,,,,,,,,,,,,
GCF_004358365.1;protein_239,,,,,,,,,,,,
GCF_004358365.1;protein_241,,,,,,,,,,,,
GCF_004358365.1;protein_353,,,,,,,,,,,,
GCF_004358365.1;protein_357,,,,,,,,,,,,
GCF_004358365.1;protein_358,,,,,,,,,,,,
GCF_004358365.1;protein_359,,,,,,,,,,,,
GCF_004358365.1;protein_360,,,,,,,,,,,,
GCF_004358365.1;protein_364,,,,,,,,,,,,
GCF_004358365.1;protein_365,,,,,,,,,,,,
GCF_004358365.1;protein_366,,,,,,,,,,,,
GCF_004358365.1;protein_367,,,,,,,,,,,,
GCF_004358365.1;protein_368,,,,,,,,,,,,
GCF_004358365.1;protein_371,,,,,,,,,,,,
GCF_004358365.1;protein_372,,,,,,,,,,,,
GCF_004358365.1;protein_373,,,,,,,,,,,,
GCF_004358365.1;protein_382,,,,,,,,,,,,
GCF_004358365.1;protein_389,,,,,,,,,,,,
GCF_004358365.1;protein_391,,,,,,,,,,,,
GCF_004358365.1;protein_435,,,,,,,,,,,,
GCF_004358365.1;protein_436,,,,,,,,,,,,
GCF_004358365.1;protein_437,,,,,,,,,,,,
GCF_004358365.1;protein_539,,,,,,,,,,,,
GCF_004358365.1;protein_540,,,,,,,,,,,,
GCF_004358365.1;protein_541,,,,,,,,,,,,
GCF_004358365.1;protein_542,,,,,,,,,,,,
GCF_004358365.1;protein_543,,,,,,,,,,,,
GCF_004358365.1;protein_544,,,,,,,,,,,,
GCF_004358365.1;protein_545,,,,,,,,,,,,
GCF_004358365.1;protein_546,,,,,,,,,,,,
GCF_004358365.1;protein_559,,,,,,,,,,,,
GCF_004358365.1;protein_562,,,,,,,,,,,,
GCF_004358365.1;protein_563,,,,,,,,,,,,
GCF_004358365.1;protein_566,,,,,,,,,,,,
GCF_004358365.1;protein_567,,,,,,,,,,,,
GCF_004358365.1;protein_570,,,,,,,,,,,,
GCF_004358365.1;protein_575,,,,,,,,,,,,
GCF_004358365.1;protein_576,,,,,,,,,,,,
GCF_004358365.1;protein_578,,,,,,,,,,,,
GCF_004358365.1;protein_579,,,,,,,,,,,,
GCF_004358365.1;protein_580,,,,,,,,,,,,
GCF_004358365.1;protein_586,,,,,,,,,,,,
GCF_004358365.1;protein_587,,,,,,,,,,,,
GCF_004358365.1;protein_594,,,,,,,,,,,,
GCF_004358365.1;protein_595,,,,,,,,,,,,
GCF_004358365.1;protein_597,,,,,,,,,,,,
GCF_004358365.1;protein_601,,,,,,,,,,,,
GCF_004358365.1;protein_652,,,,,,,,,,,,
GCF_004358365.1;protein_654,,,,,,,,,,,,
GCF_004358365.1;protein_655,,,,,,,,,,,,
GCF_004358365.1;protein_656,,,,,,,,,,,,
GCF_004358365.1;protein_657,,,,,,,,,,,,
GCF_004358365.1;protein_658,,,,,,,,,,,,
GCF_004358365.1;protein_660,,,,,,,,,,,,
GCF_004358365.1;protein_661,,,,,,,,,,,,
GCF_004358365.1;protein_662,,,,,,,,,,,,
GCF_004358365.1;protein_663,,,,,,,,,,,,
GCF_004358365.1;protein_679,,,,,,,,,,,,
GCF_004358365.1;protein_688,,,,,,,,,,,,
GCF_004358365.1;protein_689,,,,,,,,,,,,
GCF_004358365.1;protein_693,,,,,,,,,,,,
GCF_004358365.1;protein_695,,,,,,,,,,,,
GCF_004358365.1;protein_696,,,,,,,,,,,,
GCF_004358365.1;protein_701,,,,,,,,,,,,
GCF_004358365.1;protein_702,,,,,,,,,,,,
GCF_004358365.1;protein_708,,,,,,,,,,,,
GCF_004358365.1;protein_714,,,,,,,,,,,,
GCF_004358365.1;protein_810,,,,,,,,,,,,
GCF_004358365.1;protein_811,,,,,,,,,,,,
GCF_004358365.1;protein_816,,,,,,,,,,,,
GCF_004358365.1;protein_817,,,,,,,,,,,,
GCF_004358365.1;protein_822,,,,,,,,,,,,
GCF_004358365.1;protein_825,,,,,,,,,,,,
GCF_004358365.1;protein_833,,,,,,,,,,,,
GCF_004358365.1;protein_848,,,,,,,,,,,,
GCF_004358365.1;protein_858,,,,,,,,,,,,
GCF_004358365.1;protein_859,,,,,,,,,,,,
GCF_004358365.1;protein_880,,,,,,,,,,,,
GCF_004358365.1;protein_904,,,,,,,,,,,,
GCF_004358365.1;protein_905,,,,,,,,,,,,
GCF_004358365.1;protein_906,,,,,,,,,,,,
GCF_004358365.1;protein_935,,,,,,,,,,,,
GCF_004358365.1;protein_936,,,,,,,,,,,,
GCF_004358365.1;protein_938,,,,,,,,,,,,
GCF_004358365.1;protein_939,,,,,,,,,,,,
GCF_004358365.1;protein_940,,,,,,,,,,,,
GCF_004358365.1;protein_944,,,,,,,,,,,,
GCF_004358365.1;protein_958,,,,,,,,,,,,
GCF_004358365.1;protein_960,,,,,,,,,,,,
GCF_004358365.1;protein_961,,,,,,,,,,,,
GCF_004358365.1;protein_962,,,,,,,,,,,,
GCF_004358365.1;protein_966,,,,,,,,,,,,
GCF_004358365.1;protein_968,,,,,,,,,,,,
GCF_004358365.1;protein_969,,,,,,,,,,,,
GCF_004358365.1;protein_970,,,,,,,,,,,,
GCF_004358365.1;protein_971,,,,,,,,,,,,
GCF_004358365.1;protein_973,,,,,,,,,,,,
GCF_004358365.1;protein_974,,,,,,,,,,,,
GCF_004358365.1;protein_976,,,,,,,,,,,,
GCF_004358365.1;protein_978,,,,,,,,,,,,
GCF_004358365.1;protein_1002,,,,,,,,,,,,
GCF_004358365.1;protein_1003,,,,,,,,,,,,
GCF_004358365.1;protein_1004,,,,,,,,,,,,
GCF_004358365.1;protein_1007,,,,,,,,,,,,
GCF_004358365.1;protein_1011,,,,,,,,,,,,
GCF_004358365.1;protein_1012,,,,,,,,,,,,
GCF_004358365.1;protein_1013,,,,,,,,,,,,
GCF_004358365.1;protein_1014,,,,,,,,,,,,
GCF_004358365.1;protein_1015,,,,,,,,,,,,
GCF_004358365.1;protein_1016,,,,,,,,,,,,
GCF_004358365.1;protein_1017,,,,,,,,,,,,
GCF_004358365.1;protein_1018,,,,,,,,,,,,
GCF_004358365.1;protein_1020,,,,,,,,,,,,
GCF_004358365.1;protein_1023,,,,,,,,,,,,
GCF_004358365.1;protein_1024,,,,,,,,,,,,
GCF_004358365.1;protein_1030,,,,,,,,,,,,
GCF_004358365.1;protein_1034,,,,,,,,,,,,
GCF_004358365.1;protein_1035,,,,,,,,,,,,
GCF_004358365.1;protein_1040,,,,,,,,,,,,
GCF_004358365.1;protein_1041,,,,,,,,,,,,
GCF_004358365.1;protein_1043,,,,,,,,,,,,
GCF_004358365.1;protein_1044,,,,,,,,,,,,
GCF_004358365.1;protein_1047,,,,,,,,,,,,
GCF_004358365.1;protein_1049,,,,,,,,,,,,
GCF_004358365.1;protein_1054,,,,,,,,,,,,
GCF_004358365.1;protein_1058,,,,,,,,,,,,
GCF_004358365.1;protein_1068,,,,,,,,,,,,
GCF_004358365.1;protein_1114,,,,,,,,,,,,
GCF_004358365.1;protein_1222,,,,,,,,,,,,
GCF_004358365.1;protein_1243,,,,,,,,,,,,
GCF_004358365.1;protein_1277,,,,,,,,,,,,
GCF_004358365.1;protein_1278,,,,,,,,,,,,
GCF_004358365.1;protein_1279,,,,,,,,,,,,
GCF_004358365.1;protein_1280,,,,,,,,,,,,
GCF_004358365.1;protein_1285,,,,,,,,,,,,
GCF_004358365.1;protein_1288,,,,,,,,,,,,
GCF_004358365.1;protein_1289,,,,,,,,,,,,
GCF_004358365.1;protein_1290,,,,,,,,,,,,
GCF_004358365.1;protein_1291,,,,,,,,,,,,
GCF_004358365.1;protein_1292,,,,,,,,,,,,
GCF_004358365.1;protein_1294,,,,,,,,,,,,
GCF_004358365.1;protein_1295,,,,,,,,,,,,
GCF_004358365.1;protein_1296,,,,,,,,,,,,
GCF_004358365.1;protein_1297,,,,,,,,,,,,
GCF_004358365.1;protein_1298,,,,,,,,,,,,
GCF_004358365.1;protein_1299,,,,,,,,,,,,
GCF_004358365.1;protein_1300,,,,,,,,,,,,
GCF_004358365.1;protein_1303,,,,,,,,,,,,
GCF_004358365.1;protein_1304,,,,,,,,,,,,
GCF_004358365.1;protein_1308,,,,,,,,,,,,
GCF_004358365.1;protein_1311,,,,,,,,,,,,
GCF_004358365.1;protein_1313,,,,,,,,,,,,
GCF_004358365.1;protein_1314,,,,,,,,,,,,
GCF_004358365.1;protein_1322,,,,,,,,,,,,
GCF_004358365.1;protein_1325,,,,,,,,,,,,
GCF_004358365.1;protein_1327,,,,,,,,,,,,
GCF_004358365.1;protein_1332,,,,,,,,,,,,
GCF_004358365.1;protein_1333,,,,,,,,,,,,
GCF_004358365.1;protein_1335,,,,,,,,,,,,
GCF_004358365.1;protein_1336,,,,,,,,,,,,
GCF_004358365.1;protein_1337,,,,,,,,,,,,
GCF_004358365.1;protein_1340,,,,,,,,,,,,
GCF_004358365.1;protein_1341,,,,,,,,,,,,
GCF_004358365.1;protein_1342,,,,,,,,,,,,
GCF_004358365.1;protein_1346,,,,,,,,,,,,
GCF_004358365.1;protein_1350,,,,,,,,,,,,
GCF_004358365.1;protein_1351,,,,,,,,,,,,
GCF_004358365.1;protein_1497,,,,,,,,,,,,
GCF_004358365.1;protein_1548,,,,,,,,,,,,
GCF_004358365.1;protein_1563,,,,,,,,,,,,
GCF_004358365.1;protein_1570,,,,,,,,,,,,
GCF_004358365.1;protein_1571,,,,,,,,,,,,
GCF_004358365.1;protein_1577,,,,,,,,,,,,
GCF_004358365.1;protein_1578,,,,,,,,,,,,
GCF_004358365.1;protein_1579,,,,,,,,,,,,
GCF_004358365.1;protein_1581,,,,,,,,,,,,
GCF_004358365.1;protein_1586,,,,,,,,,,,,
GCF_004358365.1;protein_1614,,,,,,,,,,,,
GCF_004358365.1;protein_1657,,,,,,,,,,,,
GCF_004358365.1;protein_1693,,,,,,,,,,,,
GCF_004358365.1;protein_1789,,,,,,,,,,,,
GCF_004358365.1;protein_1872,,,,,,,,,,,,
GCF_004358365.1;protein_1955,,,,,,,,,,,,
GCF_004358365.1;protein_1964,,,,,,,,,,,,
GCF_004358365.1;protein_1990,,,,,,,,,,,,
GCF_004358365.1;protein_2061,,,,,,,,,,,,
GCF_004358365.1;protein_2062,,,,,,,,,,,,
GCF_004358365.1;protein_2063,,,,,,,,,,,,
GCF_004358365.1;protein_2064,,,,,,,,,,,,
GCF_004358365.1;protein_2065,,,,,,,,,,,,
GCF_004358365.1;protein_2066,,,,,,,,,,,,
GCF_004358365.1;protein_2067,,,,,,,,,,,,
GCF_004358365.1;protein_2068,,,,,,,,,,,,
GCF_004358365.1;protein_2069,,,,,,,,,,,,
GCF_004358365.1;protein_2070,,,,,,,,,,,,
GCF_004358365.1;protein_2071,,,,,,,,,,,,
GCF_004358365.1;protein_2072,,,,,,,,,,,,
GCF_004358365.1;protein_2073,,,,,,,,,,,,
GCF_004358365.1;protein_2074,,,,,,,,,,,,
GCF_004358365.1;protein_2075,,,,,,,,,,,,
GCF_004358365.1;protein_2076,,,,,,,,,,,,
GCF_004358365.1;protein_2101,,,,,,,,,,,,
GCF_004358365.1;protein_2155,,,,,,,,,,,,
GCF_004358365.1;protein_2215,,,,,,,,,,,,
GCF_004358365.1;protein_2317,,,,,,,,,,,,
GCF_004358365.1;protein_2318,,,,,,,,,,,,
GCF_004358365.1;protein_2324,,,,,,,,,,,,
GCF_004358365.1;protein_2325,,,,,,,,,,,,
GCF_004358365.1;protein_2326,,,,,,,,,,,,
GCF_004358365.1;protein_2328,,,,,,,,,,,,
GCF_004358365.1;protein_2337,,,,,,,,,,,,
GCF_004358365.1;protein_2345,,,,,,,,,,,,
GCF_004358365.1;protein_2346,,,,,,,,,,,,
GCF_004358365.1;protein_2347,,,,,,,,,,,,
GCF_004358365.1;protein_2348,,,,,,,,,,,,
GCF_004358365.1;protein_2349,,,,,,,,,,,,
GCF_004358365.1;protein_2352,,,,,,,,,,,,
GCF_004358365.1;protein_2353,,,,,,,,,,,,
GCF_004358365.1;protein_2354,,,,,,,,,,,,
GCF_004358365.1;protein_2379,,,,,,,,,,,,
GCF_004358365.1;protein_2388,,,,,,,,,,,,
GCF_004358365.1;protein_2389,,,,,,,,,,,,
GCF_004358365.1;protein_2390,,,,,,,,,,,,
GCF_004358365.1;protein_2423,,,,,,,,,,,,
GCF_004358365.1;protein_2485,,,,,,,,,,,,
GCF_004358365.1;protein_2497,,,,,,,,,,,,
GCF_004358365.1;protein_2498,,,,,,,,,,,,
GCF_004358365.1;protein_2557,,,,,,,,,,,,
GCF_004358365.1;protein_2677,,,,,,,,,,,,
GCF_004358365.1;protein_2678,,,,,,,,,,,,
GCF_004358365.1;protein_2711,,,,,,,,,,,,
GCF_004358365.1;protein_2737,,,,,,,,,,,,
GCF_004358365.1;protein_2872,,,,,,,,,,,,
GCF_004358365.1;protein_2873,,,,,,,,,,,,
GCF_004358365.1;protein_2874,,,,,,,,,,,,
GCF_004358365.1;protein_3169,,,,,,,,,,,,
GCF_004358365.1;protein_3202,,,,,,,,,,,,
GCF_004358365.1;protein_3240,,,,,,,,,,,,
GCF_004358365.1;protein_3386,,,,,,,,,,,,
GCF_004358365.1;protein_3436,,,,,,,,,,,,
GCF_004358365.1;protein_3546,,,,,,,,,,,,
GCF_004358365.1;protein_3713,,,,,,,,,,,,
GCF_004358365.1;protein_3738,,,,,,,,,,,,
GCF_004358365.1;protein_3741,,,,,,,,,,,,
GCF_004358365.1;protein_3742,,,,,,,,,,,,
GCF_004358365.1;protein_3839,,,,,,,,,,,,
GCF_004358365.1;protein_3869,,,,,,,,,,,,
GCF_004358365.1;protein_3870,,,,,,,,,,,,
GCF_004358365.1;protein_3871,,,,,,,,,,,,
GCF_004358365.1;protein_4095,,,,,,,,,,,,
GCF_004358365.1;protein_4113,,,,,,,,,,,,
GCF_004358365.1;protein_4115,,,,,,,,,,,,
GCF_004358365.1;protein_4116,,,,,,,,,,,,
GCF_004358365.1;protein_4117,,,,,,,,,,,,
GCF_004358365.1;protein_4118,,,,,,,,,,,,
GCF_004358365.1;protein_4122,,,,,,,,,,,,
GCF_004358365.1;protein_4132,,,,,,,,,,,,
GCF_004358365.1;protein_4133,,,,,,,,,,,,
GCF_004358365.1;protein_4136,,,,,,,,,,,,
GCF_004358365.1;protein_4137,,,,,,,,,,,,
GCF_004358365.1;protein_4138,,,,,,,,,,,,
GCF_004358365.1;protein_4140,,,,,,,,,,,,
GCF_004358365.1;protein_4153,,,,,,,,,,,,
GCF_004358365.1;protein_4154,,,,,,,,,,,,
GCF_004358365.1;protein_4155,,,,,,,,,,,,
GCF_004358365.1;protein_4156,,,,,,,,,,,,
GCF_004358365.1;protein_4157,,,,,,,,,,,,
GCF_004358365.1;protein_4159,,,,,,,,,,,,
GCF_004358365.1;protein_4160,,,,,,,,,,,,
GCF_004358365.1;protein_4165,,,,,,,,,,,,
GCF_004358365.1;protein_4418,,,,,,,,,,,,
GCF_004358365.1;protein_4419,,,,,,,,,,,,
GCF_004358365.1;protein_4421,,,,,,,,,,,,
GCF_004358365.1;protein_4428,,,,,,,,,,,,
GCF_004358365.1;protein_4429,,,,,,,,,,,,
GCF_004358365.1;protein_4430,,,,,,,,,,,,
GCF_004358365.1;protein_4435,,,,,,,,,,,,
GCF_004358365.1;protein_4445,,,,,,,,,,,,
GCF_004358365.1;protein_4446,,,,,,,,,,,,
GCF_004358365.1;protein_4447,,,,,,,,,,,,
GCF_004358365.1;protein_4448,,,,,,,,,,,,
GCF_004358365.1;protein_4450,,,,,,,,,,,,
GCF_004358365.1;protein_4452,,,,,,,,,,,,
GCF_004358365.1;protein_4455,,,,,,,,,,,,
GCF_004358365.1;protein_4469,,,,,,,,,,,,
GCF_004358365.1;protein_4472,,,,,,,,,,,,
GCF_004358365.1;protein_4474,,,,,,,,,,,,
GCF_004358365.1;protein_4475,,,,,,,,,,,,
GCF_004358365.1;protein_4478,,,,,,,,,,,,
GCF_004358365.1;protein_4496,,,,,,,,,,,,
GCF_004358365.1;protein_4616,,,,,,,,,,,,
GCF_004358365.1;protein_4617,,,,,,,,,,,,
GCF_004358365.1;protein_4618,,,,,,,,,,,,
GCF_004358365.1;protein_4626,,,,,,,,,,,,
GCF_004358365.1;protein_4630,,,,,,,,,,,,
GCF_004358365.1;protein_4632,,,,,,,,,,,,
GCF_004358365.1;protein_4637,,,,,,,,,,,,
GCF_004358365.1;protein_4638,,,,,,,,,,,,
GCF_004358365.1;protein_4642,,,,,,,,,,,,
GCF_004358365.1;protein_4643,,,,,,,,,,,,
GCF_004358365.1;protein_4644,,,,,,,,,,,,
GCF_004358365.1;protein_4646,,,,,,,,,,,,
GCF_004358365.1;protein_4648,,,,,,,,,,,,
GCF_004358365.1;protein_4649,,,,,,,,,,,,
GCF_004358365.1;protein_4650,,,,,,,,,,,,
GCF_004358365.1;protein_4651,,,,,,,,,,,,
GCF_004358365.1;protein_4652,,,,,,,,,,,,
GCF_004358365.1;protein_4660,,,,,,,,,,,,
GCF_004358365.1;protein_4661,,,,,,,,,,,,
GCF_004358365.1;protein_4669,,,,,,,,,,,,
GCF_004358365.1;protein_4670,,,,,,,,,,,,
GCF_004358365.1;protein_4671,,,,,,,,,,,,
GCF_004358365.1;protein_4672,,,,,,,,,,,,
GCF_004358365.1;protein_4676,,,,,,,,,,,,
GCF_004358365.1;protein_4678,,,,,,,,,,,,
GCF_004358365.1;protein_4679,,,,,,,,,,,,
GCF_004358365.1;protein_4680,,,,,,,,,,,,
GCF_004358365.1;protein_4681,,,,,,,,,,,,
GCF_004358365.1;protein_4684,,,,,,,,,,,,
GCF_004358365.1;protein_4685,,,,,,,,,,,,
GCF_004358365.1;protein_4688,,,,,,,,,,,,
GCF_004358365.1;protein_4807,,,,,,,,,,,,
GCF_004358365.1;protein_4808,,,,,,,,,,,,
GCF_004358365.1;protein_4809,,,,,,,,,,,,
GCF_004358365.1;protein_4935,,,,,,,,,,,,
GCF_004358365.1;protein_4936,,,,,,,,,,,,
GCF_004358365.1;protein_4937,,,,,,,,,,,,
GCF_004358365.1;protein_4939,,,,,,,,,,,,
GCF_004358365.1;protein_4940,,,,,,,,,,,,
GCF_004358365.1;protein_4941,,,,,,,,,,,,
GCF_004358365.1;protein_4943,,,,,,,,,,,,
GCF_004358365.1;protein_4945,,,,,,,,,,,,
GCF_004358365.1;protein_4947,,,,,,,,,,,,
GCF_004358365.1;protein_4948,,,,,,,,,,,,
GCF_004358365.1;protein_4949,,,,,,,,,,,,
GCF_004358365.1;protein_4955,,,,,,,,,,,,
GCF_004358365.1;protein_4957,,,,,,,,,,,,
GCF_004358365.1;protein_4958,,,,,,,,,,,,
GCF_004358365.1;protein_4961,,,,,,,,,,,,
GCF_004358365.1;protein_4997,,,,,,,,,,,,
GCF_004358365.1;protein_5045,,,,,,,,,,,,
GCF_004358365.1;protein_5048,,,,,,,,,,,,
GCF_004358365.1;protein_5050,,,,,,,,,,,,
GCF_004358365.1;protein_5051,,,,,,,,,,,,
GCF_004358365.1;protein_5067,,,,,,,,,,,,
GCF_004358365.1;protein_5068,,,,,,,,,,,,
GCF_004358365.1;protein_5079,,,,,,,,,,,,
GCF_004358365.1;protein_5090,,,,,,,,,,,,
GCF_004358365.1;protein_5091,,,,,,,,,,,,
GCF_004358365.1;protein_5092,,,,,,,,,,,,
GCF_004358365.1;protein_5093,,,,,,,,,,,,
GCF_004358365.1;protein_5094,,,,,,,,,,,,
GCF_004358365.1;protein_5095,,,,,,,,,,,,
GCF_004358365.1;protein_5194,,,,,,,,,,,,
GCF_004358365.1;protein_5197,,,,,,,,,,,,
GCF_004358365.1;protein_5200,,,,,,,,,,,,
GCF_004358365.1;protein_5207,,,,,,,,,,,,
GCF_004358365.1;protein_5210,,,,,,,,,,,,
GCF_004358365.1;protein_5211,,,,,,,,,,,,
GCF_004358365.1;protein_5214,,,,,,,,,,,,
GCF_004358365.1;protein_5220,,,,,,,,,,,,
GCF_004358365.1;protein_5226,,,,,,,,,,,,
GCF_004358365.1;protein_5227,,,,,,,,,,,,
GCF_004358365.1;protein_5230,,,,,,,,,,,,
GCF_004358365.1;protein_5232,,,,,,,,,,,,
GCF_004358365.1;protein_5233,,,,,,,,,,,,
GCF_004358365.1;protein_5234,,,,,,,,,,,,
GCF_004358365.1;protein_5235,,,,,,,,,,,,
GCF_004358365.1;protein_5237,,,,,,,,,,,,
GCF_004358365.1;protein_5238,,,,,,,,,,,,
GCF_004358365.1;protein_5239,,,,,,,,,,,,
GCF_004358365.1;protein_5241,,,,,,,,,,,,
GCF_004358365.1;protein_5242,,,,,,,,,,,,
GCF_004358365.1;protein_5291,,,,,,,,,,,,
GCF_004358365.1;protein_5350,,,,,,,,,,,,
GCF_004358365.1;protein_5368,,,,,,,,,,,,
GCF_004358365.1;protein_5511,,,,,,,,,,,,
GCF_004358365.1;protein_5512,,,,,,,,,,,,
GCF_004358365.1;protein_5515,,,,,,,,,,,,
GCF_004358365.1;protein_5518,,,,,,,,,,,,
GCF_004358365.1;protein_5521,,,,,,,,,,,,
GCF_004358365.1;protein_5528,,,,,,,,,,,,
GCF_004358365.1;protein_5531,,,,,,,,,,,,
GCF_004358365.1;protein_5532,,,,,,,,,,,,
GCF_004358365.1;protein_5533,,,,,,,,,,,,
GCF_004358365.1;protein_5537,,,,,,,,,,,,
GCF_004358365.1;protein_5538,,,,,,,,,,,,
GCF_004358365.1;protein_5539,,,,,,,,,,,,
GCF_004358365.1;protein_5540,,,,,,,,,,,,
GCF_004358365.1;protein_5544,,,,,,,,,,,,
GCF_004358365.1;protein_5545,,,,,,,,,,,,
GCF_004358365.1;protein_5546,,,,,,,,,,,,
GCF_004358365.1;protein_5550,,,,,,,,,,,,
GCF_004358365.1;protein_5557,,,,,,,,,,,,
GCF_004358365.1;protein_5560,,,,,,,,,,,,
GCF_004358365.1;protein_5562,,,,,,,,,,,,
GCF_004358365.1;protein_5563,,,,,,,,,,,,
GCF_004358365.1;protein_5564,,,,,,,,,,,,
GCF_004358365.1;protein_5565,,,,,,,,,,,,
GCF_004358365.1;protein_5566,,,,,,,,,,,,
GCF_004358365.1;protein_5567,,,,,,,,,,,,
GCF_004358365.1;protein_5568,,,,,,,,,,,,
GCF_004358365.1;protein_5569,,,,,,,,,,,,
GCF_004358365.1;protein_5573,,,,,,,,,,,,
GCF_004358365.1;protein_5575,,,,,,,,,,,,
GCF_004358365.1;protein_5579,,,,,,,,,,,,
GCF_004358365.1;protein_5580,,,,,,,,,,,,
GCF_004358365.1;protein_5581,,,,,,,,,,,,
GCF_004358365.1;protein_5582,,,,,,,,,,,,
GCF_004358365.1;protein_5583,,,,,,,,,,,,
GCF_004358365.1;protein_5584,,,,,,,,,,,,
GCF_004358365.1;protein_5587,,,,,,,,,,,,
GCF_004358365.1;protein_5614,,,,,,,,,,,,
GCF_004358365.1;protein_5615,,,,,,,,,,,,
GCF_004358365.1;protein_5617,,,,,,,,,,,,
GCF_004358365.1;protein_5621,,,,,,,,,,,,
GCF_004358365.1;protein_5622,,,,,,,,,,,,
GCF_004358365.1;protein_5625,,,,,,,,,,,,
GCF_004358365.1;protein_5626,,,,,,,,,,,,
GCF_004358365.1;protein_5627,,,,,,,,,,,,
GCF_004358365.1;protein_5628,,,,,,,,,,,,
GCF_004358365.1;protein_5635,,,,,,,,,,,,
GCF_004358365.1;protein_5653,,,,,,,,,,,,
GCF_004358365.1;protein_5663,,,,,,,,,,,,
GCF_004358365.1;protein_5664,,,,,,,,,,,,
GCF_004358365.1;protein_5665,,,,,,,,,,,,
GCF_004358365.1;protein_5668,,,,,,,,,,,,
GCF_004358365.1;protein_5672,,,,,,,,,,,,
GCF_004358365.1;protein_5673,,,,,,,,,,,,
GCF_004358365.1;protein_5678,,,,,,,,,,,,
GCF_004358365.1;protein_5683,,,,,,,,,,,,
GCF_004358365.1;protein_5684,,,,,,,,,,,,
GCF_004358365.1;protein_5685,,,,,,,,,,,,
GCF_004358365.1;protein_5686,,,,,,,,,,,,
GCF_004358365.1;protein_5687,,,,,,,,,,,,
GCF_004358365.1;protein_5688,,,,,,,,,,,,
GCF_004358365.1;protein_5689,,,,,,,,,,,,
GCF_004358365.1;protein_5690,,,,,,,,,,,,
GCF_004358365.1;protein_5691,,,,,,,,,,,,
GCF_004358365.1;protein_5692,,,,,,,,,,,,
GCF_004358365.1;protein_5693,,,,,,,,,,,,
GCF_004358365.1;protein_5694,,,,,,,,,,,,
GCF_004358365.1;protein_5695,,,,,,,,,,,,
GCF_004358365.1;protein_5696,,,,,,,,,,,,
GCF_004358365.1;protein_5697,,,,,,,,,,,,
GCF_004358365.1;protein_5698,,,,,,,,,,,,
GCF_004358365.1;protein_5699,,,,,,,,,,,,
GCF_004358365.1;protein_5700,,,,,,,,,,,,
GCF_004358365.1;protein_5707,,,,,,,,,,,,
GCF_004358365.1;protein_5713,,,,,,,,,,,,
GCF_004358365.1;protein_5714,,,,,,,,,,,,
GCF_004358365.1;protein_5715,,,,,,,,,,,,
GCF_004358365.1;protein_5716,,,,,,,,,,,,
GCF_004358365.1;protein_5717,,,,,,,,,,,,
GCF_004358365.1;protein_5721,,,,,,,,,,,,
GCF_004358365.1;protein_5722,,,,,,,,,,,,
GCF_004358365.1;protein_5728,,,,,,,,,,,,
GCF_004358365.1;protein_5730,,,,,,,,,,,,
GCF_004358365.1;protein_5731,,,,,,,,,,,,
GCF_004358365.1;protein_5732,,,,,,,,,,,,
GCF_004358365.1;protein_5736,,,,,,,,,,,,
GCF_004358365.1;protein_5737,,,,,,,,,,,,
GCF_004358365.1;protein_5744,,,,,,,,,,,,
GCF_004358365.1;protein_5748,,,,,,,,,,,,
GCF_004358365.1;protein_5756,,,,,,,,,,,,
GCF_004358365.1;protein_5761,,,,,,,,,,,,
GCF_004358365.1;protein_5768,,,,,,,,,,,,
GCF_004358365.1;protein_5773,,,,,,,,,,,,
GCF_004358365.1;protein_5775,,,,,,,,,,,,
GCF_004358365.1;protein_5777,,,,,,,,,,,,
GCF_004358365.1;protein_5778,,,,,,,,,,,,
GCF_004358365.1;protein_5779,,,,,,,,,,,,
GCF_048568965.1;protein_28,,,,,,,,,,,,
GCF_048568965.1;protein_30,,,,,,,,,,,,
GCF_048568965.1;protein_96,,,,,,,,,,,,
GCF_048568965.1;protein_97,,,,,,,,,,,,
GCF_048568965.1;protein_98,,,,,,,,,,,,
GCF_048568965.1;protein_233,,,,,,,,,,,,
GCF_048568965.1;protein_266,,,,,,,,,,,,
GCF_048568965.1;protein_304,,,,,,,,,,,,
GCF_048568965.1;protein_450,,,,,,,,,,,,
GCF_048568965.1;protein_500,,,,,,,,,,,,
GCF_048568965.1;protein_610,,,,,,,,,,,,
GCF_048568965.1;protein_777,,,,,,,,,,,,
GCF_048568965.1;protein_802,,,,,,,,,,,,
GCF_048568965.1;protein_805,,,,,,,,,,,,
GCF_048568965.1;protein_806,,,,,,,,,,,,
GCF_048568965.1;protein_895,,,,,,,,,,,,
GCF_048568965.1;protein_904,,,,,,,,,,,,
GCF_048568965.1;protein_931,,,,,,,,,,,,
GCF_048568965.1;protein_932,,,,,,,,,,,,
GCF_048568965.1;protein_933,,,,,,,,,,,,
GCF_048568965.1;protein_934,,,,,,,,,,,,
GCF_048568965.1;protein_935,,,,,,,,,,,,
GCF_048568965.1;protein_936,,,,,,,,,,,,
GCF_048568965.1;protein_937,,,,,,,,,,,,
GCF_048568965.1;protein_938,,,,,,,,,,,,
GCF_048568965.1;protein_939,,,,,,,,,,,,
GCF_048568965.1;protein_940,,,,,,,,,,,,
GCF_048568965.1;protein_941,,,,,,,,,,,,
GCF_048568965.1;protein_942,,,,,,,,,,,,
GCF_048568965.1;protein_943,,,,,,,,,,,,
GCF_048568965.1;protein_944,,,,,,,,,,,,
GCF_048568965.1;protein_945,,,,,,,,,,,,
GCF_048568965.1;protein_946,,,,,,,,,,,,
GCF_048568965.1;protein_947,,,,,,,,,,,,
GCF_048568965.1;protein_951,,,,,,,,,,,,
GCF_048568965.1;protein_952,,,,,,,,,,,,
GCF_048568965.1;protein_953,,,,,,,,,,,,
GCF_048568965.1;protein_1211,,,,,,,,,,,,
GCF_048568965.1;protein_1212,,,,,,,,,,,,
GCF_048568965.1;protein_1215,,,,,,,,,,,,
GCF_048568965.1;protein_1216,,,,,,,,,,,,
GCF_048568965.1;protein_1217,,,,,,,,,,,,
GCF_048568965.1;protein_1219,,,,,,,,,,,,
GCF_048568965.1;protein_1232,,,,,,,,,,,,
GCF_048568965.1;protein_1233,,,,,,,,,,,,
GCF_048568965.1;protein_1234,,,,,,,,,,,,
GCF_048568965.1;protein_1235,,,,,,,,,,,,
GCF_048568965.1;protein_1236,,,,,,,,,,,,
GCF_048568965.1;protein_1238,,,,,,,,,,,,
GCF_048568965.1;protein_1239,,,,,,,,,,,,
GCF_048568965.1;protein_1244,,,,,,,,,,,,
GCF_048568965.1;protein_1245,,,,,,,,,,,,
GCF_048568965.1;protein_1284,,,,,,,,,,,,
GCF_048568965.1;protein_1305,,,,,,,,,,,,
GCF_048568965.1;protein_1307,,,,,,,,,,,,
GCF_048568965.1;protein_1308,,,,,,,,,,,,
GCF_048568965.1;protein_1310,,,,,,,,,,,,
GCF_048568965.1;protein_1315,,,,,,,,,,,,
GCF_048568965.1;protein_1316,,,,,,,,,,,,
GCF_048568965.1;protein_1318,,,,,,,,,,,,
GCF_048568965.1;protein_1342,,,,,,,,,,,,
GCF_048568965.1;protein_1343,,,,,,,,,,,,
GCF_048568965.1;protein_1344,,,,,,,,,,,,
GCF_048568965.1;protein_1349,,,,,,,,,,,,
GCF_048568965.1;protein_1352,,,,,,,,,,,,
GCF_048568965.1;protein_1354,,,,,,,,,,,,
GCF_048568965.1;protein_1547,,,,,,,,,,,,
GCF_048568965.1;protein_1549,,,,,,,,,,,,
GCF_048568965.1;protein_1550,,,,,,,,,,,,
GCF_048568965.1;protein_1552,,,,,,,,,,,,
GCF_048568965.1;protein_1553,,,,,,,,,,,,
GCF_048568965.1;protein_1556,,,,,,,,,,,,
GCF_048568965.1;protein_1693,,,,,,,,,,,,
GCF_048568965.1;protein_1694,,,,,,,,,,,,
GCF_048568965.1;protein_1695,,,,,,,,,,,,
GCF_048568965.1;protein_1703,,,,,,,,,,,,
GCF_048568965.1;protein_1707,,,,,,,,,,,,
GCF_048568965.1;protein_1709,,,,,,,,,,,,
GCF_048568965.1;protein_1715,,,,,,,,,,,,
GCF_048568965.1;protein_1716,,,,,,,,,,,,
GCF_048568965.1;protein_1720,,,,,,,,,,,,
GCF_048568965.1;protein_1721,,,,,,,,,,,,
GCF_048568965.1;protein_1722,,,,,,,,,,,,
GCF_048568965.1;protein_1725,,,,,,,,,,,,
GCF_048568965.1;protein_1726,,,,,,,,,,,,
GCF_048568965.1;protein_1727,,,,,,,,,,,,
GCF_048568965.1;protein_1728,,,,,,,,,,,,
GCF_048568965.1;protein_1729,,,,,,,,,,,,
GCF_048568965.1;protein_1737,,,,,,,,,,,,
GCF_048568965.1;protein_1738,,,,,,,,,,,,
GCF_048568965.1;protein_1746,,,,,,,,,,,,
GCF_048568965.1;protein_1747,,,,,,,,,,,,
GCF_048568965.1;protein_1748,,,,,,,,,,,,
GCF_048568965.1;protein_1749,,,,,,,,,,,,
GCF_048568965.1;protein_1753,,,,,,,,,,,,
GCF_048568965.1;protein_1755,,,,,,,,,,,,
GCF_048568965.1;protein_1756,,,,,,,,,,,,
GCF_048568965.1;protein_1757,,,,,,,,,,,,
GCF_048568965.1;protein_1758,,,,,,,,,,,,
GCF_048568965.1;protein_1761,,,,,,,,,,,,
GCF_048568965.1;protein_1762,,,,,,,,,,,,
GCF_048568965.1;protein_1765,,,,,,,,,,,,
GCF_048568965.1;protein_1883,,,,,,,,,,,,
GCF_048568965.1;protein_1884,,,,,,,,,,,,
GCF_048568965.1;protein_1886,,,,,,,,,,,,
GCF_048568965.1;protein_1887,,,,,,,,,,,,
GCF_048568965.1;protein_1892,,,,,,,,,,,,
GCF_048568965.1;protein_1896,,,,,,,,,,,,
GCF_048568965.1;protein_1898,,,,,,,,,,,,
GCF_048568965.1;protein_1899,,,,,,,,,,,,
GCF_048568965.1;protein_1905,,,,,,,,,,,,
GCF_048568965.1;protein_1906,,,,,,,,,,,,
GCF_048568965.1;protein_1912,,,,,,,,,,,,
GCF_048568965.1;protein_1913,,,,,,,,,,,,
GCF_048568965.1;protein_1914,,,,,,,,,,,,
GCF_048568965.1;protein_1916,,,,,,,,,,,,
GCF_048568965.1;protein_1917,,,,,,,,,,,,
GCF_048568965.1;protein_1922,,,,,,,,,,,,
GCF_048568965.1;protein_1923,,,,,,,,,,,,
GCF_048568965.1;protein_1925,,,,,,,,,,,,
GCF_048568965.1;protein_1926,,,,,,,,,,,,
GCF_048568965.1;protein_1929,,,,,,,,,,,,
GCF_048568965.1;protein_1930,,,,,,,,,,,,
GCF_048568965.1;protein_1933,,,,,,,,,,,,
GCF_048568965.1;protein_1937,,,,,,,,,,,,
GCF_048568965.1;protein_1947,,,,,,,,,,,,
GCF_048568965.1;protein_1948,,,,,,,,,,,,
GCF_048568965.1;protein_1949,,,,,,,,,,,,
GCF_048568965.1;protein_1950,,,,,,,,,,,,
GCF_048568965.1;protein_1951,,,,,,,,,,,,
GCF_048568965.1;protein_1952,,,,,,,,,,,,
GCF_048568965.1;protein_1953,,,,,,,,,,,,
GCF_048568965.1;protein_1955,,,,,,,,,,,,
GCF_048568965.1;protein_1956,,,,,,,,,,,,
GCF_048568965.1;protein_1961,,,,,,,,,,,,
GCF_048568965.1;protein_1962,,,,,,,,,,,,
GCF_048568965.1;protein_1963,,,,,,,,,,,,
GCF_048568965.1;protein_2081,,,,,,,,,,,,
GCF_048568965.1;protein_2088,,,,,,,,,,,,
GCF_048568965.1;protein_2089,,,,,,,,,,,,
GCF_048568965.1;protein_2090,,,,,,,,,,,,
GCF_048568965.1;protein_2092,,,,,,,,,,,,
GCF_048568965.1;protein_2093,,,,,,,,,,,,
GCF_048568965.1;protein_2094,,,,,,,,,,,,
GCF_048568965.1;protein_2096,,,,,,,,,,,,
GCF_048568965.1;protein_2098,,,,,,,,,,,,
GCF_048568965.1;protein_2100,,,,,,,,,,,,
GCF_048568965.1;protein_2102,,,,,,,,,,,,
GCF_048568965.1;protein_2103,,,,,,,,,,,,
GCF_048568965.1;protein_2104,,,,,,,,,,,,
GCF_048568965.1;protein_2110,,,,,,,,,,,,
GCF_048568965.1;protein_2112,,,,,,,,,,,,
GCF_048568965.1;protein_2113,,,,,,,,,,,,
GCF_048568965.1;protein_2116,,,,,,,,,,,,
GCF_048568965.1;protein_2136,,,,,,,,,,,,
GCF_048568965.1;protein_2137,,,,,,,,,,,,
GCF_048568965.1;protein_2138,,,,,,,,,,,,
GCF_048568965.1;protein_2139,,,,,,,,,,,,
GCF_048568965.1;protein_2140,,,,,,,,,,,,
GCF_048568965.1;protein_2141,,,,,,,,,,,,
GCF_048568965.1;protein_2142,,,,,,,,,,,,
GCF_048568965.1;protein_2143,,,,,,,,,,,,
GCF_048568965.1;protein_2145,,,,,,,,,,,,
GCF_048568965.1;protein_2146,,,,,,,,,,,,
GCF_048568965.1;protein_2147,,,,,,,,,,,,
GCF_048568965.1;protein_2148,,,,,,,,,,,,
GCF_048568965.1;protein_2149,,,,,,,,,,,,
GCF_048568965.1;protein_2150,,,,,,,,,,,,
GCF_048568965.1;protein_2151,,,,,,,,,,,,
GCF_048568965.1;protein_2152,,,,,,,,,,,,
GCF_048568965.1;protein_2153,,,,,,,,,,,,
GCF_048568965.1;protein_2154,,,,,,,,,,,,
GCF_048568965.1;protein_2155,,,,,,,,,,,,
GCF_048568965.1;protein_2156,,,,,,,,,,,,
GCF_048568965.1;protein_2157,,,,,,,,,,,,
GCF_048568965.1;protein_2158,,,,,,,,,,,,
GCF_048568965.1;protein_2159,,,,,,,,,,,,
GCF_048568965.1;protein_2160,,,,,,,,,,,,
GCF_048568965.1;protein_2161,,,,,,,,,,,,
GCF_048568965.1;protein_2162,,,,,,,,,,,,
GCF_048568965.1;protein_2163,,,,,,,,,,,,
GCF_048568965.1;protein_2164,,,,,,,,,,,,
GCF_048568965.1;protein_2165,,,,,,,,,,,,
GCF_048568965.1;protein_2166,,,,,,,,,,,,
GCF_048568965.1;protein_2167,,,,,,,,,,,,
GCF_048568965.1;protein_2168,,,,,,,,,,,,
GCF_048568965.1;protein_2169,,,,,,,,,,,,
GCF_048568965.1;protein_2170,,,,,,,,,,,,
GCF_048568965.1;protein_2171,,,,,,,,,,,,
GCF_048568965.1;protein_2172,,,,,,,,,,,,
GCF_048568965.1;protein_2173,,,,,,,,,,,,
GCF_048568965.1;protein_2174,,,,,,,,,,,,
GCF_048568965.1;protein_2175,,,,,,,,,,,,
GCF_048568965.1;protein_2176,,,,,,,,,,,,
GCF_048568965.1;protein_2177,,,,,,,,,,,,
GCF_048568965.1;protein_2178,,,,,,,,,,,,
GCF_048568965.1;protein_2179,,,,,,,,,,,,
GCF_048568965.1;protein_2180,,,,,,,,,,,,
GCF_048568965.1;protein_2181,,,,,,,,,,,,
GCF_048568965.1;protein_2182,,,,,,,,,,,,
GCF_048568965.1;protein_2183,,,,,,,,,,,,
GCF_048568965.1;protein_2184,,,,,,,,,,,,
GCF_048568965.1;protein_2185,,,,,,,,,,,,
GCF_048568965.1;protein_2186,,,,,,,,,,,,
GCF_048568965.1;protein_2187,,,,,,,,,,,,
GCF_048568965.1;protein_2188,,,,,,,,,,,,
GCF_048568965.1;protein_2189,,,,,,,,,,,,
GCF_048568965.1;protein_2190,,,,,,,,,,,,
GCF_048568965.1;protein_2191,,,,,,,,,,,,
GCF_048568965.1;protein_2192,,,,,,,,,,,,
GCF_048568965.1;protein_2194,,,,,,,,,,,,
GCF_048568965.1;protein_2195,,,,,,,,,,,,
GCF_048568965.1;protein_2211,,,,,,,,,,,,
GCF_048568965.1;protein_2358,,,,,,,,,,,,
GCF_048568965.1;protein_2361,,,,,,,,,,,,
GCF_048568965.1;protein_2364,,,,,,,,,,,,
GCF_048568965.1;protein_2371,,,,,,,,,,,,
GCF_048568965.1;protein_2374,,,,,,,,,,,,
GCF_048568965.1;protein_2375,,,,,,,,,,,,
GCF_048568965.1;protein_2378,,,,,,,,,,,,
GCF_048568965.1;protein_2384,,,,,,,,,,,,
GCF_048568965.1;protein_2390,,,,,,,,,,,,
GCF_048568965.1;protein_2391,,,,,,,,,,,,
GCF_048568965.1;protein_2392,,,,,,,,,,,,
GCF_048568965.1;protein_2393,,,,,,,,,,,,
GCF_048568965.1;protein_2394,,,,,,,,,,,,
GCF_048568965.1;protein_2396,,,,,,,,,,,,
GCF_048568965.1;protein_2397,,,,,,,,,,,,
GCF_048568965.1;protein_2398,,,,,,,,,,,,
GCF_048568965.1;protein_2399,,,,,,,,,,,,
GCF_048568965.1;protein_2402,,,,,,,,,,,,
GCF_048568965.1;protein_2403,,,,,,,,,,,,
GCF_048568965.1;protein_2452,,,,,,,,,,,,
GCF_048568965.1;protein_2511,,,,,,,,,,,,
GCF_048568965.1;protein_2529,,,,,,,,,,,,
GCF_048568965.1;protein_2548,,,,,,,,,,,,
GCF_048568965.1;protein_2549,,,,,,,,,,,,
GCF_048568965.1;protein_2551,,,,,,,,,,,,
GCF_048568965.1;protein_2552,,,,,,,,,,,,
GCF_048568965.1;protein_2558,,,,,,,,,,,,
GCF_048568965.1;protein_2569,,,,,,,,,,,,
GCF_048568965.1;protein_2570,,,,,,,,,,,,
GCF_048568965.1;protein_2571,,,,,,,,,,,,
GCF_048568965.1;protein_2582,,,,,,,,,,,,
GCF_048568965.1;protein_2583,,,,,,,,,,,,
GCF_048568965.1;protein_2585,,,,,,,,,,,,
GCF_048568965.1;protein_2742,,,,,,,,,,,,
GCF_048568965.1;protein_2743,,,,,,,,,,,,
GCF_048568965.1;protein_2745,,,,,,,,,,,,
GCF_048568965.1;protein_2752,,,,,,,,,,,,
GCF_048568965.1;protein_2797,,,,,,,,,,,,
GCF_048568965.1;protein_2809,,,,,,,,,,,,
GCF_048568965.1;protein_2810,,,,,,,,,,,,
GCF_048568965.1;protein_2814,,,,,,,,,,,,
GCF_048568965.1;protein_2815,,,,,,,,,,,,
GCF_048568965.1;protein_2816,,,,,,,,,,,,
GCF_048568965.1;protein_2819,,,,,,,,,,,,
GCF_048568965.1;protein_2822,,,,,,,,,,,,
GCF_048568965.1;protein_2825,,,,,,,,,,,,
GCF_048568965.1;protein_2828,,,,,,,,,,,,
GCF_048568965.1;protein_2830,,,,,,,,,,,,
GCF_048568965.1;protein_2832,,,,,,,,,,,,
GCF_048568965.1;protein_2835,,,,,,,,,,,,
GCF_048568965.1;protein_2836,,,,,,,,,,,,
GCF_048568965.1;protein_2841,,,,,,,,,,,,
GCF_048568965.1;protein_2842,,,,,,,,,,,,
GCF_048568965.1;protein_2846,,,,,,,,,,,,
GCF_048568965.1;protein_2852,,,,,,,,,,,,
GCF_048568965.1;protein_2853,,,,,,,,,,,,
GCF_048568965.1;protein_2854,,,,,,,,,,,,
GCF_048568965.1;protein_2855,,,,,,,,,,,,
GCF_048568965.1;protein_2856,,,,,,,,,,,,
GCF_048568965.1;protein_2858,,,,,,,,,,,,
GCF_048568965.1;protein_2859,,,,,,,,,,,,
GCF_048568965.1;protein_2860,,,,,,,,,,,,
GCF_048568965.1;protein_2861,,,,,,,,,,,,
GCF_048568965.1;protein_2862,,,,,,,,,,,,
GCF_048568965.1;protein_2864,,,,,,,,,,,,
GCF_048568965.1;protein_2865,,,,,,,,,,,,
GCF_048568965.1;protein_2866,,,,,,,,,,,,
GCF_048568965.1;protein_2921,,,,,,,,,,,,
GCF_048568965.1;protein_2952,,,,,,,,,,,,
GCF_048568965.1;protein_2984,,,,,,,,,,,,
GCF_048568965.1;protein_2994,,,,,,,,,,,,
GCF_048568965.1;protein_3037,,,,,,,,,,,,
GCF_048568965.1;protein_3047,,,,,,,,,,,,
GCF_048568965.1;protein_3051,,,,,,,,,,,,
GCF_048568965.1;protein_3052,,,,,,,,,,,,
GCF_048568965.1;protein_3054,,,,,,,,,,,,
GCF_048568965.1;protein_3055,,,,,,,,,,,,
GCF_048568965.1;protein_3056,,,,,,,,,,,,
GCF_048568965.1;protein_3057,,,,,,,,,,,,
GCF_048568965.1;protein_3058,,,,,,,,,,,,
GCF_048568965.1;protein_3060,,,,,,,,,,,,
GCF_048568965.1;protein_3063,,,,,,,,,,,,
GCF_048568965.1;protein_3064,,,,,,,,,,,,
GCF_048568965.1;protein_3070,,,,,,,,,,,,
GCF_048568965.1;protein_3076,,,,,,,,,,,,
GCF_048568965.1;protein_3079,,,,,,,,,,,,
GCF_048568965.1;protein_3080,,,,,,,,,,,,
GCF_048568965.1;protein_3083,,,,,,,,,,,,
GCF_048568965.1;protein_3219,,,,,,,,,,,,
GCF_048568965.1;protein_3225,,,,,,,,,,,,
GCF_048568965.1;protein_3226,,,,,,,,,,,,
GCF_048568965.1;protein_3227,,,,,,,,,,,,
GCF_048568965.1;protein_3228,,,,,,,,,,,,
GCF_048568965.1;protein_3229,,,,,,,,,,,,
GCF_048568965.1;protein_3230,,,,,,,,,,,,
GCF_048568965.1;protein_3231,,,,,,,,,,,,
GCF_048568965.1;protein_3232,,,,,,,,,,,,
GCF_048568965.1;protein_3234,,,,,,,,,,,,
GCF_048568965.1;protein_3235,,,,,,,,,,,,
GCF_048568965.1;protein_3236,,,,,,,,,,,,
GCF_048568965.1;protein_3237,,,,,,,,,,,,
GCF_048568965.1;protein_3238,,,,,,,,,,,,
GCF_048568965.1;protein_3239,,,,,,,,,,,,
GCF_048568965.1;protein_3240,,,,,,,,,,,,
GCF_048568965.1;protein_3241,,,,,,,,,,,,
GCF_048568965.1;protein_3242,,,,,,,,,,,,
GCF_048568965.1;protein_3255,,,,,,,,,,,,
GCF_048568965.1;protein_3260,,,,,,,,,,,,
GCF_048568965.1;protein_3261,,,,,,,,,,,,
GCF_048568965.1;protein_3264,,,,,,,,,,,,
GCF_048568965.1;protein_3265,,,,,,,,,,,,
GCF_048568965.1;protein_3266,,,,,,,,,,,,
GCF_048568965.1;protein_3269,,,,,,,,,,,,
GCF_048568965.1;protein_3271,,,,,,,,,,,,
GCF_048568965.1;protein_3273,,,,,,,,,,,,
GCF_048568965.1;protein_3274,,,,,,,,,,,,
GCF_048568965.1;protein_3275,,,,,,,,,,,,
GCF_048568965.1;protein_3276,,,,,,,,,,,,
GCF_048568965.1;protein_3278,,,,,,,,,,,,
GCF_048568965.1;protein_3279,,,,,,,,,,,,
GCF_048568965.1;protein_3280,,,,,,,,,,,,
GCF_048568965.1;protein_3281,,,,,,,,,,,,
GCF_048568965.1;protein_3282,,,,,,,,,,,,
GCF_048568965.1;protein_3284,,,,,,,,,,,,
GCF_048568965.1;protein_3285,,,,,,,,,,,,
GCF_048568965.1;protein_3286,,,,,,,,,,,,
GCF_048568965.1;protein_3290,,,,,,,,,,,,
GCF_048568965.1;protein_3291,,,,,,,,,,,,
GCF_048568965.1;protein_3292,,,,,,,,,,,,
GCF_048568965.1;protein_3293,,,,,,,,,,,,
GCF_048568965.1;protein_3387,,,,,,,,,,,,
GCF_048568965.1;protein_3388,,,,,,,,,,,,
GCF_048568965.1;protein_3393,,,,,,,,,,,,
GCF_048568965.1;protein_3394,,,,,,,,,,,,
GCF_048568965.1;protein_3399,,,,,,,,,,,,
GCF_048568965.1;protein_3402,,,,,,,,,,,,
GCF_048568965.1;protein_3410,,,,,,,,,,,,
GCF_048568965.1;protein_3425,,,,,,,,,,,,
GCF_048568965.1;protein_3435,,,,,,,,,,,,
GCF_048568965.1;protein_3436,,,,,,,,,,,,
GCF_048568965.1;protein_3457,,,,,,,,,,,,
GCF_048568965.1;protein_3482,,,,,,,,,,,,
GCF_048568965.1;protein_3483,,,,,,,,,,,,
GCF_048568965.1;protein_3484,,,,,,,,,,,,
GCF_048568965.1;protein_3487,,,,,,,,,,,,
GCF_048568965.1;protein_3488,,,,,,,,,,,,
GCF_048568965.1;protein_3489,,,,,,,,,,,,
GCF_048568965.1;protein_3490,,,,,,,,,,,,
GCF_048568965.1;protein_3491,,,,,,,,,,,,
GCF_048568965.1;protein_3492,,,,,,,,,,,,
GCF_048568965.1;protein_3493,,,,,,,,,,,,
GCF_048568965.1;protein_3495,,,,,,,,,,,,
GCF_048568965.1;protein_3496,,,,,,,,,,,,
GCF_048568965.1;protein_3497,,,,,,,,,,,,
GCF_048568965.1;protein_3498,,,,,,,,,,,,
GCF_048568965.1;protein_3499,,,,,,,,,,,,
GCF_048568965.1;protein_3500,,,,,,,,,,,,
GCF_048568965.1;protein_3501,,,,,,,,,,,,
GCF_048568965.1;protein_3502,,,,,,,,,,,,
GCF_048568965.1;protein_3503,,,,,,,,,,,,
GCF_048568965.1;protein_3504,,,,,,,,,,,,
GCF_048568965.1;protein_3505,,,,,,,,,,,,
GCF_048568965.1;protein_3506,,,,,,,,,,,,
GCF_048568965.1;protein_3507,,,,,,,,,,,,
GCF_048568965.1;protein_3508,,,,,,,,,,,,
GCF_048568965.1;protein_3509,,,,,,,,,,,,
GCF_048568965.1;protein_3510,,,,,,,,,,,,
GCF_048568965.1;protein_3511,,,,,,,,,,,,
GCF_048568965.1;protein_3512,,,,,,,,,,,,
GCF_048568965.1;protein_3513,,,,,,,,,,,,
GCF_048568965.1;protein_3514,,,,,,,,,,,,
GCF_048568965.1;protein_3515,,,,,,,,,,,,
GCF_048568965.1;protein_3516,,,,,,,,,,,,
GCF_048568965.1;protein_3517,,,,,,,,,,,,
GCF_048568965.1;protein_3518,,,,,,,,,,,,
GCF_048568965.1;protein_3519,,,,,,,,,,,,
GCF_048568965.1;protein_3520,,,,,,,,,,,,
GCF_048568965.1;protein_3521,,,,,,,,,,,,
GCF_048568965.1;protein_3522,,,,,,,,,,,,
GCF_048568965.1;protein_3523,,,,,,,,,,,,
GCF_048568965.1;protein_3524,,,,,,,,,,,,
GCF_048568965.1;protein_3525,,,,,,,,,,,,
GCF_048568965.1;protein_3526,,,,,,,,,,,,
GCF_048568965.1;protein_3527,,,,,,,,,,,,
GCF_048568965.1;protein_3528,,,,,,,,,,,,
GCF_048568965.1;protein_3529,,,,,,,,,,,,
GCF_048568965.1;protein_3530,,,,,,,,,,,,
GCF_048568965.1;protein_3531,,,,,,,,,,,,
GCF_048568965.1;protein_3532,,,,,,,,,,,,
GCF_048568965.1;protein_3533,,,,,,,,,,,,
GCF_048568965.1;protein_3534,,,,,,,,,,,,
GCF_048568965.1;protein_3535,,,,,,,,,,,,
GCF_048568965.1;protein_3536,,,,,,,,,,,,
GCF_048568965.1;protein_3537,,,,,,,,,,,,
GCF_048568965.1;protein_3538,,,,,,,,,,,,
GCF_048568965.1;protein_3539,,,,,,,,,,,,
GCF_048568965.1;protein_3540,,,,,,,,,,,,
GCF_048568965.1;protein_3541,,,,,,,,,,,,
GCF_048568965.1;protein_3542,,,,,,,,,,,,
GCF_048568965.1;protein_3583,,,,,,,,,,,,
GCF_048568965.1;protein_3584,,,,,,,,,,,,
GCF_048568965.1;protein_3594,,,,,,,,,,,,
GCF_048568965.1;protein_3595,,,,,,,,,,,,
GCF_048568965.1;protein_3599,,,,,,,,,,,,
GCF_048568965.1;protein_3601,,,,,,,,,,,,
GCF_048568965.1;protein_3602,,,,,,,,,,,,
GCF_048568965.1;protein_3605,,,,,,,,,,,,
GCF_048568965.1;protein_3613,,,,,,,,,,,,
GCF_048568965.1;protein_3614,,,,,,,,,,,,
GCF_048568965.1;protein_3615,,,,,,,,,,,,
GCF_048568965.1;protein_3616,,,,,,,,,,,,
GCF_048568965.1;protein_3617,,,,,,,,,,,,
GCF_048568965.1;protein_3618,,,,,,,,,,,,
GCF_048568965.1;protein_3619,,,,,,,,,,,,
GCF_048568965.1;protein_3623,,,,,,,,,,,,
GCF_048568965.1;protein_3628,,,,,,,,,,,,
GCF_048568965.1;protein_3677,,,,,,,,,,,,
GCF_048568965.1;protein_3679,,,,,,,,,,,,
GCF_048568965.1;protein_3680,,,,,,,,,,,,
GCF_048568965.1;protein_3681,,,,,,,,,,,,
GCF_048568965.1;protein_3682,,,,,,,,,,,,
GCF_048568965.1;protein_3683,,,,,,,,,,,,
GCF_048568965.1;protein_3685,,,,,,,,,,,,
GCF_048568965.1;protein_3686,,,,,,,,,,,,
GCF_048568965.1;protein_3687,,,,,,,,,,,,
GCF_048568965.1;protein_3688,,,,,,,,,,,,
GCF_048568965.1;protein_3698,,,,,,,,,,,,
GCF_048568965.1;protein_3700,,,,,,,,,,,,
GCF_048568965.1;protein_3704,,,,,,,,,,,,
GCF_048568965.1;protein_3710,,,,,,,,,,,,
GCF_048568965.1;protein_3713,,,,,,,,,,,,
GCF_048568965.1;protein_3714,,,,,,,,,,,,
GCF_048568965.1;protein_3715,,,,,,,,,,,,
GCF_048568965.1;protein_3716,,,,,,,,,,,,
GCF_048568965.1;protein_3717,,,,,,,,,,,,
GCF_048568965.1;protein_3720,,,,,,,,,,,,
GCF_048568965.1;protein_3721,,,,,,,,,,,,
GCF_048568965.1;protein_3722,,,,,,,,,,,,
GCF_048568965.1;protein_3731,,,,,,,,,,,,
GCF_048568965.1;protein_3738,,,,,,,,,,,,
GCF_048568965.1;protein_3740,,,,,,,,,,,,
GCF_048568965.1;protein_3783,,,,,,,,,,,,
GCF_048568965.1;protein_3784,,,,,,,,,,,,
GCF_048568965.1;protein_3785,,,,,,,,,,,,
GCF_048568965.1;protein_3882,,,,,,,,,,,,
GCF_048568965.1;protein_3883,,,,,,,,,,,,
GCF_048568965.1;protein_3890,,,,,,,,,,,,
GCF_048568965.1;protein_3891,,,,,,,,,,,,
GCF_048568965.1;protein_3892,,,,,,,,,,,,
GCF_048568965.1;protein_3893,,,,,,,,,,,,
GCF_048568965.1;protein_3894,,,,,,,,,,,,
GCF_048568965.1;protein_3895,,,,,,,,,,,,
GCF_048568965.1;protein_3896,,,,,,,,,,,,
GCF_048568965.1;protein_3910,,,,,,,,,,,,
GCF_048568965.1;protein_3912,,,,,,,,,,,,
GCF_048568965.1;protein_3913,,,,,,,,,,,,
GCF_048568965.1;protein_3914,,,,,,,,,,,,
GCF_048568965.1;protein_3918,,,,,,,,,,,,
GCF_048568965.1;protein_3920,,,,,,,,,,,,
GCF_048568965.1;protein_3921,,,,,,,,,,,,
GCF_048568965.1;protein_3922,,,,,,,,,,,,
GCF_048568965.1;protein_3923,,,,,,,,,,,,
GCF_048568965.1;protein_3925,,,,,,,,,,,,
GCF_048568965.1;protein_3926,,,,,,,,,,,,
GCF_048568965.1;protein_3928,,,,,,,,,,,,
GCF_048568965.1;protein_3930,,,,,,,,,,,,
GCF_048568965.1;protein_3955,,,,,,,,,,,,
GCF_048568965.1;protein_3956,,,,,,,,,,,,
GCF_048568965.1;protein_3957,,,,,,,,,,,,
GCF_048568965.1;protein_4003,,,,,,,,,,,,
GCF_048568965.1;protein_4111,,,,,,,,,,,,
GCF_048568965.1;protein_4132,,,,,,,,,,,,
GCF_048568965.1;protein_4166,,,,,,,,,,,,
GCF_048568965.1;protein_4167,,,,,,,,,,,,
GCF_048568965.1;protein_4168,,,,,,,,,,,,
GCF_048568965.1;protein_4169,,,,,,,,,,,,
GCF_048568965.1;protein_4174,,,,,,,,,,,,
GCF_048568965.1;protein_4177,,,,,,,,,,,,
GCF_048568965.1;protein_4178,,,,,,,,,,,,
GCF_048568965.1;protein_4179,,,,,,,,,,,,
GCF_048568965.1;protein_4180,,,,,,,,,,,,
GCF_048568965.1;protein_4181,,,,,,,,,,,,
GCF_048568965.1;protein_4183,,,,,,,,,,,,
GCF_048568965.1;protein_4184,,,,,,,,,,,,
GCF_048568965.1;protein_4185,,,,,,,,,,,,
GCF_048568965.1;protein_4186,,,,,,,,,,,,
GCF_048568965.1;protein_4187,,,,,,,,,,,,
GCF_048568965.1;protein_4188,,,,,,,,,,,,
GCF_048568965.1;protein_4189,,,,,,,,,,,,
GCF_048568965.1;protein_4192,,,,,,,,,,,,
GCF_048568965.1;protein_4193,,,,,,,,,,,,
GCF_048568965.1;protein_4197,,,,,,,,,,,,
GCF_048568965.1;protein_4200,,,,,,,,,,,,
GCF_048568965.1;protein_4202,,,,,,,,,,,,
GCF_048568965.1;protein_4203,,,,,,,,,,,,
GCF_048568965.1;protein_4211,,,,,,,,,,,,
GCF_048568965.1;protein_4214,,,,,,,,,,,,
GCF_048568965.1;protein_4219,,,,,,,,,,,,
GCF_048568965.1;protein_4221,,,,,,,,,,,,
GCF_048568965.1;protein_4222,,,,,,,,,,,,
GCF_048568965.1;protein_4229,,,,,,,,,,,,
GCF_048568965.1;protein_4230,,,,,,,,,,,,
GCF_048568965.1;protein_4318,,,,,,,,,,,,
GCF_048568965.1;protein_4428,,,,,,,,,,,,
GCF_048568965.1;protein_4443,,,,,,,,,,,,
GCF_048568965.1;protein_4450,,,,,,,,,,,,
GCF_048568965.1;protein_4451,,,,,,,,,,,,
GCF_048568965.1;protein_4457,,,,,,,,,,,,
GCF_048568965.1;protein_4458,,,,,,,,,,,,
GCF_048568965.1;protein_4459,,,,,,,,,,,,
GCF_048568965.1;protein_4461,,,,,,,,,,,,
GCF_048568965.1;protein_4466,,,,,,,,,,,,
GCF_048568965.1;protein_4494,,,,,,,,,,,,
GCF_048568965.1;protein_4571,,,,,,,,,,,,
GCF_048568965.1;protein_4667,,,,,,,,,,,,
GCF_048568965.1;protein_4742,,,,,,,,,,,,
GCF_048568965.1;protein_4744,,,,,,,,,,,,
GCF_048568965.1;protein_4764,,,,,,,,,,,,
GCF_048568965.1;protein_4766,,,,,,,,,,,,
GCF_048568965.1;protein_4840,,,,,,,,,,,,
GCF_048568965.1;protein_4849,,,,,,,,,,,,
GCF_048568965.1;protein_4969,,,,,,,,,,,,
GCF_048568965.1;protein_5184,,,,,,,,,,,,
GCF_048568965.1;protein_5185,,,,,,,,,,,,
GCF_048568965.1;protein_5190,,,,,,,,,,,,
GCF_048568965.1;protein_5191,,,,,,,,,,,,
GCF_048568965.1;protein_5192,,,,,,,,,,,,
GCF_048568965.1;protein_5194,,,,,,,,,,,,
GCF_048568965.1;protein_5196,,,,,,,,,,,,
GCF_048568965.1;protein_5199,,,,,,,,,,,,
GCF_048568965.1;protein_5200,,,,,,,,,,,,
GCF_048568965.1;protein_5201,,,,,,,,,,,,
GCF_048568965.1;protein_5205,,,,,,,,,,,,
GCF_048568965.1;protein_5206,,,,,,,,,,,,
GCF_048568965.1;protein_5207,,,,,,,,,,,,
GCF_048568965.1;protein_5210,,,,,,,,,,,,
GCF_048568965.1;protein_5211,,,,,,,,,,,,
GCF_048568965.1;protein_5212,,,,,,,,,,,,
GCF_048568965.1;protein_5213,,,,,,,,,,,,
GCF_048568965.1;protein_5214,,,,,,,,,,,,
GCF_048568965.1;protein_5222,,,,,,,,,,,,
GCF_048568965.1;protein_5243,,,,,,,,,,,,
GCF_048568965.1;protein_5244,,,,,,,,,,,,
GCF_048568965.1;protein_5245,,,,,,,,,,,,
GCF_048568965.1;protein_5270,,,,,,,,,,,,
GCF_048568965.1;protein_5279,,,,,,,,,,,,
GCF_048568965.1;protein_5280,,,,,,,,,,,,
GCF_048568965.1;protein_5281,,,,,,,,,,,,
GCF_048568965.1;protein_5314,,,,,,,,,,,,
GCF_048568965.1;protein_5376,,,,,,,,,,,,
GCF_048568965.1;protein_5388,,,,,,,,,,,,
GCF_048568965.1;protein_5389,,,,,,,,,,,,
GCF_048568965.1;protein_5448,,,,,,,,,,,,
GCF_048568965.1;protein_5527,,,,,,,,,,,,
GCF_048568965.1;protein_5529,,,,,,,,,,,,
GCF_048568965.1;protein_5533,,,,,,,,,,,,
GCF_048568965.1;protein_5534,,,,,,,,,,,,
GCF_048568965.1;protein_5535,,,,,,,,,,,,
GCF_048568965.1;protein_5536,,,,,,,,,,,,
GCF_048568965.1;protein_5537,,,,,,,,,,,,
GCF_048568965.1;protein_5538,,,,,,,,,,,,
GCF_048568965.1;protein_5539,,,,,,,,,,,,
GCF_048568965.1;protein_5540,,,,,,,,,,,,
GCF_048568965.1;protein_5553,,,,,,,,,,,,
GCF_048568965.1;protein_5556,,,,,,,,,,,,
GCF_048568965.1;protein_5557,,,,,,,,,,,,
GCF_048568965.1;protein_5560,,,,,,,,,,,,
GCF_048568965.1;protein_5561,,,,,,,,,,,,
GCF_048568965.1;protein_5562,,,,,,,,,,,,
GCF_048568965.1;protein_5563,,,,,,,,,,,,
GCF_048568965.1;protein_5564,,,,,,,,,,,,
GCF_048568965.1;protein_5566,,,,,,,,,,,,
GCF_048568965.1;protein_5567,,,,,,,,,,,,
GCF_048568965.1;protein_5568,,,,,,,,,,,,
GCF_048568965.1;protein_5569,,,,,,,,,,,,
GCF_048568965.1;protein_5571,,,,,,,,,,,,
GCF_048568965.1;protein_5574,,,,,,,,,,,,
GCF_048568965.1;protein_5577,,,,,,,,,,,,
GCF_048568965.1;protein_5580,,,,,,,,,,,,
GCF_048568965.1;protein_5581,,,,,,,,,,,,
GCF_048568965.1;protein_5586,,,,,,,,,,,,
GCF_048568965.1;protein_5588,,,,,,,,,,,,
GCF_048568965.1;protein_5591,,,,,,,,,,,,
GCF_048568965.1;protein_5592,,,,,,,,,,,,
GCF_048568965.1;protein_5593,,,,,,,,,,,,
GCF_048568965.1;protein_5594,,,,,,,,,,,,
GCF_048568965.1;protein_5595,,,,,,,,,,,,
GCF_048568965.1;protein_5596,,,,,,,,,,,,
GCF_048568965.1;protein_5597,,,,,,,,,,,,
GCF_048568965.1;protein_5598,,,,,,,,,,,,
GCF_048568965.1;protein_5674,,,,,,,,,,,,
GCF_048568965.1;protein_5700,,,,,,,,,,,,
GCF_048568965.1;protein_5759,,,,,,,,,,,,
GCF_048568965.1;protein_5908,,,,,,,,,,,,
GCF_048568965.1;protein_5911,,,,,,,,,,,,
GCF_048568965.1;protein_5916,,,,,,,,,,,,
GCF_048568965.1;protein_5917,,,,,,,,,,,,
GCF_048568965.1;protein_5937,,,,,,,,,,,,
GCF_048568965.1;protein_5938,,,,,,,,,,,,
GCF_048568965.1;protein_5941,,,,,,,,,,,,
GCF_048568965.1;protein_5945,,,,,,,,,,,,
GCF_048568965.1;protein_5946,,,,,,,,,,,,
GCF_048568965.1;protein_5947,,,,,,,,,,,,
GCF_048568965.1;protein_5948,,,,,,,,,,,,
GCF_048568965.1;protein_5949,,,,,,,,,,,,
GCF_048568965.1;protein_5950,,,,,,,,,,,,
GCF_048568965.1;protein_5953,,,,,,,,,,,,
GCF_048568965.1;protein_5959,,,,,,,,,,,,
GCF_048568965.1;protein_5968,,,,,,,,,,,,
GCF_048568965.1;protein_5969,,,,,,,,,,,,
GCF_048568965.1;protein_5970,,,,,,,,,,,,
GCF_048568965.1;protein_5971,,,,,,,,,,,,
GCF_048568965.1;protein_5972,,,,,,,,,,,,
GCF_048568965.1;protein_5978,,,,,,,,,,,,
GCF_048568965.1;protein_5981,,,,,,,,,,,,
GCF_048568965.1;protein_5982,,,,,,,,,,,,
GCF_048568965.1;protein_5986,,,,,,,,,,,,
GCF_048568965.1;protein_5995,,,,,,,,,,,,
GCF_048568965.1;protein_6014,,,,,,,,,,,,
GCF_048568965.1;protein_6019,,,,,,,,,,,,
GCF_048568965.1;protein_6020,,,,,,,,,,,,
GCF_048568965.1;protein_6035,,,,,,,,,,,,
GCF_048568965.1;protein_6054,,,,,,,,,,,,
GCF_048568965.1;protein_6061,,,,,,,,,,,,
GCF_048568965.1;protein_6062,,,,,,,,,,,,
GCF_048568965.1;protein_6063,,,,,,,,,,,,
GCF_048568965.1;protein_6064,,,,,,,,,,,,
GCF_048568965.1;protein_6067,,,,,,,,,,,,
GCF_048568965.1;protein_6068,,,,,,,,,,,,
GCF_048568965.1;protein_6073,,,,,,,,,,,,
GCF_048568965.1;protein_6074,,,,,,,,,,,,
GCF_048568965.1;protein_6100,,,,,,,,,,,,
GCF_048568965.1;protein_6103,,,,,,,,,,,,
GCF_048568965.1;protein_6106,,,,,,,,,,,,
GCF_048568965.1;protein_6107,,,,,,,,,,,,
GCF_000005845.2;protein_0,,,,,,,,,,,,
GCF_000005845.2;protein_11,,,,,,,,,,,,
GCF_000005845.2;protein_15,,,,,,,,,,,,
GCF_000005845.2;protein_16,,,,,,,,,,,,
GCF_000005845.2;protein_20,,,,,,,,,,,,
GCF_000005845.2;protein_21,,,,,,,,,,,,
GCF_000005845.2;protein_56,,,,,,,,,,,,
GCF_000005845.2;protein_134,,,,,,,,,,,,
GCF_000005845.2;protein_206,,,,,,,,,,,,
GCF_000005845.2;protein_209,,,,,,,,,,,,
GCF_000005845.2;protein_226,,,,,,,,,,,,
GCF_000005845.2;protein_227,,,,,,,,,,,,
GCF_000005845.2;protein_233,,,,,,,,,,,,
GCF_000005845.2;protein_234,,,,,,,,,,,,
GCF_000005845.2;protein_238,,,,,,,,,,,,
GCF_000005845.2;protein_239,,,,,,,,,,,,
GCF_000005845.2;protein_240,,,,,,,,,,,,
GCF_000005845.2;protein_241,,,,,,,,,,,,
GCF_000005845.2;protein_242,,,,,,,,,,,,
GCF_000005845.2;protein_243,,,,,,,,,,,,
GCF_000005845.2;protein_244,,,,,,,,,,,,
GCF_000005845.2;protein_245,,,,,,,,,,,,
GCF_000005845.2;protein_246,,,,,,,,,,,,
GCF_000005845.2;protein_247,,,,,,,,,,,,
GCF_000005845.2;protein_248,,,,,,,,,,,,
GCF_000005845.2;protein_249,,,,,,,,,,,,
GCF_000005845.2;protein_250,,,,,,,,,,,,
GCF_000005845.2;protein_251,,,,,,,,,,,,
GCF_000005845.2;protein_252,,,,,,,,,,,,
GCF_000005845.2;protein_253,,,,,,,,,,,,
GCF_000005845.2;protein_254,,,,,,,,,,,,
GCF_000005845.2;protein_256,,,,,,,,,,,,
GCF_000005845.2;protein_257,,,,,,,,,,,,
GCF_000005845.2;protein_258,,,,,,,,,,,,
GCF_000005845.2;protein_259,,,,,,,,,,,,
GCF_000005845.2;protein_260,,,,,,,,,,,,
GCF_000005845.2;protein_261,,,,,,,,,,,,
GCF_000005845.2;protein_262,,,,,,,,,,,,
GCF_000005845.2;protein_263,,,,,,,,,,,,
GCF_000005845.2;protein_264,,,,,,,,,,,,
GCF_000005845.2;protein_266,,,,,,,,,,,,
GCF_000005845.2;protein_267,,,,,,,,,,,,
GCF_000005845.2;protein_268,,,,,,,,,,,,
GCF_000005845.2;protein_269,,,,,,,,,,,,
GCF_000005845.2;protein_270,,,,,,,,,,,,
GCF_000005845.2;protein_271,,,,,,,,,,,,
GCF_000005845.2;protein_272,,,,,,,,,,,,
GCF_000005845.2;protein_273,,,,,,,,,,,,
GCF_000005845.2;protein_274,,,,,,,,,,,,
GCF_000005845.2;protein_275,,,,,,,,,,,,
GCF_000005845.2;protein_276,,,,,,,,,,,,
GCF_000005845.2;protein_294,,,,,,,,,,,,
GCF_000005845.2;protein_295,,,,,,,,,,,,
GCF_000005845.2;protein_308,,,,,,,,,,,,
GCF_000005845.2;protein_354,,,,,,,,,,,,
GCF_000005845.2;protein_355,,,,,,,,,,,,
GCF_000005845.2;protein_358,,,,,,,,,,,,
GCF_000005845.2;protein_364,,,,,,,,,,,,
GCF_000005845.2;protein_365,,,,,,,,,,,,
GCF_000005845.2;protein_366,,,,,,,,,,,,
GCF_000005845.2;protein_367,,,,,,,,,,,,
GCF_000005845.2;protein_462,,,,,,,,,,,,
GCF_000005845.2;protein_477,,,,,,,,,,,,
GCF_000005845.2;protein_491,,,,,,,,,,,,
GCF_000005845.2;protein_527,,,,,,,,,,,,
GCF_000005845.2;protein_528,,,,,,,,,,,,
GCF_000005845.2;protein_529,,,,,,,,,,,,
GCF_000005845.2;protein_530,,,,,,,,,,,,
GCF_000005845.2;protein_531,,,,,,,,,,,,
GCF_000005845.2;protein_532,,,,,,,,,,,,
GCF_000005845.2;protein_533,,,,,,,,,,,,
GCF_000005845.2;protein_542,,,,,,,,,,,,
GCF_000005845.2;protein_552,,,,,,,,,,,,
GCF_000005845.2;protein_553,,,,,,,,,,,,
GCF_000005845.2;protein_554,,,,,,,,,,,,
GCF_000005845.2;protein_573,,,,,,,,,,,,
GCF_000005845.2;protein_647,,,,,,,,,,,,
GCF_000005845.2;protein_670,,,,,,,,,,,,
GCF_000005845.2;protein_673,,,,,,,,,,,,
GCF_000005845.2;protein_684,,,,,,,,,,,,
GCF_000005845.2;protein_698,,,,,,,,,,,,
GCF_000005845.2;protein_700,,,,,,,,,,,,
GCF_000005845.2;protein_866,,,,,,,,,,,,
GCF_000005845.2;protein_964,,,,,,,,,,,,
GCF_000005845.2;protein_965,,,,,,,,,,,,
GCF_000005845.2;protein_994,,,,,,,,,,,,
GCF_000005845.2;protein_998,,,,,,,,,,,,
GCF_000005845.2;protein_1004,,,,,,,,,,,,
GCF_000005845.2;protein_1005,,,,,,,,,,,,
GCF_000005845.2;protein_1058,,,,,,,,,,,,
GCF_000005845.2;protein_1096,,,,,,,,,,,,
GCF_000005845.2;protein_1111,,,,,,,,,,,,
GCF_000005845.2;protein_1112,,,,,,,,,,,,
GCF_000005845.2;protein_1113,,,,,,,,,,,,
GCF_000005845.2;protein_1114,,,,,,,,,,,,
GCF_000005845.2;protein_1115,,,,,,,,,,,,
GCF_000005845.2;protein_1116,,,,,,,,,,,,
GCF_000005845.2;protein_1117,,,,,,,,,,,,
GCF_000005845.2;protein_1118,,,,,,,,,,,,
GCF_000005845.2;protein_1122,,,,,,,,,,,,
GCF_000005845.2;protein_1123,,,,,,,,,,,,
GCF_000005845.2;protein_1124,,,,,,,,,,,,
GCF_000005845.2;protein_1125,,,,,,,,,,,,
GCF_000005845.2;protein_1126,,,,,,,,,,,,
GCF_000005845.2;protein_1127,,,,,,,,,,,,
GCF_000005845.2;protein_1128,,,,,,,,,,,,
GCF_000005845.2;protein_1131,,,,,,,,,,,,
GCF_000005845.2;protein_1134,,,,,,,,,,,,
GCF_000005845.2;protein_1153,,,,,,,,,,,,
GCF_000005845.2;protein_1166,,,,,,,,,,,,
GCF_000005845.2;protein_1192,,,,,,,,,,,,
GCF_000005845.2;protein_1193,,,,,,,,,,,,
GCF_000005845.2;protein_1194,,,,,,,,,,,,
GCF_000005845.2;protein_1207,,,,,,,,,,,,
GCF_000005845.2;protein_1208,,,,,,,,,,,,
GCF_000005845.2;protein_1219,,,,,,,,,,,,
GCF_000005845.2;protein_1246,,,,,,,,,,,,
GCF_000005845.2;protein_1311,,,,,,,,,,,,
GCF_000005845.2;protein_1312,,,,,,,,,,,,
GCF_000005845.2;protein_1317,,,,,,,,,,,,
GCF_000005845.2;protein_1342,,,,,,,,,,,,
GCF_000005845.2;protein_1343,,,,,,,,,,,,
GCF_000005845.2;protein_1344,,,,,,,,,,,,
GCF_000005845.2;protein_1345,,,,,,,,,,,,
GCF_000005845.2;protein_1346,,,,,,,,,,,,
GCF_000005845.2;protein_1350,,,,,,,,,,,,
GCF_000005845.2;protein_1352,,,,,,,,,,,,
GCF_000005845.2;protein_1353,,,,,,,,,,,,
GCF_000005845.2;protein_1354,,,,,,,,,,,,
GCF_000005845.2;protein_1355,,,,,,,,,,,,
GCF_000005845.2;protein_1356,,,,,,,,,,,,
GCF_000005845.2;protein_1357,,,,,,,,,,,,
GCF_000005845.2;protein_1358,,,,,,,,,,,,
GCF_000005845.2;protein_1389,,,,,,,,,,,,
GCF_000005845.2;protein_1390,,,,,,,,,,,,
GCF_000005845.2;protein_1391,,,,,,,,,,,,
GCF_000005845.2;protein_1392,,,,,,,,,,,,
GCF_000005845.2;protein_1393,,,,,,,,,,,,
GCF_000005845.2;protein_1408,,,,,,,,,,,,
GCF_000005845.2;protein_1446,,,,,,,,,,,,
GCF_000005845.2;protein_1456,,,,,,,,,,,,
GCF_000005845.2;protein_1476,,,,,,,,,,,,
GCF_000005845.2;protein_1479,,,,,,,,,,,,
GCF_000005845.2;protein_1492,,,,,,,,,,,,
GCF_000005845.2;protein_1506,,,,,,,,,,,,
GCF_000005845.2;protein_1534,,,,,,,,,,,,
GCF_000005845.2;protein_1536,,,,,,,,,,,,
GCF_000005845.2;protein_1539,,,,,,,,,,,,
GCF_000005845.2;protein_1544,,,,,,,,,,,,
GCF_000005845.2;protein_1561,,,,,,,,,,,,
GCF_000005845.2;protein_1569,,,,,,,,,,,,
GCF_000005845.2;protein_1592,,,,,,,,,,,,
GCF_000005845.2;protein_1708,,,,,,,,,,,,
GCF_000005845.2;protein_1892,,,,,,,,,,,,
GCF_000005845.2;protein_1893,,,,,,,,,,,,
GCF_000005845.2;protein_1929,,,,,,,,,,,,
GCF_000005845.2;protein_1965,,,,,,,,,,,,
GCF_000005845.2;protein_1976,,,,,,,,,,,,
GCF_000005845.2;protein_1977,,,,,,,,,,,,
GCF_000005845.2;protein_1978,,,,,,,,,,,,
GCF_000005845.2;protein_1979,,,,,,,,,,,,
GCF_000005845.2;protein_1981,,,,,,,,,,,,
GCF_000005845.2;protein_1986,,,,,,,,,,,,
GCF_000005845.2;protein_1987,,,,,,,,,,,,
GCF_000005845.2;protein_1989,,,,,,,,,,,,
GCF_000005845.2;protein_2014,,,,,,,,,,,,
GCF_000005845.2;protein_2015,,,,,,,,,,,,
GCF_000005845.2;protein_2016,,,,,,,,,,,,
GCF_000005845.2;protein_2017,,,,,,,,,,,,
GCF_000005845.2;protein_2018,,,,,,,,,,,,
GCF_000005845.2;protein_2019,,,,,,,,,,,,
GCF_000005845.2;protein_2020,,,,,,,,,,,,
GCF_000005845.2;protein_2021,,,,,,,,,,,,
GCF_000005845.2;protein_2022,,,,,,,,,,,,
GCF_000005845.2;protein_2055,,,,,,,,,,,,
GCF_000005845.2;protein_2068,,,,,,,,,,,,
GCF_000005845.2;protein_2072,,,,,,,,,,,,
GCF_000005845.2;protein_2073,,,,,,,,,,,,
GCF_000005845.2;protein_2097,,,,,,,,,,,,
GCF_000005845.2;protein_2172,,,,,,,,,,,,
GCF_000005845.2;protein_2200,,,,,,,,,,,,
GCF_000005845.2;protein_2201,,,,,,,,,,,,
GCF_000005845.2;protein_2202,,,,,,,,,,,,
GCF_000005845.2;protein_2203,,,,,,,,,,,,
GCF_000005845.2;protein_2204,,,,,,,,,,,,
GCF_000005845.2;protein_2205,,,,,,,,,,,,
GCF_000005845.2;protein_2215,,,,,,,,,,,,
GCF_000005845.2;protein_2254,,,,,,,,,,,,
GCF_000005845.2;protein_2256,,,,,,,,,,,,
GCF_000005845.2;protein_2313,,,,,,,,,,,,
GCF_000005845.2;protein_2314,,,,,,,,,,,,
GCF_000005845.2;protein_2315,,,,,,,,,,,,
GCF_000005845.2;protein_2316,,,,,,,,,,,,
GCF_000005845.2;protein_2328,,,,,,,,,,,,
GCF_000005845.2;protein_2329,,,,,,,,,,,,
GCF_000005845.2;protein_2330,,,,,,,,,,,,
GCF_000005845.2;protein_2331,,,,,,,,,,,,
GCF_000005845.2;protein_2332,,,,,,,,,,,,
GCF_000005845.2;protein_2333,,,,,,,,,,,,
GCF_000005845.2;protein_2335,,,,,,,,,,,,
GCF_000005845.2;protein_2340,,,,,,,,,,,,
GCF_000005845.2;protein_2341,,,,,,,,,,,,
GCF_000005845.2;protein_2343,,,,,,,,,,,,
GCF_000005845.2;protein_2344,,,,,,,,,,,,
GCF_000005845.2;protein_2348,,,,,,,,,,,,
GCF_000005845.2;protein_2375,,,,,,,,,,,,
GCF_000005845.2;protein_2396,,,,,,,,,,,,
GCF_000005845.2;protein_2418,,,,,,,,,,,,
GCF_000005845.2;protein_2419,,,,,,,,,,,,
GCF_000005845.2;protein_2420,,,,,,,,,,,,
GCF_000005845.2;protein_2421,,,,,,,,,,,,
GCF_000005845.2;protein_2422,,,,,,,,,,,,
GCF_000005845.2;protein_2423,,,,,,,,,,,,
GCF_000005845.2;protein_2424,,,,,,,,,,,,
GCF_000005845.2;protein_2425,,,,,,,,,,,,
GCF_000005845.2;protein_2426,,,,,,,,,,,,
GCF_000005845.2;protein_2517,,,,,,,,,,,,
GCF_000005845.2;protein_2567,,,,,,,,,,,,
GCF_000005845.2;protein_2571,,,,,,,,,,,,
GCF_000005845.2;protein_2600,,,,,,,,,,,,
GCF_000005845.2;protein_2601,,,,,,,,,,,,
GCF_000005845.2;protein_2602,,,,,,,,,,,,
GCF_000005845.2;protein_2603,,,,,,,,,,,,
GCF_000005845.2;protein_2604,,,,,,,,,,,,
GCF_000005845.2;protein_2605,,,,,,,,,,,,
GCF_000005845.2;protein_2606,,,,,,,,,,,,
GCF_000005845.2;protein_2607,,,,,,,,,,,,
GCF_000005845.2;protein_2608,,,,,,,,,,,,
GCF_000005845.2;protein_2609,,,,,,,,,,,,
GCF_000005845.2;protein_2610,,,,,,,,,,,,
GCF_000005845.2;protein_2611,,,,,,,,,,,,
GCF_000005845.2;protein_2612,,,,,,,,,,,,
GCF_000005845.2;protein_2613,,,,,,,,,,,,
GCF_000005845.2;protein_2614,,,,,,,,,,,,
GCF_000005845.2;protein_2615,,,,,,,,,,,,
GCF_000005845.2;protein_2616,,,,,,,,,,,,
GCF_000005845.2;protein_2617,,,,,,,,,,,,
GCF_000005845.2;protein_2618,,,,,,,,,,,,
GCF_000005845.2;protein_2619,,,,,,,,,,,,
GCF_000005845.2;protein_2620,,,,,,,,,,,,
GCF_000005845.2;protein_2621,,,,,,,,,,,,
GCF_000005845.2;protein_2622,,,,,,,,,,,,
GCF_000005845.2;protein_2624,,,,,,,,,,,,
GCF_000005845.2;protein_2625,,,,,,,,,,,,
GCF_000005845.2;protein_2714,,,,,,,,,,,,
GCF_000005845.2;protein_2715,,,,,,,,,,,,
GCF_000005845.2;protein_2716,,,,,,,,,,,,
GCF_000005845.2;protein_2717,,,,,,,,,,,,
GCF_000005845.2;protein_2718,,,,,,,,,,,,
GCF_000005845.2;protein_2719,,,,,,,,,,,,
GCF_000005845.2;protein_2720,,,,,,,,,,,,
GCF_000005845.2;protein_2721,,,,,,,,,,,,
GCF_000005845.2;protein_2812,,,,,,,,,,,,
GCF_000005845.2;protein_2813,,,,,,,,,,,,
GCF_000005845.2;protein_2814,,,,,,,,,,,,
GCF_000005845.2;protein_2841,,,,,,,,,,,,
GCF_000005845.2;protein_2891,,,,,,,,,,,,
GCF_000005845.2;protein_2920,,,,,,,,,,,,
GCF_000005845.2;protein_2921,,,,,,,,,,,,
GCF_000005845.2;protein_2934,,,,,,,,,,,,
GCF_000005845.2;protein_2935,,,,,,,,,,,,
GCF_000005845.2;protein_2951,,,,,,,,,,,,
GCF_000005845.2;protein_2969,,,,,,,,,,,,
GCF_000005845.2;protein_2970,,,,,,,,,,,,
GCF_000005845.2;protein_2993,,,,,,,,,,,,
GCF_000005845.2;protein_2994,,,,,,,,,,,,
GCF_000005845.2;protein_3032,,,,,,,,,,,,
GCF_000005845.2;protein_3159,,,,,,,,,,,,
GCF_000005845.2;protein_3160,,,,,,,,,,,,
GCF_000005845.2;protein_3161,,,,,,,,,,,,
GCF_000005845.2;protein_3162,,,,,,,,,,,,
GCF_000005845.2;protein_3163,,,,,,,,,,,,
GCF_000005845.2;protein_3164,,,,,,,,,,,,
GCF_000005845.2;protein_3165,,,,,,,,,,,,
GCF_000005845.2;protein_3257,,,,,,,,,,,,
GCF_000005845.2;protein_3258,,,,,,,,,,,,
GCF_000005845.2;protein_3259,,,,,,,,,,,,
GCF_000005845.2;protein_3260,,,,,,,,,,,,
GCF_000005845.2;protein_3261,,,,,,,,,,,,
GCF_000005845.2;protein_3262,,,,,,,,,,,,
GCF_000005845.2;protein_3263,,,,,,,,,,,,
GCF_000005845.2;protein_3264,,,,,,,,,,,,
GCF_000005845.2;protein_3265,,,,,,,,,,,,
GCF_000005845.2;protein_3266,,,,,,,,,,,,
GCF_000005845.2;protein_3267,,,,,,,,,,,,
GCF_000005845.2;protein_3268,,,,,,,,,,,,
GCF_000005845.2;protein_3269,,,,,,,,,,,,
GCF_000005845.2;protein_3270,,,,,,,,,,,,
GCF_000005845.2;protein_3272,,,,,,,,,,,,
GCF_000005845.2;protein_3273,,,,,,,,,,,,
GCF_000005845.2;protein_3274,,,,,,,,,,,,
GCF_000005845.2;protein_3296,,,,,,,,,,,,
GCF_000005845.2;protein_3361,,,,,,,,,,,,
GCF_000005845.2;protein_3367,,,,,,,,,,,,
GCF_000005845.2;protein_3368,,,,,,,,,,,,
GCF_000005845.2;protein_3379,,,,,,,,,,,,
GCF_000005845.2;protein_3380,,,,,,,,,,,,
GCF_000005845.2;protein_3420,,,,,,,,,,,,
GCF_000005845.2;protein_3431,,,,,,,,,,,,
GCF_000005845.2;protein_3432,,,,,,,,,,,,
GCF_000005845.2;protein_3443,,,,,,,,,,,,
GCF_000005845.2;protein_3455,,,,,,,,,,,,
GCF_000005845.2;protein_3496,,,,,,,,,,,,
GCF_000005845.2;protein_3497,,,,,,,,,,,,
GCF_000005845.2;protein_3511,,,,,,,,,,,,
GCF_000005845.2;protein_3537,,,,,,,,,,,,
GCF_000005845.2;protein_3564,,,,,,,,,,,,
GCF_000005845.2;protein_3565,,,,,,,,,,,,
GCF_000005845.2;protein_3566,,,,,,,,,,,,
GCF_000005845.2;protein_3567,,,,,,,,,,,,
GCF_000005845.2;protein_3568,,,,,,,,,,,,
GCF_000005845.2;protein_3569,,,,,,,,,,,,
GCF_000005845.2;protein_3570,,,,,,,,,,,,
GCF_000005845.2;protein_3571,,,,,,,,,,,,
GCF_000005845.2;protein_3572,,,,,,,,,,,,
GCF_000005845.2;protein_3573,,,,,,,,,,,,
GCF_000005845.2;protein_3574,,,,,,,,,,,,
GCF_000005845.2;protein_3575,,,,,,,,,,,,
GCF_000005845.2;protein_3576,,,,,,,,,,,,
GCF_000005845.2;protein_3577,,,,,,,,,,,,
GCF_000005845.2;protein_3590,,,,,,,,,,,,
GCF_000005845.2;protein_3605,,,,,,,,,,,,
GCF_000005845.2;protein_3629,,,,,,,,,,,,
GCF_000005845.2;protein_3630,,,,,,,,,,,,
GCF_000005845.2;protein_3744,,,,,,,,,,,,
GCF_000005845.2;protein_3900,,,,,,,,,,,,
GCF_000005845.2;protein_3924,,,,,,,,,,,,
GCF_000005845.2;protein_3928,,,,,,,,,,,,
GCF_000005845.2;protein_3964,,,,,,,,,,,,
GCF_000005845.2;protein_3965,,,,,,,,,,,,
GCF_000005845.2;protein_3988,,,,,,,,,,,,
GCF_000005845.2;protein_4004,,,,,,,,,,,,
GCF_000005845.2;protein_4005,,,,,,,,,,,,
GCF_000005845.2;protein_4006,,,,,,,,,,,,
GCF_000005845.2;protein_4007,,,,,,,,,,,,
GCF_000005845.2;protein_4008,,,,,,,,,,,,
GCF_000005845.2;protein_4009,,,,,,,,,,,,
GCF_000005845.2;protein_4010,,,,,,,,,,,,
GCF_000005845.2;protein_4050,,,,,,,,,,,,
GCF_000005845.2;protein_4168,,,,,,,,,,,,
GCF_000005845.2;protein_4176,,,,,,,,,,,,
GCF_000005845.2;protein_4187,,,,,,,,,,,,
GCF_000005845.2;protein_4188,,,,,,,,,,,,
GCF_000005845.2;protein_4189,,,,,,,,,,,,
GCF_000005845.2;protein_4191,,,,,,,,,,,,
GCF_000005845.2;protein_4192,,,,,,,,,,,,
GCF_000005845.2;protein_4193,,,,,,,,,,,,
GCF_000005845.2;protein_4194,,,,,,,,,,,,
GCF_000005845.2;protein_4195,,,,,,,,,,,,
GCF_000005845.2;protein_4204,,,,,,,,,,,,
GCF_000005845.2;protein_4205,,,,,,,,,,,,
GCF_000005845.2;protein_4206,,,,,,,,,,,,
GCF_000005845.2;protein_4207,,,,,,,,,,,,
GCF_000005845.2;protein_4208,,,,,,,,,,,,
GCF_000005845.2;protein_4209,,,,,,,,,,,,
GCF_000005845.2;protein_4210,,,,,,,,,,,,
GCF_000005845.2;protein_4211,,,,,,,,,,,,
GCF_000005845.2;protein_4212,,,,,,,,,,,,
GCF_000005845.2;protein_4213,,,,,,,,,,,,
GCF_000005845.2;protein_4214,,,,,,,,,,,,
GCF_000005845.2;protein_4215,,,,,,,,,,,,
GCF_000005845.2;protein_4216,,,,,,,,,,,,
GCF_000005845.2;protein_4217,,,,,,,,,,,,
GCF_000005845.2;protein_4218,,,,,,,,,,,,
GCF_000005845.2;protein_4219,,,,,,,,,,,,
GCF_000005845.2;protein_4221,,,,,,,,,,,,
GCF_000005845.2;protein_4254,,,,,,,,,,,,
GCF_000005845.2;protein_4257,,,,,,,,,,,,
GCF_000005845.2;protein_4258,,,,,,,,,,,,
GCF_000005845.2;protein_4259,,,,,,,,,,,,
GCF_000005845.2;protein_4260,,,,,,,,,,,,
GCF_000005845.2;protein_4262,,,,,,,,,,,,
GCF_000005845.2;protein_4263,,,,,,,,,,,,
GCF_000005845.2;protein_4264,,,,,,,,,,,,
GCF_000005845.2;protein_4265,,,,,,,,,,,,
GCF_000005845.2;protein_4298,,,,,,,,,,,,
GCF_000005845.2;protein_4316,,,,,,,,,,,,
GCF_053078305.1;protein_7,,,,,,,,,,,,
GCF_053078305.1;protein_16,,,,,,,,,,,,
GCF_053078305.1;protein_30,,,,,,,,,,,,
GCF_053078305.1;protein_31,,,,,,,,,,,,
GCF_053078305.1;protein_39,,,,,,,,,,,,
GCF_053078305.1;protein_40,,,,,,,,,,,,
GCF_053078305.1;protein_42,,,,,,,,,,,,
GCF_053078305.1;protein_43,,,,,,,,,,,,
GCF_053078305.1;protein_44,,,,,,,,,,,,
GCF_053078305.1;protein_45,,,,,,,,,,,,
GCF_053078305.1;protein_46,,,,,,,,,,,,
GCF_053078305.1;protein_47,,,,,,,,,,,,
GCF_053078305.1;protein_48,,,,,,,,,,,,
GCF_053078305.1;protein_49,,,,,,,,,,,,
GCF_053078305.1;protein_53,,,,,,,,,,,,
GCF_053078305.1;protein_56,,,,,,,,,,,,
GCF_053078305.1;protein_57,,,,,,,,,,,,
GCF_053078305.1;protein_58,,,,,,,,,,,,
GCF_053078305.1;protein_59,,,,,,,,,,,,
GCF_053078305.1;protein_60,,,,,,,,,,,,
GCF_053078305.1;protein_61,,,,,,,,,,,,
GCF_053078305.1;protein_62,,,,,,,,,,,,
GCF_053078305.1;protein_63,,,,,,,,,,,,
GCF_053078305.1;protein_78,,,,,,,,,,,,
GCF_053078305.1;protein_91,,,,,,,,,,,,
GCF_053078305.1;protein_92,,,,,,,,,,,,
GCF_053078305.1;protein_93,,,,,,,,,,,,
GCF_053078305.1;protein_94,,,,,,,,,,,,
GCF_053078305.1;protein_95,,,,,,,,,,,,
GCF_053078305.1;protein_96,,,,,,,,,,,,
GCF_053078305.1;protein_115,,,,,,,,,,,,
GCF_053078305.1;protein_116,,,,,,,,,,,,
GCF_053078305.1;protein_129,,,,,,,,,,,,
GCF_053078305.1;protein_136,,,,,,,,,,,,
GCF_053078305.1;protein_137,,,,,,,,,,,,
GCF_053078305.1;protein_138,,,,,,,,,,,,
GCF_053078305.1;protein_139,,,,,,,,,,,,
GCF_053078305.1;protein_168,,,,,,,,,,,,
GCF_053078305.1;protein_169,,,,,,,,,,,,
GCF_053078305.1;protein_170,,,,,,,,,,,,
GCF_053078305.1;protein_171,,,,,,,,,,,,
GCF_053078305.1;protein_172,,,,,,,,,,,,
GCF_053078305.1;protein_175,,,,,,,,,,,,
GCF_053078305.1;protein_205,,,,,,,,,,,,
GCF_053078305.1;protein_216,,,,,,,,,,,,
GCF_053078305.1;protein_217,,,,,,,,,,,,
GCF_053078305.1;protein_218,,,,,,,,,,,,
GCF_053078305.1;protein_219,,,,,,,,,,,,
GCF_053078305.1;protein_220,,,,,,,,,,,,
GCF_053078305.1;protein_221,,,,,,,,,,,,
GCF_053078305.1;protein_222,,,,,,,,,,,,
GCF_053078305.1;protein_223,,,,,,,,,,,,
GCF_053078305.1;protein_233,,,,,,,,,,,,
GCF_053078305.1;protein_234,,,,,,,,,,,,
GCF_053078305.1;protein_235,,,,,,,,,,,,
GCF_053078305.1;protein_236,,,,,,,,,,,,
GCF_053078305.1;protein_237,,,,,,,,,,,,
GCF_053078305.1;protein_238,,,,,,,,,,,,
GCF_053078305.1;protein_239,,,,,,,,,,,,
GCF_053078305.1;protein_240,,,,,,,,,,,,
GCF_053078305.1;protein_241,,,,,,,,,,,,
GCF_053078305.1;protein_242,,,,,,,,,,,,
GCF_053078305.1;protein_244,,,,,,,,,,,,
GCF_053078305.1;protein_245,,,,,,,,,,,,
GCF_053078305.1;protein_257,,,,,,,,,,,,
GCF_053078305.1;protein_258,,,,,,,,,,,,
GCF_053078305.1;protein_259,,,,,,,,,,,,
GCF_053078305.1;protein_260,,,,,,,,,,,,
GCF_053078305.1;protein_261,,,,,,,,,,,,
GCF_053078305.1;protein_262,,,,,,,,,,,,
GCF_053078305.1;protein_263,,,,,,,,,,,,
GCF_053078305.1;protein_264,,,,,,,,,,,,
GCF_053078305.1;protein_265,,,,,,,,,,,,
GCF_053078305.1;protein_273,,,,,,,,,,,,
GCF_053078305.1;protein_274,,,,,,,,,,,,
GCF_053078305.1;protein_275,,,,,,,,,,,,
GCF_053078305.1;protein_276,,,,,,,,,,,,
GCF_053078305.1;protein_277,,,,,,,,,,,,
GCF_053078305.1;protein_278,,,,,,,,,,,,
GCF_053078305.1;protein_279,,,,,,,,,,,,
GCF_053078305.1;protein_280,,,,,,,,,,,,
GCF_053078305.1;protein_281,,,,,,,,,,,,
GCF_053078305.1;protein_282,,,,,,,,,,,,
GCF_053078305.1;protein_283,,,,,,,,,,,,
GCF_053078305.1;protein_284,,,,,,,,,,,,
GCF_053078305.1;protein_285,,,,,,,,,,,,
GCF_053078305.1;protein_286,,,,,,,,,,,,
GCF_053078305.1;protein_287,,,,,,,,,,,,
GCF_053078305.1;protein_288,,,,,,,,,,,,
GCF_053078305.1;protein_289,,,,,,,,,,,,
GCF_053078305.1;protein_290,,,,,,,,,,,,
GCF_053078305.1;protein_312,,,,,,,,,,,,
GCF_053078305.1;protein_330,,,,,,,,,,,,
GCF_053078305.1;protein_331,,,,,,,,,,,,
GCF_053078305.1;protein_340,,,,,,,,,,,,
GCF_053078305.1;protein_341,,,,,,,,,,,,
GCF_053078305.1;protein_349,,,,,,,,,,,,
GCF_053078305.1;protein_350,,,,,,,,,,,,
GCF_053078305.1;protein_430,,,,,,,,,,,,
GCF_053078305.1;protein_526,,,,,,,,,,,,
GCF_053078305.1;protein_669,,,,,,,,,,,,
GCF_053078305.1;protein_670,,,,,,,,,,,,
GCF_053078305.1;protein_672,,,,,,,,,,,,
GCF_053078305.1;protein_675,,,,,,,,,,,,
GCF_053078305.1;protein_676,,,,,,,,,,,,
GCF_053078305.1;protein_677,,,,,,,,,,,,
GCF_053078305.1;protein_679,,,,,,,,,,,,
GCF_053078305.1;protein_680,,,,,,,,,,,,
GCF_053078305.1;protein_681,,,,,,,,,,,,
GCF_053078305.1;protein_682,,,,,,,,,,,,
GCF_053078305.1;protein_705,,,,,,,,,,,,
GCF_053078305.1;protein_718,,,,,,,,,,,,
GCF_053078305.1;protein_719,,,,,,,,,,,,
GCF_053078305.1;protein_720,,,,,,,,,,,,
GCF_053078305.1;protein_721,,,,,,,,,,,,
GCF_053078305.1;protein_722,,,,,,,,,,,,
GCF_053078305.1;protein_723,,,,,,,,,,,,
GCF_053078305.1;protein_758,,,,,,,,,,,,
GCF_053078305.1;protein_784,,,,,,,,,,,,
GCF_053078305.1;protein_785,,,,,,,,,,,,
GCF_053078305.1;protein_786,,,,,,,,,,,,
GCF_053078305.1;protein_787,,,,,,,,,,,,
GCF_053078305.1;protein_788,,,,,,,,,,,,
GCF_053078305.1;protein_789,,,,,,,,,,,,
GCF_053078305.1;protein_790,,,,,,,,,,,,
GCF_053078305.1;protein_791,,,,,,,,,,,,
GCF_053078305.1;protein_792,,,,,,,,,,,,
GCF_053078305.1;protein_795,,,,,,,,,,,,
GCF_053078305.1;protein_796,,,,,,,,,,,,
GCF_053078305.1;protein_801,,,,,,,,,,,,
GCF_053078305.1;protein_802,,,,,,,,,,,,
GCF_053078305.1;protein_803,,,,,,,,,,,,
GCF_053078305.1;protein_804,,,,,,,,,,,,
GCF_053078305.1;protein_806,,,,,,,,,,,,
GCF_053078305.1;protein_808,,,,,,,,,,,,
GCF_053078305.1;protein_810,,,,,,,,,,,,
GCF_053078305.1;protein_812,,,,,,,,,,,,
GCF_053078305.1;protein_813,,,,,,,,,,,,
GCF_053078305.1;protein_814,,,,,,,,,,,,
GCF_053078305.1;protein_815,,,,,,,,,,,,
GCF_053078305.1;protein_816,,,,,,,,,,,,
GCF_053078305.1;protein_817,,,,,,,,,,,,
GCF_053078305.1;protein_819,,,,,,,,,,,,
GCF_053078305.1;protein_820,,,,,,,,,,,,
GCF_053078305.1;protein_821,,,,,,,,,,,,
GCF_053078305.1;protein_822,,,,,,,,,,,,
GCF_053078305.1;protein_823,,,,,,,,,,,,
GCF_053078305.1;protein_824,,,,,,,,,,,,
GCF_053078305.1;protein_825,,,,,,,,,,,,
GCF_053078305.1;protein_826,,,,,,,,,,,,
GCF_053078305.1;protein_829,,,,,,,,,,,,
GCF_053078305.1;protein_830,,,,,,,,,,,,
GCF_053078305.1;protein_831,,,,,,,,,,,,
GCF_053078305.1;protein_832,,,,,,,,,,,,
GCF_053078305.1;protein_833,,,,,,,,,,,,
GCF_053078305.1;protein_834,,,,,,,,,,,,
GCF_053078305.1;protein_835,,,,,,,,,,,,
GCF_053078305.1;protein_836,,,,,,,,,,,,
GCF_053078305.1;protein_837,,,,,,,,,,,,
GCF_053078305.1;protein_838,,,,,,,,,,,,
GCF_053078305.1;protein_839,,,,,,,,,,,,
GCF_053078305.1;protein_840,,,,,,,,,,,,
GCF_053078305.1;protein_841,,,,,,,,,,,,
GCF_053078305.1;protein_842,,,,,,,,,,,,
GCF_053078305.1;protein_843,,,,,,,,,,,,
GCF_053078305.1;protein_844,,,,,,,,,,,,
GCF_053078305.1;protein_847,,,,,,,,,,,,
GCF_053078305.1;protein_848,,,,,,,,,,,,
GCF_053078305.1;protein_849,,,,,,,,,,,,
GCF_053078305.1;protein_850,,,,,,,,,,,,
GCF_053078305.1;protein_851,,,,,,,,,,,,
GCF_053078305.1;protein_852,,,,,,,,,,,,
GCF_053078305.1;protein_853,,,,,,,,,,,,
GCF_053078305.1;protein_854,,,,,,,,,,,,
GCF_053078305.1;protein_855,,,,,,,,,,,,
GCF_053078305.1;protein_856,,,,,,,,,,,,
GCF_053078305.1;protein_857,,,,,,,,,,,,
GCF_053078305.1;protein_858,,,,,,,,,,,,
GCF_053078305.1;protein_859,,,,,,,,,,,,
GCF_053078305.1;protein_860,,,,,,,,,,,,
GCF_053078305.1;protein_861,,,,,,,,,,,,
GCF_053078305.1;protein_862,,,,,,,,,,,,
GCF_053078305.1;protein_863,,,,,,,,,,,,
GCF_053078305.1;protein_864,,,,,,,,,,,,
GCF_053078305.1;protein_865,,,,,,,,,,,,
GCF_053078305.1;protein_866,,,,,,,,,,,,
GCF_053078305.1;protein_867,,,,,,,,,,,,
GCF_053078305.1;protein_868,,,,,,,,,,,,
GCF_053078305.1;protein_869,,,,,,,,,,,,
GCF_053078305.1;protein_870,,,,,,,,,,,,
GCF_053078305.1;protein_871,,,,,,,,,,,,
GCF_053078305.1;protein_872,,,,,,,,,,,,
GCF_053078305.1;protein_873,,,,,,,,,,,,
GCF_053078305.1;protein_874,,,,,,,,,,,,
GCF_053078305.1;protein_875,,,,,,,,,,,,
GCF_053078305.1;protein_876,,,,,,,,,,,,
GCF_053078305.1;protein_877,,,,,,,,,,,,
GCF_053078305.1;protein_878,,,,,,,,,,,,
GCF_053078305.1;protein_879,,,,,,,,,,,,
GCF_053078305.1;protein_880,,,,,,,,,,,,
GCF_053078305.1;protein_881,,,,,,,,,,,,
GCF_053078305.1;protein_882,,,,,,,,,,,,
GCF_053078305.1;protein_883,,,,,,,,,,,,
GCF_053078305.1;protein_884,,,,,,,,,,,,
GCF_053078305.1;protein_885,,,,,,,,,,,,
GCF_053078305.1;protein_886,,,,,,,,,,,,
GCF_053078305.1;protein_887,,,,,,,,,,,,
GCF_053078305.1;protein_888,,,,,,,,,,,,
GCF_053078305.1;protein_889,,,,,,,,,,,,
GCF_053078305.1;protein_890,,,,,,,,,,,,
GCF_053078305.1;protein_891,,,,,,,,,,,,
GCF_053078305.1;protein_892,,,,,,,,,,,,
GCF_053078305.1;protein_893,,,,,,,,,,,,
GCF_053078305.1;protein_894,,,,,,,,,,,,
GCF_053078305.1;protein_897,,,,,,,,,,,,
GCF_053078305.1;protein_898,,,,,,,,,,,,
GCF_053078305.1;protein_899,,,,,,,,,,,,
GCF_053078305.1;protein_900,,,,,,,,,,,,
GCF_053078305.1;protein_901,,,,,,,,,,,,
GCF_053078305.1;protein_902,,,,,,,,,,,,
GCF_053078305.1;protein_903,,,,,,,,,,,,
GCF_053078305.1;protein_904,,,,,,,,,,,,
GCF_053078305.1;protein_905,,,,,,,,,,,,
GCF_053078305.1;protein_906,,,,,,,,,,,,
GCF_053078305.1;protein_907,,,,,,,,,,,,
GCF_053078305.1;protein_908,,,,,,,,,,,,
GCF_053078305.1;protein_909,,,,,,,,,,,,
GCF_053078305.1;protein_910,,,,,,,,,,,,
GCF_053078305.1;protein_911,,,,,,,,,,,,
GCF_053078305.1;protein_912,,,,,,,,,,,,
GCF_053078305.1;protein_913,,,,,,,,,,,,
GCF_053078305.1;protein_914,,,,,,,,,,,,
GCF_053078305.1;protein_915,,,,,,,,,,,,
GCF_053078305.1;protein_916,,,,,,,,,,,,
GCF_053078305.1;protein_917,,,,,,,,,,,,
GCF_053078305.1;protein_918,,,,,,,,,,,,
GCF_053078305.1;protein_919,,,,,,,,,,,,
GCF_053078305.1;protein_920,,,,,,,,,,,,
GCF_053078305.1;protein_921,,,,,,,,,,,,
GCF_053078305.1;protein_922,,,,,,,,,,,,
GCF_053078305.1;protein_923,,,,,,,,,,,,
GCF_053078305.1;protein_924,,,,,,,,,,,,
GCF_053078305.1;protein_925,,,,,,,,,,,,
GCF_053078305.1;protein_926,,,,,,,,,,,,
GCF_053078305.1;protein_927,,,,,,,,,,,,
GCF_053078305.1;protein_928,,,,,,,,,,,,
GCF_053078305.1;protein_929,,,,,,,,,,,,
GCF_053078305.1;protein_930,,,,,,,,,,,,
GCF_053078305.1;protein_931,,,,,,,,,,,,
GCF_053078305.1;protein_932,,,,,,,,,,,,
GCF_053078305.1;protein_933,,,,,,,,,,,,
GCF_053078305.1;protein_934,,,,,,,,,,,,
GCF_053078305.1;protein_935,,,,,,,,,,,,
GCF_053078305.1;protein_936,,,,,,,,,,,,
GCF_053078305.1;protein_937,,,,,,,,,,,,
GCF_053078305.1;protein_938,,,,,,,,,,,,
GCF_053078305.1;protein_939,,,,,,,,,,,,
GCF_053078305.1;protein_940,,,,,,,,,,,,
GCF_053078305.1;protein_941,,,,,,,,,,,,
GCF_053078305.1;protein_942,,,,,,,,,,,,
GCF_053078305.1;protein_943,,,,,,,,,,,,
GCF_053078305.1;protein_944,,,,,,,,,,,,
GCF_053078305.1;protein_945,,,,,,,,,,,,
GCF_053078305.1;protein_946,,,,,,,,,,,,
GCF_053078305.1;protein_947,,,,,,,,,,,,
GCF_053078305.1;protein_948,,,,,,,,,,,,
GCF_053078305.1;protein_949,,,,,,,,,,,,
GCF_053078305.1;protein_950,,,,,,,,,,,,
GCF_053078305.1;protein_951,,,,,,,,,,,,
GCF_053078305.1;protein_952,,,,,,,,,,,,
GCF_053078305.1;protein_953,,,,,,,,,,,,
GCF_053078305.1;protein_954,,,,,,,,,,,,
GCF_053078305.1;protein_955,,,,,,,,,,,,
GCF_053078305.1;protein_956,,,,,,,,,,,,
GCF_053078305.1;protein_957,,,,,,,,,,,,
GCF_053078305.1;protein_958,,,,,,,,,,,,
GCF_053078305.1;protein_959,,,,,,,,,,,,
GCF_053078305.1;protein_960,,,,,,,,,,,,
GCF_053078305.1;protein_961,,,,,,,,,,,,
GCF_053078305.1;protein_962,,,,,,,,,,,,
GCF_053078305.1;protein_963,,,,,,,,,,,,
GCF_053078305.1;protein_964,,,,,,,,,,,,
GCF_053078305.1;protein_965,,,,,,,,,,,,
GCF_053078305.1;protein_966,,,,,,,,,,,,
GCF_053078305.1;protein_967,,,,,,,,,,,,
GCF_053078305.1;protein_968,,,,,,,,,,,,
GCF_053078305.1;protein_969,,,,,,,,,,,,
GCF_053078305.1;protein_970,,,,,,,,,,,,
GCF_053078305.1;protein_971,,,,,,,,,,,,
GCF_053078305.1;protein_972,,,,,,,,,,,,
GCF_053078305.1;protein_973,,,,,,,,,,,,
GCF_053078305.1;protein_974,,,,,,,,,,,,
GCF_053078305.1;protein_975,,,,,,,,,,,,
GCF_053078305.1;protein_976,,,,,,,,,,,,
GCF_053078305.1;protein_977,,,,,,,,,,,,
GCF_053078305.1;protein_978,,,,,,,,,,,,
GCF_053078305.1;protein_979,,,,,,,,,,,,
GCF_053078305.1;protein_1014,,,,,,,,,,,,
GCF_053078305.1;protein_1025,,,,,,,,,,,,
GCF_053078305.1;protein_1026,,,,,,,,,,,,
GCF_053078305.1;protein_1035,,,,,,,,,,,,
GCF_053078305.1;protein_1036,,,,,,,,,,,,
GCF_053078305.1;protein_1037,,,,,,,,,,,,
GCF_053078305.1;protein_1038,,,,,,,,,,,,
GCF_053078305.1;protein_1039,,,,,,,,,,,,
GCF_053078305.1;protein_1042,,,,,,,,,,,,
GCF_053078305.1;protein_1064,,,,,,,,,,,,
GCF_053078305.1;protein_1092,,,,,,,,,,,,
GCF_053078305.1;protein_1093,,,,,,,,,,,,
GCF_053078305.1;protein_1094,,,,,,,,,,,,
GCF_053078305.1;protein_1095,,,,,,,,,,,,
GCF_053078305.1;protein_1096,,,,,,,,,,,,
GCF_053078305.1;protein_1097,,,,,,,,,,,,
GCF_053078305.1;protein_1098,,,,,,,,,,,,
GCF_053078305.1;protein_1099,,,,,,,,,,,,
GCF_053078305.1;protein_1100,,,,,,,,,,,,
GCF_053078305.1;protein_1113,,,,,,,,,,,,
GCF_053078305.1;protein_1190,,,,,,,,,,,,
GCF_053078305.1;protein_1191,,,,,,,,,,,,
GCF_053078305.1;protein_1192,,,,,,,,,,,,
GCF_053078305.1;protein_1193,,,,,,,,,,,,
GCF_053078305.1;protein_1239,,,,,,,,,,,,
GCF_053078305.1;protein_1293,,,,,,,,,,,,
GCF_053078305.1;protein_1294,,,,,,,,,,,,
GCF_053078305.1;protein_1309,,,,,,,,,,,,
GCF_053078305.1;protein_1310,,,,,,,,,,,,
GCF_053078305.1;protein_1311,,,,,,,,,,,,
GCF_053078305.1;protein_1372,,,,,,,,,,,,
GCF_053078305.1;protein_1374,,,,,,,,,,,,
GCF_053078305.1;protein_1375,,,,,,,,,,,,
GCF_053078305.1;protein_1377,,,,,,,,,,,,
GCF_053078305.1;protein_1382,,,,,,,,,,,,
GCF_053078305.1;protein_1383,,,,,,,,,,,,
GCF_053078305.1;protein_1385,,,,,,,,,,,,
GCF_053078305.1;protein_1386,,,,,,,,,,,,
GCF_053078305.1;protein_1410,,,,,,,,,,,,
GCF_053078305.1;protein_1411,,,,,,,,,,,,
GCF_053078305.1;protein_1416,,,,,,,,,,,,
GCF_053078305.1;protein_1418,,,,,,,,,,,,
GCF_053078305.1;protein_1462,,,,,,,,,,,,
GCF_053078305.1;protein_1467,,,,,,,,,,,,
GCF_053078305.1;protein_1468,,,,,,,,,,,,
GCF_053078305.1;protein_1469,,,,,,,,,,,,
GCF_053078305.1;protein_1470,,,,,,,,,,,,
GCF_053078305.1;protein_1483,,,,,,,,,,,,
GCF_053078305.1;protein_1484,,,,,,,,,,,,
GCF_053078305.1;protein_1505,,,,,,,,,,,,
GCF_053078305.1;protein_1577,,,,,,,,,,,,
GCF_053078305.1;protein_1616,,,,,,,,,,,,
GCF_053078305.1;protein_1623,,,,,,,,,,,,
GCF_053078305.1;protein_1627,,,,,,,,,,,,
GCF_053078305.1;protein_1628,,,,,,,,,,,,
GCF_053078305.1;protein_1629,,,,,,,,,,,,
GCF_053078305.1;protein_1630,,,,,,,,,,,,
GCF_053078305.1;protein_1635,,,,,,,,,,,,
GCF_053078305.1;protein_1636,,,,,,,,,,,,
GCF_053078305.1;protein_1637,,,,,,,,,,,,
GCF_053078305.1;protein_1653,,,,,,,,,,,,
GCF_053078305.1;protein_1654,,,,,,,,,,,,
GCF_053078305.1;protein_1655,,,,,,,,,,,,
GCF_053078305.1;protein_1656,,,,,,,,,,,,
GCF_053078305.1;protein_1657,,,,,,,,,,,,
GCF_053078305.1;protein_1659,,,,,,,,,,,,
GCF_053078305.1;protein_1664,,,,,,,,,,,,
GCF_053078305.1;protein_1668,,,,,,,,,,,,
GCF_053078305.1;protein_1674,,,,,,,,,,,,
GCF_053078305.1;protein_1680,,,,,,,,,,,,
GCF_053078305.1;protein_1681,,,,,,,,,,,,
GCF_053078305.1;protein_1688,,,,,,,,,,,,
GCF_053078305.1;protein_1692,,,,,,,,,,,,
GCF_053078305.1;protein_1702,,,,,,,,,,,,
GCF_053078305.1;protein_1711,,,,,,,,,,,,
GCF_053078305.1;protein_1712,,,,,,,,,,,,
GCF_053078305.1;protein_1713,,,,,,,,,,,,
GCF_053078305.1;protein_1714,,,,,,,,,,,,
GCF_053078305.1;protein_1772,,,,,,,,,,,,
GCF_053078305.1;protein_1773,,,,,,,,,,,,
GCF_053078305.1;protein_1803,,,,,,,,,,,,
GCF_053078305.1;protein_1810,,,,,,,,,,,,
GCF_053078305.1;protein_1811,,,,,,,,,,,,
GCF_053078305.1;protein_1812,,,,,,,,,,,,
GCF_053078305.1;protein_1828,,,,,,,,,,,,
GCF_053078305.1;protein_1830,,,,,,,,,,,,
GCF_053078305.1;protein_1831,,,,,,,,,,,,
GCF_053078305.1;protein_1832,,,,,,,,,,,,
GCF_053078305.1;protein_1833,,,,,,,,,,,,
GCF_053078305.1;protein_1834,,,,,,,,,,,,
GCF_053078305.1;protein_1835,,,,,,,,,,,,
GCF_053078305.1;protein_1836,,,,,,,,,,,,
GCF_053078305.1;protein_1837,,,,,,,,,,,,
GCF_053078305.1;protein_1838,,,,,,,,,,,,
GCF_053078305.1;protein_1839,,,,,,,,,,,,
GCF_053078305.1;protein_1840,,,,,,,,,,,,
GCF_053078305.1;protein_1841,,,,,,,,,,,,
GCF_053078305.1;protein_1842,,,,,,,,,,,,
GCF_053078305.1;protein_1843,,,,,,,,,,,,
GCF_053078305.1;protein_1844,,,,,,,,,,,,
GCF_053078305.1;protein_1845,,,,,,,,,,,,
GCF_053078305.1;protein_1846,,,,,,,,,,,,
GCF_053078305.1;protein_1847,,,,,,,,,,,,
GCF_053078305.1;protein_1848,,,,,,,,,,,,
GCF_053078305.1;protein_1849,,,,,,,,,,,,
GCF_053078305.1;protein_1850,,,,,,,,,,,,
GCF_053078305.1;protein_1852,,,,,,,,,,,,
GCF_053078305.1;protein_1853,,,,,,,,,,,,
GCF_053078305.1;protein_1854,,,,,,,,,,,,
GCF_053078305.1;protein_1855,,,,,,,,,,,,
GCF_053078305.1;protein_1856,,,,,,,,,,,,
GCF_053078305.1;protein_1857,,,,,,,,,,,,
GCF_053078305.1;protein_1858,,,,,,,,,,,,
GCF_053078305.1;protein_1860,,,,,,,,,,,,
GCF_053078305.1;protein_1861,,,,,,,,,,,,
GCF_053078305.1;protein_1874,,,,,,,,,,,,
GCF_053078305.1;protein_1875,,,,,,,,,,,,
GCF_053078305.1;protein_1888,,,,,,,,,,,,
GCF_053078305.1;protein_1889,,,,,,,,,,,,
GCF_053078305.1;protein_1890,,,,,,,,,,,,
GCF_053078305.1;protein_1966,,,,,,,,,,,,
GCF_053078305.1;protein_1967,,,,,,,,,,,,
GCF_053078305.1;protein_1968,,,,,,,,,,,,
GCF_053078305.1;protein_1969,,,,,,,,,,,,
GCF_053078305.1;protein_1970,,,,,,,,,,,,
GCF_053078305.1;protein_1971,,,,,,,,,,,,
GCF_053078305.1;protein_1997,,,,,,,,,,,,
GCF_053078305.1;protein_1998,,,,,,,,,,,,
GCF_053078305.1;protein_2037,,,,,,,,,,,,
GCF_053078305.1;protein_2048,,,,,,,,,,,,
GCF_053078305.1;protein_2049,,,,,,,,,,,,
GCF_053078305.1;protein_2050,,,,,,,,,,,,
GCF_053078305.1;protein_2051,,,,,,,,,,,,
GCF_053078305.1;protein_2052,,,,,,,,,,,,
GCF_053078305.1;protein_2053,,,,,,,,,,,,
GCF_053078305.1;protein_2054,,,,,,,,,,,,
GCF_053078305.1;protein_2055,,,,,,,,,,,,
GCF_053078305.1;protein_2056,,,,,,,,,,,,
GCF_053078305.1;protein_2059,,,,,,,,,,,,
GCF_053078305.1;protein_2060,,,,,,,,,,,,
GCF_053078305.1;protein_2061,,,,,,,,,,,,
GCF_053078305.1;protein_2062,,,,,,,,,,,,
GCF_053078305.1;protein_2063,,,,,,,,,,,,
GCF_053078305.1;protein_2064,,,,,,,,,,,,
GCF_053078305.1;protein_2065,,,,,,,,,,,,
GCF_053078305.1;protein_2066,,,,,,,,,,,,
GCF_053078305.1;protein_2067,,,,,,,,,,,,
GCF_053078305.1;protein_2068,,,,,,,,,,,,
GCF_053078305.1;protein_2069,,,,,,,,,,,,
GCF_053078305.1;protein_2070,,,,,,,,,,,,
GCF_053078305.1;protein_2071,,,,,,,,,,,,
GCF_053078305.1;protein_2072,,,,,,,,,,,,
GCF_053078305.1;protein_2073,,,,,,,,,,,,
GCF_053078305.1;protein_2074,,,,,,,,,,,,
GCF_053078305.1;protein_2075,,,,,,,,,,,,
GCF_053078305.1;protein_2076,,,,,,,,,,,,
GCF_053078305.1;protein_2077,,,,,,,,,,,,
GCF_053078305.1;protein_2078,,,,,,,,,,,,
GCF_053078305.1;protein_2079,,,,,,,,,,,,
GCF_053078305.1;protein_2080,,,,,,,,,,,,
GCF_053078305.1;protein_2081,,,,,,,,,,,,
GCF_053078305.1;protein_2082,,,,,,,,,,,,
GCF_053078305.1;protein_2083,,,,,,,,,,,,
GCF_053078305.1;protein_2084,,,,,,,,,,,,
GCF_053078305.1;protein_2085,,,,,,,,,,,,
GCF_053078305.1;protein_2086,,,,,,,,,,,,
GCF_053078305.1;protein_2087,,,,,,,,,,,,
GCF_053078305.1;protein_2088,,,,,,,,,,,,
GCF_053078305.1;protein_2089,,,,,,,,,,,,
GCF_053078305.1;protein_2090,,,,,,,,,,,,
GCF_053078305.1;protein_2091,,,,,,,,,,,,
GCF_053078305.1;protein_2092,,,,,,,,,,,,
GCF_053078305.1;protein_2093,,,,,,,,,,,,
GCF_053078305.1;protein_2094,,,,,,,,,,,,
GCF_053078305.1;protein_2095,,,,,,,,,,,,
GCF_053078305.1;protein_2096,,,,,,,,,,,,
GCF_053078305.1;protein_2097,,,,,,,,,,,,
GCF_053078305.1;protein_2098,,,,,,,,,,,,
GCF_053078305.1;protein_2099,,,,,,,,,,,,
GCF_053078305.1;protein_2100,,,,,,,,,,,,
GCF_053078305.1;protein_2101,,,,,,,,,,,,
GCF_053078305.1;protein_2102,,,,,,,,,,,,
GCF_053078305.1;protein_2103,,,,,,,,,,,,
GCF_053078305.1;protein_2104,,,,,,,,,,,,
GCF_053078305.1;protein_2105,,,,,,,,,,,,
GCF_053078305.1;protein_2106,,,,,,,,,,,,
GCF_053078305.1;protein_2107,,,,,,,,,,,,
GCF_053078305.1;protein_2110,,,,,,,,,,,,
GCF_053078305.1;protein_2121,,,,,,,,,,,,
GCF_053078305.1;protein_2140,,,,,,,,,,,,
GCF_053078305.1;protein_2167,,,,,,,,,,,,
GCF_053078305.1;protein_2177,,,,,,,,,,,,
GCF_053078305.1;protein_2178,,,,,,,,,,,,
GCF_053078305.1;protein_2179,,,,,,,,,,,,
GCF_053078305.1;protein_2180,,,,,,,,,,,,
GCF_053078305.1;protein_2181,,,,,,,,,,,,
GCF_053078305.1;protein_2182,,,,,,,,,,,,
GCF_053078305.1;protein_2183,,,,,,,,,,,,
GCF_053078305.1;protein_2184,,,,,,,,,,,,
GCF_053078305.1;protein_2187,,,,,,,,,,,,
GCF_053078305.1;protein_2199,,,,,,,,,,,,
GCF_053078305.1;protein_2206,,,,,,,,,,,,
GCF_053078305.1;protein_2207,,,,,,,,,,,,
GCF_053078305.1;protein_2208,,,,,,,,,,,,
GCF_053078305.1;protein_2210,,,,,,,,,,,,
GCF_053078305.1;protein_2211,,,,,,,,,,,,
GCF_053078305.1;protein_2212,,,,,,,,,,,,
GCF_053078305.1;protein_2214,,,,,,,,,,,,
GCF_053078305.1;protein_2215,,,,,,,,,,,,
GCF_053078305.1;protein_2216,,,,,,,,,,,,
GCF_053078305.1;protein_2223,,,,,,,,,,,,
GCF_053078305.1;protein_2224,,,,,,,,,,,,
GCF_053078305.1;protein_2225,,,,,,,,,,,,
GCF_053078305.1;protein_2228,,,,,,,,,,,,
GCF_053078305.1;protein_2236,,,,,,,,,,,,
GCF_053078305.1;protein_2240,,,,,,,,,,,,
GCF_053078305.1;protein_2241,,,,,,,,,,,,
GCF_053078305.1;protein_2242,,,,,,,,,,,,
GCF_053078305.1;protein_2243,,,,,,,,,,,,
GCF_053078305.1;protein_2244,,,,,,,,,,,,
GCF_053078305.1;protein_2245,,,,,,,,,,,,
GCF_053078305.1;protein_2246,,,,,,,,,,,,
GCF_053078305.1;protein_2247,,,,,,,,,,,,
GCF_053078305.1;protein_2249,,,,,,,,,,,,
GCF_053078305.1;protein_2261,,,,,,,,,,,,
GCF_053078305.1;protein_2286,,,,,,,,,,,,
GCF_053078305.1;protein_2287,,,,,,,,,,,,
GCF_053078305.1;protein_2288,,,,,,,,,,,,
GCF_053078305.1;protein_2289,,,,,,,,,,,,
GCF_053078305.1;protein_2290,,,,,,,,,,,,
GCF_053078305.1;protein_2291,,,,,,,,,,,,
GCF_053078305.1;protein_2292,,,,,,,,,,,,
GCF_053078305.1;protein_2293,,,,,,,,,,,,
GCF_053078305.1;protein_2294,,,,,,,,,,,,
GCF_053078305.1;protein_2295,,,,,,,,,,,,
GCF_053078305.1;protein_2296,,,,,,,,,,,,
GCF_053078305.1;protein_2298,,,,,,,,,,,,
GCF_053078305.1;protein_2319,,,,,,,,,,,,
GCF_053078305.1;protein_2320,,,,,,,,,,,,
GCF_053078305.1;protein_2321,,,,,,,,,,,,
GCF_053078305.1;protein_2322,,,,,,,,,,,,
GCF_053078305.1;protein_2323,,,,,,,,,,,,
GCF_053078305.1;protein_2324,,,,,,,,,,,,
GCF_053078305.1;protein_2325,,,,,,,,,,,,
GCF_053078305.1;protein_2326,,,,,,,,,,,,
GCF_053078305.1;protein_2327,,,,,,,,,,,,
GCF_053078305.1;protein_2328,,,,,,,,,,,,
GCF_053078305.1;protein_2329,,,,,,,,,,,,
GCF_053078305.1;protein_2330,,,,,,,,,,,,
GCF_053078305.1;protein_2331,,,,,,,,,,,,
GCF_053078305.1;protein_2332,,,,,,,,,,,,
GCF_053078305.1;protein_2333,,,,,,,,,,,,
GCF_053078305.1;protein_2334,,,,,,,,,,,,
GCF_053078305.1;protein_2335,,,,,,,,,,,,
GCF_053078305.1;protein_2336,,,,,,,,,,,,
GCF_053078305.1;protein_2337,,,,,,,,,,,,
GCF_053078305.1;protein_2338,,,,,,,,,,,,
GCF_053078305.1;protein_2339,,,,,,,,,,,,
GCF_053078305.1;protein_2340,,,,,,,,,,,,
GCF_053078305.1;protein_2341,,,,,,,,,,,,
GCF_053078305.1;protein_2342,,,,,,,,,,,,
GCF_053078305.1;protein_2343,,,,,,,,,,,,
GCF_053078305.1;protein_2344,,,,,,,,,,,,
GCF_053078305.1;protein_2345,,,,,,,,,,,,
GCF_053078305.1;protein_2346,,,,,,,,,,,,
GCF_053078305.1;protein_2347,,,,,,,,,,,,
GCF_053078305.1;protein_2348,,,,,,,,,,,,
GCF_053078305.1;protein_2349,,,,,,,,,,,,
GCF_053078305.1;protein_2350,,,,,,,,,,,,
GCF_053078305.1;protein_2351,,,,,,,,,,,,
GCF_053078305.1;protein_2352,,,,,,,,,,,,
GCF_053078305.1;protein_2353,,,,,,,,,,,,
GCF_053078305.1;protein_2354,,,,,,,,,,,,
GCF_053078305.1;protein_2355,,,,,,,,,,,,
GCF_053078305.1;protein_2356,,,,,,,,,,,,
GCF_053078305.1;protein_2357,,,,,,,,,,,,
GCF_053078305.1;protein_2358,,,,,,,,,,,,
GCF_053078305.1;protein_2359,,,,,,,,,,,,
GCF_053078305.1;protein_2360,,,,,,,,,,,,
GCF_053078305.1;protein_2361,,,,,,,,,,,,
GCF_053078305.1;protein_2362,,,,,,,,,,,,
GCF_053078305.1;protein_2363,,,,,,,,,,,,
GCF_053078305.1;protein_2364,,,,,,,,,,,,
GCF_053078305.1;protein_2365,,,,,,,,,,,,
GCF_053078305.1;protein_2366,,,,,,,,,,,,
GCF_053078305.1;protein_2367,,,,,,,,,,,,
GCF_053078305.1;protein_2368,,,,,,,,,,,,
GCF_053078305.1;protein_2369,,,,,,,,,,,,
GCF_053078305.1;protein_2370,,,,,,,,,,,,
GCF_053078305.1;protein_2371,,,,,,,,,,,,
GCF_053078305.1;protein_2373,,,,,,,,,,,,
GCF_053078305.1;protein_2374,,,,,,,,,,,,
GCF_053078305.1;protein_2375,,,,,,,,,,,,
GCF_053078305.1;protein_2376,,,,,,,,,,,,
GCF_053078305.1;protein_2377,,,,,,,,,,,,
GCF_053078305.1;protein_2378,,,,,,,,,,,,
GCF_053078305.1;protein_2379,,,,,,,,,,,,
GCF_053078305.1;protein_2380,,,,,,,,,,,,
GCF_053078305.1;protein_2462,,,,,,,,,,,,
GCF_053078305.1;protein_2518,,,,,,,,,,,,
GCF_053078305.1;protein_2571,,,,,,,,,,,,
GCF_053078305.1;protein_2585,,,,,,,,,,,,
GCF_053078305.1;protein_2586,,,,,,,,,,,,
GCF_053078305.1;protein_2587,,,,,,,,,,,,
GCF_053078305.1;protein_2588,,,,,,,,,,,,
GCF_053078305.1;protein_2717,,,,,,,,,,,,
GCF_053078305.1;protein_2718,,,,,,,,,,,,
GCF_053078305.1;protein_2719,,,,,,,,,,,,
GCF_053078305.1;protein_2720,,,,,,,,,,,,
GCF_053078305.1;protein_2724,,,,,,,,,,,,
GCF_053078305.1;protein_2727,,,,,,,,,,,,
GCF_053078305.1;protein_2740,,,,,,,,,,,,
GCF_053078305.1;protein_2742,,,,,,,,,,,,
GCF_053078305.1;protein_2743,,,,,,,,,,,,
GCF_053078305.1;protein_2744,,,,,,,,,,,,
GCF_053078305.1;protein_2747,,,,,,,,,,,,
GCF_053078305.1;protein_2749,,,,,,,,,,,,
GCF_053078305.1;protein_2750,,,,,,,,,,,,
GCF_053078305.1;protein_2752,,,,,,,,,,,,
GCF_053078305.1;protein_2753,,,,,,,,,,,,
GCF_053078305.1;protein_2755,,,,,,,,,,,,
GCF_053078305.1;protein_2757,,,,,,,,,,,,
GCF_053078305.1;protein_2761,,,,,,,,,,,,
GCF_053078305.1;protein_2762,,,,,,,,,,,,
GCF_053078305.1;protein_2763,,,,,,,,,,,,
GCF_053078305.1;protein_2764,,,,,,,,,,,,
GCF_053078305.1;protein_2765,,,,,,,,,,,,
GCF_053078305.1;protein_2766,,,,,,,,,,,,
GCF_053078305.1;protein_2767,,,,,,,,,,,,
GCF_053078305.1;protein_2769,,,,,,,,,,,,
GCF_053078305.1;protein_2771,,,,,,,,,,,,
GCF_053078305.1;protein_2772,,,,,,,,,,,,
GCF_053078305.1;protein_2775,,,,,,,,,,,,
GCF_053078305.1;protein_2779,,,,,,,,,,,,
GCF_053078305.1;protein_2785,,,,,,,,,,,,
GCF_053078305.1;protein_2788,,,,,,,,,,,,
GCF_053078305.1;protein_2789,,,,,,,,,,,,
GCF_053078305.1;protein_2791,,,,,,,,,,,,
GCF_053078305.1;protein_2792,,,,,,,,,,,,
GCF_053078305.1;protein_2793,,,,,,,,,,,,
GCF_053078305.1;protein_2794,,,,,,,,,,,,
GCF_053078305.1;protein_2795,,,,,,,,,,,,
GCF_053078305.1;protein_2796,,,,,,,,,,,,
GCF_053078305.1;protein_2797,,,,,,,,,,,,
GCF_053078305.1;protein_2798,,,,,,,,,,,,
GCF_053078305.1;protein_2799,,,,,,,,,,,,
GCF_053078305.1;protein_2800,,,,,,,,,,,,
GCF_053078305.1;protein_2801,,,,,,,,,,,,
GCF_053078305.1;protein_2802,,,,,,,,,,,,
GCF_053078305.1;protein_2803,,,,,,,,,,,,
GCF_053078305.1;protein_2804,,,,,,,,,,,,
GCF_053078305.1;protein_2805,,,,,,,,,,,,
GCF_053078305.1;protein_2806,,,,,,,,,,,,
GCF_053078305.1;protein_2807,,,,,,,,,,,,
GCF_053078305.1;protein_2808,,,,,,,,,,,,
GCF_053078305.1;protein_2809,,,,,,,,,,,,
GCF_053078305.1;protein_2810,,,,,,,,,,,,
GCF_053078305.1;protein_2811,,,,,,,,,,,,
GCF_053078305.1;protein_2812,,,,,,,,,,,,
GCF_053078305.1;protein_2813,,,,,,,,,,,,
GCF_053078305.1;protein_2814,,,,,,,,,,,,
GCF_053078305.1;protein_2815,,,,,,,,,,,,
GCF_053078305.1;protein_2816,,,,,,,,,,,,
GCF_053078305.1;protein_2817,,,,,,,,,,,,
GCF_053078305.1;protein_2818,,,,,,,,,,,,
GCF_053078305.1;protein_2819,,,,,,,,,,,,
GCF_053078305.1;protein_2820,,,,,,,,,,,,
GCF_053078305.1;protein_2821,,,,,,,,,,,,
GCF_053078305.1;protein_2822,,,,,,,,,,,,
GCF_053078305.1;protein_2823,,,,,,,,,,,,
GCF_053078305.1;protein_2824,,,,,,,,,,,,
GCF_053078305.1;protein_2825,,,,,,,,,,,,
GCF_053078305.1;protein_2826,,,,,,,,,,,,
GCF_053078305.1;protein_2827,,,,,,,,,,,,
GCF_053078305.1;protein_2828,,,,,,,,,,,,
GCF_053078305.1;protein_2829,,,,,,,,,,,,
GCF_053078305.1;protein_2830,,,,,,,,,,,,
GCF_053078305.1;protein_2831,,,,,,,,,,,,
GCF_053078305.1;protein_2832,,,,,,,,,,,,
GCF_053078305.1;protein_2833,,,,,,,,,,,,
GCF_053078305.1;protein_2834,,,,,,,,,,,,
GCF_053078305.1;protein_2835,,,,,,,,,,,,
GCF_053078305.1;protein_2836,,,,,,,,,,,,
GCF_053078305.1;protein_2837,,,,,,,,,,,,
GCF_053078305.1;protein_2838,,,,,,,,,,,,
GCF_053078305.1;protein_2839,,,,,,,,,,,,
GCF_053078305.1;protein_2840,,,,,,,,,,,,
GCF_053078305.1;protein_2841,,,,,,,,,,,,
GCF_053078305.1;protein_2842,,,,,,,,,,,,
GCF_053078305.1;protein_2843,,,,,,,,,,,,
GCF_053078305.1;protein_2844,,,,,,,,,,,,
GCF_053078305.1;protein_2845,,,,,,,,,,,,
GCF_053078305.1;protein_2846,,,,,,,,,,,,
GCF_053078305.1;protein_2847,,,,,,,,,,,,
GCF_053078305.1;protein_2848,,,,,,,,,,,,
GCF_053078305.1;protein_2849,,,,,,,,,,,,
GCF_053078305.1;protein_2850,,,,,,,,,,,,
GCF_053078305.1;protein_2851,,,,,,,,,,,,
GCF_053078305.1;protein_2852,,,,,,,,,,,,
GCF_053078305.1;protein_2853,,,,,,,,,,,,
GCF_053078305.1;protein_2854,,,,,,,,,,,,
GCF_053078305.1;protein_2856,,,,,,,,,,,,
GCF_053078305.1;protein_2858,,,,,,,,,,,,
GCF_053078305.1;protein_2859,,,,,,,,,,,,
GCF_053078305.1;protein_2860,,,,,,,,,,,,
GCF_053078305.1;protein_2861,,,,,,,,,,,,
GCF_053078305.1;protein_2862,,,,,,,,,,,,
GCF_053078305.1;protein_2863,,,,,,,,,,,,
GCF_053078305.1;protein_2864,,,,,,,,,,,,
GCF_053078305.1;protein_2865,,,,,,,,,,,,
GCF_053078305.1;protein_2877,,,,,,,,,,,,
GCF_053078305.1;protein_2878,,,,,,,,,,,,
GCF_053078305.1;protein_2906,,,,,,,,,,,,
GCF_053078305.1;protein_2909,,,,,,,,,,,,
GCF_053078305.1;protein_2922,,,,,,,,,,,,
GCF_053078305.1;protein_2943,,,,,,,,,,,,
GCF_053078305.1;protein_2944,,,,,,,,,,,,
GCF_053078305.1;protein_2945,,,,,,,,,,,,
GCF_053078305.1;protein_2946,,,,,,,,,,,,
GCF_053078305.1;protein_2952,,,,,,,,,,,,
GCF_053078305.1;protein_2957,,,,,,,,,,,,
GCF_053078305.1;protein_2958,,,,,,,,,,,,
GCF_053078305.1;protein_2959,,,,,,,,,,,,
GCF_053078305.1;protein_2960,,,,,,,,,,,,
GCF_053078305.1;protein_2961,,,,,,,,,,,,
GCF_053078305.1;protein_2962,,,,,,,,,,,,
GCF_053078305.1;protein_2963,,,,,,,,,,,,
GCF_053078305.1;protein_2964,,,,,,,,,,,,
GCF_053078305.1;protein_2965,,,,,,,,,,,,
GCF_053078305.1;protein_2966,,,,,,,,,,,,
GCF_053078305.1;protein_2967,,,,,,,,,,,,
GCF_053078305.1;protein_2992,,,,,,,,,,,,
GCF_053078305.1;protein_3018,,,,,,,,,,,,
GCF_053078305.1;protein_3019,,,,,,,,,,,,
GCF_053078305.1;protein_3020,,,,,,,,,,,,
GCF_053078305.1;protein_3088,,,,,,,,,,,,
GCF_053078305.1;protein_3089,,,,,,,,,,,,
GCF_053078305.1;protein_3090,,,,,,,,,,,,
GCF_053078305.1;protein_3091,,,,,,,,,,,,
GCF_053078305.1;protein_3092,,,,,,,,,,,,
GCF_053078305.1;protein_3096,,,,,,,,,,,,
GCF_053078305.1;protein_3119,,,,,,,,,,,,
GCF_053078305.1;protein_3120,,,,,,,,,,,,
GCF_053078305.1;protein_3121,,,,,,,,,,,,
GCF_053078305.1;protein_3122,,,,,,,,,,,,
GCF_053078305.1;protein_3123,,,,,,,,,,,,
GCF_053078305.1;protein_3124,,,,,,,,,,,,
GCF_053078305.1;protein_3125,,,,,,,,,,,,
GCF_053078305.1;protein_3126,,,,,,,,,,,,
GCF_053078305.1;protein_3127,,,,,,,,,,,,
GCF_053078305.1;protein_3128,,,,,,,,,,,,
GCF_053078305.1;protein_3129,,,,,,,,,,,,
GCF_053078305.1;protein_3130,,,,,,,,,,,,
GCF_053078305.1;protein_3131,,,,,,,,,,,,
GCF_053078305.1;protein_3132,,,,,,,,,,,,
GCF_053078305.1;protein_3133,,,,,,,,,,,,
GCF_053078305.1;protein_3134,,,,,,,,,,,,
GCF_053078305.1;protein_3135,,,,,,,,,,,,
GCF_053078305.1;protein_3136,,,,,,,,,,,,
GCF_053078305.1;protein_3137,,,,,,,,,,,,
GCF_053078305.1;protein_3138,,,,,,,,,,,,
GCF_053078305.1;protein_3139,,,,,,,,,,,,
GCF_053078305.1;protein_3140,,,,,,,,,,,,
GCF_053078305.1;protein_3141,,,,,,,,,,,,
GCF_053078305.1;protein_3142,,,,,,,,,,,,
GCF_053078305.1;protein_3143,,,,,,,,,,,,
GCF_053078305.1;protein_3144,,,,,,,,,,,,
GCF_053078305.1;protein_3145,,,,,,,,,,,,
GCF_053078305.1;protein_3146,,,,,,,,,,,,
GCF_053078305.1;protein_3147,,,,,,,,,,,,
GCF_053078305.1;protein_3148,,,,,,,,,,,,
GCF_053078305.1;protein_3149,,,,,,,,,,,,
GCF_053078305.1;protein_3150,,,,,,,,,,,,
GCF_053078305.1;protein_3151,,,,,,,,,,,,
GCF_053078305.1;protein_3152,,,,,,,,,,,,
GCF_053078305.1;protein_3153,,,,,,,,,,,,
GCF_053078305.1;protein_3154,,,,,,,,,,,,
GCF_053078305.1;protein_3155,,,,,,,,,,,,
GCF_053078305.1;protein_3156,,,,,,,,,,,,
GCF_053078305.1;protein_3157,,,,,,,,,,,,
GCF_053078305.1;protein_3158,,,,,,,,,,,,
GCF_053078305.1;protein_3159,,,,,,,,,,,,
GCF_053078305.1;protein_3160,,,,,,,,,,,,
GCF_053078305.1;protein_3161,,,,,,,,,,,,
GCF_053078305.1;protein_3162,,,,,,,,,,,,
GCF_053078305.1;protein_3163,,,,,,,,,,,,
GCF_053078305.1;protein_3164,,,,,,,,,,,,
GCF_053078305.1;protein_3165,,,,,,,,,,,,
GCF_053078305.1;protein_3166,,,,,,,,,,,,
GCF_053078305.1;protein_3167,,,,,,,,,,,,
GCF_053078305.1;protein_3168,,,,,,,,,,,,
GCF_053078305.1;protein_3169,,,,,,,,,,,,
GCF_053078305.1;protein_3170,,,,,,,,,,,,
GCF_053078305.1;protein_3171,,,,,,,,,,,,
GCF_053078305.1;protein_3172,,,,,,,,,,,,
GCF_053078305.1;protein_3173,,,,,,,,,,,,
GCF_053078305.1;protein_3174,,,,,,,,,,,,
GCF_053078305.1;protein_3175,,,,,,,,,,,,
GCF_053078305.1;protein_3176,,,,,,,,,,,,
GCF_053078305.1;protein_3177,,,,,,,,,,,,
GCF_053078305.1;protein_3178,,,,,,,,,,,,
GCF_053078305.1;protein_3179,,,,,,,,,,,,
GCF_053078305.1;protein_3180,,,,,,,,,,,,
GCF_053078305.1;protein_3230,,,,,,,,,,,,
GCF_053078305.1;protein_3231,,,,,,,,,,,,
GCF_053078305.1;protein_3251,,,,,,,,,,,,
GCF_053078305.1;protein_3252,,,,,,,,,,,,
GCF_053078305.1;protein_3253,,,,,,,,,,,,
GCF_053078305.1;protein_3254,,,,,,,,,,,,
GCF_053078305.1;protein_3255,,,,,,,,,,,,
GCF_053078305.1;protein_3256,,,,,,,,,,,,
GCF_053078305.1;protein_3262,,,,,,,,,,,,
GCF_053078305.1;protein_3263,,,,,,,,,,,,
GCF_053078305.1;protein_3264,,,,,,,,,,,,
GCF_053078305.1;protein_3402,,,,,,,,,,,,
GCF_053078305.1;protein_3403,,,,,,,,,,,,
GCF_053078305.1;protein_3404,,,,,,,,,,,,
GCF_053078305.1;protein_3405,,,,,,,,,,,,
GCF_053078305.1;protein_3406,,,,,,,,,,,,
GCF_053078305.1;protein_3407,,,,,,,,,,,,
GCF_053078305.1;protein_3408,,,,,,,,,,,,
GCF_053078305.1;protein_3409,,,,,,,,,,,,
GCF_053078305.1;protein_3410,,,,,,,,,,,,
GCF_053078305.1;protein_3411,,,,,,,,,,,,
GCF_053078305.1;protein_3412,,,,,,,,,,,,
GCF_053078305.1;protein_3413,,,,,,,,,,,,
GCF_053078305.1;protein_3414,,,,,,,,,,,,
GCF_053078305.1;protein_3415,,,,,,,,,,,,
GCF_053078305.1;protein_3416,,,,,,,,,,,,
GCF_053078305.1;protein_3417,,,,,,,,,,,,
GCF_053078305.1;protein_3418,,,,,,,,,,,,
GCF_053078305.1;protein_3419,,,,,,,,,,,,
GCF_053078305.1;protein_3420,,,,,,,,,,,,
GCF_053078305.1;protein_3421,,,,,,,,,,,,
GCF_053078305.1;protein_3422,,,,,,,,,,,,
GCF_053078305.1;protein_3423,,,,,,,,,,,,
GCF_053078305.1;protein_3424,,,,,,,,,,,,
GCF_053078305.1;protein_3425,,,,,,,,,,,,
GCF_053078305.1;protein_3426,,,,,,,,,,,,
GCF_053078305.1;protein_3427,,,,,,,,,,,,
GCF_053078305.1;protein_3437,,,,,,,,,,,,
GCF_053078305.1;protein_3451,,,,,,,,,,,,
GCF_053078305.1;protein_3453,,,,,,,,,,,,
GCF_053078305.1;protein_3457,,,,,,,,,,,,
GCF_053078305.1;protein_3464,,,,,,,,,,,,
GCF_053078305.1;protein_3465,,,,,,,,,,,,
GCF_053078305.1;protein_3475,,,,,,,,,,,,
GCF_053078305.1;protein_3476,,,,,,,,,,,,
GCF_053078305.1;protein_3477,,,,,,,,,,,,
GCF_053078305.1;protein_3480,,,,,,,,,,,,
GCF_053078305.1;protein_3481,,,,,,,,,,,,
GCF_053078305.1;protein_3484,,,,,,,,,,,,
GCF_053078305.1;protein_3494,,,,,,,,,,,,
GCF_053078305.1;protein_3495,,,,,,,,,,,,
GCF_053078305.1;protein_3496,,,,,,,,,,,,
GCF_053078305.1;protein_3497,,,,,,,,,,,,
GCF_053078305.1;protein_3498,,,,,,,,,,,,
GCF_053078305.1;protein_3499,,,,,,,,,,,,
GCF_053078305.1;protein_3500,,,,,,,,,,,,
GCF_053078305.1;protein_3502,,,,,,,,,,,,
GCF_053078305.1;protein_3506,,,,,,,,,,,,
GCF_053078305.1;protein_3511,,,,,,,,,,,,
GCF_053078305.1;protein_3512,,,,,,,,,,,,
GCF_053078305.1;protein_3513,,,,,,,,,,,,
GCF_053078305.1;protein_3514,,,,,,,,,,,,
GCF_053078305.1;protein_3515,,,,,,,,,,,,
GCF_053078305.1;protein_3516,,,,,,,,,,,,
GCF_053078305.1;protein_3517,,,,,,,,,,,,
GCF_053078305.1;protein_3561,,,,,,,,,,,,
GCF_053078305.1;protein_3562,,,,,,,,,,,,
GCF_053078305.1;protein_3563,,,,,,,,,,,,
GCF_053078305.1;protein_3564,,,,,,,,,,,,
GCF_053078305.1;protein_3565,,,,,,,,,,,,
GCF_053078305.1;protein_3566,,,,,,,,,,,,
GCF_053078305.1;protein_3567,,,,,,,,,,,,
GCF_053078305.1;protein_3568,,,,,,,,,,,,
GCF_053078305.1;protein_3570,,,,,,,,,,,,
GCF_053078305.1;protein_3573,,,,,,,,,,,,
GCF_053078305.1;protein_3574,,,,,,,,,,,,
GCF_053078305.1;protein_3576,,,,,,,,,,,,
GCF_053078305.1;protein_3577,,,,,,,,,,,,
GCF_053078305.1;protein_3581,,,,,,,,,,,,
GCF_053078305.1;protein_3582,,,,,,,,,,,,
GCF_053078305.1;protein_3583,,,,,,,,,,,,
GCF_053078305.1;protein_3586,,,,,,,,,,,,
GCF_053078305.1;protein_3588,,,,,,,,,,,,
GCF_053078305.1;protein_3590,,,,,,,,,,,,
GCF_053078305.1;protein_3591,,,,,,,,,,,,
GCF_053078305.1;protein_3593,,,,,,,,,,,,
GCF_053078305.1;protein_3594,,,,,,,,,,,,
GCF_053078305.1;protein_3595,,,,,,,,,,,,
GCF_053078305.1;protein_3596,,,,,,,,,,,,
GCF_053078305.1;protein_3598,,,,,,,,,,,,
GCF_053078305.1;protein_3599,,,,,,,,,,,,
GCF_053078305.1;protein_3600,,,,,,,,,,,,
GCF_053078305.1;protein_3605,,,,,,,,,,,,
GCF_053078305.1;protein_3606,,,,,,,,,,,,
GCF_053078305.1;protein_3607,,,,,,,,,,,,
GCF_053078305.1;protein_3608,,,,,,,,,,,,
GCF_053078305.1;protein_3611,,,,,,,,,,,,
GCF_053078305.1;protein_3620,,,,,,,,,,,,
GCF_053078305.1;protein_3621,,,,,,,,,,,,
GCF_053078305.1;protein_3622,,,,,,,,,,,,
GCF_053078305.1;protein_3623,,,,,,,,,,,,
GCF_053078305.1;protein_3624,,,,,,,,,,,,
GCF_053078305.1;protein_3696,,,,,,,,,,,,
GCF_053078305.1;protein_3703,,,,,,,,,,,,
GCF_053078305.1;protein_3704,,,,,,,,,,,,
GCF_053078305.1;protein_3705,,,,,,,,,,,,
GCF_053078305.1;protein_3706,,,,,,,,,,,,
GCF_053078305.1;protein_3707,,,,,,,,,,,,
GCF_053078305.1;protein_3708,,,,,,,,,,,,
GCF_053078305.1;protein_3709,,,,,,,,,,,,
GCF_053078305.1;protein_3710,,,,,,,,,,,,
GCF_053078305.1;protein_3711,,,,,,,,,,,,
GCF_053078305.1;protein_3712,,,,,,,,,,,,
GCF_053078305.1;protein_3713,,,,,,,,,,,,
GCF_053078305.1;protein_3714,,,,,,,,,,,,
GCF_053078305.1;protein_3715,,,,,,,,,,,,
GCF_053078305.1;protein_3716,,,,,,,,,,,,
GCF_053078305.1;protein_3717,,,,,,,,,,,,
GCF_053078305.1;protein_3718,,,,,,,,,,,,
GCF_053078305.1;protein_3719,,,,,,,,,,,,
GCF_053078305.1;protein_3720,,,,,,,,,,,,
GCF_053078305.1;protein_3721,,,,,,,,,,,,
GCF_053078305.1;protein_3722,,,,,,,,,,,,
GCF_053078305.1;protein_3723,,,,,,,,,,,,
GCF_053078305.1;protein_3724,,,,,,,,,,,,
GCF_053078305.1;protein_3725,,,,,,,,,,,,
GCF_053078305.1;protein_3726,,,,,,,,,,,,
GCF_053078305.1;protein_3727,,,,,,,,,,,,
GCF_053078305.1;protein_3728,,,,,,,,,,,,
GCF_053078305.1;protein_3729,,,,,,,,,,,,
GCF_053078305.1;protein_3730,,,,,,,,,,,,
GCF_053078305.1;protein_3731,,,,,,,,,,,,
GCF_053078305.1;protein_3732,,,,,,,,,,,,
GCF_053078305.1;protein_3733,,,,,,,,,,,,
GCF_053078305.1;protein_3734,,,,,,,,,,,,
GCF_053078305.1;protein_3735,,,,,,,,,,,,
GCF_053078305.1;protein_3736,,,,,,,,,,,,
GCF_053078305.1;protein_3737,,,,,,,,,,,,
GCF_053078305.1;protein_3738,,,,,,,,,,,,
GCF_053078305.1;protein_3739,,,,,,,,,,,,
GCF_053078305.1;protein_3740,,,,,,,,,,,,
GCF_053078305.1;protein_3741,,,,,,,,,,,,
GCF_053078305.1;protein_3742,,,,,,,,,,,,
GCF_053078305.1;protein_3743,,,,,,,,,,,,
GCF_053078305.1;protein_3744,,,,,,,,,,,,
GCF_053078305.1;protein_3745,,,,,,,,,,,,
GCF_053078305.1;protein_3746,,,,,,,,,,,,
GCF_053078305.1;protein_3747,,,,,,,,,,,,
GCF_053078305.1;protein_3748,,,,,,,,,,,,
GCF_053078305.1;protein_3749,,,,,,,,,,,,
GCF_053078305.1;protein_3750,,,,,,,,,,,,
GCF_053078305.1;protein_3751,,,,,,,,,,,,
GCF_053078305.1;protein_3781,,,,,,,,,,,,
GCF_053078305.1;protein_3788,,,,,,,,,,,,
GCF_053078305.1;protein_3789,,,,,,,,,,,,
GCF_053078305.1;protein_3790,,,,,,,,,,,,
GCF_053078305.1;protein_3854,,,,,,,,,,,,
GCF_053078305.1;protein_3855,,,,,,,,,,,,
GCF_053078305.1;protein_3915,,,,,,,,,,,,
GCF_053078305.1;protein_3916,,,,,,,,,,,,
GCF_053078305.1;protein_3917,,,,,,,,,,,,
GCF_053078305.1;protein_3918,,,,,,,,,,,,
GCF_053078305.1;protein_3919,,,,,,,,,,,,
GCF_053078305.1;protein_3920,,,,,,,,,,,,
GCF_053078305.1;protein_3921,,,,,,,,,,,,
GCF_053078305.1;protein_3922,,,,,,,,,,,,
GCF_053078305.1;protein_3923,,,,,,,,,,,,
GCF_053078305.1;protein_3924,,,,,,,,,,,,
GCF_053078305.1;protein_3925,,,,,,,,,,,,
GCF_053078305.1;protein_3926,,,,,,,,,,,,
GCF_053078305.1;protein_3937,,,,,,,,,,,,
GCF_053078305.1;protein_3938,,,,,,,,,,,,
GCF_053078305.1;protein_3939,,,,,,,,,,,,
GCF_053078305.1;protein_3940,,,,,,,,,,,,
GCF_053078305.1;protein_3950,,,,,,,,,,,,
GCF_053078305.1;protein_3951,,,,,,,,,,,,
GCF_053078305.1;protein_3952,,,,,,,,,,,,
GCF_053078305.1;protein_4110,,,,,,,,,,,,
GCF_053078305.1;protein_4121,,,,,,,,,,,,
GCF_053078305.1;protein_4122,,,,,,,,,,,,
GCF_053078305.1;protein_4123,,,,,,,,,,,,
GCF_053078305.1;protein_4124,,,,,,,,,,,,
GCF_053078305.1;protein_4126,,,,,,,,,,,,
GCF_053078305.1;protein_4127,,,,,,,,,,,,
GCF_053078305.1;protein_4128,,,,,,,,,,,,
GCF_053078305.1;protein_4129,,,,,,,,,,,,
GCF_053078305.1;protein_4197,,,,,,,,,,,,
GCF_053078305.1;protein_4213,,,,,,,,,,,,
GCF_053078305.1;protein_4224,,,,,,,,,,,,
GCF_053078305.1;protein_4225,,,,,,,,,,,,
GCF_053078305.1;protein_4244,,,,,,,,,,,,
GCF_053078305.1;protein_4250,,,,,,,,,,,,
GCF_053078305.1;protein_4251,,,,,,,,,,,,
GCF_053078305.1;protein_4252,,,,,,,,,,,,
GCF_053078305.1;protein_4253,,,,,,,,,,,,
GCF_053078305.1;protein_4254,,,,,,,,,,,,
GCF_053078305.1;protein_4268,,,,,,,,,,,,
GCF_053078305.1;protein_4269,,,,,,,,,,,,
GCF_053078305.1;protein_4311,,,,,,,,,,,,
GCF_053078305.1;protein_4312,,,,,,,,,,,,
GCF_053078305.1;protein_4313,,,,,,,,,,,,
GCF_053078305.1;protein_4314,,,,,,,,,,,,
GCF_053078305.1;protein_4326,,,,,,,,,,,,
GCF_053078305.1;protein_4327,,,,,,,,,,,,
GCF_053078305.1;protein_4328,,,,,,,,,,,,
GCF_053078305.1;protein_4329,,,,,,,,,,,,
GCF_053078305.1;protein_4330,,,,,,,,,,,,
GCF_053078305.1;protein_4331,,,,,,,,,,,,
GCF_053078305.1;protein_4344,,,,,,,,,,,,
GCF_053078305.1;protein_4349,,,,,,,,,,,,
GCF_053078305.1;protein_4350,,,,,,,,,,,,
GCF_053078305.1;protein_4351,,,,,,,,,,,,
GCF_053078305.1;protein_4352,,,,,,,,,,,,
GCF_053078305.1;protein_4353,,,,,,,,,,,,
GCF_053078305.1;protein_4354,,,,,,,,,,,,
GCF_053078305.1;protein_4356,,,,,,,,,,,,
GCF_053078305.1;protein_4358,,,,,,,,,,,,
GCF_053078305.1;protein_4359,,,,,,,,,,,,
GCF_053078305.1;protein_4362,,,,,,,,,,,,
GCF_053078305.1;protein_4365,,,,,,,,,,,,
GCF_053078305.1;protein_4366,,,,,,,,,,,,
GCF_053078305.1;protein_4367,,,,,,,,,,,,
GCF_053078305.1;protein_4369,,,,,,,,,,,,
GCF_053078305.1;protein_4371,,,,,,,,,,,,
GCF_053078305.1;protein_4372,,,,,,,,,,,,
GCF_053078305.1;protein_4373,,,,,,,,,,,,
GCF_053078305.1;protein_4374,,,,,,,,,,,,
GCF_053078305.1;protein_4375,,,,,,,,,,,,
GCF_053078305.1;protein_4376,,,,,,,,,,,,
GCF_053078305.1;protein_4377,,,,,,,,,,,,
GCF_053078305.1;protein_4378,,,,,,,,,,,,
GCF_053078305.1;protein_4379,,,,,,,,,,,,
GCF_053078305.1;protein_4380,,,,,,,,,,,,
GCF_053078305.1;protein_4381,,,,,,,,,,,,
GCF_053078305.1;protein_4382,,,,,,,,,,,,
GCF_053078305.1;protein_4386,,,,,,,,,,,,
GCF_053078305.1;protein_4387,,,,,,,,,,,,
GCF_053078305.1;protein_4388,,,,,,,,,,,,
GCF_053078305.1;protein_4389,,,,,,,,,,,,
GCF_053078305.1;protein_4398,,,,,,,,,,,,
GCF_053078305.1;protein_4413,,,,,,,,,,,,
GCF_053078305.1;protein_4414,,,,,,,,,,,,
GCF_053078305.1;protein_4415,,,,,,,,,,,,
GCF_053078305.1;protein_4416,,,,,,,,,,,,
GCF_053078305.1;protein_4417,,,,,,,,,,,,
GCF_053078305.1;protein_4418,,,,,,,,,,,,
GCF_053078305.1;protein_4419,,,,,,,,,,,,
GCF_053078305.1;protein_4420,,,,,,,,,,,,
GCF_053078305.1;protein_4421,,,,,,,,,,,,
GCF_053078305.1;protein_4422,,,,,,,,,,,,
GCF_053078305.1;protein_4423,,,,,,,,,,,,
GCF_053078305.1;protein_4424,,,,,,,,,,,,
GCF_053078305.1;protein_4425,,,,,,,,,,,,
GCF_053078305.1;protein_4426,,,,,,,,,,,,
GCF_053078305.1;protein_4427,,,,,,,,,,,,
GCF_053078305.1;protein_4428,,,,,,,,,,,,
GCF_053078305.1;protein_4429,,,,,,,,,,,,
GCF_053078305.1;protein_4430,,,,,,,,,,,,
GCF_053078305.1;protein_4431,,,,,,,,,,,,
GCF_053078305.1;protein_4432,,,,,,,,,,,,
GCF_053078305.1;protein_4433,,,,,,,,,,,,
GCF_053078305.1;protein_4434,,,,,,,,,,,,
GCF_053078305.1;protein_4435,,,,,,,,,,,,
GCF_053078305.1;protein_4436,,,,,,,,,,,,
GCF_053078305.1;protein_4437,,,,,,,,,,,,
GCF_053078305.1;protein_4438,,,,,,,,,,,,
GCF_053078305.1;protein_4439,,,,,,,,,,,,
GCF_053078305.1;protein_4440,,,,,,,,,,,,
GCF_053078305.1;protein_4441,,,,,,,,,,,,
GCF_053078305.1;protein_4442,,,,,,,,,,,,
GCF_053078305.1;protein_4444,,,,,,,,,,,,
GCF_053078305.1;protein_4445,,,,,,,,,,,,
GCF_053078305.1;protein_4446,,,,,,,,,,,,
GCF_053078305.1;protein_4447,,,,,,,,,,,,
GCF_053078305.1;protein_4518,,,,,,,,,,,,
GCF_053078305.1;protein_4519,,,,,,,,,,,,
GCF_053078305.1;protein_4520,,,,,,,,,,,,
GCF_053078305.1;protein_4521,,,,,,,,,,,,
GCF_053078305.1;protein_4522,,,,,,,,,,,,
GCF_053078305.1;protein_4523,,,,,,,,,,,,
GCF_053078305.1;protein_4524,,,,,,,,,,,,
GCF_053078305.1;protein_4527,,,,,,,,,,,,
GCF_053078305.1;protein_4592,,,,,,,,,,,,
GCF_053078305.1;protein_4604,,,,,,,,,,,,
GCF_053078305.1;protein_4613,,,,,,,,,,,,
GCF_053078305.1;protein_4614,,,,,,,,,,,,
GCF_053078305.1;protein_4642,,,,,,,,,,,,
GCF_053078305.1;protein_4643,,,,,,,,,,,,
GCF_053078305.1;protein_4644,,,,,,,,,,,,
GCF_053078305.1;protein_4662,,,,,,,,,,,,
GCF_053078305.1;protein_4676,,,,,,,,,,,,
GCF_053078305.1;protein_4677,,,,,,,,,,,,
GCF_053078305.1;protein_4678,,,,,,,,,,,,
GCF_053078305.1;protein_4679,,,,,,,,,,,,
GCF_053078305.1;protein_4680,,,,,,,,,,,,
GCF_053078305.1;protein_4681,,,,,,,,,,,,
GCF_053078305.1;protein_4682,,,,,,,,,,,,
GCF_053078305.1;protein_4683,,,,,,,,,,,,
GCF_053078305.1;protein_4719,,,,,,,,,,,,
GCF_053078305.1;protein_4723,,,,,,,,,,,,
GCF_053078305.1;protein_4724,,,,,,,,,,,,
GCF_053078305.1;protein_4725,,,,,,,,,,,,
GCF_053078305.1;protein_4726,,,,,,,,,,,,
GCF_053078305.1;protein_4727,,,,,,,,,,,,
GCF_053078305.1;protein_4728,,,,,,,,,,,,
GCF_053078305.1;protein_4737,,,,,,,,,,,,
GCF_053078305.1;protein_4738,,,,,,,,,,,,
GCF_053078305.1;protein_4739,,,,,,,,,,,,
GCF_053078305.1;protein_4741,,,,,,,,,,,,
GCF_053078305.1;protein_4767,,,,,,,,,,,,
GCF_053078305.1;protein_4770,,,,,,,,,,,,
GCF_053078305.1;protein_4771,,,,,,,,,,,,
GCF_053078305.1;protein_4772,,,,,,,,,,,,
GCF_053078305.1;protein_4773,,,,,,,,,,,,
GCF_053078305.1;protein_4774,,,,,,,,,,,,
GCF_053078305.1;protein_4775,,,,,,,,,,,,
GCF_053078305.1;protein_4777,,,,,,,,,,,,
GCF_053078305.1;protein_4778,,,,,,,,,,,,
GCF_053078305.1;protein_4779,,,,,,,,,,,,
GCF_053078305.1;protein_4780,,,,,,,,,,,,
GCF_053078305.1;protein_4781,,,,,,,,,,,,
GCF_053078305.1;protein_4782,,,,,,,,,,,,
GCF_053078305.1;protein_4783,,,,,,,,,,,,
GCF_053078305.1;protein_4784,,,,,,,,,,,,
GCF_053078305.1;protein_4785,,,,,,,,,,,,
GCF_053078305.1;protein_4786,,,,,,,,,,,,
GCF_053078305.1;protein_4787,,,,,,,,,,,,
GCF_053078305.1;protein_4805,,,,,,,,,,,,
GCF_053078305.1;protein_4852,,,,,,,,,,,,
GCF_053078305.1;protein_4862,,,,,,,,,,,,
GCF_053078305.1;protein_4863,,,,,,,,,,,,
GCF_053078305.1;protein_4864,,,,,,,,,,,,
GCF_053078305.1;protein_4865,,,,,,,,,,,,
GCF_053078305.1;protein_4866,,,,,,,,,,,,
GCF_053078305.1;protein_4867,,,,,,,,,,,,
GCF_053078305.1;protein_4874,,,,,,,,,,,,
GCF_053078305.1;protein_4875,,,,,,,,,,,,
GCF_053078305.1;protein_4878,,,,,,,,,,,,
GCF_053078305.1;protein_4879,,,,,,,,,,,,
GCF_053078305.1;protein_4880,,,,,,,,,,,,
GCF_053078305.1;protein_4881,,,,,,,,,,,,
GCF_053078305.1;protein_4882,,,,,,,,,,,,
GCF_053078305.1;protein_4883,,,,,,,,,,,,
GCF_053078305.1;protein_4884,,,,,,,,,,,,
GCF_053078305.1;protein_4885,,,,,,,,,,,,
GCF_053078305.1;protein_4886,,,,,,,,,,,,
GCF_053078305.1;protein_4887,,,,,,,,,,,,
GCF_053078305.1;protein_4888,,,,,,,,,,,,
GCF_053078305.1;protein_4891,,,,,,,,,,,,
GCF_053078305.1;protein_4892,,,,,,,,,,,,
GCF_053078305.1;protein_4893,,,,,,,,,,,,
GCF_053078305.1;protein_4894,,,,,,,,,,,,
GCF_053078305.1;protein_4895,,,,,,,,,,,,
GCF_053078305.1;protein_4896,,,,,,,,,,,,
GCF_053078305.1;protein_4897,,,,,,,,,,,,
GCF_053078305.1;protein_4898,,,,,,,,,,,,
GCF_053078305.1;protein_4899,,,,,,,,,,,,
GCF_053078305.1;protein_4900,,,,,,,,,,,,
GCF_053078305.1;protein_4905,,,,,,,,,,,,
GCF_053078305.1;protein_4906,,,,,,,,,,,,
GCF_053078305.1;protein_4907,,,,,,,,,,,,
GCF_053078305.1;protein_4908,,,,,,,,,,,,
GCF_053078305.1;protein_4909,,,,,,,,,,,,
GCF_053078305.1;protein_4910,,,,,,,,,,,,
GCF_053078305.1;protein_4912,,,,,,,,,,,,
GCF_053078305.1;protein_4914,,,,,,,,,,,,
GCF_053078305.1;protein_4915,,,,,,,,,,,,
GCF_053078305.1;protein_4916,,,,,,,,,,,,
GCF_053078305.1;protein_4917,,,,,,,,,,,,
GCF_053078305.1;protein_4918,,,,,,,,,,,,
GCF_053078305.1;protein_4920,,,,,,,,,,,,
GCF_053078305.1;protein_4922,,,,,,,,,,,,
GCF_053078305.1;protein_4923,,,,,,,,,,,,
GCF_053078305.1;protein_4924,,,,,,,,,,,,
GCF_053078305.1;protein_4929,,,,,,,,,,,,
GCF_053078305.1;protein_4930,,,,,,,,,,,,
GCF_053078305.1;protein_4932,,,,,,,,,,,,
GCF_053078305.1;protein_4993,,,,,,,,,,,,
GCF_053078305.1;protein_4994,,,,,,,,,,,,
GCF_053078305.1;protein_4995,,,,,,,,,,,,
GCF_053078305.1;protein_4996,,,,,,,,,,,,
GCF_053078305.1;protein_4997,,,,,,,,,,,,
GCF_053078305.1;protein_4998,,,,,,,,,,,,
GCF_053078305.1;protein_4999,,,,,,,,,,,,
GCF_053078305.1;protein_5000,,,,,,,,,,,,
GCF_053078305.1;protein_5001,,,,,,,,,,,,
GCF_053078305.1;protein_5002,,,,,,,,,,,,
GCF_053078305.1;protein_5003,,,,,,,,,,,,
GCF_053078305.1;protein_5004,,,,,,,,,,,,
GCF_053078305.1;protein_5005,,,,,,,,,,,,
GCF_053078305.1;protein_5006,,,,,,,,,,,,
GCF_053078305.1;protein_5007,,,,,,,,,,,,
GCF_053078305.1;protein_5008,,,,,,,,,,,,
GCF_053078305.1;protein_5009,,,,,,,,,,,,
GCF_053078305.1;protein_5010,,,,,,,,,,,,
GCF_053078305.1;protein_5011,,,,,,,,,,,,
GCF_053078305.1;protein_5012,,,,,,,,,,,,
GCF_053078305.1;protein_5013,,,,,,,,,,,,
GCF_053078305.1;protein_5014,,,,,,,,,,,,
GCF_053078305.1;protein_5015,,,,,,,,,,,,
GCF_053078305.1;protein_5016,,,,,,,,,,,,
GCF_053078305.1;protein_5017,,,,,,,,,,,,
GCF_053078305.1;protein_5018,,,,,,,,,,,,
GCF_053078305.1;protein_5019,,,,,,,,,,,,
GCF_053078305.1;protein_5020,,,,,,,,,,,,
GCF_053078305.1;protein_5021,,,,,,,,,,,,
GCF_053078305.1;protein_5022,,,,,,,,,,,,
GCF_053078305.1;protein_5023,,,,,,,,,,,,
GCF_053078305.1;protein_5024,,,,,,,,,,,,
GCF_053078305.1;protein_5039,,,,,,,,,,,,
GCF_053078305.1;protein_5040,,,,,,,,,,,,
GCF_053078305.1;protein_5041,,,,,,,,,,,,
GCF_053078305.1;protein_5042,,,,,,,,,,,,
GCF_053078305.1;protein_5043,,,,,,,,,,,,
GCF_053078305.1;protein_5044,,,,,,,,,,,,
GCF_053078305.1;protein_5045,,,,,,,,,,,,
GCF_053078305.1;protein_5046,,,,,,,,,,,,
GCF_053078305.1;protein_5047,,,,,,,,,,,,
GCF_053078305.1;protein_5048,,,,,,,,,,,,
GCF_053078305.1;protein_5049,,,,,,,,,,,,
GCF_053078305.1;protein_5050,,,,,,,,,,,,
GCF_053078305.1;protein_5051,,,,,,,,,,,,
GCF_053078305.1;protein_5052,,,,,,,,,,,,
GCF_053078305.1;protein_5053,,,,,,,,,,,,
GCF_053078305.1;protein_5054,,,,,,,,,,,,
GCF_053078305.1;protein_5055,,,,,,,,,,,,
GCF_053078305.1;protein_5056,,,,,,,,,,,,
GCF_053078305.1;protein_5057,,,,,,,,,,,,
GCF_053078305.1;protein_5058,,,,,,,,,,,,
GCF_053078305.1;protein_5059,,,,,,,,,,,,
GCF_053078305.1;protein_5060,,,,,,,,,,,,
GCF_053078305.1;protein_5061,,,,,,,,,,,,
GCF_053078305.1;protein_5062,,,,,,,,,,,,
GCF_053078305.1;protein_5063,,,,,,,,,,,,
GCF_053078305.1;protein_5064,,,,,,,,,,,,
GCF_053078305.1;protein_5065,,,,,,,,,,,,
GCF_053078305.1;protein_5066,,,,,,,,,,,,
GCF_053078305.1;protein_5067,,,,,,,,,,,,
GCF_053078305.1;protein_5068,,,,,,,,,,,,
GCF_053078305.1;protein_5069,,,,,,,,,,,,
GCF_053078305.1;protein_5070,,,,,,,,,,,,
GCF_053078305.1;protein_5071,,,,,,,,,,,,
GCF_053078305.1;protein_5072,,,,,,,,,,,,
GCF_053078305.1;protein_5075,,,,,,,,,,,,
GCF_053078305.1;protein_5076,,,,,,,,,,,,
GCF_053078305.1;protein_5077,,,,,,,,,,,,
GCF_053078305.1;protein_5078,,,,,,,,,,,,
GCF_053078305.1;protein_5079,,,,,,,,,,,,
GCF_053078305.1;protein_5080,,,,,,,,,,,,
GCF_053078305.1;protein_5081,,,,,,,,,,,,
GCF_053078305.1;protein_5082,,,,,,,,,,,,
GCF_053078305.1;protein_5083,,,,,,,,,,,,
GCF_053078305.1;protein_5084,,,,,,,,,,,,
GCF_053078305.1;protein_5085,,,,,,,,,,,,
GCF_053078305.1;protein_5086,,,,,,,,,,,,
GCF_053078305.1;protein_5087,,,,,,,,,,,,
GCF_053078305.1;protein_5088,,,,,,,,,,,,
GCF_053078305.1;protein_5089,,,,,,,,,,,,
GCF_053078305.1;protein_5090,,,,,,,,,,,,
GCF_053078305.1;protein_5091,,,,,,,,,,,,
GCF_053078305.1;protein_5092,,,,,,,,,,,,
GCF_053078305.1;protein_5093,,,,,,,,,,,,
GCF_053078305.1;protein_5094,,,,,,,,,,,,
GCF_053078305.1;protein_5095,,,,,,,,,,,,
GCF_053078305.1;protein_5096,,,,,,,,,,,,
GCF_053078305.1;protein_5097,,,,,,,,,,,,
GCF_053078305.1;protein_5098,,,,,,,,,,,,
GCF_053078305.1;protein_5099,,,,,,,,,,,,
GCF_053078305.1;protein_5100,,,,,,,,,,,,
GCF_053078305.1;protein_5101,,,,,,,,,,,,
GCF_053078305.1;protein_5102,,,,,,,,,,,,
GCF_053078305.1;protein_5104,,,,,,,,,,,,
GCF_053078305.1;protein_5105,,,,,,,,,,,,
GCF_053078305.1;protein_5106,,,,,,,,,,,,
GCF_053078305.1;protein_5107,,,,,,,,,,,,
GCF_053078305.1;protein_5108,,,,,,,,,,,,
GCF_053078305.1;protein_5109,,,,,,,,,,,,
GCF_053078305.1;protein_5110,,,,,,,,,,,,
GCF_053078305.1;protein_5111,,,,,,,,,,,,
GCF_053078305.1;protein_5112,,,,,,,,,,,,
GCF_053078305.1;protein_5113,,,,,,,,,,,,
GCF_053078305.1;protein_5114,,,,,,,,,,,,
GCF_053078305.1;protein_5115,,,,,,,,,,,,
GCF_053078305.1;protein_5116,,,,,,,,,,,,
GCF_053078305.1;protein_5117,,,,,,,,,,,,
GCF_053078305.1;protein_5118,,,,,,,,,,,,
GCF_053078305.1;protein_5119,,,,,,,,,,,,
GCF_053078305.1;protein_5120,,,,,,,,,,,,
GCF_053078305.1;protein_5121,,,,,,,,,,,,
GCF_053078305.1;protein_5122,,,,,,,,,,,,
GCF_053078305.1;protein_5123,,,,,,,,,,,,
GCF_053078305.1;protein_5124,,,,,,,,,,,,
GCF_053078305.1;protein_5125,,,,,,,,,,,,
GCF_053078305.1;protein_5126,,,,,,,,,,,,
GCF_053078305.1;protein_5127,,,,,,,,,,,,
GCF_053078305.1;protein_5128,,,,,,,,,,,,
GCF_053078305.1;protein_5129,,,,,,,,,,,,
GCF_053078305.1;protein_5130,,,,,,,,,,,,
GCF_053078305.1;protein_5131,,,,,,,,,,,,
GCF_053078305.1;protein_5132,,,,,,,,,,,,
GCF_053078305.1;protein_5133,,,,,,,,,,,,
GCF_053078305.1;protein_5134,,,,,,,,,,,,
GCF_053078305.1;protein_5135,,,,,,,,,,,,
GCF_053078305.1;protein_5136,,,,,,,,,,,,
GCF_053078305.1;protein_5137,,,,,,,,,,,,
GCF_053078305.1;protein_5138,,,,,,,,,,,,
GCF_053078305.1;protein_5139,,,,,,,,,,,,
GCF_053078305.1;protein_5140,,,,,,,,,,,,
GCF_053078305.1;protein_5141,,,,,,,,,,,,
GCF_053078305.1;protein_5142,,,,,,,,,,,,
GCF_053078305.1;protein_5143,,,,,,,,,,,,
GCF_053078305.1;protein_5144,,,,,,,,,,,,
GCF_053078305.1;protein_5145,,,,,,,,,,,,
GCF_053078305.1;protein_5146,,,,,,,,,,,,
GCF_053078305.1;protein_5148,,,,,,,,,,,,
GCF_053078305.1;protein_5149,,,,,,,,,,,,
GCF_053078305.1;protein_5150,,,,,,,,,,,,
GCF_053078305.1;protein_5151,,,,,,,,,,,,
GCF_053078305.1;protein_5152,,,,,,,,,,,,
GCF_053078305.1;protein_5153,,,,,,,,,,,,
GCF_053078305.1;protein_5154,,,,,,,,,,,,
GCF_053078305.1;protein_5155,,,,,,,,,,,,
GCF_053078305.1;protein_5156,,,,,,,,,,,,
GCF_053078305.1;protein_5157,,,,,,,,,,,,
GCF_053078305.1;protein_5158,,,,,,,,,,,,
GCF_053078305.1;protein_5159,,,,,,,,,,,,
GCF_053078305.1;protein_5160,,,,,,,,,,,,
GCF_053078305.1;protein_5161,,,,,,,,,,,,
GCF_053078305.1;protein_5162,,,,,,,,,,,,
GCF_053078305.1;protein_5163,,,,,,,,,,,,
GCF_053078305.1;protein_5164,,,,,,,,,,,,
GCF_053078305.1;protein_5165,,,,,,,,,,,,
GCF_053078305.1;protein_5166,,,,,,,,,,,,
GCF_053078305.1;protein_5167,,,,,,,,,,,,
GCF_053078305.1;protein_5168,,,,,,,,,,,,
GCF_053078305.1;protein_5169,,,,,,,,,,,,
GCF_053078305.1;protein_5170,,,,,,,,,,,,
GCF_053078305.1;protein_5171,,,,,,,,,,,,
GCF_053078305.1;protein_5172,,,,,,,,,,,,
GCF_053078305.1;protein_5173,,,,,,,,,,,,
GCF_053078305.1;protein_5174,,,,,,,,,,,,
GCF_053078305.1;protein_5175,,,,,,,,,,,,
GCF_053078305.1;protein_5177,,,,,,,,,,,,
GCF_053078305.1;protein_5178,,,,,,,,,,,,
GCF_053078305.1;protein_5179,,,,,,,,,,,,
GCF_053078305.1;protein_5180,,,,,,,,,,,,
GCF_053078305.1;protein_5181,,,,,,,,,,,,
GCF_053078305.1;protein_5182,,,,,,,,,,,,
GCF_053078305.1;protein_5183,,,,,,,,,,,,
GCF_053078305.1;protein_5184,,,,,,,,,,,,
GCF_053078305.1;protein_5185,,,,,,,,,,,,
GCF_053078305.1;protein_5186,,,,,,,,,,,,
GCF_053078305.1;protein_5189,,,,,,,,,,,,
GCF_053078305.1;protein_5190,,,,,,,,,,,,
GCF_053078305.1;protein_5191,,,,,,,,,,,,
GCF_053078305.1;protein_5192,,,,,,,,,,,,
GCF_053078305.1;protein_5193,,,,,,,,,,,,
GCF_053078305.1;protein_5194,,,,,,,,,,,,
GCF_053078305.1;protein_5195,,,,,,,,,,,,
GCF_053078305.1;protein_5196,,,,,,,,,,,,
GCF_053078305.1;protein_5197,,,,,,,,,,,,
GCF_053078305.1;protein_5198,,,,,,,,,,,,
GCF_053078305.1;protein_5199,,,,,,,,,,,,
GCF_053078305.1;protein_5200,,,,,,,,,,,,
GCF_053078305.1;protein_5201,,,,,,,,,,,,
GCF_053078305.1;protein_5202,,,,,,,,,,,,
GCF_053078305.1;protein_5203,,,,,,,,,,,,
GCF_053078305.1;protein_5204,,,,,,,,,,,,
GCF_053078305.1;protein_5205,,,,,,,,,,,,
GCF_053078305.1;protein_5206,,,,,,,,,,,,
GCF_053078305.1;protein_5207,,,,,,,,,,,,
GCF_053078305.1;protein_5208,,,,,,,,,,,,
GCF_053078305.1;protein_5209,,,,,,,,,,,,
GCF_053078305.1;protein_5210,,,,,,,,,,,,
GCF_053078305.1;protein_5211,,,,,,,,,,,,
GCF_053078305.1;protein_5212,,,,,,,,,,,,
GCF_053078305.1;protein_5213,,,,,,,,,,,,
GCF_053078305.1;protein_5214,,,,,,,,,,,,
GCF_053078305.1;protein_5215,,,,,,,,,,,,
GCF_053078305.1;protein_5216,,,,,,,,,,,,
GCF_053078305.1;protein_5217,,,,,,,,,,,,
GCF_053078305.1;protein_5218,,,,,,,,,,,,
GCF_053078305.1;protein_5220,,,,,,,,,,,,
GCF_053078305.1;protein_5221,,,,,,,,,,,,
GCF_053078305.1;protein_5222,,,,,,,,,,,,
GCF_053078305.1;protein_5223,,,,,,,,,,,,
GCF_053078305.1;protein_5224,,,,,,,,,,,,
GCF_053078305.1;protein_5225,,,,,,,,,,,,
GCF_053078305.1;protein_5226,,,,,,,,,,,,
GCF_053078305.1;protein_5227,,,,,,,,,,,,
GCF_053078305.1;protein_5228,,,,,,,,,,,,
GCF_053078305.1;protein_5229,,,,,,,,,,,,
GCF_053078305.1;protein_5232,,,,,,,,,,,,
GCF_053078305.1;protein_5233,,,,,,,,,,,,
GCF_053078305.1;protein_5235,,,,,,,,,,,,
GCF_053078305.1;protein_5236,,,,,,,,,,,,
GCF_053078305.1;protein_5237,,,,,,,,,,,,
GCF_053078305.1;protein_5238,,,,,,,,,,,,
GCF_053078305.1;protein_5239,,,,,,,,,,,,
GCF_053078305.1;protein_5240,,,,,,,,,,,,
GCF_053078305.1;protein_5241,,,,,,,,,,,,
GCF_053078305.1;protein_5242,,,,,,,,,,,,
GCF_053078305.1;protein_5243,,,,,,,,,,,,
GCF_053078305.1;protein_5244,,,,,,,,,,,,
GCF_053078305.1;protein_5245,,,,,,,,,,,,
GCF_053078305.1;protein_5246,,,,,,,,,,,,
GCF_053078305.1;protein_5247,,,,,,,,,,,,
GCF_053078305.1;protein_5248,,,,,,,,,,,,
GCF_053078305.1;protein_5249,,,,,,,,,,,,
GCF_053078305.1;protein_5250,,,,,,,,,,,,
GCF_053078305.1;protein_5251,,,,,,,,,,,,
GCF_053078305.1;protein_5252,,,,,,,,,,,,
GCF_053078305.1;protein_5253,,,,,,,,,,,,
GCF_053078305.1;protein_5254,,,,,,,,,,,,
GCF_053078305.1;protein_5255,,,,,,,,,,,,
GCF_053078305.1;protein_5256,,,,,,,,,,,,
GCF_053078305.1;protein_5257,,,,,,,,,,,,
GCF_053078305.1;protein_5258,,,,,,,,,,,,
GCF_053078305.1;protein_5259,,,,,,,,,,,,
GCF_053078305.1;protein_5265,,,,,,,,,,,,
GCF_053078305.1;protein_5266,,,,,,,,,,,,
GCF_053078305.1;protein_5267,,,,,,,,,,,,
GCF_053078305.1;protein_5268,,,,,,,,,,,,
GCF_053078305.1;protein_5269,,,,,,,,,,,,
GCF_053078305.1;protein_5270,,,,,,,,,,,,
GCF_053078305.1;protein_5271,,,,,,,,,,,,
GCF_053078305.1;protein_5272,,,,,,,,,,,,
GCF_053078305.1;protein_5273,,,,,,,,,,,,
GCF_053078305.1;protein_5274,,,,,,,,,,,,
GCF_053078305.1;protein_5275,,,,,,,,,,,,
GCF_053078305.1;protein_5276,,,,,,,,,,,,
GCF_053078305.1;protein_5280,,,,,,,,,,,,
GCF_053078305.1;protein_5281,,,,,,,,,,,,
GCF_053078305.1;protein_5282,,,,,,,,,,,,
GCF_053078305.1;protein_5284,,,,,,,,,,,,
GCF_053078305.1;protein_5289,,,,,,,,,,,,
GCF_053078305.1;protein_5291,,,,,,,,,,,,
GCF_053078305.1;protein_5293,,,,,,,,,,,,
GCF_053078305.1;protein_5294,,,,,,,,,,,,
GCF_053078305.1;protein_5295,,,,,,,,,,,,
GCF_053078305.1;protein_5298,,,,,,,,,,,,
GCF_053078305.1;protein_5301,,,,,,,,,,,,
GCF_053078305.1;protein_5302,,,,,,,,,,,,
GCF_053078305.1;protein_5304,,,,,,,,,,,,
GCF_053078305.1;protein_5305,,,,,,,,,,,,
GCF_053078305.1;protein_5311,,,,,,,,,,,,
GCF_053078305.1;protein_5351,,,,,,,,,,,,
GCF_053078305.1;protein_5352,,,,,,,,,,,,
GCF_053078305.1;protein_5353,,,,,,,,,,,,
GCF_053078305.1;protein_5354,,,,,,,,,,,,
GCF_053078305.1;protein_5355,,,,,,,,,,,,
GCF_053078305.1;protein_5356,,,,,,,,,,,,
GCF_053078305.1;protein_5357,,,,,,,,,,,,
GCF_053078305.1;protein_5358,,,,,,,,,,,,
GCF_053078305.1;protein_5389,,,,,,,,,,,,
GCF_053078305.1;protein_5396,,,,,,,,,,,,
GCF_053078305.1;protein_5444,,,,,,,,,,,,
GCF_053078305.1;protein_5468,,,,,,,,,,,,
GCF_053078305.1;protein_5477,,,,,,,,,,,,
GCF_053078305.1;protein_5478,,,,,,,,,,,,
GCF_053078305.1;protein_5513,,,,,,,,,,,,
GCF_053078305.1;protein_5514,,,,,,,,,,,,
GCF_053078305.1;protein_5542,,,,,,,,,,,,
GCF_053078305.1;protein_5555,,,,,,,,,,,,
GCF_053078305.1;protein_5556,,,,,,,,,,,,
GCF_053078305.1;protein_5561,,,,,,,,,,,,
GCF_053078305.1;protein_5562,,,,,,,,,,,,
GCF_053078305.1;protein_5563,,,,,,,,,,,,
GCF_053078305.1;protein_5564,,,,,,,,,,,,
GCF_053078305.1;protein_5565,,,,,,,,,,,,
GCF_053078305.1;protein_5566,,,,,,,,,,,,
GCF_053078305.1;protein_5567,,,,,,,,,,,,
GCF_053078305.1;protein_5568,,,,,,,,,,,,
GCF_053078305.1;protein_5628,,,,,,,,,,,,
GCF_053078305.1;protein_5706,,,,,,,,,,,,
GCF_053078305.1;protein_5707,,,,,,,,,,,,
GCF_053078305.1;protein_5708,,,,,,,,,,,,
GCF_053078305.1;protein_5709,,,,,,,,,,,,
GCF_053078305.1;protein_5710,,,,,,,,,,,,
GCF_053078305.1;protein_5716,,,,,,,,,,,,
GCF_053078305.1;protein_5717,,,,,,,,,,,,
GCF_053078305.1;protein_5718,,,,,,,,,,,,
GCF_053078305.1;protein_5728,,,,,,,,,,,,
GCF_053078305.1;protein_5736,,,,,,,,,,,,
GCF_053078305.1;protein_5737,,,,,,,,,,,,
GCF_053078305.1;protein_5738,,,,,,,,,,,,
GCF_053078305.1;protein_5739,,,,,,,,,,,,
GCF_053078305.1;protein_5744,,,,,,,,,,,,
GCF_053078305.1;protein_5745,,,,,,,,,,,,
GCF_053078305.1;protein_5746,,,,,,,,,,,,
GCF_053078305.1;protein_5748,,,,,,,,,,,,
GCF_053078305.1;protein_5749,,,,,,,,,,,,
GCF_053078305.1;protein_5750,,,,,,,,,,,,
GCF_053078305.1;protein_5751,,,,,,,,,,,,
GCF_053078305.1;protein_5752,,,,,,,,,,,,
GCF_053078305.1;protein_5753,,,,,,,,,,,,
GCF_053078305.1;protein_5754,,,,,,,,,,,,
GCF_053078305.1;protein_5755,,,,,,,,,,,,
GCF_053078305.1;protein_5756,,,,,,,,,,,,
GCF_053078305.1;protein_5757,,,,,,,,,,,,
GCF_053078305.1;protein_5758,,,,,,,,,,,,
GCF_053078305.1;protein_5759,,,,,,,,,,,,
GCF_053078305.1;protein_5760,,,,,,,,,,,,
GCF_053078305.1;protein_5761,,,,,,,,,,,,
GCF_053078305.1;protein_5762,,,,,,,,,,,,
GCF_053078305.1;protein_5763,,,,,,,,,,,,
GCF_053078305.1;protein_5764,,,,,,,,,,,,
GCF_053078305.1;protein_5765,,,,,,,,,,,,
GCF_053078305.1;protein_5766,,,,,,,,,,,,
GCF_053078305.1;protein_5767,,,,,,,,,,,,
GCF_053078305.1;protein_5768,,,,,,,,,,,,
GCF_053078305.1;protein_5769,,,,,,,,,,,,
GCF_053078305.1;protein_5770,,,,,,,,,,,,
GCF_053078305.1;protein_5771,,,,,,,,,,,,
GCF_053078305.1;protein_5772,,,,,,,,,,,,
GCF_053078305.1;protein_5773,,,,,,,,,,,,
GCF_053078305.1;protein_5774,,,,,,,,,,,,
GCF_053078305.1;protein_5780,,,,,,,,,,,,
GCF_053078305.1;protein_5783,,,,,,,,,,,,
GCF_053078305.1;protein_5784,,,,,,,,,,,,
GCF_053078305.1;protein_5785,,,,,,,,,,,,
GCF_053078305.1;protein_5786,,,,,,,,,,,,
GCF_053078305.1;protein_5787,,,,,,,,,,,,
GCF_053078305.1;protein_5788,,,,,,,,,,,,
GCF_053078305.1;protein_5789,,,,,,,,,,,,
GCF_053078305.1;protein_5790,,,,,,,,,,,,
GCF_053078305.1;protein_5791,,,,,,,,,,,,
GCF_053078305.1;protein_5792,,,,,,,,,,,,
GCF_053078305.1;protein_5793,,,,,,,,,,,,
GCF_053078305.1;protein_5794,,,,,,,,,,,,
GCF_053078305.1;protein_5795,,,,,,,,,,,,
GCF_053078305.1;protein_5796,,,,,,,,,,,,
GCF_053078305.1;protein_5797,,,,,,,,,,,,
GCF_053078305.1;protein_5798,,,,,,,,,,,,
GCF_053078305.1;protein_5799,,,,,,,,,,,,
GCF_053078305.1;protein_5800,,,,,,,,,,,,
GCF_053078305.1;protein_5801,,,,,,,,,,,,
GCF_053078305.1;protein_5802,,,,,,,,,,,,
GCF_053078305.1;protein_5803,,,,,,,,,,,,
GCF_053078305.1;protein_5804,,,,,,,,,,,,
GCF_053078305.1;protein_5805,,,,,,,,,,,,
GCF_053078305.1;protein_5806,,,,,,,,,,,,
GCF_053078305.1;protein_5807,,,,,,,,,,,,
GCF_053078305.1;protein_5808,,,,,,,,,,,,
GCF_053078305.1;protein_5809,,,,,,,,,,,,
GCF_053078305.1;protein_5810,,,,,,,,,,,,
GCF_053078305.1;protein_5811,,,,,,,,,,,,
GCF_053078305.1;protein_5812,,,,,,,,,,,,
GCF_053078305.1;protein_5813,,,,,,,,,,,,
GCF_053078305.1;protein_5814,,,,,,,,,,,,
GCF_053078305.1;protein_5815,,,,,,,,,,,,
GCF_053078305.1;protein_5816,,,,,,,,,,,,
GCF_053078305.1;protein_5817,,,,,,,,,,,,
GCF_053078305.1;protein_5818,,,,,,,,,,,,
GCF_053078305.1;protein_5819,,,,,,,,,,,,
GCF_053078305.1;protein_5820,,,,,,,,,,,,
GCF_053078305.1;protein_5821,,,,,,,,,,,,
GCF_053078305.1;protein_5822,,,,,,,,,,,,
GCF_053078305.1;protein_5823,,,,,,,,,,,,
GCF_053078305.1;protein_5824,,,,,,,,,,,,
GCF_053078305.1;protein_5825,,,,,,,,,,,,
GCF_053078305.1;protein_5826,,,,,,,,,,,,
GCF_053078305.1;protein_5827,,,,,,,,,,,,
GCF_053078305.1;protein_5828,,,,,,,,,,,,
GCF_053078305.1;protein_5829,,,,,,,,,,,,
GCF_053078305.1;protein_5830,,,,,,,,,,,,
GCF_053078305.1;protein_5831,,,,,,,,,,,,
GCF_053078305.1;protein_5832,,,,,,,,,,,,
GCF_053078305.1;protein_5833,,,,,,,,,,,,
GCF_053078305.1;protein_5834,,,,,,,,,,,,
GCF_053078305.1;protein_5835,,,,,,,,,,,,
GCF_053078305.1;protein_5836,,,,,,,,,,,,
GCF_053078305.1;protein_5837,,,,,,,,,,,,
GCF_053078305.1;protein_5838,,,,,,,,,,,,
GCF_053078305.1;protein_5839,,,,,,,,,,,,
GCF_053078305.1;protein_5840,,,,,,,,,,,,
GCF_053078305.1;protein_5845,,,,,,,,,,,,
GCF_053078305.1;protein_5849,,,,,,,,,,,,
GCF_053078305.1;protein_5852,,,,,,,,,,,,
GCF_053078305.1;protein_5859,,,,,,,,,,,,
GCF_053078305.1;protein_5862,,,,,,,,,,,,
GCF_053078305.1;protein_5863,,,,,,,,,,,,
GCF_053078305.1;protein_5864,,,,,,,,,,,,
GCF_053078305.1;protein_5865,,,,,,,,,,,,
GCF_053078305.1;protein_5866,,,,,,,,,,,,
GCF_053078305.1;protein_5867,,,,,,,,,,,,
GCF_053078305.1;protein_5868,,,,,,,,,,,,
GCF_053078305.1;protein_5869,,,,,,,,,,,,
GCF_053078305.1;protein_5870,,,,,,,,,,,,
GCF_053078305.1;protein_5871,,,,,,,,,,,,
GCF_053078305.1;protein_5872,,,,,,,,,,,,
GCF_053078305.1;protein_5873,,,,,,,,,,,,
GCF_053078305.1;protein_5875,,,,,,,,,,,,
GCF_053078305.1;protein_5881,,,,,,,,,,,,
GCF_053078305.1;protein_5882,,,,,,,,,,,,
GCF_053078305.1;protein_5886,,,,,,,,,,,,
GCF_053078305.1;protein_5888,,,,,,,,,,,,
GCF_053078305.1;protein_5889,,,,,,,,,,,,
GCF_053078305.1;protein_5890,,,,,,,,,,,,
GCF_053078305.1;protein_5893,,,,,,,,,,,,
GCF_053078305.1;protein_5894,,,,,,,,,,,,
GCF_053078305.1;protein_5895,,,,,,,,,,,,
GCF_053078305.1;protein_5896,,,,,,,,,,,,
GCF_053078305.1;protein_5897,,,,,,,,,,,,
GCF_053078305.1;protein_5898,,,,,,,,,,,,
GCF_053078305.1;protein_5899,,,,,,,,,,,,
GCF_053078305.1;protein_5900,,,,,,,,,,,,
GCF_053078305.1;protein_5901,,,,,,,,,,,,
GCF_053078305.1;protein_5902,,,,,,,,,,,,
GCF_053078305.1;protein_5903,,,,,,,,,,,,
GCF_053078305.1;protein_5904,,,,,,,,,,,,
GCF_053078305.1;protein_5905,,,,,,,,,,,,
GCF_053078305.1;protein_5906,,,,,,,,,,,,
GCF_053078305.1;protein_5907,,,,,,,,,,,,
GCF_053078305.1;protein_5908,,,,,,,,,,,,
GCF_053078305.1;protein_5909,,,,,,,,,,,,
GCF_053078305.1;protein_5911,,,,,,,,,,,,
GCF_053078305.1;protein_5912,,,,,,,,,,,,
GCF_053078305.1;protein_5913,,,,,,,,,,,,
GCF_053078305.1;protein_5914,,,,,,,,,,,,
GCF_053078305.1;protein_5915,,,,,,,,,,,,
GCF_053078305.1;protein_5916,,,,,,,,,,,,
GCF_053078305.1;protein_5917,,,,,,,,,,,,
GCF_053078305.1;protein_5918,,,,,,,,,,,,
GCF_053078305.1;protein_5919,,,,,,,,,,,,
GCF_053078305.1;protein_5920,,,,,,,,,,,,
GCF_053078305.1;protein_5921,,,,,,,,,,,,
GCF_053078305.1;protein_5922,,,,,,,,,,,,
GCF_053078305.1;protein_5923,,,,,,,,,,,,
GCF_053078305.1;protein_5924,,,,,,,,,,,,
GCF_053078305.1;protein_5925,,,,,,,,,,,,
GCF_053078305.1;protein_5926,,,,,,,,,,,,
GCF_053078305.1;protein_5927,,,,,,,,,,,,
GCF_053078305.1;protein_5931,,,,,,,,,,,,
GCF_053078305.1;protein_5932,,,,,,,,,,,,
GCF_053078305.1;protein_5933,,,,,,,,,,,,
GCF_053078305.1;protein_5934,,,,,,,,,,,,
GCF_053078305.1;protein_5935,,,,,,,,,,,,
GCF_053078305.1;protein_5946,,,,,,,,,,,,
GCF_053078305.1;protein_5950,,,,,,,,,,,,
GCF_053078305.1;protein_5951,,,,,,,,,,,,
GCF_053078305.1;protein_5952,,,,,,,,,,,,
GCF_053078305.1;protein_5953,,,,,,,,,,,,
GCF_053078305.1;protein_5959,,,,,,,,,,,,
GCF_053078305.1;protein_5960,,,,,,,,,,,,
GCF_053078305.1;protein_5961,,,,,,,,,,,,
GCF_053078305.1;protein_5962,,,,,,,,,,,,
GCF_053078305.1;protein_5963,,,,,,,,,,,,
GCF_053078305.1;protein_5964,,,,,,,,,,,,
GCF_053078305.1;protein_5965,,,,,,,,,,,,
GCF_053078305.1;protein_5971,,,,,,,,,,,,
GCF_053078305.1;protein_5972,,,,,,,,,,,,
GCF_053078305.1;protein_5979,,,,,,,,,,,,
GCF_053078305.1;protein_5990,,,,,,,,,,,,
GCF_053078305.1;protein_5991,,,,,,,,,,,,
GCF_053078305.1;protein_5992,,,,,,,,,,,,
GCF_053078305.1;protein_5993,,,,,,,,,,,,
GCF_053078305.1;protein_5995,,,,,,,,,,,,
GCF_053078305.1;protein_5999,,,,,,,,,,,,
GCF_053078305.1;protein_6006,,,,,,,,,,,,
GCF_053078305.1;protein_6008,,,,,,,,,,,,
GCF_053078305.1;protein_6012,,,,,,,,,,,,
GCF_053078305.1;protein_6013,,,,,,,,,,,,
GCF_053078305.1;protein_6015,,,,,,,,,,,,
GCF_053078305.1;protein_6017,,,,,,,,,,,,
GCF_053078305.1;protein_6018,,,,,,,,,,,,
GCF_053078305.1;protein_6019,,,,,,,,,,,,
GCF_053078305.1;protein_6022,,,,,,,,,,,,
GCF_053078305.1;protein_6023,,,,,,,,,,,,
GCF_053078305.1;protein_6024,,,,,,,,,,,,
GCF_053078305.1;protein_6025,,,,,,,,,,,,
GCF_053078305.1;protein_6026,,,,,,,,,,,,
GCF_053078305.1;protein_6027,,,,,,,,,,,,
GCF_053078305.1;protein_6028,,,,,,,,,,,,
GCF_053078305.1;protein_6029,,,,,,,,,,,,
GCF_053078305.1;protein_6030,,,,,,,,,,,,
GCF_053078305.1;protein_6031,,,,,,,,,,,,
GCF_053078305.1;protein_6032,,,,,,,,,,,,
GCF_053078305.1;protein_6033,,,,,,,,,,,,
GCF_053078305.1;protein_6034,,,,,,,,,,,,
GCF_053078305.1;protein_6035,,,,,,,,,,,,
GCF_053078305.1;protein_6036,,,,,,,,,,,,
GCF_053078305.1;protein_6037,,,,,,,,,,,,
GCF_053078305.1;protein_6039,,,,,,,,,,,,
GCF_053078305.1;protein_6045,,,,,,,,,,,,
GCF_053078305.1;protein_6046,,,,,,,,,,,,
GCF_053078305.1;protein_6056,,,,,,,,,,,,
GCF_053078305.1;protein_6057,,,,,,,,,,,,
GCF_053078305.1;protein_6058,,,,,,,,,,,,
GCF_053078305.1;protein_6059,,,,,,,,,,,,
GCF_053078305.1;protein_6060,,,,,,,,,,,,
GCF_053078305.1;protein_6061,,,,,,,,,,,,
GCF_053078305.1;protein_6062,,,,,,,,,,,,
GCF_053078305.1;protein_6064,,,,,,,,,,,,
GCF_053078305.1;protein_6065,,,,,,,,,,,,
GCF_053078305.1;protein_6066,,,,,,,,,,,,
GCF_053078305.1;protein_6067,,,,,,,,,,,,
GCF_053078305.1;protein_6068,,,,,,,,,,,,
GCF_053078305.1;protein_6069,,,,,,,,,,,,
GCF_053078305.1;protein_6070,,,,,,,,,,,,
GCF_053078305.1;protein_6071,,,,,,,,,,,,
GCF_053078305.1;protein_6072,,,,,,,,,,,,
GCF_053078305.1;protein_6073,,,,,,,,,,,,
GCF_053078305.1;protein_6074,,,,,,,,,,,,
GCF_053078305.1;protein_6075,,,,,,,,,,,,
GCF_053078305.1;protein_6076,,,,,,,,,,,,
GCF_053078305.1;protein_6078,,,,,,,,,,,,
GCF_053078305.1;protein_6079,,,,,,,,,,,,
GCF_053078305.1;protein_6080,,,,,,,,,,,,
GCF_053078305.1;protein_6081,,,,,,,,,,,,
GCF_053078305.1;protein_6082,,,,,,,,,,,,
GCF_053078305.1;protein_6083,,,,,,,,,,,,
GCF_053078305.1;protein_6084,,,,,,,,,,,,
GCF_053078305.1;protein_6085,,,,,,,,,,,,
GCF_053078305.1;protein_6088,,,,,,,,,,,,
GCF_053078305.1;protein_6089,,,,,,,,,,,,
GCF_053078305.1;protein_6090,,,,,,,,,,,,
GCF_053078305.1;protein_6091,,,,,,,,,,,,
GCF_053078305.1;protein_6092,,,,,,,,,,,,
GCF_053078305.1;protein_6093,,,,,,,,,,,,
GCF_053078305.1;protein_6094,,,,,,,,,,,,
GCF_053078305.1;protein_6095,,,,,,,,,,,,
GCF_053078305.1;protein_6096,,,,,,,,,,,,
GCF_053078305.1;protein_6097,,,,,,,,,,,,
GCF_053078305.1;protein_6098,,,,,,,,,,,,
GCF_053078305.1;protein_6099,,,,,,,,,,,,
GCF_053078305.1;protein_6100,,,,,,,,,,,,
GCF_053078305.1;protein_6101,,,,,,,,,,,,
GCF_053078305.1;protein_6102,,,,,,,,,,,,
GCF_053078305.1;protein_6103,,,,,,,,,,,,
GCF_053078305.1;protein_6104,,,,,,,,,,,,
GCF_053078305.1;protein_6105,,,,,,,,,,,,
GCF_053078305.1;protein_6106,,,,,,,,,,,,
GCF_053078305.1;protein_6107,,,,,,,,,,,,
GCF_053078305.1;protein_6108,,,,,,,,,,,,
GCF_053078305.1;protein_6109,,,,,,,,,,,,
GCF_053078305.1;protein_6110,,,,,,,,,,,,
GCF_053078305.1;protein_6111,,,,,,,,,,,,
GCF_053078305.1;protein_6112,,,,,,,,,,,,
GCF_053078305.1;protein_6113,,,,,,,,,,,,
GCF_053078305.1;protein_6114,,,,,,,,,,,,
GCF_053078305.1;protein_6115,,,,,,,,,,,,
GCF_053078305.1;protein_6116,,,,,,,,,,,,
GCF_053078305.1;protein_6117,,,,,,,,,,,,
GCF_053078305.1;protein_6118,,,,,,,,,,,,
GCF_053078305.1;protein_6119,,,,,,,,,,,,
GCF_053078305.1;protein_6120,,,,,,,,,,,,
GCF_053078305.1;protein_6121,,,,,,,,,,,,
GCF_053078305.1;protein_6122,,,,,,,,,,,,
GCF_053078305.1;protein_6123,,,,,,,,,,,,
GCF_053078305.1;protein_6124,,,,,,,,,,,,
GCF_053078305.1;protein_6125,,,,,,,,,,,,
GCF_053078305.1;protein_6126,,,,,,,,,,,,
GCF_053078305.1;protein_6127,,,,,,,,,,,,
GCF_053078305.1;protein_6128,,,,,,,,,,,,
GCF_053078305.1;protein_6129,,,,,,,,,,,,
