GCF_000027345.1;protein_0,GCF_900660465.1;protein_731,GCF_041931765.1;protein_77,GCF_002090215.1;protein_0,GCF_001558175.1;protein_0,GCF_002128145.1;protein_0,GCF_001272755.1;protein_0,,GCF_009945865.1;protein_0,GCF_002128285.1;protein_0,GCF_000319655.2;protein_0,GCF_002090295.1;protein_0,GCF_910574535.1;protein_0,GCF_040256845.1;protein_0,GCF_000319675.2;protein_0,GCF_041931565.1;protein_196,GCF_009942155.1;protein_0,GCF_009943805.1;protein_0,GCF_900660465.1;protein_736,GCF_002127985.1;protein_0,GCF_009947205.1;protein_0,GCF_900660465.1;protein_727,GCF_000283755.1;protein_0,GCF_009939765.1;protein_0,GCF_002355715.1;protein_0,GCF_000733995.1;protein_76,GCF_009944335.1;protein_0,GCF_002128265.1;protein_0,GCF_009944725.1;protein_0,GCF_001272775.1;protein_0,GCF_041931755.1;protein_77,GCF_009947575.1;protein_0,GCF_002128045.1;protein_0,,,,
GCF_910574535.1;protein_1,GCF_002128045.1;protein_1,GCF_000319675.2;protein_1,GCF_000027345.1;protein_1,GCF_000283755.1;protein_1,GCF_002127985.1;protein_1,GCF_009947205.1;protein_1,GCF_041931765.1;protein_78,GCF_040256845.1;protein_1,GCF_002128265.1;protein_1,GCF_041931565.1;protein_197,GCF_009944725.1;protein_1,GCF_002128145.1;protein_1,GCF_001558175.1;protein_1,GCF_009942155.1;protein_1,GCF_041931755.1;protein_78,GCF_001272775.1;protein_1,GCF_009939765.1;protein_1,GCF_002355715.1;protein_1,GCF_900660465.1;protein_726,GCF_002128285.1;protein_1,GCF_009944335.1;protein_1,GCF_001272755.1;protein_1,GCF_000733995.1;protein_77,GCF_002090215.1;protein_1,GCF_000319655.2;protein_1,GCF_009947575.1;protein_1,GCF_009945865.1;protein_1,GCF_009943805.1;protein_1,GCF_002090295.1;protein_1,,,,,,,
GCF_910574535.1;protein_10,GCF_002128045.1;protein_10,GCF_000319675.2;protein_10,GCF_000027345.1;protein_10,GCF_000283755.1;protein_10,GCF_002127985.1;protein_10,GCF_009947205.1;protein_10,GCF_041931765.1;protein_87,GCF_040256845.1;protein_10,GCF_002128265.1;protein_10,GCF_041931565.1;protein_206,GCF_009944725.1;protein_10,GCF_002128145.1;protein_10,GCF_001558175.1;protein_10,GCF_009942155.1;protein_10,GCF_041931755.1;protein_87,GCF_001272775.1;protein_10,GCF_009939765.1;protein_10,GCF_002355715.1;protein_10,GCF_900660465.1;protein_717,GCF_002128285.1;protein_10,GCF_009944335.1;protein_10,GCF_001272755.1;protein_10,GCF_000733995.1;protein_86,GCF_002090215.1;protein_10,GCF_000319655.2;protein_10,GCF_009947575.1;protein_10,GCF_009945865.1;protein_10,GCF_009943805.1;protein_10,GCF_002090295.1;protein_10,,,,,,,
GCF_910574535.1;protein_101,GCF_002128045.1;protein_100,GCF_000319675.2;protein_100,GCF_000027345.1;protein_101,GCF_000283755.1;protein_100,GCF_002127985.1;protein_101,GCF_009947205.1;protein_101,GCF_041931765.1;protein_178,GCF_040256845.1;protein_100,GCF_002128265.1;protein_100,GCF_041931565.1;protein_297,GCF_009944725.1;protein_101,GCF_002128145.1;protein_101,GCF_001558175.1;protein_100,GCF_009942155.1;protein_100,GCF_041931755.1;protein_177,GCF_001272775.1;protein_101,GCF_009939765.1;protein_101,GCF_002355715.1;protein_100,GCF_900660465.1;protein_626,GCF_002128285.1;protein_101,GCF_009944335.1;protein_101,GCF_001272755.1;protein_101,GCF_000733995.1;protein_177,GCF_002090215.1;protein_100,GCF_000319655.2;protein_101,GCF_009947575.1;protein_101,GCF_009945865.1;protein_102,GCF_009943805.1;protein_101,GCF_002090295.1;protein_101,,,,,,,
GCF_910574535.1;protein_102,GCF_002128045.1;protein_101,GCF_000319675.2;protein_101,,,GCF_002127985.1;protein_102,GCF_009947205.1;protein_102,GCF_041931765.1;protein_179,GCF_040256845.1;protein_101,GCF_002128265.1;protein_101,GCF_041931565.1;protein_298,GCF_009944725.1;protein_102,GCF_002128145.1;protein_102,GCF_001558175.1;protein_101,GCF_009942155.1;protein_101,GCF_041931755.1;protein_178,GCF_001272775.1;protein_102,GCF_009939765.1;protein_102,GCF_002355715.1;protein_101,GCF_900660465.1;protein_625,GCF_002128285.1;protein_102,GCF_009944335.1;protein_102,GCF_001272755.1;protein_102,GCF_000733995.1;protein_178,GCF_002090215.1;protein_101,GCF_000319655.2;protein_102,GCF_009947575.1;protein_102,GCF_009945865.1;protein_103,GCF_009943805.1;protein_102,GCF_002090295.1;protein_102,,,,,,,
GCF_910574535.1;protein_103,GCF_002128045.1;protein_102,GCF_000319675.2;protein_102,GCF_000027345.1;protein_104,GCF_000283755.1;protein_103,GCF_002127985.1;protein_103,GCF_009947205.1;protein_103,GCF_041931765.1;protein_180,GCF_040256845.1;protein_102,GCF_002128265.1;protein_102,GCF_041931565.1;protein_299,GCF_009944725.1;protein_103,GCF_002128145.1;protein_103,GCF_001558175.1;protein_102,GCF_009942155.1;protein_102,GCF_041931755.1;protein_179,GCF_001272775.1;protein_103,GCF_009939765.1;protein_103,GCF_002355715.1;protein_102,GCF_900660465.1;protein_624,GCF_002128285.1;protein_103,GCF_009944335.1;protein_103,GCF_001272755.1;protein_103,GCF_000733995.1;protein_179,GCF_002090215.1;protein_102,GCF_000319655.2;protein_103,GCF_009947575.1;protein_103,GCF_009945865.1;protein_104,GCF_009943805.1;protein_103,GCF_002090295.1;protein_103,,,,,,,
GCF_000319655.2;protein_108,GCF_001272755.1;protein_108,GCF_041931765.1;protein_185,GCF_041931565.1;protein_304,GCF_009944725.1;protein_108,,GCF_002128145.1;protein_108,GCF_009947205.1;protein_108,GCF_009939765.1;protein_108,GCF_001558175.1;protein_107,GCF_009945865.1;protein_109,GCF_002127985.1;protein_108,GCF_002128045.1;protein_107,GCF_000027345.1;protein_109,GCF_910574535.1;protein_108,GCF_041931755.1;protein_184,GCF_009944335.1;protein_108,GCF_009943805.1;protein_108,GCF_000319675.2;protein_107,GCF_001272775.1;protein_108,GCF_002128265.1;protein_107,GCF_009942155.1;protein_107,GCF_002090295.1;protein_108,GCF_040256845.1;protein_107,GCF_000733995.1;protein_184,GCF_002355715.1;protein_107,GCF_002128285.1;protein_108,GCF_009947575.1;protein_108,GCF_002090215.1;protein_107,GCF_000283755.1;protein_108,,,,,,,
GCF_910574535.1;protein_109,GCF_002128045.1;protein_521,GCF_000319675.2;protein_522,GCF_000027345.1;protein_110,,GCF_002127985.1;protein_523,GCF_009947205.1;protein_109,GCF_041931765.1;protein_602,GCF_040256845.1;protein_524,,GCF_041931565.1;protein_1,GCF_009944725.1;protein_388,GCF_002128145.1;protein_522,GCF_001558175.1;protein_525,,GCF_041931755.1;protein_602,GCF_001272775.1;protein_525,GCF_009939765.1;protein_524,,,,GCF_009944335.1;protein_522,GCF_001272755.1;protein_523,GCF_000733995.1;protein_600,GCF_002090215.1;protein_108,,GCF_009947575.1;protein_523,,GCF_009943805.1;protein_523,GCF_002090295.1;protein_109,,,,,,,
GCF_910574535.1;protein_11,GCF_002128045.1;protein_11,GCF_000319675.2;protein_11,GCF_000027345.1;protein_11,GCF_000283755.1;protein_11,GCF_002127985.1;protein_11,GCF_009947205.1;protein_11,GCF_041931765.1;protein_88,GCF_040256845.1;protein_11,GCF_002128265.1;protein_11,GCF_041931565.1;protein_207,GCF_009944725.1;protein_11,GCF_002128145.1;protein_11,GCF_001558175.1;protein_11,GCF_009942155.1;protein_11,GCF_041931755.1;protein_88,GCF_001272775.1;protein_11,GCF_009939765.1;protein_11,GCF_002355715.1;protein_11,GCF_900660465.1;protein_716,GCF_002128285.1;protein_11,GCF_009944335.1;protein_11,GCF_001272755.1;protein_11,GCF_000733995.1;protein_87,GCF_002090215.1;protein_11,GCF_000319655.2;protein_11,GCF_009947575.1;protein_11,GCF_009945865.1;protein_11,GCF_009943805.1;protein_11,GCF_002090295.1;protein_11,,,,,,,
GCF_910574535.1;protein_110,,,GCF_000027345.1;protein_111,,,GCF_009947205.1;protein_110,GCF_041931765.1;protein_187,,,GCF_041931565.1;protein_306,,,,,GCF_041931755.1;protein_186,,,,,,,,,GCF_002090215.1;protein_109,,,,,GCF_002090295.1;protein_110,,,,,,,
GCF_910574535.1;protein_111,GCF_002128045.1;protein_111,GCF_000319675.2;protein_111,GCF_000027345.1;protein_112,GCF_000283755.1;protein_112,GCF_002127985.1;protein_112,GCF_009947205.1;protein_111,GCF_041931765.1;protein_188,GCF_040256845.1;protein_111,GCF_002128265.1;protein_111,GCF_041931565.1;protein_307,GCF_009944725.1;protein_112,GCF_002128145.1;protein_112,GCF_001558175.1;protein_111,GCF_009942155.1;protein_111,GCF_041931755.1;protein_187,GCF_001272775.1;protein_112,GCF_009939765.1;protein_112,GCF_002355715.1;protein_111,GCF_900660465.1;protein_615,GCF_002128285.1;protein_112,GCF_009944335.1;protein_112,GCF_001272755.1;protein_112,GCF_000733995.1;protein_188,GCF_002090215.1;protein_110,GCF_000319655.2;protein_112,GCF_009947575.1;protein_112,GCF_009945865.1;protein_113,GCF_009943805.1;protein_112,GCF_002090295.1;protein_111,,,,,,,
GCF_910574535.1;protein_112,GCF_002128045.1;protein_112,GCF_000319675.2;protein_112,GCF_000027345.1;protein_113,GCF_000283755.1;protein_113,GCF_002127985.1;protein_113,GCF_009947205.1;protein_112,GCF_041931765.1;protein_189,GCF_040256845.1;protein_112,GCF_002128265.1;protein_112,GCF_041931565.1;protein_308,GCF_009944725.1;protein_113,GCF_002128145.1;protein_113,GCF_001558175.1;protein_112,GCF_009942155.1;protein_112,GCF_041931755.1;protein_188,GCF_001272775.1;protein_113,GCF_009939765.1;protein_113,GCF_002355715.1;protein_112,GCF_900660465.1;protein_614,GCF_002128285.1;protein_113,GCF_009944335.1;protein_113,GCF_001272755.1;protein_113,GCF_000733995.1;protein_189,GCF_002090215.1;protein_111,GCF_000319655.2;protein_113,GCF_009947575.1;protein_113,GCF_009945865.1;protein_114,GCF_009943805.1;protein_113,GCF_002090295.1;protein_112,,,,,,,
GCF_910574535.1;protein_113,GCF_002128045.1;protein_113,GCF_000319675.2;protein_113,GCF_000027345.1;protein_114,GCF_000283755.1;protein_114,GCF_002127985.1;protein_114,GCF_009947205.1;protein_113,GCF_041931765.1;protein_190,GCF_040256845.1;protein_113,GCF_002128265.1;protein_113,GCF_041931565.1;protein_309,GCF_009944725.1;protein_114,GCF_002128145.1;protein_114,GCF_001558175.1;protein_113,GCF_009942155.1;protein_113,GCF_041931755.1;protein_189,GCF_001272775.1;protein_114,GCF_009939765.1;protein_114,GCF_002355715.1;protein_113,GCF_900660465.1;protein_613,GCF_002128285.1;protein_114,GCF_009944335.1;protein_114,GCF_001272755.1;protein_114,GCF_000733995.1;protein_190,GCF_002090215.1;protein_112,GCF_000319655.2;protein_114,GCF_009947575.1;protein_114,GCF_009945865.1;protein_115,GCF_009943805.1;protein_114,GCF_002090295.1;protein_113,,,,,,,
GCF_910574535.1;protein_114,GCF_002128045.1;protein_114,GCF_000319675.2;protein_114,GCF_000027345.1;protein_115,GCF_000283755.1;protein_115,GCF_002127985.1;protein_115,GCF_009947205.1;protein_114,GCF_041931765.1;protein_191,GCF_040256845.1;protein_114,GCF_002128265.1;protein_114,GCF_041931565.1;protein_310,GCF_009944725.1;protein_115,GCF_002128145.1;protein_115,GCF_001558175.1;protein_114,GCF_009942155.1;protein_114,GCF_041931755.1;protein_190,GCF_001272775.1;protein_115,GCF_009939765.1;protein_115,GCF_002355715.1;protein_114,,GCF_002128285.1;protein_115,GCF_009944335.1;protein_115,GCF_001272755.1;protein_115,GCF_000733995.1;protein_191,GCF_002090215.1;protein_113,,GCF_009947575.1;protein_115,GCF_009945865.1;protein_116,GCF_009943805.1;protein_115,GCF_002090295.1;protein_114,,,,,,,
GCF_910574535.1;protein_116,,,,,,,GCF_041931765.1;protein_193,GCF_040256845.1;protein_116,,,,,,,,GCF_001272775.1;protein_117,GCF_009939765.1;protein_117,,,,,,GCF_000733995.1;protein_193,,,,,GCF_009943805.1;protein_117,,,,,,,,
GCF_910574535.1;protein_117,GCF_002128045.1;protein_116,GCF_000319675.2;protein_116,GCF_000027345.1;protein_117,GCF_000283755.1;protein_118,GCF_002127985.1;protein_117,GCF_009947205.1;protein_116,GCF_041931765.1;protein_194,GCF_040256845.1;protein_117,GCF_002128265.1;protein_117,GCF_041931565.1;protein_312,GCF_009944725.1;protein_118,GCF_002128145.1;protein_117,GCF_001558175.1;protein_116,GCF_009942155.1;protein_117,GCF_041931755.1;protein_193,GCF_001272775.1;protein_118,GCF_009939765.1;protein_118,GCF_002355715.1;protein_117,GCF_900660465.1;protein_608,GCF_002128285.1;protein_118,GCF_009944335.1;protein_117,GCF_001272755.1;protein_117,GCF_000733995.1;protein_194,GCF_002090215.1;protein_116,GCF_000319655.2;protein_119,GCF_009947575.1;protein_118,GCF_009945865.1;protein_119,GCF_009943805.1;protein_118,GCF_002090295.1;protein_117,,,,,,,
GCF_910574535.1;protein_118,GCF_002128045.1;protein_117,GCF_000319675.2;protein_117,GCF_000027345.1;protein_118,,GCF_002127985.1;protein_118,GCF_009947205.1;protein_117,GCF_041931765.1;protein_195,GCF_040256845.1;protein_118,,GCF_041931565.1;protein_313,,GCF_002128145.1;protein_118,GCF_001558175.1;protein_117,,GCF_041931755.1;protein_194,GCF_001272775.1;protein_119,GCF_009939765.1;protein_119,,,,GCF_009944335.1;protein_118,GCF_001272755.1;protein_118,GCF_000733995.1;protein_195,GCF_002090215.1;protein_117,,GCF_009947575.1;protein_119,,GCF_009943805.1;protein_119,GCF_002090295.1;protein_118,,,,,,,
GCF_910574535.1;protein_119,GCF_002128045.1;protein_118,GCF_000319675.2;protein_118,GCF_000027345.1;protein_119,GCF_000283755.1;protein_120,GCF_002127985.1;protein_119,GCF_009947205.1;protein_118,GCF_041931765.1;protein_196,GCF_040256845.1;protein_119,GCF_002128265.1;protein_119,GCF_041931565.1;protein_314,GCF_009944725.1;protein_120,GCF_002128145.1;protein_119,GCF_001558175.1;protein_118,GCF_009942155.1;protein_119,GCF_041931755.1;protein_195,GCF_001272775.1;protein_120,GCF_009939765.1;protein_120,GCF_002355715.1;protein_119,GCF_900660465.1;protein_607,GCF_002128285.1;protein_119,GCF_009944335.1;protein_119,GCF_001272755.1;protein_119,GCF_000733995.1;protein_196,GCF_002090215.1;protein_118,GCF_000319655.2;protein_120,GCF_009947575.1;protein_120,GCF_009945865.1;protein_121,GCF_009943805.1;protein_120,GCF_002090295.1;protein_119,,,,,,,
GCF_910574535.1;protein_12,GCF_002128045.1;protein_12,GCF_000319675.2;protein_12,GCF_000027345.1;protein_12,GCF_000283755.1;protein_12,GCF_002127985.1;protein_12,GCF_009947205.1;protein_12,GCF_041931765.1;protein_89,GCF_040256845.1;protein_12,GCF_002128265.1;protein_12,GCF_041931565.1;protein_208,GCF_009944725.1;protein_12,GCF_002128145.1;protein_12,GCF_001558175.1;protein_12,GCF_009942155.1;protein_12,GCF_041931755.1;protein_89,GCF_001272775.1;protein_12,GCF_009939765.1;protein_12,GCF_002355715.1;protein_12,GCF_900660465.1;protein_715,GCF_002128285.1;protein_12,GCF_009944335.1;protein_12,GCF_001272755.1;protein_12,GCF_000733995.1;protein_88,GCF_002090215.1;protein_12,GCF_000319655.2;protein_12,GCF_009947575.1;protein_12,GCF_009945865.1;protein_12,GCF_009943805.1;protein_12,GCF_002090295.1;protein_12,,,,,,,
GCF_910574535.1;protein_121,GCF_002128045.1;protein_120,GCF_000319675.2;protein_120,GCF_000027345.1;protein_121,GCF_000283755.1;protein_122,GCF_002127985.1;protein_121,GCF_009947205.1;protein_120,GCF_041931765.1;protein_198,GCF_040256845.1;protein_121,GCF_002128265.1;protein_121,GCF_041931565.1;protein_316,GCF_009944725.1;protein_122,,GCF_001558175.1;protein_120,GCF_009942155.1;protein_121,GCF_041931755.1;protein_197,GCF_001272775.1;protein_122,GCF_009939765.1;protein_122,GCF_002355715.1;protein_121,GCF_900660465.1;protein_605,GCF_002128285.1;protein_121,GCF_009944335.1;protein_121,GCF_001272755.1;protein_121,GCF_000733995.1;protein_198,GCF_002090215.1;protein_120,GCF_000319655.2;protein_122,GCF_009947575.1;protein_122,GCF_009945865.1;protein_123,GCF_009943805.1;protein_122,GCF_002090295.1;protein_121,,,,,,,
GCF_910574535.1;protein_122,GCF_002128045.1;protein_121,GCF_000319675.2;protein_121,GCF_000027345.1;protein_122,GCF_000283755.1;protein_123,GCF_002127985.1;protein_122,GCF_009947205.1;protein_121,GCF_041931765.1;protein_199,GCF_040256845.1;protein_122,GCF_002128265.1;protein_122,GCF_041931565.1;protein_317,GCF_009944725.1;protein_123,GCF_002128145.1;protein_122,GCF_001558175.1;protein_121,GCF_009942155.1;protein_122,GCF_041931755.1;protein_198,GCF_001272775.1;protein_123,GCF_009939765.1;protein_123,GCF_002355715.1;protein_122,GCF_900660465.1;protein_604,GCF_002128285.1;protein_122,GCF_009944335.1;protein_122,GCF_001272755.1;protein_122,GCF_000733995.1;protein_199,GCF_002090215.1;protein_121,GCF_000319655.2;protein_123,GCF_009947575.1;protein_123,GCF_009945865.1;protein_124,GCF_009943805.1;protein_123,GCF_002090295.1;protein_122,,,,,,,
GCF_910574535.1;protein_123,,GCF_000319675.2;protein_122,GCF_000027345.1;protein_123,GCF_000283755.1;protein_124,GCF_002127985.1;protein_123,GCF_009947205.1;protein_122,,GCF_040256845.1;protein_123,GCF_002128265.1;protein_123,GCF_041931565.1;protein_318,GCF_009944725.1;protein_124,GCF_002128145.1;protein_123,GCF_001558175.1;protein_122,GCF_009942155.1;protein_123,,GCF_001272775.1;protein_124,GCF_009939765.1;protein_124,GCF_002355715.1;protein_123,GCF_900660465.1;protein_603,GCF_002128285.1;protein_123,GCF_009944335.1;protein_123,GCF_001272755.1;protein_123,GCF_000733995.1;protein_200,GCF_002090215.1;protein_122,GCF_000319655.2;protein_124,GCF_009947575.1;protein_124,GCF_009945865.1;protein_125,GCF_009943805.1;protein_124,GCF_002090295.1;protein_123,,,,,,,
GCF_910574535.1;protein_124,GCF_002128045.1;protein_124,GCF_000319675.2;protein_123,GCF_000027345.1;protein_124,GCF_000283755.1;protein_125,GCF_002127985.1;protein_124,GCF_009947205.1;protein_123,GCF_041931765.1;protein_202,GCF_040256845.1;protein_124,GCF_002128265.1;protein_124,GCF_041931565.1;protein_319,GCF_009944725.1;protein_125,GCF_002128145.1;protein_124,GCF_001558175.1;protein_123,GCF_009942155.1;protein_124,GCF_041931755.1;protein_201,GCF_001272775.1;protein_125,GCF_009939765.1;protein_125,GCF_002355715.1;protein_124,GCF_900660465.1;protein_602,GCF_002128285.1;protein_124,GCF_009944335.1;protein_124,GCF_001272755.1;protein_124,GCF_000733995.1;protein_201,GCF_002090215.1;protein_123,GCF_000319655.2;protein_125,GCF_009947575.1;protein_125,GCF_009945865.1;protein_126,GCF_009943805.1;protein_125,GCF_002090295.1;protein_124,,,,,,,
GCF_910574535.1;protein_125,GCF_002128045.1;protein_125,GCF_000319675.2;protein_124,GCF_000027345.1;protein_125,GCF_000283755.1;protein_126,GCF_002127985.1;protein_125,GCF_009947205.1;protein_124,GCF_041931765.1;protein_203,GCF_040256845.1;protein_125,GCF_002128265.1;protein_125,GCF_041931565.1;protein_320,GCF_009944725.1;protein_126,GCF_002128145.1;protein_125,GCF_001558175.1;protein_124,GCF_009942155.1;protein_125,GCF_041931755.1;protein_202,GCF_001272775.1;protein_126,GCF_009939765.1;protein_126,GCF_002355715.1;protein_125,GCF_900660465.1;protein_601,GCF_002128285.1;protein_125,GCF_009944335.1;protein_125,GCF_001272755.1;protein_125,GCF_000733995.1;protein_202,GCF_002090215.1;protein_124,GCF_000319655.2;protein_126,GCF_009947575.1;protein_126,GCF_009945865.1;protein_127,GCF_009943805.1;protein_126,GCF_002090295.1;protein_125,,,,,,,
GCF_910574535.1;protein_126,GCF_002128045.1;protein_126,GCF_000319675.2;protein_125,GCF_000027345.1;protein_126,GCF_000283755.1;protein_127,GCF_002127985.1;protein_126,GCF_009947205.1;protein_125,GCF_041931765.1;protein_204,GCF_040256845.1;protein_126,GCF_002128265.1;protein_126,GCF_041931565.1;protein_321,GCF_009944725.1;protein_127,GCF_002128145.1;protein_126,GCF_001558175.1;protein_125,GCF_009942155.1;protein_126,GCF_041931755.1;protein_203,GCF_001272775.1;protein_127,GCF_009939765.1;protein_127,GCF_002355715.1;protein_126,GCF_900660465.1;protein_600,GCF_002128285.1;protein_126,GCF_009944335.1;protein_126,GCF_001272755.1;protein_126,GCF_000733995.1;protein_203,GCF_002090215.1;protein_125,GCF_000319655.2;protein_127,GCF_009947575.1;protein_127,GCF_009945865.1;protein_128,GCF_009943805.1;protein_127,GCF_002090295.1;protein_126,,,,,,,
GCF_910574535.1;protein_127,GCF_002128045.1;protein_127,GCF_000319675.2;protein_126,GCF_000027345.1;protein_127,GCF_000283755.1;protein_128,GCF_002127985.1;protein_127,GCF_009947205.1;protein_126,GCF_041931765.1;protein_205,GCF_040256845.1;protein_127,GCF_002128265.1;protein_127,GCF_041931565.1;protein_322,GCF_009944725.1;protein_128,GCF_002128145.1;protein_127,GCF_001558175.1;protein_126,GCF_009942155.1;protein_127,GCF_041931755.1;protein_204,GCF_001272775.1;protein_128,GCF_009939765.1;protein_128,GCF_002355715.1;protein_127,GCF_900660465.1;protein_599,GCF_002128285.1;protein_127,GCF_009944335.1;protein_127,GCF_001272755.1;protein_127,GCF_000733995.1;protein_204,GCF_002090215.1;protein_126,GCF_000319655.2;protein_128,GCF_009947575.1;protein_128,GCF_009945865.1;protein_129,GCF_009943805.1;protein_128,GCF_002090295.1;protein_127,,,,,,,
GCF_910574535.1;protein_128,GCF_002128045.1;protein_128,GCF_000319675.2;protein_127,GCF_000027345.1;protein_128,GCF_000283755.1;protein_129,GCF_002127985.1;protein_128,GCF_009947205.1;protein_127,GCF_041931765.1;protein_206,GCF_040256845.1;protein_128,GCF_002128265.1;protein_128,GCF_041931565.1;protein_323,GCF_009944725.1;protein_129,GCF_002128145.1;protein_128,GCF_001558175.1;protein_127,GCF_009942155.1;protein_128,GCF_041931755.1;protein_205,GCF_001272775.1;protein_129,GCF_009939765.1;protein_129,GCF_002355715.1;protein_128,GCF_900660465.1;protein_598,GCF_002128285.1;protein_128,GCF_009944335.1;protein_128,GCF_001272755.1;protein_128,GCF_000733995.1;protein_205,GCF_002090215.1;protein_127,GCF_000319655.2;protein_129,GCF_009947575.1;protein_129,GCF_009945865.1;protein_130,GCF_009943805.1;protein_129,GCF_002090295.1;protein_128,,,,,,,
GCF_910574535.1;protein_129,GCF_002128045.1;protein_129,GCF_000319675.2;protein_128,GCF_000027345.1;protein_129,GCF_000283755.1;protein_130,GCF_002127985.1;protein_129,GCF_009947205.1;protein_128,GCF_041931765.1;protein_207,GCF_040256845.1;protein_129,GCF_002128265.1;protein_129,GCF_041931565.1;protein_324,GCF_009944725.1;protein_130,GCF_002128145.1;protein_129,GCF_001558175.1;protein_128,GCF_009942155.1;protein_129,GCF_041931755.1;protein_206,GCF_001272775.1;protein_130,GCF_009939765.1;protein_130,GCF_002355715.1;protein_129,GCF_900660465.1;protein_597,GCF_002128285.1;protein_129,GCF_009944335.1;protein_129,GCF_001272755.1;protein_129,GCF_000733995.1;protein_206,GCF_002090215.1;protein_128,GCF_000319655.2;protein_130,GCF_009947575.1;protein_130,GCF_009945865.1;protein_131,GCF_009943805.1;protein_130,GCF_002090295.1;protein_129,,,,,,,
GCF_910574535.1;protein_13,GCF_002128045.1;protein_13,GCF_000319675.2;protein_13,GCF_000027345.1;protein_13,GCF_000283755.1;protein_13,GCF_002127985.1;protein_13,GCF_009947205.1;protein_13,GCF_041931765.1;protein_90,GCF_040256845.1;protein_13,GCF_002128265.1;protein_13,GCF_041931565.1;protein_209,GCF_009944725.1;protein_13,GCF_002128145.1;protein_13,GCF_001558175.1;protein_13,GCF_009942155.1;protein_13,GCF_041931755.1;protein_90,GCF_001272775.1;protein_13,GCF_009939765.1;protein_13,GCF_002355715.1;protein_13,GCF_900660465.1;protein_714,GCF_002128285.1;protein_13,GCF_009944335.1;protein_13,GCF_001272755.1;protein_13,GCF_000733995.1;protein_89,GCF_002090215.1;protein_13,GCF_000319655.2;protein_13,GCF_009947575.1;protein_13,GCF_009945865.1;protein_13,GCF_009943805.1;protein_13,GCF_002090295.1;protein_13,,,,,,,
GCF_910574535.1;protein_130,GCF_002128045.1;protein_130,GCF_000319675.2;protein_129,GCF_000027345.1;protein_130,GCF_000283755.1;protein_131,GCF_002127985.1;protein_130,GCF_009947205.1;protein_129,GCF_041931765.1;protein_208,GCF_040256845.1;protein_130,GCF_002128265.1;protein_130,GCF_041931565.1;protein_325,GCF_009944725.1;protein_131,GCF_002128145.1;protein_130,GCF_001558175.1;protein_129,GCF_009942155.1;protein_130,GCF_041931755.1;protein_207,GCF_001272775.1;protein_131,GCF_009939765.1;protein_131,GCF_002355715.1;protein_130,GCF_900660465.1;protein_596,GCF_002128285.1;protein_130,GCF_009944335.1;protein_130,GCF_001272755.1;protein_130,GCF_000733995.1;protein_207,GCF_002090215.1;protein_129,GCF_000319655.2;protein_131,GCF_009947575.1;protein_131,GCF_009945865.1;protein_132,GCF_009943805.1;protein_131,GCF_002090295.1;protein_130,,,,,,,
GCF_910574535.1;protein_131,GCF_002128045.1;protein_131,GCF_000319675.2;protein_130,GCF_000027345.1;protein_131,GCF_000283755.1;protein_132,GCF_002127985.1;protein_131,GCF_009947205.1;protein_130,GCF_041931765.1;protein_209,GCF_040256845.1;protein_131,GCF_002128265.1;protein_131,GCF_041931565.1;protein_326,GCF_009944725.1;protein_132,GCF_002128145.1;protein_131,GCF_001558175.1;protein_130,GCF_009942155.1;protein_131,GCF_041931755.1;protein_208,GCF_001272775.1;protein_132,GCF_009939765.1;protein_132,GCF_002355715.1;protein_131,GCF_900660465.1;protein_595,GCF_002128285.1;protein_131,GCF_009944335.1;protein_131,GCF_001272755.1;protein_131,GCF_000733995.1;protein_208,GCF_002090215.1;protein_130,GCF_000319655.2;protein_132,GCF_009947575.1;protein_132,GCF_009945865.1;protein_133,GCF_009943805.1;protein_132,GCF_002090295.1;protein_131,,,,,,,
GCF_910574535.1;protein_132,GCF_002128045.1;protein_132,GCF_000319675.2;protein_131,GCF_000027345.1;protein_132,GCF_000283755.1;protein_133,GCF_002127985.1;protein_132,GCF_009947205.1;protein_131,GCF_041931765.1;protein_210,GCF_040256845.1;protein_132,GCF_002128265.1;protein_132,GCF_041931565.1;protein_327,GCF_009944725.1;protein_133,GCF_002128145.1;protein_132,GCF_001558175.1;protein_131,GCF_009942155.1;protein_132,GCF_041931755.1;protein_209,GCF_001272775.1;protein_133,GCF_009939765.1;protein_133,GCF_002355715.1;protein_132,GCF_900660465.1;protein_594,GCF_002128285.1;protein_132,GCF_009944335.1;protein_132,GCF_001272755.1;protein_132,GCF_000733995.1;protein_209,GCF_002090215.1;protein_131,GCF_000319655.2;protein_133,GCF_009947575.1;protein_133,GCF_009945865.1;protein_134,GCF_009943805.1;protein_133,GCF_002090295.1;protein_132,,,,,,,
GCF_910574535.1;protein_133,GCF_002128045.1;protein_133,GCF_000319675.2;protein_132,GCF_000027345.1;protein_133,GCF_000283755.1;protein_134,GCF_002127985.1;protein_133,GCF_009947205.1;protein_132,GCF_041931765.1;protein_211,GCF_040256845.1;protein_133,GCF_002128265.1;protein_133,GCF_041931565.1;protein_328,GCF_009944725.1;protein_134,GCF_002128145.1;protein_133,GCF_001558175.1;protein_132,GCF_009942155.1;protein_133,GCF_041931755.1;protein_210,GCF_001272775.1;protein_134,GCF_009939765.1;protein_134,GCF_002355715.1;protein_133,GCF_900660465.1;protein_593,GCF_002128285.1;protein_133,GCF_009944335.1;protein_133,GCF_001272755.1;protein_133,GCF_000733995.1;protein_210,GCF_002090215.1;protein_132,GCF_000319655.2;protein_134,GCF_009947575.1;protein_134,GCF_009945865.1;protein_135,GCF_009943805.1;protein_134,GCF_002090295.1;protein_133,,,,,,,
GCF_910574535.1;protein_134,GCF_002128045.1;protein_134,GCF_000319675.2;protein_133,GCF_000027345.1;protein_134,GCF_000283755.1;protein_135,GCF_002127985.1;protein_134,GCF_009947205.1;protein_133,GCF_041931765.1;protein_212,GCF_040256845.1;protein_134,GCF_002128265.1;protein_134,GCF_041931565.1;protein_329,GCF_009944725.1;protein_135,GCF_002128145.1;protein_134,GCF_001558175.1;protein_133,GCF_009942155.1;protein_134,GCF_041931755.1;protein_211,GCF_001272775.1;protein_135,GCF_009939765.1;protein_135,GCF_002355715.1;protein_134,GCF_900660465.1;protein_592,GCF_002128285.1;protein_134,GCF_009944335.1;protein_134,GCF_001272755.1;protein_134,GCF_000733995.1;protein_211,GCF_002090215.1;protein_133,GCF_000319655.2;protein_135,GCF_009947575.1;protein_135,GCF_009945865.1;protein_136,GCF_009943805.1;protein_135,GCF_002090295.1;protein_134,,,,,,,
GCF_910574535.1;protein_135,GCF_002128045.1;protein_135,GCF_000319675.2;protein_134,GCF_000027345.1;protein_135,GCF_000283755.1;protein_136,GCF_002127985.1;protein_135,GCF_009947205.1;protein_134,GCF_041931765.1;protein_213,GCF_040256845.1;protein_135,GCF_002128265.1;protein_135,GCF_041931565.1;protein_330,GCF_009944725.1;protein_136,GCF_002128145.1;protein_135,GCF_001558175.1;protein_134,GCF_009942155.1;protein_135,GCF_041931755.1;protein_212,GCF_001272775.1;protein_136,GCF_009939765.1;protein_136,GCF_002355715.1;protein_135,GCF_900660465.1;protein_591,GCF_002128285.1;protein_135,GCF_009944335.1;protein_135,GCF_001272755.1;protein_135,GCF_000733995.1;protein_212,GCF_002090215.1;protein_134,GCF_000319655.2;protein_136,GCF_009947575.1;protein_136,GCF_009945865.1;protein_137,GCF_009943805.1;protein_136,GCF_002090295.1;protein_135,,,,,,,
GCF_910574535.1;protein_136,GCF_002128045.1;protein_136,GCF_000319675.2;protein_135,GCF_000027345.1;protein_136,GCF_000283755.1;protein_137,GCF_002127985.1;protein_136,GCF_009947205.1;protein_135,GCF_041931765.1;protein_214,GCF_040256845.1;protein_136,GCF_002128265.1;protein_136,GCF_041931565.1;protein_331,GCF_009944725.1;protein_137,GCF_002128145.1;protein_136,GCF_001558175.1;protein_135,GCF_009942155.1;protein_136,GCF_041931755.1;protein_213,GCF_001272775.1;protein_137,GCF_009939765.1;protein_137,GCF_002355715.1;protein_136,GCF_900660465.1;protein_590,GCF_002128285.1;protein_136,GCF_009944335.1;protein_136,GCF_001272755.1;protein_136,GCF_000733995.1;protein_213,GCF_002090215.1;protein_135,GCF_000319655.2;protein_137,GCF_009947575.1;protein_137,GCF_009945865.1;protein_138,GCF_009943805.1;protein_137,GCF_002090295.1;protein_136,,,,,,,
GCF_009942155.1;protein_137,GCF_002090215.1;protein_136,,GCF_009947205.1;protein_136,GCF_000319655.2;protein_138,GCF_009945865.1;protein_139,GCF_002355715.1;protein_137,GCF_001272775.1;protein_138,GCF_009944335.1;protein_137,GCF_040256845.1;protein_137,GCF_910574535.1;protein_137,GCF_000283755.1;protein_138,GCF_002128145.1;protein_137,GCF_002090295.1;protein_137,GCF_009947575.1;protein_138,GCF_002128265.1;protein_137,GCF_900660465.1;protein_589,GCF_000319675.2;protein_136,GCF_001558175.1;protein_136,GCF_001272755.1;protein_137,GCF_002127985.1;protein_137,GCF_002128285.1;protein_137,GCF_009939765.1;protein_138,GCF_041931565.1;protein_332,GCF_009943805.1;protein_138,GCF_009944725.1;protein_138,GCF_041931765.1;protein_215,GCF_002128045.1;protein_137,GCF_000733995.1;protein_214,GCF_041931755.1;protein_214,,,,,,,
GCF_910574535.1;protein_138,GCF_002128045.1;protein_138,GCF_000319675.2;protein_137,GCF_000027345.1;protein_139,GCF_000283755.1;protein_139,GCF_002127985.1;protein_138,GCF_009947205.1;protein_137,GCF_041931765.1;protein_216,GCF_040256845.1;protein_138,GCF_002128265.1;protein_138,GCF_041931565.1;protein_333,GCF_009944725.1;protein_139,GCF_002128145.1;protein_138,GCF_001558175.1;protein_137,GCF_009942155.1;protein_138,GCF_041931755.1;protein_215,GCF_001272775.1;protein_139,GCF_009939765.1;protein_139,GCF_002355715.1;protein_138,GCF_900660465.1;protein_588,GCF_002128285.1;protein_138,GCF_009944335.1;protein_138,GCF_001272755.1;protein_138,GCF_000733995.1;protein_215,GCF_002090215.1;protein_137,GCF_000319655.2;protein_139,GCF_009947575.1;protein_139,GCF_009945865.1;protein_140,GCF_009943805.1;protein_139,GCF_002090295.1;protein_138,,,,,,,
GCF_910574535.1;protein_14,GCF_002128045.1;protein_14,GCF_000319675.2;protein_14,GCF_000027345.1;protein_14,GCF_000283755.1;protein_14,GCF_002127985.1;protein_14,GCF_009947205.1;protein_14,GCF_041931765.1;protein_91,GCF_040256845.1;protein_14,GCF_002128265.1;protein_14,GCF_041931565.1;protein_210,GCF_009944725.1;protein_14,GCF_002128145.1;protein_14,GCF_001558175.1;protein_14,GCF_009942155.1;protein_14,GCF_041931755.1;protein_91,GCF_001272775.1;protein_14,GCF_009939765.1;protein_14,GCF_002355715.1;protein_14,GCF_900660465.1;protein_713,GCF_002128285.1;protein_14,GCF_009944335.1;protein_14,GCF_001272755.1;protein_14,GCF_000733995.1;protein_90,GCF_002090215.1;protein_14,GCF_000319655.2;protein_14,GCF_009947575.1;protein_14,GCF_009945865.1;protein_14,GCF_009943805.1;protein_14,GCF_002090295.1;protein_14,,,,,,,
GCF_910574535.1;protein_140,GCF_002128045.1;protein_140,GCF_000319675.2;protein_139,GCF_000027345.1;protein_141,GCF_000283755.1;protein_141,GCF_002127985.1;protein_140,GCF_009947205.1;protein_139,GCF_041931765.1;protein_218,GCF_040256845.1;protein_140,GCF_002128265.1;protein_140,GCF_041931565.1;protein_335,GCF_009944725.1;protein_141,GCF_002128145.1;protein_140,GCF_001558175.1;protein_139,GCF_009942155.1;protein_140,GCF_041931755.1;protein_217,GCF_001272775.1;protein_141,GCF_009939765.1;protein_141,GCF_002355715.1;protein_140,GCF_900660465.1;protein_586,GCF_002128285.1;protein_140,GCF_009944335.1;protein_140,GCF_001272755.1;protein_140,GCF_000733995.1;protein_217,GCF_002090215.1;protein_139,GCF_000319655.2;protein_141,GCF_009947575.1;protein_141,GCF_009945865.1;protein_142,GCF_009943805.1;protein_141,GCF_002090295.1;protein_140,,,,,,,
GCF_900660465.1;protein_585,GCF_009943805.1;protein_142,GCF_002128045.1;protein_141,,GCF_009947205.1;protein_140,GCF_009945865.1;protein_143,GCF_002090295.1;protein_141,GCF_009944725.1;protein_142,GCF_000027345.1;protein_142,GCF_002090295.1;protein_216,GCF_000319655.2;protein_142,GCF_000733995.1;protein_218,GCF_009944335.1;protein_141,GCF_002127985.1;protein_141,GCF_009942155.1;protein_141,GCF_009947575.1;protein_142,GCF_040256845.1;protein_141,GCF_000027345.1;protein_218,GCF_001558175.1;protein_140,GCF_002090215.1;protein_140,GCF_002128145.1;protein_141,GCF_041931765.1;protein_219,GCF_000319675.2;protein_140,GCF_009939765.1;protein_142,GCF_002128265.1;protein_141,GCF_000283755.1;protein_142,GCF_001272775.1;protein_142,GCF_002355715.1;protein_141,GCF_001272755.1;protein_141,GCF_041931755.1;protein_218,GCF_002128285.1;protein_141,GCF_910574535.1;protein_141,GCF_041931565.1;protein_336,,,,
GCF_910574535.1;protein_145,GCF_002128045.1;protein_146,GCF_000319675.2;protein_145,GCF_000027345.1;protein_147,GCF_000283755.1;protein_146,GCF_002127985.1;protein_146,GCF_009947205.1;protein_145,GCF_041931765.1;protein_226,GCF_040256845.1;protein_146,GCF_002128265.1;protein_145,GCF_041931565.1;protein_341,GCF_009944725.1;protein_146,GCF_002128145.1;protein_146,GCF_001558175.1;protein_145,GCF_009942155.1;protein_145,GCF_041931755.1;protein_226,GCF_001272775.1;protein_147,GCF_009939765.1;protein_147,GCF_002355715.1;protein_145,GCF_900660465.1;protein_581,GCF_002128285.1;protein_145,GCF_009944335.1;protein_146,GCF_001272755.1;protein_146,GCF_000733995.1;protein_223,GCF_002090215.1;protein_145,GCF_000319655.2;protein_146,GCF_009947575.1;protein_147,GCF_009945865.1;protein_147,GCF_009943805.1;protein_147,GCF_002090295.1;protein_146,,,,,,,
GCF_910574535.1;protein_146,GCF_002128045.1;protein_147,GCF_000319675.2;protein_146,GCF_000027345.1;protein_148,GCF_000283755.1;protein_147,GCF_002127985.1;protein_147,GCF_009947205.1;protein_146,GCF_041931765.1;protein_227,GCF_040256845.1;protein_147,GCF_002128265.1;protein_146,GCF_041931565.1;protein_342,GCF_009944725.1;protein_147,GCF_002128145.1;protein_147,GCF_001558175.1;protein_146,GCF_009942155.1;protein_146,GCF_041931755.1;protein_227,GCF_001272775.1;protein_148,GCF_009939765.1;protein_148,GCF_002355715.1;protein_146,GCF_900660465.1;protein_580,GCF_002128285.1;protein_146,GCF_009944335.1;protein_147,GCF_001272755.1;protein_147,GCF_000733995.1;protein_224,GCF_002090215.1;protein_146,GCF_000319655.2;protein_147,GCF_009947575.1;protein_148,GCF_009945865.1;protein_148,GCF_009943805.1;protein_148,GCF_002090295.1;protein_147,,,,,,,
GCF_910574535.1;protein_147,GCF_002128045.1;protein_148,GCF_000319675.2;protein_147,GCF_000027345.1;protein_149,GCF_000283755.1;protein_148,GCF_002127985.1;protein_148,GCF_009947205.1;protein_147,GCF_041931765.1;protein_228,GCF_040256845.1;protein_148,GCF_002128265.1;protein_147,GCF_041931565.1;protein_343,GCF_009944725.1;protein_148,GCF_002128145.1;protein_148,GCF_001558175.1;protein_147,GCF_009942155.1;protein_147,GCF_041931755.1;protein_228,GCF_001272775.1;protein_149,GCF_009939765.1;protein_149,GCF_002355715.1;protein_147,GCF_900660465.1;protein_579,GCF_002128285.1;protein_147,GCF_009944335.1;protein_148,GCF_001272755.1;protein_148,GCF_000733995.1;protein_225,GCF_002090215.1;protein_147,GCF_000319655.2;protein_148,GCF_009947575.1;protein_149,GCF_009945865.1;protein_149,GCF_009943805.1;protein_149,GCF_002090295.1;protein_148,,,,,,,
GCF_910574535.1;protein_148,GCF_002128045.1;protein_149,GCF_000319675.2;protein_148,GCF_000027345.1;protein_150,GCF_000283755.1;protein_149,GCF_002127985.1;protein_149,,GCF_041931765.1;protein_229,GCF_040256845.1;protein_149,GCF_002128265.1;protein_148,GCF_041931565.1;protein_344,GCF_009944725.1;protein_149,GCF_002128145.1;protein_149,GCF_001558175.1;protein_148,,GCF_041931755.1;protein_229,GCF_001272775.1;protein_150,GCF_009939765.1;protein_150,GCF_002355715.1;protein_148,GCF_900660465.1;protein_578,GCF_002128285.1;protein_148,GCF_009944335.1;protein_149,GCF_001272755.1;protein_149,GCF_000733995.1;protein_226,GCF_002090215.1;protein_148,GCF_000319655.2;protein_149,GCF_009947575.1;protein_150,GCF_009945865.1;protein_150,GCF_009943805.1;protein_150,GCF_002090295.1;protein_149,,,,,,,
GCF_910574535.1;protein_149,GCF_002128045.1;protein_150,GCF_000319675.2;protein_149,GCF_000027345.1;protein_151,,GCF_002127985.1;protein_150,GCF_009947205.1;protein_149,GCF_041931765.1;protein_230,GCF_040256845.1;protein_150,,GCF_041931565.1;protein_345,,GCF_002128145.1;protein_150,GCF_001558175.1;protein_149,,GCF_041931755.1;protein_230,GCF_001272775.1;protein_151,GCF_009939765.1;protein_151,,,,GCF_009944335.1;protein_150,GCF_001272755.1;protein_150,GCF_000733995.1;protein_227,GCF_002090215.1;protein_149,,GCF_009947575.1;protein_151,,GCF_009943805.1;protein_151,GCF_002090295.1;protein_150,,,,,,,
GCF_910574535.1;protein_15,GCF_002128045.1;protein_15,GCF_000319675.2;protein_15,GCF_000027345.1;protein_15,GCF_000283755.1;protein_15,GCF_002127985.1;protein_15,GCF_009947205.1;protein_15,GCF_041931765.1;protein_92,GCF_040256845.1;protein_15,GCF_002128265.1;protein_15,GCF_041931565.1;protein_211,GCF_009944725.1;protein_15,GCF_002128145.1;protein_15,GCF_001558175.1;protein_15,GCF_009942155.1;protein_15,GCF_041931755.1;protein_92,GCF_001272775.1;protein_15,GCF_009939765.1;protein_15,GCF_002355715.1;protein_15,GCF_900660465.1;protein_712,GCF_002128285.1;protein_15,GCF_009944335.1;protein_15,GCF_001272755.1;protein_15,GCF_000733995.1;protein_91,GCF_002090215.1;protein_15,GCF_000319655.2;protein_15,GCF_009947575.1;protein_15,GCF_009945865.1;protein_15,GCF_009943805.1;protein_15,GCF_002090295.1;protein_15,,,,,,,
GCF_910574535.1;protein_150,GCF_002128045.1;protein_151,GCF_000319675.2;protein_150,GCF_000027345.1;protein_152,,GCF_002127985.1;protein_151,,GCF_041931765.1;protein_231,GCF_040256845.1;protein_151,,GCF_041931565.1;protein_346,,GCF_002128145.1;protein_151,GCF_001558175.1;protein_150,,GCF_041931755.1;protein_231,GCF_001272775.1;protein_152,GCF_009939765.1;protein_152,,,,GCF_009944335.1;protein_151,GCF_001272755.1;protein_151,GCF_000733995.1;protein_228,GCF_002090215.1;protein_150,,GCF_009947575.1;protein_152,,GCF_009943805.1;protein_152,,,,,,,,
GCF_910574535.1;protein_151,GCF_002128045.1;protein_152,GCF_000319675.2;protein_151,GCF_000027345.1;protein_153,GCF_000283755.1;protein_151,GCF_002127985.1;protein_152,GCF_009947205.1;protein_151,GCF_041931765.1;protein_232,GCF_040256845.1;protein_152,GCF_002128265.1;protein_150,GCF_041931565.1;protein_347,GCF_009944725.1;protein_151,GCF_002128145.1;protein_152,GCF_001558175.1;protein_151,GCF_009942155.1;protein_150,GCF_041931755.1;protein_232,GCF_001272775.1;protein_153,GCF_009939765.1;protein_153,GCF_002355715.1;protein_150,GCF_900660465.1;protein_576,GCF_002128285.1;protein_150,GCF_009944335.1;protein_152,GCF_001272755.1;protein_152,GCF_000733995.1;protein_229,GCF_002090215.1;protein_151,GCF_000319655.2;protein_151,GCF_009947575.1;protein_153,GCF_009945865.1;protein_152,GCF_009943805.1;protein_153,GCF_002090295.1;protein_152,,,,,,,
GCF_910574535.1;protein_152,GCF_002128045.1;protein_153,GCF_000319675.2;protein_152,GCF_000027345.1;protein_154,GCF_000283755.1;protein_152,GCF_002127985.1;protein_153,GCF_009947205.1;protein_152,GCF_041931765.1;protein_233,GCF_040256845.1;protein_153,GCF_002128265.1;protein_151,GCF_041931565.1;protein_348,GCF_009944725.1;protein_152,GCF_002128145.1;protein_153,GCF_001558175.1;protein_152,GCF_009942155.1;protein_151,GCF_041931755.1;protein_233,GCF_001272775.1;protein_154,GCF_009939765.1;protein_154,GCF_002355715.1;protein_151,GCF_900660465.1;protein_575,GCF_002128285.1;protein_151,GCF_009944335.1;protein_153,GCF_001272755.1;protein_153,GCF_000733995.1;protein_230,GCF_002090215.1;protein_152,GCF_000319655.2;protein_152,GCF_009947575.1;protein_154,GCF_009945865.1;protein_153,GCF_009943805.1;protein_154,GCF_002090295.1;protein_153,,,,,,,
GCF_009944335.1;protein_154,GCF_009947205.1;protein_153,GCF_000027345.1;protein_155,,GCF_009942155.1;protein_152,GCF_000319655.2;protein_153,GCF_009944725.1;protein_153,GCF_041931755.1;protein_234,GCF_009947575.1;protein_155,GCF_001272775.1;protein_155,GCF_000283755.1;protein_153,GCF_002090295.1;protein_154,GCF_009939765.1;protein_155,GCF_002128045.1;protein_154,GCF_001272755.1;protein_154,GCF_040256845.1;protein_154,GCF_041931765.1;protein_234,GCF_910574535.1;protein_153,GCF_002090215.1;protein_153,GCF_009943805.1;protein_155,GCF_002128285.1;protein_152,GCF_900660465.1;protein_574,GCF_002128145.1;protein_154,GCF_009945865.1;protein_154,GCF_000319675.2;protein_153,GCF_041931565.1;protein_349,GCF_002355715.1;protein_152,GCF_002127985.1;protein_154,GCF_002128265.1;protein_152,GCF_000733995.1;protein_231,,,,,,,
GCF_910574535.1;protein_154,GCF_002128045.1;protein_155,GCF_000319675.2;protein_154,GCF_000027345.1;protein_156,,GCF_002127985.1;protein_155,GCF_009947205.1;protein_154,GCF_041931765.1;protein_235,GCF_040256845.1;protein_155,,GCF_041931565.1;protein_350,,GCF_002128145.1;protein_155,GCF_001558175.1;protein_158,,GCF_041931755.1;protein_235,GCF_001272775.1;protein_156,GCF_009939765.1;protein_156,,,,GCF_009944335.1;protein_155,GCF_001272755.1;protein_155,GCF_000733995.1;protein_232,GCF_002090215.1;protein_154,,GCF_009947575.1;protein_156,,GCF_009943805.1;protein_156,GCF_002090295.1;protein_155,,,,,,,
GCF_910574535.1;protein_155,GCF_002128045.1;protein_156,GCF_000319675.2;protein_155,GCF_000027345.1;protein_157,GCF_000283755.1;protein_155,GCF_002127985.1;protein_156,GCF_009947205.1;protein_155,GCF_041931765.1;protein_236,GCF_040256845.1;protein_156,GCF_002128265.1;protein_154,GCF_041931565.1;protein_351,GCF_009944725.1;protein_155,GCF_002128145.1;protein_156,GCF_001558175.1;protein_159,GCF_009942155.1;protein_154,GCF_041931755.1;protein_236,GCF_001272775.1;protein_157,GCF_009939765.1;protein_157,GCF_002355715.1;protein_154,GCF_900660465.1;protein_572,GCF_002128285.1;protein_155,GCF_009944335.1;protein_156,GCF_001272755.1;protein_156,GCF_000733995.1;protein_233,GCF_002090215.1;protein_155,GCF_000319655.2;protein_155,GCF_009947575.1;protein_157,GCF_009945865.1;protein_156,GCF_009943805.1;protein_157,GCF_002090295.1;protein_156,,,,,,,
GCF_910574535.1;protein_156,GCF_002128045.1;protein_157,GCF_000319675.2;protein_156,GCF_000027345.1;protein_158,GCF_000283755.1;protein_156,GCF_002127985.1;protein_157,GCF_009947205.1;protein_156,GCF_041931765.1;protein_237,GCF_040256845.1;protein_157,GCF_002128265.1;protein_155,GCF_041931565.1;protein_352,GCF_009944725.1;protein_156,GCF_002128145.1;protein_157,GCF_001558175.1;protein_160,GCF_009942155.1;protein_155,GCF_041931755.1;protein_237,GCF_001272775.1;protein_158,GCF_009939765.1;protein_158,GCF_002355715.1;protein_155,GCF_900660465.1;protein_571,GCF_002128285.1;protein_156,GCF_009944335.1;protein_157,GCF_001272755.1;protein_157,GCF_000733995.1;protein_234,GCF_002090215.1;protein_156,GCF_000319655.2;protein_156,GCF_009947575.1;protein_158,GCF_009945865.1;protein_157,GCF_009943805.1;protein_158,GCF_002090295.1;protein_157,,,,,,,
GCF_910574535.1;protein_158,GCF_002128045.1;protein_159,GCF_000319675.2;protein_158,GCF_000027345.1;protein_160,GCF_000283755.1;protein_160,GCF_002127985.1;protein_159,GCF_009947205.1;protein_158,GCF_041931765.1;protein_239,GCF_040256845.1;protein_159,GCF_002128265.1;protein_159,GCF_041931565.1;protein_354,GCF_009944725.1;protein_160,GCF_002128145.1;protein_159,GCF_001558175.1;protein_162,GCF_009942155.1;protein_159,GCF_041931755.1;protein_239,GCF_001272775.1;protein_160,GCF_009939765.1;protein_160,GCF_002355715.1;protein_159,GCF_900660465.1;protein_568,GCF_002128285.1;protein_160,GCF_009944335.1;protein_159,GCF_001272755.1;protein_159,GCF_000733995.1;protein_236,GCF_002090215.1;protein_158,GCF_000319655.2;protein_160,GCF_009947575.1;protein_160,GCF_009945865.1;protein_161,GCF_009943805.1;protein_160,GCF_002090295.1;protein_159,,,,,,,
GCF_910574535.1;protein_159,GCF_002128045.1;protein_160,GCF_000319675.2;protein_159,GCF_000027345.1;protein_161,GCF_000283755.1;protein_161,GCF_002127985.1;protein_160,GCF_009947205.1;protein_159,GCF_041931765.1;protein_240,GCF_040256845.1;protein_160,GCF_002128265.1;protein_160,GCF_041931565.1;protein_355,GCF_009944725.1;protein_161,GCF_002128145.1;protein_160,GCF_001558175.1;protein_163,GCF_009942155.1;protein_160,GCF_041931755.1;protein_240,GCF_001272775.1;protein_161,GCF_009939765.1;protein_161,GCF_002355715.1;protein_160,GCF_900660465.1;protein_567,GCF_002128285.1;protein_161,GCF_009944335.1;protein_160,GCF_001272755.1;protein_160,GCF_000733995.1;protein_237,GCF_002090215.1;protein_159,GCF_000319655.2;protein_161,GCF_009947575.1;protein_161,GCF_009945865.1;protein_162,GCF_009943805.1;protein_161,GCF_002090295.1;protein_160,,,,,,,
GCF_910574535.1;protein_16,GCF_002128045.1;protein_16,GCF_000319675.2;protein_16,GCF_000027345.1;protein_16,GCF_000283755.1;protein_16,GCF_002127985.1;protein_16,GCF_009947205.1;protein_16,GCF_041931765.1;protein_93,GCF_040256845.1;protein_16,GCF_002128265.1;protein_16,GCF_041931565.1;protein_212,GCF_009944725.1;protein_16,GCF_002128145.1;protein_16,GCF_001558175.1;protein_16,GCF_009942155.1;protein_16,GCF_041931755.1;protein_93,GCF_001272775.1;protein_16,GCF_009939765.1;protein_16,GCF_002355715.1;protein_16,GCF_900660465.1;protein_711,GCF_002128285.1;protein_16,GCF_009944335.1;protein_16,GCF_001272755.1;protein_16,GCF_000733995.1;protein_92,GCF_002090215.1;protein_16,GCF_000319655.2;protein_16,GCF_009947575.1;protein_16,GCF_009945865.1;protein_16,GCF_009943805.1;protein_16,GCF_002090295.1;protein_16,,,,,,,
GCF_009942155.1;protein_387,GCF_900660465.1;protein_564,GCF_910574535.1;protein_162,,GCF_009947205.1;protein_162,GCF_000283755.1;protein_388,GCF_002355715.1;protein_387,GCF_009945865.1;protein_389,GCF_002128265.1;protein_525,GCF_000319655.2;protein_387,GCF_002090215.1;protein_162,GCF_000027345.1;protein_164,GCF_002090295.1;protein_163,,,,,,,,,,,,,,,,,,,,,,,,
GCF_910574535.1;protein_163,GCF_002128045.1;protein_164,GCF_000319675.2;protein_163,GCF_000027345.1;protein_165,GCF_000283755.1;protein_165,GCF_002127985.1;protein_164,GCF_009947205.1;protein_163,GCF_041931765.1;protein_244,GCF_040256845.1;protein_164,GCF_002128265.1;protein_165,GCF_041931565.1;protein_359,GCF_009944725.1;protein_165,GCF_002128145.1;protein_164,GCF_001558175.1;protein_167,GCF_009942155.1;protein_164,GCF_041931755.1;protein_244,GCF_001272775.1;protein_165,GCF_009939765.1;protein_165,GCF_002355715.1;protein_164,GCF_900660465.1;protein_563,GCF_002128285.1;protein_165,GCF_009944335.1;protein_164,GCF_001272755.1;protein_164,GCF_000733995.1;protein_241,GCF_002090215.1;protein_163,GCF_000319655.2;protein_165,GCF_009947575.1;protein_165,GCF_009945865.1;protein_166,GCF_009943805.1;protein_165,GCF_002090295.1;protein_164,,,,,,,
GCF_910574535.1;protein_164,GCF_002128045.1;protein_165,GCF_000319675.2;protein_164,GCF_000027345.1;protein_166,GCF_000283755.1;protein_166,GCF_002127985.1;protein_165,GCF_009947205.1;protein_164,GCF_041931765.1;protein_245,GCF_040256845.1;protein_165,GCF_002128265.1;protein_166,GCF_041931565.1;protein_360,GCF_009944725.1;protein_166,GCF_002128145.1;protein_165,GCF_001558175.1;protein_168,GCF_009942155.1;protein_165,GCF_041931755.1;protein_245,GCF_001272775.1;protein_166,GCF_009939765.1;protein_166,GCF_002355715.1;protein_165,GCF_900660465.1;protein_562,GCF_002128285.1;protein_166,GCF_009944335.1;protein_165,GCF_001272755.1;protein_165,GCF_000733995.1;protein_242,GCF_002090215.1;protein_164,GCF_000319655.2;protein_166,GCF_009947575.1;protein_166,GCF_009945865.1;protein_167,GCF_009943805.1;protein_166,GCF_002090295.1;protein_165,,,,,,,
GCF_910574535.1;protein_165,GCF_002128045.1;protein_166,GCF_000319675.2;protein_165,GCF_000027345.1;protein_167,GCF_000283755.1;protein_167,GCF_002127985.1;protein_166,GCF_009947205.1;protein_165,GCF_041931765.1;protein_246,GCF_040256845.1;protein_166,GCF_002128265.1;protein_167,GCF_041931565.1;protein_361,GCF_009944725.1;protein_167,GCF_002128145.1;protein_166,GCF_001558175.1;protein_169,GCF_009942155.1;protein_166,GCF_041931755.1;protein_246,GCF_001272775.1;protein_167,GCF_009939765.1;protein_167,GCF_002355715.1;protein_166,GCF_900660465.1;protein_561,GCF_002128285.1;protein_167,GCF_009944335.1;protein_166,GCF_001272755.1;protein_166,GCF_000733995.1;protein_243,GCF_002090215.1;protein_165,GCF_000319655.2;protein_167,GCF_009947575.1;protein_167,GCF_009945865.1;protein_168,GCF_009943805.1;protein_167,GCF_002090295.1;protein_166,,,,,,,
GCF_910574535.1;protein_166,GCF_002128045.1;protein_167,GCF_000319675.2;protein_166,GCF_000027345.1;protein_168,GCF_000283755.1;protein_168,GCF_002127985.1;protein_167,GCF_009947205.1;protein_166,GCF_041931765.1;protein_247,GCF_040256845.1;protein_167,GCF_002128265.1;protein_168,GCF_041931565.1;protein_362,GCF_009944725.1;protein_168,GCF_002128145.1;protein_167,GCF_001558175.1;protein_170,GCF_009942155.1;protein_167,GCF_041931755.1;protein_247,GCF_001272775.1;protein_168,GCF_009939765.1;protein_168,GCF_002355715.1;protein_167,GCF_900660465.1;protein_560,GCF_002128285.1;protein_168,GCF_009944335.1;protein_167,GCF_001272755.1;protein_167,GCF_000733995.1;protein_244,GCF_002090215.1;protein_166,GCF_000319655.2;protein_168,GCF_009947575.1;protein_168,GCF_009945865.1;protein_169,GCF_009943805.1;protein_168,GCF_002090295.1;protein_167,,,,,,,
GCF_910574535.1;protein_167,GCF_002128045.1;protein_168,GCF_000319675.2;protein_167,GCF_000027345.1;protein_169,GCF_000283755.1;protein_169,GCF_002127985.1;protein_168,GCF_009947205.1;protein_167,,GCF_040256845.1;protein_168,GCF_002128265.1;protein_169,GCF_041931565.1;protein_363,GCF_009944725.1;protein_169,GCF_002128145.1;protein_168,GCF_001558175.1;protein_171,GCF_009942155.1;protein_168,,GCF_001272775.1;protein_169,GCF_009939765.1;protein_169,GCF_002355715.1;protein_168,GCF_900660465.1;protein_559,GCF_002128285.1;protein_169,GCF_009944335.1;protein_168,GCF_001272755.1;protein_168,GCF_000733995.1;protein_245,GCF_002090215.1;protein_167,GCF_000319655.2;protein_169,GCF_009947575.1;protein_169,GCF_009945865.1;protein_170,GCF_009943805.1;protein_169,GCF_002090295.1;protein_168,,,,,,,
GCF_910574535.1;protein_168,GCF_002128045.1;protein_169,GCF_000319675.2;protein_168,GCF_000027345.1;protein_170,GCF_000283755.1;protein_170,GCF_002127985.1;protein_169,GCF_009947205.1;protein_168,GCF_041931765.1;protein_249,GCF_040256845.1;protein_169,GCF_002128265.1;protein_170,GCF_041931565.1;protein_364,GCF_009944725.1;protein_170,GCF_002128145.1;protein_169,GCF_001558175.1;protein_172,GCF_009942155.1;protein_169,GCF_041931755.1;protein_249,GCF_001272775.1;protein_170,GCF_009939765.1;protein_170,GCF_002355715.1;protein_169,GCF_900660465.1;protein_558,GCF_002128285.1;protein_170,GCF_009944335.1;protein_169,GCF_001272755.1;protein_169,GCF_000733995.1;protein_246,GCF_002090215.1;protein_168,GCF_000319655.2;protein_170,GCF_009947575.1;protein_170,GCF_009945865.1;protein_171,GCF_009943805.1;protein_170,GCF_002090295.1;protein_169,,,,,,,
GCF_910574535.1;protein_169,GCF_002128045.1;protein_170,GCF_000319675.2;protein_169,GCF_000027345.1;protein_171,GCF_000283755.1;protein_171,GCF_002127985.1;protein_170,GCF_009947205.1;protein_169,GCF_041931765.1;protein_250,GCF_040256845.1;protein_170,GCF_002128265.1;protein_171,GCF_041931565.1;protein_365,GCF_009944725.1;protein_171,GCF_002128145.1;protein_170,GCF_001558175.1;protein_173,GCF_009942155.1;protein_170,GCF_041931755.1;protein_250,GCF_001272775.1;protein_171,GCF_009939765.1;protein_171,GCF_002355715.1;protein_170,GCF_900660465.1;protein_557,GCF_002128285.1;protein_171,GCF_009944335.1;protein_170,GCF_001272755.1;protein_170,GCF_000733995.1;protein_247,GCF_002090215.1;protein_169,GCF_000319655.2;protein_171,GCF_009947575.1;protein_171,GCF_009945865.1;protein_172,GCF_009943805.1;protein_171,GCF_002090295.1;protein_170,,,,,,,
GCF_910574535.1;protein_17,GCF_002128045.1;protein_17,GCF_000319675.2;protein_17,GCF_000027345.1;protein_17,GCF_000283755.1;protein_17,GCF_002127985.1;protein_17,GCF_009947205.1;protein_17,GCF_041931765.1;protein_94,GCF_040256845.1;protein_17,GCF_002128265.1;protein_17,GCF_041931565.1;protein_213,GCF_009944725.1;protein_17,GCF_002128145.1;protein_17,GCF_001558175.1;protein_17,GCF_009942155.1;protein_17,GCF_041931755.1;protein_94,GCF_001272775.1;protein_17,GCF_009939765.1;protein_17,GCF_002355715.1;protein_17,GCF_900660465.1;protein_710,GCF_002128285.1;protein_17,GCF_009944335.1;protein_17,GCF_001272755.1;protein_17,GCF_000733995.1;protein_93,GCF_002090215.1;protein_17,GCF_000319655.2;protein_17,GCF_009947575.1;protein_17,GCF_009945865.1;protein_17,GCF_009943805.1;protein_17,GCF_002090295.1;protein_17,,,,,,,
GCF_910574535.1;protein_170,GCF_002128045.1;protein_171,GCF_000319675.2;protein_170,GCF_000027345.1;protein_172,GCF_000283755.1;protein_172,GCF_002127985.1;protein_171,GCF_009947205.1;protein_170,GCF_041931765.1;protein_251,GCF_040256845.1;protein_171,GCF_002128265.1;protein_172,GCF_041931565.1;protein_366,GCF_009944725.1;protein_172,GCF_002128145.1;protein_171,GCF_001558175.1;protein_174,GCF_009942155.1;protein_171,GCF_041931755.1;protein_251,GCF_001272775.1;protein_172,GCF_009939765.1;protein_172,GCF_002355715.1;protein_171,GCF_900660465.1;protein_556,GCF_002128285.1;protein_172,GCF_009944335.1;protein_171,GCF_001272755.1;protein_171,GCF_000733995.1;protein_248,GCF_002090215.1;protein_170,GCF_000319655.2;protein_172,GCF_009947575.1;protein_172,GCF_009945865.1;protein_173,GCF_009943805.1;protein_172,GCF_002090295.1;protein_171,,,,,,,
GCF_910574535.1;protein_171,GCF_002128045.1;protein_172,GCF_000319675.2;protein_171,GCF_000027345.1;protein_173,GCF_000283755.1;protein_173,GCF_002127985.1;protein_172,GCF_009947205.1;protein_171,GCF_041931765.1;protein_252,GCF_040256845.1;protein_172,GCF_002128265.1;protein_173,GCF_041931565.1;protein_367,GCF_009944725.1;protein_173,GCF_002128145.1;protein_172,GCF_001558175.1;protein_175,GCF_009942155.1;protein_172,GCF_041931755.1;protein_252,GCF_001272775.1;protein_173,GCF_009939765.1;protein_173,GCF_002355715.1;protein_172,GCF_900660465.1;protein_555,GCF_002128285.1;protein_173,GCF_009944335.1;protein_172,GCF_001272755.1;protein_172,GCF_000733995.1;protein_249,GCF_002090215.1;protein_171,GCF_000319655.2;protein_173,GCF_009947575.1;protein_173,GCF_009945865.1;protein_174,GCF_009943805.1;protein_173,GCF_002090295.1;protein_172,,,,,,,
GCF_910574535.1;protein_172,GCF_002128045.1;protein_173,GCF_000319675.2;protein_172,GCF_000027345.1;protein_174,GCF_000283755.1;protein_174,GCF_002127985.1;protein_173,GCF_009947205.1;protein_172,GCF_041931765.1;protein_253,GCF_040256845.1;protein_173,GCF_002128265.1;protein_174,GCF_041931565.1;protein_368,GCF_009944725.1;protein_174,GCF_002128145.1;protein_173,GCF_001558175.1;protein_176,GCF_009942155.1;protein_173,GCF_041931755.1;protein_253,GCF_001272775.1;protein_174,GCF_009939765.1;protein_174,GCF_002355715.1;protein_173,GCF_900660465.1;protein_554,GCF_002128285.1;protein_174,GCF_009944335.1;protein_173,GCF_001272755.1;protein_173,GCF_000733995.1;protein_250,GCF_002090215.1;protein_172,GCF_000319655.2;protein_174,GCF_009947575.1;protein_174,GCF_009945865.1;protein_175,GCF_009943805.1;protein_174,GCF_002090295.1;protein_173,,,,,,,
GCF_910574535.1;protein_173,GCF_002128045.1;protein_174,GCF_000319675.2;protein_173,GCF_000027345.1;protein_175,GCF_000283755.1;protein_175,GCF_002127985.1;protein_174,GCF_009947205.1;protein_173,GCF_041931765.1;protein_254,GCF_040256845.1;protein_174,GCF_002128265.1;protein_175,GCF_041931565.1;protein_369,GCF_009944725.1;protein_175,GCF_002128145.1;protein_174,GCF_001558175.1;protein_177,GCF_009942155.1;protein_174,GCF_041931755.1;protein_254,GCF_001272775.1;protein_175,GCF_009939765.1;protein_175,GCF_002355715.1;protein_174,GCF_900660465.1;protein_553,GCF_002128285.1;protein_175,GCF_009944335.1;protein_174,GCF_001272755.1;protein_174,GCF_000733995.1;protein_251,GCF_002090215.1;protein_173,GCF_000319655.2;protein_175,GCF_009947575.1;protein_175,GCF_009945865.1;protein_176,GCF_009943805.1;protein_175,GCF_002090295.1;protein_174,,,,,,,
GCF_910574535.1;protein_174,GCF_002128045.1;protein_175,GCF_000319675.2;protein_174,GCF_000027345.1;protein_176,GCF_000283755.1;protein_176,GCF_002127985.1;protein_175,GCF_009947205.1;protein_174,GCF_041931765.1;protein_255,GCF_040256845.1;protein_175,GCF_002128265.1;protein_176,GCF_041931565.1;protein_370,GCF_009944725.1;protein_176,GCF_002128145.1;protein_175,GCF_001558175.1;protein_178,GCF_009942155.1;protein_175,GCF_041931755.1;protein_255,GCF_001272775.1;protein_176,GCF_009939765.1;protein_176,GCF_002355715.1;protein_175,GCF_900660465.1;protein_552,GCF_002128285.1;protein_176,GCF_009944335.1;protein_175,GCF_001272755.1;protein_175,GCF_000733995.1;protein_252,GCF_002090215.1;protein_174,GCF_000319655.2;protein_176,GCF_009947575.1;protein_176,GCF_009945865.1;protein_177,GCF_009943805.1;protein_176,GCF_002090295.1;protein_175,,,,,,,
GCF_910574535.1;protein_175,GCF_002128045.1;protein_176,GCF_000319675.2;protein_175,GCF_000027345.1;protein_177,GCF_000283755.1;protein_177,GCF_002127985.1;protein_176,GCF_009947205.1;protein_175,GCF_041931765.1;protein_256,GCF_040256845.1;protein_176,GCF_002128265.1;protein_177,GCF_041931565.1;protein_371,GCF_009944725.1;protein_177,GCF_002128145.1;protein_176,GCF_001558175.1;protein_179,GCF_009942155.1;protein_176,GCF_041931755.1;protein_256,GCF_001272775.1;protein_177,GCF_009939765.1;protein_177,GCF_002355715.1;protein_176,GCF_900660465.1;protein_551,GCF_002128285.1;protein_177,GCF_009944335.1;protein_176,GCF_001272755.1;protein_176,GCF_000733995.1;protein_253,GCF_002090215.1;protein_175,GCF_000319655.2;protein_177,GCF_009947575.1;protein_177,GCF_009945865.1;protein_178,GCF_009943805.1;protein_177,GCF_002090295.1;protein_176,,,,,,,
GCF_910574535.1;protein_176,GCF_002128045.1;protein_177,GCF_000319675.2;protein_176,GCF_000027345.1;protein_178,GCF_000283755.1;protein_178,GCF_002127985.1;protein_177,GCF_009947205.1;protein_176,GCF_041931765.1;protein_257,GCF_040256845.1;protein_177,GCF_002128265.1;protein_178,GCF_041931565.1;protein_372,GCF_009944725.1;protein_178,GCF_002128145.1;protein_177,GCF_001558175.1;protein_180,GCF_009942155.1;protein_177,GCF_041931755.1;protein_257,GCF_001272775.1;protein_178,GCF_009939765.1;protein_178,GCF_002355715.1;protein_177,GCF_900660465.1;protein_550,GCF_002128285.1;protein_178,GCF_009944335.1;protein_177,GCF_001272755.1;protein_177,GCF_000733995.1;protein_254,GCF_002090215.1;protein_176,GCF_000319655.2;protein_178,GCF_009947575.1;protein_178,GCF_009945865.1;protein_179,GCF_009943805.1;protein_178,GCF_002090295.1;protein_177,,,,,,,
GCF_910574535.1;protein_177,GCF_002128045.1;protein_178,GCF_000319675.2;protein_177,GCF_000027345.1;protein_179,GCF_000283755.1;protein_179,GCF_002127985.1;protein_178,GCF_009947205.1;protein_177,GCF_041931765.1;protein_258,GCF_040256845.1;protein_178,GCF_002128265.1;protein_179,GCF_041931565.1;protein_373,GCF_009944725.1;protein_179,GCF_002128145.1;protein_178,GCF_001558175.1;protein_181,GCF_009942155.1;protein_178,GCF_041931755.1;protein_258,GCF_001272775.1;protein_179,GCF_009939765.1;protein_179,GCF_002355715.1;protein_178,GCF_900660465.1;protein_549,GCF_002128285.1;protein_179,GCF_009944335.1;protein_178,GCF_001272755.1;protein_178,GCF_000733995.1;protein_255,GCF_002090215.1;protein_177,GCF_000319655.2;protein_179,GCF_009947575.1;protein_179,GCF_009945865.1;protein_180,GCF_009943805.1;protein_179,GCF_002090295.1;protein_178,,,,,,,
GCF_910574535.1;protein_178,GCF_002128045.1;protein_179,GCF_000319675.2;protein_178,GCF_000027345.1;protein_180,GCF_000283755.1;protein_180,GCF_002127985.1;protein_179,GCF_009947205.1;protein_178,GCF_041931765.1;protein_259,GCF_040256845.1;protein_179,GCF_002128265.1;protein_180,GCF_041931565.1;protein_374,GCF_009944725.1;protein_180,GCF_002128145.1;protein_179,GCF_001558175.1;protein_182,GCF_009942155.1;protein_179,GCF_041931755.1;protein_259,GCF_001272775.1;protein_180,GCF_009939765.1;protein_180,GCF_002355715.1;protein_179,GCF_900660465.1;protein_548,GCF_002128285.1;protein_180,GCF_009944335.1;protein_179,GCF_001272755.1;protein_179,GCF_000733995.1;protein_256,GCF_002090215.1;protein_178,GCF_000319655.2;protein_180,GCF_009947575.1;protein_180,GCF_009945865.1;protein_181,GCF_009943805.1;protein_180,GCF_002090295.1;protein_179,,,,,,,
GCF_910574535.1;protein_179,GCF_002128045.1;protein_180,GCF_000319675.2;protein_179,GCF_000027345.1;protein_181,GCF_000283755.1;protein_181,GCF_002127985.1;protein_180,GCF_009947205.1;protein_179,GCF_041931765.1;protein_260,GCF_040256845.1;protein_180,GCF_002128265.1;protein_181,GCF_041931565.1;protein_375,GCF_009944725.1;protein_181,GCF_002128145.1;protein_180,GCF_001558175.1;protein_183,GCF_009942155.1;protein_180,GCF_041931755.1;protein_260,GCF_001272775.1;protein_181,GCF_009939765.1;protein_181,GCF_002355715.1;protein_180,GCF_900660465.1;protein_547,GCF_002128285.1;protein_181,GCF_009944335.1;protein_180,GCF_001272755.1;protein_180,GCF_000733995.1;protein_257,GCF_002090215.1;protein_179,GCF_000319655.2;protein_181,GCF_009947575.1;protein_181,GCF_009945865.1;protein_182,GCF_009943805.1;protein_181,GCF_002090295.1;protein_180,,,,,,,
GCF_910574535.1;protein_18,GCF_002128045.1;protein_18,GCF_000319675.2;protein_18,GCF_000027345.1;protein_18,GCF_000283755.1;protein_18,GCF_002127985.1;protein_18,GCF_009947205.1;protein_18,GCF_041931765.1;protein_95,GCF_040256845.1;protein_18,GCF_002128265.1;protein_18,GCF_041931565.1;protein_214,GCF_009944725.1;protein_18,GCF_002128145.1;protein_18,GCF_001558175.1;protein_18,GCF_009942155.1;protein_18,GCF_041931755.1;protein_95,GCF_001272775.1;protein_18,GCF_009939765.1;protein_18,GCF_002355715.1;protein_18,GCF_900660465.1;protein_709,GCF_002128285.1;protein_18,GCF_009944335.1;protein_18,GCF_001272755.1;protein_18,GCF_000733995.1;protein_94,GCF_002090215.1;protein_18,GCF_000319655.2;protein_18,GCF_009947575.1;protein_18,GCF_009945865.1;protein_18,GCF_009943805.1;protein_18,GCF_002090295.1;protein_18,,,,,,,
GCF_910574535.1;protein_180,GCF_002128045.1;protein_181,GCF_000319675.2;protein_180,GCF_000027345.1;protein_182,GCF_000283755.1;protein_182,GCF_002127985.1;protein_181,GCF_009947205.1;protein_180,GCF_041931765.1;protein_261,GCF_040256845.1;protein_181,GCF_002128265.1;protein_182,GCF_041931565.1;protein_376,GCF_009944725.1;protein_182,GCF_002128145.1;protein_181,GCF_001558175.1;protein_184,GCF_009942155.1;protein_181,GCF_041931755.1;protein_261,GCF_001272775.1;protein_182,GCF_009939765.1;protein_182,GCF_002355715.1;protein_181,GCF_900660465.1;protein_546,GCF_002128285.1;protein_182,GCF_009944335.1;protein_181,GCF_001272755.1;protein_181,GCF_000733995.1;protein_258,GCF_002090215.1;protein_180,GCF_000319655.2;protein_182,GCF_009947575.1;protein_182,GCF_009945865.1;protein_183,GCF_009943805.1;protein_182,GCF_002090295.1;protein_181,,,,,,,
GCF_910574535.1;protein_181,GCF_002128045.1;protein_182,GCF_000319675.2;protein_181,GCF_000027345.1;protein_183,GCF_000283755.1;protein_183,GCF_002127985.1;protein_182,GCF_009947205.1;protein_181,GCF_041931765.1;protein_262,GCF_040256845.1;protein_182,GCF_002128265.1;protein_183,GCF_041931565.1;protein_377,GCF_009944725.1;protein_183,GCF_002128145.1;protein_182,GCF_001558175.1;protein_185,GCF_009942155.1;protein_182,GCF_041931755.1;protein_262,GCF_001272775.1;protein_183,GCF_009939765.1;protein_183,GCF_002355715.1;protein_182,GCF_900660465.1;protein_545,GCF_002128285.1;protein_183,GCF_009944335.1;protein_182,GCF_001272755.1;protein_182,GCF_000733995.1;protein_259,GCF_002090215.1;protein_181,GCF_000319655.2;protein_183,GCF_009947575.1;protein_183,GCF_009945865.1;protein_184,GCF_009943805.1;protein_183,GCF_002090295.1;protein_182,,,,,,,
GCF_910574535.1;protein_182,GCF_002128045.1;protein_183,GCF_000319675.2;protein_182,GCF_000027345.1;protein_184,GCF_000283755.1;protein_184,GCF_002127985.1;protein_183,GCF_009947205.1;protein_182,GCF_041931765.1;protein_263,GCF_040256845.1;protein_183,GCF_002128265.1;protein_184,GCF_041931565.1;protein_378,GCF_009944725.1;protein_184,GCF_002128145.1;protein_183,GCF_001558175.1;protein_186,GCF_009942155.1;protein_183,GCF_041931755.1;protein_263,GCF_001272775.1;protein_184,GCF_009939765.1;protein_184,GCF_002355715.1;protein_183,GCF_900660465.1;protein_544,GCF_002128285.1;protein_184,GCF_009944335.1;protein_183,GCF_001272755.1;protein_183,GCF_000733995.1;protein_260,GCF_002090215.1;protein_182,GCF_000319655.2;protein_184,GCF_009947575.1;protein_184,GCF_009945865.1;protein_185,GCF_009943805.1;protein_184,GCF_002090295.1;protein_183,,,,,,,
GCF_910574535.1;protein_183,GCF_002128045.1;protein_184,GCF_000319675.2;protein_183,GCF_000027345.1;protein_185,GCF_000283755.1;protein_185,GCF_002127985.1;protein_184,GCF_009947205.1;protein_183,GCF_041931765.1;protein_264,GCF_040256845.1;protein_184,GCF_002128265.1;protein_185,GCF_041931565.1;protein_379,GCF_009944725.1;protein_185,GCF_002128145.1;protein_184,GCF_001558175.1;protein_187,GCF_009942155.1;protein_184,GCF_041931755.1;protein_264,GCF_001272775.1;protein_185,GCF_009939765.1;protein_185,GCF_002355715.1;protein_184,GCF_900660465.1;protein_543,GCF_002128285.1;protein_185,GCF_009944335.1;protein_184,GCF_001272755.1;protein_184,GCF_000733995.1;protein_261,GCF_002090215.1;protein_183,GCF_000319655.2;protein_185,GCF_009947575.1;protein_185,GCF_009945865.1;protein_186,GCF_009943805.1;protein_185,GCF_002090295.1;protein_184,,,,,,,
GCF_910574535.1;protein_184,GCF_002128045.1;protein_185,GCF_000319675.2;protein_184,GCF_000027345.1;protein_186,GCF_000283755.1;protein_186,GCF_002127985.1;protein_185,GCF_009947205.1;protein_184,GCF_041931765.1;protein_265,GCF_040256845.1;protein_185,GCF_002128265.1;protein_186,GCF_041931565.1;protein_380,GCF_009944725.1;protein_186,GCF_002128145.1;protein_185,GCF_001558175.1;protein_188,GCF_009942155.1;protein_185,GCF_041931755.1;protein_265,GCF_001272775.1;protein_186,GCF_009939765.1;protein_186,GCF_002355715.1;protein_185,GCF_900660465.1;protein_542,GCF_002128285.1;protein_186,GCF_009944335.1;protein_185,GCF_001272755.1;protein_185,GCF_000733995.1;protein_262,GCF_002090215.1;protein_184,GCF_000319655.2;protein_186,GCF_009947575.1;protein_186,GCF_009945865.1;protein_187,GCF_009943805.1;protein_186,GCF_002090295.1;protein_185,,,,,,,
GCF_910574535.1;protein_185,GCF_002128045.1;protein_186,GCF_000319675.2;protein_185,GCF_000027345.1;protein_187,GCF_000283755.1;protein_187,GCF_002127985.1;protein_186,GCF_009947205.1;protein_185,GCF_041931765.1;protein_266,GCF_040256845.1;protein_186,GCF_002128265.1;protein_187,GCF_041931565.1;protein_381,GCF_009944725.1;protein_187,GCF_002128145.1;protein_186,GCF_001558175.1;protein_189,GCF_009942155.1;protein_186,GCF_041931755.1;protein_266,GCF_001272775.1;protein_187,GCF_009939765.1;protein_187,GCF_002355715.1;protein_186,GCF_900660465.1;protein_541,GCF_002128285.1;protein_187,GCF_009944335.1;protein_186,GCF_001272755.1;protein_186,GCF_000733995.1;protein_263,GCF_002090215.1;protein_185,GCF_000319655.2;protein_187,GCF_009947575.1;protein_187,GCF_009945865.1;protein_188,GCF_009943805.1;protein_187,GCF_002090295.1;protein_186,,,,,,,
GCF_910574535.1;protein_186,GCF_002128045.1;protein_187,GCF_000319675.2;protein_186,GCF_000027345.1;protein_188,GCF_000283755.1;protein_188,GCF_002127985.1;protein_187,GCF_009947205.1;protein_186,GCF_041931765.1;protein_267,GCF_040256845.1;protein_187,GCF_002128265.1;protein_188,GCF_041931565.1;protein_382,GCF_009944725.1;protein_188,GCF_002128145.1;protein_187,GCF_001558175.1;protein_190,GCF_009942155.1;protein_187,GCF_041931755.1;protein_267,GCF_001272775.1;protein_188,GCF_009939765.1;protein_188,GCF_002355715.1;protein_187,GCF_900660465.1;protein_540,GCF_002128285.1;protein_188,GCF_009944335.1;protein_187,GCF_001272755.1;protein_187,GCF_000733995.1;protein_264,GCF_002090215.1;protein_186,GCF_000319655.2;protein_188,GCF_009947575.1;protein_188,GCF_009945865.1;protein_189,GCF_009943805.1;protein_188,GCF_002090295.1;protein_187,,,,,,,
GCF_910574535.1;protein_187,GCF_002128045.1;protein_188,GCF_000319675.2;protein_187,GCF_000027345.1;protein_189,GCF_000283755.1;protein_189,GCF_002127985.1;protein_188,GCF_009947205.1;protein_187,GCF_041931765.1;protein_268,GCF_040256845.1;protein_188,GCF_002128265.1;protein_189,GCF_041931565.1;protein_383,GCF_009944725.1;protein_189,GCF_002128145.1;protein_188,GCF_001558175.1;protein_191,GCF_009942155.1;protein_188,GCF_041931755.1;protein_268,GCF_001272775.1;protein_189,GCF_009939765.1;protein_189,GCF_002355715.1;protein_188,GCF_900660465.1;protein_539,GCF_002128285.1;protein_189,GCF_009944335.1;protein_188,GCF_001272755.1;protein_188,GCF_000733995.1;protein_265,GCF_002090215.1;protein_187,GCF_000319655.2;protein_189,GCF_009947575.1;protein_189,GCF_009945865.1;protein_190,GCF_009943805.1;protein_189,GCF_002090295.1;protein_188,,,,,,,
GCF_910574535.1;protein_188,GCF_002128045.1;protein_189,GCF_000319675.2;protein_188,GCF_000027345.1;protein_190,GCF_000283755.1;protein_190,GCF_002127985.1;protein_189,GCF_009947205.1;protein_188,GCF_041931765.1;protein_269,GCF_040256845.1;protein_189,GCF_002128265.1;protein_190,GCF_041931565.1;protein_384,GCF_009944725.1;protein_190,GCF_002128145.1;protein_189,GCF_001558175.1;protein_192,GCF_009942155.1;protein_189,GCF_041931755.1;protein_269,GCF_001272775.1;protein_190,GCF_009939765.1;protein_190,GCF_002355715.1;protein_189,GCF_900660465.1;protein_538,GCF_002128285.1;protein_190,GCF_009944335.1;protein_189,GCF_001272755.1;protein_189,GCF_000733995.1;protein_266,GCF_002090215.1;protein_188,GCF_000319655.2;protein_190,GCF_009947575.1;protein_190,GCF_009945865.1;protein_191,GCF_009943805.1;protein_190,GCF_002090295.1;protein_189,,,,,,,
GCF_910574535.1;protein_189,GCF_002128045.1;protein_190,GCF_000319675.2;protein_189,GCF_000027345.1;protein_191,GCF_000283755.1;protein_191,GCF_002127985.1;protein_190,GCF_009947205.1;protein_189,GCF_041931765.1;protein_270,GCF_040256845.1;protein_190,GCF_002128265.1;protein_191,GCF_041931565.1;protein_385,GCF_009944725.1;protein_191,GCF_002128145.1;protein_190,GCF_001558175.1;protein_193,GCF_009942155.1;protein_190,GCF_041931755.1;protein_270,GCF_001272775.1;protein_191,GCF_009939765.1;protein_191,GCF_002355715.1;protein_190,GCF_900660465.1;protein_537,GCF_002128285.1;protein_191,GCF_009944335.1;protein_190,GCF_001272755.1;protein_190,GCF_000733995.1;protein_267,GCF_002090215.1;protein_189,GCF_000319655.2;protein_191,GCF_009947575.1;protein_191,GCF_009945865.1;protein_192,GCF_009943805.1;protein_191,GCF_002090295.1;protein_190,,,,,,,
GCF_910574535.1;protein_19,GCF_002128045.1;protein_19,GCF_000319675.2;protein_19,GCF_000027345.1;protein_19,GCF_000283755.1;protein_19,GCF_002127985.1;protein_19,GCF_009947205.1;protein_19,GCF_041931765.1;protein_96,GCF_040256845.1;protein_19,GCF_002128265.1;protein_19,GCF_041931565.1;protein_215,GCF_009944725.1;protein_19,GCF_002128145.1;protein_19,GCF_001558175.1;protein_19,GCF_009942155.1;protein_19,GCF_041931755.1;protein_96,GCF_001272775.1;protein_19,GCF_009939765.1;protein_19,GCF_002355715.1;protein_19,GCF_900660465.1;protein_708,GCF_002128285.1;protein_19,GCF_009944335.1;protein_19,GCF_001272755.1;protein_19,GCF_000733995.1;protein_95,GCF_002090215.1;protein_19,GCF_000319655.2;protein_19,GCF_009947575.1;protein_19,GCF_009945865.1;protein_19,GCF_009943805.1;protein_19,GCF_002090295.1;protein_19,,,,,,,
GCF_910574535.1;protein_190,GCF_002128045.1;protein_191,GCF_000319675.2;protein_190,GCF_000027345.1;protein_192,GCF_000283755.1;protein_192,GCF_002127985.1;protein_191,GCF_009947205.1;protein_190,GCF_041931765.1;protein_271,GCF_040256845.1;protein_191,GCF_002128265.1;protein_192,GCF_041931565.1;protein_386,GCF_009944725.1;protein_192,GCF_002128145.1;protein_191,GCF_001558175.1;protein_194,GCF_009942155.1;protein_191,GCF_041931755.1;protein_271,GCF_001272775.1;protein_192,GCF_009939765.1;protein_192,GCF_002355715.1;protein_191,GCF_900660465.1;protein_536,GCF_002128285.1;protein_192,GCF_009944335.1;protein_191,GCF_001272755.1;protein_191,GCF_000733995.1;protein_268,GCF_002090215.1;protein_190,GCF_000319655.2;protein_192,GCF_009947575.1;protein_192,GCF_009945865.1;protein_193,GCF_009943805.1;protein_192,GCF_002090295.1;protein_191,,,,,,,
GCF_910574535.1;protein_191,GCF_002128045.1;protein_192,GCF_000319675.2;protein_191,GCF_000027345.1;protein_193,GCF_000283755.1;protein_193,GCF_002127985.1;protein_192,GCF_009947205.1;protein_191,GCF_041931765.1;protein_272,GCF_040256845.1;protein_192,GCF_002128265.1;protein_193,GCF_041931565.1;protein_387,GCF_009944725.1;protein_193,GCF_002128145.1;protein_192,GCF_001558175.1;protein_195,GCF_009942155.1;protein_192,GCF_041931755.1;protein_272,GCF_001272775.1;protein_193,GCF_009939765.1;protein_193,GCF_002355715.1;protein_192,GCF_900660465.1;protein_535,GCF_002128285.1;protein_193,GCF_009944335.1;protein_192,GCF_001272755.1;protein_192,GCF_000733995.1;protein_269,GCF_002090215.1;protein_191,GCF_000319655.2;protein_193,GCF_009947575.1;protein_193,GCF_009945865.1;protein_194,GCF_009943805.1;protein_193,GCF_002090295.1;protein_192,,,,,,,
GCF_910574535.1;protein_192,GCF_002128045.1;protein_193,GCF_000319675.2;protein_192,GCF_000027345.1;protein_194,GCF_000283755.1;protein_194,GCF_002127985.1;protein_193,GCF_009947205.1;protein_192,GCF_041931765.1;protein_273,GCF_040256845.1;protein_193,GCF_002128265.1;protein_194,GCF_041931565.1;protein_388,GCF_009944725.1;protein_194,GCF_002128145.1;protein_193,GCF_001558175.1;protein_196,GCF_009942155.1;protein_193,GCF_041931755.1;protein_273,GCF_001272775.1;protein_194,GCF_009939765.1;protein_194,GCF_002355715.1;protein_193,GCF_900660465.1;protein_534,GCF_002128285.1;protein_194,GCF_009944335.1;protein_193,GCF_001272755.1;protein_193,GCF_000733995.1;protein_270,GCF_002090215.1;protein_192,GCF_000319655.2;protein_194,GCF_009947575.1;protein_194,GCF_009945865.1;protein_195,GCF_009943805.1;protein_194,GCF_002090295.1;protein_193,,,,,,,
GCF_910574535.1;protein_193,GCF_002128045.1;protein_194,GCF_000319675.2;protein_193,GCF_000027345.1;protein_195,GCF_000283755.1;protein_195,GCF_002127985.1;protein_194,GCF_009947205.1;protein_193,GCF_041931765.1;protein_274,GCF_040256845.1;protein_194,GCF_002128265.1;protein_195,GCF_041931565.1;protein_389,GCF_009944725.1;protein_195,GCF_002128145.1;protein_194,GCF_001558175.1;protein_197,GCF_009942155.1;protein_194,GCF_041931755.1;protein_274,GCF_001272775.1;protein_195,GCF_009939765.1;protein_195,GCF_002355715.1;protein_194,GCF_900660465.1;protein_533,GCF_002128285.1;protein_195,GCF_009944335.1;protein_194,GCF_001272755.1;protein_194,GCF_000733995.1;protein_271,GCF_002090215.1;protein_193,GCF_000319655.2;protein_195,GCF_009947575.1;protein_195,GCF_009945865.1;protein_196,GCF_009943805.1;protein_195,GCF_002090295.1;protein_194,,,,,,,
GCF_910574535.1;protein_194,GCF_002128045.1;protein_195,GCF_000319675.2;protein_194,GCF_000027345.1;protein_196,GCF_000283755.1;protein_196,GCF_002127985.1;protein_195,GCF_009947205.1;protein_194,GCF_041931765.1;protein_275,GCF_040256845.1;protein_195,GCF_002128265.1;protein_196,GCF_041931565.1;protein_390,GCF_009944725.1;protein_196,GCF_002128145.1;protein_195,GCF_001558175.1;protein_198,GCF_009942155.1;protein_195,GCF_041931755.1;protein_275,GCF_001272775.1;protein_196,GCF_009939765.1;protein_196,GCF_002355715.1;protein_195,GCF_900660465.1;protein_532,GCF_002128285.1;protein_196,GCF_009944335.1;protein_195,GCF_001272755.1;protein_195,GCF_000733995.1;protein_272,GCF_002090215.1;protein_194,GCF_000319655.2;protein_196,GCF_009947575.1;protein_196,GCF_009945865.1;protein_197,GCF_009943805.1;protein_196,GCF_002090295.1;protein_195,,,,,,,
GCF_910574535.1;protein_195,GCF_002128045.1;protein_196,GCF_000319675.2;protein_195,GCF_000027345.1;protein_197,GCF_000283755.1;protein_197,GCF_002127985.1;protein_196,GCF_009947205.1;protein_195,GCF_041931765.1;protein_276,GCF_040256845.1;protein_196,GCF_002128265.1;protein_197,GCF_041931565.1;protein_391,GCF_009944725.1;protein_197,GCF_002128145.1;protein_196,GCF_001558175.1;protein_199,GCF_009942155.1;protein_196,GCF_041931755.1;protein_276,GCF_001272775.1;protein_197,GCF_009939765.1;protein_197,GCF_002355715.1;protein_196,GCF_900660465.1;protein_531,GCF_002128285.1;protein_197,GCF_009944335.1;protein_196,GCF_001272755.1;protein_196,GCF_000733995.1;protein_273,GCF_002090215.1;protein_195,GCF_000319655.2;protein_197,GCF_009947575.1;protein_197,GCF_009945865.1;protein_198,GCF_009943805.1;protein_197,GCF_002090295.1;protein_196,,,,,,,
GCF_910574535.1;protein_196,GCF_002128045.1;protein_197,GCF_000319675.2;protein_196,GCF_000027345.1;protein_198,GCF_000283755.1;protein_198,GCF_002127985.1;protein_197,GCF_009947205.1;protein_196,GCF_041931765.1;protein_277,GCF_040256845.1;protein_197,GCF_002128265.1;protein_198,GCF_041931565.1;protein_392,GCF_009944725.1;protein_198,GCF_002128145.1;protein_197,GCF_001558175.1;protein_200,GCF_009942155.1;protein_197,GCF_041931755.1;protein_277,GCF_001272775.1;protein_198,GCF_009939765.1;protein_198,GCF_002355715.1;protein_197,GCF_900660465.1;protein_530,GCF_002128285.1;protein_198,GCF_009944335.1;protein_197,GCF_001272755.1;protein_197,GCF_000733995.1;protein_274,GCF_002090215.1;protein_196,GCF_000319655.2;protein_198,GCF_009947575.1;protein_198,GCF_009945865.1;protein_199,GCF_009943805.1;protein_198,GCF_002090295.1;protein_197,,,,,,,
GCF_910574535.1;protein_197,GCF_002128045.1;protein_198,GCF_000319675.2;protein_197,GCF_000027345.1;protein_199,GCF_000283755.1;protein_199,GCF_002127985.1;protein_198,GCF_009947205.1;protein_197,GCF_041931765.1;protein_278,GCF_040256845.1;protein_198,GCF_002128265.1;protein_199,GCF_041931565.1;protein_393,GCF_009944725.1;protein_199,GCF_002128145.1;protein_198,GCF_001558175.1;protein_201,GCF_009942155.1;protein_198,GCF_041931755.1;protein_278,GCF_001272775.1;protein_199,GCF_009939765.1;protein_199,GCF_002355715.1;protein_198,GCF_900660465.1;protein_529,GCF_002128285.1;protein_199,GCF_009944335.1;protein_198,GCF_001272755.1;protein_198,GCF_000733995.1;protein_275,GCF_002090215.1;protein_197,GCF_000319655.2;protein_199,GCF_009947575.1;protein_199,GCF_009945865.1;protein_200,GCF_009943805.1;protein_199,GCF_002090295.1;protein_198,,,,,,,
GCF_910574535.1;protein_198,GCF_002128045.1;protein_199,GCF_000319675.2;protein_198,GCF_000027345.1;protein_200,GCF_000283755.1;protein_200,GCF_002127985.1;protein_199,GCF_009947205.1;protein_198,GCF_041931765.1;protein_279,GCF_040256845.1;protein_199,GCF_002128265.1;protein_200,GCF_041931565.1;protein_394,GCF_009944725.1;protein_200,GCF_002128145.1;protein_199,GCF_001558175.1;protein_202,GCF_009942155.1;protein_199,GCF_041931755.1;protein_279,GCF_001272775.1;protein_200,GCF_009939765.1;protein_200,GCF_002355715.1;protein_199,GCF_900660465.1;protein_528,GCF_002128285.1;protein_200,GCF_009944335.1;protein_199,GCF_001272755.1;protein_199,GCF_000733995.1;protein_276,GCF_002090215.1;protein_198,GCF_000319655.2;protein_200,GCF_009947575.1;protein_200,GCF_009945865.1;protein_201,GCF_009943805.1;protein_200,GCF_002090295.1;protein_199,,,,,,,
GCF_910574535.1;protein_199,GCF_002128045.1;protein_200,GCF_000319675.2;protein_199,GCF_000027345.1;protein_201,GCF_000283755.1;protein_201,GCF_002127985.1;protein_200,GCF_009947205.1;protein_199,GCF_041931765.1;protein_280,GCF_040256845.1;protein_200,GCF_002128265.1;protein_201,GCF_041931565.1;protein_395,GCF_009944725.1;protein_201,GCF_002128145.1;protein_200,GCF_001558175.1;protein_203,GCF_009942155.1;protein_200,GCF_041931755.1;protein_280,GCF_001272775.1;protein_201,GCF_009939765.1;protein_201,GCF_002355715.1;protein_200,GCF_900660465.1;protein_527,GCF_002128285.1;protein_201,GCF_009944335.1;protein_200,GCF_001272755.1;protein_200,GCF_000733995.1;protein_277,GCF_002090215.1;protein_199,GCF_000319655.2;protein_201,GCF_009947575.1;protein_201,GCF_009945865.1;protein_202,GCF_009943805.1;protein_201,GCF_002090295.1;protein_200,,,,,,,
GCF_910574535.1;protein_2,GCF_002128045.1;protein_2,GCF_000319675.2;protein_2,GCF_000027345.1;protein_2,GCF_000283755.1;protein_2,GCF_002127985.1;protein_2,GCF_009947205.1;protein_2,GCF_041931765.1;protein_79,GCF_040256845.1;protein_2,GCF_002128265.1;protein_2,GCF_041931565.1;protein_198,GCF_009944725.1;protein_2,GCF_002128145.1;protein_2,GCF_001558175.1;protein_2,GCF_009942155.1;protein_2,GCF_041931755.1;protein_79,GCF_001272775.1;protein_2,GCF_009939765.1;protein_2,GCF_002355715.1;protein_2,GCF_900660465.1;protein_725,GCF_002128285.1;protein_2,GCF_009944335.1;protein_2,GCF_001272755.1;protein_2,GCF_000733995.1;protein_78,GCF_002090215.1;protein_2,GCF_000319655.2;protein_2,GCF_009947575.1;protein_2,GCF_009945865.1;protein_2,GCF_009943805.1;protein_2,GCF_002090295.1;protein_2,,,,,,,
GCF_910574535.1;protein_20,GCF_002128045.1;protein_20,GCF_000319675.2;protein_20,GCF_000027345.1;protein_20,GCF_000283755.1;protein_20,GCF_002127985.1;protein_20,GCF_009947205.1;protein_20,GCF_041931765.1;protein_97,GCF_040256845.1;protein_20,GCF_002128265.1;protein_20,GCF_041931565.1;protein_216,GCF_009944725.1;protein_20,GCF_002128145.1;protein_20,GCF_001558175.1;protein_20,GCF_009942155.1;protein_20,GCF_041931755.1;protein_97,GCF_001272775.1;protein_20,GCF_009939765.1;protein_20,GCF_002355715.1;protein_20,GCF_900660465.1;protein_707,GCF_002128285.1;protein_20,GCF_009944335.1;protein_20,GCF_001272755.1;protein_20,GCF_000733995.1;protein_96,GCF_002090215.1;protein_20,GCF_000319655.2;protein_20,GCF_009947575.1;protein_20,GCF_009945865.1;protein_20,GCF_009943805.1;protein_20,GCF_002090295.1;protein_20,,,,,,,
GCF_910574535.1;protein_200,GCF_002128045.1;protein_201,GCF_000319675.2;protein_200,GCF_000027345.1;protein_202,GCF_000283755.1;protein_202,GCF_002127985.1;protein_201,GCF_009947205.1;protein_200,GCF_041931765.1;protein_281,GCF_040256845.1;protein_201,GCF_002128265.1;protein_202,GCF_041931565.1;protein_396,GCF_009944725.1;protein_202,GCF_002128145.1;protein_201,GCF_001558175.1;protein_204,GCF_009942155.1;protein_201,GCF_041931755.1;protein_281,GCF_001272775.1;protein_202,GCF_009939765.1;protein_202,GCF_002355715.1;protein_201,GCF_900660465.1;protein_526,GCF_002128285.1;protein_202,GCF_009944335.1;protein_201,GCF_001272755.1;protein_201,GCF_000733995.1;protein_278,GCF_002090215.1;protein_200,GCF_000319655.2;protein_202,GCF_009947575.1;protein_202,GCF_009945865.1;protein_203,GCF_009943805.1;protein_202,GCF_002090295.1;protein_201,,,,,,,
GCF_910574535.1;protein_201,GCF_002128045.1;protein_202,GCF_000319675.2;protein_201,GCF_000027345.1;protein_203,GCF_000283755.1;protein_203,GCF_002127985.1;protein_202,GCF_009947205.1;protein_201,GCF_041931765.1;protein_282,GCF_040256845.1;protein_202,GCF_002128265.1;protein_203,GCF_041931565.1;protein_397,GCF_009944725.1;protein_203,GCF_002128145.1;protein_202,GCF_001558175.1;protein_205,GCF_009942155.1;protein_202,GCF_041931755.1;protein_282,GCF_001272775.1;protein_203,GCF_009939765.1;protein_203,GCF_002355715.1;protein_202,GCF_900660465.1;protein_525,GCF_002128285.1;protein_203,GCF_009944335.1;protein_202,GCF_001272755.1;protein_202,GCF_000733995.1;protein_279,GCF_002090215.1;protein_201,GCF_000319655.2;protein_203,GCF_009947575.1;protein_203,GCF_009945865.1;protein_204,GCF_009943805.1;protein_203,GCF_002090295.1;protein_202,,,,,,,
GCF_910574535.1;protein_202,GCF_002128045.1;protein_203,GCF_000319675.2;protein_202,GCF_000027345.1;protein_204,GCF_000283755.1;protein_204,GCF_002127985.1;protein_203,GCF_009947205.1;protein_202,GCF_041931765.1;protein_283,GCF_040256845.1;protein_203,GCF_002128265.1;protein_204,GCF_041931565.1;protein_398,GCF_009944725.1;protein_204,GCF_002128145.1;protein_203,GCF_001558175.1;protein_206,GCF_009942155.1;protein_203,GCF_041931755.1;protein_283,GCF_001272775.1;protein_204,GCF_009939765.1;protein_204,GCF_002355715.1;protein_203,GCF_900660465.1;protein_524,GCF_002128285.1;protein_204,GCF_009944335.1;protein_203,GCF_001272755.1;protein_203,GCF_000733995.1;protein_280,GCF_002090215.1;protein_202,GCF_000319655.2;protein_204,GCF_009947575.1;protein_204,GCF_009945865.1;protein_205,GCF_009943805.1;protein_204,GCF_002090295.1;protein_203,,,,,,,
GCF_910574535.1;protein_203,GCF_002128045.1;protein_204,GCF_000319675.2;protein_203,GCF_000027345.1;protein_205,GCF_000283755.1;protein_205,GCF_002127985.1;protein_204,GCF_009947205.1;protein_203,GCF_041931765.1;protein_284,GCF_040256845.1;protein_204,GCF_002128265.1;protein_205,GCF_041931565.1;protein_399,GCF_009944725.1;protein_205,GCF_002128145.1;protein_204,GCF_001558175.1;protein_207,GCF_009942155.1;protein_204,GCF_041931755.1;protein_284,GCF_001272775.1;protein_205,GCF_009939765.1;protein_205,GCF_002355715.1;protein_204,GCF_900660465.1;protein_523,GCF_002128285.1;protein_205,GCF_009944335.1;protein_204,GCF_001272755.1;protein_204,GCF_000733995.1;protein_281,GCF_002090215.1;protein_203,GCF_000319655.2;protein_205,GCF_009947575.1;protein_205,GCF_009945865.1;protein_206,GCF_009943805.1;protein_205,GCF_002090295.1;protein_204,,,,,,,
GCF_910574535.1;protein_204,GCF_002128045.1;protein_205,GCF_000319675.2;protein_204,GCF_000027345.1;protein_206,GCF_000283755.1;protein_206,GCF_002127985.1;protein_205,GCF_009947205.1;protein_204,GCF_041931765.1;protein_285,GCF_040256845.1;protein_205,GCF_002128265.1;protein_206,GCF_041931565.1;protein_400,GCF_009944725.1;protein_206,GCF_002128145.1;protein_205,GCF_001558175.1;protein_208,GCF_009942155.1;protein_205,GCF_041931755.1;protein_285,GCF_001272775.1;protein_206,GCF_009939765.1;protein_206,GCF_002355715.1;protein_205,GCF_900660465.1;protein_522,GCF_002128285.1;protein_206,GCF_009944335.1;protein_205,GCF_001272755.1;protein_205,GCF_000733995.1;protein_282,GCF_002090215.1;protein_204,GCF_000319655.2;protein_206,GCF_009947575.1;protein_206,GCF_009945865.1;protein_207,GCF_009943805.1;protein_206,GCF_002090295.1;protein_205,,,,,,,
GCF_910574535.1;protein_205,GCF_002128045.1;protein_206,GCF_000319675.2;protein_205,GCF_000027345.1;protein_207,GCF_000283755.1;protein_207,GCF_002127985.1;protein_206,GCF_009947205.1;protein_205,GCF_041931765.1;protein_286,GCF_040256845.1;protein_206,GCF_002128265.1;protein_207,GCF_041931565.1;protein_401,GCF_009944725.1;protein_207,GCF_002128145.1;protein_206,GCF_001558175.1;protein_209,GCF_009942155.1;protein_206,GCF_041931755.1;protein_286,GCF_001272775.1;protein_207,GCF_009939765.1;protein_207,GCF_002355715.1;protein_206,GCF_900660465.1;protein_521,GCF_002128285.1;protein_207,GCF_009944335.1;protein_206,GCF_001272755.1;protein_206,GCF_000733995.1;protein_283,GCF_002090215.1;protein_205,GCF_000319655.2;protein_207,GCF_009947575.1;protein_207,GCF_009945865.1;protein_208,GCF_009943805.1;protein_207,GCF_002090295.1;protein_206,,,,,,,
GCF_910574535.1;protein_206,GCF_002128045.1;protein_207,GCF_000319675.2;protein_206,GCF_000027345.1;protein_208,GCF_000283755.1;protein_208,GCF_002127985.1;protein_207,GCF_009947205.1;protein_206,GCF_041931765.1;protein_287,GCF_040256845.1;protein_207,GCF_002128265.1;protein_208,GCF_041931565.1;protein_402,GCF_009944725.1;protein_208,GCF_002128145.1;protein_207,GCF_001558175.1;protein_210,GCF_009942155.1;protein_207,GCF_041931755.1;protein_287,GCF_001272775.1;protein_208,GCF_009939765.1;protein_208,GCF_002355715.1;protein_207,GCF_900660465.1;protein_520,GCF_002128285.1;protein_208,GCF_009944335.1;protein_207,GCF_001272755.1;protein_207,GCF_000733995.1;protein_284,GCF_002090215.1;protein_206,GCF_000319655.2;protein_208,GCF_009947575.1;protein_208,GCF_009945865.1;protein_209,GCF_009943805.1;protein_208,GCF_002090295.1;protein_207,,,,,,,
GCF_910574535.1;protein_207,GCF_002128045.1;protein_208,GCF_000319675.2;protein_207,GCF_000027345.1;protein_209,GCF_000283755.1;protein_209,GCF_002127985.1;protein_208,GCF_009947205.1;protein_207,GCF_041931765.1;protein_288,GCF_040256845.1;protein_208,GCF_002128265.1;protein_209,GCF_041931565.1;protein_403,GCF_009944725.1;protein_209,GCF_002128145.1;protein_208,GCF_001558175.1;protein_211,GCF_009942155.1;protein_208,GCF_041931755.1;protein_288,GCF_001272775.1;protein_209,GCF_009939765.1;protein_209,GCF_002355715.1;protein_208,GCF_900660465.1;protein_519,GCF_002128285.1;protein_209,GCF_009944335.1;protein_208,GCF_001272755.1;protein_208,GCF_000733995.1;protein_285,GCF_002090215.1;protein_207,GCF_000319655.2;protein_209,GCF_009947575.1;protein_209,GCF_009945865.1;protein_210,GCF_009943805.1;protein_209,GCF_002090295.1;protein_208,,,,,,,
GCF_910574535.1;protein_208,GCF_002128045.1;protein_209,GCF_000319675.2;protein_208,GCF_000027345.1;protein_210,GCF_000283755.1;protein_210,GCF_002127985.1;protein_209,GCF_009947205.1;protein_208,GCF_041931765.1;protein_289,GCF_040256845.1;protein_209,GCF_002128265.1;protein_210,GCF_041931565.1;protein_404,GCF_009944725.1;protein_210,GCF_002128145.1;protein_209,GCF_001558175.1;protein_212,GCF_009942155.1;protein_209,GCF_041931755.1;protein_289,GCF_001272775.1;protein_210,GCF_009939765.1;protein_210,GCF_002355715.1;protein_209,GCF_900660465.1;protein_518,GCF_002128285.1;protein_210,GCF_009944335.1;protein_209,GCF_001272755.1;protein_209,GCF_000733995.1;protein_286,GCF_002090215.1;protein_208,GCF_000319655.2;protein_210,GCF_009947575.1;protein_210,GCF_009945865.1;protein_211,GCF_009943805.1;protein_210,GCF_002090295.1;protein_209,,,,,,,
GCF_910574535.1;protein_209,GCF_002128045.1;protein_210,GCF_000319675.2;protein_209,GCF_000027345.1;protein_211,GCF_000283755.1;protein_211,GCF_002127985.1;protein_210,GCF_009947205.1;protein_209,GCF_041931765.1;protein_290,GCF_040256845.1;protein_210,GCF_002128265.1;protein_211,GCF_041931565.1;protein_405,GCF_009944725.1;protein_211,GCF_002128145.1;protein_210,GCF_001558175.1;protein_213,GCF_009942155.1;protein_210,GCF_041931755.1;protein_290,GCF_001272775.1;protein_211,GCF_009939765.1;protein_211,GCF_002355715.1;protein_210,GCF_900660465.1;protein_517,GCF_002128285.1;protein_211,GCF_009944335.1;protein_210,GCF_001272755.1;protein_210,GCF_000733995.1;protein_287,GCF_002090215.1;protein_209,GCF_000319655.2;protein_211,GCF_009947575.1;protein_211,GCF_009945865.1;protein_212,GCF_009943805.1;protein_211,GCF_002090295.1;protein_210,,,,,,,
GCF_910574535.1;protein_21,GCF_002128045.1;protein_21,GCF_000319675.2;protein_21,GCF_000027345.1;protein_21,GCF_000283755.1;protein_21,GCF_002127985.1;protein_21,GCF_009947205.1;protein_21,GCF_041931765.1;protein_98,GCF_040256845.1;protein_21,GCF_002128265.1;protein_21,GCF_041931565.1;protein_217,GCF_009944725.1;protein_21,GCF_002128145.1;protein_21,GCF_001558175.1;protein_21,GCF_009942155.1;protein_21,GCF_041931755.1;protein_98,GCF_001272775.1;protein_21,GCF_009939765.1;protein_21,GCF_002355715.1;protein_21,GCF_900660465.1;protein_706,GCF_002128285.1;protein_21,GCF_009944335.1;protein_21,GCF_001272755.1;protein_21,GCF_000733995.1;protein_97,GCF_002090215.1;protein_21,GCF_000319655.2;protein_21,GCF_009947575.1;protein_21,GCF_009945865.1;protein_21,GCF_009943805.1;protein_21,GCF_002090295.1;protein_21,,,,,,,
GCF_910574535.1;protein_210,GCF_002128045.1;protein_211,GCF_000319675.2;protein_210,GCF_000027345.1;protein_212,GCF_000283755.1;protein_212,GCF_002127985.1;protein_211,GCF_009947205.1;protein_210,GCF_041931765.1;protein_291,GCF_040256845.1;protein_211,GCF_002128265.1;protein_212,GCF_041931565.1;protein_406,GCF_009944725.1;protein_212,GCF_002128145.1;protein_211,GCF_001558175.1;protein_214,GCF_009942155.1;protein_211,GCF_041931755.1;protein_291,GCF_001272775.1;protein_212,GCF_009939765.1;protein_212,GCF_002355715.1;protein_211,GCF_900660465.1;protein_516,GCF_002128285.1;protein_212,GCF_009944335.1;protein_211,GCF_001272755.1;protein_211,GCF_000733995.1;protein_288,GCF_002090215.1;protein_210,GCF_000319655.2;protein_212,GCF_009947575.1;protein_212,GCF_009945865.1;protein_213,GCF_009943805.1;protein_212,GCF_002090295.1;protein_211,,,,,,,
GCF_910574535.1;protein_211,GCF_002128045.1;protein_212,GCF_000319675.2;protein_211,GCF_000027345.1;protein_213,GCF_000283755.1;protein_213,GCF_002127985.1;protein_212,GCF_009947205.1;protein_211,GCF_041931765.1;protein_292,GCF_040256845.1;protein_212,GCF_002128265.1;protein_213,GCF_041931565.1;protein_407,GCF_009944725.1;protein_213,GCF_002128145.1;protein_212,GCF_001558175.1;protein_215,GCF_009942155.1;protein_212,GCF_041931755.1;protein_292,GCF_001272775.1;protein_213,GCF_009939765.1;protein_213,GCF_002355715.1;protein_212,GCF_900660465.1;protein_515,GCF_002128285.1;protein_213,GCF_009944335.1;protein_212,GCF_001272755.1;protein_212,GCF_000733995.1;protein_289,GCF_002090215.1;protein_211,GCF_000319655.2;protein_213,GCF_009947575.1;protein_213,GCF_009945865.1;protein_214,GCF_009943805.1;protein_213,GCF_002090295.1;protein_212,,,,,,,
GCF_910574535.1;protein_212,GCF_002128045.1;protein_213,GCF_000319675.2;protein_212,GCF_000027345.1;protein_214,GCF_000283755.1;protein_214,GCF_002127985.1;protein_213,GCF_009947205.1;protein_212,GCF_041931765.1;protein_293,GCF_040256845.1;protein_213,GCF_002128265.1;protein_214,GCF_041931565.1;protein_408,GCF_009944725.1;protein_214,GCF_002128145.1;protein_213,GCF_001558175.1;protein_216,GCF_009942155.1;protein_213,GCF_041931755.1;protein_293,GCF_001272775.1;protein_214,GCF_009939765.1;protein_214,GCF_002355715.1;protein_213,GCF_900660465.1;protein_514,GCF_002128285.1;protein_214,GCF_009944335.1;protein_213,GCF_001272755.1;protein_213,GCF_000733995.1;protein_290,GCF_002090215.1;protein_212,GCF_000319655.2;protein_214,GCF_009947575.1;protein_214,GCF_009945865.1;protein_215,GCF_009943805.1;protein_214,GCF_002090295.1;protein_213,,,,,,,
GCF_910574535.1;protein_213,GCF_002128045.1;protein_214,GCF_000319675.2;protein_213,GCF_000027345.1;protein_216,GCF_000283755.1;protein_215,GCF_002127985.1;protein_214,GCF_009947205.1;protein_213,GCF_041931765.1;protein_294,GCF_040256845.1;protein_214,GCF_002128265.1;protein_215,GCF_041931565.1;protein_409,GCF_009944725.1;protein_215,GCF_002128145.1;protein_214,GCF_001558175.1;protein_217,GCF_009942155.1;protein_214,GCF_041931755.1;protein_294,GCF_001272775.1;protein_215,GCF_009939765.1;protein_215,GCF_002355715.1;protein_214,GCF_900660465.1;protein_513,GCF_002128285.1;protein_215,GCF_009944335.1;protein_214,GCF_001272755.1;protein_214,GCF_000733995.1;protein_291,GCF_002090215.1;protein_213,GCF_000319655.2;protein_215,GCF_009947575.1;protein_215,GCF_009945865.1;protein_216,GCF_009943805.1;protein_215,GCF_002090295.1;protein_214,,,,,,,
GCF_002090295.1;protein_304,GCF_000283755.1;protein_216,,GCF_009947575.1;protein_216,GCF_041931765.1;protein_295,GCF_009939765.1;protein_216,GCF_002127985.1;protein_215,GCF_009943805.1;protein_216,GCF_002128045.1;protein_215,GCF_009947205.1;protein_214,GCF_041931565.1;protein_410,GCF_910574535.1;protein_214,GCF_002128265.1;protein_216,GCF_000027345.1;protein_217,GCF_900660465.1;protein_512,GCF_000319655.2;protein_216,GCF_009945865.1;protein_217,GCF_040256845.1;protein_215,GCF_002355715.1;protein_215,GCF_002128145.1;protein_215,GCF_000319675.2;protein_214,GCF_002128285.1;protein_216,GCF_000733995.1;protein_292,GCF_002090215.1;protein_214,GCF_009942155.1;protein_215,GCF_001558175.1;protein_218,GCF_009944725.1;protein_216,GCF_041931755.1;protein_295,GCF_001272775.1;protein_216,GCF_001272755.1;protein_215,GCF_009944335.1;protein_215,,,,,,
GCF_910574535.1;protein_215,GCF_002128045.1;protein_216,GCF_000319675.2;protein_215,,,GCF_002127985.1;protein_216,GCF_009947205.1;protein_215,GCF_041931765.1;protein_296,GCF_040256845.1;protein_216,,GCF_041931565.1;protein_411,,GCF_002128145.1;protein_216,GCF_001558175.1;protein_219,,GCF_041931755.1;protein_296,GCF_001272775.1;protein_217,GCF_009939765.1;protein_217,,,,GCF_009944335.1;protein_216,GCF_001272755.1;protein_216,GCF_000733995.1;protein_293,GCF_002090215.1;protein_215,,GCF_009947575.1;protein_217,,GCF_009943805.1;protein_217,,,,,,,,
GCF_910574535.1;protein_216,GCF_002128045.1;protein_217,GCF_000319675.2;protein_216,,,GCF_002127985.1;protein_217,GCF_009947205.1;protein_216,GCF_041931765.1;protein_297,GCF_040256845.1;protein_217,,GCF_041931565.1;protein_412,,GCF_002128145.1;protein_217,GCF_001558175.1;protein_220,,GCF_041931755.1;protein_297,GCF_001272775.1;protein_218,GCF_009939765.1;protein_218,,,,GCF_009944335.1;protein_217,GCF_001272755.1;protein_217,GCF_000733995.1;protein_294,GCF_002090215.1;protein_216,,GCF_009947575.1;protein_218,,GCF_009943805.1;protein_218,,,,,,,,
GCF_910574535.1;protein_217,GCF_002128045.1;protein_218,GCF_000319675.2;protein_217,,,GCF_002127985.1;protein_218,GCF_009947205.1;protein_217,GCF_041931765.1;protein_298,GCF_040256845.1;protein_218,,GCF_041931565.1;protein_413,,GCF_002128145.1;protein_218,GCF_001558175.1;protein_221,,GCF_041931755.1;protein_298,GCF_001272775.1;protein_219,GCF_009939765.1;protein_219,,,,GCF_009944335.1;protein_218,GCF_001272755.1;protein_218,GCF_000733995.1;protein_295,GCF_002090215.1;protein_217,,GCF_009947575.1;protein_219,,GCF_009943805.1;protein_219,,,,,,,,
GCF_910574535.1;protein_218,GCF_002128045.1;protein_219,GCF_000319675.2;protein_218,GCF_000027345.1;protein_221,GCF_000283755.1;protein_220,GCF_002127985.1;protein_219,GCF_009947205.1;protein_218,GCF_041931765.1;protein_299,GCF_040256845.1;protein_219,GCF_002128265.1;protein_220,GCF_041931565.1;protein_414,GCF_009944725.1;protein_220,GCF_002128145.1;protein_219,GCF_001558175.1;protein_222,GCF_009942155.1;protein_219,GCF_041931755.1;protein_299,GCF_001272775.1;protein_220,GCF_009939765.1;protein_220,GCF_002355715.1;protein_219,GCF_900660465.1;protein_508,GCF_002128285.1;protein_220,GCF_009944335.1;protein_219,GCF_001272755.1;protein_219,GCF_000733995.1;protein_296,GCF_002090215.1;protein_218,GCF_000319655.2;protein_220,GCF_009947575.1;protein_220,GCF_009945865.1;protein_221,GCF_009943805.1;protein_220,GCF_002090295.1;protein_219,,,,,,,
GCF_910574535.1;protein_22,GCF_002128045.1;protein_22,GCF_000319675.2;protein_22,GCF_000027345.1;protein_22,GCF_000283755.1;protein_22,GCF_002127985.1;protein_22,GCF_009947205.1;protein_22,GCF_041931765.1;protein_99,GCF_040256845.1;protein_22,GCF_002128265.1;protein_22,GCF_041931565.1;protein_218,GCF_009944725.1;protein_22,GCF_002128145.1;protein_22,GCF_001558175.1;protein_22,GCF_009942155.1;protein_22,GCF_041931755.1;protein_99,GCF_001272775.1;protein_22,GCF_009939765.1;protein_22,GCF_002355715.1;protein_22,GCF_900660465.1;protein_705,GCF_002128285.1;protein_22,GCF_009944335.1;protein_22,GCF_001272755.1;protein_22,GCF_000733995.1;protein_98,GCF_002090215.1;protein_22,GCF_000319655.2;protein_22,GCF_009947575.1;protein_22,GCF_009945865.1;protein_22,GCF_009943805.1;protein_22,GCF_002090295.1;protein_22,,,,,,,
GCF_910574535.1;protein_221,GCF_002128045.1;protein_222,GCF_000319675.2;protein_221,GCF_000027345.1;protein_224,GCF_000283755.1;protein_224,GCF_002127985.1;protein_222,GCF_009947205.1;protein_221,GCF_041931765.1;protein_302,GCF_040256845.1;protein_222,GCF_002128265.1;protein_224,GCF_041931565.1;protein_417,GCF_009944725.1;protein_224,GCF_002128145.1;protein_222,GCF_001558175.1;protein_225,GCF_009942155.1;protein_223,GCF_041931755.1;protein_302,GCF_001272775.1;protein_224,GCF_009939765.1;protein_223,GCF_002355715.1;protein_223,GCF_900660465.1;protein_504,GCF_002128285.1;protein_224,GCF_009944335.1;protein_222,GCF_001272755.1;protein_222,GCF_000733995.1;protein_299,GCF_002090215.1;protein_221,GCF_000319655.2;protein_224,GCF_009947575.1;protein_223,GCF_009945865.1;protein_225,GCF_009943805.1;protein_223,GCF_002090295.1;protein_222,,,,,,,
GCF_910574535.1;protein_222,GCF_002128045.1;protein_223,GCF_000319675.2;protein_222,GCF_000027345.1;protein_225,GCF_000283755.1;protein_225,GCF_002127985.1;protein_223,GCF_009947205.1;protein_222,GCF_041931765.1;protein_303,GCF_040256845.1;protein_223,GCF_002128265.1;protein_225,GCF_041931565.1;protein_418,GCF_009944725.1;protein_225,GCF_002128145.1;protein_223,GCF_001558175.1;protein_226,GCF_009942155.1;protein_224,GCF_041931755.1;protein_303,GCF_001272775.1;protein_225,GCF_009939765.1;protein_224,GCF_002355715.1;protein_224,GCF_900660465.1;protein_503,GCF_002128285.1;protein_225,GCF_009944335.1;protein_223,GCF_001272755.1;protein_223,GCF_000733995.1;protein_300,GCF_002090215.1;protein_222,GCF_000319655.2;protein_225,GCF_009947575.1;protein_224,GCF_009945865.1;protein_226,GCF_009943805.1;protein_224,GCF_002090295.1;protein_223,,,,,,,
GCF_910574535.1;protein_223,GCF_002128045.1;protein_224,GCF_000319675.2;protein_223,GCF_000027345.1;protein_226,GCF_000283755.1;protein_226,GCF_002127985.1;protein_224,GCF_009947205.1;protein_223,GCF_041931765.1;protein_304,GCF_040256845.1;protein_224,GCF_002128265.1;protein_226,GCF_041931565.1;protein_419,GCF_009944725.1;protein_226,GCF_002128145.1;protein_224,GCF_001558175.1;protein_227,GCF_009942155.1;protein_225,GCF_041931755.1;protein_304,GCF_001272775.1;protein_226,GCF_009939765.1;protein_225,GCF_002355715.1;protein_225,GCF_900660465.1;protein_502,GCF_002128285.1;protein_226,GCF_009944335.1;protein_224,GCF_001272755.1;protein_224,GCF_000733995.1;protein_301,GCF_002090215.1;protein_223,GCF_000319655.2;protein_226,GCF_009947575.1;protein_225,GCF_009945865.1;protein_227,GCF_009943805.1;protein_225,GCF_002090295.1;protein_224,,,,,,,
GCF_910574535.1;protein_224,GCF_002128045.1;protein_225,GCF_000319675.2;protein_224,GCF_000027345.1;protein_227,GCF_000283755.1;protein_227,GCF_002127985.1;protein_225,GCF_009947205.1;protein_224,GCF_041931765.1;protein_305,GCF_040256845.1;protein_225,GCF_002128265.1;protein_227,GCF_041931565.1;protein_420,GCF_009944725.1;protein_227,GCF_002128145.1;protein_225,GCF_001558175.1;protein_228,GCF_009942155.1;protein_226,GCF_041931755.1;protein_305,GCF_001272775.1;protein_227,GCF_009939765.1;protein_226,GCF_002355715.1;protein_226,GCF_900660465.1;protein_501,GCF_002128285.1;protein_227,GCF_009944335.1;protein_225,GCF_001272755.1;protein_225,GCF_000733995.1;protein_302,GCF_002090215.1;protein_224,GCF_000319655.2;protein_227,GCF_009947575.1;protein_226,GCF_009945865.1;protein_228,GCF_009943805.1;protein_226,GCF_002090295.1;protein_225,,,,,,,
GCF_910574535.1;protein_225,GCF_002128045.1;protein_226,GCF_000319675.2;protein_225,GCF_000027345.1;protein_228,GCF_000283755.1;protein_228,GCF_002127985.1;protein_226,GCF_009947205.1;protein_225,GCF_041931765.1;protein_306,GCF_040256845.1;protein_226,GCF_002128265.1;protein_228,GCF_041931565.1;protein_421,GCF_009944725.1;protein_228,GCF_002128145.1;protein_226,GCF_001558175.1;protein_229,GCF_009942155.1;protein_227,GCF_041931755.1;protein_306,GCF_001272775.1;protein_228,GCF_009939765.1;protein_227,GCF_002355715.1;protein_227,GCF_900660465.1;protein_500,GCF_002128285.1;protein_228,GCF_009944335.1;protein_226,GCF_001272755.1;protein_226,GCF_000733995.1;protein_303,GCF_002090215.1;protein_225,GCF_000319655.2;protein_228,GCF_009947575.1;protein_227,GCF_009945865.1;protein_229,GCF_009943805.1;protein_227,GCF_002090295.1;protein_226,,,,,,,
GCF_910574535.1;protein_226,GCF_002128045.1;protein_227,GCF_000319675.2;protein_226,GCF_000027345.1;protein_229,GCF_000283755.1;protein_229,GCF_002127985.1;protein_227,GCF_009947205.1;protein_226,GCF_041931765.1;protein_307,GCF_040256845.1;protein_227,GCF_002128265.1;protein_229,GCF_041931565.1;protein_422,GCF_009944725.1;protein_229,GCF_002128145.1;protein_227,GCF_001558175.1;protein_230,GCF_009942155.1;protein_228,GCF_041931755.1;protein_307,GCF_001272775.1;protein_229,GCF_009939765.1;protein_228,GCF_002355715.1;protein_228,GCF_900660465.1;protein_499,GCF_002128285.1;protein_229,GCF_009944335.1;protein_227,GCF_001272755.1;protein_227,GCF_000733995.1;protein_304,GCF_002090215.1;protein_226,GCF_000319655.2;protein_229,GCF_009947575.1;protein_228,GCF_009945865.1;protein_230,GCF_009943805.1;protein_228,GCF_002090295.1;protein_227,,,,,,,
GCF_910574535.1;protein_227,GCF_002128045.1;protein_228,GCF_000319675.2;protein_227,GCF_000027345.1;protein_230,GCF_000283755.1;protein_230,GCF_002127985.1;protein_228,GCF_009947205.1;protein_227,GCF_041931765.1;protein_308,GCF_040256845.1;protein_228,GCF_002128265.1;protein_230,GCF_041931565.1;protein_423,GCF_009944725.1;protein_230,GCF_002128145.1;protein_228,GCF_001558175.1;protein_231,GCF_009942155.1;protein_229,GCF_041931755.1;protein_308,GCF_001272775.1;protein_230,GCF_009939765.1;protein_229,GCF_002355715.1;protein_229,GCF_900660465.1;protein_498,GCF_002128285.1;protein_230,GCF_009944335.1;protein_228,GCF_001272755.1;protein_228,GCF_000733995.1;protein_305,GCF_002090215.1;protein_227,GCF_000319655.2;protein_230,GCF_009947575.1;protein_229,GCF_009945865.1;protein_231,GCF_009943805.1;protein_229,GCF_002090295.1;protein_228,,,,,,,
GCF_910574535.1;protein_228,GCF_002128045.1;protein_229,GCF_000319675.2;protein_228,GCF_000027345.1;protein_231,GCF_000283755.1;protein_231,GCF_002127985.1;protein_229,GCF_009947205.1;protein_228,GCF_041931765.1;protein_309,GCF_040256845.1;protein_229,GCF_002128265.1;protein_231,GCF_041931565.1;protein_424,GCF_009944725.1;protein_231,GCF_002128145.1;protein_229,GCF_001558175.1;protein_232,GCF_009942155.1;protein_230,GCF_041931755.1;protein_309,GCF_001272775.1;protein_231,GCF_009939765.1;protein_230,GCF_002355715.1;protein_230,GCF_900660465.1;protein_497,GCF_002128285.1;protein_231,GCF_009944335.1;protein_229,GCF_001272755.1;protein_229,GCF_000733995.1;protein_306,GCF_002090215.1;protein_228,GCF_000319655.2;protein_231,GCF_009947575.1;protein_230,GCF_009945865.1;protein_232,GCF_009943805.1;protein_230,GCF_002090295.1;protein_229,,,,,,,
GCF_910574535.1;protein_229,GCF_002128045.1;protein_230,GCF_000319675.2;protein_229,GCF_000027345.1;protein_232,GCF_000283755.1;protein_232,GCF_002127985.1;protein_230,GCF_009947205.1;protein_229,GCF_041931765.1;protein_310,GCF_040256845.1;protein_230,GCF_002128265.1;protein_232,GCF_041931565.1;protein_425,GCF_009944725.1;protein_232,GCF_002128145.1;protein_230,GCF_001558175.1;protein_233,GCF_009942155.1;protein_231,GCF_041931755.1;protein_310,GCF_001272775.1;protein_232,GCF_009939765.1;protein_231,GCF_002355715.1;protein_231,GCF_900660465.1;protein_496,GCF_002128285.1;protein_232,GCF_009944335.1;protein_230,GCF_001272755.1;protein_230,GCF_000733995.1;protein_307,GCF_002090215.1;protein_229,GCF_000319655.2;protein_232,GCF_009947575.1;protein_231,GCF_009945865.1;protein_233,GCF_009943805.1;protein_231,GCF_002090295.1;protein_230,,,,,,,
GCF_910574535.1;protein_23,GCF_002128045.1;protein_23,GCF_000319675.2;protein_23,GCF_000027345.1;protein_23,GCF_000283755.1;protein_23,GCF_002127985.1;protein_23,GCF_009947205.1;protein_23,GCF_041931765.1;protein_100,GCF_040256845.1;protein_23,GCF_002128265.1;protein_23,GCF_041931565.1;protein_219,GCF_009944725.1;protein_23,GCF_002128145.1;protein_23,GCF_001558175.1;protein_23,GCF_009942155.1;protein_23,GCF_041931755.1;protein_100,GCF_001272775.1;protein_23,GCF_009939765.1;protein_23,GCF_002355715.1;protein_23,GCF_900660465.1;protein_704,GCF_002128285.1;protein_23,GCF_009944335.1;protein_23,GCF_001272755.1;protein_23,GCF_000733995.1;protein_99,GCF_002090215.1;protein_23,GCF_000319655.2;protein_23,GCF_009947575.1;protein_23,GCF_009945865.1;protein_23,GCF_009943805.1;protein_23,GCF_002090295.1;protein_23,,,,,,,
GCF_910574535.1;protein_230,GCF_002128045.1;protein_231,GCF_000319675.2;protein_230,GCF_000027345.1;protein_233,GCF_000283755.1;protein_233,GCF_002127985.1;protein_231,GCF_009947205.1;protein_230,GCF_041931765.1;protein_311,GCF_040256845.1;protein_231,GCF_002128265.1;protein_233,GCF_041931565.1;protein_426,GCF_009944725.1;protein_233,GCF_002128145.1;protein_231,GCF_001558175.1;protein_234,GCF_009942155.1;protein_232,GCF_041931755.1;protein_311,GCF_001272775.1;protein_233,GCF_009939765.1;protein_232,GCF_002355715.1;protein_232,GCF_900660465.1;protein_495,GCF_002128285.1;protein_233,GCF_009944335.1;protein_231,GCF_001272755.1;protein_231,GCF_000733995.1;protein_308,GCF_002090215.1;protein_230,GCF_000319655.2;protein_233,GCF_009947575.1;protein_232,GCF_009945865.1;protein_234,GCF_009943805.1;protein_232,GCF_002090295.1;protein_231,,,,,,,
GCF_910574535.1;protein_231,GCF_002128045.1;protein_232,GCF_000319675.2;protein_231,GCF_000027345.1;protein_234,GCF_000283755.1;protein_234,GCF_002127985.1;protein_232,GCF_009947205.1;protein_231,GCF_041931765.1;protein_312,GCF_040256845.1;protein_232,GCF_002128265.1;protein_234,GCF_041931565.1;protein_427,GCF_009944725.1;protein_234,GCF_002128145.1;protein_232,GCF_001558175.1;protein_235,GCF_009942155.1;protein_233,GCF_041931755.1;protein_312,GCF_001272775.1;protein_234,GCF_009939765.1;protein_233,GCF_002355715.1;protein_233,GCF_900660465.1;protein_494,GCF_002128285.1;protein_234,GCF_009944335.1;protein_232,GCF_001272755.1;protein_232,GCF_000733995.1;protein_309,GCF_002090215.1;protein_231,GCF_000319655.2;protein_234,GCF_009947575.1;protein_233,GCF_009945865.1;protein_235,GCF_009943805.1;protein_233,GCF_002090295.1;protein_232,,,,,,,
GCF_910574535.1;protein_232,GCF_002128045.1;protein_233,GCF_000319675.2;protein_232,GCF_000027345.1;protein_235,GCF_000283755.1;protein_235,GCF_002127985.1;protein_233,GCF_009947205.1;protein_232,GCF_041931765.1;protein_313,GCF_040256845.1;protein_233,GCF_002128265.1;protein_235,GCF_041931565.1;protein_428,GCF_009944725.1;protein_235,GCF_002128145.1;protein_233,GCF_001558175.1;protein_236,GCF_009942155.1;protein_234,GCF_041931755.1;protein_313,GCF_001272775.1;protein_235,GCF_009939765.1;protein_234,GCF_002355715.1;protein_234,GCF_900660465.1;protein_493,GCF_002128285.1;protein_235,GCF_009944335.1;protein_233,GCF_001272755.1;protein_233,GCF_000733995.1;protein_310,GCF_002090215.1;protein_232,GCF_000319655.2;protein_235,GCF_009947575.1;protein_234,GCF_009945865.1;protein_236,GCF_009943805.1;protein_234,GCF_002090295.1;protein_233,,,,,,,
GCF_910574535.1;protein_233,GCF_002128045.1;protein_234,GCF_000319675.2;protein_233,GCF_000027345.1;protein_236,GCF_000283755.1;protein_236,GCF_002127985.1;protein_234,GCF_009947205.1;protein_233,GCF_041931765.1;protein_314,GCF_040256845.1;protein_234,GCF_002128265.1;protein_236,GCF_041931565.1;protein_429,GCF_009944725.1;protein_236,GCF_002128145.1;protein_234,GCF_001558175.1;protein_237,GCF_009942155.1;protein_235,GCF_041931755.1;protein_314,GCF_001272775.1;protein_236,GCF_009939765.1;protein_235,GCF_002355715.1;protein_235,GCF_900660465.1;protein_492,GCF_002128285.1;protein_236,GCF_009944335.1;protein_234,GCF_001272755.1;protein_234,GCF_000733995.1;protein_311,GCF_002090215.1;protein_233,GCF_000319655.2;protein_236,GCF_009947575.1;protein_235,GCF_009945865.1;protein_237,GCF_009943805.1;protein_235,GCF_002090295.1;protein_234,,,,,,,
GCF_910574535.1;protein_234,GCF_002128045.1;protein_235,GCF_000319675.2;protein_234,GCF_000027345.1;protein_237,GCF_000283755.1;protein_237,GCF_002127985.1;protein_235,GCF_009947205.1;protein_234,GCF_041931765.1;protein_315,GCF_040256845.1;protein_235,GCF_002128265.1;protein_237,GCF_041931565.1;protein_430,GCF_009944725.1;protein_237,GCF_002128145.1;protein_235,GCF_001558175.1;protein_238,GCF_009942155.1;protein_236,GCF_041931755.1;protein_315,GCF_001272775.1;protein_237,GCF_009939765.1;protein_236,GCF_002355715.1;protein_236,GCF_900660465.1;protein_491,GCF_002128285.1;protein_237,GCF_009944335.1;protein_235,GCF_001272755.1;protein_235,GCF_000733995.1;protein_312,GCF_002090215.1;protein_234,GCF_000319655.2;protein_237,GCF_009947575.1;protein_236,GCF_009945865.1;protein_238,GCF_009943805.1;protein_236,GCF_002090295.1;protein_235,,,,,,,
GCF_910574535.1;protein_235,GCF_002128045.1;protein_236,GCF_000319675.2;protein_235,GCF_000027345.1;protein_238,GCF_000283755.1;protein_238,GCF_002127985.1;protein_236,GCF_009947205.1;protein_235,GCF_041931765.1;protein_316,GCF_040256845.1;protein_236,GCF_002128265.1;protein_238,GCF_041931565.1;protein_431,GCF_009944725.1;protein_238,GCF_002128145.1;protein_236,GCF_001558175.1;protein_239,GCF_009942155.1;protein_237,GCF_041931755.1;protein_316,GCF_001272775.1;protein_238,GCF_009939765.1;protein_237,GCF_002355715.1;protein_237,GCF_900660465.1;protein_490,GCF_002128285.1;protein_238,GCF_009944335.1;protein_236,GCF_001272755.1;protein_236,GCF_000733995.1;protein_313,GCF_002090215.1;protein_235,GCF_000319655.2;protein_238,GCF_009947575.1;protein_237,GCF_009945865.1;protein_239,GCF_009943805.1;protein_237,GCF_002090295.1;protein_236,,,,,,,
GCF_910574535.1;protein_236,GCF_002128045.1;protein_237,GCF_000319675.2;protein_236,GCF_000027345.1;protein_239,GCF_000283755.1;protein_239,GCF_002127985.1;protein_237,GCF_009947205.1;protein_236,GCF_041931765.1;protein_317,GCF_040256845.1;protein_237,GCF_002128265.1;protein_239,GCF_041931565.1;protein_432,GCF_009944725.1;protein_239,GCF_002128145.1;protein_237,GCF_001558175.1;protein_240,GCF_009942155.1;protein_238,GCF_041931755.1;protein_317,GCF_001272775.1;protein_239,GCF_009939765.1;protein_238,GCF_002355715.1;protein_238,GCF_900660465.1;protein_489,GCF_002128285.1;protein_239,GCF_009944335.1;protein_237,GCF_001272755.1;protein_237,GCF_000733995.1;protein_314,GCF_002090215.1;protein_236,GCF_000319655.2;protein_239,GCF_009947575.1;protein_238,GCF_009945865.1;protein_240,GCF_009943805.1;protein_238,GCF_002090295.1;protein_237,,,,,,,
GCF_910574535.1;protein_237,GCF_002128045.1;protein_238,GCF_000319675.2;protein_237,GCF_000027345.1;protein_240,GCF_000283755.1;protein_240,GCF_002127985.1;protein_238,GCF_009947205.1;protein_237,GCF_041931765.1;protein_318,GCF_040256845.1;protein_238,GCF_002128265.1;protein_240,GCF_041931565.1;protein_433,GCF_009944725.1;protein_240,GCF_002128145.1;protein_238,GCF_001558175.1;protein_241,GCF_009942155.1;protein_239,GCF_041931755.1;protein_318,GCF_001272775.1;protein_240,GCF_009939765.1;protein_239,GCF_002355715.1;protein_239,GCF_900660465.1;protein_488,GCF_002128285.1;protein_240,GCF_009944335.1;protein_238,GCF_001272755.1;protein_238,GCF_000733995.1;protein_315,GCF_002090215.1;protein_237,GCF_000319655.2;protein_240,GCF_009947575.1;protein_239,GCF_009945865.1;protein_241,GCF_009943805.1;protein_239,GCF_002090295.1;protein_238,,,,,,,
GCF_910574535.1;protein_238,GCF_002128045.1;protein_239,GCF_000319675.2;protein_238,GCF_000027345.1;protein_241,GCF_000283755.1;protein_241,GCF_002127985.1;protein_239,GCF_009947205.1;protein_238,GCF_041931765.1;protein_319,GCF_040256845.1;protein_239,GCF_002128265.1;protein_241,GCF_041931565.1;protein_434,GCF_009944725.1;protein_241,GCF_002128145.1;protein_239,GCF_001558175.1;protein_242,GCF_009942155.1;protein_240,GCF_041931755.1;protein_319,GCF_001272775.1;protein_241,GCF_009939765.1;protein_240,GCF_002355715.1;protein_240,GCF_900660465.1;protein_487,GCF_002128285.1;protein_241,GCF_009944335.1;protein_239,GCF_001272755.1;protein_239,GCF_000733995.1;protein_316,GCF_002090215.1;protein_238,GCF_000319655.2;protein_241,GCF_009947575.1;protein_240,GCF_009945865.1;protein_242,GCF_009943805.1;protein_240,GCF_002090295.1;protein_239,,,,,,,
GCF_910574535.1;protein_239,GCF_002128045.1;protein_240,GCF_000319675.2;protein_239,GCF_000027345.1;protein_242,GCF_000283755.1;protein_242,GCF_002127985.1;protein_240,GCF_009947205.1;protein_239,GCF_041931765.1;protein_320,GCF_040256845.1;protein_240,GCF_002128265.1;protein_242,GCF_041931565.1;protein_435,GCF_009944725.1;protein_242,GCF_002128145.1;protein_240,GCF_001558175.1;protein_243,GCF_009942155.1;protein_241,GCF_041931755.1;protein_320,GCF_001272775.1;protein_242,GCF_009939765.1;protein_241,GCF_002355715.1;protein_241,GCF_900660465.1;protein_486,GCF_002128285.1;protein_242,GCF_009944335.1;protein_240,GCF_001272755.1;protein_240,GCF_000733995.1;protein_317,GCF_002090215.1;protein_239,GCF_000319655.2;protein_242,GCF_009947575.1;protein_241,GCF_009945865.1;protein_243,GCF_009943805.1;protein_241,GCF_002090295.1;protein_240,,,,,,,
GCF_910574535.1;protein_24,GCF_002128045.1;protein_24,GCF_000319675.2;protein_24,GCF_000027345.1;protein_24,GCF_000283755.1;protein_24,GCF_002127985.1;protein_24,GCF_009947205.1;protein_24,GCF_041931765.1;protein_101,GCF_040256845.1;protein_24,GCF_002128265.1;protein_24,GCF_041931565.1;protein_220,GCF_009944725.1;protein_24,GCF_002128145.1;protein_24,GCF_001558175.1;protein_24,GCF_009942155.1;protein_24,GCF_041931755.1;protein_101,GCF_001272775.1;protein_24,GCF_009939765.1;protein_24,GCF_002355715.1;protein_24,GCF_900660465.1;protein_703,GCF_002128285.1;protein_24,GCF_009944335.1;protein_24,GCF_001272755.1;protein_24,GCF_000733995.1;protein_100,GCF_002090215.1;protein_24,GCF_000319655.2;protein_24,GCF_009947575.1;protein_24,GCF_009945865.1;protein_24,GCF_009943805.1;protein_24,GCF_002090295.1;protein_24,,,,,,,
GCF_910574535.1;protein_240,GCF_002128045.1;protein_241,GCF_000319675.2;protein_240,GCF_000027345.1;protein_243,GCF_000283755.1;protein_243,GCF_002127985.1;protein_241,GCF_009947205.1;protein_240,GCF_041931765.1;protein_321,GCF_040256845.1;protein_241,GCF_002128265.1;protein_243,GCF_041931565.1;protein_436,GCF_009944725.1;protein_243,GCF_002128145.1;protein_241,GCF_001558175.1;protein_244,GCF_009942155.1;protein_242,GCF_041931755.1;protein_321,GCF_001272775.1;protein_243,GCF_009939765.1;protein_242,GCF_002355715.1;protein_242,GCF_900660465.1;protein_485,GCF_002128285.1;protein_243,GCF_009944335.1;protein_241,GCF_001272755.1;protein_241,GCF_000733995.1;protein_318,GCF_002090215.1;protein_240,GCF_000319655.2;protein_243,GCF_009947575.1;protein_242,GCF_009945865.1;protein_244,GCF_009943805.1;protein_242,GCF_002090295.1;protein_241,,,,,,,
GCF_910574535.1;protein_241,GCF_002128045.1;protein_242,GCF_000319675.2;protein_241,GCF_000027345.1;protein_244,GCF_000283755.1;protein_244,GCF_002127985.1;protein_242,GCF_009947205.1;protein_241,GCF_041931765.1;protein_322,GCF_040256845.1;protein_242,GCF_002128265.1;protein_244,GCF_041931565.1;protein_437,GCF_009944725.1;protein_244,GCF_002128145.1;protein_242,GCF_001558175.1;protein_245,GCF_009942155.1;protein_243,GCF_041931755.1;protein_322,GCF_001272775.1;protein_244,GCF_009939765.1;protein_243,GCF_002355715.1;protein_243,GCF_900660465.1;protein_484,GCF_002128285.1;protein_244,GCF_009944335.1;protein_242,GCF_001272755.1;protein_242,GCF_000733995.1;protein_319,GCF_002090215.1;protein_241,GCF_000319655.2;protein_244,GCF_009947575.1;protein_243,GCF_009945865.1;protein_245,GCF_009943805.1;protein_243,GCF_002090295.1;protein_242,,,,,,,
GCF_910574535.1;protein_242,GCF_002128045.1;protein_243,GCF_000319675.2;protein_242,GCF_000027345.1;protein_245,GCF_000283755.1;protein_245,GCF_002127985.1;protein_243,GCF_009947205.1;protein_242,GCF_041931765.1;protein_323,GCF_040256845.1;protein_243,GCF_002128265.1;protein_245,GCF_041931565.1;protein_438,GCF_009944725.1;protein_245,GCF_002128145.1;protein_243,GCF_001558175.1;protein_246,GCF_009942155.1;protein_244,GCF_041931755.1;protein_323,GCF_001272775.1;protein_245,GCF_009939765.1;protein_244,GCF_002355715.1;protein_244,GCF_900660465.1;protein_483,GCF_002128285.1;protein_245,GCF_009944335.1;protein_243,GCF_001272755.1;protein_243,GCF_000733995.1;protein_320,GCF_002090215.1;protein_242,GCF_000319655.2;protein_245,GCF_009947575.1;protein_244,GCF_009945865.1;protein_246,GCF_009943805.1;protein_244,GCF_002090295.1;protein_243,,,,,,,
GCF_910574535.1;protein_243,GCF_002128045.1;protein_244,GCF_000319675.2;protein_243,GCF_000027345.1;protein_246,GCF_000283755.1;protein_246,GCF_002127985.1;protein_244,GCF_009947205.1;protein_243,GCF_041931765.1;protein_324,GCF_040256845.1;protein_244,GCF_002128265.1;protein_246,GCF_041931565.1;protein_439,GCF_009944725.1;protein_246,GCF_002128145.1;protein_244,GCF_001558175.1;protein_247,GCF_009942155.1;protein_245,GCF_041931755.1;protein_324,GCF_001272775.1;protein_246,GCF_009939765.1;protein_245,GCF_002355715.1;protein_245,GCF_900660465.1;protein_482,GCF_002128285.1;protein_246,GCF_009944335.1;protein_244,GCF_001272755.1;protein_244,GCF_000733995.1;protein_321,GCF_002090215.1;protein_243,GCF_000319655.2;protein_246,GCF_009947575.1;protein_245,GCF_009945865.1;protein_247,GCF_009943805.1;protein_245,GCF_002090295.1;protein_244,,,,,,,
GCF_910574535.1;protein_244,GCF_002128045.1;protein_245,GCF_000319675.2;protein_244,GCF_000027345.1;protein_247,GCF_000283755.1;protein_247,GCF_002127985.1;protein_245,GCF_009947205.1;protein_244,GCF_041931765.1;protein_325,GCF_040256845.1;protein_245,GCF_002128265.1;protein_247,GCF_041931565.1;protein_440,GCF_009944725.1;protein_247,GCF_002128145.1;protein_245,GCF_001558175.1;protein_248,GCF_009942155.1;protein_246,GCF_041931755.1;protein_325,GCF_001272775.1;protein_247,GCF_009939765.1;protein_246,GCF_002355715.1;protein_246,GCF_900660465.1;protein_481,GCF_002128285.1;protein_247,GCF_009944335.1;protein_245,GCF_001272755.1;protein_245,GCF_000733995.1;protein_322,GCF_002090215.1;protein_244,GCF_000319655.2;protein_247,GCF_009947575.1;protein_246,GCF_009945865.1;protein_248,GCF_009943805.1;protein_246,GCF_002090295.1;protein_245,,,,,,,
GCF_910574535.1;protein_245,GCF_002128045.1;protein_246,GCF_000319675.2;protein_245,GCF_000027345.1;protein_248,GCF_000283755.1;protein_248,GCF_002127985.1;protein_246,GCF_009947205.1;protein_245,GCF_041931765.1;protein_326,GCF_040256845.1;protein_246,GCF_002128265.1;protein_248,GCF_041931565.1;protein_441,GCF_009944725.1;protein_248,GCF_002128145.1;protein_246,GCF_001558175.1;protein_249,GCF_009942155.1;protein_247,GCF_041931755.1;protein_326,GCF_001272775.1;protein_248,GCF_009939765.1;protein_247,GCF_002355715.1;protein_247,GCF_900660465.1;protein_480,GCF_002128285.1;protein_248,GCF_009944335.1;protein_246,GCF_001272755.1;protein_246,GCF_000733995.1;protein_323,GCF_002090215.1;protein_245,GCF_000319655.2;protein_248,GCF_009947575.1;protein_247,GCF_009945865.1;protein_249,GCF_009943805.1;protein_247,GCF_002090295.1;protein_246,,,,,,,
GCF_910574535.1;protein_246,GCF_002128045.1;protein_247,GCF_000319675.2;protein_246,GCF_000027345.1;protein_249,GCF_000283755.1;protein_249,GCF_002127985.1;protein_247,GCF_009947205.1;protein_246,GCF_041931765.1;protein_327,GCF_040256845.1;protein_247,GCF_002128265.1;protein_249,GCF_041931565.1;protein_442,GCF_009944725.1;protein_249,GCF_002128145.1;protein_247,GCF_001558175.1;protein_250,GCF_009942155.1;protein_248,GCF_041931755.1;protein_327,GCF_001272775.1;protein_249,GCF_009939765.1;protein_248,GCF_002355715.1;protein_248,GCF_900660465.1;protein_479,GCF_002128285.1;protein_249,GCF_009944335.1;protein_247,GCF_001272755.1;protein_247,GCF_000733995.1;protein_324,GCF_002090215.1;protein_246,GCF_000319655.2;protein_249,GCF_009947575.1;protein_248,GCF_009945865.1;protein_250,GCF_009943805.1;protein_248,GCF_002090295.1;protein_247,,,,,,,
GCF_910574535.1;protein_247,GCF_002128045.1;protein_248,GCF_000319675.2;protein_247,GCF_000027345.1;protein_250,GCF_000283755.1;protein_250,GCF_002127985.1;protein_248,GCF_009947205.1;protein_247,GCF_041931765.1;protein_328,GCF_040256845.1;protein_248,GCF_002128265.1;protein_250,GCF_041931565.1;protein_443,GCF_009944725.1;protein_250,GCF_002128145.1;protein_248,GCF_001558175.1;protein_251,GCF_009942155.1;protein_249,GCF_041931755.1;protein_328,GCF_001272775.1;protein_250,GCF_009939765.1;protein_249,GCF_002355715.1;protein_249,GCF_900660465.1;protein_478,GCF_002128285.1;protein_250,GCF_009944335.1;protein_248,GCF_001272755.1;protein_248,GCF_000733995.1;protein_325,GCF_002090215.1;protein_247,GCF_000319655.2;protein_250,GCF_009947575.1;protein_249,GCF_009945865.1;protein_251,GCF_009943805.1;protein_249,GCF_002090295.1;protein_248,,,,,,,
GCF_910574535.1;protein_248,GCF_002128045.1;protein_249,GCF_000319675.2;protein_248,GCF_000027345.1;protein_251,GCF_000283755.1;protein_251,GCF_002127985.1;protein_249,GCF_009947205.1;protein_248,GCF_041931765.1;protein_329,GCF_040256845.1;protein_249,GCF_002128265.1;protein_251,GCF_041931565.1;protein_444,GCF_009944725.1;protein_251,GCF_002128145.1;protein_249,GCF_001558175.1;protein_252,GCF_009942155.1;protein_250,GCF_041931755.1;protein_329,GCF_001272775.1;protein_251,GCF_009939765.1;protein_250,GCF_002355715.1;protein_250,GCF_900660465.1;protein_477,GCF_002128285.1;protein_251,GCF_009944335.1;protein_249,GCF_001272755.1;protein_249,GCF_000733995.1;protein_326,GCF_002090215.1;protein_248,GCF_000319655.2;protein_251,GCF_009947575.1;protein_250,GCF_009945865.1;protein_252,GCF_009943805.1;protein_250,GCF_002090295.1;protein_249,,,,,,,
GCF_910574535.1;protein_249,GCF_002128045.1;protein_250,GCF_000319675.2;protein_249,GCF_000027345.1;protein_252,GCF_000283755.1;protein_252,GCF_002127985.1;protein_250,GCF_009947205.1;protein_249,GCF_041931765.1;protein_330,GCF_040256845.1;protein_250,GCF_002128265.1;protein_252,GCF_041931565.1;protein_445,GCF_009944725.1;protein_252,GCF_002128145.1;protein_250,GCF_001558175.1;protein_253,GCF_009942155.1;protein_251,GCF_041931755.1;protein_330,GCF_001272775.1;protein_252,GCF_009939765.1;protein_251,GCF_002355715.1;protein_251,GCF_900660465.1;protein_476,GCF_002128285.1;protein_252,GCF_009944335.1;protein_250,GCF_001272755.1;protein_250,GCF_000733995.1;protein_327,GCF_002090215.1;protein_249,GCF_000319655.2;protein_252,GCF_009947575.1;protein_251,GCF_009945865.1;protein_253,GCF_009943805.1;protein_251,GCF_002090295.1;protein_250,,,,,,,
GCF_910574535.1;protein_25,GCF_002128045.1;protein_25,GCF_000319675.2;protein_25,GCF_000027345.1;protein_25,GCF_000283755.1;protein_25,GCF_002127985.1;protein_25,GCF_009947205.1;protein_25,GCF_041931765.1;protein_102,GCF_040256845.1;protein_25,GCF_002128265.1;protein_25,GCF_041931565.1;protein_221,GCF_009944725.1;protein_25,GCF_002128145.1;protein_25,GCF_001558175.1;protein_25,GCF_009942155.1;protein_25,GCF_041931755.1;protein_102,GCF_001272775.1;protein_25,GCF_009939765.1;protein_25,GCF_002355715.1;protein_25,GCF_900660465.1;protein_702,GCF_002128285.1;protein_25,GCF_009944335.1;protein_25,GCF_001272755.1;protein_25,GCF_000733995.1;protein_101,GCF_002090215.1;protein_25,GCF_000319655.2;protein_25,GCF_009947575.1;protein_25,GCF_009945865.1;protein_25,GCF_009943805.1;protein_25,GCF_002090295.1;protein_25,,,,,,,
GCF_910574535.1;protein_250,GCF_002128045.1;protein_251,GCF_000319675.2;protein_250,GCF_000027345.1;protein_253,GCF_000283755.1;protein_253,GCF_002127985.1;protein_251,GCF_009947205.1;protein_250,GCF_041931765.1;protein_331,GCF_040256845.1;protein_251,GCF_002128265.1;protein_253,GCF_041931565.1;protein_446,GCF_009944725.1;protein_253,GCF_002128145.1;protein_251,GCF_001558175.1;protein_254,GCF_009942155.1;protein_252,GCF_041931755.1;protein_331,GCF_001272775.1;protein_253,GCF_009939765.1;protein_252,GCF_002355715.1;protein_252,GCF_900660465.1;protein_475,GCF_002128285.1;protein_253,GCF_009944335.1;protein_251,GCF_001272755.1;protein_251,GCF_000733995.1;protein_328,GCF_002090215.1;protein_250,GCF_000319655.2;protein_253,GCF_009947575.1;protein_252,GCF_009945865.1;protein_254,GCF_009943805.1;protein_252,GCF_002090295.1;protein_251,,,,,,,
GCF_910574535.1;protein_251,GCF_002128045.1;protein_252,GCF_000319675.2;protein_251,GCF_000027345.1;protein_254,GCF_000283755.1;protein_254,GCF_002127985.1;protein_252,GCF_009947205.1;protein_251,GCF_041931765.1;protein_332,GCF_040256845.1;protein_252,GCF_002128265.1;protein_254,GCF_041931565.1;protein_447,GCF_009944725.1;protein_254,GCF_002128145.1;protein_252,GCF_001558175.1;protein_255,GCF_009942155.1;protein_253,GCF_041931755.1;protein_332,GCF_001272775.1;protein_254,GCF_009939765.1;protein_253,GCF_002355715.1;protein_253,GCF_900660465.1;protein_474,GCF_002128285.1;protein_254,GCF_009944335.1;protein_252,GCF_001272755.1;protein_252,GCF_000733995.1;protein_329,GCF_002090215.1;protein_251,GCF_000319655.2;protein_254,GCF_009947575.1;protein_253,GCF_009945865.1;protein_255,GCF_009943805.1;protein_253,GCF_002090295.1;protein_252,,,,,,,
GCF_910574535.1;protein_252,GCF_002128045.1;protein_253,GCF_000319675.2;protein_252,GCF_000027345.1;protein_255,GCF_000283755.1;protein_255,GCF_002127985.1;protein_253,GCF_009947205.1;protein_252,GCF_041931765.1;protein_333,GCF_040256845.1;protein_253,GCF_002128265.1;protein_255,GCF_041931565.1;protein_448,GCF_009944725.1;protein_255,GCF_002128145.1;protein_253,GCF_001558175.1;protein_256,GCF_009942155.1;protein_254,GCF_041931755.1;protein_333,GCF_001272775.1;protein_255,GCF_009939765.1;protein_254,GCF_002355715.1;protein_254,GCF_900660465.1;protein_473,GCF_002128285.1;protein_255,GCF_009944335.1;protein_253,GCF_001272755.1;protein_253,GCF_000733995.1;protein_330,GCF_002090215.1;protein_252,GCF_000319655.2;protein_255,GCF_009947575.1;protein_254,GCF_009945865.1;protein_256,GCF_009943805.1;protein_254,GCF_002090295.1;protein_253,,,,,,,
GCF_910574535.1;protein_253,GCF_002128045.1;protein_254,GCF_000319675.2;protein_253,GCF_000027345.1;protein_256,GCF_000283755.1;protein_256,GCF_002127985.1;protein_254,GCF_009947205.1;protein_253,GCF_041931765.1;protein_334,GCF_040256845.1;protein_254,GCF_002128265.1;protein_256,GCF_041931565.1;protein_449,GCF_009944725.1;protein_256,GCF_002128145.1;protein_254,GCF_001558175.1;protein_257,GCF_009942155.1;protein_255,GCF_041931755.1;protein_334,GCF_001272775.1;protein_256,GCF_009939765.1;protein_255,GCF_002355715.1;protein_255,GCF_900660465.1;protein_472,GCF_002128285.1;protein_256,GCF_009944335.1;protein_254,GCF_001272755.1;protein_254,GCF_000733995.1;protein_331,GCF_002090215.1;protein_253,GCF_000319655.2;protein_256,GCF_009947575.1;protein_255,GCF_009945865.1;protein_257,GCF_009943805.1;protein_255,GCF_002090295.1;protein_254,,,,,,,
GCF_910574535.1;protein_254,GCF_002128045.1;protein_255,GCF_000319675.2;protein_254,GCF_000027345.1;protein_257,GCF_000283755.1;protein_257,GCF_002127985.1;protein_255,GCF_009947205.1;protein_254,GCF_041931765.1;protein_335,GCF_040256845.1;protein_255,GCF_002128265.1;protein_257,GCF_041931565.1;protein_450,GCF_009944725.1;protein_257,GCF_002128145.1;protein_255,GCF_001558175.1;protein_258,GCF_009942155.1;protein_256,GCF_041931755.1;protein_335,GCF_001272775.1;protein_257,GCF_009939765.1;protein_256,GCF_002355715.1;protein_256,GCF_900660465.1;protein_471,GCF_002128285.1;protein_257,GCF_009944335.1;protein_255,GCF_001272755.1;protein_255,GCF_000733995.1;protein_332,GCF_002090215.1;protein_254,GCF_000319655.2;protein_257,GCF_009947575.1;protein_256,GCF_009945865.1;protein_258,GCF_009943805.1;protein_256,GCF_002090295.1;protein_255,,,,,,,
GCF_910574535.1;protein_255,GCF_002128045.1;protein_256,GCF_000319675.2;protein_255,GCF_000027345.1;protein_258,GCF_000283755.1;protein_258,GCF_002127985.1;protein_256,GCF_009947205.1;protein_255,GCF_041931765.1;protein_336,GCF_040256845.1;protein_256,GCF_002128265.1;protein_258,GCF_041931565.1;protein_451,GCF_009944725.1;protein_258,GCF_002128145.1;protein_256,GCF_001558175.1;protein_259,GCF_009942155.1;protein_257,GCF_041931755.1;protein_336,GCF_001272775.1;protein_258,GCF_009939765.1;protein_257,GCF_002355715.1;protein_257,GCF_900660465.1;protein_470,GCF_002128285.1;protein_258,GCF_009944335.1;protein_256,GCF_001272755.1;protein_256,GCF_000733995.1;protein_333,GCF_002090215.1;protein_255,GCF_000319655.2;protein_258,GCF_009947575.1;protein_257,GCF_009945865.1;protein_259,GCF_009943805.1;protein_257,GCF_002090295.1;protein_256,,,,,,,
GCF_910574535.1;protein_256,GCF_002128045.1;protein_257,GCF_000319675.2;protein_256,GCF_000027345.1;protein_259,GCF_000283755.1;protein_259,GCF_002127985.1;protein_257,GCF_009947205.1;protein_256,GCF_041931765.1;protein_337,GCF_040256845.1;protein_257,GCF_002128265.1;protein_259,GCF_041931565.1;protein_452,GCF_009944725.1;protein_259,GCF_002128145.1;protein_257,GCF_001558175.1;protein_260,GCF_009942155.1;protein_258,GCF_041931755.1;protein_337,GCF_001272775.1;protein_259,GCF_009939765.1;protein_258,GCF_002355715.1;protein_258,GCF_900660465.1;protein_469,GCF_002128285.1;protein_259,GCF_009944335.1;protein_257,GCF_001272755.1;protein_257,GCF_000733995.1;protein_334,GCF_002090215.1;protein_256,GCF_000319655.2;protein_259,GCF_009947575.1;protein_258,GCF_009945865.1;protein_260,GCF_009943805.1;protein_258,GCF_002090295.1;protein_257,,,,,,,
GCF_910574535.1;protein_257,GCF_002128045.1;protein_258,GCF_000319675.2;protein_257,GCF_000027345.1;protein_260,GCF_000283755.1;protein_260,GCF_002127985.1;protein_258,GCF_009947205.1;protein_257,GCF_041931765.1;protein_338,GCF_040256845.1;protein_258,GCF_002128265.1;protein_260,GCF_041931565.1;protein_453,GCF_009944725.1;protein_260,GCF_002128145.1;protein_258,GCF_001558175.1;protein_261,GCF_009942155.1;protein_259,GCF_041931755.1;protein_338,GCF_001272775.1;protein_260,GCF_009939765.1;protein_259,GCF_002355715.1;protein_259,GCF_900660465.1;protein_468,GCF_002128285.1;protein_260,GCF_009944335.1;protein_258,GCF_001272755.1;protein_258,GCF_000733995.1;protein_335,GCF_002090215.1;protein_257,GCF_000319655.2;protein_260,GCF_009947575.1;protein_259,GCF_009945865.1;protein_261,GCF_009943805.1;protein_259,GCF_002090295.1;protein_258,,,,,,,
GCF_910574535.1;protein_258,GCF_002128045.1;protein_259,GCF_000319675.2;protein_258,GCF_000027345.1;protein_261,GCF_000283755.1;protein_261,GCF_002127985.1;protein_259,GCF_009947205.1;protein_258,GCF_041931765.1;protein_339,GCF_040256845.1;protein_259,GCF_002128265.1;protein_261,GCF_041931565.1;protein_454,GCF_009944725.1;protein_261,GCF_002128145.1;protein_259,GCF_001558175.1;protein_262,GCF_009942155.1;protein_260,GCF_041931755.1;protein_339,GCF_001272775.1;protein_261,GCF_009939765.1;protein_260,GCF_002355715.1;protein_260,GCF_900660465.1;protein_467,GCF_002128285.1;protein_261,GCF_009944335.1;protein_259,GCF_001272755.1;protein_259,GCF_000733995.1;protein_336,GCF_002090215.1;protein_258,GCF_000319655.2;protein_261,GCF_009947575.1;protein_260,GCF_009945865.1;protein_262,GCF_009943805.1;protein_260,GCF_002090295.1;protein_259,,,,,,,
GCF_910574535.1;protein_259,GCF_002128045.1;protein_260,GCF_000319675.2;protein_259,GCF_000027345.1;protein_262,GCF_000283755.1;protein_262,GCF_002127985.1;protein_260,GCF_009947205.1;protein_259,GCF_041931765.1;protein_340,GCF_040256845.1;protein_260,GCF_002128265.1;protein_262,GCF_041931565.1;protein_455,GCF_009944725.1;protein_262,GCF_002128145.1;protein_260,GCF_001558175.1;protein_263,GCF_009942155.1;protein_261,GCF_041931755.1;protein_340,GCF_001272775.1;protein_262,GCF_009939765.1;protein_261,GCF_002355715.1;protein_261,GCF_900660465.1;protein_466,GCF_002128285.1;protein_262,GCF_009944335.1;protein_260,GCF_001272755.1;protein_260,GCF_000733995.1;protein_337,GCF_002090215.1;protein_259,GCF_000319655.2;protein_262,GCF_009947575.1;protein_261,GCF_009945865.1;protein_263,GCF_009943805.1;protein_261,GCF_002090295.1;protein_260,,,,,,,
GCF_910574535.1;protein_26,GCF_002128045.1;protein_26,GCF_000319675.2;protein_26,GCF_000027345.1;protein_26,GCF_000283755.1;protein_26,GCF_002127985.1;protein_26,GCF_009947205.1;protein_26,GCF_041931765.1;protein_103,GCF_040256845.1;protein_26,GCF_002128265.1;protein_26,GCF_041931565.1;protein_222,GCF_009944725.1;protein_26,GCF_002128145.1;protein_26,GCF_001558175.1;protein_26,GCF_009942155.1;protein_26,GCF_041931755.1;protein_103,GCF_001272775.1;protein_26,GCF_009939765.1;protein_26,GCF_002355715.1;protein_26,GCF_900660465.1;protein_701,GCF_002128285.1;protein_26,GCF_009944335.1;protein_26,GCF_001272755.1;protein_26,GCF_000733995.1;protein_102,GCF_002090215.1;protein_26,GCF_000319655.2;protein_26,GCF_009947575.1;protein_26,GCF_009945865.1;protein_26,GCF_009943805.1;protein_26,GCF_002090295.1;protein_26,,,,,,,
GCF_910574535.1;protein_260,GCF_002128045.1;protein_261,GCF_000319675.2;protein_260,GCF_000027345.1;protein_263,GCF_000283755.1;protein_263,GCF_002127985.1;protein_261,GCF_009947205.1;protein_260,GCF_041931765.1;protein_341,GCF_040256845.1;protein_261,GCF_002128265.1;protein_263,GCF_041931565.1;protein_456,GCF_009944725.1;protein_263,GCF_002128145.1;protein_261,GCF_001558175.1;protein_264,GCF_009942155.1;protein_262,GCF_041931755.1;protein_341,GCF_001272775.1;protein_263,GCF_009939765.1;protein_262,GCF_002355715.1;protein_262,GCF_900660465.1;protein_465,GCF_002128285.1;protein_263,GCF_009944335.1;protein_261,GCF_001272755.1;protein_261,GCF_000733995.1;protein_338,GCF_002090215.1;protein_260,GCF_000319655.2;protein_263,GCF_009947575.1;protein_262,GCF_009945865.1;protein_264,GCF_009943805.1;protein_262,GCF_002090295.1;protein_261,,,,,,,
GCF_910574535.1;protein_261,GCF_002128045.1;protein_262,GCF_000319675.2;protein_261,GCF_000027345.1;protein_264,GCF_000283755.1;protein_264,GCF_002127985.1;protein_262,GCF_009947205.1;protein_261,GCF_041931765.1;protein_342,GCF_040256845.1;protein_262,GCF_002128265.1;protein_264,GCF_041931565.1;protein_457,GCF_009944725.1;protein_264,GCF_002128145.1;protein_262,GCF_001558175.1;protein_265,GCF_009942155.1;protein_263,GCF_041931755.1;protein_342,GCF_001272775.1;protein_264,GCF_009939765.1;protein_263,GCF_002355715.1;protein_263,GCF_900660465.1;protein_464,GCF_002128285.1;protein_264,GCF_009944335.1;protein_262,GCF_001272755.1;protein_262,GCF_000733995.1;protein_339,GCF_002090215.1;protein_261,GCF_000319655.2;protein_264,GCF_009947575.1;protein_263,GCF_009945865.1;protein_265,GCF_009943805.1;protein_263,GCF_002090295.1;protein_262,,,,,,,
GCF_910574535.1;protein_262,GCF_002128045.1;protein_263,GCF_000319675.2;protein_262,GCF_000027345.1;protein_265,GCF_000283755.1;protein_265,GCF_002127985.1;protein_263,GCF_009947205.1;protein_262,GCF_041931765.1;protein_343,GCF_040256845.1;protein_263,GCF_002128265.1;protein_265,GCF_041931565.1;protein_458,GCF_009944725.1;protein_265,GCF_002128145.1;protein_263,GCF_001558175.1;protein_266,GCF_009942155.1;protein_264,GCF_041931755.1;protein_343,GCF_001272775.1;protein_265,GCF_009939765.1;protein_264,GCF_002355715.1;protein_264,GCF_900660465.1;protein_463,GCF_002128285.1;protein_265,GCF_009944335.1;protein_263,GCF_001272755.1;protein_263,GCF_000733995.1;protein_340,GCF_002090215.1;protein_262,GCF_000319655.2;protein_265,GCF_009947575.1;protein_264,GCF_009945865.1;protein_266,GCF_009943805.1;protein_264,GCF_002090295.1;protein_263,,,,,,,
GCF_910574535.1;protein_263,GCF_002128045.1;protein_264,GCF_000319675.2;protein_263,GCF_000027345.1;protein_266,GCF_000283755.1;protein_266,GCF_002127985.1;protein_264,GCF_009947205.1;protein_263,GCF_041931765.1;protein_344,GCF_040256845.1;protein_264,GCF_002128265.1;protein_266,GCF_041931565.1;protein_459,GCF_009944725.1;protein_266,GCF_002128145.1;protein_264,GCF_001558175.1;protein_267,GCF_009942155.1;protein_265,GCF_041931755.1;protein_344,GCF_001272775.1;protein_266,GCF_009939765.1;protein_265,GCF_002355715.1;protein_265,GCF_900660465.1;protein_462,GCF_002128285.1;protein_266,GCF_009944335.1;protein_264,GCF_001272755.1;protein_264,GCF_000733995.1;protein_341,GCF_002090215.1;protein_263,GCF_000319655.2;protein_266,GCF_009947575.1;protein_265,GCF_009945865.1;protein_267,GCF_009943805.1;protein_265,GCF_002090295.1;protein_264,,,,,,,
GCF_910574535.1;protein_264,GCF_002128045.1;protein_265,GCF_000319675.2;protein_264,GCF_000027345.1;protein_267,GCF_000283755.1;protein_267,GCF_002127985.1;protein_265,GCF_009947205.1;protein_264,GCF_041931765.1;protein_345,GCF_040256845.1;protein_265,GCF_002128265.1;protein_267,GCF_041931565.1;protein_460,GCF_009944725.1;protein_267,GCF_002128145.1;protein_265,GCF_001558175.1;protein_268,GCF_009942155.1;protein_266,GCF_041931755.1;protein_345,GCF_001272775.1;protein_267,GCF_009939765.1;protein_266,GCF_002355715.1;protein_266,GCF_900660465.1;protein_461,GCF_002128285.1;protein_267,GCF_009944335.1;protein_265,GCF_001272755.1;protein_265,GCF_000733995.1;protein_342,GCF_002090215.1;protein_264,GCF_000319655.2;protein_267,GCF_009947575.1;protein_266,GCF_009945865.1;protein_268,GCF_009943805.1;protein_266,GCF_002090295.1;protein_265,,,,,,,
GCF_910574535.1;protein_265,GCF_002128045.1;protein_266,GCF_000319675.2;protein_265,GCF_000027345.1;protein_268,GCF_000283755.1;protein_268,GCF_002127985.1;protein_266,GCF_009947205.1;protein_265,GCF_041931765.1;protein_346,GCF_040256845.1;protein_266,GCF_002128265.1;protein_268,GCF_041931565.1;protein_461,GCF_009944725.1;protein_268,GCF_002128145.1;protein_266,GCF_001558175.1;protein_269,GCF_009942155.1;protein_267,GCF_041931755.1;protein_346,GCF_001272775.1;protein_268,GCF_009939765.1;protein_267,GCF_002355715.1;protein_267,GCF_900660465.1;protein_460,GCF_002128285.1;protein_268,GCF_009944335.1;protein_266,GCF_001272755.1;protein_266,GCF_000733995.1;protein_343,GCF_002090215.1;protein_265,GCF_000319655.2;protein_268,GCF_009947575.1;protein_267,GCF_009945865.1;protein_269,GCF_009943805.1;protein_267,GCF_002090295.1;protein_266,,,,,,,
GCF_910574535.1;protein_266,GCF_002128045.1;protein_267,GCF_000319675.2;protein_266,GCF_000027345.1;protein_269,GCF_000283755.1;protein_269,GCF_002127985.1;protein_267,GCF_009947205.1;protein_266,GCF_041931765.1;protein_347,GCF_040256845.1;protein_267,GCF_002128265.1;protein_269,GCF_041931565.1;protein_462,GCF_009944725.1;protein_269,GCF_002128145.1;protein_267,GCF_001558175.1;protein_270,GCF_009942155.1;protein_268,GCF_041931755.1;protein_347,GCF_001272775.1;protein_269,GCF_009939765.1;protein_268,GCF_002355715.1;protein_268,GCF_900660465.1;protein_459,GCF_002128285.1;protein_269,GCF_009944335.1;protein_267,GCF_001272755.1;protein_267,GCF_000733995.1;protein_344,GCF_002090215.1;protein_266,GCF_000319655.2;protein_269,GCF_009947575.1;protein_268,GCF_009945865.1;protein_270,GCF_009943805.1;protein_268,GCF_002090295.1;protein_267,,,,,,,
GCF_910574535.1;protein_267,GCF_002128045.1;protein_268,GCF_000319675.2;protein_267,GCF_000027345.1;protein_270,GCF_000283755.1;protein_270,GCF_002127985.1;protein_268,GCF_009947205.1;protein_267,GCF_041931765.1;protein_348,GCF_040256845.1;protein_268,GCF_002128265.1;protein_270,GCF_041931565.1;protein_463,GCF_009944725.1;protein_270,GCF_002128145.1;protein_268,GCF_001558175.1;protein_271,GCF_009942155.1;protein_269,GCF_041931755.1;protein_348,GCF_001272775.1;protein_270,GCF_009939765.1;protein_269,GCF_002355715.1;protein_269,GCF_900660465.1;protein_458,GCF_002128285.1;protein_270,GCF_009944335.1;protein_268,GCF_001272755.1;protein_268,GCF_000733995.1;protein_345,GCF_002090215.1;protein_267,GCF_000319655.2;protein_270,GCF_009947575.1;protein_269,GCF_009945865.1;protein_271,GCF_009943805.1;protein_269,GCF_002090295.1;protein_268,,,,,,,
GCF_910574535.1;protein_268,GCF_002128045.1;protein_269,GCF_000319675.2;protein_268,GCF_000027345.1;protein_271,GCF_000283755.1;protein_271,GCF_002127985.1;protein_269,GCF_009947205.1;protein_268,GCF_041931765.1;protein_349,GCF_040256845.1;protein_269,GCF_002128265.1;protein_271,GCF_041931565.1;protein_464,GCF_009944725.1;protein_271,GCF_002128145.1;protein_269,GCF_001558175.1;protein_272,GCF_009942155.1;protein_270,GCF_041931755.1;protein_349,GCF_001272775.1;protein_271,GCF_009939765.1;protein_270,GCF_002355715.1;protein_270,GCF_900660465.1;protein_457,GCF_002128285.1;protein_271,GCF_009944335.1;protein_269,GCF_001272755.1;protein_269,GCF_000733995.1;protein_346,GCF_002090215.1;protein_268,GCF_000319655.2;protein_271,GCF_009947575.1;protein_270,GCF_009945865.1;protein_272,GCF_009943805.1;protein_270,GCF_002090295.1;protein_269,,,,,,,
GCF_910574535.1;protein_269,GCF_002128045.1;protein_270,GCF_000319675.2;protein_269,GCF_000027345.1;protein_272,GCF_000283755.1;protein_272,GCF_002127985.1;protein_270,GCF_009947205.1;protein_269,GCF_041931765.1;protein_350,GCF_040256845.1;protein_270,GCF_002128265.1;protein_272,GCF_041931565.1;protein_465,GCF_009944725.1;protein_272,GCF_002128145.1;protein_270,GCF_001558175.1;protein_273,GCF_009942155.1;protein_271,GCF_041931755.1;protein_350,GCF_001272775.1;protein_272,GCF_009939765.1;protein_271,GCF_002355715.1;protein_271,GCF_900660465.1;protein_456,GCF_002128285.1;protein_272,GCF_009944335.1;protein_270,GCF_001272755.1;protein_270,GCF_000733995.1;protein_347,GCF_002090215.1;protein_269,GCF_000319655.2;protein_272,GCF_009947575.1;protein_271,GCF_009945865.1;protein_273,GCF_009943805.1;protein_271,GCF_002090295.1;protein_270,,,,,,,
GCF_910574535.1;protein_27,GCF_002128045.1;protein_27,GCF_000319675.2;protein_27,GCF_000027345.1;protein_27,GCF_000283755.1;protein_27,GCF_002127985.1;protein_27,GCF_009947205.1;protein_27,GCF_041931765.1;protein_104,GCF_040256845.1;protein_27,GCF_002128265.1;protein_27,GCF_041931565.1;protein_223,GCF_009944725.1;protein_27,GCF_002128145.1;protein_27,GCF_001558175.1;protein_27,GCF_009942155.1;protein_27,GCF_041931755.1;protein_104,GCF_001272775.1;protein_27,GCF_009939765.1;protein_27,GCF_002355715.1;protein_27,GCF_900660465.1;protein_700,GCF_002128285.1;protein_27,GCF_009944335.1;protein_27,GCF_001272755.1;protein_27,GCF_000733995.1;protein_103,GCF_002090215.1;protein_27,GCF_000319655.2;protein_27,GCF_009947575.1;protein_27,GCF_009945865.1;protein_27,GCF_009943805.1;protein_27,GCF_002090295.1;protein_27,,,,,,,
GCF_910574535.1;protein_270,GCF_002128045.1;protein_271,GCF_000319675.2;protein_270,GCF_000027345.1;protein_273,GCF_000283755.1;protein_273,GCF_002127985.1;protein_271,GCF_009947205.1;protein_270,GCF_041931765.1;protein_351,GCF_040256845.1;protein_271,GCF_002128265.1;protein_273,GCF_041931565.1;protein_466,GCF_009944725.1;protein_273,GCF_002128145.1;protein_271,GCF_001558175.1;protein_274,GCF_009942155.1;protein_272,GCF_041931755.1;protein_351,GCF_001272775.1;protein_273,GCF_009939765.1;protein_272,GCF_002355715.1;protein_272,GCF_900660465.1;protein_455,GCF_002128285.1;protein_273,GCF_009944335.1;protein_271,GCF_001272755.1;protein_271,GCF_000733995.1;protein_348,GCF_002090215.1;protein_270,GCF_000319655.2;protein_273,GCF_009947575.1;protein_272,GCF_009945865.1;protein_274,GCF_009943805.1;protein_272,GCF_002090295.1;protein_271,,,,,,,
GCF_910574535.1;protein_271,GCF_002128045.1;protein_272,GCF_000319675.2;protein_271,GCF_000027345.1;protein_274,GCF_000283755.1;protein_274,GCF_002127985.1;protein_272,GCF_009947205.1;protein_271,GCF_041931765.1;protein_352,GCF_040256845.1;protein_272,GCF_002128265.1;protein_274,GCF_041931565.1;protein_467,GCF_009944725.1;protein_274,GCF_002128145.1;protein_272,GCF_001558175.1;protein_275,GCF_009942155.1;protein_273,GCF_041931755.1;protein_352,GCF_001272775.1;protein_274,GCF_009939765.1;protein_273,GCF_002355715.1;protein_273,GCF_900660465.1;protein_454,GCF_002128285.1;protein_274,GCF_009944335.1;protein_272,GCF_001272755.1;protein_272,GCF_000733995.1;protein_349,GCF_002090215.1;protein_271,GCF_000319655.2;protein_274,GCF_009947575.1;protein_273,GCF_009945865.1;protein_275,GCF_009943805.1;protein_273,GCF_002090295.1;protein_272,,,,,,,
GCF_910574535.1;protein_272,GCF_002128045.1;protein_273,GCF_000319675.2;protein_272,GCF_000027345.1;protein_275,GCF_000283755.1;protein_275,GCF_002127985.1;protein_273,GCF_009947205.1;protein_272,GCF_041931765.1;protein_353,GCF_040256845.1;protein_273,GCF_002128265.1;protein_275,GCF_041931565.1;protein_468,GCF_009944725.1;protein_275,GCF_002128145.1;protein_273,GCF_001558175.1;protein_276,GCF_009942155.1;protein_274,GCF_041931755.1;protein_353,GCF_001272775.1;protein_275,GCF_009939765.1;protein_274,GCF_002355715.1;protein_274,GCF_900660465.1;protein_453,GCF_002128285.1;protein_275,GCF_009944335.1;protein_273,GCF_001272755.1;protein_273,GCF_000733995.1;protein_350,GCF_002090215.1;protein_272,GCF_000319655.2;protein_275,GCF_009947575.1;protein_274,GCF_009945865.1;protein_276,GCF_009943805.1;protein_274,GCF_002090295.1;protein_273,,,,,,,
GCF_910574535.1;protein_273,GCF_002128045.1;protein_274,GCF_000319675.2;protein_273,GCF_000027345.1;protein_276,GCF_000283755.1;protein_276,GCF_002127985.1;protein_274,GCF_009947205.1;protein_273,GCF_041931765.1;protein_354,GCF_040256845.1;protein_274,GCF_002128265.1;protein_276,GCF_041931565.1;protein_469,GCF_009944725.1;protein_276,GCF_002128145.1;protein_274,GCF_001558175.1;protein_277,GCF_009942155.1;protein_275,GCF_041931755.1;protein_354,GCF_001272775.1;protein_276,GCF_009939765.1;protein_275,GCF_002355715.1;protein_275,GCF_900660465.1;protein_452,GCF_002128285.1;protein_276,GCF_009944335.1;protein_274,GCF_001272755.1;protein_274,GCF_000733995.1;protein_351,GCF_002090215.1;protein_273,GCF_000319655.2;protein_276,GCF_009947575.1;protein_275,GCF_009945865.1;protein_277,GCF_009943805.1;protein_275,GCF_002090295.1;protein_274,,,,,,,
GCF_910574535.1;protein_274,GCF_002128045.1;protein_275,GCF_000319675.2;protein_274,GCF_000027345.1;protein_277,GCF_000283755.1;protein_277,GCF_002127985.1;protein_275,GCF_009947205.1;protein_274,GCF_041931765.1;protein_355,GCF_040256845.1;protein_275,GCF_002128265.1;protein_277,GCF_041931565.1;protein_470,GCF_009944725.1;protein_277,GCF_002128145.1;protein_275,GCF_001558175.1;protein_278,GCF_009942155.1;protein_276,GCF_041931755.1;protein_355,GCF_001272775.1;protein_277,GCF_009939765.1;protein_276,GCF_002355715.1;protein_276,GCF_900660465.1;protein_451,GCF_002128285.1;protein_277,GCF_009944335.1;protein_275,GCF_001272755.1;protein_275,GCF_000733995.1;protein_352,GCF_002090215.1;protein_274,GCF_000319655.2;protein_277,GCF_009947575.1;protein_276,GCF_009945865.1;protein_278,GCF_009943805.1;protein_276,GCF_002090295.1;protein_275,,,,,,,
GCF_910574535.1;protein_275,GCF_002128045.1;protein_276,GCF_000319675.2;protein_275,GCF_000027345.1;protein_278,GCF_000283755.1;protein_278,GCF_002127985.1;protein_276,GCF_009947205.1;protein_275,GCF_041931765.1;protein_356,GCF_040256845.1;protein_276,GCF_002128265.1;protein_278,GCF_041931565.1;protein_471,GCF_009944725.1;protein_278,GCF_002128145.1;protein_276,GCF_001558175.1;protein_279,GCF_009942155.1;protein_277,GCF_041931755.1;protein_356,GCF_001272775.1;protein_278,GCF_009939765.1;protein_277,GCF_002355715.1;protein_277,GCF_900660465.1;protein_450,GCF_002128285.1;protein_278,GCF_009944335.1;protein_276,GCF_001272755.1;protein_276,GCF_000733995.1;protein_353,GCF_002090215.1;protein_275,GCF_000319655.2;protein_278,GCF_009947575.1;protein_277,GCF_009945865.1;protein_279,GCF_009943805.1;protein_277,GCF_002090295.1;protein_276,,,,,,,
GCF_910574535.1;protein_276,GCF_002128045.1;protein_277,GCF_000319675.2;protein_276,GCF_000027345.1;protein_279,GCF_000283755.1;protein_279,GCF_002127985.1;protein_277,GCF_009947205.1;protein_276,GCF_041931765.1;protein_357,GCF_040256845.1;protein_277,GCF_002128265.1;protein_279,GCF_041931565.1;protein_472,GCF_009944725.1;protein_279,GCF_002128145.1;protein_277,GCF_001558175.1;protein_280,GCF_009942155.1;protein_278,GCF_041931755.1;protein_357,GCF_001272775.1;protein_279,GCF_009939765.1;protein_278,GCF_002355715.1;protein_278,GCF_900660465.1;protein_449,GCF_002128285.1;protein_279,GCF_009944335.1;protein_277,GCF_001272755.1;protein_277,GCF_000733995.1;protein_354,GCF_002090215.1;protein_276,GCF_000319655.2;protein_279,GCF_009947575.1;protein_278,GCF_009945865.1;protein_280,GCF_009943805.1;protein_278,GCF_002090295.1;protein_277,,,,,,,
GCF_910574535.1;protein_277,GCF_002128045.1;protein_278,GCF_000319675.2;protein_277,GCF_000027345.1;protein_280,GCF_000283755.1;protein_280,GCF_002127985.1;protein_278,GCF_009947205.1;protein_277,GCF_041931765.1;protein_358,GCF_040256845.1;protein_278,GCF_002128265.1;protein_280,GCF_041931565.1;protein_473,GCF_009944725.1;protein_280,GCF_002128145.1;protein_278,GCF_001558175.1;protein_281,GCF_009942155.1;protein_279,GCF_041931755.1;protein_358,GCF_001272775.1;protein_280,GCF_009939765.1;protein_279,GCF_002355715.1;protein_279,GCF_900660465.1;protein_448,GCF_002128285.1;protein_280,GCF_009944335.1;protein_278,GCF_001272755.1;protein_278,GCF_000733995.1;protein_355,GCF_002090215.1;protein_277,GCF_000319655.2;protein_280,GCF_009947575.1;protein_279,GCF_009945865.1;protein_281,GCF_009943805.1;protein_279,GCF_002090295.1;protein_278,,,,,,,
GCF_910574535.1;protein_278,GCF_002128045.1;protein_279,GCF_000319675.2;protein_278,GCF_000027345.1;protein_281,GCF_000283755.1;protein_281,GCF_002127985.1;protein_279,GCF_009947205.1;protein_278,GCF_041931765.1;protein_359,GCF_040256845.1;protein_279,GCF_002128265.1;protein_281,GCF_041931565.1;protein_474,GCF_009944725.1;protein_281,GCF_002128145.1;protein_279,GCF_001558175.1;protein_282,GCF_009942155.1;protein_280,GCF_041931755.1;protein_359,GCF_001272775.1;protein_281,GCF_009939765.1;protein_280,GCF_002355715.1;protein_280,GCF_900660465.1;protein_447,GCF_002128285.1;protein_281,GCF_009944335.1;protein_279,GCF_001272755.1;protein_279,GCF_000733995.1;protein_356,GCF_002090215.1;protein_278,GCF_000319655.2;protein_281,GCF_009947575.1;protein_280,GCF_009945865.1;protein_282,GCF_009943805.1;protein_280,GCF_002090295.1;protein_279,,,,,,,
GCF_910574535.1;protein_279,GCF_002128045.1;protein_280,GCF_000319675.2;protein_279,GCF_000027345.1;protein_282,GCF_000283755.1;protein_282,GCF_002127985.1;protein_280,GCF_009947205.1;protein_279,GCF_041931765.1;protein_360,GCF_040256845.1;protein_280,GCF_002128265.1;protein_282,GCF_041931565.1;protein_475,GCF_009944725.1;protein_282,GCF_002128145.1;protein_280,GCF_001558175.1;protein_283,GCF_009942155.1;protein_281,GCF_041931755.1;protein_360,GCF_001272775.1;protein_282,GCF_009939765.1;protein_281,GCF_002355715.1;protein_281,GCF_900660465.1;protein_446,GCF_002128285.1;protein_282,GCF_009944335.1;protein_280,GCF_001272755.1;protein_280,GCF_000733995.1;protein_357,GCF_002090215.1;protein_279,GCF_000319655.2;protein_282,GCF_009947575.1;protein_281,GCF_009945865.1;protein_283,GCF_009943805.1;protein_281,GCF_002090295.1;protein_280,,,,,,,
GCF_910574535.1;protein_28,GCF_002128045.1;protein_28,GCF_000319675.2;protein_28,GCF_000027345.1;protein_28,GCF_000283755.1;protein_28,GCF_002127985.1;protein_28,GCF_009947205.1;protein_28,GCF_041931765.1;protein_105,GCF_040256845.1;protein_28,GCF_002128265.1;protein_28,GCF_041931565.1;protein_224,GCF_009944725.1;protein_28,GCF_002128145.1;protein_28,GCF_001558175.1;protein_28,GCF_009942155.1;protein_28,GCF_041931755.1;protein_105,GCF_001272775.1;protein_28,GCF_009939765.1;protein_28,GCF_002355715.1;protein_28,GCF_900660465.1;protein_699,GCF_002128285.1;protein_28,GCF_009944335.1;protein_28,GCF_001272755.1;protein_28,GCF_000733995.1;protein_104,GCF_002090215.1;protein_28,GCF_000319655.2;protein_28,GCF_009947575.1;protein_28,GCF_009945865.1;protein_28,GCF_009943805.1;protein_28,GCF_002090295.1;protein_28,,,,,,,
GCF_910574535.1;protein_280,GCF_002128045.1;protein_281,GCF_000319675.2;protein_280,GCF_000027345.1;protein_283,GCF_000283755.1;protein_283,GCF_002127985.1;protein_281,GCF_009947205.1;protein_280,GCF_041931765.1;protein_361,GCF_040256845.1;protein_281,GCF_002128265.1;protein_283,GCF_041931565.1;protein_476,GCF_009944725.1;protein_283,GCF_002128145.1;protein_281,GCF_001558175.1;protein_284,GCF_009942155.1;protein_282,GCF_041931755.1;protein_361,GCF_001272775.1;protein_283,GCF_009939765.1;protein_282,GCF_002355715.1;protein_282,GCF_900660465.1;protein_445,GCF_002128285.1;protein_283,GCF_009944335.1;protein_281,GCF_001272755.1;protein_281,GCF_000733995.1;protein_358,GCF_002090215.1;protein_280,GCF_000319655.2;protein_283,GCF_009947575.1;protein_282,GCF_009945865.1;protein_284,GCF_009943805.1;protein_282,GCF_002090295.1;protein_281,,,,,,,
GCF_910574535.1;protein_281,GCF_002128045.1;protein_282,GCF_000319675.2;protein_281,GCF_000027345.1;protein_284,GCF_000283755.1;protein_284,GCF_002127985.1;protein_282,GCF_009947205.1;protein_281,GCF_041931765.1;protein_362,GCF_040256845.1;protein_282,GCF_002128265.1;protein_284,GCF_041931565.1;protein_477,GCF_009944725.1;protein_284,GCF_002128145.1;protein_282,GCF_001558175.1;protein_285,GCF_009942155.1;protein_283,GCF_041931755.1;protein_362,GCF_001272775.1;protein_284,GCF_009939765.1;protein_283,GCF_002355715.1;protein_283,GCF_900660465.1;protein_444,GCF_002128285.1;protein_284,GCF_009944335.1;protein_282,GCF_001272755.1;protein_282,GCF_000733995.1;protein_359,GCF_002090215.1;protein_281,GCF_000319655.2;protein_284,GCF_009947575.1;protein_283,GCF_009945865.1;protein_285,GCF_009943805.1;protein_283,GCF_002090295.1;protein_282,,,,,,,
GCF_910574535.1;protein_282,GCF_002128045.1;protein_283,GCF_000319675.2;protein_282,GCF_000027345.1;protein_285,GCF_000283755.1;protein_285,GCF_002127985.1;protein_283,GCF_009947205.1;protein_282,GCF_041931765.1;protein_363,GCF_040256845.1;protein_283,GCF_002128265.1;protein_285,GCF_041931565.1;protein_478,GCF_009944725.1;protein_285,GCF_002128145.1;protein_283,GCF_001558175.1;protein_286,GCF_009942155.1;protein_284,GCF_041931755.1;protein_363,GCF_001272775.1;protein_285,GCF_009939765.1;protein_284,GCF_002355715.1;protein_284,GCF_900660465.1;protein_443,GCF_002128285.1;protein_285,GCF_009944335.1;protein_283,GCF_001272755.1;protein_283,GCF_000733995.1;protein_360,GCF_002090215.1;protein_282,GCF_000319655.2;protein_285,GCF_009947575.1;protein_284,GCF_009945865.1;protein_286,GCF_009943805.1;protein_284,GCF_002090295.1;protein_283,,,,,,,
GCF_910574535.1;protein_283,GCF_002128045.1;protein_284,GCF_000319675.2;protein_283,GCF_000027345.1;protein_286,GCF_000283755.1;protein_286,GCF_002127985.1;protein_284,GCF_009947205.1;protein_283,GCF_041931765.1;protein_364,GCF_040256845.1;protein_284,GCF_002128265.1;protein_286,GCF_041931565.1;protein_479,GCF_009944725.1;protein_286,GCF_002128145.1;protein_284,GCF_001558175.1;protein_287,GCF_009942155.1;protein_285,GCF_041931755.1;protein_364,GCF_001272775.1;protein_286,GCF_009939765.1;protein_285,GCF_002355715.1;protein_285,GCF_900660465.1;protein_442,GCF_002128285.1;protein_286,GCF_009944335.1;protein_284,GCF_001272755.1;protein_284,GCF_000733995.1;protein_361,GCF_002090215.1;protein_283,GCF_000319655.2;protein_286,GCF_009947575.1;protein_285,GCF_009945865.1;protein_287,GCF_009943805.1;protein_285,GCF_002090295.1;protein_284,,,,,,,
GCF_910574535.1;protein_284,GCF_002128045.1;protein_285,GCF_000319675.2;protein_284,GCF_000027345.1;protein_287,GCF_000283755.1;protein_287,GCF_002127985.1;protein_285,GCF_009947205.1;protein_284,GCF_041931765.1;protein_365,GCF_040256845.1;protein_285,GCF_002128265.1;protein_287,GCF_041931565.1;protein_480,GCF_009944725.1;protein_287,GCF_002128145.1;protein_285,GCF_001558175.1;protein_288,GCF_009942155.1;protein_286,GCF_041931755.1;protein_365,GCF_001272775.1;protein_287,GCF_009939765.1;protein_286,GCF_002355715.1;protein_286,GCF_900660465.1;protein_441,GCF_002128285.1;protein_287,GCF_009944335.1;protein_285,GCF_001272755.1;protein_285,GCF_000733995.1;protein_362,GCF_002090215.1;protein_284,GCF_000319655.2;protein_287,GCF_009947575.1;protein_286,GCF_009945865.1;protein_288,GCF_009943805.1;protein_286,GCF_002090295.1;protein_285,,,,,,,
GCF_910574535.1;protein_285,GCF_002128045.1;protein_286,GCF_000319675.2;protein_285,GCF_000027345.1;protein_288,GCF_000283755.1;protein_288,GCF_002127985.1;protein_286,GCF_009947205.1;protein_285,GCF_041931765.1;protein_366,GCF_040256845.1;protein_286,GCF_002128265.1;protein_288,GCF_041931565.1;protein_481,GCF_009944725.1;protein_288,GCF_002128145.1;protein_286,GCF_001558175.1;protein_289,GCF_009942155.1;protein_287,GCF_041931755.1;protein_366,GCF_001272775.1;protein_288,GCF_009939765.1;protein_287,GCF_002355715.1;protein_287,GCF_900660465.1;protein_440,GCF_002128285.1;protein_288,GCF_009944335.1;protein_286,GCF_001272755.1;protein_286,GCF_000733995.1;protein_363,GCF_002090215.1;protein_285,GCF_000319655.2;protein_288,GCF_009947575.1;protein_287,GCF_009945865.1;protein_289,GCF_009943805.1;protein_287,GCF_002090295.1;protein_286,,,,,,,
GCF_910574535.1;protein_287,GCF_002128045.1;protein_288,GCF_000319675.2;protein_287,GCF_000027345.1;protein_290,GCF_000283755.1;protein_290,GCF_002127985.1;protein_288,GCF_009947205.1;protein_287,GCF_041931765.1;protein_368,GCF_040256845.1;protein_288,GCF_002128265.1;protein_290,GCF_041931565.1;protein_483,GCF_009944725.1;protein_290,GCF_002128145.1;protein_288,GCF_001558175.1;protein_291,GCF_009942155.1;protein_289,GCF_041931755.1;protein_368,GCF_001272775.1;protein_290,GCF_009939765.1;protein_289,GCF_002355715.1;protein_289,GCF_900660465.1;protein_438,GCF_002128285.1;protein_290,GCF_009944335.1;protein_288,GCF_001272755.1;protein_288,GCF_000733995.1;protein_365,GCF_002090215.1;protein_287,GCF_000319655.2;protein_290,GCF_009947575.1;protein_289,GCF_009945865.1;protein_291,GCF_009943805.1;protein_289,GCF_002090295.1;protein_288,,,,,,,
GCF_001558175.1;protein_292,GCF_009939765.1;protein_290,GCF_910574535.1;protein_288,GCF_041931765.1;protein_369,GCF_002128145.1;protein_289,GCF_041931565.1;protein_484,,GCF_002090215.1;protein_288,GCF_000027345.1;protein_291,GCF_900660465.1;protein_437,GCF_000319675.2;protein_288,GCF_040256845.1;protein_289,GCF_000733995.1;protein_366,GCF_002090295.1;protein_289,GCF_009947205.1;protein_288,GCF_009944725.1;protein_291,GCF_001272775.1;protein_291,GCF_002127985.1;protein_289,GCF_041931755.1;protein_369,GCF_002128045.1;protein_289,GCF_002128265.1;protein_291,GCF_009947575.1;protein_290,GCF_000319655.2;protein_291,GCF_009942155.1;protein_290,GCF_001272755.1;protein_289,GCF_009943805.1;protein_290,GCF_002128285.1;protein_291,GCF_002355715.1;protein_290,GCF_009945865.1;protein_292,GCF_009944335.1;protein_289,GCF_000283755.1;protein_291,,,,,,
GCF_910574535.1;protein_289,GCF_002128045.1;protein_290,GCF_000319675.2;protein_289,GCF_000027345.1;protein_292,GCF_000283755.1;protein_292,GCF_002127985.1;protein_290,GCF_009947205.1;protein_289,GCF_041931765.1;protein_370,GCF_040256845.1;protein_290,GCF_002128265.1;protein_292,GCF_041931565.1;protein_485,GCF_009944725.1;protein_292,GCF_002128145.1;protein_290,GCF_001558175.1;protein_293,GCF_009942155.1;protein_291,GCF_041931755.1;protein_370,GCF_001272775.1;protein_292,GCF_009939765.1;protein_291,GCF_002355715.1;protein_291,GCF_900660465.1;protein_436,GCF_002128285.1;protein_292,GCF_009944335.1;protein_290,GCF_001272755.1;protein_290,GCF_000733995.1;protein_367,GCF_002090215.1;protein_289,GCF_000319655.2;protein_292,GCF_009947575.1;protein_291,GCF_009945865.1;protein_293,GCF_009943805.1;protein_291,GCF_002090295.1;protein_290,,,,,,,
GCF_910574535.1;protein_29,GCF_002128045.1;protein_29,GCF_000319675.2;protein_29,GCF_000027345.1;protein_29,GCF_000283755.1;protein_29,GCF_002127985.1;protein_29,GCF_009947205.1;protein_29,GCF_041931765.1;protein_106,GCF_040256845.1;protein_29,GCF_002128265.1;protein_29,GCF_041931565.1;protein_225,GCF_009944725.1;protein_29,GCF_002128145.1;protein_29,GCF_001558175.1;protein_29,GCF_009942155.1;protein_29,GCF_041931755.1;protein_106,GCF_001272775.1;protein_29,GCF_009939765.1;protein_29,GCF_002355715.1;protein_29,GCF_900660465.1;protein_698,GCF_002128285.1;protein_29,GCF_009944335.1;protein_29,GCF_001272755.1;protein_29,GCF_000733995.1;protein_105,GCF_002090215.1;protein_29,GCF_000319655.2;protein_29,GCF_009947575.1;protein_29,GCF_009945865.1;protein_29,GCF_009943805.1;protein_29,GCF_002090295.1;protein_29,,,,,,,
GCF_910574535.1;protein_290,GCF_002128045.1;protein_291,GCF_000319675.2;protein_290,GCF_000027345.1;protein_293,GCF_000283755.1;protein_293,GCF_002127985.1;protein_291,GCF_009947205.1;protein_290,GCF_041931765.1;protein_371,GCF_040256845.1;protein_291,GCF_002128265.1;protein_293,GCF_041931565.1;protein_486,GCF_009944725.1;protein_293,GCF_002128145.1;protein_291,GCF_001558175.1;protein_294,GCF_009942155.1;protein_292,GCF_041931755.1;protein_371,GCF_001272775.1;protein_293,GCF_009939765.1;protein_292,GCF_002355715.1;protein_292,GCF_900660465.1;protein_435,GCF_002128285.1;protein_293,GCF_009944335.1;protein_291,GCF_001272755.1;protein_291,GCF_000733995.1;protein_368,GCF_002090215.1;protein_290,GCF_000319655.2;protein_293,GCF_009947575.1;protein_292,GCF_009945865.1;protein_294,GCF_009943805.1;protein_292,GCF_002090295.1;protein_291,,,,,,,
GCF_910574535.1;protein_291,GCF_002128045.1;protein_292,GCF_000319675.2;protein_291,GCF_000027345.1;protein_294,GCF_000283755.1;protein_294,GCF_002127985.1;protein_292,GCF_009947205.1;protein_291,GCF_041931765.1;protein_372,GCF_040256845.1;protein_292,GCF_002128265.1;protein_294,GCF_041931565.1;protein_487,GCF_009944725.1;protein_294,GCF_002128145.1;protein_292,GCF_001558175.1;protein_295,GCF_009942155.1;protein_293,GCF_041931755.1;protein_372,GCF_001272775.1;protein_294,GCF_009939765.1;protein_293,GCF_002355715.1;protein_293,GCF_900660465.1;protein_434,GCF_002128285.1;protein_294,GCF_009944335.1;protein_292,GCF_001272755.1;protein_292,GCF_000733995.1;protein_369,GCF_002090215.1;protein_291,GCF_000319655.2;protein_294,GCF_009947575.1;protein_293,GCF_009945865.1;protein_295,GCF_009943805.1;protein_293,GCF_002090295.1;protein_292,,,,,,,
GCF_910574535.1;protein_292,GCF_002128045.1;protein_293,GCF_000319675.2;protein_292,GCF_000027345.1;protein_295,GCF_000283755.1;protein_295,GCF_002127985.1;protein_293,GCF_009947205.1;protein_292,GCF_041931765.1;protein_373,GCF_040256845.1;protein_293,GCF_002128265.1;protein_295,GCF_041931565.1;protein_488,GCF_009944725.1;protein_295,GCF_002128145.1;protein_293,GCF_001558175.1;protein_296,GCF_009942155.1;protein_294,GCF_041931755.1;protein_373,GCF_001272775.1;protein_295,GCF_009939765.1;protein_294,GCF_002355715.1;protein_294,GCF_900660465.1;protein_433,GCF_002128285.1;protein_295,GCF_009944335.1;protein_293,GCF_001272755.1;protein_293,GCF_000733995.1;protein_370,GCF_002090215.1;protein_292,GCF_000319655.2;protein_295,GCF_009947575.1;protein_294,GCF_009945865.1;protein_296,GCF_009943805.1;protein_294,GCF_002090295.1;protein_293,,,,,,,
GCF_910574535.1;protein_293,GCF_002128045.1;protein_294,GCF_000319675.2;protein_293,GCF_000027345.1;protein_296,GCF_000283755.1;protein_296,GCF_002127985.1;protein_294,GCF_009947205.1;protein_293,GCF_041931765.1;protein_374,GCF_040256845.1;protein_294,GCF_002128265.1;protein_296,GCF_041931565.1;protein_489,GCF_009944725.1;protein_296,GCF_002128145.1;protein_294,GCF_001558175.1;protein_297,GCF_009942155.1;protein_295,GCF_041931755.1;protein_374,GCF_001272775.1;protein_296,GCF_009939765.1;protein_295,GCF_002355715.1;protein_295,GCF_900660465.1;protein_432,GCF_002128285.1;protein_296,GCF_009944335.1;protein_294,GCF_001272755.1;protein_294,GCF_000733995.1;protein_371,GCF_002090215.1;protein_293,GCF_000319655.2;protein_296,GCF_009947575.1;protein_295,GCF_009945865.1;protein_297,GCF_009943805.1;protein_295,GCF_002090295.1;protein_294,,,,,,,
GCF_910574535.1;protein_294,GCF_002128045.1;protein_295,GCF_000319675.2;protein_294,GCF_000027345.1;protein_297,GCF_000283755.1;protein_297,GCF_002127985.1;protein_295,GCF_009947205.1;protein_294,GCF_041931765.1;protein_375,GCF_040256845.1;protein_295,GCF_002128265.1;protein_297,GCF_041931565.1;protein_490,GCF_009944725.1;protein_297,GCF_002128145.1;protein_295,GCF_001558175.1;protein_298,GCF_009942155.1;protein_296,GCF_041931755.1;protein_375,GCF_001272775.1;protein_297,GCF_009939765.1;protein_296,GCF_002355715.1;protein_296,GCF_900660465.1;protein_431,GCF_002128285.1;protein_297,GCF_009944335.1;protein_295,GCF_001272755.1;protein_295,GCF_000733995.1;protein_372,GCF_002090215.1;protein_294,GCF_000319655.2;protein_297,GCF_009947575.1;protein_296,GCF_009945865.1;protein_298,GCF_009943805.1;protein_296,GCF_002090295.1;protein_295,,,,,,,
GCF_910574535.1;protein_295,GCF_002128045.1;protein_296,GCF_000319675.2;protein_295,GCF_000027345.1;protein_298,GCF_000283755.1;protein_298,GCF_002127985.1;protein_296,GCF_009947205.1;protein_295,GCF_041931765.1;protein_376,GCF_040256845.1;protein_296,GCF_002128265.1;protein_298,GCF_041931565.1;protein_491,GCF_009944725.1;protein_298,GCF_002128145.1;protein_296,GCF_001558175.1;protein_299,GCF_009942155.1;protein_297,GCF_041931755.1;protein_376,GCF_001272775.1;protein_298,GCF_009939765.1;protein_297,GCF_002355715.1;protein_297,GCF_900660465.1;protein_430,GCF_002128285.1;protein_298,GCF_009944335.1;protein_296,GCF_001272755.1;protein_296,GCF_000733995.1;protein_373,GCF_002090215.1;protein_295,GCF_000319655.2;protein_298,GCF_009947575.1;protein_297,GCF_009945865.1;protein_299,GCF_009943805.1;protein_297,GCF_002090295.1;protein_296,,,,,,,
GCF_910574535.1;protein_296,GCF_002128045.1;protein_297,GCF_000319675.2;protein_296,GCF_000027345.1;protein_299,GCF_000283755.1;protein_299,GCF_002127985.1;protein_297,GCF_009947205.1;protein_296,GCF_041931765.1;protein_377,GCF_040256845.1;protein_297,GCF_002128265.1;protein_299,GCF_041931565.1;protein_492,GCF_009944725.1;protein_299,GCF_002128145.1;protein_297,GCF_001558175.1;protein_300,GCF_009942155.1;protein_298,GCF_041931755.1;protein_377,GCF_001272775.1;protein_299,GCF_009939765.1;protein_298,GCF_002355715.1;protein_298,GCF_900660465.1;protein_429,GCF_002128285.1;protein_299,GCF_009944335.1;protein_297,GCF_001272755.1;protein_297,GCF_000733995.1;protein_374,GCF_002090215.1;protein_296,GCF_000319655.2;protein_299,GCF_009947575.1;protein_298,GCF_009945865.1;protein_300,GCF_009943805.1;protein_298,GCF_002090295.1;protein_297,,,,,,,
GCF_910574535.1;protein_297,GCF_002128045.1;protein_298,GCF_000319675.2;protein_297,GCF_000027345.1;protein_300,GCF_000283755.1;protein_300,GCF_002127985.1;protein_298,GCF_009947205.1;protein_297,GCF_041931765.1;protein_378,GCF_040256845.1;protein_298,GCF_002128265.1;protein_300,GCF_041931565.1;protein_493,GCF_009944725.1;protein_300,GCF_002128145.1;protein_298,GCF_001558175.1;protein_301,GCF_009942155.1;protein_299,GCF_041931755.1;protein_378,GCF_001272775.1;protein_300,GCF_009939765.1;protein_299,GCF_002355715.1;protein_299,GCF_900660465.1;protein_428,GCF_002128285.1;protein_300,GCF_009944335.1;protein_298,GCF_001272755.1;protein_298,GCF_000733995.1;protein_375,GCF_002090215.1;protein_297,GCF_000319655.2;protein_300,GCF_009947575.1;protein_299,GCF_009945865.1;protein_301,GCF_009943805.1;protein_299,GCF_002090295.1;protein_298,,,,,,,
GCF_910574535.1;protein_298,GCF_002128045.1;protein_299,GCF_000319675.2;protein_298,GCF_000027345.1;protein_301,GCF_000283755.1;protein_301,GCF_002127985.1;protein_299,GCF_009947205.1;protein_298,GCF_041931765.1;protein_379,GCF_040256845.1;protein_299,GCF_002128265.1;protein_301,GCF_041931565.1;protein_494,GCF_009944725.1;protein_301,GCF_002128145.1;protein_299,GCF_001558175.1;protein_302,GCF_009942155.1;protein_300,GCF_041931755.1;protein_379,GCF_001272775.1;protein_301,GCF_009939765.1;protein_300,GCF_002355715.1;protein_300,GCF_900660465.1;protein_427,GCF_002128285.1;protein_301,GCF_009944335.1;protein_299,GCF_001272755.1;protein_299,GCF_000733995.1;protein_376,GCF_002090215.1;protein_298,GCF_000319655.2;protein_301,GCF_009947575.1;protein_300,GCF_009945865.1;protein_302,GCF_009943805.1;protein_300,GCF_002090295.1;protein_299,,,,,,,
GCF_910574535.1;protein_299,GCF_002128045.1;protein_300,GCF_000319675.2;protein_299,GCF_000027345.1;protein_302,GCF_000283755.1;protein_302,GCF_002127985.1;protein_300,GCF_009947205.1;protein_299,GCF_041931765.1;protein_380,GCF_040256845.1;protein_300,GCF_002128265.1;protein_302,GCF_041931565.1;protein_495,GCF_009944725.1;protein_302,GCF_002128145.1;protein_300,GCF_001558175.1;protein_303,GCF_009942155.1;protein_301,GCF_041931755.1;protein_380,GCF_001272775.1;protein_302,GCF_009939765.1;protein_301,GCF_002355715.1;protein_301,GCF_900660465.1;protein_426,GCF_002128285.1;protein_302,GCF_009944335.1;protein_300,GCF_001272755.1;protein_300,GCF_000733995.1;protein_377,GCF_002090215.1;protein_299,GCF_000319655.2;protein_302,GCF_009947575.1;protein_301,GCF_009945865.1;protein_303,GCF_009943805.1;protein_301,GCF_002090295.1;protein_300,,,,,,,
GCF_910574535.1;protein_3,GCF_002128045.1;protein_3,GCF_000319675.2;protein_3,GCF_000027345.1;protein_3,GCF_000283755.1;protein_3,GCF_002127985.1;protein_3,GCF_009947205.1;protein_3,GCF_041931765.1;protein_80,GCF_040256845.1;protein_3,GCF_002128265.1;protein_3,GCF_041931565.1;protein_199,GCF_009944725.1;protein_3,GCF_002128145.1;protein_3,GCF_001558175.1;protein_3,GCF_009942155.1;protein_3,GCF_041931755.1;protein_80,GCF_001272775.1;protein_3,GCF_009939765.1;protein_3,GCF_002355715.1;protein_3,GCF_900660465.1;protein_724,GCF_002128285.1;protein_3,GCF_009944335.1;protein_3,GCF_001272755.1;protein_3,GCF_000733995.1;protein_79,GCF_002090215.1;protein_3,GCF_000319655.2;protein_3,GCF_009947575.1;protein_3,GCF_009945865.1;protein_3,GCF_009943805.1;protein_3,GCF_002090295.1;protein_3,,,,,,,
GCF_910574535.1;protein_30,GCF_002128045.1;protein_30,GCF_000319675.2;protein_30,GCF_000027345.1;protein_30,GCF_000283755.1;protein_30,GCF_002127985.1;protein_30,GCF_009947205.1;protein_30,GCF_041931765.1;protein_107,GCF_040256845.1;protein_30,GCF_002128265.1;protein_30,GCF_041931565.1;protein_226,GCF_009944725.1;protein_30,GCF_002128145.1;protein_30,GCF_001558175.1;protein_30,GCF_009942155.1;protein_30,GCF_041931755.1;protein_107,GCF_001272775.1;protein_30,GCF_009939765.1;protein_30,GCF_002355715.1;protein_30,GCF_900660465.1;protein_697,GCF_002128285.1;protein_30,GCF_009944335.1;protein_30,GCF_001272755.1;protein_30,GCF_000733995.1;protein_106,GCF_002090215.1;protein_30,GCF_000319655.2;protein_30,GCF_009947575.1;protein_30,GCF_009945865.1;protein_30,GCF_009943805.1;protein_30,GCF_002090295.1;protein_30,,,,,,,
GCF_910574535.1;protein_300,GCF_002128045.1;protein_301,GCF_000319675.2;protein_300,GCF_000027345.1;protein_303,GCF_000283755.1;protein_303,GCF_002127985.1;protein_301,GCF_009947205.1;protein_300,,GCF_040256845.1;protein_301,GCF_002128265.1;protein_303,GCF_041931565.1;protein_496,GCF_009944725.1;protein_303,GCF_002128145.1;protein_301,GCF_001558175.1;protein_304,GCF_009942155.1;protein_302,,GCF_001272775.1;protein_303,GCF_009939765.1;protein_302,GCF_002355715.1;protein_302,,GCF_002128285.1;protein_303,GCF_009944335.1;protein_301,GCF_001272755.1;protein_301,GCF_000733995.1;protein_378,GCF_002090215.1;protein_300,GCF_000319655.2;protein_303,GCF_009947575.1;protein_302,GCF_009945865.1;protein_304,GCF_009943805.1;protein_302,GCF_002090295.1;protein_301,,,,,,,
GCF_910574535.1;protein_301,GCF_002128045.1;protein_302,GCF_000319675.2;protein_301,GCF_000027345.1;protein_304,GCF_000283755.1;protein_304,GCF_002127985.1;protein_302,GCF_009947205.1;protein_301,GCF_041931765.1;protein_382,GCF_040256845.1;protein_302,GCF_002128265.1;protein_304,GCF_041931565.1;protein_497,GCF_009944725.1;protein_304,GCF_002128145.1;protein_302,GCF_001558175.1;protein_305,GCF_009942155.1;protein_303,GCF_041931755.1;protein_382,GCF_001272775.1;protein_304,GCF_009939765.1;protein_303,GCF_002355715.1;protein_303,GCF_900660465.1;protein_425,GCF_002128285.1;protein_304,GCF_009944335.1;protein_302,GCF_001272755.1;protein_302,GCF_000733995.1;protein_379,GCF_002090215.1;protein_301,GCF_000319655.2;protein_304,GCF_009947575.1;protein_303,GCF_009945865.1;protein_305,GCF_009943805.1;protein_303,GCF_002090295.1;protein_302,,,,,,,
GCF_910574535.1;protein_302,GCF_002128045.1;protein_303,GCF_000319675.2;protein_302,GCF_000027345.1;protein_305,GCF_000283755.1;protein_305,GCF_002127985.1;protein_303,GCF_009947205.1;protein_302,GCF_041931765.1;protein_383,GCF_040256845.1;protein_303,GCF_002128265.1;protein_305,GCF_041931565.1;protein_498,GCF_009944725.1;protein_305,GCF_002128145.1;protein_303,GCF_001558175.1;protein_306,GCF_009942155.1;protein_304,GCF_041931755.1;protein_383,GCF_001272775.1;protein_305,GCF_009939765.1;protein_304,GCF_002355715.1;protein_304,GCF_900660465.1;protein_424,GCF_002128285.1;protein_305,GCF_009944335.1;protein_303,GCF_001272755.1;protein_303,GCF_000733995.1;protein_380,GCF_002090215.1;protein_302,GCF_000319655.2;protein_305,GCF_009947575.1;protein_304,GCF_009945865.1;protein_306,GCF_009943805.1;protein_304,GCF_002090295.1;protein_303,,,,,,,
GCF_000027345.1;protein_306,GCF_041931765.1;protein_384,GCF_041931755.1;protein_384,GCF_009945865.1;protein_307,GCF_002127985.1;protein_304,GCF_041931565.1;protein_499,,GCF_009942155.1;protein_305,GCF_900660465.1;protein_423,GCF_002355715.1;protein_305,GCF_910574535.1;protein_303,GCF_000283755.1;protein_306,,,,,,,,,,,,,,,,,,,,,,,,,
GCF_910574535.1;protein_304,GCF_002128045.1;protein_305,GCF_000319675.2;protein_305,GCF_000027345.1;protein_307,GCF_000283755.1;protein_307,GCF_002127985.1;protein_305,GCF_009947205.1;protein_304,GCF_041931765.1;protein_385,GCF_040256845.1;protein_306,GCF_002128265.1;protein_307,GCF_041931565.1;protein_500,GCF_009944725.1;protein_307,GCF_002128145.1;protein_305,GCF_001558175.1;protein_308,GCF_009942155.1;protein_306,GCF_041931755.1;protein_385,GCF_001272775.1;protein_307,GCF_009939765.1;protein_306,GCF_002355715.1;protein_306,GCF_900660465.1;protein_422,GCF_002128285.1;protein_307,GCF_009944335.1;protein_305,GCF_001272755.1;protein_306,GCF_000733995.1;protein_382,GCF_002090215.1;protein_304,GCF_000319655.2;protein_308,GCF_009947575.1;protein_306,GCF_009945865.1;protein_308,GCF_009943805.1;protein_306,GCF_002090295.1;protein_305,,,,,,,
GCF_910574535.1;protein_305,GCF_002128045.1;protein_306,GCF_000319675.2;protein_306,GCF_000027345.1;protein_308,GCF_000283755.1;protein_308,GCF_002127985.1;protein_306,GCF_009947205.1;protein_305,GCF_041931765.1;protein_386,GCF_040256845.1;protein_307,GCF_002128265.1;protein_308,GCF_041931565.1;protein_501,GCF_009944725.1;protein_308,GCF_002128145.1;protein_306,GCF_001558175.1;protein_309,GCF_009942155.1;protein_307,GCF_041931755.1;protein_386,GCF_001272775.1;protein_308,GCF_009939765.1;protein_307,GCF_002355715.1;protein_307,GCF_900660465.1;protein_421,GCF_002128285.1;protein_308,GCF_009944335.1;protein_306,GCF_001272755.1;protein_307,GCF_000733995.1;protein_383,GCF_002090215.1;protein_305,GCF_000319655.2;protein_309,GCF_009947575.1;protein_307,GCF_009945865.1;protein_309,GCF_009943805.1;protein_307,GCF_002090295.1;protein_306,,,,,,,
GCF_910574535.1;protein_306,GCF_002128045.1;protein_307,GCF_000319675.2;protein_307,GCF_000027345.1;protein_309,GCF_000283755.1;protein_309,GCF_002127985.1;protein_307,GCF_009947205.1;protein_306,GCF_041931765.1;protein_387,GCF_040256845.1;protein_308,GCF_002128265.1;protein_309,GCF_041931565.1;protein_502,GCF_009944725.1;protein_309,GCF_002128145.1;protein_307,GCF_001558175.1;protein_310,GCF_009942155.1;protein_308,GCF_041931755.1;protein_387,GCF_001272775.1;protein_309,GCF_009939765.1;protein_308,GCF_002355715.1;protein_308,GCF_900660465.1;protein_420,GCF_002128285.1;protein_309,GCF_009944335.1;protein_307,GCF_001272755.1;protein_308,GCF_000733995.1;protein_384,GCF_002090215.1;protein_306,GCF_000319655.2;protein_310,GCF_009947575.1;protein_308,GCF_009945865.1;protein_310,GCF_009943805.1;protein_308,GCF_002090295.1;protein_307,,,,,,,
GCF_041931755.1;protein_388,GCF_001558175.1;protein_311,GCF_001272755.1;protein_309,,GCF_002090215.1;protein_307,GCF_002128285.1;protein_650,GCF_000283755.1;protein_649,GCF_009939765.1;protein_309,GCF_900660465.1;protein_419,GCF_009945865.1;protein_311,GCF_002128285.1;protein_310,GCF_000027345.1;protein_310,GCF_009944335.1;protein_308,GCF_910574535.1;protein_307,GCF_000733995.1;protein_385,GCF_009947205.1;protein_307,GCF_000319675.2;protein_308,GCF_002090295.1;protein_308,GCF_900660465.1;protein_75,GCF_041931565.1;protein_503,GCF_009944725.1;protein_310,GCF_009944725.1;protein_648,GCF_002128265.1;protein_652,GCF_009943805.1;protein_309,GCF_002355715.1;protein_309,GCF_000733995.1;protein_0,GCF_000319655.2;protein_652,GCF_009942155.1;protein_649,GCF_002128045.1;protein_308,GCF_002127985.1;protein_308,GCF_002128265.1;protein_310,GCF_009947575.1;protein_309,GCF_041931765.1;protein_388,GCF_000283755.1;protein_310,GCF_002355715.1;protein_648,GCF_009945865.1;protein_650,GCF_001272775.1;protein_310
GCF_910574535.1;protein_308,GCF_002128045.1;protein_309,GCF_000319675.2;protein_309,GCF_000027345.1;protein_311,GCF_000283755.1;protein_311,GCF_002127985.1;protein_309,GCF_009947205.1;protein_308,GCF_041931765.1;protein_389,,GCF_002128265.1;protein_311,GCF_041931565.1;protein_504,GCF_009944725.1;protein_311,,GCF_001558175.1;protein_312,GCF_009942155.1;protein_310,GCF_041931755.1;protein_389,GCF_001272775.1;protein_311,GCF_009939765.1;protein_310,GCF_002355715.1;protein_310,GCF_900660465.1;protein_418,GCF_002128285.1;protein_311,GCF_009944335.1;protein_309,GCF_001272755.1;protein_310,GCF_000733995.1;protein_386,GCF_002090215.1;protein_308,,GCF_009947575.1;protein_310,GCF_009945865.1;protein_312,GCF_009943805.1;protein_310,GCF_002090295.1;protein_309,,,,,,,
GCF_910574535.1;protein_309,GCF_002128045.1;protein_310,GCF_000319675.2;protein_310,GCF_000027345.1;protein_312,GCF_000283755.1;protein_312,GCF_002127985.1;protein_310,GCF_009947205.1;protein_309,GCF_041931765.1;protein_390,GCF_040256845.1;protein_310,GCF_002128265.1;protein_312,GCF_041931565.1;protein_505,GCF_009944725.1;protein_312,GCF_002128145.1;protein_309,GCF_001558175.1;protein_313,GCF_009942155.1;protein_311,GCF_041931755.1;protein_390,GCF_001272775.1;protein_312,GCF_009939765.1;protein_311,GCF_002355715.1;protein_311,GCF_900660465.1;protein_417,GCF_002128285.1;protein_312,GCF_009944335.1;protein_310,GCF_001272755.1;protein_311,GCF_000733995.1;protein_387,GCF_002090215.1;protein_309,GCF_000319655.2;protein_312,GCF_009947575.1;protein_311,GCF_009945865.1;protein_313,GCF_009943805.1;protein_311,GCF_002090295.1;protein_310,,,,,,,
GCF_910574535.1;protein_31,GCF_002128045.1;protein_31,GCF_000319675.2;protein_31,GCF_000027345.1;protein_31,GCF_000283755.1;protein_31,GCF_002127985.1;protein_31,GCF_009947205.1;protein_31,GCF_041931765.1;protein_108,GCF_040256845.1;protein_31,GCF_002128265.1;protein_31,GCF_041931565.1;protein_227,GCF_009944725.1;protein_31,GCF_002128145.1;protein_31,GCF_001558175.1;protein_31,GCF_009942155.1;protein_31,GCF_041931755.1;protein_108,GCF_001272775.1;protein_31,GCF_009939765.1;protein_31,GCF_002355715.1;protein_31,GCF_900660465.1;protein_696,GCF_002128285.1;protein_31,GCF_009944335.1;protein_31,GCF_001272755.1;protein_31,GCF_000733995.1;protein_107,GCF_002090215.1;protein_31,GCF_000319655.2;protein_31,GCF_009947575.1;protein_31,GCF_009945865.1;protein_31,GCF_009943805.1;protein_31,GCF_002090295.1;protein_31,,,,,,,
GCF_910574535.1;protein_310,GCF_002128045.1;protein_311,GCF_000319675.2;protein_311,GCF_000027345.1;protein_313,GCF_000283755.1;protein_313,GCF_002127985.1;protein_311,GCF_009947205.1;protein_310,GCF_041931765.1;protein_391,GCF_040256845.1;protein_311,GCF_002128265.1;protein_313,GCF_041931565.1;protein_506,GCF_009944725.1;protein_313,GCF_002128145.1;protein_310,GCF_001558175.1;protein_314,GCF_009942155.1;protein_312,GCF_041931755.1;protein_391,GCF_001272775.1;protein_313,GCF_009939765.1;protein_312,GCF_002355715.1;protein_312,GCF_900660465.1;protein_416,GCF_002128285.1;protein_313,GCF_009944335.1;protein_311,GCF_001272755.1;protein_312,GCF_000733995.1;protein_388,GCF_002090215.1;protein_310,GCF_000319655.2;protein_313,GCF_009947575.1;protein_312,GCF_009945865.1;protein_314,GCF_009943805.1;protein_312,GCF_002090295.1;protein_311,,,,,,,
GCF_910574535.1;protein_311,GCF_002128045.1;protein_312,GCF_000319675.2;protein_312,GCF_000027345.1;protein_314,GCF_000283755.1;protein_314,GCF_002127985.1;protein_312,GCF_009947205.1;protein_311,GCF_041931765.1;protein_392,GCF_040256845.1;protein_312,GCF_002128265.1;protein_314,GCF_041931565.1;protein_507,GCF_009944725.1;protein_314,GCF_002128145.1;protein_311,GCF_001558175.1;protein_315,GCF_009942155.1;protein_313,GCF_041931755.1;protein_392,GCF_001272775.1;protein_314,GCF_009939765.1;protein_313,GCF_002355715.1;protein_313,GCF_900660465.1;protein_415,GCF_002128285.1;protein_314,GCF_009944335.1;protein_312,GCF_001272755.1;protein_313,GCF_000733995.1;protein_389,GCF_002090215.1;protein_311,GCF_000319655.2;protein_314,GCF_009947575.1;protein_313,GCF_009945865.1;protein_315,GCF_009943805.1;protein_313,GCF_002090295.1;protein_312,,,,,,,
GCF_910574535.1;protein_312,GCF_002128045.1;protein_313,GCF_000319675.2;protein_313,GCF_000027345.1;protein_315,GCF_000283755.1;protein_315,GCF_002127985.1;protein_313,GCF_009947205.1;protein_312,GCF_041931765.1;protein_393,GCF_040256845.1;protein_313,GCF_002128265.1;protein_315,GCF_041931565.1;protein_508,GCF_009944725.1;protein_315,GCF_002128145.1;protein_312,GCF_001558175.1;protein_316,GCF_009942155.1;protein_314,GCF_041931755.1;protein_393,GCF_001272775.1;protein_315,GCF_009939765.1;protein_314,GCF_002355715.1;protein_314,GCF_900660465.1;protein_414,GCF_002128285.1;protein_315,GCF_009944335.1;protein_313,GCF_001272755.1;protein_314,GCF_000733995.1;protein_390,GCF_002090215.1;protein_312,GCF_000319655.2;protein_315,GCF_009947575.1;protein_314,GCF_009945865.1;protein_316,GCF_009943805.1;protein_314,GCF_002090295.1;protein_313,,,,,,,
GCF_910574535.1;protein_313,GCF_002128045.1;protein_314,GCF_000319675.2;protein_314,GCF_000027345.1;protein_316,GCF_000283755.1;protein_316,GCF_002127985.1;protein_314,GCF_009947205.1;protein_313,GCF_041931765.1;protein_394,GCF_040256845.1;protein_314,GCF_002128265.1;protein_316,GCF_041931565.1;protein_509,GCF_009944725.1;protein_316,GCF_002128145.1;protein_313,GCF_001558175.1;protein_317,GCF_009942155.1;protein_315,GCF_041931755.1;protein_394,GCF_001272775.1;protein_316,GCF_009939765.1;protein_315,GCF_002355715.1;protein_315,GCF_900660465.1;protein_413,GCF_002128285.1;protein_316,GCF_009944335.1;protein_314,GCF_001272755.1;protein_315,GCF_000733995.1;protein_391,GCF_002090215.1;protein_313,GCF_000319655.2;protein_316,GCF_009947575.1;protein_315,GCF_009945865.1;protein_317,GCF_009943805.1;protein_315,GCF_002090295.1;protein_314,,,,,,,
GCF_910574535.1;protein_314,GCF_002128045.1;protein_315,GCF_000319675.2;protein_315,GCF_000027345.1;protein_317,GCF_000283755.1;protein_317,GCF_002127985.1;protein_315,GCF_009947205.1;protein_314,GCF_041931765.1;protein_395,GCF_040256845.1;protein_315,GCF_002128265.1;protein_317,GCF_041931565.1;protein_510,GCF_009944725.1;protein_317,GCF_002128145.1;protein_314,GCF_001558175.1;protein_318,GCF_009942155.1;protein_316,GCF_041931755.1;protein_395,GCF_001272775.1;protein_317,GCF_009939765.1;protein_316,GCF_002355715.1;protein_316,GCF_900660465.1;protein_412,GCF_002128285.1;protein_317,GCF_009944335.1;protein_315,GCF_001272755.1;protein_316,GCF_000733995.1;protein_392,GCF_002090215.1;protein_314,GCF_000319655.2;protein_317,GCF_009947575.1;protein_316,GCF_009945865.1;protein_318,GCF_009943805.1;protein_316,GCF_002090295.1;protein_315,,,,,,,
GCF_910574535.1;protein_315,GCF_002128045.1;protein_316,GCF_000319675.2;protein_316,GCF_000027345.1;protein_318,GCF_000283755.1;protein_318,GCF_002127985.1;protein_316,GCF_009947205.1;protein_315,GCF_041931765.1;protein_396,GCF_040256845.1;protein_316,GCF_002128265.1;protein_318,GCF_041931565.1;protein_511,GCF_009944725.1;protein_318,GCF_002128145.1;protein_315,GCF_001558175.1;protein_319,GCF_009942155.1;protein_317,GCF_041931755.1;protein_396,GCF_001272775.1;protein_318,GCF_009939765.1;protein_317,GCF_002355715.1;protein_317,GCF_900660465.1;protein_411,GCF_002128285.1;protein_318,GCF_009944335.1;protein_316,GCF_001272755.1;protein_317,GCF_000733995.1;protein_393,GCF_002090215.1;protein_315,GCF_000319655.2;protein_318,GCF_009947575.1;protein_317,GCF_009945865.1;protein_319,GCF_009943805.1;protein_317,GCF_002090295.1;protein_316,,,,,,,
GCF_910574535.1;protein_316,GCF_002128045.1;protein_317,GCF_000319675.2;protein_317,GCF_000027345.1;protein_319,GCF_000283755.1;protein_319,GCF_002127985.1;protein_317,GCF_009947205.1;protein_316,GCF_041931765.1;protein_397,GCF_040256845.1;protein_317,GCF_002128265.1;protein_319,GCF_041931565.1;protein_512,GCF_009944725.1;protein_319,GCF_002128145.1;protein_316,GCF_001558175.1;protein_320,GCF_009942155.1;protein_318,GCF_041931755.1;protein_397,GCF_001272775.1;protein_319,GCF_009939765.1;protein_318,GCF_002355715.1;protein_318,GCF_900660465.1;protein_410,GCF_002128285.1;protein_319,GCF_009944335.1;protein_317,GCF_001272755.1;protein_318,GCF_000733995.1;protein_394,GCF_002090215.1;protein_316,GCF_000319655.2;protein_319,GCF_009947575.1;protein_318,GCF_009945865.1;protein_320,GCF_009943805.1;protein_318,GCF_002090295.1;protein_317,,,,,,,
GCF_910574535.1;protein_317,GCF_002128045.1;protein_318,GCF_000319675.2;protein_318,GCF_000027345.1;protein_320,GCF_000283755.1;protein_320,GCF_002127985.1;protein_318,GCF_009947205.1;protein_317,GCF_041931765.1;protein_398,GCF_040256845.1;protein_318,GCF_002128265.1;protein_320,GCF_041931565.1;protein_513,GCF_009944725.1;protein_320,GCF_002128145.1;protein_317,GCF_001558175.1;protein_321,GCF_009942155.1;protein_319,GCF_041931755.1;protein_398,GCF_001272775.1;protein_320,GCF_009939765.1;protein_319,GCF_002355715.1;protein_319,GCF_900660465.1;protein_409,GCF_002128285.1;protein_320,GCF_009944335.1;protein_318,GCF_001272755.1;protein_319,GCF_000733995.1;protein_395,GCF_002090215.1;protein_317,GCF_000319655.2;protein_320,GCF_009947575.1;protein_319,GCF_009945865.1;protein_321,GCF_009943805.1;protein_319,GCF_002090295.1;protein_318,,,,,,,
GCF_910574535.1;protein_318,GCF_002128045.1;protein_319,GCF_000319675.2;protein_319,GCF_000027345.1;protein_321,GCF_000283755.1;protein_321,GCF_002127985.1;protein_319,GCF_009947205.1;protein_318,GCF_041931765.1;protein_399,GCF_040256845.1;protein_319,GCF_002128265.1;protein_321,GCF_041931565.1;protein_514,GCF_009944725.1;protein_321,GCF_002128145.1;protein_318,GCF_001558175.1;protein_322,GCF_009942155.1;protein_320,GCF_041931755.1;protein_399,GCF_001272775.1;protein_321,GCF_009939765.1;protein_320,GCF_002355715.1;protein_320,GCF_900660465.1;protein_408,GCF_002128285.1;protein_321,GCF_009944335.1;protein_319,GCF_001272755.1;protein_320,GCF_000733995.1;protein_396,GCF_002090215.1;protein_318,GCF_000319655.2;protein_321,GCF_009947575.1;protein_320,GCF_009945865.1;protein_322,GCF_009943805.1;protein_320,GCF_002090295.1;protein_319,,,,,,,
GCF_910574535.1;protein_319,GCF_002128045.1;protein_320,GCF_000319675.2;protein_320,GCF_000027345.1;protein_322,GCF_000283755.1;protein_322,GCF_002127985.1;protein_320,GCF_009947205.1;protein_319,GCF_041931765.1;protein_400,GCF_040256845.1;protein_320,GCF_002128265.1;protein_322,GCF_041931565.1;protein_515,GCF_009944725.1;protein_322,GCF_002128145.1;protein_319,GCF_001558175.1;protein_323,GCF_009942155.1;protein_321,GCF_041931755.1;protein_400,GCF_001272775.1;protein_322,GCF_009939765.1;protein_321,GCF_002355715.1;protein_321,GCF_900660465.1;protein_407,GCF_002128285.1;protein_322,GCF_009944335.1;protein_320,GCF_001272755.1;protein_321,GCF_000733995.1;protein_397,GCF_002090215.1;protein_319,GCF_000319655.2;protein_322,GCF_009947575.1;protein_321,GCF_009945865.1;protein_323,GCF_009943805.1;protein_321,GCF_002090295.1;protein_320,,,,,,,
GCF_910574535.1;protein_32,GCF_002128045.1;protein_32,GCF_000319675.2;protein_32,GCF_000027345.1;protein_32,GCF_000283755.1;protein_32,GCF_002127985.1;protein_32,GCF_009947205.1;protein_32,GCF_041931765.1;protein_109,GCF_040256845.1;protein_32,GCF_002128265.1;protein_32,GCF_041931565.1;protein_228,GCF_009944725.1;protein_32,GCF_002128145.1;protein_32,GCF_001558175.1;protein_32,GCF_009942155.1;protein_32,GCF_041931755.1;protein_109,GCF_001272775.1;protein_32,GCF_009939765.1;protein_32,GCF_002355715.1;protein_32,GCF_900660465.1;protein_695,GCF_002128285.1;protein_32,GCF_009944335.1;protein_32,GCF_001272755.1;protein_32,GCF_000733995.1;protein_108,GCF_002090215.1;protein_32,GCF_000319655.2;protein_32,GCF_009947575.1;protein_32,GCF_009945865.1;protein_32,GCF_009943805.1;protein_32,GCF_002090295.1;protein_32,,,,,,,
GCF_910574535.1;protein_320,GCF_002128045.1;protein_321,GCF_000319675.2;protein_321,GCF_000027345.1;protein_323,GCF_000283755.1;protein_323,GCF_002127985.1;protein_321,GCF_009947205.1;protein_320,GCF_041931765.1;protein_401,GCF_040256845.1;protein_321,GCF_002128265.1;protein_323,GCF_041931565.1;protein_516,GCF_009944725.1;protein_323,GCF_002128145.1;protein_320,GCF_001558175.1;protein_324,GCF_009942155.1;protein_322,GCF_041931755.1;protein_401,GCF_001272775.1;protein_323,GCF_009939765.1;protein_322,GCF_002355715.1;protein_322,GCF_900660465.1;protein_406,GCF_002128285.1;protein_323,GCF_009944335.1;protein_321,GCF_001272755.1;protein_322,GCF_000733995.1;protein_398,GCF_002090215.1;protein_320,GCF_000319655.2;protein_323,GCF_009947575.1;protein_322,GCF_009945865.1;protein_324,GCF_009943805.1;protein_322,GCF_002090295.1;protein_321,,,,,,,
GCF_910574535.1;protein_321,GCF_002128045.1;protein_322,GCF_000319675.2;protein_322,GCF_000027345.1;protein_324,GCF_000283755.1;protein_324,GCF_002127985.1;protein_322,GCF_009947205.1;protein_321,GCF_041931765.1;protein_402,GCF_040256845.1;protein_322,GCF_002128265.1;protein_324,GCF_041931565.1;protein_517,GCF_009944725.1;protein_324,GCF_002128145.1;protein_321,GCF_001558175.1;protein_325,GCF_009942155.1;protein_323,GCF_041931755.1;protein_402,GCF_001272775.1;protein_324,GCF_009939765.1;protein_323,GCF_002355715.1;protein_323,GCF_900660465.1;protein_405,GCF_002128285.1;protein_324,GCF_009944335.1;protein_322,GCF_001272755.1;protein_323,GCF_000733995.1;protein_399,GCF_002090215.1;protein_321,GCF_000319655.2;protein_324,GCF_009947575.1;protein_323,GCF_009945865.1;protein_325,GCF_009943805.1;protein_323,GCF_002090295.1;protein_322,,,,,,,
GCF_910574535.1;protein_322,GCF_002128045.1;protein_323,GCF_000319675.2;protein_323,GCF_000027345.1;protein_325,GCF_000283755.1;protein_325,GCF_002127985.1;protein_323,GCF_009947205.1;protein_322,GCF_041931765.1;protein_403,GCF_040256845.1;protein_323,GCF_002128265.1;protein_325,GCF_041931565.1;protein_518,GCF_009944725.1;protein_325,GCF_002128145.1;protein_322,GCF_001558175.1;protein_326,GCF_009942155.1;protein_324,GCF_041931755.1;protein_403,GCF_001272775.1;protein_325,GCF_009939765.1;protein_324,GCF_002355715.1;protein_324,GCF_900660465.1;protein_404,GCF_002128285.1;protein_325,GCF_009944335.1;protein_323,GCF_001272755.1;protein_324,GCF_000733995.1;protein_400,GCF_002090215.1;protein_322,GCF_000319655.2;protein_325,GCF_009947575.1;protein_324,GCF_009945865.1;protein_326,GCF_009943805.1;protein_324,GCF_002090295.1;protein_323,,,,,,,
GCF_910574535.1;protein_323,GCF_002128045.1;protein_324,GCF_000319675.2;protein_324,GCF_000027345.1;protein_326,GCF_000283755.1;protein_326,GCF_002127985.1;protein_324,GCF_009947205.1;protein_323,GCF_041931765.1;protein_404,GCF_040256845.1;protein_324,GCF_002128265.1;protein_326,GCF_041931565.1;protein_519,GCF_009944725.1;protein_326,GCF_002128145.1;protein_323,GCF_001558175.1;protein_327,GCF_009942155.1;protein_325,GCF_041931755.1;protein_404,GCF_001272775.1;protein_326,GCF_009939765.1;protein_325,GCF_002355715.1;protein_325,GCF_900660465.1;protein_403,GCF_002128285.1;protein_326,GCF_009944335.1;protein_324,GCF_001272755.1;protein_325,GCF_000733995.1;protein_401,GCF_002090215.1;protein_323,GCF_000319655.2;protein_326,GCF_009947575.1;protein_325,GCF_009945865.1;protein_327,GCF_009943805.1;protein_325,GCF_002090295.1;protein_324,,,,,,,
GCF_910574535.1;protein_324,GCF_002128045.1;protein_325,GCF_000319675.2;protein_325,GCF_000027345.1;protein_327,GCF_000283755.1;protein_327,GCF_002127985.1;protein_325,GCF_009947205.1;protein_324,GCF_041931765.1;protein_405,GCF_040256845.1;protein_325,GCF_002128265.1;protein_327,GCF_041931565.1;protein_520,GCF_009944725.1;protein_327,GCF_002128145.1;protein_324,GCF_001558175.1;protein_328,GCF_009942155.1;protein_326,GCF_041931755.1;protein_405,GCF_001272775.1;protein_327,GCF_009939765.1;protein_326,GCF_002355715.1;protein_326,GCF_900660465.1;protein_402,GCF_002128285.1;protein_327,GCF_009944335.1;protein_325,GCF_001272755.1;protein_326,GCF_000733995.1;protein_402,GCF_002090215.1;protein_324,GCF_000319655.2;protein_327,GCF_009947575.1;protein_326,GCF_009945865.1;protein_328,GCF_009943805.1;protein_326,GCF_002090295.1;protein_325,,,,,,,
GCF_910574535.1;protein_325,GCF_002128045.1;protein_326,GCF_000319675.2;protein_326,GCF_000027345.1;protein_328,GCF_000283755.1;protein_328,GCF_002127985.1;protein_326,GCF_009947205.1;protein_325,GCF_041931765.1;protein_406,GCF_040256845.1;protein_326,GCF_002128265.1;protein_328,GCF_041931565.1;protein_521,GCF_009944725.1;protein_328,GCF_002128145.1;protein_325,GCF_001558175.1;protein_329,GCF_009942155.1;protein_327,GCF_041931755.1;protein_406,GCF_001272775.1;protein_328,GCF_009939765.1;protein_327,GCF_002355715.1;protein_327,GCF_900660465.1;protein_401,GCF_002128285.1;protein_328,GCF_009944335.1;protein_326,GCF_001272755.1;protein_327,GCF_000733995.1;protein_403,GCF_002090215.1;protein_325,GCF_000319655.2;protein_328,GCF_009947575.1;protein_327,GCF_009945865.1;protein_329,GCF_009943805.1;protein_327,GCF_002090295.1;protein_326,,,,,,,
GCF_910574535.1;protein_326,GCF_002128045.1;protein_327,GCF_000319675.2;protein_327,GCF_000027345.1;protein_329,,GCF_002127985.1;protein_327,GCF_009947205.1;protein_326,GCF_041931765.1;protein_407,GCF_040256845.1;protein_327,,GCF_041931565.1;protein_522,,GCF_002128145.1;protein_326,GCF_001558175.1;protein_330,,GCF_041931755.1;protein_407,GCF_001272775.1;protein_329,GCF_009939765.1;protein_328,,,,GCF_009944335.1;protein_327,GCF_001272755.1;protein_328,GCF_000733995.1;protein_404,GCF_002090215.1;protein_326,,GCF_009947575.1;protein_328,,GCF_009943805.1;protein_328,GCF_002090295.1;protein_327,,,,,,,
GCF_910574535.1;protein_327,GCF_002128045.1;protein_328,GCF_000319675.2;protein_328,GCF_000027345.1;protein_330,GCF_000283755.1;protein_330,GCF_002127985.1;protein_328,GCF_009947205.1;protein_327,GCF_041931765.1;protein_408,GCF_040256845.1;protein_328,GCF_002128265.1;protein_330,GCF_041931565.1;protein_523,GCF_009944725.1;protein_330,GCF_002128145.1;protein_327,GCF_001558175.1;protein_331,GCF_009942155.1;protein_329,GCF_041931755.1;protein_408,GCF_001272775.1;protein_330,GCF_009939765.1;protein_329,GCF_002355715.1;protein_329,GCF_900660465.1;protein_399,GCF_002128285.1;protein_330,GCF_009944335.1;protein_328,GCF_001272755.1;protein_329,GCF_000733995.1;protein_405,GCF_002090215.1;protein_327,GCF_000319655.2;protein_330,GCF_009947575.1;protein_329,GCF_009945865.1;protein_331,GCF_009943805.1;protein_329,GCF_002090295.1;protein_328,,,,,,,
GCF_910574535.1;protein_328,GCF_002128045.1;protein_329,GCF_000319675.2;protein_329,GCF_000027345.1;protein_331,GCF_000283755.1;protein_331,GCF_002127985.1;protein_329,GCF_009947205.1;protein_328,GCF_041931765.1;protein_409,GCF_040256845.1;protein_329,GCF_002128265.1;protein_331,GCF_041931565.1;protein_524,GCF_009944725.1;protein_331,GCF_002128145.1;protein_328,GCF_001558175.1;protein_332,GCF_009942155.1;protein_330,GCF_041931755.1;protein_409,GCF_001272775.1;protein_331,GCF_009939765.1;protein_330,GCF_002355715.1;protein_330,GCF_900660465.1;protein_398,GCF_002128285.1;protein_331,GCF_009944335.1;protein_329,GCF_001272755.1;protein_330,GCF_000733995.1;protein_406,GCF_002090215.1;protein_328,GCF_000319655.2;protein_331,GCF_009947575.1;protein_330,GCF_009945865.1;protein_332,GCF_009943805.1;protein_330,GCF_002090295.1;protein_329,,,,,,,
GCF_910574535.1;protein_329,GCF_002128045.1;protein_330,GCF_000319675.2;protein_330,GCF_000027345.1;protein_332,GCF_000283755.1;protein_332,GCF_002127985.1;protein_330,GCF_009947205.1;protein_329,GCF_041931765.1;protein_410,GCF_040256845.1;protein_330,GCF_002128265.1;protein_332,GCF_041931565.1;protein_525,GCF_009944725.1;protein_332,GCF_002128145.1;protein_329,GCF_001558175.1;protein_333,GCF_009942155.1;protein_331,GCF_041931755.1;protein_410,GCF_001272775.1;protein_332,GCF_009939765.1;protein_331,GCF_002355715.1;protein_331,GCF_900660465.1;protein_397,GCF_002128285.1;protein_332,GCF_009944335.1;protein_330,GCF_001272755.1;protein_331,GCF_000733995.1;protein_407,GCF_002090215.1;protein_329,GCF_000319655.2;protein_332,GCF_009947575.1;protein_331,GCF_009945865.1;protein_333,GCF_009943805.1;protein_331,GCF_002090295.1;protein_330,,,,,,,
GCF_910574535.1;protein_33,GCF_002128045.1;protein_33,GCF_000319675.2;protein_33,GCF_000027345.1;protein_33,GCF_000283755.1;protein_33,GCF_002127985.1;protein_33,GCF_009947205.1;protein_33,GCF_041931765.1;protein_110,GCF_040256845.1;protein_33,GCF_002128265.1;protein_33,GCF_041931565.1;protein_229,GCF_009944725.1;protein_33,GCF_002128145.1;protein_33,GCF_001558175.1;protein_33,GCF_009942155.1;protein_33,GCF_041931755.1;protein_110,GCF_001272775.1;protein_33,GCF_009939765.1;protein_33,GCF_002355715.1;protein_33,GCF_900660465.1;protein_694,GCF_002128285.1;protein_33,GCF_009944335.1;protein_33,GCF_001272755.1;protein_33,GCF_000733995.1;protein_109,GCF_002090215.1;protein_33,GCF_000319655.2;protein_33,GCF_009947575.1;protein_33,GCF_009945865.1;protein_33,GCF_009943805.1;protein_33,GCF_002090295.1;protein_33,,,,,,,
GCF_910574535.1;protein_330,GCF_002128045.1;protein_331,GCF_000319675.2;protein_331,GCF_000027345.1;protein_333,GCF_000283755.1;protein_333,GCF_002127985.1;protein_331,GCF_009947205.1;protein_330,GCF_041931765.1;protein_411,GCF_040256845.1;protein_331,GCF_002128265.1;protein_333,GCF_041931565.1;protein_526,GCF_009944725.1;protein_333,GCF_002128145.1;protein_330,GCF_001558175.1;protein_334,GCF_009942155.1;protein_332,GCF_041931755.1;protein_411,GCF_001272775.1;protein_333,GCF_009939765.1;protein_332,GCF_002355715.1;protein_332,GCF_900660465.1;protein_396,GCF_002128285.1;protein_333,GCF_009944335.1;protein_331,GCF_001272755.1;protein_332,GCF_000733995.1;protein_408,GCF_002090215.1;protein_330,GCF_000319655.2;protein_333,GCF_009947575.1;protein_332,GCF_009945865.1;protein_334,GCF_009943805.1;protein_332,GCF_002090295.1;protein_331,,,,,,,
GCF_910574535.1;protein_331,GCF_002128045.1;protein_332,GCF_000319675.2;protein_332,GCF_000027345.1;protein_334,GCF_000283755.1;protein_334,GCF_002127985.1;protein_332,GCF_009947205.1;protein_331,GCF_041931765.1;protein_412,GCF_040256845.1;protein_332,GCF_002128265.1;protein_334,GCF_041931565.1;protein_527,GCF_009944725.1;protein_334,GCF_002128145.1;protein_331,GCF_001558175.1;protein_335,GCF_009942155.1;protein_333,GCF_041931755.1;protein_412,GCF_001272775.1;protein_334,GCF_009939765.1;protein_333,GCF_002355715.1;protein_333,GCF_900660465.1;protein_395,GCF_002128285.1;protein_334,GCF_009944335.1;protein_332,GCF_001272755.1;protein_333,GCF_000733995.1;protein_409,GCF_002090215.1;protein_331,GCF_000319655.2;protein_334,GCF_009947575.1;protein_333,GCF_009945865.1;protein_335,GCF_009943805.1;protein_333,GCF_002090295.1;protein_332,,,,,,,
GCF_910574535.1;protein_332,GCF_002128045.1;protein_333,GCF_000319675.2;protein_333,GCF_000027345.1;protein_335,GCF_000283755.1;protein_335,GCF_002127985.1;protein_333,GCF_009947205.1;protein_332,GCF_041931765.1;protein_413,GCF_040256845.1;protein_333,GCF_002128265.1;protein_335,GCF_041931565.1;protein_528,GCF_009944725.1;protein_335,GCF_002128145.1;protein_332,GCF_001558175.1;protein_336,GCF_009942155.1;protein_334,GCF_041931755.1;protein_413,GCF_001272775.1;protein_335,GCF_009939765.1;protein_334,GCF_002355715.1;protein_334,GCF_900660465.1;protein_394,GCF_002128285.1;protein_335,GCF_009944335.1;protein_333,GCF_001272755.1;protein_334,GCF_000733995.1;protein_410,GCF_002090215.1;protein_332,GCF_000319655.2;protein_335,GCF_009947575.1;protein_334,GCF_009945865.1;protein_336,GCF_009943805.1;protein_334,GCF_002090295.1;protein_333,,,,,,,
GCF_910574535.1;protein_333,GCF_002128045.1;protein_334,GCF_000319675.2;protein_334,GCF_000027345.1;protein_336,GCF_000283755.1;protein_336,GCF_002127985.1;protein_334,GCF_009947205.1;protein_333,GCF_041931765.1;protein_414,GCF_040256845.1;protein_334,GCF_002128265.1;protein_336,GCF_041931565.1;protein_529,GCF_009944725.1;protein_336,GCF_002128145.1;protein_333,GCF_001558175.1;protein_337,GCF_009942155.1;protein_335,GCF_041931755.1;protein_414,GCF_001272775.1;protein_336,GCF_009939765.1;protein_335,GCF_002355715.1;protein_335,GCF_900660465.1;protein_393,GCF_002128285.1;protein_336,GCF_009944335.1;protein_334,GCF_001272755.1;protein_335,GCF_000733995.1;protein_411,GCF_002090215.1;protein_333,GCF_000319655.2;protein_336,GCF_009947575.1;protein_335,GCF_009945865.1;protein_337,GCF_009943805.1;protein_335,GCF_002090295.1;protein_334,,,,,,,
GCF_910574535.1;protein_334,GCF_002128045.1;protein_335,GCF_000319675.2;protein_335,GCF_000027345.1;protein_337,GCF_000283755.1;protein_337,GCF_002127985.1;protein_335,GCF_009947205.1;protein_334,GCF_041931765.1;protein_415,GCF_040256845.1;protein_335,GCF_002128265.1;protein_337,GCF_041931565.1;protein_530,GCF_009944725.1;protein_337,GCF_002128145.1;protein_334,GCF_001558175.1;protein_338,GCF_009942155.1;protein_336,GCF_041931755.1;protein_415,GCF_001272775.1;protein_337,GCF_009939765.1;protein_336,GCF_002355715.1;protein_336,GCF_900660465.1;protein_392,GCF_002128285.1;protein_337,GCF_009944335.1;protein_335,GCF_001272755.1;protein_336,GCF_000733995.1;protein_412,GCF_002090215.1;protein_334,GCF_000319655.2;protein_337,GCF_009947575.1;protein_336,GCF_009945865.1;protein_338,GCF_009943805.1;protein_336,GCF_002090295.1;protein_335,,,,,,,
GCF_910574535.1;protein_335,GCF_002128045.1;protein_336,GCF_000319675.2;protein_336,GCF_000027345.1;protein_338,GCF_000283755.1;protein_338,GCF_002127985.1;protein_336,GCF_009947205.1;protein_335,GCF_041931765.1;protein_416,GCF_040256845.1;protein_336,GCF_002128265.1;protein_338,GCF_041931565.1;protein_531,GCF_009944725.1;protein_338,GCF_002128145.1;protein_335,GCF_001558175.1;protein_339,GCF_009942155.1;protein_337,GCF_041931755.1;protein_416,GCF_001272775.1;protein_338,GCF_009939765.1;protein_337,GCF_002355715.1;protein_337,GCF_900660465.1;protein_391,GCF_002128285.1;protein_338,GCF_009944335.1;protein_336,GCF_001272755.1;protein_337,GCF_000733995.1;protein_413,GCF_002090215.1;protein_335,GCF_000319655.2;protein_338,GCF_009947575.1;protein_337,GCF_009945865.1;protein_339,GCF_009943805.1;protein_337,GCF_002090295.1;protein_336,,,,,,,
GCF_910574535.1;protein_336,GCF_002128045.1;protein_337,GCF_000319675.2;protein_337,GCF_000027345.1;protein_339,GCF_000283755.1;protein_339,GCF_002127985.1;protein_338,GCF_009947205.1;protein_336,GCF_041931765.1;protein_417,GCF_040256845.1;protein_337,GCF_002128265.1;protein_339,GCF_041931565.1;protein_532,GCF_009944725.1;protein_339,GCF_002128145.1;protein_336,GCF_001558175.1;protein_340,GCF_009942155.1;protein_338,GCF_041931755.1;protein_417,GCF_001272775.1;protein_339,GCF_009939765.1;protein_338,GCF_002355715.1;protein_338,GCF_900660465.1;protein_390,GCF_002128285.1;protein_339,GCF_009944335.1;protein_337,GCF_001272755.1;protein_338,GCF_000733995.1;protein_414,GCF_002090215.1;protein_336,GCF_000319655.2;protein_339,GCF_009947575.1;protein_338,GCF_009945865.1;protein_340,GCF_009943805.1;protein_338,GCF_002090295.1;protein_337,,,,,,,
GCF_910574535.1;protein_337,GCF_002128045.1;protein_338,GCF_000319675.2;protein_338,GCF_000027345.1;protein_340,GCF_000283755.1;protein_340,GCF_002127985.1;protein_339,GCF_009947205.1;protein_337,GCF_041931765.1;protein_418,GCF_040256845.1;protein_338,GCF_002128265.1;protein_340,GCF_041931565.1;protein_533,GCF_009944725.1;protein_340,GCF_002128145.1;protein_337,GCF_001558175.1;protein_341,GCF_009942155.1;protein_339,GCF_041931755.1;protein_418,GCF_001272775.1;protein_340,GCF_009939765.1;protein_339,GCF_002355715.1;protein_339,GCF_900660465.1;protein_389,GCF_002128285.1;protein_340,GCF_009944335.1;protein_338,GCF_001272755.1;protein_339,GCF_000733995.1;protein_415,GCF_002090215.1;protein_337,GCF_000319655.2;protein_340,GCF_009947575.1;protein_339,GCF_009945865.1;protein_341,GCF_009943805.1;protein_339,GCF_002090295.1;protein_338,,,,,,,
GCF_910574535.1;protein_338,GCF_002128045.1;protein_339,GCF_000319675.2;protein_339,GCF_000027345.1;protein_341,GCF_000283755.1;protein_341,GCF_002127985.1;protein_340,GCF_009947205.1;protein_338,GCF_041931765.1;protein_419,GCF_040256845.1;protein_339,GCF_002128265.1;protein_341,GCF_041931565.1;protein_534,GCF_009944725.1;protein_341,GCF_002128145.1;protein_338,GCF_001558175.1;protein_342,GCF_009942155.1;protein_340,GCF_041931755.1;protein_419,GCF_001272775.1;protein_341,GCF_009939765.1;protein_340,GCF_002355715.1;protein_340,GCF_900660465.1;protein_388,GCF_002128285.1;protein_341,GCF_009944335.1;protein_339,GCF_001272755.1;protein_340,GCF_000733995.1;protein_416,GCF_002090215.1;protein_338,GCF_000319655.2;protein_341,GCF_009947575.1;protein_340,GCF_009945865.1;protein_342,GCF_009943805.1;protein_340,GCF_002090295.1;protein_339,,,,,,,
GCF_910574535.1;protein_339,GCF_002128045.1;protein_340,GCF_000319675.2;protein_340,GCF_000027345.1;protein_342,GCF_000283755.1;protein_342,GCF_002127985.1;protein_341,GCF_009947205.1;protein_339,GCF_041931765.1;protein_420,GCF_040256845.1;protein_340,GCF_002128265.1;protein_342,GCF_041931565.1;protein_535,GCF_009944725.1;protein_342,GCF_002128145.1;protein_339,GCF_001558175.1;protein_343,GCF_009942155.1;protein_341,GCF_041931755.1;protein_420,GCF_001272775.1;protein_342,GCF_009939765.1;protein_341,GCF_002355715.1;protein_341,GCF_900660465.1;protein_387,GCF_002128285.1;protein_342,GCF_009944335.1;protein_340,GCF_001272755.1;protein_341,GCF_000733995.1;protein_417,GCF_002090215.1;protein_339,GCF_000319655.2;protein_342,GCF_009947575.1;protein_341,GCF_009945865.1;protein_343,GCF_009943805.1;protein_341,GCF_002090295.1;protein_340,,,,,,,
GCF_910574535.1;protein_34,GCF_002128045.1;protein_34,GCF_000319675.2;protein_34,GCF_000027345.1;protein_34,GCF_000283755.1;protein_34,GCF_002127985.1;protein_34,GCF_009947205.1;protein_34,GCF_041931765.1;protein_111,GCF_040256845.1;protein_34,GCF_002128265.1;protein_34,GCF_041931565.1;protein_230,GCF_009944725.1;protein_34,GCF_002128145.1;protein_34,GCF_001558175.1;protein_34,GCF_009942155.1;protein_34,GCF_041931755.1;protein_111,GCF_001272775.1;protein_34,GCF_009939765.1;protein_34,GCF_002355715.1;protein_34,GCF_900660465.1;protein_693,GCF_002128285.1;protein_34,GCF_009944335.1;protein_34,GCF_001272755.1;protein_34,GCF_000733995.1;protein_110,GCF_002090215.1;protein_34,GCF_000319655.2;protein_34,GCF_009947575.1;protein_34,GCF_009945865.1;protein_34,GCF_009943805.1;protein_34,GCF_002090295.1;protein_34,,,,,,,
GCF_910574535.1;protein_340,GCF_002128045.1;protein_341,GCF_000319675.2;protein_341,GCF_000027345.1;protein_343,GCF_000283755.1;protein_343,GCF_002127985.1;protein_342,GCF_009947205.1;protein_340,GCF_041931765.1;protein_421,GCF_040256845.1;protein_341,GCF_002128265.1;protein_343,GCF_041931565.1;protein_536,GCF_009944725.1;protein_343,GCF_002128145.1;protein_340,GCF_001558175.1;protein_344,GCF_009942155.1;protein_342,GCF_041931755.1;protein_421,GCF_001272775.1;protein_343,GCF_009939765.1;protein_342,GCF_002355715.1;protein_342,GCF_900660465.1;protein_386,GCF_002128285.1;protein_343,GCF_009944335.1;protein_341,GCF_001272755.1;protein_342,GCF_000733995.1;protein_418,GCF_002090215.1;protein_340,GCF_000319655.2;protein_343,GCF_009947575.1;protein_342,GCF_009945865.1;protein_344,GCF_009943805.1;protein_342,GCF_002090295.1;protein_341,,,,,,,
GCF_910574535.1;protein_341,GCF_002128045.1;protein_342,GCF_000319675.2;protein_342,GCF_000027345.1;protein_344,GCF_000283755.1;protein_344,GCF_002127985.1;protein_343,GCF_009947205.1;protein_341,GCF_041931765.1;protein_422,GCF_040256845.1;protein_342,GCF_002128265.1;protein_344,GCF_041931565.1;protein_537,GCF_009944725.1;protein_344,GCF_002128145.1;protein_341,GCF_001558175.1;protein_345,GCF_009942155.1;protein_343,GCF_041931755.1;protein_422,GCF_001272775.1;protein_344,GCF_009939765.1;protein_343,GCF_002355715.1;protein_343,GCF_900660465.1;protein_385,GCF_002128285.1;protein_344,GCF_009944335.1;protein_342,GCF_001272755.1;protein_343,GCF_000733995.1;protein_419,GCF_002090215.1;protein_341,GCF_000319655.2;protein_344,GCF_009947575.1;protein_343,GCF_009945865.1;protein_345,GCF_009943805.1;protein_343,GCF_002090295.1;protein_342,,,,,,,
GCF_910574535.1;protein_342,GCF_002128045.1;protein_343,GCF_000319675.2;protein_343,GCF_000027345.1;protein_345,GCF_000283755.1;protein_345,GCF_002127985.1;protein_344,GCF_009947205.1;protein_342,GCF_041931765.1;protein_423,GCF_040256845.1;protein_343,GCF_002128265.1;protein_345,GCF_041931565.1;protein_538,GCF_009944725.1;protein_345,GCF_002128145.1;protein_342,GCF_001558175.1;protein_346,GCF_009942155.1;protein_344,GCF_041931755.1;protein_423,GCF_001272775.1;protein_345,GCF_009939765.1;protein_344,GCF_002355715.1;protein_344,GCF_900660465.1;protein_384,GCF_002128285.1;protein_345,GCF_009944335.1;protein_343,GCF_001272755.1;protein_344,GCF_000733995.1;protein_420,GCF_002090215.1;protein_342,GCF_000319655.2;protein_345,GCF_009947575.1;protein_344,GCF_009945865.1;protein_346,GCF_009943805.1;protein_344,GCF_002090295.1;protein_343,,,,,,,
GCF_910574535.1;protein_343,GCF_002128045.1;protein_344,GCF_000319675.2;protein_344,GCF_000027345.1;protein_346,GCF_000283755.1;protein_346,GCF_002127985.1;protein_345,GCF_009947205.1;protein_343,GCF_041931765.1;protein_424,GCF_040256845.1;protein_344,GCF_002128265.1;protein_346,GCF_041931565.1;protein_539,GCF_009944725.1;protein_346,GCF_002128145.1;protein_343,GCF_001558175.1;protein_347,GCF_009942155.1;protein_345,GCF_041931755.1;protein_424,GCF_001272775.1;protein_346,GCF_009939765.1;protein_345,GCF_002355715.1;protein_345,GCF_900660465.1;protein_383,GCF_002128285.1;protein_346,GCF_009944335.1;protein_344,GCF_001272755.1;protein_345,GCF_000733995.1;protein_421,GCF_002090215.1;protein_343,GCF_000319655.2;protein_346,GCF_009947575.1;protein_345,GCF_009945865.1;protein_347,GCF_009943805.1;protein_345,GCF_002090295.1;protein_344,,,,,,,
GCF_910574535.1;protein_344,GCF_002128045.1;protein_345,GCF_000319675.2;protein_345,GCF_000027345.1;protein_347,GCF_000283755.1;protein_347,GCF_002127985.1;protein_346,GCF_009947205.1;protein_344,GCF_041931765.1;protein_425,GCF_040256845.1;protein_345,GCF_002128265.1;protein_347,GCF_041931565.1;protein_540,GCF_009944725.1;protein_347,GCF_002128145.1;protein_344,GCF_001558175.1;protein_348,GCF_009942155.1;protein_346,GCF_041931755.1;protein_425,GCF_001272775.1;protein_347,GCF_009939765.1;protein_346,GCF_002355715.1;protein_346,GCF_900660465.1;protein_382,GCF_002128285.1;protein_347,GCF_009944335.1;protein_345,GCF_001272755.1;protein_346,GCF_000733995.1;protein_422,GCF_002090215.1;protein_344,GCF_000319655.2;protein_347,GCF_009947575.1;protein_346,GCF_009945865.1;protein_348,GCF_009943805.1;protein_346,GCF_002090295.1;protein_345,,,,,,,
GCF_910574535.1;protein_345,GCF_002128045.1;protein_346,GCF_000319675.2;protein_346,GCF_000027345.1;protein_348,GCF_000283755.1;protein_348,GCF_002127985.1;protein_347,GCF_009947205.1;protein_345,GCF_041931765.1;protein_426,GCF_040256845.1;protein_346,GCF_002128265.1;protein_348,GCF_041931565.1;protein_541,GCF_009944725.1;protein_348,GCF_002128145.1;protein_345,GCF_001558175.1;protein_349,GCF_009942155.1;protein_347,GCF_041931755.1;protein_426,GCF_001272775.1;protein_348,GCF_009939765.1;protein_347,GCF_002355715.1;protein_347,GCF_900660465.1;protein_381,GCF_002128285.1;protein_348,GCF_009944335.1;protein_346,GCF_001272755.1;protein_347,GCF_000733995.1;protein_423,GCF_002090215.1;protein_345,GCF_000319655.2;protein_348,GCF_009947575.1;protein_347,GCF_009945865.1;protein_349,GCF_009943805.1;protein_347,GCF_002090295.1;protein_346,,,,,,,
GCF_910574535.1;protein_346,GCF_002128045.1;protein_347,GCF_000319675.2;protein_347,GCF_000027345.1;protein_349,GCF_000283755.1;protein_349,GCF_002127985.1;protein_348,GCF_009947205.1;protein_346,GCF_041931765.1;protein_427,GCF_040256845.1;protein_347,GCF_002128265.1;protein_349,GCF_041931565.1;protein_542,GCF_009944725.1;protein_349,GCF_002128145.1;protein_346,GCF_001558175.1;protein_350,GCF_009942155.1;protein_348,GCF_041931755.1;protein_427,GCF_001272775.1;protein_349,GCF_009939765.1;protein_348,GCF_002355715.1;protein_348,GCF_900660465.1;protein_380,GCF_002128285.1;protein_349,GCF_009944335.1;protein_347,GCF_001272755.1;protein_348,GCF_000733995.1;protein_424,GCF_002090215.1;protein_346,GCF_000319655.2;protein_349,GCF_009947575.1;protein_348,GCF_009945865.1;protein_350,GCF_009943805.1;protein_348,GCF_002090295.1;protein_347,,,,,,,
GCF_910574535.1;protein_347,GCF_002128045.1;protein_348,GCF_000319675.2;protein_348,GCF_000027345.1;protein_350,GCF_000283755.1;protein_350,GCF_002127985.1;protein_349,GCF_009947205.1;protein_347,GCF_041931765.1;protein_428,GCF_040256845.1;protein_348,GCF_002128265.1;protein_350,GCF_041931565.1;protein_543,GCF_009944725.1;protein_350,GCF_002128145.1;protein_347,GCF_001558175.1;protein_351,GCF_009942155.1;protein_349,GCF_041931755.1;protein_428,GCF_001272775.1;protein_350,GCF_009939765.1;protein_349,GCF_002355715.1;protein_349,GCF_900660465.1;protein_379,GCF_002128285.1;protein_350,GCF_009944335.1;protein_348,GCF_001272755.1;protein_349,GCF_000733995.1;protein_425,GCF_002090215.1;protein_347,GCF_000319655.2;protein_350,GCF_009947575.1;protein_349,GCF_009945865.1;protein_351,GCF_009943805.1;protein_349,GCF_002090295.1;protein_348,,,,,,,
GCF_910574535.1;protein_348,GCF_002128045.1;protein_349,GCF_000319675.2;protein_349,GCF_000027345.1;protein_351,GCF_000283755.1;protein_351,GCF_002127985.1;protein_350,GCF_009947205.1;protein_348,GCF_041931765.1;protein_429,GCF_040256845.1;protein_349,GCF_002128265.1;protein_351,GCF_041931565.1;protein_544,GCF_009944725.1;protein_351,GCF_002128145.1;protein_348,GCF_001558175.1;protein_352,GCF_009942155.1;protein_350,GCF_041931755.1;protein_429,GCF_001272775.1;protein_351,GCF_009939765.1;protein_350,GCF_002355715.1;protein_350,GCF_900660465.1;protein_378,GCF_002128285.1;protein_351,GCF_009944335.1;protein_349,GCF_001272755.1;protein_350,GCF_000733995.1;protein_426,GCF_002090215.1;protein_348,GCF_000319655.2;protein_351,GCF_009947575.1;protein_350,GCF_009945865.1;protein_352,GCF_009943805.1;protein_350,GCF_002090295.1;protein_349,,,,,,,
GCF_910574535.1;protein_349,GCF_002128045.1;protein_350,GCF_000319675.2;protein_350,GCF_000027345.1;protein_352,GCF_000283755.1;protein_352,GCF_002127985.1;protein_351,GCF_009947205.1;protein_349,GCF_041931765.1;protein_430,GCF_040256845.1;protein_350,GCF_002128265.1;protein_352,GCF_041931565.1;protein_545,GCF_009944725.1;protein_352,GCF_002128145.1;protein_349,GCF_001558175.1;protein_353,GCF_009942155.1;protein_351,GCF_041931755.1;protein_430,GCF_001272775.1;protein_352,GCF_009939765.1;protein_351,GCF_002355715.1;protein_351,GCF_900660465.1;protein_377,GCF_002128285.1;protein_352,GCF_009944335.1;protein_350,GCF_001272755.1;protein_351,GCF_000733995.1;protein_427,GCF_002090215.1;protein_349,GCF_000319655.2;protein_352,GCF_009947575.1;protein_351,GCF_009945865.1;protein_353,GCF_009943805.1;protein_351,GCF_002090295.1;protein_350,,,,,,,
GCF_910574535.1;protein_35,GCF_002128045.1;protein_35,GCF_000319675.2;protein_35,GCF_000027345.1;protein_35,GCF_000283755.1;protein_35,GCF_002127985.1;protein_35,GCF_009947205.1;protein_35,GCF_041931765.1;protein_112,GCF_040256845.1;protein_35,GCF_002128265.1;protein_35,GCF_041931565.1;protein_231,GCF_009944725.1;protein_35,GCF_002128145.1;protein_35,GCF_001558175.1;protein_35,GCF_009942155.1;protein_35,GCF_041931755.1;protein_112,GCF_001272775.1;protein_35,GCF_009939765.1;protein_35,GCF_002355715.1;protein_35,GCF_900660465.1;protein_692,GCF_002128285.1;protein_35,GCF_009944335.1;protein_35,GCF_001272755.1;protein_35,GCF_000733995.1;protein_111,GCF_002090215.1;protein_35,GCF_000319655.2;protein_35,GCF_009947575.1;protein_35,GCF_009945865.1;protein_35,GCF_009943805.1;protein_35,GCF_002090295.1;protein_35,,,,,,,
GCF_910574535.1;protein_350,GCF_002128045.1;protein_351,GCF_000319675.2;protein_351,GCF_000027345.1;protein_353,GCF_000283755.1;protein_353,GCF_002127985.1;protein_352,GCF_009947205.1;protein_350,GCF_041931765.1;protein_431,GCF_040256845.1;protein_351,GCF_002128265.1;protein_353,GCF_041931565.1;protein_546,GCF_009944725.1;protein_353,GCF_002128145.1;protein_350,GCF_001558175.1;protein_354,GCF_009942155.1;protein_352,GCF_041931755.1;protein_431,GCF_001272775.1;protein_353,GCF_009939765.1;protein_352,GCF_002355715.1;protein_352,GCF_900660465.1;protein_376,GCF_002128285.1;protein_353,GCF_009944335.1;protein_351,GCF_001272755.1;protein_352,GCF_000733995.1;protein_428,GCF_002090215.1;protein_350,GCF_000319655.2;protein_353,GCF_009947575.1;protein_352,GCF_009945865.1;protein_354,GCF_009943805.1;protein_352,GCF_002090295.1;protein_351,,,,,,,
GCF_910574535.1;protein_351,GCF_002128045.1;protein_352,GCF_000319675.2;protein_352,GCF_000027345.1;protein_354,GCF_000283755.1;protein_354,GCF_002127985.1;protein_353,GCF_009947205.1;protein_351,GCF_041931765.1;protein_432,GCF_040256845.1;protein_352,GCF_002128265.1;protein_354,GCF_041931565.1;protein_547,GCF_009944725.1;protein_354,GCF_002128145.1;protein_351,GCF_001558175.1;protein_355,GCF_009942155.1;protein_353,GCF_041931755.1;protein_432,GCF_001272775.1;protein_354,GCF_009939765.1;protein_353,GCF_002355715.1;protein_353,GCF_900660465.1;protein_375,GCF_002128285.1;protein_354,GCF_009944335.1;protein_352,GCF_001272755.1;protein_353,GCF_000733995.1;protein_429,GCF_002090215.1;protein_351,GCF_000319655.2;protein_354,GCF_009947575.1;protein_353,GCF_009945865.1;protein_355,GCF_009943805.1;protein_353,GCF_002090295.1;protein_352,,,,,,,
GCF_910574535.1;protein_352,GCF_002128045.1;protein_353,GCF_000319675.2;protein_353,GCF_000027345.1;protein_355,GCF_000283755.1;protein_355,GCF_002127985.1;protein_354,GCF_009947205.1;protein_352,GCF_041931765.1;protein_433,GCF_040256845.1;protein_353,GCF_002128265.1;protein_355,GCF_041931565.1;protein_548,GCF_009944725.1;protein_355,GCF_002128145.1;protein_352,GCF_001558175.1;protein_356,GCF_009942155.1;protein_354,GCF_041931755.1;protein_433,GCF_001272775.1;protein_355,GCF_009939765.1;protein_354,GCF_002355715.1;protein_354,GCF_900660465.1;protein_374,GCF_002128285.1;protein_355,GCF_009944335.1;protein_353,GCF_001272755.1;protein_354,GCF_000733995.1;protein_430,GCF_002090215.1;protein_352,GCF_000319655.2;protein_355,GCF_009947575.1;protein_354,GCF_009945865.1;protein_356,GCF_009943805.1;protein_354,GCF_002090295.1;protein_353,,,,,,,
GCF_910574535.1;protein_353,GCF_002128045.1;protein_354,GCF_000319675.2;protein_354,GCF_000027345.1;protein_356,GCF_000283755.1;protein_356,GCF_002127985.1;protein_355,GCF_009947205.1;protein_353,GCF_041931765.1;protein_434,GCF_040256845.1;protein_354,GCF_002128265.1;protein_356,GCF_041931565.1;protein_549,GCF_009944725.1;protein_356,GCF_002128145.1;protein_353,GCF_001558175.1;protein_357,GCF_009942155.1;protein_355,GCF_041931755.1;protein_434,GCF_001272775.1;protein_356,GCF_009939765.1;protein_355,GCF_002355715.1;protein_355,GCF_900660465.1;protein_373,GCF_002128285.1;protein_356,GCF_009944335.1;protein_354,GCF_001272755.1;protein_355,GCF_000733995.1;protein_431,GCF_002090215.1;protein_353,GCF_000319655.2;protein_356,GCF_009947575.1;protein_355,GCF_009945865.1;protein_357,GCF_009943805.1;protein_355,GCF_002090295.1;protein_354,,,,,,,
GCF_910574535.1;protein_354,GCF_002128045.1;protein_355,GCF_000319675.2;protein_355,GCF_000027345.1;protein_357,GCF_000283755.1;protein_357,GCF_002127985.1;protein_356,GCF_009947205.1;protein_354,GCF_041931765.1;protein_435,GCF_040256845.1;protein_355,GCF_002128265.1;protein_357,GCF_041931565.1;protein_550,GCF_009944725.1;protein_357,GCF_002128145.1;protein_354,GCF_001558175.1;protein_358,GCF_009942155.1;protein_356,GCF_041931755.1;protein_435,GCF_001272775.1;protein_357,GCF_009939765.1;protein_356,GCF_002355715.1;protein_356,GCF_900660465.1;protein_372,GCF_002128285.1;protein_357,GCF_009944335.1;protein_355,GCF_001272755.1;protein_356,GCF_000733995.1;protein_432,GCF_002090215.1;protein_354,GCF_000319655.2;protein_357,GCF_009947575.1;protein_356,GCF_009945865.1;protein_358,GCF_009943805.1;protein_356,GCF_002090295.1;protein_355,,,,,,,
GCF_910574535.1;protein_355,GCF_002128045.1;protein_356,GCF_000319675.2;protein_356,GCF_000027345.1;protein_358,GCF_000283755.1;protein_358,GCF_002127985.1;protein_357,GCF_009947205.1;protein_355,GCF_041931765.1;protein_436,GCF_040256845.1;protein_356,GCF_002128265.1;protein_358,GCF_041931565.1;protein_551,GCF_009944725.1;protein_358,GCF_002128145.1;protein_355,GCF_001558175.1;protein_359,GCF_009942155.1;protein_357,GCF_041931755.1;protein_436,GCF_001272775.1;protein_358,GCF_009939765.1;protein_357,GCF_002355715.1;protein_357,GCF_900660465.1;protein_371,GCF_002128285.1;protein_358,GCF_009944335.1;protein_356,GCF_001272755.1;protein_357,GCF_000733995.1;protein_433,GCF_002090215.1;protein_355,GCF_000319655.2;protein_358,GCF_009947575.1;protein_357,GCF_009945865.1;protein_359,GCF_009943805.1;protein_357,GCF_002090295.1;protein_356,,,,,,,
GCF_910574535.1;protein_356,GCF_002128045.1;protein_357,GCF_000319675.2;protein_357,GCF_000027345.1;protein_359,GCF_000283755.1;protein_359,GCF_002127985.1;protein_358,GCF_009947205.1;protein_356,GCF_041931765.1;protein_437,GCF_040256845.1;protein_357,GCF_002128265.1;protein_359,GCF_041931565.1;protein_552,GCF_009944725.1;protein_359,GCF_002128145.1;protein_356,GCF_001558175.1;protein_360,GCF_009942155.1;protein_358,GCF_041931755.1;protein_437,GCF_001272775.1;protein_359,GCF_009939765.1;protein_358,GCF_002355715.1;protein_358,GCF_900660465.1;protein_370,GCF_002128285.1;protein_359,GCF_009944335.1;protein_357,GCF_001272755.1;protein_358,GCF_000733995.1;protein_434,GCF_002090215.1;protein_356,GCF_000319655.2;protein_359,GCF_009947575.1;protein_358,GCF_009945865.1;protein_360,GCF_009943805.1;protein_358,GCF_002090295.1;protein_357,,,,,,,
GCF_910574535.1;protein_357,GCF_002128045.1;protein_358,GCF_000319675.2;protein_358,GCF_000027345.1;protein_360,GCF_000283755.1;protein_360,GCF_002127985.1;protein_359,GCF_009947205.1;protein_357,GCF_041931765.1;protein_438,GCF_040256845.1;protein_358,GCF_002128265.1;protein_360,GCF_041931565.1;protein_553,GCF_009944725.1;protein_360,GCF_002128145.1;protein_357,GCF_001558175.1;protein_361,GCF_009942155.1;protein_359,GCF_041931755.1;protein_438,GCF_001272775.1;protein_360,GCF_009939765.1;protein_359,GCF_002355715.1;protein_359,GCF_900660465.1;protein_369,GCF_002128285.1;protein_360,GCF_009944335.1;protein_358,GCF_001272755.1;protein_359,GCF_000733995.1;protein_435,GCF_002090215.1;protein_357,GCF_000319655.2;protein_360,GCF_009947575.1;protein_359,GCF_009945865.1;protein_361,GCF_009943805.1;protein_359,GCF_002090295.1;protein_358,,,,,,,
GCF_910574535.1;protein_358,GCF_002128045.1;protein_359,GCF_000319675.2;protein_359,GCF_000027345.1;protein_361,GCF_000283755.1;protein_361,GCF_002127985.1;protein_360,GCF_009947205.1;protein_358,GCF_041931765.1;protein_439,GCF_040256845.1;protein_359,GCF_002128265.1;protein_361,GCF_041931565.1;protein_554,GCF_009944725.1;protein_361,GCF_002128145.1;protein_358,GCF_001558175.1;protein_362,GCF_009942155.1;protein_360,GCF_041931755.1;protein_439,GCF_001272775.1;protein_361,GCF_009939765.1;protein_360,GCF_002355715.1;protein_360,GCF_900660465.1;protein_368,GCF_002128285.1;protein_361,GCF_009944335.1;protein_359,GCF_001272755.1;protein_360,GCF_000733995.1;protein_436,GCF_002090215.1;protein_358,GCF_000319655.2;protein_361,GCF_009947575.1;protein_360,GCF_009945865.1;protein_362,GCF_009943805.1;protein_360,GCF_002090295.1;protein_359,,,,,,,
GCF_910574535.1;protein_359,GCF_002128045.1;protein_360,GCF_000319675.2;protein_360,GCF_000027345.1;protein_362,GCF_000283755.1;protein_362,GCF_002127985.1;protein_361,GCF_009947205.1;protein_359,GCF_041931765.1;protein_440,GCF_040256845.1;protein_360,GCF_002128265.1;protein_362,GCF_041931565.1;protein_555,GCF_009944725.1;protein_362,GCF_002128145.1;protein_359,GCF_001558175.1;protein_363,GCF_009942155.1;protein_361,GCF_041931755.1;protein_440,GCF_001272775.1;protein_362,GCF_009939765.1;protein_361,GCF_002355715.1;protein_361,GCF_900660465.1;protein_367,GCF_002128285.1;protein_362,GCF_009944335.1;protein_360,GCF_001272755.1;protein_361,GCF_000733995.1;protein_437,GCF_002090215.1;protein_359,GCF_000319655.2;protein_362,GCF_009947575.1;protein_361,GCF_009945865.1;protein_363,GCF_009943805.1;protein_361,GCF_002090295.1;protein_360,,,,,,,
GCF_910574535.1;protein_36,GCF_002128045.1;protein_36,GCF_000319675.2;protein_36,GCF_000027345.1;protein_36,GCF_000283755.1;protein_36,GCF_002127985.1;protein_36,GCF_009947205.1;protein_36,GCF_041931765.1;protein_113,GCF_040256845.1;protein_36,GCF_002128265.1;protein_36,GCF_041931565.1;protein_232,GCF_009944725.1;protein_36,GCF_002128145.1;protein_36,GCF_001558175.1;protein_36,GCF_009942155.1;protein_36,GCF_041931755.1;protein_113,GCF_001272775.1;protein_36,GCF_009939765.1;protein_36,GCF_002355715.1;protein_36,GCF_900660465.1;protein_691,GCF_002128285.1;protein_36,GCF_009944335.1;protein_36,GCF_001272755.1;protein_36,GCF_000733995.1;protein_112,GCF_002090215.1;protein_36,GCF_000319655.2;protein_36,GCF_009947575.1;protein_36,GCF_009945865.1;protein_36,GCF_009943805.1;protein_36,GCF_002090295.1;protein_36,,,,,,,
GCF_910574535.1;protein_360,,,GCF_000027345.1;protein_363,,,GCF_009947205.1;protein_360,,,,,,,,,,,,,,,,,,,,,,,,,,,,,,
GCF_910574535.1;protein_361,GCF_002128045.1;protein_362,GCF_000319675.2;protein_362,GCF_000027345.1;protein_364,GCF_000283755.1;protein_364,GCF_002127985.1;protein_363,GCF_009947205.1;protein_361,GCF_041931765.1;protein_442,GCF_040256845.1;protein_362,GCF_002128265.1;protein_364,GCF_041931565.1;protein_557,GCF_009944725.1;protein_364,GCF_002128145.1;protein_361,GCF_001558175.1;protein_365,GCF_009942155.1;protein_363,GCF_041931755.1;protein_442,GCF_001272775.1;protein_364,GCF_009939765.1;protein_363,GCF_002355715.1;protein_363,GCF_900660465.1;protein_365,GCF_002128285.1;protein_364,GCF_009944335.1;protein_362,GCF_001272755.1;protein_363,GCF_000733995.1;protein_439,GCF_002090215.1;protein_361,GCF_000319655.2;protein_364,GCF_009947575.1;protein_363,GCF_009945865.1;protein_365,GCF_009943805.1;protein_363,GCF_002090295.1;protein_362,,,,,,,
GCF_910574535.1;protein_362,,,GCF_000027345.1;protein_365,,,GCF_009947205.1;protein_362,,GCF_040256845.1;protein_363,,,,,,,,,,,,,,,,GCF_002090215.1;protein_362,,GCF_009947575.1;protein_364,,,GCF_002090295.1;protein_363,,,,,,,
GCF_910574535.1;protein_363,GCF_002128045.1;protein_363,GCF_000319675.2;protein_363,GCF_000027345.1;protein_366,,GCF_002127985.1;protein_364,GCF_009947205.1;protein_363,GCF_041931765.1;protein_443,,,GCF_041931565.1;protein_558,,GCF_002128145.1;protein_362,GCF_001558175.1;protein_366,,GCF_041931755.1;protein_443,GCF_001272775.1;protein_365,GCF_009939765.1;protein_364,,,,GCF_009944335.1;protein_363,GCF_001272755.1;protein_364,GCF_000733995.1;protein_440,GCF_002090215.1;protein_363,,GCF_009947575.1;protein_365,,GCF_009943805.1;protein_364,GCF_002090295.1;protein_364,,,,,,,
GCF_910574535.1;protein_364,GCF_002128045.1;protein_364,GCF_000319675.2;protein_364,GCF_000027345.1;protein_367,GCF_000283755.1;protein_367,GCF_002127985.1;protein_365,GCF_009947205.1;protein_364,GCF_041931765.1;protein_444,GCF_040256845.1;protein_365,GCF_002128265.1;protein_367,GCF_041931565.1;protein_559,GCF_009944725.1;protein_367,GCF_002128145.1;protein_363,GCF_001558175.1;protein_367,GCF_009942155.1;protein_366,GCF_041931755.1;protein_444,GCF_001272775.1;protein_366,GCF_009939765.1;protein_365,GCF_002355715.1;protein_366,GCF_900660465.1;protein_363,GCF_002128285.1;protein_366,GCF_009944335.1;protein_364,GCF_001272755.1;protein_365,GCF_000733995.1;protein_441,GCF_002090215.1;protein_364,GCF_000319655.2;protein_366,GCF_009947575.1;protein_366,GCF_009945865.1;protein_368,GCF_009943805.1;protein_365,GCF_002090295.1;protein_365,,,,,,,
GCF_910574535.1;protein_365,GCF_002128045.1;protein_365,GCF_000319675.2;protein_365,GCF_000027345.1;protein_368,GCF_000283755.1;protein_368,GCF_002127985.1;protein_366,GCF_009947205.1;protein_365,GCF_041931765.1;protein_445,GCF_040256845.1;protein_366,GCF_002128265.1;protein_368,GCF_041931565.1;protein_560,GCF_009944725.1;protein_368,GCF_002128145.1;protein_364,GCF_001558175.1;protein_368,GCF_009942155.1;protein_367,GCF_041931755.1;protein_445,GCF_001272775.1;protein_367,GCF_009939765.1;protein_366,GCF_002355715.1;protein_367,GCF_900660465.1;protein_362,GCF_002128285.1;protein_367,GCF_009944335.1;protein_365,GCF_001272755.1;protein_366,GCF_000733995.1;protein_442,GCF_002090215.1;protein_365,GCF_000319655.2;protein_367,GCF_009947575.1;protein_367,GCF_009945865.1;protein_369,GCF_009943805.1;protein_366,GCF_002090295.1;protein_366,,,,,,,
GCF_910574535.1;protein_366,,GCF_000319675.2;protein_366,GCF_000027345.1;protein_369,,GCF_002127985.1;protein_367,GCF_009947205.1;protein_366,GCF_041931765.1;protein_446,GCF_040256845.1;protein_367,,GCF_041931565.1;protein_561,,GCF_002128145.1;protein_365,GCF_001558175.1;protein_369,,GCF_041931755.1;protein_446,GCF_001272775.1;protein_368,GCF_009939765.1;protein_367,,,,GCF_009944335.1;protein_366,GCF_001272755.1;protein_367,GCF_000733995.1;protein_443,GCF_002090215.1;protein_366,,GCF_009947575.1;protein_368,,GCF_009943805.1;protein_367,GCF_002090295.1;protein_367,,,,,,,
GCF_910574535.1;protein_367,GCF_002128045.1;protein_366,GCF_000319675.2;protein_367,GCF_000027345.1;protein_370,GCF_000283755.1;protein_370,GCF_002127985.1;protein_368,GCF_009947205.1;protein_367,GCF_041931765.1;protein_447,GCF_040256845.1;protein_368,GCF_002128265.1;protein_370,GCF_041931565.1;protein_562,GCF_009944725.1;protein_370,GCF_002128145.1;protein_366,GCF_001558175.1;protein_370,GCF_009942155.1;protein_369,GCF_041931755.1;protein_447,GCF_001272775.1;protein_369,GCF_009939765.1;protein_368,GCF_002355715.1;protein_369,GCF_900660465.1;protein_360,GCF_002128285.1;protein_369,GCF_009944335.1;protein_367,GCF_001272755.1;protein_368,GCF_000733995.1;protein_444,GCF_002090215.1;protein_367,GCF_000319655.2;protein_369,GCF_009947575.1;protein_369,GCF_009945865.1;protein_371,GCF_009943805.1;protein_368,GCF_002090295.1;protein_368,,,,,,,
GCF_910574535.1;protein_368,GCF_002128045.1;protein_367,GCF_000319675.2;protein_368,GCF_000027345.1;protein_371,GCF_000283755.1;protein_371,GCF_002127985.1;protein_369,GCF_009947205.1;protein_368,GCF_041931765.1;protein_448,GCF_040256845.1;protein_369,GCF_002128265.1;protein_371,GCF_041931565.1;protein_563,GCF_009944725.1;protein_371,GCF_002128145.1;protein_367,GCF_001558175.1;protein_371,GCF_009942155.1;protein_370,GCF_041931755.1;protein_448,GCF_001272775.1;protein_370,GCF_009939765.1;protein_369,GCF_002355715.1;protein_370,GCF_900660465.1;protein_359,GCF_002128285.1;protein_370,GCF_009944335.1;protein_368,GCF_001272755.1;protein_369,GCF_000733995.1;protein_445,GCF_002090215.1;protein_368,GCF_000319655.2;protein_370,GCF_009947575.1;protein_370,GCF_009945865.1;protein_372,GCF_009943805.1;protein_369,GCF_002090295.1;protein_369,,,,,,,
GCF_910574535.1;protein_369,GCF_002128045.1;protein_368,GCF_000319675.2;protein_369,GCF_000027345.1;protein_372,GCF_000283755.1;protein_372,GCF_002127985.1;protein_370,GCF_009947205.1;protein_369,GCF_041931765.1;protein_449,GCF_040256845.1;protein_370,GCF_002128265.1;protein_372,GCF_041931565.1;protein_564,GCF_009944725.1;protein_372,GCF_002128145.1;protein_368,GCF_001558175.1;protein_372,GCF_009942155.1;protein_371,GCF_041931755.1;protein_449,GCF_001272775.1;protein_371,GCF_009939765.1;protein_370,GCF_002355715.1;protein_371,GCF_900660465.1;protein_358,GCF_002128285.1;protein_371,GCF_009944335.1;protein_369,GCF_001272755.1;protein_370,GCF_000733995.1;protein_446,GCF_002090215.1;protein_369,GCF_000319655.2;protein_371,GCF_009947575.1;protein_371,GCF_009945865.1;protein_373,GCF_009943805.1;protein_370,GCF_002090295.1;protein_370,,,,,,,
GCF_910574535.1;protein_37,GCF_002128045.1;protein_37,GCF_000319675.2;protein_37,GCF_000027345.1;protein_37,GCF_000283755.1;protein_37,GCF_002127985.1;protein_37,GCF_009947205.1;protein_37,GCF_041931765.1;protein_114,GCF_040256845.1;protein_37,GCF_002128265.1;protein_37,GCF_041931565.1;protein_233,GCF_009944725.1;protein_37,GCF_002128145.1;protein_37,GCF_001558175.1;protein_37,GCF_009942155.1;protein_37,GCF_041931755.1;protein_114,GCF_001272775.1;protein_37,GCF_009939765.1;protein_37,GCF_002355715.1;protein_37,GCF_900660465.1;protein_690,GCF_002128285.1;protein_37,GCF_009944335.1;protein_37,GCF_001272755.1;protein_37,GCF_000733995.1;protein_113,GCF_002090215.1;protein_37,GCF_000319655.2;protein_37,GCF_009947575.1;protein_37,GCF_009945865.1;protein_37,GCF_009943805.1;protein_37,GCF_002090295.1;protein_37,,,,,,,
GCF_910574535.1;protein_370,GCF_002128045.1;protein_369,GCF_000319675.2;protein_370,GCF_000027345.1;protein_373,GCF_000283755.1;protein_373,GCF_002127985.1;protein_371,GCF_009947205.1;protein_370,GCF_041931765.1;protein_450,GCF_040256845.1;protein_371,GCF_002128265.1;protein_373,GCF_041931565.1;protein_565,GCF_009944725.1;protein_373,GCF_002128145.1;protein_369,GCF_001558175.1;protein_373,GCF_009942155.1;protein_372,GCF_041931755.1;protein_450,GCF_001272775.1;protein_372,GCF_009939765.1;protein_371,GCF_002355715.1;protein_372,GCF_900660465.1;protein_357,GCF_002128285.1;protein_372,GCF_009944335.1;protein_370,GCF_001272755.1;protein_371,GCF_000733995.1;protein_447,GCF_002090215.1;protein_370,GCF_000319655.2;protein_372,GCF_009947575.1;protein_372,GCF_009945865.1;protein_374,GCF_009943805.1;protein_371,GCF_002090295.1;protein_371,,,,,,,
GCF_910574535.1;protein_371,GCF_002128045.1;protein_370,GCF_000319675.2;protein_371,GCF_000027345.1;protein_374,GCF_000283755.1;protein_374,GCF_002127985.1;protein_372,GCF_009947205.1;protein_371,GCF_041931765.1;protein_451,GCF_040256845.1;protein_372,GCF_002128265.1;protein_374,GCF_041931565.1;protein_566,GCF_009944725.1;protein_374,GCF_002128145.1;protein_370,GCF_001558175.1;protein_374,GCF_009942155.1;protein_373,GCF_041931755.1;protein_451,GCF_001272775.1;protein_373,GCF_009939765.1;protein_372,GCF_002355715.1;protein_373,GCF_900660465.1;protein_356,GCF_002128285.1;protein_373,GCF_009944335.1;protein_371,GCF_001272755.1;protein_372,GCF_000733995.1;protein_448,GCF_002090215.1;protein_371,GCF_000319655.2;protein_373,GCF_009947575.1;protein_373,GCF_009945865.1;protein_375,GCF_009943805.1;protein_372,GCF_002090295.1;protein_372,,,,,,,
GCF_910574535.1;protein_372,GCF_002128045.1;protein_371,GCF_000319675.2;protein_372,GCF_000027345.1;protein_375,GCF_000283755.1;protein_375,GCF_002127985.1;protein_373,GCF_009947205.1;protein_372,GCF_041931765.1;protein_452,GCF_040256845.1;protein_373,GCF_002128265.1;protein_375,GCF_041931565.1;protein_567,GCF_009944725.1;protein_375,GCF_002128145.1;protein_371,GCF_001558175.1;protein_375,GCF_009942155.1;protein_374,GCF_041931755.1;protein_452,GCF_001272775.1;protein_374,GCF_009939765.1;protein_373,GCF_002355715.1;protein_374,GCF_900660465.1;protein_355,GCF_002128285.1;protein_374,GCF_009944335.1;protein_372,GCF_001272755.1;protein_373,GCF_000733995.1;protein_449,GCF_002090215.1;protein_372,GCF_000319655.2;protein_374,GCF_009947575.1;protein_374,GCF_009945865.1;protein_376,GCF_009943805.1;protein_373,GCF_002090295.1;protein_373,,,,,,,
GCF_910574535.1;protein_373,GCF_002128045.1;protein_372,GCF_000319675.2;protein_373,GCF_000027345.1;protein_376,GCF_000283755.1;protein_376,GCF_002127985.1;protein_374,GCF_009947205.1;protein_373,GCF_041931765.1;protein_453,GCF_040256845.1;protein_374,GCF_002128265.1;protein_376,GCF_041931565.1;protein_568,GCF_009944725.1;protein_376,GCF_002128145.1;protein_372,GCF_001558175.1;protein_376,GCF_009942155.1;protein_375,GCF_041931755.1;protein_453,GCF_001272775.1;protein_375,GCF_009939765.1;protein_374,GCF_002355715.1;protein_375,GCF_900660465.1;protein_354,GCF_002128285.1;protein_375,GCF_009944335.1;protein_373,GCF_001272755.1;protein_374,GCF_000733995.1;protein_450,GCF_002090215.1;protein_373,GCF_000319655.2;protein_375,GCF_009947575.1;protein_375,GCF_009945865.1;protein_377,GCF_009943805.1;protein_374,GCF_002090295.1;protein_374,,,,,,,
GCF_910574535.1;protein_374,GCF_002128045.1;protein_373,GCF_000319675.2;protein_374,GCF_000027345.1;protein_377,GCF_000283755.1;protein_377,GCF_002127985.1;protein_375,GCF_009947205.1;protein_374,GCF_041931765.1;protein_454,GCF_040256845.1;protein_375,GCF_002128265.1;protein_377,GCF_041931565.1;protein_569,GCF_009944725.1;protein_377,GCF_002128145.1;protein_373,GCF_001558175.1;protein_377,GCF_009942155.1;protein_376,GCF_041931755.1;protein_454,GCF_001272775.1;protein_376,GCF_009939765.1;protein_375,GCF_002355715.1;protein_376,GCF_900660465.1;protein_353,GCF_002128285.1;protein_376,GCF_009944335.1;protein_374,GCF_001272755.1;protein_375,GCF_000733995.1;protein_451,GCF_002090215.1;protein_374,GCF_000319655.2;protein_376,GCF_009947575.1;protein_376,GCF_009945865.1;protein_378,GCF_009943805.1;protein_375,GCF_002090295.1;protein_375,,,,,,,
GCF_910574535.1;protein_375,GCF_002128045.1;protein_374,GCF_000319675.2;protein_375,GCF_000027345.1;protein_378,GCF_000283755.1;protein_378,GCF_002127985.1;protein_376,GCF_009947205.1;protein_375,GCF_041931765.1;protein_455,GCF_040256845.1;protein_376,GCF_002128265.1;protein_378,GCF_041931565.1;protein_570,GCF_009944725.1;protein_378,GCF_002128145.1;protein_374,GCF_001558175.1;protein_378,GCF_009942155.1;protein_377,GCF_041931755.1;protein_455,GCF_001272775.1;protein_377,GCF_009939765.1;protein_376,GCF_002355715.1;protein_377,GCF_900660465.1;protein_352,GCF_002128285.1;protein_377,GCF_009944335.1;protein_375,GCF_001272755.1;protein_376,GCF_000733995.1;protein_452,GCF_002090215.1;protein_375,GCF_000319655.2;protein_377,GCF_009947575.1;protein_377,GCF_009945865.1;protein_379,GCF_009943805.1;protein_376,GCF_002090295.1;protein_376,,,,,,,
GCF_910574535.1;protein_376,GCF_002128045.1;protein_375,GCF_000319675.2;protein_376,GCF_000027345.1;protein_379,GCF_000283755.1;protein_379,GCF_002127985.1;protein_377,GCF_009947205.1;protein_376,GCF_041931765.1;protein_456,GCF_040256845.1;protein_377,GCF_002128265.1;protein_379,GCF_041931565.1;protein_571,GCF_009944725.1;protein_379,GCF_002128145.1;protein_375,GCF_001558175.1;protein_379,GCF_009942155.1;protein_378,GCF_041931755.1;protein_456,GCF_001272775.1;protein_378,GCF_009939765.1;protein_377,GCF_002355715.1;protein_378,GCF_900660465.1;protein_351,GCF_002128285.1;protein_378,GCF_009944335.1;protein_376,GCF_001272755.1;protein_377,GCF_000733995.1;protein_453,GCF_002090215.1;protein_376,GCF_000319655.2;protein_378,GCF_009947575.1;protein_378,GCF_009945865.1;protein_380,GCF_009943805.1;protein_377,GCF_002090295.1;protein_377,,,,,,,
GCF_910574535.1;protein_377,GCF_002128045.1;protein_376,GCF_000319675.2;protein_377,GCF_000027345.1;protein_380,GCF_000283755.1;protein_380,GCF_002127985.1;protein_378,GCF_009947205.1;protein_377,GCF_041931765.1;protein_457,GCF_040256845.1;protein_378,GCF_002128265.1;protein_380,GCF_041931565.1;protein_572,GCF_009944725.1;protein_380,GCF_002128145.1;protein_376,GCF_001558175.1;protein_380,GCF_009942155.1;protein_379,GCF_041931755.1;protein_457,GCF_001272775.1;protein_379,GCF_009939765.1;protein_378,GCF_002355715.1;protein_379,GCF_900660465.1;protein_350,GCF_002128285.1;protein_379,GCF_009944335.1;protein_377,GCF_001272755.1;protein_378,GCF_000733995.1;protein_454,GCF_002090215.1;protein_377,GCF_000319655.2;protein_379,GCF_009947575.1;protein_379,GCF_009945865.1;protein_381,GCF_009943805.1;protein_378,GCF_002090295.1;protein_378,,,,,,,
GCF_910574535.1;protein_378,GCF_002128045.1;protein_377,GCF_000319675.2;protein_378,GCF_000027345.1;protein_381,GCF_000283755.1;protein_381,GCF_002127985.1;protein_379,GCF_009947205.1;protein_378,GCF_041931765.1;protein_458,GCF_040256845.1;protein_379,GCF_002128265.1;protein_381,GCF_041931565.1;protein_573,GCF_009944725.1;protein_381,GCF_002128145.1;protein_377,GCF_001558175.1;protein_381,GCF_009942155.1;protein_380,GCF_041931755.1;protein_458,GCF_001272775.1;protein_380,GCF_009939765.1;protein_379,GCF_002355715.1;protein_380,GCF_900660465.1;protein_349,GCF_002128285.1;protein_380,GCF_009944335.1;protein_378,GCF_001272755.1;protein_379,GCF_000733995.1;protein_455,GCF_002090215.1;protein_378,GCF_000319655.2;protein_380,GCF_009947575.1;protein_380,GCF_009945865.1;protein_382,GCF_009943805.1;protein_379,GCF_002090295.1;protein_379,,,,,,,
GCF_910574535.1;protein_379,GCF_002128045.1;protein_378,GCF_000319675.2;protein_379,GCF_000027345.1;protein_382,GCF_000283755.1;protein_382,GCF_002127985.1;protein_380,GCF_009947205.1;protein_379,GCF_041931765.1;protein_459,GCF_040256845.1;protein_380,GCF_002128265.1;protein_382,GCF_041931565.1;protein_574,GCF_009944725.1;protein_382,GCF_002128145.1;protein_378,GCF_001558175.1;protein_382,GCF_009942155.1;protein_381,GCF_041931755.1;protein_459,GCF_001272775.1;protein_381,GCF_009939765.1;protein_380,GCF_002355715.1;protein_381,GCF_900660465.1;protein_348,GCF_002128285.1;protein_381,GCF_009944335.1;protein_379,GCF_001272755.1;protein_380,GCF_000733995.1;protein_456,GCF_002090215.1;protein_379,GCF_000319655.2;protein_381,GCF_009947575.1;protein_381,GCF_009945865.1;protein_383,GCF_009943805.1;protein_380,GCF_002090295.1;protein_380,,,,,,,
GCF_910574535.1;protein_38,GCF_002128045.1;protein_38,GCF_000319675.2;protein_38,GCF_000027345.1;protein_38,GCF_000283755.1;protein_38,GCF_002127985.1;protein_38,GCF_009947205.1;protein_38,GCF_041931765.1;protein_115,GCF_040256845.1;protein_38,GCF_002128265.1;protein_38,GCF_041931565.1;protein_234,GCF_009944725.1;protein_38,GCF_002128145.1;protein_38,GCF_001558175.1;protein_38,GCF_009942155.1;protein_38,GCF_041931755.1;protein_115,GCF_001272775.1;protein_38,GCF_009939765.1;protein_38,GCF_002355715.1;protein_38,GCF_900660465.1;protein_689,GCF_002128285.1;protein_38,GCF_009944335.1;protein_38,GCF_001272755.1;protein_38,GCF_000733995.1;protein_114,GCF_002090215.1;protein_38,GCF_000319655.2;protein_38,GCF_009947575.1;protein_38,GCF_009945865.1;protein_38,GCF_009943805.1;protein_38,GCF_002090295.1;protein_38,,,,,,,
GCF_910574535.1;protein_380,GCF_002128045.1;protein_379,GCF_000319675.2;protein_380,GCF_000027345.1;protein_383,GCF_000283755.1;protein_383,GCF_002127985.1;protein_381,GCF_009947205.1;protein_380,GCF_041931765.1;protein_460,GCF_040256845.1;protein_381,GCF_002128265.1;protein_383,GCF_041931565.1;protein_575,GCF_009944725.1;protein_383,GCF_002128145.1;protein_379,GCF_001558175.1;protein_383,GCF_009942155.1;protein_382,GCF_041931755.1;protein_460,GCF_001272775.1;protein_382,GCF_009939765.1;protein_381,GCF_002355715.1;protein_382,GCF_900660465.1;protein_347,GCF_002128285.1;protein_382,GCF_009944335.1;protein_380,GCF_001272755.1;protein_381,GCF_000733995.1;protein_457,GCF_002090215.1;protein_380,GCF_000319655.2;protein_382,GCF_009947575.1;protein_382,GCF_009945865.1;protein_384,GCF_009943805.1;protein_381,GCF_002090295.1;protein_381,,,,,,,
GCF_910574535.1;protein_381,GCF_002128045.1;protein_380,GCF_000319675.2;protein_381,GCF_000027345.1;protein_384,GCF_000283755.1;protein_384,GCF_002127985.1;protein_382,GCF_009947205.1;protein_381,GCF_041931765.1;protein_461,GCF_040256845.1;protein_382,GCF_002128265.1;protein_384,GCF_041931565.1;protein_576,GCF_009944725.1;protein_384,GCF_002128145.1;protein_380,GCF_001558175.1;protein_384,GCF_009942155.1;protein_383,GCF_041931755.1;protein_461,GCF_001272775.1;protein_383,GCF_009939765.1;protein_382,GCF_002355715.1;protein_383,GCF_900660465.1;protein_346,GCF_002128285.1;protein_383,GCF_009944335.1;protein_381,GCF_001272755.1;protein_382,GCF_000733995.1;protein_458,GCF_002090215.1;protein_381,GCF_000319655.2;protein_383,GCF_009947575.1;protein_383,GCF_009945865.1;protein_385,GCF_009943805.1;protein_382,GCF_002090295.1;protein_382,,,,,,,
GCF_910574535.1;protein_382,GCF_002128045.1;protein_381,GCF_000319675.2;protein_382,GCF_000027345.1;protein_385,GCF_000283755.1;protein_385,GCF_002127985.1;protein_383,GCF_009947205.1;protein_382,GCF_041931765.1;protein_462,GCF_040256845.1;protein_383,GCF_002128265.1;protein_385,GCF_041931565.1;protein_577,GCF_009944725.1;protein_385,GCF_002128145.1;protein_381,GCF_001558175.1;protein_385,GCF_009942155.1;protein_384,GCF_041931755.1;protein_462,GCF_001272775.1;protein_384,GCF_009939765.1;protein_383,GCF_002355715.1;protein_384,GCF_900660465.1;protein_345,GCF_002128285.1;protein_384,GCF_009944335.1;protein_382,GCF_001272755.1;protein_383,GCF_000733995.1;protein_459,GCF_002090215.1;protein_382,GCF_000319655.2;protein_384,GCF_009947575.1;protein_384,GCF_009945865.1;protein_386,GCF_009943805.1;protein_383,GCF_002090295.1;protein_383,,,,,,,
GCF_910574535.1;protein_384,GCF_002128045.1;protein_383,GCF_000319675.2;protein_384,GCF_000027345.1;protein_387,,GCF_002127985.1;protein_385,GCF_009947205.1;protein_384,GCF_041931765.1;protein_464,GCF_040256845.1;protein_385,,GCF_041931565.1;protein_579,,GCF_002128145.1;protein_383,GCF_001558175.1;protein_387,,GCF_041931755.1;protein_464,GCF_001272775.1;protein_386,GCF_009939765.1;protein_385,,,,GCF_009944335.1;protein_384,GCF_001272755.1;protein_385,GCF_000733995.1;protein_461,GCF_002090215.1;protein_384,,GCF_009947575.1;protein_386,,GCF_009943805.1;protein_385,GCF_002090295.1;protein_385,,,,,,,
GCF_910574535.1;protein_385,GCF_002128045.1;protein_384,GCF_000319675.2;protein_385,GCF_000027345.1;protein_388,GCF_000283755.1;protein_389,GCF_002127985.1;protein_386,GCF_009947205.1;protein_385,GCF_041931765.1;protein_465,GCF_040256845.1;protein_386,GCF_002128265.1;protein_389,GCF_041931565.1;protein_580,GCF_009944725.1;protein_389,GCF_002128145.1;protein_384,GCF_001558175.1;protein_388,GCF_009942155.1;protein_388,GCF_041931755.1;protein_465,GCF_001272775.1;protein_387,GCF_009939765.1;protein_386,GCF_002355715.1;protein_388,GCF_900660465.1;protein_341,GCF_002128285.1;protein_388,GCF_009944335.1;protein_385,GCF_001272755.1;protein_386,GCF_000733995.1;protein_462,GCF_002090215.1;protein_385,GCF_000319655.2;protein_388,GCF_009947575.1;protein_387,GCF_009945865.1;protein_390,GCF_009943805.1;protein_386,GCF_002090295.1;protein_386,,,,,,,
GCF_910574535.1;protein_387,GCF_002128045.1;protein_387,GCF_000319675.2;protein_388,GCF_000027345.1;protein_390,,GCF_002127985.1;protein_389,GCF_009947205.1;protein_388,GCF_041931765.1;protein_223,GCF_040256845.1;protein_388,,,,GCF_002128145.1;protein_387,GCF_001558175.1;protein_390,,GCF_041931755.1;protein_223,GCF_001272775.1;protein_390,GCF_009939765.1;protein_389,,,,GCF_009944335.1;protein_387,GCF_001272755.1;protein_388,GCF_000733995.1;protein_464,,,GCF_009947575.1;protein_389,,GCF_009943805.1;protein_388,GCF_002090295.1;protein_388,,,,,,,
GCF_910574535.1;protein_389,GCF_002128045.1;protein_390,GCF_000319675.2;protein_391,GCF_000027345.1;protein_393,GCF_000283755.1;protein_394,GCF_002127985.1;protein_392,GCF_009947205.1;protein_391,GCF_041931765.1;protein_470,GCF_040256845.1;protein_391,GCF_002128265.1;protein_394,,GCF_009944725.1;protein_395,GCF_002128145.1;protein_390,GCF_001558175.1;protein_393,GCF_009942155.1;protein_393,GCF_041931755.1;protein_470,GCF_001272775.1;protein_393,GCF_009939765.1;protein_392,GCF_002355715.1;protein_393,GCF_900660465.1;protein_334,GCF_002128285.1;protein_393,GCF_009944335.1;protein_390,GCF_001272755.1;protein_391,GCF_000733995.1;protein_467,GCF_002090215.1;protein_391,GCF_000319655.2;protein_394,GCF_009947575.1;protein_392,GCF_009945865.1;protein_395,GCF_009943805.1;protein_391,GCF_002090295.1;protein_391,,,,,,,
GCF_910574535.1;protein_39,GCF_002128045.1;protein_39,GCF_000319675.2;protein_39,GCF_000027345.1;protein_39,GCF_000283755.1;protein_39,GCF_002127985.1;protein_39,GCF_009947205.1;protein_39,GCF_041931765.1;protein_116,GCF_040256845.1;protein_39,GCF_002128265.1;protein_39,GCF_041931565.1;protein_235,GCF_009944725.1;protein_39,GCF_002128145.1;protein_39,GCF_001558175.1;protein_39,GCF_009942155.1;protein_39,GCF_041931755.1;protein_116,GCF_001272775.1;protein_39,GCF_009939765.1;protein_39,GCF_002355715.1;protein_39,GCF_900660465.1;protein_688,GCF_002128285.1;protein_39,GCF_009944335.1;protein_39,GCF_001272755.1;protein_39,GCF_000733995.1;protein_115,GCF_002090215.1;protein_39,GCF_000319655.2;protein_39,GCF_009947575.1;protein_39,GCF_009945865.1;protein_39,GCF_009943805.1;protein_39,GCF_002090295.1;protein_39,,,,,,,
GCF_910574535.1;protein_390,GCF_002128045.1;protein_391,GCF_000319675.2;protein_392,GCF_000027345.1;protein_394,GCF_000283755.1;protein_395,GCF_002127985.1;protein_393,GCF_009947205.1;protein_392,GCF_041931765.1;protein_471,GCF_040256845.1;protein_392,GCF_002128265.1;protein_395,GCF_041931565.1;protein_586,GCF_009944725.1;protein_396,GCF_002128145.1;protein_391,GCF_001558175.1;protein_394,GCF_009942155.1;protein_394,GCF_041931755.1;protein_471,GCF_001272775.1;protein_394,GCF_009939765.1;protein_393,GCF_002355715.1;protein_394,GCF_900660465.1;protein_333,GCF_002128285.1;protein_394,GCF_009944335.1;protein_391,GCF_001272755.1;protein_392,GCF_000733995.1;protein_468,GCF_002090215.1;protein_392,GCF_000319655.2;protein_395,GCF_009947575.1;protein_393,GCF_009945865.1;protein_396,GCF_009943805.1;protein_392,GCF_002090295.1;protein_392,,,,,,,
GCF_910574535.1;protein_391,GCF_002128045.1;protein_392,GCF_000319675.2;protein_393,GCF_000027345.1;protein_395,GCF_000283755.1;protein_396,GCF_002127985.1;protein_394,GCF_009947205.1;protein_393,GCF_041931765.1;protein_472,GCF_040256845.1;protein_393,GCF_002128265.1;protein_396,GCF_041931565.1;protein_587,GCF_009944725.1;protein_397,GCF_002128145.1;protein_392,GCF_001558175.1;protein_395,GCF_009942155.1;protein_395,GCF_041931755.1;protein_472,GCF_001272775.1;protein_395,GCF_009939765.1;protein_394,GCF_002355715.1;protein_395,GCF_900660465.1;protein_332,GCF_002128285.1;protein_395,GCF_009944335.1;protein_392,GCF_001272755.1;protein_393,GCF_000733995.1;protein_469,GCF_002090215.1;protein_393,GCF_000319655.2;protein_396,GCF_009947575.1;protein_394,GCF_009945865.1;protein_397,GCF_009943805.1;protein_393,GCF_002090295.1;protein_393,,,,,,,
GCF_910574535.1;protein_392,GCF_002128045.1;protein_393,GCF_000319675.2;protein_394,GCF_000027345.1;protein_396,GCF_000283755.1;protein_397,GCF_002127985.1;protein_395,GCF_009947205.1;protein_394,GCF_041931765.1;protein_473,GCF_040256845.1;protein_394,GCF_002128265.1;protein_397,GCF_041931565.1;protein_588,GCF_009944725.1;protein_398,GCF_002128145.1;protein_393,GCF_001558175.1;protein_396,GCF_009942155.1;protein_396,GCF_041931755.1;protein_473,GCF_001272775.1;protein_396,GCF_009939765.1;protein_395,GCF_002355715.1;protein_396,GCF_900660465.1;protein_331,GCF_002128285.1;protein_396,GCF_009944335.1;protein_393,GCF_001272755.1;protein_394,GCF_000733995.1;protein_470,GCF_002090215.1;protein_394,GCF_000319655.2;protein_397,GCF_009947575.1;protein_395,GCF_009945865.1;protein_398,GCF_009943805.1;protein_394,GCF_002090295.1;protein_394,,,,,,,
GCF_910574535.1;protein_393,GCF_002128045.1;protein_394,GCF_000319675.2;protein_395,GCF_000027345.1;protein_397,GCF_000283755.1;protein_398,GCF_002127985.1;protein_396,GCF_009947205.1;protein_395,GCF_041931765.1;protein_474,GCF_040256845.1;protein_395,GCF_002128265.1;protein_398,GCF_041931565.1;protein_589,GCF_009944725.1;protein_399,GCF_002128145.1;protein_394,GCF_001558175.1;protein_397,GCF_009942155.1;protein_397,GCF_041931755.1;protein_474,GCF_001272775.1;protein_397,GCF_009939765.1;protein_396,GCF_002355715.1;protein_397,GCF_900660465.1;protein_330,GCF_002128285.1;protein_397,GCF_009944335.1;protein_394,GCF_001272755.1;protein_395,GCF_000733995.1;protein_471,GCF_002090215.1;protein_395,GCF_000319655.2;protein_398,GCF_009947575.1;protein_396,GCF_009945865.1;protein_399,GCF_009943805.1;protein_395,GCF_002090295.1;protein_395,,,,,,,
GCF_910574535.1;protein_394,GCF_002128045.1;protein_395,GCF_000319675.2;protein_396,GCF_000027345.1;protein_398,GCF_000283755.1;protein_399,GCF_002127985.1;protein_397,GCF_009947205.1;protein_396,GCF_041931765.1;protein_475,GCF_040256845.1;protein_396,GCF_002128265.1;protein_399,GCF_041931565.1;protein_590,GCF_009944725.1;protein_400,GCF_002128145.1;protein_395,GCF_001558175.1;protein_398,GCF_009942155.1;protein_398,GCF_041931755.1;protein_475,GCF_001272775.1;protein_398,GCF_009939765.1;protein_397,GCF_002355715.1;protein_398,GCF_900660465.1;protein_329,GCF_002128285.1;protein_398,GCF_009944335.1;protein_395,GCF_001272755.1;protein_396,GCF_000733995.1;protein_472,GCF_002090215.1;protein_396,GCF_000319655.2;protein_399,GCF_009947575.1;protein_397,GCF_009945865.1;protein_400,GCF_009943805.1;protein_396,GCF_002090295.1;protein_396,,,,,,,
GCF_910574535.1;protein_395,GCF_002128045.1;protein_396,GCF_000319675.2;protein_397,GCF_000027345.1;protein_399,GCF_000283755.1;protein_400,GCF_002127985.1;protein_398,GCF_009947205.1;protein_397,GCF_041931765.1;protein_476,,GCF_002128265.1;protein_400,GCF_041931565.1;protein_591,GCF_009944725.1;protein_401,GCF_002128145.1;protein_396,GCF_001558175.1;protein_399,GCF_009942155.1;protein_399,GCF_041931755.1;protein_476,GCF_001272775.1;protein_399,GCF_009939765.1;protein_398,GCF_002355715.1;protein_399,GCF_900660465.1;protein_328,GCF_002128285.1;protein_399,GCF_009944335.1;protein_396,GCF_001272755.1;protein_397,,GCF_002090215.1;protein_397,GCF_000319655.2;protein_400,GCF_009947575.1;protein_398,GCF_009945865.1;protein_401,GCF_009943805.1;protein_397,GCF_002090295.1;protein_397,,,,,,,
GCF_910574535.1;protein_396,GCF_002128045.1;protein_397,GCF_000319675.2;protein_398,GCF_000027345.1;protein_400,GCF_000283755.1;protein_401,GCF_002127985.1;protein_399,GCF_009947205.1;protein_398,GCF_041931765.1;protein_477,GCF_040256845.1;protein_399,GCF_002128265.1;protein_401,GCF_041931565.1;protein_592,GCF_009944725.1;protein_402,GCF_002128145.1;protein_397,GCF_001558175.1;protein_400,GCF_009942155.1;protein_400,GCF_041931755.1;protein_477,GCF_001272775.1;protein_400,GCF_009939765.1;protein_399,GCF_002355715.1;protein_400,GCF_900660465.1;protein_327,GCF_002128285.1;protein_400,GCF_009944335.1;protein_397,GCF_001272755.1;protein_398,GCF_000733995.1;protein_475,GCF_002090215.1;protein_398,GCF_000319655.2;protein_401,GCF_009947575.1;protein_399,GCF_009945865.1;protein_402,GCF_009943805.1;protein_398,GCF_002090295.1;protein_398,,,,,,,
GCF_910574535.1;protein_397,GCF_002128045.1;protein_398,GCF_000319675.2;protein_399,GCF_000027345.1;protein_401,GCF_000283755.1;protein_402,GCF_002127985.1;protein_400,GCF_009947205.1;protein_399,GCF_041931765.1;protein_478,GCF_040256845.1;protein_400,GCF_002128265.1;protein_402,GCF_041931565.1;protein_593,GCF_009944725.1;protein_403,GCF_002128145.1;protein_398,GCF_001558175.1;protein_401,GCF_009942155.1;protein_401,GCF_041931755.1;protein_478,GCF_001272775.1;protein_401,GCF_009939765.1;protein_400,GCF_002355715.1;protein_401,GCF_900660465.1;protein_326,GCF_002128285.1;protein_401,GCF_009944335.1;protein_398,GCF_001272755.1;protein_399,GCF_000733995.1;protein_476,GCF_002090215.1;protein_399,GCF_000319655.2;protein_402,GCF_009947575.1;protein_400,GCF_009945865.1;protein_403,GCF_009943805.1;protein_399,GCF_002090295.1;protein_399,,,,,,,
GCF_910574535.1;protein_398,GCF_002128045.1;protein_399,GCF_000319675.2;protein_400,GCF_000027345.1;protein_402,GCF_000283755.1;protein_403,GCF_002127985.1;protein_401,GCF_009947205.1;protein_400,GCF_041931765.1;protein_479,GCF_040256845.1;protein_401,GCF_002128265.1;protein_403,GCF_041931565.1;protein_594,GCF_009944725.1;protein_404,GCF_002128145.1;protein_399,GCF_001558175.1;protein_402,GCF_009942155.1;protein_402,GCF_041931755.1;protein_479,GCF_001272775.1;protein_402,GCF_009939765.1;protein_401,GCF_002355715.1;protein_402,GCF_900660465.1;protein_325,GCF_002128285.1;protein_402,GCF_009944335.1;protein_399,GCF_001272755.1;protein_400,GCF_000733995.1;protein_477,GCF_002090215.1;protein_400,GCF_000319655.2;protein_403,GCF_009947575.1;protein_401,GCF_009945865.1;protein_404,GCF_009943805.1;protein_400,GCF_002090295.1;protein_400,,,,,,,
GCF_910574535.1;protein_399,GCF_002128045.1;protein_400,GCF_000319675.2;protein_401,GCF_000027345.1;protein_403,GCF_000283755.1;protein_404,GCF_002127985.1;protein_402,GCF_009947205.1;protein_401,GCF_041931765.1;protein_480,GCF_040256845.1;protein_402,GCF_002128265.1;protein_404,GCF_041931565.1;protein_595,GCF_009944725.1;protein_405,GCF_002128145.1;protein_400,GCF_001558175.1;protein_403,GCF_009942155.1;protein_403,GCF_041931755.1;protein_480,GCF_001272775.1;protein_403,GCF_009939765.1;protein_402,GCF_002355715.1;protein_403,GCF_900660465.1;protein_324,GCF_002128285.1;protein_403,GCF_009944335.1;protein_400,GCF_001272755.1;protein_401,GCF_000733995.1;protein_478,GCF_002090215.1;protein_401,GCF_000319655.2;protein_404,GCF_009947575.1;protein_402,GCF_009945865.1;protein_405,GCF_009943805.1;protein_401,GCF_002090295.1;protein_401,,,,,,,
GCF_910574535.1;protein_4,GCF_002128045.1;protein_4,GCF_000319675.2;protein_4,GCF_000027345.1;protein_4,GCF_000283755.1;protein_4,GCF_002127985.1;protein_4,GCF_009947205.1;protein_4,GCF_041931765.1;protein_81,GCF_040256845.1;protein_4,GCF_002128265.1;protein_4,GCF_041931565.1;protein_200,GCF_009944725.1;protein_4,GCF_002128145.1;protein_4,GCF_001558175.1;protein_4,GCF_009942155.1;protein_4,GCF_041931755.1;protein_81,GCF_001272775.1;protein_4,GCF_009939765.1;protein_4,GCF_002355715.1;protein_4,GCF_900660465.1;protein_723,GCF_002128285.1;protein_4,GCF_009944335.1;protein_4,GCF_001272755.1;protein_4,GCF_000733995.1;protein_80,GCF_002090215.1;protein_4,GCF_000319655.2;protein_4,GCF_009947575.1;protein_4,GCF_009945865.1;protein_4,GCF_009943805.1;protein_4,GCF_002090295.1;protein_4,,,,,,,
GCF_910574535.1;protein_40,GCF_002128045.1;protein_40,GCF_000319675.2;protein_40,GCF_000027345.1;protein_40,GCF_000283755.1;protein_40,GCF_002127985.1;protein_40,GCF_009947205.1;protein_40,GCF_041931765.1;protein_117,GCF_040256845.1;protein_40,GCF_002128265.1;protein_40,GCF_041931565.1;protein_236,GCF_009944725.1;protein_40,GCF_002128145.1;protein_40,GCF_001558175.1;protein_40,GCF_009942155.1;protein_40,GCF_041931755.1;protein_117,GCF_001272775.1;protein_40,GCF_009939765.1;protein_40,GCF_002355715.1;protein_40,GCF_900660465.1;protein_687,GCF_002128285.1;protein_40,GCF_009944335.1;protein_40,GCF_001272755.1;protein_40,GCF_000733995.1;protein_116,GCF_002090215.1;protein_40,GCF_000319655.2;protein_40,GCF_009947575.1;protein_40,GCF_009945865.1;protein_40,GCF_009943805.1;protein_40,GCF_002090295.1;protein_40,,,,,,,
GCF_910574535.1;protein_400,GCF_002128045.1;protein_401,GCF_000319675.2;protein_402,GCF_000027345.1;protein_404,GCF_000283755.1;protein_405,GCF_002127985.1;protein_403,GCF_009947205.1;protein_402,GCF_041931765.1;protein_481,GCF_040256845.1;protein_403,GCF_002128265.1;protein_405,GCF_041931565.1;protein_596,GCF_009944725.1;protein_406,GCF_002128145.1;protein_401,GCF_001558175.1;protein_404,GCF_009942155.1;protein_404,GCF_041931755.1;protein_481,GCF_001272775.1;protein_404,GCF_009939765.1;protein_403,GCF_002355715.1;protein_404,GCF_900660465.1;protein_323,GCF_002128285.1;protein_404,GCF_009944335.1;protein_401,GCF_001272755.1;protein_402,GCF_000733995.1;protein_479,GCF_002090215.1;protein_402,GCF_000319655.2;protein_405,GCF_009947575.1;protein_403,GCF_009945865.1;protein_406,GCF_009943805.1;protein_402,GCF_002090295.1;protein_402,,,,,,,
GCF_910574535.1;protein_401,GCF_002128045.1;protein_402,GCF_000319675.2;protein_403,GCF_000027345.1;protein_405,GCF_000283755.1;protein_406,GCF_002127985.1;protein_404,GCF_009947205.1;protein_403,GCF_041931765.1;protein_482,GCF_040256845.1;protein_404,GCF_002128265.1;protein_406,GCF_041931565.1;protein_597,GCF_009944725.1;protein_407,GCF_002128145.1;protein_402,GCF_001558175.1;protein_405,GCF_009942155.1;protein_405,GCF_041931755.1;protein_482,GCF_001272775.1;protein_405,GCF_009939765.1;protein_404,GCF_002355715.1;protein_405,GCF_900660465.1;protein_322,GCF_002128285.1;protein_405,GCF_009944335.1;protein_402,GCF_001272755.1;protein_403,GCF_000733995.1;protein_480,GCF_002090215.1;protein_403,GCF_000319655.2;protein_406,GCF_009947575.1;protein_404,GCF_009945865.1;protein_407,GCF_009943805.1;protein_403,GCF_002090295.1;protein_403,,,,,,,
GCF_910574535.1;protein_402,GCF_002128045.1;protein_403,GCF_000319675.2;protein_404,GCF_000027345.1;protein_406,GCF_000283755.1;protein_407,GCF_002127985.1;protein_405,GCF_009947205.1;protein_404,GCF_041931765.1;protein_483,GCF_040256845.1;protein_405,GCF_002128265.1;protein_407,GCF_041931565.1;protein_598,GCF_009944725.1;protein_408,GCF_002128145.1;protein_403,GCF_001558175.1;protein_406,GCF_009942155.1;protein_406,GCF_041931755.1;protein_483,GCF_001272775.1;protein_406,GCF_009939765.1;protein_405,GCF_002355715.1;protein_406,GCF_900660465.1;protein_321,GCF_002128285.1;protein_406,GCF_009944335.1;protein_403,GCF_001272755.1;protein_404,GCF_000733995.1;protein_481,GCF_002090215.1;protein_404,GCF_000319655.2;protein_407,GCF_009947575.1;protein_405,GCF_009945865.1;protein_408,GCF_009943805.1;protein_404,GCF_002090295.1;protein_404,,,,,,,
GCF_910574535.1;protein_403,GCF_002128045.1;protein_404,GCF_000319675.2;protein_405,GCF_000027345.1;protein_407,GCF_000283755.1;protein_408,GCF_002127985.1;protein_406,GCF_009947205.1;protein_405,GCF_041931765.1;protein_484,GCF_040256845.1;protein_406,GCF_002128265.1;protein_408,GCF_041931565.1;protein_599,GCF_009944725.1;protein_409,GCF_002128145.1;protein_404,GCF_001558175.1;protein_407,GCF_009942155.1;protein_407,GCF_041931755.1;protein_484,GCF_001272775.1;protein_407,GCF_009939765.1;protein_406,GCF_002355715.1;protein_407,GCF_900660465.1;protein_320,GCF_002128285.1;protein_407,GCF_009944335.1;protein_404,GCF_001272755.1;protein_405,GCF_000733995.1;protein_482,GCF_002090215.1;protein_405,GCF_000319655.2;protein_408,GCF_009947575.1;protein_406,GCF_009945865.1;protein_409,GCF_009943805.1;protein_405,GCF_002090295.1;protein_405,,,,,,,
GCF_910574535.1;protein_404,GCF_002128045.1;protein_405,GCF_000319675.2;protein_406,GCF_000027345.1;protein_408,GCF_000283755.1;protein_409,GCF_002127985.1;protein_407,GCF_009947205.1;protein_406,GCF_041931765.1;protein_485,GCF_040256845.1;protein_407,GCF_002128265.1;protein_409,GCF_041931565.1;protein_600,GCF_009944725.1;protein_410,GCF_002128145.1;protein_405,GCF_001558175.1;protein_408,GCF_009942155.1;protein_408,GCF_041931755.1;protein_485,GCF_001272775.1;protein_408,GCF_009939765.1;protein_407,GCF_002355715.1;protein_408,GCF_900660465.1;protein_319,GCF_002128285.1;protein_408,GCF_009944335.1;protein_405,GCF_001272755.1;protein_406,GCF_000733995.1;protein_483,GCF_002090215.1;protein_406,GCF_000319655.2;protein_409,GCF_009947575.1;protein_407,GCF_009945865.1;protein_410,GCF_009943805.1;protein_406,GCF_002090295.1;protein_406,,,,,,,
GCF_910574535.1;protein_405,GCF_002128045.1;protein_406,GCF_000319675.2;protein_407,GCF_000027345.1;protein_409,GCF_000283755.1;protein_410,GCF_002127985.1;protein_408,GCF_009947205.1;protein_407,GCF_041931765.1;protein_486,GCF_040256845.1;protein_408,GCF_002128265.1;protein_410,GCF_041931565.1;protein_601,GCF_009944725.1;protein_411,GCF_002128145.1;protein_406,GCF_001558175.1;protein_409,GCF_009942155.1;protein_409,GCF_041931755.1;protein_486,GCF_001272775.1;protein_409,GCF_009939765.1;protein_408,GCF_002355715.1;protein_409,GCF_900660465.1;protein_318,GCF_002128285.1;protein_409,GCF_009944335.1;protein_406,GCF_001272755.1;protein_407,GCF_000733995.1;protein_484,GCF_002090215.1;protein_407,GCF_000319655.2;protein_410,GCF_009947575.1;protein_408,GCF_009945865.1;protein_411,GCF_009943805.1;protein_407,GCF_002090295.1;protein_407,,,,,,,
GCF_910574535.1;protein_406,GCF_002128045.1;protein_407,GCF_000319675.2;protein_408,GCF_000027345.1;protein_410,GCF_000283755.1;protein_411,GCF_002127985.1;protein_409,GCF_009947205.1;protein_408,GCF_041931765.1;protein_487,GCF_040256845.1;protein_409,GCF_002128265.1;protein_411,GCF_041931565.1;protein_602,GCF_009944725.1;protein_412,GCF_002128145.1;protein_407,GCF_001558175.1;protein_410,GCF_009942155.1;protein_410,GCF_041931755.1;protein_487,GCF_001272775.1;protein_410,GCF_009939765.1;protein_409,GCF_002355715.1;protein_410,GCF_900660465.1;protein_317,GCF_002128285.1;protein_410,GCF_009944335.1;protein_407,GCF_001272755.1;protein_408,GCF_000733995.1;protein_485,GCF_002090215.1;protein_408,GCF_000319655.2;protein_411,GCF_009947575.1;protein_409,GCF_009945865.1;protein_412,GCF_009943805.1;protein_408,GCF_002090295.1;protein_408,,,,,,,
GCF_910574535.1;protein_407,GCF_002128045.1;protein_408,GCF_000319675.2;protein_409,GCF_000027345.1;protein_411,GCF_000283755.1;protein_412,GCF_002127985.1;protein_410,GCF_009947205.1;protein_409,GCF_041931765.1;protein_488,GCF_040256845.1;protein_410,GCF_002128265.1;protein_412,GCF_041931565.1;protein_603,GCF_009944725.1;protein_413,GCF_002128145.1;protein_408,GCF_001558175.1;protein_411,GCF_009942155.1;protein_411,GCF_041931755.1;protein_488,GCF_001272775.1;protein_411,GCF_009939765.1;protein_410,GCF_002355715.1;protein_411,GCF_900660465.1;protein_316,GCF_002128285.1;protein_411,GCF_009944335.1;protein_408,GCF_001272755.1;protein_409,GCF_000733995.1;protein_486,GCF_002090215.1;protein_409,GCF_000319655.2;protein_412,GCF_009947575.1;protein_410,GCF_009945865.1;protein_413,GCF_009943805.1;protein_409,GCF_002090295.1;protein_409,,,,,,,
GCF_910574535.1;protein_408,GCF_002128045.1;protein_409,GCF_000319675.2;protein_410,GCF_000027345.1;protein_412,GCF_000283755.1;protein_413,GCF_002127985.1;protein_411,GCF_009947205.1;protein_410,GCF_041931765.1;protein_489,GCF_040256845.1;protein_411,GCF_002128265.1;protein_413,GCF_041931565.1;protein_604,GCF_009944725.1;protein_414,GCF_002128145.1;protein_409,GCF_001558175.1;protein_412,GCF_009942155.1;protein_412,GCF_041931755.1;protein_489,GCF_001272775.1;protein_412,GCF_009939765.1;protein_411,GCF_002355715.1;protein_412,GCF_900660465.1;protein_315,GCF_002128285.1;protein_412,GCF_009944335.1;protein_409,GCF_001272755.1;protein_410,GCF_000733995.1;protein_487,GCF_002090215.1;protein_410,GCF_000319655.2;protein_413,GCF_009947575.1;protein_411,GCF_009945865.1;protein_414,GCF_009943805.1;protein_410,GCF_002090295.1;protein_410,,,,,,,
GCF_910574535.1;protein_409,GCF_002128045.1;protein_410,GCF_000319675.2;protein_411,GCF_000027345.1;protein_413,GCF_000283755.1;protein_414,GCF_002127985.1;protein_412,GCF_009947205.1;protein_411,GCF_041931765.1;protein_490,GCF_040256845.1;protein_412,GCF_002128265.1;protein_414,GCF_041931565.1;protein_605,GCF_009944725.1;protein_415,GCF_002128145.1;protein_410,GCF_001558175.1;protein_413,GCF_009942155.1;protein_413,GCF_041931755.1;protein_490,GCF_001272775.1;protein_413,GCF_009939765.1;protein_412,GCF_002355715.1;protein_413,GCF_900660465.1;protein_314,GCF_002128285.1;protein_413,GCF_009944335.1;protein_410,GCF_001272755.1;protein_411,GCF_000733995.1;protein_488,GCF_002090215.1;protein_411,GCF_000319655.2;protein_414,GCF_009947575.1;protein_412,GCF_009945865.1;protein_415,GCF_009943805.1;protein_411,GCF_002090295.1;protein_411,,,,,,,
GCF_910574535.1;protein_41,GCF_002128045.1;protein_41,GCF_000319675.2;protein_41,GCF_000027345.1;protein_41,GCF_000283755.1;protein_41,GCF_002127985.1;protein_41,GCF_009947205.1;protein_41,GCF_041931765.1;protein_118,GCF_040256845.1;protein_41,GCF_002128265.1;protein_41,GCF_041931565.1;protein_237,GCF_009944725.1;protein_41,GCF_002128145.1;protein_41,GCF_001558175.1;protein_41,GCF_009942155.1;protein_41,GCF_041931755.1;protein_118,GCF_001272775.1;protein_41,GCF_009939765.1;protein_41,GCF_002355715.1;protein_41,GCF_900660465.1;protein_686,GCF_002128285.1;protein_41,GCF_009944335.1;protein_41,GCF_001272755.1;protein_41,GCF_000733995.1;protein_117,GCF_002090215.1;protein_41,GCF_000319655.2;protein_41,GCF_009947575.1;protein_41,GCF_009945865.1;protein_41,GCF_009943805.1;protein_41,GCF_002090295.1;protein_41,,,,,,,
GCF_910574535.1;protein_410,GCF_002128045.1;protein_411,GCF_000319675.2;protein_412,GCF_000027345.1;protein_414,GCF_000283755.1;protein_415,GCF_002127985.1;protein_413,GCF_009947205.1;protein_412,GCF_041931765.1;protein_491,GCF_040256845.1;protein_413,GCF_002128265.1;protein_415,GCF_041931565.1;protein_606,GCF_009944725.1;protein_416,GCF_002128145.1;protein_411,GCF_001558175.1;protein_414,GCF_009942155.1;protein_414,GCF_041931755.1;protein_491,GCF_001272775.1;protein_414,GCF_009939765.1;protein_413,GCF_002355715.1;protein_414,GCF_900660465.1;protein_313,GCF_002128285.1;protein_414,GCF_009944335.1;protein_411,GCF_001272755.1;protein_412,GCF_000733995.1;protein_489,GCF_002090215.1;protein_412,GCF_000319655.2;protein_415,GCF_009947575.1;protein_413,GCF_009945865.1;protein_416,GCF_009943805.1;protein_412,GCF_002090295.1;protein_412,,,,,,,
GCF_910574535.1;protein_411,GCF_002128045.1;protein_412,GCF_000319675.2;protein_413,GCF_000027345.1;protein_415,GCF_000283755.1;protein_416,GCF_002127985.1;protein_414,GCF_009947205.1;protein_413,GCF_041931765.1;protein_492,GCF_040256845.1;protein_414,GCF_002128265.1;protein_416,GCF_041931565.1;protein_607,GCF_009944725.1;protein_417,GCF_002128145.1;protein_412,GCF_001558175.1;protein_415,GCF_009942155.1;protein_415,GCF_041931755.1;protein_492,GCF_001272775.1;protein_415,GCF_009939765.1;protein_414,GCF_002355715.1;protein_415,GCF_900660465.1;protein_312,GCF_002128285.1;protein_415,GCF_009944335.1;protein_412,GCF_001272755.1;protein_413,GCF_000733995.1;protein_490,GCF_002090215.1;protein_413,GCF_000319655.2;protein_416,GCF_009947575.1;protein_414,GCF_009945865.1;protein_417,GCF_009943805.1;protein_413,GCF_002090295.1;protein_413,,,,,,,
GCF_910574535.1;protein_412,GCF_002128045.1;protein_413,GCF_000319675.2;protein_414,GCF_000027345.1;protein_416,GCF_000283755.1;protein_417,GCF_002127985.1;protein_415,GCF_009947205.1;protein_414,GCF_041931765.1;protein_493,GCF_040256845.1;protein_415,GCF_002128265.1;protein_417,GCF_041931565.1;protein_608,GCF_009944725.1;protein_418,GCF_002128145.1;protein_413,GCF_001558175.1;protein_416,GCF_009942155.1;protein_416,GCF_041931755.1;protein_493,GCF_001272775.1;protein_416,GCF_009939765.1;protein_415,GCF_002355715.1;protein_416,GCF_900660465.1;protein_311,GCF_002128285.1;protein_416,GCF_009944335.1;protein_413,GCF_001272755.1;protein_414,GCF_000733995.1;protein_491,GCF_002090215.1;protein_414,GCF_000319655.2;protein_417,GCF_009947575.1;protein_415,GCF_009945865.1;protein_418,GCF_009943805.1;protein_414,GCF_002090295.1;protein_414,,,,,,,
GCF_910574535.1;protein_413,GCF_002128045.1;protein_414,GCF_000319675.2;protein_415,GCF_000027345.1;protein_417,GCF_000283755.1;protein_418,GCF_002127985.1;protein_416,GCF_009947205.1;protein_415,GCF_041931765.1;protein_494,GCF_040256845.1;protein_416,GCF_002128265.1;protein_418,GCF_041931565.1;protein_609,GCF_009944725.1;protein_419,GCF_002128145.1;protein_414,GCF_001558175.1;protein_417,GCF_009942155.1;protein_417,GCF_041931755.1;protein_494,GCF_001272775.1;protein_417,GCF_009939765.1;protein_416,GCF_002355715.1;protein_417,GCF_900660465.1;protein_310,GCF_002128285.1;protein_417,GCF_009944335.1;protein_414,GCF_001272755.1;protein_415,GCF_000733995.1;protein_492,GCF_002090215.1;protein_415,GCF_000319655.2;protein_418,GCF_009947575.1;protein_416,GCF_009945865.1;protein_419,GCF_009943805.1;protein_415,GCF_002090295.1;protein_415,,,,,,,
GCF_910574535.1;protein_414,GCF_002128045.1;protein_415,GCF_000319675.2;protein_416,GCF_000027345.1;protein_418,GCF_000283755.1;protein_419,GCF_002127985.1;protein_417,GCF_009947205.1;protein_416,GCF_041931765.1;protein_495,GCF_040256845.1;protein_417,GCF_002128265.1;protein_419,GCF_041931565.1;protein_610,GCF_009944725.1;protein_420,GCF_002128145.1;protein_415,GCF_001558175.1;protein_418,GCF_009942155.1;protein_418,GCF_041931755.1;protein_495,GCF_001272775.1;protein_418,GCF_009939765.1;protein_417,GCF_002355715.1;protein_418,GCF_900660465.1;protein_309,GCF_002128285.1;protein_418,GCF_009944335.1;protein_415,GCF_001272755.1;protein_416,GCF_000733995.1;protein_493,GCF_002090215.1;protein_416,GCF_000319655.2;protein_419,GCF_009947575.1;protein_417,GCF_009945865.1;protein_420,GCF_009943805.1;protein_416,GCF_002090295.1;protein_416,,,,,,,
GCF_910574535.1;protein_415,GCF_002128045.1;protein_416,GCF_000319675.2;protein_417,GCF_000027345.1;protein_419,GCF_000283755.1;protein_420,GCF_002127985.1;protein_418,GCF_009947205.1;protein_417,GCF_041931765.1;protein_496,GCF_040256845.1;protein_418,GCF_002128265.1;protein_420,GCF_041931565.1;protein_611,GCF_009944725.1;protein_421,GCF_002128145.1;protein_416,GCF_001558175.1;protein_419,GCF_009942155.1;protein_419,GCF_041931755.1;protein_496,GCF_001272775.1;protein_419,GCF_009939765.1;protein_418,GCF_002355715.1;protein_419,GCF_900660465.1;protein_308,GCF_002128285.1;protein_419,GCF_009944335.1;protein_416,GCF_001272755.1;protein_417,GCF_000733995.1;protein_494,GCF_002090215.1;protein_417,GCF_000319655.2;protein_420,GCF_009947575.1;protein_418,GCF_009945865.1;protein_421,GCF_009943805.1;protein_417,GCF_002090295.1;protein_417,,,,,,,
GCF_910574535.1;protein_416,GCF_002128045.1;protein_417,GCF_000319675.2;protein_418,GCF_000027345.1;protein_420,GCF_000283755.1;protein_421,GCF_002127985.1;protein_419,GCF_009947205.1;protein_418,GCF_041931765.1;protein_497,GCF_040256845.1;protein_419,GCF_002128265.1;protein_421,GCF_041931565.1;protein_612,GCF_009944725.1;protein_422,GCF_002128145.1;protein_417,GCF_001558175.1;protein_420,GCF_009942155.1;protein_420,GCF_041931755.1;protein_497,GCF_001272775.1;protein_420,GCF_009939765.1;protein_419,GCF_002355715.1;protein_420,GCF_900660465.1;protein_307,GCF_002128285.1;protein_420,GCF_009944335.1;protein_417,GCF_001272755.1;protein_418,GCF_000733995.1;protein_495,GCF_002090215.1;protein_418,GCF_000319655.2;protein_421,GCF_009947575.1;protein_419,GCF_009945865.1;protein_422,GCF_009943805.1;protein_418,GCF_002090295.1;protein_418,,,,,,,
GCF_910574535.1;protein_417,GCF_002128045.1;protein_418,GCF_000319675.2;protein_419,GCF_000027345.1;protein_421,GCF_000283755.1;protein_422,GCF_002127985.1;protein_420,GCF_009947205.1;protein_419,GCF_041931765.1;protein_498,GCF_040256845.1;protein_420,GCF_002128265.1;protein_422,GCF_041931565.1;protein_613,GCF_009944725.1;protein_423,GCF_002128145.1;protein_418,GCF_001558175.1;protein_421,GCF_009942155.1;protein_421,GCF_041931755.1;protein_498,GCF_001272775.1;protein_421,GCF_009939765.1;protein_420,GCF_002355715.1;protein_421,GCF_900660465.1;protein_306,GCF_002128285.1;protein_421,GCF_009944335.1;protein_418,GCF_001272755.1;protein_419,GCF_000733995.1;protein_496,GCF_002090215.1;protein_419,GCF_000319655.2;protein_422,GCF_009947575.1;protein_420,GCF_009945865.1;protein_423,GCF_009943805.1;protein_419,GCF_002090295.1;protein_419,,,,,,,
GCF_910574535.1;protein_418,GCF_002128045.1;protein_419,GCF_000319675.2;protein_420,GCF_000027345.1;protein_422,GCF_000283755.1;protein_423,GCF_002127985.1;protein_421,GCF_009947205.1;protein_420,GCF_041931765.1;protein_499,GCF_040256845.1;protein_421,GCF_002128265.1;protein_423,GCF_041931565.1;protein_614,GCF_009944725.1;protein_424,GCF_002128145.1;protein_419,GCF_001558175.1;protein_422,GCF_009942155.1;protein_422,GCF_041931755.1;protein_499,GCF_001272775.1;protein_422,GCF_009939765.1;protein_421,GCF_002355715.1;protein_422,GCF_900660465.1;protein_305,GCF_002128285.1;protein_422,GCF_009944335.1;protein_419,GCF_001272755.1;protein_420,GCF_000733995.1;protein_497,GCF_002090215.1;protein_420,GCF_000319655.2;protein_423,GCF_009947575.1;protein_421,GCF_009945865.1;protein_424,GCF_009943805.1;protein_420,GCF_002090295.1;protein_420,,,,,,,
GCF_910574535.1;protein_419,GCF_002128045.1;protein_420,GCF_000319675.2;protein_421,GCF_000027345.1;protein_423,GCF_000283755.1;protein_424,GCF_002127985.1;protein_422,GCF_009947205.1;protein_421,GCF_041931765.1;protein_500,GCF_040256845.1;protein_422,GCF_002128265.1;protein_424,GCF_041931565.1;protein_615,GCF_009944725.1;protein_425,GCF_002128145.1;protein_420,GCF_001558175.1;protein_423,GCF_009942155.1;protein_423,GCF_041931755.1;protein_500,GCF_001272775.1;protein_423,GCF_009939765.1;protein_422,GCF_002355715.1;protein_423,GCF_900660465.1;protein_304,GCF_002128285.1;protein_423,GCF_009944335.1;protein_420,GCF_001272755.1;protein_421,GCF_000733995.1;protein_498,GCF_002090215.1;protein_421,GCF_000319655.2;protein_424,GCF_009947575.1;protein_422,GCF_009945865.1;protein_425,GCF_009943805.1;protein_421,GCF_002090295.1;protein_421,,,,,,,
GCF_910574535.1;protein_42,GCF_002128045.1;protein_42,GCF_000319675.2;protein_42,GCF_000027345.1;protein_42,GCF_000283755.1;protein_42,GCF_002127985.1;protein_42,GCF_009947205.1;protein_42,GCF_041931765.1;protein_119,GCF_040256845.1;protein_42,GCF_002128265.1;protein_42,GCF_041931565.1;protein_238,GCF_009944725.1;protein_42,GCF_002128145.1;protein_42,GCF_001558175.1;protein_42,GCF_009942155.1;protein_42,GCF_041931755.1;protein_119,GCF_001272775.1;protein_42,GCF_009939765.1;protein_42,GCF_002355715.1;protein_42,GCF_900660465.1;protein_685,GCF_002128285.1;protein_42,GCF_009944335.1;protein_42,GCF_001272755.1;protein_42,GCF_000733995.1;protein_118,GCF_002090215.1;protein_42,GCF_000319655.2;protein_42,GCF_009947575.1;protein_42,GCF_009945865.1;protein_42,GCF_009943805.1;protein_42,GCF_002090295.1;protein_42,,,,,,,
GCF_910574535.1;protein_420,GCF_002128045.1;protein_421,GCF_000319675.2;protein_422,GCF_000027345.1;protein_424,GCF_000283755.1;protein_425,GCF_002127985.1;protein_423,GCF_009947205.1;protein_422,GCF_041931765.1;protein_501,GCF_040256845.1;protein_423,GCF_002128265.1;protein_425,GCF_041931565.1;protein_616,GCF_009944725.1;protein_426,GCF_002128145.1;protein_421,GCF_001558175.1;protein_424,GCF_009942155.1;protein_424,GCF_041931755.1;protein_501,GCF_001272775.1;protein_424,GCF_009939765.1;protein_423,GCF_002355715.1;protein_424,GCF_900660465.1;protein_303,GCF_002128285.1;protein_424,GCF_009944335.1;protein_421,GCF_001272755.1;protein_422,GCF_000733995.1;protein_499,GCF_002090215.1;protein_422,GCF_000319655.2;protein_425,GCF_009947575.1;protein_423,GCF_009945865.1;protein_426,GCF_009943805.1;protein_422,GCF_002090295.1;protein_422,,,,,,,
GCF_910574535.1;protein_421,GCF_002128045.1;protein_422,GCF_000319675.2;protein_423,GCF_000027345.1;protein_425,GCF_000283755.1;protein_426,GCF_002127985.1;protein_424,GCF_009947205.1;protein_423,GCF_041931765.1;protein_502,GCF_040256845.1;protein_424,GCF_002128265.1;protein_426,GCF_041931565.1;protein_617,GCF_009944725.1;protein_427,GCF_002128145.1;protein_422,GCF_001558175.1;protein_425,GCF_009942155.1;protein_425,GCF_041931755.1;protein_502,GCF_001272775.1;protein_425,GCF_009939765.1;protein_424,GCF_002355715.1;protein_425,GCF_900660465.1;protein_302,GCF_002128285.1;protein_425,GCF_009944335.1;protein_422,GCF_001272755.1;protein_423,GCF_000733995.1;protein_500,GCF_002090215.1;protein_423,GCF_000319655.2;protein_426,GCF_009947575.1;protein_424,GCF_009945865.1;protein_427,GCF_009943805.1;protein_423,GCF_002090295.1;protein_423,,,,,,,
GCF_910574535.1;protein_422,GCF_002128045.1;protein_423,GCF_000319675.2;protein_424,GCF_000027345.1;protein_426,GCF_000283755.1;protein_427,GCF_002127985.1;protein_425,GCF_009947205.1;protein_424,GCF_041931765.1;protein_503,GCF_040256845.1;protein_425,GCF_002128265.1;protein_427,GCF_041931565.1;protein_618,GCF_009944725.1;protein_428,GCF_002128145.1;protein_423,GCF_001558175.1;protein_426,GCF_009942155.1;protein_426,GCF_041931755.1;protein_503,GCF_001272775.1;protein_426,GCF_009939765.1;protein_425,GCF_002355715.1;protein_426,GCF_900660465.1;protein_301,GCF_002128285.1;protein_426,GCF_009944335.1;protein_423,GCF_001272755.1;protein_424,GCF_000733995.1;protein_501,GCF_002090215.1;protein_424,GCF_000319655.2;protein_427,GCF_009947575.1;protein_425,GCF_009945865.1;protein_428,GCF_009943805.1;protein_424,GCF_002090295.1;protein_424,,,,,,,
GCF_910574535.1;protein_423,GCF_002128045.1;protein_424,GCF_000319675.2;protein_425,GCF_000027345.1;protein_427,GCF_000283755.1;protein_428,GCF_002127985.1;protein_426,GCF_009947205.1;protein_425,GCF_041931765.1;protein_504,GCF_040256845.1;protein_426,GCF_002128265.1;protein_428,GCF_041931565.1;protein_619,GCF_009944725.1;protein_429,GCF_002128145.1;protein_424,GCF_001558175.1;protein_427,GCF_009942155.1;protein_427,GCF_041931755.1;protein_504,GCF_001272775.1;protein_427,GCF_009939765.1;protein_426,GCF_002355715.1;protein_427,GCF_900660465.1;protein_300,GCF_002128285.1;protein_427,GCF_009944335.1;protein_424,GCF_001272755.1;protein_425,GCF_000733995.1;protein_502,GCF_002090215.1;protein_425,GCF_000319655.2;protein_428,GCF_009947575.1;protein_426,GCF_009945865.1;protein_429,GCF_009943805.1;protein_425,GCF_002090295.1;protein_425,,,,,,,
GCF_910574535.1;protein_424,GCF_002128045.1;protein_425,GCF_000319675.2;protein_426,GCF_000027345.1;protein_428,GCF_000283755.1;protein_429,GCF_002127985.1;protein_427,GCF_009947205.1;protein_426,GCF_041931765.1;protein_505,GCF_040256845.1;protein_427,GCF_002128265.1;protein_429,GCF_041931565.1;protein_620,GCF_009944725.1;protein_430,GCF_002128145.1;protein_425,GCF_001558175.1;protein_428,GCF_009942155.1;protein_428,GCF_041931755.1;protein_505,GCF_001272775.1;protein_428,GCF_009939765.1;protein_427,GCF_002355715.1;protein_428,GCF_900660465.1;protein_299,GCF_002128285.1;protein_428,GCF_009944335.1;protein_425,GCF_001272755.1;protein_426,GCF_000733995.1;protein_503,GCF_002090215.1;protein_426,GCF_000319655.2;protein_429,GCF_009947575.1;protein_427,GCF_009945865.1;protein_430,GCF_009943805.1;protein_426,GCF_002090295.1;protein_426,,,,,,,
GCF_910574535.1;protein_425,GCF_002128045.1;protein_426,GCF_000319675.2;protein_427,GCF_000027345.1;protein_429,GCF_000283755.1;protein_430,GCF_002127985.1;protein_428,GCF_009947205.1;protein_427,GCF_041931765.1;protein_506,GCF_040256845.1;protein_428,GCF_002128265.1;protein_430,GCF_041931565.1;protein_621,GCF_009944725.1;protein_431,GCF_002128145.1;protein_426,GCF_001558175.1;protein_429,GCF_009942155.1;protein_429,GCF_041931755.1;protein_506,GCF_001272775.1;protein_429,GCF_009939765.1;protein_428,GCF_002355715.1;protein_429,GCF_900660465.1;protein_298,GCF_002128285.1;protein_429,GCF_009944335.1;protein_426,GCF_001272755.1;protein_427,GCF_000733995.1;protein_504,GCF_002090215.1;protein_427,GCF_000319655.2;protein_430,GCF_009947575.1;protein_428,GCF_009945865.1;protein_431,GCF_009943805.1;protein_427,GCF_002090295.1;protein_427,,,,,,,
GCF_910574535.1;protein_426,GCF_002128045.1;protein_427,GCF_000319675.2;protein_428,GCF_000027345.1;protein_430,GCF_000283755.1;protein_431,GCF_002127985.1;protein_429,GCF_009947205.1;protein_428,GCF_041931765.1;protein_507,GCF_040256845.1;protein_429,GCF_002128265.1;protein_431,GCF_041931565.1;protein_622,GCF_009944725.1;protein_432,GCF_002128145.1;protein_427,GCF_001558175.1;protein_430,GCF_009942155.1;protein_430,GCF_041931755.1;protein_507,GCF_001272775.1;protein_430,GCF_009939765.1;protein_429,GCF_002355715.1;protein_430,GCF_900660465.1;protein_297,GCF_002128285.1;protein_430,GCF_009944335.1;protein_427,GCF_001272755.1;protein_428,GCF_000733995.1;protein_505,GCF_002090215.1;protein_428,GCF_000319655.2;protein_431,GCF_009947575.1;protein_429,GCF_009945865.1;protein_432,GCF_009943805.1;protein_428,GCF_002090295.1;protein_428,,,,,,,
GCF_910574535.1;protein_427,GCF_002128045.1;protein_428,GCF_000319675.2;protein_429,GCF_000027345.1;protein_431,GCF_000283755.1;protein_157,GCF_002127985.1;protein_430,GCF_009947205.1;protein_429,GCF_041931765.1;protein_508,GCF_040256845.1;protein_430,GCF_002128265.1;protein_156,GCF_041931565.1;protein_623,GCF_009944725.1;protein_157,GCF_002128145.1;protein_428,GCF_001558175.1;protein_431,GCF_009942155.1;protein_156,GCF_041931755.1;protein_508,GCF_001272775.1;protein_431,GCF_009939765.1;protein_430,GCF_002355715.1;protein_156,,GCF_002128285.1;protein_157,GCF_009944335.1;protein_428,GCF_001272755.1;protein_429,GCF_000733995.1;protein_506,GCF_002090215.1;protein_429,GCF_000319655.2;protein_157,GCF_009947575.1;protein_430,GCF_009945865.1;protein_158,GCF_009943805.1;protein_429,GCF_002090295.1;protein_429,,,,,,,
GCF_910574535.1;protein_43,GCF_002128045.1;protein_43,GCF_000319675.2;protein_43,GCF_000027345.1;protein_43,GCF_000283755.1;protein_43,GCF_002127985.1;protein_43,GCF_009947205.1;protein_43,GCF_041931765.1;protein_120,GCF_040256845.1;protein_43,GCF_002128265.1;protein_43,GCF_041931565.1;protein_239,GCF_009944725.1;protein_43,GCF_002128145.1;protein_43,GCF_001558175.1;protein_43,GCF_009942155.1;protein_43,GCF_041931755.1;protein_120,GCF_001272775.1;protein_43,GCF_009939765.1;protein_43,GCF_002355715.1;protein_43,GCF_900660465.1;protein_684,GCF_002128285.1;protein_43,GCF_009944335.1;protein_43,GCF_001272755.1;protein_43,GCF_000733995.1;protein_119,GCF_002090215.1;protein_43,GCF_000319655.2;protein_43,GCF_009947575.1;protein_43,GCF_009945865.1;protein_43,GCF_009943805.1;protein_43,GCF_002090295.1;protein_43,,,,,,,
GCF_910574535.1;protein_430,GCF_002128045.1;protein_432,GCF_000319675.2;protein_432,GCF_000027345.1;protein_434,GCF_000283755.1;protein_435,GCF_002127985.1;protein_433,GCF_009947205.1;protein_432,GCF_041931765.1;protein_512,GCF_040256845.1;protein_434,GCF_002128265.1;protein_435,GCF_041931565.1;protein_627,GCF_009944725.1;protein_436,GCF_002128145.1;protein_432,GCF_001558175.1;protein_435,GCF_009942155.1;protein_434,GCF_041931755.1;protein_512,GCF_001272775.1;protein_435,GCF_009939765.1;protein_434,GCF_002355715.1;protein_434,GCF_900660465.1;protein_293,GCF_002128285.1;protein_433,GCF_009944335.1;protein_432,GCF_001272755.1;protein_433,GCF_000733995.1;protein_510,GCF_002090215.1;protein_432,GCF_000319655.2;protein_435,GCF_009947575.1;protein_433,GCF_009945865.1;protein_436,GCF_009943805.1;protein_433,GCF_002090295.1;protein_432,,,,,,,
GCF_910574535.1;protein_431,GCF_002128045.1;protein_433,GCF_000319675.2;protein_433,GCF_000027345.1;protein_435,GCF_000283755.1;protein_436,GCF_002127985.1;protein_434,GCF_009947205.1;protein_433,GCF_041931765.1;protein_513,GCF_040256845.1;protein_435,GCF_002128265.1;protein_436,GCF_041931565.1;protein_628,GCF_009944725.1;protein_437,GCF_002128145.1;protein_433,GCF_001558175.1;protein_436,GCF_009942155.1;protein_435,GCF_041931755.1;protein_513,GCF_001272775.1;protein_436,GCF_009939765.1;protein_435,GCF_002355715.1;protein_435,GCF_900660465.1;protein_292,GCF_002128285.1;protein_434,GCF_009944335.1;protein_433,GCF_001272755.1;protein_434,GCF_000733995.1;protein_511,GCF_002090215.1;protein_433,GCF_000319655.2;protein_436,,GCF_009945865.1;protein_437,GCF_009943805.1;protein_434,GCF_002090295.1;protein_433,,,,,,,
GCF_002128045.1;protein_435,GCF_002128145.1;protein_435,GCF_910574535.1;protein_520,GCF_009939765.1;protein_437,GCF_001272775.1;protein_438,GCF_041931765.1;protein_515,GCF_002127985.1;protein_436,GCF_041931755.1;protein_515,GCF_041931565.1;protein_630,,GCF_009947575.1;protein_436,GCF_009944335.1;protein_435,GCF_040256845.1;protein_437,GCF_001558175.1;protein_438,GCF_900660465.1;protein_290,GCF_000027345.1;protein_437,GCF_009943805.1;protein_436,GCF_910574535.1;protein_433,GCF_000319675.2;protein_435,,,,,,,,,,,,,,,,,,
GCF_910574535.1;protein_434,GCF_002128045.1;protein_436,GCF_000319675.2;protein_436,GCF_000027345.1;protein_438,GCF_000283755.1;protein_439,GCF_002127985.1;protein_437,GCF_009947205.1;protein_436,GCF_041931765.1;protein_516,GCF_040256845.1;protein_438,GCF_002128265.1;protein_439,GCF_041931565.1;protein_631,GCF_009944725.1;protein_440,GCF_002128145.1;protein_436,GCF_001558175.1;protein_439,GCF_009942155.1;protein_438,GCF_041931755.1;protein_516,GCF_001272775.1;protein_439,GCF_009939765.1;protein_438,GCF_002355715.1;protein_438,GCF_900660465.1;protein_289,GCF_002128285.1;protein_437,GCF_009944335.1;protein_436,GCF_001272755.1;protein_437,GCF_000733995.1;protein_514,GCF_002090215.1;protein_436,GCF_000319655.2;protein_439,GCF_009947575.1;protein_437,GCF_009945865.1;protein_440,GCF_009943805.1;protein_437,GCF_002090295.1;protein_436,,,,,,,
GCF_910574535.1;protein_435,GCF_002128045.1;protein_437,GCF_000319675.2;protein_437,GCF_000027345.1;protein_439,GCF_000283755.1;protein_440,GCF_002127985.1;protein_438,GCF_009947205.1;protein_437,GCF_041931765.1;protein_517,GCF_040256845.1;protein_439,GCF_002128265.1;protein_440,GCF_041931565.1;protein_632,GCF_009944725.1;protein_441,GCF_002128145.1;protein_437,GCF_001558175.1;protein_440,GCF_009942155.1;protein_439,GCF_041931755.1;protein_517,GCF_001272775.1;protein_440,GCF_009939765.1;protein_439,GCF_002355715.1;protein_439,GCF_900660465.1;protein_288,GCF_002128285.1;protein_438,GCF_009944335.1;protein_437,GCF_001272755.1;protein_438,GCF_000733995.1;protein_515,GCF_002090215.1;protein_437,GCF_000319655.2;protein_440,GCF_009947575.1;protein_438,GCF_009945865.1;protein_441,GCF_009943805.1;protein_438,GCF_002090295.1;protein_437,,,,,,,
GCF_910574535.1;protein_436,GCF_002128045.1;protein_438,GCF_000319675.2;protein_438,GCF_000027345.1;protein_440,GCF_000283755.1;protein_441,GCF_002127985.1;protein_439,GCF_009947205.1;protein_438,GCF_041931765.1;protein_518,GCF_040256845.1;protein_440,GCF_002128265.1;protein_441,GCF_041931565.1;protein_633,GCF_009944725.1;protein_442,GCF_002128145.1;protein_438,GCF_001558175.1;protein_441,GCF_009942155.1;protein_440,GCF_041931755.1;protein_518,GCF_001272775.1;protein_441,GCF_009939765.1;protein_440,GCF_002355715.1;protein_440,GCF_900660465.1;protein_287,GCF_002128285.1;protein_439,GCF_009944335.1;protein_438,GCF_001272755.1;protein_439,GCF_000733995.1;protein_516,GCF_002090215.1;protein_438,GCF_000319655.2;protein_441,GCF_009947575.1;protein_439,GCF_009945865.1;protein_442,GCF_009943805.1;protein_439,GCF_002090295.1;protein_438,,,,,,,
GCF_910574535.1;protein_437,GCF_002128045.1;protein_439,GCF_000319675.2;protein_439,GCF_000027345.1;protein_441,GCF_000283755.1;protein_442,GCF_002127985.1;protein_440,GCF_009947205.1;protein_439,GCF_041931765.1;protein_519,GCF_040256845.1;protein_441,GCF_002128265.1;protein_442,GCF_041931565.1;protein_634,GCF_009944725.1;protein_443,GCF_002128145.1;protein_439,GCF_001558175.1;protein_442,GCF_009942155.1;protein_441,GCF_041931755.1;protein_519,GCF_001272775.1;protein_442,GCF_009939765.1;protein_441,GCF_002355715.1;protein_441,GCF_900660465.1;protein_286,GCF_002128285.1;protein_440,GCF_009944335.1;protein_439,GCF_001272755.1;protein_440,GCF_000733995.1;protein_517,GCF_002090215.1;protein_439,GCF_000319655.2;protein_442,GCF_009947575.1;protein_440,GCF_009945865.1;protein_443,GCF_009943805.1;protein_440,GCF_002090295.1;protein_439,,,,,,,
GCF_910574535.1;protein_438,GCF_002128045.1;protein_440,GCF_000319675.2;protein_440,GCF_000027345.1;protein_442,GCF_000283755.1;protein_443,GCF_002127985.1;protein_441,GCF_009947205.1;protein_440,GCF_041931765.1;protein_520,GCF_040256845.1;protein_442,GCF_002128265.1;protein_443,GCF_041931565.1;protein_635,GCF_009944725.1;protein_444,GCF_002128145.1;protein_440,GCF_001558175.1;protein_443,GCF_009942155.1;protein_442,GCF_041931755.1;protein_520,GCF_001272775.1;protein_443,GCF_009939765.1;protein_442,GCF_002355715.1;protein_442,GCF_900660465.1;protein_285,GCF_002128285.1;protein_441,GCF_009944335.1;protein_440,GCF_001272755.1;protein_441,GCF_000733995.1;protein_518,GCF_002090215.1;protein_440,GCF_000319655.2;protein_443,GCF_009947575.1;protein_441,GCF_009945865.1;protein_444,GCF_009943805.1;protein_441,GCF_002090295.1;protein_440,,,,,,,
GCF_910574535.1;protein_439,GCF_002128045.1;protein_441,GCF_000319675.2;protein_441,GCF_000027345.1;protein_443,GCF_000283755.1;protein_444,GCF_002127985.1;protein_442,GCF_009947205.1;protein_441,GCF_041931765.1;protein_521,GCF_040256845.1;protein_443,GCF_002128265.1;protein_444,GCF_041931565.1;protein_636,GCF_009944725.1;protein_445,GCF_002128145.1;protein_441,GCF_001558175.1;protein_444,GCF_009942155.1;protein_443,GCF_041931755.1;protein_521,GCF_001272775.1;protein_444,GCF_009939765.1;protein_443,GCF_002355715.1;protein_443,GCF_900660465.1;protein_284,GCF_002128285.1;protein_442,GCF_009944335.1;protein_441,GCF_001272755.1;protein_442,GCF_000733995.1;protein_519,GCF_002090215.1;protein_441,GCF_000319655.2;protein_444,GCF_009947575.1;protein_442,GCF_009945865.1;protein_445,GCF_009943805.1;protein_442,GCF_002090295.1;protein_441,,,,,,,
GCF_910574535.1;protein_44,GCF_002128045.1;protein_44,GCF_000319675.2;protein_44,GCF_000027345.1;protein_44,GCF_000283755.1;protein_44,GCF_002127985.1;protein_44,GCF_009947205.1;protein_44,GCF_041931765.1;protein_121,GCF_040256845.1;protein_44,GCF_002128265.1;protein_44,GCF_041931565.1;protein_240,GCF_009944725.1;protein_44,GCF_002128145.1;protein_44,GCF_001558175.1;protein_44,GCF_009942155.1;protein_44,GCF_041931755.1;protein_121,GCF_001272775.1;protein_44,GCF_009939765.1;protein_44,GCF_002355715.1;protein_44,GCF_900660465.1;protein_683,GCF_002128285.1;protein_44,GCF_009944335.1;protein_44,GCF_001272755.1;protein_44,GCF_000733995.1;protein_120,GCF_002090215.1;protein_44,GCF_000319655.2;protein_44,GCF_009947575.1;protein_44,GCF_009945865.1;protein_44,GCF_009943805.1;protein_44,GCF_002090295.1;protein_44,,,,,,,
GCF_910574535.1;protein_440,GCF_002128045.1;protein_442,GCF_000319675.2;protein_442,GCF_000027345.1;protein_444,GCF_000283755.1;protein_445,GCF_002127985.1;protein_443,GCF_009947205.1;protein_442,GCF_041931765.1;protein_522,GCF_040256845.1;protein_444,GCF_002128265.1;protein_445,GCF_041931565.1;protein_637,GCF_009944725.1;protein_446,GCF_002128145.1;protein_442,GCF_001558175.1;protein_445,GCF_009942155.1;protein_444,GCF_041931755.1;protein_522,GCF_001272775.1;protein_445,GCF_009939765.1;protein_444,GCF_002355715.1;protein_444,GCF_900660465.1;protein_283,GCF_002128285.1;protein_443,GCF_009944335.1;protein_442,GCF_001272755.1;protein_443,GCF_000733995.1;protein_520,GCF_002090215.1;protein_442,GCF_000319655.2;protein_445,GCF_009947575.1;protein_443,GCF_009945865.1;protein_446,GCF_009943805.1;protein_443,GCF_002090295.1;protein_442,,,,,,,
GCF_910574535.1;protein_441,GCF_002128045.1;protein_443,GCF_000319675.2;protein_443,GCF_000027345.1;protein_445,GCF_000283755.1;protein_446,GCF_002127985.1;protein_444,GCF_009947205.1;protein_443,GCF_041931765.1;protein_523,GCF_040256845.1;protein_445,GCF_002128265.1;protein_446,GCF_041931565.1;protein_638,GCF_009944725.1;protein_447,GCF_002128145.1;protein_443,GCF_001558175.1;protein_446,GCF_009942155.1;protein_445,GCF_041931755.1;protein_523,GCF_001272775.1;protein_446,GCF_009939765.1;protein_445,GCF_002355715.1;protein_445,GCF_900660465.1;protein_282,GCF_002128285.1;protein_444,GCF_009944335.1;protein_443,GCF_001272755.1;protein_444,GCF_000733995.1;protein_521,GCF_002090215.1;protein_443,GCF_000319655.2;protein_446,GCF_009947575.1;protein_444,GCF_009945865.1;protein_447,GCF_009943805.1;protein_444,GCF_002090295.1;protein_443,,,,,,,
GCF_910574535.1;protein_442,GCF_002128045.1;protein_444,GCF_000319675.2;protein_444,GCF_000027345.1;protein_446,GCF_000283755.1;protein_447,GCF_002127985.1;protein_445,GCF_009947205.1;protein_444,GCF_041931765.1;protein_524,GCF_040256845.1;protein_446,GCF_002128265.1;protein_447,GCF_041931565.1;protein_639,GCF_009944725.1;protein_448,GCF_002128145.1;protein_444,GCF_001558175.1;protein_447,GCF_009942155.1;protein_446,GCF_041931755.1;protein_524,GCF_001272775.1;protein_447,GCF_009939765.1;protein_446,GCF_002355715.1;protein_446,GCF_900660465.1;protein_281,GCF_002128285.1;protein_445,GCF_009944335.1;protein_444,GCF_001272755.1;protein_445,GCF_000733995.1;protein_522,GCF_002090215.1;protein_444,GCF_000319655.2;protein_447,GCF_009947575.1;protein_445,GCF_009945865.1;protein_448,GCF_009943805.1;protein_445,GCF_002090295.1;protein_444,,,,,,,
GCF_910574535.1;protein_443,GCF_002128045.1;protein_445,GCF_000319675.2;protein_445,GCF_000027345.1;protein_447,GCF_000283755.1;protein_448,GCF_002127985.1;protein_446,GCF_009947205.1;protein_445,GCF_041931765.1;protein_525,GCF_040256845.1;protein_447,GCF_002128265.1;protein_448,GCF_041931565.1;protein_640,GCF_009944725.1;protein_449,GCF_002128145.1;protein_445,GCF_001558175.1;protein_448,GCF_009942155.1;protein_447,GCF_041931755.1;protein_525,GCF_001272775.1;protein_448,GCF_009939765.1;protein_447,GCF_002355715.1;protein_447,GCF_900660465.1;protein_280,GCF_002128285.1;protein_446,GCF_009944335.1;protein_445,GCF_001272755.1;protein_446,GCF_000733995.1;protein_523,GCF_002090215.1;protein_445,GCF_000319655.2;protein_448,GCF_009947575.1;protein_446,GCF_009945865.1;protein_449,GCF_009943805.1;protein_446,GCF_002090295.1;protein_445,,,,,,,
GCF_910574535.1;protein_444,GCF_002128045.1;protein_446,GCF_000319675.2;protein_446,GCF_000027345.1;protein_448,GCF_000283755.1;protein_449,GCF_002127985.1;protein_447,GCF_009947205.1;protein_446,GCF_041931765.1;protein_526,GCF_040256845.1;protein_448,GCF_002128265.1;protein_449,GCF_041931565.1;protein_641,GCF_009944725.1;protein_450,GCF_002128145.1;protein_446,GCF_001558175.1;protein_449,GCF_009942155.1;protein_448,GCF_041931755.1;protein_526,GCF_001272775.1;protein_449,GCF_009939765.1;protein_448,GCF_002355715.1;protein_448,GCF_900660465.1;protein_279,GCF_002128285.1;protein_447,GCF_009944335.1;protein_446,GCF_001272755.1;protein_447,GCF_000733995.1;protein_524,GCF_002090215.1;protein_446,GCF_000319655.2;protein_449,GCF_009947575.1;protein_447,GCF_009945865.1;protein_450,GCF_009943805.1;protein_447,GCF_002090295.1;protein_446,,,,,,,
GCF_910574535.1;protein_445,GCF_002128045.1;protein_447,GCF_000319675.2;protein_447,GCF_000027345.1;protein_449,GCF_000283755.1;protein_450,GCF_002127985.1;protein_448,GCF_009947205.1;protein_447,GCF_041931765.1;protein_527,GCF_040256845.1;protein_449,GCF_002128265.1;protein_450,GCF_041931565.1;protein_642,GCF_009944725.1;protein_451,GCF_002128145.1;protein_447,GCF_001558175.1;protein_450,GCF_009942155.1;protein_449,GCF_041931755.1;protein_527,GCF_001272775.1;protein_450,GCF_009939765.1;protein_449,GCF_002355715.1;protein_449,GCF_900660465.1;protein_278,GCF_002128285.1;protein_448,GCF_009944335.1;protein_447,GCF_001272755.1;protein_448,GCF_000733995.1;protein_525,GCF_002090215.1;protein_447,GCF_000319655.2;protein_450,GCF_009947575.1;protein_448,GCF_009945865.1;protein_451,GCF_009943805.1;protein_448,GCF_002090295.1;protein_447,,,,,,,
GCF_910574535.1;protein_446,GCF_002128045.1;protein_448,GCF_000319675.2;protein_448,GCF_000027345.1;protein_450,GCF_000283755.1;protein_451,GCF_002127985.1;protein_449,GCF_009947205.1;protein_448,GCF_041931765.1;protein_528,GCF_040256845.1;protein_450,GCF_002128265.1;protein_451,GCF_041931565.1;protein_643,GCF_009944725.1;protein_452,GCF_002128145.1;protein_448,GCF_001558175.1;protein_451,GCF_009942155.1;protein_450,GCF_041931755.1;protein_528,GCF_001272775.1;protein_451,GCF_009939765.1;protein_450,GCF_002355715.1;protein_450,GCF_900660465.1;protein_277,GCF_002128285.1;protein_449,GCF_009944335.1;protein_448,GCF_001272755.1;protein_449,GCF_000733995.1;protein_526,GCF_002090215.1;protein_448,GCF_000319655.2;protein_451,GCF_009947575.1;protein_449,GCF_009945865.1;protein_452,GCF_009943805.1;protein_449,GCF_002090295.1;protein_448,,,,,,,
GCF_910574535.1;protein_447,GCF_002128045.1;protein_449,GCF_000319675.2;protein_449,GCF_000027345.1;protein_451,GCF_000283755.1;protein_452,GCF_002127985.1;protein_450,GCF_009947205.1;protein_449,GCF_041931765.1;protein_529,GCF_040256845.1;protein_451,GCF_002128265.1;protein_452,GCF_041931565.1;protein_644,GCF_009944725.1;protein_453,GCF_002128145.1;protein_449,GCF_001558175.1;protein_452,GCF_009942155.1;protein_451,GCF_041931755.1;protein_529,GCF_001272775.1;protein_452,GCF_009939765.1;protein_451,GCF_002355715.1;protein_451,GCF_900660465.1;protein_276,GCF_002128285.1;protein_450,GCF_009944335.1;protein_449,GCF_001272755.1;protein_450,GCF_000733995.1;protein_527,GCF_002090215.1;protein_449,GCF_000319655.2;protein_452,GCF_009947575.1;protein_450,GCF_009945865.1;protein_453,GCF_009943805.1;protein_450,GCF_002090295.1;protein_449,,,,,,,
GCF_910574535.1;protein_448,GCF_002128045.1;protein_450,GCF_000319675.2;protein_450,GCF_000027345.1;protein_452,GCF_000283755.1;protein_453,GCF_002127985.1;protein_451,GCF_009947205.1;protein_450,GCF_041931765.1;protein_530,GCF_040256845.1;protein_452,GCF_002128265.1;protein_453,GCF_041931565.1;protein_645,GCF_009944725.1;protein_454,GCF_002128145.1;protein_450,GCF_001558175.1;protein_453,GCF_009942155.1;protein_452,GCF_041931755.1;protein_530,GCF_001272775.1;protein_453,GCF_009939765.1;protein_452,GCF_002355715.1;protein_452,GCF_900660465.1;protein_275,GCF_002128285.1;protein_451,GCF_009944335.1;protein_450,GCF_001272755.1;protein_451,GCF_000733995.1;protein_528,GCF_002090215.1;protein_450,GCF_000319655.2;protein_453,GCF_009947575.1;protein_451,GCF_009945865.1;protein_454,GCF_009943805.1;protein_451,GCF_002090295.1;protein_450,,,,,,,
GCF_910574535.1;protein_449,GCF_002128045.1;protein_451,GCF_000319675.2;protein_451,GCF_000027345.1;protein_453,GCF_000283755.1;protein_454,GCF_002127985.1;protein_452,GCF_009947205.1;protein_451,GCF_041931765.1;protein_531,GCF_040256845.1;protein_453,GCF_002128265.1;protein_454,GCF_041931565.1;protein_646,GCF_009944725.1;protein_455,GCF_002128145.1;protein_451,GCF_001558175.1;protein_454,GCF_009942155.1;protein_453,GCF_041931755.1;protein_531,GCF_001272775.1;protein_454,GCF_009939765.1;protein_453,GCF_002355715.1;protein_453,GCF_900660465.1;protein_274,GCF_002128285.1;protein_452,GCF_009944335.1;protein_451,GCF_001272755.1;protein_452,GCF_000733995.1;protein_529,GCF_002090215.1;protein_451,GCF_000319655.2;protein_454,GCF_009947575.1;protein_452,GCF_009945865.1;protein_455,GCF_009943805.1;protein_452,GCF_002090295.1;protein_451,,,,,,,
GCF_910574535.1;protein_45,GCF_002128045.1;protein_45,GCF_000319675.2;protein_45,GCF_000027345.1;protein_45,GCF_000283755.1;protein_45,GCF_002127985.1;protein_45,GCF_009947205.1;protein_45,GCF_041931765.1;protein_122,GCF_040256845.1;protein_45,GCF_002128265.1;protein_45,GCF_041931565.1;protein_241,GCF_009944725.1;protein_45,GCF_002128145.1;protein_45,GCF_001558175.1;protein_45,GCF_009942155.1;protein_45,GCF_041931755.1;protein_122,GCF_001272775.1;protein_45,GCF_009939765.1;protein_45,GCF_002355715.1;protein_45,GCF_900660465.1;protein_682,GCF_002128285.1;protein_45,GCF_009944335.1;protein_45,GCF_001272755.1;protein_45,GCF_000733995.1;protein_121,GCF_002090215.1;protein_45,GCF_000319655.2;protein_45,GCF_009947575.1;protein_45,GCF_009945865.1;protein_45,GCF_009943805.1;protein_45,GCF_002090295.1;protein_45,,,,,,,
GCF_910574535.1;protein_450,GCF_002128045.1;protein_452,GCF_000319675.2;protein_452,GCF_000027345.1;protein_454,GCF_000283755.1;protein_455,GCF_002127985.1;protein_453,GCF_009947205.1;protein_452,GCF_041931765.1;protein_532,GCF_040256845.1;protein_454,GCF_002128265.1;protein_455,GCF_041931565.1;protein_647,GCF_009944725.1;protein_456,GCF_002128145.1;protein_452,GCF_001558175.1;protein_455,GCF_009942155.1;protein_454,GCF_041931755.1;protein_532,GCF_001272775.1;protein_455,GCF_009939765.1;protein_454,GCF_002355715.1;protein_454,GCF_900660465.1;protein_273,GCF_002128285.1;protein_453,GCF_009944335.1;protein_452,GCF_001272755.1;protein_453,GCF_000733995.1;protein_530,GCF_002090215.1;protein_452,GCF_000319655.2;protein_455,GCF_009947575.1;protein_453,GCF_009945865.1;protein_456,GCF_009943805.1;protein_453,GCF_002090295.1;protein_452,,,,,,,
GCF_910574535.1;protein_451,GCF_002128045.1;protein_453,GCF_000319675.2;protein_453,GCF_000027345.1;protein_455,GCF_000283755.1;protein_456,GCF_002127985.1;protein_454,GCF_009947205.1;protein_453,GCF_041931765.1;protein_533,GCF_040256845.1;protein_455,GCF_002128265.1;protein_456,GCF_041931565.1;protein_648,GCF_009944725.1;protein_457,GCF_002128145.1;protein_453,GCF_001558175.1;protein_456,GCF_009942155.1;protein_455,GCF_041931755.1;protein_533,GCF_001272775.1;protein_456,GCF_009939765.1;protein_455,GCF_002355715.1;protein_455,GCF_900660465.1;protein_272,GCF_002128285.1;protein_454,GCF_009944335.1;protein_453,GCF_001272755.1;protein_454,GCF_000733995.1;protein_531,GCF_002090215.1;protein_453,GCF_000319655.2;protein_456,GCF_009947575.1;protein_454,GCF_009945865.1;protein_457,GCF_009943805.1;protein_454,GCF_002090295.1;protein_453,,,,,,,
GCF_910574535.1;protein_452,GCF_002128045.1;protein_454,GCF_000319675.2;protein_454,GCF_000027345.1;protein_456,GCF_000283755.1;protein_457,GCF_002127985.1;protein_455,GCF_009947205.1;protein_454,GCF_041931765.1;protein_534,GCF_040256845.1;protein_456,GCF_002128265.1;protein_457,GCF_041931565.1;protein_649,GCF_009944725.1;protein_458,GCF_002128145.1;protein_454,GCF_001558175.1;protein_457,GCF_009942155.1;protein_456,GCF_041931755.1;protein_534,GCF_001272775.1;protein_457,GCF_009939765.1;protein_456,GCF_002355715.1;protein_456,GCF_900660465.1;protein_271,GCF_002128285.1;protein_455,GCF_009944335.1;protein_454,GCF_001272755.1;protein_455,GCF_000733995.1;protein_532,GCF_002090215.1;protein_454,GCF_000319655.2;protein_457,GCF_009947575.1;protein_455,GCF_009945865.1;protein_458,GCF_009943805.1;protein_455,GCF_002090295.1;protein_454,,,,,,,
GCF_910574535.1;protein_453,GCF_002128045.1;protein_455,GCF_000319675.2;protein_455,GCF_000027345.1;protein_457,GCF_000283755.1;protein_458,GCF_002127985.1;protein_456,GCF_009947205.1;protein_455,GCF_041931765.1;protein_535,GCF_040256845.1;protein_457,GCF_002128265.1;protein_458,GCF_041931565.1;protein_650,GCF_009944725.1;protein_459,GCF_002128145.1;protein_455,GCF_001558175.1;protein_458,GCF_009942155.1;protein_457,GCF_041931755.1;protein_535,GCF_001272775.1;protein_458,GCF_009939765.1;protein_457,GCF_002355715.1;protein_457,GCF_900660465.1;protein_270,GCF_002128285.1;protein_456,GCF_009944335.1;protein_455,GCF_001272755.1;protein_456,GCF_000733995.1;protein_533,GCF_002090215.1;protein_455,GCF_000319655.2;protein_458,GCF_009947575.1;protein_456,GCF_009945865.1;protein_459,GCF_009943805.1;protein_456,GCF_002090295.1;protein_455,,,,,,,
GCF_910574535.1;protein_454,GCF_002128045.1;protein_456,GCF_000319675.2;protein_456,GCF_000027345.1;protein_458,GCF_000283755.1;protein_459,GCF_002127985.1;protein_457,GCF_009947205.1;protein_456,GCF_041931765.1;protein_536,GCF_040256845.1;protein_458,GCF_002128265.1;protein_459,GCF_041931565.1;protein_651,GCF_009944725.1;protein_460,GCF_002128145.1;protein_456,GCF_001558175.1;protein_459,GCF_009942155.1;protein_458,GCF_041931755.1;protein_536,GCF_001272775.1;protein_459,GCF_009939765.1;protein_458,GCF_002355715.1;protein_458,GCF_900660465.1;protein_269,GCF_002128285.1;protein_457,GCF_009944335.1;protein_456,GCF_001272755.1;protein_457,GCF_000733995.1;protein_534,GCF_002090215.1;protein_456,GCF_000319655.2;protein_459,GCF_009947575.1;protein_457,GCF_009945865.1;protein_460,GCF_009943805.1;protein_457,GCF_002090295.1;protein_456,,,,,,,
GCF_910574535.1;protein_455,GCF_002128045.1;protein_457,GCF_000319675.2;protein_457,GCF_000027345.1;protein_459,GCF_000283755.1;protein_460,GCF_002127985.1;protein_458,GCF_009947205.1;protein_457,GCF_041931765.1;protein_537,GCF_040256845.1;protein_459,GCF_002128265.1;protein_460,GCF_041931565.1;protein_652,GCF_009944725.1;protein_461,GCF_002128145.1;protein_457,GCF_001558175.1;protein_460,GCF_009942155.1;protein_459,GCF_041931755.1;protein_537,GCF_001272775.1;protein_460,GCF_009939765.1;protein_459,GCF_002355715.1;protein_459,GCF_900660465.1;protein_268,GCF_002128285.1;protein_458,GCF_009944335.1;protein_457,GCF_001272755.1;protein_458,GCF_000733995.1;protein_535,GCF_002090215.1;protein_457,GCF_000319655.2;protein_460,GCF_009947575.1;protein_458,GCF_009945865.1;protein_461,GCF_009943805.1;protein_458,GCF_002090295.1;protein_457,,,,,,,
GCF_910574535.1;protein_456,GCF_002128045.1;protein_458,GCF_000319675.2;protein_458,GCF_000027345.1;protein_460,,GCF_002127985.1;protein_459,GCF_009947205.1;protein_458,GCF_041931765.1;protein_538,GCF_040256845.1;protein_460,,GCF_041931565.1;protein_653,,GCF_002128145.1;protein_458,GCF_001558175.1;protein_461,,GCF_041931755.1;protein_538,GCF_001272775.1;protein_461,GCF_009939765.1;protein_460,,,,GCF_009944335.1;protein_458,GCF_001272755.1;protein_459,GCF_000733995.1;protein_536,GCF_002090215.1;protein_458,,GCF_009947575.1;protein_459,,GCF_009943805.1;protein_459,GCF_002090295.1;protein_458,,,,,,,
GCF_910574535.1;protein_457,GCF_002128045.1;protein_459,GCF_000319675.2;protein_459,GCF_000027345.1;protein_461,GCF_000283755.1;protein_463,GCF_002127985.1;protein_460,GCF_009947205.1;protein_459,GCF_041931765.1;protein_539,GCF_040256845.1;protein_461,GCF_002128265.1;protein_463,GCF_041931565.1;protein_654,GCF_009944725.1;protein_464,GCF_002128145.1;protein_459,GCF_001558175.1;protein_462,GCF_009942155.1;protein_462,GCF_041931755.1;protein_539,GCF_001272775.1;protein_462,GCF_009939765.1;protein_461,GCF_002355715.1;protein_462,GCF_900660465.1;protein_265,GCF_002128285.1;protein_461,GCF_009944335.1;protein_459,GCF_001272755.1;protein_460,GCF_000733995.1;protein_537,GCF_002090215.1;protein_459,GCF_000319655.2;protein_463,GCF_009947575.1;protein_460,GCF_009945865.1;protein_464,GCF_009943805.1;protein_460,GCF_002090295.1;protein_459,,,,,,,
GCF_910574535.1;protein_458,,GCF_000319675.2;protein_460,GCF_000027345.1;protein_462,,GCF_002127985.1;protein_461,GCF_009947205.1;protein_460,GCF_041931765.1;protein_540,GCF_040256845.1;protein_462,,GCF_041931565.1;protein_655,,GCF_002128145.1;protein_460,GCF_001558175.1;protein_463,,GCF_041931755.1;protein_540,GCF_001272775.1;protein_463,GCF_009939765.1;protein_462,,,,GCF_009944335.1;protein_460,GCF_001272755.1;protein_461,GCF_000733995.1;protein_538,GCF_002090215.1;protein_460,,GCF_009947575.1;protein_461,,GCF_009943805.1;protein_461,GCF_002090295.1;protein_460,,,,,,,
GCF_910574535.1;protein_459,,GCF_000319675.2;protein_461,GCF_000027345.1;protein_463,GCF_000283755.1;protein_466,GCF_002127985.1;protein_462,GCF_009947205.1;protein_461,GCF_041931765.1;protein_541,GCF_040256845.1;protein_463,,GCF_041931565.1;protein_656,,GCF_002128145.1;protein_461,GCF_001558175.1;protein_464,,GCF_041931755.1;protein_541,GCF_001272775.1;protein_464,GCF_009939765.1;protein_463,GCF_002355715.1;protein_465,GCF_900660465.1;protein_262,,GCF_009944335.1;protein_461,GCF_001272755.1;protein_462,GCF_000733995.1;protein_539,GCF_002090215.1;protein_461,GCF_000319655.2;protein_466,GCF_009947575.1;protein_462,,GCF_009943805.1;protein_462,GCF_002090295.1;protein_461,,,,,,,
GCF_910574535.1;protein_46,GCF_002128045.1;protein_46,GCF_000319675.2;protein_46,GCF_000027345.1;protein_46,GCF_000283755.1;protein_46,GCF_002127985.1;protein_46,GCF_009947205.1;protein_46,GCF_041931765.1;protein_123,GCF_040256845.1;protein_46,GCF_002128265.1;protein_46,GCF_041931565.1;protein_242,GCF_009944725.1;protein_46,GCF_002128145.1;protein_46,GCF_001558175.1;protein_46,GCF_009942155.1;protein_46,GCF_041931755.1;protein_123,GCF_001272775.1;protein_46,GCF_009939765.1;protein_46,GCF_002355715.1;protein_46,GCF_900660465.1;protein_681,GCF_002128285.1;protein_46,GCF_009944335.1;protein_46,GCF_001272755.1;protein_46,GCF_000733995.1;protein_122,GCF_002090215.1;protein_46,GCF_000319655.2;protein_46,GCF_009947575.1;protein_46,GCF_009945865.1;protein_46,GCF_009943805.1;protein_46,GCF_002090295.1;protein_46,,,,,,,
GCF_910574535.1;protein_460,GCF_002128045.1;protein_461,GCF_000319675.2;protein_462,GCF_000027345.1;protein_464,GCF_000283755.1;protein_467,GCF_002127985.1;protein_463,GCF_009947205.1;protein_462,GCF_041931765.1;protein_542,GCF_040256845.1;protein_464,GCF_002128265.1;protein_466,GCF_041931565.1;protein_657,GCF_009944725.1;protein_467,GCF_002128145.1;protein_462,GCF_001558175.1;protein_465,GCF_009942155.1;protein_465,GCF_041931755.1;protein_542,GCF_001272775.1;protein_465,GCF_009939765.1;protein_464,GCF_002355715.1;protein_466,GCF_900660465.1;protein_261,GCF_002128285.1;protein_464,GCF_009944335.1;protein_462,GCF_001272755.1;protein_463,GCF_000733995.1;protein_540,GCF_002090215.1;protein_462,GCF_000319655.2;protein_467,GCF_009947575.1;protein_463,GCF_009945865.1;protein_467,GCF_009943805.1;protein_463,GCF_002090295.1;protein_462,,,,,,,
GCF_910574535.1;protein_461,GCF_002128045.1;protein_462,GCF_000319675.2;protein_463,GCF_000027345.1;protein_465,GCF_000283755.1;protein_468,GCF_002127985.1;protein_464,GCF_009947205.1;protein_463,GCF_041931765.1;protein_543,GCF_040256845.1;protein_465,GCF_002128265.1;protein_467,GCF_041931565.1;protein_658,GCF_009944725.1;protein_468,GCF_002128145.1;protein_463,GCF_001558175.1;protein_466,GCF_009942155.1;protein_466,GCF_041931755.1;protein_543,GCF_001272775.1;protein_466,GCF_009939765.1;protein_465,GCF_002355715.1;protein_467,GCF_900660465.1;protein_260,GCF_002128285.1;protein_465,GCF_009944335.1;protein_463,GCF_001272755.1;protein_464,GCF_000733995.1;protein_541,GCF_002090215.1;protein_463,GCF_000319655.2;protein_468,GCF_009947575.1;protein_464,GCF_009945865.1;protein_468,GCF_009943805.1;protein_464,GCF_002090295.1;protein_463,,,,,,,
GCF_910574535.1;protein_462,GCF_002128045.1;protein_463,GCF_000319675.2;protein_464,GCF_000027345.1;protein_466,GCF_000283755.1;protein_469,GCF_002127985.1;protein_465,GCF_009947205.1;protein_464,GCF_041931765.1;protein_544,GCF_040256845.1;protein_466,GCF_002128265.1;protein_468,GCF_041931565.1;protein_659,GCF_009944725.1;protein_469,GCF_002128145.1;protein_464,GCF_001558175.1;protein_467,GCF_009942155.1;protein_467,GCF_041931755.1;protein_544,GCF_001272775.1;protein_467,GCF_009939765.1;protein_466,GCF_002355715.1;protein_468,GCF_900660465.1;protein_259,GCF_002128285.1;protein_466,GCF_009944335.1;protein_464,GCF_001272755.1;protein_465,GCF_000733995.1;protein_542,GCF_002090215.1;protein_464,GCF_000319655.2;protein_469,GCF_009947575.1;protein_465,GCF_009945865.1;protein_469,GCF_009943805.1;protein_465,GCF_002090295.1;protein_464,,,,,,,
GCF_910574535.1;protein_463,GCF_002128045.1;protein_464,GCF_000319675.2;protein_465,GCF_000027345.1;protein_467,GCF_000283755.1;protein_470,GCF_002127985.1;protein_466,GCF_009947205.1;protein_465,GCF_041931765.1;protein_545,GCF_040256845.1;protein_467,GCF_002128265.1;protein_469,GCF_041931565.1;protein_660,GCF_009944725.1;protein_470,GCF_002128145.1;protein_465,GCF_001558175.1;protein_468,GCF_009942155.1;protein_468,GCF_041931755.1;protein_545,GCF_001272775.1;protein_468,GCF_009939765.1;protein_467,GCF_002355715.1;protein_469,GCF_900660465.1;protein_258,GCF_002128285.1;protein_467,GCF_009944335.1;protein_465,GCF_001272755.1;protein_466,GCF_000733995.1;protein_543,GCF_002090215.1;protein_465,GCF_000319655.2;protein_470,GCF_009947575.1;protein_466,GCF_009945865.1;protein_470,GCF_009943805.1;protein_466,GCF_002090295.1;protein_465,,,,,,,
GCF_910574535.1;protein_464,GCF_002128045.1;protein_465,GCF_000319675.2;protein_466,GCF_000027345.1;protein_468,GCF_000283755.1;protein_471,GCF_002127985.1;protein_467,GCF_009947205.1;protein_466,GCF_041931765.1;protein_546,GCF_040256845.1;protein_468,GCF_002128265.1;protein_470,GCF_041931565.1;protein_661,GCF_009944725.1;protein_471,GCF_002128145.1;protein_466,GCF_001558175.1;protein_469,GCF_009942155.1;protein_469,GCF_041931755.1;protein_546,GCF_001272775.1;protein_469,GCF_009939765.1;protein_468,GCF_002355715.1;protein_470,GCF_900660465.1;protein_257,GCF_002128285.1;protein_468,GCF_009944335.1;protein_466,GCF_001272755.1;protein_467,GCF_000733995.1;protein_544,GCF_002090215.1;protein_466,GCF_000319655.2;protein_471,GCF_009947575.1;protein_467,GCF_009945865.1;protein_471,GCF_009943805.1;protein_467,GCF_002090295.1;protein_466,,,,,,,
GCF_910574535.1;protein_465,GCF_002128045.1;protein_466,GCF_000319675.2;protein_467,GCF_000027345.1;protein_469,GCF_000283755.1;protein_472,GCF_002127985.1;protein_468,GCF_009947205.1;protein_467,GCF_041931765.1;protein_547,GCF_040256845.1;protein_469,GCF_002128265.1;protein_471,GCF_041931565.1;protein_662,GCF_009944725.1;protein_472,GCF_002128145.1;protein_467,GCF_001558175.1;protein_470,GCF_009942155.1;protein_470,GCF_041931755.1;protein_547,GCF_001272775.1;protein_470,GCF_009939765.1;protein_469,GCF_002355715.1;protein_471,GCF_900660465.1;protein_256,GCF_002128285.1;protein_469,GCF_009944335.1;protein_467,GCF_001272755.1;protein_468,GCF_000733995.1;protein_545,GCF_002090215.1;protein_467,GCF_000319655.2;protein_472,GCF_009947575.1;protein_468,GCF_009945865.1;protein_472,GCF_009943805.1;protein_468,GCF_002090295.1;protein_467,,,,,,,
GCF_910574535.1;protein_466,GCF_002128045.1;protein_467,GCF_000319675.2;protein_468,GCF_000027345.1;protein_470,GCF_000283755.1;protein_473,GCF_002127985.1;protein_469,GCF_009947205.1;protein_468,GCF_041931765.1;protein_548,GCF_040256845.1;protein_470,GCF_002128265.1;protein_472,GCF_041931565.1;protein_663,GCF_009944725.1;protein_473,GCF_002128145.1;protein_468,GCF_001558175.1;protein_471,GCF_009942155.1;protein_471,GCF_041931755.1;protein_548,GCF_001272775.1;protein_471,GCF_009939765.1;protein_470,GCF_002355715.1;protein_472,GCF_900660465.1;protein_255,GCF_002128285.1;protein_470,GCF_009944335.1;protein_468,GCF_001272755.1;protein_469,GCF_000733995.1;protein_546,GCF_002090215.1;protein_468,GCF_000319655.2;protein_473,GCF_009947575.1;protein_469,GCF_009945865.1;protein_473,GCF_009943805.1;protein_469,GCF_002090295.1;protein_468,,,,,,,
GCF_910574535.1;protein_467,GCF_002128045.1;protein_468,GCF_000319675.2;protein_469,GCF_000027345.1;protein_471,GCF_000283755.1;protein_474,GCF_002127985.1;protein_470,GCF_009947205.1;protein_469,GCF_041931765.1;protein_549,GCF_040256845.1;protein_471,GCF_002128265.1;protein_473,GCF_041931565.1;protein_664,GCF_009944725.1;protein_474,GCF_002128145.1;protein_469,GCF_001558175.1;protein_472,GCF_009942155.1;protein_472,GCF_041931755.1;protein_549,GCF_001272775.1;protein_472,GCF_009939765.1;protein_471,GCF_002355715.1;protein_473,GCF_900660465.1;protein_254,GCF_002128285.1;protein_471,GCF_009944335.1;protein_469,GCF_001272755.1;protein_470,GCF_000733995.1;protein_547,GCF_002090215.1;protein_469,GCF_000319655.2;protein_474,GCF_009947575.1;protein_470,GCF_009945865.1;protein_474,GCF_009943805.1;protein_470,GCF_002090295.1;protein_469,,,,,,,
GCF_910574535.1;protein_468,GCF_002128045.1;protein_469,GCF_000319675.2;protein_470,GCF_000027345.1;protein_472,GCF_000283755.1;protein_475,GCF_002127985.1;protein_471,GCF_009947205.1;protein_470,GCF_041931765.1;protein_550,GCF_040256845.1;protein_472,GCF_002128265.1;protein_474,GCF_041931565.1;protein_665,GCF_009944725.1;protein_475,GCF_002128145.1;protein_470,GCF_001558175.1;protein_473,GCF_009942155.1;protein_473,GCF_041931755.1;protein_550,GCF_001272775.1;protein_473,GCF_009939765.1;protein_472,GCF_002355715.1;protein_474,GCF_900660465.1;protein_253,GCF_002128285.1;protein_472,GCF_009944335.1;protein_470,GCF_001272755.1;protein_471,GCF_000733995.1;protein_548,GCF_002090215.1;protein_470,GCF_000319655.2;protein_475,GCF_009947575.1;protein_471,GCF_009945865.1;protein_475,GCF_009943805.1;protein_471,GCF_002090295.1;protein_470,,,,,,,
GCF_910574535.1;protein_469,GCF_002128045.1;protein_470,GCF_000319675.2;protein_471,GCF_000027345.1;protein_473,GCF_000283755.1;protein_476,GCF_002127985.1;protein_472,GCF_009947205.1;protein_471,GCF_041931765.1;protein_551,GCF_040256845.1;protein_473,GCF_002128265.1;protein_475,GCF_041931565.1;protein_666,GCF_009944725.1;protein_476,GCF_002128145.1;protein_471,GCF_001558175.1;protein_474,GCF_009942155.1;protein_474,GCF_041931755.1;protein_551,GCF_001272775.1;protein_474,GCF_009939765.1;protein_473,GCF_002355715.1;protein_475,GCF_900660465.1;protein_252,GCF_002128285.1;protein_473,GCF_009944335.1;protein_471,GCF_001272755.1;protein_472,GCF_000733995.1;protein_549,GCF_002090215.1;protein_471,GCF_000319655.2;protein_476,GCF_009947575.1;protein_472,GCF_009945865.1;protein_476,GCF_009943805.1;protein_472,GCF_002090295.1;protein_471,,,,,,,
GCF_910574535.1;protein_47,GCF_002128045.1;protein_47,GCF_000319675.2;protein_47,GCF_000027345.1;protein_47,GCF_000283755.1;protein_47,GCF_002127985.1;protein_47,GCF_009947205.1;protein_47,GCF_041931765.1;protein_124,GCF_040256845.1;protein_47,GCF_002128265.1;protein_47,GCF_041931565.1;protein_243,GCF_009944725.1;protein_47,GCF_002128145.1;protein_47,GCF_001558175.1;protein_47,GCF_009942155.1;protein_47,GCF_041931755.1;protein_124,GCF_001272775.1;protein_47,GCF_009939765.1;protein_47,GCF_002355715.1;protein_47,GCF_900660465.1;protein_680,GCF_002128285.1;protein_47,GCF_009944335.1;protein_47,GCF_001272755.1;protein_47,GCF_000733995.1;protein_123,GCF_002090215.1;protein_47,GCF_000319655.2;protein_47,GCF_009947575.1;protein_47,GCF_009945865.1;protein_47,GCF_009943805.1;protein_47,GCF_002090295.1;protein_47,,,,,,,
GCF_910574535.1;protein_470,GCF_002128045.1;protein_471,GCF_000319675.2;protein_472,GCF_000027345.1;protein_474,GCF_000283755.1;protein_477,GCF_002127985.1;protein_473,GCF_009947205.1;protein_472,GCF_041931765.1;protein_552,GCF_040256845.1;protein_474,GCF_002128265.1;protein_476,GCF_041931565.1;protein_667,GCF_009944725.1;protein_477,GCF_002128145.1;protein_472,GCF_001558175.1;protein_475,GCF_009942155.1;protein_475,GCF_041931755.1;protein_552,GCF_001272775.1;protein_475,GCF_009939765.1;protein_474,GCF_002355715.1;protein_476,GCF_900660465.1;protein_251,GCF_002128285.1;protein_474,GCF_009944335.1;protein_472,GCF_001272755.1;protein_473,GCF_000733995.1;protein_550,GCF_002090215.1;protein_472,GCF_000319655.2;protein_477,GCF_009947575.1;protein_473,GCF_009945865.1;protein_477,GCF_009943805.1;protein_473,GCF_002090295.1;protein_472,,,,,,,
GCF_910574535.1;protein_471,GCF_002128045.1;protein_472,GCF_000319675.2;protein_473,GCF_000027345.1;protein_475,GCF_000283755.1;protein_478,GCF_002127985.1;protein_474,GCF_009947205.1;protein_473,GCF_041931765.1;protein_553,GCF_040256845.1;protein_475,GCF_002128265.1;protein_477,GCF_041931565.1;protein_668,GCF_009944725.1;protein_478,GCF_002128145.1;protein_473,GCF_001558175.1;protein_476,GCF_009942155.1;protein_476,GCF_041931755.1;protein_553,GCF_001272775.1;protein_476,GCF_009939765.1;protein_475,GCF_002355715.1;protein_477,GCF_900660465.1;protein_250,GCF_002128285.1;protein_475,GCF_009944335.1;protein_473,GCF_001272755.1;protein_474,GCF_000733995.1;protein_551,GCF_002090215.1;protein_473,GCF_000319655.2;protein_478,GCF_009947575.1;protein_474,GCF_009945865.1;protein_478,GCF_009943805.1;protein_474,GCF_002090295.1;protein_473,,,,,,,
GCF_910574535.1;protein_472,GCF_002128045.1;protein_473,GCF_000319675.2;protein_474,GCF_000027345.1;protein_476,GCF_000283755.1;protein_479,GCF_002127985.1;protein_475,GCF_009947205.1;protein_474,GCF_041931765.1;protein_554,GCF_040256845.1;protein_476,GCF_002128265.1;protein_478,GCF_041931565.1;protein_669,GCF_009944725.1;protein_479,GCF_002128145.1;protein_474,GCF_001558175.1;protein_477,GCF_009942155.1;protein_477,GCF_041931755.1;protein_554,GCF_001272775.1;protein_477,GCF_009939765.1;protein_476,GCF_002355715.1;protein_478,GCF_900660465.1;protein_249,GCF_002128285.1;protein_476,GCF_009944335.1;protein_474,GCF_001272755.1;protein_475,GCF_000733995.1;protein_552,GCF_002090215.1;protein_474,GCF_000319655.2;protein_479,GCF_009947575.1;protein_475,GCF_009945865.1;protein_479,GCF_009943805.1;protein_475,GCF_002090295.1;protein_474,,,,,,,
GCF_910574535.1;protein_473,GCF_002128045.1;protein_474,GCF_000319675.2;protein_475,GCF_000027345.1;protein_477,GCF_000283755.1;protein_480,GCF_002127985.1;protein_476,GCF_009947205.1;protein_475,GCF_041931765.1;protein_555,GCF_040256845.1;protein_477,GCF_002128265.1;protein_479,GCF_041931565.1;protein_670,GCF_009944725.1;protein_480,GCF_002128145.1;protein_475,GCF_001558175.1;protein_478,GCF_009942155.1;protein_478,GCF_041931755.1;protein_555,GCF_001272775.1;protein_478,GCF_009939765.1;protein_477,GCF_002355715.1;protein_479,GCF_900660465.1;protein_248,GCF_002128285.1;protein_477,GCF_009944335.1;protein_475,GCF_001272755.1;protein_476,GCF_000733995.1;protein_553,GCF_002090215.1;protein_475,GCF_000319655.2;protein_480,GCF_009947575.1;protein_476,GCF_009945865.1;protein_480,GCF_009943805.1;protein_476,GCF_002090295.1;protein_475,,,,,,,
GCF_910574535.1;protein_474,GCF_002128045.1;protein_475,GCF_000319675.2;protein_476,GCF_000027345.1;protein_478,,GCF_002127985.1;protein_477,GCF_009947205.1;protein_476,GCF_041931765.1;protein_556,GCF_040256845.1;protein_478,,GCF_041931565.1;protein_671,,GCF_002128145.1;protein_476,GCF_001558175.1;protein_479,,GCF_041931755.1;protein_556,GCF_001272775.1;protein_479,GCF_009939765.1;protein_478,,,,GCF_009944335.1;protein_476,GCF_001272755.1;protein_477,GCF_000733995.1;protein_554,GCF_002090215.1;protein_476,,GCF_009947575.1;protein_477,,GCF_009943805.1;protein_477,GCF_002090295.1;protein_476,,,,,,,
GCF_910574535.1;protein_475,GCF_002128045.1;protein_476,GCF_000319675.2;protein_477,GCF_000027345.1;protein_479,GCF_000283755.1;protein_481,GCF_002127985.1;protein_478,GCF_009947205.1;protein_477,GCF_041931765.1;protein_557,GCF_040256845.1;protein_479,GCF_002128265.1;protein_480,GCF_041931565.1;protein_672,GCF_009944725.1;protein_481,GCF_002128145.1;protein_477,GCF_001558175.1;protein_480,GCF_009942155.1;protein_479,GCF_041931755.1;protein_557,GCF_001272775.1;protein_480,GCF_009939765.1;protein_479,GCF_002355715.1;protein_480,GCF_900660465.1;protein_247,GCF_002128285.1;protein_478,GCF_009944335.1;protein_477,GCF_001272755.1;protein_478,GCF_000733995.1;protein_555,GCF_002090215.1;protein_477,GCF_000319655.2;protein_481,GCF_009947575.1;protein_478,GCF_009945865.1;protein_481,GCF_009943805.1;protein_478,GCF_002090295.1;protein_477,,,,,,,
GCF_910574535.1;protein_476,GCF_002128045.1;protein_477,GCF_000319675.2;protein_478,GCF_000027345.1;protein_480,GCF_000283755.1;protein_482,GCF_002127985.1;protein_479,GCF_009947205.1;protein_478,GCF_041931765.1;protein_558,GCF_040256845.1;protein_480,GCF_002128265.1;protein_481,GCF_041931565.1;protein_673,GCF_009944725.1;protein_482,GCF_002128145.1;protein_478,GCF_001558175.1;protein_481,GCF_009942155.1;protein_480,GCF_041931755.1;protein_558,GCF_001272775.1;protein_481,GCF_009939765.1;protein_480,GCF_002355715.1;protein_481,GCF_900660465.1;protein_246,GCF_002128285.1;protein_479,GCF_009944335.1;protein_478,GCF_001272755.1;protein_479,GCF_000733995.1;protein_556,GCF_002090215.1;protein_478,GCF_000319655.2;protein_482,GCF_009947575.1;protein_479,GCF_009945865.1;protein_482,GCF_009943805.1;protein_479,GCF_002090295.1;protein_478,,,,,,,
GCF_002128145.1;protein_98,GCF_041931765.1;protein_561,GCF_040256845.1;protein_483,GCF_001272775.1;protein_484,GCF_002090215.1;protein_481,GCF_009947205.1;protein_481,,GCF_002128285.1;protein_482,GCF_900660465.1;protein_243,GCF_009947575.1;protein_482,GCF_000283755.1;protein_438,GCF_009943805.1;protein_482,GCF_000319675.2;protein_481,GCF_000733995.1;protein_513,GCF_002128285.1;protein_436,GCF_002090295.1;protein_481,GCF_001272755.1;protein_436,GCF_009945865.1;protein_439,GCF_002128265.1;protein_484,GCF_910574535.1;protein_479,GCF_009939765.1;protein_483,GCF_002128045.1;protein_97,GCF_002128045.1;protein_480,GCF_002128265.1;protein_438,GCF_009944335.1;protein_481,GCF_000319655.2;protein_438,GCF_000027345.1;protein_483,GCF_041931755.1;protein_174,GCF_009944725.1;protein_439,GCF_001558175.1;protein_484,GCF_002355715.1;protein_437,GCF_009942155.1;protein_437,,,,,
GCF_910574535.1;protein_48,,,GCF_000027345.1;protein_48,,GCF_002127985.1;protein_48,GCF_009947205.1;protein_48,GCF_041931765.1;protein_125,,,GCF_041931565.1;protein_244,GCF_009944725.1;protein_48,GCF_002128145.1;protein_48,,,,GCF_001272775.1;protein_48,GCF_009939765.1;protein_48,,GCF_900660465.1;protein_679,GCF_002128285.1;protein_48,GCF_009944335.1;protein_48,GCF_001272755.1;protein_48,GCF_000733995.1;protein_124,,GCF_000319655.2;protein_48,GCF_009947575.1;protein_48,GCF_009945865.1;protein_48,GCF_009943805.1;protein_48,GCF_002090295.1;protein_48,,,,,,,
GCF_910574535.1;protein_483,GCF_002128045.1;protein_484,GCF_000319675.2;protein_485,GCF_000027345.1;protein_487,GCF_000283755.1;protein_489,GCF_002127985.1;protein_486,GCF_009947205.1;protein_485,GCF_041931765.1;protein_565,GCF_040256845.1;protein_487,GCF_002128265.1;protein_488,GCF_041931565.1;protein_680,GCF_009944725.1;protein_489,GCF_002128145.1;protein_485,GCF_001558175.1;protein_488,GCF_009942155.1;protein_487,GCF_041931755.1;protein_565,GCF_001272775.1;protein_488,GCF_009939765.1;protein_487,GCF_002355715.1;protein_488,GCF_900660465.1;protein_239,GCF_002128285.1;protein_486,GCF_009944335.1;protein_485,GCF_001272755.1;protein_486,GCF_000733995.1;protein_563,GCF_002090215.1;protein_485,GCF_000319655.2;protein_489,GCF_009947575.1;protein_486,GCF_009945865.1;protein_489,GCF_009943805.1;protein_486,GCF_002090295.1;protein_485,,,,,,,
GCF_910574535.1;protein_484,GCF_002128045.1;protein_485,GCF_000319675.2;protein_486,GCF_000027345.1;protein_488,GCF_000283755.1;protein_490,GCF_002127985.1;protein_487,GCF_009947205.1;protein_486,GCF_041931765.1;protein_566,GCF_040256845.1;protein_488,GCF_002128265.1;protein_489,GCF_041931565.1;protein_681,GCF_009944725.1;protein_490,GCF_002128145.1;protein_486,GCF_001558175.1;protein_489,GCF_009942155.1;protein_488,GCF_041931755.1;protein_566,GCF_001272775.1;protein_489,GCF_009939765.1;protein_488,GCF_002355715.1;protein_489,GCF_900660465.1;protein_238,GCF_002128285.1;protein_487,GCF_009944335.1;protein_486,GCF_001272755.1;protein_487,GCF_000733995.1;protein_564,GCF_002090215.1;protein_486,GCF_000319655.2;protein_490,GCF_009947575.1;protein_487,GCF_009945865.1;protein_490,GCF_009943805.1;protein_487,GCF_002090295.1;protein_486,,,,,,,
GCF_910574535.1;protein_485,GCF_002128045.1;protein_486,GCF_000319675.2;protein_487,GCF_000027345.1;protein_489,GCF_000283755.1;protein_491,GCF_002127985.1;protein_488,GCF_009947205.1;protein_487,GCF_041931765.1;protein_567,GCF_040256845.1;protein_489,GCF_002128265.1;protein_490,GCF_041931565.1;protein_682,GCF_009944725.1;protein_491,GCF_002128145.1;protein_487,GCF_001558175.1;protein_490,GCF_009942155.1;protein_489,GCF_041931755.1;protein_567,GCF_001272775.1;protein_490,GCF_009939765.1;protein_489,GCF_002355715.1;protein_490,GCF_900660465.1;protein_237,GCF_002128285.1;protein_488,GCF_009944335.1;protein_487,GCF_001272755.1;protein_488,GCF_000733995.1;protein_565,GCF_002090215.1;protein_487,GCF_000319655.2;protein_491,GCF_009947575.1;protein_488,GCF_009945865.1;protein_491,GCF_009943805.1;protein_488,GCF_002090295.1;protein_487,,,,,,,
GCF_910574535.1;protein_486,GCF_002128045.1;protein_487,GCF_000319675.2;protein_488,GCF_000027345.1;protein_490,GCF_000283755.1;protein_492,GCF_002127985.1;protein_489,GCF_009947205.1;protein_488,GCF_041931765.1;protein_568,GCF_040256845.1;protein_490,GCF_002128265.1;protein_491,GCF_041931565.1;protein_683,GCF_009944725.1;protein_492,GCF_002128145.1;protein_488,GCF_001558175.1;protein_491,GCF_009942155.1;protein_490,GCF_041931755.1;protein_568,GCF_001272775.1;protein_491,GCF_009939765.1;protein_490,GCF_002355715.1;protein_491,GCF_900660465.1;protein_236,GCF_002128285.1;protein_489,GCF_009944335.1;protein_488,GCF_001272755.1;protein_489,GCF_000733995.1;protein_566,GCF_002090215.1;protein_488,GCF_000319655.2;protein_492,GCF_009947575.1;protein_489,GCF_009945865.1;protein_492,GCF_009943805.1;protein_489,GCF_002090295.1;protein_488,,,,,,,
GCF_910574535.1;protein_487,GCF_002128045.1;protein_488,GCF_000319675.2;protein_489,GCF_000027345.1;protein_491,GCF_000283755.1;protein_493,GCF_002127985.1;protein_490,GCF_009947205.1;protein_489,GCF_041931765.1;protein_569,GCF_040256845.1;protein_491,GCF_002128265.1;protein_492,GCF_041931565.1;protein_684,GCF_009944725.1;protein_493,GCF_002128145.1;protein_489,GCF_001558175.1;protein_492,GCF_009942155.1;protein_491,GCF_041931755.1;protein_569,GCF_001272775.1;protein_492,GCF_009939765.1;protein_491,GCF_002355715.1;protein_492,GCF_900660465.1;protein_235,GCF_002128285.1;protein_490,GCF_009944335.1;protein_489,GCF_001272755.1;protein_490,GCF_000733995.1;protein_567,GCF_002090215.1;protein_489,GCF_000319655.2;protein_493,GCF_009947575.1;protein_490,GCF_009945865.1;protein_493,GCF_009943805.1;protein_490,GCF_002090295.1;protein_489,,,,,,,
GCF_910574535.1;protein_488,GCF_002128045.1;protein_489,GCF_000319675.2;protein_490,GCF_000027345.1;protein_492,GCF_000283755.1;protein_494,GCF_002127985.1;protein_491,GCF_009947205.1;protein_490,GCF_041931765.1;protein_570,GCF_040256845.1;protein_492,GCF_002128265.1;protein_493,GCF_041931565.1;protein_685,GCF_009944725.1;protein_494,GCF_002128145.1;protein_490,GCF_001558175.1;protein_493,GCF_009942155.1;protein_492,GCF_041931755.1;protein_570,GCF_001272775.1;protein_493,GCF_009939765.1;protein_492,GCF_002355715.1;protein_493,GCF_900660465.1;protein_234,GCF_002128285.1;protein_491,GCF_009944335.1;protein_490,GCF_001272755.1;protein_491,GCF_000733995.1;protein_568,GCF_002090215.1;protein_490,GCF_000319655.2;protein_494,GCF_009947575.1;protein_491,GCF_009945865.1;protein_494,GCF_009943805.1;protein_491,GCF_002090295.1;protein_490,,,,,,,
GCF_910574535.1;protein_489,GCF_002128045.1;protein_490,GCF_000319675.2;protein_491,GCF_000027345.1;protein_493,GCF_000283755.1;protein_495,GCF_002127985.1;protein_492,GCF_009947205.1;protein_491,GCF_041931765.1;protein_571,GCF_040256845.1;protein_493,GCF_002128265.1;protein_494,GCF_041931565.1;protein_686,GCF_009944725.1;protein_495,GCF_002128145.1;protein_491,GCF_001558175.1;protein_494,GCF_009942155.1;protein_493,GCF_041931755.1;protein_571,GCF_001272775.1;protein_494,GCF_009939765.1;protein_493,GCF_002355715.1;protein_494,GCF_900660465.1;protein_233,GCF_002128285.1;protein_492,GCF_009944335.1;protein_491,GCF_001272755.1;protein_492,GCF_000733995.1;protein_569,GCF_002090215.1;protein_491,GCF_000319655.2;protein_495,GCF_009947575.1;protein_492,GCF_009945865.1;protein_495,GCF_009943805.1;protein_492,GCF_002090295.1;protein_491,,,,,,,
GCF_910574535.1;protein_49,GCF_002128045.1;protein_48,GCF_000319675.2;protein_48,GCF_000027345.1;protein_49,GCF_000283755.1;protein_48,GCF_002127985.1;protein_49,GCF_009947205.1;protein_49,GCF_041931765.1;protein_126,GCF_040256845.1;protein_48,GCF_002128265.1;protein_48,GCF_041931565.1;protein_245,GCF_009944725.1;protein_49,GCF_002128145.1;protein_49,GCF_001558175.1;protein_48,GCF_009942155.1;protein_48,GCF_041931755.1;protein_125,GCF_001272775.1;protein_49,GCF_009939765.1;protein_49,GCF_002355715.1;protein_48,GCF_900660465.1;protein_678,GCF_002128285.1;protein_49,GCF_009944335.1;protein_49,GCF_001272755.1;protein_49,GCF_000733995.1;protein_125,GCF_002090215.1;protein_48,GCF_000319655.2;protein_49,GCF_009947575.1;protein_49,GCF_009945865.1;protein_49,GCF_009943805.1;protein_49,GCF_002090295.1;protein_49,,,,,,,
GCF_910574535.1;protein_490,GCF_002128045.1;protein_491,GCF_000319675.2;protein_492,GCF_000027345.1;protein_494,GCF_000283755.1;protein_496,GCF_002127985.1;protein_493,GCF_009947205.1;protein_492,GCF_041931765.1;protein_572,GCF_040256845.1;protein_494,GCF_002128265.1;protein_495,GCF_041931565.1;protein_687,GCF_009944725.1;protein_496,GCF_002128145.1;protein_492,GCF_001558175.1;protein_495,GCF_009942155.1;protein_494,GCF_041931755.1;protein_572,GCF_001272775.1;protein_495,GCF_009939765.1;protein_494,GCF_002355715.1;protein_495,GCF_900660465.1;protein_232,GCF_002128285.1;protein_493,GCF_009944335.1;protein_492,GCF_001272755.1;protein_493,GCF_000733995.1;protein_570,GCF_002090215.1;protein_492,GCF_000319655.2;protein_496,GCF_009947575.1;protein_493,GCF_009945865.1;protein_496,GCF_009943805.1;protein_493,GCF_002090295.1;protein_492,,,,,,,
GCF_910574535.1;protein_491,GCF_002128045.1;protein_492,GCF_000319675.2;protein_493,GCF_000027345.1;protein_495,GCF_000283755.1;protein_497,GCF_002127985.1;protein_494,GCF_009947205.1;protein_493,GCF_041931765.1;protein_573,GCF_040256845.1;protein_495,GCF_002128265.1;protein_496,GCF_041931565.1;protein_688,GCF_009944725.1;protein_497,GCF_002128145.1;protein_493,GCF_001558175.1;protein_496,GCF_009942155.1;protein_495,GCF_041931755.1;protein_573,GCF_001272775.1;protein_496,GCF_009939765.1;protein_495,GCF_002355715.1;protein_496,GCF_900660465.1;protein_231,GCF_002128285.1;protein_494,GCF_009944335.1;protein_493,GCF_001272755.1;protein_494,GCF_000733995.1;protein_571,GCF_002090215.1;protein_493,GCF_000319655.2;protein_497,GCF_009947575.1;protein_494,GCF_009945865.1;protein_497,GCF_009943805.1;protein_494,GCF_002090295.1;protein_493,,,,,,,
GCF_910574535.1;protein_492,GCF_002128045.1;protein_493,GCF_000319675.2;protein_494,GCF_000027345.1;protein_496,GCF_000283755.1;protein_498,GCF_002127985.1;protein_495,GCF_009947205.1;protein_494,GCF_041931765.1;protein_574,GCF_040256845.1;protein_496,GCF_002128265.1;protein_497,GCF_041931565.1;protein_689,GCF_009944725.1;protein_498,GCF_002128145.1;protein_494,GCF_001558175.1;protein_497,GCF_009942155.1;protein_496,GCF_041931755.1;protein_574,GCF_001272775.1;protein_497,GCF_009939765.1;protein_496,GCF_002355715.1;protein_497,GCF_900660465.1;protein_230,GCF_002128285.1;protein_495,GCF_009944335.1;protein_494,GCF_001272755.1;protein_495,GCF_000733995.1;protein_572,GCF_002090215.1;protein_494,GCF_000319655.2;protein_498,GCF_009947575.1;protein_495,GCF_009945865.1;protein_498,GCF_009943805.1;protein_495,GCF_002090295.1;protein_494,,,,,,,
GCF_910574535.1;protein_493,GCF_002128045.1;protein_494,GCF_000319675.2;protein_495,GCF_000027345.1;protein_497,GCF_000283755.1;protein_499,GCF_002127985.1;protein_496,GCF_009947205.1;protein_495,GCF_041931765.1;protein_575,GCF_040256845.1;protein_497,GCF_002128265.1;protein_498,GCF_041931565.1;protein_690,GCF_009944725.1;protein_499,GCF_002128145.1;protein_495,GCF_001558175.1;protein_498,GCF_009942155.1;protein_497,GCF_041931755.1;protein_575,GCF_001272775.1;protein_498,GCF_009939765.1;protein_497,GCF_002355715.1;protein_498,GCF_900660465.1;protein_229,GCF_002128285.1;protein_496,GCF_009944335.1;protein_495,GCF_001272755.1;protein_496,GCF_000733995.1;protein_573,GCF_002090215.1;protein_495,GCF_000319655.2;protein_499,GCF_009947575.1;protein_496,GCF_009945865.1;protein_499,GCF_009943805.1;protein_496,GCF_002090295.1;protein_495,,,,,,,
GCF_910574535.1;protein_494,GCF_002128045.1;protein_495,GCF_000319675.2;protein_496,GCF_000027345.1;protein_498,GCF_000283755.1;protein_500,GCF_002127985.1;protein_497,GCF_009947205.1;protein_496,GCF_041931765.1;protein_576,GCF_040256845.1;protein_498,GCF_002128265.1;protein_499,GCF_041931565.1;protein_691,GCF_009944725.1;protein_500,GCF_002128145.1;protein_496,GCF_001558175.1;protein_499,GCF_009942155.1;protein_498,GCF_041931755.1;protein_576,GCF_001272775.1;protein_499,GCF_009939765.1;protein_498,GCF_002355715.1;protein_499,GCF_900660465.1;protein_228,GCF_002128285.1;protein_497,GCF_009944335.1;protein_496,GCF_001272755.1;protein_497,GCF_000733995.1;protein_574,GCF_002090215.1;protein_496,GCF_000319655.2;protein_500,GCF_009947575.1;protein_497,GCF_009945865.1;protein_500,GCF_009943805.1;protein_497,GCF_002090295.1;protein_496,,,,,,,
GCF_910574535.1;protein_495,GCF_002128045.1;protein_496,GCF_000319675.2;protein_497,GCF_000027345.1;protein_499,GCF_000283755.1;protein_501,GCF_002127985.1;protein_498,GCF_009947205.1;protein_497,GCF_041931765.1;protein_577,GCF_040256845.1;protein_499,GCF_002128265.1;protein_500,GCF_041931565.1;protein_692,GCF_009944725.1;protein_501,GCF_002128145.1;protein_497,GCF_001558175.1;protein_500,GCF_009942155.1;protein_499,GCF_041931755.1;protein_577,GCF_001272775.1;protein_500,GCF_009939765.1;protein_499,GCF_002355715.1;protein_500,GCF_900660465.1;protein_227,GCF_002128285.1;protein_498,GCF_009944335.1;protein_497,GCF_001272755.1;protein_498,GCF_000733995.1;protein_575,GCF_002090215.1;protein_497,GCF_000319655.2;protein_501,GCF_009947575.1;protein_498,GCF_009945865.1;protein_501,GCF_009943805.1;protein_498,GCF_002090295.1;protein_497,,,,,,,
GCF_910574535.1;protein_496,GCF_002128045.1;protein_497,GCF_000319675.2;protein_498,GCF_000027345.1;protein_500,GCF_000283755.1;protein_502,GCF_002127985.1;protein_499,GCF_009947205.1;protein_498,GCF_041931765.1;protein_578,GCF_040256845.1;protein_500,GCF_002128265.1;protein_501,GCF_041931565.1;protein_693,GCF_009944725.1;protein_502,GCF_002128145.1;protein_498,GCF_001558175.1;protein_501,GCF_009942155.1;protein_500,GCF_041931755.1;protein_578,GCF_001272775.1;protein_501,GCF_009939765.1;protein_500,GCF_002355715.1;protein_501,GCF_900660465.1;protein_226,GCF_002128285.1;protein_499,GCF_009944335.1;protein_498,GCF_001272755.1;protein_499,GCF_000733995.1;protein_576,GCF_002090215.1;protein_498,GCF_000319655.2;protein_502,GCF_009947575.1;protein_499,GCF_009945865.1;protein_502,GCF_009943805.1;protein_499,GCF_002090295.1;protein_498,,,,,,,
GCF_910574535.1;protein_497,GCF_002128045.1;protein_498,GCF_000319675.2;protein_499,GCF_000027345.1;protein_501,GCF_000283755.1;protein_503,GCF_002127985.1;protein_500,GCF_009947205.1;protein_499,GCF_041931765.1;protein_579,GCF_040256845.1;protein_501,GCF_002128265.1;protein_502,GCF_041931565.1;protein_694,GCF_009944725.1;protein_503,GCF_002128145.1;protein_499,GCF_001558175.1;protein_502,GCF_009942155.1;protein_501,GCF_041931755.1;protein_579,GCF_001272775.1;protein_502,GCF_009939765.1;protein_501,GCF_002355715.1;protein_502,GCF_900660465.1;protein_225,GCF_002128285.1;protein_500,GCF_009944335.1;protein_499,GCF_001272755.1;protein_500,GCF_000733995.1;protein_577,GCF_002090215.1;protein_499,GCF_000319655.2;protein_503,GCF_009947575.1;protein_500,GCF_009945865.1;protein_503,GCF_009943805.1;protein_500,GCF_002090295.1;protein_499,,,,,,,
GCF_910574535.1;protein_498,GCF_002128045.1;protein_499,GCF_000319675.2;protein_500,GCF_000027345.1;protein_502,GCF_000283755.1;protein_504,GCF_002127985.1;protein_501,GCF_009947205.1;protein_500,GCF_041931765.1;protein_580,GCF_040256845.1;protein_502,GCF_002128265.1;protein_503,GCF_041931565.1;protein_695,GCF_009944725.1;protein_504,GCF_002128145.1;protein_500,GCF_001558175.1;protein_503,GCF_009942155.1;protein_502,GCF_041931755.1;protein_580,GCF_001272775.1;protein_503,GCF_009939765.1;protein_502,GCF_002355715.1;protein_503,GCF_900660465.1;protein_224,GCF_002128285.1;protein_501,GCF_009944335.1;protein_500,GCF_001272755.1;protein_501,GCF_000733995.1;protein_578,GCF_002090215.1;protein_500,GCF_000319655.2;protein_504,GCF_009947575.1;protein_501,GCF_009945865.1;protein_504,GCF_009943805.1;protein_501,GCF_002090295.1;protein_500,,,,,,,
GCF_910574535.1;protein_499,GCF_002128045.1;protein_500,GCF_000319675.2;protein_501,GCF_000027345.1;protein_503,,,,GCF_041931765.1;protein_581,GCF_040256845.1;protein_503,GCF_002128265.1;protein_504,GCF_041931565.1;protein_696,GCF_009944725.1;protein_505,GCF_002128145.1;protein_501,GCF_001558175.1;protein_504,GCF_009942155.1;protein_503,GCF_041931755.1;protein_581,,GCF_009939765.1;protein_503,GCF_002355715.1;protein_504,GCF_900660465.1;protein_223,GCF_002128285.1;protein_502,GCF_009944335.1;protein_501,GCF_001272755.1;protein_502,GCF_000733995.1;protein_579,GCF_002090215.1;protein_501,GCF_000319655.2;protein_505,GCF_009947575.1;protein_502,GCF_009945865.1;protein_505,GCF_009943805.1;protein_502,GCF_002090295.1;protein_501,,,,,,,
GCF_910574535.1;protein_5,GCF_002128045.1;protein_5,GCF_000319675.2;protein_5,GCF_000027345.1;protein_5,GCF_000283755.1;protein_5,GCF_002127985.1;protein_5,GCF_009947205.1;protein_5,GCF_041931765.1;protein_82,GCF_040256845.1;protein_5,GCF_002128265.1;protein_5,GCF_041931565.1;protein_201,GCF_009944725.1;protein_5,GCF_002128145.1;protein_5,GCF_001558175.1;protein_5,GCF_009942155.1;protein_5,GCF_041931755.1;protein_82,GCF_001272775.1;protein_5,GCF_009939765.1;protein_5,GCF_002355715.1;protein_5,GCF_900660465.1;protein_722,GCF_002128285.1;protein_5,GCF_009944335.1;protein_5,GCF_001272755.1;protein_5,GCF_000733995.1;protein_81,GCF_002090215.1;protein_5,GCF_000319655.2;protein_5,GCF_009947575.1;protein_5,GCF_009945865.1;protein_5,GCF_009943805.1;protein_5,GCF_002090295.1;protein_5,,,,,,,
GCF_910574535.1;protein_50,GCF_002128045.1;protein_49,GCF_000319675.2;protein_49,GCF_000027345.1;protein_50,GCF_000283755.1;protein_49,GCF_002127985.1;protein_50,GCF_009947205.1;protein_50,GCF_041931765.1;protein_127,GCF_040256845.1;protein_49,GCF_002128265.1;protein_49,GCF_041931565.1;protein_246,GCF_009944725.1;protein_50,GCF_002128145.1;protein_50,GCF_001558175.1;protein_49,GCF_009942155.1;protein_49,GCF_041931755.1;protein_126,GCF_001272775.1;protein_50,GCF_009939765.1;protein_50,GCF_002355715.1;protein_49,GCF_900660465.1;protein_677,GCF_002128285.1;protein_50,GCF_009944335.1;protein_50,GCF_001272755.1;protein_50,GCF_000733995.1;protein_126,GCF_002090215.1;protein_49,GCF_000319655.2;protein_50,GCF_009947575.1;protein_50,GCF_009945865.1;protein_50,GCF_009943805.1;protein_50,GCF_002090295.1;protein_50,,,,,,,
GCF_910574535.1;protein_500,GCF_002128045.1;protein_501,GCF_000319675.2;protein_502,GCF_000027345.1;protein_504,GCF_000283755.1;protein_506,GCF_002127985.1;protein_503,GCF_009947205.1;protein_502,GCF_041931765.1;protein_582,GCF_040256845.1;protein_504,GCF_002128265.1;protein_505,GCF_041931565.1;protein_697,GCF_009944725.1;protein_506,GCF_002128145.1;protein_502,GCF_001558175.1;protein_505,GCF_009942155.1;protein_504,GCF_041931755.1;protein_582,GCF_001272775.1;protein_505,GCF_009939765.1;protein_504,GCF_002355715.1;protein_505,GCF_900660465.1;protein_222,GCF_002128285.1;protein_503,GCF_009944335.1;protein_502,GCF_001272755.1;protein_503,GCF_000733995.1;protein_580,GCF_002090215.1;protein_502,GCF_000319655.2;protein_506,GCF_009947575.1;protein_503,GCF_009945865.1;protein_506,GCF_009943805.1;protein_503,GCF_002090295.1;protein_502,,,,,,,
GCF_910574535.1;protein_501,GCF_002128045.1;protein_502,GCF_000319675.2;protein_503,GCF_000027345.1;protein_505,GCF_000283755.1;protein_507,GCF_002127985.1;protein_504,GCF_009947205.1;protein_503,GCF_041931765.1;protein_583,GCF_040256845.1;protein_505,GCF_002128265.1;protein_506,GCF_041931565.1;protein_698,GCF_009944725.1;protein_507,GCF_002128145.1;protein_503,GCF_001558175.1;protein_506,GCF_009942155.1;protein_505,GCF_041931755.1;protein_583,GCF_001272775.1;protein_506,GCF_009939765.1;protein_505,GCF_002355715.1;protein_506,GCF_900660465.1;protein_221,GCF_002128285.1;protein_504,GCF_009944335.1;protein_503,GCF_001272755.1;protein_504,GCF_000733995.1;protein_581,GCF_002090215.1;protein_503,,GCF_009947575.1;protein_504,GCF_009945865.1;protein_507,GCF_009943805.1;protein_504,GCF_002090295.1;protein_503,,,,,,,
GCF_910574535.1;protein_502,GCF_002128045.1;protein_503,GCF_000319675.2;protein_504,GCF_000027345.1;protein_506,GCF_000283755.1;protein_508,GCF_002127985.1;protein_505,GCF_009947205.1;protein_504,GCF_041931765.1;protein_584,GCF_040256845.1;protein_506,GCF_002128265.1;protein_507,GCF_041931565.1;protein_699,GCF_009944725.1;protein_508,GCF_002128145.1;protein_504,GCF_001558175.1;protein_507,GCF_009942155.1;protein_506,GCF_041931755.1;protein_584,GCF_001272775.1;protein_507,GCF_009939765.1;protein_506,GCF_002355715.1;protein_507,GCF_900660465.1;protein_220,GCF_002128285.1;protein_505,GCF_009944335.1;protein_504,GCF_001272755.1;protein_505,GCF_000733995.1;protein_582,GCF_002090215.1;protein_504,GCF_000319655.2;protein_509,GCF_009947575.1;protein_505,GCF_009945865.1;protein_508,GCF_009943805.1;protein_505,GCF_002090295.1;protein_504,,,,,,,
GCF_910574535.1;protein_503,GCF_002128045.1;protein_504,GCF_000319675.2;protein_505,GCF_000027345.1;protein_507,GCF_000283755.1;protein_509,GCF_002127985.1;protein_506,GCF_009947205.1;protein_505,GCF_041931765.1;protein_585,GCF_040256845.1;protein_507,GCF_002128265.1;protein_508,GCF_041931565.1;protein_700,GCF_009944725.1;protein_509,GCF_002128145.1;protein_505,GCF_001558175.1;protein_508,GCF_009942155.1;protein_507,GCF_041931755.1;protein_585,GCF_001272775.1;protein_508,GCF_009939765.1;protein_507,GCF_002355715.1;protein_508,GCF_900660465.1;protein_219,GCF_002128285.1;protein_506,GCF_009944335.1;protein_505,GCF_001272755.1;protein_506,GCF_000733995.1;protein_583,GCF_002090215.1;protein_505,GCF_000319655.2;protein_510,GCF_009947575.1;protein_506,GCF_009945865.1;protein_509,GCF_009943805.1;protein_506,GCF_002090295.1;protein_505,,,,,,,
GCF_910574535.1;protein_504,GCF_002128045.1;protein_505,GCF_000319675.2;protein_506,GCF_000027345.1;protein_509,GCF_000283755.1;protein_510,GCF_002127985.1;protein_507,GCF_009947205.1;protein_506,GCF_041931765.1;protein_586,GCF_040256845.1;protein_508,GCF_002128265.1;protein_509,GCF_041931565.1;protein_701,GCF_009944725.1;protein_510,GCF_002128145.1;protein_506,GCF_001558175.1;protein_509,GCF_009942155.1;protein_508,GCF_041931755.1;protein_586,GCF_001272775.1;protein_509,GCF_009939765.1;protein_508,GCF_002355715.1;protein_509,GCF_900660465.1;protein_218,GCF_002128285.1;protein_507,GCF_009944335.1;protein_506,GCF_001272755.1;protein_507,GCF_000733995.1;protein_584,GCF_002090215.1;protein_506,GCF_000319655.2;protein_511,GCF_009947575.1;protein_507,GCF_009945865.1;protein_510,GCF_009943805.1;protein_507,GCF_002090295.1;protein_506,,,,,,,
GCF_910574535.1;protein_505,GCF_002128045.1;protein_506,GCF_000319675.2;protein_507,GCF_000027345.1;protein_510,GCF_000283755.1;protein_511,GCF_002127985.1;protein_508,GCF_009947205.1;protein_507,GCF_041931765.1;protein_587,GCF_040256845.1;protein_509,GCF_002128265.1;protein_510,GCF_041931565.1;protein_702,GCF_009944725.1;protein_511,GCF_002128145.1;protein_507,GCF_001558175.1;protein_510,GCF_009942155.1;protein_509,GCF_041931755.1;protein_587,GCF_001272775.1;protein_510,GCF_009939765.1;protein_509,GCF_002355715.1;protein_510,GCF_900660465.1;protein_217,GCF_002128285.1;protein_508,GCF_009944335.1;protein_507,GCF_001272755.1;protein_508,GCF_000733995.1;protein_585,GCF_002090215.1;protein_507,GCF_000319655.2;protein_512,GCF_009947575.1;protein_508,GCF_009945865.1;protein_511,GCF_009943805.1;protein_508,GCF_002090295.1;protein_507,,,,,,,
GCF_910574535.1;protein_506,GCF_002128045.1;protein_507,GCF_000319675.2;protein_508,GCF_000027345.1;protein_511,GCF_000283755.1;protein_512,GCF_002127985.1;protein_509,GCF_009947205.1;protein_508,GCF_041931765.1;protein_588,GCF_040256845.1;protein_510,GCF_002128265.1;protein_511,GCF_041931565.1;protein_703,GCF_009944725.1;protein_512,GCF_002128145.1;protein_508,GCF_001558175.1;protein_511,GCF_009942155.1;protein_510,GCF_041931755.1;protein_588,GCF_001272775.1;protein_511,GCF_009939765.1;protein_510,GCF_002355715.1;protein_511,GCF_900660465.1;protein_216,GCF_002128285.1;protein_509,GCF_009944335.1;protein_508,GCF_001272755.1;protein_509,GCF_000733995.1;protein_586,GCF_002090215.1;protein_508,GCF_000319655.2;protein_513,GCF_009947575.1;protein_509,GCF_009945865.1;protein_512,GCF_009943805.1;protein_509,GCF_002090295.1;protein_508,,,,,,,
GCF_910574535.1;protein_507,GCF_002128045.1;protein_508,GCF_000319675.2;protein_509,GCF_000027345.1;protein_512,GCF_000283755.1;protein_513,GCF_002127985.1;protein_510,GCF_009947205.1;protein_509,GCF_041931765.1;protein_589,GCF_040256845.1;protein_511,GCF_002128265.1;protein_512,GCF_041931565.1;protein_704,GCF_009944725.1;protein_513,GCF_002128145.1;protein_509,GCF_001558175.1;protein_512,GCF_009942155.1;protein_511,GCF_041931755.1;protein_589,GCF_001272775.1;protein_512,GCF_009939765.1;protein_511,GCF_002355715.1;protein_512,GCF_900660465.1;protein_215,GCF_002128285.1;protein_510,GCF_009944335.1;protein_509,GCF_001272755.1;protein_510,GCF_000733995.1;protein_587,GCF_002090215.1;protein_509,GCF_000319655.2;protein_514,GCF_009947575.1;protein_510,GCF_009945865.1;protein_513,GCF_009943805.1;protein_510,GCF_002090295.1;protein_509,,,,,,,
GCF_910574535.1;protein_508,GCF_002128045.1;protein_509,GCF_000319675.2;protein_510,GCF_000027345.1;protein_513,GCF_000283755.1;protein_514,GCF_002127985.1;protein_511,GCF_009947205.1;protein_510,GCF_041931765.1;protein_590,GCF_040256845.1;protein_512,GCF_002128265.1;protein_513,GCF_041931565.1;protein_705,GCF_009944725.1;protein_514,GCF_002128145.1;protein_510,GCF_001558175.1;protein_513,GCF_009942155.1;protein_512,GCF_041931755.1;protein_590,GCF_001272775.1;protein_513,GCF_009939765.1;protein_512,GCF_002355715.1;protein_513,GCF_900660465.1;protein_214,GCF_002128285.1;protein_511,GCF_009944335.1;protein_510,GCF_001272755.1;protein_511,GCF_000733995.1;protein_588,GCF_002090215.1;protein_510,GCF_000319655.2;protein_515,GCF_009947575.1;protein_511,GCF_009945865.1;protein_514,GCF_009943805.1;protein_511,GCF_002090295.1;protein_510,,,,,,,
GCF_910574535.1;protein_509,GCF_002128045.1;protein_510,GCF_000319675.2;protein_511,GCF_000027345.1;protein_514,GCF_000283755.1;protein_515,GCF_002127985.1;protein_512,GCF_009947205.1;protein_511,GCF_041931765.1;protein_591,GCF_040256845.1;protein_513,GCF_002128265.1;protein_514,GCF_041931565.1;protein_706,GCF_009944725.1;protein_515,GCF_002128145.1;protein_511,GCF_001558175.1;protein_514,GCF_009942155.1;protein_513,GCF_041931755.1;protein_591,GCF_001272775.1;protein_514,GCF_009939765.1;protein_513,GCF_002355715.1;protein_514,GCF_900660465.1;protein_213,GCF_002128285.1;protein_512,GCF_009944335.1;protein_511,GCF_001272755.1;protein_512,GCF_000733995.1;protein_589,GCF_002090215.1;protein_511,GCF_000319655.2;protein_516,GCF_009947575.1;protein_512,GCF_009945865.1;protein_515,GCF_009943805.1;protein_512,GCF_002090295.1;protein_511,,,,,,,
GCF_910574535.1;protein_51,GCF_002128045.1;protein_50,GCF_000319675.2;protein_50,GCF_000027345.1;protein_51,GCF_000283755.1;protein_50,GCF_002127985.1;protein_51,GCF_009947205.1;protein_51,GCF_041931765.1;protein_128,GCF_040256845.1;protein_50,GCF_002128265.1;protein_50,GCF_041931565.1;protein_247,GCF_009944725.1;protein_51,GCF_002128145.1;protein_51,GCF_001558175.1;protein_50,GCF_009942155.1;protein_50,GCF_041931755.1;protein_127,GCF_001272775.1;protein_51,GCF_009939765.1;protein_51,GCF_002355715.1;protein_50,GCF_900660465.1;protein_676,GCF_002128285.1;protein_51,GCF_009944335.1;protein_51,GCF_001272755.1;protein_51,GCF_000733995.1;protein_127,GCF_002090215.1;protein_50,GCF_000319655.2;protein_51,GCF_009947575.1;protein_51,GCF_009945865.1;protein_51,GCF_009943805.1;protein_51,GCF_002090295.1;protein_51,,,,,,,
GCF_910574535.1;protein_510,GCF_002128045.1;protein_511,GCF_000319675.2;protein_512,GCF_000027345.1;protein_515,GCF_000283755.1;protein_516,GCF_002127985.1;protein_513,GCF_009947205.1;protein_512,GCF_041931765.1;protein_592,GCF_040256845.1;protein_514,GCF_002128265.1;protein_515,GCF_041931565.1;protein_707,GCF_009944725.1;protein_516,GCF_002128145.1;protein_512,GCF_001558175.1;protein_515,GCF_009942155.1;protein_514,GCF_041931755.1;protein_592,GCF_001272775.1;protein_515,GCF_009939765.1;protein_514,GCF_002355715.1;protein_515,GCF_900660465.1;protein_212,GCF_002128285.1;protein_513,GCF_009944335.1;protein_512,GCF_001272755.1;protein_513,GCF_000733995.1;protein_590,GCF_002090215.1;protein_512,GCF_000319655.2;protein_517,GCF_009947575.1;protein_513,GCF_009945865.1;protein_516,GCF_009943805.1;protein_513,GCF_002090295.1;protein_512,,,,,,,
GCF_910574535.1;protein_511,GCF_002128045.1;protein_512,GCF_000319675.2;protein_513,GCF_000027345.1;protein_516,GCF_000283755.1;protein_517,GCF_002127985.1;protein_514,GCF_009947205.1;protein_513,GCF_041931765.1;protein_593,GCF_040256845.1;protein_515,GCF_002128265.1;protein_516,GCF_041931565.1;protein_708,GCF_009944725.1;protein_517,GCF_002128145.1;protein_513,GCF_001558175.1;protein_516,GCF_009942155.1;protein_515,GCF_041931755.1;protein_593,GCF_001272775.1;protein_516,GCF_009939765.1;protein_515,GCF_002355715.1;protein_516,GCF_900660465.1;protein_211,GCF_002128285.1;protein_514,GCF_009944335.1;protein_513,GCF_001272755.1;protein_514,GCF_000733995.1;protein_591,GCF_002090215.1;protein_513,GCF_000319655.2;protein_518,GCF_009947575.1;protein_514,GCF_009945865.1;protein_517,GCF_009943805.1;protein_514,GCF_002090295.1;protein_513,,,,,,,
GCF_910574535.1;protein_512,GCF_002128045.1;protein_513,GCF_000319675.2;protein_514,GCF_000027345.1;protein_517,GCF_000283755.1;protein_518,GCF_002127985.1;protein_515,GCF_009947205.1;protein_514,GCF_041931765.1;protein_594,GCF_040256845.1;protein_516,GCF_002128265.1;protein_517,GCF_041931565.1;protein_709,GCF_009944725.1;protein_518,GCF_002128145.1;protein_514,GCF_001558175.1;protein_517,GCF_009942155.1;protein_516,GCF_041931755.1;protein_594,GCF_001272775.1;protein_517,GCF_009939765.1;protein_516,GCF_002355715.1;protein_517,GCF_900660465.1;protein_210,GCF_002128285.1;protein_515,GCF_009944335.1;protein_514,GCF_001272755.1;protein_515,GCF_000733995.1;protein_592,GCF_002090215.1;protein_514,GCF_000319655.2;protein_519,GCF_009947575.1;protein_515,GCF_009945865.1;protein_518,GCF_009943805.1;protein_515,GCF_002090295.1;protein_514,,,,,,,
GCF_910574535.1;protein_513,GCF_002128045.1;protein_514,GCF_000319675.2;protein_515,GCF_000027345.1;protein_518,GCF_000283755.1;protein_519,GCF_002127985.1;protein_516,GCF_009947205.1;protein_515,GCF_041931765.1;protein_595,GCF_040256845.1;protein_517,GCF_002128265.1;protein_518,GCF_041931565.1;protein_710,GCF_009944725.1;protein_519,GCF_002128145.1;protein_515,GCF_001558175.1;protein_518,GCF_009942155.1;protein_517,GCF_041931755.1;protein_595,GCF_001272775.1;protein_518,GCF_009939765.1;protein_517,GCF_002355715.1;protein_518,GCF_900660465.1;protein_209,GCF_002128285.1;protein_516,GCF_009944335.1;protein_515,GCF_001272755.1;protein_516,GCF_000733995.1;protein_593,GCF_002090215.1;protein_515,GCF_000319655.2;protein_520,GCF_009947575.1;protein_516,GCF_009945865.1;protein_519,GCF_009943805.1;protein_516,GCF_002090295.1;protein_515,,,,,,,
GCF_910574535.1;protein_514,GCF_002128045.1;protein_515,GCF_000319675.2;protein_516,GCF_000027345.1;protein_519,GCF_000283755.1;protein_520,GCF_002127985.1;protein_517,GCF_009947205.1;protein_516,GCF_041931765.1;protein_596,GCF_040256845.1;protein_518,GCF_002128265.1;protein_519,GCF_041931565.1;protein_711,GCF_009944725.1;protein_520,GCF_002128145.1;protein_516,GCF_001558175.1;protein_519,GCF_009942155.1;protein_518,GCF_041931755.1;protein_596,GCF_001272775.1;protein_519,GCF_009939765.1;protein_518,GCF_002355715.1;protein_519,GCF_900660465.1;protein_208,GCF_002128285.1;protein_517,GCF_009944335.1;protein_516,GCF_001272755.1;protein_517,GCF_000733995.1;protein_594,GCF_002090215.1;protein_516,GCF_000319655.2;protein_521,GCF_009947575.1;protein_517,GCF_009945865.1;protein_520,GCF_009943805.1;protein_517,GCF_002090295.1;protein_516,,,,,,,
GCF_910574535.1;protein_517,GCF_002128045.1;protein_518,GCF_000319675.2;protein_519,GCF_000027345.1;protein_522,GCF_000283755.1;protein_523,GCF_002127985.1;protein_520,GCF_009947205.1;protein_519,GCF_041931765.1;protein_599,GCF_040256845.1;protein_521,GCF_002128265.1;protein_522,GCF_041931565.1;protein_714,GCF_009944725.1;protein_523,GCF_002128145.1;protein_519,GCF_001558175.1;protein_522,GCF_009942155.1;protein_521,GCF_041931755.1;protein_599,GCF_001272775.1;protein_522,GCF_009939765.1;protein_521,GCF_002355715.1;protein_522,GCF_900660465.1;protein_205,GCF_002128285.1;protein_520,GCF_009944335.1;protein_519,GCF_001272755.1;protein_520,GCF_000733995.1;protein_597,GCF_002090215.1;protein_519,GCF_000319655.2;protein_524,GCF_009947575.1;protein_520,GCF_009945865.1;protein_523,GCF_009943805.1;protein_520,GCF_002090295.1;protein_519,,,,,,,
GCF_910574535.1;protein_52,GCF_002128045.1;protein_51,GCF_000319675.2;protein_51,GCF_000027345.1;protein_52,GCF_000283755.1;protein_51,GCF_002127985.1;protein_52,GCF_009947205.1;protein_52,GCF_041931765.1;protein_129,GCF_040256845.1;protein_51,GCF_002128265.1;protein_51,GCF_041931565.1;protein_248,GCF_009944725.1;protein_52,GCF_002128145.1;protein_52,GCF_001558175.1;protein_51,GCF_009942155.1;protein_51,GCF_041931755.1;protein_128,GCF_001272775.1;protein_52,GCF_009939765.1;protein_52,GCF_002355715.1;protein_51,GCF_900660465.1;protein_675,GCF_002128285.1;protein_52,GCF_009944335.1;protein_52,GCF_001272755.1;protein_52,GCF_000733995.1;protein_128,GCF_002090215.1;protein_51,GCF_000319655.2;protein_52,GCF_009947575.1;protein_52,GCF_009945865.1;protein_52,GCF_009943805.1;protein_52,GCF_002090295.1;protein_52,,,,,,,
GCF_910574535.1;protein_521,GCF_002128045.1;protein_522,GCF_000319675.2;protein_523,GCF_000027345.1;protein_528,GCF_000283755.1;protein_527,GCF_002127985.1;protein_524,GCF_009947205.1;protein_523,GCF_041931765.1;protein_603,GCF_040256845.1;protein_525,GCF_002128265.1;protein_526,GCF_041931565.1;protein_2,GCF_009944725.1;protein_527,GCF_002128145.1;protein_523,GCF_001558175.1;protein_526,GCF_009942155.1;protein_525,GCF_041931755.1;protein_603,GCF_001272775.1;protein_526,GCF_009939765.1;protein_525,GCF_002355715.1;protein_526,GCF_900660465.1;protein_201,GCF_002128285.1;protein_524,GCF_009944335.1;protein_523,GCF_001272755.1;protein_524,GCF_000733995.1;protein_601,GCF_002090215.1;protein_523,GCF_000319655.2;protein_528,GCF_009947575.1;protein_524,GCF_009945865.1;protein_527,GCF_009943805.1;protein_524,GCF_002090295.1;protein_523,,,,,,,
GCF_910574535.1;protein_524,GCF_002128045.1;protein_525,GCF_000319675.2;protein_526,GCF_000027345.1;protein_531,GCF_000283755.1;protein_530,GCF_002127985.1;protein_527,GCF_009947205.1;protein_526,GCF_041931765.1;protein_606,GCF_040256845.1;protein_528,GCF_002128265.1;protein_529,GCF_041931565.1;protein_5,GCF_009944725.1;protein_530,GCF_002128145.1;protein_526,GCF_001558175.1;protein_529,GCF_009942155.1;protein_528,GCF_041931755.1;protein_606,GCF_001272775.1;protein_529,GCF_009939765.1;protein_528,GCF_002355715.1;protein_529,GCF_900660465.1;protein_198,GCF_002128285.1;protein_527,GCF_009944335.1;protein_526,GCF_001272755.1;protein_527,GCF_000733995.1;protein_604,GCF_002090215.1;protein_526,GCF_000319655.2;protein_531,GCF_009947575.1;protein_527,GCF_009945865.1;protein_530,GCF_009943805.1;protein_527,GCF_002090295.1;protein_526,,,,,,,
GCF_910574535.1;protein_525,GCF_002128045.1;protein_526,GCF_000319675.2;protein_527,GCF_000027345.1;protein_532,GCF_000283755.1;protein_531,GCF_002127985.1;protein_528,GCF_009947205.1;protein_527,GCF_041931765.1;protein_607,GCF_040256845.1;protein_529,GCF_002128265.1;protein_530,GCF_041931565.1;protein_6,GCF_009944725.1;protein_531,GCF_002128145.1;protein_527,GCF_001558175.1;protein_530,GCF_009942155.1;protein_529,GCF_041931755.1;protein_607,GCF_001272775.1;protein_530,GCF_009939765.1;protein_529,GCF_002355715.1;protein_530,GCF_900660465.1;protein_197,GCF_002128285.1;protein_528,GCF_009944335.1;protein_527,GCF_001272755.1;protein_528,GCF_000733995.1;protein_605,GCF_002090215.1;protein_527,GCF_000319655.2;protein_532,GCF_009947575.1;protein_528,GCF_009945865.1;protein_531,GCF_009943805.1;protein_528,GCF_002090295.1;protein_527,,,,,,,
GCF_910574535.1;protein_526,GCF_002128045.1;protein_527,GCF_000319675.2;protein_528,GCF_000027345.1;protein_533,GCF_000283755.1;protein_532,GCF_002127985.1;protein_529,GCF_009947205.1;protein_528,GCF_041931765.1;protein_608,GCF_040256845.1;protein_530,GCF_002128265.1;protein_531,GCF_041931565.1;protein_7,GCF_009944725.1;protein_532,GCF_002128145.1;protein_528,GCF_001558175.1;protein_531,GCF_009942155.1;protein_530,GCF_041931755.1;protein_608,GCF_001272775.1;protein_531,GCF_009939765.1;protein_530,GCF_002355715.1;protein_531,GCF_900660465.1;protein_196,GCF_002128285.1;protein_529,GCF_009944335.1;protein_528,GCF_001272755.1;protein_529,GCF_000733995.1;protein_606,GCF_002090215.1;protein_528,GCF_000319655.2;protein_533,GCF_009947575.1;protein_529,GCF_009945865.1;protein_532,GCF_009943805.1;protein_529,GCF_002090295.1;protein_528,,,,,,,
GCF_910574535.1;protein_527,GCF_002128045.1;protein_528,GCF_000319675.2;protein_529,GCF_000027345.1;protein_534,GCF_000283755.1;protein_533,GCF_002127985.1;protein_530,GCF_009947205.1;protein_529,GCF_041931765.1;protein_609,GCF_040256845.1;protein_531,GCF_002128265.1;protein_532,GCF_041931565.1;protein_8,GCF_009944725.1;protein_533,GCF_002128145.1;protein_529,GCF_001558175.1;protein_532,GCF_009942155.1;protein_531,GCF_041931755.1;protein_609,GCF_001272775.1;protein_532,GCF_009939765.1;protein_531,GCF_002355715.1;protein_532,GCF_900660465.1;protein_194,GCF_002128285.1;protein_530,GCF_009944335.1;protein_529,GCF_001272755.1;protein_530,GCF_000733995.1;protein_607,GCF_002090215.1;protein_529,GCF_000319655.2;protein_534,GCF_009947575.1;protein_530,GCF_009945865.1;protein_533,GCF_009943805.1;protein_530,GCF_002090295.1;protein_529,,,,,,,
GCF_910574535.1;protein_528,GCF_002128045.1;protein_529,GCF_000319675.2;protein_530,GCF_000027345.1;protein_535,GCF_000283755.1;protein_534,GCF_002127985.1;protein_531,GCF_009947205.1;protein_530,GCF_041931765.1;protein_610,GCF_040256845.1;protein_532,GCF_002128265.1;protein_533,GCF_041931565.1;protein_9,GCF_009944725.1;protein_534,GCF_002128145.1;protein_530,GCF_001558175.1;protein_533,GCF_009942155.1;protein_532,GCF_041931755.1;protein_610,GCF_001272775.1;protein_533,GCF_009939765.1;protein_532,GCF_002355715.1;protein_533,GCF_900660465.1;protein_193,GCF_002128285.1;protein_531,GCF_009944335.1;protein_530,GCF_001272755.1;protein_531,GCF_000733995.1;protein_608,GCF_002090215.1;protein_530,GCF_000319655.2;protein_535,GCF_009947575.1;protein_531,GCF_009945865.1;protein_534,GCF_009943805.1;protein_531,GCF_002090295.1;protein_530,,,,,,,
GCF_910574535.1;protein_529,GCF_002128045.1;protein_530,GCF_000319675.2;protein_531,GCF_000027345.1;protein_536,,GCF_002127985.1;protein_532,GCF_009947205.1;protein_531,,GCF_040256845.1;protein_533,,,,GCF_002128145.1;protein_531,GCF_001558175.1;protein_534,,,GCF_001272775.1;protein_534,GCF_009939765.1;protein_533,,,,GCF_009944335.1;protein_531,GCF_001272755.1;protein_532,GCF_000733995.1;protein_609,GCF_002090215.1;protein_531,,GCF_009947575.1;protein_532,,GCF_009943805.1;protein_532,GCF_002090295.1;protein_531,,,,,,,
GCF_910574535.1;protein_53,GCF_002128045.1;protein_52,GCF_000319675.2;protein_52,GCF_000027345.1;protein_53,GCF_000283755.1;protein_52,GCF_002127985.1;protein_53,GCF_009947205.1;protein_53,GCF_041931765.1;protein_130,GCF_040256845.1;protein_52,GCF_002128265.1;protein_52,GCF_041931565.1;protein_249,GCF_009944725.1;protein_53,GCF_002128145.1;protein_53,GCF_001558175.1;protein_52,GCF_009942155.1;protein_52,GCF_041931755.1;protein_129,GCF_001272775.1;protein_53,GCF_009939765.1;protein_53,GCF_002355715.1;protein_52,GCF_900660465.1;protein_674,GCF_002128285.1;protein_53,GCF_009944335.1;protein_53,GCF_001272755.1;protein_53,GCF_000733995.1;protein_129,GCF_002090215.1;protein_52,GCF_000319655.2;protein_53,GCF_009947575.1;protein_53,GCF_009945865.1;protein_53,GCF_009943805.1;protein_53,GCF_002090295.1;protein_53,,,,,,,
GCF_910574535.1;protein_530,GCF_002128045.1;protein_531,GCF_000319675.2;protein_532,GCF_000027345.1;protein_537,GCF_000283755.1;protein_536,GCF_002127985.1;protein_534,GCF_009947205.1;protein_532,GCF_041931765.1;protein_611,GCF_040256845.1;protein_534,GCF_002128265.1;protein_535,GCF_041931565.1;protein_10,GCF_009944725.1;protein_536,GCF_002128145.1;protein_532,GCF_001558175.1;protein_535,GCF_009942155.1;protein_534,GCF_041931755.1;protein_611,GCF_001272775.1;protein_536,GCF_009939765.1;protein_535,GCF_002355715.1;protein_535,GCF_900660465.1;protein_191,,GCF_009944335.1;protein_532,GCF_001272755.1;protein_533,GCF_000733995.1;protein_610,GCF_002090215.1;protein_532,GCF_000319655.2;protein_537,GCF_009947575.1;protein_533,GCF_009945865.1;protein_536,GCF_009943805.1;protein_533,GCF_002090295.1;protein_532,,,,,,,
GCF_910574535.1;protein_531,GCF_002128045.1;protein_532,GCF_000319675.2;protein_533,GCF_000027345.1;protein_538,GCF_000283755.1;protein_537,GCF_002127985.1;protein_535,GCF_009947205.1;protein_533,,GCF_040256845.1;protein_535,GCF_002128265.1;protein_536,,GCF_009944725.1;protein_537,GCF_002128145.1;protein_533,GCF_001558175.1;protein_536,GCF_009942155.1;protein_535,,GCF_001272775.1;protein_537,GCF_009939765.1;protein_536,GCF_002355715.1;protein_536,GCF_900660465.1;protein_190,GCF_002128285.1;protein_534,GCF_009944335.1;protein_533,,GCF_000733995.1;protein_611,GCF_002090215.1;protein_533,GCF_000319655.2;protein_538,GCF_009947575.1;protein_534,GCF_009945865.1;protein_537,GCF_009943805.1;protein_534,GCF_002090295.1;protein_533,,,,,,,
GCF_910574535.1;protein_532,GCF_002128045.1;protein_533,GCF_000319675.2;protein_534,GCF_000027345.1;protein_539,GCF_000283755.1;protein_538,GCF_002127985.1;protein_536,GCF_009947205.1;protein_534,GCF_041931765.1;protein_613,GCF_040256845.1;protein_536,GCF_002128265.1;protein_537,GCF_041931565.1;protein_12,GCF_009944725.1;protein_538,GCF_002128145.1;protein_534,GCF_001558175.1;protein_537,GCF_009942155.1;protein_536,GCF_041931755.1;protein_613,GCF_001272775.1;protein_538,GCF_009939765.1;protein_537,GCF_002355715.1;protein_537,GCF_900660465.1;protein_189,GCF_002128285.1;protein_535,GCF_009944335.1;protein_534,GCF_001272755.1;protein_536,GCF_000733995.1;protein_612,GCF_002090215.1;protein_534,GCF_000319655.2;protein_539,GCF_009947575.1;protein_535,GCF_009945865.1;protein_538,GCF_009943805.1;protein_535,GCF_002090295.1;protein_534,,,,,,,
GCF_910574535.1;protein_533,GCF_002128045.1;protein_534,GCF_000319675.2;protein_535,GCF_000027345.1;protein_540,GCF_000283755.1;protein_539,GCF_002127985.1;protein_537,GCF_009947205.1;protein_535,GCF_041931765.1;protein_614,GCF_040256845.1;protein_537,GCF_002128265.1;protein_538,GCF_041931565.1;protein_13,GCF_009944725.1;protein_539,GCF_002128145.1;protein_535,GCF_001558175.1;protein_538,GCF_009942155.1;protein_537,GCF_041931755.1;protein_614,GCF_001272775.1;protein_539,GCF_009939765.1;protein_538,GCF_002355715.1;protein_538,GCF_900660465.1;protein_188,GCF_002128285.1;protein_536,GCF_009944335.1;protein_535,GCF_001272755.1;protein_537,GCF_000733995.1;protein_613,GCF_002090215.1;protein_535,GCF_000319655.2;protein_540,GCF_009947575.1;protein_536,GCF_009945865.1;protein_539,GCF_009943805.1;protein_536,GCF_002090295.1;protein_535,,,,,,,
GCF_910574535.1;protein_534,GCF_002128045.1;protein_535,GCF_000319675.2;protein_536,GCF_000027345.1;protein_541,GCF_000283755.1;protein_540,GCF_002127985.1;protein_538,GCF_009947205.1;protein_536,GCF_041931765.1;protein_615,GCF_040256845.1;protein_538,GCF_002128265.1;protein_539,GCF_041931565.1;protein_14,GCF_009944725.1;protein_540,GCF_002128145.1;protein_536,GCF_001558175.1;protein_539,GCF_009942155.1;protein_538,GCF_041931755.1;protein_615,GCF_001272775.1;protein_540,GCF_009939765.1;protein_539,GCF_002355715.1;protein_539,GCF_900660465.1;protein_187,GCF_002128285.1;protein_537,GCF_009944335.1;protein_536,GCF_001272755.1;protein_538,GCF_000733995.1;protein_614,GCF_002090215.1;protein_536,GCF_000319655.2;protein_541,GCF_009947575.1;protein_537,GCF_009945865.1;protein_540,GCF_009943805.1;protein_537,GCF_002090295.1;protein_536,,,,,,,
GCF_910574535.1;protein_535,GCF_002128045.1;protein_536,GCF_000319675.2;protein_537,GCF_000027345.1;protein_542,GCF_000283755.1;protein_541,GCF_002127985.1;protein_539,GCF_009947205.1;protein_537,GCF_041931765.1;protein_616,GCF_040256845.1;protein_539,GCF_002128265.1;protein_540,GCF_041931565.1;protein_15,GCF_009944725.1;protein_541,GCF_002128145.1;protein_537,GCF_001558175.1;protein_540,GCF_009942155.1;protein_539,GCF_041931755.1;protein_616,GCF_001272775.1;protein_541,GCF_009939765.1;protein_540,GCF_002355715.1;protein_540,GCF_900660465.1;protein_186,GCF_002128285.1;protein_538,GCF_009944335.1;protein_537,GCF_001272755.1;protein_539,GCF_000733995.1;protein_615,GCF_002090215.1;protein_537,GCF_000319655.2;protein_542,GCF_009947575.1;protein_538,GCF_009945865.1;protein_541,GCF_009943805.1;protein_538,GCF_002090295.1;protein_537,,,,,,,
GCF_910574535.1;protein_536,GCF_002128045.1;protein_537,GCF_000319675.2;protein_538,GCF_000027345.1;protein_543,GCF_000283755.1;protein_542,GCF_002127985.1;protein_540,GCF_009947205.1;protein_538,GCF_041931765.1;protein_617,GCF_040256845.1;protein_540,GCF_002128265.1;protein_541,GCF_041931565.1;protein_16,GCF_009944725.1;protein_542,GCF_002128145.1;protein_538,GCF_001558175.1;protein_541,GCF_009942155.1;protein_540,GCF_041931755.1;protein_617,GCF_001272775.1;protein_542,GCF_009939765.1;protein_541,GCF_002355715.1;protein_541,GCF_900660465.1;protein_185,GCF_002128285.1;protein_539,GCF_009944335.1;protein_538,GCF_001272755.1;protein_540,GCF_000733995.1;protein_616,GCF_002090215.1;protein_538,GCF_000319655.2;protein_543,GCF_009947575.1;protein_539,GCF_009945865.1;protein_542,GCF_009943805.1;protein_539,GCF_002090295.1;protein_538,,,,,,,
GCF_910574535.1;protein_537,GCF_002128045.1;protein_538,GCF_000319675.2;protein_539,GCF_000027345.1;protein_544,GCF_000283755.1;protein_543,GCF_002127985.1;protein_541,GCF_009947205.1;protein_539,GCF_041931765.1;protein_618,GCF_040256845.1;protein_541,GCF_002128265.1;protein_542,GCF_041931565.1;protein_17,GCF_009944725.1;protein_543,GCF_002128145.1;protein_539,GCF_001558175.1;protein_542,GCF_009942155.1;protein_541,GCF_041931755.1;protein_618,GCF_001272775.1;protein_543,GCF_009939765.1;protein_542,GCF_002355715.1;protein_542,GCF_900660465.1;protein_184,GCF_002128285.1;protein_540,GCF_009944335.1;protein_539,GCF_001272755.1;protein_541,GCF_000733995.1;protein_617,GCF_002090215.1;protein_539,GCF_000319655.2;protein_544,GCF_009947575.1;protein_540,GCF_009945865.1;protein_543,GCF_009943805.1;protein_540,GCF_002090295.1;protein_539,,,,,,,
GCF_910574535.1;protein_538,GCF_002128045.1;protein_539,GCF_000319675.2;protein_540,GCF_000027345.1;protein_545,GCF_000283755.1;protein_544,GCF_002127985.1;protein_542,GCF_009947205.1;protein_540,GCF_041931765.1;protein_619,GCF_040256845.1;protein_542,GCF_002128265.1;protein_543,GCF_041931565.1;protein_18,GCF_009944725.1;protein_544,GCF_002128145.1;protein_540,GCF_001558175.1;protein_543,GCF_009942155.1;protein_542,GCF_041931755.1;protein_619,GCF_001272775.1;protein_544,GCF_009939765.1;protein_543,GCF_002355715.1;protein_543,GCF_900660465.1;protein_183,GCF_002128285.1;protein_541,GCF_009944335.1;protein_540,GCF_001272755.1;protein_542,GCF_000733995.1;protein_618,GCF_002090215.1;protein_540,GCF_000319655.2;protein_545,GCF_009947575.1;protein_541,GCF_009945865.1;protein_544,GCF_009943805.1;protein_541,GCF_002090295.1;protein_540,,,,,,,
GCF_910574535.1;protein_539,GCF_002128045.1;protein_540,GCF_000319675.2;protein_541,GCF_000027345.1;protein_546,,GCF_002127985.1;protein_543,GCF_009947205.1;protein_541,,GCF_040256845.1;protein_543,,GCF_041931565.1;protein_19,,GCF_002128145.1;protein_541,,,GCF_041931755.1;protein_620,GCF_001272775.1;protein_545,GCF_009939765.1;protein_544,,,,GCF_009944335.1;protein_541,GCF_001272755.1;protein_543,GCF_000733995.1;protein_619,GCF_002090215.1;protein_541,,GCF_009947575.1;protein_542,,GCF_009943805.1;protein_542,GCF_002090295.1;protein_541,,,,,,,
GCF_910574535.1;protein_54,GCF_002128045.1;protein_53,GCF_000319675.2;protein_53,GCF_000027345.1;protein_54,GCF_000283755.1;protein_53,GCF_002127985.1;protein_54,GCF_009947205.1;protein_54,GCF_041931765.1;protein_131,GCF_040256845.1;protein_53,GCF_002128265.1;protein_53,GCF_041931565.1;protein_250,GCF_009944725.1;protein_54,GCF_002128145.1;protein_54,GCF_001558175.1;protein_53,,GCF_041931755.1;protein_130,GCF_001272775.1;protein_54,GCF_009939765.1;protein_54,GCF_002355715.1;protein_53,GCF_900660465.1;protein_673,GCF_002128285.1;protein_54,GCF_009944335.1;protein_54,GCF_001272755.1;protein_54,GCF_000733995.1;protein_130,GCF_002090215.1;protein_53,GCF_000319655.2;protein_54,GCF_009947575.1;protein_54,GCF_009945865.1;protein_54,GCF_009943805.1;protein_54,GCF_002090295.1;protein_54,,,,,,,
GCF_910574535.1;protein_540,GCF_002128045.1;protein_541,GCF_000319675.2;protein_542,GCF_000027345.1;protein_547,GCF_000283755.1;protein_545,GCF_002127985.1;protein_544,GCF_009947205.1;protein_542,GCF_041931765.1;protein_620,GCF_040256845.1;protein_544,GCF_002128265.1;protein_544,GCF_041931565.1;protein_20,GCF_009944725.1;protein_545,GCF_002128145.1;protein_542,GCF_001558175.1;protein_544,GCF_009942155.1;protein_543,GCF_041931755.1;protein_621,GCF_001272775.1;protein_546,GCF_009939765.1;protein_545,GCF_002355715.1;protein_544,GCF_900660465.1;protein_182,GCF_002128285.1;protein_542,GCF_009944335.1;protein_542,GCF_001272755.1;protein_544,GCF_000733995.1;protein_620,GCF_002090215.1;protein_542,GCF_000319655.2;protein_546,GCF_009947575.1;protein_543,GCF_009945865.1;protein_545,GCF_009943805.1;protein_543,GCF_002090295.1;protein_542,,,,,,,
GCF_910574535.1;protein_541,GCF_002128045.1;protein_542,GCF_000319675.2;protein_543,GCF_000027345.1;protein_548,GCF_000283755.1;protein_546,GCF_002127985.1;protein_545,GCF_009947205.1;protein_543,GCF_041931765.1;protein_621,GCF_040256845.1;protein_545,GCF_002128265.1;protein_545,GCF_041931565.1;protein_21,GCF_009944725.1;protein_546,GCF_002128145.1;protein_543,GCF_001558175.1;protein_545,GCF_009942155.1;protein_544,GCF_041931755.1;protein_622,GCF_001272775.1;protein_547,GCF_009939765.1;protein_546,GCF_002355715.1;protein_545,GCF_900660465.1;protein_181,GCF_002128285.1;protein_543,GCF_009944335.1;protein_543,GCF_001272755.1;protein_545,GCF_000733995.1;protein_621,GCF_002090215.1;protein_543,GCF_000319655.2;protein_547,GCF_009947575.1;protein_544,GCF_009945865.1;protein_546,GCF_009943805.1;protein_544,GCF_002090295.1;protein_543,,,,,,,
GCF_910574535.1;protein_542,GCF_002128045.1;protein_543,GCF_000319675.2;protein_544,GCF_000027345.1;protein_549,GCF_000283755.1;protein_547,GCF_002127985.1;protein_546,GCF_009947205.1;protein_544,GCF_041931765.1;protein_622,GCF_040256845.1;protein_546,GCF_002128265.1;protein_546,GCF_041931565.1;protein_22,GCF_009944725.1;protein_547,GCF_002128145.1;protein_544,GCF_001558175.1;protein_546,GCF_009942155.1;protein_545,GCF_041931755.1;protein_623,GCF_001272775.1;protein_548,GCF_009939765.1;protein_547,GCF_002355715.1;protein_546,GCF_900660465.1;protein_180,GCF_002128285.1;protein_544,GCF_009944335.1;protein_544,GCF_001272755.1;protein_546,GCF_000733995.1;protein_622,GCF_002090215.1;protein_544,GCF_000319655.2;protein_548,GCF_009947575.1;protein_545,GCF_009945865.1;protein_547,GCF_009943805.1;protein_545,GCF_002090295.1;protein_544,,,,,,,
GCF_910574535.1;protein_543,GCF_002128045.1;protein_544,GCF_000319675.2;protein_545,GCF_000027345.1;protein_550,GCF_000283755.1;protein_548,GCF_002127985.1;protein_547,GCF_009947205.1;protein_545,GCF_041931765.1;protein_623,GCF_040256845.1;protein_547,GCF_002128265.1;protein_547,GCF_041931565.1;protein_23,GCF_009944725.1;protein_548,GCF_002128145.1;protein_545,GCF_001558175.1;protein_547,GCF_009942155.1;protein_546,GCF_041931755.1;protein_624,GCF_001272775.1;protein_549,GCF_009939765.1;protein_548,GCF_002355715.1;protein_547,GCF_900660465.1;protein_179,GCF_002128285.1;protein_545,GCF_009944335.1;protein_545,GCF_001272755.1;protein_547,GCF_000733995.1;protein_623,GCF_002090215.1;protein_545,GCF_000319655.2;protein_549,GCF_009947575.1;protein_546,GCF_009945865.1;protein_548,GCF_009943805.1;protein_546,GCF_002090295.1;protein_545,,,,,,,
GCF_910574535.1;protein_544,GCF_002128045.1;protein_545,GCF_000319675.2;protein_546,GCF_000027345.1;protein_551,GCF_000283755.1;protein_549,GCF_002127985.1;protein_548,GCF_009947205.1;protein_546,GCF_041931765.1;protein_624,GCF_040256845.1;protein_548,GCF_002128265.1;protein_548,GCF_041931565.1;protein_24,GCF_009944725.1;protein_549,GCF_002128145.1;protein_546,GCF_001558175.1;protein_548,GCF_009942155.1;protein_547,GCF_041931755.1;protein_625,GCF_001272775.1;protein_550,GCF_009939765.1;protein_549,GCF_002355715.1;protein_548,GCF_900660465.1;protein_178,GCF_002128285.1;protein_546,GCF_009944335.1;protein_546,GCF_001272755.1;protein_548,GCF_000733995.1;protein_624,GCF_002090215.1;protein_546,GCF_000319655.2;protein_550,GCF_009947575.1;protein_547,GCF_009945865.1;protein_549,GCF_009943805.1;protein_547,GCF_002090295.1;protein_546,,,,,,,
GCF_910574535.1;protein_545,GCF_002128045.1;protein_546,GCF_000319675.2;protein_547,GCF_000027345.1;protein_552,GCF_000283755.1;protein_550,GCF_002127985.1;protein_549,GCF_009947205.1;protein_547,GCF_041931765.1;protein_625,GCF_040256845.1;protein_549,GCF_002128265.1;protein_549,GCF_041931565.1;protein_25,GCF_009944725.1;protein_550,GCF_002128145.1;protein_547,GCF_001558175.1;protein_549,GCF_009942155.1;protein_548,GCF_041931755.1;protein_626,GCF_001272775.1;protein_551,GCF_009939765.1;protein_550,GCF_002355715.1;protein_549,GCF_900660465.1;protein_177,GCF_002128285.1;protein_547,GCF_009944335.1;protein_547,GCF_001272755.1;protein_549,GCF_000733995.1;protein_625,GCF_002090215.1;protein_547,GCF_000319655.2;protein_551,GCF_009947575.1;protein_548,GCF_009945865.1;protein_550,GCF_009943805.1;protein_548,GCF_002090295.1;protein_547,,,,,,,
GCF_910574535.1;protein_546,GCF_002128045.1;protein_547,GCF_000319675.2;protein_548,GCF_000027345.1;protein_553,GCF_000283755.1;protein_551,GCF_002127985.1;protein_550,GCF_009947205.1;protein_548,GCF_041931765.1;protein_626,GCF_040256845.1;protein_550,GCF_002128265.1;protein_550,GCF_041931565.1;protein_26,GCF_009944725.1;protein_551,GCF_002128145.1;protein_548,GCF_001558175.1;protein_550,GCF_009942155.1;protein_549,GCF_041931755.1;protein_627,GCF_001272775.1;protein_552,GCF_009939765.1;protein_551,GCF_002355715.1;protein_550,GCF_900660465.1;protein_176,GCF_002128285.1;protein_548,GCF_009944335.1;protein_548,GCF_001272755.1;protein_550,GCF_000733995.1;protein_626,GCF_002090215.1;protein_548,GCF_000319655.2;protein_552,GCF_009947575.1;protein_549,GCF_009945865.1;protein_551,GCF_009943805.1;protein_549,GCF_002090295.1;protein_548,,,,,,,
GCF_910574535.1;protein_547,GCF_002128045.1;protein_548,GCF_000319675.2;protein_549,GCF_000027345.1;protein_554,GCF_000283755.1;protein_552,GCF_002127985.1;protein_551,GCF_009947205.1;protein_549,GCF_041931765.1;protein_627,GCF_040256845.1;protein_551,GCF_002128265.1;protein_551,GCF_041931565.1;protein_27,GCF_009944725.1;protein_552,GCF_002128145.1;protein_549,GCF_001558175.1;protein_551,GCF_009942155.1;protein_550,GCF_041931755.1;protein_628,GCF_001272775.1;protein_553,GCF_009939765.1;protein_552,GCF_002355715.1;protein_551,GCF_900660465.1;protein_175,GCF_002128285.1;protein_549,GCF_009944335.1;protein_549,GCF_001272755.1;protein_551,GCF_000733995.1;protein_627,GCF_002090215.1;protein_549,GCF_000319655.2;protein_553,GCF_009947575.1;protein_550,GCF_009945865.1;protein_552,GCF_009943805.1;protein_550,GCF_002090295.1;protein_549,,,,,,,
GCF_910574535.1;protein_548,GCF_002128045.1;protein_549,GCF_000319675.2;protein_550,GCF_000027345.1;protein_555,GCF_000283755.1;protein_553,GCF_002127985.1;protein_552,GCF_009947205.1;protein_550,GCF_041931765.1;protein_628,GCF_040256845.1;protein_552,GCF_002128265.1;protein_552,GCF_041931565.1;protein_28,GCF_009944725.1;protein_553,GCF_002128145.1;protein_550,GCF_001558175.1;protein_552,GCF_009942155.1;protein_551,GCF_041931755.1;protein_629,GCF_001272775.1;protein_554,GCF_009939765.1;protein_553,GCF_002355715.1;protein_552,GCF_900660465.1;protein_174,GCF_002128285.1;protein_550,GCF_009944335.1;protein_550,GCF_001272755.1;protein_552,GCF_000733995.1;protein_628,GCF_002090215.1;protein_550,GCF_000319655.2;protein_554,GCF_009947575.1;protein_551,GCF_009945865.1;protein_553,GCF_009943805.1;protein_551,GCF_002090295.1;protein_550,,,,,,,
GCF_910574535.1;protein_549,GCF_002128045.1;protein_550,GCF_000319675.2;protein_551,GCF_000027345.1;protein_556,GCF_000283755.1;protein_554,GCF_002127985.1;protein_553,GCF_009947205.1;protein_551,GCF_041931765.1;protein_629,GCF_040256845.1;protein_553,GCF_002128265.1;protein_553,GCF_041931565.1;protein_29,GCF_009944725.1;protein_554,GCF_002128145.1;protein_551,GCF_001558175.1;protein_553,GCF_009942155.1;protein_552,GCF_041931755.1;protein_630,GCF_001272775.1;protein_555,GCF_009939765.1;protein_554,GCF_002355715.1;protein_553,GCF_900660465.1;protein_173,GCF_002128285.1;protein_551,GCF_009944335.1;protein_551,GCF_001272755.1;protein_553,GCF_000733995.1;protein_629,GCF_002090215.1;protein_551,GCF_000319655.2;protein_555,GCF_009947575.1;protein_552,GCF_009945865.1;protein_554,GCF_009943805.1;protein_552,GCF_002090295.1;protein_551,,,,,,,
GCF_910574535.1;protein_55,GCF_002128045.1;protein_54,GCF_000319675.2;protein_54,GCF_000027345.1;protein_55,GCF_000283755.1;protein_54,GCF_002127985.1;protein_55,GCF_009947205.1;protein_55,GCF_041931765.1;protein_132,GCF_040256845.1;protein_54,GCF_002128265.1;protein_54,GCF_041931565.1;protein_251,GCF_009944725.1;protein_55,GCF_002128145.1;protein_55,GCF_001558175.1;protein_54,GCF_009942155.1;protein_54,GCF_041931755.1;protein_131,GCF_001272775.1;protein_55,GCF_009939765.1;protein_55,GCF_002355715.1;protein_54,GCF_900660465.1;protein_672,GCF_002128285.1;protein_55,GCF_009944335.1;protein_55,GCF_001272755.1;protein_55,GCF_000733995.1;protein_131,GCF_002090215.1;protein_54,GCF_000319655.2;protein_55,GCF_009947575.1;protein_55,GCF_009945865.1;protein_55,GCF_009943805.1;protein_55,GCF_002090295.1;protein_55,,,,,,,
GCF_910574535.1;protein_550,GCF_002128045.1;protein_551,GCF_000319675.2;protein_552,GCF_000027345.1;protein_557,GCF_000283755.1;protein_555,GCF_002127985.1;protein_554,GCF_009947205.1;protein_552,GCF_041931765.1;protein_630,GCF_040256845.1;protein_554,GCF_002128265.1;protein_554,GCF_041931565.1;protein_30,GCF_009944725.1;protein_555,GCF_002128145.1;protein_552,GCF_001558175.1;protein_554,GCF_009942155.1;protein_553,GCF_041931755.1;protein_631,GCF_001272775.1;protein_556,GCF_009939765.1;protein_555,GCF_002355715.1;protein_554,GCF_900660465.1;protein_172,GCF_002128285.1;protein_552,GCF_009944335.1;protein_552,GCF_001272755.1;protein_554,GCF_000733995.1;protein_630,GCF_002090215.1;protein_552,GCF_000319655.2;protein_556,GCF_009947575.1;protein_553,GCF_009945865.1;protein_555,GCF_009943805.1;protein_553,GCF_002090295.1;protein_552,,,,,,,
GCF_910574535.1;protein_551,GCF_002128045.1;protein_552,GCF_000319675.2;protein_553,GCF_000027345.1;protein_558,GCF_000283755.1;protein_556,GCF_002127985.1;protein_555,GCF_009947205.1;protein_553,GCF_041931765.1;protein_631,GCF_040256845.1;protein_555,GCF_002128265.1;protein_555,GCF_041931565.1;protein_31,GCF_009944725.1;protein_556,GCF_002128145.1;protein_553,GCF_001558175.1;protein_555,GCF_009942155.1;protein_554,GCF_041931755.1;protein_632,GCF_001272775.1;protein_557,GCF_009939765.1;protein_556,GCF_002355715.1;protein_555,GCF_900660465.1;protein_171,GCF_002128285.1;protein_553,GCF_009944335.1;protein_553,GCF_001272755.1;protein_555,GCF_000733995.1;protein_631,GCF_002090215.1;protein_553,GCF_000319655.2;protein_557,GCF_009947575.1;protein_554,GCF_009945865.1;protein_556,GCF_009943805.1;protein_554,GCF_002090295.1;protein_553,,,,,,,
GCF_910574535.1;protein_552,GCF_002128045.1;protein_553,GCF_000319675.2;protein_554,GCF_000027345.1;protein_559,GCF_000283755.1;protein_557,GCF_002127985.1;protein_556,GCF_009947205.1;protein_554,GCF_041931765.1;protein_632,GCF_040256845.1;protein_556,GCF_002128265.1;protein_556,GCF_041931565.1;protein_32,GCF_009944725.1;protein_557,GCF_002128145.1;protein_554,GCF_001558175.1;protein_556,GCF_009942155.1;protein_555,GCF_041931755.1;protein_633,GCF_001272775.1;protein_558,GCF_009939765.1;protein_557,GCF_002355715.1;protein_556,GCF_900660465.1;protein_170,GCF_002128285.1;protein_554,GCF_009944335.1;protein_554,GCF_001272755.1;protein_556,GCF_000733995.1;protein_632,GCF_002090215.1;protein_554,GCF_000319655.2;protein_558,GCF_009947575.1;protein_555,GCF_009945865.1;protein_557,GCF_009943805.1;protein_555,GCF_002090295.1;protein_554,,,,,,,
GCF_910574535.1;protein_553,GCF_002128045.1;protein_554,GCF_000319675.2;protein_555,GCF_000027345.1;protein_560,GCF_000283755.1;protein_558,GCF_002127985.1;protein_557,GCF_009947205.1;protein_555,GCF_041931765.1;protein_633,GCF_040256845.1;protein_557,GCF_002128265.1;protein_557,GCF_041931565.1;protein_33,GCF_009944725.1;protein_558,GCF_002128145.1;protein_555,GCF_001558175.1;protein_557,GCF_009942155.1;protein_556,GCF_041931755.1;protein_634,GCF_001272775.1;protein_559,GCF_009939765.1;protein_558,GCF_002355715.1;protein_557,GCF_900660465.1;protein_169,GCF_002128285.1;protein_555,GCF_009944335.1;protein_555,GCF_001272755.1;protein_557,GCF_000733995.1;protein_633,GCF_002090215.1;protein_555,GCF_000319655.2;protein_559,GCF_009947575.1;protein_556,GCF_009945865.1;protein_558,GCF_009943805.1;protein_556,GCF_002090295.1;protein_555,,,,,,,
GCF_910574535.1;protein_554,GCF_002128045.1;protein_555,GCF_000319675.2;protein_556,GCF_000027345.1;protein_561,GCF_000283755.1;protein_559,GCF_002127985.1;protein_558,GCF_009947205.1;protein_556,GCF_041931765.1;protein_634,GCF_040256845.1;protein_558,GCF_002128265.1;protein_558,GCF_041931565.1;protein_34,GCF_009944725.1;protein_559,GCF_002128145.1;protein_556,GCF_001558175.1;protein_558,GCF_009942155.1;protein_557,GCF_041931755.1;protein_635,GCF_001272775.1;protein_560,GCF_009939765.1;protein_559,GCF_002355715.1;protein_558,GCF_900660465.1;protein_168,GCF_002128285.1;protein_556,GCF_009944335.1;protein_556,GCF_001272755.1;protein_558,GCF_000733995.1;protein_634,GCF_002090215.1;protein_556,GCF_000319655.2;protein_560,GCF_009947575.1;protein_557,GCF_009945865.1;protein_559,GCF_009943805.1;protein_557,GCF_002090295.1;protein_556,,,,,,,
GCF_910574535.1;protein_555,GCF_002128045.1;protein_556,GCF_000319675.2;protein_557,GCF_000027345.1;protein_562,GCF_000283755.1;protein_560,GCF_002127985.1;protein_559,GCF_009947205.1;protein_557,GCF_041931765.1;protein_635,GCF_040256845.1;protein_559,GCF_002128265.1;protein_559,GCF_041931565.1;protein_35,GCF_009944725.1;protein_560,GCF_002128145.1;protein_557,GCF_001558175.1;protein_559,GCF_009942155.1;protein_558,GCF_041931755.1;protein_636,GCF_001272775.1;protein_561,GCF_009939765.1;protein_560,GCF_002355715.1;protein_559,GCF_900660465.1;protein_167,GCF_002128285.1;protein_557,GCF_009944335.1;protein_557,GCF_001272755.1;protein_559,GCF_000733995.1;protein_635,GCF_002090215.1;protein_557,GCF_000319655.2;protein_561,GCF_009947575.1;protein_558,GCF_009945865.1;protein_560,GCF_009943805.1;protein_558,GCF_002090295.1;protein_557,,,,,,,
GCF_910574535.1;protein_556,GCF_002128045.1;protein_557,GCF_000319675.2;protein_558,GCF_000027345.1;protein_563,GCF_000283755.1;protein_561,GCF_002127985.1;protein_560,GCF_009947205.1;protein_558,GCF_041931765.1;protein_636,GCF_040256845.1;protein_560,GCF_002128265.1;protein_560,GCF_041931565.1;protein_36,GCF_009944725.1;protein_561,GCF_002128145.1;protein_558,GCF_001558175.1;protein_560,GCF_009942155.1;protein_559,GCF_041931755.1;protein_637,GCF_001272775.1;protein_562,GCF_009939765.1;protein_561,GCF_002355715.1;protein_560,GCF_900660465.1;protein_166,GCF_002128285.1;protein_558,GCF_009944335.1;protein_558,GCF_001272755.1;protein_560,GCF_000733995.1;protein_636,GCF_002090215.1;protein_558,GCF_000319655.2;protein_562,GCF_009947575.1;protein_559,GCF_009945865.1;protein_561,GCF_009943805.1;protein_559,GCF_002090295.1;protein_558,,,,,,,
GCF_910574535.1;protein_557,GCF_002128045.1;protein_558,GCF_000319675.2;protein_559,GCF_000027345.1;protein_564,GCF_000283755.1;protein_562,GCF_002127985.1;protein_561,GCF_009947205.1;protein_559,GCF_041931765.1;protein_637,GCF_040256845.1;protein_561,GCF_002128265.1;protein_561,GCF_041931565.1;protein_37,GCF_009944725.1;protein_562,GCF_002128145.1;protein_559,GCF_001558175.1;protein_561,GCF_009942155.1;protein_560,GCF_041931755.1;protein_638,GCF_001272775.1;protein_563,GCF_009939765.1;protein_562,GCF_002355715.1;protein_561,GCF_900660465.1;protein_165,GCF_002128285.1;protein_559,GCF_009944335.1;protein_559,GCF_001272755.1;protein_561,GCF_000733995.1;protein_637,GCF_002090215.1;protein_559,GCF_000319655.2;protein_563,GCF_009947575.1;protein_560,GCF_009945865.1;protein_562,GCF_009943805.1;protein_560,GCF_002090295.1;protein_559,,,,,,,
GCF_910574535.1;protein_558,GCF_002128045.1;protein_559,GCF_000319675.2;protein_560,GCF_000027345.1;protein_565,GCF_000283755.1;protein_563,GCF_002127985.1;protein_562,GCF_009947205.1;protein_560,GCF_041931765.1;protein_638,GCF_040256845.1;protein_562,GCF_002128265.1;protein_562,GCF_041931565.1;protein_38,GCF_009944725.1;protein_563,GCF_002128145.1;protein_560,GCF_001558175.1;protein_562,GCF_009942155.1;protein_561,GCF_041931755.1;protein_639,GCF_001272775.1;protein_564,GCF_009939765.1;protein_563,GCF_002355715.1;protein_562,GCF_900660465.1;protein_164,GCF_002128285.1;protein_560,GCF_009944335.1;protein_560,GCF_001272755.1;protein_562,GCF_000733995.1;protein_638,GCF_002090215.1;protein_560,GCF_000319655.2;protein_564,GCF_009947575.1;protein_561,GCF_009945865.1;protein_563,GCF_009943805.1;protein_561,GCF_002090295.1;protein_560,,,,,,,
GCF_910574535.1;protein_559,GCF_002128045.1;protein_560,GCF_000319675.2;protein_561,GCF_000027345.1;protein_566,GCF_000283755.1;protein_564,GCF_002127985.1;protein_563,GCF_009947205.1;protein_561,GCF_041931765.1;protein_639,GCF_040256845.1;protein_563,GCF_002128265.1;protein_563,GCF_041931565.1;protein_39,GCF_009944725.1;protein_564,GCF_002128145.1;protein_561,GCF_001558175.1;protein_563,GCF_009942155.1;protein_562,GCF_041931755.1;protein_640,GCF_001272775.1;protein_565,GCF_009939765.1;protein_564,GCF_002355715.1;protein_563,GCF_900660465.1;protein_163,GCF_002128285.1;protein_561,GCF_009944335.1;protein_561,GCF_001272755.1;protein_563,GCF_000733995.1;protein_639,GCF_002090215.1;protein_561,GCF_000319655.2;protein_565,GCF_009947575.1;protein_562,GCF_009945865.1;protein_564,GCF_009943805.1;protein_562,GCF_002090295.1;protein_561,,,,,,,
GCF_910574535.1;protein_56,GCF_002128045.1;protein_55,GCF_000319675.2;protein_55,GCF_000027345.1;protein_56,GCF_000283755.1;protein_55,GCF_002127985.1;protein_56,GCF_009947205.1;protein_56,GCF_041931765.1;protein_133,GCF_040256845.1;protein_55,GCF_002128265.1;protein_55,GCF_041931565.1;protein_252,GCF_009944725.1;protein_56,GCF_002128145.1;protein_56,GCF_001558175.1;protein_55,GCF_009942155.1;protein_55,GCF_041931755.1;protein_132,GCF_001272775.1;protein_56,GCF_009939765.1;protein_56,GCF_002355715.1;protein_55,GCF_900660465.1;protein_671,GCF_002128285.1;protein_56,GCF_009944335.1;protein_56,GCF_001272755.1;protein_56,GCF_000733995.1;protein_132,GCF_002090215.1;protein_55,GCF_000319655.2;protein_56,GCF_009947575.1;protein_56,GCF_009945865.1;protein_56,GCF_009943805.1;protein_56,GCF_002090295.1;protein_56,,,,,,,
GCF_910574535.1;protein_560,GCF_002128045.1;protein_561,GCF_000319675.2;protein_562,GCF_000027345.1;protein_567,GCF_000283755.1;protein_565,GCF_002127985.1;protein_564,GCF_009947205.1;protein_562,GCF_041931765.1;protein_640,GCF_040256845.1;protein_564,GCF_002128265.1;protein_564,GCF_041931565.1;protein_40,GCF_009944725.1;protein_565,GCF_002128145.1;protein_562,GCF_001558175.1;protein_564,GCF_009942155.1;protein_563,GCF_041931755.1;protein_641,GCF_001272775.1;protein_566,GCF_009939765.1;protein_565,GCF_002355715.1;protein_564,GCF_900660465.1;protein_162,GCF_002128285.1;protein_562,GCF_009944335.1;protein_562,GCF_001272755.1;protein_564,GCF_000733995.1;protein_640,GCF_002090215.1;protein_562,GCF_000319655.2;protein_566,GCF_009947575.1;protein_563,GCF_009945865.1;protein_565,GCF_009943805.1;protein_563,GCF_002090295.1;protein_562,,,,,,,
GCF_910574535.1;protein_561,GCF_002128045.1;protein_562,GCF_000319675.2;protein_563,GCF_000027345.1;protein_568,GCF_000283755.1;protein_566,GCF_002127985.1;protein_565,GCF_009947205.1;protein_563,GCF_041931765.1;protein_641,GCF_040256845.1;protein_565,GCF_002128265.1;protein_565,GCF_041931565.1;protein_41,GCF_009944725.1;protein_566,GCF_002128145.1;protein_563,GCF_001558175.1;protein_565,GCF_009942155.1;protein_564,GCF_041931755.1;protein_642,GCF_001272775.1;protein_567,GCF_009939765.1;protein_566,GCF_002355715.1;protein_565,GCF_900660465.1;protein_161,GCF_002128285.1;protein_563,GCF_009944335.1;protein_563,GCF_001272755.1;protein_565,GCF_000733995.1;protein_641,GCF_002090215.1;protein_563,GCF_000319655.2;protein_567,GCF_009947575.1;protein_564,GCF_009945865.1;protein_566,GCF_009943805.1;protein_564,GCF_002090295.1;protein_563,,,,,,,
GCF_910574535.1;protein_562,GCF_002128045.1;protein_563,GCF_000319675.2;protein_564,GCF_000027345.1;protein_569,GCF_000283755.1;protein_567,GCF_002127985.1;protein_566,GCF_009947205.1;protein_564,GCF_041931765.1;protein_642,GCF_040256845.1;protein_566,GCF_002128265.1;protein_566,GCF_041931565.1;protein_42,GCF_009944725.1;protein_567,GCF_002128145.1;protein_564,GCF_001558175.1;protein_566,GCF_009942155.1;protein_565,GCF_041931755.1;protein_643,GCF_001272775.1;protein_568,GCF_009939765.1;protein_567,GCF_002355715.1;protein_566,GCF_900660465.1;protein_160,GCF_002128285.1;protein_564,GCF_009944335.1;protein_564,GCF_001272755.1;protein_566,GCF_000733995.1;protein_642,GCF_002090215.1;protein_564,GCF_000319655.2;protein_568,GCF_009947575.1;protein_565,GCF_009945865.1;protein_567,GCF_009943805.1;protein_565,GCF_002090295.1;protein_564,,,,,,,
GCF_910574535.1;protein_563,GCF_002128045.1;protein_564,GCF_000319675.2;protein_565,GCF_000027345.1;protein_570,GCF_000283755.1;protein_568,GCF_002127985.1;protein_567,GCF_009947205.1;protein_565,GCF_041931765.1;protein_643,GCF_040256845.1;protein_567,GCF_002128265.1;protein_567,GCF_041931565.1;protein_43,GCF_009944725.1;protein_568,GCF_002128145.1;protein_565,GCF_001558175.1;protein_567,GCF_009942155.1;protein_566,GCF_041931755.1;protein_644,GCF_001272775.1;protein_569,GCF_009939765.1;protein_568,GCF_002355715.1;protein_567,GCF_900660465.1;protein_159,GCF_002128285.1;protein_565,GCF_009944335.1;protein_565,GCF_001272755.1;protein_567,GCF_000733995.1;protein_643,GCF_002090215.1;protein_565,GCF_000319655.2;protein_569,GCF_009947575.1;protein_566,GCF_009945865.1;protein_568,GCF_009943805.1;protein_566,GCF_002090295.1;protein_565,,,,,,,
GCF_910574535.1;protein_564,GCF_002128045.1;protein_565,GCF_000319675.2;protein_566,GCF_000027345.1;protein_571,GCF_000283755.1;protein_569,GCF_002127985.1;protein_568,GCF_009947205.1;protein_566,GCF_041931765.1;protein_644,GCF_040256845.1;protein_568,GCF_002128265.1;protein_568,GCF_041931565.1;protein_44,GCF_009944725.1;protein_569,GCF_002128145.1;protein_566,GCF_001558175.1;protein_568,GCF_009942155.1;protein_567,GCF_041931755.1;protein_645,GCF_001272775.1;protein_570,GCF_009939765.1;protein_569,GCF_002355715.1;protein_568,GCF_900660465.1;protein_158,GCF_002128285.1;protein_566,GCF_009944335.1;protein_566,GCF_001272755.1;protein_568,GCF_000733995.1;protein_644,GCF_002090215.1;protein_566,GCF_000319655.2;protein_570,GCF_009947575.1;protein_567,GCF_009945865.1;protein_569,GCF_009943805.1;protein_567,GCF_002090295.1;protein_566,,,,,,,
GCF_910574535.1;protein_565,GCF_002128045.1;protein_566,GCF_000319675.2;protein_567,GCF_000027345.1;protein_572,GCF_000283755.1;protein_570,GCF_002127985.1;protein_569,GCF_009947205.1;protein_567,GCF_041931765.1;protein_645,GCF_040256845.1;protein_569,GCF_002128265.1;protein_569,GCF_041931565.1;protein_45,GCF_009944725.1;protein_570,GCF_002128145.1;protein_567,GCF_001558175.1;protein_569,GCF_009942155.1;protein_568,GCF_041931755.1;protein_646,GCF_001272775.1;protein_571,GCF_009939765.1;protein_570,GCF_002355715.1;protein_569,GCF_900660465.1;protein_157,GCF_002128285.1;protein_567,GCF_009944335.1;protein_567,GCF_001272755.1;protein_569,GCF_000733995.1;protein_645,GCF_002090215.1;protein_567,GCF_000319655.2;protein_571,GCF_009947575.1;protein_568,GCF_009945865.1;protein_570,GCF_009943805.1;protein_568,GCF_002090295.1;protein_567,,,,,,,
GCF_910574535.1;protein_566,GCF_002128045.1;protein_567,GCF_000319675.2;protein_568,GCF_000027345.1;protein_573,GCF_000283755.1;protein_571,GCF_002127985.1;protein_570,GCF_009947205.1;protein_568,GCF_041931765.1;protein_646,GCF_040256845.1;protein_570,GCF_002128265.1;protein_570,GCF_041931565.1;protein_46,GCF_009944725.1;protein_571,GCF_002128145.1;protein_568,GCF_001558175.1;protein_570,GCF_009942155.1;protein_569,GCF_041931755.1;protein_647,GCF_001272775.1;protein_572,GCF_009939765.1;protein_571,GCF_002355715.1;protein_570,GCF_900660465.1;protein_156,GCF_002128285.1;protein_568,GCF_009944335.1;protein_568,GCF_001272755.1;protein_570,GCF_000733995.1;protein_646,GCF_002090215.1;protein_568,GCF_000319655.2;protein_572,GCF_009947575.1;protein_569,GCF_009945865.1;protein_571,GCF_009943805.1;protein_569,GCF_002090295.1;protein_568,,,,,,,
GCF_910574535.1;protein_567,GCF_002128045.1;protein_568,GCF_000319675.2;protein_569,GCF_000027345.1;protein_574,GCF_000283755.1;protein_572,GCF_002127985.1;protein_571,GCF_009947205.1;protein_569,GCF_041931765.1;protein_647,GCF_040256845.1;protein_571,GCF_002128265.1;protein_571,GCF_041931565.1;protein_47,GCF_009944725.1;protein_572,GCF_002128145.1;protein_569,GCF_001558175.1;protein_571,GCF_009942155.1;protein_570,GCF_041931755.1;protein_648,GCF_001272775.1;protein_573,GCF_009939765.1;protein_572,GCF_002355715.1;protein_571,GCF_900660465.1;protein_155,GCF_002128285.1;protein_569,GCF_009944335.1;protein_569,GCF_001272755.1;protein_571,GCF_000733995.1;protein_647,GCF_002090215.1;protein_569,GCF_000319655.2;protein_573,GCF_009947575.1;protein_570,GCF_009945865.1;protein_572,GCF_009943805.1;protein_570,GCF_002090295.1;protein_569,,,,,,,
GCF_910574535.1;protein_568,GCF_002128045.1;protein_569,GCF_000319675.2;protein_570,GCF_000027345.1;protein_575,GCF_000283755.1;protein_573,GCF_002127985.1;protein_572,GCF_009947205.1;protein_570,GCF_041931765.1;protein_648,GCF_040256845.1;protein_572,GCF_002128265.1;protein_572,GCF_041931565.1;protein_48,GCF_009944725.1;protein_573,GCF_002128145.1;protein_570,GCF_001558175.1;protein_572,GCF_009942155.1;protein_571,GCF_041931755.1;protein_649,GCF_001272775.1;protein_574,GCF_009939765.1;protein_573,GCF_002355715.1;protein_572,GCF_900660465.1;protein_154,GCF_002128285.1;protein_570,GCF_009944335.1;protein_570,GCF_001272755.1;protein_572,GCF_000733995.1;protein_648,GCF_002090215.1;protein_570,GCF_000319655.2;protein_574,GCF_009947575.1;protein_571,GCF_009945865.1;protein_573,GCF_009943805.1;protein_571,GCF_002090295.1;protein_570,,,,,,,
GCF_910574535.1;protein_569,GCF_002128045.1;protein_570,GCF_000319675.2;protein_571,GCF_000027345.1;protein_576,GCF_000283755.1;protein_574,GCF_002127985.1;protein_573,GCF_009947205.1;protein_571,GCF_041931765.1;protein_649,GCF_040256845.1;protein_573,GCF_002128265.1;protein_573,GCF_041931565.1;protein_49,GCF_009944725.1;protein_574,GCF_002128145.1;protein_571,GCF_001558175.1;protein_573,GCF_009942155.1;protein_572,GCF_041931755.1;protein_650,GCF_001272775.1;protein_575,GCF_009939765.1;protein_574,GCF_002355715.1;protein_573,GCF_900660465.1;protein_153,GCF_002128285.1;protein_571,GCF_009944335.1;protein_571,GCF_001272755.1;protein_573,GCF_000733995.1;protein_649,GCF_002090215.1;protein_571,GCF_000319655.2;protein_575,GCF_009947575.1;protein_572,GCF_009945865.1;protein_574,GCF_009943805.1;protein_572,GCF_002090295.1;protein_571,,,,,,,
GCF_910574535.1;protein_57,GCF_002128045.1;protein_56,GCF_000319675.2;protein_56,GCF_000027345.1;protein_57,GCF_000283755.1;protein_56,GCF_002127985.1;protein_57,GCF_009947205.1;protein_57,GCF_041931765.1;protein_134,GCF_040256845.1;protein_56,GCF_002128265.1;protein_56,GCF_041931565.1;protein_253,GCF_009944725.1;protein_57,GCF_002128145.1;protein_57,GCF_001558175.1;protein_56,GCF_009942155.1;protein_56,GCF_041931755.1;protein_133,GCF_001272775.1;protein_57,GCF_009939765.1;protein_57,GCF_002355715.1;protein_56,GCF_900660465.1;protein_670,GCF_002128285.1;protein_57,GCF_009944335.1;protein_57,GCF_001272755.1;protein_57,GCF_000733995.1;protein_133,GCF_002090215.1;protein_56,GCF_000319655.2;protein_57,GCF_009947575.1;protein_57,GCF_009945865.1;protein_57,GCF_009943805.1;protein_57,GCF_002090295.1;protein_57,,,,,,,
GCF_910574535.1;protein_570,GCF_002128045.1;protein_571,GCF_000319675.2;protein_572,GCF_000027345.1;protein_577,GCF_000283755.1;protein_575,GCF_002127985.1;protein_574,GCF_009947205.1;protein_572,GCF_041931765.1;protein_650,GCF_040256845.1;protein_574,GCF_002128265.1;protein_574,GCF_041931565.1;protein_50,GCF_009944725.1;protein_575,GCF_002128145.1;protein_572,GCF_001558175.1;protein_574,GCF_009942155.1;protein_573,GCF_041931755.1;protein_651,GCF_001272775.1;protein_576,GCF_009939765.1;protein_575,GCF_002355715.1;protein_574,GCF_900660465.1;protein_152,GCF_002128285.1;protein_572,GCF_009944335.1;protein_572,GCF_001272755.1;protein_574,GCF_000733995.1;protein_650,GCF_002090215.1;protein_572,GCF_000319655.2;protein_576,GCF_009947575.1;protein_573,GCF_009945865.1;protein_575,GCF_009943805.1;protein_573,GCF_002090295.1;protein_572,,,,,,,
GCF_910574535.1;protein_571,GCF_002128045.1;protein_572,GCF_000319675.2;protein_573,GCF_000027345.1;protein_578,GCF_000283755.1;protein_576,GCF_002127985.1;protein_575,GCF_009947205.1;protein_573,GCF_041931765.1;protein_651,GCF_040256845.1;protein_575,GCF_002128265.1;protein_575,GCF_041931565.1;protein_51,GCF_009944725.1;protein_576,GCF_002128145.1;protein_573,GCF_001558175.1;protein_575,GCF_009942155.1;protein_574,GCF_041931755.1;protein_652,GCF_001272775.1;protein_577,GCF_009939765.1;protein_576,GCF_002355715.1;protein_575,GCF_900660465.1;protein_151,GCF_002128285.1;protein_573,GCF_009944335.1;protein_573,GCF_001272755.1;protein_575,GCF_000733995.1;protein_651,GCF_002090215.1;protein_573,GCF_000319655.2;protein_577,GCF_009947575.1;protein_574,GCF_009945865.1;protein_576,GCF_009943805.1;protein_574,GCF_002090295.1;protein_573,,,,,,,
GCF_910574535.1;protein_572,GCF_002128045.1;protein_573,GCF_000319675.2;protein_574,GCF_000027345.1;protein_579,GCF_000283755.1;protein_577,GCF_002127985.1;protein_576,GCF_009947205.1;protein_574,GCF_041931765.1;protein_652,GCF_040256845.1;protein_576,GCF_002128265.1;protein_576,GCF_041931565.1;protein_52,GCF_009944725.1;protein_577,GCF_002128145.1;protein_574,GCF_001558175.1;protein_576,GCF_009942155.1;protein_575,GCF_041931755.1;protein_653,GCF_001272775.1;protein_578,GCF_009939765.1;protein_577,GCF_002355715.1;protein_576,GCF_900660465.1;protein_150,GCF_002128285.1;protein_574,GCF_009944335.1;protein_574,GCF_001272755.1;protein_576,GCF_000733995.1;protein_652,GCF_002090215.1;protein_574,GCF_000319655.2;protein_578,GCF_009947575.1;protein_575,GCF_009945865.1;protein_577,GCF_009943805.1;protein_575,GCF_002090295.1;protein_574,,,,,,,
GCF_910574535.1;protein_573,GCF_002128045.1;protein_574,GCF_000319675.2;protein_575,GCF_000027345.1;protein_580,GCF_000283755.1;protein_578,GCF_002127985.1;protein_577,GCF_009947205.1;protein_575,GCF_041931765.1;protein_653,GCF_040256845.1;protein_577,GCF_002128265.1;protein_577,GCF_041931565.1;protein_53,GCF_009944725.1;protein_578,GCF_002128145.1;protein_575,GCF_001558175.1;protein_577,GCF_009942155.1;protein_576,GCF_041931755.1;protein_654,GCF_001272775.1;protein_579,GCF_009939765.1;protein_578,GCF_002355715.1;protein_577,GCF_900660465.1;protein_149,GCF_002128285.1;protein_575,GCF_009944335.1;protein_575,GCF_001272755.1;protein_577,GCF_000733995.1;protein_653,GCF_002090215.1;protein_575,GCF_000319655.2;protein_579,GCF_009947575.1;protein_576,GCF_009945865.1;protein_578,GCF_009943805.1;protein_576,GCF_002090295.1;protein_575,,,,,,,
GCF_910574535.1;protein_574,GCF_002128045.1;protein_575,GCF_000319675.2;protein_576,GCF_000027345.1;protein_581,GCF_000283755.1;protein_579,GCF_002127985.1;protein_578,GCF_009947205.1;protein_576,GCF_041931765.1;protein_654,GCF_040256845.1;protein_578,GCF_002128265.1;protein_578,GCF_041931565.1;protein_54,GCF_009944725.1;protein_579,GCF_002128145.1;protein_576,GCF_001558175.1;protein_578,GCF_009942155.1;protein_577,GCF_041931755.1;protein_655,GCF_001272775.1;protein_580,GCF_009939765.1;protein_579,GCF_002355715.1;protein_578,GCF_900660465.1;protein_148,GCF_002128285.1;protein_576,GCF_009944335.1;protein_576,GCF_001272755.1;protein_578,GCF_000733995.1;protein_654,GCF_002090215.1;protein_576,GCF_000319655.2;protein_580,GCF_009947575.1;protein_577,GCF_009945865.1;protein_579,GCF_009943805.1;protein_577,GCF_002090295.1;protein_576,,,,,,,
GCF_910574535.1;protein_575,GCF_002128045.1;protein_576,GCF_000319675.2;protein_577,GCF_000027345.1;protein_582,GCF_000283755.1;protein_580,GCF_002127985.1;protein_579,GCF_009947205.1;protein_577,GCF_041931765.1;protein_655,GCF_040256845.1;protein_579,GCF_002128265.1;protein_579,GCF_041931565.1;protein_55,GCF_009944725.1;protein_580,GCF_002128145.1;protein_577,GCF_001558175.1;protein_579,GCF_009942155.1;protein_578,GCF_041931755.1;protein_656,GCF_001272775.1;protein_581,GCF_009939765.1;protein_580,GCF_002355715.1;protein_579,GCF_900660465.1;protein_147,GCF_002128285.1;protein_577,GCF_009944335.1;protein_577,GCF_001272755.1;protein_579,GCF_000733995.1;protein_655,GCF_002090215.1;protein_577,GCF_000319655.2;protein_581,GCF_009947575.1;protein_578,GCF_009945865.1;protein_580,GCF_009943805.1;protein_578,GCF_002090295.1;protein_577,,,,,,,
GCF_910574535.1;protein_576,GCF_002128045.1;protein_577,GCF_000319675.2;protein_578,GCF_000027345.1;protein_583,GCF_000283755.1;protein_581,GCF_002127985.1;protein_580,GCF_009947205.1;protein_578,GCF_041931765.1;protein_656,GCF_040256845.1;protein_580,GCF_002128265.1;protein_580,GCF_041931565.1;protein_56,GCF_009944725.1;protein_581,GCF_002128145.1;protein_578,GCF_001558175.1;protein_580,GCF_009942155.1;protein_579,GCF_041931755.1;protein_657,GCF_001272775.1;protein_582,GCF_009939765.1;protein_581,GCF_002355715.1;protein_580,GCF_900660465.1;protein_146,GCF_002128285.1;protein_578,GCF_009944335.1;protein_578,GCF_001272755.1;protein_580,GCF_000733995.1;protein_656,GCF_002090215.1;protein_578,GCF_000319655.2;protein_582,GCF_009947575.1;protein_579,GCF_009945865.1;protein_581,GCF_009943805.1;protein_579,GCF_002090295.1;protein_578,,,,,,,
GCF_910574535.1;protein_577,GCF_002128045.1;protein_578,GCF_000319675.2;protein_579,GCF_000027345.1;protein_584,GCF_000283755.1;protein_582,GCF_002127985.1;protein_581,GCF_009947205.1;protein_579,GCF_041931765.1;protein_657,GCF_040256845.1;protein_581,GCF_002128265.1;protein_581,GCF_041931565.1;protein_57,GCF_009944725.1;protein_582,GCF_002128145.1;protein_579,GCF_001558175.1;protein_581,GCF_009942155.1;protein_580,GCF_041931755.1;protein_658,GCF_001272775.1;protein_583,GCF_009939765.1;protein_582,GCF_002355715.1;protein_581,GCF_900660465.1;protein_145,GCF_002128285.1;protein_579,GCF_009944335.1;protein_579,GCF_001272755.1;protein_581,GCF_000733995.1;protein_657,GCF_002090215.1;protein_579,GCF_000319655.2;protein_583,GCF_009947575.1;protein_580,GCF_009945865.1;protein_582,GCF_009943805.1;protein_580,GCF_002090295.1;protein_579,,,,,,,
GCF_910574535.1;protein_578,GCF_002128045.1;protein_579,GCF_000319675.2;protein_580,GCF_000027345.1;protein_585,GCF_000283755.1;protein_583,GCF_002127985.1;protein_582,GCF_009947205.1;protein_580,GCF_041931765.1;protein_658,GCF_040256845.1;protein_582,GCF_002128265.1;protein_582,GCF_041931565.1;protein_58,GCF_009944725.1;protein_583,GCF_002128145.1;protein_580,GCF_001558175.1;protein_582,GCF_009942155.1;protein_581,GCF_041931755.1;protein_659,GCF_001272775.1;protein_584,GCF_009939765.1;protein_583,GCF_002355715.1;protein_582,GCF_900660465.1;protein_144,GCF_002128285.1;protein_580,GCF_009944335.1;protein_580,GCF_001272755.1;protein_582,GCF_000733995.1;protein_658,GCF_002090215.1;protein_580,GCF_000319655.2;protein_584,GCF_009947575.1;protein_581,GCF_009945865.1;protein_583,GCF_009943805.1;protein_581,GCF_002090295.1;protein_580,,,,,,,
GCF_910574535.1;protein_579,GCF_002128045.1;protein_580,GCF_000319675.2;protein_581,GCF_000027345.1;protein_586,GCF_000283755.1;protein_584,GCF_002127985.1;protein_583,GCF_009947205.1;protein_581,GCF_041931765.1;protein_659,GCF_040256845.1;protein_583,GCF_002128265.1;protein_583,GCF_041931565.1;protein_59,GCF_009944725.1;protein_584,GCF_002128145.1;protein_581,GCF_001558175.1;protein_583,GCF_009942155.1;protein_582,GCF_041931755.1;protein_660,GCF_001272775.1;protein_585,GCF_009939765.1;protein_584,GCF_002355715.1;protein_583,GCF_900660465.1;protein_143,GCF_002128285.1;protein_581,GCF_009944335.1;protein_581,GCF_001272755.1;protein_583,GCF_000733995.1;protein_659,GCF_002090215.1;protein_581,GCF_000319655.2;protein_585,GCF_009947575.1;protein_582,GCF_009945865.1;protein_584,GCF_009943805.1;protein_582,GCF_002090295.1;protein_581,,,,,,,
GCF_910574535.1;protein_58,GCF_002128045.1;protein_57,GCF_000319675.2;protein_57,GCF_000027345.1;protein_58,GCF_000283755.1;protein_57,GCF_002127985.1;protein_58,GCF_009947205.1;protein_58,GCF_041931765.1;protein_135,GCF_040256845.1;protein_57,GCF_002128265.1;protein_57,GCF_041931565.1;protein_254,GCF_009944725.1;protein_58,GCF_002128145.1;protein_58,GCF_001558175.1;protein_57,GCF_009942155.1;protein_57,GCF_041931755.1;protein_134,GCF_001272775.1;protein_58,GCF_009939765.1;protein_58,GCF_002355715.1;protein_57,GCF_900660465.1;protein_669,GCF_002128285.1;protein_58,GCF_009944335.1;protein_58,GCF_001272755.1;protein_58,GCF_000733995.1;protein_134,GCF_002090215.1;protein_57,GCF_000319655.2;protein_58,GCF_009947575.1;protein_58,GCF_009945865.1;protein_58,GCF_009943805.1;protein_58,GCF_002090295.1;protein_58,,,,,,,
GCF_910574535.1;protein_580,GCF_002128045.1;protein_581,GCF_000319675.2;protein_582,GCF_000027345.1;protein_587,GCF_000283755.1;protein_585,GCF_002127985.1;protein_584,GCF_009947205.1;protein_582,GCF_041931765.1;protein_660,GCF_040256845.1;protein_584,GCF_002128265.1;protein_584,GCF_041931565.1;protein_60,GCF_009944725.1;protein_585,GCF_002128145.1;protein_582,GCF_001558175.1;protein_584,GCF_009942155.1;protein_583,GCF_041931755.1;protein_661,GCF_001272775.1;protein_586,GCF_009939765.1;protein_585,GCF_002355715.1;protein_584,GCF_900660465.1;protein_142,GCF_002128285.1;protein_582,GCF_009944335.1;protein_582,GCF_001272755.1;protein_584,GCF_000733995.1;protein_660,GCF_002090215.1;protein_582,GCF_000319655.2;protein_586,GCF_009947575.1;protein_583,GCF_009945865.1;protein_585,GCF_009943805.1;protein_583,GCF_002090295.1;protein_582,,,,,,,
GCF_910574535.1;protein_581,GCF_002128045.1;protein_582,GCF_000319675.2;protein_583,GCF_000027345.1;protein_588,GCF_000283755.1;protein_586,GCF_002127985.1;protein_585,GCF_009947205.1;protein_583,GCF_041931765.1;protein_661,GCF_040256845.1;protein_585,GCF_002128265.1;protein_585,GCF_041931565.1;protein_61,GCF_009944725.1;protein_586,GCF_002128145.1;protein_583,GCF_001558175.1;protein_585,GCF_009942155.1;protein_584,GCF_041931755.1;protein_662,GCF_001272775.1;protein_587,GCF_009939765.1;protein_586,GCF_002355715.1;protein_585,GCF_900660465.1;protein_141,GCF_002128285.1;protein_583,GCF_009944335.1;protein_583,GCF_001272755.1;protein_585,GCF_000733995.1;protein_661,GCF_002090215.1;protein_583,GCF_000319655.2;protein_587,GCF_009947575.1;protein_584,GCF_009945865.1;protein_586,GCF_009943805.1;protein_584,GCF_002090295.1;protein_583,,,,,,,
GCF_910574535.1;protein_582,GCF_002128045.1;protein_583,GCF_000319675.2;protein_584,GCF_000027345.1;protein_589,GCF_000283755.1;protein_587,GCF_002127985.1;protein_586,GCF_009947205.1;protein_584,GCF_041931765.1;protein_662,GCF_040256845.1;protein_586,GCF_002128265.1;protein_586,GCF_041931565.1;protein_62,GCF_009944725.1;protein_587,GCF_002128145.1;protein_584,GCF_001558175.1;protein_586,GCF_009942155.1;protein_585,GCF_041931755.1;protein_663,GCF_001272775.1;protein_588,GCF_009939765.1;protein_587,GCF_002355715.1;protein_586,GCF_900660465.1;protein_140,GCF_002128285.1;protein_584,GCF_009944335.1;protein_584,GCF_001272755.1;protein_586,GCF_000733995.1;protein_662,GCF_002090215.1;protein_584,GCF_000319655.2;protein_588,GCF_009947575.1;protein_585,GCF_009945865.1;protein_587,GCF_009943805.1;protein_585,GCF_002090295.1;protein_584,,,,,,,
GCF_910574535.1;protein_583,GCF_002128045.1;protein_584,GCF_000319675.2;protein_585,GCF_000027345.1;protein_590,GCF_000283755.1;protein_588,GCF_002127985.1;protein_587,GCF_009947205.1;protein_585,GCF_041931765.1;protein_663,GCF_040256845.1;protein_587,GCF_002128265.1;protein_587,GCF_041931565.1;protein_63,GCF_009944725.1;protein_588,GCF_002128145.1;protein_585,GCF_001558175.1;protein_587,GCF_009942155.1;protein_586,GCF_041931755.1;protein_664,GCF_001272775.1;protein_589,GCF_009939765.1;protein_588,GCF_002355715.1;protein_587,GCF_900660465.1;protein_139,GCF_002128285.1;protein_585,GCF_009944335.1;protein_585,GCF_001272755.1;protein_587,GCF_000733995.1;protein_663,GCF_002090215.1;protein_585,GCF_000319655.2;protein_589,GCF_009947575.1;protein_586,GCF_009945865.1;protein_588,GCF_009943805.1;protein_586,GCF_002090295.1;protein_585,,,,,,,
GCF_910574535.1;protein_584,GCF_002128045.1;protein_585,GCF_000319675.2;protein_586,GCF_000027345.1;protein_591,GCF_000283755.1;protein_589,GCF_002127985.1;protein_588,GCF_009947205.1;protein_586,GCF_041931765.1;protein_664,GCF_040256845.1;protein_588,GCF_002128265.1;protein_588,GCF_041931565.1;protein_64,GCF_009944725.1;protein_589,GCF_002128145.1;protein_586,GCF_001558175.1;protein_588,GCF_009942155.1;protein_587,GCF_041931755.1;protein_665,GCF_001272775.1;protein_590,GCF_009939765.1;protein_589,GCF_002355715.1;protein_588,GCF_900660465.1;protein_138,GCF_002128285.1;protein_586,GCF_009944335.1;protein_586,GCF_001272755.1;protein_588,GCF_000733995.1;protein_664,GCF_002090215.1;protein_586,GCF_000319655.2;protein_590,GCF_009947575.1;protein_587,GCF_009945865.1;protein_589,GCF_009943805.1;protein_587,GCF_002090295.1;protein_586,,,,,,,
GCF_910574535.1;protein_588,GCF_002128045.1;protein_586,GCF_000319675.2;protein_587,GCF_000027345.1;protein_592,GCF_000283755.1;protein_590,GCF_002127985.1;protein_589,GCF_009947205.1;protein_587,GCF_041931765.1;protein_665,GCF_040256845.1;protein_589,GCF_002128265.1;protein_589,GCF_041931565.1;protein_65,GCF_009944725.1;protein_590,GCF_002128145.1;protein_587,GCF_001558175.1;protein_589,GCF_009942155.1;protein_588,GCF_041931755.1;protein_666,GCF_001272775.1;protein_591,GCF_009939765.1;protein_590,GCF_002355715.1;protein_589,GCF_900660465.1;protein_137,GCF_002128285.1;protein_587,GCF_009944335.1;protein_587,GCF_001272755.1;protein_589,GCF_000733995.1;protein_665,GCF_002090215.1;protein_587,GCF_000319655.2;protein_591,GCF_009947575.1;protein_588,GCF_009945865.1;protein_590,GCF_009943805.1;protein_588,GCF_002090295.1;protein_587,,,,,,,
GCF_910574535.1;protein_589,GCF_002128045.1;protein_587,GCF_000319675.2;protein_588,GCF_000027345.1;protein_593,GCF_000283755.1;protein_591,GCF_002127985.1;protein_590,GCF_009947205.1;protein_588,GCF_041931765.1;protein_666,GCF_040256845.1;protein_590,GCF_002128265.1;protein_590,GCF_041931565.1;protein_66,GCF_009944725.1;protein_591,GCF_002128145.1;protein_588,GCF_001558175.1;protein_590,GCF_009942155.1;protein_589,GCF_041931755.1;protein_667,GCF_001272775.1;protein_592,GCF_009939765.1;protein_591,GCF_002355715.1;protein_590,GCF_900660465.1;protein_136,GCF_002128285.1;protein_588,GCF_009944335.1;protein_588,GCF_001272755.1;protein_590,GCF_000733995.1;protein_666,GCF_002090215.1;protein_588,GCF_000319655.2;protein_592,GCF_009947575.1;protein_589,GCF_009945865.1;protein_591,GCF_009943805.1;protein_589,GCF_002090295.1;protein_588,,,,,,,
GCF_910574535.1;protein_59,GCF_002128045.1;protein_58,GCF_000319675.2;protein_58,GCF_000027345.1;protein_59,GCF_000283755.1;protein_58,GCF_002127985.1;protein_59,GCF_009947205.1;protein_59,GCF_041931765.1;protein_136,GCF_040256845.1;protein_58,GCF_002128265.1;protein_58,GCF_041931565.1;protein_255,GCF_009944725.1;protein_59,GCF_002128145.1;protein_59,GCF_001558175.1;protein_58,GCF_009942155.1;protein_58,GCF_041931755.1;protein_135,GCF_001272775.1;protein_59,GCF_009939765.1;protein_59,GCF_002355715.1;protein_58,GCF_900660465.1;protein_668,GCF_002128285.1;protein_59,GCF_009944335.1;protein_59,GCF_001272755.1;protein_59,GCF_000733995.1;protein_135,GCF_002090215.1;protein_58,GCF_000319655.2;protein_59,GCF_009947575.1;protein_59,GCF_009945865.1;protein_59,GCF_009943805.1;protein_59,GCF_002090295.1;protein_59,,,,,,,
GCF_910574535.1;protein_590,GCF_002128045.1;protein_588,GCF_000319675.2;protein_589,GCF_000027345.1;protein_594,GCF_000283755.1;protein_592,GCF_002127985.1;protein_591,GCF_009947205.1;protein_589,GCF_041931765.1;protein_667,GCF_040256845.1;protein_591,GCF_002128265.1;protein_591,GCF_041931565.1;protein_67,GCF_009944725.1;protein_592,GCF_002128145.1;protein_589,GCF_001558175.1;protein_591,GCF_009942155.1;protein_590,GCF_041931755.1;protein_668,GCF_001272775.1;protein_593,GCF_009939765.1;protein_592,GCF_002355715.1;protein_591,GCF_900660465.1;protein_135,GCF_002128285.1;protein_589,GCF_009944335.1;protein_589,GCF_001272755.1;protein_591,GCF_000733995.1;protein_667,GCF_002090215.1;protein_589,GCF_000319655.2;protein_593,GCF_009947575.1;protein_590,GCF_009945865.1;protein_592,GCF_009943805.1;protein_590,GCF_002090295.1;protein_589,,,,,,,
GCF_910574535.1;protein_591,GCF_002128045.1;protein_589,GCF_000319675.2;protein_590,,GCF_000283755.1;protein_593,GCF_002127985.1;protein_592,GCF_009947205.1;protein_590,GCF_041931765.1;protein_668,GCF_040256845.1;protein_592,GCF_002128265.1;protein_592,GCF_041931565.1;protein_68,GCF_009944725.1;protein_593,GCF_002128145.1;protein_590,GCF_001558175.1;protein_592,GCF_009942155.1;protein_591,GCF_041931755.1;protein_669,GCF_001272775.1;protein_594,GCF_009939765.1;protein_593,GCF_002355715.1;protein_592,GCF_900660465.1;protein_134,GCF_002128285.1;protein_590,GCF_009944335.1;protein_590,GCF_001272755.1;protein_592,GCF_000733995.1;protein_668,GCF_002090215.1;protein_590,GCF_000319655.2;protein_594,GCF_009947575.1;protein_591,GCF_009945865.1;protein_593,GCF_009943805.1;protein_591,GCF_002090295.1;protein_590,,,,,,,
GCF_910574535.1;protein_592,GCF_002128045.1;protein_590,GCF_000319675.2;protein_591,,GCF_000283755.1;protein_594,GCF_002127985.1;protein_593,GCF_009947205.1;protein_591,GCF_041931765.1;protein_669,GCF_040256845.1;protein_593,GCF_002128265.1;protein_593,GCF_041931565.1;protein_69,GCF_009944725.1;protein_594,GCF_002128145.1;protein_591,GCF_001558175.1;protein_593,GCF_009942155.1;protein_592,GCF_041931755.1;protein_670,GCF_001272775.1;protein_595,GCF_009939765.1;protein_594,GCF_002355715.1;protein_593,GCF_900660465.1;protein_133,GCF_002128285.1;protein_591,GCF_009944335.1;protein_591,GCF_001272755.1;protein_593,GCF_000733995.1;protein_669,GCF_002090215.1;protein_591,GCF_000319655.2;protein_595,GCF_009947575.1;protein_592,GCF_009945865.1;protein_594,GCF_009943805.1;protein_592,GCF_002090295.1;protein_591,,,,,,,
GCF_910574535.1;protein_593,GCF_002128045.1;protein_591,GCF_000319675.2;protein_592,GCF_000027345.1;protein_596,GCF_000283755.1;protein_595,GCF_002127985.1;protein_594,GCF_009947205.1;protein_592,GCF_041931765.1;protein_670,GCF_040256845.1;protein_594,GCF_002128265.1;protein_594,GCF_041931565.1;protein_70,GCF_009944725.1;protein_595,GCF_002128145.1;protein_592,GCF_001558175.1;protein_594,GCF_009942155.1;protein_593,GCF_041931755.1;protein_671,GCF_001272775.1;protein_596,GCF_009939765.1;protein_595,GCF_002355715.1;protein_594,GCF_900660465.1;protein_132,GCF_002128285.1;protein_592,GCF_009944335.1;protein_592,GCF_001272755.1;protein_594,GCF_000733995.1;protein_670,GCF_002090215.1;protein_592,GCF_000319655.2;protein_596,GCF_009947575.1;protein_593,GCF_009945865.1;protein_595,GCF_009943805.1;protein_593,GCF_002090295.1;protein_592,,,,,,,
GCF_910574535.1;protein_594,GCF_002128045.1;protein_592,GCF_000319675.2;protein_593,GCF_000027345.1;protein_597,GCF_000283755.1;protein_596,GCF_002127985.1;protein_595,GCF_009947205.1;protein_593,GCF_041931765.1;protein_671,GCF_040256845.1;protein_595,GCF_002128265.1;protein_595,GCF_041931565.1;protein_71,GCF_009944725.1;protein_596,GCF_002128145.1;protein_593,GCF_001558175.1;protein_595,GCF_009942155.1;protein_594,GCF_041931755.1;protein_672,GCF_001272775.1;protein_597,GCF_009939765.1;protein_596,GCF_002355715.1;protein_595,GCF_900660465.1;protein_131,GCF_002128285.1;protein_593,GCF_009944335.1;protein_593,GCF_001272755.1;protein_595,GCF_000733995.1;protein_671,GCF_002090215.1;protein_593,GCF_000319655.2;protein_597,GCF_009947575.1;protein_594,GCF_009945865.1;protein_596,GCF_009943805.1;protein_594,GCF_002090295.1;protein_593,,,,,,,
GCF_910574535.1;protein_595,GCF_002128045.1;protein_593,GCF_000319675.2;protein_594,GCF_000027345.1;protein_598,GCF_000283755.1;protein_597,GCF_002127985.1;protein_596,GCF_009947205.1;protein_594,GCF_041931765.1;protein_672,GCF_040256845.1;protein_596,GCF_002128265.1;protein_596,GCF_041931565.1;protein_72,GCF_009944725.1;protein_597,GCF_002128145.1;protein_594,GCF_001558175.1;protein_596,GCF_009942155.1;protein_595,GCF_041931755.1;protein_673,GCF_001272775.1;protein_598,GCF_009939765.1;protein_597,GCF_002355715.1;protein_596,GCF_900660465.1;protein_130,GCF_002128285.1;protein_594,GCF_009944335.1;protein_594,GCF_001272755.1;protein_596,GCF_000733995.1;protein_672,GCF_002090215.1;protein_594,GCF_000319655.2;protein_598,GCF_009947575.1;protein_595,GCF_009945865.1;protein_597,GCF_009943805.1;protein_595,GCF_002090295.1;protein_594,,,,,,,
GCF_910574535.1;protein_596,GCF_002128045.1;protein_594,GCF_000319675.2;protein_595,GCF_000027345.1;protein_599,GCF_000283755.1;protein_598,GCF_002127985.1;protein_597,GCF_009947205.1;protein_595,GCF_041931765.1;protein_673,GCF_040256845.1;protein_597,GCF_002128265.1;protein_597,GCF_041931565.1;protein_73,GCF_009944725.1;protein_598,GCF_002128145.1;protein_595,GCF_001558175.1;protein_597,GCF_009942155.1;protein_596,GCF_041931755.1;protein_674,GCF_001272775.1;protein_599,GCF_009939765.1;protein_598,GCF_002355715.1;protein_597,GCF_900660465.1;protein_129,GCF_002128285.1;protein_595,GCF_009944335.1;protein_595,GCF_001272755.1;protein_597,GCF_000733995.1;protein_673,GCF_002090215.1;protein_595,GCF_000319655.2;protein_599,GCF_009947575.1;protein_596,GCF_009945865.1;protein_598,GCF_009943805.1;protein_596,GCF_002090295.1;protein_595,,,,,,,
GCF_910574535.1;protein_597,GCF_002128045.1;protein_595,GCF_000319675.2;protein_596,GCF_000027345.1;protein_600,GCF_000283755.1;protein_599,GCF_002127985.1;protein_598,GCF_009947205.1;protein_596,GCF_041931765.1;protein_674,GCF_040256845.1;protein_598,GCF_002128265.1;protein_598,GCF_041931565.1;protein_74,GCF_009944725.1;protein_599,GCF_002128145.1;protein_596,GCF_001558175.1;protein_598,GCF_009942155.1;protein_597,GCF_041931755.1;protein_675,GCF_001272775.1;protein_600,GCF_009939765.1;protein_599,GCF_002355715.1;protein_598,GCF_900660465.1;protein_128,GCF_002128285.1;protein_596,GCF_009944335.1;protein_596,GCF_001272755.1;protein_598,GCF_000733995.1;protein_674,GCF_002090215.1;protein_596,GCF_000319655.2;protein_600,GCF_009947575.1;protein_597,GCF_009945865.1;protein_599,GCF_009943805.1;protein_597,GCF_002090295.1;protein_596,,,,,,,
GCF_910574535.1;protein_598,GCF_002128045.1;protein_596,GCF_000319675.2;protein_597,GCF_000027345.1;protein_601,GCF_000283755.1;protein_600,GCF_002127985.1;protein_599,GCF_009947205.1;protein_597,GCF_041931765.1;protein_675,GCF_040256845.1;protein_599,GCF_002128265.1;protein_599,GCF_041931565.1;protein_75,GCF_009944725.1;protein_600,GCF_002128145.1;protein_597,GCF_001558175.1;protein_599,GCF_009942155.1;protein_598,GCF_041931755.1;protein_676,GCF_001272775.1;protein_601,GCF_009939765.1;protein_600,GCF_002355715.1;protein_599,GCF_900660465.1;protein_127,GCF_002128285.1;protein_597,GCF_009944335.1;protein_597,GCF_001272755.1;protein_599,GCF_000733995.1;protein_675,GCF_002090215.1;protein_597,GCF_000319655.2;protein_601,GCF_009947575.1;protein_598,GCF_009945865.1;protein_600,GCF_009943805.1;protein_598,GCF_002090295.1;protein_597,,,,,,,
GCF_910574535.1;protein_599,GCF_002128045.1;protein_597,GCF_000319675.2;protein_598,GCF_000027345.1;protein_602,GCF_000283755.1;protein_601,GCF_002127985.1;protein_600,GCF_009947205.1;protein_598,GCF_041931765.1;protein_676,GCF_040256845.1;protein_600,GCF_002128265.1;protein_600,GCF_041931565.1;protein_76,GCF_009944725.1;protein_601,GCF_002128145.1;protein_598,GCF_001558175.1;protein_600,GCF_009942155.1;protein_599,GCF_041931755.1;protein_677,GCF_001272775.1;protein_602,GCF_009939765.1;protein_601,GCF_002355715.1;protein_600,GCF_900660465.1;protein_126,GCF_002128285.1;protein_598,GCF_009944335.1;protein_598,GCF_001272755.1;protein_600,GCF_000733995.1;protein_676,GCF_002090215.1;protein_598,GCF_000319655.2;protein_602,GCF_009947575.1;protein_599,GCF_009945865.1;protein_601,GCF_009943805.1;protein_599,GCF_002090295.1;protein_598,,,,,,,
GCF_910574535.1;protein_6,GCF_002128045.1;protein_6,GCF_000319675.2;protein_6,GCF_000027345.1;protein_6,GCF_000283755.1;protein_6,GCF_002127985.1;protein_6,GCF_009947205.1;protein_6,GCF_041931765.1;protein_83,GCF_040256845.1;protein_6,GCF_002128265.1;protein_6,GCF_041931565.1;protein_202,GCF_009944725.1;protein_6,GCF_002128145.1;protein_6,GCF_001558175.1;protein_6,GCF_009942155.1;protein_6,GCF_041931755.1;protein_83,GCF_001272775.1;protein_6,GCF_009939765.1;protein_6,GCF_002355715.1;protein_6,GCF_900660465.1;protein_721,GCF_002128285.1;protein_6,GCF_009944335.1;protein_6,GCF_001272755.1;protein_6,GCF_000733995.1;protein_82,GCF_002090215.1;protein_6,GCF_000319655.2;protein_6,GCF_009947575.1;protein_6,GCF_009945865.1;protein_6,GCF_009943805.1;protein_6,GCF_002090295.1;protein_6,,,,,,,
GCF_910574535.1;protein_60,GCF_002128045.1;protein_59,GCF_000319675.2;protein_59,GCF_000027345.1;protein_60,GCF_000283755.1;protein_59,GCF_002127985.1;protein_60,GCF_009947205.1;protein_60,GCF_041931765.1;protein_137,GCF_040256845.1;protein_59,GCF_002128265.1;protein_59,GCF_041931565.1;protein_256,GCF_009944725.1;protein_60,GCF_002128145.1;protein_60,GCF_001558175.1;protein_59,GCF_009942155.1;protein_59,GCF_041931755.1;protein_136,GCF_001272775.1;protein_60,GCF_009939765.1;protein_60,GCF_002355715.1;protein_59,GCF_900660465.1;protein_667,GCF_002128285.1;protein_60,GCF_009944335.1;protein_60,GCF_001272755.1;protein_60,GCF_000733995.1;protein_136,GCF_002090215.1;protein_59,GCF_000319655.2;protein_60,GCF_009947575.1;protein_60,GCF_009945865.1;protein_60,GCF_009943805.1;protein_60,GCF_002090295.1;protein_60,,,,,,,
GCF_910574535.1;protein_600,GCF_002128045.1;protein_598,GCF_000319675.2;protein_599,GCF_000027345.1;protein_603,GCF_000283755.1;protein_602,GCF_002127985.1;protein_601,GCF_009947205.1;protein_599,GCF_041931765.1;protein_677,GCF_040256845.1;protein_601,GCF_002128265.1;protein_601,GCF_041931565.1;protein_77,GCF_009944725.1;protein_602,GCF_002128145.1;protein_599,GCF_001558175.1;protein_601,GCF_009942155.1;protein_600,GCF_041931755.1;protein_678,GCF_001272775.1;protein_603,GCF_009939765.1;protein_602,GCF_002355715.1;protein_601,GCF_900660465.1;protein_125,GCF_002128285.1;protein_599,GCF_009944335.1;protein_599,GCF_001272755.1;protein_601,GCF_000733995.1;protein_677,GCF_002090215.1;protein_599,GCF_000319655.2;protein_603,GCF_009947575.1;protein_600,GCF_009945865.1;protein_602,GCF_009943805.1;protein_600,GCF_002090295.1;protein_599,,,,,,,
GCF_910574535.1;protein_601,GCF_002128045.1;protein_599,GCF_000319675.2;protein_600,GCF_000027345.1;protein_604,GCF_000283755.1;protein_603,GCF_002127985.1;protein_602,GCF_009947205.1;protein_600,GCF_041931765.1;protein_678,GCF_040256845.1;protein_602,GCF_002128265.1;protein_602,GCF_041931565.1;protein_78,GCF_009944725.1;protein_603,GCF_002128145.1;protein_600,GCF_001558175.1;protein_602,GCF_009942155.1;protein_601,GCF_041931755.1;protein_679,GCF_001272775.1;protein_604,GCF_009939765.1;protein_603,GCF_002355715.1;protein_602,GCF_900660465.1;protein_124,GCF_002128285.1;protein_600,GCF_009944335.1;protein_600,GCF_001272755.1;protein_602,GCF_000733995.1;protein_678,GCF_002090215.1;protein_600,GCF_000319655.2;protein_604,GCF_009947575.1;protein_601,GCF_009945865.1;protein_603,GCF_009943805.1;protein_601,GCF_002090295.1;protein_600,,,,,,,
GCF_910574535.1;protein_602,GCF_002128045.1;protein_600,GCF_000319675.2;protein_601,GCF_000027345.1;protein_605,GCF_000283755.1;protein_604,GCF_002127985.1;protein_603,GCF_009947205.1;protein_601,GCF_041931765.1;protein_679,GCF_040256845.1;protein_603,GCF_002128265.1;protein_603,GCF_041931565.1;protein_79,GCF_009944725.1;protein_604,GCF_002128145.1;protein_601,GCF_001558175.1;protein_603,GCF_009942155.1;protein_602,GCF_041931755.1;protein_680,GCF_001272775.1;protein_605,GCF_009939765.1;protein_604,GCF_002355715.1;protein_603,GCF_900660465.1;protein_123,GCF_002128285.1;protein_601,GCF_009944335.1;protein_601,GCF_001272755.1;protein_603,GCF_000733995.1;protein_679,GCF_002090215.1;protein_601,GCF_000319655.2;protein_605,GCF_009947575.1;protein_602,GCF_009945865.1;protein_604,GCF_009943805.1;protein_602,GCF_002090295.1;protein_601,,,,,,,
GCF_910574535.1;protein_603,GCF_002128045.1;protein_601,GCF_000319675.2;protein_602,GCF_000027345.1;protein_606,GCF_000283755.1;protein_605,GCF_002127985.1;protein_604,GCF_009947205.1;protein_602,GCF_041931765.1;protein_680,GCF_040256845.1;protein_604,GCF_002128265.1;protein_604,GCF_041931565.1;protein_80,GCF_009944725.1;protein_605,GCF_002128145.1;protein_602,GCF_001558175.1;protein_604,GCF_009942155.1;protein_603,GCF_041931755.1;protein_681,GCF_001272775.1;protein_606,GCF_009939765.1;protein_605,GCF_002355715.1;protein_604,GCF_900660465.1;protein_122,GCF_002128285.1;protein_602,GCF_009944335.1;protein_602,GCF_001272755.1;protein_604,GCF_000733995.1;protein_680,GCF_002090215.1;protein_602,GCF_000319655.2;protein_606,GCF_009947575.1;protein_603,GCF_009945865.1;protein_605,GCF_009943805.1;protein_603,GCF_002090295.1;protein_602,,,,,,,
GCF_910574535.1;protein_604,GCF_002128045.1;protein_602,GCF_000319675.2;protein_603,GCF_000027345.1;protein_607,GCF_000283755.1;protein_606,GCF_002127985.1;protein_605,GCF_009947205.1;protein_603,GCF_041931765.1;protein_681,GCF_040256845.1;protein_605,GCF_002128265.1;protein_605,GCF_041931565.1;protein_81,GCF_009944725.1;protein_606,GCF_002128145.1;protein_603,GCF_001558175.1;protein_605,GCF_009942155.1;protein_604,GCF_041931755.1;protein_682,GCF_001272775.1;protein_607,GCF_009939765.1;protein_606,GCF_002355715.1;protein_605,GCF_900660465.1;protein_121,GCF_002128285.1;protein_603,GCF_009944335.1;protein_603,GCF_001272755.1;protein_605,GCF_000733995.1;protein_681,GCF_002090215.1;protein_603,GCF_000319655.2;protein_607,GCF_009947575.1;protein_604,GCF_009945865.1;protein_606,GCF_009943805.1;protein_604,GCF_002090295.1;protein_603,,,,,,,
GCF_910574535.1;protein_605,GCF_002128045.1;protein_603,GCF_000319675.2;protein_604,GCF_000027345.1;protein_608,GCF_000283755.1;protein_607,GCF_002127985.1;protein_606,GCF_009947205.1;protein_604,GCF_041931765.1;protein_682,GCF_040256845.1;protein_606,GCF_002128265.1;protein_606,GCF_041931565.1;protein_82,GCF_009944725.1;protein_607,GCF_002128145.1;protein_604,GCF_001558175.1;protein_606,GCF_009942155.1;protein_605,GCF_041931755.1;protein_683,GCF_001272775.1;protein_608,GCF_009939765.1;protein_607,GCF_002355715.1;protein_606,GCF_900660465.1;protein_120,GCF_002128285.1;protein_604,GCF_009944335.1;protein_604,GCF_001272755.1;protein_606,GCF_000733995.1;protein_682,GCF_002090215.1;protein_604,GCF_000319655.2;protein_608,GCF_009947575.1;protein_605,GCF_009945865.1;protein_607,GCF_009943805.1;protein_605,GCF_002090295.1;protein_604,,,,,,,
GCF_910574535.1;protein_606,GCF_002128045.1;protein_604,GCF_000319675.2;protein_605,GCF_000027345.1;protein_609,GCF_000283755.1;protein_608,GCF_002127985.1;protein_607,GCF_009947205.1;protein_605,GCF_041931765.1;protein_683,GCF_040256845.1;protein_607,GCF_002128265.1;protein_607,GCF_041931565.1;protein_83,GCF_009944725.1;protein_608,GCF_002128145.1;protein_605,GCF_001558175.1;protein_607,GCF_009942155.1;protein_606,GCF_041931755.1;protein_684,GCF_001272775.1;protein_609,GCF_009939765.1;protein_608,GCF_002355715.1;protein_607,GCF_900660465.1;protein_119,GCF_002128285.1;protein_606,GCF_009944335.1;protein_605,GCF_001272755.1;protein_607,GCF_000733995.1;protein_683,GCF_002090215.1;protein_605,GCF_000319655.2;protein_609,GCF_009947575.1;protein_606,GCF_009945865.1;protein_608,GCF_009943805.1;protein_606,GCF_002090295.1;protein_605,,,,,,,
GCF_910574535.1;protein_607,GCF_002128045.1;protein_605,GCF_000319675.2;protein_606,GCF_000027345.1;protein_610,GCF_000283755.1;protein_609,GCF_002127985.1;protein_608,GCF_009947205.1;protein_606,GCF_041931765.1;protein_684,GCF_040256845.1;protein_608,GCF_002128265.1;protein_608,GCF_041931565.1;protein_84,GCF_009944725.1;protein_609,GCF_002128145.1;protein_606,GCF_001558175.1;protein_608,GCF_009942155.1;protein_607,GCF_041931755.1;protein_685,GCF_001272775.1;protein_610,GCF_009939765.1;protein_609,GCF_002355715.1;protein_608,GCF_900660465.1;protein_118,GCF_002128285.1;protein_607,GCF_009944335.1;protein_606,GCF_001272755.1;protein_608,GCF_000733995.1;protein_684,GCF_002090215.1;protein_606,GCF_000319655.2;protein_610,GCF_009947575.1;protein_607,GCF_009945865.1;protein_609,GCF_009943805.1;protein_607,GCF_002090295.1;protein_606,,,,,,,
GCF_910574535.1;protein_608,GCF_002128045.1;protein_606,GCF_000319675.2;protein_607,GCF_000027345.1;protein_611,GCF_000283755.1;protein_610,GCF_002127985.1;protein_609,GCF_009947205.1;protein_607,GCF_041931765.1;protein_685,GCF_040256845.1;protein_609,GCF_002128265.1;protein_609,GCF_041931565.1;protein_85,GCF_009944725.1;protein_610,GCF_002128145.1;protein_607,GCF_001558175.1;protein_609,GCF_009942155.1;protein_608,GCF_041931755.1;protein_686,GCF_001272775.1;protein_611,GCF_009939765.1;protein_610,GCF_002355715.1;protein_609,GCF_900660465.1;protein_117,GCF_002128285.1;protein_608,GCF_009944335.1;protein_607,GCF_001272755.1;protein_609,GCF_000733995.1;protein_685,GCF_002090215.1;protein_607,GCF_000319655.2;protein_611,GCF_009947575.1;protein_608,GCF_009945865.1;protein_610,GCF_009943805.1;protein_608,GCF_002090295.1;protein_607,,,,,,,
GCF_910574535.1;protein_609,GCF_002128045.1;protein_607,GCF_000319675.2;protein_608,GCF_000027345.1;protein_612,GCF_000283755.1;protein_611,GCF_002127985.1;protein_610,GCF_009947205.1;protein_608,GCF_041931765.1;protein_686,GCF_040256845.1;protein_610,GCF_002128265.1;protein_610,GCF_041931565.1;protein_86,GCF_009944725.1;protein_611,GCF_002128145.1;protein_608,GCF_001558175.1;protein_610,GCF_009942155.1;protein_609,GCF_041931755.1;protein_687,GCF_001272775.1;protein_612,GCF_009939765.1;protein_611,GCF_002355715.1;protein_610,GCF_900660465.1;protein_116,GCF_002128285.1;protein_609,GCF_009944335.1;protein_608,GCF_001272755.1;protein_610,GCF_000733995.1;protein_686,GCF_002090215.1;protein_608,GCF_000319655.2;protein_612,GCF_009947575.1;protein_609,GCF_009945865.1;protein_611,GCF_009943805.1;protein_609,GCF_002090295.1;protein_608,,,,,,,
GCF_910574535.1;protein_61,GCF_002128045.1;protein_60,GCF_000319675.2;protein_60,GCF_000027345.1;protein_61,GCF_000283755.1;protein_60,GCF_002127985.1;protein_61,GCF_009947205.1;protein_61,GCF_041931765.1;protein_138,GCF_040256845.1;protein_60,GCF_002128265.1;protein_60,GCF_041931565.1;protein_257,GCF_009944725.1;protein_61,GCF_002128145.1;protein_61,GCF_001558175.1;protein_60,GCF_009942155.1;protein_60,GCF_041931755.1;protein_137,GCF_001272775.1;protein_61,GCF_009939765.1;protein_61,GCF_002355715.1;protein_60,GCF_900660465.1;protein_666,GCF_002128285.1;protein_61,GCF_009944335.1;protein_61,GCF_001272755.1;protein_61,GCF_000733995.1;protein_137,GCF_002090215.1;protein_60,GCF_000319655.2;protein_61,GCF_009947575.1;protein_61,GCF_009945865.1;protein_61,GCF_009943805.1;protein_61,GCF_002090295.1;protein_61,,,,,,,
GCF_910574535.1;protein_610,GCF_002128045.1;protein_608,GCF_000319675.2;protein_609,GCF_000027345.1;protein_613,GCF_000283755.1;protein_612,GCF_002127985.1;protein_611,GCF_009947205.1;protein_609,GCF_041931765.1;protein_687,GCF_040256845.1;protein_611,GCF_002128265.1;protein_611,GCF_041931565.1;protein_87,GCF_009944725.1;protein_612,GCF_002128145.1;protein_609,GCF_001558175.1;protein_611,GCF_009942155.1;protein_610,GCF_041931755.1;protein_688,GCF_001272775.1;protein_613,GCF_009939765.1;protein_612,GCF_002355715.1;protein_611,GCF_900660465.1;protein_115,GCF_002128285.1;protein_610,GCF_009944335.1;protein_609,GCF_001272755.1;protein_611,GCF_000733995.1;protein_687,GCF_002090215.1;protein_609,GCF_000319655.2;protein_613,GCF_009947575.1;protein_610,GCF_009945865.1;protein_612,GCF_009943805.1;protein_610,GCF_002090295.1;protein_609,,,,,,,
GCF_910574535.1;protein_611,GCF_002128045.1;protein_609,,GCF_000027345.1;protein_614,,,GCF_009947205.1;protein_610,,,,,,GCF_002128145.1;protein_610,GCF_001558175.1;protein_612,,,GCF_001272775.1;protein_614,,,,,,,,GCF_002090215.1;protein_610,,,,,GCF_002090295.1;protein_610,,,,,,,
GCF_009947205.1;protein_611,GCF_041931765.1;protein_689,GCF_009942155.1;protein_611,GCF_002355715.1;protein_612,GCF_002128045.1;protein_610,,GCF_040256845.1;protein_612,GCF_009943805.1;protein_611,GCF_000319675.2;protein_610,GCF_001272775.1;protein_615,GCF_002128145.1;protein_611,GCF_009939765.1;protein_614,GCF_009942155.1;protein_613,GCF_009944335.1;protein_610,GCF_000027345.1;protein_615,GCF_009944725.1;protein_613,GCF_041931755.1;protein_690,GCF_009945865.1;protein_615,GCF_002128265.1;protein_615,GCF_001272755.1;protein_613,GCF_002090295.1;protein_611,GCF_000283755.1;protein_613,GCF_002128265.1;protein_613,GCF_900660465.1;protein_114,GCF_001558175.1;protein_613,GCF_002127985.1;protein_613,GCF_041931565.1;protein_88,GCF_002090215.1;protein_611,GCF_009945865.1;protein_613,GCF_000319655.2;protein_614,GCF_000733995.1;protein_688,GCF_009947575.1;protein_611,GCF_910574535.1;protein_612,,,,
GCF_002090295.1;protein_612,GCF_910574535.1;protein_613,GCF_001558175.1;protein_614,,GCF_002128285.1;protein_613,GCF_900660465.1;protein_113,GCF_000319655.2;protein_615,GCF_040256845.1;protein_613,GCF_002127985.1;protein_614,GCF_009945865.1;protein_616,GCF_009944335.1;protein_611,GCF_002128265.1;protein_616,GCF_009942155.1;protein_614,GCF_001272775.1;protein_616,GCF_000283755.1;protein_614,GCF_009945865.1;protein_614,GCF_009943805.1;protein_612,GCF_009947575.1;protein_612,GCF_002128285.1;protein_615,GCF_009944725.1;protein_614,GCF_000027345.1;protein_616,GCF_002128265.1;protein_614,GCF_000733995.1;protein_689,GCF_009947205.1;protein_612,GCF_009939765.1;protein_615,GCF_041931755.1;protein_691,GCF_000319655.2;protein_617,GCF_002355715.1;protein_613,GCF_000319675.2;protein_611,GCF_002128145.1;protein_612,GCF_041931765.1;protein_690,GCF_900660465.1;protein_111,GCF_041931565.1;protein_89,GCF_002090215.1;protein_612,GCF_002128045.1;protein_611,GCF_009942155.1;protein_612,GCF_001272755.1;protein_614
GCF_910574535.1;protein_614,GCF_002128045.1;protein_612,GCF_000319675.2;protein_612,GCF_000027345.1;protein_617,,GCF_002127985.1;protein_615,GCF_009947205.1;protein_613,GCF_041931765.1;protein_691,GCF_040256845.1;protein_614,,GCF_041931565.1;protein_90,,GCF_002128145.1;protein_613,GCF_001558175.1;protein_615,,GCF_041931755.1;protein_692,GCF_001272775.1;protein_617,GCF_009939765.1;protein_616,,,,GCF_009944335.1;protein_612,GCF_001272755.1;protein_615,GCF_000733995.1;protein_690,GCF_002090215.1;protein_613,,GCF_009947575.1;protein_613,,GCF_009943805.1;protein_613,GCF_002090295.1;protein_613,,,,,,,
GCF_910574535.1;protein_615,GCF_002128045.1;protein_613,GCF_000319675.2;protein_613,GCF_000027345.1;protein_618,,GCF_002127985.1;protein_616,GCF_009947205.1;protein_614,GCF_041931765.1;protein_692,GCF_040256845.1;protein_615,,GCF_041931565.1;protein_91,,GCF_002128145.1;protein_614,GCF_001558175.1;protein_616,,GCF_041931755.1;protein_693,GCF_001272775.1;protein_618,GCF_009939765.1;protein_617,,,,GCF_009944335.1;protein_613,GCF_001272755.1;protein_616,GCF_000733995.1;protein_691,GCF_002090215.1;protein_614,,GCF_009947575.1;protein_614,,GCF_009943805.1;protein_614,GCF_002090295.1;protein_614,,,,,,,
GCF_910574535.1;protein_616,GCF_002128045.1;protein_614,GCF_000319675.2;protein_614,GCF_000027345.1;protein_619,GCF_000283755.1;protein_620,GCF_002127985.1;protein_617,GCF_009947205.1;protein_615,GCF_041931765.1;protein_693,GCF_040256845.1;protein_616,GCF_002128265.1;protein_623,GCF_041931565.1;protein_92,GCF_009944725.1;protein_619,GCF_002128145.1;protein_615,GCF_001558175.1;protein_617,GCF_009942155.1;protein_620,GCF_041931755.1;protein_694,GCF_001272775.1;protein_619,GCF_009939765.1;protein_618,GCF_002355715.1;protein_619,GCF_900660465.1;protein_104,GCF_002128285.1;protein_621,GCF_009944335.1;protein_614,GCF_001272755.1;protein_617,GCF_000733995.1;protein_692,GCF_002090215.1;protein_615,GCF_000319655.2;protein_623,GCF_009947575.1;protein_615,GCF_009945865.1;protein_621,GCF_009943805.1;protein_615,GCF_002090295.1;protein_615,,,,,,,
GCF_910574535.1;protein_617,GCF_002128045.1;protein_615,GCF_000319675.2;protein_615,GCF_000027345.1;protein_620,GCF_000283755.1;protein_621,GCF_002127985.1;protein_618,GCF_009947205.1;protein_616,GCF_041931765.1;protein_694,GCF_040256845.1;protein_617,GCF_002128265.1;protein_624,GCF_041931565.1;protein_93,GCF_009944725.1;protein_620,GCF_002128145.1;protein_616,GCF_001558175.1;protein_618,GCF_009942155.1;protein_621,GCF_041931755.1;protein_695,GCF_001272775.1;protein_620,GCF_009939765.1;protein_619,GCF_002355715.1;protein_620,GCF_900660465.1;protein_103,GCF_002128285.1;protein_622,GCF_009944335.1;protein_615,GCF_001272755.1;protein_618,GCF_000733995.1;protein_693,GCF_002090215.1;protein_616,GCF_000319655.2;protein_624,GCF_009947575.1;protein_616,GCF_009945865.1;protein_622,GCF_009943805.1;protein_616,GCF_002090295.1;protein_616,,,,,,,
GCF_910574535.1;protein_618,GCF_002128045.1;protein_616,GCF_000319675.2;protein_616,GCF_000027345.1;protein_621,GCF_000283755.1;protein_622,GCF_002127985.1;protein_619,GCF_009947205.1;protein_617,GCF_041931765.1;protein_695,GCF_040256845.1;protein_618,GCF_002128265.1;protein_625,GCF_041931565.1;protein_94,GCF_009944725.1;protein_621,GCF_002128145.1;protein_617,GCF_001558175.1;protein_619,GCF_009942155.1;protein_622,GCF_041931755.1;protein_696,GCF_001272775.1;protein_621,GCF_009939765.1;protein_620,GCF_002355715.1;protein_621,GCF_900660465.1;protein_102,GCF_002128285.1;protein_623,GCF_009944335.1;protein_616,GCF_001272755.1;protein_619,GCF_000733995.1;protein_694,GCF_002090215.1;protein_617,GCF_000319655.2;protein_625,GCF_009947575.1;protein_617,GCF_009945865.1;protein_623,GCF_009943805.1;protein_617,GCF_002090295.1;protein_617,,,,,,,
GCF_910574535.1;protein_619,GCF_002128045.1;protein_617,GCF_000319675.2;protein_617,GCF_000027345.1;protein_622,GCF_000283755.1;protein_623,GCF_002127985.1;protein_620,GCF_009947205.1;protein_618,GCF_041931765.1;protein_696,GCF_040256845.1;protein_619,GCF_002128265.1;protein_626,GCF_041931565.1;protein_95,GCF_009944725.1;protein_622,GCF_002128145.1;protein_618,GCF_001558175.1;protein_620,GCF_009942155.1;protein_623,GCF_041931755.1;protein_697,GCF_001272775.1;protein_622,GCF_009939765.1;protein_621,GCF_002355715.1;protein_622,GCF_900660465.1;protein_101,GCF_002128285.1;protein_624,GCF_009944335.1;protein_617,GCF_001272755.1;protein_620,GCF_000733995.1;protein_695,GCF_002090215.1;protein_618,GCF_000319655.2;protein_626,GCF_009947575.1;protein_618,GCF_009945865.1;protein_624,GCF_009943805.1;protein_618,GCF_002090295.1;protein_618,,,,,,,
GCF_910574535.1;protein_62,GCF_002128045.1;protein_61,GCF_000319675.2;protein_61,GCF_000027345.1;protein_62,GCF_000283755.1;protein_61,GCF_002127985.1;protein_62,GCF_009947205.1;protein_62,GCF_041931765.1;protein_139,GCF_040256845.1;protein_61,GCF_002128265.1;protein_61,GCF_041931565.1;protein_258,GCF_009944725.1;protein_62,GCF_002128145.1;protein_62,GCF_001558175.1;protein_61,GCF_009942155.1;protein_61,GCF_041931755.1;protein_138,GCF_001272775.1;protein_62,GCF_009939765.1;protein_62,GCF_002355715.1;protein_61,GCF_900660465.1;protein_665,GCF_002128285.1;protein_62,GCF_009944335.1;protein_62,GCF_001272755.1;protein_62,GCF_000733995.1;protein_138,GCF_002090215.1;protein_61,GCF_000319655.2;protein_62,GCF_009947575.1;protein_62,GCF_009945865.1;protein_62,GCF_009943805.1;protein_62,GCF_002090295.1;protein_62,,,,,,,
GCF_910574535.1;protein_620,GCF_002128045.1;protein_618,GCF_000319675.2;protein_618,GCF_000027345.1;protein_623,GCF_000283755.1;protein_624,GCF_002127985.1;protein_621,GCF_009947205.1;protein_619,GCF_041931765.1;protein_697,GCF_040256845.1;protein_620,GCF_002128265.1;protein_627,GCF_041931565.1;protein_96,GCF_009944725.1;protein_623,GCF_002128145.1;protein_619,GCF_001558175.1;protein_621,GCF_009942155.1;protein_624,GCF_041931755.1;protein_698,GCF_001272775.1;protein_623,GCF_009939765.1;protein_622,GCF_002355715.1;protein_623,GCF_900660465.1;protein_100,GCF_002128285.1;protein_625,GCF_009944335.1;protein_618,GCF_001272755.1;protein_621,GCF_000733995.1;protein_696,GCF_002090215.1;protein_619,GCF_000319655.2;protein_627,GCF_009947575.1;protein_619,GCF_009945865.1;protein_625,GCF_009943805.1;protein_619,GCF_002090295.1;protein_619,,,,,,,
GCF_910574535.1;protein_621,GCF_002128045.1;protein_619,GCF_000319675.2;protein_619,GCF_000027345.1;protein_624,GCF_000283755.1;protein_625,GCF_002127985.1;protein_622,GCF_009947205.1;protein_620,GCF_041931765.1;protein_698,GCF_040256845.1;protein_621,GCF_002128265.1;protein_628,GCF_041931565.1;protein_97,GCF_009944725.1;protein_624,GCF_002128145.1;protein_620,GCF_001558175.1;protein_622,GCF_009942155.1;protein_625,GCF_041931755.1;protein_699,GCF_001272775.1;protein_624,GCF_009939765.1;protein_623,GCF_002355715.1;protein_624,GCF_900660465.1;protein_99,GCF_002128285.1;protein_626,GCF_009944335.1;protein_619,GCF_001272755.1;protein_622,GCF_000733995.1;protein_697,GCF_002090215.1;protein_620,GCF_000319655.2;protein_628,GCF_009947575.1;protein_620,GCF_009945865.1;protein_626,GCF_009943805.1;protein_620,GCF_002090295.1;protein_620,,,,,,,
GCF_910574535.1;protein_622,GCF_002128045.1;protein_620,GCF_000319675.2;protein_620,GCF_000027345.1;protein_625,GCF_000283755.1;protein_626,GCF_002127985.1;protein_623,GCF_009947205.1;protein_621,GCF_041931765.1;protein_699,GCF_040256845.1;protein_622,GCF_002128265.1;protein_629,GCF_041931565.1;protein_98,GCF_009944725.1;protein_625,GCF_002128145.1;protein_621,GCF_001558175.1;protein_623,GCF_009942155.1;protein_626,GCF_041931755.1;protein_700,GCF_001272775.1;protein_625,GCF_009939765.1;protein_624,GCF_002355715.1;protein_625,GCF_900660465.1;protein_98,GCF_002128285.1;protein_627,GCF_009944335.1;protein_620,GCF_001272755.1;protein_623,GCF_000733995.1;protein_698,GCF_002090215.1;protein_621,GCF_000319655.2;protein_629,GCF_009947575.1;protein_621,GCF_009945865.1;protein_627,GCF_009943805.1;protein_621,GCF_002090295.1;protein_621,,,,,,,
GCF_910574535.1;protein_623,GCF_002128045.1;protein_621,GCF_000319675.2;protein_621,GCF_000027345.1;protein_626,GCF_000283755.1;protein_627,GCF_002127985.1;protein_624,GCF_009947205.1;protein_622,GCF_041931765.1;protein_700,GCF_040256845.1;protein_623,GCF_002128265.1;protein_630,GCF_041931565.1;protein_99,GCF_009944725.1;protein_626,GCF_002128145.1;protein_622,GCF_001558175.1;protein_624,GCF_009942155.1;protein_627,GCF_041931755.1;protein_701,GCF_001272775.1;protein_626,GCF_009939765.1;protein_625,GCF_002355715.1;protein_626,GCF_900660465.1;protein_97,GCF_002128285.1;protein_628,GCF_009944335.1;protein_621,GCF_001272755.1;protein_624,GCF_000733995.1;protein_699,GCF_002090215.1;protein_622,GCF_000319655.2;protein_630,GCF_009947575.1;protein_622,GCF_009945865.1;protein_628,GCF_009943805.1;protein_622,GCF_002090295.1;protein_622,,,,,,,
GCF_910574535.1;protein_624,GCF_002128045.1;protein_622,GCF_000319675.2;protein_622,GCF_000027345.1;protein_627,GCF_000283755.1;protein_628,GCF_002127985.1;protein_625,GCF_009947205.1;protein_623,GCF_041931765.1;protein_701,GCF_040256845.1;protein_624,GCF_002128265.1;protein_631,GCF_041931565.1;protein_100,GCF_009944725.1;protein_627,GCF_002128145.1;protein_623,GCF_001558175.1;protein_625,GCF_009942155.1;protein_628,GCF_041931755.1;protein_702,GCF_001272775.1;protein_627,GCF_009939765.1;protein_626,GCF_002355715.1;protein_627,GCF_900660465.1;protein_96,GCF_002128285.1;protein_629,GCF_009944335.1;protein_622,GCF_001272755.1;protein_625,GCF_000733995.1;protein_700,GCF_002090215.1;protein_623,GCF_000319655.2;protein_631,GCF_009947575.1;protein_623,GCF_009945865.1;protein_629,GCF_009943805.1;protein_623,GCF_002090295.1;protein_623,,,,,,,
GCF_910574535.1;protein_625,GCF_002128045.1;protein_623,GCF_000319675.2;protein_623,GCF_000027345.1;protein_628,GCF_000283755.1;protein_629,GCF_002127985.1;protein_626,GCF_009947205.1;protein_624,GCF_041931765.1;protein_702,GCF_040256845.1;protein_625,GCF_002128265.1;protein_632,GCF_041931565.1;protein_101,GCF_009944725.1;protein_628,GCF_002128145.1;protein_624,GCF_001558175.1;protein_626,GCF_009942155.1;protein_629,GCF_041931755.1;protein_703,GCF_001272775.1;protein_628,GCF_009939765.1;protein_627,GCF_002355715.1;protein_628,GCF_900660465.1;protein_95,GCF_002128285.1;protein_630,GCF_009944335.1;protein_623,GCF_001272755.1;protein_626,GCF_000733995.1;protein_701,GCF_002090215.1;protein_624,GCF_000319655.2;protein_632,GCF_009947575.1;protein_624,GCF_009945865.1;protein_630,GCF_009943805.1;protein_624,GCF_002090295.1;protein_624,,,,,,,
GCF_910574535.1;protein_626,GCF_002128045.1;protein_624,GCF_000319675.2;protein_624,GCF_000027345.1;protein_629,GCF_000283755.1;protein_630,GCF_002127985.1;protein_627,GCF_009947205.1;protein_625,GCF_041931765.1;protein_703,GCF_040256845.1;protein_626,GCF_002128265.1;protein_633,GCF_041931565.1;protein_102,GCF_009944725.1;protein_629,GCF_002128145.1;protein_625,GCF_001558175.1;protein_627,GCF_009942155.1;protein_630,GCF_041931755.1;protein_704,GCF_001272775.1;protein_629,GCF_009939765.1;protein_628,GCF_002355715.1;protein_629,GCF_900660465.1;protein_94,GCF_002128285.1;protein_631,GCF_009944335.1;protein_624,GCF_001272755.1;protein_627,GCF_000733995.1;protein_702,GCF_002090215.1;protein_625,GCF_000319655.2;protein_633,GCF_009947575.1;protein_625,GCF_009945865.1;protein_631,GCF_009943805.1;protein_625,GCF_002090295.1;protein_625,,,,,,,
GCF_910574535.1;protein_627,GCF_002128045.1;protein_625,GCF_000319675.2;protein_625,GCF_000027345.1;protein_630,GCF_000283755.1;protein_631,GCF_002127985.1;protein_628,GCF_009947205.1;protein_626,GCF_041931765.1;protein_704,GCF_040256845.1;protein_627,GCF_002128265.1;protein_634,GCF_041931565.1;protein_103,GCF_009944725.1;protein_630,GCF_002128145.1;protein_626,GCF_001558175.1;protein_628,GCF_009942155.1;protein_631,GCF_041931755.1;protein_705,GCF_001272775.1;protein_630,GCF_009939765.1;protein_629,GCF_002355715.1;protein_630,GCF_900660465.1;protein_93,GCF_002128285.1;protein_632,GCF_009944335.1;protein_625,GCF_001272755.1;protein_628,GCF_000733995.1;protein_703,GCF_002090215.1;protein_626,GCF_000319655.2;protein_634,GCF_009947575.1;protein_626,GCF_009945865.1;protein_632,GCF_009943805.1;protein_626,GCF_002090295.1;protein_626,,,,,,,
GCF_910574535.1;protein_628,GCF_002128045.1;protein_626,GCF_000319675.2;protein_626,GCF_000027345.1;protein_631,GCF_000283755.1;protein_632,GCF_002127985.1;protein_629,GCF_009947205.1;protein_627,GCF_041931765.1;protein_705,GCF_040256845.1;protein_628,GCF_002128265.1;protein_635,GCF_041931565.1;protein_104,GCF_009944725.1;protein_631,GCF_002128145.1;protein_627,GCF_001558175.1;protein_629,GCF_009942155.1;protein_632,GCF_041931755.1;protein_706,GCF_001272775.1;protein_631,GCF_009939765.1;protein_630,GCF_002355715.1;protein_631,GCF_900660465.1;protein_92,GCF_002128285.1;protein_633,GCF_009944335.1;protein_626,GCF_001272755.1;protein_629,GCF_000733995.1;protein_704,GCF_002090215.1;protein_627,GCF_000319655.2;protein_635,GCF_009947575.1;protein_627,GCF_009945865.1;protein_633,GCF_009943805.1;protein_627,GCF_002090295.1;protein_627,,,,,,,
GCF_910574535.1;protein_629,GCF_002128045.1;protein_627,GCF_000319675.2;protein_627,GCF_000027345.1;protein_632,GCF_000283755.1;protein_633,GCF_002127985.1;protein_630,GCF_009947205.1;protein_628,GCF_041931765.1;protein_706,GCF_040256845.1;protein_629,GCF_002128265.1;protein_636,GCF_041931565.1;protein_105,GCF_009944725.1;protein_632,GCF_002128145.1;protein_628,GCF_001558175.1;protein_630,GCF_009942155.1;protein_633,GCF_041931755.1;protein_707,GCF_001272775.1;protein_632,GCF_009939765.1;protein_631,GCF_002355715.1;protein_632,GCF_900660465.1;protein_91,GCF_002128285.1;protein_634,GCF_009944335.1;protein_627,GCF_001272755.1;protein_630,GCF_000733995.1;protein_705,GCF_002090215.1;protein_628,GCF_000319655.2;protein_636,GCF_009947575.1;protein_628,GCF_009945865.1;protein_634,GCF_009943805.1;protein_628,GCF_002090295.1;protein_628,,,,,,,
GCF_910574535.1;protein_63,GCF_002128045.1;protein_62,GCF_000319675.2;protein_62,GCF_000027345.1;protein_63,GCF_000283755.1;protein_62,GCF_002127985.1;protein_63,GCF_009947205.1;protein_63,GCF_041931765.1;protein_140,GCF_040256845.1;protein_62,GCF_002128265.1;protein_62,GCF_041931565.1;protein_259,GCF_009944725.1;protein_63,GCF_002128145.1;protein_63,GCF_001558175.1;protein_62,GCF_009942155.1;protein_62,GCF_041931755.1;protein_139,GCF_001272775.1;protein_63,GCF_009939765.1;protein_63,GCF_002355715.1;protein_62,GCF_900660465.1;protein_664,GCF_002128285.1;protein_63,GCF_009944335.1;protein_63,GCF_001272755.1;protein_63,GCF_000733995.1;protein_139,GCF_002090215.1;protein_62,GCF_000319655.2;protein_63,GCF_009947575.1;protein_63,GCF_009945865.1;protein_63,GCF_009943805.1;protein_63,GCF_002090295.1;protein_63,,,,,,,
GCF_910574535.1;protein_630,GCF_002128045.1;protein_628,GCF_000319675.2;protein_628,GCF_000027345.1;protein_633,GCF_000283755.1;protein_634,GCF_002127985.1;protein_631,GCF_009947205.1;protein_629,GCF_041931765.1;protein_707,GCF_040256845.1;protein_630,GCF_002128265.1;protein_637,GCF_041931565.1;protein_106,GCF_009944725.1;protein_633,GCF_002128145.1;protein_629,GCF_001558175.1;protein_631,GCF_009942155.1;protein_634,GCF_041931755.1;protein_708,GCF_001272775.1;protein_633,GCF_009939765.1;protein_632,GCF_002355715.1;protein_633,GCF_900660465.1;protein_90,GCF_002128285.1;protein_635,GCF_009944335.1;protein_628,GCF_001272755.1;protein_631,GCF_000733995.1;protein_706,GCF_002090215.1;protein_629,GCF_000319655.2;protein_637,GCF_009947575.1;protein_629,GCF_009945865.1;protein_635,GCF_009943805.1;protein_629,GCF_002090295.1;protein_629,,,,,,,
GCF_910574535.1;protein_631,GCF_002128045.1;protein_629,GCF_000319675.2;protein_629,GCF_000027345.1;protein_634,GCF_000283755.1;protein_635,GCF_002127985.1;protein_632,GCF_009947205.1;protein_630,GCF_041931765.1;protein_708,GCF_040256845.1;protein_631,GCF_002128265.1;protein_638,GCF_041931565.1;protein_107,GCF_009944725.1;protein_634,GCF_002128145.1;protein_630,GCF_001558175.1;protein_632,GCF_009942155.1;protein_635,GCF_041931755.1;protein_709,GCF_001272775.1;protein_634,GCF_009939765.1;protein_633,GCF_002355715.1;protein_634,GCF_900660465.1;protein_89,GCF_002128285.1;protein_636,GCF_009944335.1;protein_629,GCF_001272755.1;protein_632,GCF_000733995.1;protein_707,GCF_002090215.1;protein_630,GCF_000319655.2;protein_638,GCF_009947575.1;protein_630,GCF_009945865.1;protein_636,GCF_009943805.1;protein_630,GCF_002090295.1;protein_630,,,,,,,
GCF_910574535.1;protein_632,GCF_002128045.1;protein_630,GCF_000319675.2;protein_630,GCF_000027345.1;protein_635,GCF_000283755.1;protein_636,GCF_002127985.1;protein_633,GCF_009947205.1;protein_631,GCF_041931765.1;protein_709,GCF_040256845.1;protein_632,GCF_002128265.1;protein_639,GCF_041931565.1;protein_108,GCF_009944725.1;protein_635,GCF_002128145.1;protein_631,GCF_001558175.1;protein_633,GCF_009942155.1;protein_636,GCF_041931755.1;protein_710,GCF_001272775.1;protein_635,GCF_009939765.1;protein_634,GCF_002355715.1;protein_635,GCF_900660465.1;protein_88,GCF_002128285.1;protein_637,GCF_009944335.1;protein_630,GCF_001272755.1;protein_633,GCF_000733995.1;protein_708,GCF_002090215.1;protein_631,GCF_000319655.2;protein_639,GCF_009947575.1;protein_631,GCF_009945865.1;protein_637,GCF_009943805.1;protein_631,GCF_002090295.1;protein_631,,,,,,,
GCF_910574535.1;protein_633,GCF_002128045.1;protein_631,GCF_000319675.2;protein_631,GCF_000027345.1;protein_636,GCF_000283755.1;protein_637,GCF_002127985.1;protein_634,GCF_009947205.1;protein_632,GCF_041931765.1;protein_710,GCF_040256845.1;protein_633,GCF_002128265.1;protein_640,GCF_041931565.1;protein_109,GCF_009944725.1;protein_636,GCF_002128145.1;protein_632,GCF_001558175.1;protein_634,GCF_009942155.1;protein_637,GCF_041931755.1;protein_711,GCF_001272775.1;protein_636,GCF_009939765.1;protein_635,GCF_002355715.1;protein_636,GCF_900660465.1;protein_87,GCF_002128285.1;protein_638,GCF_009944335.1;protein_631,GCF_001272755.1;protein_634,GCF_000733995.1;protein_709,GCF_002090215.1;protein_632,GCF_000319655.2;protein_640,GCF_009947575.1;protein_632,GCF_009945865.1;protein_638,GCF_009943805.1;protein_632,GCF_002090295.1;protein_632,,,,,,,
GCF_910574535.1;protein_634,GCF_002128045.1;protein_632,GCF_000319675.2;protein_632,GCF_000027345.1;protein_637,GCF_000283755.1;protein_638,GCF_002127985.1;protein_635,GCF_009947205.1;protein_633,GCF_041931765.1;protein_711,GCF_040256845.1;protein_634,GCF_002128265.1;protein_641,GCF_041931565.1;protein_110,GCF_009944725.1;protein_637,GCF_002128145.1;protein_633,GCF_001558175.1;protein_635,GCF_009942155.1;protein_638,GCF_041931755.1;protein_712,GCF_001272775.1;protein_637,GCF_009939765.1;protein_636,GCF_002355715.1;protein_637,GCF_900660465.1;protein_86,GCF_002128285.1;protein_639,GCF_009944335.1;protein_632,GCF_001272755.1;protein_635,GCF_000733995.1;protein_710,GCF_002090215.1;protein_633,GCF_000319655.2;protein_641,GCF_009947575.1;protein_633,GCF_009945865.1;protein_639,GCF_009943805.1;protein_633,GCF_002090295.1;protein_633,,,,,,,
GCF_910574535.1;protein_635,GCF_002128045.1;protein_633,GCF_000319675.2;protein_633,GCF_000027345.1;protein_638,GCF_000283755.1;protein_639,GCF_002127985.1;protein_636,GCF_009947205.1;protein_634,GCF_041931765.1;protein_712,GCF_040256845.1;protein_635,GCF_002128265.1;protein_642,GCF_041931565.1;protein_111,GCF_009944725.1;protein_638,GCF_002128145.1;protein_634,GCF_001558175.1;protein_636,GCF_009942155.1;protein_639,GCF_041931755.1;protein_713,GCF_001272775.1;protein_638,GCF_009939765.1;protein_637,GCF_002355715.1;protein_638,GCF_900660465.1;protein_85,GCF_002128285.1;protein_640,GCF_009944335.1;protein_633,GCF_001272755.1;protein_636,GCF_000733995.1;protein_711,GCF_002090215.1;protein_634,GCF_000319655.2;protein_642,GCF_009947575.1;protein_634,GCF_009945865.1;protein_640,GCF_009943805.1;protein_634,GCF_002090295.1;protein_634,,,,,,,
GCF_910574535.1;protein_636,GCF_002128045.1;protein_634,GCF_000319675.2;protein_634,GCF_000027345.1;protein_639,GCF_000283755.1;protein_640,GCF_002127985.1;protein_637,GCF_009947205.1;protein_635,GCF_041931765.1;protein_713,GCF_040256845.1;protein_636,GCF_002128265.1;protein_643,GCF_041931565.1;protein_112,GCF_009944725.1;protein_639,GCF_002128145.1;protein_635,GCF_001558175.1;protein_637,GCF_009942155.1;protein_640,GCF_041931755.1;protein_714,GCF_001272775.1;protein_639,GCF_009939765.1;protein_638,GCF_002355715.1;protein_639,GCF_900660465.1;protein_84,GCF_002128285.1;protein_641,GCF_009944335.1;protein_634,GCF_001272755.1;protein_637,GCF_000733995.1;protein_712,GCF_002090215.1;protein_635,GCF_000319655.2;protein_643,GCF_009947575.1;protein_635,GCF_009945865.1;protein_641,GCF_009943805.1;protein_635,GCF_002090295.1;protein_635,,,,,,,
GCF_910574535.1;protein_637,GCF_002128045.1;protein_635,GCF_000319675.2;protein_635,GCF_000027345.1;protein_640,GCF_000283755.1;protein_641,GCF_002127985.1;protein_638,GCF_009947205.1;protein_636,GCF_041931765.1;protein_714,GCF_040256845.1;protein_637,GCF_002128265.1;protein_644,GCF_041931565.1;protein_113,GCF_009944725.1;protein_640,GCF_002128145.1;protein_636,GCF_001558175.1;protein_638,GCF_009942155.1;protein_641,GCF_041931755.1;protein_715,GCF_001272775.1;protein_640,GCF_009939765.1;protein_639,GCF_002355715.1;protein_640,GCF_900660465.1;protein_83,GCF_002128285.1;protein_642,GCF_009944335.1;protein_635,GCF_001272755.1;protein_638,GCF_000733995.1;protein_713,GCF_002090215.1;protein_636,GCF_000319655.2;protein_644,GCF_009947575.1;protein_636,GCF_009945865.1;protein_642,GCF_009943805.1;protein_636,GCF_002090295.1;protein_636,,,,,,,
GCF_910574535.1;protein_638,GCF_002128045.1;protein_636,GCF_000319675.2;protein_636,GCF_000027345.1;protein_641,GCF_000283755.1;protein_642,GCF_002127985.1;protein_639,GCF_009947205.1;protein_637,GCF_041931765.1;protein_715,GCF_040256845.1;protein_638,GCF_002128265.1;protein_645,GCF_041931565.1;protein_114,GCF_009944725.1;protein_641,GCF_002128145.1;protein_637,GCF_001558175.1;protein_639,GCF_009942155.1;protein_642,GCF_041931755.1;protein_716,GCF_001272775.1;protein_641,GCF_009939765.1;protein_640,GCF_002355715.1;protein_641,GCF_900660465.1;protein_82,GCF_002128285.1;protein_643,GCF_009944335.1;protein_636,GCF_001272755.1;protein_639,GCF_000733995.1;protein_714,GCF_002090215.1;protein_637,GCF_000319655.2;protein_645,GCF_009947575.1;protein_637,GCF_009945865.1;protein_643,GCF_009943805.1;protein_637,GCF_002090295.1;protein_637,,,,,,,
GCF_910574535.1;protein_639,GCF_002128045.1;protein_637,GCF_000319675.2;protein_637,GCF_000027345.1;protein_642,GCF_000283755.1;protein_643,GCF_002127985.1;protein_640,GCF_009947205.1;protein_638,GCF_041931765.1;protein_716,GCF_040256845.1;protein_639,GCF_002128265.1;protein_646,GCF_041931565.1;protein_115,GCF_009944725.1;protein_642,GCF_002128145.1;protein_638,GCF_001558175.1;protein_640,GCF_009942155.1;protein_643,GCF_041931755.1;protein_717,GCF_001272775.1;protein_642,GCF_009939765.1;protein_641,GCF_002355715.1;protein_642,GCF_900660465.1;protein_81,GCF_002128285.1;protein_644,GCF_009944335.1;protein_637,GCF_001272755.1;protein_640,GCF_000733995.1;protein_715,GCF_002090215.1;protein_638,GCF_000319655.2;protein_646,GCF_009947575.1;protein_638,GCF_009945865.1;protein_644,GCF_009943805.1;protein_638,GCF_002090295.1;protein_638,,,,,,,
GCF_910574535.1;protein_64,GCF_002128045.1;protein_63,GCF_000319675.2;protein_63,GCF_000027345.1;protein_64,GCF_000283755.1;protein_63,GCF_002127985.1;protein_64,GCF_009947205.1;protein_64,GCF_041931765.1;protein_141,GCF_040256845.1;protein_63,GCF_002128265.1;protein_63,GCF_041931565.1;protein_260,GCF_009944725.1;protein_64,GCF_002128145.1;protein_64,GCF_001558175.1;protein_63,GCF_009942155.1;protein_63,GCF_041931755.1;protein_140,GCF_001272775.1;protein_64,GCF_009939765.1;protein_64,GCF_002355715.1;protein_63,GCF_900660465.1;protein_663,GCF_002128285.1;protein_64,GCF_009944335.1;protein_64,GCF_001272755.1;protein_64,GCF_000733995.1;protein_140,GCF_002090215.1;protein_63,GCF_000319655.2;protein_64,GCF_009947575.1;protein_64,GCF_009945865.1;protein_64,GCF_009943805.1;protein_64,GCF_002090295.1;protein_64,,,,,,,
GCF_910574535.1;protein_640,GCF_002128045.1;protein_638,GCF_000319675.2;protein_638,GCF_000027345.1;protein_643,GCF_000283755.1;protein_644,GCF_002127985.1;protein_641,GCF_009947205.1;protein_639,GCF_041931765.1;protein_717,GCF_040256845.1;protein_640,GCF_002128265.1;protein_647,GCF_041931565.1;protein_116,GCF_009944725.1;protein_643,GCF_002128145.1;protein_639,GCF_001558175.1;protein_641,GCF_009942155.1;protein_644,GCF_041931755.1;protein_718,GCF_001272775.1;protein_643,GCF_009939765.1;protein_642,GCF_002355715.1;protein_643,GCF_900660465.1;protein_80,GCF_002128285.1;protein_645,GCF_009944335.1;protein_638,GCF_001272755.1;protein_641,GCF_000733995.1;protein_716,GCF_002090215.1;protein_639,GCF_000319655.2;protein_647,GCF_009947575.1;protein_639,GCF_009945865.1;protein_645,GCF_009943805.1;protein_639,GCF_002090295.1;protein_639,,,,,,,
GCF_910574535.1;protein_641,GCF_002128045.1;protein_639,GCF_000319675.2;protein_639,GCF_000027345.1;protein_644,GCF_000283755.1;protein_645,GCF_002127985.1;protein_642,GCF_009947205.1;protein_640,GCF_041931765.1;protein_718,GCF_040256845.1;protein_641,GCF_002128265.1;protein_648,GCF_041931565.1;protein_117,GCF_009944725.1;protein_644,GCF_002128145.1;protein_640,GCF_001558175.1;protein_642,GCF_009942155.1;protein_645,GCF_041931755.1;protein_719,GCF_001272775.1;protein_644,GCF_009939765.1;protein_643,GCF_002355715.1;protein_644,GCF_900660465.1;protein_79,GCF_002128285.1;protein_646,GCF_009944335.1;protein_639,GCF_001272755.1;protein_642,GCF_000733995.1;protein_717,GCF_002090215.1;protein_640,GCF_000319655.2;protein_648,GCF_009947575.1;protein_640,GCF_009945865.1;protein_646,GCF_009943805.1;protein_640,GCF_002090295.1;protein_640,,,,,,,
GCF_910574535.1;protein_642,GCF_002128045.1;protein_640,GCF_000319675.2;protein_640,GCF_000027345.1;protein_645,GCF_000283755.1;protein_646,GCF_002127985.1;protein_643,GCF_009947205.1;protein_641,GCF_041931765.1;protein_719,GCF_040256845.1;protein_642,GCF_002128265.1;protein_649,GCF_041931565.1;protein_118,GCF_009944725.1;protein_645,GCF_002128145.1;protein_641,GCF_001558175.1;protein_643,GCF_009942155.1;protein_646,GCF_041931755.1;protein_720,GCF_001272775.1;protein_645,GCF_009939765.1;protein_644,GCF_002355715.1;protein_645,GCF_900660465.1;protein_78,GCF_002128285.1;protein_647,GCF_009944335.1;protein_640,GCF_001272755.1;protein_643,GCF_000733995.1;protein_718,GCF_002090215.1;protein_641,GCF_000319655.2;protein_649,GCF_009947575.1;protein_641,GCF_009945865.1;protein_647,GCF_009943805.1;protein_641,GCF_002090295.1;protein_641,,,,,,,
GCF_910574535.1;protein_643,GCF_002128045.1;protein_641,GCF_000319675.2;protein_641,GCF_000027345.1;protein_646,GCF_000283755.1;protein_647,GCF_002127985.1;protein_644,GCF_009947205.1;protein_642,GCF_041931765.1;protein_0,GCF_040256845.1;protein_643,GCF_002128265.1;protein_650,GCF_041931565.1;protein_119,GCF_009944725.1;protein_646,GCF_002128145.1;protein_642,GCF_001558175.1;protein_644,GCF_009942155.1;protein_647,GCF_041931755.1;protein_0,GCF_001272775.1;protein_646,GCF_009939765.1;protein_645,GCF_002355715.1;protein_646,GCF_900660465.1;protein_77,GCF_002128285.1;protein_648,GCF_009944335.1;protein_641,GCF_001272755.1;protein_644,GCF_000733995.1;protein_719,GCF_002090215.1;protein_642,GCF_000319655.2;protein_650,GCF_009947575.1;protein_642,GCF_009945865.1;protein_648,GCF_009943805.1;protein_642,GCF_002090295.1;protein_642,,,,,,,
GCF_002355715.1;protein_649,GCF_009942155.1;protein_650,,GCF_009945865.1;protein_651,GCF_041931765.1;protein_2,GCF_040256845.1;protein_645,GCF_009944725.1;protein_649,GCF_009939765.1;protein_647,GCF_000733995.1;protein_1,GCF_002128145.1;protein_644,GCF_001558175.1;protein_646,GCF_009943805.1;protein_644,GCF_000027345.1;protein_648,GCF_002090295.1;protein_644,GCF_000283755.1;protein_650,GCF_002128045.1;protein_643,GCF_002128265.1;protein_653,GCF_002127985.1;protein_646,GCF_009947575.1;protein_644,GCF_041931565.1;protein_121,GCF_910574535.1;protein_645,GCF_002090215.1;protein_644,GCF_000733995.1;protein_721,GCF_009944335.1;protein_643,GCF_041931755.1;protein_2,GCF_009947205.1;protein_644,GCF_001272775.1;protein_648,GCF_001272755.1;protein_646,GCF_002128285.1;protein_651,GCF_000319675.2;protein_643,GCF_000319655.2;protein_653,GCF_900660465.1;protein_74,,,,,
GCF_041931755.1;protein_3,GCF_000733995.1;protein_2,GCF_040256845.1;protein_646,,GCF_041931765.1;protein_3,GCF_002128265.1;protein_654,GCF_002090215.1;protein_645,GCF_001272775.1;protein_649,GCF_002127985.1;protein_647,GCF_009944335.1;protein_644,GCF_002355715.1;protein_650,GCF_009947205.1;protein_645,GCF_001272755.1;protein_647,GCF_000319655.2;protein_654,GCF_900660465.1;protein_73,GCF_002128145.1;protein_645,GCF_009945865.1;protein_652,GCF_009939765.1;protein_648,GCF_000319675.2;protein_644,GCF_002128285.1;protein_652,GCF_009943805.1;protein_645,GCF_000027345.1;protein_649,GCF_009947575.1;protein_645,GCF_910574535.1;protein_646,GCF_000733995.1;protein_722,GCF_009942155.1;protein_651,GCF_002128045.1;protein_644,GCF_009944725.1;protein_650,GCF_041931565.1;protein_122,GCF_000283755.1;protein_651,GCF_001558175.1;protein_647,GCF_002090295.1;protein_645,,,,,
GCF_002128045.1;protein_645,GCF_041931765.1;protein_4,GCF_002127985.1;protein_648,,GCF_009945865.1;protein_653,GCF_002090295.1;protein_646,GCF_000733995.1;protein_3,GCF_000319675.2;protein_645,GCF_009947205.1;protein_646,GCF_002355715.1;protein_651,GCF_009943805.1;protein_646,GCF_009944335.1;protein_645,GCF_009939765.1;protein_649,GCF_000319655.2;protein_655,GCF_001272775.1;protein_650,GCF_910574535.1;protein_647,GCF_001272755.1;protein_648,GCF_009944725.1;protein_651,GCF_000027345.1;protein_650,GCF_041931565.1;protein_123,GCF_002090215.1;protein_646,GCF_009947575.1;protein_646,GCF_002128265.1;protein_655,GCF_900660465.1;protein_72,GCF_040256845.1;protein_647,GCF_041931755.1;protein_4,GCF_002128285.1;protein_653,GCF_002128145.1;protein_646,GCF_000283755.1;protein_652,GCF_009942155.1;protein_652,GCF_000733995.1;protein_723,GCF_001558175.1;protein_648,,,,,
GCF_002128145.1;protein_647,GCF_009947205.1;protein_647,,GCF_041931565.1;protein_124,GCF_001558175.1;protein_649,GCF_009944335.1;protein_646,GCF_009939765.1;protein_650,GCF_002090295.1;protein_647,GCF_041931755.1;protein_5,GCF_000733995.1;protein_724,GCF_910574535.1;protein_648,GCF_000733995.1;protein_4,GCF_002128285.1;protein_654,GCF_000319675.2;protein_646,GCF_002090215.1;protein_647,GCF_002127985.1;protein_649,GCF_001272755.1;protein_649,GCF_040256845.1;protein_648,GCF_000283755.1;protein_653,GCF_009943805.1;protein_647,GCF_000027345.1;protein_651,GCF_009944725.1;protein_652,GCF_009945865.1;protein_654,GCF_002355715.1;protein_652,GCF_002128045.1;protein_646,GCF_000319655.2;protein_656,GCF_009942155.1;protein_653,GCF_002128265.1;protein_656,GCF_009947575.1;protein_647,GCF_001272775.1;protein_651,GCF_900660465.1;protein_71,GCF_041931765.1;protein_5,,,,,
GCF_009943805.1;protein_648,GCF_009942155.1;protein_654,GCF_001272755.1;protein_650,GCF_000733995.1;protein_725,,GCF_000319655.2;protein_657,GCF_009944725.1;protein_653,GCF_041931755.1;protein_6,GCF_002090215.1;protein_648,GCF_002128265.1;protein_657,GCF_900660465.1;protein_70,GCF_009947205.1;protein_648,GCF_002127985.1;protein_650,GCF_002128285.1;protein_655,GCF_041931765.1;protein_6,GCF_000319675.2;protein_647,GCF_009939765.1;protein_651,GCF_000027345.1;protein_652,GCF_041931565.1;protein_125,GCF_001272775.1;protein_652,GCF_002090295.1;protein_648,GCF_002128045.1;protein_647,GCF_002128145.1;protein_648,GCF_009947575.1;protein_648,GCF_001558175.1;protein_650,GCF_009945865.1;protein_655,GCF_000733995.1;protein_5,GCF_910574535.1;protein_649,GCF_040256845.1;protein_649,GCF_009944335.1;protein_647,GCF_002355715.1;protein_653,GCF_000283755.1;protein_654,,,,,
GCF_910574535.1;protein_65,GCF_002128045.1;protein_64,GCF_000319675.2;protein_64,GCF_000027345.1;protein_65,GCF_000283755.1;protein_64,GCF_002127985.1;protein_65,GCF_009947205.1;protein_65,GCF_041931765.1;protein_142,GCF_040256845.1;protein_64,GCF_002128265.1;protein_64,GCF_041931565.1;protein_261,GCF_009944725.1;protein_65,GCF_002128145.1;protein_65,GCF_001558175.1;protein_64,GCF_009942155.1;protein_64,GCF_041931755.1;protein_141,GCF_001272775.1;protein_65,GCF_009939765.1;protein_65,GCF_002355715.1;protein_64,GCF_900660465.1;protein_662,GCF_002128285.1;protein_65,GCF_009944335.1;protein_65,GCF_001272755.1;protein_65,GCF_000733995.1;protein_141,GCF_002090215.1;protein_64,GCF_000319655.2;protein_65,GCF_009947575.1;protein_65,GCF_009945865.1;protein_65,GCF_009943805.1;protein_65,GCF_002090295.1;protein_65,,,,,,,
GCF_041931755.1;protein_7,GCF_000319675.2;protein_648,GCF_041931765.1;protein_7,GCF_002128285.1;protein_656,,GCF_910574535.1;protein_650,GCF_000733995.1;protein_726,GCF_002355715.1;protein_654,GCF_000027345.1;protein_653,GCF_000733995.1;protein_6,GCF_041931565.1;protein_126,GCF_002090215.1;protein_649,GCF_040256845.1;protein_650,GCF_002090295.1;protein_649,GCF_001272755.1;protein_651,GCF_009944725.1;protein_654,GCF_002127985.1;protein_651,GCF_009943805.1;protein_649,GCF_002128145.1;protein_649,GCF_009939765.1;protein_652,GCF_001558175.1;protein_651,GCF_001272775.1;protein_653,GCF_000283755.1;protein_655,GCF_009947575.1;protein_649,GCF_002128045.1;protein_648,GCF_002128265.1;protein_658,GCF_009945865.1;protein_656,GCF_900660465.1;protein_69,GCF_009942155.1;protein_655,GCF_000319655.2;protein_658,GCF_009944335.1;protein_648,GCF_009947205.1;protein_649,,,,,
GCF_041931565.1;protein_127,GCF_002355715.1;protein_655,GCF_002128145.1;protein_650,,GCF_009943805.1;protein_650,GCF_002090295.1;protein_650,GCF_009945865.1;protein_657,GCF_009942155.1;protein_656,GCF_000319655.2;protein_659,GCF_002128285.1;protein_657,GCF_000027345.1;protein_654,GCF_009947205.1;protein_650,GCF_002127985.1;protein_652,GCF_002128265.1;protein_659,GCF_001558175.1;protein_652,GCF_009939765.1;protein_653,GCF_000733995.1;protein_727,GCF_900660465.1;protein_68,GCF_001272775.1;protein_654,GCF_910574535.1;protein_651,GCF_009947575.1;protein_650,GCF_040256845.1;protein_651,GCF_041931765.1;protein_8,GCF_009944335.1;protein_649,GCF_000733995.1;protein_7,GCF_000283755.1;protein_656,GCF_001272755.1;protein_652,GCF_002090215.1;protein_650,GCF_002128045.1;protein_649,GCF_041931755.1;protein_8,GCF_009944725.1;protein_655,GCF_000319675.2;protein_649,,,,,
GCF_900660465.1;protein_67,GCF_009942155.1;protein_657,GCF_002090215.1;protein_651,,GCF_000733995.1;protein_8,GCF_000027345.1;protein_655,GCF_041931565.1;protein_128,GCF_009944335.1;protein_650,GCF_040256845.1;protein_652,GCF_002128145.1;protein_651,GCF_002355715.1;protein_656,GCF_000283755.1;protein_657,GCF_009947205.1;protein_651,GCF_910574535.1;protein_652,GCF_001558175.1;protein_653,GCF_041931765.1;protein_9,GCF_002127985.1;protein_653,GCF_009947575.1;protein_651,GCF_009944725.1;protein_656,GCF_009945865.1;protein_658,GCF_000319675.2;protein_650,GCF_001272755.1;protein_653,GCF_002128285.1;protein_658,GCF_002090295.1;protein_651,GCF_009943805.1;protein_651,GCF_000733995.1;protein_728,GCF_009939765.1;protein_654,GCF_002128045.1;protein_650,GCF_041931755.1;protein_9,GCF_000319655.2;protein_660,GCF_001272775.1;protein_655,GCF_002128265.1;protein_660,,,,,
GCF_002128145.1;protein_652,GCF_002127985.1;protein_654,GCF_041931755.1;protein_10,GCF_041931565.1;protein_129,,GCF_041931765.1;protein_10,GCF_009947575.1;protein_652,GCF_000319655.2;protein_661,GCF_001272775.1;protein_656,GCF_002128285.1;protein_659,GCF_002090215.1;protein_652,GCF_002128265.1;protein_661,GCF_900660465.1;protein_66,GCF_000733995.1;protein_729,GCF_009943805.1;protein_652,GCF_009945865.1;protein_659,GCF_009939765.1;protein_655,GCF_009944725.1;protein_657,GCF_002128045.1;protein_651,GCF_002355715.1;protein_657,GCF_000733995.1;protein_9,GCF_910574535.1;protein_653,GCF_009944335.1;protein_651,GCF_000319675.2;protein_651,GCF_009947205.1;protein_652,GCF_000283755.1;protein_658,GCF_040256845.1;protein_653,GCF_001558175.1;protein_654,GCF_002090295.1;protein_652,GCF_009942155.1;protein_658,GCF_000027345.1;protein_656,GCF_001272755.1;protein_654,,,,,
GCF_000283755.1;protein_659,GCF_002128045.1;protein_652,,GCF_900660465.1;protein_65,GCF_009943805.1;protein_653,GCF_002090295.1;protein_653,GCF_002090215.1;protein_653,GCF_009947205.1;protein_653,GCF_041931755.1;protein_11,GCF_000027345.1;protein_657,GCF_002127985.1;protein_655,GCF_002128145.1;protein_653,GCF_009944725.1;protein_658,GCF_000319655.2;protein_662,GCF_001272755.1;protein_655,GCF_002128265.1;protein_662,GCF_000319675.2;protein_652,GCF_910574535.1;protein_654,GCF_009939765.1;protein_656,GCF_000733995.1;protein_10,GCF_000733995.1;protein_730,GCF_002128285.1;protein_660,GCF_002355715.1;protein_658,GCF_009944335.1;protein_652,GCF_009945865.1;protein_660,GCF_041931565.1;protein_130,GCF_001272775.1;protein_657,GCF_009947575.1;protein_653,GCF_001558175.1;protein_655,GCF_041931765.1;protein_11,GCF_040256845.1;protein_654,GCF_009942155.1;protein_659,,,,,
GCF_040256845.1;protein_655,GCF_910574535.1;protein_655,GCF_002128145.1;protein_654,GCF_002128045.1;protein_653,GCF_002128285.1;protein_661,GCF_002127985.1;protein_656,,GCF_000733995.1;protein_11,GCF_000283755.1;protein_660,GCF_900660465.1;protein_64,GCF_000319655.2;protein_663,GCF_001558175.1;protein_656,GCF_041931565.1;protein_131,GCF_000027345.1;protein_658,GCF_009945865.1;protein_661,GCF_009942155.1;protein_660,GCF_001272775.1;protein_658,GCF_009939765.1;protein_657,GCF_041931755.1;protein_12,GCF_009947205.1;protein_654,GCF_009943805.1;protein_654,GCF_000319675.2;protein_653,GCF_000733995.1;protein_731,GCF_041931765.1;protein_12,GCF_002090215.1;protein_654,GCF_009947575.1;protein_654,GCF_001272755.1;protein_656,GCF_002090295.1;protein_654,GCF_002128265.1;protein_663,GCF_009944335.1;protein_653,GCF_009944725.1;protein_659,GCF_002355715.1;protein_659,,,,,
GCF_009945865.1;protein_662,,GCF_009944335.1;protein_654,GCF_009943805.1;protein_655,GCF_001272775.1;protein_659,GCF_009947205.1;protein_655,GCF_002090295.1;protein_655,GCF_041931565.1;protein_132,GCF_000027345.1;protein_659,GCF_002128285.1;protein_662,GCF_900660465.1;protein_63,GCF_002090215.1;protein_655,GCF_009939765.1;protein_658,GCF_001272755.1;protein_657,GCF_002128265.1;protein_664,GCF_002128145.1;protein_655,GCF_009947575.1;protein_655,GCF_002127985.1;protein_657,GCF_009942155.1;protein_661,GCF_001558175.1;protein_657,GCF_002355715.1;protein_660,GCF_000283755.1;protein_661,GCF_040256845.1;protein_656,GCF_041931765.1;protein_13,GCF_002128045.1;protein_654,GCF_000319655.2;protein_664,GCF_000319675.2;protein_654,GCF_041931755.1;protein_13,GCF_910574535.1;protein_656,GCF_009944725.1;protein_660,GCF_000733995.1;protein_12,GCF_000733995.1;protein_732,,,,,
GCF_009942155.1;protein_662,GCF_000027345.1;protein_660,GCF_041931755.1;protein_14,GCF_002128285.1;protein_663,GCF_009944725.1;protein_661,GCF_900660465.1;protein_62,GCF_910574535.1;protein_657,GCF_040256845.1;protein_657,GCF_002128145.1;protein_656,,GCF_000319655.2;protein_665,GCF_001558175.1;protein_658,GCF_002127985.1;protein_658,GCF_009944335.1;protein_655,GCF_009945865.1;protein_663,GCF_002128045.1;protein_655,GCF_001272755.1;protein_658,GCF_000283755.1;protein_662,GCF_002090295.1;protein_656,GCF_002128265.1;protein_665,GCF_041931765.1;protein_14,GCF_009947575.1;protein_656,GCF_009939765.1;protein_659,GCF_009943805.1;protein_656,GCF_002090215.1;protein_656,GCF_041931565.1;protein_133,GCF_001272775.1;protein_660,GCF_000733995.1;protein_733,GCF_000733995.1;protein_13,GCF_009947205.1;protein_656,GCF_002355715.1;protein_661,GCF_000319675.2;protein_655,,,,,
GCF_002128285.1;protein_664,GCF_009943805.1;protein_657,GCF_000733995.1;protein_14,GCF_041931755.1;protein_15,,GCF_000319655.2;protein_666,GCF_009947575.1;protein_657,GCF_041931565.1;protein_134,GCF_900660465.1;protein_61,GCF_002090215.1;protein_657,GCF_009942155.1;protein_663,GCF_002128045.1;protein_656,GCF_000319675.2;protein_656,GCF_040256845.1;protein_658,GCF_001272775.1;protein_661,GCF_001272755.1;protein_659,GCF_041931765.1;protein_15,GCF_002355715.1;protein_662,GCF_009947205.1;protein_657,GCF_002127985.1;protein_659,GCF_002128145.1;protein_657,GCF_000027345.1;protein_661,GCF_000283755.1;protein_663,GCF_002128265.1;protein_666,GCF_009944725.1;protein_662,GCF_009944335.1;protein_656,GCF_002090295.1;protein_657,GCF_001558175.1;protein_659,GCF_910574535.1;protein_658,GCF_000733995.1;protein_734,GCF_009945865.1;protein_664,GCF_009939765.1;protein_660,,,,,
GCF_002090215.1;protein_658,GCF_001558175.1;protein_660,GCF_002128285.1;protein_665,GCF_002128045.1;protein_657,,GCF_009942155.1;protein_664,GCF_002090295.1;protein_658,GCF_009947575.1;protein_658,GCF_002128265.1;protein_667,GCF_002128145.1;protein_658,GCF_002127985.1;protein_660,GCF_002355715.1;protein_663,GCF_000733995.1;protein_735,GCF_041931755.1;protein_16,GCF_041931765.1;protein_16,GCF_000283755.1;protein_664,GCF_910574535.1;protein_659,GCF_900660465.1;protein_60,GCF_009944725.1;protein_663,GCF_009939765.1;protein_661,GCF_001272775.1;protein_662,GCF_009947205.1;protein_658,GCF_009943805.1;protein_658,GCF_000027345.1;protein_662,GCF_000319655.2;protein_667,GCF_040256845.1;protein_659,GCF_001272755.1;protein_660,GCF_009945865.1;protein_665,GCF_000319675.2;protein_657,GCF_041931565.1;protein_135,GCF_000733995.1;protein_15,GCF_009944335.1;protein_657,,,,,
GCF_910574535.1;protein_66,GCF_002128045.1;protein_65,GCF_000319675.2;protein_65,GCF_000027345.1;protein_66,GCF_000283755.1;protein_65,GCF_002127985.1;protein_66,GCF_009947205.1;protein_66,GCF_041931765.1;protein_143,GCF_040256845.1;protein_65,GCF_002128265.1;protein_65,GCF_041931565.1;protein_262,GCF_009944725.1;protein_66,GCF_002128145.1;protein_66,GCF_001558175.1;protein_65,GCF_009942155.1;protein_65,GCF_041931755.1;protein_142,GCF_001272775.1;protein_66,GCF_009939765.1;protein_66,GCF_002355715.1;protein_65,GCF_900660465.1;protein_661,GCF_002128285.1;protein_66,GCF_009944335.1;protein_66,GCF_001272755.1;protein_66,GCF_000733995.1;protein_142,GCF_002090215.1;protein_65,GCF_000319655.2;protein_66,GCF_009947575.1;protein_66,GCF_009945865.1;protein_66,GCF_009943805.1;protein_66,GCF_002090295.1;protein_66,,,,,,,
GCF_000733995.1;protein_16,GCF_009939765.1;protein_662,,GCF_009947575.1;protein_659,GCF_001272755.1;protein_661,GCF_040256845.1;protein_660,GCF_002128265.1;protein_668,GCF_041931765.1;protein_17,GCF_001272775.1;protein_663,GCF_009944335.1;protein_658,GCF_002090295.1;protein_659,GCF_041931755.1;protein_17,GCF_000733995.1;protein_736,GCF_002128285.1;protein_666,GCF_001558175.1;protein_661,GCF_002128045.1;protein_658,GCF_009942155.1;protein_665,GCF_002127985.1;protein_661,GCF_900660465.1;protein_59,GCF_009945865.1;protein_666,GCF_002090215.1;protein_659,GCF_000027345.1;protein_663,GCF_002128145.1;protein_659,GCF_009947205.1;protein_659,GCF_009944725.1;protein_664,GCF_041931565.1;protein_136,GCF_910574535.1;protein_660,GCF_002355715.1;protein_664,GCF_000319655.2;protein_668,GCF_000283755.1;protein_665,GCF_009943805.1;protein_659,GCF_000319675.2;protein_658,,,,,
GCF_041931565.1;protein_137,GCF_009943805.1;protein_660,GCF_000283755.1;protein_666,GCF_040256845.1;protein_661,GCF_009944725.1;protein_665,GCF_000733995.1;protein_17,GCF_000319655.2;protein_669,,GCF_002127985.1;protein_662,GCF_002090295.1;protein_660,GCF_000319675.2;protein_659,GCF_002090215.1;protein_660,GCF_009945865.1;protein_667,GCF_009942155.1;protein_666,GCF_001558175.1;protein_662,GCF_009947575.1;protein_660,GCF_910574535.1;protein_661,GCF_002128285.1;protein_667,GCF_002128265.1;protein_669,GCF_009939765.1;protein_663,GCF_041931765.1;protein_18,GCF_041931755.1;protein_18,GCF_002128145.1;protein_660,GCF_002355715.1;protein_665,GCF_009944335.1;protein_659,GCF_000733995.1;protein_737,GCF_002128045.1;protein_659,GCF_900660465.1;protein_58,GCF_000027345.1;protein_664,GCF_001272775.1;protein_664,GCF_001272755.1;protein_662,GCF_009947205.1;protein_660,,,,,
GCF_910574535.1;protein_662,,,GCF_000027345.1;protein_665,,,GCF_009947205.1;protein_661,,,,,,,,,,,,,,,,,,GCF_002090215.1;protein_661,,,,,GCF_002090295.1;protein_661,,,,,,,
GCF_910574535.1;protein_663,,,GCF_000027345.1;protein_666,,,GCF_009947205.1;protein_662,,,,,,,,,,,,,,,,,,GCF_002090215.1;protein_662,,,,,GCF_002090295.1;protein_662,,,,,,,
GCF_009947205.1;protein_663,GCF_041931765.1;protein_20,,GCF_910574535.1;protein_664,GCF_000319675.2;protein_661,GCF_002090295.1;protein_663,GCF_001558175.1;protein_664,GCF_000733995.1;protein_739,GCF_041931565.1;protein_139,GCF_002127985.1;protein_664,GCF_009947575.1;protein_662,GCF_002128045.1;protein_661,GCF_001272755.1;protein_664,GCF_009944335.1;protein_661,GCF_009939765.1;protein_665,GCF_001272775.1;protein_666,GCF_000027345.1;protein_667,GCF_002090215.1;protein_663,GCF_009943805.1;protein_662,GCF_041931755.1;protein_20,GCF_002128145.1;protein_662,GCF_000733995.1;protein_19,GCF_040256845.1;protein_663,,,,,,,,,,,,,,
GCF_009943805.1;protein_663,GCF_009942155.1;protein_670,GCF_002127985.1;protein_665,GCF_009947205.1;protein_664,GCF_009944335.1;protein_662,GCF_000283755.1;protein_670,GCF_001272775.1;protein_667,GCF_000319675.2;protein_662,,GCF_009944725.1;protein_669,GCF_000027345.1;protein_668,GCF_000733995.1;protein_740,GCF_002128045.1;protein_662,GCF_041931565.1;protein_140,GCF_000733995.1;protein_20,GCF_041931755.1;protein_21,GCF_009947575.1;protein_663,GCF_040256845.1;protein_664,GCF_002128265.1;protein_673,GCF_001558175.1;protein_665,GCF_000319655.2;protein_673,GCF_900660465.1;protein_54,GCF_009939765.1;protein_666,GCF_002128285.1;protein_671,GCF_910574535.1;protein_665,GCF_002128145.1;protein_663,GCF_001272755.1;protein_665,GCF_002090295.1;protein_664,GCF_002355715.1;protein_669,GCF_041931765.1;protein_21,GCF_002090215.1;protein_664,GCF_009945865.1;protein_671,,,,,
GCF_002127985.1;protein_666,GCF_009944335.1;protein_663,GCF_002090215.1;protein_665,GCF_001272755.1;protein_666,GCF_009943805.1;protein_664,GCF_041931755.1;protein_22,,GCF_009945865.1;protein_672,GCF_009947205.1;protein_665,GCF_009947575.1;protein_664,GCF_002090295.1;protein_665,GCF_000283755.1;protein_671,GCF_041931765.1;protein_22,GCF_002128285.1;protein_672,GCF_001272775.1;protein_668,GCF_002128045.1;protein_663,GCF_001558175.1;protein_666,GCF_009944725.1;protein_670,GCF_000733995.1;protein_741,GCF_009942155.1;protein_671,GCF_040256845.1;protein_665,GCF_900660465.1;protein_53,GCF_000319655.2;protein_674,GCF_002128145.1;protein_664,GCF_002355715.1;protein_670,GCF_002128265.1;protein_674,GCF_009939765.1;protein_667,GCF_041931565.1;protein_141,GCF_000733995.1;protein_21,GCF_000319675.2;protein_663,GCF_000027345.1;protein_669,GCF_910574535.1;protein_666,,,,,
GCF_009942155.1;protein_672,GCF_002128265.1;protein_675,GCF_002355715.1;protein_671,GCF_009944725.1;protein_671,GCF_900660465.1;protein_52,GCF_000319675.2;protein_664,GCF_002127985.1;protein_667,,GCF_040256845.1;protein_666,GCF_001272755.1;protein_667,GCF_041931565.1;protein_142,GCF_002090295.1;protein_666,GCF_009944335.1;protein_664,GCF_009947575.1;protein_665,GCF_002128045.1;protein_664,GCF_009947205.1;protein_666,GCF_009945865.1;protein_673,GCF_009943805.1;protein_665,GCF_009939765.1;protein_668,GCF_041931755.1;protein_23,GCF_000027345.1;protein_670,GCF_001272775.1;protein_669,GCF_000283755.1;protein_672,GCF_000319655.2;protein_675,GCF_910574535.1;protein_667,GCF_002128145.1;protein_665,GCF_002090215.1;protein_666,GCF_001558175.1;protein_667,GCF_041931765.1;protein_23,GCF_002128285.1;protein_673,GCF_000733995.1;protein_22,GCF_000733995.1;protein_742,,,,,
GCF_009944725.1;protein_672,GCF_910574535.1;protein_668,,GCF_001272775.1;protein_670,GCF_002090215.1;protein_667,GCF_000733995.1;protein_743,GCF_001558175.1;protein_668,GCF_002128045.1;protein_665,GCF_041931565.1;protein_143,GCF_002128145.1;protein_666,GCF_900660465.1;protein_51,GCF_000733995.1;protein_23,GCF_009942155.1;protein_673,GCF_002090295.1;protein_667,GCF_040256845.1;protein_667,GCF_009939765.1;protein_669,GCF_000027345.1;protein_671,GCF_002128265.1;protein_676,GCF_000319675.2;protein_665,GCF_002355715.1;protein_672,GCF_001272755.1;protein_668,GCF_000283755.1;protein_673,GCF_009947575.1;protein_666,GCF_009944335.1;protein_665,GCF_041931755.1;protein_24,GCF_002128285.1;protein_674,GCF_000319655.2;protein_676,GCF_009943805.1;protein_666,GCF_009945865.1;protein_674,GCF_002127985.1;protein_668,GCF_041931765.1;protein_24,GCF_009947205.1;protein_667,,,,,
GCF_001272775.1;protein_671,GCF_002128045.1;protein_666,GCF_009942155.1;protein_674,GCF_000283755.1;protein_674,,GCF_000319655.2;protein_677,GCF_001558175.1;protein_669,GCF_900660465.1;protein_50,GCF_009943805.1;protein_667,GCF_041931565.1;protein_144,GCF_000027345.1;protein_672,GCF_002090215.1;protein_668,GCF_009947575.1;protein_667,GCF_009945865.1;protein_675,GCF_009947205.1;protein_668,GCF_002090295.1;protein_668,GCF_001272755.1;protein_669,GCF_002127985.1;protein_669,GCF_000733995.1;protein_744,GCF_009944335.1;protein_666,GCF_002128265.1;protein_677,GCF_002128285.1;protein_675,GCF_041931755.1;protein_25,GCF_002355715.1;protein_673,GCF_002128145.1;protein_667,GCF_000733995.1;protein_24,GCF_009944725.1;protein_673,GCF_910574535.1;protein_669,GCF_041931765.1;protein_25,GCF_009939765.1;protein_670,GCF_040256845.1;protein_668,GCF_000319675.2;protein_666,,,,,
GCF_910574535.1;protein_67,GCF_002128045.1;protein_66,GCF_000319675.2;protein_66,GCF_000027345.1;protein_67,GCF_000283755.1;protein_66,GCF_002127985.1;protein_67,GCF_009947205.1;protein_67,GCF_041931765.1;protein_144,GCF_040256845.1;protein_66,GCF_002128265.1;protein_66,GCF_041931565.1;protein_263,GCF_009944725.1;protein_67,GCF_002128145.1;protein_67,GCF_001558175.1;protein_66,GCF_009942155.1;protein_66,GCF_041931755.1;protein_143,GCF_001272775.1;protein_67,GCF_009939765.1;protein_67,GCF_002355715.1;protein_66,GCF_900660465.1;protein_660,GCF_002128285.1;protein_67,GCF_009944335.1;protein_67,GCF_001272755.1;protein_67,GCF_000733995.1;protein_143,GCF_002090215.1;protein_66,GCF_000319655.2;protein_67,GCF_009947575.1;protein_67,GCF_009945865.1;protein_67,GCF_009943805.1;protein_67,GCF_002090295.1;protein_67,,,,,,,
GCF_002355715.1;protein_674,GCF_000319675.2;protein_667,GCF_002128045.1;protein_667,GCF_002090215.1;protein_669,,GCF_009939765.1;protein_671,GCF_910574535.1;protein_670,GCF_040256845.1;protein_669,GCF_002128285.1;protein_676,GCF_009943805.1;protein_668,GCF_000283755.1;protein_675,GCF_002128145.1;protein_668,GCF_009947575.1;protein_668,GCF_002127985.1;protein_670,GCF_001272775.1;protein_672,GCF_000027345.1;protein_673,GCF_009944335.1;protein_667,GCF_000319655.2;protein_678,GCF_009947205.1;protein_669,GCF_900660465.1;protein_49,GCF_041931755.1;protein_26,GCF_002128265.1;protein_678,GCF_009944725.1;protein_674,GCF_009942155.1;protein_675,GCF_001558175.1;protein_670,GCF_041931765.1;protein_26,GCF_041931565.1;protein_145,GCF_002090295.1;protein_669,GCF_001272755.1;protein_670,GCF_009945865.1;protein_676,GCF_000733995.1;protein_745,GCF_000733995.1;protein_25,,,,,
GCF_040256845.1;protein_670,GCF_002128265.1;protein_679,GCF_009944725.1;protein_675,GCF_000319655.2;protein_679,GCF_009942155.1;protein_676,GCF_001558175.1;protein_671,,GCF_001272755.1;protein_671,GCF_900660465.1;protein_48,GCF_002090215.1;protein_670,GCF_002127985.1;protein_671,GCF_041931765.1;protein_27,GCF_000319675.2;protein_668,GCF_000733995.1;protein_746,GCF_009945865.1;protein_677,GCF_002128045.1;protein_668,GCF_000283755.1;protein_676,GCF_002090295.1;protein_670,GCF_910574535.1;protein_671,GCF_001272775.1;protein_673,GCF_009943805.1;protein_669,GCF_009947575.1;protein_669,GCF_009939765.1;protein_672,GCF_002355715.1;protein_675,GCF_041931755.1;protein_27,GCF_009947205.1;protein_670,GCF_041931565.1;protein_146,GCF_000027345.1;protein_674,GCF_000733995.1;protein_26,GCF_009944335.1;protein_668,GCF_002128145.1;protein_669,GCF_002128285.1;protein_677,,,,,
GCF_000319675.2;protein_669,GCF_009947205.1;protein_671,GCF_000319655.2;protein_680,GCF_000027345.1;protein_675,GCF_002128045.1;protein_669,,GCF_000733995.1;protein_27,GCF_002090215.1;protein_671,GCF_041931755.1;protein_28,GCF_002128285.1;protein_678,GCF_009943805.1;protein_670,GCF_910574535.1;protein_672,GCF_009942155.1;protein_677,GCF_009947575.1;protein_670,GCF_002128265.1;protein_680,GCF_009944335.1;protein_669,GCF_041931765.1;protein_28,GCF_041931565.1;protein_147,GCF_000733995.1;protein_747,GCF_001272775.1;protein_674,GCF_009945865.1;protein_678,GCF_002090295.1;protein_671,GCF_002355715.1;protein_676,GCF_900660465.1;protein_47,GCF_001558175.1;protein_672,GCF_040256845.1;protein_671,GCF_001272755.1;protein_672,GCF_009939765.1;protein_673,GCF_002128145.1;protein_670,GCF_002127985.1;protein_672,GCF_000283755.1;protein_677,GCF_009944725.1;protein_676,,,,,
GCF_002090215.1;protein_672,GCF_001272755.1;protein_673,GCF_001558175.1;protein_673,GCF_000319655.2;protein_681,,GCF_009944725.1;protein_677,GCF_900660465.1;protein_46,GCF_001272775.1;protein_675,GCF_009943805.1;protein_671,GCF_002090295.1;protein_672,GCF_002128285.1;protein_679,GCF_000733995.1;protein_28,GCF_002128145.1;protein_671,GCF_000319675.2;protein_670,GCF_041931755.1;protein_29,GCF_009947205.1;protein_672,GCF_009942155.1;protein_678,GCF_002128265.1;protein_681,GCF_002355715.1;protein_677,GCF_041931765.1;protein_29,GCF_000283755.1;protein_678,GCF_040256845.1;protein_672,GCF_041931565.1;protein_148,GCF_009939765.1;protein_674,GCF_002127985.1;protein_673,GCF_000027345.1;protein_676,GCF_009945865.1;protein_679,GCF_910574535.1;protein_673,GCF_009947575.1;protein_671,GCF_002128045.1;protein_670,GCF_000733995.1;protein_748,GCF_009944335.1;protein_670,,,,,
GCF_040256845.1;protein_673,GCF_000733995.1;protein_749,GCF_900660465.1;protein_45,GCF_001272755.1;protein_674,GCF_001272775.1;protein_676,,GCF_000319675.2;protein_671,GCF_009944335.1;protein_671,GCF_002128285.1;protein_680,GCF_002128145.1;protein_672,GCF_001558175.1;protein_674,GCF_002128265.1;protein_682,GCF_009942155.1;protein_679,GCF_000319655.2;protein_682,GCF_000733995.1;protein_29,GCF_002090295.1;protein_673,GCF_009943805.1;protein_672,GCF_002127985.1;protein_674,GCF_002128045.1;protein_671,GCF_041931765.1;protein_30,GCF_000283755.1;protein_679,GCF_041931565.1;protein_149,GCF_000027345.1;protein_677,GCF_009947575.1;protein_672,GCF_002355715.1;protein_678,GCF_002090215.1;protein_673,GCF_041931755.1;protein_30,GCF_009947205.1;protein_673,GCF_009945865.1;protein_680,GCF_009944725.1;protein_678,GCF_910574535.1;protein_674,GCF_009939765.1;protein_675,,,,,
GCF_001272775.1;protein_677,GCF_000733995.1;protein_30,GCF_000733995.1;protein_750,GCF_009947575.1;protein_673,,GCF_000319675.2;protein_672,GCF_000283755.1;protein_680,GCF_040256845.1;protein_674,GCF_009939765.1;protein_676,GCF_009947205.1;protein_674,GCF_002090295.1;protein_674,GCF_002128265.1;protein_683,GCF_009944725.1;protein_679,GCF_041931765.1;protein_31,GCF_002128285.1;protein_681,GCF_009942155.1;protein_680,GCF_002128145.1;protein_673,GCF_000319655.2;protein_683,GCF_000027345.1;protein_678,GCF_009945865.1;protein_681,GCF_041931755.1;protein_31,GCF_002090215.1;protein_674,GCF_001558175.1;protein_675,GCF_041931565.1;protein_150,GCF_002128045.1;protein_672,GCF_900660465.1;protein_44,GCF_910574535.1;protein_675,GCF_001272755.1;protein_675,GCF_009944335.1;protein_672,GCF_002127985.1;protein_675,GCF_009943805.1;protein_673,GCF_002355715.1;protein_679,,,,,
GCF_900660465.1;protein_43,GCF_001272755.1;protein_676,GCF_002090295.1;protein_675,GCF_009944335.1;protein_673,GCF_041931755.1;protein_32,,GCF_009947205.1;protein_675,GCF_000319675.2;protein_673,GCF_009943805.1;protein_674,GCF_041931765.1;protein_32,GCF_001558175.1;protein_676,GCF_001272775.1;protein_678,GCF_002128045.1;protein_673,GCF_002128285.1;protein_682,GCF_009939765.1;protein_677,GCF_002355715.1;protein_680,GCF_041931565.1;protein_151,GCF_009944725.1;protein_680,GCF_002128145.1;protein_674,GCF_002127985.1;protein_676,GCF_000733995.1;protein_751,GCF_000733995.1;protein_31,GCF_009945865.1;protein_682,GCF_000319655.2;protein_684,GCF_910574535.1;protein_676,GCF_009942155.1;protein_681,GCF_002090215.1;protein_675,GCF_040256845.1;protein_675,GCF_000027345.1;protein_679,GCF_002128265.1;protein_684,GCF_009947575.1;protein_674,GCF_000283755.1;protein_681,,,,,
GCF_000319655.2;protein_685,GCF_000733995.1;protein_32,GCF_000027345.1;protein_680,GCF_000283755.1;protein_682,GCF_002128265.1;protein_685,GCF_009944335.1;protein_674,,GCF_002355715.1;protein_681,GCF_002127985.1;protein_677,GCF_000319675.2;protein_674,GCF_001272755.1;protein_677,GCF_009947205.1;protein_676,GCF_910574535.1;protein_677,GCF_009939765.1;protein_678,GCF_002128285.1;protein_683,GCF_900660465.1;protein_42,GCF_002090295.1;protein_676,GCF_009942155.1;protein_682,GCF_002128145.1;protein_675,GCF_009944725.1;protein_681,GCF_001558175.1;protein_677,GCF_009945865.1;protein_683,GCF_041931765.1;protein_33,GCF_002090215.1;protein_676,GCF_002128045.1;protein_674,GCF_041931565.1;protein_152,GCF_000733995.1;protein_752,GCF_009943805.1;protein_675,GCF_009947575.1;protein_675,GCF_040256845.1;protein_676,GCF_001272775.1;protein_679,GCF_041931755.1;protein_33,,,,,
GCF_002090295.1;protein_677,GCF_002127985.1;protein_678,GCF_910574535.1;protein_678,GCF_002128145.1;protein_676,GCF_000027345.1;protein_681,,GCF_009945865.1;protein_684,GCF_009939765.1;protein_679,GCF_001558175.1;protein_678,GCF_000319655.2;protein_686,GCF_002128045.1;protein_675,GCF_000283755.1;protein_683,GCF_000733995.1;protein_753,GCF_000733995.1;protein_33,GCF_009943805.1;protein_676,GCF_001272775.1;protein_680,GCF_001272755.1;protein_678,GCF_002128265.1;protein_686,GCF_009944335.1;protein_675,GCF_041931755.1;protein_34,GCF_000319675.2;protein_675,GCF_009947575.1;protein_676,GCF_009947205.1;protein_677,GCF_040256845.1;protein_677,GCF_009944725.1;protein_682,GCF_041931565.1;protein_153,GCF_002355715.1;protein_682,GCF_009942155.1;protein_683,GCF_041931765.1;protein_34,GCF_900660465.1;protein_41,GCF_002128285.1;protein_684,GCF_002090215.1;protein_677,,,,,
GCF_009947575.1;protein_677,GCF_002127985.1;protein_679,,GCF_040256845.1;protein_678,GCF_002128145.1;protein_677,GCF_009942155.1;protein_684,GCF_041931765.1;protein_35,GCF_009943805.1;protein_677,GCF_009945865.1;protein_685,GCF_002128285.1;protein_685,GCF_001558175.1;protein_679,GCF_041931565.1;protein_154,GCF_001272755.1;protein_679,GCF_000319655.2;protein_687,GCF_000733995.1;protein_754,GCF_002090295.1;protein_678,GCF_000733995.1;protein_34,GCF_009944335.1;protein_676,GCF_000283755.1;protein_684,GCF_009939765.1;protein_680,GCF_002128045.1;protein_676,GCF_002128265.1;protein_687,GCF_001272775.1;protein_681,GCF_009947205.1;protein_678,GCF_002090215.1;protein_678,GCF_910574535.1;protein_679,GCF_900660465.1;protein_40,GCF_000027345.1;protein_682,GCF_041931755.1;protein_35,GCF_009944725.1;protein_683,GCF_002355715.1;protein_683,GCF_000319675.2;protein_676,,,,,
GCF_910574535.1;protein_68,GCF_002128045.1;protein_67,GCF_000319675.2;protein_67,GCF_000027345.1;protein_68,GCF_000283755.1;protein_67,GCF_002127985.1;protein_68,GCF_009947205.1;protein_68,GCF_041931765.1;protein_145,GCF_040256845.1;protein_67,GCF_002128265.1;protein_67,GCF_041931565.1;protein_264,GCF_009944725.1;protein_68,GCF_002128145.1;protein_68,GCF_001558175.1;protein_67,GCF_009942155.1;protein_67,GCF_041931755.1;protein_144,GCF_001272775.1;protein_68,GCF_009939765.1;protein_68,GCF_002355715.1;protein_67,GCF_900660465.1;protein_659,GCF_002128285.1;protein_68,GCF_009944335.1;protein_68,GCF_001272755.1;protein_68,GCF_000733995.1;protein_144,GCF_002090215.1;protein_67,GCF_000319655.2;protein_68,GCF_009947575.1;protein_68,GCF_009945865.1;protein_68,GCF_009943805.1;protein_68,GCF_002090295.1;protein_68,,,,,,,
GCF_009939765.1;protein_681,GCF_002127985.1;protein_680,GCF_000319655.2;protein_689,,GCF_041931755.1;protein_36,GCF_009943805.1;protein_678,GCF_000027345.1;protein_683,GCF_009944725.1;protein_685,GCF_000319675.2;protein_677,GCF_009945865.1;protein_687,GCF_041931765.1;protein_36,GCF_041931565.1;protein_155,GCF_000733995.1;protein_755,GCF_009942155.1;protein_686,GCF_001272755.1;protein_680,GCF_009947205.1;protein_679,GCF_900660465.1;protein_38,GCF_000283755.1;protein_686,GCF_002355715.1;protein_685,GCF_002090215.1;protein_679,GCF_002128265.1;protein_689,GCF_002128045.1;protein_677,GCF_040256845.1;protein_679,GCF_002128145.1;protein_678,GCF_002128285.1;protein_687,GCF_001558175.1;protein_680,GCF_910574535.1;protein_680,GCF_000733995.1;protein_35,GCF_002090295.1;protein_679,GCF_009947575.1;protein_678,GCF_009944335.1;protein_677,GCF_001272775.1;protein_682,,,,,
GCF_000733995.1;protein_36,GCF_001272755.1;protein_681,GCF_041931565.1;protein_156,GCF_002127985.1;protein_681,GCF_041931765.1;protein_37,,GCF_001558175.1;protein_681,GCF_000319675.2;protein_678,GCF_002128145.1;protein_679,GCF_001272775.1;protein_683,GCF_000733995.1;protein_756,GCF_041931755.1;protein_37,GCF_009947205.1;protein_680,GCF_910574535.1;protein_681,GCF_002090295.1;protein_680,GCF_002090215.1;protein_680,GCF_009947575.1;protein_679,GCF_009943805.1;protein_679,GCF_009939765.1;protein_682,GCF_002128045.1;protein_678,GCF_000027345.1;protein_684,GCF_040256845.1;protein_680,GCF_009944335.1;protein_678,,,,,,,,,,,,,,
GCF_009939765.1;protein_683,,GCF_002128045.1;protein_679,GCF_041931755.1;protein_38,GCF_000319675.2;protein_679,GCF_041931765.1;protein_38,GCF_002090295.1;protein_681,GCF_002128265.1;protein_691,GCF_002127985.1;protein_682,GCF_001272775.1;protein_684,GCF_910574535.1;protein_682,GCF_041931565.1;protein_157,GCF_009944335.1;protein_679,GCF_009947205.1;protein_681,GCF_002128145.1;protein_680,GCF_001272755.1;protein_682,GCF_002090215.1;protein_681,GCF_009947575.1;protein_680,GCF_000319655.2;protein_691,GCF_001558175.1;protein_682,GCF_000027345.1;protein_685,GCF_002355715.1;protein_687,GCF_009943805.1;protein_680,GCF_000733995.1;protein_757,GCF_900660465.1;protein_36,GCF_040256845.1;protein_681,GCF_000733995.1;protein_37,,,,,,,,,,
GCF_910574535.1;protein_683,GCF_009939765.1;protein_684,,GCF_001272755.1;protein_683,GCF_002090295.1;protein_682,GCF_002128265.1;protein_692,GCF_041931755.1;protein_39,GCF_002090215.1;protein_682,GCF_000733995.1;protein_38,GCF_009947205.1;protein_682,GCF_041931565.1;protein_158,GCF_009944725.1;protein_688,GCF_009947575.1;protein_681,GCF_002128145.1;protein_681,GCF_001558175.1;protein_683,GCF_009944335.1;protein_680,GCF_009945865.1;protein_690,GCF_002128285.1;protein_690,GCF_041931765.1;protein_39,GCF_000319675.2;protein_680,GCF_000733995.1;protein_758,GCF_900660465.1;protein_35,GCF_040256845.1;protein_682,GCF_009943805.1;protein_681,GCF_000283755.1;protein_689,GCF_000319655.2;protein_692,GCF_002128045.1;protein_680,GCF_000027345.1;protein_686,GCF_002355715.1;protein_688,GCF_009942155.1;protein_689,GCF_001272775.1;protein_685,GCF_002127985.1;protein_683,,,,,
GCF_002127985.1;protein_684,GCF_041931565.1;protein_159,,GCF_001272755.1;protein_684,GCF_009947575.1;protein_682,GCF_002128045.1;protein_681,GCF_041931765.1;protein_40,GCF_009939765.1;protein_685,GCF_910574535.1;protein_684,GCF_000733995.1;protein_39,GCF_000733995.1;protein_759,GCF_002090215.1;protein_683,GCF_002128145.1;protein_682,GCF_002128285.1;protein_691,GCF_009947205.1;protein_683,GCF_009945865.1;protein_691,GCF_002090295.1;protein_683,GCF_002128265.1;protein_693,GCF_009943805.1;protein_682,GCF_002355715.1;protein_689,GCF_001272775.1;protein_686,GCF_000027345.1;protein_687,GCF_000283755.1;protein_690,GCF_000319655.2;protein_693,GCF_000319675.2;protein_681,GCF_009944335.1;protein_681,GCF_009942155.1;protein_690,GCF_001558175.1;protein_684,GCF_900660465.1;protein_34,GCF_040256845.1;protein_683,GCF_041931755.1;protein_40,GCF_009944725.1;protein_689,,,,,
GCF_001272755.1;protein_685,GCF_009945865.1;protein_692,GCF_910574535.1;protein_685,GCF_009942155.1;protein_691,,GCF_009944725.1;protein_690,GCF_009947575.1;protein_683,GCF_041931765.1;protein_41,GCF_002128285.1;protein_692,GCF_002127985.1;protein_685,GCF_000283755.1;protein_691,GCF_000733995.1;protein_40,GCF_040256845.1;protein_684,GCF_041931755.1;protein_41,GCF_002090295.1;protein_684,GCF_000319675.2;protein_682,GCF_900660465.1;protein_33,GCF_002128145.1;protein_683,GCF_002090215.1;protein_684,GCF_000027345.1;protein_688,GCF_041931565.1;protein_160,GCF_002128045.1;protein_682,GCF_009947205.1;protein_684,GCF_002128265.1;protein_694,GCF_000733995.1;protein_760,GCF_000319655.2;protein_694,GCF_009944335.1;protein_682,GCF_009939765.1;protein_686,GCF_009943805.1;protein_683,GCF_002355715.1;protein_690,GCF_001272775.1;protein_687,GCF_001558175.1;protein_685,,,,,
GCF_910574535.1;protein_686,GCF_002128045.1;protein_683,GCF_000319675.2;protein_683,GCF_000027345.1;protein_689,GCF_000283755.1;protein_692,GCF_002127985.1;protein_686,GCF_009947205.1;protein_685,GCF_041931765.1;protein_42,GCF_040256845.1;protein_685,GCF_002128265.1;protein_695,GCF_041931565.1;protein_161,GCF_009944725.1;protein_691,GCF_002128145.1;protein_684,GCF_001558175.1;protein_686,GCF_009942155.1;protein_692,GCF_041931755.1;protein_42,GCF_001272775.1;protein_688,GCF_009939765.1;protein_687,GCF_002355715.1;protein_691,GCF_900660465.1;protein_32,GCF_002128285.1;protein_693,GCF_009944335.1;protein_683,GCF_001272755.1;protein_686,GCF_000733995.1;protein_41,GCF_002090215.1;protein_685,GCF_000319655.2;protein_695,GCF_009947575.1;protein_684,GCF_009945865.1;protein_693,GCF_009943805.1;protein_684,GCF_002090295.1;protein_685,,,,,,,
GCF_910574535.1;protein_687,GCF_002128045.1;protein_684,GCF_000319675.2;protein_684,GCF_000027345.1;protein_690,GCF_000283755.1;protein_693,GCF_002127985.1;protein_687,GCF_009947205.1;protein_686,GCF_041931765.1;protein_43,GCF_040256845.1;protein_686,GCF_002128265.1;protein_696,GCF_041931565.1;protein_162,GCF_009944725.1;protein_692,GCF_002128145.1;protein_685,GCF_001558175.1;protein_687,GCF_009942155.1;protein_693,GCF_041931755.1;protein_43,GCF_001272775.1;protein_689,GCF_009939765.1;protein_688,GCF_002355715.1;protein_692,GCF_900660465.1;protein_31,GCF_002128285.1;protein_694,GCF_009944335.1;protein_684,GCF_001272755.1;protein_687,GCF_000733995.1;protein_42,GCF_002090215.1;protein_686,GCF_000319655.2;protein_696,GCF_009947575.1;protein_685,GCF_009945865.1;protein_694,GCF_009943805.1;protein_685,GCF_002090295.1;protein_686,,,,,,,
GCF_910574535.1;protein_688,GCF_002128045.1;protein_685,GCF_000319675.2;protein_685,GCF_000027345.1;protein_691,GCF_000283755.1;protein_694,GCF_002127985.1;protein_688,GCF_009947205.1;protein_687,GCF_041931765.1;protein_44,GCF_040256845.1;protein_687,GCF_002128265.1;protein_697,GCF_041931565.1;protein_163,GCF_009944725.1;protein_693,GCF_002128145.1;protein_686,GCF_001558175.1;protein_688,GCF_009942155.1;protein_694,GCF_041931755.1;protein_44,GCF_001272775.1;protein_690,GCF_009939765.1;protein_689,GCF_002355715.1;protein_693,GCF_900660465.1;protein_30,GCF_002128285.1;protein_695,GCF_009944335.1;protein_685,GCF_001272755.1;protein_688,GCF_000733995.1;protein_43,GCF_002090215.1;protein_687,GCF_000319655.2;protein_697,GCF_009947575.1;protein_686,GCF_009945865.1;protein_695,GCF_009943805.1;protein_686,GCF_002090295.1;protein_687,,,,,,,
GCF_910574535.1;protein_689,GCF_002128045.1;protein_686,GCF_000319675.2;protein_686,GCF_000027345.1;protein_692,GCF_000283755.1;protein_695,GCF_002127985.1;protein_689,GCF_009947205.1;protein_688,GCF_041931765.1;protein_45,GCF_040256845.1;protein_688,GCF_002128265.1;protein_698,GCF_041931565.1;protein_164,GCF_009944725.1;protein_694,GCF_002128145.1;protein_687,GCF_001558175.1;protein_689,GCF_009942155.1;protein_695,GCF_041931755.1;protein_45,GCF_001272775.1;protein_691,GCF_009939765.1;protein_690,GCF_002355715.1;protein_694,GCF_900660465.1;protein_29,GCF_002128285.1;protein_696,GCF_009944335.1;protein_686,GCF_001272755.1;protein_689,GCF_000733995.1;protein_44,GCF_002090215.1;protein_688,GCF_000319655.2;protein_698,GCF_009947575.1;protein_687,GCF_009945865.1;protein_696,GCF_009943805.1;protein_687,GCF_002090295.1;protein_688,,,,,,,
GCF_910574535.1;protein_69,GCF_002128045.1;protein_68,GCF_000319675.2;protein_68,GCF_000027345.1;protein_69,GCF_000283755.1;protein_68,GCF_002127985.1;protein_69,GCF_009947205.1;protein_69,GCF_041931765.1;protein_146,GCF_040256845.1;protein_68,GCF_002128265.1;protein_68,GCF_041931565.1;protein_265,GCF_009944725.1;protein_69,GCF_002128145.1;protein_69,GCF_001558175.1;protein_68,GCF_009942155.1;protein_68,GCF_041931755.1;protein_145,GCF_001272775.1;protein_69,GCF_009939765.1;protein_69,GCF_002355715.1;protein_68,GCF_900660465.1;protein_658,GCF_002128285.1;protein_69,GCF_009944335.1;protein_69,GCF_001272755.1;protein_69,GCF_000733995.1;protein_145,GCF_002090215.1;protein_68,GCF_000319655.2;protein_69,GCF_009947575.1;protein_69,GCF_009945865.1;protein_69,GCF_009943805.1;protein_69,GCF_002090295.1;protein_69,,,,,,,
GCF_910574535.1;protein_690,GCF_002128045.1;protein_687,GCF_000319675.2;protein_687,GCF_000027345.1;protein_693,GCF_000283755.1;protein_696,GCF_002127985.1;protein_690,GCF_009947205.1;protein_689,GCF_041931765.1;protein_46,GCF_040256845.1;protein_689,GCF_002128265.1;protein_699,GCF_041931565.1;protein_165,GCF_009944725.1;protein_695,GCF_002128145.1;protein_688,GCF_001558175.1;protein_690,GCF_009942155.1;protein_696,GCF_041931755.1;protein_46,GCF_001272775.1;protein_692,GCF_009939765.1;protein_691,GCF_002355715.1;protein_695,GCF_900660465.1;protein_28,GCF_002128285.1;protein_697,GCF_009944335.1;protein_687,GCF_001272755.1;protein_690,GCF_000733995.1;protein_45,GCF_002090215.1;protein_689,GCF_000319655.2;protein_699,GCF_009947575.1;protein_688,GCF_009945865.1;protein_697,GCF_009943805.1;protein_688,GCF_002090295.1;protein_689,,,,,,,
GCF_910574535.1;protein_691,GCF_002128045.1;protein_688,GCF_000319675.2;protein_688,GCF_000027345.1;protein_694,GCF_000283755.1;protein_697,GCF_002127985.1;protein_691,GCF_009947205.1;protein_690,GCF_041931765.1;protein_47,GCF_040256845.1;protein_690,GCF_002128265.1;protein_700,GCF_041931565.1;protein_166,GCF_009944725.1;protein_696,GCF_002128145.1;protein_689,GCF_001558175.1;protein_691,GCF_009942155.1;protein_697,GCF_041931755.1;protein_47,GCF_001272775.1;protein_693,GCF_009939765.1;protein_692,GCF_002355715.1;protein_696,GCF_900660465.1;protein_27,GCF_002128285.1;protein_698,GCF_009944335.1;protein_688,GCF_001272755.1;protein_691,GCF_000733995.1;protein_46,GCF_002090215.1;protein_690,GCF_000319655.2;protein_700,GCF_009947575.1;protein_689,GCF_009945865.1;protein_698,GCF_009943805.1;protein_689,GCF_002090295.1;protein_690,,,,,,,
GCF_910574535.1;protein_692,GCF_002128045.1;protein_689,GCF_000319675.2;protein_689,GCF_000027345.1;protein_695,GCF_000283755.1;protein_698,GCF_002127985.1;protein_692,GCF_009947205.1;protein_691,GCF_041931765.1;protein_48,GCF_040256845.1;protein_691,GCF_002128265.1;protein_701,GCF_041931565.1;protein_167,GCF_009944725.1;protein_697,GCF_002128145.1;protein_690,GCF_001558175.1;protein_692,GCF_009942155.1;protein_698,GCF_041931755.1;protein_48,GCF_001272775.1;protein_694,GCF_009939765.1;protein_693,GCF_002355715.1;protein_697,GCF_900660465.1;protein_26,GCF_002128285.1;protein_699,GCF_009944335.1;protein_689,GCF_001272755.1;protein_692,GCF_000733995.1;protein_47,GCF_002090215.1;protein_691,GCF_000319655.2;protein_701,GCF_009947575.1;protein_690,GCF_009945865.1;protein_699,GCF_009943805.1;protein_690,GCF_002090295.1;protein_691,,,,,,,
GCF_910574535.1;protein_693,GCF_002128045.1;protein_690,GCF_000319675.2;protein_690,GCF_000027345.1;protein_696,GCF_000283755.1;protein_699,GCF_002127985.1;protein_693,GCF_009947205.1;protein_692,GCF_041931765.1;protein_49,GCF_040256845.1;protein_692,GCF_002128265.1;protein_702,GCF_041931565.1;protein_168,GCF_009944725.1;protein_698,GCF_002128145.1;protein_691,GCF_001558175.1;protein_693,GCF_009942155.1;protein_699,GCF_041931755.1;protein_49,GCF_001272775.1;protein_695,GCF_009939765.1;protein_694,GCF_002355715.1;protein_698,GCF_900660465.1;protein_25,GCF_002128285.1;protein_700,GCF_009944335.1;protein_690,GCF_001272755.1;protein_693,GCF_000733995.1;protein_48,GCF_002090215.1;protein_692,GCF_000319655.2;protein_702,GCF_009947575.1;protein_691,GCF_009945865.1;protein_700,GCF_009943805.1;protein_691,GCF_002090295.1;protein_692,,,,,,,
GCF_910574535.1;protein_694,GCF_002128045.1;protein_691,GCF_000319675.2;protein_691,GCF_000027345.1;protein_697,GCF_000283755.1;protein_700,GCF_002127985.1;protein_694,GCF_009947205.1;protein_693,GCF_041931765.1;protein_50,GCF_040256845.1;protein_693,GCF_002128265.1;protein_703,GCF_041931565.1;protein_169,GCF_009944725.1;protein_699,GCF_002128145.1;protein_692,GCF_001558175.1;protein_694,GCF_009942155.1;protein_700,GCF_041931755.1;protein_50,GCF_001272775.1;protein_696,GCF_009939765.1;protein_695,GCF_002355715.1;protein_699,GCF_900660465.1;protein_24,GCF_002128285.1;protein_701,GCF_009944335.1;protein_691,GCF_001272755.1;protein_694,GCF_000733995.1;protein_49,GCF_002090215.1;protein_693,GCF_000319655.2;protein_703,GCF_009947575.1;protein_692,GCF_009945865.1;protein_701,GCF_009943805.1;protein_692,GCF_002090295.1;protein_693,,,,,,,
GCF_910574535.1;protein_695,GCF_002128045.1;protein_692,GCF_000319675.2;protein_692,GCF_000027345.1;protein_698,GCF_000283755.1;protein_701,GCF_002127985.1;protein_695,GCF_009947205.1;protein_694,GCF_041931765.1;protein_51,GCF_040256845.1;protein_694,GCF_002128265.1;protein_704,GCF_041931565.1;protein_170,GCF_009944725.1;protein_700,GCF_002128145.1;protein_693,GCF_001558175.1;protein_695,GCF_009942155.1;protein_701,GCF_041931755.1;protein_51,GCF_001272775.1;protein_697,GCF_009939765.1;protein_696,GCF_002355715.1;protein_700,GCF_900660465.1;protein_23,GCF_002128285.1;protein_702,GCF_009944335.1;protein_692,GCF_001272755.1;protein_695,GCF_000733995.1;protein_50,GCF_002090215.1;protein_694,GCF_000319655.2;protein_704,GCF_009947575.1;protein_693,GCF_009945865.1;protein_702,GCF_009943805.1;protein_693,GCF_002090295.1;protein_694,,,,,,,
GCF_910574535.1;protein_696,GCF_002128045.1;protein_693,GCF_000319675.2;protein_693,GCF_000027345.1;protein_699,GCF_000283755.1;protein_702,GCF_002127985.1;protein_696,GCF_009947205.1;protein_695,GCF_041931765.1;protein_52,GCF_040256845.1;protein_695,GCF_002128265.1;protein_705,GCF_041931565.1;protein_171,GCF_009944725.1;protein_701,GCF_002128145.1;protein_694,GCF_001558175.1;protein_696,GCF_009942155.1;protein_702,GCF_041931755.1;protein_52,GCF_001272775.1;protein_698,GCF_009939765.1;protein_697,GCF_002355715.1;protein_701,GCF_900660465.1;protein_22,GCF_002128285.1;protein_703,GCF_009944335.1;protein_693,GCF_001272755.1;protein_696,GCF_000733995.1;protein_51,GCF_002090215.1;protein_695,GCF_000319655.2;protein_705,GCF_009947575.1;protein_694,GCF_009945865.1;protein_703,GCF_009943805.1;protein_694,GCF_002090295.1;protein_695,,,,,,,
GCF_910574535.1;protein_697,GCF_002128045.1;protein_694,GCF_000319675.2;protein_694,GCF_000027345.1;protein_700,GCF_000283755.1;protein_703,GCF_002127985.1;protein_697,GCF_009947205.1;protein_696,GCF_041931765.1;protein_53,GCF_040256845.1;protein_696,GCF_002128265.1;protein_706,GCF_041931565.1;protein_172,GCF_009944725.1;protein_702,GCF_002128145.1;protein_695,GCF_001558175.1;protein_697,GCF_009942155.1;protein_703,GCF_041931755.1;protein_53,GCF_001272775.1;protein_699,GCF_009939765.1;protein_698,GCF_002355715.1;protein_702,GCF_900660465.1;protein_21,GCF_002128285.1;protein_704,GCF_009944335.1;protein_694,GCF_001272755.1;protein_697,GCF_000733995.1;protein_52,GCF_002090215.1;protein_696,GCF_000319655.2;protein_706,GCF_009947575.1;protein_695,GCF_009945865.1;protein_704,GCF_009943805.1;protein_695,GCF_002090295.1;protein_696,,,,,,,
GCF_910574535.1;protein_698,GCF_002128045.1;protein_695,GCF_000319675.2;protein_695,GCF_000027345.1;protein_701,GCF_000283755.1;protein_704,GCF_002127985.1;protein_698,GCF_009947205.1;protein_697,GCF_041931765.1;protein_54,GCF_040256845.1;protein_697,GCF_002128265.1;protein_707,GCF_041931565.1;protein_173,GCF_009944725.1;protein_703,GCF_002128145.1;protein_696,GCF_001558175.1;protein_698,GCF_009942155.1;protein_704,GCF_041931755.1;protein_54,GCF_001272775.1;protein_700,GCF_009939765.1;protein_699,GCF_002355715.1;protein_703,GCF_900660465.1;protein_20,GCF_002128285.1;protein_705,GCF_009944335.1;protein_695,GCF_001272755.1;protein_698,GCF_000733995.1;protein_53,GCF_002090215.1;protein_697,GCF_000319655.2;protein_707,GCF_009947575.1;protein_696,GCF_009945865.1;protein_705,GCF_009943805.1;protein_696,GCF_002090295.1;protein_697,,,,,,,
GCF_910574535.1;protein_699,GCF_002128045.1;protein_696,GCF_000319675.2;protein_696,GCF_000027345.1;protein_702,GCF_000283755.1;protein_705,GCF_002127985.1;protein_699,GCF_009947205.1;protein_698,GCF_041931765.1;protein_55,GCF_040256845.1;protein_698,GCF_002128265.1;protein_708,GCF_041931565.1;protein_174,GCF_009944725.1;protein_704,GCF_002128145.1;protein_697,GCF_001558175.1;protein_699,GCF_009942155.1;protein_705,GCF_041931755.1;protein_55,GCF_001272775.1;protein_701,GCF_009939765.1;protein_700,GCF_002355715.1;protein_704,GCF_900660465.1;protein_19,GCF_002128285.1;protein_706,GCF_009944335.1;protein_696,GCF_001272755.1;protein_699,GCF_000733995.1;protein_54,GCF_002090215.1;protein_698,GCF_000319655.2;protein_708,GCF_009947575.1;protein_697,GCF_009945865.1;protein_706,GCF_009943805.1;protein_697,GCF_002090295.1;protein_698,,,,,,,
GCF_910574535.1;protein_7,GCF_002128045.1;protein_7,GCF_000319675.2;protein_7,GCF_000027345.1;protein_7,GCF_000283755.1;protein_7,GCF_002127985.1;protein_7,GCF_009947205.1;protein_7,GCF_041931765.1;protein_84,GCF_040256845.1;protein_7,GCF_002128265.1;protein_7,GCF_041931565.1;protein_203,GCF_009944725.1;protein_7,GCF_002128145.1;protein_7,GCF_001558175.1;protein_7,GCF_009942155.1;protein_7,GCF_041931755.1;protein_84,GCF_001272775.1;protein_7,GCF_009939765.1;protein_7,GCF_002355715.1;protein_7,GCF_900660465.1;protein_720,GCF_002128285.1;protein_7,GCF_009944335.1;protein_7,GCF_001272755.1;protein_7,GCF_000733995.1;protein_83,GCF_002090215.1;protein_7,GCF_000319655.2;protein_7,GCF_009947575.1;protein_7,GCF_009945865.1;protein_7,GCF_009943805.1;protein_7,GCF_002090295.1;protein_7,,,,,,,
GCF_910574535.1;protein_70,GCF_002128045.1;protein_69,GCF_000319675.2;protein_69,GCF_000027345.1;protein_70,GCF_000283755.1;protein_69,GCF_002127985.1;protein_70,GCF_009947205.1;protein_70,GCF_041931765.1;protein_147,GCF_040256845.1;protein_69,GCF_002128265.1;protein_69,GCF_041931565.1;protein_266,GCF_009944725.1;protein_70,GCF_002128145.1;protein_70,GCF_001558175.1;protein_69,GCF_009942155.1;protein_69,GCF_041931755.1;protein_146,GCF_001272775.1;protein_70,GCF_009939765.1;protein_70,GCF_002355715.1;protein_69,GCF_900660465.1;protein_657,GCF_002128285.1;protein_70,GCF_009944335.1;protein_70,GCF_001272755.1;protein_70,GCF_000733995.1;protein_146,GCF_002090215.1;protein_69,GCF_000319655.2;protein_70,GCF_009947575.1;protein_70,GCF_009945865.1;protein_70,GCF_009943805.1;protein_70,GCF_002090295.1;protein_70,,,,,,,
GCF_910574535.1;protein_700,GCF_002128045.1;protein_697,GCF_000319675.2;protein_697,GCF_000027345.1;protein_703,GCF_000283755.1;protein_706,GCF_002127985.1;protein_700,GCF_009947205.1;protein_699,GCF_041931765.1;protein_56,GCF_040256845.1;protein_699,GCF_002128265.1;protein_709,GCF_041931565.1;protein_175,GCF_009944725.1;protein_705,GCF_002128145.1;protein_698,GCF_001558175.1;protein_700,GCF_009942155.1;protein_706,GCF_041931755.1;protein_56,GCF_001272775.1;protein_702,GCF_009939765.1;protein_701,GCF_002355715.1;protein_705,GCF_900660465.1;protein_18,GCF_002128285.1;protein_707,GCF_009944335.1;protein_697,GCF_001272755.1;protein_700,GCF_000733995.1;protein_55,GCF_002090215.1;protein_699,GCF_000319655.2;protein_709,GCF_009947575.1;protein_698,GCF_009945865.1;protein_707,GCF_009943805.1;protein_698,GCF_002090295.1;protein_699,,,,,,,
GCF_910574535.1;protein_701,GCF_002128045.1;protein_698,GCF_000319675.2;protein_698,GCF_000027345.1;protein_704,GCF_000283755.1;protein_707,GCF_002127985.1;protein_701,GCF_009947205.1;protein_700,GCF_041931765.1;protein_57,GCF_040256845.1;protein_700,GCF_002128265.1;protein_710,GCF_041931565.1;protein_176,GCF_009944725.1;protein_706,GCF_002128145.1;protein_699,GCF_001558175.1;protein_701,GCF_009942155.1;protein_707,GCF_041931755.1;protein_57,GCF_001272775.1;protein_703,GCF_009939765.1;protein_702,GCF_002355715.1;protein_706,GCF_900660465.1;protein_17,GCF_002128285.1;protein_708,GCF_009944335.1;protein_698,GCF_001272755.1;protein_701,GCF_000733995.1;protein_56,GCF_002090215.1;protein_700,GCF_000319655.2;protein_710,GCF_009947575.1;protein_699,GCF_009945865.1;protein_708,GCF_009943805.1;protein_699,GCF_002090295.1;protein_700,,,,,,,
GCF_910574535.1;protein_702,GCF_002128045.1;protein_699,GCF_000319675.2;protein_699,GCF_000027345.1;protein_705,GCF_000283755.1;protein_708,GCF_002127985.1;protein_702,GCF_009947205.1;protein_701,GCF_041931765.1;protein_58,GCF_040256845.1;protein_701,GCF_002128265.1;protein_711,GCF_041931565.1;protein_177,GCF_009944725.1;protein_707,GCF_002128145.1;protein_700,GCF_001558175.1;protein_702,GCF_009942155.1;protein_708,GCF_041931755.1;protein_58,GCF_001272775.1;protein_704,GCF_009939765.1;protein_703,GCF_002355715.1;protein_707,GCF_900660465.1;protein_16,GCF_002128285.1;protein_709,GCF_009944335.1;protein_699,GCF_001272755.1;protein_702,GCF_000733995.1;protein_57,GCF_002090215.1;protein_701,GCF_000319655.2;protein_711,GCF_009947575.1;protein_700,GCF_009945865.1;protein_709,GCF_009943805.1;protein_700,GCF_002090295.1;protein_701,,,,,,,
GCF_910574535.1;protein_703,GCF_002128045.1;protein_700,GCF_000319675.2;protein_700,GCF_000027345.1;protein_706,GCF_000283755.1;protein_709,GCF_002127985.1;protein_703,GCF_009947205.1;protein_702,GCF_041931765.1;protein_59,GCF_040256845.1;protein_702,GCF_002128265.1;protein_712,GCF_041931565.1;protein_178,GCF_009944725.1;protein_708,GCF_002128145.1;protein_701,GCF_001558175.1;protein_703,GCF_009942155.1;protein_709,GCF_041931755.1;protein_59,GCF_001272775.1;protein_705,GCF_009939765.1;protein_704,GCF_002355715.1;protein_708,GCF_900660465.1;protein_15,GCF_002128285.1;protein_710,GCF_009944335.1;protein_700,GCF_001272755.1;protein_703,GCF_000733995.1;protein_58,GCF_002090215.1;protein_702,GCF_000319655.2;protein_712,GCF_009947575.1;protein_701,GCF_009945865.1;protein_710,GCF_009943805.1;protein_701,GCF_002090295.1;protein_702,,,,,,,
GCF_910574535.1;protein_704,GCF_002128045.1;protein_701,GCF_000319675.2;protein_701,GCF_000027345.1;protein_707,GCF_000283755.1;protein_710,GCF_002127985.1;protein_704,GCF_009947205.1;protein_703,GCF_041931765.1;protein_60,GCF_040256845.1;protein_703,GCF_002128265.1;protein_713,GCF_041931565.1;protein_179,GCF_009944725.1;protein_709,GCF_002128145.1;protein_702,GCF_001558175.1;protein_704,GCF_009942155.1;protein_710,GCF_041931755.1;protein_60,GCF_001272775.1;protein_706,GCF_009939765.1;protein_705,GCF_002355715.1;protein_709,GCF_900660465.1;protein_14,GCF_002128285.1;protein_711,GCF_009944335.1;protein_701,GCF_001272755.1;protein_704,GCF_000733995.1;protein_59,GCF_002090215.1;protein_703,GCF_000319655.2;protein_713,GCF_009947575.1;protein_702,GCF_009945865.1;protein_711,GCF_009943805.1;protein_702,GCF_002090295.1;protein_703,,,,,,,
GCF_910574535.1;protein_705,GCF_002128045.1;protein_702,GCF_000319675.2;protein_702,GCF_000027345.1;protein_708,GCF_000283755.1;protein_711,GCF_002127985.1;protein_705,GCF_009947205.1;protein_704,GCF_041931765.1;protein_61,GCF_040256845.1;protein_704,GCF_002128265.1;protein_714,GCF_041931565.1;protein_180,GCF_009944725.1;protein_710,GCF_002128145.1;protein_703,GCF_001558175.1;protein_705,GCF_009942155.1;protein_711,GCF_041931755.1;protein_61,GCF_001272775.1;protein_707,GCF_009939765.1;protein_706,GCF_002355715.1;protein_710,GCF_900660465.1;protein_13,GCF_002128285.1;protein_712,GCF_009944335.1;protein_702,GCF_001272755.1;protein_705,GCF_000733995.1;protein_60,GCF_002090215.1;protein_704,GCF_000319655.2;protein_714,GCF_009947575.1;protein_703,GCF_009945865.1;protein_712,GCF_009943805.1;protein_703,GCF_002090295.1;protein_704,,,,,,,
GCF_910574535.1;protein_706,GCF_002128045.1;protein_703,GCF_000319675.2;protein_703,GCF_000027345.1;protein_709,GCF_000283755.1;protein_712,GCF_002127985.1;protein_706,GCF_009947205.1;protein_705,GCF_041931765.1;protein_62,GCF_040256845.1;protein_705,GCF_002128265.1;protein_715,GCF_041931565.1;protein_181,GCF_009944725.1;protein_711,GCF_002128145.1;protein_704,GCF_001558175.1;protein_706,GCF_009942155.1;protein_712,GCF_041931755.1;protein_62,GCF_001272775.1;protein_708,GCF_009939765.1;protein_707,GCF_002355715.1;protein_711,GCF_900660465.1;protein_12,GCF_002128285.1;protein_713,GCF_009944335.1;protein_703,GCF_001272755.1;protein_706,GCF_000733995.1;protein_61,GCF_002090215.1;protein_705,GCF_000319655.2;protein_715,GCF_009947575.1;protein_704,GCF_009945865.1;protein_713,GCF_009943805.1;protein_704,GCF_002090295.1;protein_705,,,,,,,
GCF_910574535.1;protein_707,GCF_002128045.1;protein_704,GCF_000319675.2;protein_704,GCF_000027345.1;protein_710,GCF_000283755.1;protein_713,GCF_002127985.1;protein_707,GCF_009947205.1;protein_706,GCF_041931765.1;protein_63,GCF_040256845.1;protein_706,GCF_002128265.1;protein_716,GCF_041931565.1;protein_182,GCF_009944725.1;protein_712,GCF_002128145.1;protein_705,GCF_001558175.1;protein_707,GCF_009942155.1;protein_713,GCF_041931755.1;protein_63,GCF_001272775.1;protein_709,GCF_009939765.1;protein_708,GCF_002355715.1;protein_712,GCF_900660465.1;protein_11,GCF_002128285.1;protein_714,GCF_009944335.1;protein_704,GCF_001272755.1;protein_707,GCF_000733995.1;protein_62,GCF_002090215.1;protein_706,GCF_000319655.2;protein_716,GCF_009947575.1;protein_705,GCF_009945865.1;protein_714,GCF_009943805.1;protein_705,GCF_002090295.1;protein_706,,,,,,,
GCF_910574535.1;protein_708,GCF_002128045.1;protein_705,GCF_000319675.2;protein_705,GCF_000027345.1;protein_711,GCF_000283755.1;protein_714,GCF_002127985.1;protein_708,GCF_009947205.1;protein_707,GCF_041931765.1;protein_64,GCF_040256845.1;protein_707,GCF_002128265.1;protein_717,GCF_041931565.1;protein_183,GCF_009944725.1;protein_713,GCF_002128145.1;protein_706,GCF_001558175.1;protein_708,GCF_009942155.1;protein_714,GCF_041931755.1;protein_64,GCF_001272775.1;protein_710,GCF_009939765.1;protein_709,GCF_002355715.1;protein_713,GCF_900660465.1;protein_10,GCF_002128285.1;protein_715,GCF_009944335.1;protein_705,GCF_001272755.1;protein_708,GCF_000733995.1;protein_63,GCF_002090215.1;protein_707,GCF_000319655.2;protein_717,GCF_009947575.1;protein_706,GCF_009945865.1;protein_715,GCF_009943805.1;protein_706,GCF_002090295.1;protein_707,,,,,,,
GCF_910574535.1;protein_709,GCF_002128045.1;protein_706,GCF_000319675.2;protein_706,GCF_000027345.1;protein_712,GCF_000283755.1;protein_715,GCF_002127985.1;protein_709,GCF_009947205.1;protein_708,GCF_041931765.1;protein_65,GCF_040256845.1;protein_708,GCF_002128265.1;protein_718,GCF_041931565.1;protein_184,GCF_009944725.1;protein_714,GCF_002128145.1;protein_707,GCF_001558175.1;protein_709,GCF_009942155.1;protein_715,GCF_041931755.1;protein_65,GCF_001272775.1;protein_711,GCF_009939765.1;protein_710,GCF_002355715.1;protein_714,GCF_900660465.1;protein_9,GCF_002128285.1;protein_716,GCF_009944335.1;protein_706,GCF_001272755.1;protein_709,GCF_000733995.1;protein_64,GCF_002090215.1;protein_708,GCF_000319655.2;protein_718,GCF_009947575.1;protein_707,GCF_009945865.1;protein_716,GCF_009943805.1;protein_707,GCF_002090295.1;protein_708,,,,,,,
GCF_910574535.1;protein_71,GCF_002128045.1;protein_70,GCF_000319675.2;protein_70,GCF_000027345.1;protein_71,GCF_000283755.1;protein_70,GCF_002127985.1;protein_71,GCF_009947205.1;protein_71,GCF_041931765.1;protein_148,GCF_040256845.1;protein_70,GCF_002128265.1;protein_70,GCF_041931565.1;protein_267,GCF_009944725.1;protein_71,GCF_002128145.1;protein_71,GCF_001558175.1;protein_70,GCF_009942155.1;protein_70,GCF_041931755.1;protein_147,GCF_001272775.1;protein_71,GCF_009939765.1;protein_71,GCF_002355715.1;protein_70,GCF_900660465.1;protein_656,GCF_002128285.1;protein_71,GCF_009944335.1;protein_71,GCF_001272755.1;protein_71,GCF_000733995.1;protein_147,GCF_002090215.1;protein_70,GCF_000319655.2;protein_71,GCF_009947575.1;protein_71,GCF_009945865.1;protein_71,GCF_009943805.1;protein_71,GCF_002090295.1;protein_71,,,,,,,
GCF_910574535.1;protein_710,GCF_002128045.1;protein_707,GCF_000319675.2;protein_707,GCF_000027345.1;protein_713,GCF_000283755.1;protein_716,GCF_002127985.1;protein_710,GCF_009947205.1;protein_709,GCF_041931765.1;protein_66,GCF_040256845.1;protein_709,GCF_002128265.1;protein_719,GCF_041931565.1;protein_185,GCF_009944725.1;protein_715,GCF_002128145.1;protein_708,GCF_001558175.1;protein_710,GCF_009942155.1;protein_716,GCF_041931755.1;protein_66,GCF_001272775.1;protein_712,GCF_009939765.1;protein_711,GCF_002355715.1;protein_715,GCF_900660465.1;protein_8,GCF_002128285.1;protein_717,GCF_009944335.1;protein_707,GCF_001272755.1;protein_710,GCF_000733995.1;protein_65,GCF_002090215.1;protein_709,GCF_000319655.2;protein_719,GCF_009947575.1;protein_708,GCF_009945865.1;protein_717,GCF_009943805.1;protein_708,GCF_002090295.1;protein_709,,,,,,,
GCF_910574535.1;protein_711,GCF_002128045.1;protein_708,GCF_000319675.2;protein_708,GCF_000027345.1;protein_714,GCF_000283755.1;protein_717,GCF_002127985.1;protein_711,GCF_009947205.1;protein_710,GCF_041931765.1;protein_67,GCF_040256845.1;protein_710,GCF_002128265.1;protein_720,GCF_041931565.1;protein_186,GCF_009944725.1;protein_716,GCF_002128145.1;protein_709,GCF_001558175.1;protein_711,GCF_009942155.1;protein_717,GCF_041931755.1;protein_67,GCF_001272775.1;protein_713,GCF_009939765.1;protein_712,GCF_002355715.1;protein_716,GCF_900660465.1;protein_7,GCF_002128285.1;protein_718,GCF_009944335.1;protein_708,GCF_001272755.1;protein_711,GCF_000733995.1;protein_66,GCF_002090215.1;protein_710,GCF_000319655.2;protein_720,GCF_009947575.1;protein_709,GCF_009945865.1;protein_718,GCF_009943805.1;protein_709,GCF_002090295.1;protein_710,,,,,,,
GCF_910574535.1;protein_712,GCF_002128045.1;protein_709,GCF_000319675.2;protein_709,GCF_000027345.1;protein_715,GCF_000283755.1;protein_718,GCF_002127985.1;protein_712,GCF_009947205.1;protein_711,GCF_041931765.1;protein_68,GCF_040256845.1;protein_711,GCF_002128265.1;protein_721,GCF_041931565.1;protein_187,GCF_009944725.1;protein_717,GCF_002128145.1;protein_710,GCF_001558175.1;protein_712,GCF_009942155.1;protein_718,GCF_041931755.1;protein_68,GCF_001272775.1;protein_714,GCF_009939765.1;protein_713,GCF_002355715.1;protein_717,GCF_900660465.1;protein_6,GCF_002128285.1;protein_719,GCF_009944335.1;protein_709,GCF_001272755.1;protein_712,GCF_000733995.1;protein_67,GCF_002090215.1;protein_711,GCF_000319655.2;protein_721,GCF_009947575.1;protein_710,GCF_009945865.1;protein_719,GCF_009943805.1;protein_710,GCF_002090295.1;protein_711,,,,,,,
GCF_910574535.1;protein_713,GCF_002128045.1;protein_710,GCF_000319675.2;protein_710,GCF_000027345.1;protein_716,GCF_000283755.1;protein_719,GCF_002127985.1;protein_713,GCF_009947205.1;protein_712,GCF_041931765.1;protein_69,GCF_040256845.1;protein_712,GCF_002128265.1;protein_722,GCF_041931565.1;protein_188,GCF_009944725.1;protein_718,GCF_002128145.1;protein_711,GCF_001558175.1;protein_713,GCF_009942155.1;protein_719,GCF_041931755.1;protein_69,GCF_001272775.1;protein_715,GCF_009939765.1;protein_714,GCF_002355715.1;protein_718,GCF_900660465.1;protein_5,GCF_002128285.1;protein_720,GCF_009944335.1;protein_710,GCF_001272755.1;protein_713,GCF_000733995.1;protein_68,GCF_002090215.1;protein_712,GCF_000319655.2;protein_722,GCF_009947575.1;protein_711,GCF_009945865.1;protein_720,GCF_009943805.1;protein_711,GCF_002090295.1;protein_712,,,,,,,
GCF_910574535.1;protein_714,GCF_002128045.1;protein_711,GCF_000319675.2;protein_711,GCF_000027345.1;protein_717,GCF_000283755.1;protein_720,GCF_002127985.1;protein_714,GCF_009947205.1;protein_713,GCF_041931765.1;protein_70,GCF_040256845.1;protein_713,GCF_002128265.1;protein_723,GCF_041931565.1;protein_189,GCF_009944725.1;protein_719,GCF_002128145.1;protein_712,GCF_001558175.1;protein_714,GCF_009942155.1;protein_720,GCF_041931755.1;protein_70,GCF_001272775.1;protein_716,GCF_009939765.1;protein_715,GCF_002355715.1;protein_719,GCF_900660465.1;protein_4,GCF_002128285.1;protein_721,GCF_009944335.1;protein_711,GCF_001272755.1;protein_714,GCF_000733995.1;protein_69,GCF_002090215.1;protein_713,GCF_000319655.2;protein_723,GCF_009947575.1;protein_712,GCF_009945865.1;protein_721,GCF_009943805.1;protein_712,GCF_002090295.1;protein_713,,,,,,,
GCF_910574535.1;protein_715,GCF_002128045.1;protein_712,GCF_000319675.2;protein_712,GCF_000027345.1;protein_718,GCF_000283755.1;protein_721,GCF_002127985.1;protein_715,GCF_009947205.1;protein_714,GCF_041931765.1;protein_71,GCF_040256845.1;protein_714,GCF_002128265.1;protein_724,GCF_041931565.1;protein_190,GCF_009944725.1;protein_720,GCF_002128145.1;protein_713,GCF_001558175.1;protein_715,GCF_009942155.1;protein_721,GCF_041931755.1;protein_71,GCF_001272775.1;protein_717,GCF_009939765.1;protein_716,GCF_002355715.1;protein_720,GCF_900660465.1;protein_3,GCF_002128285.1;protein_722,GCF_009944335.1;protein_712,GCF_001272755.1;protein_715,GCF_000733995.1;protein_70,GCF_002090215.1;protein_714,GCF_000319655.2;protein_724,GCF_009947575.1;protein_713,GCF_009945865.1;protein_722,GCF_009943805.1;protein_713,GCF_002090295.1;protein_714,,,,,,,
GCF_910574535.1;protein_716,GCF_002128045.1;protein_713,GCF_000319675.2;protein_713,GCF_000027345.1;protein_719,GCF_000283755.1;protein_722,GCF_002127985.1;protein_716,GCF_009947205.1;protein_715,GCF_041931765.1;protein_72,GCF_040256845.1;protein_715,GCF_002128265.1;protein_725,GCF_041931565.1;protein_191,GCF_009944725.1;protein_721,GCF_002128145.1;protein_714,GCF_001558175.1;protein_716,GCF_009942155.1;protein_722,GCF_041931755.1;protein_72,GCF_001272775.1;protein_718,GCF_009939765.1;protein_717,GCF_002355715.1;protein_721,GCF_900660465.1;protein_2,GCF_002128285.1;protein_723,GCF_009944335.1;protein_713,GCF_001272755.1;protein_716,GCF_000733995.1;protein_71,GCF_002090215.1;protein_715,GCF_000319655.2;protein_725,GCF_009947575.1;protein_714,GCF_009945865.1;protein_723,GCF_009943805.1;protein_714,GCF_002090295.1;protein_715,,,,,,,
GCF_910574535.1;protein_717,GCF_002128045.1;protein_714,GCF_000319675.2;protein_714,GCF_000027345.1;protein_720,GCF_000283755.1;protein_723,GCF_002127985.1;protein_717,GCF_009947205.1;protein_716,GCF_041931765.1;protein_73,GCF_040256845.1;protein_716,GCF_002128265.1;protein_726,GCF_041931565.1;protein_192,GCF_009944725.1;protein_722,GCF_002128145.1;protein_715,GCF_001558175.1;protein_717,GCF_009942155.1;protein_723,GCF_041931755.1;protein_73,GCF_001272775.1;protein_719,GCF_009939765.1;protein_718,GCF_002355715.1;protein_722,GCF_900660465.1;protein_1,GCF_002128285.1;protein_724,GCF_009944335.1;protein_714,GCF_001272755.1;protein_717,GCF_000733995.1;protein_72,GCF_002090215.1;protein_716,GCF_000319655.2;protein_726,GCF_009947575.1;protein_715,GCF_009945865.1;protein_724,GCF_009943805.1;protein_715,GCF_002090295.1;protein_716,,,,,,,
GCF_910574535.1;protein_718,GCF_002128045.1;protein_715,GCF_000319675.2;protein_715,GCF_000027345.1;protein_721,GCF_000283755.1;protein_724,GCF_002127985.1;protein_718,GCF_009947205.1;protein_717,GCF_041931765.1;protein_74,GCF_040256845.1;protein_717,GCF_002128265.1;protein_727,GCF_041931565.1;protein_193,GCF_009944725.1;protein_723,GCF_002128145.1;protein_716,GCF_001558175.1;protein_718,GCF_009942155.1;protein_724,GCF_041931755.1;protein_74,GCF_001272775.1;protein_720,GCF_009939765.1;protein_719,GCF_002355715.1;protein_723,GCF_900660465.1;protein_0,GCF_002128285.1;protein_725,GCF_009944335.1;protein_715,GCF_001272755.1;protein_718,GCF_000733995.1;protein_73,GCF_002090215.1;protein_717,GCF_000319655.2;protein_727,GCF_009947575.1;protein_716,GCF_009945865.1;protein_725,GCF_009943805.1;protein_716,GCF_002090295.1;protein_717,,,,,,,
GCF_910574535.1;protein_719,GCF_002128045.1;protein_716,GCF_000319675.2;protein_716,GCF_000027345.1;protein_722,GCF_000283755.1;protein_725,GCF_002127985.1;protein_719,GCF_009947205.1;protein_718,GCF_041931765.1;protein_75,GCF_040256845.1;protein_718,GCF_002128265.1;protein_728,GCF_041931565.1;protein_194,GCF_009944725.1;protein_724,GCF_002128145.1;protein_717,GCF_001558175.1;protein_719,GCF_009942155.1;protein_725,GCF_041931755.1;protein_75,GCF_001272775.1;protein_721,GCF_009939765.1;protein_720,GCF_002355715.1;protein_724,GCF_900660465.1;protein_729,GCF_002128285.1;protein_726,GCF_009944335.1;protein_716,GCF_001272755.1;protein_719,GCF_000733995.1;protein_74,GCF_002090215.1;protein_718,GCF_000319655.2;protein_728,GCF_009947575.1;protein_717,GCF_009945865.1;protein_726,GCF_009943805.1;protein_717,GCF_002090295.1;protein_718,,,,,,,
GCF_910574535.1;protein_72,GCF_002128045.1;protein_71,GCF_000319675.2;protein_71,GCF_000027345.1;protein_72,GCF_000283755.1;protein_71,GCF_002127985.1;protein_72,GCF_009947205.1;protein_72,GCF_041931765.1;protein_149,GCF_040256845.1;protein_71,GCF_002128265.1;protein_71,GCF_041931565.1;protein_268,GCF_009944725.1;protein_72,GCF_002128145.1;protein_72,GCF_001558175.1;protein_71,GCF_009942155.1;protein_71,GCF_041931755.1;protein_148,GCF_001272775.1;protein_72,GCF_009939765.1;protein_72,GCF_002355715.1;protein_71,GCF_900660465.1;protein_655,GCF_002128285.1;protein_72,GCF_009944335.1;protein_72,GCF_001272755.1;protein_72,GCF_000733995.1;protein_148,GCF_002090215.1;protein_71,GCF_000319655.2;protein_72,GCF_009947575.1;protein_72,GCF_009945865.1;protein_72,GCF_009943805.1;protein_72,GCF_002090295.1;protein_72,,,,,,,
GCF_910574535.1;protein_720,GCF_002128045.1;protein_717,GCF_000319675.2;protein_717,GCF_000027345.1;protein_723,GCF_000283755.1;protein_726,GCF_002127985.1;protein_720,GCF_009947205.1;protein_719,GCF_041931765.1;protein_76,GCF_040256845.1;protein_719,GCF_002128265.1;protein_729,GCF_041931565.1;protein_195,GCF_009944725.1;protein_725,GCF_002128145.1;protein_718,GCF_001558175.1;protein_720,GCF_009942155.1;protein_726,GCF_041931755.1;protein_76,GCF_001272775.1;protein_722,GCF_009939765.1;protein_721,GCF_002355715.1;protein_725,GCF_900660465.1;protein_728,GCF_002128285.1;protein_727,GCF_009944335.1;protein_717,GCF_001272755.1;protein_720,GCF_000733995.1;protein_75,GCF_002090215.1;protein_719,GCF_000319655.2;protein_729,GCF_009947575.1;protein_718,GCF_009945865.1;protein_727,GCF_009943805.1;protein_718,GCF_002090295.1;protein_719,,,,,,,
GCF_910574535.1;protein_73,GCF_002128045.1;protein_72,GCF_000319675.2;protein_72,GCF_000027345.1;protein_73,GCF_000283755.1;protein_72,GCF_002127985.1;protein_73,GCF_009947205.1;protein_73,GCF_041931765.1;protein_150,GCF_040256845.1;protein_72,GCF_002128265.1;protein_72,GCF_041931565.1;protein_269,GCF_009944725.1;protein_73,GCF_002128145.1;protein_73,GCF_001558175.1;protein_72,GCF_009942155.1;protein_72,GCF_041931755.1;protein_149,GCF_001272775.1;protein_73,GCF_009939765.1;protein_73,GCF_002355715.1;protein_72,GCF_900660465.1;protein_654,GCF_002128285.1;protein_73,GCF_009944335.1;protein_73,GCF_001272755.1;protein_73,GCF_000733995.1;protein_149,GCF_002090215.1;protein_72,GCF_000319655.2;protein_73,GCF_009947575.1;protein_73,GCF_009945865.1;protein_73,GCF_009943805.1;protein_73,GCF_002090295.1;protein_73,,,,,,,
GCF_910574535.1;protein_74,GCF_002128045.1;protein_73,GCF_000319675.2;protein_73,GCF_000027345.1;protein_74,GCF_000283755.1;protein_73,GCF_002127985.1;protein_74,GCF_009947205.1;protein_74,GCF_041931765.1;protein_151,GCF_040256845.1;protein_73,GCF_002128265.1;protein_73,GCF_041931565.1;protein_270,GCF_009944725.1;protein_74,GCF_002128145.1;protein_74,GCF_001558175.1;protein_73,GCF_009942155.1;protein_73,GCF_041931755.1;protein_150,GCF_001272775.1;protein_74,GCF_009939765.1;protein_74,GCF_002355715.1;protein_73,GCF_900660465.1;protein_653,GCF_002128285.1;protein_74,GCF_009944335.1;protein_74,GCF_001272755.1;protein_74,GCF_000733995.1;protein_150,GCF_002090215.1;protein_73,GCF_000319655.2;protein_74,GCF_009947575.1;protein_74,GCF_009945865.1;protein_74,GCF_009943805.1;protein_74,GCF_002090295.1;protein_74,,,,,,,
GCF_910574535.1;protein_75,GCF_002128045.1;protein_74,GCF_000319675.2;protein_74,GCF_000027345.1;protein_75,GCF_000283755.1;protein_74,GCF_002127985.1;protein_75,GCF_009947205.1;protein_75,GCF_041931765.1;protein_152,GCF_040256845.1;protein_74,GCF_002128265.1;protein_74,GCF_041931565.1;protein_271,GCF_009944725.1;protein_75,GCF_002128145.1;protein_75,GCF_001558175.1;protein_74,GCF_009942155.1;protein_74,GCF_041931755.1;protein_151,GCF_001272775.1;protein_75,GCF_009939765.1;protein_75,GCF_002355715.1;protein_74,GCF_900660465.1;protein_652,GCF_002128285.1;protein_75,GCF_009944335.1;protein_75,GCF_001272755.1;protein_75,GCF_000733995.1;protein_151,GCF_002090215.1;protein_74,GCF_000319655.2;protein_75,GCF_009947575.1;protein_75,GCF_009945865.1;protein_75,GCF_009943805.1;protein_75,GCF_002090295.1;protein_75,,,,,,,
GCF_910574535.1;protein_76,GCF_002128045.1;protein_75,GCF_000319675.2;protein_75,GCF_000027345.1;protein_76,GCF_000283755.1;protein_75,GCF_002127985.1;protein_76,GCF_009947205.1;protein_76,GCF_041931765.1;protein_153,GCF_040256845.1;protein_75,GCF_002128265.1;protein_75,GCF_041931565.1;protein_272,GCF_009944725.1;protein_76,GCF_002128145.1;protein_76,GCF_001558175.1;protein_75,GCF_009942155.1;protein_75,GCF_041931755.1;protein_152,GCF_001272775.1;protein_76,GCF_009939765.1;protein_76,GCF_002355715.1;protein_75,GCF_900660465.1;protein_651,GCF_002128285.1;protein_76,GCF_009944335.1;protein_76,GCF_001272755.1;protein_76,GCF_000733995.1;protein_152,GCF_002090215.1;protein_75,GCF_000319655.2;protein_76,GCF_009947575.1;protein_76,GCF_009945865.1;protein_76,GCF_009943805.1;protein_76,GCF_002090295.1;protein_76,,,,,,,
GCF_910574535.1;protein_77,GCF_002128045.1;protein_76,GCF_000319675.2;protein_76,GCF_000027345.1;protein_77,GCF_000283755.1;protein_76,GCF_002127985.1;protein_77,GCF_009947205.1;protein_77,GCF_041931765.1;protein_154,GCF_040256845.1;protein_76,GCF_002128265.1;protein_76,GCF_041931565.1;protein_273,GCF_009944725.1;protein_77,GCF_002128145.1;protein_77,GCF_001558175.1;protein_76,GCF_009942155.1;protein_76,GCF_041931755.1;protein_153,GCF_001272775.1;protein_77,GCF_009939765.1;protein_77,GCF_002355715.1;protein_76,GCF_900660465.1;protein_650,GCF_002128285.1;protein_77,GCF_009944335.1;protein_77,GCF_001272755.1;protein_77,GCF_000733995.1;protein_153,GCF_002090215.1;protein_76,GCF_000319655.2;protein_77,GCF_009947575.1;protein_77,GCF_009945865.1;protein_77,GCF_009943805.1;protein_77,GCF_002090295.1;protein_77,,,,,,,
GCF_910574535.1;protein_78,GCF_002128045.1;protein_77,GCF_000319675.2;protein_77,GCF_000027345.1;protein_78,GCF_000283755.1;protein_77,GCF_002127985.1;protein_78,GCF_009947205.1;protein_78,GCF_041931765.1;protein_155,GCF_040256845.1;protein_77,GCF_002128265.1;protein_77,GCF_041931565.1;protein_274,GCF_009944725.1;protein_78,GCF_002128145.1;protein_78,GCF_001558175.1;protein_77,GCF_009942155.1;protein_77,GCF_041931755.1;protein_154,GCF_001272775.1;protein_78,GCF_009939765.1;protein_78,GCF_002355715.1;protein_77,GCF_900660465.1;protein_649,GCF_002128285.1;protein_78,GCF_009944335.1;protein_78,GCF_001272755.1;protein_78,GCF_000733995.1;protein_154,GCF_002090215.1;protein_77,GCF_000319655.2;protein_78,GCF_009947575.1;protein_78,GCF_009945865.1;protein_78,GCF_009943805.1;protein_78,GCF_002090295.1;protein_78,,,,,,,
GCF_910574535.1;protein_79,GCF_002128045.1;protein_78,GCF_000319675.2;protein_78,GCF_000027345.1;protein_79,GCF_000283755.1;protein_78,GCF_002127985.1;protein_79,GCF_009947205.1;protein_79,GCF_041931765.1;protein_156,GCF_040256845.1;protein_78,GCF_002128265.1;protein_78,GCF_041931565.1;protein_275,GCF_009944725.1;protein_79,GCF_002128145.1;protein_79,GCF_001558175.1;protein_78,GCF_009942155.1;protein_78,GCF_041931755.1;protein_155,GCF_001272775.1;protein_79,GCF_009939765.1;protein_79,GCF_002355715.1;protein_78,GCF_900660465.1;protein_648,GCF_002128285.1;protein_79,GCF_009944335.1;protein_79,GCF_001272755.1;protein_79,GCF_000733995.1;protein_155,GCF_002090215.1;protein_78,GCF_000319655.2;protein_79,GCF_009947575.1;protein_79,GCF_009945865.1;protein_79,GCF_009943805.1;protein_79,GCF_002090295.1;protein_79,,,,,,,
GCF_910574535.1;protein_8,GCF_002128045.1;protein_8,GCF_000319675.2;protein_8,GCF_000027345.1;protein_8,GCF_000283755.1;protein_8,GCF_002127985.1;protein_8,GCF_009947205.1;protein_8,GCF_041931765.1;protein_85,GCF_040256845.1;protein_8,GCF_002128265.1;protein_8,GCF_041931565.1;protein_204,GCF_009944725.1;protein_8,GCF_002128145.1;protein_8,GCF_001558175.1;protein_8,GCF_009942155.1;protein_8,GCF_041931755.1;protein_85,GCF_001272775.1;protein_8,GCF_009939765.1;protein_8,GCF_002355715.1;protein_8,GCF_900660465.1;protein_719,GCF_002128285.1;protein_8,GCF_009944335.1;protein_8,GCF_001272755.1;protein_8,GCF_000733995.1;protein_84,GCF_002090215.1;protein_8,GCF_000319655.2;protein_8,GCF_009947575.1;protein_8,GCF_009945865.1;protein_8,GCF_009943805.1;protein_8,GCF_002090295.1;protein_8,,,,,,,
GCF_910574535.1;protein_80,GCF_002128045.1;protein_79,GCF_000319675.2;protein_79,GCF_000027345.1;protein_80,GCF_000283755.1;protein_79,GCF_002127985.1;protein_80,GCF_009947205.1;protein_80,GCF_041931765.1;protein_157,GCF_040256845.1;protein_79,GCF_002128265.1;protein_79,GCF_041931565.1;protein_276,GCF_009944725.1;protein_80,GCF_002128145.1;protein_80,GCF_001558175.1;protein_79,GCF_009942155.1;protein_79,GCF_041931755.1;protein_156,GCF_001272775.1;protein_80,GCF_009939765.1;protein_80,GCF_002355715.1;protein_79,GCF_900660465.1;protein_647,GCF_002128285.1;protein_80,GCF_009944335.1;protein_80,GCF_001272755.1;protein_80,GCF_000733995.1;protein_156,GCF_002090215.1;protein_79,GCF_000319655.2;protein_80,GCF_009947575.1;protein_80,GCF_009945865.1;protein_80,GCF_009943805.1;protein_80,GCF_002090295.1;protein_80,,,,,,,
GCF_910574535.1;protein_81,GCF_002128045.1;protein_80,GCF_000319675.2;protein_80,GCF_000027345.1;protein_81,GCF_000283755.1;protein_80,GCF_002127985.1;protein_81,GCF_009947205.1;protein_81,GCF_041931765.1;protein_158,GCF_040256845.1;protein_80,GCF_002128265.1;protein_80,GCF_041931565.1;protein_277,GCF_009944725.1;protein_81,GCF_002128145.1;protein_81,GCF_001558175.1;protein_80,GCF_009942155.1;protein_80,GCF_041931755.1;protein_157,GCF_001272775.1;protein_81,GCF_009939765.1;protein_81,GCF_002355715.1;protein_80,GCF_900660465.1;protein_646,GCF_002128285.1;protein_81,GCF_009944335.1;protein_81,GCF_001272755.1;protein_81,GCF_000733995.1;protein_157,GCF_002090215.1;protein_80,GCF_000319655.2;protein_81,GCF_009947575.1;protein_81,GCF_009945865.1;protein_81,GCF_009943805.1;protein_81,GCF_002090295.1;protein_81,,,,,,,
GCF_910574535.1;protein_82,GCF_002128045.1;protein_81,GCF_000319675.2;protein_81,GCF_000027345.1;protein_82,GCF_000283755.1;protein_81,GCF_002127985.1;protein_82,GCF_009947205.1;protein_82,GCF_041931765.1;protein_159,GCF_040256845.1;protein_81,GCF_002128265.1;protein_81,GCF_041931565.1;protein_278,GCF_009944725.1;protein_82,GCF_002128145.1;protein_82,GCF_001558175.1;protein_81,GCF_009942155.1;protein_81,GCF_041931755.1;protein_158,GCF_001272775.1;protein_82,GCF_009939765.1;protein_82,GCF_002355715.1;protein_81,GCF_900660465.1;protein_645,GCF_002128285.1;protein_82,GCF_009944335.1;protein_82,GCF_001272755.1;protein_82,GCF_000733995.1;protein_158,GCF_002090215.1;protein_81,GCF_000319655.2;protein_82,GCF_009947575.1;protein_82,GCF_009945865.1;protein_82,GCF_009943805.1;protein_82,GCF_002090295.1;protein_82,,,,,,,
GCF_910574535.1;protein_83,GCF_002128045.1;protein_82,GCF_000319675.2;protein_82,GCF_000027345.1;protein_83,GCF_000283755.1;protein_82,GCF_002127985.1;protein_83,GCF_009947205.1;protein_83,GCF_041931765.1;protein_160,GCF_040256845.1;protein_82,GCF_002128265.1;protein_82,GCF_041931565.1;protein_279,GCF_009944725.1;protein_83,GCF_002128145.1;protein_83,GCF_001558175.1;protein_82,GCF_009942155.1;protein_82,GCF_041931755.1;protein_159,GCF_001272775.1;protein_83,GCF_009939765.1;protein_83,GCF_002355715.1;protein_82,GCF_900660465.1;protein_644,GCF_002128285.1;protein_83,GCF_009944335.1;protein_83,GCF_001272755.1;protein_83,GCF_000733995.1;protein_159,GCF_002090215.1;protein_82,GCF_000319655.2;protein_83,GCF_009947575.1;protein_83,GCF_009945865.1;protein_83,GCF_009943805.1;protein_83,GCF_002090295.1;protein_83,,,,,,,
GCF_910574535.1;protein_84,GCF_002128045.1;protein_83,GCF_000319675.2;protein_83,GCF_000027345.1;protein_84,GCF_000283755.1;protein_83,GCF_002127985.1;protein_84,GCF_009947205.1;protein_84,GCF_041931765.1;protein_161,GCF_040256845.1;protein_83,GCF_002128265.1;protein_83,GCF_041931565.1;protein_280,GCF_009944725.1;protein_84,GCF_002128145.1;protein_84,GCF_001558175.1;protein_83,GCF_009942155.1;protein_83,GCF_041931755.1;protein_160,GCF_001272775.1;protein_84,GCF_009939765.1;protein_84,GCF_002355715.1;protein_83,GCF_900660465.1;protein_643,GCF_002128285.1;protein_84,GCF_009944335.1;protein_84,GCF_001272755.1;protein_84,GCF_000733995.1;protein_160,GCF_002090215.1;protein_83,GCF_000319655.2;protein_84,GCF_009947575.1;protein_84,GCF_009945865.1;protein_84,GCF_009943805.1;protein_84,GCF_002090295.1;protein_84,,,,,,,
GCF_910574535.1;protein_85,GCF_002128045.1;protein_84,GCF_000319675.2;protein_84,GCF_000027345.1;protein_85,GCF_000283755.1;protein_84,GCF_002127985.1;protein_85,GCF_009947205.1;protein_85,GCF_041931765.1;protein_162,GCF_040256845.1;protein_84,GCF_002128265.1;protein_84,GCF_041931565.1;protein_281,GCF_009944725.1;protein_85,GCF_002128145.1;protein_85,GCF_001558175.1;protein_84,GCF_009942155.1;protein_84,GCF_041931755.1;protein_161,GCF_001272775.1;protein_85,GCF_009939765.1;protein_85,GCF_002355715.1;protein_84,GCF_900660465.1;protein_642,GCF_002128285.1;protein_85,GCF_009944335.1;protein_85,GCF_001272755.1;protein_85,GCF_000733995.1;protein_161,GCF_002090215.1;protein_84,GCF_000319655.2;protein_85,GCF_009947575.1;protein_85,GCF_009945865.1;protein_85,GCF_009943805.1;protein_85,GCF_002090295.1;protein_85,,,,,,,
GCF_910574535.1;protein_86,GCF_002128045.1;protein_85,GCF_000319675.2;protein_85,GCF_000027345.1;protein_86,GCF_000283755.1;protein_85,GCF_002127985.1;protein_86,GCF_009947205.1;protein_86,GCF_041931765.1;protein_163,GCF_040256845.1;protein_85,GCF_002128265.1;protein_85,GCF_041931565.1;protein_282,GCF_009944725.1;protein_86,GCF_002128145.1;protein_86,GCF_001558175.1;protein_85,GCF_009942155.1;protein_85,GCF_041931755.1;protein_162,GCF_001272775.1;protein_86,GCF_009939765.1;protein_86,GCF_002355715.1;protein_85,GCF_900660465.1;protein_641,GCF_002128285.1;protein_86,GCF_009944335.1;protein_86,GCF_001272755.1;protein_86,GCF_000733995.1;protein_162,GCF_002090215.1;protein_85,GCF_000319655.2;protein_86,GCF_009947575.1;protein_86,GCF_009945865.1;protein_86,GCF_009943805.1;protein_86,GCF_002090295.1;protein_86,,,,,,,
GCF_910574535.1;protein_87,GCF_002128045.1;protein_86,GCF_000319675.2;protein_86,GCF_000027345.1;protein_87,GCF_000283755.1;protein_86,GCF_002127985.1;protein_87,GCF_009947205.1;protein_87,GCF_041931765.1;protein_164,GCF_040256845.1;protein_86,GCF_002128265.1;protein_86,GCF_041931565.1;protein_283,GCF_009944725.1;protein_87,GCF_002128145.1;protein_87,GCF_001558175.1;protein_86,GCF_009942155.1;protein_86,GCF_041931755.1;protein_163,GCF_001272775.1;protein_87,GCF_009939765.1;protein_87,GCF_002355715.1;protein_86,GCF_900660465.1;protein_640,GCF_002128285.1;protein_87,GCF_009944335.1;protein_87,GCF_001272755.1;protein_87,GCF_000733995.1;protein_163,GCF_002090215.1;protein_86,GCF_000319655.2;protein_87,GCF_009947575.1;protein_87,GCF_009945865.1;protein_87,GCF_009943805.1;protein_87,GCF_002090295.1;protein_87,,,,,,,
GCF_910574535.1;protein_88,GCF_002128045.1;protein_87,GCF_000319675.2;protein_87,GCF_000027345.1;protein_88,GCF_000283755.1;protein_87,GCF_002127985.1;protein_88,GCF_009947205.1;protein_88,GCF_041931765.1;protein_165,GCF_040256845.1;protein_87,GCF_002128265.1;protein_87,GCF_041931565.1;protein_284,GCF_009944725.1;protein_88,GCF_002128145.1;protein_88,GCF_001558175.1;protein_87,GCF_009942155.1;protein_87,GCF_041931755.1;protein_164,GCF_001272775.1;protein_88,GCF_009939765.1;protein_88,GCF_002355715.1;protein_87,GCF_900660465.1;protein_639,GCF_002128285.1;protein_88,GCF_009944335.1;protein_88,GCF_001272755.1;protein_88,GCF_000733995.1;protein_164,GCF_002090215.1;protein_87,GCF_000319655.2;protein_88,GCF_009947575.1;protein_88,GCF_009945865.1;protein_88,GCF_009943805.1;protein_88,GCF_002090295.1;protein_88,,,,,,,
GCF_910574535.1;protein_89,GCF_002128045.1;protein_88,GCF_000319675.2;protein_88,GCF_000027345.1;protein_89,GCF_000283755.1;protein_88,GCF_002127985.1;protein_89,GCF_009947205.1;protein_89,GCF_041931765.1;protein_166,GCF_040256845.1;protein_88,GCF_002128265.1;protein_88,GCF_041931565.1;protein_285,GCF_009944725.1;protein_89,GCF_002128145.1;protein_89,GCF_001558175.1;protein_88,GCF_009942155.1;protein_88,GCF_041931755.1;protein_165,GCF_001272775.1;protein_89,GCF_009939765.1;protein_89,GCF_002355715.1;protein_88,GCF_900660465.1;protein_638,GCF_002128285.1;protein_89,GCF_009944335.1;protein_89,GCF_001272755.1;protein_89,GCF_000733995.1;protein_165,GCF_002090215.1;protein_88,GCF_000319655.2;protein_89,GCF_009947575.1;protein_89,GCF_009945865.1;protein_89,GCF_009943805.1;protein_89,GCF_002090295.1;protein_89,,,,,,,
GCF_910574535.1;protein_9,GCF_002128045.1;protein_9,GCF_000319675.2;protein_9,GCF_000027345.1;protein_9,GCF_000283755.1;protein_9,GCF_002127985.1;protein_9,GCF_009947205.1;protein_9,GCF_041931765.1;protein_86,GCF_040256845.1;protein_9,GCF_002128265.1;protein_9,GCF_041931565.1;protein_205,GCF_009944725.1;protein_9,GCF_002128145.1;protein_9,GCF_001558175.1;protein_9,GCF_009942155.1;protein_9,GCF_041931755.1;protein_86,GCF_001272775.1;protein_9,GCF_009939765.1;protein_9,GCF_002355715.1;protein_9,GCF_900660465.1;protein_718,GCF_002128285.1;protein_9,GCF_009944335.1;protein_9,GCF_001272755.1;protein_9,GCF_000733995.1;protein_85,GCF_002090215.1;protein_9,GCF_000319655.2;protein_9,GCF_009947575.1;protein_9,GCF_009945865.1;protein_9,GCF_009943805.1;protein_9,GCF_002090295.1;protein_9,,,,,,,
GCF_910574535.1;protein_90,GCF_002128045.1;protein_89,GCF_000319675.2;protein_89,GCF_000027345.1;protein_90,GCF_000283755.1;protein_89,GCF_002127985.1;protein_90,GCF_009947205.1;protein_90,GCF_041931765.1;protein_167,GCF_040256845.1;protein_89,GCF_002128265.1;protein_89,GCF_041931565.1;protein_286,GCF_009944725.1;protein_90,GCF_002128145.1;protein_90,GCF_001558175.1;protein_89,GCF_009942155.1;protein_89,GCF_041931755.1;protein_166,GCF_001272775.1;protein_90,GCF_009939765.1;protein_90,GCF_002355715.1;protein_89,GCF_900660465.1;protein_637,GCF_002128285.1;protein_90,GCF_009944335.1;protein_90,GCF_001272755.1;protein_90,GCF_000733995.1;protein_166,GCF_002090215.1;protein_89,GCF_000319655.2;protein_90,GCF_009947575.1;protein_90,GCF_009945865.1;protein_90,GCF_009943805.1;protein_90,GCF_002090295.1;protein_90,,,,,,,
GCF_910574535.1;protein_91,GCF_002128045.1;protein_90,GCF_000319675.2;protein_90,GCF_000027345.1;protein_91,GCF_000283755.1;protein_90,GCF_002127985.1;protein_91,GCF_009947205.1;protein_91,GCF_041931765.1;protein_168,GCF_040256845.1;protein_90,GCF_002128265.1;protein_90,GCF_041931565.1;protein_287,GCF_009944725.1;protein_91,GCF_002128145.1;protein_91,GCF_001558175.1;protein_90,GCF_009942155.1;protein_90,GCF_041931755.1;protein_167,GCF_001272775.1;protein_91,GCF_009939765.1;protein_91,GCF_002355715.1;protein_90,GCF_900660465.1;protein_636,GCF_002128285.1;protein_91,GCF_009944335.1;protein_91,GCF_001272755.1;protein_91,GCF_000733995.1;protein_167,GCF_002090215.1;protein_90,GCF_000319655.2;protein_91,GCF_009947575.1;protein_91,GCF_009945865.1;protein_91,GCF_009943805.1;protein_91,GCF_002090295.1;protein_91,,,,,,,
GCF_910574535.1;protein_92,GCF_002128045.1;protein_91,GCF_000319675.2;protein_91,GCF_000027345.1;protein_92,GCF_000283755.1;protein_91,GCF_002127985.1;protein_92,GCF_009947205.1;protein_92,GCF_041931765.1;protein_169,GCF_040256845.1;protein_91,GCF_002128265.1;protein_91,GCF_041931565.1;protein_288,GCF_009944725.1;protein_92,GCF_002128145.1;protein_92,GCF_001558175.1;protein_91,GCF_009942155.1;protein_91,GCF_041931755.1;protein_168,GCF_001272775.1;protein_92,GCF_009939765.1;protein_92,GCF_002355715.1;protein_91,GCF_900660465.1;protein_635,GCF_002128285.1;protein_92,GCF_009944335.1;protein_92,GCF_001272755.1;protein_92,GCF_000733995.1;protein_168,GCF_002090215.1;protein_91,GCF_000319655.2;protein_92,GCF_009947575.1;protein_92,GCF_009945865.1;protein_92,GCF_009943805.1;protein_92,GCF_002090295.1;protein_92,,,,,,,
GCF_910574535.1;protein_93,GCF_002128045.1;protein_92,GCF_000319675.2;protein_92,GCF_000027345.1;protein_93,GCF_000283755.1;protein_92,GCF_002127985.1;protein_93,GCF_009947205.1;protein_93,GCF_041931765.1;protein_170,GCF_040256845.1;protein_92,GCF_002128265.1;protein_92,GCF_041931565.1;protein_289,GCF_009944725.1;protein_93,GCF_002128145.1;protein_93,GCF_001558175.1;protein_92,GCF_009942155.1;protein_92,GCF_041931755.1;protein_169,GCF_001272775.1;protein_93,GCF_009939765.1;protein_93,GCF_002355715.1;protein_92,GCF_900660465.1;protein_634,GCF_002128285.1;protein_93,GCF_009944335.1;protein_93,GCF_001272755.1;protein_93,GCF_000733995.1;protein_169,GCF_002090215.1;protein_92,GCF_000319655.2;protein_93,GCF_009947575.1;protein_93,GCF_009945865.1;protein_93,GCF_009943805.1;protein_93,GCF_002090295.1;protein_93,,,,,,,
GCF_910574535.1;protein_94,GCF_002128045.1;protein_93,GCF_000319675.2;protein_93,GCF_000027345.1;protein_94,GCF_000283755.1;protein_93,GCF_002127985.1;protein_94,GCF_009947205.1;protein_94,GCF_041931765.1;protein_171,GCF_040256845.1;protein_93,GCF_002128265.1;protein_93,GCF_041931565.1;protein_290,GCF_009944725.1;protein_94,GCF_002128145.1;protein_94,GCF_001558175.1;protein_93,GCF_009942155.1;protein_93,GCF_041931755.1;protein_170,GCF_001272775.1;protein_94,GCF_009939765.1;protein_94,GCF_002355715.1;protein_93,GCF_900660465.1;protein_633,GCF_002128285.1;protein_94,GCF_009944335.1;protein_94,GCF_001272755.1;protein_94,GCF_000733995.1;protein_170,GCF_002090215.1;protein_93,GCF_000319655.2;protein_94,GCF_009947575.1;protein_94,GCF_009945865.1;protein_94,GCF_009943805.1;protein_94,GCF_002090295.1;protein_94,,,,,,,
GCF_001272755.1;protein_95,GCF_041931565.1;protein_291,GCF_009945865.1;protein_95,GCF_001272775.1;protein_95,,GCF_041931765.1;protein_172,GCF_009947575.1;protein_95,GCF_009943805.1;protein_95,GCF_001558175.1;protein_94,GCF_002128285.1;protein_95,GCF_000283755.1;protein_94,GCF_000733995.1;protein_171,GCF_000027345.1;protein_95,GCF_041931755.1;protein_171,GCF_000319675.2;protein_94,GCF_009947205.1;protein_95,GCF_002127985.1;protein_95,GCF_910574535.1;protein_95,GCF_002355715.1;protein_94,GCF_040256845.1;protein_309,GCF_009944725.1;protein_95,GCF_002128265.1;protein_94,GCF_002090295.1;protein_95,GCF_002128045.1;protein_94,GCF_000319655.2;protein_95,GCF_009939765.1;protein_95,GCF_900660465.1;protein_632,GCF_009944335.1;protein_95,GCF_040256845.1;protein_94,GCF_002128145.1;protein_95,GCF_002090215.1;protein_94,GCF_009942155.1;protein_94,,,,,
GCF_910574535.1;protein_96,GCF_002128045.1;protein_95,GCF_000319675.2;protein_95,GCF_000027345.1;protein_96,GCF_000283755.1;protein_95,GCF_002127985.1;protein_96,GCF_009947205.1;protein_96,GCF_041931765.1;protein_173,GCF_040256845.1;protein_95,GCF_002128265.1;protein_95,GCF_041931565.1;protein_292,GCF_009944725.1;protein_96,GCF_002128145.1;protein_96,GCF_001558175.1;protein_95,GCF_009942155.1;protein_95,GCF_041931755.1;protein_172,GCF_001272775.1;protein_96,GCF_009939765.1;protein_96,GCF_002355715.1;protein_95,GCF_900660465.1;protein_631,GCF_002128285.1;protein_96,GCF_009944335.1;protein_96,GCF_001272755.1;protein_96,GCF_000733995.1;protein_172,GCF_002090215.1;protein_95,GCF_000319655.2;protein_96,GCF_009947575.1;protein_96,GCF_009945865.1;protein_96,GCF_009943805.1;protein_96,GCF_002090295.1;protein_96,,,,,,,
GCF_041931565.1;protein_0,,,,,,,,,,,,,,,,,,,,,,,,,,,,,,,,,,,,
GCF_041931565.1;protein_3,,,,,,,,,,,,,,,,,,,,,,,,,,,,,,,,,,,,
GCF_041931565.1;protein_4,,,,,,,,,,,,,,,,,,,,,,,,,,,,,,,,,,,,
GCF_041931565.1;protein_293,,,,,,,,,,,,,,,,,,,,,,,,,,,,,,,,,,,,
GCF_041931565.1;protein_294,,,,,,,,,,,,,,,,,,,,,,,,,,,,,,,,,,,,
GCF_041931565.1;protein_296,,,,,,,,,,,,,,,,,,,,,,,,,,,,,,,,,,,,
GCF_041931565.1;protein_300,,,,,,,,,,,,,,,,,,,,,,,,,,,,,,,,,,,,
GCF_041931565.1;protein_301,,,,,,,,,,,,,,,,,,,,,,,,,,,,,,,,,,,,
GCF_041931565.1;protein_302,,,,,,,,,,,,,,,,,,,,,,,,,,,,,,,,,,,,
GCF_041931565.1;protein_303,,,,,,,,,,,,,,,,,,,,,,,,,,,,,,,,,,,,
GCF_041931565.1;protein_311,,,,,,,,,,,,,,,,,,,,,,,,,,,,,,,,,,,,
GCF_041931565.1;protein_315,,,,,,,,,,,,,,,,,,,,,,,,,,,,,,,,,,,,
GCF_041931565.1;protein_338,,,,,,,,,,,,,,,,,,,,,,,,,,,,,,,,,,,,
GCF_041931565.1;protein_339,,,,,,,,,,,,,,,,,,,,,,,,,,,,,,,,,,,,
GCF_041931565.1;protein_353,,,,,,,,,,,,,,,,,,,,,,,,,,,,,,,,,,,,
GCF_041931565.1;protein_356,,,,,,,,,,,,,,,,,,,,,,,,,,,,,,,,,,,,
GCF_041931565.1;protein_357,,,,,,,,,,,,,,,,,,,,,,,,,,,,,,,,,,,,
GCF_041931565.1;protein_415,,,,,,,,,,,,,,,,,,,,,,,,,,,,,,,,,,,,
GCF_041931565.1;protein_416,,,,,,,,,,,,,,,,,,,,,,,,,,,,,,,,,,,,
GCF_041931565.1;protein_581,,,,,,,,,,,,,,,,,,,,,,,,,,,,,,,,,,,,
GCF_041931565.1;protein_582,,,,,,,,,,,,,,,,,,,,,,,,,,,,,,,,,,,,
GCF_041931565.1;protein_585,,,,,,,,,,,,,,,,,,,,,,,,,,,,,,,,,,,,
GCF_041931565.1;protein_625,,,,,,,,,,,,,,,,,,,,,,,,,,,,,,,,,,,,
GCF_041931565.1;protein_626,,,,,,,,,,,,,,,,,,,,,,,,,,,,,,,,,,,,
GCF_041931565.1;protein_629,,,,,,,,,,,,,,,,,,,,,,,,,,,,,,,,,,,,
GCF_041931565.1;protein_675,,,,,,,,,,,,,,,,,,,,,,,,,,,,,,,,,,,,
GCF_041931565.1;protein_676,,,,,,,,,,,,,,,,,,,,,,,,,,,,,,,,,,,,
GCF_041931565.1;protein_677,,,,,,,,,,,,,,,,,,,,,,,,,,,,,,,,,,,,
GCF_041931565.1;protein_678,,,,,,,,,,,,,,,,,,,,,,,,,,,,,,,,,,,,
GCF_041931565.1;protein_679,,,,,,,,,,,,,,,,,,,,,,,,,,,,,,,,,,,,
GCF_041931565.1;protein_712,,,,,,,,,,,,,,,,,,,,,,,,,,,,,,,,,,,,
GCF_041931565.1;protein_713,,,,,,,,,,,,,,,,,,,,,,,,,,,,,,,,,,,,
GCF_041931565.1;protein_715,,,,,,,,,,,,,,,,,,,,,,,,,,,,,,,,,,,,
GCF_002355715.1;protein_96,,,,,,,,,,,,,,,,,,,,,,,,,,,,,,,,,,,,
GCF_002355715.1;protein_99,,,,,,,,,,,,,,,,,,,,,,,,,,,,,,,,,,,,
GCF_002355715.1;protein_103,,,,,,,,,,,,,,,,,,,,,,,,,,,,,,,,,,,,
GCF_002355715.1;protein_104,,,,,,,,,,,,,,,,,,,,,,,,,,,,,,,,,,,,
GCF_002355715.1;protein_105,,,,,,,,,,,,,,,,,,,,,,,,,,,,,,,,,,,,
GCF_002355715.1;protein_106,,,,,,,,,,,,,,,,,,,,,,,,,,,,,,,,,,,,
GCF_002355715.1;protein_115,,,,,,,,,,,,,,,,,,,,,,,,,,,,,,,,,,,,
GCF_002355715.1;protein_120,,,,,,,,,,,,,,,,,,,,,,,,,,,,,,,,,,,,
GCF_002355715.1;protein_142,,,,,,,,,,,,,,,,,,,,,,,,,,,,,,,,,,,,
GCF_002355715.1;protein_143,,,,,,,,,,,,,,,,,,,,,,,,,,,,,,,,,,,,
GCF_002355715.1;protein_161,,,,,,,,,,,,,,,,,,,,,,,,,,,,,,,,,,,,
GCF_002355715.1;protein_162,,,,,,,,,,,,,,,,,,,,,,,,,,,,,,,,,,,,
GCF_002355715.1;protein_220,,,,,,,,,,,,,,,,,,,,,,,,,,,,,,,,,,,,
GCF_002355715.1;protein_221,,,,,,,,,,,,,,,,,,,,,,,,,,,,,,,,,,,,
GCF_002355715.1;protein_222,,,,,,,,,,,,,,,,,,,,,,,,,,,,,,,,,,,,
GCF_002355715.1;protein_288,,,,,,,,,,,,,,,,,,,,,,,,,,,,,,,,,,,,
GCF_002355715.1;protein_386,,,,,,,,,,,,,,,,,,,,,,,,,,,,,,,,,,,,
GCF_002355715.1;protein_389,,,,,,,,,,,,,,,,,,,,,,,,,,,,,,,,,,,,
GCF_002355715.1;protein_390,,,,,,,,,,,,,,,,,,,,,,,,,,,,,,,,,,,,
GCF_002355715.1;protein_431,,,,,,,,,,,,,,,,,,,,,,,,,,,,,,,,,,,,
GCF_002355715.1;protein_432,,,,,,,,,,,,,,,,,,,,,,,,,,,,,,,,,,,,
GCF_002355715.1;protein_433,,,,,,,,,,,,,,,,,,,,,,,,,,,,,,,,,,,,
GCF_002355715.1;protein_436,,,,,,,,,,,,,,,,,,,,,,,,,,,,,,,,,,,,
GCF_002355715.1;protein_483,,,,,,,,,,,,,,,,,,,,,,,,,,,,,,,,,,,,
GCF_002355715.1;protein_484,,,,,,,,,,,,,,,,,,,,,,,,,,,,,,,,,,,,
GCF_002355715.1;protein_485,,,,,,,,,,,,,,,,,,,,,,,,,,,,,,,,,,,,
GCF_002355715.1;protein_486,,,,,,,,,,,,,,,,,,,,,,,,,,,,,,,,,,,,
GCF_002355715.1;protein_487,,,,,,,,,,,,,,,,,,,,,,,,,,,,,,,,,,,,
GCF_002355715.1;protein_520,,,,,,,,,,,,,,,,,,,,,,,,,,,,,,,,,,,,
GCF_002355715.1;protein_521,,,,,,,,,,,,,,,,,,,,,,,,,,,,,,,,,,,,
GCF_002355715.1;protein_523,,,,,,,,,,,,,,,,,,,,,,,,,,,,,,,,,,,,
GCF_002355715.1;protein_524,,,,,,,,,,,,,,,,,,,,,,,,,,,,,,,,,,,,
GCF_002355715.1;protein_527,,,,,,,,,,,,,,,,,,,,,,,,,,,,,,,,,,,,
GCF_002355715.1;protein_528,,,,,,,,,,,,,,,,,,,,,,,,,,,,,,,,,,,,
GCF_002090295.1;protein_97,,,,,,,,,,,,,,,,,,,,,,,,,,,,,,,,,,,,
GCF_002090295.1;protein_100,,,,,,,,,,,,,,,,,,,,,,,,,,,,,,,,,,,,
GCF_002090295.1;protein_104,,,,,,,,,,,,,,,,,,,,,,,,,,,,,,,,,,,,
GCF_002090295.1;protein_105,,,,,,,,,,,,,,,,,,,,,,,,,,,,,,,,,,,,
GCF_002090295.1;protein_106,,,,,,,,,,,,,,,,,,,,,,,,,,,,,,,,,,,,
GCF_002090295.1;protein_107,,,,,,,,,,,,,,,,,,,,,,,,,,,,,,,,,,,,
GCF_002090295.1;protein_115,,,,,,,,,,,,,,,,,,,,,,,,,,,,,,,,,,,,
GCF_002090295.1;protein_120,,,,,,,,,,,,,,,,,,,,,,,,,,,,,,,,,,,,
GCF_002090295.1;protein_143,,,,,,,,,,,,,,,,,,,,,,,,,,,,,,,,,,,,
GCF_002090295.1;protein_144,,,,,,,,,,,,,,,,,,,,,,,,,,,,,,,,,,,,
GCF_002090295.1;protein_158,,,,,,,,,,,,,,,,,,,,,,,,,,,,,,,,,,,,
GCF_002090295.1;protein_161,,,,,,,,,,,,,,,,,,,,,,,,,,,,,,,,,,,,
GCF_002090295.1;protein_162,,,,,,,,,,,,,,,,,,,,,,,,,,,,,,,,,,,,
GCF_002090295.1;protein_220,,,,,,,,,,,,,,,,,,,,,,,,,,,,,,,,,,,,
GCF_002090295.1;protein_221,,,,,,,,,,,,,,,,,,,,,,,,,,,,,,,,,,,,
GCF_002090295.1;protein_287,,,,,,,,,,,,,,,,,,,,,,,,,,,,,,,,,,,,
GCF_002090295.1;protein_387,,,,,,,,,,,,,,,,,,,,,,,,,,,,,,,,,,,,
GCF_002090295.1;protein_430,,,,,,,,,,,,,,,,,,,,,,,,,,,,,,,,,,,,
GCF_002090295.1;protein_431,,,,,,,,,,,,,,,,,,,,,,,,,,,,,,,,,,,,
GCF_002090295.1;protein_434,,,,,,,,,,,,,,,,,,,,,,,,,,,,,,,,,,,,
GCF_002090295.1;protein_480,,,,,,,,,,,,,,,,,,,,,,,,,,,,,,,,,,,,
GCF_002090295.1;protein_482,,,,,,,,,,,,,,,,,,,,,,,,,,,,,,,,,,,,
GCF_002090295.1;protein_483,,,,,,,,,,,,,,,,,,,,,,,,,,,,,,,,,,,,
GCF_002090295.1;protein_484,,,,,,,,,,,,,,,,,,,,,,,,,,,,,,,,,,,,
GCF_002090295.1;protein_517,,,,,,,,,,,,,,,,,,,,,,,,,,,,,,,,,,,,
GCF_002090295.1;protein_518,,,,,,,,,,,,,,,,,,,,,,,,,,,,,,,,,,,,
GCF_002090295.1;protein_520,,,,,,,,,,,,,,,,,,,,,,,,,,,,,,,,,,,,
GCF_002090295.1;protein_521,,,,,,,,,,,,,,,,,,,,,,,,,,,,,,,,,,,,
GCF_002090295.1;protein_524,,,,,,,,,,,,,,,,,,,,,,,,,,,,,,,,,,,,
GCF_002090295.1;protein_525,,,,,,,,,,,,,,,,,,,,,,,,,,,,,,,,,,,,
GCF_002090295.1;protein_643,,,,,,,,,,,,,,,,,,,,,,,,,,,,,,,,,,,,
GCF_041931765.1;protein_174,,,,,,,,,,,,,,,,,,,,,,,,,,,,,,,,,,,,
GCF_041931765.1;protein_177,,,,,,,,,,,,,,,,,,,,,,,,,,,,,,,,,,,,
GCF_041931765.1;protein_181,,,,,,,,,,,,,,,,,,,,,,,,,,,,,,,,,,,,
GCF_041931765.1;protein_182,,,,,,,,,,,,,,,,,,,,,,,,,,,,,,,,,,,,
GCF_041931765.1;protein_183,,,,,,,,,,,,,,,,,,,,,,,,,,,,,,,,,,,,
GCF_041931765.1;protein_184,,,,,,,,,,,,,,,,,,,,,,,,,,,,,,,,,,,,
GCF_041931765.1;protein_192,,,,,,,,,,,,,,,,,,,,,,,,,,,,,,,,,,,,
GCF_041931765.1;protein_197,,,,,,,,,,,,,,,,,,,,,,,,,,,,,,,,,,,,
GCF_041931765.1;protein_221,,,,,,,,,,,,,,,,,,,,,,,,,,,,,,,,,,,,
GCF_041931765.1;protein_238,,,,,,,,,,,,,,,,,,,,,,,,,,,,,,,,,,,,
GCF_041931765.1;protein_241,,,,,,,,,,,,,,,,,,,,,,,,,,,,,,,,,,,,
GCF_041931765.1;protein_242,,,,,,,,,,,,,,,,,,,,,,,,,,,,,,,,,,,,
GCF_041931765.1;protein_300,,,,,,,,,,,,,,,,,,,,,,,,,,,,,,,,,,,,
GCF_041931765.1;protein_301,,,,,,,,,,,,,,,,,,,,,,,,,,,,,,,,,,,,
GCF_041931765.1;protein_466,,,,,,,,,,,,,,,,,,,,,,,,,,,,,,,,,,,,
GCF_041931765.1;protein_467,,,,,,,,,,,,,,,,,,,,,,,,,,,,,,,,,,,,
GCF_041931765.1;protein_510,,,,,,,,,,,,,,,,,,,,,,,,,,,,,,,,,,,,
GCF_041931765.1;protein_511,,,,,,,,,,,,,,,,,,,,,,,,,,,,,,,,,,,,
GCF_041931765.1;protein_514,,,,,,,,,,,,,,,,,,,,,,,,,,,,,,,,,,,,
GCF_041931765.1;protein_560,,,,,,,,,,,,,,,,,,,,,,,,,,,,,,,,,,,,
GCF_041931765.1;protein_562,,,,,,,,,,,,,,,,,,,,,,,,,,,,,,,,,,,,
GCF_041931765.1;protein_563,,,,,,,,,,,,,,,,,,,,,,,,,,,,,,,,,,,,
GCF_041931765.1;protein_564,,,,,,,,,,,,,,,,,,,,,,,,,,,,,,,,,,,,
GCF_041931765.1;protein_598,,,,,,,,,,,,,,,,,,,,,,,,,,,,,,,,,,,,
GCF_041931765.1;protein_600,,,,,,,,,,,,,,,,,,,,,,,,,,,,,,,,,,,,
GCF_041931765.1;protein_601,,,,,,,,,,,,,,,,,,,,,,,,,,,,,,,,,,,,
GCF_041931765.1;protein_604,,,,,,,,,,,,,,,,,,,,,,,,,,,,,,,,,,,,
GCF_041931765.1;protein_605,,,,,,,,,,,,,,,,,,,,,,,,,,,,,,,,,,,,
GCF_001558175.1;protein_96,,,,,,,,,,,,,,,,,,,,,,,,,,,,,,,,,,,,
GCF_001558175.1;protein_99,,,,,,,,,,,,,,,,,,,,,,,,,,,,,,,,,,,,
GCF_001558175.1;protein_103,,,,,,,,,,,,,,,,,,,,,,,,,,,,,,,,,,,,
GCF_001558175.1;protein_104,,,,,,,,,,,,,,,,,,,,,,,,,,,,,,,,,,,,
GCF_001558175.1;protein_105,,,,,,,,,,,,,,,,,,,,,,,,,,,,,,,,,,,,
GCF_001558175.1;protein_106,,,,,,,,,,,,,,,,,,,,,,,,,,,,,,,,,,,,
GCF_001558175.1;protein_115,,,,,,,,,,,,,,,,,,,,,,,,,,,,,,,,,,,,
GCF_001558175.1;protein_119,,,,,,,,,,,,,,,,,,,,,,,,,,,,,,,,,,,,
GCF_001558175.1;protein_142,,,,,,,,,,,,,,,,,,,,,,,,,,,,,,,,,,,,
GCF_001558175.1;protein_143,,,,,,,,,,,,,,,,,,,,,,,,,,,,,,,,,,,,
GCF_001558175.1;protein_153,,,,,,,,,,,,,,,,,,,,,,,,,,,,,,,,,,,,
GCF_001558175.1;protein_156,,,,,,,,,,,,,,,,,,,,,,,,,,,,,,,,,,,,
GCF_001558175.1;protein_157,,,,,,,,,,,,,,,,,,,,,,,,,,,,,,,,,,,,
GCF_001558175.1;protein_161,,,,,,,,,,,,,,,,,,,,,,,,,,,,,,,,,,,,
GCF_001558175.1;protein_164,,,,,,,,,,,,,,,,,,,,,,,,,,,,,,,,,,,,
GCF_001558175.1;protein_165,,,,,,,,,,,,,,,,,,,,,,,,,,,,,,,,,,,,
GCF_001558175.1;protein_223,,,,,,,,,,,,,,,,,,,,,,,,,,,,,,,,,,,,
GCF_001558175.1;protein_224,,,,,,,,,,,,,,,,,,,,,,,,,,,,,,,,,,,,
GCF_001558175.1;protein_389,,,,,,,,,,,,,,,,,,,,,,,,,,,,,,,,,,,,
GCF_001558175.1;protein_433,,,,,,,,,,,,,,,,,,,,,,,,,,,,,,,,,,,,
GCF_001558175.1;protein_434,,,,,,,,,,,,,,,,,,,,,,,,,,,,,,,,,,,,
GCF_001558175.1;protein_437,,,,,,,,,,,,,,,,,,,,,,,,,,,,,,,,,,,,
GCF_001558175.1;protein_483,,,,,,,,,,,,,,,,,,,,,,,,,,,,,,,,,,,,
GCF_001558175.1;protein_485,,,,,,,,,,,,,,,,,,,,,,,,,,,,,,,,,,,,
GCF_001558175.1;protein_486,,,,,,,,,,,,,,,,,,,,,,,,,,,,,,,,,,,,
GCF_001558175.1;protein_487,,,,,,,,,,,,,,,,,,,,,,,,,,,,,,,,,,,,
GCF_001558175.1;protein_520,,,,,,,,,,,,,,,,,,,,,,,,,,,,,,,,,,,,
GCF_001558175.1;protein_521,,,,,,,,,,,,,,,,,,,,,,,,,,,,,,,,,,,,
GCF_001558175.1;protein_523,,,,,,,,,,,,,,,,,,,,,,,,,,,,,,,,,,,,
GCF_001558175.1;protein_524,,,,,,,,,,,,,,,,,,,,,,,,,,,,,,,,,,,,
GCF_001558175.1;protein_527,,,,,,,,,,,,,,,,,,,,,,,,,,,,,,,,,,,,
GCF_001558175.1;protein_528,,,,,,,,,,,,,,,,,,,,,,,,,,,,,,,,,,,,
GCF_000319675.2;protein_96,,,,,,,,,,,,,,,,,,,,,,,,,,,,,,,,,,,,
GCF_000319675.2;protein_99,,,,,,,,,,,,,,,,,,,,,,,,,,,,,,,,,,,,
GCF_000319675.2;protein_103,,,,,,,,,,,,,,,,,,,,,,,,,,,,,,,,,,,,
GCF_000319675.2;protein_104,,,,,,,,,,,,,,,,,,,,,,,,,,,,,,,,,,,,
GCF_000319675.2;protein_105,,,,,,,,,,,,,,,,,,,,,,,,,,,,,,,,,,,,
GCF_000319675.2;protein_106,,,,,,,,,,,,,,,,,,,,,,,,,,,,,,,,,,,,
GCF_000319675.2;protein_115,,,,,,,,,,,,,,,,,,,,,,,,,,,,,,,,,,,,
GCF_000319675.2;protein_119,,,,,,,,,,,,,,,,,,,,,,,,,,,,,,,,,,,,
GCF_000319675.2;protein_142,,,,,,,,,,,,,,,,,,,,,,,,,,,,,,,,,,,,
GCF_000319675.2;protein_143,,,,,,,,,,,,,,,,,,,,,,,,,,,,,,,,,,,,
GCF_000319675.2;protein_157,,,,,,,,,,,,,,,,,,,,,,,,,,,,,,,,,,,,
GCF_000319675.2;protein_160,,,,,,,,,,,,,,,,,,,,,,,,,,,,,,,,,,,,
GCF_000319675.2;protein_161,,,,,,,,,,,,,,,,,,,,,,,,,,,,,,,,,,,,
GCF_000319675.2;protein_219,,,,,,,,,,,,,,,,,,,,,,,,,,,,,,,,,,,,
GCF_000319675.2;protein_220,,,,,,,,,,,,,,,,,,,,,,,,,,,,,,,,,,,,
GCF_000319675.2;protein_303,,,,,,,,,,,,,,,,,,,,,,,,,,,,,,,,,,,,
GCF_000319675.2;protein_386,,,,,,,,,,,,,,,,,,,,,,,,,,,,,,,,,,,,
GCF_000319675.2;protein_430,,,,,,,,,,,,,,,,,,,,,,,,,,,,,,,,,,,,
GCF_000319675.2;protein_431,,,,,,,,,,,,,,,,,,,,,,,,,,,,,,,,,,,,
GCF_000319675.2;protein_434,,,,,,,,,,,,,,,,,,,,,,,,,,,,,,,,,,,,
GCF_000319675.2;protein_480,,,,,,,,,,,,,,,,,,,,,,,,,,,,,,,,,,,,
GCF_000319675.2;protein_482,,,,,,,,,,,,,,,,,,,,,,,,,,,,,,,,,,,,
GCF_000319675.2;protein_483,,,,,,,,,,,,,,,,,,,,,,,,,,,,,,,,,,,,
GCF_000319675.2;protein_484,,,,,,,,,,,,,,,,,,,,,,,,,,,,,,,,,,,,
GCF_000319675.2;protein_517,,,,,,,,,,,,,,,,,,,,,,,,,,,,,,,,,,,,
GCF_000319675.2;protein_518,,,,,,,,,,,,,,,,,,,,,,,,,,,,,,,,,,,,
GCF_000319675.2;protein_520,,,,,,,,,,,,,,,,,,,,,,,,,,,,,,,,,,,,
GCF_000319675.2;protein_521,,,,,,,,,,,,,,,,,,,,,,,,,,,,,,,,,,,,
GCF_000319675.2;protein_524,,,,,,,,,,,,,,,,,,,,,,,,,,,,,,,,,,,,
GCF_000319675.2;protein_525,,,,,,,,,,,,,,,,,,,,,,,,,,,,,,,,,,,,
GCF_009945865.1;protein_97,,,,,,,,,,,,,,,,,,,,,,,,,,,,,,,,,,,,
GCF_009945865.1;protein_98,,,,,,,,,,,,,,,,,,,,,,,,,,,,,,,,,,,,
GCF_009945865.1;protein_101,,,,,,,,,,,,,,,,,,,,,,,,,,,,,,,,,,,,
GCF_009945865.1;protein_105,,,,,,,,,,,,,,,,,,,,,,,,,,,,,,,,,,,,
GCF_009945865.1;protein_106,,,,,,,,,,,,,,,,,,,,,,,,,,,,,,,,,,,,
GCF_009945865.1;protein_107,,,,,,,,,,,,,,,,,,,,,,,,,,,,,,,,,,,,
GCF_009945865.1;protein_108,,,,,,,,,,,,,,,,,,,,,,,,,,,,,,,,,,,,
GCF_009945865.1;protein_117,,,,,,,,,,,,,,,,,,,,,,,,,,,,,,,,,,,,
GCF_009945865.1;protein_122,,,,,,,,,,,,,,,,,,,,,,,,,,,,,,,,,,,,
GCF_009945865.1;protein_144,,,,,,,,,,,,,,,,,,,,,,,,,,,,,,,,,,,,
GCF_009945865.1;protein_145,,,,,,,,,,,,,,,,,,,,,,,,,,,,,,,,,,,,
GCF_009945865.1;protein_163,,,,,,,,,,,,,,,,,,,,,,,,,,,,,,,,,,,,
GCF_009945865.1;protein_164,,,,,,,,,,,,,,,,,,,,,,,,,,,,,,,,,,,,
GCF_009945865.1;protein_222,,,,,,,,,,,,,,,,,,,,,,,,,,,,,,,,,,,,
GCF_009945865.1;protein_223,,,,,,,,,,,,,,,,,,,,,,,,,,,,,,,,,,,,
GCF_009945865.1;protein_224,,,,,,,,,,,,,,,,,,,,,,,,,,,,,,,,,,,,
GCF_009945865.1;protein_290,,,,,,,,,,,,,,,,,,,,,,,,,,,,,,,,,,,,
GCF_009945865.1;protein_391,,,,,,,,,,,,,,,,,,,,,,,,,,,,,,,,,,,,
GCF_009945865.1;protein_392,,,,,,,,,,,,,,,,,,,,,,,,,,,,,,,,,,,,
GCF_009945865.1;protein_433,,,,,,,,,,,,,,,,,,,,,,,,,,,,,,,,,,,,
GCF_009945865.1;protein_434,,,,,,,,,,,,,,,,,,,,,,,,,,,,,,,,,,,,
GCF_009945865.1;protein_435,,,,,,,,,,,,,,,,,,,,,,,,,,,,,,,,,,,,
GCF_009945865.1;protein_438,,,,,,,,,,,,,,,,,,,,,,,,,,,,,,,,,,,,
GCF_009945865.1;protein_484,,,,,,,,,,,,,,,,,,,,,,,,,,,,,,,,,,,,
GCF_009945865.1;protein_485,,,,,,,,,,,,,,,,,,,,,,,,,,,,,,,,,,,,
GCF_009945865.1;protein_486,,,,,,,,,,,,,,,,,,,,,,,,,,,,,,,,,,,,
GCF_009945865.1;protein_487,,,,,,,,,,,,,,,,,,,,,,,,,,,,,,,,,,,,
GCF_009945865.1;protein_488,,,,,,,,,,,,,,,,,,,,,,,,,,,,,,,,,,,,
GCF_009945865.1;protein_521,,,,,,,,,,,,,,,,,,,,,,,,,,,,,,,,,,,,
GCF_009945865.1;protein_522,,,,,,,,,,,,,,,,,,,,,,,,,,,,,,,,,,,,
GCF_009945865.1;protein_524,,,,,,,,,,,,,,,,,,,,,,,,,,,,,,,,,,,,
GCF_009945865.1;protein_525,,,,,,,,,,,,,,,,,,,,,,,,,,,,,,,,,,,,
GCF_009945865.1;protein_528,,,,,,,,,,,,,,,,,,,,,,,,,,,,,,,,,,,,
GCF_009945865.1;protein_529,,,,,,,,,,,,,,,,,,,,,,,,,,,,,,,,,,,,
GCF_009944725.1;protein_97,,,,,,,,,,,,,,,,,,,,,,,,,,,,,,,,,,,,
GCF_009944725.1;protein_100,,,,,,,,,,,,,,,,,,,,,,,,,,,,,,,,,,,,
GCF_009944725.1;protein_104,,,,,,,,,,,,,,,,,,,,,,,,,,,,,,,,,,,,
GCF_009944725.1;protein_105,,,,,,,,,,,,,,,,,,,,,,,,,,,,,,,,,,,,
GCF_009944725.1;protein_106,,,,,,,,,,,,,,,,,,,,,,,,,,,,,,,,,,,,
GCF_009944725.1;protein_107,,,,,,,,,,,,,,,,,,,,,,,,,,,,,,,,,,,,
GCF_009944725.1;protein_116,,,,,,,,,,,,,,,,,,,,,,,,,,,,,,,,,,,,
GCF_009944725.1;protein_121,,,,,,,,,,,,,,,,,,,,,,,,,,,,,,,,,,,,
GCF_009944725.1;protein_143,,,,,,,,,,,,,,,,,,,,,,,,,,,,,,,,,,,,
GCF_009944725.1;protein_144,,,,,,,,,,,,,,,,,,,,,,,,,,,,,,,,,,,,
GCF_009944725.1;protein_162,,,,,,,,,,,,,,,,,,,,,,,,,,,,,,,,,,,,
GCF_009944725.1;protein_163,,,,,,,,,,,,,,,,,,,,,,,,,,,,,,,,,,,,
GCF_009944725.1;protein_221,,,,,,,,,,,,,,,,,,,,,,,,,,,,,,,,,,,,
GCF_009944725.1;protein_222,,,,,,,,,,,,,,,,,,,,,,,,,,,,,,,,,,,,
GCF_009944725.1;protein_223,,,,,,,,,,,,,,,,,,,,,,,,,,,,,,,,,,,,
GCF_009944725.1;protein_289,,,,,,,,,,,,,,,,,,,,,,,,,,,,,,,,,,,,
GCF_009944725.1;protein_390,,,,,,,,,,,,,,,,,,,,,,,,,,,,,,,,,,,,
GCF_009944725.1;protein_392,,,,,,,,,,,,,,,,,,,,,,,,,,,,,,,,,,,,
GCF_009944725.1;protein_433,,,,,,,,,,,,,,,,,,,,,,,,,,,,,,,,,,,,
GCF_009944725.1;protein_434,,,,,,,,,,,,,,,,,,,,,,,,,,,,,,,,,,,,
GCF_009944725.1;protein_435,,,,,,,,,,,,,,,,,,,,,,,,,,,,,,,,,,,,
GCF_009944725.1;protein_438,,,,,,,,,,,,,,,,,,,,,,,,,,,,,,,,,,,,
GCF_009944725.1;protein_484,,,,,,,,,,,,,,,,,,,,,,,,,,,,,,,,,,,,
GCF_009944725.1;protein_485,,,,,,,,,,,,,,,,,,,,,,,,,,,,,,,,,,,,
GCF_009944725.1;protein_486,,,,,,,,,,,,,,,,,,,,,,,,,,,,,,,,,,,,
GCF_009944725.1;protein_487,,,,,,,,,,,,,,,,,,,,,,,,,,,,,,,,,,,,
GCF_009944725.1;protein_488,,,,,,,,,,,,,,,,,,,,,,,,,,,,,,,,,,,,
GCF_009944725.1;protein_521,,,,,,,,,,,,,,,,,,,,,,,,,,,,,,,,,,,,
GCF_009944725.1;protein_522,,,,,,,,,,,,,,,,,,,,,,,,,,,,,,,,,,,,
GCF_009944725.1;protein_524,,,,,,,,,,,,,,,,,,,,,,,,,,,,,,,,,,,,
GCF_009944725.1;protein_525,,,,,,,,,,,,,,,,,,,,,,,,,,,,,,,,,,,,
GCF_009944725.1;protein_528,,,,,,,,,,,,,,,,,,,,,,,,,,,,,,,,,,,,
GCF_009944725.1;protein_529,,,,,,,,,,,,,,,,,,,,,,,,,,,,,,,,,,,,
GCF_000027345.1;protein_97,,,,,,,,,,,,,,,,,,,,,,,,,,,,,,,,,,,,
GCF_000027345.1;protein_100,,,,,,,,,,,,,,,,,,,,,,,,,,,,,,,,,,,,
GCF_000027345.1;protein_105,,,,,,,,,,,,,,,,,,,,,,,,,,,,,,,,,,,,
GCF_000027345.1;protein_106,,,,,,,,,,,,,,,,,,,,,,,,,,,,,,,,,,,,
GCF_000027345.1;protein_107,,,,,,,,,,,,,,,,,,,,,,,,,,,,,,,,,,,,
GCF_000027345.1;protein_108,,,,,,,,,,,,,,,,,,,,,,,,,,,,,,,,,,,,
GCF_000027345.1;protein_116,,,,,,,,,,,,,,,,,,,,,,,,,,,,,,,,,,,,
GCF_000027345.1;protein_120,,,,,,,,,,,,,,,,,,,,,,,,,,,,,,,,,,,,
GCF_000027345.1;protein_137,,,,,,,,,,,,,,,,,,,,,,,,,,,,,,,,,,,,
GCF_000027345.1;protein_138,,,,,,,,,,,,,,,,,,,,,,,,,,,,,,,,,,,,
GCF_000027345.1;protein_144,,,,,,,,,,,,,,,,,,,,,,,,,,,,,,,,,,,,
GCF_000027345.1;protein_145,,,,,,,,,,,,,,,,,,,,,,,,,,,,,,,,,,,,
GCF_000027345.1;protein_159,,,,,,,,,,,,,,,,,,,,,,,,,,,,,,,,,,,,
GCF_000027345.1;protein_162,,,,,,,,,,,,,,,,,,,,,,,,,,,,,,,,,,,,
GCF_000027345.1;protein_163,,,,,,,,,,,,,,,,,,,,,,,,,,,,,,,,,,,,
GCF_000027345.1;protein_215,,,,,,,,,,,,,,,,,,,,,,,,,,,,,,,,,,,,
GCF_000027345.1;protein_222,,,,,,,,,,,,,,,,,,,,,,,,,,,,,,,,,,,,
GCF_000027345.1;protein_223,,,,,,,,,,,,,,,,,,,,,,,,,,,,,,,,,,,,
GCF_000027345.1;protein_289,,,,,,,,,,,,,,,,,,,,,,,,,,,,,,,,,,,,
GCF_000027345.1;protein_389,,,,,,,,,,,,,,,,,,,,,,,,,,,,,,,,,,,,
GCF_000027345.1;protein_432,,,,,,,,,,,,,,,,,,,,,,,,,,,,,,,,,,,,
GCF_000027345.1;protein_433,,,,,,,,,,,,,,,,,,,,,,,,,,,,,,,,,,,,
GCF_000027345.1;protein_436,,,,,,,,,,,,,,,,,,,,,,,,,,,,,,,,,,,,
GCF_000027345.1;protein_482,,,,,,,,,,,,,,,,,,,,,,,,,,,,,,,,,,,,
GCF_000027345.1;protein_484,,,,,,,,,,,,,,,,,,,,,,,,,,,,,,,,,,,,
GCF_000027345.1;protein_485,,,,,,,,,,,,,,,,,,,,,,,,,,,,,,,,,,,,
GCF_000027345.1;protein_486,,,,,,,,,,,,,,,,,,,,,,,,,,,,,,,,,,,,
GCF_000027345.1;protein_508,,,,,,,,,,,,,,,,,,,,,,,,,,,,,,,,,,,,
GCF_000027345.1;protein_520,,,,,,,,,,,,,,,,,,,,,,,,,,,,,,,,,,,,
GCF_000027345.1;protein_521,,,,,,,,,,,,,,,,,,,,,,,,,,,,,,,,,,,,
GCF_000027345.1;protein_523,,,,,,,,,,,,,,,,,,,,,,,,,,,,,,,,,,,,
GCF_000027345.1;protein_524,,,,,,,,,,,,,,,,,,,,,,,,,,,,,,,,,,,,
GCF_000027345.1;protein_525,,,,,,,,,,,,,,,,,,,,,,,,,,,,,,,,,,,,
GCF_000027345.1;protein_526,,,,,,,,,,,,,,,,,,,,,,,,,,,,,,,,,,,,
GCF_000027345.1;protein_527,,,,,,,,,,,,,,,,,,,,,,,,,,,,,,,,,,,,
GCF_000027345.1;protein_529,,,,,,,,,,,,,,,,,,,,,,,,,,,,,,,,,,,,
GCF_000027345.1;protein_530,,,,,,,,,,,,,,,,,,,,,,,,,,,,,,,,,,,,
GCF_000027345.1;protein_595,,,,,,,,,,,,,,,,,,,,,,,,,,,,,,,,,,,,
GCF_000027345.1;protein_647,,,,,,,,,,,,,,,,,,,,,,,,,,,,,,,,,,,,
GCF_002127985.1;protein_97,,,,,,,,,,,,,,,,,,,,,,,,,,,,,,,,,,,,
GCF_002127985.1;protein_98,,,,,,,,,,,,,,,,,,,,,,,,,,,,,,,,,,,,
GCF_002127985.1;protein_100,,,,,,,,,,,,,,,,,,,,,,,,,,,,,,,,,,,,
GCF_002127985.1;protein_104,,,,,,,,,,,,,,,,,,,,,,,,,,,,,,,,,,,,
GCF_002127985.1;protein_105,,,,,,,,,,,,,,,,,,,,,,,,,,,,,,,,,,,,
GCF_002127985.1;protein_106,,,,,,,,,,,,,,,,,,,,,,,,,,,,,,,,,,,,
GCF_002127985.1;protein_107,,,,,,,,,,,,,,,,,,,,,,,,,,,,,,,,,,,,
GCF_002127985.1;protein_116,,,,,,,,,,,,,,,,,,,,,,,,,,,,,,,,,,,,
GCF_002127985.1;protein_120,,,,,,,,,,,,,,,,,,,,,,,,,,,,,,,,,,,,
GCF_002127985.1;protein_143,,,,,,,,,,,,,,,,,,,,,,,,,,,,,,,,,,,,
GCF_002127985.1;protein_144,,,,,,,,,,,,,,,,,,,,,,,,,,,,,,,,,,,,
GCF_002127985.1;protein_158,,,,,,,,,,,,,,,,,,,,,,,,,,,,,,,,,,,,
GCF_002127985.1;protein_161,,,,,,,,,,,,,,,,,,,,,,,,,,,,,,,,,,,,
GCF_002127985.1;protein_162,,,,,,,,,,,,,,,,,,,,,,,,,,,,,,,,,,,,
GCF_002127985.1;protein_220,,,,,,,,,,,,,,,,,,,,,,,,,,,,,,,,,,,,
GCF_002127985.1;protein_221,,,,,,,,,,,,,,,,,,,,,,,,,,,,,,,,,,,,
GCF_002127985.1;protein_337,,,,,,,,,,,,,,,,,,,,,,,,,,,,,,,,,,,,
GCF_002127985.1;protein_387,,,,,,,,,,,,,,,,,,,,,,,,,,,,,,,,,,,,
GCF_002127985.1;protein_431,,,,,,,,,,,,,,,,,,,,,,,,,,,,,,,,,,,,
GCF_002127985.1;protein_432,,,,,,,,,,,,,,,,,,,,,,,,,,,,,,,,,,,,
GCF_002127985.1;protein_435,,,,,,,,,,,,,,,,,,,,,,,,,,,,,,,,,,,,
GCF_002127985.1;protein_481,,,,,,,,,,,,,,,,,,,,,,,,,,,,,,,,,,,,
GCF_002127985.1;protein_482,,,,,,,,,,,,,,,,,,,,,,,,,,,,,,,,,,,,
GCF_002127985.1;protein_483,,,,,,,,,,,,,,,,,,,,,,,,,,,,,,,,,,,,
GCF_002127985.1;protein_484,,,,,,,,,,,,,,,,,,,,,,,,,,,,,,,,,,,,
GCF_002127985.1;protein_485,,,,,,,,,,,,,,,,,,,,,,,,,,,,,,,,,,,,
GCF_002127985.1;protein_518,,,,,,,,,,,,,,,,,,,,,,,,,,,,,,,,,,,,
GCF_002127985.1;protein_519,,,,,,,,,,,,,,,,,,,,,,,,,,,,,,,,,,,,
GCF_002127985.1;protein_521,,,,,,,,,,,,,,,,,,,,,,,,,,,,,,,,,,,,
GCF_002127985.1;protein_522,,,,,,,,,,,,,,,,,,,,,,,,,,,,,,,,,,,,
GCF_002127985.1;protein_525,,,,,,,,,,,,,,,,,,,,,,,,,,,,,,,,,,,,
GCF_002127985.1;protein_526,,,,,,,,,,,,,,,,,,,,,,,,,,,,,,,,,,,,
GCF_000319655.2;protein_97,,,,,,,,,,,,,,,,,,,,,,,,,,,,,,,,,,,,
GCF_000319655.2;protein_100,,,,,,,,,,,,,,,,,,,,,,,,,,,,,,,,,,,,
GCF_000319655.2;protein_104,,,,,,,,,,,,,,,,,,,,,,,,,,,,,,,,,,,,
GCF_000319655.2;protein_105,,,,,,,,,,,,,,,,,,,,,,,,,,,,,,,,,,,,
GCF_000319655.2;protein_106,,,,,,,,,,,,,,,,,,,,,,,,,,,,,,,,,,,,
GCF_000319655.2;protein_107,,,,,,,,,,,,,,,,,,,,,,,,,,,,,,,,,,,,
GCF_000319655.2;protein_117,,,,,,,,,,,,,,,,,,,,,,,,,,,,,,,,,,,,
GCF_000319655.2;protein_121,,,,,,,,,,,,,,,,,,,,,,,,,,,,,,,,,,,,
GCF_000319655.2;protein_143,,,,,,,,,,,,,,,,,,,,,,,,,,,,,,,,,,,,
GCF_000319655.2;protein_144,,,,,,,,,,,,,,,,,,,,,,,,,,,,,,,,,,,,
GCF_000319655.2;protein_162,,,,,,,,,,,,,,,,,,,,,,,,,,,,,,,,,,,,
GCF_000319655.2;protein_163,,,,,,,,,,,,,,,,,,,,,,,,,,,,,,,,,,,,
GCF_000319655.2;protein_221,,,,,,,,,,,,,,,,,,,,,,,,,,,,,,,,,,,,
GCF_000319655.2;protein_222,,,,,,,,,,,,,,,,,,,,,,,,,,,,,,,,,,,,
GCF_000319655.2;protein_223,,,,,,,,,,,,,,,,,,,,,,,,,,,,,,,,,,,,
GCF_000319655.2;protein_289,,,,,,,,,,,,,,,,,,,,,,,,,,,,,,,,,,,,
GCF_000319655.2;protein_389,,,,,,,,,,,,,,,,,,,,,,,,,,,,,,,,,,,,
GCF_000319655.2;protein_391,,,,,,,,,,,,,,,,,,,,,,,,,,,,,,,,,,,,
GCF_000319655.2;protein_432,,,,,,,,,,,,,,,,,,,,,,,,,,,,,,,,,,,,
GCF_000319655.2;protein_433,,,,,,,,,,,,,,,,,,,,,,,,,,,,,,,,,,,,
GCF_000319655.2;protein_434,,,,,,,,,,,,,,,,,,,,,,,,,,,,,,,,,,,,
GCF_000319655.2;protein_437,,,,,,,,,,,,,,,,,,,,,,,,,,,,,,,,,,,,
GCF_000319655.2;protein_484,,,,,,,,,,,,,,,,,,,,,,,,,,,,,,,,,,,,
GCF_000319655.2;protein_485,,,,,,,,,,,,,,,,,,,,,,,,,,,,,,,,,,,,
GCF_000319655.2;protein_486,,,,,,,,,,,,,,,,,,,,,,,,,,,,,,,,,,,,
GCF_000319655.2;protein_487,,,,,,,,,,,,,,,,,,,,,,,,,,,,,,,,,,,,
GCF_000319655.2;protein_488,,,,,,,,,,,,,,,,,,,,,,,,,,,,,,,,,,,,
GCF_000319655.2;protein_507,,,,,,,,,,,,,,,,,,,,,,,,,,,,,,,,,,,,
GCF_000319655.2;protein_508,,,,,,,,,,,,,,,,,,,,,,,,,,,,,,,,,,,,
GCF_000319655.2;protein_522,,,,,,,,,,,,,,,,,,,,,,,,,,,,,,,,,,,,
GCF_000319655.2;protein_523,,,,,,,,,,,,,,,,,,,,,,,,,,,,,,,,,,,,
GCF_000319655.2;protein_525,,,,,,,,,,,,,,,,,,,,,,,,,,,,,,,,,,,,
GCF_000319655.2;protein_526,,,,,,,,,,,,,,,,,,,,,,,,,,,,,,,,,,,,
GCF_000319655.2;protein_529,,,,,,,,,,,,,,,,,,,,,,,,,,,,,,,,,,,,
GCF_000319655.2;protein_530,,,,,,,,,,,,,,,,,,,,,,,,,,,,,,,,,,,,
GCF_009947575.1;protein_97,,,,,,,,,,,,,,,,,,,,,,,,,,,,,,,,,,,,
GCF_009947575.1;protein_100,,,,,,,,,,,,,,,,,,,,,,,,,,,,,,,,,,,,
GCF_009947575.1;protein_104,,,,,,,,,,,,,,,,,,,,,,,,,,,,,,,,,,,,
GCF_009947575.1;protein_105,,,,,,,,,,,,,,,,,,,,,,,,,,,,,,,,,,,,
GCF_009947575.1;protein_106,,,,,,,,,,,,,,,,,,,,,,,,,,,,,,,,,,,,
GCF_009947575.1;protein_107,,,,,,,,,,,,,,,,,,,,,,,,,,,,,,,,,,,,
GCF_009947575.1;protein_116,,,,,,,,,,,,,,,,,,,,,,,,,,,,,,,,,,,,
GCF_009947575.1;protein_121,,,,,,,,,,,,,,,,,,,,,,,,,,,,,,,,,,,,
GCF_009947575.1;protein_144,,,,,,,,,,,,,,,,,,,,,,,,,,,,,,,,,,,,
GCF_009947575.1;protein_145,,,,,,,,,,,,,,,,,,,,,,,,,,,,,,,,,,,,
GCF_009947575.1;protein_159,,,,,,,,,,,,,,,,,,,,,,,,,,,,,,,,,,,,
GCF_009947575.1;protein_162,,,,,,,,,,,,,,,,,,,,,,,,,,,,,,,,,,,,
GCF_009947575.1;protein_163,,,,,,,,,,,,,,,,,,,,,,,,,,,,,,,,,,,,
GCF_009947575.1;protein_221,,,,,,,,,,,,,,,,,,,,,,,,,,,,,,,,,,,,
GCF_009947575.1;protein_222,,,,,,,,,,,,,,,,,,,,,,,,,,,,,,,,,,,,
GCF_009947575.1;protein_288,,,,,,,,,,,,,,,,,,,,,,,,,,,,,,,,,,,,
GCF_009947575.1;protein_388,,,,,,,,,,,,,,,,,,,,,,,,,,,,,,,,,,,,
GCF_009947575.1;protein_431,,,,,,,,,,,,,,,,,,,,,,,,,,,,,,,,,,,,
GCF_009947575.1;protein_432,,,,,,,,,,,,,,,,,,,,,,,,,,,,,,,,,,,,
GCF_009947575.1;protein_434,,,,,,,,,,,,,,,,,,,,,,,,,,,,,,,,,,,,
GCF_009947575.1;protein_435,,,,,,,,,,,,,,,,,,,,,,,,,,,,,,,,,,,,
GCF_009947575.1;protein_481,,,,,,,,,,,,,,,,,,,,,,,,,,,,,,,,,,,,
GCF_009947575.1;protein_483,,,,,,,,,,,,,,,,,,,,,,,,,,,,,,,,,,,,
GCF_009947575.1;protein_484,,,,,,,,,,,,,,,,,,,,,,,,,,,,,,,,,,,,
GCF_009947575.1;protein_485,,,,,,,,,,,,,,,,,,,,,,,,,,,,,,,,,,,,
GCF_009947575.1;protein_518,,,,,,,,,,,,,,,,,,,,,,,,,,,,,,,,,,,,
GCF_009947575.1;protein_519,,,,,,,,,,,,,,,,,,,,,,,,,,,,,,,,,,,,
GCF_009947575.1;protein_521,,,,,,,,,,,,,,,,,,,,,,,,,,,,,,,,,,,,
GCF_009947575.1;protein_522,,,,,,,,,,,,,,,,,,,,,,,,,,,,,,,,,,,,
GCF_009947575.1;protein_525,,,,,,,,,,,,,,,,,,,,,,,,,,,,,,,,,,,,
GCF_009947575.1;protein_526,,,,,,,,,,,,,,,,,,,,,,,,,,,,,,,,,,,,
GCF_009947575.1;protein_643,,,,,,,,,,,,,,,,,,,,,,,,,,,,,,,,,,,,
GCF_000283755.1;protein_96,,,,,,,,,,,,,,,,,,,,,,,,,,,,,,,,,,,,
GCF_000283755.1;protein_99,,,,,,,,,,,,,,,,,,,,,,,,,,,,,,,,,,,,
GCF_000283755.1;protein_104,,,,,,,,,,,,,,,,,,,,,,,,,,,,,,,,,,,,
GCF_000283755.1;protein_105,,,,,,,,,,,,,,,,,,,,,,,,,,,,,,,,,,,,
GCF_000283755.1;protein_106,,,,,,,,,,,,,,,,,,,,,,,,,,,,,,,,,,,,
GCF_000283755.1;protein_107,,,,,,,,,,,,,,,,,,,,,,,,,,,,,,,,,,,,
GCF_000283755.1;protein_116,,,,,,,,,,,,,,,,,,,,,,,,,,,,,,,,,,,,
GCF_000283755.1;protein_121,,,,,,,,,,,,,,,,,,,,,,,,,,,,,,,,,,,,
GCF_000283755.1;protein_143,,,,,,,,,,,,,,,,,,,,,,,,,,,,,,,,,,,,
GCF_000283755.1;protein_144,,,,,,,,,,,,,,,,,,,,,,,,,,,,,,,,,,,,
GCF_000283755.1;protein_162,,,,,,,,,,,,,,,,,,,,,,,,,,,,,,,,,,,,
GCF_000283755.1;protein_163,,,,,,,,,,,,,,,,,,,,,,,,,,,,,,,,,,,,
GCF_000283755.1;protein_221,,,,,,,,,,,,,,,,,,,,,,,,,,,,,,,,,,,,
GCF_000283755.1;protein_222,,,,,,,,,,,,,,,,,,,,,,,,,,,,,,,,,,,,
GCF_000283755.1;protein_223,,,,,,,,,,,,,,,,,,,,,,,,,,,,,,,,,,,,
GCF_000283755.1;protein_289,,,,,,,,,,,,,,,,,,,,,,,,,,,,,,,,,,,,
GCF_000283755.1;protein_390,,,,,,,,,,,,,,,,,,,,,,,,,,,,,,,,,,,,
GCF_000283755.1;protein_391,,,,,,,,,,,,,,,,,,,,,,,,,,,,,,,,,,,,
GCF_000283755.1;protein_432,,,,,,,,,,,,,,,,,,,,,,,,,,,,,,,,,,,,
GCF_000283755.1;protein_433,,,,,,,,,,,,,,,,,,,,,,,,,,,,,,,,,,,,
GCF_000283755.1;protein_434,,,,,,,,,,,,,,,,,,,,,,,,,,,,,,,,,,,,
GCF_000283755.1;protein_437,,,,,,,,,,,,,,,,,,,,,,,,,,,,,,,,,,,,
GCF_000283755.1;protein_484,,,,,,,,,,,,,,,,,,,,,,,,,,,,,,,,,,,,
GCF_000283755.1;protein_485,,,,,,,,,,,,,,,,,,,,,,,,,,,,,,,,,,,,
GCF_000283755.1;protein_486,,,,,,,,,,,,,,,,,,,,,,,,,,,,,,,,,,,,
GCF_000283755.1;protein_487,,,,,,,,,,,,,,,,,,,,,,,,,,,,,,,,,,,,
GCF_000283755.1;protein_488,,,,,,,,,,,,,,,,,,,,,,,,,,,,,,,,,,,,
GCF_000283755.1;protein_522,,,,,,,,,,,,,,,,,,,,,,,,,,,,,,,,,,,,
GCF_000283755.1;protein_524,,,,,,,,,,,,,,,,,,,,,,,,,,,,,,,,,,,,
GCF_000283755.1;protein_525,,,,,,,,,,,,,,,,,,,,,,,,,,,,,,,,,,,,
GCF_000283755.1;protein_528,,,,,,,,,,,,,,,,,,,,,,,,,,,,,,,,,,,,
GCF_000283755.1;protein_529,,,,,,,,,,,,,,,,,,,,,,,,,,,,,,,,,,,,
GCF_009942155.1;protein_53,,,,,,,,,,,,,,,,,,,,,,,,,,,,,,,,,,,,
GCF_009942155.1;protein_96,,,,,,,,,,,,,,,,,,,,,,,,,,,,,,,,,,,,
GCF_009942155.1;protein_99,,,,,,,,,,,,,,,,,,,,,,,,,,,,,,,,,,,,
GCF_009942155.1;protein_103,,,,,,,,,,,,,,,,,,,,,,,,,,,,,,,,,,,,
GCF_009942155.1;protein_104,,,,,,,,,,,,,,,,,,,,,,,,,,,,,,,,,,,,
GCF_009942155.1;protein_105,,,,,,,,,,,,,,,,,,,,,,,,,,,,,,,,,,,,
GCF_009942155.1;protein_106,,,,,,,,,,,,,,,,,,,,,,,,,,,,,,,,,,,,
GCF_009942155.1;protein_115,,,,,,,,,,,,,,,,,,,,,,,,,,,,,,,,,,,,
GCF_009942155.1;protein_116,,,,,,,,,,,,,,,,,,,,,,,,,,,,,,,,,,,,
GCF_009942155.1;protein_120,,,,,,,,,,,,,,,,,,,,,,,,,,,,,,,,,,,,
GCF_009942155.1;protein_142,,,,,,,,,,,,,,,,,,,,,,,,,,,,,,,,,,,,
GCF_009942155.1;protein_143,,,,,,,,,,,,,,,,,,,,,,,,,,,,,,,,,,,,
GCF_009942155.1;protein_161,,,,,,,,,,,,,,,,,,,,,,,,,,,,,,,,,,,,
GCF_009942155.1;protein_162,,,,,,,,,,,,,,,,,,,,,,,,,,,,,,,,,,,,
GCF_009942155.1;protein_220,,,,,,,,,,,,,,,,,,,,,,,,,,,,,,,,,,,,
GCF_009942155.1;protein_221,,,,,,,,,,,,,,,,,,,,,,,,,,,,,,,,,,,,
GCF_009942155.1;protein_222,,,,,,,,,,,,,,,,,,,,,,,,,,,,,,,,,,,,
GCF_009942155.1;protein_288,,,,,,,,,,,,,,,,,,,,,,,,,,,,,,,,,,,,
GCF_009942155.1;protein_389,,,,,,,,,,,,,,,,,,,,,,,,,,,,,,,,,,,,
GCF_009942155.1;protein_390,,,,,,,,,,,,,,,,,,,,,,,,,,,,,,,,,,,,
GCF_009942155.1;protein_431,,,,,,,,,,,,,,,,,,,,,,,,,,,,,,,,,,,,
GCF_009942155.1;protein_432,,,,,,,,,,,,,,,,,,,,,,,,,,,,,,,,,,,,
GCF_009942155.1;protein_433,,,,,,,,,,,,,,,,,,,,,,,,,,,,,,,,,,,,
GCF_009942155.1;protein_436,,,,,,,,,,,,,,,,,,,,,,,,,,,,,,,,,,,,
GCF_009942155.1;protein_482,,,,,,,,,,,,,,,,,,,,,,,,,,,,,,,,,,,,
GCF_009942155.1;protein_483,,,,,,,,,,,,,,,,,,,,,,,,,,,,,,,,,,,,
GCF_009942155.1;protein_484,,,,,,,,,,,,,,,,,,,,,,,,,,,,,,,,,,,,
GCF_009942155.1;protein_485,,,,,,,,,,,,,,,,,,,,,,,,,,,,,,,,,,,,
GCF_009942155.1;protein_486,,,,,,,,,,,,,,,,,,,,,,,,,,,,,,,,,,,,
GCF_009942155.1;protein_519,,,,,,,,,,,,,,,,,,,,,,,,,,,,,,,,,,,,
GCF_009942155.1;protein_520,,,,,,,,,,,,,,,,,,,,,,,,,,,,,,,,,,,,
GCF_009942155.1;protein_522,,,,,,,,,,,,,,,,,,,,,,,,,,,,,,,,,,,,
GCF_009942155.1;protein_523,,,,,,,,,,,,,,,,,,,,,,,,,,,,,,,,,,,,
GCF_009942155.1;protein_526,,,,,,,,,,,,,,,,,,,,,,,,,,,,,,,,,,,,
GCF_009942155.1;protein_527,,,,,,,,,,,,,,,,,,,,,,,,,,,,,,,,,,,,
GCF_002128285.1;protein_97,,,,,,,,,,,,,,,,,,,,,,,,,,,,,,,,,,,,
GCF_002128285.1;protein_100,,,,,,,,,,,,,,,,,,,,,,,,,,,,,,,,,,,,
GCF_002128285.1;protein_104,,,,,,,,,,,,,,,,,,,,,,,,,,,,,,,,,,,,
GCF_002128285.1;protein_105,,,,,,,,,,,,,,,,,,,,,,,,,,,,,,,,,,,,
GCF_002128285.1;protein_106,,,,,,,,,,,,,,,,,,,,,,,,,,,,,,,,,,,,
GCF_002128285.1;protein_107,,,,,,,,,,,,,,,,,,,,,,,,,,,,,,,,,,,,
GCF_002128285.1;protein_116,,,,,,,,,,,,,,,,,,,,,,,,,,,,,,,,,,,,
GCF_002128285.1;protein_120,,,,,,,,,,,,,,,,,,,,,,,,,,,,,,,,,,,,
GCF_002128285.1;protein_142,,,,,,,,,,,,,,,,,,,,,,,,,,,,,,,,,,,,
GCF_002128285.1;protein_143,,,,,,,,,,,,,,,,,,,,,,,,,,,,,,,,,,,,
GCF_002128285.1;protein_153,,,,,,,,,,,,,,,,,,,,,,,,,,,,,,,,,,,,
GCF_002128285.1;protein_154,,,,,,,,,,,,,,,,,,,,,,,,,,,,,,,,,,,,
GCF_002128285.1;protein_162,,,,,,,,,,,,,,,,,,,,,,,,,,,,,,,,,,,,
GCF_002128285.1;protein_163,,,,,,,,,,,,,,,,,,,,,,,,,,,,,,,,,,,,
GCF_002128285.1;protein_221,,,,,,,,,,,,,,,,,,,,,,,,,,,,,,,,,,,,
GCF_002128285.1;protein_222,,,,,,,,,,,,,,,,,,,,,,,,,,,,,,,,,,,,
GCF_002128285.1;protein_223,,,,,,,,,,,,,,,,,,,,,,,,,,,,,,,,,,,,
GCF_002128285.1;protein_289,,,,,,,,,,,,,,,,,,,,,,,,,,,,,,,,,,,,
GCF_002128285.1;protein_389,,,,,,,,,,,,,,,,,,,,,,,,,,,,,,,,,,,,
GCF_002128285.1;protein_390,,,,,,,,,,,,,,,,,,,,,,,,,,,,,,,,,,,,
GCF_002128285.1;protein_431,,,,,,,,,,,,,,,,,,,,,,,,,,,,,,,,,,,,
GCF_002128285.1;protein_432,,,,,,,,,,,,,,,,,,,,,,,,,,,,,,,,,,,,
GCF_002128285.1;protein_435,,,,,,,,,,,,,,,,,,,,,,,,,,,,,,,,,,,,
GCF_002128285.1;protein_481,,,,,,,,,,,,,,,,,,,,,,,,,,,,,,,,,,,,
GCF_002128285.1;protein_483,,,,,,,,,,,,,,,,,,,,,,,,,,,,,,,,,,,,
GCF_002128285.1;protein_484,,,,,,,,,,,,,,,,,,,,,,,,,,,,,,,,,,,,
GCF_002128285.1;protein_485,,,,,,,,,,,,,,,,,,,,,,,,,,,,,,,,,,,,
GCF_002128285.1;protein_518,,,,,,,,,,,,,,,,,,,,,,,,,,,,,,,,,,,,
GCF_002128285.1;protein_519,,,,,,,,,,,,,,,,,,,,,,,,,,,,,,,,,,,,
GCF_002128285.1;protein_521,,,,,,,,,,,,,,,,,,,,,,,,,,,,,,,,,,,,
GCF_002128285.1;protein_522,,,,,,,,,,,,,,,,,,,,,,,,,,,,,,,,,,,,
GCF_002128285.1;protein_525,,,,,,,,,,,,,,,,,,,,,,,,,,,,,,,,,,,,
GCF_002128285.1;protein_526,,,,,,,,,,,,,,,,,,,,,,,,,,,,,,,,,,,,
GCF_002128285.1;protein_533,,,,,,,,,,,,,,,,,,,,,,,,,,,,,,,,,,,,
GCF_002128285.1;protein_605,,,,,,,,,,,,,,,,,,,,,,,,,,,,,,,,,,,,
GCF_002128045.1;protein_96,,,,,,,,,,,,,,,,,,,,,,,,,,,,,,,,,,,,
GCF_002128045.1;protein_99,,,,,,,,,,,,,,,,,,,,,,,,,,,,,,,,,,,,
GCF_002128045.1;protein_103,,,,,,,,,,,,,,,,,,,,,,,,,,,,,,,,,,,,
GCF_002128045.1;protein_104,,,,,,,,,,,,,,,,,,,,,,,,,,,,,,,,,,,,
GCF_002128045.1;protein_105,,,,,,,,,,,,,,,,,,,,,,,,,,,,,,,,,,,,
GCF_002128045.1;protein_106,,,,,,,,,,,,,,,,,,,,,,,,,,,,,,,,,,,,
GCF_002128045.1;protein_115,,,,,,,,,,,,,,,,,,,,,,,,,,,,,,,,,,,,
GCF_002128045.1;protein_119,,,,,,,,,,,,,,,,,,,,,,,,,,,,,,,,,,,,
GCF_002128045.1;protein_143,,,,,,,,,,,,,,,,,,,,,,,,,,,,,,,,,,,,
GCF_002128045.1;protein_144,,,,,,,,,,,,,,,,,,,,,,,,,,,,,,,,,,,,
GCF_002128045.1;protein_158,,,,,,,,,,,,,,,,,,,,,,,,,,,,,,,,,,,,
GCF_002128045.1;protein_161,,,,,,,,,,,,,,,,,,,,,,,,,,,,,,,,,,,,
GCF_002128045.1;protein_162,,,,,,,,,,,,,,,,,,,,,,,,,,,,,,,,,,,,
GCF_002128045.1;protein_220,,,,,,,,,,,,,,,,,,,,,,,,,,,,,,,,,,,,
GCF_002128045.1;protein_221,,,,,,,,,,,,,,,,,,,,,,,,,,,,,,,,,,,,
GCF_002128045.1;protein_385,,,,,,,,,,,,,,,,,,,,,,,,,,,,,,,,,,,,
GCF_002128045.1;protein_430,,,,,,,,,,,,,,,,,,,,,,,,,,,,,,,,,,,,
GCF_002128045.1;protein_431,,,,,,,,,,,,,,,,,,,,,,,,,,,,,,,,,,,,
GCF_002128045.1;protein_434,,,,,,,,,,,,,,,,,,,,,,,,,,,,,,,,,,,,
GCF_002128045.1;protein_460,,,,,,,,,,,,,,,,,,,,,,,,,,,,,,,,,,,,
GCF_002128045.1;protein_479,,,,,,,,,,,,,,,,,,,,,,,,,,,,,,,,,,,,
GCF_002128045.1;protein_481,,,,,,,,,,,,,,,,,,,,,,,,,,,,,,,,,,,,
GCF_002128045.1;protein_482,,,,,,,,,,,,,,,,,,,,,,,,,,,,,,,,,,,,
GCF_002128045.1;protein_483,,,,,,,,,,,,,,,,,,,,,,,,,,,,,,,,,,,,
GCF_002128045.1;protein_516,,,,,,,,,,,,,,,,,,,,,,,,,,,,,,,,,,,,
GCF_002128045.1;protein_517,,,,,,,,,,,,,,,,,,,,,,,,,,,,,,,,,,,,
GCF_002128045.1;protein_519,,,,,,,,,,,,,,,,,,,,,,,,,,,,,,,,,,,,
GCF_002128045.1;protein_520,,,,,,,,,,,,,,,,,,,,,,,,,,,,,,,,,,,,
GCF_002128045.1;protein_523,,,,,,,,,,,,,,,,,,,,,,,,,,,,,,,,,,,,
GCF_002128045.1;protein_524,,,,,,,,,,,,,,,,,,,,,,,,,,,,,,,,,,,,
GCF_001272755.1;protein_97,,,,,,,,,,,,,,,,,,,,,,,,,,,,,,,,,,,,
GCF_001272755.1;protein_100,,,,,,,,,,,,,,,,,,,,,,,,,,,,,,,,,,,,
GCF_001272755.1;protein_104,,,,,,,,,,,,,,,,,,,,,,,,,,,,,,,,,,,,
GCF_001272755.1;protein_105,,,,,,,,,,,,,,,,,,,,,,,,,,,,,,,,,,,,
GCF_001272755.1;protein_106,,,,,,,,,,,,,,,,,,,,,,,,,,,,,,,,,,,,
GCF_001272755.1;protein_107,,,,,,,,,,,,,,,,,,,,,,,,,,,,,,,,,,,,
GCF_001272755.1;protein_116,,,,,,,,,,,,,,,,,,,,,,,,,,,,,,,,,,,,
GCF_001272755.1;protein_120,,,,,,,,,,,,,,,,,,,,,,,,,,,,,,,,,,,,
GCF_001272755.1;protein_143,,,,,,,,,,,,,,,,,,,,,,,,,,,,,,,,,,,,
GCF_001272755.1;protein_144,,,,,,,,,,,,,,,,,,,,,,,,,,,,,,,,,,,,
GCF_001272755.1;protein_158,,,,,,,,,,,,,,,,,,,,,,,,,,,,,,,,,,,,
GCF_001272755.1;protein_161,,,,,,,,,,,,,,,,,,,,,,,,,,,,,,,,,,,,
GCF_001272755.1;protein_162,,,,,,,,,,,,,,,,,,,,,,,,,,,,,,,,,,,,
GCF_001272755.1;protein_220,,,,,,,,,,,,,,,,,,,,,,,,,,,,,,,,,,,,
GCF_001272755.1;protein_221,,,,,,,,,,,,,,,,,,,,,,,,,,,,,,,,,,,,
GCF_001272755.1;protein_387,,,,,,,,,,,,,,,,,,,,,,,,,,,,,,,,,,,,
GCF_001272755.1;protein_431,,,,,,,,,,,,,,,,,,,,,,,,,,,,,,,,,,,,
GCF_001272755.1;protein_432,,,,,,,,,,,,,,,,,,,,,,,,,,,,,,,,,,,,
GCF_001272755.1;protein_435,,,,,,,,,,,,,,,,,,,,,,,,,,,,,,,,,,,,
GCF_001272755.1;protein_481,,,,,,,,,,,,,,,,,,,,,,,,,,,,,,,,,,,,
GCF_001272755.1;protein_482,,,,,,,,,,,,,,,,,,,,,,,,,,,,,,,,,,,,
GCF_001272755.1;protein_483,,,,,,,,,,,,,,,,,,,,,,,,,,,,,,,,,,,,
GCF_001272755.1;protein_484,,,,,,,,,,,,,,,,,,,,,,,,,,,,,,,,,,,,
GCF_001272755.1;protein_485,,,,,,,,,,,,,,,,,,,,,,,,,,,,,,,,,,,,
GCF_001272755.1;protein_518,,,,,,,,,,,,,,,,,,,,,,,,,,,,,,,,,,,,
GCF_001272755.1;protein_519,,,,,,,,,,,,,,,,,,,,,,,,,,,,,,,,,,,,
GCF_001272755.1;protein_521,,,,,,,,,,,,,,,,,,,,,,,,,,,,,,,,,,,,
GCF_001272755.1;protein_522,,,,,,,,,,,,,,,,,,,,,,,,,,,,,,,,,,,,
GCF_001272755.1;protein_525,,,,,,,,,,,,,,,,,,,,,,,,,,,,,,,,,,,,
GCF_001272755.1;protein_526,,,,,,,,,,,,,,,,,,,,,,,,,,,,,,,,,,,,
GCF_001272755.1;protein_534,,,,,,,,,,,,,,,,,,,,,,,,,,,,,,,,,,,,
GCF_001272755.1;protein_535,,,,,,,,,,,,,,,,,,,,,,,,,,,,,,,,,,,,
GCF_040256845.1;protein_96,,,,,,,,,,,,,,,,,,,,,,,,,,,,,,,,,,,,
GCF_040256845.1;protein_99,,,,,,,,,,,,,,,,,,,,,,,,,,,,,,,,,,,,
GCF_040256845.1;protein_103,,,,,,,,,,,,,,,,,,,,,,,,,,,,,,,,,,,,
GCF_040256845.1;protein_104,,,,,,,,,,,,,,,,,,,,,,,,,,,,,,,,,,,,
GCF_040256845.1;protein_105,,,,,,,,,,,,,,,,,,,,,,,,,,,,,,,,,,,,
GCF_040256845.1;protein_106,,,,,,,,,,,,,,,,,,,,,,,,,,,,,,,,,,,,
GCF_040256845.1;protein_115,,,,,,,,,,,,,,,,,,,,,,,,,,,,,,,,,,,,
GCF_040256845.1;protein_120,,,,,,,,,,,,,,,,,,,,,,,,,,,,,,,,,,,,
GCF_040256845.1;protein_143,,,,,,,,,,,,,,,,,,,,,,,,,,,,,,,,,,,,
GCF_040256845.1;protein_144,,,,,,,,,,,,,,,,,,,,,,,,,,,,,,,,,,,,
GCF_040256845.1;protein_158,,,,,,,,,,,,,,,,,,,,,,,,,,,,,,,,,,,,
GCF_040256845.1;protein_161,,,,,,,,,,,,,,,,,,,,,,,,,,,,,,,,,,,,
GCF_040256845.1;protein_162,,,,,,,,,,,,,,,,,,,,,,,,,,,,,,,,,,,,
GCF_040256845.1;protein_220,,,,,,,,,,,,,,,,,,,,,,,,,,,,,,,,,,,,
GCF_040256845.1;protein_221,,,,,,,,,,,,,,,,,,,,,,,,,,,,,,,,,,,,
GCF_040256845.1;protein_364,,,,,,,,,,,,,,,,,,,,,,,,,,,,,,,,,,,,
GCF_040256845.1;protein_387,,,,,,,,,,,,,,,,,,,,,,,,,,,,,,,,,,,,
GCF_040256845.1;protein_432,,,,,,,,,,,,,,,,,,,,,,,,,,,,,,,,,,,,
GCF_040256845.1;protein_433,,,,,,,,,,,,,,,,,,,,,,,,,,,,,,,,,,,,
GCF_040256845.1;protein_436,,,,,,,,,,,,,,,,,,,,,,,,,,,,,,,,,,,,
GCF_040256845.1;protein_482,,,,,,,,,,,,,,,,,,,,,,,,,,,,,,,,,,,,
GCF_040256845.1;protein_484,,,,,,,,,,,,,,,,,,,,,,,,,,,,,,,,,,,,
GCF_040256845.1;protein_485,,,,,,,,,,,,,,,,,,,,,,,,,,,,,,,,,,,,
GCF_040256845.1;protein_486,,,,,,,,,,,,,,,,,,,,,,,,,,,,,,,,,,,,
GCF_040256845.1;protein_519,,,,,,,,,,,,,,,,,,,,,,,,,,,,,,,,,,,,
GCF_040256845.1;protein_520,,,,,,,,,,,,,,,,,,,,,,,,,,,,,,,,,,,,
GCF_040256845.1;protein_522,,,,,,,,,,,,,,,,,,,,,,,,,,,,,,,,,,,,
GCF_040256845.1;protein_523,,,,,,,,,,,,,,,,,,,,,,,,,,,,,,,,,,,,
GCF_040256845.1;protein_526,,,,,,,,,,,,,,,,,,,,,,,,,,,,,,,,,,,,
GCF_040256845.1;protein_527,,,,,,,,,,,,,,,,,,,,,,,,,,,,,,,,,,,,
GCF_000733995.1;protein_173,,,,,,,,,,,,,,,,,,,,,,,,,,,,,,,,,,,,
GCF_000733995.1;protein_176,,,,,,,,,,,,,,,,,,,,,,,,,,,,,,,,,,,,
GCF_000733995.1;protein_180,,,,,,,,,,,,,,,,,,,,,,,,,,,,,,,,,,,,
GCF_000733995.1;protein_181,,,,,,,,,,,,,,,,,,,,,,,,,,,,,,,,,,,,
GCF_000733995.1;protein_182,,,,,,,,,,,,,,,,,,,,,,,,,,,,,,,,,,,,
GCF_000733995.1;protein_183,,,,,,,,,,,,,,,,,,,,,,,,,,,,,,,,,,,,
GCF_000733995.1;protein_192,,,,,,,,,,,,,,,,,,,,,,,,,,,,,,,,,,,,
GCF_000733995.1;protein_197,,,,,,,,,,,,,,,,,,,,,,,,,,,,,,,,,,,,
GCF_000733995.1;protein_220,,,,,,,,,,,,,,,,,,,,,,,,,,,,,,,,,,,,
GCF_000733995.1;protein_221,,,,,,,,,,,,,,,,,,,,,,,,,,,,,,,,,,,,
GCF_000733995.1;protein_235,,,,,,,,,,,,,,,,,,,,,,,,,,,,,,,,,,,,
GCF_000733995.1;protein_238,,,,,,,,,,,,,,,,,,,,,,,,,,,,,,,,,,,,
GCF_000733995.1;protein_239,,,,,,,,,,,,,,,,,,,,,,,,,,,,,,,,,,,,
GCF_000733995.1;protein_297,,,,,,,,,,,,,,,,,,,,,,,,,,,,,,,,,,,,
GCF_000733995.1;protein_298,,,,,,,,,,,,,,,,,,,,,,,,,,,,,,,,,,,,
GCF_000733995.1;protein_463,,,,,,,,,,,,,,,,,,,,,,,,,,,,,,,,,,,,
GCF_000733995.1;protein_508,,,,,,,,,,,,,,,,,,,,,,,,,,,,,,,,,,,,
GCF_000733995.1;protein_509,,,,,,,,,,,,,,,,,,,,,,,,,,,,,,,,,,,,
GCF_000733995.1;protein_512,,,,,,,,,,,,,,,,,,,,,,,,,,,,,,,,,,,,
GCF_000733995.1;protein_558,,,,,,,,,,,,,,,,,,,,,,,,,,,,,,,,,,,,
GCF_000733995.1;protein_559,,,,,,,,,,,,,,,,,,,,,,,,,,,,,,,,,,,,
GCF_000733995.1;protein_560,,,,,,,,,,,,,,,,,,,,,,,,,,,,,,,,,,,,
GCF_000733995.1;protein_561,,,,,,,,,,,,,,,,,,,,,,,,,,,,,,,,,,,,
GCF_000733995.1;protein_562,,,,,,,,,,,,,,,,,,,,,,,,,,,,,,,,,,,,
GCF_000733995.1;protein_595,,,,,,,,,,,,,,,,,,,,,,,,,,,,,,,,,,,,
GCF_000733995.1;protein_596,,,,,,,,,,,,,,,,,,,,,,,,,,,,,,,,,,,,
GCF_000733995.1;protein_598,,,,,,,,,,,,,,,,,,,,,,,,,,,,,,,,,,,,
GCF_000733995.1;protein_599,,,,,,,,,,,,,,,,,,,,,,,,,,,,,,,,,,,,
GCF_000733995.1;protein_602,,,,,,,,,,,,,,,,,,,,,,,,,,,,,,,,,,,,
GCF_000733995.1;protein_603,,,,,,,,,,,,,,,,,,,,,,,,,,,,,,,,,,,,
GCF_000733995.1;protein_761,,,,,,,,,,,,,,,,,,,,,,,,,,,,,,,,,,,,
GCF_041931755.1;protein_173,,,,,,,,,,,,,,,,,,,,,,,,,,,,,,,,,,,,
GCF_041931755.1;protein_176,,,,,,,,,,,,,,,,,,,,,,,,,,,,,,,,,,,,
GCF_041931755.1;protein_180,,,,,,,,,,,,,,,,,,,,,,,,,,,,,,,,,,,,
GCF_041931755.1;protein_181,,,,,,,,,,,,,,,,,,,,,,,,,,,,,,,,,,,,
GCF_041931755.1;protein_182,,,,,,,,,,,,,,,,,,,,,,,,,,,,,,,,,,,,
GCF_041931755.1;protein_183,,,,,,,,,,,,,,,,,,,,,,,,,,,,,,,,,,,,
GCF_041931755.1;protein_191,,,,,,,,,,,,,,,,,,,,,,,,,,,,,,,,,,,,
GCF_041931755.1;protein_196,,,,,,,,,,,,,,,,,,,,,,,,,,,,,,,,,,,,
GCF_041931755.1;protein_220,,,,,,,,,,,,,,,,,,,,,,,,,,,,,,,,,,,,
GCF_041931755.1;protein_222,,,,,,,,,,,,,,,,,,,,,,,,,,,,,,,,,,,,
GCF_041931755.1;protein_238,,,,,,,,,,,,,,,,,,,,,,,,,,,,,,,,,,,,
GCF_041931755.1;protein_241,,,,,,,,,,,,,,,,,,,,,,,,,,,,,,,,,,,,
GCF_041931755.1;protein_242,,,,,,,,,,,,,,,,,,,,,,,,,,,,,,,,,,,,
GCF_041931755.1;protein_300,,,,,,,,,,,,,,,,,,,,,,,,,,,,,,,,,,,,
GCF_041931755.1;protein_301,,,,,,,,,,,,,,,,,,,,,,,,,,,,,,,,,,,,
GCF_041931755.1;protein_466,,,,,,,,,,,,,,,,,,,,,,,,,,,,,,,,,,,,
GCF_041931755.1;protein_467,,,,,,,,,,,,,,,,,,,,,,,,,,,,,,,,,,,,
GCF_041931755.1;protein_510,,,,,,,,,,,,,,,,,,,,,,,,,,,,,,,,,,,,
GCF_041931755.1;protein_511,,,,,,,,,,,,,,,,,,,,,,,,,,,,,,,,,,,,
GCF_041931755.1;protein_514,,,,,,,,,,,,,,,,,,,,,,,,,,,,,,,,,,,,
GCF_041931755.1;protein_560,,,,,,,,,,,,,,,,,,,,,,,,,,,,,,,,,,,,
GCF_041931755.1;protein_562,,,,,,,,,,,,,,,,,,,,,,,,,,,,,,,,,,,,
GCF_041931755.1;protein_563,,,,,,,,,,,,,,,,,,,,,,,,,,,,,,,,,,,,
GCF_041931755.1;protein_564,,,,,,,,,,,,,,,,,,,,,,,,,,,,,,,,,,,,
GCF_041931755.1;protein_598,,,,,,,,,,,,,,,,,,,,,,,,,,,,,,,,,,,,
GCF_041931755.1;protein_600,,,,,,,,,,,,,,,,,,,,,,,,,,,,,,,,,,,,
GCF_041931755.1;protein_601,,,,,,,,,,,,,,,,,,,,,,,,,,,,,,,,,,,,
GCF_041931755.1;protein_604,,,,,,,,,,,,,,,,,,,,,,,,,,,,,,,,,,,,
GCF_041931755.1;protein_605,,,,,,,,,,,,,,,,,,,,,,,,,,,,,,,,,,,,
GCF_009939765.1;protein_97,,,,,,,,,,,,,,,,,,,,,,,,,,,,,,,,,,,,
GCF_009939765.1;protein_100,,,,,,,,,,,,,,,,,,,,,,,,,,,,,,,,,,,,
GCF_009939765.1;protein_104,,,,,,,,,,,,,,,,,,,,,,,,,,,,,,,,,,,,
GCF_009939765.1;protein_105,,,,,,,,,,,,,,,,,,,,,,,,,,,,,,,,,,,,
GCF_009939765.1;protein_106,,,,,,,,,,,,,,,,,,,,,,,,,,,,,,,,,,,,
GCF_009939765.1;protein_107,,,,,,,,,,,,,,,,,,,,,,,,,,,,,,,,,,,,
GCF_009939765.1;protein_116,,,,,,,,,,,,,,,,,,,,,,,,,,,,,,,,,,,,
GCF_009939765.1;protein_121,,,,,,,,,,,,,,,,,,,,,,,,,,,,,,,,,,,,
GCF_009939765.1;protein_144,,,,,,,,,,,,,,,,,,,,,,,,,,,,,,,,,,,,
GCF_009939765.1;protein_145,,,,,,,,,,,,,,,,,,,,,,,,,,,,,,,,,,,,
GCF_009939765.1;protein_159,,,,,,,,,,,,,,,,,,,,,,,,,,,,,,,,,,,,
GCF_009939765.1;protein_162,,,,,,,,,,,,,,,,,,,,,,,,,,,,,,,,,,,,
GCF_009939765.1;protein_163,,,,,,,,,,,,,,,,,,,,,,,,,,,,,,,,,,,,
GCF_009939765.1;protein_221,,,,,,,,,,,,,,,,,,,,,,,,,,,,,,,,,,,,
GCF_009939765.1;protein_222,,,,,,,,,,,,,,,,,,,,,,,,,,,,,,,,,,,,
GCF_009939765.1;protein_387,,,,,,,,,,,,,,,,,,,,,,,,,,,,,,,,,,,,
GCF_009939765.1;protein_432,,,,,,,,,,,,,,,,,,,,,,,,,,,,,,,,,,,,
GCF_009939765.1;protein_433,,,,,,,,,,,,,,,,,,,,,,,,,,,,,,,,,,,,
GCF_009939765.1;protein_436,,,,,,,,,,,,,,,,,,,,,,,,,,,,,,,,,,,,
GCF_009939765.1;protein_482,,,,,,,,,,,,,,,,,,,,,,,,,,,,,,,,,,,,
GCF_009939765.1;protein_484,,,,,,,,,,,,,,,,,,,,,,,,,,,,,,,,,,,,
GCF_009939765.1;protein_485,,,,,,,,,,,,,,,,,,,,,,,,,,,,,,,,,,,,
GCF_009939765.1;protein_486,,,,,,,,,,,,,,,,,,,,,,,,,,,,,,,,,,,,
GCF_009939765.1;protein_519,,,,,,,,,,,,,,,,,,,,,,,,,,,,,,,,,,,,
GCF_009939765.1;protein_520,,,,,,,,,,,,,,,,,,,,,,,,,,,,,,,,,,,,
GCF_009939765.1;protein_522,,,,,,,,,,,,,,,,,,,,,,,,,,,,,,,,,,,,
GCF_009939765.1;protein_523,,,,,,,,,,,,,,,,,,,,,,,,,,,,,,,,,,,,
GCF_009939765.1;protein_526,,,,,,,,,,,,,,,,,,,,,,,,,,,,,,,,,,,,
GCF_009939765.1;protein_527,,,,,,,,,,,,,,,,,,,,,,,,,,,,,,,,,,,,
GCF_002128265.1;protein_96,,,,,,,,,,,,,,,,,,,,,,,,,,,,,,,,,,,,
GCF_002128265.1;protein_99,,,,,,,,,,,,,,,,,,,,,,,,,,,,,,,,,,,,
GCF_002128265.1;protein_103,,,,,,,,,,,,,,,,,,,,,,,,,,,,,,,,,,,,
GCF_002128265.1;protein_104,,,,,,,,,,,,,,,,,,,,,,,,,,,,,,,,,,,,
GCF_002128265.1;protein_105,,,,,,,,,,,,,,,,,,,,,,,,,,,,,,,,,,,,
GCF_002128265.1;protein_106,,,,,,,,,,,,,,,,,,,,,,,,,,,,,,,,,,,,
GCF_002128265.1;protein_115,,,,,,,,,,,,,,,,,,,,,,,,,,,,,,,,,,,,
GCF_002128265.1;protein_120,,,,,,,,,,,,,,,,,,,,,,,,,,,,,,,,,,,,
GCF_002128265.1;protein_142,,,,,,,,,,,,,,,,,,,,,,,,,,,,,,,,,,,,
GCF_002128265.1;protein_143,,,,,,,,,,,,,,,,,,,,,,,,,,,,,,,,,,,,
GCF_002128265.1;protein_161,,,,,,,,,,,,,,,,,,,,,,,,,,,,,,,,,,,,
GCF_002128265.1;protein_162,,,,,,,,,,,,,,,,,,,,,,,,,,,,,,,,,,,,
GCF_002128265.1;protein_163,,,,,,,,,,,,,,,,,,,,,,,,,,,,,,,,,,,,
GCF_002128265.1;protein_164,,,,,,,,,,,,,,,,,,,,,,,,,,,,,,,,,,,,
GCF_002128265.1;protein_221,,,,,,,,,,,,,,,,,,,,,,,,,,,,,,,,,,,,
GCF_002128265.1;protein_222,,,,,,,,,,,,,,,,,,,,,,,,,,,,,,,,,,,,
GCF_002128265.1;protein_223,,,,,,,,,,,,,,,,,,,,,,,,,,,,,,,,,,,,
GCF_002128265.1;protein_289,,,,,,,,,,,,,,,,,,,,,,,,,,,,,,,,,,,,
GCF_002128265.1;protein_390,,,,,,,,,,,,,,,,,,,,,,,,,,,,,,,,,,,,
GCF_002128265.1;protein_391,,,,,,,,,,,,,,,,,,,,,,,,,,,,,,,,,,,,
GCF_002128265.1;protein_432,,,,,,,,,,,,,,,,,,,,,,,,,,,,,,,,,,,,
GCF_002128265.1;protein_433,,,,,,,,,,,,,,,,,,,,,,,,,,,,,,,,,,,,
GCF_002128265.1;protein_434,,,,,,,,,,,,,,,,,,,,,,,,,,,,,,,,,,,,
GCF_002128265.1;protein_437,,,,,,,,,,,,,,,,,,,,,,,,,,,,,,,,,,,,
GCF_002128265.1;protein_483,,,,,,,,,,,,,,,,,,,,,,,,,,,,,,,,,,,,
GCF_002128265.1;protein_485,,,,,,,,,,,,,,,,,,,,,,,,,,,,,,,,,,,,
GCF_002128265.1;protein_486,,,,,,,,,,,,,,,,,,,,,,,,,,,,,,,,,,,,
GCF_002128265.1;protein_487,,,,,,,,,,,,,,,,,,,,,,,,,,,,,,,,,,,,
GCF_002128265.1;protein_520,,,,,,,,,,,,,,,,,,,,,,,,,,,,,,,,,,,,
GCF_002128265.1;protein_521,,,,,,,,,,,,,,,,,,,,,,,,,,,,,,,,,,,,
GCF_002128265.1;protein_523,,,,,,,,,,,,,,,,,,,,,,,,,,,,,,,,,,,,
GCF_002128265.1;protein_524,,,,,,,,,,,,,,,,,,,,,,,,,,,,,,,,,,,,
GCF_002128265.1;protein_527,,,,,,,,,,,,,,,,,,,,,,,,,,,,,,,,,,,,
GCF_002128265.1;protein_528,,,,,,,,,,,,,,,,,,,,,,,,,,,,,,,,,,,,
GCF_009947205.1;protein_97,,,,,,,,,,,,,,,,,,,,,,,,,,,,,,,,,,,,
GCF_009947205.1;protein_100,,,,,,,,,,,,,,,,,,,,,,,,,,,,,,,,,,,,
GCF_009947205.1;protein_104,,,,,,,,,,,,,,,,,,,,,,,,,,,,,,,,,,,,
GCF_009947205.1;protein_105,,,,,,,,,,,,,,,,,,,,,,,,,,,,,,,,,,,,
GCF_009947205.1;protein_106,,,,,,,,,,,,,,,,,,,,,,,,,,,,,,,,,,,,
GCF_009947205.1;protein_107,,,,,,,,,,,,,,,,,,,,,,,,,,,,,,,,,,,,
GCF_009947205.1;protein_115,,,,,,,,,,,,,,,,,,,,,,,,,,,,,,,,,,,,
GCF_009947205.1;protein_119,,,,,,,,,,,,,,,,,,,,,,,,,,,,,,,,,,,,
GCF_009947205.1;protein_142,,,,,,,,,,,,,,,,,,,,,,,,,,,,,,,,,,,,
GCF_009947205.1;protein_143,,,,,,,,,,,,,,,,,,,,,,,,,,,,,,,,,,,,
GCF_009947205.1;protein_157,,,,,,,,,,,,,,,,,,,,,,,,,,,,,,,,,,,,
GCF_009947205.1;protein_160,,,,,,,,,,,,,,,,,,,,,,,,,,,,,,,,,,,,
GCF_009947205.1;protein_161,,,,,,,,,,,,,,,,,,,,,,,,,,,,,,,,,,,,
GCF_009947205.1;protein_219,,,,,,,,,,,,,,,,,,,,,,,,,,,,,,,,,,,,
GCF_009947205.1;protein_220,,,,,,,,,,,,,,,,,,,,,,,,,,,,,,,,,,,,
GCF_009947205.1;protein_286,,,,,,,,,,,,,,,,,,,,,,,,,,,,,,,,,,,,
GCF_009947205.1;protein_386,,,,,,,,,,,,,,,,,,,,,,,,,,,,,,,,,,,,
GCF_009947205.1;protein_430,,,,,,,,,,,,,,,,,,,,,,,,,,,,,,,,,,,,
GCF_009947205.1;protein_431,,,,,,,,,,,,,,,,,,,,,,,,,,,,,,,,,,,,
GCF_009947205.1;protein_434,,,,,,,,,,,,,,,,,,,,,,,,,,,,,,,,,,,,
GCF_009947205.1;protein_480,,,,,,,,,,,,,,,,,,,,,,,,,,,,,,,,,,,,
GCF_009947205.1;protein_482,,,,,,,,,,,,,,,,,,,,,,,,,,,,,,,,,,,,
GCF_009947205.1;protein_483,,,,,,,,,,,,,,,,,,,,,,,,,,,,,,,,,,,,
GCF_009947205.1;protein_484,,,,,,,,,,,,,,,,,,,,,,,,,,,,,,,,,,,,
GCF_009947205.1;protein_517,,,,,,,,,,,,,,,,,,,,,,,,,,,,,,,,,,,,
GCF_009947205.1;protein_518,,,,,,,,,,,,,,,,,,,,,,,,,,,,,,,,,,,,
GCF_009947205.1;protein_520,,,,,,,,,,,,,,,,,,,,,,,,,,,,,,,,,,,,
GCF_009947205.1;protein_521,,,,,,,,,,,,,,,,,,,,,,,,,,,,,,,,,,,,
GCF_009947205.1;protein_524,,,,,,,,,,,,,,,,,,,,,,,,,,,,,,,,,,,,
GCF_009947205.1;protein_525,,,,,,,,,,,,,,,,,,,,,,,,,,,,,,,,,,,,
GCF_009947205.1;protein_643,,,,,,,,,,,,,,,,,,,,,,,,,,,,,,,,,,,,
GCF_900660465.1;protein_195,,,,,,,,,,,,,,,,,,,,,,,,,,,,,,,,,,,,
GCF_900660465.1;protein_199,,,,,,,,,,,,,,,,,,,,,,,,,,,,,,,,,,,,
GCF_900660465.1;protein_200,,,,,,,,,,,,,,,,,,,,,,,,,,,,,,,,,,,,
GCF_900660465.1;protein_203,,,,,,,,,,,,,,,,,,,,,,,,,,,,,,,,,,,,
GCF_900660465.1;protein_204,,,,,,,,,,,,,,,,,,,,,,,,,,,,,,,,,,,,
GCF_900660465.1;protein_206,,,,,,,,,,,,,,,,,,,,,,,,,,,,,,,,,,,,
GCF_900660465.1;protein_207,,,,,,,,,,,,,,,,,,,,,,,,,,,,,,,,,,,,
GCF_900660465.1;protein_240,,,,,,,,,,,,,,,,,,,,,,,,,,,,,,,,,,,,
GCF_900660465.1;protein_241,,,,,,,,,,,,,,,,,,,,,,,,,,,,,,,,,,,,
GCF_900660465.1;protein_242,,,,,,,,,,,,,,,,,,,,,,,,,,,,,,,,,,,,
GCF_900660465.1;protein_244,,,,,,,,,,,,,,,,,,,,,,,,,,,,,,,,,,,,
GCF_900660465.1;protein_291,,,,,,,,,,,,,,,,,,,,,,,,,,,,,,,,,,,,
GCF_900660465.1;protein_294,,,,,,,,,,,,,,,,,,,,,,,,,,,,,,,,,,,,
GCF_900660465.1;protein_295,,,,,,,,,,,,,,,,,,,,,,,,,,,,,,,,,,,,
GCF_900660465.1;protein_337,,,,,,,,,,,,,,,,,,,,,,,,,,,,,,,,,,,,
GCF_900660465.1;protein_338,,,,,,,,,,,,,,,,,,,,,,,,,,,,,,,,,,,,
GCF_900660465.1;protein_340,,,,,,,,,,,,,,,,,,,,,,,,,,,,,,,,,,,,
GCF_900660465.1;protein_439,,,,,,,,,,,,,,,,,,,,,,,,,,,,,,,,,,,,
GCF_900660465.1;protein_505,,,,,,,,,,,,,,,,,,,,,,,,,,,,,,,,,,,,
GCF_900660465.1;protein_506,,,,,,,,,,,,,,,,,,,,,,,,,,,,,,,,,,,,
GCF_900660465.1;protein_507,,,,,,,,,,,,,,,,,,,,,,,,,,,,,,,,,,,,
GCF_900660465.1;protein_510,,,,,,,,,,,,,,,,,,,,,,,,,,,,,,,,,,,,
GCF_900660465.1;protein_565,,,,,,,,,,,,,,,,,,,,,,,,,,,,,,,,,,,,
GCF_900660465.1;protein_566,,,,,,,,,,,,,,,,,,,,,,,,,,,,,,,,,,,,
GCF_900660465.1;protein_570,,,,,,,,,,,,,,,,,,,,,,,,,,,,,,,,,,,,
GCF_900660465.1;protein_583,,,,,,,,,,,,,,,,,,,,,,,,,,,,,,,,,,,,
GCF_900660465.1;protein_584,,,,,,,,,,,,,,,,,,,,,,,,,,,,,,,,,,,,
GCF_900660465.1;protein_606,,,,,,,,,,,,,,,,,,,,,,,,,,,,,,,,,,,,
GCF_900660465.1;protein_610,,,,,,,,,,,,,,,,,,,,,,,,,,,,,,,,,,,,
GCF_900660465.1;protein_619,,,,,,,,,,,,,,,,,,,,,,,,,,,,,,,,,,,,
GCF_900660465.1;protein_620,,,,,,,,,,,,,,,,,,,,,,,,,,,,,,,,,,,,
GCF_900660465.1;protein_621,,,,,,,,,,,,,,,,,,,,,,,,,,,,,,,,,,,,
GCF_900660465.1;protein_622,,,,,,,,,,,,,,,,,,,,,,,,,,,,,,,,,,,,
GCF_900660465.1;protein_623,,,,,,,,,,,,,,,,,,,,,,,,,,,,,,,,,,,,
GCF_900660465.1;protein_627,,,,,,,,,,,,,,,,,,,,,,,,,,,,,,,,,,,,
GCF_900660465.1;protein_630,,,,,,,,,,,,,,,,,,,,,,,,,,,,,,,,,,,,
GCF_900660465.1;protein_730,,,,,,,,,,,,,,,,,,,,,,,,,,,,,,,,,,,,
GCF_900660465.1;protein_732,,,,,,,,,,,,,,,,,,,,,,,,,,,,,,,,,,,,
GCF_900660465.1;protein_733,,,,,,,,,,,,,,,,,,,,,,,,,,,,,,,,,,,,
GCF_900660465.1;protein_734,,,,,,,,,,,,,,,,,,,,,,,,,,,,,,,,,,,,
GCF_900660465.1;protein_735,,,,,,,,,,,,,,,,,,,,,,,,,,,,,,,,,,,,
GCF_900660465.1;protein_737,,,,,,,,,,,,,,,,,,,,,,,,,,,,,,,,,,,,
GCF_910574535.1;protein_97,,,,,,,,,,,,,,,,,,,,,,,,,,,,,,,,,,,,
GCF_910574535.1;protein_100,,,,,,,,,,,,,,,,,,,,,,,,,,,,,,,,,,,,
GCF_910574535.1;protein_104,,,,,,,,,,,,,,,,,,,,,,,,,,,,,,,,,,,,
GCF_910574535.1;protein_105,,,,,,,,,,,,,,,,,,,,,,,,,,,,,,,,,,,,
GCF_910574535.1;protein_106,,,,,,,,,,,,,,,,,,,,,,,,,,,,,,,,,,,,
GCF_910574535.1;protein_107,,,,,,,,,,,,,,,,,,,,,,,,,,,,,,,,,,,,
GCF_910574535.1;protein_115,,,,,,,,,,,,,,,,,,,,,,,,,,,,,,,,,,,,
GCF_910574535.1;protein_120,,,,,,,,,,,,,,,,,,,,,,,,,,,,,,,,,,,,
GCF_910574535.1;protein_143,,,,,,,,,,,,,,,,,,,,,,,,,,,,,,,,,,,,
GCF_910574535.1;protein_144,,,,,,,,,,,,,,,,,,,,,,,,,,,,,,,,,,,,
GCF_910574535.1;protein_157,,,,,,,,,,,,,,,,,,,,,,,,,,,,,,,,,,,,
GCF_910574535.1;protein_160,,,,,,,,,,,,,,,,,,,,,,,,,,,,,,,,,,,,
GCF_910574535.1;protein_161,,,,,,,,,,,,,,,,,,,,,,,,,,,,,,,,,,,,
GCF_910574535.1;protein_219,,,,,,,,,,,,,,,,,,,,,,,,,,,,,,,,,,,,
GCF_910574535.1;protein_220,,,,,,,,,,,,,,,,,,,,,,,,,,,,,,,,,,,,
GCF_910574535.1;protein_286,,,,,,,,,,,,,,,,,,,,,,,,,,,,,,,,,,,,
GCF_910574535.1;protein_386,,,,,,,,,,,,,,,,,,,,,,,,,,,,,,,,,,,,
GCF_910574535.1;protein_428,,,,,,,,,,,,,,,,,,,,,,,,,,,,,,,,,,,,
GCF_910574535.1;protein_429,,,,,,,,,,,,,,,,,,,,,,,,,,,,,,,,,,,,
GCF_910574535.1;protein_432,,,,,,,,,,,,,,,,,,,,,,,,,,,,,,,,,,,,
GCF_910574535.1;protein_478,,,,,,,,,,,,,,,,,,,,,,,,,,,,,,,,,,,,
GCF_910574535.1;protein_480,,,,,,,,,,,,,,,,,,,,,,,,,,,,,,,,,,,,
GCF_910574535.1;protein_481,,,,,,,,,,,,,,,,,,,,,,,,,,,,,,,,,,,,
GCF_910574535.1;protein_482,,,,,,,,,,,,,,,,,,,,,,,,,,,,,,,,,,,,
GCF_910574535.1;protein_515,,,,,,,,,,,,,,,,,,,,,,,,,,,,,,,,,,,,
GCF_910574535.1;protein_516,,,,,,,,,,,,,,,,,,,,,,,,,,,,,,,,,,,,
GCF_910574535.1;protein_518,,,,,,,,,,,,,,,,,,,,,,,,,,,,,,,,,,,,
GCF_910574535.1;protein_519,,,,,,,,,,,,,,,,,,,,,,,,,,,,,,,,,,,,
GCF_910574535.1;protein_522,,,,,,,,,,,,,,,,,,,,,,,,,,,,,,,,,,,,
GCF_910574535.1;protein_523,,,,,,,,,,,,,,,,,,,,,,,,,,,,,,,,,,,,
GCF_910574535.1;protein_585,,,,,,,,,,,,,,,,,,,,,,,,,,,,,,,,,,,,
GCF_910574535.1;protein_586,,,,,,,,,,,,,,,,,,,,,,,,,,,,,,,,,,,,
GCF_910574535.1;protein_587,,,,,,,,,,,,,,,,,,,,,,,,,,,,,,,,,,,,
GCF_910574535.1;protein_644,,,,,,,,,,,,,,,,,,,,,,,,,,,,,,,,,,,,
GCF_002090215.1;protein_96,,,,,,,,,,,,,,,,,,,,,,,,,,,,,,,,,,,,
GCF_002090215.1;protein_99,,,,,,,,,,,,,,,,,,,,,,,,,,,,,,,,,,,,
GCF_002090215.1;protein_103,,,,,,,,,,,,,,,,,,,,,,,,,,,,,,,,,,,,
GCF_002090215.1;protein_104,,,,,,,,,,,,,,,,,,,,,,,,,,,,,,,,,,,,
GCF_002090215.1;protein_105,,,,,,,,,,,,,,,,,,,,,,,,,,,,,,,,,,,,
GCF_002090215.1;protein_106,,,,,,,,,,,,,,,,,,,,,,,,,,,,,,,,,,,,
GCF_002090215.1;protein_114,,,,,,,,,,,,,,,,,,,,,,,,,,,,,,,,,,,,
GCF_002090215.1;protein_119,,,,,,,,,,,,,,,,,,,,,,,,,,,,,,,,,,,,
GCF_002090215.1;protein_142,,,,,,,,,,,,,,,,,,,,,,,,,,,,,,,,,,,,
GCF_002090215.1;protein_143,,,,,,,,,,,,,,,,,,,,,,,,,,,,,,,,,,,,
GCF_002090215.1;protein_157,,,,,,,,,,,,,,,,,,,,,,,,,,,,,,,,,,,,
GCF_002090215.1;protein_160,,,,,,,,,,,,,,,,,,,,,,,,,,,,,,,,,,,,
GCF_002090215.1;protein_161,,,,,,,,,,,,,,,,,,,,,,,,,,,,,,,,,,,,
GCF_002090215.1;protein_219,,,,,,,,,,,,,,,,,,,,,,,,,,,,,,,,,,,,
GCF_002090215.1;protein_220,,,,,,,,,,,,,,,,,,,,,,,,,,,,,,,,,,,,
GCF_002090215.1;protein_286,,,,,,,,,,,,,,,,,,,,,,,,,,,,,,,,,,,,
GCF_002090215.1;protein_386,,,,,,,,,,,,,,,,,,,,,,,,,,,,,,,,,,,,
GCF_002090215.1;protein_387,,,,,,,,,,,,,,,,,,,,,,,,,,,,,,,,,,,,
GCF_002090215.1;protein_388,,,,,,,,,,,,,,,,,,,,,,,,,,,,,,,,,,,,
GCF_002090215.1;protein_389,,,,,,,,,,,,,,,,,,,,,,,,,,,,,,,,,,,,
GCF_002090215.1;protein_430,,,,,,,,,,,,,,,,,,,,,,,,,,,,,,,,,,,,
GCF_002090215.1;protein_431,,,,,,,,,,,,,,,,,,,,,,,,,,,,,,,,,,,,
GCF_002090215.1;protein_434,,,,,,,,,,,,,,,,,,,,,,,,,,,,,,,,,,,,
GCF_002090215.1;protein_480,,,,,,,,,,,,,,,,,,,,,,,,,,,,,,,,,,,,
GCF_002090215.1;protein_482,,,,,,,,,,,,,,,,,,,,,,,,,,,,,,,,,,,,
GCF_002090215.1;protein_483,,,,,,,,,,,,,,,,,,,,,,,,,,,,,,,,,,,,
GCF_002090215.1;protein_484,,,,,,,,,,,,,,,,,,,,,,,,,,,,,,,,,,,,
GCF_002090215.1;protein_517,,,,,,,,,,,,,,,,,,,,,,,,,,,,,,,,,,,,
GCF_002090215.1;protein_518,,,,,,,,,,,,,,,,,,,,,,,,,,,,,,,,,,,,
GCF_002090215.1;protein_520,,,,,,,,,,,,,,,,,,,,,,,,,,,,,,,,,,,,
GCF_002090215.1;protein_521,,,,,,,,,,,,,,,,,,,,,,,,,,,,,,,,,,,,
GCF_002090215.1;protein_524,,,,,,,,,,,,,,,,,,,,,,,,,,,,,,,,,,,,
GCF_002090215.1;protein_525,,,,,,,,,,,,,,,,,,,,,,,,,,,,,,,,,,,,
GCF_002090215.1;protein_643,,,,,,,,,,,,,,,,,,,,,,,,,,,,,,,,,,,,
GCF_001272775.1;protein_97,,,,,,,,,,,,,,,,,,,,,,,,,,,,,,,,,,,,
GCF_001272775.1;protein_100,,,,,,,,,,,,,,,,,,,,,,,,,,,,,,,,,,,,
GCF_001272775.1;protein_104,,,,,,,,,,,,,,,,,,,,,,,,,,,,,,,,,,,,
GCF_001272775.1;protein_105,,,,,,,,,,,,,,,,,,,,,,,,,,,,,,,,,,,,
GCF_001272775.1;protein_106,,,,,,,,,,,,,,,,,,,,,,,,,,,,,,,,,,,,
GCF_001272775.1;protein_107,,,,,,,,,,,,,,,,,,,,,,,,,,,,,,,,,,,,
GCF_001272775.1;protein_116,,,,,,,,,,,,,,,,,,,,,,,,,,,,,,,,,,,,
GCF_001272775.1;protein_121,,,,,,,,,,,,,,,,,,,,,,,,,,,,,,,,,,,,
GCF_001272775.1;protein_144,,,,,,,,,,,,,,,,,,,,,,,,,,,,,,,,,,,,
GCF_001272775.1;protein_145,,,,,,,,,,,,,,,,,,,,,,,,,,,,,,,,,,,,
GCF_001272775.1;protein_159,,,,,,,,,,,,,,,,,,,,,,,,,,,,,,,,,,,,
GCF_001272775.1;protein_162,,,,,,,,,,,,,,,,,,,,,,,,,,,,,,,,,,,,
GCF_001272775.1;protein_163,,,,,,,,,,,,,,,,,,,,,,,,,,,,,,,,,,,,
GCF_001272775.1;protein_221,,,,,,,,,,,,,,,,,,,,,,,,,,,,,,,,,,,,
GCF_001272775.1;protein_222,,,,,,,,,,,,,,,,,,,,,,,,,,,,,,,,,,,,
GCF_001272775.1;protein_223,,,,,,,,,,,,,,,,,,,,,,,,,,,,,,,,,,,,
GCF_001272775.1;protein_388,,,,,,,,,,,,,,,,,,,,,,,,,,,,,,,,,,,,
GCF_001272775.1;protein_433,,,,,,,,,,,,,,,,,,,,,,,,,,,,,,,,,,,,
GCF_001272775.1;protein_434,,,,,,,,,,,,,,,,,,,,,,,,,,,,,,,,,,,,
GCF_001272775.1;protein_437,,,,,,,,,,,,,,,,,,,,,,,,,,,,,,,,,,,,
GCF_001272775.1;protein_483,,,,,,,,,,,,,,,,,,,,,,,,,,,,,,,,,,,,
GCF_001272775.1;protein_485,,,,,,,,,,,,,,,,,,,,,,,,,,,,,,,,,,,,
GCF_001272775.1;protein_486,,,,,,,,,,,,,,,,,,,,,,,,,,,,,,,,,,,,
GCF_001272775.1;protein_487,,,,,,,,,,,,,,,,,,,,,,,,,,,,,,,,,,,,
GCF_001272775.1;protein_520,,,,,,,,,,,,,,,,,,,,,,,,,,,,,,,,,,,,
GCF_001272775.1;protein_521,,,,,,,,,,,,,,,,,,,,,,,,,,,,,,,,,,,,
GCF_001272775.1;protein_523,,,,,,,,,,,,,,,,,,,,,,,,,,,,,,,,,,,,
GCF_001272775.1;protein_524,,,,,,,,,,,,,,,,,,,,,,,,,,,,,,,,,,,,
GCF_001272775.1;protein_527,,,,,,,,,,,,,,,,,,,,,,,,,,,,,,,,,,,,
GCF_001272775.1;protein_528,,,,,,,,,,,,,,,,,,,,,,,,,,,,,,,,,,,,
GCF_002128145.1;protein_97,,,,,,,,,,,,,,,,,,,,,,,,,,,,,,,,,,,,
GCF_002128145.1;protein_100,,,,,,,,,,,,,,,,,,,,,,,,,,,,,,,,,,,,
GCF_002128145.1;protein_104,,,,,,,,,,,,,,,,,,,,,,,,,,,,,,,,,,,,
GCF_002128145.1;protein_105,,,,,,,,,,,,,,,,,,,,,,,,,,,,,,,,,,,,
GCF_002128145.1;protein_106,,,,,,,,,,,,,,,,,,,,,,,,,,,,,,,,,,,,
GCF_002128145.1;protein_107,,,,,,,,,,,,,,,,,,,,,,,,,,,,,,,,,,,,
GCF_002128145.1;protein_116,,,,,,,,,,,,,,,,,,,,,,,,,,,,,,,,,,,,
GCF_002128145.1;protein_120,,,,,,,,,,,,,,,,,,,,,,,,,,,,,,,,,,,,
GCF_002128145.1;protein_121,,,,,,,,,,,,,,,,,,,,,,,,,,,,,,,,,,,,
GCF_002128145.1;protein_143,,,,,,,,,,,,,,,,,,,,,,,,,,,,,,,,,,,,
GCF_002128145.1;protein_144,,,,,,,,,,,,,,,,,,,,,,,,,,,,,,,,,,,,
GCF_002128145.1;protein_158,,,,,,,,,,,,,,,,,,,,,,,,,,,,,,,,,,,,
GCF_002128145.1;protein_161,,,,,,,,,,,,,,,,,,,,,,,,,,,,,,,,,,,,
GCF_002128145.1;protein_162,,,,,,,,,,,,,,,,,,,,,,,,,,,,,,,,,,,,
GCF_002128145.1;protein_220,,,,,,,,,,,,,,,,,,,,,,,,,,,,,,,,,,,,
GCF_002128145.1;protein_221,,,,,,,,,,,,,,,,,,,,,,,,,,,,,,,,,,,,
GCF_002128145.1;protein_308,,,,,,,,,,,,,,,,,,,,,,,,,,,,,,,,,,,,
GCF_002128145.1;protein_385,,,,,,,,,,,,,,,,,,,,,,,,,,,,,,,,,,,,
GCF_002128145.1;protein_430,,,,,,,,,,,,,,,,,,,,,,,,,,,,,,,,,,,,
GCF_002128145.1;protein_431,,,,,,,,,,,,,,,,,,,,,,,,,,,,,,,,,,,,
GCF_002128145.1;protein_434,,,,,,,,,,,,,,,,,,,,,,,,,,,,,,,,,,,,
GCF_002128145.1;protein_480,,,,,,,,,,,,,,,,,,,,,,,,,,,,,,,,,,,,
GCF_002128145.1;protein_482,,,,,,,,,,,,,,,,,,,,,,,,,,,,,,,,,,,,
GCF_002128145.1;protein_483,,,,,,,,,,,,,,,,,,,,,,,,,,,,,,,,,,,,
GCF_002128145.1;protein_484,,,,,,,,,,,,,,,,,,,,,,,,,,,,,,,,,,,,
GCF_002128145.1;protein_517,,,,,,,,,,,,,,,,,,,,,,,,,,,,,,,,,,,,
GCF_002128145.1;protein_518,,,,,,,,,,,,,,,,,,,,,,,,,,,,,,,,,,,,
GCF_002128145.1;protein_520,,,,,,,,,,,,,,,,,,,,,,,,,,,,,,,,,,,,
GCF_002128145.1;protein_521,,,,,,,,,,,,,,,,,,,,,,,,,,,,,,,,,,,,
GCF_002128145.1;protein_524,,,,,,,,,,,,,,,,,,,,,,,,,,,,,,,,,,,,
GCF_002128145.1;protein_525,,,,,,,,,,,,,,,,,,,,,,,,,,,,,,,,,,,,
GCF_009944335.1;protein_97,,,,,,,,,,,,,,,,,,,,,,,,,,,,,,,,,,,,
GCF_009944335.1;protein_100,,,,,,,,,,,,,,,,,,,,,,,,,,,,,,,,,,,,
GCF_009944335.1;protein_104,,,,,,,,,,,,,,,,,,,,,,,,,,,,,,,,,,,,
GCF_009944335.1;protein_105,,,,,,,,,,,,,,,,,,,,,,,,,,,,,,,,,,,,
GCF_009944335.1;protein_106,,,,,,,,,,,,,,,,,,,,,,,,,,,,,,,,,,,,
GCF_009944335.1;protein_107,,,,,,,,,,,,,,,,,,,,,,,,,,,,,,,,,,,,
GCF_009944335.1;protein_116,,,,,,,,,,,,,,,,,,,,,,,,,,,,,,,,,,,,
GCF_009944335.1;protein_120,,,,,,,,,,,,,,,,,,,,,,,,,,,,,,,,,,,,
GCF_009944335.1;protein_143,,,,,,,,,,,,,,,,,,,,,,,,,,,,,,,,,,,,
GCF_009944335.1;protein_144,,,,,,,,,,,,,,,,,,,,,,,,,,,,,,,,,,,,
GCF_009944335.1;protein_158,,,,,,,,,,,,,,,,,,,,,,,,,,,,,,,,,,,,
GCF_009944335.1;protein_161,,,,,,,,,,,,,,,,,,,,,,,,,,,,,,,,,,,,
GCF_009944335.1;protein_162,,,,,,,,,,,,,,,,,,,,,,,,,,,,,,,,,,,,
GCF_009944335.1;protein_220,,,,,,,,,,,,,,,,,,,,,,,,,,,,,,,,,,,,
GCF_009944335.1;protein_221,,,,,,,,,,,,,,,,,,,,,,,,,,,,,,,,,,,,
GCF_009944335.1;protein_386,,,,,,,,,,,,,,,,,,,,,,,,,,,,,,,,,,,,
GCF_009944335.1;protein_430,,,,,,,,,,,,,,,,,,,,,,,,,,,,,,,,,,,,
GCF_009944335.1;protein_431,,,,,,,,,,,,,,,,,,,,,,,,,,,,,,,,,,,,
GCF_009944335.1;protein_434,,,,,,,,,,,,,,,,,,,,,,,,,,,,,,,,,,,,
GCF_009944335.1;protein_480,,,,,,,,,,,,,,,,,,,,,,,,,,,,,,,,,,,,
GCF_009944335.1;protein_482,,,,,,,,,,,,,,,,,,,,,,,,,,,,,,,,,,,,
GCF_009944335.1;protein_483,,,,,,,,,,,,,,,,,,,,,,,,,,,,,,,,,,,,
GCF_009944335.1;protein_484,,,,,,,,,,,,,,,,,,,,,,,,,,,,,,,,,,,,
GCF_009944335.1;protein_517,,,,,,,,,,,,,,,,,,,,,,,,,,,,,,,,,,,,
GCF_009944335.1;protein_518,,,,,,,,,,,,,,,,,,,,,,,,,,,,,,,,,,,,
GCF_009944335.1;protein_520,,,,,,,,,,,,,,,,,,,,,,,,,,,,,,,,,,,,
GCF_009944335.1;protein_521,,,,,,,,,,,,,,,,,,,,,,,,,,,,,,,,,,,,
GCF_009944335.1;protein_524,,,,,,,,,,,,,,,,,,,,,,,,,,,,,,,,,,,,
GCF_009944335.1;protein_525,,,,,,,,,,,,,,,,,,,,,,,,,,,,,,,,,,,,
GCF_009943805.1;protein_97,,,,,,,,,,,,,,,,,,,,,,,,,,,,,,,,,,,,
GCF_009943805.1;protein_100,,,,,,,,,,,,,,,,,,,,,,,,,,,,,,,,,,,,
GCF_009943805.1;protein_104,,,,,,,,,,,,,,,,,,,,,,,,,,,,,,,,,,,,
GCF_009943805.1;protein_105,,,,,,,,,,,,,,,,,,,,,,,,,,,,,,,,,,,,
GCF_009943805.1;protein_106,,,,,,,,,,,,,,,,,,,,,,,,,,,,,,,,,,,,
GCF_009943805.1;protein_107,,,,,,,,,,,,,,,,,,,,,,,,,,,,,,,,,,,,
GCF_009943805.1;protein_116,,,,,,,,,,,,,,,,,,,,,,,,,,,,,,,,,,,,
GCF_009943805.1;protein_121,,,,,,,,,,,,,,,,,,,,,,,,,,,,,,,,,,,,
GCF_009943805.1;protein_144,,,,,,,,,,,,,,,,,,,,,,,,,,,,,,,,,,,,
GCF_009943805.1;protein_145,,,,,,,,,,,,,,,,,,,,,,,,,,,,,,,,,,,,
GCF_009943805.1;protein_159,,,,,,,,,,,,,,,,,,,,,,,,,,,,,,,,,,,,
GCF_009943805.1;protein_162,,,,,,,,,,,,,,,,,,,,,,,,,,,,,,,,,,,,
GCF_009943805.1;protein_163,,,,,,,,,,,,,,,,,,,,,,,,,,,,,,,,,,,,
GCF_009943805.1;protein_221,,,,,,,,,,,,,,,,,,,,,,,,,,,,,,,,,,,,
GCF_009943805.1;protein_222,,,,,,,,,,,,,,,,,,,,,,,,,,,,,,,,,,,,
GCF_009943805.1;protein_387,,,,,,,,,,,,,,,,,,,,,,,,,,,,,,,,,,,,
GCF_009943805.1;protein_431,,,,,,,,,,,,,,,,,,,,,,,,,,,,,,,,,,,,
GCF_009943805.1;protein_432,,,,,,,,,,,,,,,,,,,,,,,,,,,,,,,,,,,,
GCF_009943805.1;protein_435,,,,,,,,,,,,,,,,,,,,,,,,,,,,,,,,,,,,
GCF_009943805.1;protein_481,,,,,,,,,,,,,,,,,,,,,,,,,,,,,,,,,,,,
GCF_009943805.1;protein_483,,,,,,,,,,,,,,,,,,,,,,,,,,,,,,,,,,,,
GCF_009943805.1;protein_484,,,,,,,,,,,,,,,,,,,,,,,,,,,,,,,,,,,,
GCF_009943805.1;protein_485,,,,,,,,,,,,,,,,,,,,,,,,,,,,,,,,,,,,
GCF_009943805.1;protein_518,,,,,,,,,,,,,,,,,,,,,,,,,,,,,,,,,,,,
GCF_009943805.1;protein_519,,,,,,,,,,,,,,,,,,,,,,,,,,,,,,,,,,,,
GCF_009943805.1;protein_521,,,,,,,,,,,,,,,,,,,,,,,,,,,,,,,,,,,,
GCF_009943805.1;protein_522,,,,,,,,,,,,,,,,,,,,,,,,,,,,,,,,,,,,
GCF_009943805.1;protein_525,,,,,,,,,,,,,,,,,,,,,,,,,,,,,,,,,,,,
GCF_009943805.1;protein_526,,,,,,,,,,,,,,,,,,,,,,,,,,,,,,,,,,,,
